subset,unit,cycle,arm,parameter,is_fault,theta_pct
DS03,13,1,truth,HPT_eff_mod,1,-0.01470474
DS03,13,2,truth,HPT_eff_mod,1,0.009006374
DS03,13,3,truth,HPT_eff_mod,1,0.005698368
DS03,13,4,truth,HPT_eff_mod,1,0.00604821
DS03,13,5,truth,HPT_eff_mod,1,-0.01830394
DS03,13,6,truth,HPT_eff_mod,1,0.006981332
DS03,13,7,truth,HPT_eff_mod,1,-0.02416013
DS03,13,8,truth,HPT_eff_mod,1,-0.02092209
DS03,13,9,truth,HPT_eff_mod,1,0.0009970836
DS03,13,10,truth,HPT_eff_mod,1,-0.02641095
DS03,13,11,truth,HPT_eff_mod,1,-0.002017934
DS03,13,12,truth,HPT_eff_mod,1,-0.03689094
DS03,13,13,truth,HPT_eff_mod,1,-0.0216616
DS03,13,14,truth,HPT_eff_mod,1,-0.02801963
DS03,13,15,truth,HPT_eff_mod,1,-0.01737126
DS03,13,16,truth,HPT_eff_mod,1,-0.01015354
DS03,13,17,truth,HPT_eff_mod,1,-0.01958491
DS03,13,18,truth,HPT_eff_mod,1,-0.02531664
DS03,13,19,truth,HPT_eff_mod,1,-0.05111515
DS03,13,20,truth,HPT_eff_mod,1,-0.02957184
DS03,13,21,truth,HPT_eff_mod,1,-0.03462716
DS03,13,22,truth,HPT_eff_mod,1,-0.04485561
DS03,13,23,truth,HPT_eff_mod,1,-0.03895814
DS03,13,24,truth,HPT_eff_mod,1,-0.03325772
DS03,13,25,truth,HPT_eff_mod,1,-0.03192152
DS03,13,26,truth,HPT_eff_mod,1,-0.04401198
DS03,13,27,truth,HPT_eff_mod,1,-0.03965215
DS03,13,28,truth,HPT_eff_mod,1,-0.04592852
DS03,13,29,truth,HPT_eff_mod,1,-0.05474494
DS03,13,30,truth,HPT_eff_mod,1,-0.06278442
DS03,13,31,truth,HPT_eff_mod,1,-0.07139716
DS03,13,32,truth,HPT_eff_mod,1,-0.07471406
DS03,13,33,truth,HPT_eff_mod,1,-0.07945643
DS03,13,34,truth,HPT_eff_mod,1,-0.09125023
DS03,13,35,truth,HPT_eff_mod,1,-0.0884838
DS03,13,36,truth,HPT_eff_mod,1,-0.07997822
DS03,13,37,truth,HPT_eff_mod,1,-0.102004
DS03,13,38,truth,HPT_eff_mod,1,-0.08688206
DS03,13,39,truth,HPT_eff_mod,1,-0.09888623
DS03,13,40,truth,HPT_eff_mod,1,-0.112275
DS03,13,41,truth,HPT_eff_mod,1,-0.1244357
DS03,13,42,truth,HPT_eff_mod,1,-0.130228
DS03,13,43,truth,HPT_eff_mod,1,-0.1460503
DS03,13,44,truth,HPT_eff_mod,1,-0.1360213
DS03,13,45,truth,HPT_eff_mod,1,-0.1456534
DS03,13,46,truth,HPT_eff_mod,1,-0.1510261
DS03,13,47,truth,HPT_eff_mod,1,-0.1820011
DS03,13,48,truth,HPT_eff_mod,1,-0.1961915
DS03,13,49,truth,HPT_eff_mod,1,-0.200992
DS03,13,50,truth,HPT_eff_mod,1,-0.2137363
DS03,13,51,truth,HPT_eff_mod,1,-0.2185962
DS03,13,52,truth,HPT_eff_mod,1,-0.2120436
DS03,13,53,truth,HPT_eff_mod,1,-0.2364193
DS03,13,54,truth,HPT_eff_mod,1,-0.2356337
DS03,13,55,truth,HPT_eff_mod,1,-0.2834363
DS03,13,56,truth,HPT_eff_mod,1,-0.2661571
DS03,13,57,truth,HPT_eff_mod,1,-0.2977622
DS03,13,58,truth,HPT_eff_mod,1,-0.2991928
DS03,13,59,truth,HPT_eff_mod,1,-0.3174723
DS03,13,60,truth,HPT_eff_mod,1,-0.3517875
DS03,13,61,truth,HPT_eff_mod,1,-0.3510924
DS03,13,62,truth,HPT_eff_mod,1,-0.3840806
DS03,13,63,truth,HPT_eff_mod,1,-0.3812947
DS03,13,64,truth,HPT_eff_mod,1,-0.4123402
DS03,13,65,truth,HPT_eff_mod,1,-0.4350801
DS03,13,66,truth,HPT_eff_mod,1,-0.4483475
DS03,13,67,truth,HPT_eff_mod,1,-0.4800003
DS03,13,68,truth,HPT_eff_mod,1,-0.4943772
DS03,13,69,truth,HPT_eff_mod,1,-0.5221062
DS03,13,70,truth,HPT_eff_mod,1,-0.5713888
DS03,13,71,truth,HPT_eff_mod,1,-0.5731925
DS03,13,72,truth,HPT_eff_mod,1,-0.6150414
DS03,13,73,truth,HPT_eff_mod,1,-0.6393262
DS03,13,74,truth,HPT_eff_mod,1,-0.6600543
DS03,13,75,truth,HPT_eff_mod,1,-0.6924677
DS03,13,76,truth,HPT_eff_mod,1,-0.7342434
DS03,13,77,truth,HPT_eff_mod,1,-0.7749811
DS03,13,1,truth,fan_eff_mod,0,0
DS03,13,2,truth,fan_eff_mod,0,0
DS03,13,3,truth,fan_eff_mod,0,0
DS03,13,4,truth,fan_eff_mod,0,0
DS03,13,5,truth,fan_eff_mod,0,0
DS03,13,6,truth,fan_eff_mod,0,0
DS03,13,7,truth,fan_eff_mod,0,0
DS03,13,8,truth,fan_eff_mod,0,0
DS03,13,9,truth,fan_eff_mod,0,0
DS03,13,10,truth,fan_eff_mod,0,0
DS03,13,11,truth,fan_eff_mod,0,0
DS03,13,12,truth,fan_eff_mod,0,0
DS03,13,13,truth,fan_eff_mod,0,0
DS03,13,14,truth,fan_eff_mod,0,0
DS03,13,15,truth,fan_eff_mod,0,0
DS03,13,16,truth,fan_eff_mod,0,0
DS03,13,17,truth,fan_eff_mod,0,0
DS03,13,18,truth,fan_eff_mod,0,0
DS03,13,19,truth,fan_eff_mod,0,0
DS03,13,20,truth,fan_eff_mod,0,0
DS03,13,21,truth,fan_eff_mod,0,0
DS03,13,22,truth,fan_eff_mod,0,0
DS03,13,23,truth,fan_eff_mod,0,0
DS03,13,24,truth,fan_eff_mod,0,0
DS03,13,25,truth,fan_eff_mod,0,0
DS03,13,26,truth,fan_eff_mod,0,0
DS03,13,27,truth,fan_eff_mod,0,0
DS03,13,28,truth,fan_eff_mod,0,0
DS03,13,29,truth,fan_eff_mod,0,0
DS03,13,30,truth,fan_eff_mod,0,0
DS03,13,31,truth,fan_eff_mod,0,0
DS03,13,32,truth,fan_eff_mod,0,0
DS03,13,33,truth,fan_eff_mod,0,0
DS03,13,34,truth,fan_eff_mod,0,0
DS03,13,35,truth,fan_eff_mod,0,0
DS03,13,36,truth,fan_eff_mod,0,0
DS03,13,37,truth,fan_eff_mod,0,0
DS03,13,38,truth,fan_eff_mod,0,0
DS03,13,39,truth,fan_eff_mod,0,0
DS03,13,40,truth,fan_eff_mod,0,0
DS03,13,41,truth,fan_eff_mod,0,0
DS03,13,42,truth,fan_eff_mod,0,0
DS03,13,43,truth,fan_eff_mod,0,0
DS03,13,44,truth,fan_eff_mod,0,0
DS03,13,45,truth,fan_eff_mod,0,0
DS03,13,46,truth,fan_eff_mod,0,0
DS03,13,47,truth,fan_eff_mod,0,0
DS03,13,48,truth,fan_eff_mod,0,0
DS03,13,49,truth,fan_eff_mod,0,0
DS03,13,50,truth,fan_eff_mod,0,0
DS03,13,51,truth,fan_eff_mod,0,0
DS03,13,52,truth,fan_eff_mod,0,0
DS03,13,53,truth,fan_eff_mod,0,0
DS03,13,54,truth,fan_eff_mod,0,0
DS03,13,55,truth,fan_eff_mod,0,0
DS03,13,56,truth,fan_eff_mod,0,0
DS03,13,57,truth,fan_eff_mod,0,0
DS03,13,58,truth,fan_eff_mod,0,0
DS03,13,59,truth,fan_eff_mod,0,0
DS03,13,60,truth,fan_eff_mod,0,0
DS03,13,61,truth,fan_eff_mod,0,0
DS03,13,62,truth,fan_eff_mod,0,0
DS03,13,63,truth,fan_eff_mod,0,0
DS03,13,64,truth,fan_eff_mod,0,0
DS03,13,65,truth,fan_eff_mod,0,0
DS03,13,66,truth,fan_eff_mod,0,0
DS03,13,67,truth,fan_eff_mod,0,0
DS03,13,68,truth,fan_eff_mod,0,0
DS03,13,69,truth,fan_eff_mod,0,0
DS03,13,70,truth,fan_eff_mod,0,0
DS03,13,71,truth,fan_eff_mod,0,0
DS03,13,72,truth,fan_eff_mod,0,0
DS03,13,73,truth,fan_eff_mod,0,0
DS03,13,74,truth,fan_eff_mod,0,0
DS03,13,75,truth,fan_eff_mod,0,0
DS03,13,76,truth,fan_eff_mod,0,0
DS03,13,77,truth,fan_eff_mod,0,0
DS03,13,1,truth,fan_flow_mod,0,0
DS03,13,2,truth,fan_flow_mod,0,0
DS03,13,3,truth,fan_flow_mod,0,0
DS03,13,4,truth,fan_flow_mod,0,0
DS03,13,5,truth,fan_flow_mod,0,0
DS03,13,6,truth,fan_flow_mod,0,0
DS03,13,7,truth,fan_flow_mod,0,0
DS03,13,8,truth,fan_flow_mod,0,0
DS03,13,9,truth,fan_flow_mod,0,0
DS03,13,10,truth,fan_flow_mod,0,0
DS03,13,11,truth,fan_flow_mod,0,0
DS03,13,12,truth,fan_flow_mod,0,0
DS03,13,13,truth,fan_flow_mod,0,0
DS03,13,14,truth,fan_flow_mod,0,0
DS03,13,15,truth,fan_flow_mod,0,0
DS03,13,16,truth,fan_flow_mod,0,0
DS03,13,17,truth,fan_flow_mod,0,0
DS03,13,18,truth,fan_flow_mod,0,0
DS03,13,19,truth,fan_flow_mod,0,0
DS03,13,20,truth,fan_flow_mod,0,0
DS03,13,21,truth,fan_flow_mod,0,0
DS03,13,22,truth,fan_flow_mod,0,0
DS03,13,23,truth,fan_flow_mod,0,0
DS03,13,24,truth,fan_flow_mod,0,0
DS03,13,25,truth,fan_flow_mod,0,0
DS03,13,26,truth,fan_flow_mod,0,0
DS03,13,27,truth,fan_flow_mod,0,0
DS03,13,28,truth,fan_flow_mod,0,0
DS03,13,29,truth,fan_flow_mod,0,0
DS03,13,30,truth,fan_flow_mod,0,0
DS03,13,31,truth,fan_flow_mod,0,0
DS03,13,32,truth,fan_flow_mod,0,0
DS03,13,33,truth,fan_flow_mod,0,0
DS03,13,34,truth,fan_flow_mod,0,0
DS03,13,35,truth,fan_flow_mod,0,0
DS03,13,36,truth,fan_flow_mod,0,0
DS03,13,37,truth,fan_flow_mod,0,0
DS03,13,38,truth,fan_flow_mod,0,0
DS03,13,39,truth,fan_flow_mod,0,0
DS03,13,40,truth,fan_flow_mod,0,0
DS03,13,41,truth,fan_flow_mod,0,0
DS03,13,42,truth,fan_flow_mod,0,0
DS03,13,43,truth,fan_flow_mod,0,0
DS03,13,44,truth,fan_flow_mod,0,0
DS03,13,45,truth,fan_flow_mod,0,0
DS03,13,46,truth,fan_flow_mod,0,0
DS03,13,47,truth,fan_flow_mod,0,0
DS03,13,48,truth,fan_flow_mod,0,0
DS03,13,49,truth,fan_flow_mod,0,0
DS03,13,50,truth,fan_flow_mod,0,0
DS03,13,51,truth,fan_flow_mod,0,0
DS03,13,52,truth,fan_flow_mod,0,0
DS03,13,53,truth,fan_flow_mod,0,0
DS03,13,54,truth,fan_flow_mod,0,0
DS03,13,55,truth,fan_flow_mod,0,0
DS03,13,56,truth,fan_flow_mod,0,0
DS03,13,57,truth,fan_flow_mod,0,0
DS03,13,58,truth,fan_flow_mod,0,0
DS03,13,59,truth,fan_flow_mod,0,0
DS03,13,60,truth,fan_flow_mod,0,0
DS03,13,61,truth,fan_flow_mod,0,0
DS03,13,62,truth,fan_flow_mod,0,0
DS03,13,63,truth,fan_flow_mod,0,0
DS03,13,64,truth,fan_flow_mod,0,0
DS03,13,65,truth,fan_flow_mod,0,0
DS03,13,66,truth,fan_flow_mod,0,0
DS03,13,67,truth,fan_flow_mod,0,0
DS03,13,68,truth,fan_flow_mod,0,0
DS03,13,69,truth,fan_flow_mod,0,0
DS03,13,70,truth,fan_flow_mod,0,0
DS03,13,71,truth,fan_flow_mod,0,0
DS03,13,72,truth,fan_flow_mod,0,0
DS03,13,73,truth,fan_flow_mod,0,0
DS03,13,74,truth,fan_flow_mod,0,0
DS03,13,75,truth,fan_flow_mod,0,0
DS03,13,76,truth,fan_flow_mod,0,0
DS03,13,77,truth,fan_flow_mod,0,0
DS03,13,1,truth,HPC_eff_mod,0,0
DS03,13,2,truth,HPC_eff_mod,0,0
DS03,13,3,truth,HPC_eff_mod,0,0
DS03,13,4,truth,HPC_eff_mod,0,0
DS03,13,5,truth,HPC_eff_mod,0,0
DS03,13,6,truth,HPC_eff_mod,0,0
DS03,13,7,truth,HPC_eff_mod,0,0
DS03,13,8,truth,HPC_eff_mod,0,0
DS03,13,9,truth,HPC_eff_mod,0,0
DS03,13,10,truth,HPC_eff_mod,0,0
DS03,13,11,truth,HPC_eff_mod,0,0
DS03,13,12,truth,HPC_eff_mod,0,0
DS03,13,13,truth,HPC_eff_mod,0,0
DS03,13,14,truth,HPC_eff_mod,0,0
DS03,13,15,truth,HPC_eff_mod,0,0
DS03,13,16,truth,HPC_eff_mod,0,0
DS03,13,17,truth,HPC_eff_mod,0,0
DS03,13,18,truth,HPC_eff_mod,0,0
DS03,13,19,truth,HPC_eff_mod,0,0
DS03,13,20,truth,HPC_eff_mod,0,0
DS03,13,21,truth,HPC_eff_mod,0,0
DS03,13,22,truth,HPC_eff_mod,0,0
DS03,13,23,truth,HPC_eff_mod,0,0
DS03,13,24,truth,HPC_eff_mod,0,0
DS03,13,25,truth,HPC_eff_mod,0,0
DS03,13,26,truth,HPC_eff_mod,0,0
DS03,13,27,truth,HPC_eff_mod,0,0
DS03,13,28,truth,HPC_eff_mod,0,0
DS03,13,29,truth,HPC_eff_mod,0,0
DS03,13,30,truth,HPC_eff_mod,0,0
DS03,13,31,truth,HPC_eff_mod,0,0
DS03,13,32,truth,HPC_eff_mod,0,0
DS03,13,33,truth,HPC_eff_mod,0,0
DS03,13,34,truth,HPC_eff_mod,0,0
DS03,13,35,truth,HPC_eff_mod,0,0
DS03,13,36,truth,HPC_eff_mod,0,0
DS03,13,37,truth,HPC_eff_mod,0,0
DS03,13,38,truth,HPC_eff_mod,0,0
DS03,13,39,truth,HPC_eff_mod,0,0
DS03,13,40,truth,HPC_eff_mod,0,0
DS03,13,41,truth,HPC_eff_mod,0,0
DS03,13,42,truth,HPC_eff_mod,0,0
DS03,13,43,truth,HPC_eff_mod,0,0
DS03,13,44,truth,HPC_eff_mod,0,0
DS03,13,45,truth,HPC_eff_mod,0,0
DS03,13,46,truth,HPC_eff_mod,0,0
DS03,13,47,truth,HPC_eff_mod,0,0
DS03,13,48,truth,HPC_eff_mod,0,0
DS03,13,49,truth,HPC_eff_mod,0,0
DS03,13,50,truth,HPC_eff_mod,0,0
DS03,13,51,truth,HPC_eff_mod,0,0
DS03,13,52,truth,HPC_eff_mod,0,0
DS03,13,53,truth,HPC_eff_mod,0,0
DS03,13,54,truth,HPC_eff_mod,0,0
DS03,13,55,truth,HPC_eff_mod,0,0
DS03,13,56,truth,HPC_eff_mod,0,0
DS03,13,57,truth,HPC_eff_mod,0,0
DS03,13,58,truth,HPC_eff_mod,0,0
DS03,13,59,truth,HPC_eff_mod,0,0
DS03,13,60,truth,HPC_eff_mod,0,0
DS03,13,61,truth,HPC_eff_mod,0,0
DS03,13,62,truth,HPC_eff_mod,0,0
DS03,13,63,truth,HPC_eff_mod,0,0
DS03,13,64,truth,HPC_eff_mod,0,0
DS03,13,65,truth,HPC_eff_mod,0,0
DS03,13,66,truth,HPC_eff_mod,0,0
DS03,13,67,truth,HPC_eff_mod,0,0
DS03,13,68,truth,HPC_eff_mod,0,0
DS03,13,69,truth,HPC_eff_mod,0,0
DS03,13,70,truth,HPC_eff_mod,0,0
DS03,13,71,truth,HPC_eff_mod,0,0
DS03,13,72,truth,HPC_eff_mod,0,0
DS03,13,73,truth,HPC_eff_mod,0,0
DS03,13,74,truth,HPC_eff_mod,0,0
DS03,13,75,truth,HPC_eff_mod,0,0
DS03,13,76,truth,HPC_eff_mod,0,0
DS03,13,77,truth,HPC_eff_mod,0,0
DS03,13,1,truth,HPC_flow_mod,0,0
DS03,13,2,truth,HPC_flow_mod,0,0
DS03,13,3,truth,HPC_flow_mod,0,0
DS03,13,4,truth,HPC_flow_mod,0,0
DS03,13,5,truth,HPC_flow_mod,0,0
DS03,13,6,truth,HPC_flow_mod,0,0
DS03,13,7,truth,HPC_flow_mod,0,0
DS03,13,8,truth,HPC_flow_mod,0,0
DS03,13,9,truth,HPC_flow_mod,0,0
DS03,13,10,truth,HPC_flow_mod,0,0
DS03,13,11,truth,HPC_flow_mod,0,0
DS03,13,12,truth,HPC_flow_mod,0,0
DS03,13,13,truth,HPC_flow_mod,0,0
DS03,13,14,truth,HPC_flow_mod,0,0
DS03,13,15,truth,HPC_flow_mod,0,0
DS03,13,16,truth,HPC_flow_mod,0,0
DS03,13,17,truth,HPC_flow_mod,0,0
DS03,13,18,truth,HPC_flow_mod,0,0
DS03,13,19,truth,HPC_flow_mod,0,0
DS03,13,20,truth,HPC_flow_mod,0,0
DS03,13,21,truth,HPC_flow_mod,0,0
DS03,13,22,truth,HPC_flow_mod,0,0
DS03,13,23,truth,HPC_flow_mod,0,0
DS03,13,24,truth,HPC_flow_mod,0,0
DS03,13,25,truth,HPC_flow_mod,0,0
DS03,13,26,truth,HPC_flow_mod,0,0
DS03,13,27,truth,HPC_flow_mod,0,0
DS03,13,28,truth,HPC_flow_mod,0,0
DS03,13,29,truth,HPC_flow_mod,0,0
DS03,13,30,truth,HPC_flow_mod,0,0
DS03,13,31,truth,HPC_flow_mod,0,0
DS03,13,32,truth,HPC_flow_mod,0,0
DS03,13,33,truth,HPC_flow_mod,0,0
DS03,13,34,truth,HPC_flow_mod,0,0
DS03,13,35,truth,HPC_flow_mod,0,0
DS03,13,36,truth,HPC_flow_mod,0,0
DS03,13,37,truth,HPC_flow_mod,0,0
DS03,13,38,truth,HPC_flow_mod,0,0
DS03,13,39,truth,HPC_flow_mod,0,0
DS03,13,40,truth,HPC_flow_mod,0,0
DS03,13,41,truth,HPC_flow_mod,0,0
DS03,13,42,truth,HPC_flow_mod,0,0
DS03,13,43,truth,HPC_flow_mod,0,0
DS03,13,44,truth,HPC_flow_mod,0,0
DS03,13,45,truth,HPC_flow_mod,0,0
DS03,13,46,truth,HPC_flow_mod,0,0
DS03,13,47,truth,HPC_flow_mod,0,0
DS03,13,48,truth,HPC_flow_mod,0,0
DS03,13,49,truth,HPC_flow_mod,0,0
DS03,13,50,truth,HPC_flow_mod,0,0
DS03,13,51,truth,HPC_flow_mod,0,0
DS03,13,52,truth,HPC_flow_mod,0,0
DS03,13,53,truth,HPC_flow_mod,0,0
DS03,13,54,truth,HPC_flow_mod,0,0
DS03,13,55,truth,HPC_flow_mod,0,0
DS03,13,56,truth,HPC_flow_mod,0,0
DS03,13,57,truth,HPC_flow_mod,0,0
DS03,13,58,truth,HPC_flow_mod,0,0
DS03,13,59,truth,HPC_flow_mod,0,0
DS03,13,60,truth,HPC_flow_mod,0,0
DS03,13,61,truth,HPC_flow_mod,0,0
DS03,13,62,truth,HPC_flow_mod,0,0
DS03,13,63,truth,HPC_flow_mod,0,0
DS03,13,64,truth,HPC_flow_mod,0,0
DS03,13,65,truth,HPC_flow_mod,0,0
DS03,13,66,truth,HPC_flow_mod,0,0
DS03,13,67,truth,HPC_flow_mod,0,0
DS03,13,68,truth,HPC_flow_mod,0,0
DS03,13,69,truth,HPC_flow_mod,0,0
DS03,13,70,truth,HPC_flow_mod,0,0
DS03,13,71,truth,HPC_flow_mod,0,0
DS03,13,72,truth,HPC_flow_mod,0,0
DS03,13,73,truth,HPC_flow_mod,0,0
DS03,13,74,truth,HPC_flow_mod,0,0
DS03,13,75,truth,HPC_flow_mod,0,0
DS03,13,76,truth,HPC_flow_mod,0,0
DS03,13,77,truth,HPC_flow_mod,0,0
DS03,13,1,truth,LPT_eff_mod,1,-0.002177481
DS03,13,2,truth,LPT_eff_mod,1,0.008334391
DS03,13,3,truth,LPT_eff_mod,1,-0.006156909
DS03,13,4,truth,LPT_eff_mod,1,-0.02844818
DS03,13,5,truth,LPT_eff_mod,1,-0.006149454
DS03,13,6,truth,LPT_eff_mod,1,-0.03149593
DS03,13,7,truth,LPT_eff_mod,1,-0.005883874
DS03,13,8,truth,LPT_eff_mod,1,-0.03328298
DS03,13,9,truth,LPT_eff_mod,1,-0.001249567
DS03,13,10,truth,LPT_eff_mod,1,-0.004347817
DS03,13,11,truth,LPT_eff_mod,1,-0.02299321
DS03,13,12,truth,LPT_eff_mod,1,-0.04474919
DS03,13,13,truth,LPT_eff_mod,1,-0.04539657
DS03,13,14,truth,LPT_eff_mod,1,-0.03201481
DS03,13,15,truth,LPT_eff_mod,1,-0.04625483
DS03,13,16,truth,LPT_eff_mod,1,-0.02900453
DS03,13,17,truth,LPT_eff_mod,1,-0.03936952
DS03,13,18,truth,LPT_eff_mod,1,-0.02323403
DS03,13,19,truth,LPT_eff_mod,1,-0.06465396
DS03,13,20,truth,LPT_eff_mod,1,-0.05394511
DS03,13,21,truth,LPT_eff_mod,1,-0.07605356
DS03,13,22,truth,LPT_eff_mod,1,-0.05539463
DS03,13,23,truth,LPT_eff_mod,1,-0.07141577
DS03,13,24,truth,LPT_eff_mod,1,-0.07415774
DS03,13,25,truth,LPT_eff_mod,1,-0.08876163
DS03,13,26,truth,LPT_eff_mod,1,-0.09821423
DS03,13,27,truth,LPT_eff_mod,1,-0.102159
DS03,13,28,truth,LPT_eff_mod,1,-0.1030656
DS03,13,29,truth,LPT_eff_mod,1,-0.1058118
DS03,13,30,truth,LPT_eff_mod,1,-0.1121795
DS03,13,31,truth,LPT_eff_mod,1,-0.1148277
DS03,13,32,truth,LPT_eff_mod,1,-0.1195373
DS03,13,33,truth,LPT_eff_mod,1,-0.1449728
DS03,13,34,truth,LPT_eff_mod,1,-0.1671647
DS03,13,35,truth,LPT_eff_mod,1,-0.17107
DS03,13,36,truth,LPT_eff_mod,1,-0.1782255
DS03,13,37,truth,LPT_eff_mod,1,-0.1847945
DS03,13,38,truth,LPT_eff_mod,1,-0.1831145
DS03,13,39,truth,LPT_eff_mod,1,-0.2139159
DS03,13,40,truth,LPT_eff_mod,1,-0.207973
DS03,13,41,truth,LPT_eff_mod,1,-0.2380495
DS03,13,42,truth,LPT_eff_mod,1,-0.2398941
DS03,13,43,truth,LPT_eff_mod,1,-0.2798597
DS03,13,44,truth,LPT_eff_mod,1,-0.3045626
DS03,13,45,truth,LPT_eff_mod,1,-0.2882279
DS03,13,46,truth,LPT_eff_mod,1,-0.330323
DS03,13,47,truth,LPT_eff_mod,1,-0.3229643
DS03,13,48,truth,LPT_eff_mod,1,-0.3636985
DS03,13,49,truth,LPT_eff_mod,1,-0.3945665
DS03,13,50,truth,LPT_eff_mod,1,-0.4122893
DS03,13,51,truth,LPT_eff_mod,1,-0.4306375
DS03,13,52,truth,LPT_eff_mod,1,-0.4505711
DS03,13,53,truth,LPT_eff_mod,1,-0.4810883
DS03,13,54,truth,LPT_eff_mod,1,-0.5263019
DS03,13,55,truth,LPT_eff_mod,1,-0.5287179
DS03,13,56,truth,LPT_eff_mod,1,-0.5993609
DS03,13,57,truth,LPT_eff_mod,1,-0.6110043
DS03,13,58,truth,LPT_eff_mod,1,-0.6596485
DS03,13,59,truth,LPT_eff_mod,1,-0.7193756
DS03,13,60,truth,LPT_eff_mod,1,-0.7593485
DS03,13,61,truth,LPT_eff_mod,1,-0.8083207
DS03,13,62,truth,LPT_eff_mod,1,-0.8596773
DS03,13,63,truth,LPT_eff_mod,1,-0.9260008
DS03,13,64,truth,LPT_eff_mod,1,-0.9518918
DS03,13,65,truth,LPT_eff_mod,1,-1.027888
DS03,13,66,truth,LPT_eff_mod,1,-1.089676
DS03,13,67,truth,LPT_eff_mod,1,-1.153753
DS03,13,68,truth,LPT_eff_mod,1,-1.224244
DS03,13,69,truth,LPT_eff_mod,1,-1.301293
DS03,13,70,truth,LPT_eff_mod,1,-1.383848
DS03,13,71,truth,LPT_eff_mod,1,-1.472076
DS03,13,72,truth,LPT_eff_mod,1,-1.572496
DS03,13,73,truth,LPT_eff_mod,1,-1.657586
DS03,13,74,truth,LPT_eff_mod,1,-1.779396
DS03,13,75,truth,LPT_eff_mod,1,-1.901726
DS03,13,76,truth,LPT_eff_mod,1,-2.01019
DS03,13,77,truth,LPT_eff_mod,1,-2.134306
DS03,13,1,truth,LPT_flow_mod,1,-0.005833736
DS03,13,2,truth,LPT_flow_mod,1,0.01137821
DS03,13,3,truth,LPT_flow_mod,1,-0.005544472
DS03,13,4,truth,LPT_flow_mod,1,-0.01437076
DS03,13,5,truth,LPT_flow_mod,1,-0.005296971
DS03,13,6,truth,LPT_flow_mod,1,-0.004168228
DS03,13,7,truth,LPT_flow_mod,1,-0.0004351224
DS03,13,8,truth,LPT_flow_mod,1,-0.0209526
DS03,13,9,truth,LPT_flow_mod,1,-0.02124402
DS03,13,10,truth,LPT_flow_mod,1,-0.01095195
DS03,13,11,truth,LPT_flow_mod,1,-0.03253112
DS03,13,12,truth,LPT_flow_mod,1,-0.03319373
DS03,13,13,truth,LPT_flow_mod,1,-0.008240843
DS03,13,14,truth,LPT_flow_mod,1,-0.01531292
DS03,13,15,truth,LPT_flow_mod,1,-0.03031295
DS03,13,16,truth,LPT_flow_mod,1,-0.04700962
DS03,13,17,truth,LPT_flow_mod,1,-0.01088698
DS03,13,18,truth,LPT_flow_mod,1,-0.04243238
DS03,13,19,truth,LPT_flow_mod,1,-0.05424158
DS03,13,20,truth,LPT_flow_mod,1,-0.04000868
DS03,13,21,truth,LPT_flow_mod,1,-0.01245605
DS03,13,22,truth,LPT_flow_mod,1,-0.0559172
DS03,13,23,truth,LPT_flow_mod,1,-0.03658565
DS03,13,24,truth,LPT_flow_mod,1,-0.07714203
DS03,13,25,truth,LPT_flow_mod,1,-0.05762567
DS03,13,26,truth,LPT_flow_mod,1,-0.08829375
DS03,13,27,truth,LPT_flow_mod,1,-0.07360685
DS03,13,28,truth,LPT_flow_mod,1,-0.05922239
DS03,13,29,truth,LPT_flow_mod,1,-0.09718984
DS03,13,30,truth,LPT_flow_mod,1,-0.07120857
DS03,13,31,truth,LPT_flow_mod,1,-0.06717843
DS03,13,32,truth,LPT_flow_mod,1,-0.08178564
DS03,13,33,truth,LPT_flow_mod,1,-0.1185352
DS03,13,34,truth,LPT_flow_mod,1,-0.1082626
DS03,13,35,truth,LPT_flow_mod,1,-0.08085765
DS03,13,36,truth,LPT_flow_mod,1,-0.07886308
DS03,13,37,truth,LPT_flow_mod,1,-0.07506726
DS03,13,38,truth,LPT_flow_mod,1,-0.1066697
DS03,13,39,truth,LPT_flow_mod,1,-0.07281169
DS03,13,40,truth,LPT_flow_mod,1,-0.140813
DS03,13,41,truth,LPT_flow_mod,1,-0.1042092
DS03,13,42,truth,LPT_flow_mod,1,-0.1396326
DS03,13,43,truth,LPT_flow_mod,1,-0.1711141
DS03,13,44,truth,LPT_flow_mod,1,-0.1632144
DS03,13,45,truth,LPT_flow_mod,1,-0.1528826
DS03,13,46,truth,LPT_flow_mod,1,-0.1450489
DS03,13,47,truth,LPT_flow_mod,1,-0.2150576
DS03,13,48,truth,LPT_flow_mod,1,-0.2061919
DS03,13,49,truth,LPT_flow_mod,1,-0.1515473
DS03,13,50,truth,LPT_flow_mod,1,-0.2546202
DS03,13,51,truth,LPT_flow_mod,1,-0.2130031
DS03,13,52,truth,LPT_flow_mod,1,-0.1993206
DS03,13,53,truth,LPT_flow_mod,1,-0.2052992
DS03,13,54,truth,LPT_flow_mod,1,-0.2020595
DS03,13,55,truth,LPT_flow_mod,1,-0.2764133
DS03,13,56,truth,LPT_flow_mod,1,-0.2399495
DS03,13,57,truth,LPT_flow_mod,1,-0.2693125
DS03,13,58,truth,LPT_flow_mod,1,-0.2876721
DS03,13,59,truth,LPT_flow_mod,1,-0.2653782
DS03,13,60,truth,LPT_flow_mod,1,-0.2557862
DS03,13,61,truth,LPT_flow_mod,1,-0.2812765
DS03,13,62,truth,LPT_flow_mod,1,-0.276941
DS03,13,63,truth,LPT_flow_mod,1,-0.3339856
DS03,13,64,truth,LPT_flow_mod,1,-0.3260544
DS03,13,65,truth,LPT_flow_mod,1,-0.3629744
DS03,13,66,truth,LPT_flow_mod,1,-0.3829683
DS03,13,67,truth,LPT_flow_mod,1,-0.3891946
DS03,13,68,truth,LPT_flow_mod,1,-0.4286168
DS03,13,69,truth,LPT_flow_mod,1,-0.3950612
DS03,13,70,truth,LPT_flow_mod,1,-0.4643019
DS03,13,71,truth,LPT_flow_mod,1,-0.4280037
DS03,13,72,truth,LPT_flow_mod,1,-0.4557656
DS03,13,73,truth,LPT_flow_mod,1,-0.4471136
DS03,13,74,truth,LPT_flow_mod,1,-0.5008867
DS03,13,75,truth,LPT_flow_mod,1,-0.4998271
DS03,13,76,truth,LPT_flow_mod,1,-0.5600083
DS03,13,77,truth,LPT_flow_mod,1,-0.5203989
DS03,13,1,truth,LPC_eff_mod,0,0
DS03,13,2,truth,LPC_eff_mod,0,0
DS03,13,3,truth,LPC_eff_mod,0,0
DS03,13,4,truth,LPC_eff_mod,0,0
DS03,13,5,truth,LPC_eff_mod,0,0
DS03,13,6,truth,LPC_eff_mod,0,0
DS03,13,7,truth,LPC_eff_mod,0,0
DS03,13,8,truth,LPC_eff_mod,0,0
DS03,13,9,truth,LPC_eff_mod,0,0
DS03,13,10,truth,LPC_eff_mod,0,0
DS03,13,11,truth,LPC_eff_mod,0,0
DS03,13,12,truth,LPC_eff_mod,0,0
DS03,13,13,truth,LPC_eff_mod,0,0
DS03,13,14,truth,LPC_eff_mod,0,0
DS03,13,15,truth,LPC_eff_mod,0,0
DS03,13,16,truth,LPC_eff_mod,0,0
DS03,13,17,truth,LPC_eff_mod,0,0
DS03,13,18,truth,LPC_eff_mod,0,0
DS03,13,19,truth,LPC_eff_mod,0,0
DS03,13,20,truth,LPC_eff_mod,0,0
DS03,13,21,truth,LPC_eff_mod,0,0
DS03,13,22,truth,LPC_eff_mod,0,0
DS03,13,23,truth,LPC_eff_mod,0,0
DS03,13,24,truth,LPC_eff_mod,0,0
DS03,13,25,truth,LPC_eff_mod,0,0
DS03,13,26,truth,LPC_eff_mod,0,0
DS03,13,27,truth,LPC_eff_mod,0,0
DS03,13,28,truth,LPC_eff_mod,0,0
DS03,13,29,truth,LPC_eff_mod,0,0
DS03,13,30,truth,LPC_eff_mod,0,0
DS03,13,31,truth,LPC_eff_mod,0,0
DS03,13,32,truth,LPC_eff_mod,0,0
DS03,13,33,truth,LPC_eff_mod,0,0
DS03,13,34,truth,LPC_eff_mod,0,0
DS03,13,35,truth,LPC_eff_mod,0,0
DS03,13,36,truth,LPC_eff_mod,0,0
DS03,13,37,truth,LPC_eff_mod,0,0
DS03,13,38,truth,LPC_eff_mod,0,0
DS03,13,39,truth,LPC_eff_mod,0,0
DS03,13,40,truth,LPC_eff_mod,0,0
DS03,13,41,truth,LPC_eff_mod,0,0
DS03,13,42,truth,LPC_eff_mod,0,0
DS03,13,43,truth,LPC_eff_mod,0,0
DS03,13,44,truth,LPC_eff_mod,0,0
DS03,13,45,truth,LPC_eff_mod,0,0
DS03,13,46,truth,LPC_eff_mod,0,0
DS03,13,47,truth,LPC_eff_mod,0,0
DS03,13,48,truth,LPC_eff_mod,0,0
DS03,13,49,truth,LPC_eff_mod,0,0
DS03,13,50,truth,LPC_eff_mod,0,0
DS03,13,51,truth,LPC_eff_mod,0,0
DS03,13,52,truth,LPC_eff_mod,0,0
DS03,13,53,truth,LPC_eff_mod,0,0
DS03,13,54,truth,LPC_eff_mod,0,0
DS03,13,55,truth,LPC_eff_mod,0,0
DS03,13,56,truth,LPC_eff_mod,0,0
DS03,13,57,truth,LPC_eff_mod,0,0
DS03,13,58,truth,LPC_eff_mod,0,0
DS03,13,59,truth,LPC_eff_mod,0,0
DS03,13,60,truth,LPC_eff_mod,0,0
DS03,13,61,truth,LPC_eff_mod,0,0
DS03,13,62,truth,LPC_eff_mod,0,0
DS03,13,63,truth,LPC_eff_mod,0,0
DS03,13,64,truth,LPC_eff_mod,0,0
DS03,13,65,truth,LPC_eff_mod,0,0
DS03,13,66,truth,LPC_eff_mod,0,0
DS03,13,67,truth,LPC_eff_mod,0,0
DS03,13,68,truth,LPC_eff_mod,0,0
DS03,13,69,truth,LPC_eff_mod,0,0
DS03,13,70,truth,LPC_eff_mod,0,0
DS03,13,71,truth,LPC_eff_mod,0,0
DS03,13,72,truth,LPC_eff_mod,0,0
DS03,13,73,truth,LPC_eff_mod,0,0
DS03,13,74,truth,LPC_eff_mod,0,0
DS03,13,75,truth,LPC_eff_mod,0,0
DS03,13,76,truth,LPC_eff_mod,0,0
DS03,13,77,truth,LPC_eff_mod,0,0
DS03,13,1,truth,LPC_flow_mod,0,0
DS03,13,2,truth,LPC_flow_mod,0,0
DS03,13,3,truth,LPC_flow_mod,0,0
DS03,13,4,truth,LPC_flow_mod,0,0
DS03,13,5,truth,LPC_flow_mod,0,0
DS03,13,6,truth,LPC_flow_mod,0,0
DS03,13,7,truth,LPC_flow_mod,0,0
DS03,13,8,truth,LPC_flow_mod,0,0
DS03,13,9,truth,LPC_flow_mod,0,0
DS03,13,10,truth,LPC_flow_mod,0,0
DS03,13,11,truth,LPC_flow_mod,0,0
DS03,13,12,truth,LPC_flow_mod,0,0
DS03,13,13,truth,LPC_flow_mod,0,0
DS03,13,14,truth,LPC_flow_mod,0,0
DS03,13,15,truth,LPC_flow_mod,0,0
DS03,13,16,truth,LPC_flow_mod,0,0
DS03,13,17,truth,LPC_flow_mod,0,0
DS03,13,18,truth,LPC_flow_mod,0,0
DS03,13,19,truth,LPC_flow_mod,0,0
DS03,13,20,truth,LPC_flow_mod,0,0
DS03,13,21,truth,LPC_flow_mod,0,0
DS03,13,22,truth,LPC_flow_mod,0,0
DS03,13,23,truth,LPC_flow_mod,0,0
DS03,13,24,truth,LPC_flow_mod,0,0
DS03,13,25,truth,LPC_flow_mod,0,0
DS03,13,26,truth,LPC_flow_mod,0,0
DS03,13,27,truth,LPC_flow_mod,0,0
DS03,13,28,truth,LPC_flow_mod,0,0
DS03,13,29,truth,LPC_flow_mod,0,0
DS03,13,30,truth,LPC_flow_mod,0,0
DS03,13,31,truth,LPC_flow_mod,0,0
DS03,13,32,truth,LPC_flow_mod,0,0
DS03,13,33,truth,LPC_flow_mod,0,0
DS03,13,34,truth,LPC_flow_mod,0,0
DS03,13,35,truth,LPC_flow_mod,0,0
DS03,13,36,truth,LPC_flow_mod,0,0
DS03,13,37,truth,LPC_flow_mod,0,0
DS03,13,38,truth,LPC_flow_mod,0,0
DS03,13,39,truth,LPC_flow_mod,0,0
DS03,13,40,truth,LPC_flow_mod,0,0
DS03,13,41,truth,LPC_flow_mod,0,0
DS03,13,42,truth,LPC_flow_mod,0,0
DS03,13,43,truth,LPC_flow_mod,0,0
DS03,13,44,truth,LPC_flow_mod,0,0
DS03,13,45,truth,LPC_flow_mod,0,0
DS03,13,46,truth,LPC_flow_mod,0,0
DS03,13,47,truth,LPC_flow_mod,0,0
DS03,13,48,truth,LPC_flow_mod,0,0
DS03,13,49,truth,LPC_flow_mod,0,0
DS03,13,50,truth,LPC_flow_mod,0,0
DS03,13,51,truth,LPC_flow_mod,0,0
DS03,13,52,truth,LPC_flow_mod,0,0
DS03,13,53,truth,LPC_flow_mod,0,0
DS03,13,54,truth,LPC_flow_mod,0,0
DS03,13,55,truth,LPC_flow_mod,0,0
DS03,13,56,truth,LPC_flow_mod,0,0
DS03,13,57,truth,LPC_flow_mod,0,0
DS03,13,58,truth,LPC_flow_mod,0,0
DS03,13,59,truth,LPC_flow_mod,0,0
DS03,13,60,truth,LPC_flow_mod,0,0
DS03,13,61,truth,LPC_flow_mod,0,0
DS03,13,62,truth,LPC_flow_mod,0,0
DS03,13,63,truth,LPC_flow_mod,0,0
DS03,13,64,truth,LPC_flow_mod,0,0
DS03,13,65,truth,LPC_flow_mod,0,0
DS03,13,66,truth,LPC_flow_mod,0,0
DS03,13,67,truth,LPC_flow_mod,0,0
DS03,13,68,truth,LPC_flow_mod,0,0
DS03,13,69,truth,LPC_flow_mod,0,0
DS03,13,70,truth,LPC_flow_mod,0,0
DS03,13,71,truth,LPC_flow_mod,0,0
DS03,13,72,truth,LPC_flow_mod,0,0
DS03,13,73,truth,LPC_flow_mod,0,0
DS03,13,74,truth,LPC_flow_mod,0,0
DS03,13,75,truth,LPC_flow_mod,0,0
DS03,13,76,truth,LPC_flow_mod,0,0
DS03,13,77,truth,LPC_flow_mod,0,0
DS03,13,1,D,HPT_eff_mod,1,-0
DS03,13,2,D,HPT_eff_mod,1,-0
DS03,13,3,D,HPT_eff_mod,1,-0
DS03,13,4,D,HPT_eff_mod,1,-0.0007080688
DS03,13,5,D,HPT_eff_mod,1,-0.0007080688
DS03,13,6,D,HPT_eff_mod,1,-0.0007080688
DS03,13,7,D,HPT_eff_mod,1,-0.006965285
DS03,13,8,D,HPT_eff_mod,1,-0.006965285
DS03,13,9,D,HPT_eff_mod,1,-0.00706131
DS03,13,10,D,HPT_eff_mod,1,-0.02210013
DS03,13,11,D,HPT_eff_mod,1,-0.02210013
DS03,13,12,D,HPT_eff_mod,1,-0.02613629
DS03,13,13,D,HPT_eff_mod,1,-0.02613629
DS03,13,14,D,HPT_eff_mod,1,-0.02613629
DS03,13,15,D,HPT_eff_mod,1,-0.02613629
DS03,13,16,D,HPT_eff_mod,1,-0.0291625
DS03,13,17,D,HPT_eff_mod,1,-0.0291625
DS03,13,18,D,HPT_eff_mod,1,-0.03205746
DS03,13,19,D,HPT_eff_mod,1,-0.04001138
DS03,13,20,D,HPT_eff_mod,1,-0.04001138
DS03,13,21,D,HPT_eff_mod,1,-0.04001138
DS03,13,22,D,HPT_eff_mod,1,-0.04666219
DS03,13,23,D,HPT_eff_mod,1,-0.04666219
DS03,13,24,D,HPT_eff_mod,1,-0.04666219
DS03,13,25,D,HPT_eff_mod,1,-0.04818961
DS03,13,26,D,HPT_eff_mod,1,-0.05023839
DS03,13,27,D,HPT_eff_mod,1,-0.05023839
DS03,13,28,D,HPT_eff_mod,1,-0.05023839
DS03,13,29,D,HPT_eff_mod,1,-0.05023839
DS03,13,30,D,HPT_eff_mod,1,-0.05628592
DS03,13,31,D,HPT_eff_mod,1,-0.06197879
DS03,13,32,D,HPT_eff_mod,1,-0.06584549
DS03,13,33,D,HPT_eff_mod,1,-0.08515071
DS03,13,34,D,HPT_eff_mod,1,-0.08515071
DS03,13,35,D,HPT_eff_mod,1,-0.08515071
DS03,13,36,D,HPT_eff_mod,1,-0.08515071
DS03,13,37,D,HPT_eff_mod,1,-0.093954
DS03,13,38,D,HPT_eff_mod,1,-0.093954
DS03,13,39,D,HPT_eff_mod,1,-0.09724303
DS03,13,40,D,HPT_eff_mod,1,-0.09724303
DS03,13,41,D,HPT_eff_mod,1,-0.09724303
DS03,13,42,D,HPT_eff_mod,1,-0.1273612
DS03,13,43,D,HPT_eff_mod,1,-0.1356915
DS03,13,44,D,HPT_eff_mod,1,-0.1374687
DS03,13,45,D,HPT_eff_mod,1,-0.14837
DS03,13,46,D,HPT_eff_mod,1,-0.14837
DS03,13,47,D,HPT_eff_mod,1,-0.1750571
DS03,13,48,D,HPT_eff_mod,1,-0.2101386
DS03,13,49,D,HPT_eff_mod,1,-0.2101386
DS03,13,50,D,HPT_eff_mod,1,-0.2226691
DS03,13,51,D,HPT_eff_mod,1,-0.2226691
DS03,13,52,D,HPT_eff_mod,1,-0.2226691
DS03,13,53,D,HPT_eff_mod,1,-0.2461817
DS03,13,54,D,HPT_eff_mod,1,-0.2461817
DS03,13,55,D,HPT_eff_mod,1,-0.2461817
DS03,13,56,D,HPT_eff_mod,1,-0.2461817
DS03,13,57,D,HPT_eff_mod,1,-0.2948996
DS03,13,58,D,HPT_eff_mod,1,-0.2948996
DS03,13,59,D,HPT_eff_mod,1,-0.2948996
DS03,13,60,D,HPT_eff_mod,1,-0.2985161
DS03,13,61,D,HPT_eff_mod,1,-0.3446123
DS03,13,62,D,HPT_eff_mod,1,-0.3708071
DS03,13,63,D,HPT_eff_mod,1,-0.3825575
DS03,13,64,D,HPT_eff_mod,1,-0.3825575
DS03,13,65,D,HPT_eff_mod,1,-0.4429926
DS03,13,66,D,HPT_eff_mod,1,-0.4429926
DS03,13,67,D,HPT_eff_mod,1,-0.4885611
DS03,13,68,D,HPT_eff_mod,1,-0.4885611
DS03,13,69,D,HPT_eff_mod,1,-0.5250018
DS03,13,70,D,HPT_eff_mod,1,-0.5627919
DS03,13,71,D,HPT_eff_mod,1,-0.5627919
DS03,13,72,D,HPT_eff_mod,1,-0.5745299
DS03,13,73,D,HPT_eff_mod,1,-0.6446756
DS03,13,74,D,HPT_eff_mod,1,-0.6843951
DS03,13,75,D,HPT_eff_mod,1,-0.7272025
DS03,13,76,D,HPT_eff_mod,1,-0.7272025
DS03,13,77,D,HPT_eff_mod,1,-0.7609205
DS03,13,1,D,fan_eff_mod,0,-0
DS03,13,2,D,fan_eff_mod,0,-0
DS03,13,3,D,fan_eff_mod,0,-0
DS03,13,4,D,fan_eff_mod,0,-0
DS03,13,5,D,fan_eff_mod,0,-0
DS03,13,6,D,fan_eff_mod,0,-0
DS03,13,7,D,fan_eff_mod,0,-0
DS03,13,8,D,fan_eff_mod,0,-0
DS03,13,9,D,fan_eff_mod,0,-0
DS03,13,10,D,fan_eff_mod,0,-0
DS03,13,11,D,fan_eff_mod,0,-0
DS03,13,12,D,fan_eff_mod,0,-0
DS03,13,13,D,fan_eff_mod,0,-0
DS03,13,14,D,fan_eff_mod,0,-0
DS03,13,15,D,fan_eff_mod,0,-0
DS03,13,16,D,fan_eff_mod,0,-0
DS03,13,17,D,fan_eff_mod,0,-0
DS03,13,18,D,fan_eff_mod,0,-0
DS03,13,19,D,fan_eff_mod,0,-0
DS03,13,20,D,fan_eff_mod,0,-0
DS03,13,21,D,fan_eff_mod,0,-0
DS03,13,22,D,fan_eff_mod,0,-0
DS03,13,23,D,fan_eff_mod,0,-0
DS03,13,24,D,fan_eff_mod,0,-0
DS03,13,25,D,fan_eff_mod,0,-0
DS03,13,26,D,fan_eff_mod,0,-0
DS03,13,27,D,fan_eff_mod,0,-0
DS03,13,28,D,fan_eff_mod,0,-0
DS03,13,29,D,fan_eff_mod,0,-0
DS03,13,30,D,fan_eff_mod,0,-0
DS03,13,31,D,fan_eff_mod,0,-0
DS03,13,32,D,fan_eff_mod,0,-0
DS03,13,33,D,fan_eff_mod,0,-0
DS03,13,34,D,fan_eff_mod,0,-0
DS03,13,35,D,fan_eff_mod,0,-0.007056811
DS03,13,36,D,fan_eff_mod,0,-0.007056811
DS03,13,37,D,fan_eff_mod,0,-0.007056811
DS03,13,38,D,fan_eff_mod,0,-0.007056811
DS03,13,39,D,fan_eff_mod,0,-0.0239041
DS03,13,40,D,fan_eff_mod,0,-0.0239041
DS03,13,41,D,fan_eff_mod,0,-0.0239041
DS03,13,42,D,fan_eff_mod,0,-0.0239041
DS03,13,43,D,fan_eff_mod,0,-0.0239041
DS03,13,44,D,fan_eff_mod,0,-0.0239041
DS03,13,45,D,fan_eff_mod,0,-0.0239041
DS03,13,46,D,fan_eff_mod,0,-0.0239041
DS03,13,47,D,fan_eff_mod,0,-0.0239041
DS03,13,48,D,fan_eff_mod,0,-0.0239041
DS03,13,49,D,fan_eff_mod,0,-0.0239041
DS03,13,50,D,fan_eff_mod,0,-0.0239041
DS03,13,51,D,fan_eff_mod,0,-0.0239041
DS03,13,52,D,fan_eff_mod,0,-0.0239041
DS03,13,53,D,fan_eff_mod,0,-0.0239041
DS03,13,54,D,fan_eff_mod,0,-0.02919103
DS03,13,55,D,fan_eff_mod,0,-0.02919103
DS03,13,56,D,fan_eff_mod,0,-0.05645269
DS03,13,57,D,fan_eff_mod,0,-0.05844567
DS03,13,58,D,fan_eff_mod,0,-0.05844567
DS03,13,59,D,fan_eff_mod,0,-0.05844567
DS03,13,60,D,fan_eff_mod,0,-0.05844567
DS03,13,61,D,fan_eff_mod,0,-0.05844567
DS03,13,62,D,fan_eff_mod,0,-0.06548601
DS03,13,63,D,fan_eff_mod,0,-0.06548601
DS03,13,64,D,fan_eff_mod,0,-0.06548601
DS03,13,65,D,fan_eff_mod,0,-0.07598014
DS03,13,66,D,fan_eff_mod,0,-0.07598014
DS03,13,67,D,fan_eff_mod,0,-0.1075847
DS03,13,68,D,fan_eff_mod,0,-0.1075847
DS03,13,69,D,fan_eff_mod,0,-0.1075847
DS03,13,70,D,fan_eff_mod,0,-0.1308946
DS03,13,71,D,fan_eff_mod,0,-0.1308946
DS03,13,72,D,fan_eff_mod,0,-0.1508839
DS03,13,73,D,fan_eff_mod,0,-0.1625668
DS03,13,74,D,fan_eff_mod,0,-0.2083237
DS03,13,75,D,fan_eff_mod,0,-0.208993
DS03,13,76,D,fan_eff_mod,0,-0.208993
DS03,13,77,D,fan_eff_mod,0,-0.2174143
DS03,13,1,D,fan_flow_mod,0,-0
DS03,13,2,D,fan_flow_mod,0,-0
DS03,13,3,D,fan_flow_mod,0,-0
DS03,13,4,D,fan_flow_mod,0,-0
DS03,13,5,D,fan_flow_mod,0,-0
DS03,13,6,D,fan_flow_mod,0,-0
DS03,13,7,D,fan_flow_mod,0,-0
DS03,13,8,D,fan_flow_mod,0,-0
DS03,13,9,D,fan_flow_mod,0,-0
DS03,13,10,D,fan_flow_mod,0,-0
DS03,13,11,D,fan_flow_mod,0,-0
DS03,13,12,D,fan_flow_mod,0,-0
DS03,13,13,D,fan_flow_mod,0,-0
DS03,13,14,D,fan_flow_mod,0,-0
DS03,13,15,D,fan_flow_mod,0,-0
DS03,13,16,D,fan_flow_mod,0,-0
DS03,13,17,D,fan_flow_mod,0,-0
DS03,13,18,D,fan_flow_mod,0,-0
DS03,13,19,D,fan_flow_mod,0,-0
DS03,13,20,D,fan_flow_mod,0,-0
DS03,13,21,D,fan_flow_mod,0,-0
DS03,13,22,D,fan_flow_mod,0,-0
DS03,13,23,D,fan_flow_mod,0,-0
DS03,13,24,D,fan_flow_mod,0,-0
DS03,13,25,D,fan_flow_mod,0,-0
DS03,13,26,D,fan_flow_mod,0,-0
DS03,13,27,D,fan_flow_mod,0,-0
DS03,13,28,D,fan_flow_mod,0,-0
DS03,13,29,D,fan_flow_mod,0,-0
DS03,13,30,D,fan_flow_mod,0,-0
DS03,13,31,D,fan_flow_mod,0,-0
DS03,13,32,D,fan_flow_mod,0,-0
DS03,13,33,D,fan_flow_mod,0,-0
DS03,13,34,D,fan_flow_mod,0,-0
DS03,13,35,D,fan_flow_mod,0,-0
DS03,13,36,D,fan_flow_mod,0,-0
DS03,13,37,D,fan_flow_mod,0,-0
DS03,13,38,D,fan_flow_mod,0,-0
DS03,13,39,D,fan_flow_mod,0,-0
DS03,13,40,D,fan_flow_mod,0,-0
DS03,13,41,D,fan_flow_mod,0,-0
DS03,13,42,D,fan_flow_mod,0,-0
DS03,13,43,D,fan_flow_mod,0,-0
DS03,13,44,D,fan_flow_mod,0,-0
DS03,13,45,D,fan_flow_mod,0,-0
DS03,13,46,D,fan_flow_mod,0,-0
DS03,13,47,D,fan_flow_mod,0,-0
DS03,13,48,D,fan_flow_mod,0,-0
DS03,13,49,D,fan_flow_mod,0,-0
DS03,13,50,D,fan_flow_mod,0,-0
DS03,13,51,D,fan_flow_mod,0,-0
DS03,13,52,D,fan_flow_mod,0,-0
DS03,13,53,D,fan_flow_mod,0,-0
DS03,13,54,D,fan_flow_mod,0,-0
DS03,13,55,D,fan_flow_mod,0,-0
DS03,13,56,D,fan_flow_mod,0,-0
DS03,13,57,D,fan_flow_mod,0,-0
DS03,13,58,D,fan_flow_mod,0,-0
DS03,13,59,D,fan_flow_mod,0,-0
DS03,13,60,D,fan_flow_mod,0,-0
DS03,13,61,D,fan_flow_mod,0,-0
DS03,13,62,D,fan_flow_mod,0,-0
DS03,13,63,D,fan_flow_mod,0,-0
DS03,13,64,D,fan_flow_mod,0,-0
DS03,13,65,D,fan_flow_mod,0,-0
DS03,13,66,D,fan_flow_mod,0,-0
DS03,13,67,D,fan_flow_mod,0,-0
DS03,13,68,D,fan_flow_mod,0,-0
DS03,13,69,D,fan_flow_mod,0,-0
DS03,13,70,D,fan_flow_mod,0,-0
DS03,13,71,D,fan_flow_mod,0,-0
DS03,13,72,D,fan_flow_mod,0,-0
DS03,13,73,D,fan_flow_mod,0,-0
DS03,13,74,D,fan_flow_mod,0,-0
DS03,13,75,D,fan_flow_mod,0,-0
DS03,13,76,D,fan_flow_mod,0,-0
DS03,13,77,D,fan_flow_mod,0,-0
DS03,13,1,D,HPC_eff_mod,0,-0
DS03,13,2,D,HPC_eff_mod,0,-0
DS03,13,3,D,HPC_eff_mod,0,-0
DS03,13,4,D,HPC_eff_mod,0,-0
DS03,13,5,D,HPC_eff_mod,0,-0
DS03,13,6,D,HPC_eff_mod,0,-0
DS03,13,7,D,HPC_eff_mod,0,-0
DS03,13,8,D,HPC_eff_mod,0,-0
DS03,13,9,D,HPC_eff_mod,0,-0
DS03,13,10,D,HPC_eff_mod,0,-0
DS03,13,11,D,HPC_eff_mod,0,-0
DS03,13,12,D,HPC_eff_mod,0,-0
DS03,13,13,D,HPC_eff_mod,0,-0
DS03,13,14,D,HPC_eff_mod,0,-0
DS03,13,15,D,HPC_eff_mod,0,-0
DS03,13,16,D,HPC_eff_mod,0,-0
DS03,13,17,D,HPC_eff_mod,0,-0
DS03,13,18,D,HPC_eff_mod,0,-0
DS03,13,19,D,HPC_eff_mod,0,-0
DS03,13,20,D,HPC_eff_mod,0,-0
DS03,13,21,D,HPC_eff_mod,0,-0
DS03,13,22,D,HPC_eff_mod,0,-0
DS03,13,23,D,HPC_eff_mod,0,-0
DS03,13,24,D,HPC_eff_mod,0,-0
DS03,13,25,D,HPC_eff_mod,0,-0
DS03,13,26,D,HPC_eff_mod,0,-0
DS03,13,27,D,HPC_eff_mod,0,-0
DS03,13,28,D,HPC_eff_mod,0,-0
DS03,13,29,D,HPC_eff_mod,0,-0
DS03,13,30,D,HPC_eff_mod,0,-0
DS03,13,31,D,HPC_eff_mod,0,-0
DS03,13,32,D,HPC_eff_mod,0,-0
DS03,13,33,D,HPC_eff_mod,0,-0
DS03,13,34,D,HPC_eff_mod,0,-0
DS03,13,35,D,HPC_eff_mod,0,-0
DS03,13,36,D,HPC_eff_mod,0,-0
DS03,13,37,D,HPC_eff_mod,0,-0
DS03,13,38,D,HPC_eff_mod,0,-0
DS03,13,39,D,HPC_eff_mod,0,-0
DS03,13,40,D,HPC_eff_mod,0,-0
DS03,13,41,D,HPC_eff_mod,0,-0
DS03,13,42,D,HPC_eff_mod,0,-0
DS03,13,43,D,HPC_eff_mod,0,-0
DS03,13,44,D,HPC_eff_mod,0,-0
DS03,13,45,D,HPC_eff_mod,0,-0
DS03,13,46,D,HPC_eff_mod,0,-0
DS03,13,47,D,HPC_eff_mod,0,-0
DS03,13,48,D,HPC_eff_mod,0,-0
DS03,13,49,D,HPC_eff_mod,0,-0
DS03,13,50,D,HPC_eff_mod,0,-0
DS03,13,51,D,HPC_eff_mod,0,-0
DS03,13,52,D,HPC_eff_mod,0,-0
DS03,13,53,D,HPC_eff_mod,0,-0
DS03,13,54,D,HPC_eff_mod,0,-0
DS03,13,55,D,HPC_eff_mod,0,-0
DS03,13,56,D,HPC_eff_mod,0,-0
DS03,13,57,D,HPC_eff_mod,0,-0.004770991
DS03,13,58,D,HPC_eff_mod,0,-0.004770991
DS03,13,59,D,HPC_eff_mod,0,-0.004770991
DS03,13,60,D,HPC_eff_mod,0,-0.004770991
DS03,13,61,D,HPC_eff_mod,0,-0.004770991
DS03,13,62,D,HPC_eff_mod,0,-0.004770991
DS03,13,63,D,HPC_eff_mod,0,-0.004770991
DS03,13,64,D,HPC_eff_mod,0,-0.004770991
DS03,13,65,D,HPC_eff_mod,0,-0.01302365
DS03,13,66,D,HPC_eff_mod,0,-0.01302365
DS03,13,67,D,HPC_eff_mod,0,-0.02450887
DS03,13,68,D,HPC_eff_mod,0,-0.02450887
DS03,13,69,D,HPC_eff_mod,0,-0.02450887
DS03,13,70,D,HPC_eff_mod,0,-0.02726689
DS03,13,71,D,HPC_eff_mod,0,-0.02726689
DS03,13,72,D,HPC_eff_mod,0,-0.02726689
DS03,13,73,D,HPC_eff_mod,0,-0.02726689
DS03,13,74,D,HPC_eff_mod,0,-0.03300012
DS03,13,75,D,HPC_eff_mod,0,-0.03300012
DS03,13,76,D,HPC_eff_mod,0,-0.03300012
DS03,13,77,D,HPC_eff_mod,0,-0.03871585
DS03,13,1,D,HPC_flow_mod,0,-0
DS03,13,2,D,HPC_flow_mod,0,-0
DS03,13,3,D,HPC_flow_mod,0,-0
DS03,13,4,D,HPC_flow_mod,0,-0
DS03,13,5,D,HPC_flow_mod,0,-0
DS03,13,6,D,HPC_flow_mod,0,-0
DS03,13,7,D,HPC_flow_mod,0,-0
DS03,13,8,D,HPC_flow_mod,0,-0
DS03,13,9,D,HPC_flow_mod,0,-0
DS03,13,10,D,HPC_flow_mod,0,-0
DS03,13,11,D,HPC_flow_mod,0,-0
DS03,13,12,D,HPC_flow_mod,0,-0
DS03,13,13,D,HPC_flow_mod,0,-0
DS03,13,14,D,HPC_flow_mod,0,-0
DS03,13,15,D,HPC_flow_mod,0,-0
DS03,13,16,D,HPC_flow_mod,0,-0
DS03,13,17,D,HPC_flow_mod,0,-0
DS03,13,18,D,HPC_flow_mod,0,-0
DS03,13,19,D,HPC_flow_mod,0,-0
DS03,13,20,D,HPC_flow_mod,0,-0
DS03,13,21,D,HPC_flow_mod,0,-0
DS03,13,22,D,HPC_flow_mod,0,-0
DS03,13,23,D,HPC_flow_mod,0,-0
DS03,13,24,D,HPC_flow_mod,0,-0
DS03,13,25,D,HPC_flow_mod,0,-0
DS03,13,26,D,HPC_flow_mod,0,-0
DS03,13,27,D,HPC_flow_mod,0,-0
DS03,13,28,D,HPC_flow_mod,0,-0
DS03,13,29,D,HPC_flow_mod,0,-0
DS03,13,30,D,HPC_flow_mod,0,-0
DS03,13,31,D,HPC_flow_mod,0,-0
DS03,13,32,D,HPC_flow_mod,0,-0
DS03,13,33,D,HPC_flow_mod,0,-0
DS03,13,34,D,HPC_flow_mod,0,-0
DS03,13,35,D,HPC_flow_mod,0,-0
DS03,13,36,D,HPC_flow_mod,0,-0
DS03,13,37,D,HPC_flow_mod,0,-0
DS03,13,38,D,HPC_flow_mod,0,-0
DS03,13,39,D,HPC_flow_mod,0,-0
DS03,13,40,D,HPC_flow_mod,0,-0
DS03,13,41,D,HPC_flow_mod,0,-0
DS03,13,42,D,HPC_flow_mod,0,-0
DS03,13,43,D,HPC_flow_mod,0,-0
DS03,13,44,D,HPC_flow_mod,0,-0
DS03,13,45,D,HPC_flow_mod,0,-0
DS03,13,46,D,HPC_flow_mod,0,-0
DS03,13,47,D,HPC_flow_mod,0,-0
DS03,13,48,D,HPC_flow_mod,0,-0
DS03,13,49,D,HPC_flow_mod,0,-0
DS03,13,50,D,HPC_flow_mod,0,-0
DS03,13,51,D,HPC_flow_mod,0,-0
DS03,13,52,D,HPC_flow_mod,0,-0
DS03,13,53,D,HPC_flow_mod,0,-0
DS03,13,54,D,HPC_flow_mod,0,-0
DS03,13,55,D,HPC_flow_mod,0,-0
DS03,13,56,D,HPC_flow_mod,0,-0
DS03,13,57,D,HPC_flow_mod,0,-0
DS03,13,58,D,HPC_flow_mod,0,-0
DS03,13,59,D,HPC_flow_mod,0,-0
DS03,13,60,D,HPC_flow_mod,0,-0
DS03,13,61,D,HPC_flow_mod,0,-0
DS03,13,62,D,HPC_flow_mod,0,-0
DS03,13,63,D,HPC_flow_mod,0,-0
DS03,13,64,D,HPC_flow_mod,0,-0
DS03,13,65,D,HPC_flow_mod,0,-0
DS03,13,66,D,HPC_flow_mod,0,-0
DS03,13,67,D,HPC_flow_mod,0,-0
DS03,13,68,D,HPC_flow_mod,0,-0
DS03,13,69,D,HPC_flow_mod,0,-0
DS03,13,70,D,HPC_flow_mod,0,-0
DS03,13,71,D,HPC_flow_mod,0,-0
DS03,13,72,D,HPC_flow_mod,0,-0
DS03,13,73,D,HPC_flow_mod,0,-0
DS03,13,74,D,HPC_flow_mod,0,-0
DS03,13,75,D,HPC_flow_mod,0,-0
DS03,13,76,D,HPC_flow_mod,0,-0
DS03,13,77,D,HPC_flow_mod,0,-0
DS03,13,1,D,LPT_eff_mod,1,-0
DS03,13,2,D,LPT_eff_mod,1,-0
DS03,13,3,D,LPT_eff_mod,1,-0.008794429
DS03,13,4,D,LPT_eff_mod,1,-0.008794429
DS03,13,5,D,LPT_eff_mod,1,-0.008794429
DS03,13,6,D,LPT_eff_mod,1,-0.008826093
DS03,13,7,D,LPT_eff_mod,1,-0.008826093
DS03,13,8,D,LPT_eff_mod,1,-0.008826093
DS03,13,9,D,LPT_eff_mod,1,-0.0173106
DS03,13,10,D,LPT_eff_mod,1,-0.0173106
DS03,13,11,D,LPT_eff_mod,1,-0.0173106
DS03,13,12,D,LPT_eff_mod,1,-0.0173106
DS03,13,13,D,LPT_eff_mod,1,-0.0173106
DS03,13,14,D,LPT_eff_mod,1,-0.0173106
DS03,13,15,D,LPT_eff_mod,1,-0.0173106
DS03,13,16,D,LPT_eff_mod,1,-0.0173106
DS03,13,17,D,LPT_eff_mod,1,-0.02607749
DS03,13,18,D,LPT_eff_mod,1,-0.03037428
DS03,13,19,D,LPT_eff_mod,1,-0.03037428
DS03,13,20,D,LPT_eff_mod,1,-0.03037428
DS03,13,21,D,LPT_eff_mod,1,-0.04075373
DS03,13,22,D,LPT_eff_mod,1,-0.04075373
DS03,13,23,D,LPT_eff_mod,1,-0.04075373
DS03,13,24,D,LPT_eff_mod,1,-0.04075373
DS03,13,25,D,LPT_eff_mod,1,-0.04075373
DS03,13,26,D,LPT_eff_mod,1,-0.04075373
DS03,13,27,D,LPT_eff_mod,1,-0.08189022
DS03,13,28,D,LPT_eff_mod,1,-0.08189022
DS03,13,29,D,LPT_eff_mod,1,-0.08189022
DS03,13,30,D,LPT_eff_mod,1,-0.08189022
DS03,13,31,D,LPT_eff_mod,1,-0.1093121
DS03,13,32,D,LPT_eff_mod,1,-0.1330807
DS03,13,33,D,LPT_eff_mod,1,-0.1330807
DS03,13,34,D,LPT_eff_mod,1,-0.1395178
DS03,13,35,D,LPT_eff_mod,1,-0.1395178
DS03,13,36,D,LPT_eff_mod,1,-0.1395178
DS03,13,37,D,LPT_eff_mod,1,-0.172244
DS03,13,38,D,LPT_eff_mod,1,-0.172244
DS03,13,39,D,LPT_eff_mod,1,-0.1804303
DS03,13,40,D,LPT_eff_mod,1,-0.1804303
DS03,13,41,D,LPT_eff_mod,1,-0.1804303
DS03,13,42,D,LPT_eff_mod,1,-0.2091662
DS03,13,43,D,LPT_eff_mod,1,-0.2091662
DS03,13,44,D,LPT_eff_mod,1,-0.2770892
DS03,13,45,D,LPT_eff_mod,1,-0.2770892
DS03,13,46,D,LPT_eff_mod,1,-0.2892278
DS03,13,47,D,LPT_eff_mod,1,-0.2892278
DS03,13,48,D,LPT_eff_mod,1,-0.3496568
DS03,13,49,D,LPT_eff_mod,1,-0.3496568
DS03,13,50,D,LPT_eff_mod,1,-0.3496568
DS03,13,51,D,LPT_eff_mod,1,-0.3649051
DS03,13,52,D,LPT_eff_mod,1,-0.3649051
DS03,13,53,D,LPT_eff_mod,1,-0.3780885
DS03,13,54,D,LPT_eff_mod,1,-0.5079802
DS03,13,55,D,LPT_eff_mod,1,-0.5079802
DS03,13,56,D,LPT_eff_mod,1,-0.5079802
DS03,13,57,D,LPT_eff_mod,1,-0.5627881
DS03,13,58,D,LPT_eff_mod,1,-0.6159627
DS03,13,59,D,LPT_eff_mod,1,-0.6159627
DS03,13,60,D,LPT_eff_mod,1,-0.6815568
DS03,13,61,D,LPT_eff_mod,1,-0.6815568
DS03,13,62,D,LPT_eff_mod,1,-0.7706095
DS03,13,63,D,LPT_eff_mod,1,-0.7954563
DS03,13,64,D,LPT_eff_mod,1,-0.7954563
DS03,13,65,D,LPT_eff_mod,1,-0.9457141
DS03,13,66,D,LPT_eff_mod,1,-0.9457141
DS03,13,67,D,LPT_eff_mod,1,-1.062189
DS03,13,68,D,LPT_eff_mod,1,-1.062189
DS03,13,69,D,LPT_eff_mod,1,-1.184377
DS03,13,70,D,LPT_eff_mod,1,-1.190313
DS03,13,71,D,LPT_eff_mod,1,-1.190313
DS03,13,72,D,LPT_eff_mod,1,-1.190313
DS03,13,73,D,LPT_eff_mod,1,-1.583674
DS03,13,74,D,LPT_eff_mod,1,-1.608635
DS03,13,75,D,LPT_eff_mod,1,-1.780948
DS03,13,76,D,LPT_eff_mod,1,-1.780948
DS03,13,77,D,LPT_eff_mod,1,-1.955343
DS03,13,1,D,LPT_flow_mod,1,-0
DS03,13,2,D,LPT_flow_mod,1,-0
DS03,13,3,D,LPT_flow_mod,1,-0
DS03,13,4,D,LPT_flow_mod,1,-0
DS03,13,5,D,LPT_flow_mod,1,-0.004740335
DS03,13,6,D,LPT_flow_mod,1,-0.004740335
DS03,13,7,D,LPT_flow_mod,1,-0.02057176
DS03,13,8,D,LPT_flow_mod,1,-0.02057176
DS03,13,9,D,LPT_flow_mod,1,-0.02057176
DS03,13,10,D,LPT_flow_mod,1,-0.02057176
DS03,13,11,D,LPT_flow_mod,1,-0.02057176
DS03,13,12,D,LPT_flow_mod,1,-0.02057176
DS03,13,13,D,LPT_flow_mod,1,-0.02057176
DS03,13,14,D,LPT_flow_mod,1,-0.02057176
DS03,13,15,D,LPT_flow_mod,1,-0.02301836
DS03,13,16,D,LPT_flow_mod,1,-0.02798709
DS03,13,17,D,LPT_flow_mod,1,-0.02798709
DS03,13,18,D,LPT_flow_mod,1,-0.02798709
DS03,13,19,D,LPT_flow_mod,1,-0.02970758
DS03,13,20,D,LPT_flow_mod,1,-0.02970758
DS03,13,21,D,LPT_flow_mod,1,-0.02970758
DS03,13,22,D,LPT_flow_mod,1,-0.02970758
DS03,13,23,D,LPT_flow_mod,1,-0.02970758
DS03,13,24,D,LPT_flow_mod,1,-0.04815987
DS03,13,25,D,LPT_flow_mod,1,-0.05590282
DS03,13,26,D,LPT_flow_mod,1,-0.05590282
DS03,13,27,D,LPT_flow_mod,1,-0.05590282
DS03,13,28,D,LPT_flow_mod,1,-0.05590282
DS03,13,29,D,LPT_flow_mod,1,-0.07461614
DS03,13,30,D,LPT_flow_mod,1,-0.07461614
DS03,13,31,D,LPT_flow_mod,1,-0.07461614
DS03,13,32,D,LPT_flow_mod,1,-0.07461614
DS03,13,33,D,LPT_flow_mod,1,-0.07461614
DS03,13,34,D,LPT_flow_mod,1,-0.07461614
DS03,13,35,D,LPT_flow_mod,1,-0.07461614
DS03,13,36,D,LPT_flow_mod,1,-0.07461614
DS03,13,37,D,LPT_flow_mod,1,-0.07461614
DS03,13,38,D,LPT_flow_mod,1,-0.07461614
DS03,13,39,D,LPT_flow_mod,1,-0.07461614
DS03,13,40,D,LPT_flow_mod,1,-0.1512269
DS03,13,41,D,LPT_flow_mod,1,-0.1512269
DS03,13,42,D,LPT_flow_mod,1,-0.1512269
DS03,13,43,D,LPT_flow_mod,1,-0.1579678
DS03,13,44,D,LPT_flow_mod,1,-0.1579678
DS03,13,45,D,LPT_flow_mod,1,-0.1579678
DS03,13,46,D,LPT_flow_mod,1,-0.1579678
DS03,13,47,D,LPT_flow_mod,1,-0.1579678
DS03,13,48,D,LPT_flow_mod,1,-0.1579678
DS03,13,49,D,LPT_flow_mod,1,-0.1579678
DS03,13,50,D,LPT_flow_mod,1,-0.1815921
DS03,13,51,D,LPT_flow_mod,1,-0.1815921
DS03,13,52,D,LPT_flow_mod,1,-0.1815921
DS03,13,53,D,LPT_flow_mod,1,-0.1815921
DS03,13,54,D,LPT_flow_mod,1,-0.1815921
DS03,13,55,D,LPT_flow_mod,1,-0.2696092
DS03,13,56,D,LPT_flow_mod,1,-0.2696092
DS03,13,57,D,LPT_flow_mod,1,-0.2696092
DS03,13,58,D,LPT_flow_mod,1,-0.2696092
DS03,13,59,D,LPT_flow_mod,1,-0.2696092
DS03,13,60,D,LPT_flow_mod,1,-0.2696092
DS03,13,61,D,LPT_flow_mod,1,-0.2730567
DS03,13,62,D,LPT_flow_mod,1,-0.2730567
DS03,13,63,D,LPT_flow_mod,1,-0.2730567
DS03,13,64,D,LPT_flow_mod,1,-0.2994759
DS03,13,65,D,LPT_flow_mod,1,-0.3206961
DS03,13,66,D,LPT_flow_mod,1,-0.3206961
DS03,13,67,D,LPT_flow_mod,1,-0.3443556
DS03,13,68,D,LPT_flow_mod,1,-0.3572989
DS03,13,69,D,LPT_flow_mod,1,-0.3600709
DS03,13,70,D,LPT_flow_mod,1,-0.3625591
DS03,13,71,D,LPT_flow_mod,1,-0.3625591
DS03,13,72,D,LPT_flow_mod,1,-0.4186302
DS03,13,73,D,LPT_flow_mod,1,-0.4186302
DS03,13,74,D,LPT_flow_mod,1,-0.4186302
DS03,13,75,D,LPT_flow_mod,1,-0.4186302
DS03,13,76,D,LPT_flow_mod,1,-0.5033699
DS03,13,77,D,LPT_flow_mod,1,-0.5033699
DS03,13,1,D,LPC_eff_mod,0,-0
DS03,13,2,D,LPC_eff_mod,0,-0
DS03,13,3,D,LPC_eff_mod,0,-0
DS03,13,4,D,LPC_eff_mod,0,-0
DS03,13,5,D,LPC_eff_mod,0,-0
DS03,13,6,D,LPC_eff_mod,0,-0
DS03,13,7,D,LPC_eff_mod,0,-0
DS03,13,8,D,LPC_eff_mod,0,-0
DS03,13,9,D,LPC_eff_mod,0,-0
DS03,13,10,D,LPC_eff_mod,0,-0
DS03,13,11,D,LPC_eff_mod,0,-0
DS03,13,12,D,LPC_eff_mod,0,-0
DS03,13,13,D,LPC_eff_mod,0,-0
DS03,13,14,D,LPC_eff_mod,0,-0
DS03,13,15,D,LPC_eff_mod,0,-0
DS03,13,16,D,LPC_eff_mod,0,-0
DS03,13,17,D,LPC_eff_mod,0,-0
DS03,13,18,D,LPC_eff_mod,0,-0
DS03,13,19,D,LPC_eff_mod,0,-0
DS03,13,20,D,LPC_eff_mod,0,-0
DS03,13,21,D,LPC_eff_mod,0,-0
DS03,13,22,D,LPC_eff_mod,0,-0
DS03,13,23,D,LPC_eff_mod,0,-0
DS03,13,24,D,LPC_eff_mod,0,-0
DS03,13,25,D,LPC_eff_mod,0,-0
DS03,13,26,D,LPC_eff_mod,0,-0
DS03,13,27,D,LPC_eff_mod,0,-0
DS03,13,28,D,LPC_eff_mod,0,-0
DS03,13,29,D,LPC_eff_mod,0,-0
DS03,13,30,D,LPC_eff_mod,0,-0
DS03,13,31,D,LPC_eff_mod,0,-0
DS03,13,32,D,LPC_eff_mod,0,-0
DS03,13,33,D,LPC_eff_mod,0,-0
DS03,13,34,D,LPC_eff_mod,0,-0
DS03,13,35,D,LPC_eff_mod,0,-0
DS03,13,36,D,LPC_eff_mod,0,-0
DS03,13,37,D,LPC_eff_mod,0,-0
DS03,13,38,D,LPC_eff_mod,0,-0
DS03,13,39,D,LPC_eff_mod,0,-0
DS03,13,40,D,LPC_eff_mod,0,-0
DS03,13,41,D,LPC_eff_mod,0,-0
DS03,13,42,D,LPC_eff_mod,0,-0
DS03,13,43,D,LPC_eff_mod,0,-0
DS03,13,44,D,LPC_eff_mod,0,-0
DS03,13,45,D,LPC_eff_mod,0,-0
DS03,13,46,D,LPC_eff_mod,0,-0
DS03,13,47,D,LPC_eff_mod,0,-0
DS03,13,48,D,LPC_eff_mod,0,-0
DS03,13,49,D,LPC_eff_mod,0,-0
DS03,13,50,D,LPC_eff_mod,0,-0
DS03,13,51,D,LPC_eff_mod,0,-0
DS03,13,52,D,LPC_eff_mod,0,-0
DS03,13,53,D,LPC_eff_mod,0,-0
DS03,13,54,D,LPC_eff_mod,0,-0
DS03,13,55,D,LPC_eff_mod,0,-0
DS03,13,56,D,LPC_eff_mod,0,-0
DS03,13,57,D,LPC_eff_mod,0,-0
DS03,13,58,D,LPC_eff_mod,0,-0
DS03,13,59,D,LPC_eff_mod,0,-0
DS03,13,60,D,LPC_eff_mod,0,-0
DS03,13,61,D,LPC_eff_mod,0,-0
DS03,13,62,D,LPC_eff_mod,0,-0
DS03,13,63,D,LPC_eff_mod,0,-0
DS03,13,64,D,LPC_eff_mod,0,-0
DS03,13,65,D,LPC_eff_mod,0,-0
DS03,13,66,D,LPC_eff_mod,0,-0
DS03,13,67,D,LPC_eff_mod,0,-0
DS03,13,68,D,LPC_eff_mod,0,-0
DS03,13,69,D,LPC_eff_mod,0,-0
DS03,13,70,D,LPC_eff_mod,0,-0
DS03,13,71,D,LPC_eff_mod,0,-0
DS03,13,72,D,LPC_eff_mod,0,-0
DS03,13,73,D,LPC_eff_mod,0,-0
DS03,13,74,D,LPC_eff_mod,0,-0
DS03,13,75,D,LPC_eff_mod,0,-0
DS03,13,76,D,LPC_eff_mod,0,-0
DS03,13,77,D,LPC_eff_mod,0,-0
DS03,13,1,D,LPC_flow_mod,0,-0
DS03,13,2,D,LPC_flow_mod,0,-0
DS03,13,3,D,LPC_flow_mod,0,-0
DS03,13,4,D,LPC_flow_mod,0,-0
DS03,13,5,D,LPC_flow_mod,0,-0
DS03,13,6,D,LPC_flow_mod,0,-0
DS03,13,7,D,LPC_flow_mod,0,-0
DS03,13,8,D,LPC_flow_mod,0,-0
DS03,13,9,D,LPC_flow_mod,0,-0
DS03,13,10,D,LPC_flow_mod,0,-0
DS03,13,11,D,LPC_flow_mod,0,-0
DS03,13,12,D,LPC_flow_mod,0,-0
DS03,13,13,D,LPC_flow_mod,0,-0
DS03,13,14,D,LPC_flow_mod,0,-0
DS03,13,15,D,LPC_flow_mod,0,-0
DS03,13,16,D,LPC_flow_mod,0,-0
DS03,13,17,D,LPC_flow_mod,0,-0
DS03,13,18,D,LPC_flow_mod,0,-0
DS03,13,19,D,LPC_flow_mod,0,-0
DS03,13,20,D,LPC_flow_mod,0,-0
DS03,13,21,D,LPC_flow_mod,0,-0
DS03,13,22,D,LPC_flow_mod,0,-0
DS03,13,23,D,LPC_flow_mod,0,-0
DS03,13,24,D,LPC_flow_mod,0,-0
DS03,13,25,D,LPC_flow_mod,0,-0
DS03,13,26,D,LPC_flow_mod,0,-0
DS03,13,27,D,LPC_flow_mod,0,-0
DS03,13,28,D,LPC_flow_mod,0,-0
DS03,13,29,D,LPC_flow_mod,0,-0
DS03,13,30,D,LPC_flow_mod,0,-0
DS03,13,31,D,LPC_flow_mod,0,-0
DS03,13,32,D,LPC_flow_mod,0,-0
DS03,13,33,D,LPC_flow_mod,0,-0
DS03,13,34,D,LPC_flow_mod,0,-0
DS03,13,35,D,LPC_flow_mod,0,-0
DS03,13,36,D,LPC_flow_mod,0,-0
DS03,13,37,D,LPC_flow_mod,0,-0
DS03,13,38,D,LPC_flow_mod,0,-0
DS03,13,39,D,LPC_flow_mod,0,-0
DS03,13,40,D,LPC_flow_mod,0,-0
DS03,13,41,D,LPC_flow_mod,0,-0
DS03,13,42,D,LPC_flow_mod,0,-0
DS03,13,43,D,LPC_flow_mod,0,-0
DS03,13,44,D,LPC_flow_mod,0,-0
DS03,13,45,D,LPC_flow_mod,0,-0
DS03,13,46,D,LPC_flow_mod,0,-0
DS03,13,47,D,LPC_flow_mod,0,-0
DS03,13,48,D,LPC_flow_mod,0,-0
DS03,13,49,D,LPC_flow_mod,0,-0
DS03,13,50,D,LPC_flow_mod,0,-0
DS03,13,51,D,LPC_flow_mod,0,-0
DS03,13,52,D,LPC_flow_mod,0,-0
DS03,13,53,D,LPC_flow_mod,0,-0
DS03,13,54,D,LPC_flow_mod,0,-0
DS03,13,55,D,LPC_flow_mod,0,-0
DS03,13,56,D,LPC_flow_mod,0,-0
DS03,13,57,D,LPC_flow_mod,0,-0
DS03,13,58,D,LPC_flow_mod,0,-0
DS03,13,59,D,LPC_flow_mod,0,-0
DS03,13,60,D,LPC_flow_mod,0,-0
DS03,13,61,D,LPC_flow_mod,0,-0
DS03,13,62,D,LPC_flow_mod,0,-0
DS03,13,63,D,LPC_flow_mod,0,-0.0043384
DS03,13,64,D,LPC_flow_mod,0,-0.0043384
DS03,13,65,D,LPC_flow_mod,0,-0.0043384
DS03,13,66,D,LPC_flow_mod,0,-0.0043384
DS03,13,67,D,LPC_flow_mod,0,-0.0043384
DS03,13,68,D,LPC_flow_mod,0,-0.00502546
DS03,13,69,D,LPC_flow_mod,0,-0.00502546
DS03,13,70,D,LPC_flow_mod,0,-0.00502546
DS03,13,71,D,LPC_flow_mod,0,-0.07271412
DS03,13,72,D,LPC_flow_mod,0,-0.07271412
DS03,13,73,D,LPC_flow_mod,0,-0.07271412
DS03,13,74,D,LPC_flow_mod,0,-0.07271412
DS03,13,75,D,LPC_flow_mod,0,-0.07271412
DS03,13,76,D,LPC_flow_mod,0,-0.07271412
DS03,13,77,D,LPC_flow_mod,0,-0.07271412
DS03,13,1,E_Lin,HPT_eff_mod,1,-0.01274798
DS03,13,2,E_Lin,HPT_eff_mod,1,0.006868618
DS03,13,3,E_Lin,HPT_eff_mod,1,0.01439769
DS03,13,4,E_Lin,HPT_eff_mod,1,0.002987427
DS03,13,5,E_Lin,HPT_eff_mod,1,-0.03049754
DS03,13,6,E_Lin,HPT_eff_mod,1,0.04341665
DS03,13,7,E_Lin,HPT_eff_mod,1,-0.008619095
DS03,13,8,E_Lin,HPT_eff_mod,1,-0.02449828
DS03,13,9,E_Lin,HPT_eff_mod,1,-0.001633653
DS03,13,10,E_Lin,HPT_eff_mod,1,-0.0339075
DS03,13,11,E_Lin,HPT_eff_mod,1,-0.02031507
DS03,13,12,E_Lin,HPT_eff_mod,1,-0.04998804
DS03,13,13,E_Lin,HPT_eff_mod,1,-0.02305832
DS03,13,14,E_Lin,HPT_eff_mod,1,-0.0294701
DS03,13,15,E_Lin,HPT_eff_mod,1,-0.01739858
DS03,13,16,E_Lin,HPT_eff_mod,1,-0.04547347
DS03,13,17,E_Lin,HPT_eff_mod,1,-0.02799168
DS03,13,18,E_Lin,HPT_eff_mod,1,-0.02778834
DS03,13,19,E_Lin,HPT_eff_mod,1,-0.06348865
DS03,13,20,E_Lin,HPT_eff_mod,1,-0.04594208
DS03,13,21,E_Lin,HPT_eff_mod,1,-0.03690967
DS03,13,22,E_Lin,HPT_eff_mod,1,-0.05088959
DS03,13,23,E_Lin,HPT_eff_mod,1,-0.04167054
DS03,13,24,E_Lin,HPT_eff_mod,1,-0.0705089
DS03,13,25,E_Lin,HPT_eff_mod,1,-0.07069878
DS03,13,26,E_Lin,HPT_eff_mod,1,-0.07858682
DS03,13,27,E_Lin,HPT_eff_mod,1,-0.0555286
DS03,13,28,E_Lin,HPT_eff_mod,1,-0.05967397
DS03,13,29,E_Lin,HPT_eff_mod,1,-0.0796231
DS03,13,30,E_Lin,HPT_eff_mod,1,-0.07553659
DS03,13,31,E_Lin,HPT_eff_mod,1,-0.0768085
DS03,13,32,E_Lin,HPT_eff_mod,1,-0.1016651
DS03,13,33,E_Lin,HPT_eff_mod,1,-0.1007614
DS03,13,34,E_Lin,HPT_eff_mod,1,-0.1190249
DS03,13,35,E_Lin,HPT_eff_mod,1,-0.1003564
DS03,13,36,E_Lin,HPT_eff_mod,1,-0.08885369
DS03,13,37,E_Lin,HPT_eff_mod,1,-0.1125717
DS03,13,38,E_Lin,HPT_eff_mod,1,-0.1071158
DS03,13,39,E_Lin,HPT_eff_mod,1,-0.09937558
DS03,13,40,E_Lin,HPT_eff_mod,1,-0.1443937
DS03,13,41,E_Lin,HPT_eff_mod,1,-0.1414348
DS03,13,42,E_Lin,HPT_eff_mod,1,-0.1563013
DS03,13,43,E_Lin,HPT_eff_mod,1,-0.1771522
DS03,13,44,E_Lin,HPT_eff_mod,1,-0.1807979
DS03,13,45,E_Lin,HPT_eff_mod,1,-0.1838817
DS03,13,46,E_Lin,HPT_eff_mod,1,-0.1830786
DS03,13,47,E_Lin,HPT_eff_mod,1,-0.1837714
DS03,13,48,E_Lin,HPT_eff_mod,1,-0.2437395
DS03,13,49,E_Lin,HPT_eff_mod,1,-0.2220341
DS03,13,50,E_Lin,HPT_eff_mod,1,-0.2811666
DS03,13,51,E_Lin,HPT_eff_mod,1,-0.2671365
DS03,13,52,E_Lin,HPT_eff_mod,1,-0.2407209
DS03,13,53,E_Lin,HPT_eff_mod,1,-0.2850482
DS03,13,54,E_Lin,HPT_eff_mod,1,-0.2691639
DS03,13,55,E_Lin,HPT_eff_mod,1,-0.3401494
DS03,13,56,E_Lin,HPT_eff_mod,1,-0.3074626
DS03,13,57,E_Lin,HPT_eff_mod,1,-0.3514198
DS03,13,58,E_Lin,HPT_eff_mod,1,-0.3569443
DS03,13,59,E_Lin,HPT_eff_mod,1,-0.3321981
DS03,13,60,E_Lin,HPT_eff_mod,1,-0.3795885
DS03,13,61,E_Lin,HPT_eff_mod,1,-0.4007182
DS03,13,62,E_Lin,HPT_eff_mod,1,-0.4195735
DS03,13,63,E_Lin,HPT_eff_mod,1,-0.4392552
DS03,13,64,E_Lin,HPT_eff_mod,1,-0.4438938
DS03,13,65,E_Lin,HPT_eff_mod,1,-0.5071521
DS03,13,66,E_Lin,HPT_eff_mod,1,-0.4864813
DS03,13,67,E_Lin,HPT_eff_mod,1,-0.5482806
DS03,13,68,E_Lin,HPT_eff_mod,1,-0.5392588
DS03,13,69,E_Lin,HPT_eff_mod,1,-0.585493
DS03,13,70,E_Lin,HPT_eff_mod,1,-0.6433983
DS03,13,71,E_Lin,HPT_eff_mod,1,-0.6017302
DS03,13,72,E_Lin,HPT_eff_mod,1,-0.6598017
DS03,13,73,E_Lin,HPT_eff_mod,1,-0.7080865
DS03,13,74,E_Lin,HPT_eff_mod,1,-0.7354904
DS03,13,75,E_Lin,HPT_eff_mod,1,-0.779493
DS03,13,76,E_Lin,HPT_eff_mod,1,-0.8150035
DS03,13,77,E_Lin,HPT_eff_mod,1,-0.845321
DS03,13,1,E_Lin,fan_eff_mod,0,-0.01865353
DS03,13,2,E_Lin,fan_eff_mod,0,-0.01368898
DS03,13,3,E_Lin,fan_eff_mod,0,-0.03126724
DS03,13,4,E_Lin,fan_eff_mod,0,-0.01121812
DS03,13,5,E_Lin,fan_eff_mod,0,0.0006348854
DS03,13,6,E_Lin,fan_eff_mod,0,0.001854046
DS03,13,7,E_Lin,fan_eff_mod,0,-0.02081277
DS03,13,8,E_Lin,fan_eff_mod,0,-0.04806069
DS03,13,9,E_Lin,fan_eff_mod,0,0.002272887
DS03,13,10,E_Lin,fan_eff_mod,0,-0.0009805947
DS03,13,11,E_Lin,fan_eff_mod,0,-0.0121402
DS03,13,12,E_Lin,fan_eff_mod,0,-0.003666251
DS03,13,13,E_Lin,fan_eff_mod,0,-0.003236013
DS03,13,14,E_Lin,fan_eff_mod,0,0.003810738
DS03,13,15,E_Lin,fan_eff_mod,0,-0.03397442
DS03,13,16,E_Lin,fan_eff_mod,0,-0.02367716
DS03,13,17,E_Lin,fan_eff_mod,0,0.02759532
DS03,13,18,E_Lin,fan_eff_mod,0,-0.02001873
DS03,13,19,E_Lin,fan_eff_mod,0,-0.04729321
DS03,13,20,E_Lin,fan_eff_mod,0,-0.05127503
DS03,13,21,E_Lin,fan_eff_mod,0,-0.008680517
DS03,13,22,E_Lin,fan_eff_mod,0,-0.01661141
DS03,13,23,E_Lin,fan_eff_mod,0,-0.04622776
DS03,13,24,E_Lin,fan_eff_mod,0,-0.01281743
DS03,13,25,E_Lin,fan_eff_mod,0,0.01058781
DS03,13,26,E_Lin,fan_eff_mod,0,-0.08281549
DS03,13,27,E_Lin,fan_eff_mod,0,-0.03064854
DS03,13,28,E_Lin,fan_eff_mod,0,-0.001662914
DS03,13,29,E_Lin,fan_eff_mod,0,-0.005375447
DS03,13,30,E_Lin,fan_eff_mod,0,-0.04887212
DS03,13,31,E_Lin,fan_eff_mod,0,-0.01865197
DS03,13,32,E_Lin,fan_eff_mod,0,-0.0143511
DS03,13,33,E_Lin,fan_eff_mod,0,-0.01449458
DS03,13,34,E_Lin,fan_eff_mod,0,-0.05047208
DS03,13,35,E_Lin,fan_eff_mod,0,-0.07617217
DS03,13,36,E_Lin,fan_eff_mod,0,-0.07316293
DS03,13,37,E_Lin,fan_eff_mod,0,-0.03278131
DS03,13,38,E_Lin,fan_eff_mod,0,-0.06889775
DS03,13,39,E_Lin,fan_eff_mod,0,-0.08597277
DS03,13,40,E_Lin,fan_eff_mod,0,-0.0601208
DS03,13,41,E_Lin,fan_eff_mod,0,-0.1113284
DS03,13,42,E_Lin,fan_eff_mod,0,-0.08561888
DS03,13,43,E_Lin,fan_eff_mod,0,-0.07848782
DS03,13,44,E_Lin,fan_eff_mod,0,-0.083835
DS03,13,45,E_Lin,fan_eff_mod,0,-0.05442496
DS03,13,46,E_Lin,fan_eff_mod,0,-0.06098934
DS03,13,47,E_Lin,fan_eff_mod,0,-0.03207299
DS03,13,48,E_Lin,fan_eff_mod,0,-0.0762955
DS03,13,49,E_Lin,fan_eff_mod,0,-0.1209445
DS03,13,50,E_Lin,fan_eff_mod,0,-0.07645024
DS03,13,51,E_Lin,fan_eff_mod,0,-0.08067444
DS03,13,52,E_Lin,fan_eff_mod,0,-0.07700298
DS03,13,53,E_Lin,fan_eff_mod,0,-0.0916825
DS03,13,54,E_Lin,fan_eff_mod,0,-0.117362
DS03,13,55,E_Lin,fan_eff_mod,0,-0.1307264
DS03,13,56,E_Lin,fan_eff_mod,0,-0.1241923
DS03,13,57,E_Lin,fan_eff_mod,0,-0.1707138
DS03,13,58,E_Lin,fan_eff_mod,0,-0.1736178
DS03,13,59,E_Lin,fan_eff_mod,0,-0.1275253
DS03,13,60,E_Lin,fan_eff_mod,0,-0.1437639
DS03,13,61,E_Lin,fan_eff_mod,0,-0.1740039
DS03,13,62,E_Lin,fan_eff_mod,0,-0.1986745
DS03,13,63,E_Lin,fan_eff_mod,0,-0.2352784
DS03,13,64,E_Lin,fan_eff_mod,0,-0.2382098
DS03,13,65,E_Lin,fan_eff_mod,0,-0.2462507
DS03,13,66,E_Lin,fan_eff_mod,0,-0.1882588
DS03,13,67,E_Lin,fan_eff_mod,0,-0.3047526
DS03,13,68,E_Lin,fan_eff_mod,0,-0.2427819
DS03,13,69,E_Lin,fan_eff_mod,0,-0.3410813
DS03,13,70,E_Lin,fan_eff_mod,0,-0.3163865
DS03,13,71,E_Lin,fan_eff_mod,0,-0.3207432
DS03,13,72,E_Lin,fan_eff_mod,0,-0.3757296
DS03,13,73,E_Lin,fan_eff_mod,0,-0.4752849
DS03,13,74,E_Lin,fan_eff_mod,0,-0.4966047
DS03,13,75,E_Lin,fan_eff_mod,0,-0.5606974
DS03,13,76,E_Lin,fan_eff_mod,0,-0.5053867
DS03,13,77,E_Lin,fan_eff_mod,0,-0.53592
DS03,13,1,E_Lin,fan_flow_mod,0,-0.02388596
DS03,13,2,E_Lin,fan_flow_mod,0,-0.02665936
DS03,13,3,E_Lin,fan_flow_mod,0,-0.0135184
DS03,13,4,E_Lin,fan_flow_mod,0,-0.01103969
DS03,13,5,E_Lin,fan_flow_mod,0,-0.009378057
DS03,13,6,E_Lin,fan_flow_mod,0,-0.0006120226
DS03,13,7,E_Lin,fan_flow_mod,0,-0.03726979
DS03,13,8,E_Lin,fan_flow_mod,0,-0.05585495
DS03,13,9,E_Lin,fan_flow_mod,0,-0.0005005914
DS03,13,10,E_Lin,fan_flow_mod,0,0.005114297
DS03,13,11,E_Lin,fan_flow_mod,0,-0.02138042
DS03,13,12,E_Lin,fan_flow_mod,0,-0.003558207
DS03,13,13,E_Lin,fan_flow_mod,0,-0.0003938363
DS03,13,14,E_Lin,fan_flow_mod,0,-0.001464261
DS03,13,15,E_Lin,fan_flow_mod,0,-0.05860371
DS03,13,16,E_Lin,fan_flow_mod,0,-0.02507092
DS03,13,17,E_Lin,fan_flow_mod,0,0.02362872
DS03,13,18,E_Lin,fan_flow_mod,0,-0.003451723
DS03,13,19,E_Lin,fan_flow_mod,0,-0.0207378
DS03,13,20,E_Lin,fan_flow_mod,0,-0.06213479
DS03,13,21,E_Lin,fan_flow_mod,0,0.000539339
DS03,13,22,E_Lin,fan_flow_mod,0,-0.004857079
DS03,13,23,E_Lin,fan_flow_mod,0,-0.02418519
DS03,13,24,E_Lin,fan_flow_mod,0,-0.02556869
DS03,13,25,E_Lin,fan_flow_mod,0,-0.004104542
DS03,13,26,E_Lin,fan_flow_mod,0,-0.05025044
DS03,13,27,E_Lin,fan_flow_mod,0,-0.001504253
DS03,13,28,E_Lin,fan_flow_mod,0,-0.0004847635
DS03,13,29,E_Lin,fan_flow_mod,0,-0.01028289
DS03,13,30,E_Lin,fan_flow_mod,0,-0.03406944
DS03,13,31,E_Lin,fan_flow_mod,0,-0.004425971
DS03,13,32,E_Lin,fan_flow_mod,0,0.0212631
DS03,13,33,E_Lin,fan_flow_mod,0,0.003522394
DS03,13,34,E_Lin,fan_flow_mod,0,-0.02197489
DS03,13,35,E_Lin,fan_flow_mod,0,-0.02885567
DS03,13,36,E_Lin,fan_flow_mod,0,-0.03031509
DS03,13,37,E_Lin,fan_flow_mod,0,-0.001329123
DS03,13,38,E_Lin,fan_flow_mod,0,-0.03078353
DS03,13,39,E_Lin,fan_flow_mod,0,-0.008329919
DS03,13,40,E_Lin,fan_flow_mod,0,-0.01185158
DS03,13,41,E_Lin,fan_flow_mod,0,-0.06126775
DS03,13,42,E_Lin,fan_flow_mod,0,-0.008088674
DS03,13,43,E_Lin,fan_flow_mod,0,-0.03437948
DS03,13,44,E_Lin,fan_flow_mod,0,0.004802684
DS03,13,45,E_Lin,fan_flow_mod,0,0.002556742
DS03,13,46,E_Lin,fan_flow_mod,0,0.006650979
DS03,13,47,E_Lin,fan_flow_mod,0,0.01999143
DS03,13,48,E_Lin,fan_flow_mod,0,0.01802365
DS03,13,49,E_Lin,fan_flow_mod,0,-0.01013031
DS03,13,50,E_Lin,fan_flow_mod,0,0.006609246
DS03,13,51,E_Lin,fan_flow_mod,0,0.02243502
DS03,13,52,E_Lin,fan_flow_mod,0,0.00193164
DS03,13,53,E_Lin,fan_flow_mod,0,0.002999518
DS03,13,54,E_Lin,fan_flow_mod,0,0.02897729
DS03,13,55,E_Lin,fan_flow_mod,0,-0.01360006
DS03,13,56,E_Lin,fan_flow_mod,0,0.01203808
DS03,13,57,E_Lin,fan_flow_mod,0,0.01588345
DS03,13,58,E_Lin,fan_flow_mod,0,0.01267839
DS03,13,59,E_Lin,fan_flow_mod,0,0.02281484
DS03,13,60,E_Lin,fan_flow_mod,0,0.0468494
DS03,13,61,E_Lin,fan_flow_mod,0,0.01586311
DS03,13,62,E_Lin,fan_flow_mod,0,0.01599189
DS03,13,63,E_Lin,fan_flow_mod,0,-0.008503326
DS03,13,64,E_Lin,fan_flow_mod,0,-0.03084704
DS03,13,65,E_Lin,fan_flow_mod,0,0.04207936
DS03,13,66,E_Lin,fan_flow_mod,0,0.03195228
DS03,13,67,E_Lin,fan_flow_mod,0,0.03459574
DS03,13,68,E_Lin,fan_flow_mod,0,0.03118925
DS03,13,69,E_Lin,fan_flow_mod,0,0.009224493
DS03,13,70,E_Lin,fan_flow_mod,0,0.03230242
DS03,13,71,E_Lin,fan_flow_mod,0,-0.00359815
DS03,13,72,E_Lin,fan_flow_mod,0,-0.02808711
DS03,13,73,E_Lin,fan_flow_mod,0,0.02609033
DS03,13,74,E_Lin,fan_flow_mod,0,0.03235915
DS03,13,75,E_Lin,fan_flow_mod,0,0.03576216
DS03,13,76,E_Lin,fan_flow_mod,0,0.03750199
DS03,13,77,E_Lin,fan_flow_mod,0,0.06280962
DS03,13,1,E_Lin,HPC_eff_mod,0,-0.00641755
DS03,13,2,E_Lin,HPC_eff_mod,0,0.007515089
DS03,13,3,E_Lin,HPC_eff_mod,0,-0.02000608
DS03,13,4,E_Lin,HPC_eff_mod,0,0.003415739
DS03,13,5,E_Lin,HPC_eff_mod,0,0.04721848
DS03,13,6,E_Lin,HPC_eff_mod,0,-0.05870959
DS03,13,7,E_Lin,HPC_eff_mod,0,-0.02140938
DS03,13,8,E_Lin,HPC_eff_mod,0,0.02282385
DS03,13,9,E_Lin,HPC_eff_mod,0,-0.01774096
DS03,13,10,E_Lin,HPC_eff_mod,0,0.01020164
DS03,13,11,E_Lin,HPC_eff_mod,0,0.001220147
DS03,13,12,E_Lin,HPC_eff_mod,0,0.01735202
DS03,13,13,E_Lin,HPC_eff_mod,0,0.0002361347
DS03,13,14,E_Lin,HPC_eff_mod,0,0.001745296
DS03,13,15,E_Lin,HPC_eff_mod,0,0.01798354
DS03,13,16,E_Lin,HPC_eff_mod,0,0.01601001
DS03,13,17,E_Lin,HPC_eff_mod,0,0.02243144
DS03,13,18,E_Lin,HPC_eff_mod,0,-0.02935358
DS03,13,19,E_Lin,HPC_eff_mod,0,0.0004496097
DS03,13,20,E_Lin,HPC_eff_mod,0,0.005118114
DS03,13,21,E_Lin,HPC_eff_mod,0,-0.002048589
DS03,13,22,E_Lin,HPC_eff_mod,0,0.0006964689
DS03,13,23,E_Lin,HPC_eff_mod,0,-0.01078471
DS03,13,24,E_Lin,HPC_eff_mod,0,0.04929284
DS03,13,25,E_Lin,HPC_eff_mod,0,0.04966289
DS03,13,26,E_Lin,HPC_eff_mod,0,0.02490776
DS03,13,27,E_Lin,HPC_eff_mod,0,-0.02566539
DS03,13,28,E_Lin,HPC_eff_mod,0,0.005032186
DS03,13,29,E_Lin,HPC_eff_mod,0,0.0112409
DS03,13,30,E_Lin,HPC_eff_mod,0,0.00508866
DS03,13,31,E_Lin,HPC_eff_mod,0,0.004486412
DS03,13,32,E_Lin,HPC_eff_mod,0,0.03182455
DS03,13,33,E_Lin,HPC_eff_mod,0,-0.01846318
DS03,13,34,E_Lin,HPC_eff_mod,0,0.01885005
DS03,13,35,E_Lin,HPC_eff_mod,0,0.03044553
DS03,13,36,E_Lin,HPC_eff_mod,0,0.008948303
DS03,13,37,E_Lin,HPC_eff_mod,0,-0.004332195
DS03,13,38,E_Lin,HPC_eff_mod,0,0.02762286
DS03,13,39,E_Lin,HPC_eff_mod,0,-0.01047697
DS03,13,40,E_Lin,HPC_eff_mod,0,0.0004022774
DS03,13,41,E_Lin,HPC_eff_mod,0,0.005479592
DS03,13,42,E_Lin,HPC_eff_mod,0,-0.003583389
DS03,13,43,E_Lin,HPC_eff_mod,0,0.003974916
DS03,13,44,E_Lin,HPC_eff_mod,0,0.01498948
DS03,13,45,E_Lin,HPC_eff_mod,0,0.0193002
DS03,13,46,E_Lin,HPC_eff_mod,0,0.02590396
DS03,13,47,E_Lin,HPC_eff_mod,0,-0.0508724
DS03,13,48,E_Lin,HPC_eff_mod,0,0.01070843
DS03,13,49,E_Lin,HPC_eff_mod,0,0.001355536
DS03,13,50,E_Lin,HPC_eff_mod,0,0.05841261
DS03,13,51,E_Lin,HPC_eff_mod,0,0.00605427
DS03,13,52,E_Lin,HPC_eff_mod,0,0.006189342
DS03,13,53,E_Lin,HPC_eff_mod,0,0.05933
DS03,13,54,E_Lin,HPC_eff_mod,0,0.01680686
DS03,13,55,E_Lin,HPC_eff_mod,0,0.04824688
DS03,13,56,E_Lin,HPC_eff_mod,0,-0.001252353
DS03,13,57,E_Lin,HPC_eff_mod,0,0.01082491
DS03,13,58,E_Lin,HPC_eff_mod,0,0.01992528
DS03,13,59,E_Lin,HPC_eff_mod,0,-0.04287469
DS03,13,60,E_Lin,HPC_eff_mod,0,0.02444215
DS03,13,61,E_Lin,HPC_eff_mod,0,0.03791618
DS03,13,62,E_Lin,HPC_eff_mod,0,-0.000844275
DS03,13,63,E_Lin,HPC_eff_mod,0,0.02063544
DS03,13,64,E_Lin,HPC_eff_mod,0,0.01591999
DS03,13,65,E_Lin,HPC_eff_mod,0,0.01265673
DS03,13,66,E_Lin,HPC_eff_mod,0,0.002925682
DS03,13,67,E_Lin,HPC_eff_mod,0,0.02097568
DS03,13,68,E_Lin,HPC_eff_mod,0,-0.04568647
DS03,13,69,E_Lin,HPC_eff_mod,0,0.02073028
DS03,13,70,E_Lin,HPC_eff_mod,0,0.01580993
DS03,13,71,E_Lin,HPC_eff_mod,0,-0.04256725
DS03,13,72,E_Lin,HPC_eff_mod,0,-0.009606057
DS03,13,73,E_Lin,HPC_eff_mod,0,0.03448382
DS03,13,74,E_Lin,HPC_eff_mod,0,-0.00672199
DS03,13,75,E_Lin,HPC_eff_mod,0,0.03061143
DS03,13,76,E_Lin,HPC_eff_mod,0,-0.01269873
DS03,13,77,E_Lin,HPC_eff_mod,0,-0.0007152712
DS03,13,1,E_Lin,HPC_flow_mod,0,0.001693947
DS03,13,2,E_Lin,HPC_flow_mod,0,0.001631812
DS03,13,3,E_Lin,HPC_flow_mod,0,-0.02604806
DS03,13,4,E_Lin,HPC_flow_mod,0,0.006619191
DS03,13,5,E_Lin,HPC_flow_mod,0,0.0373006
DS03,13,6,E_Lin,HPC_flow_mod,0,-0.0362392
DS03,13,7,E_Lin,HPC_flow_mod,0,-0.0358828
DS03,13,8,E_Lin,HPC_flow_mod,0,0.01909651
DS03,13,9,E_Lin,HPC_flow_mod,0,-0.007375249
DS03,13,10,E_Lin,HPC_flow_mod,0,-0.01142819
DS03,13,11,E_Lin,HPC_flow_mod,0,-0.01143111
DS03,13,12,E_Lin,HPC_flow_mod,0,0.006219159
DS03,13,13,E_Lin,HPC_flow_mod,0,-0.02976322
DS03,13,14,E_Lin,HPC_flow_mod,0,-0.02961187
DS03,13,15,E_Lin,HPC_flow_mod,0,0.02539966
DS03,13,16,E_Lin,HPC_flow_mod,0,0.01734702
DS03,13,17,E_Lin,HPC_flow_mod,0,0.008262247
DS03,13,18,E_Lin,HPC_flow_mod,0,-0.03597216
DS03,13,19,E_Lin,HPC_flow_mod,0,-0.003449303
DS03,13,20,E_Lin,HPC_flow_mod,0,-0.03622574
DS03,13,21,E_Lin,HPC_flow_mod,0,-0.02909046
DS03,13,22,E_Lin,HPC_flow_mod,0,-0.01382939
DS03,13,23,E_Lin,HPC_flow_mod,0,-0.003409199
DS03,13,24,E_Lin,HPC_flow_mod,0,0.01049378
DS03,13,25,E_Lin,HPC_flow_mod,0,0.01572435
DS03,13,26,E_Lin,HPC_flow_mod,0,0.01097292
DS03,13,27,E_Lin,HPC_flow_mod,0,-0.04480271
DS03,13,28,E_Lin,HPC_flow_mod,0,0.005055967
DS03,13,29,E_Lin,HPC_flow_mod,0,0.0005118705
DS03,13,30,E_Lin,HPC_flow_mod,0,0.004751217
DS03,13,31,E_Lin,HPC_flow_mod,0,0.003431235
DS03,13,32,E_Lin,HPC_flow_mod,0,0.009196025
DS03,13,33,E_Lin,HPC_flow_mod,0,-0.03373296
DS03,13,34,E_Lin,HPC_flow_mod,0,-0.004644525
DS03,13,35,E_Lin,HPC_flow_mod,0,-0.01026753
DS03,13,36,E_Lin,HPC_flow_mod,0,0.006446806
DS03,13,37,E_Lin,HPC_flow_mod,0,-0.02203053
DS03,13,38,E_Lin,HPC_flow_mod,0,-0.01553862
DS03,13,39,E_Lin,HPC_flow_mod,0,-0.02674885
DS03,13,40,E_Lin,HPC_flow_mod,0,-0.002944163
DS03,13,41,E_Lin,HPC_flow_mod,0,-0.04730855
DS03,13,42,E_Lin,HPC_flow_mod,0,-0.02067159
DS03,13,43,E_Lin,HPC_flow_mod,0,-0.007642214
DS03,13,44,E_Lin,HPC_flow_mod,0,-0.007060021
DS03,13,45,E_Lin,HPC_flow_mod,0,-0.006613896
DS03,13,46,E_Lin,HPC_flow_mod,0,0.004028002
DS03,13,47,E_Lin,HPC_flow_mod,0,-0.04564617
DS03,13,48,E_Lin,HPC_flow_mod,0,-0.01570892
DS03,13,49,E_Lin,HPC_flow_mod,0,-0.01037496
DS03,13,50,E_Lin,HPC_flow_mod,0,0.01438091
DS03,13,51,E_Lin,HPC_flow_mod,0,-0.03452359
DS03,13,52,E_Lin,HPC_flow_mod,0,-0.01557453
DS03,13,53,E_Lin,HPC_flow_mod,0,0.01521216
DS03,13,54,E_Lin,HPC_flow_mod,0,-0.03452369
DS03,13,55,E_Lin,HPC_flow_mod,0,-0.004917937
DS03,13,56,E_Lin,HPC_flow_mod,0,-0.05004523
DS03,13,57,E_Lin,HPC_flow_mod,0,-0.00895526
DS03,13,58,E_Lin,HPC_flow_mod,0,-0.01362671
DS03,13,59,E_Lin,HPC_flow_mod,0,-0.06653521
DS03,13,60,E_Lin,HPC_flow_mod,0,-0.02677345
DS03,13,61,E_Lin,HPC_flow_mod,0,-0.0103606
DS03,13,62,E_Lin,HPC_flow_mod,0,-0.03534268
DS03,13,63,E_Lin,HPC_flow_mod,0,-0.04115259
DS03,13,64,E_Lin,HPC_flow_mod,0,-0.02893705
DS03,13,65,E_Lin,HPC_flow_mod,0,-0.05277831
DS03,13,66,E_Lin,HPC_flow_mod,0,-0.05313956
DS03,13,67,E_Lin,HPC_flow_mod,0,-0.03431133
DS03,13,68,E_Lin,HPC_flow_mod,0,-0.08594516
DS03,13,69,E_Lin,HPC_flow_mod,0,-0.04881718
DS03,13,70,E_Lin,HPC_flow_mod,0,-0.05131
DS03,13,71,E_Lin,HPC_flow_mod,0,-0.1358108
DS03,13,72,E_Lin,HPC_flow_mod,0,-0.1335143
DS03,13,73,E_Lin,HPC_flow_mod,0,-0.04581387
DS03,13,74,E_Lin,HPC_flow_mod,0,-0.09196115
DS03,13,75,E_Lin,HPC_flow_mod,0,-0.05804063
DS03,13,76,E_Lin,HPC_flow_mod,0,-0.1077048
DS03,13,77,E_Lin,HPC_flow_mod,0,-0.1269982
DS03,13,1,E_Lin,LPT_eff_mod,1,-0.01060805
DS03,13,2,E_Lin,LPT_eff_mod,1,-0.007678438
DS03,13,3,E_Lin,LPT_eff_mod,1,-0.00584669
DS03,13,4,E_Lin,LPT_eff_mod,1,-0.02628674
DS03,13,5,E_Lin,LPT_eff_mod,1,-0.02295545
DS03,13,6,E_Lin,LPT_eff_mod,1,-0.01693431
DS03,13,7,E_Lin,LPT_eff_mod,1,-0.0311275
DS03,13,8,E_Lin,LPT_eff_mod,1,-0.03187293
DS03,13,9,E_Lin,LPT_eff_mod,1,-0.01170573
DS03,13,10,E_Lin,LPT_eff_mod,1,-0.02632047
DS03,13,11,E_Lin,LPT_eff_mod,1,-0.01858268
DS03,13,12,E_Lin,LPT_eff_mod,1,-0.05647561
DS03,13,13,E_Lin,LPT_eff_mod,1,-0.0320011
DS03,13,14,E_Lin,LPT_eff_mod,1,-0.02568806
DS03,13,15,E_Lin,LPT_eff_mod,1,-0.02599525
DS03,13,16,E_Lin,LPT_eff_mod,1,-0.03623601
DS03,13,17,E_Lin,LPT_eff_mod,1,-0.03635783
DS03,13,18,E_Lin,LPT_eff_mod,1,-0.02015083
DS03,13,19,E_Lin,LPT_eff_mod,1,-0.03430724
DS03,13,20,E_Lin,LPT_eff_mod,1,-0.002371028
DS03,13,21,E_Lin,LPT_eff_mod,1,-0.04486816
DS03,13,22,E_Lin,LPT_eff_mod,1,-0.04164258
DS03,13,23,E_Lin,LPT_eff_mod,1,-0.04803891
DS03,13,24,E_Lin,LPT_eff_mod,1,-0.09582558
DS03,13,25,E_Lin,LPT_eff_mod,1,-0.0466874
DS03,13,26,E_Lin,LPT_eff_mod,1,-0.03404719
DS03,13,27,E_Lin,LPT_eff_mod,1,-0.07137336
DS03,13,28,E_Lin,LPT_eff_mod,1,-0.0810344
DS03,13,29,E_Lin,LPT_eff_mod,1,-0.05814898
DS03,13,30,E_Lin,LPT_eff_mod,1,-0.07982594
DS03,13,31,E_Lin,LPT_eff_mod,1,-0.08712684
DS03,13,32,E_Lin,LPT_eff_mod,1,-0.0839403
DS03,13,33,E_Lin,LPT_eff_mod,1,-0.08161043
DS03,13,34,E_Lin,LPT_eff_mod,1,-0.1268173
DS03,13,35,E_Lin,LPT_eff_mod,1,-0.1289325
DS03,13,36,E_Lin,LPT_eff_mod,1,-0.1276577
DS03,13,37,E_Lin,LPT_eff_mod,1,-0.1628481
DS03,13,38,E_Lin,LPT_eff_mod,1,-0.135772
DS03,13,39,E_Lin,LPT_eff_mod,1,-0.1483258
DS03,13,40,E_Lin,LPT_eff_mod,1,-0.1340549
DS03,13,41,E_Lin,LPT_eff_mod,1,-0.1161821
DS03,13,42,E_Lin,LPT_eff_mod,1,-0.1657744
DS03,13,43,E_Lin,LPT_eff_mod,1,-0.1744204
DS03,13,44,E_Lin,LPT_eff_mod,1,-0.2052727
DS03,13,45,E_Lin,LPT_eff_mod,1,-0.2234243
DS03,13,46,E_Lin,LPT_eff_mod,1,-0.2517109
DS03,13,47,E_Lin,LPT_eff_mod,1,-0.1975371
DS03,13,48,E_Lin,LPT_eff_mod,1,-0.2631459
DS03,13,49,E_Lin,LPT_eff_mod,1,-0.2876792
DS03,13,50,E_Lin,LPT_eff_mod,1,-0.2917389
DS03,13,51,E_Lin,LPT_eff_mod,1,-0.2870733
DS03,13,52,E_Lin,LPT_eff_mod,1,-0.2765349
DS03,13,53,E_Lin,LPT_eff_mod,1,-0.3483725
DS03,13,54,E_Lin,LPT_eff_mod,1,-0.4008302
DS03,13,55,E_Lin,LPT_eff_mod,1,-0.392978
DS03,13,56,E_Lin,LPT_eff_mod,1,-0.3754781
DS03,13,57,E_Lin,LPT_eff_mod,1,-0.4063488
DS03,13,58,E_Lin,LPT_eff_mod,1,-0.4753781
DS03,13,59,E_Lin,LPT_eff_mod,1,-0.4578642
DS03,13,60,E_Lin,LPT_eff_mod,1,-0.4897335
DS03,13,61,E_Lin,LPT_eff_mod,1,-0.5576348
DS03,13,62,E_Lin,LPT_eff_mod,1,-0.593715
DS03,13,63,E_Lin,LPT_eff_mod,1,-0.6514583
DS03,13,64,E_Lin,LPT_eff_mod,1,-0.6366356
DS03,13,65,E_Lin,LPT_eff_mod,1,-0.7245728
DS03,13,66,E_Lin,LPT_eff_mod,1,-0.7637726
DS03,13,67,E_Lin,LPT_eff_mod,1,-0.8511024
DS03,13,68,E_Lin,LPT_eff_mod,1,-0.8032449
DS03,13,69,E_Lin,LPT_eff_mod,1,-0.9413695
DS03,13,70,E_Lin,LPT_eff_mod,1,-0.9863346
DS03,13,71,E_Lin,LPT_eff_mod,1,-0.9349996
DS03,13,72,E_Lin,LPT_eff_mod,1,-0.9561055
DS03,13,73,E_Lin,LPT_eff_mod,1,-1.24325
DS03,13,74,E_Lin,LPT_eff_mod,1,-1.269175
DS03,13,75,E_Lin,LPT_eff_mod,1,-1.430412
DS03,13,76,E_Lin,LPT_eff_mod,1,-1.357251
DS03,13,77,E_Lin,LPT_eff_mod,1,-1.523472
DS03,13,1,E_Lin,LPT_flow_mod,1,-0.01983081
DS03,13,2,E_Lin,LPT_flow_mod,1,-0.006074703
DS03,13,3,E_Lin,LPT_flow_mod,1,-0.006702935
DS03,13,4,E_Lin,LPT_flow_mod,1,-0.0184208
DS03,13,5,E_Lin,LPT_flow_mod,1,-0.03365263
DS03,13,6,E_Lin,LPT_flow_mod,1,0.01191635
DS03,13,7,E_Lin,LPT_flow_mod,1,-0.01871995
DS03,13,8,E_Lin,LPT_flow_mod,1,-0.02325947
DS03,13,9,E_Lin,LPT_flow_mod,1,-0.0158845
DS03,13,10,E_Lin,LPT_flow_mod,1,-0.03539925
DS03,13,11,E_Lin,LPT_flow_mod,1,-0.02380402
DS03,13,12,E_Lin,LPT_flow_mod,1,-0.04767033
DS03,13,13,E_Lin,LPT_flow_mod,1,-0.02465936
DS03,13,14,E_Lin,LPT_flow_mod,1,-0.0288205
DS03,13,15,E_Lin,LPT_flow_mod,1,-0.03344675
DS03,13,16,E_Lin,LPT_flow_mod,1,-0.0398541
DS03,13,17,E_Lin,LPT_flow_mod,1,-0.03523801
DS03,13,18,E_Lin,LPT_flow_mod,1,-0.027268
DS03,13,19,E_Lin,LPT_flow_mod,1,-0.04727633
DS03,13,20,E_Lin,LPT_flow_mod,1,-0.04222199
DS03,13,21,E_Lin,LPT_flow_mod,1,-0.03190024
DS03,13,22,E_Lin,LPT_flow_mod,1,-0.04717318
DS03,13,23,E_Lin,LPT_flow_mod,1,-0.036487
DS03,13,24,E_Lin,LPT_flow_mod,1,-0.05670504
DS03,13,25,E_Lin,LPT_flow_mod,1,-0.06498038
DS03,13,26,E_Lin,LPT_flow_mod,1,-0.06125287
DS03,13,27,E_Lin,LPT_flow_mod,1,-0.04437845
DS03,13,28,E_Lin,LPT_flow_mod,1,-0.05200557
DS03,13,29,E_Lin,LPT_flow_mod,1,-0.04998151
DS03,13,30,E_Lin,LPT_flow_mod,1,-0.05607964
DS03,13,31,E_Lin,LPT_flow_mod,1,-0.06607051
DS03,13,32,E_Lin,LPT_flow_mod,1,-0.06983291
DS03,13,33,E_Lin,LPT_flow_mod,1,-0.06811996
DS03,13,34,E_Lin,LPT_flow_mod,1,-0.08756004
DS03,13,35,E_Lin,LPT_flow_mod,1,-0.08250538
DS03,13,36,E_Lin,LPT_flow_mod,1,-0.07258113
DS03,13,37,E_Lin,LPT_flow_mod,1,-0.08048556
DS03,13,38,E_Lin,LPT_flow_mod,1,-0.08832789
DS03,13,39,E_Lin,LPT_flow_mod,1,-0.07925428
DS03,13,40,E_Lin,LPT_flow_mod,1,-0.1001069
DS03,13,41,E_Lin,LPT_flow_mod,1,-0.101783
DS03,13,42,E_Lin,LPT_flow_mod,1,-0.1124829
DS03,13,43,E_Lin,LPT_flow_mod,1,-0.114716
DS03,13,44,E_Lin,LPT_flow_mod,1,-0.1233628
DS03,13,45,E_Lin,LPT_flow_mod,1,-0.1335764
DS03,13,46,E_Lin,LPT_flow_mod,1,-0.1309801
DS03,13,47,E_Lin,LPT_flow_mod,1,-0.1255044
DS03,13,48,E_Lin,LPT_flow_mod,1,-0.1665253
DS03,13,49,E_Lin,LPT_flow_mod,1,-0.1504686
DS03,13,50,E_Lin,LPT_flow_mod,1,-0.1868613
DS03,13,51,E_Lin,LPT_flow_mod,1,-0.180153
DS03,13,52,E_Lin,LPT_flow_mod,1,-0.1448472
DS03,13,53,E_Lin,LPT_flow_mod,1,-0.1938025
DS03,13,54,E_Lin,LPT_flow_mod,1,-0.1908993
DS03,13,55,E_Lin,LPT_flow_mod,1,-0.2206685
DS03,13,56,E_Lin,LPT_flow_mod,1,-0.1955092
DS03,13,57,E_Lin,LPT_flow_mod,1,-0.2411722
DS03,13,58,E_Lin,LPT_flow_mod,1,-0.2418688
DS03,13,59,E_Lin,LPT_flow_mod,1,-0.215886
DS03,13,60,E_Lin,LPT_flow_mod,1,-0.2413921
DS03,13,61,E_Lin,LPT_flow_mod,1,-0.2674953
DS03,13,62,E_Lin,LPT_flow_mod,1,-0.2736126
DS03,13,63,E_Lin,LPT_flow_mod,1,-0.2894364
DS03,13,64,E_Lin,LPT_flow_mod,1,-0.2836606
DS03,13,65,E_Lin,LPT_flow_mod,1,-0.3410303
DS03,13,66,E_Lin,LPT_flow_mod,1,-0.3158979
DS03,13,67,E_Lin,LPT_flow_mod,1,-0.3838937
DS03,13,68,E_Lin,LPT_flow_mod,1,-0.3464734
DS03,13,69,E_Lin,LPT_flow_mod,1,-0.3935327
DS03,13,70,E_Lin,LPT_flow_mod,1,-0.4305616
DS03,13,71,E_Lin,LPT_flow_mod,1,-0.3783689
DS03,13,72,E_Lin,LPT_flow_mod,1,-0.4209737
DS03,13,73,E_Lin,LPT_flow_mod,1,-0.4909692
DS03,13,74,E_Lin,LPT_flow_mod,1,-0.5018364
DS03,13,75,E_Lin,LPT_flow_mod,1,-0.5414103
DS03,13,76,E_Lin,LPT_flow_mod,1,-0.5328492
DS03,13,77,E_Lin,LPT_flow_mod,1,-0.5677003
DS03,13,1,E_Lin,LPC_eff_mod,0,0.007579013
DS03,13,2,E_Lin,LPC_eff_mod,0,-0.06140162
DS03,13,3,E_Lin,LPC_eff_mod,0,-0.003389394
DS03,13,4,E_Lin,LPC_eff_mod,0,-0.05020906
DS03,13,5,E_Lin,LPC_eff_mod,0,-0.03338587
DS03,13,6,E_Lin,LPC_eff_mod,0,-0.05211888
DS03,13,7,E_Lin,LPC_eff_mod,0,0.0001426708
DS03,13,8,E_Lin,LPC_eff_mod,0,-0.007768586
DS03,13,9,E_Lin,LPC_eff_mod,0,-0.0283112
DS03,13,10,E_Lin,LPC_eff_mod,0,-0.03076042
DS03,13,11,E_Lin,LPC_eff_mod,0,-0.0420825
DS03,13,12,E_Lin,LPC_eff_mod,0,-0.03096956
DS03,13,13,E_Lin,LPC_eff_mod,0,-0.04410267
DS03,13,14,E_Lin,LPC_eff_mod,0,-0.03982385
DS03,13,15,E_Lin,LPC_eff_mod,0,0.04289544
DS03,13,16,E_Lin,LPC_eff_mod,0,-0.0192184
DS03,13,17,E_Lin,LPC_eff_mod,0,-0.04619223
DS03,13,18,E_Lin,LPC_eff_mod,0,-0.01100273
DS03,13,19,E_Lin,LPC_eff_mod,0,-0.02073551
DS03,13,20,E_Lin,LPC_eff_mod,0,-0.00761021
DS03,13,21,E_Lin,LPC_eff_mod,0,-0.02365747
DS03,13,22,E_Lin,LPC_eff_mod,0,-0.03783181
DS03,13,23,E_Lin,LPC_eff_mod,0,0.002967229
DS03,13,24,E_Lin,LPC_eff_mod,0,-0.01550559
DS03,13,25,E_Lin,LPC_eff_mod,0,-0.04792129
DS03,13,26,E_Lin,LPC_eff_mod,0,0.03429556
DS03,13,27,E_Lin,LPC_eff_mod,0,-0.001800676
DS03,13,28,E_Lin,LPC_eff_mod,0,-0.02068341
DS03,13,29,E_Lin,LPC_eff_mod,0,-0.03666272
DS03,13,30,E_Lin,LPC_eff_mod,0,0.005145258
DS03,13,31,E_Lin,LPC_eff_mod,0,-0.0149104
DS03,13,32,E_Lin,LPC_eff_mod,0,-0.02690904
DS03,13,33,E_Lin,LPC_eff_mod,0,-0.02793605
DS03,13,34,E_Lin,LPC_eff_mod,0,0.01861322
DS03,13,35,E_Lin,LPC_eff_mod,0,0.006017554
DS03,13,36,E_Lin,LPC_eff_mod,0,0.02627587
DS03,13,37,E_Lin,LPC_eff_mod,0,-0.01301037
DS03,13,38,E_Lin,LPC_eff_mod,0,0.002490913
DS03,13,39,E_Lin,LPC_eff_mod,0,0.03073242
DS03,13,40,E_Lin,LPC_eff_mod,0,0.03341101
DS03,13,41,E_Lin,LPC_eff_mod,0,0.02746954
DS03,13,42,E_Lin,LPC_eff_mod,0,0.03082124
DS03,13,43,E_Lin,LPC_eff_mod,0,0.02156489
DS03,13,44,E_Lin,LPC_eff_mod,0,0.03008016
DS03,13,45,E_Lin,LPC_eff_mod,0,0.0005534501
DS03,13,46,E_Lin,LPC_eff_mod,0,-0.0237461
DS03,13,47,E_Lin,LPC_eff_mod,0,-0.01748898
DS03,13,48,E_Lin,LPC_eff_mod,0,-0.01323396
DS03,13,49,E_Lin,LPC_eff_mod,0,0.06676045
DS03,13,50,E_Lin,LPC_eff_mod,0,-0.01108829
DS03,13,51,E_Lin,LPC_eff_mod,0,0.01127003
DS03,13,52,E_Lin,LPC_eff_mod,0,0.0004080417
DS03,13,53,E_Lin,LPC_eff_mod,0,0.02112408
DS03,13,54,E_Lin,LPC_eff_mod,0,0.003632932
DS03,13,55,E_Lin,LPC_eff_mod,0,0.05477776
DS03,13,56,E_Lin,LPC_eff_mod,0,0.04612869
DS03,13,57,E_Lin,LPC_eff_mod,0,0.06394754
DS03,13,58,E_Lin,LPC_eff_mod,0,0.0656566
DS03,13,59,E_Lin,LPC_eff_mod,0,0.04938833
DS03,13,60,E_Lin,LPC_eff_mod,0,0.03975147
DS03,13,61,E_Lin,LPC_eff_mod,0,0.05778694
DS03,13,62,E_Lin,LPC_eff_mod,0,0.07453171
DS03,13,63,E_Lin,LPC_eff_mod,0,0.1063481
DS03,13,64,E_Lin,LPC_eff_mod,0,0.09190369
DS03,13,65,E_Lin,LPC_eff_mod,0,0.1011773
DS03,13,66,E_Lin,LPC_eff_mod,0,0.06800637
DS03,13,67,E_Lin,LPC_eff_mod,0,0.1274148
DS03,13,68,E_Lin,LPC_eff_mod,0,0.1078946
DS03,13,69,E_Lin,LPC_eff_mod,0,0.1300969
DS03,13,70,E_Lin,LPC_eff_mod,0,0.1440989
DS03,13,71,E_Lin,LPC_eff_mod,0,0.1403933
DS03,13,72,E_Lin,LPC_eff_mod,0,0.1543856
DS03,13,73,E_Lin,LPC_eff_mod,0,0.1934119
DS03,13,74,E_Lin,LPC_eff_mod,0,0.2265465
DS03,13,75,E_Lin,LPC_eff_mod,0,0.2437718
DS03,13,76,E_Lin,LPC_eff_mod,0,0.2087722
DS03,13,77,E_Lin,LPC_eff_mod,0,0.2358513
DS03,13,1,E_Lin,LPC_flow_mod,0,-0.01008423
DS03,13,2,E_Lin,LPC_flow_mod,0,-0.01270319
DS03,13,3,E_Lin,LPC_flow_mod,0,-0.01628237
DS03,13,4,E_Lin,LPC_flow_mod,0,-0.02348799
DS03,13,5,E_Lin,LPC_flow_mod,0,0.001112336
DS03,13,6,E_Lin,LPC_flow_mod,0,-0.03106434
DS03,13,7,E_Lin,LPC_flow_mod,0,-0.02909292
DS03,13,8,E_Lin,LPC_flow_mod,0,0.005299792
DS03,13,9,E_Lin,LPC_flow_mod,0,-0.005548815
DS03,13,10,E_Lin,LPC_flow_mod,0,-0.02550115
DS03,13,11,E_Lin,LPC_flow_mod,0,-0.01347825
DS03,13,12,E_Lin,LPC_flow_mod,0,-0.005005136
DS03,13,13,E_Lin,LPC_flow_mod,0,-0.0344162
DS03,13,14,E_Lin,LPC_flow_mod,0,-0.03477434
DS03,13,15,E_Lin,LPC_flow_mod,0,0.005742339
DS03,13,16,E_Lin,LPC_flow_mod,0,0.007644886
DS03,13,17,E_Lin,LPC_flow_mod,0,-0.01843115
DS03,13,18,E_Lin,LPC_flow_mod,0,-0.01833269
DS03,13,19,E_Lin,LPC_flow_mod,0,-0.005138723
DS03,13,20,E_Lin,LPC_flow_mod,0,-0.02753497
DS03,13,21,E_Lin,LPC_flow_mod,0,-0.03005228
DS03,13,22,E_Lin,LPC_flow_mod,0,-0.0168795
DS03,13,23,E_Lin,LPC_flow_mod,0,-0.00650299
DS03,13,24,E_Lin,LPC_flow_mod,0,-0.003029122
DS03,13,25,E_Lin,LPC_flow_mod,0,-0.002603087
DS03,13,26,E_Lin,LPC_flow_mod,0,-0.003414382
DS03,13,27,E_Lin,LPC_flow_mod,0,-0.01902258
DS03,13,28,E_Lin,LPC_flow_mod,0,-0.01993771
DS03,13,29,E_Lin,LPC_flow_mod,0,-0.01026783
DS03,13,30,E_Lin,LPC_flow_mod,0,0.003243119
DS03,13,31,E_Lin,LPC_flow_mod,0,-0.008356943
DS03,13,32,E_Lin,LPC_flow_mod,0,-0.0117563
DS03,13,33,E_Lin,LPC_flow_mod,0,-0.01204512
DS03,13,34,E_Lin,LPC_flow_mod,0,0.003903361
DS03,13,35,E_Lin,LPC_flow_mod,0,-0.00525124
DS03,13,36,E_Lin,LPC_flow_mod,0,0.003220361
DS03,13,37,E_Lin,LPC_flow_mod,0,-0.01208704
DS03,13,38,E_Lin,LPC_flow_mod,0,-0.006235159
DS03,13,39,E_Lin,LPC_flow_mod,0,-0.01060841
DS03,13,40,E_Lin,LPC_flow_mod,0,-0.003309055
DS03,13,41,E_Lin,LPC_flow_mod,0,-0.0193646
DS03,13,42,E_Lin,LPC_flow_mod,0,-0.0005779086
DS03,13,43,E_Lin,LPC_flow_mod,0,0.001982419
DS03,13,44,E_Lin,LPC_flow_mod,0,0.0004809808
DS03,13,45,E_Lin,LPC_flow_mod,0,0.001822593
DS03,13,46,E_Lin,LPC_flow_mod,0,-0.0008802374
DS03,13,47,E_Lin,LPC_flow_mod,0,-0.02039879
DS03,13,48,E_Lin,LPC_flow_mod,0,-0.0006561292
DS03,13,49,E_Lin,LPC_flow_mod,0,0.006557799
DS03,13,50,E_Lin,LPC_flow_mod,0,0.02084417
DS03,13,51,E_Lin,LPC_flow_mod,0,-0.00686589
DS03,13,52,E_Lin,LPC_flow_mod,0,-0.002740236
DS03,13,53,E_Lin,LPC_flow_mod,0,0.0180749
DS03,13,54,E_Lin,LPC_flow_mod,0,-0.00825629
DS03,13,55,E_Lin,LPC_flow_mod,0,0.01456627
DS03,13,56,E_Lin,LPC_flow_mod,0,-0.01207782
DS03,13,57,E_Lin,LPC_flow_mod,0,0.01485467
DS03,13,58,E_Lin,LPC_flow_mod,0,0.004644897
DS03,13,59,E_Lin,LPC_flow_mod,0,0.001270947
DS03,13,60,E_Lin,LPC_flow_mod,0,0.000450823
DS03,13,61,E_Lin,LPC_flow_mod,0,0.01515947
DS03,13,62,E_Lin,LPC_flow_mod,0,0.01621817
DS03,13,63,E_Lin,LPC_flow_mod,0,0.02056254
DS03,13,64,E_Lin,LPC_flow_mod,0,0.02579132
DS03,13,65,E_Lin,LPC_flow_mod,0,0.01284008
DS03,13,66,E_Lin,LPC_flow_mod,0,0.01441185
DS03,13,67,E_Lin,LPC_flow_mod,0,0.01396774
DS03,13,68,E_Lin,LPC_flow_mod,0,0.01639535
DS03,13,69,E_Lin,LPC_flow_mod,0,0.0313935
DS03,13,70,E_Lin,LPC_flow_mod,0,0.0214428
DS03,13,71,E_Lin,LPC_flow_mod,0,-0.01101527
DS03,13,72,E_Lin,LPC_flow_mod,0,-0.001724368
DS03,13,73,E_Lin,LPC_flow_mod,0,0.0346683
DS03,13,74,E_Lin,LPC_flow_mod,0,0.02486681
DS03,13,75,E_Lin,LPC_flow_mod,0,0.04803362
DS03,13,76,E_Lin,LPC_flow_mod,0,0.03143853
DS03,13,77,E_Lin,LPC_flow_mod,0,0.02148596
DS03,13,1,E_MLP,HPT_eff_mod,1,-0.03848355
DS03,13,2,E_MLP,HPT_eff_mod,1,0.003074401
DS03,13,3,E_MLP,HPT_eff_mod,1,-0.009978734
DS03,13,4,E_MLP,HPT_eff_mod,1,-0.01500539
DS03,13,5,E_MLP,HPT_eff_mod,1,0.01160382
DS03,13,6,E_MLP,HPT_eff_mod,1,0.01392879
DS03,13,7,E_MLP,HPT_eff_mod,1,-0.0356409
DS03,13,8,E_MLP,HPT_eff_mod,1,-0.01320205
DS03,13,9,E_MLP,HPT_eff_mod,1,-0.04526702
DS03,13,10,E_MLP,HPT_eff_mod,1,-0.02503559
DS03,13,11,E_MLP,HPT_eff_mod,1,-0.002435668
DS03,13,12,E_MLP,HPT_eff_mod,1,-0.03558016
DS03,13,13,E_MLP,HPT_eff_mod,1,-0.01390043
DS03,13,14,E_MLP,HPT_eff_mod,1,-0.01117612
DS03,13,15,E_MLP,HPT_eff_mod,1,-0.009643992
DS03,13,16,E_MLP,HPT_eff_mod,1,-0.01964186
DS03,13,17,E_MLP,HPT_eff_mod,1,-0.0171111
DS03,13,18,E_MLP,HPT_eff_mod,1,-0.03736363
DS03,13,19,E_MLP,HPT_eff_mod,1,-0.06368215
DS03,13,20,E_MLP,HPT_eff_mod,1,-0.01224273
DS03,13,21,E_MLP,HPT_eff_mod,1,-0.02728175
DS03,13,22,E_MLP,HPT_eff_mod,1,-0.02285319
DS03,13,23,E_MLP,HPT_eff_mod,1,-0.0268272
DS03,13,24,E_MLP,HPT_eff_mod,1,-0.09876265
DS03,13,25,E_MLP,HPT_eff_mod,1,-0.02408709
DS03,13,26,E_MLP,HPT_eff_mod,1,-0.1169397
DS03,13,27,E_MLP,HPT_eff_mod,1,-0.05143338
DS03,13,28,E_MLP,HPT_eff_mod,1,-0.03367895
DS03,13,29,E_MLP,HPT_eff_mod,1,-0.07861287
DS03,13,30,E_MLP,HPT_eff_mod,1,-0.09957584
DS03,13,31,E_MLP,HPT_eff_mod,1,-0.03177618
DS03,13,32,E_MLP,HPT_eff_mod,1,-0.09643072
DS03,13,33,E_MLP,HPT_eff_mod,1,-0.1012111
DS03,13,34,E_MLP,HPT_eff_mod,1,-0.1471267
DS03,13,35,E_MLP,HPT_eff_mod,1,-0.0675474
DS03,13,36,E_MLP,HPT_eff_mod,1,-0.0493273
DS03,13,37,E_MLP,HPT_eff_mod,1,-0.07698966
DS03,13,38,E_MLP,HPT_eff_mod,1,-0.06599271
DS03,13,39,E_MLP,HPT_eff_mod,1,-0.01777941
DS03,13,40,E_MLP,HPT_eff_mod,1,-0.1789029
DS03,13,41,E_MLP,HPT_eff_mod,1,-0.1346689
DS03,13,42,E_MLP,HPT_eff_mod,1,-0.143342
DS03,13,43,E_MLP,HPT_eff_mod,1,-0.2206123
DS03,13,44,E_MLP,HPT_eff_mod,1,-0.1519686
DS03,13,45,E_MLP,HPT_eff_mod,1,-0.1251082
DS03,13,46,E_MLP,HPT_eff_mod,1,-0.1191853
DS03,13,47,E_MLP,HPT_eff_mod,1,-0.1300965
DS03,13,48,E_MLP,HPT_eff_mod,1,-0.1688935
DS03,13,49,E_MLP,HPT_eff_mod,1,-0.158364
DS03,13,50,E_MLP,HPT_eff_mod,1,-0.310408
DS03,13,51,E_MLP,HPT_eff_mod,1,-0.215012
DS03,13,52,E_MLP,HPT_eff_mod,1,-0.2230993
DS03,13,53,E_MLP,HPT_eff_mod,1,-0.2589507
DS03,13,54,E_MLP,HPT_eff_mod,1,-0.1452945
DS03,13,55,E_MLP,HPT_eff_mod,1,-0.3464965
DS03,13,56,E_MLP,HPT_eff_mod,1,-0.2276851
DS03,13,57,E_MLP,HPT_eff_mod,1,-0.235624
DS03,13,58,E_MLP,HPT_eff_mod,1,-0.2218877
DS03,13,59,E_MLP,HPT_eff_mod,1,-0.2237703
DS03,13,60,E_MLP,HPT_eff_mod,1,-0.2943446
DS03,13,61,E_MLP,HPT_eff_mod,1,-0.2641865
DS03,13,62,E_MLP,HPT_eff_mod,1,-0.2579268
DS03,13,63,E_MLP,HPT_eff_mod,1,-0.2603506
DS03,13,64,E_MLP,HPT_eff_mod,1,-0.2694804
DS03,13,65,E_MLP,HPT_eff_mod,1,-0.2929245
DS03,13,66,E_MLP,HPT_eff_mod,1,-0.2740396
DS03,13,67,E_MLP,HPT_eff_mod,1,-0.2412308
DS03,13,68,E_MLP,HPT_eff_mod,1,-0.3335941
DS03,13,69,E_MLP,HPT_eff_mod,1,-0.2561362
DS03,13,70,E_MLP,HPT_eff_mod,1,-0.3270744
DS03,13,71,E_MLP,HPT_eff_mod,1,-0.3409827
DS03,13,72,E_MLP,HPT_eff_mod,1,-0.3780501
DS03,13,73,E_MLP,HPT_eff_mod,1,-0.2093816
DS03,13,74,E_MLP,HPT_eff_mod,1,-0.2489828
DS03,13,75,E_MLP,HPT_eff_mod,1,-0.1540162
DS03,13,76,E_MLP,HPT_eff_mod,1,-0.3613907
DS03,13,77,E_MLP,HPT_eff_mod,1,-0.2575413
DS03,13,1,E_MLP,fan_eff_mod,0,0.08895756
DS03,13,2,E_MLP,fan_eff_mod,0,-0.1647441
DS03,13,3,E_MLP,fan_eff_mod,0,0.1031734
DS03,13,4,E_MLP,fan_eff_mod,0,0.1149452
DS03,13,5,E_MLP,fan_eff_mod,0,0.2458071
DS03,13,6,E_MLP,fan_eff_mod,0,0.461944
DS03,13,7,E_MLP,fan_eff_mod,0,0.2449072
DS03,13,8,E_MLP,fan_eff_mod,0,0.4211316
DS03,13,9,E_MLP,fan_eff_mod,0,0.1505372
DS03,13,10,E_MLP,fan_eff_mod,0,0.2275513
DS03,13,11,E_MLP,fan_eff_mod,0,0.1309092
DS03,13,12,E_MLP,fan_eff_mod,0,0.3806225
DS03,13,13,E_MLP,fan_eff_mod,0,0.155206
DS03,13,14,E_MLP,fan_eff_mod,0,0.217695
DS03,13,15,E_MLP,fan_eff_mod,0,-0.001056438
DS03,13,16,E_MLP,fan_eff_mod,0,0.30862
DS03,13,17,E_MLP,fan_eff_mod,0,0.2719999
DS03,13,18,E_MLP,fan_eff_mod,0,-0.1182634
DS03,13,19,E_MLP,fan_eff_mod,0,-0.2995983
DS03,13,20,E_MLP,fan_eff_mod,0,-0.09517763
DS03,13,21,E_MLP,fan_eff_mod,0,-0.2207611
DS03,13,22,E_MLP,fan_eff_mod,0,0.3552387
DS03,13,23,E_MLP,fan_eff_mod,0,-0.3135844
DS03,13,24,E_MLP,fan_eff_mod,0,-0.07353522
DS03,13,25,E_MLP,fan_eff_mod,0,0.123548
DS03,13,26,E_MLP,fan_eff_mod,0,-0.7811913
DS03,13,27,E_MLP,fan_eff_mod,0,-0.3312876
DS03,13,28,E_MLP,fan_eff_mod,0,-0.1855437
DS03,13,29,E_MLP,fan_eff_mod,0,-0.06762026
DS03,13,30,E_MLP,fan_eff_mod,0,-0.6504717
DS03,13,31,E_MLP,fan_eff_mod,0,-0.1165571
DS03,13,32,E_MLP,fan_eff_mod,0,-0.305265
DS03,13,33,E_MLP,fan_eff_mod,0,-0.4408468
DS03,13,34,E_MLP,fan_eff_mod,0,-1.208498
DS03,13,35,E_MLP,fan_eff_mod,0,-0.1689081
DS03,13,36,E_MLP,fan_eff_mod,0,-0.3777795
DS03,13,37,E_MLP,fan_eff_mod,0,-0.4586889
DS03,13,38,E_MLP,fan_eff_mod,0,-0.1301547
DS03,13,39,E_MLP,fan_eff_mod,0,0.1375667
DS03,13,40,E_MLP,fan_eff_mod,0,-1.762632
DS03,13,41,E_MLP,fan_eff_mod,0,-1.012295
DS03,13,42,E_MLP,fan_eff_mod,0,-1.243899
DS03,13,43,E_MLP,fan_eff_mod,0,-1.891955
DS03,13,44,E_MLP,fan_eff_mod,0,-1.169338
DS03,13,45,E_MLP,fan_eff_mod,0,-0.5362087
DS03,13,46,E_MLP,fan_eff_mod,0,-0.2827018
DS03,13,47,E_MLP,fan_eff_mod,0,-0.7607127
DS03,13,48,E_MLP,fan_eff_mod,0,-0.8175439
DS03,13,49,E_MLP,fan_eff_mod,0,-1.279037
DS03,13,50,E_MLP,fan_eff_mod,0,-2.183076
DS03,13,51,E_MLP,fan_eff_mod,0,-1.461617
DS03,13,52,E_MLP,fan_eff_mod,0,-1.801924
DS03,13,53,E_MLP,fan_eff_mod,0,-1.62123
DS03,13,54,E_MLP,fan_eff_mod,0,-0.1732035
DS03,13,55,E_MLP,fan_eff_mod,0,-2.614223
DS03,13,56,E_MLP,fan_eff_mod,0,-1.804195
DS03,13,57,E_MLP,fan_eff_mod,0,-1.433042
DS03,13,58,E_MLP,fan_eff_mod,0,-1.033746
DS03,13,59,E_MLP,fan_eff_mod,0,-1.561696
DS03,13,60,E_MLP,fan_eff_mod,0,-2.209994
DS03,13,61,E_MLP,fan_eff_mod,0,-1.11009
DS03,13,62,E_MLP,fan_eff_mod,0,-1.396995
DS03,13,63,E_MLP,fan_eff_mod,0,-1.27799
DS03,13,64,E_MLP,fan_eff_mod,0,-1.304949
DS03,13,65,E_MLP,fan_eff_mod,0,-1.064954
DS03,13,66,E_MLP,fan_eff_mod,0,-1.203588
DS03,13,67,E_MLP,fan_eff_mod,0,-0.6469117
DS03,13,68,E_MLP,fan_eff_mod,0,-2.151553
DS03,13,69,E_MLP,fan_eff_mod,0,-0.618619
DS03,13,70,E_MLP,fan_eff_mod,0,-1.525764
DS03,13,71,E_MLP,fan_eff_mod,0,-3.056074
DS03,13,72,E_MLP,fan_eff_mod,0,-2.369639
DS03,13,73,E_MLP,fan_eff_mod,0,-0.8667181
DS03,13,74,E_MLP,fan_eff_mod,0,-1.324056
DS03,13,75,E_MLP,fan_eff_mod,0,-0.4451669
DS03,13,76,E_MLP,fan_eff_mod,0,-2.262291
DS03,13,77,E_MLP,fan_eff_mod,0,-1.563812
DS03,13,1,E_MLP,fan_flow_mod,0,0.1453645
DS03,13,2,E_MLP,fan_flow_mod,0,0.1669719
DS03,13,3,E_MLP,fan_flow_mod,0,0.08442684
DS03,13,4,E_MLP,fan_flow_mod,0,0.05275129
DS03,13,5,E_MLP,fan_flow_mod,0,-0.03798897
DS03,13,6,E_MLP,fan_flow_mod,0,0.1626221
DS03,13,7,E_MLP,fan_flow_mod,0,0.01411787
DS03,13,8,E_MLP,fan_flow_mod,0,-0.01694351
DS03,13,9,E_MLP,fan_flow_mod,0,0.1134821
DS03,13,10,E_MLP,fan_flow_mod,0,-0.01766488
DS03,13,11,E_MLP,fan_flow_mod,0,0.01213457
DS03,13,12,E_MLP,fan_flow_mod,0,-0.09946994
DS03,13,13,E_MLP,fan_flow_mod,0,0.08579994
DS03,13,14,E_MLP,fan_flow_mod,0,-0.001965164
DS03,13,15,E_MLP,fan_flow_mod,0,0.08515457
DS03,13,16,E_MLP,fan_flow_mod,0,-0.06817848
DS03,13,17,E_MLP,fan_flow_mod,0,-0.001186791
DS03,13,18,E_MLP,fan_flow_mod,0,0.3139252
DS03,13,19,E_MLP,fan_flow_mod,0,0.1749464
DS03,13,20,E_MLP,fan_flow_mod,0,0.08330233
DS03,13,21,E_MLP,fan_flow_mod,0,0.05961926
DS03,13,22,E_MLP,fan_flow_mod,0,0.04683235
DS03,13,23,E_MLP,fan_flow_mod,0,0.005979953
DS03,13,24,E_MLP,fan_flow_mod,0,-0.1774938
DS03,13,25,E_MLP,fan_flow_mod,0,-0.09227189
DS03,13,26,E_MLP,fan_flow_mod,0,0.2936377
DS03,13,27,E_MLP,fan_flow_mod,0,0.2392224
DS03,13,28,E_MLP,fan_flow_mod,0,-0.0800636
DS03,13,29,E_MLP,fan_flow_mod,0,0.01341402
DS03,13,30,E_MLP,fan_flow_mod,0,0.2262259
DS03,13,31,E_MLP,fan_flow_mod,0,0.0007638229
DS03,13,32,E_MLP,fan_flow_mod,0,-0.0914551
DS03,13,33,E_MLP,fan_flow_mod,0,0.3665393
DS03,13,34,E_MLP,fan_flow_mod,0,0.2020954
DS03,13,35,E_MLP,fan_flow_mod,0,-0.103294
DS03,13,36,E_MLP,fan_flow_mod,0,-0.1374641
DS03,13,37,E_MLP,fan_flow_mod,0,-0.06643839
DS03,13,38,E_MLP,fan_flow_mod,0,-0.1351805
DS03,13,39,E_MLP,fan_flow_mod,0,-0.1039972
DS03,13,40,E_MLP,fan_flow_mod,0,0.3366182
DS03,13,41,E_MLP,fan_flow_mod,0,0.2494852
DS03,13,42,E_MLP,fan_flow_mod,0,0.5313988
DS03,13,43,E_MLP,fan_flow_mod,0,0.4075407
DS03,13,44,E_MLP,fan_flow_mod,0,0.2225752
DS03,13,45,E_MLP,fan_flow_mod,0,0.005158355
DS03,13,46,E_MLP,fan_flow_mod,0,-0.06193032
DS03,13,47,E_MLP,fan_flow_mod,0,0.376299
DS03,13,48,E_MLP,fan_flow_mod,0,0.4599819
DS03,13,49,E_MLP,fan_flow_mod,0,0.1316833
DS03,13,50,E_MLP,fan_flow_mod,0,0.6167799
DS03,13,51,E_MLP,fan_flow_mod,0,0.5534313
DS03,13,52,E_MLP,fan_flow_mod,0,0.1798349
DS03,13,53,E_MLP,fan_flow_mod,0,0.2137776
DS03,13,54,E_MLP,fan_flow_mod,0,-0.01259406
DS03,13,55,E_MLP,fan_flow_mod,0,0.3630215
DS03,13,56,E_MLP,fan_flow_mod,0,0.3034098
DS03,13,57,E_MLP,fan_flow_mod,0,0.5437233
DS03,13,58,E_MLP,fan_flow_mod,0,0.1371312
DS03,13,59,E_MLP,fan_flow_mod,0,0.417264
DS03,13,60,E_MLP,fan_flow_mod,0,-0.1946015
DS03,13,61,E_MLP,fan_flow_mod,0,0.04510462
DS03,13,62,E_MLP,fan_flow_mod,0,0.002978248
DS03,13,63,E_MLP,fan_flow_mod,0,-0.3076149
DS03,13,64,E_MLP,fan_flow_mod,0,-0.1586621
DS03,13,65,E_MLP,fan_flow_mod,0,0.1599972
DS03,13,66,E_MLP,fan_flow_mod,0,-0.2397932
DS03,13,67,E_MLP,fan_flow_mod,0,-0.3598107
DS03,13,68,E_MLP,fan_flow_mod,0,0.23362
DS03,13,69,E_MLP,fan_flow_mod,0,-0.3011772
DS03,13,70,E_MLP,fan_flow_mod,0,-0.5522311
DS03,13,71,E_MLP,fan_flow_mod,0,-0.212201
DS03,13,72,E_MLP,fan_flow_mod,0,0.1082016
DS03,13,73,E_MLP,fan_flow_mod,0,-0.9371581
DS03,13,74,E_MLP,fan_flow_mod,0,-0.5840939
DS03,13,75,E_MLP,fan_flow_mod,0,-0.9574034
DS03,13,76,E_MLP,fan_flow_mod,0,-0.6918895
DS03,13,77,E_MLP,fan_flow_mod,0,-0.9610286
DS03,13,1,E_MLP,HPC_eff_mod,0,-0.01870791
DS03,13,2,E_MLP,HPC_eff_mod,0,0.02989177
DS03,13,3,E_MLP,HPC_eff_mod,0,-0.01736852
DS03,13,4,E_MLP,HPC_eff_mod,0,-0.006215557
DS03,13,5,E_MLP,HPC_eff_mod,0,0.003797678
DS03,13,6,E_MLP,HPC_eff_mod,0,-0.02327536
DS03,13,7,E_MLP,HPC_eff_mod,0,-0.05898054
DS03,13,8,E_MLP,HPC_eff_mod,0,0.01988239
DS03,13,9,E_MLP,HPC_eff_mod,0,-0.0253581
DS03,13,10,E_MLP,HPC_eff_mod,0,0.002950431
DS03,13,11,E_MLP,HPC_eff_mod,0,-0.01153267
DS03,13,12,E_MLP,HPC_eff_mod,0,-0.01685949
DS03,13,13,E_MLP,HPC_eff_mod,0,-0.0168545
DS03,13,14,E_MLP,HPC_eff_mod,0,-0.01028703
DS03,13,15,E_MLP,HPC_eff_mod,0,0.006028747
DS03,13,16,E_MLP,HPC_eff_mod,0,0.009267176
DS03,13,17,E_MLP,HPC_eff_mod,0,-0.06918031
DS03,13,18,E_MLP,HPC_eff_mod,0,-0.04545779
DS03,13,19,E_MLP,HPC_eff_mod,0,-0.0101364
DS03,13,20,E_MLP,HPC_eff_mod,0,-0.003942574
DS03,13,21,E_MLP,HPC_eff_mod,0,-0.01874466
DS03,13,22,E_MLP,HPC_eff_mod,0,-0.01557669
DS03,13,23,E_MLP,HPC_eff_mod,0,0.01270744
DS03,13,24,E_MLP,HPC_eff_mod,0,0.005483012
DS03,13,25,E_MLP,HPC_eff_mod,0,-0.03102345
DS03,13,26,E_MLP,HPC_eff_mod,0,0.01316044
DS03,13,27,E_MLP,HPC_eff_mod,0,-0.04102951
DS03,13,28,E_MLP,HPC_eff_mod,0,0.03586496
DS03,13,29,E_MLP,HPC_eff_mod,0,0.02986081
DS03,13,30,E_MLP,HPC_eff_mod,0,0.008959967
DS03,13,31,E_MLP,HPC_eff_mod,0,0.01639923
DS03,13,32,E_MLP,HPC_eff_mod,0,-0.02050861
DS03,13,33,E_MLP,HPC_eff_mod,0,-0.04676331
DS03,13,34,E_MLP,HPC_eff_mod,0,0.00634746
DS03,13,35,E_MLP,HPC_eff_mod,0,0.02213762
DS03,13,36,E_MLP,HPC_eff_mod,0,0.04134518
DS03,13,37,E_MLP,HPC_eff_mod,0,-0.03226336
DS03,13,38,E_MLP,HPC_eff_mod,0,0.01993566
DS03,13,39,E_MLP,HPC_eff_mod,0,-0.05983062
DS03,13,40,E_MLP,HPC_eff_mod,0,0.01073228
DS03,13,41,E_MLP,HPC_eff_mod,0,-0.03168623
DS03,13,42,E_MLP,HPC_eff_mod,0,-0.0309339
DS03,13,43,E_MLP,HPC_eff_mod,0,-0.006044374
DS03,13,44,E_MLP,HPC_eff_mod,0,-0.01026991
DS03,13,45,E_MLP,HPC_eff_mod,0,-0.003242568
DS03,13,46,E_MLP,HPC_eff_mod,0,-0.0004566967
DS03,13,47,E_MLP,HPC_eff_mod,0,-0.03633533
DS03,13,48,E_MLP,HPC_eff_mod,0,-0.04734359
DS03,13,49,E_MLP,HPC_eff_mod,0,-0.03096719
DS03,13,50,E_MLP,HPC_eff_mod,0,-0.01978416
DS03,13,51,E_MLP,HPC_eff_mod,0,-0.06328496
DS03,13,52,E_MLP,HPC_eff_mod,0,-0.05441678
DS03,13,53,E_MLP,HPC_eff_mod,0,-0.0003464273
DS03,13,54,E_MLP,HPC_eff_mod,0,-0.1059408
DS03,13,55,E_MLP,HPC_eff_mod,0,-0.04657904
DS03,13,56,E_MLP,HPC_eff_mod,0,-0.1256617
DS03,13,57,E_MLP,HPC_eff_mod,0,-0.0742071
DS03,13,58,E_MLP,HPC_eff_mod,0,-0.08050175
DS03,13,59,E_MLP,HPC_eff_mod,0,-0.1825501
DS03,13,60,E_MLP,HPC_eff_mod,0,-0.1466532
DS03,13,61,E_MLP,HPC_eff_mod,0,-0.09119043
DS03,13,62,E_MLP,HPC_eff_mod,0,-0.1879281
DS03,13,63,E_MLP,HPC_eff_mod,0,-0.1929869
DS03,13,64,E_MLP,HPC_eff_mod,0,-0.1722431
DS03,13,65,E_MLP,HPC_eff_mod,0,-0.2304375
DS03,13,66,E_MLP,HPC_eff_mod,0,-0.2535028
DS03,13,67,E_MLP,HPC_eff_mod,0,-0.2460281
DS03,13,68,E_MLP,HPC_eff_mod,0,-0.28778
DS03,13,69,E_MLP,HPC_eff_mod,0,-0.3361396
DS03,13,70,E_MLP,HPC_eff_mod,0,-0.3169867
DS03,13,71,E_MLP,HPC_eff_mod,0,-0.391006
DS03,13,72,E_MLP,HPC_eff_mod,0,-0.4201165
DS03,13,73,E_MLP,HPC_eff_mod,0,-0.4217838
DS03,13,74,E_MLP,HPC_eff_mod,0,-0.4574454
DS03,13,75,E_MLP,HPC_eff_mod,0,-0.4632589
DS03,13,76,E_MLP,HPC_eff_mod,0,-0.4842344
DS03,13,77,E_MLP,HPC_eff_mod,0,-0.523779
DS03,13,1,E_MLP,HPC_flow_mod,0,0.06100099
DS03,13,2,E_MLP,HPC_flow_mod,0,-0.06236229
DS03,13,3,E_MLP,HPC_flow_mod,0,-0.0324016
DS03,13,4,E_MLP,HPC_flow_mod,0,0.03438356
DS03,13,5,E_MLP,HPC_flow_mod,0,-0.04750918
DS03,13,6,E_MLP,HPC_flow_mod,0,0.04538189
DS03,13,7,E_MLP,HPC_flow_mod,0,-0.01003472
DS03,13,8,E_MLP,HPC_flow_mod,0,0.02890217
DS03,13,9,E_MLP,HPC_flow_mod,0,-0.01266196
DS03,13,10,E_MLP,HPC_flow_mod,0,0.003095319
DS03,13,11,E_MLP,HPC_flow_mod,0,0.04915597
DS03,13,12,E_MLP,HPC_flow_mod,0,0.02160636
DS03,13,13,E_MLP,HPC_flow_mod,0,-0.005823222
DS03,13,14,E_MLP,HPC_flow_mod,0,0.06289371
DS03,13,15,E_MLP,HPC_flow_mod,0,0.01538599
DS03,13,16,E_MLP,HPC_flow_mod,0,-0.002315219
DS03,13,17,E_MLP,HPC_flow_mod,0,0.1597099
DS03,13,18,E_MLP,HPC_flow_mod,0,-0.08551193
DS03,13,19,E_MLP,HPC_flow_mod,0,-0.07772037
DS03,13,20,E_MLP,HPC_flow_mod,0,0.134822
DS03,13,21,E_MLP,HPC_flow_mod,0,0.08884531
DS03,13,22,E_MLP,HPC_flow_mod,0,0.07695322
DS03,13,23,E_MLP,HPC_flow_mod,0,-0.007609461
DS03,13,24,E_MLP,HPC_flow_mod,0,-0.2306847
DS03,13,25,E_MLP,HPC_flow_mod,0,0.003092284
DS03,13,26,E_MLP,HPC_flow_mod,0,-0.137558
DS03,13,27,E_MLP,HPC_flow_mod,0,-0.1980143
DS03,13,28,E_MLP,HPC_flow_mod,0,0.06679234
DS03,13,29,E_MLP,HPC_flow_mod,0,-0.02395816
DS03,13,30,E_MLP,HPC_flow_mod,0,-0.01979349
DS03,13,31,E_MLP,HPC_flow_mod,0,-0.02253906
DS03,13,32,E_MLP,HPC_flow_mod,0,-0.1498316
DS03,13,33,E_MLP,HPC_flow_mod,0,-0.06016649
DS03,13,34,E_MLP,HPC_flow_mod,0,-0.255057
DS03,13,35,E_MLP,HPC_flow_mod,0,-0.1094411
DS03,13,36,E_MLP,HPC_flow_mod,0,-0.04230322
DS03,13,37,E_MLP,HPC_flow_mod,0,-0.1251266
DS03,13,38,E_MLP,HPC_flow_mod,0,-0.1444152
DS03,13,39,E_MLP,HPC_flow_mod,0,-0.05703694
DS03,13,40,E_MLP,HPC_flow_mod,0,-0.0213284
DS03,13,41,E_MLP,HPC_flow_mod,0,-0.07258788
DS03,13,42,E_MLP,HPC_flow_mod,0,-0.1857146
DS03,13,43,E_MLP,HPC_flow_mod,0,-0.09934147
DS03,13,44,E_MLP,HPC_flow_mod,0,-0.1807565
DS03,13,45,E_MLP,HPC_flow_mod,0,-0.1655831
DS03,13,46,E_MLP,HPC_flow_mod,0,-0.1703869
DS03,13,47,E_MLP,HPC_flow_mod,0,0.0113592
DS03,13,48,E_MLP,HPC_flow_mod,0,-0.3112899
DS03,13,49,E_MLP,HPC_flow_mod,0,-0.1441672
DS03,13,50,E_MLP,HPC_flow_mod,0,-0.65768
DS03,13,51,E_MLP,HPC_flow_mod,0,-0.3837931
DS03,13,52,E_MLP,HPC_flow_mod,0,-0.2594298
DS03,13,53,E_MLP,HPC_flow_mod,0,-0.3917422
DS03,13,54,E_MLP,HPC_flow_mod,0,-0.2150268
DS03,13,55,E_MLP,HPC_flow_mod,0,-0.4891372
DS03,13,56,E_MLP,HPC_flow_mod,0,-0.3457426
DS03,13,57,E_MLP,HPC_flow_mod,0,-0.2176308
DS03,13,58,E_MLP,HPC_flow_mod,0,-0.2056224
DS03,13,59,E_MLP,HPC_flow_mod,0,-0.426793
DS03,13,60,E_MLP,HPC_flow_mod,0,-0.2924601
DS03,13,61,E_MLP,HPC_flow_mod,0,-0.231126
DS03,13,62,E_MLP,HPC_flow_mod,0,-0.3034271
DS03,13,63,E_MLP,HPC_flow_mod,0,-0.214438
DS03,13,64,E_MLP,HPC_flow_mod,0,-0.3411889
DS03,13,65,E_MLP,HPC_flow_mod,0,-0.3012723
DS03,13,66,E_MLP,HPC_flow_mod,0,-0.2837169
DS03,13,67,E_MLP,HPC_flow_mod,0,0.008150912
DS03,13,68,E_MLP,HPC_flow_mod,0,-0.5218859
DS03,13,69,E_MLP,HPC_flow_mod,0,-0.1086706
DS03,13,70,E_MLP,HPC_flow_mod,0,-0.1257398
DS03,13,71,E_MLP,HPC_flow_mod,0,-0.5274644
DS03,13,72,E_MLP,HPC_flow_mod,0,-0.557214
DS03,13,73,E_MLP,HPC_flow_mod,0,0.352699
DS03,13,74,E_MLP,HPC_flow_mod,0,0.1711464
DS03,13,75,E_MLP,HPC_flow_mod,0,0.5204553
DS03,13,76,E_MLP,HPC_flow_mod,0,-0.1830021
DS03,13,77,E_MLP,HPC_flow_mod,0,0.1998929
DS03,13,1,E_MLP,LPT_eff_mod,1,-0.0004220008
DS03,13,2,E_MLP,LPT_eff_mod,1,0.04849404
DS03,13,3,E_MLP,LPT_eff_mod,1,0.04561013
DS03,13,4,E_MLP,LPT_eff_mod,1,0.01357055
DS03,13,5,E_MLP,LPT_eff_mod,1,-0.06042948
DS03,13,6,E_MLP,LPT_eff_mod,1,0.04476833
DS03,13,7,E_MLP,LPT_eff_mod,1,0.02125575
DS03,13,8,E_MLP,LPT_eff_mod,1,-0.01942192
DS03,13,9,E_MLP,LPT_eff_mod,1,-0.002291378
DS03,13,10,E_MLP,LPT_eff_mod,1,-0.01346371
DS03,13,11,E_MLP,LPT_eff_mod,1,0.01274604
DS03,13,12,E_MLP,LPT_eff_mod,1,-0.02965296
DS03,13,13,E_MLP,LPT_eff_mod,1,-0.01211804
DS03,13,14,E_MLP,LPT_eff_mod,1,-0.01133317
DS03,13,15,E_MLP,LPT_eff_mod,1,-0.01829565
DS03,13,16,E_MLP,LPT_eff_mod,1,-0.0517551
DS03,13,17,E_MLP,LPT_eff_mod,1,0.01425506
DS03,13,18,E_MLP,LPT_eff_mod,1,-0.02536215
DS03,13,19,E_MLP,LPT_eff_mod,1,-0.01717016
DS03,13,20,E_MLP,LPT_eff_mod,1,-0.0295983
DS03,13,21,E_MLP,LPT_eff_mod,1,-0.05004304
DS03,13,22,E_MLP,LPT_eff_mod,1,-0.01440703
DS03,13,23,E_MLP,LPT_eff_mod,1,-0.04517559
DS03,13,24,E_MLP,LPT_eff_mod,1,0.005026495
DS03,13,25,E_MLP,LPT_eff_mod,1,-0.00269789
DS03,13,26,E_MLP,LPT_eff_mod,1,-0.009060767
DS03,13,27,E_MLP,LPT_eff_mod,1,-0.1055109
DS03,13,28,E_MLP,LPT_eff_mod,1,-0.04586876
DS03,13,29,E_MLP,LPT_eff_mod,1,-0.02598143
DS03,13,30,E_MLP,LPT_eff_mod,1,-0.0505146
DS03,13,31,E_MLP,LPT_eff_mod,1,-0.105021
DS03,13,32,E_MLP,LPT_eff_mod,1,-0.2319617
DS03,13,33,E_MLP,LPT_eff_mod,1,-0.06557135
DS03,13,34,E_MLP,LPT_eff_mod,1,-0.0912062
DS03,13,35,E_MLP,LPT_eff_mod,1,-0.09056855
DS03,13,36,E_MLP,LPT_eff_mod,1,-0.07211817
DS03,13,37,E_MLP,LPT_eff_mod,1,-0.1952377
DS03,13,38,E_MLP,LPT_eff_mod,1,-0.1109103
DS03,13,39,E_MLP,LPT_eff_mod,1,-0.2036468
DS03,13,40,E_MLP,LPT_eff_mod,1,-0.1248143
DS03,13,41,E_MLP,LPT_eff_mod,1,-0.05670048
DS03,13,42,E_MLP,LPT_eff_mod,1,-0.1498754
DS03,13,43,E_MLP,LPT_eff_mod,1,-0.1111895
DS03,13,44,E_MLP,LPT_eff_mod,1,-0.2478959
DS03,13,45,E_MLP,LPT_eff_mod,1,-0.3098112
DS03,13,46,E_MLP,LPT_eff_mod,1,-0.2917737
DS03,13,47,E_MLP,LPT_eff_mod,1,-0.1753173
DS03,13,48,E_MLP,LPT_eff_mod,1,-0.382086
DS03,13,49,E_MLP,LPT_eff_mod,1,-0.2875455
DS03,13,50,E_MLP,LPT_eff_mod,1,-0.3788345
DS03,13,51,E_MLP,LPT_eff_mod,1,-0.3979287
DS03,13,52,E_MLP,LPT_eff_mod,1,-0.3142881
DS03,13,53,E_MLP,LPT_eff_mod,1,-0.3590123
DS03,13,54,E_MLP,LPT_eff_mod,1,-0.5819494
DS03,13,55,E_MLP,LPT_eff_mod,1,-0.3955187
DS03,13,56,E_MLP,LPT_eff_mod,1,-0.4639531
DS03,13,57,E_MLP,LPT_eff_mod,1,-0.6064025
DS03,13,58,E_MLP,LPT_eff_mod,1,-0.547996
DS03,13,59,E_MLP,LPT_eff_mod,1,-0.6250435
DS03,13,60,E_MLP,LPT_eff_mod,1,-0.9981524
DS03,13,61,E_MLP,LPT_eff_mod,1,-0.6512727
DS03,13,62,E_MLP,LPT_eff_mod,1,-0.8893948
DS03,13,63,E_MLP,LPT_eff_mod,1,-0.9309958
DS03,13,64,E_MLP,LPT_eff_mod,1,-0.7423859
DS03,13,65,E_MLP,LPT_eff_mod,1,-1.068075
DS03,13,66,E_MLP,LPT_eff_mod,1,-1.067798
DS03,13,67,E_MLP,LPT_eff_mod,1,-1.388882
DS03,13,68,E_MLP,LPT_eff_mod,1,-1.190655
DS03,13,69,E_MLP,LPT_eff_mod,1,-1.420804
DS03,13,70,E_MLP,LPT_eff_mod,1,-1.622217
DS03,13,71,E_MLP,LPT_eff_mod,1,-1.497726
DS03,13,72,E_MLP,LPT_eff_mod,1,-1.294849
DS03,13,73,E_MLP,LPT_eff_mod,1,-2.222084
DS03,13,74,E_MLP,LPT_eff_mod,1,-2.204612
DS03,13,75,E_MLP,LPT_eff_mod,1,-2.558262
DS03,13,76,E_MLP,LPT_eff_mod,1,-2.479231
DS03,13,77,E_MLP,LPT_eff_mod,1,-2.761953
DS03,13,1,E_MLP,LPT_flow_mod,1,0.03158655
DS03,13,2,E_MLP,LPT_flow_mod,1,0.02100587
DS03,13,3,E_MLP,LPT_flow_mod,1,0.002791658
DS03,13,4,E_MLP,LPT_flow_mod,1,0.01537
DS03,13,5,E_MLP,LPT_flow_mod,1,-0.01785819
DS03,13,6,E_MLP,LPT_flow_mod,1,0.06815096
DS03,13,7,E_MLP,LPT_flow_mod,1,-0.005831094
DS03,13,8,E_MLP,LPT_flow_mod,1,0.0494032
DS03,13,9,E_MLP,LPT_flow_mod,1,-0.03990392
DS03,13,10,E_MLP,LPT_flow_mod,1,-0.03695098
DS03,13,11,E_MLP,LPT_flow_mod,1,-0.04507422
DS03,13,12,E_MLP,LPT_flow_mod,1,-0.07964987
DS03,13,13,E_MLP,LPT_flow_mod,1,-0.03186055
DS03,13,14,E_MLP,LPT_flow_mod,1,-0.04006214
DS03,13,15,E_MLP,LPT_flow_mod,1,0.004468996
DS03,13,16,E_MLP,LPT_flow_mod,1,0.04369301
DS03,13,17,E_MLP,LPT_flow_mod,1,-0.06420603
DS03,13,18,E_MLP,LPT_flow_mod,1,-0.02963757
DS03,13,19,E_MLP,LPT_flow_mod,1,-0.06964199
DS03,13,20,E_MLP,LPT_flow_mod,1,-0.06207755
DS03,13,21,E_MLP,LPT_flow_mod,1,-0.03793438
DS03,13,22,E_MLP,LPT_flow_mod,1,-0.08248515
DS03,13,23,E_MLP,LPT_flow_mod,1,-0.05447778
DS03,13,24,E_MLP,LPT_flow_mod,1,0.09562531
DS03,13,25,E_MLP,LPT_flow_mod,1,-0.0772204
DS03,13,26,E_MLP,LPT_flow_mod,1,0.1077102
DS03,13,27,E_MLP,LPT_flow_mod,1,-0.08705102
DS03,13,28,E_MLP,LPT_flow_mod,1,-0.1137608
DS03,13,29,E_MLP,LPT_flow_mod,1,0.01588594
DS03,13,30,E_MLP,LPT_flow_mod,1,0.05776212
DS03,13,31,E_MLP,LPT_flow_mod,1,-0.1393302
DS03,13,32,E_MLP,LPT_flow_mod,1,-0.1650354
DS03,13,33,E_MLP,LPT_flow_mod,1,-0.1337595
DS03,13,34,E_MLP,LPT_flow_mod,1,-0.1344782
DS03,13,35,E_MLP,LPT_flow_mod,1,-0.1772678
DS03,13,36,E_MLP,LPT_flow_mod,1,-0.1637668
DS03,13,37,E_MLP,LPT_flow_mod,1,-0.1758054
DS03,13,38,E_MLP,LPT_flow_mod,1,-0.184241
DS03,13,39,E_MLP,LPT_flow_mod,1,-0.1756728
DS03,13,40,E_MLP,LPT_flow_mod,1,-0.1784586
DS03,13,41,E_MLP,LPT_flow_mod,1,-0.192289
DS03,13,42,E_MLP,LPT_flow_mod,1,-0.2291455
DS03,13,43,E_MLP,LPT_flow_mod,1,-0.1993522
DS03,13,44,E_MLP,LPT_flow_mod,1,-0.2861763
DS03,13,45,E_MLP,LPT_flow_mod,1,-0.3087908
DS03,13,46,E_MLP,LPT_flow_mod,1,-0.3107932
DS03,13,47,E_MLP,LPT_flow_mod,1,-0.2969584
DS03,13,48,E_MLP,LPT_flow_mod,1,-0.3787843
DS03,13,49,E_MLP,LPT_flow_mod,1,-0.3432395
DS03,13,50,E_MLP,LPT_flow_mod,1,-0.3291904
DS03,13,51,E_MLP,LPT_flow_mod,1,-0.4049936
DS03,13,52,E_MLP,LPT_flow_mod,1,-0.3640354
DS03,13,53,E_MLP,LPT_flow_mod,1,-0.4085916
DS03,13,54,E_MLP,LPT_flow_mod,1,-0.4183173
DS03,13,55,E_MLP,LPT_flow_mod,1,-0.5050203
DS03,13,56,E_MLP,LPT_flow_mod,1,-0.4779373
DS03,13,57,E_MLP,LPT_flow_mod,1,-0.455244
DS03,13,58,E_MLP,LPT_flow_mod,1,-0.5429469
DS03,13,59,E_MLP,LPT_flow_mod,1,-0.4197876
DS03,13,60,E_MLP,LPT_flow_mod,1,-0.4879221
DS03,13,61,E_MLP,LPT_flow_mod,1,-0.6363933
DS03,13,62,E_MLP,LPT_flow_mod,1,-0.5800731
DS03,13,63,E_MLP,LPT_flow_mod,1,-0.6838295
DS03,13,64,E_MLP,LPT_flow_mod,1,-0.7035884
DS03,13,65,E_MLP,LPT_flow_mod,1,-0.738409
DS03,13,66,E_MLP,LPT_flow_mod,1,-0.7645887
DS03,13,67,E_MLP,LPT_flow_mod,1,-0.8351512
DS03,13,68,E_MLP,LPT_flow_mod,1,-0.7699265
DS03,13,69,E_MLP,LPT_flow_mod,1,-0.9721574
DS03,13,70,E_MLP,LPT_flow_mod,1,-0.9712526
DS03,13,71,E_MLP,LPT_flow_mod,1,-1.058145
DS03,13,72,E_MLP,LPT_flow_mod,1,-1.052446
DS03,13,73,E_MLP,LPT_flow_mod,1,-1.398088
DS03,13,74,E_MLP,LPT_flow_mod,1,-1.494044
DS03,13,75,E_MLP,LPT_flow_mod,1,-1.67374
DS03,13,76,E_MLP,LPT_flow_mod,1,-1.577359
DS03,13,77,E_MLP,LPT_flow_mod,1,-1.860318
DS03,13,1,E_MLP,LPC_eff_mod,0,-0.01322784
DS03,13,2,E_MLP,LPC_eff_mod,0,0.05171746
DS03,13,3,E_MLP,LPC_eff_mod,0,-0.0294303
DS03,13,4,E_MLP,LPC_eff_mod,0,-0.06951129
DS03,13,5,E_MLP,LPC_eff_mod,0,0.04287137
DS03,13,6,E_MLP,LPC_eff_mod,0,-0.390058
DS03,13,7,E_MLP,LPC_eff_mod,0,-0.03240245
DS03,13,8,E_MLP,LPC_eff_mod,0,-0.01721502
DS03,13,9,E_MLP,LPC_eff_mod,0,0.02036585
DS03,13,10,E_MLP,LPC_eff_mod,0,0.01978386
DS03,13,11,E_MLP,LPC_eff_mod,0,-0.0223761
DS03,13,12,E_MLP,LPC_eff_mod,0,-0.08962007
DS03,13,13,E_MLP,LPC_eff_mod,0,0.01026977
DS03,13,14,E_MLP,LPC_eff_mod,0,0.008728487
DS03,13,15,E_MLP,LPC_eff_mod,0,0.02155381
DS03,13,16,E_MLP,LPC_eff_mod,0,0.0158536
DS03,13,17,E_MLP,LPC_eff_mod,0,-0.1181763
DS03,13,18,E_MLP,LPC_eff_mod,0,0.08152708
DS03,13,19,E_MLP,LPC_eff_mod,0,-0.06697938
DS03,13,20,E_MLP,LPC_eff_mod,0,-0.003340033
DS03,13,21,E_MLP,LPC_eff_mod,0,0.03777012
DS03,13,22,E_MLP,LPC_eff_mod,0,-0.1548133
DS03,13,23,E_MLP,LPC_eff_mod,0,0.06892887
DS03,13,24,E_MLP,LPC_eff_mod,0,-0.1334158
DS03,13,25,E_MLP,LPC_eff_mod,0,-0.08841634
DS03,13,26,E_MLP,LPC_eff_mod,0,-0.1993399
DS03,13,27,E_MLP,LPC_eff_mod,0,0.2413341
DS03,13,28,E_MLP,LPC_eff_mod,0,-0.04560349
DS03,13,29,E_MLP,LPC_eff_mod,0,-0.01576612
DS03,13,30,E_MLP,LPC_eff_mod,0,-0.03859396
DS03,13,31,E_MLP,LPC_eff_mod,0,-0.07133961
DS03,13,32,E_MLP,LPC_eff_mod,0,0.08984205
DS03,13,33,E_MLP,LPC_eff_mod,0,-0.1910903
DS03,13,34,E_MLP,LPC_eff_mod,0,-0.3498374
DS03,13,35,E_MLP,LPC_eff_mod,0,-0.05448033
DS03,13,36,E_MLP,LPC_eff_mod,0,-0.01016585
DS03,13,37,E_MLP,LPC_eff_mod,0,0.06763748
DS03,13,38,E_MLP,LPC_eff_mod,0,-0.1161807
DS03,13,39,E_MLP,LPC_eff_mod,0,0.2842094
DS03,13,40,E_MLP,LPC_eff_mod,0,-0.4382116
DS03,13,41,E_MLP,LPC_eff_mod,0,-0.4147373
DS03,13,42,E_MLP,LPC_eff_mod,0,-0.110804
DS03,13,43,E_MLP,LPC_eff_mod,0,-0.6494189
DS03,13,44,E_MLP,LPC_eff_mod,0,0.009820746
DS03,13,45,E_MLP,LPC_eff_mod,0,-0.1915814
DS03,13,46,E_MLP,LPC_eff_mod,0,0.01329796
DS03,13,47,E_MLP,LPC_eff_mod,0,-0.2052722
DS03,13,48,E_MLP,LPC_eff_mod,0,-0.113981
DS03,13,49,E_MLP,LPC_eff_mod,0,0.151836
DS03,13,50,E_MLP,LPC_eff_mod,0,-0.6411307
DS03,13,51,E_MLP,LPC_eff_mod,0,-0.07549511
DS03,13,52,E_MLP,LPC_eff_mod,0,-0.2222341
DS03,13,53,E_MLP,LPC_eff_mod,0,-0.5214794
DS03,13,54,E_MLP,LPC_eff_mod,0,0.4520995
DS03,13,55,E_MLP,LPC_eff_mod,0,-0.4336529
DS03,13,56,E_MLP,LPC_eff_mod,0,0.1781845
DS03,13,57,E_MLP,LPC_eff_mod,0,0.3011368
DS03,13,58,E_MLP,LPC_eff_mod,0,0.356851
DS03,13,59,E_MLP,LPC_eff_mod,0,0.7080929
DS03,13,60,E_MLP,LPC_eff_mod,0,0.5008916
DS03,13,61,E_MLP,LPC_eff_mod,0,0.2279113
DS03,13,62,E_MLP,LPC_eff_mod,0,0.627409
DS03,13,63,E_MLP,LPC_eff_mod,0,0.4582428
DS03,13,64,E_MLP,LPC_eff_mod,0,0.3675407
DS03,13,65,E_MLP,LPC_eff_mod,0,0.792204
DS03,13,66,E_MLP,LPC_eff_mod,0,0.4508548
DS03,13,67,E_MLP,LPC_eff_mod,0,0.8345836
DS03,13,68,E_MLP,LPC_eff_mod,0,1.128013
DS03,13,69,E_MLP,LPC_eff_mod,0,0.740742
DS03,13,70,E_MLP,LPC_eff_mod,0,0.7606181
DS03,13,71,E_MLP,LPC_eff_mod,0,1.034217
DS03,13,72,E_MLP,LPC_eff_mod,0,0.9508953
DS03,13,73,E_MLP,LPC_eff_mod,0,0.9777521
DS03,13,74,E_MLP,LPC_eff_mod,0,1.371702
DS03,13,75,E_MLP,LPC_eff_mod,0,1.091553
DS03,13,76,E_MLP,LPC_eff_mod,0,1.617706
DS03,13,77,E_MLP,LPC_eff_mod,0,1.374606
DS03,13,1,E_MLP,LPC_flow_mod,0,-0.02196492
DS03,13,2,E_MLP,LPC_flow_mod,0,0.06226362
DS03,13,3,E_MLP,LPC_flow_mod,0,0.0163693
DS03,13,4,E_MLP,LPC_flow_mod,0,-0.02348383
DS03,13,5,E_MLP,LPC_flow_mod,0,0.1598032
DS03,13,6,E_MLP,LPC_flow_mod,0,-0.0396906
DS03,13,7,E_MLP,LPC_flow_mod,0,0.04398986
DS03,13,8,E_MLP,LPC_flow_mod,0,0.0606328
DS03,13,9,E_MLP,LPC_flow_mod,0,0.05491573
DS03,13,10,E_MLP,LPC_flow_mod,0,-0.03882685
DS03,13,11,E_MLP,LPC_flow_mod,0,-0.01968532
DS03,13,12,E_MLP,LPC_flow_mod,0,-0.008703074
DS03,13,13,E_MLP,LPC_flow_mod,0,-0.02119145
DS03,13,14,E_MLP,LPC_flow_mod,0,-0.0362265
DS03,13,15,E_MLP,LPC_flow_mod,0,-0.02056713
DS03,13,16,E_MLP,LPC_flow_mod,0,0.04141061
DS03,13,17,E_MLP,LPC_flow_mod,0,0.05576137
DS03,13,18,E_MLP,LPC_flow_mod,0,0.101189
DS03,13,19,E_MLP,LPC_flow_mod,0,-0.09801625
DS03,13,20,E_MLP,LPC_flow_mod,0,-0.004773255
DS03,13,21,E_MLP,LPC_flow_mod,0,-0.03313282
DS03,13,22,E_MLP,LPC_flow_mod,0,-0.06606948
DS03,13,23,E_MLP,LPC_flow_mod,0,-0.02318558
DS03,13,24,E_MLP,LPC_flow_mod,0,0.01489493
DS03,13,25,E_MLP,LPC_flow_mod,0,0.001229583
DS03,13,26,E_MLP,LPC_flow_mod,0,0.02318447
DS03,13,27,E_MLP,LPC_flow_mod,0,0.07209424
DS03,13,28,E_MLP,LPC_flow_mod,0,-0.06002947
DS03,13,29,E_MLP,LPC_flow_mod,0,-0.03800802
DS03,13,30,E_MLP,LPC_flow_mod,0,-0.1218763
DS03,13,31,E_MLP,LPC_flow_mod,0,-0.05353897
DS03,13,32,E_MLP,LPC_flow_mod,0,-0.01774747
DS03,13,33,E_MLP,LPC_flow_mod,0,-0.0847405
DS03,13,34,E_MLP,LPC_flow_mod,0,-0.1525141
DS03,13,35,E_MLP,LPC_flow_mod,0,-0.06959193
DS03,13,36,E_MLP,LPC_flow_mod,0,-0.05224954
DS03,13,37,E_MLP,LPC_flow_mod,0,-0.08025721
DS03,13,38,E_MLP,LPC_flow_mod,0,-0.1170157
DS03,13,39,E_MLP,LPC_flow_mod,0,-0.007897391
DS03,13,40,E_MLP,LPC_flow_mod,0,-0.2182556
DS03,13,41,E_MLP,LPC_flow_mod,0,-0.2595111
DS03,13,42,E_MLP,LPC_flow_mod,0,-0.08933514
DS03,13,43,E_MLP,LPC_flow_mod,0,-0.3355027
DS03,13,44,E_MLP,LPC_flow_mod,0,-0.1304321
DS03,13,45,E_MLP,LPC_flow_mod,0,-0.2468476
DS03,13,46,E_MLP,LPC_flow_mod,0,-0.2029274
DS03,13,47,E_MLP,LPC_flow_mod,0,-0.1235747
DS03,13,48,E_MLP,LPC_flow_mod,0,-0.3156334
DS03,13,49,E_MLP,LPC_flow_mod,0,-0.1512227
DS03,13,50,E_MLP,LPC_flow_mod,0,-0.4663337
DS03,13,51,E_MLP,LPC_flow_mod,0,-0.288739
DS03,13,52,E_MLP,LPC_flow_mod,0,-0.2755597
DS03,13,53,E_MLP,LPC_flow_mod,0,-0.4196519
DS03,13,54,E_MLP,LPC_flow_mod,0,-0.2180647
DS03,13,55,E_MLP,LPC_flow_mod,0,-0.3868448
DS03,13,56,E_MLP,LPC_flow_mod,0,-0.2495511
DS03,13,57,E_MLP,LPC_flow_mod,0,-0.3538539
DS03,13,58,E_MLP,LPC_flow_mod,0,-0.3111205
DS03,13,59,E_MLP,LPC_flow_mod,0,-0.2206859
DS03,13,60,E_MLP,LPC_flow_mod,0,-0.3750746
DS03,13,61,E_MLP,LPC_flow_mod,0,-0.3904262
DS03,13,62,E_MLP,LPC_flow_mod,0,-0.3935789
DS03,13,63,E_MLP,LPC_flow_mod,0,-0.4269636
DS03,13,64,E_MLP,LPC_flow_mod,0,-0.4550269
DS03,13,65,E_MLP,LPC_flow_mod,0,-0.4349378
DS03,13,66,E_MLP,LPC_flow_mod,0,-0.5282874
DS03,13,67,E_MLP,LPC_flow_mod,0,-0.5461354
DS03,13,68,E_MLP,LPC_flow_mod,0,-0.4253023
DS03,13,69,E_MLP,LPC_flow_mod,0,-0.559734
DS03,13,70,E_MLP,LPC_flow_mod,0,-0.702046
DS03,13,71,E_MLP,LPC_flow_mod,0,-0.4735481
DS03,13,72,E_MLP,LPC_flow_mod,0,-0.5644091
DS03,13,73,E_MLP,LPC_flow_mod,0,-0.5633417
DS03,13,74,E_MLP,LPC_flow_mod,0,-0.3979064
DS03,13,75,E_MLP,LPC_flow_mod,0,-0.4931448
DS03,13,76,E_MLP,LPC_flow_mod,0,-0.5481194
DS03,13,77,E_MLP,LPC_flow_mod,0,-0.4620695
DS03,13,1,Z_zero,HPT_eff_mod,1,0
DS03,13,2,Z_zero,HPT_eff_mod,1,0
DS03,13,3,Z_zero,HPT_eff_mod,1,0
DS03,13,4,Z_zero,HPT_eff_mod,1,0
DS03,13,5,Z_zero,HPT_eff_mod,1,0
DS03,13,6,Z_zero,HPT_eff_mod,1,0
DS03,13,7,Z_zero,HPT_eff_mod,1,0
DS03,13,8,Z_zero,HPT_eff_mod,1,0
DS03,13,9,Z_zero,HPT_eff_mod,1,0
DS03,13,10,Z_zero,HPT_eff_mod,1,0
DS03,13,11,Z_zero,HPT_eff_mod,1,0
DS03,13,12,Z_zero,HPT_eff_mod,1,0
DS03,13,13,Z_zero,HPT_eff_mod,1,0
DS03,13,14,Z_zero,HPT_eff_mod,1,0
DS03,13,15,Z_zero,HPT_eff_mod,1,0
DS03,13,16,Z_zero,HPT_eff_mod,1,0
DS03,13,17,Z_zero,HPT_eff_mod,1,0
DS03,13,18,Z_zero,HPT_eff_mod,1,0
DS03,13,19,Z_zero,HPT_eff_mod,1,0
DS03,13,20,Z_zero,HPT_eff_mod,1,0
DS03,13,21,Z_zero,HPT_eff_mod,1,0
DS03,13,22,Z_zero,HPT_eff_mod,1,0
DS03,13,23,Z_zero,HPT_eff_mod,1,0
DS03,13,24,Z_zero,HPT_eff_mod,1,0
DS03,13,25,Z_zero,HPT_eff_mod,1,0
DS03,13,26,Z_zero,HPT_eff_mod,1,0
DS03,13,27,Z_zero,HPT_eff_mod,1,0
DS03,13,28,Z_zero,HPT_eff_mod,1,0
DS03,13,29,Z_zero,HPT_eff_mod,1,0
DS03,13,30,Z_zero,HPT_eff_mod,1,0
DS03,13,31,Z_zero,HPT_eff_mod,1,0
DS03,13,32,Z_zero,HPT_eff_mod,1,0
DS03,13,33,Z_zero,HPT_eff_mod,1,0
DS03,13,34,Z_zero,HPT_eff_mod,1,0
DS03,13,35,Z_zero,HPT_eff_mod,1,0
DS03,13,36,Z_zero,HPT_eff_mod,1,0
DS03,13,37,Z_zero,HPT_eff_mod,1,0
DS03,13,38,Z_zero,HPT_eff_mod,1,0
DS03,13,39,Z_zero,HPT_eff_mod,1,0
DS03,13,40,Z_zero,HPT_eff_mod,1,0
DS03,13,41,Z_zero,HPT_eff_mod,1,0
DS03,13,42,Z_zero,HPT_eff_mod,1,0
DS03,13,43,Z_zero,HPT_eff_mod,1,0
DS03,13,44,Z_zero,HPT_eff_mod,1,0
DS03,13,45,Z_zero,HPT_eff_mod,1,0
DS03,13,46,Z_zero,HPT_eff_mod,1,0
DS03,13,47,Z_zero,HPT_eff_mod,1,0
DS03,13,48,Z_zero,HPT_eff_mod,1,0
DS03,13,49,Z_zero,HPT_eff_mod,1,0
DS03,13,50,Z_zero,HPT_eff_mod,1,0
DS03,13,51,Z_zero,HPT_eff_mod,1,0
DS03,13,52,Z_zero,HPT_eff_mod,1,0
DS03,13,53,Z_zero,HPT_eff_mod,1,0
DS03,13,54,Z_zero,HPT_eff_mod,1,0
DS03,13,55,Z_zero,HPT_eff_mod,1,0
DS03,13,56,Z_zero,HPT_eff_mod,1,0
DS03,13,57,Z_zero,HPT_eff_mod,1,0
DS03,13,58,Z_zero,HPT_eff_mod,1,0
DS03,13,59,Z_zero,HPT_eff_mod,1,0
DS03,13,60,Z_zero,HPT_eff_mod,1,0
DS03,13,61,Z_zero,HPT_eff_mod,1,0
DS03,13,62,Z_zero,HPT_eff_mod,1,0
DS03,13,63,Z_zero,HPT_eff_mod,1,0
DS03,13,64,Z_zero,HPT_eff_mod,1,0
DS03,13,65,Z_zero,HPT_eff_mod,1,0
DS03,13,66,Z_zero,HPT_eff_mod,1,0
DS03,13,67,Z_zero,HPT_eff_mod,1,0
DS03,13,68,Z_zero,HPT_eff_mod,1,0
DS03,13,69,Z_zero,HPT_eff_mod,1,0
DS03,13,70,Z_zero,HPT_eff_mod,1,0
DS03,13,71,Z_zero,HPT_eff_mod,1,0
DS03,13,72,Z_zero,HPT_eff_mod,1,0
DS03,13,73,Z_zero,HPT_eff_mod,1,0
DS03,13,74,Z_zero,HPT_eff_mod,1,0
DS03,13,75,Z_zero,HPT_eff_mod,1,0
DS03,13,76,Z_zero,HPT_eff_mod,1,0
DS03,13,77,Z_zero,HPT_eff_mod,1,0
DS03,13,1,Z_zero,fan_eff_mod,0,0
DS03,13,2,Z_zero,fan_eff_mod,0,0
DS03,13,3,Z_zero,fan_eff_mod,0,0
DS03,13,4,Z_zero,fan_eff_mod,0,0
DS03,13,5,Z_zero,fan_eff_mod,0,0
DS03,13,6,Z_zero,fan_eff_mod,0,0
DS03,13,7,Z_zero,fan_eff_mod,0,0
DS03,13,8,Z_zero,fan_eff_mod,0,0
DS03,13,9,Z_zero,fan_eff_mod,0,0
DS03,13,10,Z_zero,fan_eff_mod,0,0
DS03,13,11,Z_zero,fan_eff_mod,0,0
DS03,13,12,Z_zero,fan_eff_mod,0,0
DS03,13,13,Z_zero,fan_eff_mod,0,0
DS03,13,14,Z_zero,fan_eff_mod,0,0
DS03,13,15,Z_zero,fan_eff_mod,0,0
DS03,13,16,Z_zero,fan_eff_mod,0,0
DS03,13,17,Z_zero,fan_eff_mod,0,0
DS03,13,18,Z_zero,fan_eff_mod,0,0
DS03,13,19,Z_zero,fan_eff_mod,0,0
DS03,13,20,Z_zero,fan_eff_mod,0,0
DS03,13,21,Z_zero,fan_eff_mod,0,0
DS03,13,22,Z_zero,fan_eff_mod,0,0
DS03,13,23,Z_zero,fan_eff_mod,0,0
DS03,13,24,Z_zero,fan_eff_mod,0,0
DS03,13,25,Z_zero,fan_eff_mod,0,0
DS03,13,26,Z_zero,fan_eff_mod,0,0
DS03,13,27,Z_zero,fan_eff_mod,0,0
DS03,13,28,Z_zero,fan_eff_mod,0,0
DS03,13,29,Z_zero,fan_eff_mod,0,0
DS03,13,30,Z_zero,fan_eff_mod,0,0
DS03,13,31,Z_zero,fan_eff_mod,0,0
DS03,13,32,Z_zero,fan_eff_mod,0,0
DS03,13,33,Z_zero,fan_eff_mod,0,0
DS03,13,34,Z_zero,fan_eff_mod,0,0
DS03,13,35,Z_zero,fan_eff_mod,0,0
DS03,13,36,Z_zero,fan_eff_mod,0,0
DS03,13,37,Z_zero,fan_eff_mod,0,0
DS03,13,38,Z_zero,fan_eff_mod,0,0
DS03,13,39,Z_zero,fan_eff_mod,0,0
DS03,13,40,Z_zero,fan_eff_mod,0,0
DS03,13,41,Z_zero,fan_eff_mod,0,0
DS03,13,42,Z_zero,fan_eff_mod,0,0
DS03,13,43,Z_zero,fan_eff_mod,0,0
DS03,13,44,Z_zero,fan_eff_mod,0,0
DS03,13,45,Z_zero,fan_eff_mod,0,0
DS03,13,46,Z_zero,fan_eff_mod,0,0
DS03,13,47,Z_zero,fan_eff_mod,0,0
DS03,13,48,Z_zero,fan_eff_mod,0,0
DS03,13,49,Z_zero,fan_eff_mod,0,0
DS03,13,50,Z_zero,fan_eff_mod,0,0
DS03,13,51,Z_zero,fan_eff_mod,0,0
DS03,13,52,Z_zero,fan_eff_mod,0,0
DS03,13,53,Z_zero,fan_eff_mod,0,0
DS03,13,54,Z_zero,fan_eff_mod,0,0
DS03,13,55,Z_zero,fan_eff_mod,0,0
DS03,13,56,Z_zero,fan_eff_mod,0,0
DS03,13,57,Z_zero,fan_eff_mod,0,0
DS03,13,58,Z_zero,fan_eff_mod,0,0
DS03,13,59,Z_zero,fan_eff_mod,0,0
DS03,13,60,Z_zero,fan_eff_mod,0,0
DS03,13,61,Z_zero,fan_eff_mod,0,0
DS03,13,62,Z_zero,fan_eff_mod,0,0
DS03,13,63,Z_zero,fan_eff_mod,0,0
DS03,13,64,Z_zero,fan_eff_mod,0,0
DS03,13,65,Z_zero,fan_eff_mod,0,0
DS03,13,66,Z_zero,fan_eff_mod,0,0
DS03,13,67,Z_zero,fan_eff_mod,0,0
DS03,13,68,Z_zero,fan_eff_mod,0,0
DS03,13,69,Z_zero,fan_eff_mod,0,0
DS03,13,70,Z_zero,fan_eff_mod,0,0
DS03,13,71,Z_zero,fan_eff_mod,0,0
DS03,13,72,Z_zero,fan_eff_mod,0,0
DS03,13,73,Z_zero,fan_eff_mod,0,0
DS03,13,74,Z_zero,fan_eff_mod,0,0
DS03,13,75,Z_zero,fan_eff_mod,0,0
DS03,13,76,Z_zero,fan_eff_mod,0,0
DS03,13,77,Z_zero,fan_eff_mod,0,0
DS03,13,1,Z_zero,fan_flow_mod,0,0
DS03,13,2,Z_zero,fan_flow_mod,0,0
DS03,13,3,Z_zero,fan_flow_mod,0,0
DS03,13,4,Z_zero,fan_flow_mod,0,0
DS03,13,5,Z_zero,fan_flow_mod,0,0
DS03,13,6,Z_zero,fan_flow_mod,0,0
DS03,13,7,Z_zero,fan_flow_mod,0,0
DS03,13,8,Z_zero,fan_flow_mod,0,0
DS03,13,9,Z_zero,fan_flow_mod,0,0
DS03,13,10,Z_zero,fan_flow_mod,0,0
DS03,13,11,Z_zero,fan_flow_mod,0,0
DS03,13,12,Z_zero,fan_flow_mod,0,0
DS03,13,13,Z_zero,fan_flow_mod,0,0
DS03,13,14,Z_zero,fan_flow_mod,0,0
DS03,13,15,Z_zero,fan_flow_mod,0,0
DS03,13,16,Z_zero,fan_flow_mod,0,0
DS03,13,17,Z_zero,fan_flow_mod,0,0
DS03,13,18,Z_zero,fan_flow_mod,0,0
DS03,13,19,Z_zero,fan_flow_mod,0,0
DS03,13,20,Z_zero,fan_flow_mod,0,0
DS03,13,21,Z_zero,fan_flow_mod,0,0
DS03,13,22,Z_zero,fan_flow_mod,0,0
DS03,13,23,Z_zero,fan_flow_mod,0,0
DS03,13,24,Z_zero,fan_flow_mod,0,0
DS03,13,25,Z_zero,fan_flow_mod,0,0
DS03,13,26,Z_zero,fan_flow_mod,0,0
DS03,13,27,Z_zero,fan_flow_mod,0,0
DS03,13,28,Z_zero,fan_flow_mod,0,0
DS03,13,29,Z_zero,fan_flow_mod,0,0
DS03,13,30,Z_zero,fan_flow_mod,0,0
DS03,13,31,Z_zero,fan_flow_mod,0,0
DS03,13,32,Z_zero,fan_flow_mod,0,0
DS03,13,33,Z_zero,fan_flow_mod,0,0
DS03,13,34,Z_zero,fan_flow_mod,0,0
DS03,13,35,Z_zero,fan_flow_mod,0,0
DS03,13,36,Z_zero,fan_flow_mod,0,0
DS03,13,37,Z_zero,fan_flow_mod,0,0
DS03,13,38,Z_zero,fan_flow_mod,0,0
DS03,13,39,Z_zero,fan_flow_mod,0,0
DS03,13,40,Z_zero,fan_flow_mod,0,0
DS03,13,41,Z_zero,fan_flow_mod,0,0
DS03,13,42,Z_zero,fan_flow_mod,0,0
DS03,13,43,Z_zero,fan_flow_mod,0,0
DS03,13,44,Z_zero,fan_flow_mod,0,0
DS03,13,45,Z_zero,fan_flow_mod,0,0
DS03,13,46,Z_zero,fan_flow_mod,0,0
DS03,13,47,Z_zero,fan_flow_mod,0,0
DS03,13,48,Z_zero,fan_flow_mod,0,0
DS03,13,49,Z_zero,fan_flow_mod,0,0
DS03,13,50,Z_zero,fan_flow_mod,0,0
DS03,13,51,Z_zero,fan_flow_mod,0,0
DS03,13,52,Z_zero,fan_flow_mod,0,0
DS03,13,53,Z_zero,fan_flow_mod,0,0
DS03,13,54,Z_zero,fan_flow_mod,0,0
DS03,13,55,Z_zero,fan_flow_mod,0,0
DS03,13,56,Z_zero,fan_flow_mod,0,0
DS03,13,57,Z_zero,fan_flow_mod,0,0
DS03,13,58,Z_zero,fan_flow_mod,0,0
DS03,13,59,Z_zero,fan_flow_mod,0,0
DS03,13,60,Z_zero,fan_flow_mod,0,0
DS03,13,61,Z_zero,fan_flow_mod,0,0
DS03,13,62,Z_zero,fan_flow_mod,0,0
DS03,13,63,Z_zero,fan_flow_mod,0,0
DS03,13,64,Z_zero,fan_flow_mod,0,0
DS03,13,65,Z_zero,fan_flow_mod,0,0
DS03,13,66,Z_zero,fan_flow_mod,0,0
DS03,13,67,Z_zero,fan_flow_mod,0,0
DS03,13,68,Z_zero,fan_flow_mod,0,0
DS03,13,69,Z_zero,fan_flow_mod,0,0
DS03,13,70,Z_zero,fan_flow_mod,0,0
DS03,13,71,Z_zero,fan_flow_mod,0,0
DS03,13,72,Z_zero,fan_flow_mod,0,0
DS03,13,73,Z_zero,fan_flow_mod,0,0
DS03,13,74,Z_zero,fan_flow_mod,0,0
DS03,13,75,Z_zero,fan_flow_mod,0,0
DS03,13,76,Z_zero,fan_flow_mod,0,0
DS03,13,77,Z_zero,fan_flow_mod,0,0
DS03,13,1,Z_zero,HPC_eff_mod,0,0
DS03,13,2,Z_zero,HPC_eff_mod,0,0
DS03,13,3,Z_zero,HPC_eff_mod,0,0
DS03,13,4,Z_zero,HPC_eff_mod,0,0
DS03,13,5,Z_zero,HPC_eff_mod,0,0
DS03,13,6,Z_zero,HPC_eff_mod,0,0
DS03,13,7,Z_zero,HPC_eff_mod,0,0
DS03,13,8,Z_zero,HPC_eff_mod,0,0
DS03,13,9,Z_zero,HPC_eff_mod,0,0
DS03,13,10,Z_zero,HPC_eff_mod,0,0
DS03,13,11,Z_zero,HPC_eff_mod,0,0
DS03,13,12,Z_zero,HPC_eff_mod,0,0
DS03,13,13,Z_zero,HPC_eff_mod,0,0
DS03,13,14,Z_zero,HPC_eff_mod,0,0
DS03,13,15,Z_zero,HPC_eff_mod,0,0
DS03,13,16,Z_zero,HPC_eff_mod,0,0
DS03,13,17,Z_zero,HPC_eff_mod,0,0
DS03,13,18,Z_zero,HPC_eff_mod,0,0
DS03,13,19,Z_zero,HPC_eff_mod,0,0
DS03,13,20,Z_zero,HPC_eff_mod,0,0
DS03,13,21,Z_zero,HPC_eff_mod,0,0
DS03,13,22,Z_zero,HPC_eff_mod,0,0
DS03,13,23,Z_zero,HPC_eff_mod,0,0
DS03,13,24,Z_zero,HPC_eff_mod,0,0
DS03,13,25,Z_zero,HPC_eff_mod,0,0
DS03,13,26,Z_zero,HPC_eff_mod,0,0
DS03,13,27,Z_zero,HPC_eff_mod,0,0
DS03,13,28,Z_zero,HPC_eff_mod,0,0
DS03,13,29,Z_zero,HPC_eff_mod,0,0
DS03,13,30,Z_zero,HPC_eff_mod,0,0
DS03,13,31,Z_zero,HPC_eff_mod,0,0
DS03,13,32,Z_zero,HPC_eff_mod,0,0
DS03,13,33,Z_zero,HPC_eff_mod,0,0
DS03,13,34,Z_zero,HPC_eff_mod,0,0
DS03,13,35,Z_zero,HPC_eff_mod,0,0
DS03,13,36,Z_zero,HPC_eff_mod,0,0
DS03,13,37,Z_zero,HPC_eff_mod,0,0
DS03,13,38,Z_zero,HPC_eff_mod,0,0
DS03,13,39,Z_zero,HPC_eff_mod,0,0
DS03,13,40,Z_zero,HPC_eff_mod,0,0
DS03,13,41,Z_zero,HPC_eff_mod,0,0
DS03,13,42,Z_zero,HPC_eff_mod,0,0
DS03,13,43,Z_zero,HPC_eff_mod,0,0
DS03,13,44,Z_zero,HPC_eff_mod,0,0
DS03,13,45,Z_zero,HPC_eff_mod,0,0
DS03,13,46,Z_zero,HPC_eff_mod,0,0
DS03,13,47,Z_zero,HPC_eff_mod,0,0
DS03,13,48,Z_zero,HPC_eff_mod,0,0
DS03,13,49,Z_zero,HPC_eff_mod,0,0
DS03,13,50,Z_zero,HPC_eff_mod,0,0
DS03,13,51,Z_zero,HPC_eff_mod,0,0
DS03,13,52,Z_zero,HPC_eff_mod,0,0
DS03,13,53,Z_zero,HPC_eff_mod,0,0
DS03,13,54,Z_zero,HPC_eff_mod,0,0
DS03,13,55,Z_zero,HPC_eff_mod,0,0
DS03,13,56,Z_zero,HPC_eff_mod,0,0
DS03,13,57,Z_zero,HPC_eff_mod,0,0
DS03,13,58,Z_zero,HPC_eff_mod,0,0
DS03,13,59,Z_zero,HPC_eff_mod,0,0
DS03,13,60,Z_zero,HPC_eff_mod,0,0
DS03,13,61,Z_zero,HPC_eff_mod,0,0
DS03,13,62,Z_zero,HPC_eff_mod,0,0
DS03,13,63,Z_zero,HPC_eff_mod,0,0
DS03,13,64,Z_zero,HPC_eff_mod,0,0
DS03,13,65,Z_zero,HPC_eff_mod,0,0
DS03,13,66,Z_zero,HPC_eff_mod,0,0
DS03,13,67,Z_zero,HPC_eff_mod,0,0
DS03,13,68,Z_zero,HPC_eff_mod,0,0
DS03,13,69,Z_zero,HPC_eff_mod,0,0
DS03,13,70,Z_zero,HPC_eff_mod,0,0
DS03,13,71,Z_zero,HPC_eff_mod,0,0
DS03,13,72,Z_zero,HPC_eff_mod,0,0
DS03,13,73,Z_zero,HPC_eff_mod,0,0
DS03,13,74,Z_zero,HPC_eff_mod,0,0
DS03,13,75,Z_zero,HPC_eff_mod,0,0
DS03,13,76,Z_zero,HPC_eff_mod,0,0
DS03,13,77,Z_zero,HPC_eff_mod,0,0
DS03,13,1,Z_zero,HPC_flow_mod,0,0
DS03,13,2,Z_zero,HPC_flow_mod,0,0
DS03,13,3,Z_zero,HPC_flow_mod,0,0
DS03,13,4,Z_zero,HPC_flow_mod,0,0
DS03,13,5,Z_zero,HPC_flow_mod,0,0
DS03,13,6,Z_zero,HPC_flow_mod,0,0
DS03,13,7,Z_zero,HPC_flow_mod,0,0
DS03,13,8,Z_zero,HPC_flow_mod,0,0
DS03,13,9,Z_zero,HPC_flow_mod,0,0
DS03,13,10,Z_zero,HPC_flow_mod,0,0
DS03,13,11,Z_zero,HPC_flow_mod,0,0
DS03,13,12,Z_zero,HPC_flow_mod,0,0
DS03,13,13,Z_zero,HPC_flow_mod,0,0
DS03,13,14,Z_zero,HPC_flow_mod,0,0
DS03,13,15,Z_zero,HPC_flow_mod,0,0
DS03,13,16,Z_zero,HPC_flow_mod,0,0
DS03,13,17,Z_zero,HPC_flow_mod,0,0
DS03,13,18,Z_zero,HPC_flow_mod,0,0
DS03,13,19,Z_zero,HPC_flow_mod,0,0
DS03,13,20,Z_zero,HPC_flow_mod,0,0
DS03,13,21,Z_zero,HPC_flow_mod,0,0
DS03,13,22,Z_zero,HPC_flow_mod,0,0
DS03,13,23,Z_zero,HPC_flow_mod,0,0
DS03,13,24,Z_zero,HPC_flow_mod,0,0
DS03,13,25,Z_zero,HPC_flow_mod,0,0
DS03,13,26,Z_zero,HPC_flow_mod,0,0
DS03,13,27,Z_zero,HPC_flow_mod,0,0
DS03,13,28,Z_zero,HPC_flow_mod,0,0
DS03,13,29,Z_zero,HPC_flow_mod,0,0
DS03,13,30,Z_zero,HPC_flow_mod,0,0
DS03,13,31,Z_zero,HPC_flow_mod,0,0
DS03,13,32,Z_zero,HPC_flow_mod,0,0
DS03,13,33,Z_zero,HPC_flow_mod,0,0
DS03,13,34,Z_zero,HPC_flow_mod,0,0
DS03,13,35,Z_zero,HPC_flow_mod,0,0
DS03,13,36,Z_zero,HPC_flow_mod,0,0
DS03,13,37,Z_zero,HPC_flow_mod,0,0
DS03,13,38,Z_zero,HPC_flow_mod,0,0
DS03,13,39,Z_zero,HPC_flow_mod,0,0
DS03,13,40,Z_zero,HPC_flow_mod,0,0
DS03,13,41,Z_zero,HPC_flow_mod,0,0
DS03,13,42,Z_zero,HPC_flow_mod,0,0
DS03,13,43,Z_zero,HPC_flow_mod,0,0
DS03,13,44,Z_zero,HPC_flow_mod,0,0
DS03,13,45,Z_zero,HPC_flow_mod,0,0
DS03,13,46,Z_zero,HPC_flow_mod,0,0
DS03,13,47,Z_zero,HPC_flow_mod,0,0
DS03,13,48,Z_zero,HPC_flow_mod,0,0
DS03,13,49,Z_zero,HPC_flow_mod,0,0
DS03,13,50,Z_zero,HPC_flow_mod,0,0
DS03,13,51,Z_zero,HPC_flow_mod,0,0
DS03,13,52,Z_zero,HPC_flow_mod,0,0
DS03,13,53,Z_zero,HPC_flow_mod,0,0
DS03,13,54,Z_zero,HPC_flow_mod,0,0
DS03,13,55,Z_zero,HPC_flow_mod,0,0
DS03,13,56,Z_zero,HPC_flow_mod,0,0
DS03,13,57,Z_zero,HPC_flow_mod,0,0
DS03,13,58,Z_zero,HPC_flow_mod,0,0
DS03,13,59,Z_zero,HPC_flow_mod,0,0
DS03,13,60,Z_zero,HPC_flow_mod,0,0
DS03,13,61,Z_zero,HPC_flow_mod,0,0
DS03,13,62,Z_zero,HPC_flow_mod,0,0
DS03,13,63,Z_zero,HPC_flow_mod,0,0
DS03,13,64,Z_zero,HPC_flow_mod,0,0
DS03,13,65,Z_zero,HPC_flow_mod,0,0
DS03,13,66,Z_zero,HPC_flow_mod,0,0
DS03,13,67,Z_zero,HPC_flow_mod,0,0
DS03,13,68,Z_zero,HPC_flow_mod,0,0
DS03,13,69,Z_zero,HPC_flow_mod,0,0
DS03,13,70,Z_zero,HPC_flow_mod,0,0
DS03,13,71,Z_zero,HPC_flow_mod,0,0
DS03,13,72,Z_zero,HPC_flow_mod,0,0
DS03,13,73,Z_zero,HPC_flow_mod,0,0
DS03,13,74,Z_zero,HPC_flow_mod,0,0
DS03,13,75,Z_zero,HPC_flow_mod,0,0
DS03,13,76,Z_zero,HPC_flow_mod,0,0
DS03,13,77,Z_zero,HPC_flow_mod,0,0
DS03,13,1,Z_zero,LPT_eff_mod,1,0
DS03,13,2,Z_zero,LPT_eff_mod,1,0
DS03,13,3,Z_zero,LPT_eff_mod,1,0
DS03,13,4,Z_zero,LPT_eff_mod,1,0
DS03,13,5,Z_zero,LPT_eff_mod,1,0
DS03,13,6,Z_zero,LPT_eff_mod,1,0
DS03,13,7,Z_zero,LPT_eff_mod,1,0
DS03,13,8,Z_zero,LPT_eff_mod,1,0
DS03,13,9,Z_zero,LPT_eff_mod,1,0
DS03,13,10,Z_zero,LPT_eff_mod,1,0
DS03,13,11,Z_zero,LPT_eff_mod,1,0
DS03,13,12,Z_zero,LPT_eff_mod,1,0
DS03,13,13,Z_zero,LPT_eff_mod,1,0
DS03,13,14,Z_zero,LPT_eff_mod,1,0
DS03,13,15,Z_zero,LPT_eff_mod,1,0
DS03,13,16,Z_zero,LPT_eff_mod,1,0
DS03,13,17,Z_zero,LPT_eff_mod,1,0
DS03,13,18,Z_zero,LPT_eff_mod,1,0
DS03,13,19,Z_zero,LPT_eff_mod,1,0
DS03,13,20,Z_zero,LPT_eff_mod,1,0
DS03,13,21,Z_zero,LPT_eff_mod,1,0
DS03,13,22,Z_zero,LPT_eff_mod,1,0
DS03,13,23,Z_zero,LPT_eff_mod,1,0
DS03,13,24,Z_zero,LPT_eff_mod,1,0
DS03,13,25,Z_zero,LPT_eff_mod,1,0
DS03,13,26,Z_zero,LPT_eff_mod,1,0
DS03,13,27,Z_zero,LPT_eff_mod,1,0
DS03,13,28,Z_zero,LPT_eff_mod,1,0
DS03,13,29,Z_zero,LPT_eff_mod,1,0
DS03,13,30,Z_zero,LPT_eff_mod,1,0
DS03,13,31,Z_zero,LPT_eff_mod,1,0
DS03,13,32,Z_zero,LPT_eff_mod,1,0
DS03,13,33,Z_zero,LPT_eff_mod,1,0
DS03,13,34,Z_zero,LPT_eff_mod,1,0
DS03,13,35,Z_zero,LPT_eff_mod,1,0
DS03,13,36,Z_zero,LPT_eff_mod,1,0
DS03,13,37,Z_zero,LPT_eff_mod,1,0
DS03,13,38,Z_zero,LPT_eff_mod,1,0
DS03,13,39,Z_zero,LPT_eff_mod,1,0
DS03,13,40,Z_zero,LPT_eff_mod,1,0
DS03,13,41,Z_zero,LPT_eff_mod,1,0
DS03,13,42,Z_zero,LPT_eff_mod,1,0
DS03,13,43,Z_zero,LPT_eff_mod,1,0
DS03,13,44,Z_zero,LPT_eff_mod,1,0
DS03,13,45,Z_zero,LPT_eff_mod,1,0
DS03,13,46,Z_zero,LPT_eff_mod,1,0
DS03,13,47,Z_zero,LPT_eff_mod,1,0
DS03,13,48,Z_zero,LPT_eff_mod,1,0
DS03,13,49,Z_zero,LPT_eff_mod,1,0
DS03,13,50,Z_zero,LPT_eff_mod,1,0
DS03,13,51,Z_zero,LPT_eff_mod,1,0
DS03,13,52,Z_zero,LPT_eff_mod,1,0
DS03,13,53,Z_zero,LPT_eff_mod,1,0
DS03,13,54,Z_zero,LPT_eff_mod,1,0
DS03,13,55,Z_zero,LPT_eff_mod,1,0
DS03,13,56,Z_zero,LPT_eff_mod,1,0
DS03,13,57,Z_zero,LPT_eff_mod,1,0
DS03,13,58,Z_zero,LPT_eff_mod,1,0
DS03,13,59,Z_zero,LPT_eff_mod,1,0
DS03,13,60,Z_zero,LPT_eff_mod,1,0
DS03,13,61,Z_zero,LPT_eff_mod,1,0
DS03,13,62,Z_zero,LPT_eff_mod,1,0
DS03,13,63,Z_zero,LPT_eff_mod,1,0
DS03,13,64,Z_zero,LPT_eff_mod,1,0
DS03,13,65,Z_zero,LPT_eff_mod,1,0
DS03,13,66,Z_zero,LPT_eff_mod,1,0
DS03,13,67,Z_zero,LPT_eff_mod,1,0
DS03,13,68,Z_zero,LPT_eff_mod,1,0
DS03,13,69,Z_zero,LPT_eff_mod,1,0
DS03,13,70,Z_zero,LPT_eff_mod,1,0
DS03,13,71,Z_zero,LPT_eff_mod,1,0
DS03,13,72,Z_zero,LPT_eff_mod,1,0
DS03,13,73,Z_zero,LPT_eff_mod,1,0
DS03,13,74,Z_zero,LPT_eff_mod,1,0
DS03,13,75,Z_zero,LPT_eff_mod,1,0
DS03,13,76,Z_zero,LPT_eff_mod,1,0
DS03,13,77,Z_zero,LPT_eff_mod,1,0
DS03,13,1,Z_zero,LPT_flow_mod,1,0
DS03,13,2,Z_zero,LPT_flow_mod,1,0
DS03,13,3,Z_zero,LPT_flow_mod,1,0
DS03,13,4,Z_zero,LPT_flow_mod,1,0
DS03,13,5,Z_zero,LPT_flow_mod,1,0
DS03,13,6,Z_zero,LPT_flow_mod,1,0
DS03,13,7,Z_zero,LPT_flow_mod,1,0
DS03,13,8,Z_zero,LPT_flow_mod,1,0
DS03,13,9,Z_zero,LPT_flow_mod,1,0
DS03,13,10,Z_zero,LPT_flow_mod,1,0
DS03,13,11,Z_zero,LPT_flow_mod,1,0
DS03,13,12,Z_zero,LPT_flow_mod,1,0
DS03,13,13,Z_zero,LPT_flow_mod,1,0
DS03,13,14,Z_zero,LPT_flow_mod,1,0
DS03,13,15,Z_zero,LPT_flow_mod,1,0
DS03,13,16,Z_zero,LPT_flow_mod,1,0
DS03,13,17,Z_zero,LPT_flow_mod,1,0
DS03,13,18,Z_zero,LPT_flow_mod,1,0
DS03,13,19,Z_zero,LPT_flow_mod,1,0
DS03,13,20,Z_zero,LPT_flow_mod,1,0
DS03,13,21,Z_zero,LPT_flow_mod,1,0
DS03,13,22,Z_zero,LPT_flow_mod,1,0
DS03,13,23,Z_zero,LPT_flow_mod,1,0
DS03,13,24,Z_zero,LPT_flow_mod,1,0
DS03,13,25,Z_zero,LPT_flow_mod,1,0
DS03,13,26,Z_zero,LPT_flow_mod,1,0
DS03,13,27,Z_zero,LPT_flow_mod,1,0
DS03,13,28,Z_zero,LPT_flow_mod,1,0
DS03,13,29,Z_zero,LPT_flow_mod,1,0
DS03,13,30,Z_zero,LPT_flow_mod,1,0
DS03,13,31,Z_zero,LPT_flow_mod,1,0
DS03,13,32,Z_zero,LPT_flow_mod,1,0
DS03,13,33,Z_zero,LPT_flow_mod,1,0
DS03,13,34,Z_zero,LPT_flow_mod,1,0
DS03,13,35,Z_zero,LPT_flow_mod,1,0
DS03,13,36,Z_zero,LPT_flow_mod,1,0
DS03,13,37,Z_zero,LPT_flow_mod,1,0
DS03,13,38,Z_zero,LPT_flow_mod,1,0
DS03,13,39,Z_zero,LPT_flow_mod,1,0
DS03,13,40,Z_zero,LPT_flow_mod,1,0
DS03,13,41,Z_zero,LPT_flow_mod,1,0
DS03,13,42,Z_zero,LPT_flow_mod,1,0
DS03,13,43,Z_zero,LPT_flow_mod,1,0
DS03,13,44,Z_zero,LPT_flow_mod,1,0
DS03,13,45,Z_zero,LPT_flow_mod,1,0
DS03,13,46,Z_zero,LPT_flow_mod,1,0
DS03,13,47,Z_zero,LPT_flow_mod,1,0
DS03,13,48,Z_zero,LPT_flow_mod,1,0
DS03,13,49,Z_zero,LPT_flow_mod,1,0
DS03,13,50,Z_zero,LPT_flow_mod,1,0
DS03,13,51,Z_zero,LPT_flow_mod,1,0
DS03,13,52,Z_zero,LPT_flow_mod,1,0
DS03,13,53,Z_zero,LPT_flow_mod,1,0
DS03,13,54,Z_zero,LPT_flow_mod,1,0
DS03,13,55,Z_zero,LPT_flow_mod,1,0
DS03,13,56,Z_zero,LPT_flow_mod,1,0
DS03,13,57,Z_zero,LPT_flow_mod,1,0
DS03,13,58,Z_zero,LPT_flow_mod,1,0
DS03,13,59,Z_zero,LPT_flow_mod,1,0
DS03,13,60,Z_zero,LPT_flow_mod,1,0
DS03,13,61,Z_zero,LPT_flow_mod,1,0
DS03,13,62,Z_zero,LPT_flow_mod,1,0
DS03,13,63,Z_zero,LPT_flow_mod,1,0
DS03,13,64,Z_zero,LPT_flow_mod,1,0
DS03,13,65,Z_zero,LPT_flow_mod,1,0
DS03,13,66,Z_zero,LPT_flow_mod,1,0
DS03,13,67,Z_zero,LPT_flow_mod,1,0
DS03,13,68,Z_zero,LPT_flow_mod,1,0
DS03,13,69,Z_zero,LPT_flow_mod,1,0
DS03,13,70,Z_zero,LPT_flow_mod,1,0
DS03,13,71,Z_zero,LPT_flow_mod,1,0
DS03,13,72,Z_zero,LPT_flow_mod,1,0
DS03,13,73,Z_zero,LPT_flow_mod,1,0
DS03,13,74,Z_zero,LPT_flow_mod,1,0
DS03,13,75,Z_zero,LPT_flow_mod,1,0
DS03,13,76,Z_zero,LPT_flow_mod,1,0
DS03,13,77,Z_zero,LPT_flow_mod,1,0
DS03,13,1,Z_zero,LPC_eff_mod,0,0
DS03,13,2,Z_zero,LPC_eff_mod,0,0
DS03,13,3,Z_zero,LPC_eff_mod,0,0
DS03,13,4,Z_zero,LPC_eff_mod,0,0
DS03,13,5,Z_zero,LPC_eff_mod,0,0
DS03,13,6,Z_zero,LPC_eff_mod,0,0
DS03,13,7,Z_zero,LPC_eff_mod,0,0
DS03,13,8,Z_zero,LPC_eff_mod,0,0
DS03,13,9,Z_zero,LPC_eff_mod,0,0
DS03,13,10,Z_zero,LPC_eff_mod,0,0
DS03,13,11,Z_zero,LPC_eff_mod,0,0
DS03,13,12,Z_zero,LPC_eff_mod,0,0
DS03,13,13,Z_zero,LPC_eff_mod,0,0
DS03,13,14,Z_zero,LPC_eff_mod,0,0
DS03,13,15,Z_zero,LPC_eff_mod,0,0
DS03,13,16,Z_zero,LPC_eff_mod,0,0
DS03,13,17,Z_zero,LPC_eff_mod,0,0
DS03,13,18,Z_zero,LPC_eff_mod,0,0
DS03,13,19,Z_zero,LPC_eff_mod,0,0
DS03,13,20,Z_zero,LPC_eff_mod,0,0
DS03,13,21,Z_zero,LPC_eff_mod,0,0
DS03,13,22,Z_zero,LPC_eff_mod,0,0
DS03,13,23,Z_zero,LPC_eff_mod,0,0
DS03,13,24,Z_zero,LPC_eff_mod,0,0
DS03,13,25,Z_zero,LPC_eff_mod,0,0
DS03,13,26,Z_zero,LPC_eff_mod,0,0
DS03,13,27,Z_zero,LPC_eff_mod,0,0
DS03,13,28,Z_zero,LPC_eff_mod,0,0
DS03,13,29,Z_zero,LPC_eff_mod,0,0
DS03,13,30,Z_zero,LPC_eff_mod,0,0
DS03,13,31,Z_zero,LPC_eff_mod,0,0
DS03,13,32,Z_zero,LPC_eff_mod,0,0
DS03,13,33,Z_zero,LPC_eff_mod,0,0
DS03,13,34,Z_zero,LPC_eff_mod,0,0
DS03,13,35,Z_zero,LPC_eff_mod,0,0
DS03,13,36,Z_zero,LPC_eff_mod,0,0
DS03,13,37,Z_zero,LPC_eff_mod,0,0
DS03,13,38,Z_zero,LPC_eff_mod,0,0
DS03,13,39,Z_zero,LPC_eff_mod,0,0
DS03,13,40,Z_zero,LPC_eff_mod,0,0
DS03,13,41,Z_zero,LPC_eff_mod,0,0
DS03,13,42,Z_zero,LPC_eff_mod,0,0
DS03,13,43,Z_zero,LPC_eff_mod,0,0
DS03,13,44,Z_zero,LPC_eff_mod,0,0
DS03,13,45,Z_zero,LPC_eff_mod,0,0
DS03,13,46,Z_zero,LPC_eff_mod,0,0
DS03,13,47,Z_zero,LPC_eff_mod,0,0
DS03,13,48,Z_zero,LPC_eff_mod,0,0
DS03,13,49,Z_zero,LPC_eff_mod,0,0
DS03,13,50,Z_zero,LPC_eff_mod,0,0
DS03,13,51,Z_zero,LPC_eff_mod,0,0
DS03,13,52,Z_zero,LPC_eff_mod,0,0
DS03,13,53,Z_zero,LPC_eff_mod,0,0
DS03,13,54,Z_zero,LPC_eff_mod,0,0
DS03,13,55,Z_zero,LPC_eff_mod,0,0
DS03,13,56,Z_zero,LPC_eff_mod,0,0
DS03,13,57,Z_zero,LPC_eff_mod,0,0
DS03,13,58,Z_zero,LPC_eff_mod,0,0
DS03,13,59,Z_zero,LPC_eff_mod,0,0
DS03,13,60,Z_zero,LPC_eff_mod,0,0
DS03,13,61,Z_zero,LPC_eff_mod,0,0
DS03,13,62,Z_zero,LPC_eff_mod,0,0
DS03,13,63,Z_zero,LPC_eff_mod,0,0
DS03,13,64,Z_zero,LPC_eff_mod,0,0
DS03,13,65,Z_zero,LPC_eff_mod,0,0
DS03,13,66,Z_zero,LPC_eff_mod,0,0
DS03,13,67,Z_zero,LPC_eff_mod,0,0
DS03,13,68,Z_zero,LPC_eff_mod,0,0
DS03,13,69,Z_zero,LPC_eff_mod,0,0
DS03,13,70,Z_zero,LPC_eff_mod,0,0
DS03,13,71,Z_zero,LPC_eff_mod,0,0
DS03,13,72,Z_zero,LPC_eff_mod,0,0
DS03,13,73,Z_zero,LPC_eff_mod,0,0
DS03,13,74,Z_zero,LPC_eff_mod,0,0
DS03,13,75,Z_zero,LPC_eff_mod,0,0
DS03,13,76,Z_zero,LPC_eff_mod,0,0
DS03,13,77,Z_zero,LPC_eff_mod,0,0
DS03,13,1,Z_zero,LPC_flow_mod,0,0
DS03,13,2,Z_zero,LPC_flow_mod,0,0
DS03,13,3,Z_zero,LPC_flow_mod,0,0
DS03,13,4,Z_zero,LPC_flow_mod,0,0
DS03,13,5,Z_zero,LPC_flow_mod,0,0
DS03,13,6,Z_zero,LPC_flow_mod,0,0
DS03,13,7,Z_zero,LPC_flow_mod,0,0
DS03,13,8,Z_zero,LPC_flow_mod,0,0
DS03,13,9,Z_zero,LPC_flow_mod,0,0
DS03,13,10,Z_zero,LPC_flow_mod,0,0
DS03,13,11,Z_zero,LPC_flow_mod,0,0
DS03,13,12,Z_zero,LPC_flow_mod,0,0
DS03,13,13,Z_zero,LPC_flow_mod,0,0
DS03,13,14,Z_zero,LPC_flow_mod,0,0
DS03,13,15,Z_zero,LPC_flow_mod,0,0
DS03,13,16,Z_zero,LPC_flow_mod,0,0
DS03,13,17,Z_zero,LPC_flow_mod,0,0
DS03,13,18,Z_zero,LPC_flow_mod,0,0
DS03,13,19,Z_zero,LPC_flow_mod,0,0
DS03,13,20,Z_zero,LPC_flow_mod,0,0
DS03,13,21,Z_zero,LPC_flow_mod,0,0
DS03,13,22,Z_zero,LPC_flow_mod,0,0
DS03,13,23,Z_zero,LPC_flow_mod,0,0
DS03,13,24,Z_zero,LPC_flow_mod,0,0
DS03,13,25,Z_zero,LPC_flow_mod,0,0
DS03,13,26,Z_zero,LPC_flow_mod,0,0
DS03,13,27,Z_zero,LPC_flow_mod,0,0
DS03,13,28,Z_zero,LPC_flow_mod,0,0
DS03,13,29,Z_zero,LPC_flow_mod,0,0
DS03,13,30,Z_zero,LPC_flow_mod,0,0
DS03,13,31,Z_zero,LPC_flow_mod,0,0
DS03,13,32,Z_zero,LPC_flow_mod,0,0
DS03,13,33,Z_zero,LPC_flow_mod,0,0
DS03,13,34,Z_zero,LPC_flow_mod,0,0
DS03,13,35,Z_zero,LPC_flow_mod,0,0
DS03,13,36,Z_zero,LPC_flow_mod,0,0
DS03,13,37,Z_zero,LPC_flow_mod,0,0
DS03,13,38,Z_zero,LPC_flow_mod,0,0
DS03,13,39,Z_zero,LPC_flow_mod,0,0
DS03,13,40,Z_zero,LPC_flow_mod,0,0
DS03,13,41,Z_zero,LPC_flow_mod,0,0
DS03,13,42,Z_zero,LPC_flow_mod,0,0
DS03,13,43,Z_zero,LPC_flow_mod,0,0
DS03,13,44,Z_zero,LPC_flow_mod,0,0
DS03,13,45,Z_zero,LPC_flow_mod,0,0
DS03,13,46,Z_zero,LPC_flow_mod,0,0
DS03,13,47,Z_zero,LPC_flow_mod,0,0
DS03,13,48,Z_zero,LPC_flow_mod,0,0
DS03,13,49,Z_zero,LPC_flow_mod,0,0
DS03,13,50,Z_zero,LPC_flow_mod,0,0
DS03,13,51,Z_zero,LPC_flow_mod,0,0
DS03,13,52,Z_zero,LPC_flow_mod,0,0
DS03,13,53,Z_zero,LPC_flow_mod,0,0
DS03,13,54,Z_zero,LPC_flow_mod,0,0
DS03,13,55,Z_zero,LPC_flow_mod,0,0
DS03,13,56,Z_zero,LPC_flow_mod,0,0
DS03,13,57,Z_zero,LPC_flow_mod,0,0
DS03,13,58,Z_zero,LPC_flow_mod,0,0
DS03,13,59,Z_zero,LPC_flow_mod,0,0
DS03,13,60,Z_zero,LPC_flow_mod,0,0
DS03,13,61,Z_zero,LPC_flow_mod,0,0
DS03,13,62,Z_zero,LPC_flow_mod,0,0
DS03,13,63,Z_zero,LPC_flow_mod,0,0
DS03,13,64,Z_zero,LPC_flow_mod,0,0
DS03,13,65,Z_zero,LPC_flow_mod,0,0
DS03,13,66,Z_zero,LPC_flow_mod,0,0
DS03,13,67,Z_zero,LPC_flow_mod,0,0
DS03,13,68,Z_zero,LPC_flow_mod,0,0
DS03,13,69,Z_zero,LPC_flow_mod,0,0
DS03,13,70,Z_zero,LPC_flow_mod,0,0
DS03,13,71,Z_zero,LPC_flow_mod,0,0
DS03,13,72,Z_zero,LPC_flow_mod,0,0
DS03,13,73,Z_zero,LPC_flow_mod,0,0
DS03,13,74,Z_zero,LPC_flow_mod,0,0
DS03,13,75,Z_zero,LPC_flow_mod,0,0
DS03,13,76,Z_zero,LPC_flow_mod,0,0
DS03,13,77,Z_zero,LPC_flow_mod,0,0
