regime,subset,unit,cycle,parameter,component,hs,theta_true,theta_hat,truth_label,pred_label,truth_component_stage,pred_component_stage,truth_stage,pred_stage,reconstruction_score,unknown
test_id,DS01-005_id,6,1,HPT_eff_mod,1,1,0.00453744941894292,-0,0,0,0,0,0,0,0.372594427445558,1
test_id,DS01-005_id,6,1,fan_eff_mod,2,1,0,-0,0,0,0,0,0,0,0.372594427445558,1
test_id,DS01-005_id,6,1,fan_flow_mod,3,1,0,-0,0,0,0,0,0,0,0.372594427445558,1
test_id,DS01-005_id,6,1,HPC_eff_mod,4,1,0,-0,0,0,0,0,0,0,0.372594427445558,1
test_id,DS01-005_id,6,1,HPC_flow_mod,5,1,0,-0.000221402236620583,0,0,0,0,0,0,0.372594427445558,1
test_id,DS01-005_id,6,1,LPT_eff_mod,6,1,0,-0.000299437183715896,0,0,0,0,0,0,0.372594427445558,1
test_id,DS01-005_id,6,1,LPT_flow_mod,7,1,0,-0,0,0,0,0,0,0,0.372594427445558,1
test_id,DS01-005_id,6,1,LPC_eff_mod,8,1,0,-0,0,0,0,0,0,0,0.372594427445558,1
test_id,DS01-005_id,6,1,LPC_flow_mod,9,1,0,-0,0,0,0,0,0,0,0.372594427445558,1
test_id,DS01-005_id,6,2,HPT_eff_mod,1,1,-0.0059587748512053,-0,0,0,0,0,0,0,0.249298225276505,0
test_id,DS01-005_id,6,2,fan_eff_mod,2,1,0,-0,0,0,0,0,0,0,0.249298225276505,0
test_id,DS01-005_id,6,2,fan_flow_mod,3,1,0,-0,0,0,0,0,0,0,0.249298225276505,0
test_id,DS01-005_id,6,2,HPC_eff_mod,4,1,0,-0,0,0,0,0,0,0,0.249298225276505,0
test_id,DS01-005_id,6,2,HPC_flow_mod,5,1,0,-0.000221402236620583,0,0,0,0,0,0,0.249298225276505,0
test_id,DS01-005_id,6,2,LPT_eff_mod,6,1,0,-0.000299437183715896,0,0,0,0,0,0,0.249298225276505,0
test_id,DS01-005_id,6,2,LPT_flow_mod,7,1,0,-0.00311968509761997,0,0,0,0,0,0,0.249298225276505,0
test_id,DS01-005_id,6,2,LPC_eff_mod,8,1,0,-0,0,0,0,0,0,0,0.249298225276505,0
test_id,DS01-005_id,6,2,LPC_flow_mod,9,1,0,-0,0,0,0,0,0,0,0.249298225276505,0
test_id,DS01-005_id,6,3,HPT_eff_mod,1,1,0.00142132543226212,-0,0,0,0,0,0,0,0.19898591674818,0
test_id,DS01-005_id,6,3,fan_eff_mod,2,1,0,-0,0,0,0,0,0,0,0.19898591674818,0
test_id,DS01-005_id,6,3,fan_flow_mod,3,1,0,-0,0,0,0,0,0,0,0.19898591674818,0
test_id,DS01-005_id,6,3,HPC_eff_mod,4,1,0,-0,0,0,0,0,0,0,0.19898591674818,0
test_id,DS01-005_id,6,3,HPC_flow_mod,5,1,0,-0.000221402236620583,0,0,0,0,0,0,0.19898591674818,0
test_id,DS01-005_id,6,3,LPT_eff_mod,6,1,0,-0.000299437183715896,0,0,0,0,0,0,0.19898591674818,0
test_id,DS01-005_id,6,3,LPT_flow_mod,7,1,0,-0.00311968509761997,0,0,0,0,0,0,0.19898591674818,0
test_id,DS01-005_id,6,3,LPC_eff_mod,8,1,0,-0,0,0,0,0,0,0,0.19898591674818,0
test_id,DS01-005_id,6,3,LPC_flow_mod,9,1,0,-0,0,0,0,0,0,0,0.19898591674818,0
test_id,DS01-005_id,6,4,HPT_eff_mod,1,1,-0.00861011638011445,-0,0,0,0,0,0,0,0.127774803116158,0
test_id,DS01-005_id,6,4,fan_eff_mod,2,1,0,-0,0,0,0,0,0,0,0.127774803116158,0
test_id,DS01-005_id,6,4,fan_flow_mod,3,1,0,-0,0,0,0,0,0,0,0.127774803116158,0
test_id,DS01-005_id,6,4,HPC_eff_mod,4,1,0,-0.0146979021011885,0,0,0,0,0,0,0.127774803116158,0
test_id,DS01-005_id,6,4,HPC_flow_mod,5,1,0,-0.00279979411801087,0,0,0,0,0,0,0.127774803116158,0
test_id,DS01-005_id,6,4,LPT_eff_mod,6,1,0,-0.00180321567109499,0,0,0,0,0,0,0.127774803116158,0
test_id,DS01-005_id,6,4,LPT_flow_mod,7,1,0,-0.00311968509761997,0,0,0,0,0,0,0.127774803116158,0
test_id,DS01-005_id,6,4,LPC_eff_mod,8,1,0,-0,0,0,0,0,0,0,0.127774803116158,0
test_id,DS01-005_id,6,4,LPC_flow_mod,9,1,0,-0,0,0,0,0,0,0,0.127774803116158,0
test_id,DS01-005_id,6,5,HPT_eff_mod,1,1,-0.0157588476827643,-0,0,0,0,0,0,0,0.137464661904804,0
test_id,DS01-005_id,6,5,fan_eff_mod,2,1,0,-0,0,0,0,0,0,0,0.137464661904804,0
test_id,DS01-005_id,6,5,fan_flow_mod,3,1,0,-0,0,0,0,0,0,0,0.137464661904804,0
test_id,DS01-005_id,6,5,HPC_eff_mod,4,1,0,-0.0146979021011885,0,0,0,0,0,0,0.137464661904804,0
test_id,DS01-005_id,6,5,HPC_flow_mod,5,1,0,-0.00279979411801087,0,0,0,0,0,0,0.137464661904804,0
test_id,DS01-005_id,6,5,LPT_eff_mod,6,1,0,-0.00180321567109499,0,0,0,0,0,0,0.137464661904804,0
test_id,DS01-005_id,6,5,LPT_flow_mod,7,1,0,-0.00311968509761997,0,0,0,0,0,0,0.137464661904804,0
test_id,DS01-005_id,6,5,LPC_eff_mod,8,1,0,-0,0,0,0,0,0,0,0.137464661904804,0
test_id,DS01-005_id,6,5,LPC_flow_mod,9,1,0,-0,0,0,0,0,0,0,0.137464661904804,0
test_id,DS01-005_id,6,6,HPT_eff_mod,1,1,-0.00579301159519068,-0,0,0,0,0,0,0,0.192609186651839,0
test_id,DS01-005_id,6,6,fan_eff_mod,2,1,0,-0,0,0,0,0,0,0,0.192609186651839,0
test_id,DS01-005_id,6,6,fan_flow_mod,3,1,0,-0,0,0,0,0,0,0,0.192609186651839,0
test_id,DS01-005_id,6,6,HPC_eff_mod,4,1,0,-0.0146979021011885,0,0,0,0,0,0,0.192609186651839,0
test_id,DS01-005_id,6,6,HPC_flow_mod,5,1,0,-0.00279979411801087,0,0,0,0,0,0,0.192609186651839,0
test_id,DS01-005_id,6,6,LPT_eff_mod,6,1,0,-0.00180321567109499,0,0,0,0,0,0,0.192609186651839,0
test_id,DS01-005_id,6,6,LPT_flow_mod,7,1,0,-0.00311968509761997,0,0,0,0,0,0,0.192609186651839,0
test_id,DS01-005_id,6,6,LPC_eff_mod,8,1,0,-0,0,0,0,0,0,0,0.192609186651839,0
test_id,DS01-005_id,6,6,LPC_flow_mod,9,1,0,-0,0,0,0,0,0,0,0.192609186651839,0
test_id,DS01-005_id,6,7,HPT_eff_mod,1,1,-0.0101717417228714,-0,0,0,0,0,0,0,0.103797780351094,0
test_id,DS01-005_id,6,7,fan_eff_mod,2,1,0,-0,0,0,0,0,0,0,0.103797780351094,0
test_id,DS01-005_id,6,7,fan_flow_mod,3,1,0,-0,0,0,0,0,0,0,0.103797780351094,0
test_id,DS01-005_id,6,7,HPC_eff_mod,4,1,0,-0.0146979021011885,0,0,0,0,0,0,0.103797780351094,0
test_id,DS01-005_id,6,7,HPC_flow_mod,5,1,0,-0.00279979411801087,0,0,0,0,0,0,0.103797780351094,0
test_id,DS01-005_id,6,7,LPT_eff_mod,6,1,0,-0.00259198019255424,0,0,0,0,0,0,0.103797780351094,0
test_id,DS01-005_id,6,7,LPT_flow_mod,7,1,0,-0.00311968509761997,0,0,0,0,0,0,0.103797780351094,0
test_id,DS01-005_id,6,7,LPC_eff_mod,8,1,0,-0,0,0,0,0,0,0,0.103797780351094,0
test_id,DS01-005_id,6,7,LPC_flow_mod,9,1,0,-0,0,0,0,0,0,0,0.103797780351094,0
test_id,DS01-005_id,6,8,HPT_eff_mod,1,1,-0.0172659382713245,-0,0,0,0,0,0,0,0.109754878073212,0
test_id,DS01-005_id,6,8,fan_eff_mod,2,1,0,-0,0,0,0,0,0,0,0.109754878073212,0
test_id,DS01-005_id,6,8,fan_flow_mod,3,1,0,-0,0,0,0,0,0,0,0.109754878073212,0
test_id,DS01-005_id,6,8,HPC_eff_mod,4,1,0,-0.015035402869839,0,0,0,0,0,0,0.109754878073212,0
test_id,DS01-005_id,6,8,HPC_flow_mod,5,1,0,-0.00279979411801087,0,0,0,0,0,0,0.109754878073212,0
test_id,DS01-005_id,6,8,LPT_eff_mod,6,1,0,-0.00259198019255424,0,0,0,0,0,0,0.109754878073212,0
test_id,DS01-005_id,6,8,LPT_flow_mod,7,1,0,-0.00311968509761997,0,0,0,0,0,0,0.109754878073212,0
test_id,DS01-005_id,6,8,LPC_eff_mod,8,1,0,-0,0,0,0,0,0,0,0.109754878073212,0
test_id,DS01-005_id,6,8,LPC_flow_mod,9,1,0,-0,0,0,0,0,0,0,0.109754878073212,0
test_id,DS01-005_id,6,9,HPT_eff_mod,1,1,-0.0194754223404371,-0,0,0,0,0,0,0,0.101535834279289,0
test_id,DS01-005_id,6,9,fan_eff_mod,2,1,0,-0,0,0,0,0,0,0,0.101535834279289,0
test_id,DS01-005_id,6,9,fan_flow_mod,3,1,0,-0,0,0,0,0,0,0,0.101535834279289,0
test_id,DS01-005_id,6,9,HPC_eff_mod,4,1,0,-0.015035402869839,0,0,0,0,0,0,0.101535834279289,0
test_id,DS01-005_id,6,9,HPC_flow_mod,5,1,0,-0.00279979411801087,0,0,0,0,0,0,0.101535834279289,0
test_id,DS01-005_id,6,9,LPT_eff_mod,6,1,0,-0.00259198019255424,0,0,0,0,0,0,0.101535834279289,0
test_id,DS01-005_id,6,9,LPT_flow_mod,7,1,0,-0.00311968509761997,0,0,0,0,0,0,0.101535834279289,0
test_id,DS01-005_id,6,9,LPC_eff_mod,8,1,0,-0,0,0,0,0,0,0,0.101535834279289,0
test_id,DS01-005_id,6,9,LPC_flow_mod,9,1,0,-0,0,0,0,0,0,0,0.101535834279289,0
test_id,DS01-005_id,6,10,HPT_eff_mod,1,1,-0.0214458264896781,-0,0,0,0,0,0,0,0.254328200158292,0
test_id,DS01-005_id,6,10,fan_eff_mod,2,1,0,-0,0,0,0,0,0,0,0.254328200158292,0
test_id,DS01-005_id,6,10,fan_flow_mod,3,1,0,-0,0,0,0,0,0,0,0.254328200158292,0
test_id,DS01-005_id,6,10,HPC_eff_mod,4,1,0,-0.015035402869839,0,0,0,0,0,0,0.254328200158292,0
test_id,DS01-005_id,6,10,HPC_flow_mod,5,1,0,-0.00279979411801087,0,0,0,0,0,0,0.254328200158292,0
test_id,DS01-005_id,6,10,LPT_eff_mod,6,1,0,-0.00259198019255424,0,0,0,0,0,0,0.254328200158292,0
test_id,DS01-005_id,6,10,LPT_flow_mod,7,1,0,-0.00311968509761997,0,0,0,0,0,0,0.254328200158292,0
test_id,DS01-005_id,6,10,LPC_eff_mod,8,1,0,-0,0,0,0,0,0,0,0.254328200158292,0
test_id,DS01-005_id,6,10,LPC_flow_mod,9,1,0,-0,0,0,0,0,0,0,0.254328200158292,0
test_id,DS01-005_id,6,11,HPT_eff_mod,1,1,-0.0144719744914481,-0,0,0,0,0,0,0,0.170632398797496,0
test_id,DS01-005_id,6,11,fan_eff_mod,2,1,0,-0,0,0,0,0,0,0,0.170632398797496,0
test_id,DS01-005_id,6,11,fan_flow_mod,3,1,0,-0,0,0,0,0,0,0,0.170632398797496,0
test_id,DS01-005_id,6,11,HPC_eff_mod,4,1,0,-0.015035402869839,0,0,0,0,0,0,0.170632398797496,0
test_id,DS01-005_id,6,11,HPC_flow_mod,5,1,0,-0.00344593636966345,0,0,0,0,0,0,0.170632398797496,0
test_id,DS01-005_id,6,11,LPT_eff_mod,6,1,0,-0.00671409888957891,0,0,0,0,0,0,0.170632398797496,0
test_id,DS01-005_id,6,11,LPT_flow_mod,7,1,0,-0.00311968509761997,0,0,0,0,0,0,0.170632398797496,0
test_id,DS01-005_id,6,11,LPC_eff_mod,8,1,0,-0,0,0,0,0,0,0,0.170632398797496,0
test_id,DS01-005_id,6,11,LPC_flow_mod,9,1,0,-0,0,0,0,0,0,0,0.170632398797496,0
test_id,DS01-005_id,6,12,HPT_eff_mod,1,1,-0.0212524761302715,-0,0,0,0,0,0,0,0.160301570496768,0
test_id,DS01-005_id,6,12,fan_eff_mod,2,1,0,-0,0,0,0,0,0,0,0.160301570496768,0
test_id,DS01-005_id,6,12,fan_flow_mod,3,1,0,-0,0,0,0,0,0,0,0.160301570496768,0
test_id,DS01-005_id,6,12,HPC_eff_mod,4,1,0,-0.0164874168825301,0,0,0,0,0,0,0.160301570496768,0
test_id,DS01-005_id,6,12,HPC_flow_mod,5,1,0,-0.00344593636966345,0,0,0,0,0,0,0.160301570496768,0
test_id,DS01-005_id,6,12,LPT_eff_mod,6,1,0,-0.00671409888957891,0,0,0,0,0,0,0.160301570496768,0
test_id,DS01-005_id,6,12,LPT_flow_mod,7,1,0,-0.00311968509761997,0,0,0,0,0,0,0.160301570496768,0
test_id,DS01-005_id,6,12,LPC_eff_mod,8,1,0,-0,0,0,0,0,0,0,0.160301570496768,0
test_id,DS01-005_id,6,12,LPC_flow_mod,9,1,0,-0,0,0,0,0,0,0,0.160301570496768,0
test_id,DS01-005_id,6,13,HPT_eff_mod,1,1,-0.0174587779361491,-0,0,0,0,0,0,0,0.213689129243508,0
test_id,DS01-005_id,6,13,fan_eff_mod,2,1,0,-0,0,0,0,0,0,0,0.213689129243508,0
test_id,DS01-005_id,6,13,fan_flow_mod,3,1,0,-0,0,0,0,0,0,0,0.213689129243508,0
test_id,DS01-005_id,6,13,HPC_eff_mod,4,1,0,-0.0164874168825301,0,0,0,0,0,0,0.213689129243508,0
test_id,DS01-005_id,6,13,HPC_flow_mod,5,1,0,-0.00344593636966345,0,0,0,0,0,0,0.213689129243508,0
test_id,DS01-005_id,6,13,LPT_eff_mod,6,1,0,-0.00671409888957891,0,0,0,0,0,0,0.213689129243508,0
test_id,DS01-005_id,6,13,LPT_flow_mod,7,1,0,-0.00311968509761997,0,0,0,0,0,0,0.213689129243508,0
test_id,DS01-005_id,6,13,LPC_eff_mod,8,1,0,-0,0,0,0,0,0,0,0.213689129243508,0
test_id,DS01-005_id,6,13,LPC_flow_mod,9,1,0,-0,0,0,0,0,0,0,0.213689129243508,0
test_id,DS01-005_id,6,14,HPT_eff_mod,1,1,-0.0187787471179513,-0,0,0,0,0,0,0,0.100999860665331,0
test_id,DS01-005_id,6,14,fan_eff_mod,2,1,0,-0,0,0,0,0,0,0,0.100999860665331,0
test_id,DS01-005_id,6,14,fan_flow_mod,3,1,0,-0,0,0,0,0,0,0,0.100999860665331,0
test_id,DS01-005_id,6,14,HPC_eff_mod,4,1,0,-0.0164874168825301,0,0,0,0,0,0,0.100999860665331,0
test_id,DS01-005_id,6,14,HPC_flow_mod,5,1,0,-0.00344593636966345,0,0,0,0,0,0,0.100999860665331,0
test_id,DS01-005_id,6,14,LPT_eff_mod,6,1,0,-0.00671409888957891,0,0,0,0,0,0,0.100999860665331,0
test_id,DS01-005_id,6,14,LPT_flow_mod,7,1,0,-0.00311968509761997,0,0,0,0,0,0,0.100999860665331,0
test_id,DS01-005_id,6,14,LPC_eff_mod,8,1,0,-0,0,0,0,0,0,0,0.100999860665331,0
test_id,DS01-005_id,6,14,LPC_flow_mod,9,1,0,-0,0,0,0,0,0,0,0.100999860665331,0
test_id,DS01-005_id,6,15,HPT_eff_mod,1,1,-0.016700640847308,-0,0,0,0,0,0,0,0.221042007042032,0
test_id,DS01-005_id,6,15,fan_eff_mod,2,1,0,-0,0,0,0,0,0,0,0.221042007042032,0
test_id,DS01-005_id,6,15,fan_flow_mod,3,1,0,-0,0,0,0,0,0,0,0.221042007042032,0
test_id,DS01-005_id,6,15,HPC_eff_mod,4,1,0,-0.0164874168825301,0,0,0,0,0,0,0.221042007042032,0
test_id,DS01-005_id,6,15,HPC_flow_mod,5,1,0,-0.00344593636966345,0,0,0,0,0,0,0.221042007042032,0
test_id,DS01-005_id,6,15,LPT_eff_mod,6,1,0,-0.00671409888957891,0,0,0,0,0,0,0.221042007042032,0
test_id,DS01-005_id,6,15,LPT_flow_mod,7,1,0,-0.00311968509761997,0,0,0,0,0,0,0.221042007042032,0
test_id,DS01-005_id,6,15,LPC_eff_mod,8,1,0,-0,0,0,0,0,0,0,0.221042007042032,0
test_id,DS01-005_id,6,15,LPC_flow_mod,9,1,0,-0,0,0,0,0,0,0,0.221042007042032,0
test_id,DS01-005_id,6,16,HPT_eff_mod,1,1,-0.0296620725102949,-0,0,0,0,0,0,0,0.198229243932293,0
test_id,DS01-005_id,6,16,fan_eff_mod,2,1,0,-0,0,0,0,0,0,0,0.198229243932293,0
test_id,DS01-005_id,6,16,fan_flow_mod,3,1,0,-0,0,0,0,0,0,0,0.198229243932293,0
test_id,DS01-005_id,6,16,HPC_eff_mod,4,1,0,-0.0164874168825301,0,0,0,0,0,0,0.198229243932293,0
test_id,DS01-005_id,6,16,HPC_flow_mod,5,1,0,-0.00344593636966345,0,0,0,0,0,0,0.198229243932293,0
test_id,DS01-005_id,6,16,LPT_eff_mod,6,1,0,-0.00671409888957891,0,0,0,0,0,0,0.198229243932293,0
test_id,DS01-005_id,6,16,LPT_flow_mod,7,1,0,-0.0146422901471933,0,0,0,0,0,0,0.198229243932293,0
test_id,DS01-005_id,6,16,LPC_eff_mod,8,1,0,-0,0,0,0,0,0,0,0.198229243932293,0
test_id,DS01-005_id,6,16,LPC_flow_mod,9,1,0,-0.00230221787081384,0,0,0,0,0,0,0.198229243932293,0
test_id,DS01-005_id,6,17,HPT_eff_mod,1,1,-0.0301943332095514,-0,0,0,0,0,0,0,0.0862508169100509,0
test_id,DS01-005_id,6,17,fan_eff_mod,2,1,0,-0,0,0,0,0,0,0,0.0862508169100509,0
test_id,DS01-005_id,6,17,fan_flow_mod,3,1,0,-0,0,0,0,0,0,0,0.0862508169100509,0
test_id,DS01-005_id,6,17,HPC_eff_mod,4,1,0,-0.0164874168825301,0,0,0,0,0,0,0.0862508169100509,0
test_id,DS01-005_id,6,17,HPC_flow_mod,5,1,0,-0.00344593636966345,0,0,0,0,0,0,0.0862508169100509,0
test_id,DS01-005_id,6,17,LPT_eff_mod,6,1,0,-0.00671409888957891,0,0,0,0,0,0,0.0862508169100509,0
test_id,DS01-005_id,6,17,LPT_flow_mod,7,1,0,-0.0146422901471933,0,0,0,0,0,0,0.0862508169100509,0
test_id,DS01-005_id,6,17,LPC_eff_mod,8,1,0,-0,0,0,0,0,0,0,0.0862508169100509,0
test_id,DS01-005_id,6,17,LPC_flow_mod,9,1,0,-0.00230221787081384,0,0,0,0,0,0,0.0862508169100509,0
test_id,DS01-005_id,6,18,HPT_eff_mod,1,1,-0.0252093343992578,-0,0,0,0,0,0,0,0.151086572865348,0
test_id,DS01-005_id,6,18,fan_eff_mod,2,1,0,-0,0,0,0,0,0,0,0.151086572865348,0
test_id,DS01-005_id,6,18,fan_flow_mod,3,1,0,-0,0,0,0,0,0,0,0.151086572865348,0
test_id,DS01-005_id,6,18,HPC_eff_mod,4,1,0,-0.0164874168825301,0,0,0,0,0,0,0.151086572865348,0
test_id,DS01-005_id,6,18,HPC_flow_mod,5,1,0,-0.00344593636966345,0,0,0,0,0,0,0.151086572865348,0
test_id,DS01-005_id,6,18,LPT_eff_mod,6,1,0,-0.00671409888957891,0,0,0,0,0,0,0.151086572865348,0
test_id,DS01-005_id,6,18,LPT_flow_mod,7,1,0,-0.0146422901471933,0,0,0,0,0,0,0.151086572865348,0
test_id,DS01-005_id,6,18,LPC_eff_mod,8,1,0,-0,0,0,0,0,0,0,0.151086572865348,0
test_id,DS01-005_id,6,18,LPC_flow_mod,9,1,0,-0.00230221787081384,0,0,0,0,0,0,0.151086572865348,0
test_id,DS01-005_id,6,19,HPT_eff_mod,1,1,-0.0284586236241598,-0,0,0,0,0,0,0,0.0761489688074025,0
test_id,DS01-005_id,6,19,fan_eff_mod,2,1,0,-0,0,0,0,0,0,0,0.0761489688074025,0
test_id,DS01-005_id,6,19,fan_flow_mod,3,1,0,-0,0,0,0,0,0,0,0.0761489688074025,0
test_id,DS01-005_id,6,19,HPC_eff_mod,4,1,0,-0.0164874168825301,0,0,0,0,0,0,0.0761489688074025,0
test_id,DS01-005_id,6,19,HPC_flow_mod,5,1,0,-0.00344593636966345,0,0,0,0,0,0,0.0761489688074025,0
test_id,DS01-005_id,6,19,LPT_eff_mod,6,1,0,-0.00671409888957891,0,0,0,0,0,0,0.0761489688074025,0
test_id,DS01-005_id,6,19,LPT_flow_mod,7,1,0,-0.0146422901471933,0,0,0,0,0,0,0.0761489688074025,0
test_id,DS01-005_id,6,19,LPC_eff_mod,8,1,0,-0,0,0,0,0,0,0,0.0761489688074025,0
test_id,DS01-005_id,6,19,LPC_flow_mod,9,1,0,-0.00230221787081384,0,0,0,0,0,0,0.0761489688074025,0
test_id,DS01-005_id,6,20,HPT_eff_mod,1,1,-0.0228930671959686,-0,0,0,0,0,0,0,0.168329288432837,0
test_id,DS01-005_id,6,20,fan_eff_mod,2,1,0,-0,0,0,0,0,0,0,0.168329288432837,0
test_id,DS01-005_id,6,20,fan_flow_mod,3,1,0,-0,0,0,0,0,0,0,0.168329288432837,0
test_id,DS01-005_id,6,20,HPC_eff_mod,4,1,0,-0.0164874168825301,0,0,0,0,0,0,0.168329288432837,0
test_id,DS01-005_id,6,20,HPC_flow_mod,5,1,0,-0.00344593636966345,0,0,0,0,0,0,0.168329288432837,0
test_id,DS01-005_id,6,20,LPT_eff_mod,6,1,0,-0.00671409888957891,0,0,0,0,0,0,0.168329288432837,0
test_id,DS01-005_id,6,20,LPT_flow_mod,7,1,0,-0.0146422901471933,0,0,0,0,0,0,0.168329288432837,0
test_id,DS01-005_id,6,20,LPC_eff_mod,8,1,0,-0,0,0,0,0,0,0,0.168329288432837,0
test_id,DS01-005_id,6,20,LPC_flow_mod,9,1,0,-0.00230221787081384,0,0,0,0,0,0,0.168329288432837,0
test_id,DS01-005_id,6,21,HPT_eff_mod,1,1,-0.0247377008407063,-0,0,0,0,0,0,0,0.155542647013197,0
test_id,DS01-005_id,6,21,fan_eff_mod,2,1,0,-0,0,0,0,0,0,0,0.155542647013197,0
test_id,DS01-005_id,6,21,fan_flow_mod,3,1,0,-0,0,0,0,0,0,0,0.155542647013197,0
test_id,DS01-005_id,6,21,HPC_eff_mod,4,1,0,-0.0164874168825301,0,0,0,0,0,0,0.155542647013197,0
test_id,DS01-005_id,6,21,HPC_flow_mod,5,1,0,-0.00344593636966345,0,0,0,0,0,0,0.155542647013197,0
test_id,DS01-005_id,6,21,LPT_eff_mod,6,1,0,-0.00671409888957891,0,0,0,0,0,0,0.155542647013197,0
test_id,DS01-005_id,6,21,LPT_flow_mod,7,1,0,-0.0146422901471933,0,0,0,0,0,0,0.155542647013197,0
test_id,DS01-005_id,6,21,LPC_eff_mod,8,1,0,-0,0,0,0,0,0,0,0.155542647013197,0
test_id,DS01-005_id,6,21,LPC_flow_mod,9,1,0,-0.00230221787081384,0,0,0,0,0,0,0.155542647013197,0
test_id,DS01-005_id,6,22,HPT_eff_mod,1,1,-0.0234177325639028,-0,0,0,0,0,0,0,0.150433718265402,0
test_id,DS01-005_id,6,22,fan_eff_mod,2,1,0,-0,0,0,0,0,0,0,0.150433718265402,0
test_id,DS01-005_id,6,22,fan_flow_mod,3,1,0,-0,0,0,0,0,0,0,0.150433718265402,0
test_id,DS01-005_id,6,22,HPC_eff_mod,4,1,0,-0.0164874168825301,0,0,0,0,0,0,0.150433718265402,0
test_id,DS01-005_id,6,22,HPC_flow_mod,5,1,0,-0.00344593636966345,0,0,0,0,0,0,0.150433718265402,0
test_id,DS01-005_id,6,22,LPT_eff_mod,6,1,0,-0.00671409888957891,0,0,0,0,0,0,0.150433718265402,0
test_id,DS01-005_id,6,22,LPT_flow_mod,7,1,0,-0.0146422901471933,0,0,0,0,0,0,0.150433718265402,0
test_id,DS01-005_id,6,22,LPC_eff_mod,8,1,0,-0,0,0,0,0,0,0,0.150433718265402,0
test_id,DS01-005_id,6,22,LPC_flow_mod,9,1,0,-0.00230221787081384,0,0,0,0,0,0,0.150433718265402,0
test_id,DS01-005_id,6,23,HPT_eff_mod,1,1,-0.022457950355457,-0,0,0,0,0,0,0,0.151467495873874,0
test_id,DS01-005_id,6,23,fan_eff_mod,2,1,0,-0,0,0,0,0,0,0,0.151467495873874,0
test_id,DS01-005_id,6,23,fan_flow_mod,3,1,0,-0,0,0,0,0,0,0,0.151467495873874,0
test_id,DS01-005_id,6,23,HPC_eff_mod,4,1,0,-0.0164874168825301,0,0,0,0,0,0,0.151467495873874,0
test_id,DS01-005_id,6,23,HPC_flow_mod,5,1,0,-0.00344593636966345,0,0,0,0,0,0,0.151467495873874,0
test_id,DS01-005_id,6,23,LPT_eff_mod,6,1,0,-0.00671409888957891,0,0,0,0,0,0,0.151467495873874,0
test_id,DS01-005_id,6,23,LPT_flow_mod,7,1,0,-0.0177949747235124,0,0,0,0,0,0,0.151467495873874,0
test_id,DS01-005_id,6,23,LPC_eff_mod,8,1,0,-0,0,0,0,0,0,0,0.151467495873874,0
test_id,DS01-005_id,6,23,LPC_flow_mod,9,1,0,-0.00230221787081384,0,0,0,0,0,0,0.151467495873874,0
test_id,DS01-005_id,6,24,HPT_eff_mod,1,1,-0.0366694242933306,-0,0,0,0,0,0,0,0.192045538727936,0
test_id,DS01-005_id,6,24,fan_eff_mod,2,1,0,-0,0,0,0,0,0,0,0.192045538727936,0
test_id,DS01-005_id,6,24,fan_flow_mod,3,1,0,-0,0,0,0,0,0,0,0.192045538727936,0
test_id,DS01-005_id,6,24,HPC_eff_mod,4,1,0,-0.0164874168825301,0,0,0,0,0,0,0.192045538727936,0
test_id,DS01-005_id,6,24,HPC_flow_mod,5,1,0,-0.00344593636966345,0,0,0,0,0,0,0.192045538727936,0
test_id,DS01-005_id,6,24,LPT_eff_mod,6,1,0,-0.00671409888957891,0,0,0,0,0,0,0.192045538727936,0
test_id,DS01-005_id,6,24,LPT_flow_mod,7,1,0,-0.0177949747235124,0,0,0,0,0,0,0.192045538727936,0
test_id,DS01-005_id,6,24,LPC_eff_mod,8,1,0,-0,0,0,0,0,0,0,0.192045538727936,0
test_id,DS01-005_id,6,24,LPC_flow_mod,9,1,0,-0.00230221787081384,0,0,0,0,0,0,0.192045538727936,0
test_id,DS01-005_id,6,25,HPT_eff_mod,1,0,-0.0221886800984996,-0,1,0,1,0,1,0,0.128664825207322,0
test_id,DS01-005_id,6,25,fan_eff_mod,2,0,0,-0,0,0,0,0,1,0,0.128664825207322,0
test_id,DS01-005_id,6,25,fan_flow_mod,3,0,0,-0.000251837095636215,0,0,0,0,1,0,0.128664825207322,0
test_id,DS01-005_id,6,25,HPC_eff_mod,4,0,0,-0.0164874168825301,0,0,0,0,1,0,0.128664825207322,0
test_id,DS01-005_id,6,25,HPC_flow_mod,5,0,0,-0.00344593636966345,0,0,0,0,1,0,0.128664825207322,0
test_id,DS01-005_id,6,25,LPT_eff_mod,6,0,0,-0.00671409888957891,0,0,0,0,1,0,0.128664825207322,0
test_id,DS01-005_id,6,25,LPT_flow_mod,7,0,0,-0.0177949747235124,0,0,0,0,1,0,0.128664825207322,0
test_id,DS01-005_id,6,25,LPC_eff_mod,8,0,0,-0,0,0,0,0,1,0,0.128664825207322,0
test_id,DS01-005_id,6,25,LPC_flow_mod,9,0,0,-0.00465414819540589,0,0,0,0,1,0,0.128664825207322,0
test_id,DS01-005_id,6,26,HPT_eff_mod,1,0,-0.0286303609609848,-0,1,0,2,0,2,0,0.428193572901096,1
test_id,DS01-005_id,6,26,fan_eff_mod,2,0,0,-0,0,0,0,0,2,0,0.428193572901096,1
test_id,DS01-005_id,6,26,fan_flow_mod,3,0,0,-0.000251837095636215,0,0,0,0,2,0,0.428193572901096,1
test_id,DS01-005_id,6,26,HPC_eff_mod,4,0,0,-0.0164874168825301,0,0,0,0,2,0,0.428193572901096,1
test_id,DS01-005_id,6,26,HPC_flow_mod,5,0,0,-0.00344593636966345,0,0,0,0,2,0,0.428193572901096,1
test_id,DS01-005_id,6,26,LPT_eff_mod,6,0,0,-0.00671409888957891,0,0,0,0,2,0,0.428193572901096,1
test_id,DS01-005_id,6,26,LPT_flow_mod,7,0,0,-0.0177949747235124,0,0,0,0,2,0,0.428193572901096,1
test_id,DS01-005_id,6,26,LPC_eff_mod,8,0,0,-0,0,0,0,0,2,0,0.428193572901096,1
test_id,DS01-005_id,6,26,LPC_flow_mod,9,0,0,-0.00465414819540589,0,0,0,0,2,0,0.428193572901096,1
test_id,DS01-005_id,6,27,HPT_eff_mod,1,0,-0.0216170179369339,-0,1,0,2,0,2,0,0.119508841441413,0
test_id,DS01-005_id,6,27,fan_eff_mod,2,0,0,-0,0,0,0,0,2,0,0.119508841441413,0
test_id,DS01-005_id,6,27,fan_flow_mod,3,0,0,-0.000251837095636215,0,0,0,0,2,0,0.119508841441413,0
test_id,DS01-005_id,6,27,HPC_eff_mod,4,0,0,-0.0164874168825301,0,0,0,0,2,0,0.119508841441413,0
test_id,DS01-005_id,6,27,HPC_flow_mod,5,0,0,-0.00344593636966345,0,0,0,0,2,0,0.119508841441413,0
test_id,DS01-005_id,6,27,LPT_eff_mod,6,0,0,-0.00671409888957891,0,0,0,0,2,0,0.119508841441413,0
test_id,DS01-005_id,6,27,LPT_flow_mod,7,0,0,-0.0177949747235124,0,0,0,0,2,0,0.119508841441413,0
test_id,DS01-005_id,6,27,LPC_eff_mod,8,0,0,-0,0,0,0,0,2,0,0.119508841441413,0
test_id,DS01-005_id,6,27,LPC_flow_mod,9,0,0,-0.00465414819540589,0,0,0,0,2,0,0.119508841441413,0
test_id,DS01-005_id,6,28,HPT_eff_mod,1,0,-0.0348923353446515,-0.00223474737084057,1,0,2,0,2,0,0.257098198743969,0
test_id,DS01-005_id,6,28,fan_eff_mod,2,0,0,-0,0,0,0,0,2,0,0.257098198743969,0
test_id,DS01-005_id,6,28,fan_flow_mod,3,0,0,-0.000251837095636215,0,0,0,0,2,0,0.257098198743969,0
test_id,DS01-005_id,6,28,HPC_eff_mod,4,0,0,-0.0164874168825301,0,0,0,0,2,0,0.257098198743969,0
test_id,DS01-005_id,6,28,HPC_flow_mod,5,0,0,-0.00360308150998131,0,0,0,0,2,0,0.257098198743969,0
test_id,DS01-005_id,6,28,LPT_eff_mod,6,0,0,-0.0100635035481035,0,0,0,0,2,0,0.257098198743969,0
test_id,DS01-005_id,6,28,LPT_flow_mod,7,0,0,-0.0177949747235124,0,0,0,0,2,0,0.257098198743969,0
test_id,DS01-005_id,6,28,LPC_eff_mod,8,0,0,-0,0,0,0,0,2,0,0.257098198743969,0
test_id,DS01-005_id,6,28,LPC_flow_mod,9,0,0,-0.00465414819540589,0,0,0,0,2,0,0.257098198743969,0
test_id,DS01-005_id,6,29,HPT_eff_mod,1,0,-0.0337109795480788,-0.00223474737084057,1,0,2,0,2,0,0.1465012646083,0
test_id,DS01-005_id,6,29,fan_eff_mod,2,0,0,-0,0,0,0,0,2,0,0.1465012646083,0
test_id,DS01-005_id,6,29,fan_flow_mod,3,0,0,-0.000251837095636215,0,0,0,0,2,0,0.1465012646083,0
test_id,DS01-005_id,6,29,HPC_eff_mod,4,0,0,-0.0164874168825301,0,0,0,0,2,0,0.1465012646083,0
test_id,DS01-005_id,6,29,HPC_flow_mod,5,0,0,-0.00360308150998131,0,0,0,0,2,0,0.1465012646083,0
test_id,DS01-005_id,6,29,LPT_eff_mod,6,0,0,-0.0100635035481035,0,0,0,0,2,0,0.1465012646083,0
test_id,DS01-005_id,6,29,LPT_flow_mod,7,0,0,-0.0188277480745135,0,0,0,0,2,0,0.1465012646083,0
test_id,DS01-005_id,6,29,LPC_eff_mod,8,0,0,-0,0,0,0,0,2,0,0.1465012646083,0
test_id,DS01-005_id,6,29,LPC_flow_mod,9,0,0,-0.00465414819540589,0,0,0,0,2,0,0.1465012646083,0
test_id,DS01-005_id,6,30,HPT_eff_mod,1,0,-0.0320830527927959,-0.00223474737084057,1,0,2,0,2,0,0.120568327530254,0
test_id,DS01-005_id,6,30,fan_eff_mod,2,0,0,-0,0,0,0,0,2,0,0.120568327530254,0
test_id,DS01-005_id,6,30,fan_flow_mod,3,0,0,-0.000251837095636215,0,0,0,0,2,0,0.120568327530254,0
test_id,DS01-005_id,6,30,HPC_eff_mod,4,0,0,-0.0164874168825301,0,0,0,0,2,0,0.120568327530254,0
test_id,DS01-005_id,6,30,HPC_flow_mod,5,0,0,-0.00360308150998131,0,0,0,0,2,0,0.120568327530254,0
test_id,DS01-005_id,6,30,LPT_eff_mod,6,0,0,-0.0100635035481035,0,0,0,0,2,0,0.120568327530254,0
test_id,DS01-005_id,6,30,LPT_flow_mod,7,0,0,-0.0188277480745135,0,0,0,0,2,0,0.120568327530254,0
test_id,DS01-005_id,6,30,LPC_eff_mod,8,0,0,-0,0,0,0,0,2,0,0.120568327530254,0
test_id,DS01-005_id,6,30,LPC_flow_mod,9,0,0,-0.00465414819540589,0,0,0,0,2,0,0.120568327530254,0
test_id,DS01-005_id,6,31,HPT_eff_mod,1,0,-0.0389137637876706,-0.00746648286342486,1,0,2,0,2,0,0.177832796693784,0
test_id,DS01-005_id,6,31,fan_eff_mod,2,0,0,-0,0,0,0,0,2,0,0.177832796693784,0
test_id,DS01-005_id,6,31,fan_flow_mod,3,0,0,-0.000251837095636215,0,0,0,0,2,0,0.177832796693784,0
test_id,DS01-005_id,6,31,HPC_eff_mod,4,0,0,-0.0164874168825301,0,0,0,0,2,0,0.177832796693784,0
test_id,DS01-005_id,6,31,HPC_flow_mod,5,0,0,-0.00360308150998131,0,0,0,0,2,0,0.177832796693784,0
test_id,DS01-005_id,6,31,LPT_eff_mod,6,0,0,-0.014326037839367,0,0,0,0,2,0,0.177832796693784,0
test_id,DS01-005_id,6,31,LPT_flow_mod,7,0,0,-0.0188277480745135,0,0,0,0,2,0,0.177832796693784,0
test_id,DS01-005_id,6,31,LPC_eff_mod,8,0,0,-0,0,0,0,0,2,0,0.177832796693784,0
test_id,DS01-005_id,6,31,LPC_flow_mod,9,0,0,-0.00465414819540589,0,0,0,0,2,0,0.177832796693784,0
test_id,DS01-005_id,6,32,HPT_eff_mod,1,0,-0.0490444726538753,-0.00746648286342486,1,1,2,1,2,1,0.129995401860776,0
test_id,DS01-005_id,6,32,fan_eff_mod,2,0,0,-0,0,0,0,0,2,1,0.129995401860776,0
test_id,DS01-005_id,6,32,fan_flow_mod,3,0,0,-0.000251837095636215,0,0,0,0,2,1,0.129995401860776,0
test_id,DS01-005_id,6,32,HPC_eff_mod,4,0,0,-0.0164874168825301,0,0,0,0,2,1,0.129995401860776,0
test_id,DS01-005_id,6,32,HPC_flow_mod,5,0,0,-0.00360308150998131,0,0,0,0,2,1,0.129995401860776,0
test_id,DS01-005_id,6,32,LPT_eff_mod,6,0,0,-0.014326037839367,0,0,0,0,2,1,0.129995401860776,0
test_id,DS01-005_id,6,32,LPT_flow_mod,7,0,0,-0.0188277480745135,0,0,0,0,2,1,0.129995401860776,0
test_id,DS01-005_id,6,32,LPC_eff_mod,8,0,0,-0,0,0,0,0,2,1,0.129995401860776,0
test_id,DS01-005_id,6,32,LPC_flow_mod,9,0,0,-0.00465414819540589,0,0,0,0,2,1,0.129995401860776,0
test_id,DS01-005_id,6,33,HPT_eff_mod,1,0,-0.0306698714561611,-0.00746648286342486,1,1,2,1,2,1,0.173319608328328,0
test_id,DS01-005_id,6,33,fan_eff_mod,2,0,0,-0,0,0,0,0,2,1,0.173319608328328,0
test_id,DS01-005_id,6,33,fan_flow_mod,3,0,0,-0.000251837095636215,0,0,0,0,2,1,0.173319608328328,0
test_id,DS01-005_id,6,33,HPC_eff_mod,4,0,0,-0.0164874168825301,0,0,0,0,2,1,0.173319608328328,0
test_id,DS01-005_id,6,33,HPC_flow_mod,5,0,0,-0.00360308150998131,0,0,0,0,2,1,0.173319608328328,0
test_id,DS01-005_id,6,33,LPT_eff_mod,6,0,0,-0.014326037839367,0,0,0,0,2,1,0.173319608328328,0
test_id,DS01-005_id,6,33,LPT_flow_mod,7,0,0,-0.0188277480745135,0,0,0,0,2,1,0.173319608328328,0
test_id,DS01-005_id,6,33,LPC_eff_mod,8,0,0,-0,0,0,0,0,2,1,0.173319608328328,0
test_id,DS01-005_id,6,33,LPC_flow_mod,9,0,0,-0.00465414819540589,0,0,0,0,2,1,0.173319608328328,0
test_id,DS01-005_id,6,34,HPT_eff_mod,1,0,-0.0548846787102177,-0.00967265678560781,1,1,2,1,2,1,0.112368601323605,0
test_id,DS01-005_id,6,34,fan_eff_mod,2,0,0,-0,0,0,0,0,2,1,0.112368601323605,0
test_id,DS01-005_id,6,34,fan_flow_mod,3,0,0,-0.000251837095636215,0,0,0,0,2,1,0.112368601323605,0
test_id,DS01-005_id,6,34,HPC_eff_mod,4,0,0,-0.0164874168825301,0,0,0,0,2,1,0.112368601323605,0
test_id,DS01-005_id,6,34,HPC_flow_mod,5,0,0,-0.00360308150998131,0,0,0,0,2,1,0.112368601323605,0
test_id,DS01-005_id,6,34,LPT_eff_mod,6,0,0,-0.014326037839367,0,0,0,0,2,1,0.112368601323605,0
test_id,DS01-005_id,6,34,LPT_flow_mod,7,0,0,-0.0204972157464467,0,0,0,0,2,1,0.112368601323605,0
test_id,DS01-005_id,6,34,LPC_eff_mod,8,0,0,-0,0,0,0,0,2,1,0.112368601323605,0
test_id,DS01-005_id,6,34,LPC_flow_mod,9,0,0,-0.00465414819540589,0,0,0,0,2,1,0.112368601323605,0
test_id,DS01-005_id,6,35,HPT_eff_mod,1,0,-0.0373884810608295,-0.00967265678560781,1,1,2,1,2,1,0.206960317975758,0
test_id,DS01-005_id,6,35,fan_eff_mod,2,0,0,-0,0,0,0,0,2,1,0.206960317975758,0
test_id,DS01-005_id,6,35,fan_flow_mod,3,0,0,-0.000251837095636215,0,0,0,0,2,1,0.206960317975758,0
test_id,DS01-005_id,6,35,HPC_eff_mod,4,0,0,-0.0164874168825301,0,0,0,0,2,1,0.206960317975758,0
test_id,DS01-005_id,6,35,HPC_flow_mod,5,0,0,-0.00360308150998131,0,0,0,0,2,1,0.206960317975758,0
test_id,DS01-005_id,6,35,LPT_eff_mod,6,0,0,-0.014326037839367,0,0,0,0,2,1,0.206960317975758,0
test_id,DS01-005_id,6,35,LPT_flow_mod,7,0,0,-0.0204972157464467,0,0,0,0,2,1,0.206960317975758,0
test_id,DS01-005_id,6,35,LPC_eff_mod,8,0,0,-0,0,0,0,0,2,1,0.206960317975758,0
test_id,DS01-005_id,6,35,LPC_flow_mod,9,0,0,-0.00465414819540589,0,0,0,0,2,1,0.206960317975758,0
test_id,DS01-005_id,6,36,HPT_eff_mod,1,0,-0.0537297439789568,-0.0116839006864671,1,1,2,1,2,1,0.168267793450813,0
test_id,DS01-005_id,6,36,fan_eff_mod,2,0,0,-0,0,0,0,0,2,1,0.168267793450813,0
test_id,DS01-005_id,6,36,fan_flow_mod,3,0,0,-0.000251837095636215,0,0,0,0,2,1,0.168267793450813,0
test_id,DS01-005_id,6,36,HPC_eff_mod,4,0,0,-0.0164874168825301,0,0,0,0,2,1,0.168267793450813,0
test_id,DS01-005_id,6,36,HPC_flow_mod,5,0,0,-0.00360308150998131,0,0,0,0,2,1,0.168267793450813,0
test_id,DS01-005_id,6,36,LPT_eff_mod,6,0,0,-0.014326037839367,0,0,0,0,2,1,0.168267793450813,0
test_id,DS01-005_id,6,36,LPT_flow_mod,7,0,0,-0.0204972157464467,0,0,0,0,2,1,0.168267793450813,0
test_id,DS01-005_id,6,36,LPC_eff_mod,8,0,0,-0,0,0,0,0,2,1,0.168267793450813,0
test_id,DS01-005_id,6,36,LPC_flow_mod,9,0,0,-0.00465414819540589,0,0,0,0,2,1,0.168267793450813,0
test_id,DS01-005_id,6,37,HPT_eff_mod,1,0,-0.0463871064787398,-0.0116839006864671,1,1,2,1,2,1,0.0840871429571338,0
test_id,DS01-005_id,6,37,fan_eff_mod,2,0,0,-0,0,0,0,0,2,1,0.0840871429571338,0
test_id,DS01-005_id,6,37,fan_flow_mod,3,0,0,-0.000251837095636215,0,0,0,0,2,1,0.0840871429571338,0
test_id,DS01-005_id,6,37,HPC_eff_mod,4,0,0,-0.0164874168825301,0,0,0,0,2,1,0.0840871429571338,0
test_id,DS01-005_id,6,37,HPC_flow_mod,5,0,0,-0.00360308150998131,0,0,0,0,2,1,0.0840871429571338,0
test_id,DS01-005_id,6,37,LPT_eff_mod,6,0,0,-0.014326037839367,0,0,0,0,2,1,0.0840871429571338,0
test_id,DS01-005_id,6,37,LPT_flow_mod,7,0,0,-0.0219364922599824,0,0,0,0,2,1,0.0840871429571338,0
test_id,DS01-005_id,6,37,LPC_eff_mod,8,0,0,-0,0,0,0,0,2,1,0.0840871429571338,0
test_id,DS01-005_id,6,37,LPC_flow_mod,9,0,0,-0.00465414819540589,0,0,0,0,2,1,0.0840871429571338,0
test_id,DS01-005_id,6,38,HPT_eff_mod,1,0,-0.0446972584530836,-0.0116839006864671,1,1,2,1,2,1,0.169262436207628,0
test_id,DS01-005_id,6,38,fan_eff_mod,2,0,0,-0,0,0,0,0,2,1,0.169262436207628,0
test_id,DS01-005_id,6,38,fan_flow_mod,3,0,0,-0.000251837095636215,0,0,0,0,2,1,0.169262436207628,0
test_id,DS01-005_id,6,38,HPC_eff_mod,4,0,0,-0.0164874168825301,0,0,0,0,2,1,0.169262436207628,0
test_id,DS01-005_id,6,38,HPC_flow_mod,5,0,0,-0.00360308150998131,0,0,0,0,2,1,0.169262436207628,0
test_id,DS01-005_id,6,38,LPT_eff_mod,6,0,0,-0.014326037839367,0,0,0,0,2,1,0.169262436207628,0
test_id,DS01-005_id,6,38,LPT_flow_mod,7,0,0,-0.0274707496232845,0,0,0,0,2,1,0.169262436207628,0
test_id,DS01-005_id,6,38,LPC_eff_mod,8,0,0,-0,0,0,0,0,2,1,0.169262436207628,0
test_id,DS01-005_id,6,38,LPC_flow_mod,9,0,0,-0.00465414819540589,0,0,0,0,2,1,0.169262436207628,0
test_id,DS01-005_id,6,39,HPT_eff_mod,1,0,-0.0527568684714235,-0.0116839006864671,1,1,2,1,2,1,0.160231230627337,0
test_id,DS01-005_id,6,39,fan_eff_mod,2,0,0,-0,0,0,0,0,2,1,0.160231230627337,0
test_id,DS01-005_id,6,39,fan_flow_mod,3,0,0,-0.000251837095636215,0,0,0,0,2,1,0.160231230627337,0
test_id,DS01-005_id,6,39,HPC_eff_mod,4,0,0,-0.0164874168825301,0,0,0,0,2,1,0.160231230627337,0
test_id,DS01-005_id,6,39,HPC_flow_mod,5,0,0,-0.00360308150998131,0,0,0,0,2,1,0.160231230627337,0
test_id,DS01-005_id,6,39,LPT_eff_mod,6,0,0,-0.014326037839367,0,0,0,0,2,1,0.160231230627337,0
test_id,DS01-005_id,6,39,LPT_flow_mod,7,0,0,-0.0274707496232845,0,0,0,0,2,1,0.160231230627337,0
test_id,DS01-005_id,6,39,LPC_eff_mod,8,0,0,-0,0,0,0,0,2,1,0.160231230627337,0
test_id,DS01-005_id,6,39,LPC_flow_mod,9,0,0,-0.00465414819540589,0,0,0,0,2,1,0.160231230627337,0
test_id,DS01-005_id,6,40,HPT_eff_mod,1,0,-0.0562895163221231,-0.0116839006864671,1,1,2,1,2,1,0.115815088639894,0
test_id,DS01-005_id,6,40,fan_eff_mod,2,0,0,-0,0,0,0,0,2,1,0.115815088639894,0
test_id,DS01-005_id,6,40,fan_flow_mod,3,0,0,-0.000391867958351055,0,0,0,0,2,1,0.115815088639894,0
test_id,DS01-005_id,6,40,HPC_eff_mod,4,0,0,-0.0164874168825301,0,0,0,0,2,1,0.115815088639894,0
test_id,DS01-005_id,6,40,HPC_flow_mod,5,0,0,-0.00360308150998131,0,0,0,0,2,1,0.115815088639894,0
test_id,DS01-005_id,6,40,LPT_eff_mod,6,0,0,-0.014326037839367,0,0,0,0,2,1,0.115815088639894,0
test_id,DS01-005_id,6,40,LPT_flow_mod,7,0,0,-0.0325001458090022,0,0,0,0,2,1,0.115815088639894,0
test_id,DS01-005_id,6,40,LPC_eff_mod,8,0,0,-0,0,0,0,0,2,1,0.115815088639894,0
test_id,DS01-005_id,6,40,LPC_flow_mod,9,0,0,-0.00703881217241984,0,0,0,0,2,1,0.115815088639894,0
test_id,DS01-005_id,6,41,HPT_eff_mod,1,0,-0.0607642579155209,-0.0116839006864671,1,1,2,1,2,1,0.100398970619571,0
test_id,DS01-005_id,6,41,fan_eff_mod,2,0,0,-0,0,0,0,0,2,1,0.100398970619571,0
test_id,DS01-005_id,6,41,fan_flow_mod,3,0,0,-0.000391867958351055,0,0,0,0,2,1,0.100398970619571,0
test_id,DS01-005_id,6,41,HPC_eff_mod,4,0,0,-0.0164874168825301,0,0,0,0,2,1,0.100398970619571,0
test_id,DS01-005_id,6,41,HPC_flow_mod,5,0,0,-0.00360308150998131,0,0,0,0,2,1,0.100398970619571,0
test_id,DS01-005_id,6,41,LPT_eff_mod,6,0,0,-0.014326037839367,0,0,0,0,2,1,0.100398970619571,0
test_id,DS01-005_id,6,41,LPT_flow_mod,7,0,0,-0.038947513859668,0,0,0,0,2,1,0.100398970619571,0
test_id,DS01-005_id,6,41,LPC_eff_mod,8,0,0,-0,0,0,0,0,2,1,0.100398970619571,0
test_id,DS01-005_id,6,41,LPC_flow_mod,9,0,0,-0.00703881217241984,0,0,0,0,2,1,0.100398970619571,0
test_id,DS01-005_id,6,42,HPT_eff_mod,1,0,-0.0578286339776443,-0.0116839006864671,1,1,2,1,2,1,0.183063378755298,0
test_id,DS01-005_id,6,42,fan_eff_mod,2,0,0,-0,0,0,0,0,2,1,0.183063378755298,0
test_id,DS01-005_id,6,42,fan_flow_mod,3,0,0,-0.000391867958351055,0,0,0,0,2,1,0.183063378755298,0
test_id,DS01-005_id,6,42,HPC_eff_mod,4,0,0,-0.0164874168825301,0,0,0,0,2,1,0.183063378755298,0
test_id,DS01-005_id,6,42,HPC_flow_mod,5,0,0,-0.00360308150998131,0,0,0,0,2,1,0.183063378755298,0
test_id,DS01-005_id,6,42,LPT_eff_mod,6,0,0,-0.014326037839367,0,0,0,0,2,1,0.183063378755298,0
test_id,DS01-005_id,6,42,LPT_flow_mod,7,0,0,-0.038947513859668,0,0,0,0,2,1,0.183063378755298,0
test_id,DS01-005_id,6,42,LPC_eff_mod,8,0,0,-0,0,0,0,0,2,1,0.183063378755298,0
test_id,DS01-005_id,6,42,LPC_flow_mod,9,0,0,-0.00703881217241984,0,0,0,0,2,1,0.183063378755298,0
test_id,DS01-005_id,6,43,HPT_eff_mod,1,0,-0.0662907496106024,-0.0116839006864671,1,1,2,1,2,1,0.451550420020069,1
test_id,DS01-005_id,6,43,fan_eff_mod,2,0,0,-0,0,0,0,0,2,1,0.451550420020069,1
test_id,DS01-005_id,6,43,fan_flow_mod,3,0,0,-0.000391867958351055,0,0,0,0,2,1,0.451550420020069,1
test_id,DS01-005_id,6,43,HPC_eff_mod,4,0,0,-0.0164874168825301,0,0,0,0,2,1,0.451550420020069,1
test_id,DS01-005_id,6,43,HPC_flow_mod,5,0,0,-0.00360308150998131,0,0,0,0,2,1,0.451550420020069,1
test_id,DS01-005_id,6,43,LPT_eff_mod,6,0,0,-0.014326037839367,0,0,0,0,2,1,0.451550420020069,1
test_id,DS01-005_id,6,43,LPT_flow_mod,7,0,0,-0.0448687304368853,0,0,0,0,2,1,0.451550420020069,1
test_id,DS01-005_id,6,43,LPC_eff_mod,8,0,0,-0,0,0,0,0,2,1,0.451550420020069,1
test_id,DS01-005_id,6,43,LPC_flow_mod,9,0,0,-0.00703881217241984,0,0,0,0,2,1,0.451550420020069,1
test_id,DS01-005_id,6,44,HPT_eff_mod,1,0,-0.06411361382032,-0.0116839006864671,1,1,2,1,2,1,0.195587821354942,0
test_id,DS01-005_id,6,44,fan_eff_mod,2,0,0,-0,0,0,0,0,2,1,0.195587821354942,0
test_id,DS01-005_id,6,44,fan_flow_mod,3,0,0,-0.000391867958351055,0,0,0,0,2,1,0.195587821354942,0
test_id,DS01-005_id,6,44,HPC_eff_mod,4,0,0,-0.0164874168825301,0,0,0,0,2,1,0.195587821354942,0
test_id,DS01-005_id,6,44,HPC_flow_mod,5,0,0,-0.00360308150998131,0,0,0,0,2,1,0.195587821354942,0
test_id,DS01-005_id,6,44,LPT_eff_mod,6,0,0,-0.0235952663090543,0,0,0,0,2,1,0.195587821354942,0
test_id,DS01-005_id,6,44,LPT_flow_mod,7,0,0,-0.0448687304368853,0,0,0,0,2,1,0.195587821354942,0
test_id,DS01-005_id,6,44,LPC_eff_mod,8,0,0,-0,0,0,0,0,2,1,0.195587821354942,0
test_id,DS01-005_id,6,44,LPC_flow_mod,9,0,0,-0.00703881217241984,0,0,0,0,2,1,0.195587821354942,0
test_id,DS01-005_id,6,45,HPT_eff_mod,1,0,-0.0723057362160925,-0.0116839006864671,1,1,2,1,2,2,0.199881502341896,0
test_id,DS01-005_id,6,45,fan_eff_mod,2,0,0,-0,0,0,0,0,2,2,0.199881502341896,0
test_id,DS01-005_id,6,45,fan_flow_mod,3,0,0,-0.000391867958351055,0,0,0,0,2,2,0.199881502341896,0
test_id,DS01-005_id,6,45,HPC_eff_mod,4,0,0,-0.0164874168825301,0,0,0,0,2,2,0.199881502341896,0
test_id,DS01-005_id,6,45,HPC_flow_mod,5,0,0,-0.00360308150998131,0,0,0,0,2,2,0.199881502341896,0
test_id,DS01-005_id,6,45,LPT_eff_mod,6,0,0,-0.0235952663090543,0,0,0,0,2,2,0.199881502341896,0
test_id,DS01-005_id,6,45,LPT_flow_mod,7,0,0,-0.0468771397593983,0,1,0,2,2,2,0.199881502341896,0
test_id,DS01-005_id,6,45,LPC_eff_mod,8,0,0,-0,0,0,0,0,2,2,0.199881502341896,0
test_id,DS01-005_id,6,45,LPC_flow_mod,9,0,0,-0.00703881217241984,0,0,0,0,2,2,0.199881502341896,0
test_id,DS01-005_id,6,46,HPT_eff_mod,1,0,-0.0719100388179165,-0.0116839006864671,1,1,2,1,2,2,0.0953645128396977,0
test_id,DS01-005_id,6,46,fan_eff_mod,2,0,0,-0,0,0,0,0,2,2,0.0953645128396977,0
test_id,DS01-005_id,6,46,fan_flow_mod,3,0,0,-0.000391867958351055,0,0,0,0,2,2,0.0953645128396977,0
test_id,DS01-005_id,6,46,HPC_eff_mod,4,0,0,-0.0164874168825301,0,0,0,0,2,2,0.0953645128396977,0
test_id,DS01-005_id,6,46,HPC_flow_mod,5,0,0,-0.00360308150998131,0,0,0,0,2,2,0.0953645128396977,0
test_id,DS01-005_id,6,46,LPT_eff_mod,6,0,0,-0.0235952663090543,0,0,0,0,2,2,0.0953645128396977,0
test_id,DS01-005_id,6,46,LPT_flow_mod,7,0,0,-0.047769722874241,0,1,0,2,2,2,0.0953645128396977,0
test_id,DS01-005_id,6,46,LPC_eff_mod,8,0,0,-0,0,0,0,0,2,2,0.0953645128396977,0
test_id,DS01-005_id,6,46,LPC_flow_mod,9,0,0,-0.00703881217241984,0,0,0,0,2,2,0.0953645128396977,0
test_id,DS01-005_id,6,47,HPT_eff_mod,1,0,-0.0747860994902659,-0.0116839006864671,1,1,2,1,2,2,0.165469929403111,0
test_id,DS01-005_id,6,47,fan_eff_mod,2,0,0,-0,0,0,0,0,2,2,0.165469929403111,0
test_id,DS01-005_id,6,47,fan_flow_mod,3,0,0,-0.000391867958351055,0,0,0,0,2,2,0.165469929403111,0
test_id,DS01-005_id,6,47,HPC_eff_mod,4,0,0,-0.0164874168825301,0,0,0,0,2,2,0.165469929403111,0
test_id,DS01-005_id,6,47,HPC_flow_mod,5,0,0,-0.00360308150998131,0,0,0,0,2,2,0.165469929403111,0
test_id,DS01-005_id,6,47,LPT_eff_mod,6,0,0,-0.0235952663090543,0,0,0,0,2,2,0.165469929403111,0
test_id,DS01-005_id,6,47,LPT_flow_mod,7,0,0,-0.047769722874241,0,1,0,2,2,2,0.165469929403111,0
test_id,DS01-005_id,6,47,LPC_eff_mod,8,0,0,-0,0,0,0,0,2,2,0.165469929403111,0
test_id,DS01-005_id,6,47,LPC_flow_mod,9,0,0,-0.00703881217241984,0,0,0,0,2,2,0.165469929403111,0
test_id,DS01-005_id,6,48,HPT_eff_mod,1,0,-0.076996226221843,-0.0116839006864671,1,1,2,1,2,2,0.216807759939936,0
test_id,DS01-005_id,6,48,fan_eff_mod,2,0,0,-0,0,0,0,0,2,2,0.216807759939936,0
test_id,DS01-005_id,6,48,fan_flow_mod,3,0,0,-0.000391867958351055,0,0,0,0,2,2,0.216807759939936,0
test_id,DS01-005_id,6,48,HPC_eff_mod,4,0,0,-0.0164874168825301,0,0,0,0,2,2,0.216807759939936,0
test_id,DS01-005_id,6,48,HPC_flow_mod,5,0,0,-0.00360308150998131,0,0,0,0,2,2,0.216807759939936,0
test_id,DS01-005_id,6,48,LPT_eff_mod,6,0,0,-0.0235952663090543,0,1,0,1,2,2,0.216807759939936,0
test_id,DS01-005_id,6,48,LPT_flow_mod,7,0,0,-0.047769722874241,0,1,0,2,2,2,0.216807759939936,0
test_id,DS01-005_id,6,48,LPC_eff_mod,8,0,0,-0,0,0,0,0,2,2,0.216807759939936,0
test_id,DS01-005_id,6,48,LPC_flow_mod,9,0,0,-0.00703881217241984,0,0,0,0,2,2,0.216807759939936,0
test_id,DS01-005_id,6,49,HPT_eff_mod,1,0,-0.0927778883404159,-0.0116839006864671,1,1,2,1,2,2,0.337830597704394,1
test_id,DS01-005_id,6,49,fan_eff_mod,2,0,0,-0,0,0,0,0,2,2,0.337830597704394,1
test_id,DS01-005_id,6,49,fan_flow_mod,3,0,0,-0.000391867958351055,0,0,0,0,2,2,0.337830597704394,1
test_id,DS01-005_id,6,49,HPC_eff_mod,4,0,0,-0.0164874168825301,0,0,0,0,2,2,0.337830597704394,1
test_id,DS01-005_id,6,49,HPC_flow_mod,5,0,0,-0.00360308150998131,0,0,0,0,2,2,0.337830597704394,1
test_id,DS01-005_id,6,49,LPT_eff_mod,6,0,0,-0.0235952663090543,0,1,0,1,2,2,0.337830597704394,1
test_id,DS01-005_id,6,49,LPT_flow_mod,7,0,0,-0.0688072622361411,0,1,0,2,2,2,0.337830597704394,1
test_id,DS01-005_id,6,49,LPC_eff_mod,8,0,0,-0,0,0,0,0,2,2,0.337830597704394,1
test_id,DS01-005_id,6,49,LPC_flow_mod,9,0,0,-0.00933445957333447,0,0,0,0,2,2,0.337830597704394,1
test_id,DS01-005_id,6,50,HPT_eff_mod,1,0,-0.0951918428167691,-0.0185880664109973,1,1,2,1,2,2,0.161018062234414,0
test_id,DS01-005_id,6,50,fan_eff_mod,2,0,0,-0,0,0,0,0,2,2,0.161018062234414,0
test_id,DS01-005_id,6,50,fan_flow_mod,3,0,0,-0.000391867958351055,0,0,0,0,2,2,0.161018062234414,0
test_id,DS01-005_id,6,50,HPC_eff_mod,4,0,0,-0.0164874168825301,0,0,0,0,2,2,0.161018062234414,0
test_id,DS01-005_id,6,50,HPC_flow_mod,5,0,0,-0.00360308150998131,0,0,0,0,2,2,0.161018062234414,0
test_id,DS01-005_id,6,50,LPT_eff_mod,6,0,0,-0.0288330443597762,0,1,0,2,2,2,0.161018062234414,0
test_id,DS01-005_id,6,50,LPT_flow_mod,7,0,0,-0.0688072622361411,0,1,0,2,2,2,0.161018062234414,0
test_id,DS01-005_id,6,50,LPC_eff_mod,8,0,0,-0,0,0,0,0,2,2,0.161018062234414,0
test_id,DS01-005_id,6,50,LPC_flow_mod,9,0,0,-0.00933445957333447,0,0,0,0,2,2,0.161018062234414,0
test_id,DS01-005_id,6,51,HPT_eff_mod,1,0,-0.0970195099085994,-0.0185880664109973,1,1,2,1,2,2,0.139078818711441,0
test_id,DS01-005_id,6,51,fan_eff_mod,2,0,0,-0,0,0,0,0,2,2,0.139078818711441,0
test_id,DS01-005_id,6,51,fan_flow_mod,3,0,0,-0.000391867958351055,0,0,0,0,2,2,0.139078818711441,0
test_id,DS01-005_id,6,51,HPC_eff_mod,4,0,0,-0.0164874168825301,0,0,0,0,2,2,0.139078818711441,0
test_id,DS01-005_id,6,51,HPC_flow_mod,5,0,0,-0.00360308150998131,0,0,0,0,2,2,0.139078818711441,0
test_id,DS01-005_id,6,51,LPT_eff_mod,6,0,0,-0.0288330443597762,0,1,0,2,2,2,0.139078818711441,0
test_id,DS01-005_id,6,51,LPT_flow_mod,7,0,0,-0.0688072622361411,0,1,0,2,2,2,0.139078818711441,0
test_id,DS01-005_id,6,51,LPC_eff_mod,8,0,0,-0,0,0,0,0,2,2,0.139078818711441,0
test_id,DS01-005_id,6,51,LPC_flow_mod,9,0,0,-0.00933445957333447,0,0,0,0,2,2,0.139078818711441,0
test_id,DS01-005_id,6,52,HPT_eff_mod,1,0,-0.107677957303264,-0.0434068841778743,1,1,2,2,2,2,0.221100512738908,0
test_id,DS01-005_id,6,52,fan_eff_mod,2,0,0,-0,0,0,0,0,2,2,0.221100512738908,0
test_id,DS01-005_id,6,52,fan_flow_mod,3,0,0,-0.000391867958351055,0,0,0,0,2,2,0.221100512738908,0
test_id,DS01-005_id,6,52,HPC_eff_mod,4,0,0,-0.0164874168825301,0,0,0,0,2,2,0.221100512738908,0
test_id,DS01-005_id,6,52,HPC_flow_mod,5,0,0,-0.00360308150998131,0,0,0,0,2,2,0.221100512738908,0
test_id,DS01-005_id,6,52,LPT_eff_mod,6,0,0,-0.0288330443597762,0,1,0,2,2,2,0.221100512738908,0
test_id,DS01-005_id,6,52,LPT_flow_mod,7,0,0,-0.0688072622361411,0,1,0,2,2,2,0.221100512738908,0
test_id,DS01-005_id,6,52,LPC_eff_mod,8,0,0,-0,0,0,0,0,2,2,0.221100512738908,0
test_id,DS01-005_id,6,52,LPC_flow_mod,9,0,0,-0.00933445957333447,0,0,0,0,2,2,0.221100512738908,0
test_id,DS01-005_id,6,53,HPT_eff_mod,1,0,-0.117346663717141,-0.0434068841778743,1,1,2,2,2,2,0.119862506516262,0
test_id,DS01-005_id,6,53,fan_eff_mod,2,0,0,-0,0,0,0,0,2,2,0.119862506516262,0
test_id,DS01-005_id,6,53,fan_flow_mod,3,0,0,-0.000391867958351055,0,0,0,0,2,2,0.119862506516262,0
test_id,DS01-005_id,6,53,HPC_eff_mod,4,0,0,-0.0164874168825301,0,0,0,0,2,2,0.119862506516262,0
test_id,DS01-005_id,6,53,HPC_flow_mod,5,0,0,-0.00360308150998131,0,0,0,0,2,2,0.119862506516262,0
test_id,DS01-005_id,6,53,LPT_eff_mod,6,0,0,-0.0288330443597762,0,1,0,2,2,2,0.119862506516262,0
test_id,DS01-005_id,6,53,LPT_flow_mod,7,0,0,-0.0688072622361411,0,1,0,2,2,2,0.119862506516262,0
test_id,DS01-005_id,6,53,LPC_eff_mod,8,0,0,-0,0,0,0,0,2,2,0.119862506516262,0
test_id,DS01-005_id,6,53,LPC_flow_mod,9,0,0,-0.00933445957333447,0,0,0,0,2,2,0.119862506516262,0
test_id,DS01-005_id,6,54,HPT_eff_mod,1,0,-0.131349738409717,-0.0471322910074644,1,1,2,2,2,2,0.0791427979244128,0
test_id,DS01-005_id,6,54,fan_eff_mod,2,0,0,-0,0,0,0,0,2,2,0.0791427979244128,0
test_id,DS01-005_id,6,54,fan_flow_mod,3,0,0,-0.000391867958351055,0,0,0,0,2,2,0.0791427979244128,0
test_id,DS01-005_id,6,54,HPC_eff_mod,4,0,0,-0.0164874168825301,0,0,0,0,2,2,0.0791427979244128,0
test_id,DS01-005_id,6,54,HPC_flow_mod,5,0,0,-0.00360308150998131,0,0,0,0,2,2,0.0791427979244128,0
test_id,DS01-005_id,6,54,LPT_eff_mod,6,0,0,-0.0288330443597762,0,1,0,2,2,2,0.0791427979244128,0
test_id,DS01-005_id,6,54,LPT_flow_mod,7,0,0,-0.0760143819567505,0,1,0,2,2,2,0.0791427979244128,0
test_id,DS01-005_id,6,54,LPC_eff_mod,8,0,0,-0,0,0,0,0,2,2,0.0791427979244128,0
test_id,DS01-005_id,6,54,LPC_flow_mod,9,0,0,-0.00933445957333447,0,0,0,0,2,2,0.0791427979244128,0
test_id,DS01-005_id,6,55,HPT_eff_mod,1,0,-0.132229389914585,-0.0471322910074644,1,1,2,2,2,2,0.222210562411213,0
test_id,DS01-005_id,6,55,fan_eff_mod,2,0,0,-0,0,0,0,0,2,2,0.222210562411213,0
test_id,DS01-005_id,6,55,fan_flow_mod,3,0,0,-0.000391867958351055,0,0,0,0,2,2,0.222210562411213,0
test_id,DS01-005_id,6,55,HPC_eff_mod,4,0,0,-0.0164874168825301,0,0,0,0,2,2,0.222210562411213,0
test_id,DS01-005_id,6,55,HPC_flow_mod,5,0,0,-0.00360308150998131,0,0,0,0,2,2,0.222210562411213,0
test_id,DS01-005_id,6,55,LPT_eff_mod,6,0,0,-0.0380404878864343,0,1,0,2,2,2,0.222210562411213,0
test_id,DS01-005_id,6,55,LPT_flow_mod,7,0,0,-0.0760143819567505,0,1,0,2,2,2,0.222210562411213,0
test_id,DS01-005_id,6,55,LPC_eff_mod,8,0,0,-0,0,0,0,0,2,2,0.222210562411213,0
test_id,DS01-005_id,6,55,LPC_flow_mod,9,0,0,-0.00933445957333447,0,0,0,0,2,2,0.222210562411213,0
test_id,DS01-005_id,6,56,HPT_eff_mod,1,0,-0.145291740851046,-0.0492226681041519,1,1,2,2,2,2,0.174608219465162,0
test_id,DS01-005_id,6,56,fan_eff_mod,2,0,0,-0,0,0,0,0,2,2,0.174608219465162,0
test_id,DS01-005_id,6,56,fan_flow_mod,3,0,0,-0.000391867958351055,0,0,0,0,2,2,0.174608219465162,0
test_id,DS01-005_id,6,56,HPC_eff_mod,4,0,0,-0.0164874168825301,0,0,0,0,2,2,0.174608219465162,0
test_id,DS01-005_id,6,56,HPC_flow_mod,5,0,0,-0.00360308150998131,0,0,0,0,2,2,0.174608219465162,0
test_id,DS01-005_id,6,56,LPT_eff_mod,6,0,0,-0.0380404878864343,0,1,0,2,2,2,0.174608219465162,0
test_id,DS01-005_id,6,56,LPT_flow_mod,7,0,0,-0.0822696090716468,0,1,0,2,2,2,0.174608219465162,0
test_id,DS01-005_id,6,56,LPC_eff_mod,8,0,0,-0,0,0,0,0,2,2,0.174608219465162,0
test_id,DS01-005_id,6,56,LPC_flow_mod,9,0,0,-0.00933445957333447,0,0,0,0,2,2,0.174608219465162,0
test_id,DS01-005_id,6,57,HPT_eff_mod,1,0,-0.144065077710476,-0.0535471241958911,1,1,2,2,2,2,0.207101479481907,0
test_id,DS01-005_id,6,57,fan_eff_mod,2,0,0,-0,0,0,0,0,2,2,0.207101479481907,0
test_id,DS01-005_id,6,57,fan_flow_mod,3,0,0,-0.000391867958351055,0,0,0,0,2,2,0.207101479481907,0
test_id,DS01-005_id,6,57,HPC_eff_mod,4,0,0,-0.0164874168825301,0,0,0,0,2,2,0.207101479481907,0
test_id,DS01-005_id,6,57,HPC_flow_mod,5,0,0,-0.00360308150998131,0,0,0,0,2,2,0.207101479481907,0
test_id,DS01-005_id,6,57,LPT_eff_mod,6,0,0,-0.0395845503992301,0,1,0,2,2,2,0.207101479481907,0
test_id,DS01-005_id,6,57,LPT_flow_mod,7,0,0,-0.0822696090716468,0,1,0,2,2,2,0.207101479481907,0
test_id,DS01-005_id,6,57,LPC_eff_mod,8,0,0,-0,0,0,0,0,2,2,0.207101479481907,0
test_id,DS01-005_id,6,57,LPC_flow_mod,9,0,0,-0.00933445957333447,0,0,0,0,2,2,0.207101479481907,0
test_id,DS01-005_id,6,58,HPT_eff_mod,1,0,-0.143499106353041,-0.0535471241958911,1,1,2,2,2,2,0.0783941432016702,0
test_id,DS01-005_id,6,58,fan_eff_mod,2,0,0,-0,0,0,0,0,2,2,0.0783941432016702,0
test_id,DS01-005_id,6,58,fan_flow_mod,3,0,0,-0.000391867958351055,0,0,0,0,2,2,0.0783941432016702,0
test_id,DS01-005_id,6,58,HPC_eff_mod,4,0,0,-0.0164874168825301,0,0,0,0,2,2,0.0783941432016702,0
test_id,DS01-005_id,6,58,HPC_flow_mod,5,0,0,-0.00360308150998131,0,0,0,0,2,2,0.0783941432016702,0
test_id,DS01-005_id,6,58,LPT_eff_mod,6,0,0,-0.0395845503992301,0,1,0,2,2,2,0.0783941432016702,0
test_id,DS01-005_id,6,58,LPT_flow_mod,7,0,0,-0.0891773534735887,0,1,0,2,2,2,0.0783941432016702,0
test_id,DS01-005_id,6,58,LPC_eff_mod,8,0,0,-0,0,0,0,0,2,2,0.0783941432016702,0
test_id,DS01-005_id,6,58,LPC_flow_mod,9,0,0,-0.00933445957333447,0,0,0,0,2,2,0.0783941432016702,0
test_id,DS01-005_id,6,59,HPT_eff_mod,1,0,-0.149388079698383,-0.0535471241958911,1,1,3,2,3,2,0.0610899761990493,0
test_id,DS01-005_id,6,59,fan_eff_mod,2,0,0,-0,0,0,0,0,3,2,0.0610899761990493,0
test_id,DS01-005_id,6,59,fan_flow_mod,3,0,0,-0.000391867958351055,0,0,0,0,3,2,0.0610899761990493,0
test_id,DS01-005_id,6,59,HPC_eff_mod,4,0,0,-0.0164874168825301,0,0,0,0,3,2,0.0610899761990493,0
test_id,DS01-005_id,6,59,HPC_flow_mod,5,0,0,-0.00360308150998131,0,0,0,0,3,2,0.0610899761990493,0
test_id,DS01-005_id,6,59,LPT_eff_mod,6,0,0,-0.0395845503992301,0,1,0,2,3,2,0.0610899761990493,0
test_id,DS01-005_id,6,59,LPT_flow_mod,7,0,0,-0.0891773534735887,0,1,0,2,3,2,0.0610899761990493,0
test_id,DS01-005_id,6,59,LPC_eff_mod,8,0,0,-0,0,0,0,0,3,2,0.0610899761990493,0
test_id,DS01-005_id,6,59,LPC_flow_mod,9,0,0,-0.00933445957333447,0,0,0,0,3,2,0.0610899761990493,0
test_id,DS01-005_id,6,60,HPT_eff_mod,1,0,-0.163310369308223,-0.0572020877623511,1,1,3,2,3,2,0.178699264695,0
test_id,DS01-005_id,6,60,fan_eff_mod,2,0,0,-0,0,0,0,0,3,2,0.178699264695,0
test_id,DS01-005_id,6,60,fan_flow_mod,3,0,0,-0.000391867958351055,0,0,0,0,3,2,0.178699264695,0
test_id,DS01-005_id,6,60,HPC_eff_mod,4,0,0,-0.0164874168825301,0,0,0,0,3,2,0.178699264695,0
test_id,DS01-005_id,6,60,HPC_flow_mod,5,0,0,-0.00360308150998131,0,0,0,0,3,2,0.178699264695,0
test_id,DS01-005_id,6,60,LPT_eff_mod,6,0,0,-0.0395845503992301,0,1,0,2,3,2,0.178699264695,0
test_id,DS01-005_id,6,60,LPT_flow_mod,7,0,0,-0.0965679126811993,0,1,0,2,3,2,0.178699264695,0
test_id,DS01-005_id,6,60,LPC_eff_mod,8,0,0,-0,0,0,0,0,3,2,0.178699264695,0
test_id,DS01-005_id,6,60,LPC_flow_mod,9,0,0,-0.00933445957333447,0,0,0,0,3,2,0.178699264695,0
test_id,DS01-005_id,6,61,HPT_eff_mod,1,0,-0.174480766049236,-0.0705125819705156,1,1,3,2,3,2,0.195664350301294,0
test_id,DS01-005_id,6,61,fan_eff_mod,2,0,0,-0,0,0,0,0,3,2,0.195664350301294,0
test_id,DS01-005_id,6,61,fan_flow_mod,3,0,0,-0.000391867958351055,0,0,0,0,3,2,0.195664350301294,0
test_id,DS01-005_id,6,61,HPC_eff_mod,4,0,0,-0.0164874168825301,0,0,0,0,3,2,0.195664350301294,0
test_id,DS01-005_id,6,61,HPC_flow_mod,5,0,0,-0.00360308150998131,0,0,0,0,3,2,0.195664350301294,0
test_id,DS01-005_id,6,61,LPT_eff_mod,6,0,0,-0.0458002434248652,0,1,0,2,3,2,0.195664350301294,0
test_id,DS01-005_id,6,61,LPT_flow_mod,7,0,0,-0.0965679126811993,0,1,0,2,3,2,0.195664350301294,0
test_id,DS01-005_id,6,61,LPC_eff_mod,8,0,0,-0,0,0,0,0,3,2,0.195664350301294,0
test_id,DS01-005_id,6,61,LPC_flow_mod,9,0,0,-0.00933445957333447,0,0,0,0,3,2,0.195664350301294,0
test_id,DS01-005_id,6,62,HPT_eff_mod,1,0,-0.183084545995502,-0.0705125819705156,1,1,3,2,3,2,0.103152814581431,0
test_id,DS01-005_id,6,62,fan_eff_mod,2,0,0,-0,0,0,0,0,3,2,0.103152814581431,0
test_id,DS01-005_id,6,62,fan_flow_mod,3,0,0,-0.000391867958351055,0,0,0,0,3,2,0.103152814581431,0
test_id,DS01-005_id,6,62,HPC_eff_mod,4,0,0,-0.0164874168825301,0,0,0,0,3,2,0.103152814581431,0
test_id,DS01-005_id,6,62,HPC_flow_mod,5,0,0,-0.00360308150998131,0,0,0,0,3,2,0.103152814581431,0
test_id,DS01-005_id,6,62,LPT_eff_mod,6,0,0,-0.0458002434248652,0,1,0,2,3,2,0.103152814581431,0
test_id,DS01-005_id,6,62,LPT_flow_mod,7,0,0,-0.115256007931811,0,1,0,2,3,2,0.103152814581431,0
test_id,DS01-005_id,6,62,LPC_eff_mod,8,0,0,-0,0,0,0,0,3,2,0.103152814581431,0
test_id,DS01-005_id,6,62,LPC_flow_mod,9,0,0,-0.00933445957333447,0,0,0,0,3,2,0.103152814581431,0
test_id,DS01-005_id,6,63,HPT_eff_mod,1,0,-0.193094466822277,-0.0705125819705156,1,1,3,2,3,2,0.285850192782135,0
test_id,DS01-005_id,6,63,fan_eff_mod,2,0,0,-0,0,0,0,0,3,2,0.285850192782135,0
test_id,DS01-005_id,6,63,fan_flow_mod,3,0,0,-0.000391867958351055,0,0,0,0,3,2,0.285850192782135,0
test_id,DS01-005_id,6,63,HPC_eff_mod,4,0,0,-0.0164874168825301,0,0,0,0,3,2,0.285850192782135,0
test_id,DS01-005_id,6,63,HPC_flow_mod,5,0,0,-0.00360308150998131,0,0,0,0,3,2,0.285850192782135,0
test_id,DS01-005_id,6,63,LPT_eff_mod,6,0,0,-0.0458002434248652,0,1,0,2,3,2,0.285850192782135,0
test_id,DS01-005_id,6,63,LPT_flow_mod,7,0,0,-0.13008124379872,0,1,0,2,3,2,0.285850192782135,0
test_id,DS01-005_id,6,63,LPC_eff_mod,8,0,0,-0,0,0,0,0,3,2,0.285850192782135,0
test_id,DS01-005_id,6,63,LPC_flow_mod,9,0,0,-0.00933445957333447,0,0,0,0,3,2,0.285850192782135,0
test_id,DS01-005_id,6,64,HPT_eff_mod,1,0,-0.199758238519788,-0.0705125819705156,1,1,3,2,3,2,0.173221863539005,0
test_id,DS01-005_id,6,64,fan_eff_mod,2,0,0,-0,0,0,0,0,3,2,0.173221863539005,0
test_id,DS01-005_id,6,64,fan_flow_mod,3,0,0,-0.000391867958351055,0,0,0,0,3,2,0.173221863539005,0
test_id,DS01-005_id,6,64,HPC_eff_mod,4,0,0,-0.0164874168825301,0,0,0,0,3,2,0.173221863539005,0
test_id,DS01-005_id,6,64,HPC_flow_mod,5,0,0,-0.00360308150998131,0,0,0,0,3,2,0.173221863539005,0
test_id,DS01-005_id,6,64,LPT_eff_mod,6,0,0,-0.0568281180643771,0,1,0,2,3,2,0.173221863539005,0
test_id,DS01-005_id,6,64,LPT_flow_mod,7,0,0,-0.13008124379872,0,1,0,2,3,2,0.173221863539005,0
test_id,DS01-005_id,6,64,LPC_eff_mod,8,0,0,-0,0,0,0,0,3,2,0.173221863539005,0
test_id,DS01-005_id,6,64,LPC_flow_mod,9,0,0,-0.00933445957333447,0,0,0,0,3,2,0.173221863539005,0
test_id,DS01-005_id,6,65,HPT_eff_mod,1,0,-0.202582251082014,-0.0705125819705156,1,1,3,2,3,2,0.160325144061529,0
test_id,DS01-005_id,6,65,fan_eff_mod,2,0,0,-0,0,0,0,0,3,2,0.160325144061529,0
test_id,DS01-005_id,6,65,fan_flow_mod,3,0,0,-0.000391867958351055,0,0,0,0,3,2,0.160325144061529,0
test_id,DS01-005_id,6,65,HPC_eff_mod,4,0,0,-0.0164874168825301,0,0,0,0,3,2,0.160325144061529,0
test_id,DS01-005_id,6,65,HPC_flow_mod,5,0,0,-0.00360308150998131,0,0,0,0,3,2,0.160325144061529,0
test_id,DS01-005_id,6,65,LPT_eff_mod,6,0,0,-0.0568281180643771,0,1,0,2,3,2,0.160325144061529,0
test_id,DS01-005_id,6,65,LPT_flow_mod,7,0,0,-0.13008124379872,0,1,0,2,3,2,0.160325144061529,0
test_id,DS01-005_id,6,65,LPC_eff_mod,8,0,0,-0,0,0,0,0,3,2,0.160325144061529,0
test_id,DS01-005_id,6,65,LPC_flow_mod,9,0,0,-0.00933445957333447,0,0,0,0,3,2,0.160325144061529,0
test_id,DS01-005_id,6,66,HPT_eff_mod,1,0,-0.215194821719902,-0.0705125819705156,1,1,3,2,3,3,0.154103085341883,0
test_id,DS01-005_id,6,66,fan_eff_mod,2,0,0,-0,0,0,0,0,3,3,0.154103085341883,0
test_id,DS01-005_id,6,66,fan_flow_mod,3,0,0,-0.0007356855635067,0,0,0,0,3,3,0.154103085341883,0
test_id,DS01-005_id,6,66,HPC_eff_mod,4,0,0,-0.0164874168825301,0,0,0,0,3,3,0.154103085341883,0
test_id,DS01-005_id,6,66,HPC_flow_mod,5,0,0,-0.00360308150998131,0,0,0,0,3,3,0.154103085341883,0
test_id,DS01-005_id,6,66,LPT_eff_mod,6,0,0,-0.0568281180643771,0,1,0,2,3,3,0.154103085341883,0
test_id,DS01-005_id,6,66,LPT_flow_mod,7,0,0,-0.151101825972743,0,1,0,3,3,3,0.154103085341883,0
test_id,DS01-005_id,6,66,LPC_eff_mod,8,0,0,-0,0,0,0,0,3,3,0.154103085341883,0
test_id,DS01-005_id,6,66,LPC_flow_mod,9,0,0,-0.00987198272569611,0,0,0,0,3,3,0.154103085341883,0
test_id,DS01-005_id,6,67,HPT_eff_mod,1,0,-0.239842065727592,-0.0722487143821562,1,1,3,2,3,3,0.135083471460974,0
test_id,DS01-005_id,6,67,fan_eff_mod,2,0,0,-0,0,0,0,0,3,3,0.135083471460974,0
test_id,DS01-005_id,6,67,fan_flow_mod,3,0,0,-0.0007356855635067,0,0,0,0,3,3,0.135083471460974,0
test_id,DS01-005_id,6,67,HPC_eff_mod,4,0,0,-0.0164874168825301,0,0,0,0,3,3,0.135083471460974,0
test_id,DS01-005_id,6,67,HPC_flow_mod,5,0,0,-0.00360308150998131,0,0,0,0,3,3,0.135083471460974,0
test_id,DS01-005_id,6,67,LPT_eff_mod,6,0,0,-0.0568281180643771,0,1,0,2,3,3,0.135083471460974,0
test_id,DS01-005_id,6,67,LPT_flow_mod,7,0,0,-0.166617643631898,0,1,0,3,3,3,0.135083471460974,0
test_id,DS01-005_id,6,67,LPC_eff_mod,8,0,0,-0,0,0,0,0,3,3,0.135083471460974,0
test_id,DS01-005_id,6,67,LPC_flow_mod,9,0,0,-0.00987198272569611,0,0,0,0,3,3,0.135083471460974,0
test_id,DS01-005_id,6,68,HPT_eff_mod,1,0,-0.238250261666897,-0.0722487143821562,1,1,3,2,3,3,0.264965790386382,0
test_id,DS01-005_id,6,68,fan_eff_mod,2,0,0,-0,0,0,0,0,3,3,0.264965790386382,0
test_id,DS01-005_id,6,68,fan_flow_mod,3,0,0,-0.0007356855635067,0,0,0,0,3,3,0.264965790386382,0
test_id,DS01-005_id,6,68,HPC_eff_mod,4,0,0,-0.0164874168825301,0,0,0,0,3,3,0.264965790386382,0
test_id,DS01-005_id,6,68,HPC_flow_mod,5,0,0,-0.00360308150998131,0,0,0,0,3,3,0.264965790386382,0
test_id,DS01-005_id,6,68,LPT_eff_mod,6,0,0,-0.0568281180643771,0,1,0,2,3,3,0.264965790386382,0
test_id,DS01-005_id,6,68,LPT_flow_mod,7,0,0,-0.166617643631898,0,1,0,3,3,3,0.264965790386382,0
test_id,DS01-005_id,6,68,LPC_eff_mod,8,0,0,-0,0,0,0,0,3,3,0.264965790386382,0
test_id,DS01-005_id,6,68,LPC_flow_mod,9,0,0,-0.0104000067428975,0,0,0,0,3,3,0.264965790386382,0
test_id,DS01-005_id,6,69,HPT_eff_mod,1,0,-0.262400270073058,-0.0872601127470614,1,1,3,2,3,3,0.224453299069638,0
test_id,DS01-005_id,6,69,fan_eff_mod,2,0,0,-0,0,0,0,0,3,3,0.224453299069638,0
test_id,DS01-005_id,6,69,fan_flow_mod,3,0,0,-0.0007356855635067,0,0,0,0,3,3,0.224453299069638,0
test_id,DS01-005_id,6,69,HPC_eff_mod,4,0,0,-0.0224686518480528,0,0,0,0,3,3,0.224453299069638,0
test_id,DS01-005_id,6,69,HPC_flow_mod,5,0,0,-0.00514565606624698,0,0,0,0,3,3,0.224453299069638,0
test_id,DS01-005_id,6,69,LPT_eff_mod,6,0,0,-0.0707704323329851,0,1,0,2,3,3,0.224453299069638,0
test_id,DS01-005_id,6,69,LPT_flow_mod,7,0,0,-0.166617643631898,0,1,0,3,3,3,0.224453299069638,0
test_id,DS01-005_id,6,69,LPC_eff_mod,8,0,0,-0,0,0,0,0,3,3,0.224453299069638,0
test_id,DS01-005_id,6,69,LPC_flow_mod,9,0,0,-0.0104000067428975,0,0,0,0,3,3,0.224453299069638,0
test_id,DS01-005_id,6,70,HPT_eff_mod,1,0,-0.271701360148975,-0.0872601127470614,1,1,3,2,3,3,0.204493572069725,0
test_id,DS01-005_id,6,70,fan_eff_mod,2,0,0,-0,0,0,0,0,3,3,0.204493572069725,0
test_id,DS01-005_id,6,70,fan_flow_mod,3,0,0,-0.0007356855635067,0,0,0,0,3,3,0.204493572069725,0
test_id,DS01-005_id,6,70,HPC_eff_mod,4,0,0,-0.0224686518480528,0,0,0,0,3,3,0.204493572069725,0
test_id,DS01-005_id,6,70,HPC_flow_mod,5,0,0,-0.00514565606624698,0,0,0,0,3,3,0.204493572069725,0
test_id,DS01-005_id,6,70,LPT_eff_mod,6,0,0,-0.0707704323329851,0,1,0,2,3,3,0.204493572069725,0
test_id,DS01-005_id,6,70,LPT_flow_mod,7,0,0,-0.181218207959146,0,1,0,3,3,3,0.204493572069725,0
test_id,DS01-005_id,6,70,LPC_eff_mod,8,0,0,-0,0,0,0,0,3,3,0.204493572069725,0
test_id,DS01-005_id,6,70,LPC_flow_mod,9,0,0,-0.0104000067428975,0,1,0,1,3,3,0.204493572069725,0
test_id,DS01-005_id,6,71,HPT_eff_mod,1,0,-0.297553233655517,-0.118785897947444,1,1,3,2,3,3,0.124812735741776,0
test_id,DS01-005_id,6,71,fan_eff_mod,2,0,0,-0,0,0,0,0,3,3,0.124812735741776,0
test_id,DS01-005_id,6,71,fan_flow_mod,3,0,0,-0.0007356855635067,0,0,0,0,3,3,0.124812735741776,0
test_id,DS01-005_id,6,71,HPC_eff_mod,4,0,0,-0.0224686518480528,0,0,0,0,3,3,0.124812735741776,0
test_id,DS01-005_id,6,71,HPC_flow_mod,5,0,0,-0.00514565606624698,0,0,0,0,3,3,0.124812735741776,0
test_id,DS01-005_id,6,71,LPT_eff_mod,6,0,0,-0.0784171056416581,0,1,0,2,3,3,0.124812735741776,0
test_id,DS01-005_id,6,71,LPT_flow_mod,7,0,0,-0.181218207959146,0,1,0,3,3,3,0.124812735741776,0
test_id,DS01-005_id,6,71,LPC_eff_mod,8,0,0,-0,0,0,0,0,3,3,0.124812735741776,0
test_id,DS01-005_id,6,71,LPC_flow_mod,9,0,0,-0.0104000067428975,0,1,0,1,3,3,0.124812735741776,0
test_id,DS01-005_id,6,72,HPT_eff_mod,1,0,-0.297909424930837,-0.118785897947444,1,1,3,2,3,3,0.128374574400087,0
test_id,DS01-005_id,6,72,fan_eff_mod,2,0,0,-0,0,0,0,0,3,3,0.128374574400087,0
test_id,DS01-005_id,6,72,fan_flow_mod,3,0,0,-0.0007356855635067,0,0,0,0,3,3,0.128374574400087,0
test_id,DS01-005_id,6,72,HPC_eff_mod,4,0,0,-0.0224686518480528,0,0,0,0,3,3,0.128374574400087,0
test_id,DS01-005_id,6,72,HPC_flow_mod,5,0,0,-0.00514565606624698,0,0,0,0,3,3,0.128374574400087,0
test_id,DS01-005_id,6,72,LPT_eff_mod,6,0,0,-0.0820919016409211,0,1,0,2,3,3,0.128374574400087,0
test_id,DS01-005_id,6,72,LPT_flow_mod,7,0,0,-0.181218207959146,0,1,0,3,3,3,0.128374574400087,0
test_id,DS01-005_id,6,72,LPC_eff_mod,8,0,0,-0,0,0,0,0,3,3,0.128374574400087,0
test_id,DS01-005_id,6,72,LPC_flow_mod,9,0,0,-0.0104000067428975,0,1,0,1,3,3,0.128374574400087,0
test_id,DS01-005_id,6,73,HPT_eff_mod,1,0,-0.314200780522009,-0.125272544636276,1,1,3,2,3,3,0.0880776719711576,0
test_id,DS01-005_id,6,73,fan_eff_mod,2,0,0,-0,0,0,0,0,3,3,0.0880776719711576,0
test_id,DS01-005_id,6,73,fan_flow_mod,3,0,0,-0.0007356855635067,0,0,0,0,3,3,0.0880776719711576,0
test_id,DS01-005_id,6,73,HPC_eff_mod,4,0,0,-0.0224686518480528,0,1,0,1,3,3,0.0880776719711576,0
test_id,DS01-005_id,6,73,HPC_flow_mod,5,0,0,-0.00514565606624698,0,0,0,0,3,3,0.0880776719711576,0
test_id,DS01-005_id,6,73,LPT_eff_mod,6,0,0,-0.0820919016409211,0,1,0,2,3,3,0.0880776719711576,0
test_id,DS01-005_id,6,73,LPT_flow_mod,7,0,0,-0.188151133689298,0,1,0,3,3,3,0.0880776719711576,0
test_id,DS01-005_id,6,73,LPC_eff_mod,8,0,0,-0,0,0,0,0,3,3,0.0880776719711576,0
test_id,DS01-005_id,6,73,LPC_flow_mod,9,0,0,-0.0104000067428975,0,1,0,1,3,3,0.0880776719711576,0
test_id,DS01-005_id,6,74,HPT_eff_mod,1,0,-0.337420661423285,-0.147722463061489,1,1,3,3,3,3,0.141671681984753,0
test_id,DS01-005_id,6,74,fan_eff_mod,2,0,0,-0,0,0,0,0,3,3,0.141671681984753,0
test_id,DS01-005_id,6,74,fan_flow_mod,3,0,0,-0.0007356855635067,0,0,0,0,3,3,0.141671681984753,0
test_id,DS01-005_id,6,74,HPC_eff_mod,4,0,0,-0.0224686518480528,0,1,0,1,3,3,0.141671681984753,0
test_id,DS01-005_id,6,74,HPC_flow_mod,5,0,0,-0.00514565606624698,0,0,0,0,3,3,0.141671681984753,0
test_id,DS01-005_id,6,74,LPT_eff_mod,6,0,0,-0.0820919016409211,0,1,0,2,3,3,0.141671681984753,0
test_id,DS01-005_id,6,74,LPT_flow_mod,7,0,0,-0.192505782482663,0,1,0,3,3,3,0.141671681984753,0
test_id,DS01-005_id,6,74,LPC_eff_mod,8,0,0,-0,0,0,0,0,3,3,0.141671681984753,0
test_id,DS01-005_id,6,74,LPC_flow_mod,9,0,0,-0.0104000067428975,0,1,0,1,3,3,0.141671681984753,0
test_id,DS01-005_id,6,75,HPT_eff_mod,1,0,-0.342617562454039,-0.158921929176995,1,1,3,3,3,3,0.0670235793222733,0
test_id,DS01-005_id,6,75,fan_eff_mod,2,0,0,-0,0,0,0,0,3,3,0.0670235793222733,0
test_id,DS01-005_id,6,75,fan_flow_mod,3,0,0,-0.0007356855635067,0,0,0,0,3,3,0.0670235793222733,0
test_id,DS01-005_id,6,75,HPC_eff_mod,4,0,0,-0.0255459112698653,0,1,0,1,3,3,0.0670235793222733,0
test_id,DS01-005_id,6,75,HPC_flow_mod,5,0,0,-0.00514565606624698,0,0,0,0,3,3,0.0670235793222733,0
test_id,DS01-005_id,6,75,LPT_eff_mod,6,0,0,-0.0820919016409211,0,1,0,2,3,3,0.0670235793222733,0
test_id,DS01-005_id,6,75,LPT_flow_mod,7,0,0,-0.192505782482663,0,1,0,3,3,3,0.0670235793222733,0
test_id,DS01-005_id,6,75,LPC_eff_mod,8,0,0,-0,0,0,0,0,3,3,0.0670235793222733,0
test_id,DS01-005_id,6,75,LPC_flow_mod,9,0,0,-0.0104000067428975,0,1,0,1,3,3,0.0670235793222733,0
test_id,DS01-005_id,6,76,HPT_eff_mod,1,0,-0.365456855543472,-0.16244550035108,1,1,3,3,3,3,0.105011022036902,0
test_id,DS01-005_id,6,76,fan_eff_mod,2,0,0,-0,0,0,0,0,3,3,0.105011022036902,0
test_id,DS01-005_id,6,76,fan_flow_mod,3,0,0,-0.0007356855635067,0,0,0,0,3,3,0.105011022036902,0
test_id,DS01-005_id,6,76,HPC_eff_mod,4,0,0,-0.0273303915319726,0,1,0,1,3,3,0.105011022036902,0
test_id,DS01-005_id,6,76,HPC_flow_mod,5,0,0,-0.00514565606624698,0,0,0,0,3,3,0.105011022036902,0
test_id,DS01-005_id,6,76,LPT_eff_mod,6,0,0,-0.0835022087409293,0,1,0,2,3,3,0.105011022036902,0
test_id,DS01-005_id,6,76,LPT_flow_mod,7,0,0,-0.192505782482663,0,1,0,3,3,3,0.105011022036902,0
test_id,DS01-005_id,6,76,LPC_eff_mod,8,0,0,-0,0,0,0,0,3,3,0.105011022036902,0
test_id,DS01-005_id,6,76,LPC_flow_mod,9,0,0,-0.0104000067428975,0,1,0,1,3,3,0.105011022036902,0
test_id,DS01-005_id,6,77,HPT_eff_mod,1,0,-0.389223610356166,-0.182066937067184,1,1,3,3,3,3,0.123858875068769,0
test_id,DS01-005_id,6,77,fan_eff_mod,2,0,0,-0,0,0,0,0,3,3,0.123858875068769,0
test_id,DS01-005_id,6,77,fan_flow_mod,3,0,0,-0.0007356855635067,0,0,0,0,3,3,0.123858875068769,0
test_id,DS01-005_id,6,77,HPC_eff_mod,4,0,0,-0.0273303915319726,0,1,0,1,3,3,0.123858875068769,0
test_id,DS01-005_id,6,77,HPC_flow_mod,5,0,0,-0.00514565606624698,0,0,0,0,3,3,0.123858875068769,0
test_id,DS01-005_id,6,77,LPT_eff_mod,6,0,0,-0.0835022087409293,0,1,0,2,3,3,0.123858875068769,0
test_id,DS01-005_id,6,77,LPT_flow_mod,7,0,0,-0.201967282354719,0,1,0,3,3,3,0.123858875068769,0
test_id,DS01-005_id,6,77,LPC_eff_mod,8,0,0,-0,0,0,0,0,3,3,0.123858875068769,0
test_id,DS01-005_id,6,77,LPC_flow_mod,9,0,0,-0.0104000067428975,0,1,0,1,3,3,0.123858875068769,0
test_id,DS01-005_id,6,78,HPT_eff_mod,1,0,-0.404297774821307,-0.182066937067184,1,1,3,3,3,3,0.35350807845141,1
test_id,DS01-005_id,6,78,fan_eff_mod,2,0,0,-0,0,0,0,0,3,3,0.35350807845141,1
test_id,DS01-005_id,6,78,fan_flow_mod,3,0,0,-0.00189312218911817,0,0,0,0,3,3,0.35350807845141,1
test_id,DS01-005_id,6,78,HPC_eff_mod,4,0,0,-0.0289380921274457,0,1,0,2,3,3,0.35350807845141,1
test_id,DS01-005_id,6,78,HPC_flow_mod,5,0,0,-0.00514565606624698,0,0,0,0,3,3,0.35350807845141,1
test_id,DS01-005_id,6,78,LPT_eff_mod,6,0,0,-0.0835022087409293,0,1,0,2,3,3,0.35350807845141,1
test_id,DS01-005_id,6,78,LPT_flow_mod,7,0,0,-0.214219488574922,0,1,0,3,3,3,0.35350807845141,1
test_id,DS01-005_id,6,78,LPC_eff_mod,8,0,0,-0,0,0,0,0,3,3,0.35350807845141,1
test_id,DS01-005_id,6,78,LPC_flow_mod,9,0,0,-0.0185096655355032,0,1,0,1,3,3,0.35350807845141,1
test_id,DS01-005_id,6,79,HPT_eff_mod,1,0,-0.433148102495619,-0.205248166115804,1,1,3,3,3,3,0.197361533792084,0
test_id,DS01-005_id,6,79,fan_eff_mod,2,0,0,-0,0,0,0,0,3,3,0.197361533792084,0
test_id,DS01-005_id,6,79,fan_flow_mod,3,0,0,-0.00189312218911817,0,0,0,0,3,3,0.197361533792084,0
test_id,DS01-005_id,6,79,HPC_eff_mod,4,0,0,-0.0293174262518508,0,1,0,2,3,3,0.197361533792084,0
test_id,DS01-005_id,6,79,HPC_flow_mod,5,0,0,-0.00514565606624698,0,0,0,0,3,3,0.197361533792084,0
test_id,DS01-005_id,6,79,LPT_eff_mod,6,0,0,-0.0931795453896417,0,1,0,2,3,3,0.197361533792084,0
test_id,DS01-005_id,6,79,LPT_flow_mod,7,0,0,-0.214219488574922,0,1,0,3,3,3,0.197361533792084,0
test_id,DS01-005_id,6,79,LPC_eff_mod,8,0,0,-0,0,0,0,0,3,3,0.197361533792084,0
test_id,DS01-005_id,6,79,LPC_flow_mod,9,0,0,-0.0185096655355032,0,1,0,1,3,3,0.197361533792084,0
test_id,DS01-005_id,6,80,HPT_eff_mod,1,0,-0.443364979338685,-0.231861321842014,1,1,3,3,3,3,0.143649289371914,0
test_id,DS01-005_id,6,80,fan_eff_mod,2,0,0,-0,0,0,0,0,3,3,0.143649289371914,0
test_id,DS01-005_id,6,80,fan_flow_mod,3,0,0,-0.00189312218911817,0,0,0,0,3,3,0.143649289371914,0
test_id,DS01-005_id,6,80,HPC_eff_mod,4,0,0,-0.0293174262518508,0,1,0,2,3,3,0.143649289371914,0
test_id,DS01-005_id,6,80,HPC_flow_mod,5,0,0,-0.00514565606624698,0,0,0,0,3,3,0.143649289371914,0
test_id,DS01-005_id,6,80,LPT_eff_mod,6,0,0,-0.102013367379449,0,1,0,2,3,3,0.143649289371914,0
test_id,DS01-005_id,6,80,LPT_flow_mod,7,0,0,-0.214219488574922,0,1,0,3,3,3,0.143649289371914,0
test_id,DS01-005_id,6,80,LPC_eff_mod,8,0,0,-0,0,0,0,0,3,3,0.143649289371914,0
test_id,DS01-005_id,6,80,LPC_flow_mod,9,0,0,-0.0185096655355032,0,1,0,1,3,3,0.143649289371914,0
test_id,DS01-005_id,6,81,HPT_eff_mod,1,0,-0.472246585533434,-0.231861321842014,1,1,3,3,3,3,0.20969983760626,0
test_id,DS01-005_id,6,81,fan_eff_mod,2,0,0,-0,0,0,0,0,3,3,0.20969983760626,0
test_id,DS01-005_id,6,81,fan_flow_mod,3,0,0,-0.00189312218911817,0,0,0,0,3,3,0.20969983760626,0
test_id,DS01-005_id,6,81,HPC_eff_mod,4,0,0,-0.0314536406224412,0,1,0,2,3,3,0.20969983760626,0
test_id,DS01-005_id,6,81,HPC_flow_mod,5,0,0,-0.00514565606624698,0,0,0,0,3,3,0.20969983760626,0
test_id,DS01-005_id,6,81,LPT_eff_mod,6,0,0,-0.106690179094356,0,1,0,2,3,3,0.20969983760626,0
test_id,DS01-005_id,6,81,LPT_flow_mod,7,0,0,-0.214219488574922,0,1,0,3,3,3,0.20969983760626,0
test_id,DS01-005_id,6,81,LPC_eff_mod,8,0,0,-0,0,0,0,0,3,3,0.20969983760626,0
test_id,DS01-005_id,6,81,LPC_flow_mod,9,0,0,-0.0185096655355032,0,1,0,1,3,3,0.20969983760626,0
test_id,DS01-005_id,6,82,HPT_eff_mod,1,0,-0.503295669236055,-0.232565161860009,1,1,3,3,3,3,0.201557540882913,0
test_id,DS01-005_id,6,82,fan_eff_mod,2,0,0,-0,0,0,0,0,3,3,0.201557540882913,0
test_id,DS01-005_id,6,82,fan_flow_mod,3,0,0,-0.00189312218911817,0,0,0,0,3,3,0.201557540882913,0
test_id,DS01-005_id,6,82,HPC_eff_mod,4,0,0,-0.0320419098669594,0,1,0,2,3,3,0.201557540882913,0
test_id,DS01-005_id,6,82,HPC_flow_mod,5,0,0,-0.00514565606624698,0,0,0,0,3,3,0.201557540882913,0
test_id,DS01-005_id,6,82,LPT_eff_mod,6,0,0,-0.106690179094356,0,1,0,2,3,3,0.201557540882913,0
test_id,DS01-005_id,6,82,LPT_flow_mod,7,0,0,-0.26133944393321,0,1,0,3,3,3,0.201557540882913,0
test_id,DS01-005_id,6,82,LPC_eff_mod,8,0,0,-0,0,0,0,0,3,3,0.201557540882913,0
test_id,DS01-005_id,6,82,LPC_flow_mod,9,0,0,-0.0216342032019491,0,1,0,1,3,3,0.201557540882913,0
test_id,DS01-005_id,6,83,HPT_eff_mod,1,0,-0.515805831377727,-0.246816233371583,1,1,3,3,3,3,0.288673206255944,0
test_id,DS01-005_id,6,83,fan_eff_mod,2,0,0,-0,0,0,0,0,3,3,0.288673206255944,0
test_id,DS01-005_id,6,83,fan_flow_mod,3,0,0,-0.00189312218911817,0,0,0,0,3,3,0.288673206255944,0
test_id,DS01-005_id,6,83,HPC_eff_mod,4,0,0,-0.0320419098669594,0,1,0,2,3,3,0.288673206255944,0
test_id,DS01-005_id,6,83,HPC_flow_mod,5,0,0,-0.00514565606624698,0,0,0,0,3,3,0.288673206255944,0
test_id,DS01-005_id,6,83,LPT_eff_mod,6,0,0,-0.115284343364812,0,1,0,2,3,3,0.288673206255944,0
test_id,DS01-005_id,6,83,LPT_flow_mod,7,0,0,-0.26133944393321,0,1,0,3,3,3,0.288673206255944,0
test_id,DS01-005_id,6,83,LPC_eff_mod,8,0,0,-0,0,0,0,0,3,3,0.288673206255944,0
test_id,DS01-005_id,6,83,LPC_flow_mod,9,0,0,-0.0216342032019491,0,1,0,1,3,3,0.288673206255944,0
test_id,DS01-005_id,6,84,HPT_eff_mod,1,0,-0.564557434632447,-0.311094699295205,1,1,3,3,3,3,0.154428199608055,0
test_id,DS01-005_id,6,84,fan_eff_mod,2,0,0,-0,0,0,0,0,3,3,0.154428199608055,0
test_id,DS01-005_id,6,84,fan_flow_mod,3,0,0,-0.00189312218911817,0,0,0,0,3,3,0.154428199608055,0
test_id,DS01-005_id,6,84,HPC_eff_mod,4,0,0,-0.0320419098669594,0,1,0,2,3,3,0.154428199608055,0
test_id,DS01-005_id,6,84,HPC_flow_mod,5,0,0,-0.00714558378132092,0,0,0,0,3,3,0.154428199608055,0
test_id,DS01-005_id,6,84,LPT_eff_mod,6,0,0,-0.117352525783798,0,1,0,2,3,3,0.154428199608055,0
test_id,DS01-005_id,6,84,LPT_flow_mod,7,0,0,-0.26133944393321,0,1,0,3,3,3,0.154428199608055,0
test_id,DS01-005_id,6,84,LPC_eff_mod,8,0,0,-0,0,0,0,0,3,3,0.154428199608055,0
test_id,DS01-005_id,6,84,LPC_flow_mod,9,0,0,-0.0216342032019491,0,1,0,1,3,3,0.154428199608055,0
test_id,DS01-005_id,6,85,HPT_eff_mod,1,0,-0.575340036315123,-0.315246507288682,1,1,3,3,3,3,0.167775552344491,0
test_id,DS01-005_id,6,85,fan_eff_mod,2,0,0,-0,0,0,0,0,3,3,0.167775552344491,0
test_id,DS01-005_id,6,85,fan_flow_mod,3,0,0,-0.00189312218911817,0,0,0,0,3,3,0.167775552344491,0
test_id,DS01-005_id,6,85,HPC_eff_mod,4,0,0,-0.0320419098669594,0,1,0,2,3,3,0.167775552344491,0
test_id,DS01-005_id,6,85,HPC_flow_mod,5,0,0,-0.00714558378132092,0,0,0,0,3,3,0.167775552344491,0
test_id,DS01-005_id,6,85,LPT_eff_mod,6,0,0,-0.118470791454719,0,1,0,2,3,3,0.167775552344491,0
test_id,DS01-005_id,6,85,LPT_flow_mod,7,0,0,-0.26133944393321,0,1,0,3,3,3,0.167775552344491,0
test_id,DS01-005_id,6,85,LPC_eff_mod,8,0,0,-0,0,0,0,0,3,3,0.167775552344491,0
test_id,DS01-005_id,6,85,LPC_flow_mod,9,0,0,-0.0216342032019491,0,1,0,1,3,3,0.167775552344491,0
test_id,DS01-005_id,6,86,HPT_eff_mod,1,0,-0.604382024776667,-0.337212221741823,1,1,3,3,3,3,0.176987316368967,0
test_id,DS01-005_id,6,86,fan_eff_mod,2,0,0,-0,0,0,0,0,3,3,0.176987316368967,0
test_id,DS01-005_id,6,86,fan_flow_mod,3,0,0,-0.00189312218911817,0,0,0,0,3,3,0.176987316368967,0
test_id,DS01-005_id,6,86,HPC_eff_mod,4,0,0,-0.0320419098669594,0,1,0,2,3,3,0.176987316368967,0
test_id,DS01-005_id,6,86,HPC_flow_mod,5,0,0,-0.00714558378132092,0,0,0,0,3,3,0.176987316368967,0
test_id,DS01-005_id,6,86,LPT_eff_mod,6,0,0,-0.124891874481411,0,1,0,2,3,3,0.176987316368967,0
test_id,DS01-005_id,6,86,LPT_flow_mod,7,0,0,-0.26133944393321,0,1,0,3,3,3,0.176987316368967,0
test_id,DS01-005_id,6,86,LPC_eff_mod,8,0,0,-0,0,0,0,0,3,3,0.176987316368967,0
test_id,DS01-005_id,6,86,LPC_flow_mod,9,0,0,-0.0216342032019491,0,1,0,1,3,3,0.176987316368967,0
test_id,DS01-005_id,6,87,HPT_eff_mod,1,0,-0.641553485108341,-0.34766149428617,1,1,3,3,3,3,0.21149753477338,0
test_id,DS01-005_id,6,87,fan_eff_mod,2,0,0,-0,0,0,0,0,3,3,0.21149753477338,0
test_id,DS01-005_id,6,87,fan_flow_mod,3,0,0,-0.0023764026709295,0,0,0,0,3,3,0.21149753477338,0
test_id,DS01-005_id,6,87,HPC_eff_mod,4,0,0,-0.0348505888549232,0,1,0,2,3,3,0.21149753477338,0
test_id,DS01-005_id,6,87,HPC_flow_mod,5,0,0,-0.00714558378132092,0,0,0,0,3,3,0.21149753477338,0
test_id,DS01-005_id,6,87,LPT_eff_mod,6,0,0,-0.124891874481411,0,1,0,2,3,3,0.21149753477338,0
test_id,DS01-005_id,6,87,LPT_flow_mod,7,0,0,-0.285800817084264,0,1,0,3,3,3,0.21149753477338,0
test_id,DS01-005_id,6,87,LPC_eff_mod,8,0,0,-0,0,0,0,0,3,3,0.21149753477338,0
test_id,DS01-005_id,6,87,LPC_flow_mod,9,0,0,-0.0222423111130003,0,1,0,1,3,3,0.21149753477338,0
test_id,DS01-005_id,6,88,HPT_eff_mod,1,0,-0.675267494288762,-0.367140572281167,1,1,3,3,3,3,0.163960888758095,0
test_id,DS01-005_id,6,88,fan_eff_mod,2,0,0,-0,0,0,0,0,3,3,0.163960888758095,0
test_id,DS01-005_id,6,88,fan_flow_mod,3,0,0,-0.0023764026709295,0,0,0,0,3,3,0.163960888758095,0
test_id,DS01-005_id,6,88,HPC_eff_mod,4,0,0,-0.0348505888549232,0,1,0,2,3,3,0.163960888758095,0
test_id,DS01-005_id,6,88,HPC_flow_mod,5,0,0,-0.00754671619052177,0,1,0,1,3,3,0.163960888758095,0
test_id,DS01-005_id,6,88,LPT_eff_mod,6,0,0,-0.124891874481411,0,1,0,2,3,3,0.163960888758095,0
test_id,DS01-005_id,6,88,LPT_flow_mod,7,0,0,-0.315244043356383,0,1,0,3,3,3,0.163960888758095,0
test_id,DS01-005_id,6,88,LPC_eff_mod,8,0,0,-0,0,0,0,0,3,3,0.163960888758095,0
test_id,DS01-005_id,6,88,LPC_flow_mod,9,0,0,-0.0222423111130003,0,1,0,1,3,3,0.163960888758095,0
test_id,DS01-005_id,6,89,HPT_eff_mod,1,0,-0.698413567243873,-0.367140572281167,1,1,3,3,3,3,0.268840943281211,0
test_id,DS01-005_id,6,89,fan_eff_mod,2,0,0,-0,0,0,0,0,3,3,0.268840943281211,0
test_id,DS01-005_id,6,89,fan_flow_mod,3,0,0,-0.0023764026709295,0,0,0,0,3,3,0.268840943281211,0
test_id,DS01-005_id,6,89,HPC_eff_mod,4,0,0,-0.0400525193665251,0,1,0,2,3,3,0.268840943281211,0
test_id,DS01-005_id,6,89,HPC_flow_mod,5,0,0,-0.00754671619052177,0,1,0,1,3,3,0.268840943281211,0
test_id,DS01-005_id,6,89,LPT_eff_mod,6,0,0,-0.153530395708655,0,1,0,3,3,3,0.268840943281211,0
test_id,DS01-005_id,6,89,LPT_flow_mod,7,0,0,-0.315244043356383,0,1,0,3,3,3,0.268840943281211,0
test_id,DS01-005_id,6,89,LPC_eff_mod,8,0,0,-0,0,0,0,0,3,3,0.268840943281211,0
test_id,DS01-005_id,6,89,LPC_flow_mod,9,0,0,-0.0222423111130003,0,1,0,1,3,3,0.268840943281211,0
test_id,DS01-005_id,6,90,HPT_eff_mod,1,0,-0.747521440960404,-0.427733333617537,1,1,3,3,3,3,0.231579819744056,0
test_id,DS01-005_id,6,90,fan_eff_mod,2,0,0,-0,0,0,0,0,3,3,0.231579819744056,0
test_id,DS01-005_id,6,90,fan_flow_mod,3,0,0,-0.0023764026709295,0,0,0,0,3,3,0.231579819744056,0
test_id,DS01-005_id,6,90,HPC_eff_mod,4,0,0,-0.0400525193665251,0,1,0,2,3,3,0.231579819744056,0
test_id,DS01-005_id,6,90,HPC_flow_mod,5,0,0,-0.00754671619052177,0,1,0,1,3,3,0.231579819744056,0
test_id,DS01-005_id,6,90,LPT_eff_mod,6,0,0,-0.153530395708655,0,1,0,3,3,3,0.231579819744056,0
test_id,DS01-005_id,6,90,LPT_flow_mod,7,0,0,-0.344383056670073,0,1,0,3,3,3,0.231579819744056,0
test_id,DS01-005_id,6,90,LPC_eff_mod,8,0,0,-0.00143589909378745,0,0,0,0,3,3,0.231579819744056,0
test_id,DS01-005_id,6,90,LPC_flow_mod,9,0,0,-0.0222423111130003,0,1,0,1,3,3,0.231579819744056,0
test_id,DS01-005_id,6,91,HPT_eff_mod,1,0,-0.781372967494542,-0.432228288391973,1,1,3,3,3,3,0.209798921511853,0
test_id,DS01-005_id,6,91,fan_eff_mod,2,0,0,-0,0,0,0,0,3,3,0.209798921511853,0
test_id,DS01-005_id,6,91,fan_flow_mod,3,0,0,-0.0023764026709295,0,0,0,0,3,3,0.209798921511853,0
test_id,DS01-005_id,6,91,HPC_eff_mod,4,0,0,-0.0400525193665251,0,1,0,2,3,3,0.209798921511853,0
test_id,DS01-005_id,6,91,HPC_flow_mod,5,0,0,-0.00754671619052177,0,1,0,1,3,3,0.209798921511853,0
test_id,DS01-005_id,6,91,LPT_eff_mod,6,0,0,-0.157724942574653,0,1,0,3,3,3,0.209798921511853,0
test_id,DS01-005_id,6,91,LPT_flow_mod,7,0,0,-0.344383056670073,0,1,0,3,3,3,0.209798921511853,0
test_id,DS01-005_id,6,91,LPC_eff_mod,8,0,0,-0.00143589909378745,0,0,0,0,3,3,0.209798921511853,0
test_id,DS01-005_id,6,91,LPC_flow_mod,9,0,0,-0.0259931407257986,0,1,0,1,3,3,0.209798921511853,0
test_id,DS01-005_id,6,92,HPT_eff_mod,1,0,-0.829002760221835,-0.491791189933813,1,1,3,3,3,3,0.114641965070351,0
test_id,DS01-005_id,6,92,fan_eff_mod,2,0,0,-0,0,0,0,0,3,3,0.114641965070351,0
test_id,DS01-005_id,6,92,fan_flow_mod,3,0,0,-0.0023764026709295,0,0,0,0,3,3,0.114641965070351,0
test_id,DS01-005_id,6,92,HPC_eff_mod,4,0,0,-0.0400525193665251,0,1,0,2,3,3,0.114641965070351,0
test_id,DS01-005_id,6,92,HPC_flow_mod,5,0,0,-0.00953302276413479,0,1,0,1,3,3,0.114641965070351,0
test_id,DS01-005_id,6,92,LPT_eff_mod,6,0,0,-0.157724942574653,0,1,0,3,3,3,0.114641965070351,0
test_id,DS01-005_id,6,92,LPT_flow_mod,7,0,0,-0.361749768079091,0,1,0,3,3,3,0.114641965070351,0
test_id,DS01-005_id,6,92,LPC_eff_mod,8,0,0,-0.00161979858717792,0,0,0,0,3,3,0.114641965070351,0
test_id,DS01-005_id,6,92,LPC_flow_mod,9,0,0,-0.0259931407257986,0,1,0,1,3,3,0.114641965070351,0
test_id,DS01-005_id,6,93,HPT_eff_mod,1,0,-0.874371647122194,-0.508682039485253,1,1,3,3,3,3,0.219079803477535,0
test_id,DS01-005_id,6,93,fan_eff_mod,2,0,0,-0,0,0,0,0,3,3,0.219079803477535,0
test_id,DS01-005_id,6,93,fan_flow_mod,3,0,0,-0.0023764026709295,0,0,0,0,3,3,0.219079803477535,0
test_id,DS01-005_id,6,93,HPC_eff_mod,4,0,0,-0.0400525193665251,0,1,0,2,3,3,0.219079803477535,0
test_id,DS01-005_id,6,93,HPC_flow_mod,5,0,0,-0.00953302276413479,0,1,0,1,3,3,0.219079803477535,0
test_id,DS01-005_id,6,93,LPT_eff_mod,6,0,0,-0.177050225288647,0,1,0,3,3,3,0.219079803477535,0
test_id,DS01-005_id,6,93,LPT_flow_mod,7,0,0,-0.398144681457336,0,1,0,3,3,3,0.219079803477535,0
test_id,DS01-005_id,6,93,LPC_eff_mod,8,0,0,-0.0165810744904452,0,0,0,0,3,3,0.219079803477535,0
test_id,DS01-005_id,6,93,LPC_flow_mod,9,0,0,-0.0259931407257986,0,1,0,1,3,3,0.219079803477535,0
test_id,DS01-005_id,6,94,HPT_eff_mod,1,0,-0.923922707116312,-0.524055930199791,1,1,3,3,3,3,0.146480577795856,0
test_id,DS01-005_id,6,94,fan_eff_mod,2,0,0,-0,0,0,0,0,3,3,0.146480577795856,0
test_id,DS01-005_id,6,94,fan_flow_mod,3,0,0,-0.00553898355812751,0,0,0,0,3,3,0.146480577795856,0
test_id,DS01-005_id,6,94,HPC_eff_mod,4,0,0,-0.0474737589061133,0,1,0,2,3,3,0.146480577795856,0
test_id,DS01-005_id,6,94,HPC_flow_mod,5,0,0,-0.00953302276413479,0,1,0,1,3,3,0.146480577795856,0
test_id,DS01-005_id,6,94,LPT_eff_mod,6,0,0,-0.177050225288647,0,1,0,3,3,3,0.146480577795856,0
test_id,DS01-005_id,6,94,LPT_flow_mod,7,0,0,-0.398144681457336,0,1,0,3,3,3,0.146480577795856,0
test_id,DS01-005_id,6,94,LPC_eff_mod,8,0,0,-0.0213090861717855,0,0,0,0,3,3,0.146480577795856,0
test_id,DS01-005_id,6,94,LPC_flow_mod,9,0,0,-0.0695026755412536,0,1,0,2,3,3,0.146480577795856,0
test_id,DS04_id,2,1,HPT_eff_mod,1,1,0,-0,0,0,0,0,0,0,0.126130560431966,0
test_id,DS04_id,2,1,fan_eff_mod,2,1,0.000296619934637556,-0,0,0,0,0,0,0,0.126130560431966,0
test_id,DS04_id,2,1,fan_flow_mod,3,1,0.00058692451884622,-0,0,0,0,0,0,0,0.126130560431966,0
test_id,DS04_id,2,1,HPC_eff_mod,4,1,0,-0,0,0,0,0,0,0,0.126130560431966,0
test_id,DS04_id,2,1,HPC_flow_mod,5,1,0,-0,0,0,0,0,0,0,0.126130560431966,0
test_id,DS04_id,2,1,LPT_eff_mod,6,1,0,-0,0,0,0,0,0,0,0.126130560431966,0
test_id,DS04_id,2,1,LPT_flow_mod,7,1,0,-0,0,0,0,0,0,0,0.126130560431966,0
test_id,DS04_id,2,1,LPC_eff_mod,8,1,0,-0,0,0,0,0,0,0,0.126130560431966,0
test_id,DS04_id,2,1,LPC_flow_mod,9,1,0,-0,0,0,0,0,0,0,0.126130560431966,0
test_id,DS04_id,2,2,HPT_eff_mod,1,1,0,-0,0,0,0,0,0,0,0.09179459735546,0
test_id,DS04_id,2,2,fan_eff_mod,2,1,-0.000816423154259811,-0,0,0,0,0,0,0,0.09179459735546,0
test_id,DS04_id,2,2,fan_flow_mod,3,1,0.000569799516724068,-0,0,0,0,0,0,0,0.09179459735546,0
test_id,DS04_id,2,2,HPC_eff_mod,4,1,0,-0,0,0,0,0,0,0,0.09179459735546,0
test_id,DS04_id,2,2,HPC_flow_mod,5,1,0,-0.00245515580053931,0,0,0,0,0,0,0.09179459735546,0
test_id,DS04_id,2,2,LPT_eff_mod,6,1,0,-0,0,0,0,0,0,0,0.09179459735546,0
test_id,DS04_id,2,2,LPT_flow_mod,7,1,0,-0,0,0,0,0,0,0,0.09179459735546,0
test_id,DS04_id,2,2,LPC_eff_mod,8,1,0,-0,0,0,0,0,0,0,0.09179459735546,0
test_id,DS04_id,2,2,LPC_flow_mod,9,1,0,-0,0,0,0,0,0,0,0.09179459735546,0
test_id,DS04_id,2,3,HPT_eff_mod,1,1,0,-0,0,0,0,0,0,0,0.167545743957259,0
test_id,DS04_id,2,3,fan_eff_mod,2,1,0.000519803219622174,-0,0,0,0,0,0,0,0.167545743957259,0
test_id,DS04_id,2,3,fan_flow_mod,3,1,-0.00115672403557036,-0.000645413906975161,0,0,0,0,0,0,0.167545743957259,0
test_id,DS04_id,2,3,HPC_eff_mod,4,1,0,-0,0,0,0,0,0,0,0.167545743957259,0
test_id,DS04_id,2,3,HPC_flow_mod,5,1,0,-0.00245515580053931,0,0,0,0,0,0,0.167545743957259,0
test_id,DS04_id,2,3,LPT_eff_mod,6,1,0,-0,0,0,0,0,0,0,0.167545743957259,0
test_id,DS04_id,2,3,LPT_flow_mod,7,1,0,-0,0,0,0,0,0,0,0.167545743957259,0
test_id,DS04_id,2,3,LPC_eff_mod,8,1,0,-0,0,0,0,0,0,0,0.167545743957259,0
test_id,DS04_id,2,3,LPC_flow_mod,9,1,0,-0.00233971542692311,0,0,0,0,0,0,0.167545743957259,0
test_id,DS04_id,2,4,HPT_eff_mod,1,1,0,-0,0,0,0,0,0,0,0.111894693454264,0
test_id,DS04_id,2,4,fan_eff_mod,2,1,-0.000163782255425909,-0,0,0,0,0,0,0,0.111894693454264,0
test_id,DS04_id,2,4,fan_flow_mod,3,1,-0.000157989945936659,-0.000645413906975161,0,0,0,0,0,0,0.111894693454264,0
test_id,DS04_id,2,4,HPC_eff_mod,4,1,0,-0,0,0,0,0,0,0,0.111894693454264,0
test_id,DS04_id,2,4,HPC_flow_mod,5,1,0,-0.00275259564091949,0,0,0,0,0,0,0.111894693454264,0
test_id,DS04_id,2,4,LPT_eff_mod,6,1,0,-0,0,0,0,0,0,0,0.111894693454264,0
test_id,DS04_id,2,4,LPT_flow_mod,7,1,0,-0,0,0,0,0,0,0,0.111894693454264,0
test_id,DS04_id,2,4,LPC_eff_mod,8,1,0,-0,0,0,0,0,0,0,0.111894693454264,0
test_id,DS04_id,2,4,LPC_flow_mod,9,1,0,-0.00233971542692311,0,0,0,0,0,0,0.111894693454264,0
test_id,DS04_id,2,5,HPT_eff_mod,1,1,0,-0,0,0,0,0,0,0,0.172349130258512,0
test_id,DS04_id,2,5,fan_eff_mod,2,1,-0.000909393399184557,-0,0,0,0,0,0,0,0.172349130258512,0
test_id,DS04_id,2,5,fan_flow_mod,3,1,-0.000485305682585572,-0.000645413906975161,0,0,0,0,0,0,0.172349130258512,0
test_id,DS04_id,2,5,HPC_eff_mod,4,1,0,-0,0,0,0,0,0,0,0.172349130258512,0
test_id,DS04_id,2,5,HPC_flow_mod,5,1,0,-0.00275259564091949,0,0,0,0,0,0,0.172349130258512,0
test_id,DS04_id,2,5,LPT_eff_mod,6,1,0,-0,0,0,0,0,0,0,0.172349130258512,0
test_id,DS04_id,2,5,LPT_flow_mod,7,1,0,-0,0,0,0,0,0,0,0.172349130258512,0
test_id,DS04_id,2,5,LPC_eff_mod,8,1,0,-0,0,0,0,0,0,0,0.172349130258512,0
test_id,DS04_id,2,5,LPC_flow_mod,9,1,0,-0.00233971542692311,0,0,0,0,0,0,0.172349130258512,0
test_id,DS04_id,2,6,HPT_eff_mod,1,1,0,-0,0,0,0,0,0,0,0.287821745157053,0
test_id,DS04_id,2,6,fan_eff_mod,2,1,-0.000288429264228349,-0,0,0,0,0,0,0,0.287821745157053,0
test_id,DS04_id,2,6,fan_flow_mod,3,1,-0.00115078641985515,-0.000800071807830426,0,0,0,0,0,0,0.287821745157053,0
test_id,DS04_id,2,6,HPC_eff_mod,4,1,0,-0,0,0,0,0,0,0,0.287821745157053,0
test_id,DS04_id,2,6,HPC_flow_mod,5,1,0,-0.00275259564091949,0,0,0,0,0,0,0.287821745157053,0
test_id,DS04_id,2,6,LPT_eff_mod,6,1,0,-0,0,0,0,0,0,0,0.287821745157053,0
test_id,DS04_id,2,6,LPT_flow_mod,7,1,0,-0,0,0,0,0,0,0,0.287821745157053,0
test_id,DS04_id,2,6,LPC_eff_mod,8,1,0,-0,0,0,0,0,0,0,0.287821745157053,0
test_id,DS04_id,2,6,LPC_flow_mod,9,1,0,-0.00233971542692311,0,0,0,0,0,0,0.287821745157053,0
test_id,DS04_id,2,7,HPT_eff_mod,1,1,0,-0,0,0,0,0,0,0,0.120620776436612,0
test_id,DS04_id,2,7,fan_eff_mod,2,1,-7.07144300710972e-06,-0.000393244146169018,0,0,0,0,0,0,0.120620776436612,0
test_id,DS04_id,2,7,fan_flow_mod,3,1,0.000316613834001811,-0.000800071807830426,0,0,0,0,0,0,0.120620776436612,0
test_id,DS04_id,2,7,HPC_eff_mod,4,1,0,-0.00367785241104974,0,0,0,0,0,0,0.120620776436612,0
test_id,DS04_id,2,7,HPC_flow_mod,5,1,0,-0.00325758764000756,0,0,0,0,0,0,0.120620776436612,0
test_id,DS04_id,2,7,LPT_eff_mod,6,1,0,-0,0,0,0,0,0,0,0.120620776436612,0
test_id,DS04_id,2,7,LPT_flow_mod,7,1,0,-0,0,0,0,0,0,0,0.120620776436612,0
test_id,DS04_id,2,7,LPC_eff_mod,8,1,0,-0,0,0,0,0,0,0,0.120620776436612,0
test_id,DS04_id,2,7,LPC_flow_mod,9,1,0,-0.00233971542692311,0,0,0,0,0,0,0.120620776436612,0
test_id,DS04_id,2,8,HPT_eff_mod,1,1,0,-0,0,0,0,0,0,0,0.246952312341637,0
test_id,DS04_id,2,8,fan_eff_mod,2,1,-0.00125235070083451,-0.000393244146169018,0,0,0,0,0,0,0.246952312341637,0
test_id,DS04_id,2,8,fan_flow_mod,3,1,0.000594080130579903,-0.000800071807830426,0,0,0,0,0,0,0.246952312341637,0
test_id,DS04_id,2,8,HPC_eff_mod,4,1,0,-0.00367785241104974,0,0,0,0,0,0,0.246952312341637,0
test_id,DS04_id,2,8,HPC_flow_mod,5,1,0,-0.00325758764000756,0,0,0,0,0,0,0.246952312341637,0
test_id,DS04_id,2,8,LPT_eff_mod,6,1,0,-0,0,0,0,0,0,0,0.246952312341637,0
test_id,DS04_id,2,8,LPT_flow_mod,7,1,0,-0,0,0,0,0,0,0,0.246952312341637,0
test_id,DS04_id,2,8,LPC_eff_mod,8,1,0,-0,0,0,0,0,0,0,0.246952312341637,0
test_id,DS04_id,2,8,LPC_flow_mod,9,1,0,-0.00233971542692311,0,0,0,0,0,0,0.246952312341637,0
test_id,DS04_id,2,9,HPT_eff_mod,1,1,0,-0,0,0,0,0,0,0,0.167328842894278,0
test_id,DS04_id,2,9,fan_eff_mod,2,1,-0.000864438737188742,-0.000393244146169018,0,0,0,0,0,0,0.167328842894278,0
test_id,DS04_id,2,9,fan_flow_mod,3,1,-0.000538595415809202,-0.000800071807830426,0,0,0,0,0,0,0.167328842894278,0
test_id,DS04_id,2,9,HPC_eff_mod,4,1,0,-0.00367785241104974,0,0,0,0,0,0,0.167328842894278,0
test_id,DS04_id,2,9,HPC_flow_mod,5,1,0,-0.00325758764000756,0,0,0,0,0,0,0.167328842894278,0
test_id,DS04_id,2,9,LPT_eff_mod,6,1,0,-0,0,0,0,0,0,0,0.167328842894278,0
test_id,DS04_id,2,9,LPT_flow_mod,7,1,0,-0,0,0,0,0,0,0,0.167328842894278,0
test_id,DS04_id,2,9,LPC_eff_mod,8,1,0,-0,0,0,0,0,0,0,0.167328842894278,0
test_id,DS04_id,2,9,LPC_flow_mod,9,1,0,-0.00233971542692311,0,0,0,0,0,0,0.167328842894278,0
test_id,DS04_id,2,10,HPT_eff_mod,1,1,0,-0,0,0,0,0,0,0,0.32535913258599,0
test_id,DS04_id,2,10,fan_eff_mod,2,1,8.6479577800511e-06,-0.000393244146169018,0,0,0,0,0,0,0.32535913258599,0
test_id,DS04_id,2,10,fan_flow_mod,3,1,-0.00240319001327215,-0.00120798984726558,0,0,0,0,0,0,0.32535913258599,0
test_id,DS04_id,2,10,HPC_eff_mod,4,1,0,-0.00367785241104974,0,0,0,0,0,0,0.32535913258599,0
test_id,DS04_id,2,10,HPC_flow_mod,5,1,0,-0.00325758764000756,0,0,0,0,0,0,0.32535913258599,0
test_id,DS04_id,2,10,LPT_eff_mod,6,1,0,-0,0,0,0,0,0,0,0.32535913258599,0
test_id,DS04_id,2,10,LPT_flow_mod,7,1,0,-0,0,0,0,0,0,0,0.32535913258599,0
test_id,DS04_id,2,10,LPC_eff_mod,8,1,0,-0,0,0,0,0,0,0,0.32535913258599,0
test_id,DS04_id,2,10,LPC_flow_mod,9,1,0,-0.00233971542692311,0,0,0,0,0,0,0.32535913258599,0
test_id,DS04_id,2,11,HPT_eff_mod,1,1,0,-0,0,0,0,0,0,0,0.569123766052038,1
test_id,DS04_id,2,11,fan_eff_mod,2,1,-0.0001372519511241,-0.000393244146169018,0,0,0,0,0,0,0.569123766052038,1
test_id,DS04_id,2,11,fan_flow_mod,3,1,-0.00116989880716581,-0.00120798984726558,0,0,0,0,0,0,0.569123766052038,1
test_id,DS04_id,2,11,HPC_eff_mod,4,1,0,-0.00367785241104974,0,0,0,0,0,0,0.569123766052038,1
test_id,DS04_id,2,11,HPC_flow_mod,5,1,0,-0.00325758764000756,0,0,0,0,0,0,0.569123766052038,1
test_id,DS04_id,2,11,LPT_eff_mod,6,1,0,-0,0,0,0,0,0,0,0.569123766052038,1
test_id,DS04_id,2,11,LPT_flow_mod,7,1,0,-0,0,0,0,0,0,0,0.569123766052038,1
test_id,DS04_id,2,11,LPC_eff_mod,8,1,0,-0,0,0,0,0,0,0,0.569123766052038,1
test_id,DS04_id,2,11,LPC_flow_mod,9,1,0,-0.00233971542692311,0,0,0,0,0,0,0.569123766052038,1
test_id,DS04_id,2,12,HPT_eff_mod,1,1,0,-0,0,0,0,0,0,0,0.104679124284911,0
test_id,DS04_id,2,12,fan_eff_mod,2,1,-0.000253788445882403,-0.000393244146169018,0,0,0,0,0,0,0.104679124284911,0
test_id,DS04_id,2,12,fan_flow_mod,3,1,-0.00125966978060997,-0.00120798984726558,0,0,0,0,0,0,0.104679124284911,0
test_id,DS04_id,2,12,HPC_eff_mod,4,1,0,-0.00367785241104974,0,0,0,0,0,0,0.104679124284911,0
test_id,DS04_id,2,12,HPC_flow_mod,5,1,0,-0.00325758764000756,0,0,0,0,0,0,0.104679124284911,0
test_id,DS04_id,2,12,LPT_eff_mod,6,1,0,-0,0,0,0,0,0,0,0.104679124284911,0
test_id,DS04_id,2,12,LPT_flow_mod,7,1,0,-0,0,0,0,0,0,0,0.104679124284911,0
test_id,DS04_id,2,12,LPC_eff_mod,8,1,0,-0,0,0,0,0,0,0,0.104679124284911,0
test_id,DS04_id,2,12,LPC_flow_mod,9,1,0,-0.00233971542692311,0,0,0,0,0,0,0.104679124284911,0
test_id,DS04_id,2,13,HPT_eff_mod,1,1,0,-0,0,0,0,0,0,0,0.127167125389384,0
test_id,DS04_id,2,13,fan_eff_mod,2,1,-0.00138306474370976,-0.00142378606453846,0,0,0,0,0,0,0.127167125389384,0
test_id,DS04_id,2,13,fan_flow_mod,3,1,-0.000571795374432101,-0.00120798984726558,0,0,0,0,0,0,0.127167125389384,0
test_id,DS04_id,2,13,HPC_eff_mod,4,1,0,-0.00367785241104974,0,0,0,0,0,0,0.127167125389384,0
test_id,DS04_id,2,13,HPC_flow_mod,5,1,0,-0.00325758764000756,0,0,0,0,0,0,0.127167125389384,0
test_id,DS04_id,2,13,LPT_eff_mod,6,1,0,-0,0,0,0,0,0,0,0.127167125389384,0
test_id,DS04_id,2,13,LPT_flow_mod,7,1,0,-0,0,0,0,0,0,0,0.127167125389384,0
test_id,DS04_id,2,13,LPC_eff_mod,8,1,0,-0,0,0,0,0,0,0,0.127167125389384,0
test_id,DS04_id,2,13,LPC_flow_mod,9,1,0,-0.00233971542692311,0,0,0,0,0,0,0.127167125389384,0
test_id,DS04_id,2,14,HPT_eff_mod,1,1,0,-0,0,0,0,0,0,0,0.206481875828481,0
test_id,DS04_id,2,14,fan_eff_mod,2,1,-0.000497080377363549,-0.00142378606453846,0,0,0,0,0,0,0.206481875828481,0
test_id,DS04_id,2,14,fan_flow_mod,3,1,-0.000773235523761969,-0.00199039578425831,0,0,0,0,0,0,0.206481875828481,0
test_id,DS04_id,2,14,HPC_eff_mod,4,1,0,-0.00367785241104974,0,0,0,0,0,0,0.206481875828481,0
test_id,DS04_id,2,14,HPC_flow_mod,5,1,0,-0.00325758764000756,0,0,0,0,0,0,0.206481875828481,0
test_id,DS04_id,2,14,LPT_eff_mod,6,1,0,-0,0,0,0,0,0,0,0.206481875828481,0
test_id,DS04_id,2,14,LPT_flow_mod,7,1,0,-0,0,0,0,0,0,0,0.206481875828481,0
test_id,DS04_id,2,14,LPC_eff_mod,8,1,0,-0,0,0,0,0,0,0,0.206481875828481,0
test_id,DS04_id,2,14,LPC_flow_mod,9,1,0,-0.00282467629508453,0,0,0,0,0,0,0.206481875828481,0
test_id,DS04_id,2,15,HPT_eff_mod,1,1,0,-0,0,0,0,0,0,0,0.120221964997161,0
test_id,DS04_id,2,15,fan_eff_mod,2,1,-0.000941235526136129,-0.00142378606453846,0,0,0,0,0,0,0.120221964997161,0
test_id,DS04_id,2,15,fan_flow_mod,3,1,-0.00189198929243095,-0.00199039578425831,0,0,0,0,0,0,0.120221964997161,0
test_id,DS04_id,2,15,HPC_eff_mod,4,1,0,-0.00367785241104974,0,0,0,0,0,0,0.120221964997161,0
test_id,DS04_id,2,15,HPC_flow_mod,5,1,0,-0.00325758764000756,0,0,0,0,0,0,0.120221964997161,0
test_id,DS04_id,2,15,LPT_eff_mod,6,1,0,-0,0,0,0,0,0,0,0.120221964997161,0
test_id,DS04_id,2,15,LPT_flow_mod,7,1,0,-0,0,0,0,0,0,0,0.120221964997161,0
test_id,DS04_id,2,15,LPC_eff_mod,8,1,0,-0,0,0,0,0,0,0,0.120221964997161,0
test_id,DS04_id,2,15,LPC_flow_mod,9,1,0,-0.00282467629508453,0,0,0,0,0,0,0.120221964997161,0
test_id,DS04_id,2,16,HPT_eff_mod,1,1,0,-0,0,0,0,0,0,0,0.0905051771750816,0
test_id,DS04_id,2,16,fan_eff_mod,2,1,-0.00167308525435557,-0.00142378606453846,0,0,0,0,0,0,0.0905051771750816,0
test_id,DS04_id,2,16,fan_flow_mod,3,1,-0.00319346058765538,-0.00199039578425831,0,0,0,0,0,0,0.0905051771750816,0
test_id,DS04_id,2,16,HPC_eff_mod,4,1,0,-0.00367785241104974,0,0,0,0,0,0,0.0905051771750816,0
test_id,DS04_id,2,16,HPC_flow_mod,5,1,0,-0.00325758764000756,0,0,0,0,0,0,0.0905051771750816,0
test_id,DS04_id,2,16,LPT_eff_mod,6,1,0,-0,0,0,0,0,0,0,0.0905051771750816,0
test_id,DS04_id,2,16,LPT_flow_mod,7,1,0,-0,0,0,0,0,0,0,0.0905051771750816,0
test_id,DS04_id,2,16,LPC_eff_mod,8,1,0,-0,0,0,0,0,0,0,0.0905051771750816,0
test_id,DS04_id,2,16,LPC_flow_mod,9,1,0,-0.00282467629508453,0,0,0,0,0,0,0.0905051771750816,0
test_id,DS04_id,2,17,HPT_eff_mod,1,0,0,-0,0,0,0,0,1,1,0.218041458501139,0
test_id,DS04_id,2,17,fan_eff_mod,2,0,-0.000511139523234144,-0.00142378606453846,1,1,1,1,1,1,0.218041458501139,0
test_id,DS04_id,2,17,fan_flow_mod,3,0,-0.0018148870939531,-0.00199039578425831,1,0,1,0,1,1,0.218041458501139,0
test_id,DS04_id,2,17,HPC_eff_mod,4,0,0,-0.00367785241104974,0,0,0,0,1,1,0.218041458501139,0
test_id,DS04_id,2,17,HPC_flow_mod,5,0,0,-0.00325758764000756,0,0,0,0,1,1,0.218041458501139,0
test_id,DS04_id,2,17,LPT_eff_mod,6,0,0,-0,0,0,0,0,1,1,0.218041458501139,0
test_id,DS04_id,2,17,LPT_flow_mod,7,0,0,-0,0,0,0,0,1,1,0.218041458501139,0
test_id,DS04_id,2,17,LPC_eff_mod,8,0,0,-0,0,0,0,0,1,1,0.218041458501139,0
test_id,DS04_id,2,17,LPC_flow_mod,9,0,0,-0.00282467629508453,0,0,0,0,1,1,0.218041458501139,0
test_id,DS04_id,2,18,HPT_eff_mod,1,0,0,-0,0,0,0,0,1,1,0.23584146901102,0
test_id,DS04_id,2,18,fan_eff_mod,2,0,-0.00208740428389555,-0.00142378606453846,1,1,1,1,1,1,0.23584146901102,0
test_id,DS04_id,2,18,fan_flow_mod,3,0,-0.00469175605882233,-0.00411432955176694,1,0,1,0,1,1,0.23584146901102,0
test_id,DS04_id,2,18,HPC_eff_mod,4,0,0,-0.00367785241104974,0,0,0,0,1,1,0.23584146901102,0
test_id,DS04_id,2,18,HPC_flow_mod,5,0,0,-0.00325758764000756,0,0,0,0,1,1,0.23584146901102,0
test_id,DS04_id,2,18,LPT_eff_mod,6,0,0,-0,0,0,0,0,1,1,0.23584146901102,0
test_id,DS04_id,2,18,LPT_flow_mod,7,0,0,-0,0,0,0,0,1,1,0.23584146901102,0
test_id,DS04_id,2,18,LPC_eff_mod,8,0,0,-0,0,0,0,0,1,1,0.23584146901102,0
test_id,DS04_id,2,18,LPC_flow_mod,9,0,0,-0.00282467629508453,0,0,0,0,1,1,0.23584146901102,0
test_id,DS04_id,2,19,HPT_eff_mod,1,0,0,-0,0,0,0,0,1,1,0.175308611419671,0
test_id,DS04_id,2,19,fan_eff_mod,2,0,-0.00230914896567742,-0.00142378606453846,1,1,1,1,1,1,0.175308611419671,0
test_id,DS04_id,2,19,fan_flow_mod,3,0,-0.00570916222858216,-0.00411432955176694,1,0,1,0,1,1,0.175308611419671,0
test_id,DS04_id,2,19,HPC_eff_mod,4,0,0,-0.00367785241104974,0,0,0,0,1,1,0.175308611419671,0
test_id,DS04_id,2,19,HPC_flow_mod,5,0,0,-0.00325758764000756,0,0,0,0,1,1,0.175308611419671,0
test_id,DS04_id,2,19,LPT_eff_mod,6,0,0,-0,0,0,0,0,1,1,0.175308611419671,0
test_id,DS04_id,2,19,LPT_flow_mod,7,0,0,-0,0,0,0,0,1,1,0.175308611419671,0
test_id,DS04_id,2,19,LPC_eff_mod,8,0,0,-0,0,0,0,0,1,1,0.175308611419671,0
test_id,DS04_id,2,19,LPC_flow_mod,9,0,0,-0.00282467629508453,0,0,0,0,1,1,0.175308611419671,0
test_id,DS04_id,2,20,HPT_eff_mod,1,0,0,-0,0,0,0,0,1,1,0.115411854523519,0
test_id,DS04_id,2,20,fan_eff_mod,2,0,-0.00141536510998118,-0.00183125858313024,1,1,1,1,1,1,0.115411854523519,0
test_id,DS04_id,2,20,fan_flow_mod,3,0,-0.00478278207325079,-0.00411432955176694,1,0,1,0,1,1,0.115411854523519,0
test_id,DS04_id,2,20,HPC_eff_mod,4,0,0,-0.00367785241104974,0,0,0,0,1,1,0.115411854523519,0
test_id,DS04_id,2,20,HPC_flow_mod,5,0,0,-0.00325758764000756,0,0,0,0,1,1,0.115411854523519,0
test_id,DS04_id,2,20,LPT_eff_mod,6,0,0,-0,0,0,0,0,1,1,0.115411854523519,0
test_id,DS04_id,2,20,LPT_flow_mod,7,0,0,-0,0,0,0,0,1,1,0.115411854523519,0
test_id,DS04_id,2,20,LPC_eff_mod,8,0,0,-0,0,0,0,0,1,1,0.115411854523519,0
test_id,DS04_id,2,20,LPC_flow_mod,9,0,0,-0.00282467629508453,0,0,0,0,1,1,0.115411854523519,0
test_id,DS04_id,2,21,HPT_eff_mod,1,0,0,-0,0,0,0,0,1,1,0.13137760689359,0
test_id,DS04_id,2,21,fan_eff_mod,2,0,-0.00244462893060452,-0.00183125858313024,1,1,1,1,1,1,0.13137760689359,0
test_id,DS04_id,2,21,fan_flow_mod,3,0,-0.00586368910386378,-0.00411432955176694,1,0,1,0,1,1,0.13137760689359,0
test_id,DS04_id,2,21,HPC_eff_mod,4,0,0,-0.00367785241104974,0,0,0,0,1,1,0.13137760689359,0
test_id,DS04_id,2,21,HPC_flow_mod,5,0,0,-0.00325758764000756,0,0,0,0,1,1,0.13137760689359,0
test_id,DS04_id,2,21,LPT_eff_mod,6,0,0,-0,0,0,0,0,1,1,0.13137760689359,0
test_id,DS04_id,2,21,LPT_flow_mod,7,0,0,-0,0,0,0,0,1,1,0.13137760689359,0
test_id,DS04_id,2,21,LPC_eff_mod,8,0,0,-0,0,0,0,0,1,1,0.13137760689359,0
test_id,DS04_id,2,21,LPC_flow_mod,9,0,0,-0.00282467629508453,0,0,0,0,1,1,0.13137760689359,0
test_id,DS04_id,2,22,HPT_eff_mod,1,0,0,-0,0,0,0,0,1,1,0.167181989924394,0
test_id,DS04_id,2,22,fan_eff_mod,2,0,-0.00264239261931396,-0.00274115853123569,1,1,1,1,1,1,0.167181989924394,0
test_id,DS04_id,2,22,fan_flow_mod,3,0,-0.00453170022529726,-0.00411432955176694,1,1,1,1,1,1,0.167181989924394,0
test_id,DS04_id,2,22,HPC_eff_mod,4,0,0,-0.00367785241104974,0,0,0,0,1,1,0.167181989924394,0
test_id,DS04_id,2,22,HPC_flow_mod,5,0,0,-0.00325758764000756,0,0,0,0,1,1,0.167181989924394,0
test_id,DS04_id,2,22,LPT_eff_mod,6,0,0,-0,0,0,0,0,1,1,0.167181989924394,0
test_id,DS04_id,2,22,LPT_flow_mod,7,0,0,-0,0,0,0,0,1,1,0.167181989924394,0
test_id,DS04_id,2,22,LPC_eff_mod,8,0,0,-0,0,0,0,0,1,1,0.167181989924394,0
test_id,DS04_id,2,22,LPC_flow_mod,9,0,0,-0.00282467629508453,0,0,0,0,1,1,0.167181989924394,0
test_id,DS04_id,2,23,HPT_eff_mod,1,0,0,-0,0,0,0,0,1,1,0.102100492112974,0
test_id,DS04_id,2,23,fan_eff_mod,2,0,-0.00284509964438704,-0.00274115853123569,1,1,1,1,1,1,0.102100492112974,0
test_id,DS04_id,2,23,fan_flow_mod,3,0,-0.00487706100571299,-0.00499784785159674,1,1,1,1,1,1,0.102100492112974,0
test_id,DS04_id,2,23,HPC_eff_mod,4,0,0,-0.00367785241104974,0,0,0,0,1,1,0.102100492112974,0
test_id,DS04_id,2,23,HPC_flow_mod,5,0,0,-0.00325758764000756,0,0,0,0,1,1,0.102100492112974,0
test_id,DS04_id,2,23,LPT_eff_mod,6,0,0,-0,0,0,0,0,1,1,0.102100492112974,0
test_id,DS04_id,2,23,LPT_flow_mod,7,0,0,-0,0,0,0,0,1,1,0.102100492112974,0
test_id,DS04_id,2,23,LPC_eff_mod,8,0,0,-0,0,0,0,0,1,1,0.102100492112974,0
test_id,DS04_id,2,23,LPC_flow_mod,9,0,0,-0.00282467629508453,0,0,0,0,1,1,0.102100492112974,0
test_id,DS04_id,2,24,HPT_eff_mod,1,0,0,-0,0,0,0,0,1,1,0.0729431511708622,0
test_id,DS04_id,2,24,fan_eff_mod,2,0,-0.0035538226352784,-0.00274115853123569,1,1,1,1,1,1,0.0729431511708622,0
test_id,DS04_id,2,24,fan_flow_mod,3,0,-0.006161210724347,-0.00595152637236442,1,1,1,1,1,1,0.0729431511708622,0
test_id,DS04_id,2,24,HPC_eff_mod,4,0,0,-0.00367785241104974,0,0,0,0,1,1,0.0729431511708622,0
test_id,DS04_id,2,24,HPC_flow_mod,5,0,0,-0.00325758764000756,0,0,0,0,1,1,0.0729431511708622,0
test_id,DS04_id,2,24,LPT_eff_mod,6,0,0,-0,0,0,0,0,1,1,0.0729431511708622,0
test_id,DS04_id,2,24,LPT_flow_mod,7,0,0,-0,0,0,0,0,1,1,0.0729431511708622,0
test_id,DS04_id,2,24,LPC_eff_mod,8,0,0,-0,0,0,0,0,1,1,0.0729431511708622,0
test_id,DS04_id,2,24,LPC_flow_mod,9,0,0,-0.00282467629508453,0,0,0,0,1,1,0.0729431511708622,0
test_id,DS04_id,2,25,HPT_eff_mod,1,0,0,-0,0,0,0,0,1,1,0.171885747281583,0
test_id,DS04_id,2,25,fan_eff_mod,2,0,-0.00417970679737824,-0.00274115853123569,1,1,1,1,1,1,0.171885747281583,0
test_id,DS04_id,2,25,fan_flow_mod,3,0,-0.0100971209081796,-0.00798413599304396,1,1,1,1,1,1,0.171885747281583,0
test_id,DS04_id,2,25,HPC_eff_mod,4,0,0,-0.00367785241104974,0,0,0,0,1,1,0.171885747281583,0
test_id,DS04_id,2,25,HPC_flow_mod,5,0,0,-0.00325758764000756,0,0,0,0,1,1,0.171885747281583,0
test_id,DS04_id,2,25,LPT_eff_mod,6,0,0,-0,0,0,0,0,1,1,0.171885747281583,0
test_id,DS04_id,2,25,LPT_flow_mod,7,0,0,-0,0,0,0,0,1,1,0.171885747281583,0
test_id,DS04_id,2,25,LPC_eff_mod,8,0,0,-0,0,0,0,0,1,1,0.171885747281583,0
test_id,DS04_id,2,25,LPC_flow_mod,9,0,0,-0.00282467629508453,0,0,0,0,1,1,0.171885747281583,0
test_id,DS04_id,2,26,HPT_eff_mod,1,0,0,-0,0,0,0,0,1,1,0.183287839329615,0
test_id,DS04_id,2,26,fan_eff_mod,2,0,-0.00410483019310562,-0.00413109167190238,1,1,1,1,1,1,0.183287839329615,0
test_id,DS04_id,2,26,fan_flow_mod,3,0,-0.0085504718031475,-0.00798413599304396,1,1,1,1,1,1,0.183287839329615,0
test_id,DS04_id,2,26,HPC_eff_mod,4,0,0,-0.00367785241104974,0,0,0,0,1,1,0.183287839329615,0
test_id,DS04_id,2,26,HPC_flow_mod,5,0,0,-0.00395498438754685,0,0,0,0,1,1,0.183287839329615,0
test_id,DS04_id,2,26,LPT_eff_mod,6,0,0,-0,0,0,0,0,1,1,0.183287839329615,0
test_id,DS04_id,2,26,LPT_flow_mod,7,0,0,-0,0,0,0,0,1,1,0.183287839329615,0
test_id,DS04_id,2,26,LPC_eff_mod,8,0,0,-0,0,0,0,0,1,1,0.183287839329615,0
test_id,DS04_id,2,26,LPC_flow_mod,9,0,0,-0.00282467629508453,0,0,0,0,1,1,0.183287839329615,0
test_id,DS04_id,2,27,HPT_eff_mod,1,0,0,-0,0,0,0,0,1,1,0.145945534891207,0
test_id,DS04_id,2,27,fan_eff_mod,2,0,-0.00385959728538277,-0.00413109167190238,1,1,1,1,1,1,0.145945534891207,0
test_id,DS04_id,2,27,fan_flow_mod,3,0,-0.00918428035013642,-0.00798413599304396,1,1,1,1,1,1,0.145945534891207,0
test_id,DS04_id,2,27,HPC_eff_mod,4,0,0,-0.00367785241104974,0,0,0,0,1,1,0.145945534891207,0
test_id,DS04_id,2,27,HPC_flow_mod,5,0,0,-0.00395498438754685,0,0,0,0,1,1,0.145945534891207,0
test_id,DS04_id,2,27,LPT_eff_mod,6,0,0,-0,0,0,0,0,1,1,0.145945534891207,0
test_id,DS04_id,2,27,LPT_flow_mod,7,0,0,-0,0,0,0,0,1,1,0.145945534891207,0
test_id,DS04_id,2,27,LPC_eff_mod,8,0,0,-0,0,0,0,0,1,1,0.145945534891207,0
test_id,DS04_id,2,27,LPC_flow_mod,9,0,0,-0.00282467629508453,0,0,0,0,1,1,0.145945534891207,0
test_id,DS04_id,2,28,HPT_eff_mod,1,0,0,-0,0,0,0,0,1,1,0.200106573299522,0
test_id,DS04_id,2,28,fan_eff_mod,2,0,-0.0047705991091588,-0.00413109167190238,1,1,1,1,1,1,0.200106573299522,0
test_id,DS04_id,2,28,fan_flow_mod,3,0,-0.0128695161522076,-0.0102863363053513,1,1,1,1,1,1,0.200106573299522,0
test_id,DS04_id,2,28,HPC_eff_mod,4,0,0,-0.00367785241104974,0,0,0,0,1,1,0.200106573299522,0
test_id,DS04_id,2,28,HPC_flow_mod,5,0,0,-0.00395498438754685,0,0,0,0,1,1,0.200106573299522,0
test_id,DS04_id,2,28,LPT_eff_mod,6,0,0,-0,0,0,0,0,1,1,0.200106573299522,0
test_id,DS04_id,2,28,LPT_flow_mod,7,0,0,-0,0,0,0,0,1,1,0.200106573299522,0
test_id,DS04_id,2,28,LPC_eff_mod,8,0,0,-0,0,0,0,0,1,1,0.200106573299522,0
test_id,DS04_id,2,28,LPC_flow_mod,9,0,0,-0.00282467629508453,0,0,0,0,1,1,0.200106573299522,0
test_id,DS04_id,2,29,HPT_eff_mod,1,0,0,-0,0,0,0,0,1,1,0.224924289704913,0
test_id,DS04_id,2,29,fan_eff_mod,2,0,-0.00529676101749554,-0.00457750459655961,1,1,1,1,1,1,0.224924289704913,0
test_id,DS04_id,2,29,fan_flow_mod,3,0,-0.0109113593749324,-0.0102863363053513,1,1,1,1,1,1,0.224924289704913,0
test_id,DS04_id,2,29,HPC_eff_mod,4,0,0,-0.00367785241104974,0,0,0,0,1,1,0.224924289704913,0
test_id,DS04_id,2,29,HPC_flow_mod,5,0,0,-0.00395498438754685,0,0,0,0,1,1,0.224924289704913,0
test_id,DS04_id,2,29,LPT_eff_mod,6,0,0,-0,0,0,0,0,1,1,0.224924289704913,0
test_id,DS04_id,2,29,LPT_flow_mod,7,0,0,-0,0,0,0,0,1,1,0.224924289704913,0
test_id,DS04_id,2,29,LPC_eff_mod,8,0,0,-0,0,0,0,0,1,1,0.224924289704913,0
test_id,DS04_id,2,29,LPC_flow_mod,9,0,0,-0.00282467629508453,0,0,0,0,1,1,0.224924289704913,0
test_id,DS04_id,2,30,HPT_eff_mod,1,0,0,-0,0,0,0,0,1,1,0.138328181136063,0
test_id,DS04_id,2,30,fan_eff_mod,2,0,-0.00603328559254365,-0.00538604819468321,1,1,1,1,1,1,0.138328181136063,0
test_id,DS04_id,2,30,fan_flow_mod,3,0,-0.0104771121850983,-0.0102863363053513,1,1,1,1,1,1,0.138328181136063,0
test_id,DS04_id,2,30,HPC_eff_mod,4,0,0,-0.00367785241104974,0,0,0,0,1,1,0.138328181136063,0
test_id,DS04_id,2,30,HPC_flow_mod,5,0,0,-0.00395498438754685,0,0,0,0,1,1,0.138328181136063,0
test_id,DS04_id,2,30,LPT_eff_mod,6,0,0,-0,0,0,0,0,1,1,0.138328181136063,0
test_id,DS04_id,2,30,LPT_flow_mod,7,0,0,-0,0,0,0,0,1,1,0.138328181136063,0
test_id,DS04_id,2,30,LPC_eff_mod,8,0,0,-0,0,0,0,0,1,1,0.138328181136063,0
test_id,DS04_id,2,30,LPC_flow_mod,9,0,0,-0.00282467629508453,0,0,0,0,1,1,0.138328181136063,0
test_id,DS04_id,2,31,HPT_eff_mod,1,0,0,-0,0,0,0,0,1,1,0.283508544420401,0
test_id,DS04_id,2,31,fan_eff_mod,2,0,-0.00667072886307765,-0.00538604819468321,1,1,1,1,1,1,0.283508544420401,0
test_id,DS04_id,2,31,fan_flow_mod,3,0,-0.0135043341083538,-0.0111286475940906,1,1,1,1,1,1,0.283508544420401,0
test_id,DS04_id,2,31,HPC_eff_mod,4,0,0,-0.00367785241104974,0,0,0,0,1,1,0.283508544420401,0
test_id,DS04_id,2,31,HPC_flow_mod,5,0,0,-0.00395498438754685,0,0,0,0,1,1,0.283508544420401,0
test_id,DS04_id,2,31,LPT_eff_mod,6,0,0,-0,0,0,0,0,1,1,0.283508544420401,0
test_id,DS04_id,2,31,LPT_flow_mod,7,0,0,-0,0,0,0,0,1,1,0.283508544420401,0
test_id,DS04_id,2,31,LPC_eff_mod,8,0,0,-0,0,0,0,0,1,1,0.283508544420401,0
test_id,DS04_id,2,31,LPC_flow_mod,9,0,0,-0.00282467629508453,0,0,0,0,1,1,0.283508544420401,0
test_id,DS04_id,2,32,HPT_eff_mod,1,0,0,-0,0,0,0,0,1,1,0.142441451772493,0
test_id,DS04_id,2,32,fan_eff_mod,2,0,-0.00684293159362561,-0.00649828835953466,1,1,1,1,1,1,0.142441451772493,0
test_id,DS04_id,2,32,fan_flow_mod,3,0,-0.0130331262426793,-0.0111286475940906,1,1,1,1,1,1,0.142441451772493,0
test_id,DS04_id,2,32,HPC_eff_mod,4,0,0,-0.00577424527318387,0,0,0,0,1,1,0.142441451772493,0
test_id,DS04_id,2,32,HPC_flow_mod,5,0,0,-0.00395498438754685,0,0,0,0,1,1,0.142441451772493,0
test_id,DS04_id,2,32,LPT_eff_mod,6,0,0,-0,0,0,0,0,1,1,0.142441451772493,0
test_id,DS04_id,2,32,LPT_flow_mod,7,0,0,-0,0,0,0,0,1,1,0.142441451772493,0
test_id,DS04_id,2,32,LPC_eff_mod,8,0,0,-0,0,0,0,0,1,1,0.142441451772493,0
test_id,DS04_id,2,32,LPC_flow_mod,9,0,0,-0.00282467629508453,0,0,0,0,1,1,0.142441451772493,0
test_id,DS04_id,2,33,HPT_eff_mod,1,0,0,-0,0,0,0,0,1,1,0.229171338806662,0
test_id,DS04_id,2,33,fan_eff_mod,2,0,-0.00693568699238876,-0.00682509493804385,1,1,1,1,1,1,0.229171338806662,0
test_id,DS04_id,2,33,fan_flow_mod,3,0,-0.0150241507454651,-0.0111286475940906,1,1,1,1,1,1,0.229171338806662,0
test_id,DS04_id,2,33,HPC_eff_mod,4,0,0,-0.00577424527318387,0,0,0,0,1,1,0.229171338806662,0
test_id,DS04_id,2,33,HPC_flow_mod,5,0,0,-0.00395498438754685,0,0,0,0,1,1,0.229171338806662,0
test_id,DS04_id,2,33,LPT_eff_mod,6,0,0,-0,0,0,0,0,1,1,0.229171338806662,0
test_id,DS04_id,2,33,LPT_flow_mod,7,0,0,-0,0,0,0,0,1,1,0.229171338806662,0
test_id,DS04_id,2,33,LPC_eff_mod,8,0,0,-0,0,0,0,0,1,1,0.229171338806662,0
test_id,DS04_id,2,33,LPC_flow_mod,9,0,0,-0.00282467629508453,0,0,0,0,1,1,0.229171338806662,0
test_id,DS04_id,2,34,HPT_eff_mod,1,0,0,-0,0,0,0,0,1,1,0.0713828468142758,0
test_id,DS04_id,2,34,fan_eff_mod,2,0,-0.0083878402322263,-0.00682509493804385,1,1,1,1,1,1,0.0713828468142758,0
test_id,DS04_id,2,34,fan_flow_mod,3,0,-0.0180629972742147,-0.0160431759622242,1,1,1,1,1,1,0.0713828468142758,0
test_id,DS04_id,2,34,HPC_eff_mod,4,0,0,-0.00577424527318387,0,0,0,0,1,1,0.0713828468142758,0
test_id,DS04_id,2,34,HPC_flow_mod,5,0,0,-0.00395498438754685,0,0,0,0,1,1,0.0713828468142758,0
test_id,DS04_id,2,34,LPT_eff_mod,6,0,0,-0,0,0,0,0,1,1,0.0713828468142758,0
test_id,DS04_id,2,34,LPT_flow_mod,7,0,0,-0,0,0,0,0,1,1,0.0713828468142758,0
test_id,DS04_id,2,34,LPC_eff_mod,8,0,0,-0,0,0,0,0,1,1,0.0713828468142758,0
test_id,DS04_id,2,34,LPC_flow_mod,9,0,0,-0.00282467629508453,0,0,0,0,1,1,0.0713828468142758,0
test_id,DS04_id,2,35,HPT_eff_mod,1,0,0,-0,0,0,0,0,1,1,0.205785577183878,0
test_id,DS04_id,2,35,fan_eff_mod,2,0,-0.00826710007263011,-0.00682509493804385,1,1,1,1,1,1,0.205785577183878,0
test_id,DS04_id,2,35,fan_flow_mod,3,0,-0.0216422833042114,-0.0163612409702375,1,1,1,1,1,1,0.205785577183878,0
test_id,DS04_id,2,35,HPC_eff_mod,4,0,0,-0.00577424527318387,0,0,0,0,1,1,0.205785577183878,0
test_id,DS04_id,2,35,HPC_flow_mod,5,0,0,-0.00395498438754685,0,0,0,0,1,1,0.205785577183878,0
test_id,DS04_id,2,35,LPT_eff_mod,6,0,0,-0,0,0,0,0,1,1,0.205785577183878,0
test_id,DS04_id,2,35,LPT_flow_mod,7,0,0,-0,0,0,0,0,1,1,0.205785577183878,0
test_id,DS04_id,2,35,LPC_eff_mod,8,0,0,-0,0,0,0,0,1,1,0.205785577183878,0
test_id,DS04_id,2,35,LPC_flow_mod,9,0,0,-0.00282467629508453,0,0,0,0,1,1,0.205785577183878,0
test_id,DS04_id,2,36,HPT_eff_mod,1,0,0,-0,0,0,0,0,1,1,0.207378008005072,0
test_id,DS04_id,2,36,fan_eff_mod,2,0,-0.00951676453871051,-0.00847134930563678,1,1,1,1,1,1,0.207378008005072,0
test_id,DS04_id,2,36,fan_flow_mod,3,0,-0.0235885441386782,-0.0182851152596407,1,1,1,1,1,1,0.207378008005072,0
test_id,DS04_id,2,36,HPC_eff_mod,4,0,0,-0.00577424527318387,0,0,0,0,1,1,0.207378008005072,0
test_id,DS04_id,2,36,HPC_flow_mod,5,0,0,-0.00395498438754685,0,0,0,0,1,1,0.207378008005072,0
test_id,DS04_id,2,36,LPT_eff_mod,6,0,0,-0,0,0,0,0,1,1,0.207378008005072,0
test_id,DS04_id,2,36,LPT_flow_mod,7,0,0,-0,0,0,0,0,1,1,0.207378008005072,0
test_id,DS04_id,2,36,LPC_eff_mod,8,0,0,-0,0,0,0,0,1,1,0.207378008005072,0
test_id,DS04_id,2,36,LPC_flow_mod,9,0,0,-0.00282467629508453,0,0,0,0,1,1,0.207378008005072,0
test_id,DS04_id,2,37,HPT_eff_mod,1,0,0,-0,0,0,0,0,1,1,0.103807172963959,0
test_id,DS04_id,2,37,fan_eff_mod,2,0,-0.0100252957996562,-0.00847134930563678,1,1,1,1,1,1,0.103807172963959,0
test_id,DS04_id,2,37,fan_flow_mod,3,0,-0.0243384678877549,-0.0218040795033156,1,1,1,1,1,1,0.103807172963959,0
test_id,DS04_id,2,37,HPC_eff_mod,4,0,0,-0.00577424527318387,0,0,0,0,1,1,0.103807172963959,0
test_id,DS04_id,2,37,HPC_flow_mod,5,0,0,-0.00395498438754685,0,0,0,0,1,1,0.103807172963959,0
test_id,DS04_id,2,37,LPT_eff_mod,6,0,0,-0,0,0,0,0,1,1,0.103807172963959,0
test_id,DS04_id,2,37,LPT_flow_mod,7,0,0,-0,0,0,0,0,1,1,0.103807172963959,0
test_id,DS04_id,2,37,LPC_eff_mod,8,0,0,-0,0,0,0,0,1,1,0.103807172963959,0
test_id,DS04_id,2,37,LPC_flow_mod,9,0,0,-0.00282467629508453,0,0,0,0,1,1,0.103807172963959,0
test_id,DS04_id,2,38,HPT_eff_mod,1,0,0,-0,0,0,0,0,1,1,0.121003772355559,0
test_id,DS04_id,2,38,fan_eff_mod,2,0,-0.011485098754117,-0.0099023756469719,1,1,1,1,1,1,0.121003772355559,0
test_id,DS04_id,2,38,fan_flow_mod,3,0,-0.0270709961597039,-0.0231988623390966,1,1,1,1,1,1,0.121003772355559,0
test_id,DS04_id,2,38,HPC_eff_mod,4,0,0,-0.00577424527318387,0,0,0,0,1,1,0.121003772355559,0
test_id,DS04_id,2,38,HPC_flow_mod,5,0,0,-0.00395498438754685,0,0,0,0,1,1,0.121003772355559,0
test_id,DS04_id,2,38,LPT_eff_mod,6,0,0,-0,0,0,0,0,1,1,0.121003772355559,0
test_id,DS04_id,2,38,LPT_flow_mod,7,0,0,-0,0,0,0,0,1,1,0.121003772355559,0
test_id,DS04_id,2,38,LPC_eff_mod,8,0,0,-0,0,0,0,0,1,1,0.121003772355559,0
test_id,DS04_id,2,38,LPC_flow_mod,9,0,0,-0.00372494457766983,0,0,0,0,1,1,0.121003772355559,0
test_id,DS04_id,2,39,HPT_eff_mod,1,0,0,-0,0,0,0,0,1,1,0.147242737092832,0
test_id,DS04_id,2,39,fan_eff_mod,2,0,-0.0131686048331533,-0.0099023756469719,1,1,1,1,1,1,0.147242737092832,0
test_id,DS04_id,2,39,fan_flow_mod,3,0,-0.0272202349726947,-0.0263284191767715,1,1,1,1,1,1,0.147242737092832,0
test_id,DS04_id,2,39,HPC_eff_mod,4,0,0,-0.00577424527318387,0,0,0,0,1,1,0.147242737092832,0
test_id,DS04_id,2,39,HPC_flow_mod,5,0,0,-0.00395498438754685,0,0,0,0,1,1,0.147242737092832,0
test_id,DS04_id,2,39,LPT_eff_mod,6,0,0,-0,0,0,0,0,1,1,0.147242737092832,0
test_id,DS04_id,2,39,LPT_flow_mod,7,0,0,-0,0,0,0,0,1,1,0.147242737092832,0
test_id,DS04_id,2,39,LPC_eff_mod,8,0,0,-0,0,0,0,0,1,1,0.147242737092832,0
test_id,DS04_id,2,39,LPC_flow_mod,9,0,0,-0.00372494457766983,0,0,0,0,1,1,0.147242737092832,0
test_id,DS04_id,2,40,HPT_eff_mod,1,0,0,-0,0,0,0,0,2,1,0.0787421623427262,0
test_id,DS04_id,2,40,fan_eff_mod,2,0,-0.0137838315681306,-0.0113529387957949,1,1,1,1,2,1,0.0787421623427262,0
test_id,DS04_id,2,40,fan_flow_mod,3,0,-0.031577564469161,-0.0263284191767715,1,1,2,1,2,1,0.0787421623427262,0
test_id,DS04_id,2,40,HPC_eff_mod,4,0,0,-0.00577424527318387,0,0,0,0,2,1,0.0787421623427262,0
test_id,DS04_id,2,40,HPC_flow_mod,5,0,0,-0.00395498438754685,0,0,0,0,2,1,0.0787421623427262,0
test_id,DS04_id,2,40,LPT_eff_mod,6,0,0,-0,0,0,0,0,2,1,0.0787421623427262,0
test_id,DS04_id,2,40,LPT_flow_mod,7,0,0,-0,0,0,0,0,2,1,0.0787421623427262,0
test_id,DS04_id,2,40,LPC_eff_mod,8,0,0,-0,0,0,0,0,2,1,0.0787421623427262,0
test_id,DS04_id,2,40,LPC_flow_mod,9,0,0,-0.00372494457766983,0,0,0,0,2,1,0.0787421623427262,0
test_id,DS04_id,2,41,HPT_eff_mod,1,0,0,-0,0,0,0,0,2,1,0.207061545538576,0
test_id,DS04_id,2,41,fan_eff_mod,2,0,-0.0154917215310744,-0.0122507155300382,1,1,1,1,2,1,0.207061545538576,0
test_id,DS04_id,2,41,fan_flow_mod,3,0,-0.0346579247032789,-0.0263284191767715,1,1,2,1,2,1,0.207061545538576,0
test_id,DS04_id,2,41,HPC_eff_mod,4,0,0,-0.00577424527318387,0,0,0,0,2,1,0.207061545538576,0
test_id,DS04_id,2,41,HPC_flow_mod,5,0,0,-0.00395498438754685,0,0,0,0,2,1,0.207061545538576,0
test_id,DS04_id,2,41,LPT_eff_mod,6,0,0,-0,0,0,0,0,2,1,0.207061545538576,0
test_id,DS04_id,2,41,LPT_flow_mod,7,0,0,-0,0,0,0,0,2,1,0.207061545538576,0
test_id,DS04_id,2,41,LPC_eff_mod,8,0,0,-0,0,0,0,0,2,1,0.207061545538576,0
test_id,DS04_id,2,41,LPC_flow_mod,9,0,0,-0.00372494457766983,0,0,0,0,2,1,0.207061545538576,0
test_id,DS04_id,2,42,HPT_eff_mod,1,0,0,-0,0,0,0,0,2,2,0.161725725064142,0
test_id,DS04_id,2,42,fan_eff_mod,2,0,-0.0164436988016757,-0.0122507155300382,1,1,1,1,2,2,0.161725725064142,0
test_id,DS04_id,2,42,fan_flow_mod,3,0,-0.0385409438384121,-0.0291606272755094,1,1,2,2,2,2,0.161725725064142,0
test_id,DS04_id,2,42,HPC_eff_mod,4,0,0,-0.00577424527318387,0,0,0,0,2,2,0.161725725064142,0
test_id,DS04_id,2,42,HPC_flow_mod,5,0,0,-0.00395498438754685,0,0,0,0,2,2,0.161725725064142,0
test_id,DS04_id,2,42,LPT_eff_mod,6,0,0,-0,0,0,0,0,2,2,0.161725725064142,0
test_id,DS04_id,2,42,LPT_flow_mod,7,0,0,-0,0,0,0,0,2,2,0.161725725064142,0
test_id,DS04_id,2,42,LPC_eff_mod,8,0,0,-0,0,0,0,0,2,2,0.161725725064142,0
test_id,DS04_id,2,42,LPC_flow_mod,9,0,0,-0.00372494457766983,0,0,0,0,2,2,0.161725725064142,0
test_id,DS04_id,2,43,HPT_eff_mod,1,0,0,-0,0,0,0,0,2,2,0.154691789869705,0
test_id,DS04_id,2,43,fan_eff_mod,2,0,-0.017456595400063,-0.0122507155300382,1,1,1,1,2,2,0.154691789869705,0
test_id,DS04_id,2,43,fan_flow_mod,3,0,-0.0393344457781013,-0.034824530816699,1,1,2,2,2,2,0.154691789869705,0
test_id,DS04_id,2,43,HPC_eff_mod,4,0,0,-0.00577424527318387,0,0,0,0,2,2,0.154691789869705,0
test_id,DS04_id,2,43,HPC_flow_mod,5,0,0,-0.00395498438754685,0,0,0,0,2,2,0.154691789869705,0
test_id,DS04_id,2,43,LPT_eff_mod,6,0,0,-0,0,0,0,0,2,2,0.154691789869705,0
test_id,DS04_id,2,43,LPT_flow_mod,7,0,0,-0,0,0,0,0,2,2,0.154691789869705,0
test_id,DS04_id,2,43,LPC_eff_mod,8,0,0,-0,0,0,0,0,2,2,0.154691789869705,0
test_id,DS04_id,2,43,LPC_flow_mod,9,0,0,-0.00372494457766983,0,0,0,0,2,2,0.154691789869705,0
test_id,DS04_id,2,44,HPT_eff_mod,1,0,0,-0,0,0,0,0,2,2,0.14798390582167,0
test_id,DS04_id,2,44,fan_eff_mod,2,0,-0.0200404672002709,-0.0175967065233763,1,1,1,1,2,2,0.14798390582167,0
test_id,DS04_id,2,44,fan_flow_mod,3,0,-0.0471329247655,-0.0424932769370852,1,1,2,2,2,2,0.14798390582167,0
test_id,DS04_id,2,44,HPC_eff_mod,4,0,0,-0.00577424527318387,0,0,0,0,2,2,0.14798390582167,0
test_id,DS04_id,2,44,HPC_flow_mod,5,0,0,-0.00395498438754685,0,0,0,0,2,2,0.14798390582167,0
test_id,DS04_id,2,44,LPT_eff_mod,6,0,0,-0,0,0,0,0,2,2,0.14798390582167,0
test_id,DS04_id,2,44,LPT_flow_mod,7,0,0,-0,0,0,0,0,2,2,0.14798390582167,0
test_id,DS04_id,2,44,LPC_eff_mod,8,0,0,-0,0,0,0,0,2,2,0.14798390582167,0
test_id,DS04_id,2,44,LPC_flow_mod,9,0,0,-0.00372494457766983,0,0,0,0,2,2,0.14798390582167,0
test_id,DS04_id,2,45,HPT_eff_mod,1,0,0,-0,0,0,0,0,2,2,0.12918908202695,0
test_id,DS04_id,2,45,fan_eff_mod,2,0,-0.0213068056657503,-0.0188151374634674,1,1,1,1,2,2,0.12918908202695,0
test_id,DS04_id,2,45,fan_flow_mod,3,0,-0.046868811178121,-0.0424932769370852,1,1,2,2,2,2,0.12918908202695,0
test_id,DS04_id,2,45,HPC_eff_mod,4,0,0,-0.00577424527318387,0,0,0,0,2,2,0.12918908202695,0
test_id,DS04_id,2,45,HPC_flow_mod,5,0,0,-0.00395498438754685,0,0,0,0,2,2,0.12918908202695,0
test_id,DS04_id,2,45,LPT_eff_mod,6,0,0,-0,0,0,0,0,2,2,0.12918908202695,0
test_id,DS04_id,2,45,LPT_flow_mod,7,0,0,-0,0,0,0,0,2,2,0.12918908202695,0
test_id,DS04_id,2,45,LPC_eff_mod,8,0,0,-0,0,0,0,0,2,2,0.12918908202695,0
test_id,DS04_id,2,45,LPC_flow_mod,9,0,0,-0.00372494457766983,0,0,0,0,2,2,0.12918908202695,0
test_id,DS04_id,2,46,HPT_eff_mod,1,0,0,-0,0,0,0,0,2,2,0.0787640860320239,0
test_id,DS04_id,2,46,fan_eff_mod,2,0,-0.0229892334902318,-0.0188151374634674,1,1,1,1,2,2,0.0787640860320239,0
test_id,DS04_id,2,46,fan_flow_mod,3,0,-0.0497276443407254,-0.0436180415351854,1,1,2,2,2,2,0.0787640860320239,0
test_id,DS04_id,2,46,HPC_eff_mod,4,0,0,-0.00577424527318387,0,0,0,0,2,2,0.0787640860320239,0
test_id,DS04_id,2,46,HPC_flow_mod,5,0,0,-0.00395498438754685,0,0,0,0,2,2,0.0787640860320239,0
test_id,DS04_id,2,46,LPT_eff_mod,6,0,0,-0,0,0,0,0,2,2,0.0787640860320239,0
test_id,DS04_id,2,46,LPT_flow_mod,7,0,0,-0,0,0,0,0,2,2,0.0787640860320239,0
test_id,DS04_id,2,46,LPC_eff_mod,8,0,0,-0,0,0,0,0,2,2,0.0787640860320239,0
test_id,DS04_id,2,46,LPC_flow_mod,9,0,0,-0.00372494457766983,0,0,0,0,2,2,0.0787640860320239,0
test_id,DS04_id,2,47,HPT_eff_mod,1,0,0,-0,0,0,0,0,2,2,0.193019699838349,0
test_id,DS04_id,2,47,fan_eff_mod,2,0,-0.0246299365770676,-0.0192966590065638,1,1,1,1,2,2,0.193019699838349,0
test_id,DS04_id,2,47,fan_flow_mod,3,0,-0.0532053919015272,-0.0482827131473317,1,1,2,2,2,2,0.193019699838349,0
test_id,DS04_id,2,47,HPC_eff_mod,4,0,0,-0.00577424527318387,0,0,0,0,2,2,0.193019699838349,0
test_id,DS04_id,2,47,HPC_flow_mod,5,0,0,-0.00395498438754685,0,0,0,0,2,2,0.193019699838349,0
test_id,DS04_id,2,47,LPT_eff_mod,6,0,0,-0,0,0,0,0,2,2,0.193019699838349,0
test_id,DS04_id,2,47,LPT_flow_mod,7,0,0,-0,0,0,0,0,2,2,0.193019699838349,0
test_id,DS04_id,2,47,LPC_eff_mod,8,0,0,-0,0,0,0,0,2,2,0.193019699838349,0
test_id,DS04_id,2,47,LPC_flow_mod,9,0,0,-0.00372494457766983,0,0,0,0,2,2,0.193019699838349,0
test_id,DS04_id,2,48,HPT_eff_mod,1,0,0,-0,0,0,0,0,2,2,0.165445934333155,0
test_id,DS04_id,2,48,fan_eff_mod,2,0,-0.0267662158528628,-0.0192966590065638,1,1,1,1,2,2,0.165445934333155,0
test_id,DS04_id,2,48,fan_flow_mod,3,0,-0.0590742602973967,-0.0508918793936298,1,1,2,2,2,2,0.165445934333155,0
test_id,DS04_id,2,48,HPC_eff_mod,4,0,0,-0.00577424527318387,0,0,0,0,2,2,0.165445934333155,0
test_id,DS04_id,2,48,HPC_flow_mod,5,0,0,-0.00395498438754685,0,0,0,0,2,2,0.165445934333155,0
test_id,DS04_id,2,48,LPT_eff_mod,6,0,0,-0,0,0,0,0,2,2,0.165445934333155,0
test_id,DS04_id,2,48,LPT_flow_mod,7,0,0,-0,0,0,0,0,2,2,0.165445934333155,0
test_id,DS04_id,2,48,LPC_eff_mod,8,0,0,-0,0,0,0,0,2,2,0.165445934333155,0
test_id,DS04_id,2,48,LPC_flow_mod,9,0,0,-0.00372494457766983,0,0,0,0,2,2,0.165445934333155,0
test_id,DS04_id,2,49,HPT_eff_mod,1,0,0,-0,0,0,0,0,2,2,0.15085281183589,0
test_id,DS04_id,2,49,fan_eff_mod,2,0,-0.0299614562791499,-0.0216807005262327,1,1,2,1,2,2,0.15085281183589,0
test_id,DS04_id,2,49,fan_flow_mod,3,0,-0.0663799597222768,-0.0508918793936298,1,1,2,2,2,2,0.15085281183589,0
test_id,DS04_id,2,49,HPC_eff_mod,4,0,0,-0.00577424527318387,0,0,0,0,2,2,0.15085281183589,0
test_id,DS04_id,2,49,HPC_flow_mod,5,0,0,-0.00395498438754685,0,0,0,0,2,2,0.15085281183589,0
test_id,DS04_id,2,49,LPT_eff_mod,6,0,0,-0,0,0,0,0,2,2,0.15085281183589,0
test_id,DS04_id,2,49,LPT_flow_mod,7,0,0,-0,0,0,0,0,2,2,0.15085281183589,0
test_id,DS04_id,2,49,LPC_eff_mod,8,0,0,-0,0,0,0,0,2,2,0.15085281183589,0
test_id,DS04_id,2,49,LPC_flow_mod,9,0,0,-0.00372494457766983,0,0,0,0,2,2,0.15085281183589,0
test_id,DS04_id,2,50,HPT_eff_mod,1,0,0,-0,0,0,0,0,2,2,0.157437032267715,0
test_id,DS04_id,2,50,fan_eff_mod,2,0,-0.0327058735757205,-0.0266913635772854,1,1,2,1,2,2,0.157437032267715,0
test_id,DS04_id,2,50,fan_flow_mod,3,0,-0.0694456798142258,-0.0595955230309017,1,1,2,2,2,2,0.157437032267715,0
test_id,DS04_id,2,50,HPC_eff_mod,4,0,0,-0.00577424527318387,0,0,0,0,2,2,0.157437032267715,0
test_id,DS04_id,2,50,HPC_flow_mod,5,0,0,-0.00395498438754685,0,0,0,0,2,2,0.157437032267715,0
test_id,DS04_id,2,50,LPT_eff_mod,6,0,0,-0,0,0,0,0,2,2,0.157437032267715,0
test_id,DS04_id,2,50,LPT_flow_mod,7,0,0,-0,0,0,0,0,2,2,0.157437032267715,0
test_id,DS04_id,2,50,LPC_eff_mod,8,0,0,-0,0,0,0,0,2,2,0.157437032267715,0
test_id,DS04_id,2,50,LPC_flow_mod,9,0,0,-0.00372494457766983,0,0,0,0,2,2,0.157437032267715,0
test_id,DS04_id,2,51,HPT_eff_mod,1,0,0,-0,0,0,0,0,2,2,0.118536591147858,0
test_id,DS04_id,2,51,fan_eff_mod,2,0,-0.036235839390225,-0.0277882584513905,1,1,2,2,2,2,0.118536591147858,0
test_id,DS04_id,2,51,fan_flow_mod,3,0,-0.076673646186996,-0.0595955230309017,1,1,2,2,2,2,0.118536591147858,0
test_id,DS04_id,2,51,HPC_eff_mod,4,0,0,-0.00577424527318387,0,0,0,0,2,2,0.118536591147858,0
test_id,DS04_id,2,51,HPC_flow_mod,5,0,0,-0.00444322277094171,0,0,0,0,2,2,0.118536591147858,0
test_id,DS04_id,2,51,LPT_eff_mod,6,0,0,-0,0,0,0,0,2,2,0.118536591147858,0
test_id,DS04_id,2,51,LPT_flow_mod,7,0,0,-0,0,0,0,0,2,2,0.118536591147858,0
test_id,DS04_id,2,51,LPC_eff_mod,8,0,0,-0,0,0,0,0,2,2,0.118536591147858,0
test_id,DS04_id,2,51,LPC_flow_mod,9,0,0,-0.00372494457766983,0,0,0,0,2,2,0.118536591147858,0
test_id,DS04_id,2,52,HPT_eff_mod,1,0,0,-0,0,0,0,0,2,2,0.191788038001394,0
test_id,DS04_id,2,52,fan_eff_mod,2,0,-0.0391410085761299,-0.0289128679981813,1,1,2,2,2,2,0.191788038001394,0
test_id,DS04_id,2,52,fan_flow_mod,3,0,-0.0852006968008349,-0.0618972107774207,1,1,2,2,2,2,0.191788038001394,0
test_id,DS04_id,2,52,HPC_eff_mod,4,0,0,-0.00577424527318387,0,0,0,0,2,2,0.191788038001394,0
test_id,DS04_id,2,52,HPC_flow_mod,5,0,0,-0.00444322277094171,0,0,0,0,2,2,0.191788038001394,0
test_id,DS04_id,2,52,LPT_eff_mod,6,0,0,-0,0,0,0,0,2,2,0.191788038001394,0
test_id,DS04_id,2,52,LPT_flow_mod,7,0,0,-0,0,0,0,0,2,2,0.191788038001394,0
test_id,DS04_id,2,52,LPC_eff_mod,8,0,0,-0,0,0,0,0,2,2,0.191788038001394,0
test_id,DS04_id,2,52,LPC_flow_mod,9,0,0,-0.00372494457766983,0,0,0,0,2,2,0.191788038001394,0
test_id,DS04_id,2,53,HPT_eff_mod,1,0,0,-0,0,0,0,0,2,2,0.305421235084414,0
test_id,DS04_id,2,53,fan_eff_mod,2,0,-0.0421657890393774,-0.0294130441463254,1,1,2,2,2,2,0.305421235084414,0
test_id,DS04_id,2,53,fan_flow_mod,3,0,-0.0916606295115271,-0.075197030277157,1,1,2,2,2,2,0.305421235084414,0
test_id,DS04_id,2,53,HPC_eff_mod,4,0,0,-0.00577424527318387,0,0,0,0,2,2,0.305421235084414,0
test_id,DS04_id,2,53,HPC_flow_mod,5,0,0,-0.00444322277094171,0,0,0,0,2,2,0.305421235084414,0
test_id,DS04_id,2,53,LPT_eff_mod,6,0,0,-0,0,0,0,0,2,2,0.305421235084414,0
test_id,DS04_id,2,53,LPT_flow_mod,7,0,0,-0,0,0,0,0,2,2,0.305421235084414,0
test_id,DS04_id,2,53,LPC_eff_mod,8,0,0,-0,0,0,0,0,2,2,0.305421235084414,0
test_id,DS04_id,2,53,LPC_flow_mod,9,0,0,-0.00372494457766983,0,0,0,0,2,2,0.305421235084414,0
test_id,DS04_id,2,54,HPT_eff_mod,1,0,0,-0,0,0,0,0,2,2,0.337417761858728,1
test_id,DS04_id,2,54,fan_eff_mod,2,0,-0.0448989716395643,-0.0348643225206389,1,1,2,2,2,2,0.337417761858728,1
test_id,DS04_id,2,54,fan_flow_mod,3,0,-0.102937734710034,-0.075197030277157,1,1,2,2,2,2,0.337417761858728,1
test_id,DS04_id,2,54,HPC_eff_mod,4,0,0,-0.00577424527318387,0,0,0,0,2,2,0.337417761858728,1
test_id,DS04_id,2,54,HPC_flow_mod,5,0,0,-0.00444322277094171,0,0,0,0,2,2,0.337417761858728,1
test_id,DS04_id,2,54,LPT_eff_mod,6,0,0,-0,0,0,0,0,2,2,0.337417761858728,1
test_id,DS04_id,2,54,LPT_flow_mod,7,0,0,-0,0,0,0,0,2,2,0.337417761858728,1
test_id,DS04_id,2,54,LPC_eff_mod,8,0,0,-0,0,0,0,0,2,2,0.337417761858728,1
test_id,DS04_id,2,54,LPC_flow_mod,9,0,0,-0.00372494457766983,0,0,0,0,2,2,0.337417761858728,1
test_id,DS04_id,2,55,HPT_eff_mod,1,0,0,-0,0,0,0,0,2,2,0.136427459313013,0
test_id,DS04_id,2,55,fan_eff_mod,2,0,-0.0500355106086799,-0.0348643225206389,1,1,2,2,2,2,0.136427459313013,0
test_id,DS04_id,2,55,fan_flow_mod,3,0,-0.108575518164586,-0.0820992082165368,1,1,2,2,2,2,0.136427459313013,0
test_id,DS04_id,2,55,HPC_eff_mod,4,0,0,-0.00577424527318387,0,0,0,0,2,2,0.136427459313013,0
test_id,DS04_id,2,55,HPC_flow_mod,5,0,0,-0.00444322277094171,0,0,0,0,2,2,0.136427459313013,0
test_id,DS04_id,2,55,LPT_eff_mod,6,0,0,-0,0,0,0,0,2,2,0.136427459313013,0
test_id,DS04_id,2,55,LPT_flow_mod,7,0,0,-0,0,0,0,0,2,2,0.136427459313013,0
test_id,DS04_id,2,55,LPC_eff_mod,8,0,0,-0,0,0,0,0,2,2,0.136427459313013,0
test_id,DS04_id,2,55,LPC_flow_mod,9,0,0,-0.00372494457766983,0,0,0,0,2,2,0.136427459313013,0
test_id,DS04_id,2,56,HPT_eff_mod,1,0,0,-0,0,0,0,0,2,2,0.214016737982591,0
test_id,DS04_id,2,56,fan_eff_mod,2,0,-0.0535937199465356,-0.0396649297717941,1,1,2,2,2,2,0.214016737982591,0
test_id,DS04_id,2,56,fan_flow_mod,3,0,-0.121049748710345,-0.0910870121678235,1,1,2,2,2,2,0.214016737982591,0
test_id,DS04_id,2,56,HPC_eff_mod,4,0,0,-0.00577424527318387,0,0,0,0,2,2,0.214016737982591,0
test_id,DS04_id,2,56,HPC_flow_mod,5,0,0,-0.00444322277094171,0,0,0,0,2,2,0.214016737982591,0
test_id,DS04_id,2,56,LPT_eff_mod,6,0,0,-0,0,0,0,0,2,2,0.214016737982591,0
test_id,DS04_id,2,56,LPT_flow_mod,7,0,0,-0,0,0,0,0,2,2,0.214016737982591,0
test_id,DS04_id,2,56,LPC_eff_mod,8,0,0,-0,0,0,0,0,2,2,0.214016737982591,0
test_id,DS04_id,2,56,LPC_flow_mod,9,0,0,-0.00453600179146731,0,0,0,0,2,2,0.214016737982591,0
test_id,DS04_id,2,57,HPT_eff_mod,1,0,0,-0,0,0,0,0,2,2,0.0808056756638355,0
test_id,DS04_id,2,57,fan_eff_mod,2,0,-0.0581955877653674,-0.0469884017805141,1,1,2,2,2,2,0.0808056756638355,0
test_id,DS04_id,2,57,fan_flow_mod,3,0,-0.131117278846819,-0.111678785567088,1,1,2,2,2,2,0.0808056756638355,0
test_id,DS04_id,2,57,HPC_eff_mod,4,0,0,-0.00577424527318387,0,0,0,0,2,2,0.0808056756638355,0
test_id,DS04_id,2,57,HPC_flow_mod,5,0,0,-0.00444322277094171,0,0,0,0,2,2,0.0808056756638355,0
test_id,DS04_id,2,57,LPT_eff_mod,6,0,0,-0,0,0,0,0,2,2,0.0808056756638355,0
test_id,DS04_id,2,57,LPT_flow_mod,7,0,0,-0,0,0,0,0,2,2,0.0808056756638355,0
test_id,DS04_id,2,57,LPC_eff_mod,8,0,0,-0,0,0,0,0,2,2,0.0808056756638355,0
test_id,DS04_id,2,57,LPC_flow_mod,9,0,0,-0.00453600179146731,0,0,0,0,2,2,0.0808056756638355,0
test_id,DS04_id,2,58,HPT_eff_mod,1,0,0,-0,0,0,0,0,2,2,0.180437837599013,0
test_id,DS04_id,2,58,fan_eff_mod,2,0,-0.0648921443102091,-0.0550056880627875,1,1,2,2,2,2,0.180437837599013,0
test_id,DS04_id,2,58,fan_flow_mod,3,0,-0.138624034106513,-0.128766578619937,1,1,2,2,2,2,0.180437837599013,0
test_id,DS04_id,2,58,HPC_eff_mod,4,0,0,-0.00577424527318387,0,0,0,0,2,2,0.180437837599013,0
test_id,DS04_id,2,58,HPC_flow_mod,5,0,0,-0.00532111945207994,0,0,0,0,2,2,0.180437837599013,0
test_id,DS04_id,2,58,LPT_eff_mod,6,0,0,-0,0,0,0,0,2,2,0.180437837599013,0
test_id,DS04_id,2,58,LPT_flow_mod,7,0,0,-0,0,0,0,0,2,2,0.180437837599013,0
test_id,DS04_id,2,58,LPC_eff_mod,8,0,0,-0,0,0,0,0,2,2,0.180437837599013,0
test_id,DS04_id,2,58,LPC_flow_mod,9,0,0,-0.00453600179146731,0,0,0,0,2,2,0.180437837599013,0
test_id,DS04_id,2,59,HPT_eff_mod,1,0,0,-0,0,0,0,0,3,2,0.0995603488062282,0
test_id,DS04_id,2,59,fan_eff_mod,2,0,-0.0707353950875992,-0.0583389139802452,1,1,2,2,3,2,0.0995603488062282,0
test_id,DS04_id,2,59,fan_flow_mod,3,0,-0.153787887212638,-0.134894939410542,1,1,3,2,3,2,0.0995603488062282,0
test_id,DS04_id,2,59,HPC_eff_mod,4,0,0,-0.00577424527318387,0,0,0,0,3,2,0.0995603488062282,0
test_id,DS04_id,2,59,HPC_flow_mod,5,0,0,-0.00532111945207994,0,0,0,0,3,2,0.0995603488062282,0
test_id,DS04_id,2,59,LPT_eff_mod,6,0,0,-0,0,0,0,0,3,2,0.0995603488062282,0
test_id,DS04_id,2,59,LPT_flow_mod,7,0,0,-0,0,0,0,0,3,2,0.0995603488062282,0
test_id,DS04_id,2,59,LPC_eff_mod,8,0,0,-0,0,0,0,0,3,2,0.0995603488062282,0
test_id,DS04_id,2,59,LPC_flow_mod,9,0,0,-0.00453600179146731,0,0,0,0,3,2,0.0995603488062282,0
test_id,DS04_id,2,60,HPT_eff_mod,1,0,0,-0,0,0,0,0,3,3,0.153047909878567,0
test_id,DS04_id,2,60,fan_eff_mod,2,0,-0.076374347570421,-0.0687322157464744,1,1,2,2,3,3,0.153047909878567,0
test_id,DS04_id,2,60,fan_flow_mod,3,0,-0.168771704534613,-0.156313944054015,1,1,3,3,3,3,0.153047909878567,0
test_id,DS04_id,2,60,HPC_eff_mod,4,0,0,-0.00577424527318387,0,0,0,0,3,3,0.153047909878567,0
test_id,DS04_id,2,60,HPC_flow_mod,5,0,0,-0.00532111945207994,0,0,0,0,3,3,0.153047909878567,0
test_id,DS04_id,2,60,LPT_eff_mod,6,0,0,-0,0,0,0,0,3,3,0.153047909878567,0
test_id,DS04_id,2,60,LPT_flow_mod,7,0,0,-0,0,0,0,0,3,3,0.153047909878567,0
test_id,DS04_id,2,60,LPC_eff_mod,8,0,0,-0,0,0,0,0,3,3,0.153047909878567,0
test_id,DS04_id,2,60,LPC_flow_mod,9,0,0,-0.00453600179146731,0,0,0,0,3,3,0.153047909878567,0
test_id,DS04_id,2,61,HPT_eff_mod,1,0,0,-0,0,0,0,0,3,3,0.263742086446987,0
test_id,DS04_id,2,61,fan_eff_mod,2,0,-0.0830777278982792,-0.0731163831020698,1,1,2,2,3,3,0.263742086446987,0
test_id,DS04_id,2,61,fan_flow_mod,3,0,-0.183366185424124,-0.17101080859227,1,1,3,3,3,3,0.263742086446987,0
test_id,DS04_id,2,61,HPC_eff_mod,4,0,0,-0.00577424527318387,0,0,0,0,3,3,0.263742086446987,0
test_id,DS04_id,2,61,HPC_flow_mod,5,0,0,-0.00532111945207994,0,0,0,0,3,3,0.263742086446987,0
test_id,DS04_id,2,61,LPT_eff_mod,6,0,0,-0,0,0,0,0,3,3,0.263742086446987,0
test_id,DS04_id,2,61,LPT_flow_mod,7,0,0,-0,0,0,0,0,3,3,0.263742086446987,0
test_id,DS04_id,2,61,LPC_eff_mod,8,0,0,-0,0,0,0,0,3,3,0.263742086446987,0
test_id,DS04_id,2,61,LPC_flow_mod,9,0,0,-0.00453600179146731,0,0,0,0,3,3,0.263742086446987,0
test_id,DS04_id,2,62,HPT_eff_mod,1,0,0,-0,0,0,0,0,3,3,0.205534790812028,0
test_id,DS04_id,2,62,fan_eff_mod,2,0,-0.092303308590812,-0.0795103708607459,1,1,2,2,3,3,0.205534790812028,0
test_id,DS04_id,2,62,fan_flow_mod,3,0,-0.199388989297941,-0.17101080859227,1,1,3,3,3,3,0.205534790812028,0
test_id,DS04_id,2,62,HPC_eff_mod,4,0,0,-0.00577424527318387,0,0,0,0,3,3,0.205534790812028,0
test_id,DS04_id,2,62,HPC_flow_mod,5,0,0,-0.00532111945207994,0,0,0,0,3,3,0.205534790812028,0
test_id,DS04_id,2,62,LPT_eff_mod,6,0,0,-0,0,0,0,0,3,3,0.205534790812028,0
test_id,DS04_id,2,62,LPT_flow_mod,7,0,0,-0,0,0,0,0,3,3,0.205534790812028,0
test_id,DS04_id,2,62,LPC_eff_mod,8,0,0,-0,0,0,0,0,3,3,0.205534790812028,0
test_id,DS04_id,2,62,LPC_flow_mod,9,0,0,-0.00453600179146731,0,0,0,0,3,3,0.205534790812028,0
test_id,DS04_id,2,63,HPT_eff_mod,1,0,0,-0,0,0,0,0,3,3,0.113440915563219,0
test_id,DS04_id,2,63,fan_eff_mod,2,0,-0.101019159454583,-0.0892819622038903,1,1,2,2,3,3,0.113440915563219,0
test_id,DS04_id,2,63,fan_flow_mod,3,0,-0.218559876280525,-0.201297493480002,1,1,3,3,3,3,0.113440915563219,0
test_id,DS04_id,2,63,HPC_eff_mod,4,0,0,-0.00577424527318387,0,0,0,0,3,3,0.113440915563219,0
test_id,DS04_id,2,63,HPC_flow_mod,5,0,0,-0.00532111945207994,0,0,0,0,3,3,0.113440915563219,0
test_id,DS04_id,2,63,LPT_eff_mod,6,0,0,-0,0,0,0,0,3,3,0.113440915563219,0
test_id,DS04_id,2,63,LPT_flow_mod,7,0,0,-0,0,0,0,0,3,3,0.113440915563219,0
test_id,DS04_id,2,63,LPC_eff_mod,8,0,0,-0,0,0,0,0,3,3,0.113440915563219,0
test_id,DS04_id,2,63,LPC_flow_mod,9,0,0,-0.00453600179146731,0,0,0,0,3,3,0.113440915563219,0
test_id,DS04_id,2,64,HPT_eff_mod,1,0,0,-0,0,0,0,0,3,3,0.185605645482599,0
test_id,DS04_id,2,64,fan_eff_mod,2,0,-0.109484985226038,-0.091334743049567,1,1,2,2,3,3,0.185605645482599,0
test_id,DS04_id,2,64,fan_flow_mod,3,0,-0.233697327179318,-0.201297493480002,1,1,3,3,3,3,0.185605645482599,0
test_id,DS04_id,2,64,HPC_eff_mod,4,0,0,-0.00577424527318387,0,0,0,0,3,3,0.185605645482599,0
test_id,DS04_id,2,64,HPC_flow_mod,5,0,0,-0.00532111945207994,0,0,0,0,3,3,0.185605645482599,0
test_id,DS04_id,2,64,LPT_eff_mod,6,0,0,-0,0,0,0,0,3,3,0.185605645482599,0
test_id,DS04_id,2,64,LPT_flow_mod,7,0,0,-0,0,0,0,0,3,3,0.185605645482599,0
test_id,DS04_id,2,64,LPC_eff_mod,8,0,0,-0,0,0,0,0,3,3,0.185605645482599,0
test_id,DS04_id,2,64,LPC_flow_mod,9,0,0,-0.00660741999265832,0,0,0,0,3,3,0.185605645482599,0
test_id,DS04_id,2,65,HPT_eff_mod,1,0,0,-0,0,0,0,0,3,3,0.215083184047025,0
test_id,DS04_id,2,65,fan_eff_mod,2,0,-0.120179263294632,-0.0925486851244785,1,1,2,2,3,3,0.215083184047025,0
test_id,DS04_id,2,65,fan_flow_mod,3,0,-0.256047611145832,-0.201297493480002,1,1,3,3,3,3,0.215083184047025,0
test_id,DS04_id,2,65,HPC_eff_mod,4,0,0,-0.00577424527318387,0,0,0,0,3,3,0.215083184047025,0
test_id,DS04_id,2,65,HPC_flow_mod,5,0,0,-0.00532111945207994,0,0,0,0,3,3,0.215083184047025,0
test_id,DS04_id,2,65,LPT_eff_mod,6,0,0,-0,0,0,0,0,3,3,0.215083184047025,0
test_id,DS04_id,2,65,LPT_flow_mod,7,0,0,-0,0,0,0,0,3,3,0.215083184047025,0
test_id,DS04_id,2,65,LPC_eff_mod,8,0,0,-0,0,0,0,0,3,3,0.215083184047025,0
test_id,DS04_id,2,65,LPC_flow_mod,9,0,0,-0.00660741999265832,0,0,0,0,3,3,0.215083184047025,0
test_id,DS04_id,2,66,HPT_eff_mod,1,0,0,-0,0,0,0,0,3,3,0.367845097502537,1
test_id,DS04_id,2,66,fan_eff_mod,2,0,-0.132225615035505,-0.0988631538597141,1,1,2,2,3,3,0.367845097502537,1
test_id,DS04_id,2,66,fan_flow_mod,3,0,-0.280651380678322,-0.201297493480002,1,1,3,3,3,3,0.367845097502537,1
test_id,DS04_id,2,66,HPC_eff_mod,4,0,0,-0.00577424527318387,0,0,0,0,3,3,0.367845097502537,1
test_id,DS04_id,2,66,HPC_flow_mod,5,0,0,-0.00532111945207994,0,0,0,0,3,3,0.367845097502537,1
test_id,DS04_id,2,66,LPT_eff_mod,6,0,0,-0,0,0,0,0,3,3,0.367845097502537,1
test_id,DS04_id,2,66,LPT_flow_mod,7,0,0,-0,0,0,0,0,3,3,0.367845097502537,1
test_id,DS04_id,2,66,LPC_eff_mod,8,0,0,-0,0,0,0,0,3,3,0.367845097502537,1
test_id,DS04_id,2,66,LPC_flow_mod,9,0,0,-0.00660741999265832,0,0,0,0,3,3,0.367845097502537,1
test_id,DS04_id,2,67,HPT_eff_mod,1,0,0,-0,0,0,0,0,3,3,0.0996007868865814,0
test_id,DS04_id,2,67,fan_eff_mod,2,0,-0.144457494730144,-0.126974496851329,1,1,2,2,3,3,0.0996007868865814,0
test_id,DS04_id,2,67,fan_flow_mod,3,0,-0.306907456788973,-0.280061149499417,1,1,3,3,3,3,0.0996007868865814,0
test_id,DS04_id,2,67,HPC_eff_mod,4,0,0,-0.00577424527318387,0,0,0,0,3,3,0.0996007868865814,0
test_id,DS04_id,2,67,HPC_flow_mod,5,0,0,-0.00611521122976939,0,0,0,0,3,3,0.0996007868865814,0
test_id,DS04_id,2,67,LPT_eff_mod,6,0,0,-0,0,0,0,0,3,3,0.0996007868865814,0
test_id,DS04_id,2,67,LPT_flow_mod,7,0,0,-0,0,0,0,0,3,3,0.0996007868865814,0
test_id,DS04_id,2,67,LPC_eff_mod,8,0,0,-0,0,0,0,0,3,3,0.0996007868865814,0
test_id,DS04_id,2,67,LPC_flow_mod,9,0,0,-0.00660741999265832,0,0,0,0,3,3,0.0996007868865814,0
test_id,DS04_id,2,68,HPT_eff_mod,1,0,0,-0,0,0,0,0,3,3,0.0948515161385848,0
test_id,DS04_id,2,68,fan_eff_mod,2,0,-0.158518506712734,-0.155399071927845,1,1,3,3,3,3,0.0948515161385848,0
test_id,DS04_id,2,68,fan_flow_mod,3,0,-0.336382879671874,-0.336507284871871,1,1,3,3,3,3,0.0948515161385848,0
test_id,DS04_id,2,68,HPC_eff_mod,4,0,0,-0.00577424527318387,0,0,0,0,3,3,0.0948515161385848,0
test_id,DS04_id,2,68,HPC_flow_mod,5,0,0,-0.00611521122976939,0,0,0,0,3,3,0.0948515161385848,0
test_id,DS04_id,2,68,LPT_eff_mod,6,0,0,-0,0,0,0,0,3,3,0.0948515161385848,0
test_id,DS04_id,2,68,LPT_flow_mod,7,0,0,-0,0,0,0,0,3,3,0.0948515161385848,0
test_id,DS04_id,2,68,LPC_eff_mod,8,0,0,-0,0,0,0,0,3,3,0.0948515161385848,0
test_id,DS04_id,2,68,LPC_flow_mod,9,0,0,-0.0093084604946826,0,0,0,0,3,3,0.0948515161385848,0
test_id,DS04_id,2,69,HPT_eff_mod,1,0,0,-0,0,0,0,0,3,3,0.203051181352769,0
test_id,DS04_id,2,69,fan_eff_mod,2,0,-0.173766176956846,-0.170339349600938,1,1,3,3,3,3,0.203051181352769,0
test_id,DS04_id,2,69,fan_flow_mod,3,0,-0.367322133093294,-0.366086635361966,1,1,3,3,3,3,0.203051181352769,0
test_id,DS04_id,2,69,HPC_eff_mod,4,0,0,-0.00676886224864947,0,0,0,0,3,3,0.203051181352769,0
test_id,DS04_id,2,69,HPC_flow_mod,5,0,0,-0.00611521122976939,0,0,0,0,3,3,0.203051181352769,0
test_id,DS04_id,2,69,LPT_eff_mod,6,0,0,-0,0,0,0,0,3,3,0.203051181352769,0
test_id,DS04_id,2,69,LPT_flow_mod,7,0,0,-0,0,0,0,0,3,3,0.203051181352769,0
test_id,DS04_id,2,69,LPC_eff_mod,8,0,0,-0,0,0,0,0,3,3,0.203051181352769,0
test_id,DS04_id,2,69,LPC_flow_mod,9,0,0,-0.0093084604946826,0,0,0,0,3,3,0.203051181352769,0
test_id,DS04_id,2,70,HPT_eff_mod,1,0,0,-0,0,0,0,0,3,3,0.1897463423427,0
test_id,DS04_id,2,70,fan_eff_mod,2,0,-0.190946165905308,-0.175885416489231,1,1,3,3,3,3,0.1897463423427,0
test_id,DS04_id,2,70,fan_flow_mod,3,0,-0.401263231208915,-0.366086635361966,1,1,3,3,3,3,0.1897463423427,0
test_id,DS04_id,2,70,HPC_eff_mod,4,0,0,-0.00676886224864947,0,0,0,0,3,3,0.1897463423427,0
test_id,DS04_id,2,70,HPC_flow_mod,5,0,0,-0.00611521122976939,0,0,0,0,3,3,0.1897463423427,0
test_id,DS04_id,2,70,LPT_eff_mod,6,0,0,-0,0,0,0,0,3,3,0.1897463423427,0
test_id,DS04_id,2,70,LPT_flow_mod,7,0,0,-0,0,0,0,0,3,3,0.1897463423427,0
test_id,DS04_id,2,70,LPC_eff_mod,8,0,0,-0,0,0,0,0,3,3,0.1897463423427,0
test_id,DS04_id,2,70,LPC_flow_mod,9,0,0,-0.00939963678448635,0,0,0,0,3,3,0.1897463423427,0
test_id,DS04_id,2,71,HPT_eff_mod,1,0,0,-0,0,0,0,0,3,3,0.341241391513855,1
test_id,DS04_id,2,71,fan_eff_mod,2,0,-0.209311269011115,-0.219987785148225,1,1,3,3,3,3,0.341241391513855,1
test_id,DS04_id,2,71,fan_flow_mod,3,0,-0.442219956573042,-0.46575487117337,1,1,3,3,3,3,0.341241391513855,1
test_id,DS04_id,2,71,HPC_eff_mod,4,0,0,-0.00879196907544062,0,0,0,0,3,3,0.341241391513855,1
test_id,DS04_id,2,71,HPC_flow_mod,5,0,0,-0.00611521122976939,0,0,0,0,3,3,0.341241391513855,1
test_id,DS04_id,2,71,LPT_eff_mod,6,0,0,-0,0,0,0,0,3,3,0.341241391513855,1
test_id,DS04_id,2,71,LPT_flow_mod,7,0,0,-0,0,0,0,0,3,3,0.341241391513855,1
test_id,DS04_id,2,71,LPC_eff_mod,8,0,0,-0,0,0,0,0,3,3,0.341241391513855,1
test_id,DS04_id,2,71,LPC_flow_mod,9,0,0,-0.00939963678448635,0,0,0,0,3,3,0.341241391513855,1
test_id,DS04_id,2,72,HPT_eff_mod,1,0,0,-0,0,0,0,0,3,3,0.315411597463006,0
test_id,DS04_id,2,72,fan_eff_mod,2,0,-0.229798990822771,-0.223012683277466,1,1,3,3,3,3,0.315411597463006,0
test_id,DS04_id,2,72,fan_flow_mod,3,0,-0.482063380989042,-0.46575487117337,1,1,3,3,3,3,0.315411597463006,0
test_id,DS04_id,2,72,HPC_eff_mod,4,0,0,-0.00879196907544062,0,0,0,0,3,3,0.315411597463006,0
test_id,DS04_id,2,72,HPC_flow_mod,5,0,0,-0.00611521122976939,0,0,0,0,3,3,0.315411597463006,0
test_id,DS04_id,2,72,LPT_eff_mod,6,0,0,-0.0262745125103714,0,0,0,0,3,3,0.315411597463006,0
test_id,DS04_id,2,72,LPT_flow_mod,7,0,0,-0,0,0,0,0,3,3,0.315411597463006,0
test_id,DS04_id,2,72,LPC_eff_mod,8,0,0,-0,0,0,0,0,3,3,0.315411597463006,0
test_id,DS04_id,2,72,LPC_flow_mod,9,0,0,-0.00939963678448635,0,0,0,0,3,3,0.315411597463006,0
test_id,DS04_id,2,73,HPT_eff_mod,1,0,0,-0,0,0,0,0,3,3,0.156266762586192,0
test_id,DS04_id,2,73,fan_eff_mod,2,0,-0.252990816013982,-0.246461370981127,1,1,3,3,3,3,0.156266762586192,0
test_id,DS04_id,2,73,fan_flow_mod,3,0,-0.53007361579101,-0.51495594874207,1,1,3,3,3,3,0.156266762586192,0
test_id,DS04_id,2,73,HPC_eff_mod,4,0,0,-0.00879196907544062,0,0,0,0,3,3,0.156266762586192,0
test_id,DS04_id,2,73,HPC_flow_mod,5,0,0,-0.00611521122976939,0,0,0,0,3,3,0.156266762586192,0
test_id,DS04_id,2,73,LPT_eff_mod,6,0,0,-0.0262745125103714,0,0,0,0,3,3,0.156266762586192,0
test_id,DS04_id,2,73,LPT_flow_mod,7,0,0,-0,0,0,0,0,3,3,0.156266762586192,0
test_id,DS04_id,2,73,LPC_eff_mod,8,0,0,-0.000763533017929711,0,0,0,0,3,3,0.156266762586192,0
test_id,DS04_id,2,73,LPC_flow_mod,9,0,0,-0.00939963678448635,0,0,0,0,3,3,0.156266762586192,0
test_id,DS05_id,3,1,HPT_eff_mod,1,1,0,-0,0,0,0,0,0,0,0.0878950648819849,0
test_id,DS05_id,3,1,fan_eff_mod,2,1,0,-0,0,0,0,0,0,0,0.0878950648819849,0
test_id,DS05_id,3,1,fan_flow_mod,3,1,0,-0,0,0,0,0,0,0,0.0878950648819849,0
test_id,DS05_id,3,1,HPC_eff_mod,4,1,0.00153946629493855,-0,0,0,0,0,0,0,0.0878950648819849,0
test_id,DS05_id,3,1,HPC_flow_mod,5,1,0.00107126336510461,-0,0,0,0,0,0,0,0.0878950648819849,0
test_id,DS05_id,3,1,LPT_eff_mod,6,1,0,-0,0,0,0,0,0,0,0.0878950648819849,0
test_id,DS05_id,3,1,LPT_flow_mod,7,1,0,-0,0,0,0,0,0,0,0.0878950648819849,0
test_id,DS05_id,3,1,LPC_eff_mod,8,1,0,-0,0,0,0,0,0,0,0.0878950648819849,0
test_id,DS05_id,3,1,LPC_flow_mod,9,1,0,-0,0,0,0,0,0,0,0.0878950648819849,0
test_id,DS05_id,3,2,HPT_eff_mod,1,1,0,-0,0,0,0,0,0,0,0.0995539181766723,0
test_id,DS05_id,3,2,fan_eff_mod,2,1,0,-9.28216504898669e-05,0,0,0,0,0,0,0.0995539181766723,0
test_id,DS05_id,3,2,fan_flow_mod,3,1,0,-0,0,0,0,0,0,0,0.0995539181766723,0
test_id,DS05_id,3,2,HPC_eff_mod,4,1,-0.00521740341285825,-0.000983735335039475,0,0,0,0,0,0,0.0995539181766723,0
test_id,DS05_id,3,2,HPC_flow_mod,5,1,-0.0014416935769777,-0.00048185593245792,0,0,0,0,0,0,0.0995539181766723,0
test_id,DS05_id,3,2,LPT_eff_mod,6,1,0,-0.00118503357236604,0,0,0,0,0,0,0.0995539181766723,0
test_id,DS05_id,3,2,LPT_flow_mod,7,1,0,-0,0,0,0,0,0,0,0.0995539181766723,0
test_id,DS05_id,3,2,LPC_eff_mod,8,1,0,-0.000737469287451958,0,0,0,0,0,0,0.0995539181766723,0
test_id,DS05_id,3,2,LPC_flow_mod,9,1,0,-0,0,0,0,0,0,0,0.0995539181766723,0
test_id,DS05_id,3,3,HPT_eff_mod,1,1,0,-0,0,0,0,0,0,0,0.0934984724100397,0
test_id,DS05_id,3,3,fan_eff_mod,2,1,0,-9.28216504898669e-05,0,0,0,0,0,0,0.0934984724100397,0
test_id,DS05_id,3,3,fan_flow_mod,3,1,0,-0,0,0,0,0,0,0,0.0934984724100397,0
test_id,DS05_id,3,3,HPC_eff_mod,4,1,0.00367793711791999,-0.000983735335039475,0,0,0,0,0,0,0.0934984724100397,0
test_id,DS05_id,3,3,HPC_flow_mod,5,1,0.000370430211873995,-0.00048185593245792,0,0,0,0,0,0,0.0934984724100397,0
test_id,DS05_id,3,3,LPT_eff_mod,6,1,0,-0.00118503357236604,0,0,0,0,0,0,0.0934984724100397,0
test_id,DS05_id,3,3,LPT_flow_mod,7,1,0,-0,0,0,0,0,0,0,0.0934984724100397,0
test_id,DS05_id,3,3,LPC_eff_mod,8,1,0,-0.000737469287451958,0,0,0,0,0,0,0.0934984724100397,0
test_id,DS05_id,3,3,LPC_flow_mod,9,1,0,-0,0,0,0,0,0,0,0.0934984724100397,0
test_id,DS05_id,3,4,HPT_eff_mod,1,1,0,-0,0,0,0,0,0,0,0.171153208604381,0
test_id,DS05_id,3,4,fan_eff_mod,2,1,0,-9.28216504898669e-05,0,0,0,0,0,0,0.171153208604381,0
test_id,DS05_id,3,4,fan_flow_mod,3,1,0,-0,0,0,0,0,0,0,0.171153208604381,0
test_id,DS05_id,3,4,HPC_eff_mod,4,1,-0.00112891804968577,-0.00459496870983443,0,0,0,0,0,0,0.171153208604381,0
test_id,DS05_id,3,4,HPC_flow_mod,5,1,-1.60720998068492e-05,-0.00048185593245792,0,0,0,0,0,0,0.171153208604381,0
test_id,DS05_id,3,4,LPT_eff_mod,6,1,0,-0.00118503357236604,0,0,0,0,0,0,0.171153208604381,0
test_id,DS05_id,3,4,LPT_flow_mod,7,1,0,-0,0,0,0,0,0,0,0.171153208604381,0
test_id,DS05_id,3,4,LPC_eff_mod,8,1,0,-0.00228499918558109,0,0,0,0,0,0,0.171153208604381,0
test_id,DS05_id,3,4,LPC_flow_mod,9,1,0,-0,0,0,0,0,0,0,0.171153208604381,0
test_id,DS05_id,3,5,HPT_eff_mod,1,1,0,-0,0,0,0,0,0,0,0.276256569938709,0
test_id,DS05_id,3,5,fan_eff_mod,2,1,0,-9.28216504898669e-05,0,0,0,0,0,0,0.276256569938709,0
test_id,DS05_id,3,5,fan_flow_mod,3,1,0,-0,0,0,0,0,0,0,0.276256569938709,0
test_id,DS05_id,3,5,HPC_eff_mod,4,1,0.00106766729001184,-0.00696887773531716,0,0,0,0,0,0,0.276256569938709,0
test_id,DS05_id,3,5,HPC_flow_mod,5,1,-0.0025728531007784,-0.00048185593245792,0,0,0,0,0,0,0.276256569938709,0
test_id,DS05_id,3,5,LPT_eff_mod,6,1,0,-0.00118503357236604,0,0,0,0,0,0,0.276256569938709,0
test_id,DS05_id,3,5,LPT_flow_mod,7,1,0,-0,0,0,0,0,0,0,0.276256569938709,0
test_id,DS05_id,3,5,LPC_eff_mod,8,1,0,-0.00228499918558109,0,0,0,0,0,0,0.276256569938709,0
test_id,DS05_id,3,5,LPC_flow_mod,9,1,0,-0,0,0,0,0,0,0,0.276256569938709,0
test_id,DS05_id,3,6,HPT_eff_mod,1,1,0,-0,0,0,0,0,0,0,0.236215831109944,0
test_id,DS05_id,3,6,fan_eff_mod,2,1,0,-9.28216504898669e-05,0,0,0,0,0,0,0.236215831109944,0
test_id,DS05_id,3,6,fan_flow_mod,3,1,0,-0,0,0,0,0,0,0,0.236215831109944,0
test_id,DS05_id,3,6,HPC_eff_mod,4,1,-0.00747368240782904,-0.00696887773531716,0,0,0,0,0,0,0.236215831109944,0
test_id,DS05_id,3,6,HPC_flow_mod,5,1,0.000581124331260816,-0.00048185593245792,0,0,0,0,0,0,0.236215831109944,0
test_id,DS05_id,3,6,LPT_eff_mod,6,1,0,-0.00118503357236604,0,0,0,0,0,0,0.236215831109944,0
test_id,DS05_id,3,6,LPT_flow_mod,7,1,0,-0,0,0,0,0,0,0,0.236215831109944,0
test_id,DS05_id,3,6,LPC_eff_mod,8,1,0,-0.00228499918558109,0,0,0,0,0,0,0.236215831109944,0
test_id,DS05_id,3,6,LPC_flow_mod,9,1,0,-0,0,0,0,0,0,0,0.236215831109944,0
test_id,DS05_id,3,7,HPT_eff_mod,1,1,0,-0,0,0,0,0,0,0,0.172769247774809,0
test_id,DS05_id,3,7,fan_eff_mod,2,1,0,-9.28216504898669e-05,0,0,0,0,0,0,0.172769247774809,0
test_id,DS05_id,3,7,fan_flow_mod,3,1,0,-0,0,0,0,0,0,0,0.172769247774809,0
test_id,DS05_id,3,7,HPC_eff_mod,4,1,-0.0077977212753723,-0.00696887773531716,0,0,0,0,0,0,0.172769247774809,0
test_id,DS05_id,3,7,HPC_flow_mod,5,1,0.00130229801228216,-0.00048185593245792,0,0,0,0,0,0,0.172769247774809,0
test_id,DS05_id,3,7,LPT_eff_mod,6,1,0,-0.00118503357236604,0,0,0,0,0,0,0.172769247774809,0
test_id,DS05_id,3,7,LPT_flow_mod,7,1,0,-0,0,0,0,0,0,0,0.172769247774809,0
test_id,DS05_id,3,7,LPC_eff_mod,8,1,0,-0.00228499918558109,0,0,0,0,0,0,0.172769247774809,0
test_id,DS05_id,3,7,LPC_flow_mod,9,1,0,-0,0,0,0,0,0,0,0.172769247774809,0
test_id,DS05_id,3,8,HPT_eff_mod,1,1,0,-0,0,0,0,0,0,0,0.13252778580998,0
test_id,DS05_id,3,8,fan_eff_mod,2,1,0,-9.28216504898669e-05,0,0,0,0,0,0,0.13252778580998,0
test_id,DS05_id,3,8,fan_flow_mod,3,1,0,-0,0,0,0,0,0,0,0.13252778580998,0
test_id,DS05_id,3,8,HPC_eff_mod,4,1,-0.00936052884677457,-0.00696887773531716,0,0,0,0,0,0,0.13252778580998,0
test_id,DS05_id,3,8,HPC_flow_mod,5,1,-0.000176218958113311,-0.00048185593245792,0,0,0,0,0,0,0.13252778580998,0
test_id,DS05_id,3,8,LPT_eff_mod,6,1,0,-0.00118503357236604,0,0,0,0,0,0,0.13252778580998,0
test_id,DS05_id,3,8,LPT_flow_mod,7,1,0,-0,0,0,0,0,0,0,0.13252778580998,0
test_id,DS05_id,3,8,LPC_eff_mod,8,1,0,-0.00228499918558109,0,0,0,0,0,0,0.13252778580998,0
test_id,DS05_id,3,8,LPC_flow_mod,9,1,0,-0,0,0,0,0,0,0,0.13252778580998,0
test_id,DS05_id,3,9,HPT_eff_mod,1,1,0,-0,0,0,0,0,0,0,0.0733595230611572,0
test_id,DS05_id,3,9,fan_eff_mod,2,1,0,-9.28216504898669e-05,0,0,0,0,0,0,0.0733595230611572,0
test_id,DS05_id,3,9,fan_flow_mod,3,1,0,-0.00028460838529361,0,0,0,0,0,0,0.0733595230611572,0
test_id,DS05_id,3,9,HPC_eff_mod,4,1,-0.00806376976016071,-0.00696887773531716,0,0,0,0,0,0,0.0733595230611572,0
test_id,DS05_id,3,9,HPC_flow_mod,5,1,-0.00379356721279275,-0.00048185593245792,0,0,0,0,0,0,0.0733595230611572,0
test_id,DS05_id,3,9,LPT_eff_mod,6,1,0,-0.00118503357236604,0,0,0,0,0,0,0.0733595230611572,0
test_id,DS05_id,3,9,LPT_flow_mod,7,1,0,-0,0,0,0,0,0,0,0.0733595230611572,0
test_id,DS05_id,3,9,LPC_eff_mod,8,1,0,-0.00228499918558109,0,0,0,0,0,0,0.0733595230611572,0
test_id,DS05_id,3,9,LPC_flow_mod,9,1,0,-0,0,0,0,0,0,0,0.0733595230611572,0
test_id,DS05_id,3,10,HPT_eff_mod,1,1,0,-0,0,0,0,0,0,0,0.238534117590843,0
test_id,DS05_id,3,10,fan_eff_mod,2,1,0,-9.28216504898669e-05,0,0,0,0,0,0,0.238534117590843,0
test_id,DS05_id,3,10,fan_flow_mod,3,1,0,-0.00028460838529361,0,0,0,0,0,0,0.238534117590843,0
test_id,DS05_id,3,10,HPC_eff_mod,4,1,-0.0124903731407888,-0.00696887773531716,0,0,0,0,0,0,0.238534117590843,0
test_id,DS05_id,3,10,HPC_flow_mod,5,1,0.00028871248392616,-0.00048185593245792,0,0,0,0,0,0,0.238534117590843,0
test_id,DS05_id,3,10,LPT_eff_mod,6,1,0,-0.00118503357236604,0,0,0,0,0,0,0.238534117590843,0
test_id,DS05_id,3,10,LPT_flow_mod,7,1,0,-0,0,0,0,0,0,0,0.238534117590843,0
test_id,DS05_id,3,10,LPC_eff_mod,8,1,0,-0.00228499918558109,0,0,0,0,0,0,0.238534117590843,0
test_id,DS05_id,3,10,LPC_flow_mod,9,1,0,-0,0,0,0,0,0,0,0.238534117590843,0
test_id,DS05_id,3,11,HPT_eff_mod,1,1,0,-0,0,0,0,0,0,0,0.193309532051724,0
test_id,DS05_id,3,11,fan_eff_mod,2,1,0,-9.28216504898669e-05,0,0,0,0,0,0,0.193309532051724,0
test_id,DS05_id,3,11,fan_flow_mod,3,1,0,-0.00028460838529361,0,0,0,0,0,0,0.193309532051724,0
test_id,DS05_id,3,11,HPC_eff_mod,4,1,-0.0121716883832331,-0.00696887773531716,0,0,0,0,0,0,0.193309532051724,0
test_id,DS05_id,3,11,HPC_flow_mod,5,1,0.00090945414377859,-0.00048185593245792,0,0,0,0,0,0,0.193309532051724,0
test_id,DS05_id,3,11,LPT_eff_mod,6,1,0,-0.00118503357236604,0,0,0,0,0,0,0.193309532051724,0
test_id,DS05_id,3,11,LPT_flow_mod,7,1,0,-0,0,0,0,0,0,0,0.193309532051724,0
test_id,DS05_id,3,11,LPC_eff_mod,8,1,0,-0.00228499918558109,0,0,0,0,0,0,0.193309532051724,0
test_id,DS05_id,3,11,LPC_flow_mod,9,1,0,-0,0,0,0,0,0,0,0.193309532051724,0
test_id,DS05_id,3,12,HPT_eff_mod,1,1,0,-0,0,0,0,0,0,0,0.289013627180686,0
test_id,DS05_id,3,12,fan_eff_mod,2,1,0,-9.28216504898669e-05,0,0,0,0,0,0,0.289013627180686,0
test_id,DS05_id,3,12,fan_flow_mod,3,1,0,-0.00028460838529361,0,0,0,0,0,0,0.289013627180686,0
test_id,DS05_id,3,12,HPC_eff_mod,4,1,-0.00715432623475464,-0.00696887773531716,0,0,0,0,0,0,0.289013627180686,0
test_id,DS05_id,3,12,HPC_flow_mod,5,1,-0.00394654901422642,-0.00048185593245792,0,0,0,0,0,0,0.289013627180686,0
test_id,DS05_id,3,12,LPT_eff_mod,6,1,0,-0.00118503357236604,0,0,0,0,0,0,0.289013627180686,0
test_id,DS05_id,3,12,LPT_flow_mod,7,1,0,-0,0,0,0,0,0,0,0.289013627180686,0
test_id,DS05_id,3,12,LPC_eff_mod,8,1,0,-0.00228499918558109,0,0,0,0,0,0,0.289013627180686,0
test_id,DS05_id,3,12,LPC_flow_mod,9,1,0,-0,0,0,0,0,0,0,0.289013627180686,0
test_id,DS05_id,3,13,HPT_eff_mod,1,1,0,-0,0,0,0,0,0,0,0.158645575607454,0
test_id,DS05_id,3,13,fan_eff_mod,2,1,0,-9.28216504898669e-05,0,0,0,0,0,0,0.158645575607454,0
test_id,DS05_id,3,13,fan_flow_mod,3,1,0,-0.00028460838529361,0,0,0,0,0,0,0.158645575607454,0
test_id,DS05_id,3,13,HPC_eff_mod,4,1,-0.0120185830282562,-0.00696887773531716,0,0,0,0,0,0,0.158645575607454,0
test_id,DS05_id,3,13,HPC_flow_mod,5,1,-0.00116082092732246,-0.00048185593245792,0,0,0,0,0,0,0.158645575607454,0
test_id,DS05_id,3,13,LPT_eff_mod,6,1,0,-0.00118503357236604,0,0,0,0,0,0,0.158645575607454,0
test_id,DS05_id,3,13,LPT_flow_mod,7,1,0,-0,0,0,0,0,0,0,0.158645575607454,0
test_id,DS05_id,3,13,LPC_eff_mod,8,1,0,-0.00228499918558109,0,0,0,0,0,0,0.158645575607454,0
test_id,DS05_id,3,13,LPC_flow_mod,9,1,0,-0,0,0,0,0,0,0,0.158645575607454,0
test_id,DS05_id,3,14,HPT_eff_mod,1,1,0,-0,0,0,0,0,0,0,0.172003223076951,0
test_id,DS05_id,3,14,fan_eff_mod,2,1,0,-9.28216504898669e-05,0,0,0,0,0,0,0.172003223076951,0
test_id,DS05_id,3,14,fan_flow_mod,3,1,0,-0.00028460838529361,0,0,0,0,0,0,0.172003223076951,0
test_id,DS05_id,3,14,HPC_eff_mod,4,1,-0.0069230327182064,-0.00696887773531716,0,0,0,0,0,0,0.172003223076951,0
test_id,DS05_id,3,14,HPC_flow_mod,5,1,-0.000550825602880218,-0.00048185593245792,0,0,0,0,0,0,0.172003223076951,0
test_id,DS05_id,3,14,LPT_eff_mod,6,1,0,-0.00118503357236604,0,0,0,0,0,0,0.172003223076951,0
test_id,DS05_id,3,14,LPT_flow_mod,7,1,0,-0,0,0,0,0,0,0,0.172003223076951,0
test_id,DS05_id,3,14,LPC_eff_mod,8,1,0,-0.00228499918558109,0,0,0,0,0,0,0.172003223076951,0
test_id,DS05_id,3,14,LPC_flow_mod,9,1,0,-0,0,0,0,0,0,0,0.172003223076951,0
test_id,DS05_id,3,15,HPT_eff_mod,1,1,0,-0,0,0,0,0,0,0,0.174647224193769,0
test_id,DS05_id,3,15,fan_eff_mod,2,1,0,-9.28216504898669e-05,0,0,0,0,0,0,0.174647224193769,0
test_id,DS05_id,3,15,fan_flow_mod,3,1,0,-0.00028460838529361,0,0,0,0,0,0,0.174647224193769,0
test_id,DS05_id,3,15,HPC_eff_mod,4,1,-0.0145970712819156,-0.0108004402274976,0,0,0,0,0,0,0.174647224193769,0
test_id,DS05_id,3,15,HPC_flow_mod,5,1,-0.00139151998342594,-0.00158062630726723,0,0,0,0,0,0,0.174647224193769,0
test_id,DS05_id,3,15,LPT_eff_mod,6,1,0,-0.00118503357236604,0,0,0,0,0,0,0.174647224193769,0
test_id,DS05_id,3,15,LPT_flow_mod,7,1,0,-0,0,0,0,0,0,0,0.174647224193769,0
test_id,DS05_id,3,15,LPC_eff_mod,8,1,0,-0.00228499918558109,0,0,0,0,0,0,0.174647224193769,0
test_id,DS05_id,3,15,LPC_flow_mod,9,1,0,-0,0,0,0,0,0,0,0.174647224193769,0
test_id,DS05_id,3,16,HPT_eff_mod,1,1,0,-0,0,0,0,0,0,0,0.121411081652846,0
test_id,DS05_id,3,16,fan_eff_mod,2,1,0,-9.28216504898669e-05,0,0,0,0,0,0,0.121411081652846,0
test_id,DS05_id,3,16,fan_flow_mod,3,1,0,-0.00028460838529361,0,0,0,0,0,0,0.121411081652846,0
test_id,DS05_id,3,16,HPC_eff_mod,4,1,-0.0194671181904911,-0.0108004402274976,0,0,0,0,0,0,0.121411081652846,0
test_id,DS05_id,3,16,HPC_flow_mod,5,1,-0.00285947019635937,-0.00158062630726723,0,0,0,0,0,0,0.121411081652846,0
test_id,DS05_id,3,16,LPT_eff_mod,6,1,0,-0.00118503357236604,0,0,0,0,0,0,0.121411081652846,0
test_id,DS05_id,3,16,LPT_flow_mod,7,1,0,-0,0,0,0,0,0,0,0.121411081652846,0
test_id,DS05_id,3,16,LPC_eff_mod,8,1,0,-0.00228499918558109,0,0,0,0,0,0,0.121411081652846,0
test_id,DS05_id,3,16,LPC_flow_mod,9,1,0,-0,0,0,0,0,0,0,0.121411081652846,0
test_id,DS05_id,3,17,HPT_eff_mod,1,1,0,-0,0,0,0,0,0,0,0.146402127647867,0
test_id,DS05_id,3,17,fan_eff_mod,2,1,0,-9.28216504898669e-05,0,0,0,0,0,0,0.146402127647867,0
test_id,DS05_id,3,17,fan_flow_mod,3,1,0,-0.00028460838529361,0,0,0,0,0,0,0.146402127647867,0
test_id,DS05_id,3,17,HPC_eff_mod,4,1,-0.0133502169732593,-0.0108004402274976,0,0,0,0,0,0,0.146402127647867,0
test_id,DS05_id,3,17,HPC_flow_mod,5,1,-0.00119822404507997,-0.00158062630726723,0,0,0,0,0,0,0.146402127647867,0
test_id,DS05_id,3,17,LPT_eff_mod,6,1,0,-0.00118503357236604,0,0,0,0,0,0,0.146402127647867,0
test_id,DS05_id,3,17,LPT_flow_mod,7,1,0,-0,0,0,0,0,0,0,0.146402127647867,0
test_id,DS05_id,3,17,LPC_eff_mod,8,1,0,-0.00228499918558109,0,0,0,0,0,0,0.146402127647867,0
test_id,DS05_id,3,17,LPC_flow_mod,9,1,0,-0,0,0,0,0,0,0,0.146402127647867,0
test_id,DS05_id,3,18,HPT_eff_mod,1,1,0,-0,0,0,0,0,0,0,0.0815122241595157,0
test_id,DS05_id,3,18,fan_eff_mod,2,1,0,-9.28216504898669e-05,0,0,0,0,0,0,0.0815122241595157,0
test_id,DS05_id,3,18,fan_flow_mod,3,1,0,-0.00028460838529361,0,0,0,0,0,0,0.0815122241595157,0
test_id,DS05_id,3,18,HPC_eff_mod,4,1,-0.00811312611896537,-0.0108004402274976,0,0,0,0,0,0,0.0815122241595157,0
test_id,DS05_id,3,18,HPC_flow_mod,5,1,-0.00574993024012129,-0.00158062630726723,0,0,0,0,0,0,0.0815122241595157,0
test_id,DS05_id,3,18,LPT_eff_mod,6,1,0,-0.00118503357236604,0,0,0,0,0,0,0.0815122241595157,0
test_id,DS05_id,3,18,LPT_flow_mod,7,1,0,-0,0,0,0,0,0,0,0.0815122241595157,0
test_id,DS05_id,3,18,LPC_eff_mod,8,1,0,-0.00228499918558109,0,0,0,0,0,0,0.0815122241595157,0
test_id,DS05_id,3,18,LPC_flow_mod,9,1,0,-0,0,0,0,0,0,0,0.0815122241595157,0
test_id,DS05_id,3,19,HPT_eff_mod,1,1,0,-0,0,0,0,0,0,0,0.186097676080952,0
test_id,DS05_id,3,19,fan_eff_mod,2,1,0,-9.28216504898669e-05,0,0,0,0,0,0,0.186097676080952,0
test_id,DS05_id,3,19,fan_flow_mod,3,1,0,-0.00028460838529361,0,0,0,0,0,0,0.186097676080952,0
test_id,DS05_id,3,19,HPC_eff_mod,4,1,-0.0179492008446822,-0.0108004402274976,0,0,0,0,0,0,0.186097676080952,0
test_id,DS05_id,3,19,HPC_flow_mod,5,1,-0.00272834220607009,-0.00158062630726723,0,0,0,0,0,0,0.186097676080952,0
test_id,DS05_id,3,19,LPT_eff_mod,6,1,0,-0.00118503357236604,0,0,0,0,0,0,0.186097676080952,0
test_id,DS05_id,3,19,LPT_flow_mod,7,1,0,-0,0,0,0,0,0,0,0.186097676080952,0
test_id,DS05_id,3,19,LPC_eff_mod,8,1,0,-0.00228499918558109,0,0,0,0,0,0,0.186097676080952,0
test_id,DS05_id,3,19,LPC_flow_mod,9,1,0,-0,0,0,0,0,0,0,0.186097676080952,0
test_id,DS05_id,3,20,HPT_eff_mod,1,1,0,-0,0,0,0,0,0,0,0.225397979175424,0
test_id,DS05_id,3,20,fan_eff_mod,2,1,0,-9.28216504898669e-05,0,0,0,0,0,0,0.225397979175424,0
test_id,DS05_id,3,20,fan_flow_mod,3,1,0,-0.000963399161394441,0,0,0,0,0,0,0.225397979175424,0
test_id,DS05_id,3,20,HPC_eff_mod,4,1,-0.0153658719104171,-0.0108004402274976,0,0,0,0,0,0,0.225397979175424,0
test_id,DS05_id,3,20,HPC_flow_mod,5,1,-0.00200649601715277,-0.00158062630726723,0,0,0,0,0,0,0.225397979175424,0
test_id,DS05_id,3,20,LPT_eff_mod,6,1,0,-0.00118503357236604,0,0,0,0,0,0,0.225397979175424,0
test_id,DS05_id,3,20,LPT_flow_mod,7,1,0,-0,0,0,0,0,0,0,0.225397979175424,0
test_id,DS05_id,3,20,LPC_eff_mod,8,1,0,-0.00228499918558109,0,0,0,0,0,0,0.225397979175424,0
test_id,DS05_id,3,20,LPC_flow_mod,9,1,0,-0.000773095237942938,0,0,0,0,0,0,0.225397979175424,0
test_id,DS05_id,3,21,HPT_eff_mod,1,1,0,-0,0,0,0,0,0,0,0.362996447209208,1
test_id,DS05_id,3,21,fan_eff_mod,2,1,0,-9.28216504898669e-05,0,0,0,0,0,0,0.362996447209208,1
test_id,DS05_id,3,21,fan_flow_mod,3,1,0,-0.000963399161394441,0,0,0,0,0,0,0.362996447209208,1
test_id,DS05_id,3,21,HPC_eff_mod,4,1,-0.019131915917347,-0.0108004402274976,0,0,0,0,0,0,0.362996447209208,1
test_id,DS05_id,3,21,HPC_flow_mod,5,1,-0.00608189053478757,-0.00158062630726723,0,0,0,0,0,0,0.362996447209208,1
test_id,DS05_id,3,21,LPT_eff_mod,6,1,0,-0.00118503357236604,0,0,0,0,0,0,0.362996447209208,1
test_id,DS05_id,3,21,LPT_flow_mod,7,1,0,-0,0,0,0,0,0,0,0.362996447209208,1
test_id,DS05_id,3,21,LPC_eff_mod,8,1,0,-0.00228499918558109,0,0,0,0,0,0,0.362996447209208,1
test_id,DS05_id,3,21,LPC_flow_mod,9,1,0,-0.000773095237942938,0,0,0,0,0,0,0.362996447209208,1
test_id,DS05_id,3,22,HPT_eff_mod,1,1,0,-0,0,0,0,0,0,0,0.158950420824927,0
test_id,DS05_id,3,22,fan_eff_mod,2,1,0,-9.28216504898669e-05,0,0,0,0,0,0,0.158950420824927,0
test_id,DS05_id,3,22,fan_flow_mod,3,1,0,-0.000963399161394441,0,0,0,0,0,0,0.158950420824927,0
test_id,DS05_id,3,22,HPC_eff_mod,4,1,-0.0145582631818824,-0.0124223772836448,0,0,0,0,0,0,0.158950420824927,0
test_id,DS05_id,3,22,HPC_flow_mod,5,1,-0.00553902247413372,-0.00406634559752193,0,0,0,0,0,0,0.158950420824927,0
test_id,DS05_id,3,22,LPT_eff_mod,6,1,0,-0.00118503357236604,0,0,0,0,0,0,0.158950420824927,0
test_id,DS05_id,3,22,LPT_flow_mod,7,1,0,-0,0,0,0,0,0,0,0.158950420824927,0
test_id,DS05_id,3,22,LPC_eff_mod,8,1,0,-0.00228499918558109,0,0,0,0,0,0,0.158950420824927,0
test_id,DS05_id,3,22,LPC_flow_mod,9,1,0,-0.000773095237942938,0,0,0,0,0,0,0.158950420824927,0
test_id,DS05_id,3,23,HPT_eff_mod,1,1,0,-0,0,0,0,0,0,0,0.164166203586609,0
test_id,DS05_id,3,23,fan_eff_mod,2,1,0,-9.28216504898669e-05,0,0,0,0,0,0,0.164166203586609,0
test_id,DS05_id,3,23,fan_flow_mod,3,1,0,-0.000963399161394441,0,0,0,0,0,0,0.164166203586609,0
test_id,DS05_id,3,23,HPC_eff_mod,4,1,-0.0151278377820911,-0.0124223772836448,0,0,0,0,0,0,0.164166203586609,0
test_id,DS05_id,3,23,HPC_flow_mod,5,1,-0.00544433494381811,-0.00406634559752193,0,0,0,0,0,0,0.164166203586609,0
test_id,DS05_id,3,23,LPT_eff_mod,6,1,0,-0.00118503357236604,0,0,0,0,0,0,0.164166203586609,0
test_id,DS05_id,3,23,LPT_flow_mod,7,1,0,-0,0,0,0,0,0,0,0.164166203586609,0
test_id,DS05_id,3,23,LPC_eff_mod,8,1,0,-0.00228499918558109,0,0,0,0,0,0,0.164166203586609,0
test_id,DS05_id,3,23,LPC_flow_mod,9,1,0,-0.000773095237942938,0,0,0,0,0,0,0.164166203586609,0
test_id,DS05_id,3,24,HPT_eff_mod,1,1,0,-0,0,0,0,0,0,0,0.150057787939794,0
test_id,DS05_id,3,24,fan_eff_mod,2,1,0,-9.28216504898669e-05,0,0,0,0,0,0,0.150057787939794,0
test_id,DS05_id,3,24,fan_flow_mod,3,1,0,-0.000963399161394441,0,0,0,0,0,0,0.150057787939794,0
test_id,DS05_id,3,24,HPC_eff_mod,4,1,-0.0171714525267472,-0.0197190370847665,0,0,0,0,0,0,0.150057787939794,0
test_id,DS05_id,3,24,HPC_flow_mod,5,1,-0.00470521150708172,-0.00836314990218181,0,0,0,0,0,0,0.150057787939794,0
test_id,DS05_id,3,24,LPT_eff_mod,6,1,0,-0.00118503357236604,0,0,0,0,0,0,0.150057787939794,0
test_id,DS05_id,3,24,LPT_flow_mod,7,1,0,-0,0,0,0,0,0,0,0.150057787939794,0
test_id,DS05_id,3,24,LPC_eff_mod,8,1,0,-0.00228499918558109,0,0,0,0,0,0,0.150057787939794,0
test_id,DS05_id,3,24,LPC_flow_mod,9,1,0,-0.000773095237942938,0,0,0,0,0,0,0.150057787939794,0
test_id,DS05_id,3,25,HPT_eff_mod,1,1,0,-0,0,0,0,0,0,0,0.14160437803759,0
test_id,DS05_id,3,25,fan_eff_mod,2,1,0,-9.28216504898669e-05,0,0,0,0,0,0,0.14160437803759,0
test_id,DS05_id,3,25,fan_flow_mod,3,1,0,-0.000963399161394441,0,0,0,0,0,0,0.14160437803759,0
test_id,DS05_id,3,25,HPC_eff_mod,4,1,-0.0170942998197342,-0.0197190370847665,0,0,0,0,0,0,0.14160437803759,0
test_id,DS05_id,3,25,HPC_flow_mod,5,1,-0.00574487212455434,-0.00836314990218181,0,0,0,0,0,0,0.14160437803759,0
test_id,DS05_id,3,25,LPT_eff_mod,6,1,0,-0.00118503357236604,0,0,0,0,0,0,0.14160437803759,0
test_id,DS05_id,3,25,LPT_flow_mod,7,1,0,-0,0,0,0,0,0,0,0.14160437803759,0
test_id,DS05_id,3,25,LPC_eff_mod,8,1,0,-0.00228499918558109,0,0,0,0,0,0,0.14160437803759,0
test_id,DS05_id,3,25,LPC_flow_mod,9,1,0,-0.000773095237942938,0,0,0,0,0,0,0.14160437803759,0
test_id,DS05_id,3,26,HPT_eff_mod,1,0,0,-0,0,0,0,0,1,0,0.174992405121706,0
test_id,DS05_id,3,26,fan_eff_mod,2,0,0,-9.28216504898669e-05,0,0,0,0,1,0,0.174992405121706,0
test_id,DS05_id,3,26,fan_flow_mod,3,0,0,-0.000963399161394441,0,0,0,0,1,0,0.174992405121706,0
test_id,DS05_id,3,26,HPC_eff_mod,4,0,-0.0177827985134829,-0.0197190370847665,1,0,1,0,1,0,0.174992405121706,0
test_id,DS05_id,3,26,HPC_flow_mod,5,0,-0.0073185123810858,-0.00836314990218181,1,0,1,0,1,0,0.174992405121706,0
test_id,DS05_id,3,26,LPT_eff_mod,6,0,0,-0.00118503357236604,0,0,0,0,1,0,0.174992405121706,0
test_id,DS05_id,3,26,LPT_flow_mod,7,0,0,-0,0,0,0,0,1,0,0.174992405121706,0
test_id,DS05_id,3,26,LPC_eff_mod,8,0,0,-0.00228499918558109,0,0,0,0,1,0,0.174992405121706,0
test_id,DS05_id,3,26,LPC_flow_mod,9,0,0,-0.000773095237942938,0,0,0,0,1,0,0.174992405121706,0
test_id,DS05_id,3,27,HPT_eff_mod,1,0,0,-0,0,0,0,0,1,0,0.235799737271174,0
test_id,DS05_id,3,27,fan_eff_mod,2,0,0,-9.28216504898669e-05,0,0,0,0,1,0,0.235799737271174,0
test_id,DS05_id,3,27,fan_flow_mod,3,0,0,-0.000963399161394441,0,0,0,0,1,0,0.235799737271174,0
test_id,DS05_id,3,27,HPC_eff_mod,4,0,-0.0175578214656986,-0.0197190370847665,1,0,1,0,1,0,0.235799737271174,0
test_id,DS05_id,3,27,HPC_flow_mod,5,0,-0.00924855256113052,-0.00836314990218181,1,0,1,0,1,0,0.235799737271174,0
test_id,DS05_id,3,27,LPT_eff_mod,6,0,0,-0.00118503357236604,0,0,0,0,1,0,0.235799737271174,0
test_id,DS05_id,3,27,LPT_flow_mod,7,0,0,-0,0,0,0,0,1,0,0.235799737271174,0
test_id,DS05_id,3,27,LPC_eff_mod,8,0,0,-0.00228499918558109,0,0,0,0,1,0,0.235799737271174,0
test_id,DS05_id,3,27,LPC_flow_mod,9,0,0,-0.000773095237942938,0,0,0,0,1,0,0.235799737271174,0
test_id,DS05_id,3,28,HPT_eff_mod,1,0,0,-0,0,0,0,0,1,1,0.446662059112392,1
test_id,DS05_id,3,28,fan_eff_mod,2,0,0,-9.28216504898669e-05,0,0,0,0,1,1,0.446662059112392,1
test_id,DS05_id,3,28,fan_flow_mod,3,0,0,-0.000963399161394441,0,0,0,0,1,1,0.446662059112392,1
test_id,DS05_id,3,28,HPC_eff_mod,4,0,-0.021797181878105,-0.0197190370847665,1,1,1,1,1,1,0.446662059112392,1
test_id,DS05_id,3,28,HPC_flow_mod,5,0,-0.013944434842342,-0.00836314990218181,1,1,1,1,1,1,0.446662059112392,1
test_id,DS05_id,3,28,LPT_eff_mod,6,0,0,-0.00118503357236604,0,0,0,0,1,1,0.446662059112392,1
test_id,DS05_id,3,28,LPT_flow_mod,7,0,0,-0,0,0,0,0,1,1,0.446662059112392,1
test_id,DS05_id,3,28,LPC_eff_mod,8,0,0,-0.00228499918558109,0,0,0,0,1,1,0.446662059112392,1
test_id,DS05_id,3,28,LPC_flow_mod,9,0,0,-0.000773095237942938,0,0,0,0,1,1,0.446662059112392,1
test_id,DS05_id,3,29,HPT_eff_mod,1,0,0,-0,0,0,0,0,1,1,0.0827671577196563,0
test_id,DS05_id,3,29,fan_eff_mod,2,0,0,-9.28216504898669e-05,0,0,0,0,1,1,0.0827671577196563,0
test_id,DS05_id,3,29,fan_flow_mod,3,0,0,-0.000963399161394441,0,0,0,0,1,1,0.0827671577196563,0
test_id,DS05_id,3,29,HPC_eff_mod,4,0,-0.0197835242809406,-0.0197190370847665,1,1,1,1,1,1,0.0827671577196563,0
test_id,DS05_id,3,29,HPC_flow_mod,5,0,-0.0152635894969686,-0.00930951236759534,1,1,1,1,1,1,0.0827671577196563,0
test_id,DS05_id,3,29,LPT_eff_mod,6,0,0,-0.00118503357236604,0,0,0,0,1,1,0.0827671577196563,0
test_id,DS05_id,3,29,LPT_flow_mod,7,0,0,-0,0,0,0,0,1,1,0.0827671577196563,0
test_id,DS05_id,3,29,LPC_eff_mod,8,0,0,-0.00228499918558109,0,0,0,0,1,1,0.0827671577196563,0
test_id,DS05_id,3,29,LPC_flow_mod,9,0,0,-0.000773095237942938,0,0,0,0,1,1,0.0827671577196563,0
test_id,DS05_id,3,30,HPT_eff_mod,1,0,0,-0,0,0,0,0,1,1,0.133290987853895,0
test_id,DS05_id,3,30,fan_eff_mod,2,0,0,-9.28216504898669e-05,0,0,0,0,1,1,0.133290987853895,0
test_id,DS05_id,3,30,fan_flow_mod,3,0,0,-0.000963399161394441,0,0,0,0,1,1,0.133290987853895,0
test_id,DS05_id,3,30,HPC_eff_mod,4,0,-0.0244969854945365,-0.0201616836272696,1,1,1,1,1,1,0.133290987853895,0
test_id,DS05_id,3,30,HPC_flow_mod,5,0,-0.0117033730891346,-0.0103548324758144,1,1,1,1,1,1,0.133290987853895,0
test_id,DS05_id,3,30,LPT_eff_mod,6,0,0,-0.00131752986017829,0,0,0,0,1,1,0.133290987853895,0
test_id,DS05_id,3,30,LPT_flow_mod,7,0,0,-0,0,0,0,0,1,1,0.133290987853895,0
test_id,DS05_id,3,30,LPC_eff_mod,8,0,0,-0.00228499918558109,0,0,0,0,1,1,0.133290987853895,0
test_id,DS05_id,3,30,LPC_flow_mod,9,0,0,-0.000773095237942938,0,0,0,0,1,1,0.133290987853895,0
test_id,DS05_id,3,31,HPT_eff_mod,1,0,0,-0,0,0,0,0,1,1,0.336229480502051,0
test_id,DS05_id,3,31,fan_eff_mod,2,0,0,-9.28216504898669e-05,0,0,0,0,1,1,0.336229480502051,0
test_id,DS05_id,3,31,fan_flow_mod,3,0,0,-0.000963399161394441,0,0,0,0,1,1,0.336229480502051,0
test_id,DS05_id,3,31,HPC_eff_mod,4,0,-0.0230675406036297,-0.026066118621583,1,1,1,1,1,1,0.336229480502051,0
test_id,DS05_id,3,31,HPC_flow_mod,5,0,-0.0145978474609439,-0.0129948056071765,1,1,1,1,1,1,0.336229480502051,0
test_id,DS05_id,3,31,LPT_eff_mod,6,0,0,-0.00131752986017829,0,0,0,0,1,1,0.336229480502051,0
test_id,DS05_id,3,31,LPT_flow_mod,7,0,0,-0,0,0,0,0,1,1,0.336229480502051,0
test_id,DS05_id,3,31,LPC_eff_mod,8,0,0,-0.00228499918558109,0,0,0,0,1,1,0.336229480502051,0
test_id,DS05_id,3,31,LPC_flow_mod,9,0,0,-0.000773095237942938,0,0,0,0,1,1,0.336229480502051,0
test_id,DS05_id,3,32,HPT_eff_mod,1,0,0,-0,0,0,0,0,1,1,0.101297514099513,0
test_id,DS05_id,3,32,fan_eff_mod,2,0,0,-9.28216504898669e-05,0,0,0,0,1,1,0.101297514099513,0
test_id,DS05_id,3,32,fan_flow_mod,3,0,0,-0.000963399161394441,0,0,0,0,1,1,0.101297514099513,0
test_id,DS05_id,3,32,HPC_eff_mod,4,0,-0.0263780944597049,-0.026066118621583,1,1,1,1,1,1,0.101297514099513,0
test_id,DS05_id,3,32,HPC_flow_mod,5,0,-0.0120376812090549,-0.0129948056071765,1,1,1,1,1,1,0.101297514099513,0
test_id,DS05_id,3,32,LPT_eff_mod,6,0,0,-0.00131752986017829,0,0,0,0,1,1,0.101297514099513,0
test_id,DS05_id,3,32,LPT_flow_mod,7,0,0,-0,0,0,0,0,1,1,0.101297514099513,0
test_id,DS05_id,3,32,LPC_eff_mod,8,0,0,-0.00228499918558109,0,0,0,0,1,1,0.101297514099513,0
test_id,DS05_id,3,32,LPC_flow_mod,9,0,0,-0.000773095237942938,0,0,0,0,1,1,0.101297514099513,0
test_id,DS05_id,3,33,HPT_eff_mod,1,0,0,-0,0,0,0,0,2,1,0.0560166087014803,0
test_id,DS05_id,3,33,fan_eff_mod,2,0,0,-9.28216504898669e-05,0,0,0,0,2,1,0.0560166087014803,0
test_id,DS05_id,3,33,fan_flow_mod,3,0,0,-0.000963399161394441,0,0,0,0,2,1,0.0560166087014803,0
test_id,DS05_id,3,33,HPC_eff_mod,4,0,-0.0276321891215616,-0.026066118621583,1,1,2,1,2,1,0.0560166087014803,0
test_id,DS05_id,3,33,HPC_flow_mod,5,0,-0.0158482448886745,-0.0135851366979424,1,1,1,1,2,1,0.0560166087014803,0
test_id,DS05_id,3,33,LPT_eff_mod,6,0,0,-0.00131752986017829,0,0,0,0,2,1,0.0560166087014803,0
test_id,DS05_id,3,33,LPT_flow_mod,7,0,0,-0,0,0,0,0,2,1,0.0560166087014803,0
test_id,DS05_id,3,33,LPC_eff_mod,8,0,0,-0.00228499918558109,0,0,0,0,2,1,0.0560166087014803,0
test_id,DS05_id,3,33,LPC_flow_mod,9,0,0,-0.000773095237942938,0,0,0,0,2,1,0.0560166087014803,0
test_id,DS05_id,3,34,HPT_eff_mod,1,0,0,-0,0,0,0,0,2,2,0.173808978211529,0
test_id,DS05_id,3,34,fan_eff_mod,2,0,0,-9.28216504898669e-05,0,0,0,0,2,2,0.173808978211529,0
test_id,DS05_id,3,34,fan_flow_mod,3,0,0,-0.000963399161394441,0,0,0,0,2,2,0.173808978211529,0
test_id,DS05_id,3,34,HPC_eff_mod,4,0,-0.032654109669896,-0.0340227861692986,1,1,2,2,2,2,0.173808978211529,0
test_id,DS05_id,3,34,HPC_flow_mod,5,0,-0.0180274357701778,-0.0160396840144535,1,1,1,1,2,2,0.173808978211529,0
test_id,DS05_id,3,34,LPT_eff_mod,6,0,0,-0.00131752986017829,0,0,0,0,2,2,0.173808978211529,0
test_id,DS05_id,3,34,LPT_flow_mod,7,0,0,-0,0,0,0,0,2,2,0.173808978211529,0
test_id,DS05_id,3,34,LPC_eff_mod,8,0,0,-0.00228499918558109,0,0,0,0,2,2,0.173808978211529,0
test_id,DS05_id,3,34,LPC_flow_mod,9,0,0,-0.000773095237942938,0,0,0,0,2,2,0.173808978211529,0
test_id,DS05_id,3,35,HPT_eff_mod,1,0,0,-0,0,0,0,0,2,2,0.107819808757305,0
test_id,DS05_id,3,35,fan_eff_mod,2,0,0,-9.28216504898669e-05,0,0,0,0,2,2,0.107819808757305,0
test_id,DS05_id,3,35,fan_flow_mod,3,0,0,-0.000963399161394441,0,0,0,0,2,2,0.107819808757305,0
test_id,DS05_id,3,35,HPC_eff_mod,4,0,-0.0410124359612045,-0.0382721189097319,1,1,2,2,2,2,0.107819808757305,0
test_id,DS05_id,3,35,HPC_flow_mod,5,0,-0.0136952282295614,-0.0160396840144535,1,1,1,1,2,2,0.107819808757305,0
test_id,DS05_id,3,35,LPT_eff_mod,6,0,0,-0.00131752986017829,0,0,0,0,2,2,0.107819808757305,0
test_id,DS05_id,3,35,LPT_flow_mod,7,0,0,-0,0,0,0,0,2,2,0.107819808757305,0
test_id,DS05_id,3,35,LPC_eff_mod,8,0,0,-0.00228499918558109,0,0,0,0,2,2,0.107819808757305,0
test_id,DS05_id,3,35,LPC_flow_mod,9,0,0,-0.000773095237942938,0,0,0,0,2,2,0.107819808757305,0
test_id,DS05_id,3,36,HPT_eff_mod,1,0,0,-0,0,0,0,0,2,2,0.295266410234348,0
test_id,DS05_id,3,36,fan_eff_mod,2,0,0,-9.28216504898669e-05,0,0,0,0,2,2,0.295266410234348,0
test_id,DS05_id,3,36,fan_flow_mod,3,0,0,-0.000963399161394441,0,0,0,0,2,2,0.295266410234348,0
test_id,DS05_id,3,36,HPC_eff_mod,4,0,-0.0422166969958756,-0.0389678432871571,1,1,2,2,2,2,0.295266410234348,0
test_id,DS05_id,3,36,HPC_flow_mod,5,0,-0.0150657600794823,-0.0160396840144535,1,1,1,1,2,2,0.295266410234348,0
test_id,DS05_id,3,36,LPT_eff_mod,6,0,0,-0.00131752986017829,0,0,0,0,2,2,0.295266410234348,0
test_id,DS05_id,3,36,LPT_flow_mod,7,0,0,-0,0,0,0,0,2,2,0.295266410234348,0
test_id,DS05_id,3,36,LPC_eff_mod,8,0,0,-0.00228499918558109,0,0,0,0,2,2,0.295266410234348,0
test_id,DS05_id,3,36,LPC_flow_mod,9,0,0,-0.000773095237942938,0,0,0,0,2,2,0.295266410234348,0
test_id,DS05_id,3,37,HPT_eff_mod,1,0,0,-0,0,0,0,0,2,2,0.435227065073453,1
test_id,DS05_id,3,37,fan_eff_mod,2,0,0,-9.28216504898669e-05,0,0,0,0,2,2,0.435227065073453,1
test_id,DS05_id,3,37,fan_flow_mod,3,0,0,-0.00114234177433636,0,0,0,0,2,2,0.435227065073453,1
test_id,DS05_id,3,37,HPC_eff_mod,4,0,-0.0421659514501446,-0.0389678432871571,1,1,2,2,2,2,0.435227065073453,1
test_id,DS05_id,3,37,HPC_flow_mod,5,0,-0.0216633940659937,-0.0160396840144535,1,1,1,1,2,2,0.435227065073453,1
test_id,DS05_id,3,37,LPT_eff_mod,6,0,0,-0.00131752986017829,0,0,0,0,2,2,0.435227065073453,1
test_id,DS05_id,3,37,LPT_flow_mod,7,0,0,-0,0,0,0,0,2,2,0.435227065073453,1
test_id,DS05_id,3,37,LPC_eff_mod,8,0,0,-0.00228499918558109,0,0,0,0,2,2,0.435227065073453,1
test_id,DS05_id,3,37,LPC_flow_mod,9,0,0,-0.000773095237942938,0,0,0,0,2,2,0.435227065073453,1
test_id,DS05_id,3,38,HPT_eff_mod,1,0,0,-0,0,0,0,0,2,2,0.149266998939271,0
test_id,DS05_id,3,38,fan_eff_mod,2,0,0,-9.28216504898669e-05,0,0,0,0,2,2,0.149266998939271,0
test_id,DS05_id,3,38,fan_flow_mod,3,0,0,-0.00114234177433636,0,0,0,0,2,2,0.149266998939271,0
test_id,DS05_id,3,38,HPC_eff_mod,4,0,-0.0504715457855843,-0.0495491183537088,1,1,2,2,2,2,0.149266998939271,0
test_id,DS05_id,3,38,HPC_flow_mod,5,0,-0.0235143485325629,-0.0230381076028984,1,1,1,1,2,2,0.149266998939271,0
test_id,DS05_id,3,38,LPT_eff_mod,6,0,0,-0.00131752986017829,0,0,0,0,2,2,0.149266998939271,0
test_id,DS05_id,3,38,LPT_flow_mod,7,0,0,-0,0,0,0,0,2,2,0.149266998939271,0
test_id,DS05_id,3,38,LPC_eff_mod,8,0,0,-0.00228499918558109,0,0,0,0,2,2,0.149266998939271,0
test_id,DS05_id,3,38,LPC_flow_mod,9,0,0,-0.000773095237942938,0,0,0,0,2,2,0.149266998939271,0
test_id,DS05_id,3,39,HPT_eff_mod,1,0,0,-0,0,0,0,0,2,2,0.147838090348386,0
test_id,DS05_id,3,39,fan_eff_mod,2,0,0,-9.28216504898669e-05,0,0,0,0,2,2,0.147838090348386,0
test_id,DS05_id,3,39,fan_flow_mod,3,0,0,-0.00114234177433636,0,0,0,0,2,2,0.147838090348386,0
test_id,DS05_id,3,39,HPC_eff_mod,4,0,-0.0622933593425428,-0.0611293443899558,1,1,2,2,2,2,0.147838090348386,0
test_id,DS05_id,3,39,HPC_flow_mod,5,0,-0.0264199728695321,-0.0230381076028984,1,1,1,1,2,2,0.147838090348386,0
test_id,DS05_id,3,39,LPT_eff_mod,6,0,0,-0.00131752986017829,0,0,0,0,2,2,0.147838090348386,0
test_id,DS05_id,3,39,LPT_flow_mod,7,0,0,-0,0,0,0,0,2,2,0.147838090348386,0
test_id,DS05_id,3,39,LPC_eff_mod,8,0,0,-0.00228499918558109,0,0,0,0,2,2,0.147838090348386,0
test_id,DS05_id,3,39,LPC_flow_mod,9,0,0,-0.000773095237942938,0,0,0,0,2,2,0.147838090348386,0
test_id,DS05_id,3,40,HPT_eff_mod,1,0,0,-0,0,0,0,0,2,2,0.174730344621221,0
test_id,DS05_id,3,40,fan_eff_mod,2,0,0,-9.28216504898669e-05,0,0,0,0,2,2,0.174730344621221,0
test_id,DS05_id,3,40,fan_flow_mod,3,0,0,-0.00114234177433636,0,0,0,0,2,2,0.174730344621221,0
test_id,DS05_id,3,40,HPC_eff_mod,4,0,-0.0629801456634175,-0.0611293443899558,1,1,2,2,2,2,0.174730344621221,0
test_id,DS05_id,3,40,HPC_flow_mod,5,0,-0.0266807536015869,-0.0230381076028984,1,1,1,1,2,2,0.174730344621221,0
test_id,DS05_id,3,40,LPT_eff_mod,6,0,0,-0.00131752986017829,0,0,0,0,2,2,0.174730344621221,0
test_id,DS05_id,3,40,LPT_flow_mod,7,0,0,-0,0,0,0,0,2,2,0.174730344621221,0
test_id,DS05_id,3,40,LPC_eff_mod,8,0,0,-0.00228499918558109,0,0,0,0,2,2,0.174730344621221,0
test_id,DS05_id,3,40,LPC_flow_mod,9,0,0,-0.000773095237942938,0,0,0,0,2,2,0.174730344621221,0
test_id,DS05_id,3,41,HPT_eff_mod,1,0,0,-0,0,0,0,0,2,2,0.401887834045491,1
test_id,DS05_id,3,41,fan_eff_mod,2,0,0,-9.28216504898669e-05,0,0,0,0,2,2,0.401887834045491,1
test_id,DS05_id,3,41,fan_flow_mod,3,0,0,-0.00114234177433636,0,0,0,0,2,2,0.401887834045491,1
test_id,DS05_id,3,41,HPC_eff_mod,4,0,-0.074402286941439,-0.0611293443899558,1,1,2,2,2,2,0.401887834045491,1
test_id,DS05_id,3,41,HPC_flow_mod,5,0,-0.0331222111173648,-0.0230381076028984,1,1,2,1,2,2,0.401887834045491,1
test_id,DS05_id,3,41,LPT_eff_mod,6,0,0,-0.00131752986017829,0,0,0,0,2,2,0.401887834045491,1
test_id,DS05_id,3,41,LPT_flow_mod,7,0,0,-0,0,0,0,0,2,2,0.401887834045491,1
test_id,DS05_id,3,41,LPC_eff_mod,8,0,0,-0.00228499918558109,0,0,0,0,2,2,0.401887834045491,1
test_id,DS05_id,3,41,LPC_flow_mod,9,0,0,-0.000773095237942938,0,0,0,0,2,2,0.401887834045491,1
test_id,DS05_id,3,42,HPT_eff_mod,1,0,0,-0,0,0,0,0,2,2,0.269668324794632,0
test_id,DS05_id,3,42,fan_eff_mod,2,0,0,-9.28216504898669e-05,0,0,0,0,2,2,0.269668324794632,0
test_id,DS05_id,3,42,fan_flow_mod,3,0,0,-0.00114234177433636,0,0,0,0,2,2,0.269668324794632,0
test_id,DS05_id,3,42,HPC_eff_mod,4,0,-0.0873733824767366,-0.080785211079305,1,1,2,2,2,2,0.269668324794632,0
test_id,DS05_id,3,42,HPC_flow_mod,5,0,-0.0323949553591316,-0.0257834776091125,1,1,2,1,2,2,0.269668324794632,0
test_id,DS05_id,3,42,LPT_eff_mod,6,0,0,-0.00131752986017829,0,0,0,0,2,2,0.269668324794632,0
test_id,DS05_id,3,42,LPT_flow_mod,7,0,0,-0,0,0,0,0,2,2,0.269668324794632,0
test_id,DS05_id,3,42,LPC_eff_mod,8,0,0,-0.00316246238994412,0,0,0,0,2,2,0.269668324794632,0
test_id,DS05_id,3,42,LPC_flow_mod,9,0,0,-0.000773095237942938,0,0,0,0,2,2,0.269668324794632,0
test_id,DS05_id,3,43,HPT_eff_mod,1,0,0,-0,0,0,0,0,2,2,0.260133387182511,0
test_id,DS05_id,3,43,fan_eff_mod,2,0,0,-9.28216504898669e-05,0,0,0,0,2,2,0.260133387182511,0
test_id,DS05_id,3,43,fan_flow_mod,3,0,0,-0.00114234177433636,0,0,0,0,2,2,0.260133387182511,0
test_id,DS05_id,3,43,HPC_eff_mod,4,0,-0.0954334476849292,-0.094216230820999,1,1,2,2,2,2,0.260133387182511,0
test_id,DS05_id,3,43,HPC_flow_mod,5,0,-0.0401090864599298,-0.040752938937655,1,1,2,2,2,2,0.260133387182511,0
test_id,DS05_id,3,43,LPT_eff_mod,6,0,0,-0.00591872689528174,0,0,0,0,2,2,0.260133387182511,0
test_id,DS05_id,3,43,LPT_flow_mod,7,0,0,-0,0,0,0,0,2,2,0.260133387182511,0
test_id,DS05_id,3,43,LPC_eff_mod,8,0,0,-0.00316246238994412,0,0,0,0,2,2,0.260133387182511,0
test_id,DS05_id,3,43,LPC_flow_mod,9,0,0,-0.000773095237942938,0,0,0,0,2,2,0.260133387182511,0
test_id,DS05_id,3,44,HPT_eff_mod,1,0,0,-0,0,0,0,0,2,2,0.115132143022927,0
test_id,DS05_id,3,44,fan_eff_mod,2,0,0,-9.28216504898669e-05,0,0,0,0,2,2,0.115132143022927,0
test_id,DS05_id,3,44,fan_flow_mod,3,0,0,-0.00114234177433636,0,0,0,0,2,2,0.115132143022927,0
test_id,DS05_id,3,44,HPC_eff_mod,4,0,-0.105137767878824,-0.094216230820999,1,1,2,2,2,2,0.115132143022927,0
test_id,DS05_id,3,44,HPC_flow_mod,5,0,-0.0384443654248523,-0.040752938937655,1,1,2,2,2,2,0.115132143022927,0
test_id,DS05_id,3,44,LPT_eff_mod,6,0,0,-0.00591872689528174,0,0,0,0,2,2,0.115132143022927,0
test_id,DS05_id,3,44,LPT_flow_mod,7,0,0,-0,0,0,0,0,2,2,0.115132143022927,0
test_id,DS05_id,3,44,LPC_eff_mod,8,0,0,-0.00316246238994412,0,0,0,0,2,2,0.115132143022927,0
test_id,DS05_id,3,44,LPC_flow_mod,9,0,0,-0.000773095237942938,0,0,0,0,2,2,0.115132143022927,0
test_id,DS05_id,3,45,HPT_eff_mod,1,0,0,-0,0,0,0,0,2,2,0.211655185073304,0
test_id,DS05_id,3,45,fan_eff_mod,2,0,0,-9.28216504898669e-05,0,0,0,0,2,2,0.211655185073304,0
test_id,DS05_id,3,45,fan_flow_mod,3,0,0,-0.00114234177433636,0,0,0,0,2,2,0.211655185073304,0
test_id,DS05_id,3,45,HPC_eff_mod,4,0,-0.107518338980166,-0.10454243460823,1,1,2,2,2,2,0.211655185073304,0
test_id,DS05_id,3,45,HPC_flow_mod,5,0,-0.0401645879715043,-0.0433021063299367,1,1,2,2,2,2,0.211655185073304,0
test_id,DS05_id,3,45,LPT_eff_mod,6,0,0,-0.00591872689528174,0,0,0,0,2,2,0.211655185073304,0
test_id,DS05_id,3,45,LPT_flow_mod,7,0,0,-0,0,0,0,0,2,2,0.211655185073304,0
test_id,DS05_id,3,45,LPC_eff_mod,8,0,0,-0.00316246238994412,0,0,0,0,2,2,0.211655185073304,0
test_id,DS05_id,3,45,LPC_flow_mod,9,0,0,-0.000773095237942938,0,0,0,0,2,2,0.211655185073304,0
test_id,DS05_id,3,46,HPT_eff_mod,1,0,0,-0,0,0,0,0,2,2,0.18943623936239,0
test_id,DS05_id,3,46,fan_eff_mod,2,0,0,-9.28216504898669e-05,0,0,0,0,2,2,0.18943623936239,0
test_id,DS05_id,3,46,fan_flow_mod,3,0,0,-0.00114234177433636,0,0,0,0,2,2,0.18943623936239,0
test_id,DS05_id,3,46,HPC_eff_mod,4,0,-0.124887371906024,-0.122190943017255,1,1,2,2,2,2,0.18943623936239,0
test_id,DS05_id,3,46,HPC_flow_mod,5,0,-0.0493417534879231,-0.0448891074235603,1,1,2,2,2,2,0.18943623936239,0
test_id,DS05_id,3,46,LPT_eff_mod,6,0,0,-0.00591872689528174,0,0,0,0,2,2,0.18943623936239,0
test_id,DS05_id,3,46,LPT_flow_mod,7,0,0,-0,0,0,0,0,2,2,0.18943623936239,0
test_id,DS05_id,3,46,LPC_eff_mod,8,0,0,-0.00316246238994412,0,0,0,0,2,2,0.18943623936239,0
test_id,DS05_id,3,46,LPC_flow_mod,9,0,0,-0.000773095237942938,0,0,0,0,2,2,0.18943623936239,0
test_id,DS05_id,3,47,HPT_eff_mod,1,0,0,-0,0,0,0,0,2,2,0.15516110103391,0
test_id,DS05_id,3,47,fan_eff_mod,2,0,0,-9.28216504898669e-05,0,0,0,0,2,2,0.15516110103391,0
test_id,DS05_id,3,47,fan_flow_mod,3,0,0,-0.00209556071823591,0,0,0,0,2,2,0.15516110103391,0
test_id,DS05_id,3,47,HPC_eff_mod,4,0,-0.139524699765531,-0.122190943017255,1,1,2,2,2,2,0.15516110103391,0
test_id,DS05_id,3,47,HPC_flow_mod,5,0,-0.0505152770714635,-0.0448891074235603,1,1,2,2,2,2,0.15516110103391,0
test_id,DS05_id,3,47,LPT_eff_mod,6,0,0,-0.00591872689528174,0,0,0,0,2,2,0.15516110103391,0
test_id,DS05_id,3,47,LPT_flow_mod,7,0,0,-0,0,0,0,0,2,2,0.15516110103391,0
test_id,DS05_id,3,47,LPC_eff_mod,8,0,0,-0.00316246238994412,0,0,0,0,2,2,0.15516110103391,0
test_id,DS05_id,3,47,LPC_flow_mod,9,0,0,-0.000773095237942938,0,0,0,0,2,2,0.15516110103391,0
test_id,DS05_id,3,48,HPT_eff_mod,1,0,0,-0,0,0,0,0,3,2,0.19694617460904,0
test_id,DS05_id,3,48,fan_eff_mod,2,0,0,-9.28216504898669e-05,0,0,0,0,3,2,0.19694617460904,0
test_id,DS05_id,3,48,fan_flow_mod,3,0,0,-0.00209556071823591,0,0,0,0,3,2,0.19694617460904,0
test_id,DS05_id,3,48,HPC_eff_mod,4,0,-0.15396193239274,-0.143450172888486,1,1,3,2,3,2,0.19694617460904,0
test_id,DS05_id,3,48,HPC_flow_mod,5,0,-0.0539416246723908,-0.0448891074235603,1,1,2,2,3,2,0.19694617460904,0
test_id,DS05_id,3,48,LPT_eff_mod,6,0,0,-0.00591872689528174,0,0,0,0,3,2,0.19694617460904,0
test_id,DS05_id,3,48,LPT_flow_mod,7,0,0,-0,0,0,0,0,3,2,0.19694617460904,0
test_id,DS05_id,3,48,LPC_eff_mod,8,0,0,-0.00316246238994412,0,0,0,0,3,2,0.19694617460904,0
test_id,DS05_id,3,48,LPC_flow_mod,9,0,0,-0.000773095237942938,0,0,0,0,3,2,0.19694617460904,0
test_id,DS05_id,3,49,HPT_eff_mod,1,0,0,-0,0,0,0,0,3,3,0.366721938302797,1
test_id,DS05_id,3,49,fan_eff_mod,2,0,0,-9.28216504898669e-05,0,0,0,0,3,3,0.366721938302797,1
test_id,DS05_id,3,49,fan_flow_mod,3,0,0,-0.00209556071823591,0,0,0,0,3,3,0.366721938302797,1
test_id,DS05_id,3,49,HPC_eff_mod,4,0,-0.174623033221051,-0.163818205742629,1,1,3,3,3,3,0.366721938302797,1
test_id,DS05_id,3,49,HPC_flow_mod,5,0,-0.0527736445325857,-0.0448891074235603,1,1,2,2,3,3,0.366721938302797,1
test_id,DS05_id,3,49,LPT_eff_mod,6,0,0,-0.00591872689528174,0,0,0,0,3,3,0.366721938302797,1
test_id,DS05_id,3,49,LPT_flow_mod,7,0,0,-0,0,0,0,0,3,3,0.366721938302797,1
test_id,DS05_id,3,49,LPC_eff_mod,8,0,0,-0.00316246238994412,0,0,0,0,3,3,0.366721938302797,1
test_id,DS05_id,3,49,LPC_flow_mod,9,0,0,-0.000773095237942938,0,0,0,0,3,3,0.366721938302797,1
test_id,DS05_id,3,50,HPT_eff_mod,1,0,0,-0,0,0,0,0,3,3,0.223620364453076,0
test_id,DS05_id,3,50,fan_eff_mod,2,0,0,-9.28216504898669e-05,0,0,0,0,3,3,0.223620364453076,0
test_id,DS05_id,3,50,fan_flow_mod,3,0,0,-0.00209556071823591,0,0,0,0,3,3,0.223620364453076,0
test_id,DS05_id,3,50,HPC_eff_mod,4,0,-0.187876151323336,-0.19152487461289,1,1,3,3,3,3,0.223620364453076,0
test_id,DS05_id,3,50,HPC_flow_mod,5,0,-0.0581754547178949,-0.0569704153415186,1,1,2,2,3,3,0.223620364453076,0
test_id,DS05_id,3,50,LPT_eff_mod,6,0,0,-0.00591872689528174,0,0,0,0,3,3,0.223620364453076,0
test_id,DS05_id,3,50,LPT_flow_mod,7,0,0,-0,0,0,0,0,3,3,0.223620364453076,0
test_id,DS05_id,3,50,LPC_eff_mod,8,0,0,-0.00316246238994412,0,0,0,0,3,3,0.223620364453076,0
test_id,DS05_id,3,50,LPC_flow_mod,9,0,0,-0.000773095237942938,0,0,0,0,3,3,0.223620364453076,0
test_id,DS05_id,3,51,HPT_eff_mod,1,0,0,-0,0,0,0,0,3,3,0.378907514611211,1
test_id,DS05_id,3,51,fan_eff_mod,2,0,0,-9.28216504898669e-05,0,0,0,0,3,3,0.378907514611211,1
test_id,DS05_id,3,51,fan_flow_mod,3,0,0,-0.00209556071823591,0,0,0,0,3,3,0.378907514611211,1
test_id,DS05_id,3,51,HPC_eff_mod,4,0,-0.206054842123098,-0.1921360736124,1,1,3,3,3,3,0.378907514611211,1
test_id,DS05_id,3,51,HPC_flow_mod,5,0,-0.0669202085748407,-0.0569704153415186,1,1,2,2,3,3,0.378907514611211,1
test_id,DS05_id,3,51,LPT_eff_mod,6,0,0,-0.00591872689528174,0,0,0,0,3,3,0.378907514611211,1
test_id,DS05_id,3,51,LPT_flow_mod,7,0,0,-0,0,0,0,0,3,3,0.378907514611211,1
test_id,DS05_id,3,51,LPC_eff_mod,8,0,0,-0.00316246238994412,0,0,0,0,3,3,0.378907514611211,1
test_id,DS05_id,3,51,LPC_flow_mod,9,0,0,-0.000773095237942938,0,0,0,0,3,3,0.378907514611211,1
test_id,DS05_id,3,52,HPT_eff_mod,1,0,0,-0,0,0,0,0,3,3,0.133551420851082,0
test_id,DS05_id,3,52,fan_eff_mod,2,0,0,-9.28216504898669e-05,0,0,0,0,3,3,0.133551420851082,0
test_id,DS05_id,3,52,fan_flow_mod,3,0,0,-0.00209556071823591,0,0,0,0,3,3,0.133551420851082,0
test_id,DS05_id,3,52,HPC_eff_mod,4,0,-0.232122655207101,-0.222258325925347,1,1,3,3,3,3,0.133551420851082,0
test_id,DS05_id,3,52,HPC_flow_mod,5,0,-0.0708303952577688,-0.0672095564260793,1,1,2,2,3,3,0.133551420851082,0
test_id,DS05_id,3,52,LPT_eff_mod,6,0,0,-0.00823838693152097,0,0,0,0,3,3,0.133551420851082,0
test_id,DS05_id,3,52,LPT_flow_mod,7,0,0,-0,0,0,0,0,3,3,0.133551420851082,0
test_id,DS05_id,3,52,LPC_eff_mod,8,0,0,-0.00518801162799854,0,0,0,0,3,3,0.133551420851082,0
test_id,DS05_id,3,52,LPC_flow_mod,9,0,0,-0.000773095237942938,0,0,0,0,3,3,0.133551420851082,0
test_id,DS05_id,3,53,HPT_eff_mod,1,0,0,-0,0,0,0,0,3,3,0.0977724297365379,0
test_id,DS05_id,3,53,fan_eff_mod,2,0,0,-9.28216504898669e-05,0,0,0,0,3,3,0.0977724297365379,0
test_id,DS05_id,3,53,fan_flow_mod,3,0,0,-0.00209556071823591,0,0,0,0,3,3,0.0977724297365379,0
test_id,DS05_id,3,53,HPC_eff_mod,4,0,-0.25483131285545,-0.245324920840399,1,1,3,3,3,3,0.0977724297365379,0
test_id,DS05_id,3,53,HPC_flow_mod,5,0,-0.0786657705727433,-0.0751440567536619,1,1,2,2,3,3,0.0977724297365379,0
test_id,DS05_id,3,53,LPT_eff_mod,6,0,0,-0.00823838693152097,0,0,0,0,3,3,0.0977724297365379,0
test_id,DS05_id,3,53,LPT_flow_mod,7,0,0,-0,0,0,0,0,3,3,0.0977724297365379,0
test_id,DS05_id,3,53,LPC_eff_mod,8,0,0,-0.00518801162799854,0,0,0,0,3,3,0.0977724297365379,0
test_id,DS05_id,3,53,LPC_flow_mod,9,0,0,-0.000773095237942938,0,0,0,0,3,3,0.0977724297365379,0
test_id,DS05_id,3,54,HPT_eff_mod,1,0,0,-0,0,0,0,0,3,3,0.118117516077233,0
test_id,DS05_id,3,54,fan_eff_mod,2,0,0,-9.28216504898669e-05,0,0,0,0,3,3,0.118117516077233,0
test_id,DS05_id,3,54,fan_flow_mod,3,0,0,-0.00209556071823591,0,0,0,0,3,3,0.118117516077233,0
test_id,DS05_id,3,54,HPC_eff_mod,4,0,-0.28477421789432,-0.278940492364422,1,1,3,3,3,3,0.118117516077233,0
test_id,DS05_id,3,54,HPC_flow_mod,5,0,-0.0822882338000778,-0.0775987523185371,1,1,2,2,3,3,0.118117516077233,0
test_id,DS05_id,3,54,LPT_eff_mod,6,0,0,-0.00823838693152097,0,0,0,0,3,3,0.118117516077233,0
test_id,DS05_id,3,54,LPT_flow_mod,7,0,0,-0,0,0,0,0,3,3,0.118117516077233,0
test_id,DS05_id,3,54,LPC_eff_mod,8,0,0,-0.00518801162799854,0,0,0,0,3,3,0.118117516077233,0
test_id,DS05_id,3,54,LPC_flow_mod,9,0,0,-0.000773095237942938,0,0,0,0,3,3,0.118117516077233,0
test_id,DS05_id,3,55,HPT_eff_mod,1,0,0,-0,0,0,0,0,3,3,0.115011091309278,0
test_id,DS05_id,3,55,fan_eff_mod,2,0,0,-9.28216504898669e-05,0,0,0,0,3,3,0.115011091309278,0
test_id,DS05_id,3,55,fan_flow_mod,3,0,0,-0.00209556071823591,0,0,0,0,3,3,0.115011091309278,0
test_id,DS05_id,3,55,HPC_eff_mod,4,0,-0.313684274565306,-0.298718693758484,1,1,3,3,3,3,0.115011091309278,0
test_id,DS05_id,3,55,HPC_flow_mod,5,0,-0.0866117333382834,-0.0827596710517844,1,1,2,2,3,3,0.115011091309278,0
test_id,DS05_id,3,55,LPT_eff_mod,6,0,0,-0.00946393989894239,0,0,0,0,3,3,0.115011091309278,0
test_id,DS05_id,3,55,LPT_flow_mod,7,0,0,-0,0,0,0,0,3,3,0.115011091309278,0
test_id,DS05_id,3,55,LPC_eff_mod,8,0,0,-0.00518801162799854,0,0,0,0,3,3,0.115011091309278,0
test_id,DS05_id,3,55,LPC_flow_mod,9,0,0,-0.000773095237942938,0,0,0,0,3,3,0.115011091309278,0
test_id,DS05_id,3,56,HPT_eff_mod,1,0,0,-0,0,0,0,0,3,3,0.125059693999381,0
test_id,DS05_id,3,56,fan_eff_mod,2,0,0,-9.28216504898669e-05,0,0,0,0,3,3,0.125059693999381,0
test_id,DS05_id,3,56,fan_flow_mod,3,0,0,-0.00209556071823591,0,0,0,0,3,3,0.125059693999381,0
test_id,DS05_id,3,56,HPC_eff_mod,4,0,-0.342344050795825,-0.330807208806596,1,1,3,3,3,3,0.125059693999381,0
test_id,DS05_id,3,56,HPC_flow_mod,5,0,-0.0984959332336921,-0.0911330355633154,1,1,2,2,3,3,0.125059693999381,0
test_id,DS05_id,3,56,LPT_eff_mod,6,0,0,-0.0104976301131161,0,0,0,0,3,3,0.125059693999381,0
test_id,DS05_id,3,56,LPT_flow_mod,7,0,0,-0,0,0,0,0,3,3,0.125059693999381,0
test_id,DS05_id,3,56,LPC_eff_mod,8,0,0,-0.00518801162799854,0,1,0,1,3,3,0.125059693999381,0
test_id,DS05_id,3,56,LPC_flow_mod,9,0,0,-0.000773095237942938,0,0,0,0,3,3,0.125059693999381,0
test_id,DS05_id,3,57,HPT_eff_mod,1,0,0,-0,0,0,0,0,3,3,0.178245192854148,0
test_id,DS05_id,3,57,fan_eff_mod,2,0,0,-9.28216504898669e-05,0,0,0,0,3,3,0.178245192854148,0
test_id,DS05_id,3,57,fan_flow_mod,3,0,0,-0.00209556071823591,0,0,0,0,3,3,0.178245192854148,0
test_id,DS05_id,3,57,HPC_eff_mod,4,0,-0.382495168181688,-0.364379720789511,1,1,3,3,3,3,0.178245192854148,0
test_id,DS05_id,3,57,HPC_flow_mod,5,0,-0.105070504237633,-0.0982423373378958,1,1,2,2,3,3,0.178245192854148,0
test_id,DS05_id,3,57,LPT_eff_mod,6,0,0,-0.0129707339845405,0,0,0,0,3,3,0.178245192854148,0
test_id,DS05_id,3,57,LPT_flow_mod,7,0,0,-0,0,0,0,0,3,3,0.178245192854148,0
test_id,DS05_id,3,57,LPC_eff_mod,8,0,0,-0.00518801162799854,0,1,0,1,3,3,0.178245192854148,0
test_id,DS05_id,3,57,LPC_flow_mod,9,0,0,-0.000773095237942938,0,0,0,0,3,3,0.178245192854148,0
test_id,DS05_id,3,58,HPT_eff_mod,1,0,0,-0,0,0,0,0,3,3,0.140272022424666,0
test_id,DS05_id,3,58,fan_eff_mod,2,0,0,-9.28216504898669e-05,0,0,0,0,3,3,0.140272022424666,0
test_id,DS05_id,3,58,fan_flow_mod,3,0,0,-0.00209556071823591,0,0,0,0,3,3,0.140272022424666,0
test_id,DS05_id,3,58,HPC_eff_mod,4,0,-0.427669088316743,-0.403454832888631,1,1,3,3,3,3,0.140272022424666,0
test_id,DS05_id,3,58,HPC_flow_mod,5,0,-0.110647232360622,-0.103434023549406,1,1,2,2,3,3,0.140272022424666,0
test_id,DS05_id,3,58,LPT_eff_mod,6,0,0,-0.0129707339845405,0,0,0,0,3,3,0.140272022424666,0
test_id,DS05_id,3,58,LPT_flow_mod,7,0,0,-0,0,0,0,0,3,3,0.140272022424666,0
test_id,DS05_id,3,58,LPC_eff_mod,8,0,0,-0.00518801162799854,0,1,0,1,3,3,0.140272022424666,0
test_id,DS05_id,3,58,LPC_flow_mod,9,0,0,-0.000773095237942938,0,0,0,0,3,3,0.140272022424666,0
test_id,DS05_id,3,59,HPT_eff_mod,1,0,0,-0,0,0,0,0,3,3,0.158831966458188,0
test_id,DS05_id,3,59,fan_eff_mod,2,0,0,-9.28216504898669e-05,0,0,0,0,3,3,0.158831966458188,0
test_id,DS05_id,3,59,fan_flow_mod,3,0,0,-0.00227660640402901,0,0,0,0,3,3,0.158831966458188,0
test_id,DS05_id,3,59,HPC_eff_mod,4,0,-0.476028643215306,-0.459993017801096,1,1,3,3,3,3,0.158831966458188,0
test_id,DS05_id,3,59,HPC_flow_mod,5,0,-0.121154696745833,-0.110840622727236,1,1,2,2,3,3,0.158831966458188,0
test_id,DS05_id,3,59,LPT_eff_mod,6,0,0,-0.0129707339845405,0,0,0,0,3,3,0.158831966458188,0
test_id,DS05_id,3,59,LPT_flow_mod,7,0,0,-0.00168598625181898,0,0,0,0,3,3,0.158831966458188,0
test_id,DS05_id,3,59,LPC_eff_mod,8,0,0,-0.00518801162799854,0,1,0,1,3,3,0.158831966458188,0
test_id,DS05_id,3,59,LPC_flow_mod,9,0,0,-0.00440443699605765,0,0,0,0,3,3,0.158831966458188,0
test_id,DS05_id,3,60,HPT_eff_mod,1,0,0,-0,0,0,0,0,3,3,0.121218391854986,0
test_id,DS05_id,3,60,fan_eff_mod,2,0,0,-9.28216504898669e-05,0,0,0,0,3,3,0.121218391854986,0
test_id,DS05_id,3,60,fan_flow_mod,3,0,0,-0.00227660640402901,0,0,0,0,3,3,0.121218391854986,0
test_id,DS05_id,3,60,HPC_eff_mod,4,0,-0.52358691890289,-0.509962235880028,1,1,3,3,3,3,0.121218391854986,0
test_id,DS05_id,3,60,HPC_flow_mod,5,0,-0.132058114084371,-0.125370192216187,1,1,2,2,3,3,0.121218391854986,0
test_id,DS05_id,3,60,LPT_eff_mod,6,0,0,-0.0129707339845405,0,0,0,0,3,3,0.121218391854986,0
test_id,DS05_id,3,60,LPT_flow_mod,7,0,0,-0.00168598625181898,0,0,0,0,3,3,0.121218391854986,0
test_id,DS05_id,3,60,LPC_eff_mod,8,0,0,-0.00518801162799854,0,1,0,1,3,3,0.121218391854986,0
test_id,DS05_id,3,60,LPC_flow_mod,9,0,0,-0.0050977024614403,0,0,0,0,3,3,0.121218391854986,0
test_id,DS05_id,3,61,HPT_eff_mod,1,0,0,-0,0,0,0,0,3,3,0.121716044255722,0
test_id,DS05_id,3,61,fan_eff_mod,2,0,0,-9.28216504898669e-05,0,0,0,0,3,3,0.121716044255722,0
test_id,DS05_id,3,61,fan_flow_mod,3,0,0,-0.00244642835148941,0,0,0,0,3,3,0.121716044255722,0
test_id,DS05_id,3,61,HPC_eff_mod,4,0,-0.584416745654734,-0.568315138504425,1,1,3,3,3,3,0.121716044255722,0
test_id,DS05_id,3,61,HPC_flow_mod,5,0,-0.148391770235108,-0.144745634344864,1,1,3,2,3,3,0.121716044255722,0
test_id,DS05_id,3,61,LPT_eff_mod,6,0,0,-0.0129707339845405,0,0,0,0,3,3,0.121716044255722,0
test_id,DS05_id,3,61,LPT_flow_mod,7,0,0,-0.00168598625181898,0,0,0,0,3,3,0.121716044255722,0
test_id,DS05_id,3,61,LPC_eff_mod,8,0,0,-0.00518801162799854,0,1,0,1,3,3,0.121716044255722,0
test_id,DS05_id,3,61,LPC_flow_mod,9,0,0,-0.0050977024614403,0,0,0,0,3,3,0.121716044255722,0
test_id,DS05_id,3,62,HPT_eff_mod,1,0,0,-0,0,0,0,0,3,3,0.1381830505332,0
test_id,DS05_id,3,62,fan_eff_mod,2,0,0,-9.28216504898669e-05,0,0,0,0,3,3,0.1381830505332,0
test_id,DS05_id,3,62,fan_flow_mod,3,0,0,-0.00295067646413278,0,0,0,0,3,3,0.1381830505332,0
test_id,DS05_id,3,62,HPC_eff_mod,4,0,-0.646537962839491,-0.623383158626754,1,1,3,3,3,3,0.1381830505332,0
test_id,DS05_id,3,62,HPC_flow_mod,5,0,-0.15786783623903,-0.146621936968305,1,1,3,3,3,3,0.1381830505332,0
test_id,DS05_id,3,62,LPT_eff_mod,6,0,0,-0.0129707339845405,0,0,0,0,3,3,0.1381830505332,0
test_id,DS05_id,3,62,LPT_flow_mod,7,0,0,-0.0119899274720527,0,0,0,0,3,3,0.1381830505332,0
test_id,DS05_id,3,62,LPC_eff_mod,8,0,0,-0.00518801162799854,0,1,0,1,3,3,0.1381830505332,0
test_id,DS05_id,3,62,LPC_flow_mod,9,0,0,-0.0050977024614403,0,0,0,0,3,3,0.1381830505332,0
test_id,DS05_id,3,63,HPT_eff_mod,1,0,0,-0,0,0,0,0,3,3,0.106762953108712,0
test_id,DS05_id,3,63,fan_eff_mod,2,0,0,-9.28216504898669e-05,0,0,0,0,3,3,0.106762953108712,0
test_id,DS05_id,3,63,fan_flow_mod,3,0,0,-0.00295067646413278,0,0,0,0,3,3,0.106762953108712,0
test_id,DS05_id,3,63,HPC_eff_mod,4,0,-0.721402274196398,-0.708404206141325,1,1,3,3,3,3,0.106762953108712,0
test_id,DS05_id,3,63,HPC_flow_mod,5,0,-0.170232409175077,-0.162858234201381,1,1,3,3,3,3,0.106762953108712,0
test_id,DS05_id,3,63,LPT_eff_mod,6,0,0,-0.0228946011985553,0,0,0,0,3,3,0.106762953108712,0
test_id,DS05_id,3,63,LPT_flow_mod,7,0,0,-0.0119899274720527,0,0,0,0,3,3,0.106762953108712,0
test_id,DS05_id,3,63,LPC_eff_mod,8,0,0,-0.00518801162799854,0,1,0,1,3,3,0.106762953108712,0
test_id,DS05_id,3,63,LPC_flow_mod,9,0,0,-0.0050977024614403,0,0,0,0,3,3,0.106762953108712,0
test_id,DS05_id,3,64,HPT_eff_mod,1,0,0,-0,0,0,0,0,3,3,0.173688105109863,0
test_id,DS05_id,3,64,fan_eff_mod,2,0,0,-9.28216504898669e-05,0,0,0,0,3,3,0.173688105109863,0
test_id,DS05_id,3,64,fan_flow_mod,3,0,0,-0.00295067646413278,0,0,0,0,3,3,0.173688105109863,0
test_id,DS05_id,3,64,HPC_eff_mod,4,0,-0.81133786781717,-0.785954775963832,1,1,3,3,3,3,0.173688105109863,0
test_id,DS05_id,3,64,HPC_flow_mod,5,0,-0.188915588894239,-0.180343758687743,1,1,3,3,3,3,0.173688105109863,0
test_id,DS05_id,3,64,LPT_eff_mod,6,0,0,-0.0239607427390145,0,0,0,0,3,3,0.173688105109863,0
test_id,DS05_id,3,64,LPT_flow_mod,7,0,0,-0.0119899274720527,0,0,0,0,3,3,0.173688105109863,0
test_id,DS05_id,3,64,LPC_eff_mod,8,0,0,-0.00518801162799854,0,1,0,1,3,3,0.173688105109863,0
test_id,DS05_id,3,64,LPC_flow_mod,9,0,0,-0.0050977024614403,0,0,0,0,3,3,0.173688105109863,0
test_id,DS05_id,3,65,HPT_eff_mod,1,0,0,-0,0,0,0,0,3,3,0.120668297891979,0
test_id,DS05_id,3,65,fan_eff_mod,2,0,0,-9.28216504898669e-05,0,0,0,0,3,3,0.120668297891979,0
test_id,DS05_id,3,65,fan_flow_mod,3,0,0,-0.00295067646413278,0,0,0,0,3,3,0.120668297891979,0
test_id,DS05_id,3,65,HPC_eff_mod,4,0,-0.893127845471155,-0.867924885956597,1,1,3,3,3,3,0.120668297891979,0
test_id,DS05_id,3,65,HPC_flow_mod,5,0,-0.198392013700137,-0.191235745814009,1,1,3,3,3,3,0.120668297891979,0
test_id,DS05_id,3,65,LPT_eff_mod,6,0,0,-0.027900297873598,0,0,0,0,3,3,0.120668297891979,0
test_id,DS05_id,3,65,LPT_flow_mod,7,0,0,-0.0119899274720527,0,0,0,0,3,3,0.120668297891979,0
test_id,DS05_id,3,65,LPC_eff_mod,8,0,0,-0.00518801162799854,0,1,0,1,3,3,0.120668297891979,0
test_id,DS05_id,3,65,LPC_flow_mod,9,0,0,-0.0132476754612864,0,0,0,0,3,3,0.120668297891979,0
test_id,DS07_id,4,1,HPT_eff_mod,1,1,0,-0,0,0,0,0,0,0,0.08970830312767,0
test_id,DS07_id,4,1,fan_eff_mod,2,1,0,-0,0,0,0,0,0,0,0.08970830312767,0
test_id,DS07_id,4,1,fan_flow_mod,3,1,0,-0,0,0,0,0,0,0,0.08970830312767,0
test_id,DS07_id,4,1,HPC_eff_mod,4,1,0,-0,0,0,0,0,0,0,0.08970830312767,0
test_id,DS07_id,4,1,HPC_flow_mod,5,1,0,-0,0,0,0,0,0,0,0.08970830312767,0
test_id,DS07_id,4,1,LPT_eff_mod,6,1,0.000602367899163755,-0,0,0,0,0,0,0,0.08970830312767,0
test_id,DS07_id,4,1,LPT_flow_mod,7,1,-0.00493598425401202,-0,0,0,0,0,0,0,0.08970830312767,0
test_id,DS07_id,4,1,LPC_eff_mod,8,1,0,-0,0,0,0,0,0,0,0.08970830312767,0
test_id,DS07_id,4,1,LPC_flow_mod,9,1,0,-0,0,0,0,0,0,0,0.08970830312767,0
test_id,DS07_id,4,2,HPT_eff_mod,1,1,0,-0,0,0,0,0,0,0,0.103645350264959,0
test_id,DS07_id,4,2,fan_eff_mod,2,1,0,-0,0,0,0,0,0,0,0.103645350264959,0
test_id,DS07_id,4,2,fan_flow_mod,3,1,0,-0,0,0,0,0,0,0,0.103645350264959,0
test_id,DS07_id,4,2,HPC_eff_mod,4,1,0,-0,0,0,0,0,0,0,0.103645350264959,0
test_id,DS07_id,4,2,HPC_flow_mod,5,1,0,-0,0,0,0,0,0,0,0.103645350264959,0
test_id,DS07_id,4,2,LPT_eff_mod,6,1,-0.00183200038607222,-0,0,0,0,0,0,0,0.103645350264959,0
test_id,DS07_id,4,2,LPT_flow_mod,7,1,0.00215336778495327,-0,0,0,0,0,0,0,0.103645350264959,0
test_id,DS07_id,4,2,LPC_eff_mod,8,1,0,-0,0,0,0,0,0,0,0.103645350264959,0
test_id,DS07_id,4,2,LPC_flow_mod,9,1,0,-0,0,0,0,0,0,0,0.103645350264959,0
test_id,DS07_id,4,3,HPT_eff_mod,1,1,0,-0,0,0,0,0,0,0,0.136401662429065,0
test_id,DS07_id,4,3,fan_eff_mod,2,1,0,-0,0,0,0,0,0,0,0.136401662429065,0
test_id,DS07_id,4,3,fan_flow_mod,3,1,0,-0,0,0,0,0,0,0,0.136401662429065,0
test_id,DS07_id,4,3,HPC_eff_mod,4,1,0,-0,0,0,0,0,0,0,0.136401662429065,0
test_id,DS07_id,4,3,HPC_flow_mod,5,1,0,-0,0,0,0,0,0,0,0.136401662429065,0
test_id,DS07_id,4,3,LPT_eff_mod,6,1,0.00122963248690835,-0,0,0,0,0,0,0,0.136401662429065,0
test_id,DS07_id,4,3,LPT_flow_mod,7,1,0.00278261646906,-0,0,0,0,0,0,0,0.136401662429065,0
test_id,DS07_id,4,3,LPC_eff_mod,8,1,0,-0,0,0,0,0,0,0,0.136401662429065,0
test_id,DS07_id,4,3,LPC_flow_mod,9,1,0,-0,0,0,0,0,0,0,0.136401662429065,0
test_id,DS07_id,4,4,HPT_eff_mod,1,1,0,-0,0,0,0,0,0,0,0.26625585459166,0
test_id,DS07_id,4,4,fan_eff_mod,2,1,0,-0,0,0,0,0,0,0,0.26625585459166,0
test_id,DS07_id,4,4,fan_flow_mod,3,1,0,-0,0,0,0,0,0,0,0.26625585459166,0
test_id,DS07_id,4,4,HPC_eff_mod,4,1,0,-0,0,0,0,0,0,0,0.26625585459166,0
test_id,DS07_id,4,4,HPC_flow_mod,5,1,0,-0,0,0,0,0,0,0,0.26625585459166,0
test_id,DS07_id,4,4,LPT_eff_mod,6,1,-0.00111127913120976,-0.00497960817045983,0,0,0,0,0,0,0.26625585459166,0
test_id,DS07_id,4,4,LPT_flow_mod,7,1,0.00101940103536488,-0,0,0,0,0,0,0,0.26625585459166,0
test_id,DS07_id,4,4,LPC_eff_mod,8,1,0,-0.00207898540280625,0,0,0,0,0,0,0.26625585459166,0
test_id,DS07_id,4,4,LPC_flow_mod,9,1,0,-0,0,0,0,0,0,0,0.26625585459166,0
test_id,DS07_id,4,5,HPT_eff_mod,1,1,0,-0,0,0,0,0,0,0,0.176652037761558,0
test_id,DS07_id,4,5,fan_eff_mod,2,1,0,-0,0,0,0,0,0,0,0.176652037761558,0
test_id,DS07_id,4,5,fan_flow_mod,3,1,0,-0,0,0,0,0,0,0,0.176652037761558,0
test_id,DS07_id,4,5,HPC_eff_mod,4,1,0,-0,0,0,0,0,0,0,0.176652037761558,0
test_id,DS07_id,4,5,HPC_flow_mod,5,1,0,-0,0,0,0,0,0,0,0.176652037761558,0
test_id,DS07_id,4,5,LPT_eff_mod,6,1,-0.00384909301762292,-0.00497960817045983,0,0,0,0,0,0,0.176652037761558,0
test_id,DS07_id,4,5,LPT_flow_mod,7,1,-0.00308173634071823,-0.00482068389874779,0,0,0,0,0,0,0.176652037761558,0
test_id,DS07_id,4,5,LPC_eff_mod,8,1,0,-0.00207898540280625,0,0,0,0,0,0,0.176652037761558,0
test_id,DS07_id,4,5,LPC_flow_mod,9,1,0,-0,0,0,0,0,0,0,0.176652037761558,0
test_id,DS07_id,4,6,HPT_eff_mod,1,1,0,-0,0,0,0,0,0,0,0.0493651634243906,0
test_id,DS07_id,4,6,fan_eff_mod,2,1,0,-0,0,0,0,0,0,0,0.0493651634243906,0
test_id,DS07_id,4,6,fan_flow_mod,3,1,0,-0,0,0,0,0,0,0,0.0493651634243906,0
test_id,DS07_id,4,6,HPC_eff_mod,4,1,0,-0,0,0,0,0,0,0,0.0493651634243906,0
test_id,DS07_id,4,6,HPC_flow_mod,5,1,0,-0,0,0,0,0,0,0,0.0493651634243906,0
test_id,DS07_id,4,6,LPT_eff_mod,6,1,-0.00475042333781978,-0.00497960817045983,0,0,0,0,0,0,0.0493651634243906,0
test_id,DS07_id,4,6,LPT_flow_mod,7,1,-0.00177543799100051,-0.00492048479510902,0,0,0,0,0,0,0.0493651634243906,0
test_id,DS07_id,4,6,LPC_eff_mod,8,1,0,-0.00207898540280625,0,0,0,0,0,0,0.0493651634243906,0
test_id,DS07_id,4,6,LPC_flow_mod,9,1,0,-0,0,0,0,0,0,0,0.0493651634243906,0
test_id,DS07_id,4,7,HPT_eff_mod,1,1,0,-0,0,0,0,0,0,0,0.11476911052124,0
test_id,DS07_id,4,7,fan_eff_mod,2,1,0,-0,0,0,0,0,0,0,0.11476911052124,0
test_id,DS07_id,4,7,fan_flow_mod,3,1,0,-0,0,0,0,0,0,0,0.11476911052124,0
test_id,DS07_id,4,7,HPC_eff_mod,4,1,0,-0,0,0,0,0,0,0,0.11476911052124,0
test_id,DS07_id,4,7,HPC_flow_mod,5,1,0,-0,0,0,0,0,0,0,0.11476911052124,0
test_id,DS07_id,4,7,LPT_eff_mod,6,1,0.0039340078935951,-0.00497960817045983,0,0,0,0,0,0,0.11476911052124,0
test_id,DS07_id,4,7,LPT_flow_mod,7,1,-0.00916994375887732,-0.00935705434383986,0,0,0,0,0,0,0.11476911052124,0
test_id,DS07_id,4,7,LPC_eff_mod,8,1,0,-0.00207898540280625,0,0,0,0,0,0,0.11476911052124,0
test_id,DS07_id,4,7,LPC_flow_mod,9,1,0,-0,0,0,0,0,0,0,0.11476911052124,0
test_id,DS07_id,4,8,HPT_eff_mod,1,1,0,-0,0,0,0,0,0,0,0.12496319086364,0
test_id,DS07_id,4,8,fan_eff_mod,2,1,0,-0,0,0,0,0,0,0,0.12496319086364,0
test_id,DS07_id,4,8,fan_flow_mod,3,1,0,-0,0,0,0,0,0,0,0.12496319086364,0
test_id,DS07_id,4,8,HPC_eff_mod,4,1,0,-0,0,0,0,0,0,0,0.12496319086364,0
test_id,DS07_id,4,8,HPC_flow_mod,5,1,0,-0,0,0,0,0,0,0,0.12496319086364,0
test_id,DS07_id,4,8,LPT_eff_mod,6,1,0.00054312264972009,-0.00497960817045983,0,0,0,0,0,0,0.12496319086364,0
test_id,DS07_id,4,8,LPT_flow_mod,7,1,-0.0079367773475126,-0.00935705434383986,0,0,0,0,0,0,0.12496319086364,0
test_id,DS07_id,4,8,LPC_eff_mod,8,1,0,-0.00207898540280625,0,0,0,0,0,0,0.12496319086364,0
test_id,DS07_id,4,8,LPC_flow_mod,9,1,0,-0,0,0,0,0,0,0,0.12496319086364,0
test_id,DS07_id,4,9,HPT_eff_mod,1,1,0,-0,0,0,0,0,0,0,0.177222661363802,0
test_id,DS07_id,4,9,fan_eff_mod,2,1,0,-0,0,0,0,0,0,0,0.177222661363802,0
test_id,DS07_id,4,9,fan_flow_mod,3,1,0,-0,0,0,0,0,0,0,0.177222661363802,0
test_id,DS07_id,4,9,HPC_eff_mod,4,1,0,-0,0,0,0,0,0,0,0.177222661363802,0
test_id,DS07_id,4,9,HPC_flow_mod,5,1,0,-0,0,0,0,0,0,0,0.177222661363802,0
test_id,DS07_id,4,9,LPT_eff_mod,6,1,-0.00404831781761389,-0.00497960817045983,0,0,0,0,0,0,0.177222661363802,0
test_id,DS07_id,4,9,LPT_flow_mod,7,1,-0.00824166449021832,-0.010216419126683,0,0,0,0,0,0,0.177222661363802,0
test_id,DS07_id,4,9,LPC_eff_mod,8,1,0,-0.00207898540280625,0,0,0,0,0,0,0.177222661363802,0
test_id,DS07_id,4,9,LPC_flow_mod,9,1,0,-0,0,0,0,0,0,0,0.177222661363802,0
test_id,DS07_id,4,10,HPT_eff_mod,1,1,0,-0,0,0,0,0,0,0,0.193092975967282,0
test_id,DS07_id,4,10,fan_eff_mod,2,1,0,-0,0,0,0,0,0,0,0.193092975967282,0
test_id,DS07_id,4,10,fan_flow_mod,3,1,0,-0,0,0,0,0,0,0,0.193092975967282,0
test_id,DS07_id,4,10,HPC_eff_mod,4,1,0,-0,0,0,0,0,0,0,0.193092975967282,0
test_id,DS07_id,4,10,HPC_flow_mod,5,1,0,-0,0,0,0,0,0,0,0.193092975967282,0
test_id,DS07_id,4,10,LPT_eff_mod,6,1,0.00316137783328317,-0.00497960817045983,0,0,0,0,0,0,0.193092975967282,0
test_id,DS07_id,4,10,LPT_flow_mod,7,1,-0.0121804997231322,-0.0108619025600768,0,0,0,0,0,0,0.193092975967282,0
test_id,DS07_id,4,10,LPC_eff_mod,8,1,0,-0.00207898540280625,0,0,0,0,0,0,0.193092975967282,0
test_id,DS07_id,4,10,LPC_flow_mod,9,1,0,-0,0,0,0,0,0,0,0.193092975967282,0
test_id,DS07_id,4,11,HPT_eff_mod,1,1,0,-0,0,0,0,0,0,0,0.133682992786725,0
test_id,DS07_id,4,11,fan_eff_mod,2,1,0,-0,0,0,0,0,0,0,0.133682992786725,0
test_id,DS07_id,4,11,fan_flow_mod,3,1,0,-0,0,0,0,0,0,0,0.133682992786725,0
test_id,DS07_id,4,11,HPC_eff_mod,4,1,0,-0,0,0,0,0,0,0,0.133682992786725,0
test_id,DS07_id,4,11,HPC_flow_mod,5,1,0,-0,0,0,0,0,0,0,0.133682992786725,0
test_id,DS07_id,4,11,LPT_eff_mod,6,1,0.00158413702053393,-0.00497960817045983,0,0,0,0,0,0,0.133682992786725,0
test_id,DS07_id,4,11,LPT_flow_mod,7,1,-0.00657250332607586,-0.0108619025600768,0,0,0,0,0,0,0.133682992786725,0
test_id,DS07_id,4,11,LPC_eff_mod,8,1,0,-0.00207898540280625,0,0,0,0,0,0,0.133682992786725,0
test_id,DS07_id,4,11,LPC_flow_mod,9,1,0,-0,0,0,0,0,0,0,0.133682992786725,0
test_id,DS07_id,4,12,HPT_eff_mod,1,1,0,-0,0,0,0,0,0,0,0.126687778090167,0
test_id,DS07_id,4,12,fan_eff_mod,2,1,0,-0,0,0,0,0,0,0,0.126687778090167,0
test_id,DS07_id,4,12,fan_flow_mod,3,1,0,-0,0,0,0,0,0,0,0.126687778090167,0
test_id,DS07_id,4,12,HPC_eff_mod,4,1,0,-0,0,0,0,0,0,0,0.126687778090167,0
test_id,DS07_id,4,12,HPC_flow_mod,5,1,0,-0,0,0,0,0,0,0,0.126687778090167,0
test_id,DS07_id,4,12,LPT_eff_mod,6,1,-2.02990207231902e-05,-0.00497960817045983,0,0,0,0,0,0,0.126687778090167,0
test_id,DS07_id,4,12,LPT_flow_mod,7,1,-0.00981029239902377,-0.0108619025600768,0,0,0,0,0,0,0.126687778090167,0
test_id,DS07_id,4,12,LPC_eff_mod,8,1,0,-0.00207898540280625,0,0,0,0,0,0,0.126687778090167,0
test_id,DS07_id,4,12,LPC_flow_mod,9,1,0,-0,0,0,0,0,0,0,0.126687778090167,0
test_id,DS07_id,4,13,HPT_eff_mod,1,1,0,-0,0,0,0,0,0,0,0.172937609710136,0
test_id,DS07_id,4,13,fan_eff_mod,2,1,0,-0,0,0,0,0,0,0,0.172937609710136,0
test_id,DS07_id,4,13,fan_flow_mod,3,1,0,-0,0,0,0,0,0,0,0.172937609710136,0
test_id,DS07_id,4,13,HPC_eff_mod,4,1,0,-0,0,0,0,0,0,0,0.172937609710136,0
test_id,DS07_id,4,13,HPC_flow_mod,5,1,0,-0,0,0,0,0,0,0,0.172937609710136,0
test_id,DS07_id,4,13,LPT_eff_mod,6,1,-0.00326353268492383,-0.00599582257461009,0,0,0,0,0,0,0.172937609710136,0
test_id,DS07_id,4,13,LPT_flow_mod,7,1,-0.010656872721621,-0.0108619025600768,0,0,0,0,0,0,0.172937609710136,0
test_id,DS07_id,4,13,LPC_eff_mod,8,1,0,-0.00207898540280625,0,0,0,0,0,0,0.172937609710136,0
test_id,DS07_id,4,13,LPC_flow_mod,9,1,0,-0,0,0,0,0,0,0,0.172937609710136,0
test_id,DS07_id,4,14,HPT_eff_mod,1,1,0,-0,0,0,0,0,0,0,0.119073086179571,0
test_id,DS07_id,4,14,fan_eff_mod,2,1,0,-0,0,0,0,0,0,0,0.119073086179571,0
test_id,DS07_id,4,14,fan_flow_mod,3,1,0,-0,0,0,0,0,0,0,0.119073086179571,0
test_id,DS07_id,4,14,HPC_eff_mod,4,1,0,-0,0,0,0,0,0,0,0.119073086179571,0
test_id,DS07_id,4,14,HPC_flow_mod,5,1,0,-0,0,0,0,0,0,0,0.119073086179571,0
test_id,DS07_id,4,14,LPT_eff_mod,6,1,-0.00579557032866953,-0.00599582257461009,0,0,0,0,0,0,0.119073086179571,0
test_id,DS07_id,4,14,LPT_flow_mod,7,1,-0.0134414719026749,-0.0108619025600768,0,0,0,0,0,0,0.119073086179571,0
test_id,DS07_id,4,14,LPC_eff_mod,8,1,0,-0.00207898540280625,0,0,0,0,0,0,0.119073086179571,0
test_id,DS07_id,4,14,LPC_flow_mod,9,1,0,-0,0,0,0,0,0,0,0.119073086179571,0
test_id,DS07_id,4,15,HPT_eff_mod,1,1,0,-0,0,0,0,0,0,0,0.112997265726254,0
test_id,DS07_id,4,15,fan_eff_mod,2,1,0,-0,0,0,0,0,0,0,0.112997265726254,0
test_id,DS07_id,4,15,fan_flow_mod,3,1,0,-0,0,0,0,0,0,0,0.112997265726254,0
test_id,DS07_id,4,15,HPC_eff_mod,4,1,0,-0,0,0,0,0,0,0,0.112997265726254,0
test_id,DS07_id,4,15,HPC_flow_mod,5,1,0,-0,0,0,0,0,0,0,0.112997265726254,0
test_id,DS07_id,4,15,LPT_eff_mod,6,1,-0.00168017912338228,-0.00599582257461009,0,0,0,0,0,0,0.112997265726254,0
test_id,DS07_id,4,15,LPT_flow_mod,7,1,-0.00697557114390405,-0.0108619025600768,0,0,0,0,0,0,0.112997265726254,0
test_id,DS07_id,4,15,LPC_eff_mod,8,1,0,-0.00207898540280625,0,0,0,0,0,0,0.112997265726254,0
test_id,DS07_id,4,15,LPC_flow_mod,9,1,0,-0,0,0,0,0,0,0,0.112997265726254,0
test_id,DS07_id,4,16,HPT_eff_mod,1,1,0,-0,0,0,0,0,0,0,0.0866837380639947,0
test_id,DS07_id,4,16,fan_eff_mod,2,1,0,-0,0,0,0,0,0,0,0.0866837380639947,0
test_id,DS07_id,4,16,fan_flow_mod,3,1,0,-0,0,0,0,0,0,0,0.0866837380639947,0
test_id,DS07_id,4,16,HPC_eff_mod,4,1,0,-0,0,0,0,0,0,0,0.0866837380639947,0
test_id,DS07_id,4,16,HPC_flow_mod,5,1,0,-0,0,0,0,0,0,0,0.0866837380639947,0
test_id,DS07_id,4,16,LPT_eff_mod,6,1,-0.00141704522285796,-0.00599582257461009,0,0,0,0,0,0,0.0866837380639947,0
test_id,DS07_id,4,16,LPT_flow_mod,7,1,-0.00756566413592636,-0.0108619025600768,0,0,0,0,0,0,0.0866837380639947,0
test_id,DS07_id,4,16,LPC_eff_mod,8,1,0,-0.00207898540280625,0,0,0,0,0,0,0.0866837380639947,0
test_id,DS07_id,4,16,LPC_flow_mod,9,1,0,-0,0,0,0,0,0,0,0.0866837380639947,0
test_id,DS07_id,4,17,HPT_eff_mod,1,1,0,-0,0,0,0,0,0,0,0.181357363219059,0
test_id,DS07_id,4,17,fan_eff_mod,2,1,0,-0,0,0,0,0,0,0,0.181357363219059,0
test_id,DS07_id,4,17,fan_flow_mod,3,1,0,-0,0,0,0,0,0,0,0.181357363219059,0
test_id,DS07_id,4,17,HPC_eff_mod,4,1,0,-0,0,0,0,0,0,0,0.181357363219059,0
test_id,DS07_id,4,17,HPC_flow_mod,5,1,0,-0,0,0,0,0,0,0,0.181357363219059,0
test_id,DS07_id,4,17,LPT_eff_mod,6,1,-0.00720710033413652,-0.0086460818652816,0,0,0,0,0,0,0.181357363219059,0
test_id,DS07_id,4,17,LPT_flow_mod,7,1,-0.0164108115710503,-0.0108619025600768,0,0,0,0,0,0,0.181357363219059,0
test_id,DS07_id,4,17,LPC_eff_mod,8,1,0,-0.00207898540280625,0,0,0,0,0,0,0.181357363219059,0
test_id,DS07_id,4,17,LPC_flow_mod,9,1,0,-0,0,0,0,0,0,0,0.181357363219059,0
test_id,DS07_id,4,18,HPT_eff_mod,1,1,0,-0,0,0,0,0,0,0,0.291579870253932,0
test_id,DS07_id,4,18,fan_eff_mod,2,1,0,-0,0,0,0,0,0,0,0.291579870253932,0
test_id,DS07_id,4,18,fan_flow_mod,3,1,0,-0,0,0,0,0,0,0,0.291579870253932,0
test_id,DS07_id,4,18,HPC_eff_mod,4,1,0,-0,0,0,0,0,0,0,0.291579870253932,0
test_id,DS07_id,4,18,HPC_flow_mod,5,1,0,-0,0,0,0,0,0,0,0.291579870253932,0
test_id,DS07_id,4,18,LPT_eff_mod,6,1,-0.00464466398091831,-0.0110586645832706,0,0,0,0,0,0,0.291579870253932,0
test_id,DS07_id,4,18,LPT_flow_mod,7,1,-0.00673450429363816,-0.0108619025600768,0,0,0,0,0,0,0.291579870253932,0
test_id,DS07_id,4,18,LPC_eff_mod,8,1,0,-0.00207898540280625,0,0,0,0,0,0,0.291579870253932,0
test_id,DS07_id,4,18,LPC_flow_mod,9,1,0,-0,0,0,0,0,0,0,0.291579870253932,0
test_id,DS07_id,4,19,HPT_eff_mod,1,1,0,-0,0,0,0,0,0,0,0.133043189117272,0
test_id,DS07_id,4,19,fan_eff_mod,2,1,0,-0,0,0,0,0,0,0,0.133043189117272,0
test_id,DS07_id,4,19,fan_flow_mod,3,1,0,-0,0,0,0,0,0,0,0.133043189117272,0
test_id,DS07_id,4,19,HPC_eff_mod,4,1,0,-0,0,0,0,0,0,0,0.133043189117272,0
test_id,DS07_id,4,19,HPC_flow_mod,5,1,0,-0,0,0,0,0,0,0,0.133043189117272,0
test_id,DS07_id,4,19,LPT_eff_mod,6,1,-0.00940894459639758,-0.0110586645832706,0,0,0,0,0,0,0.133043189117272,0
test_id,DS07_id,4,19,LPT_flow_mod,7,1,-0.0073453091360707,-0.0108619025600768,0,0,0,0,0,0,0.133043189117272,0
test_id,DS07_id,4,19,LPC_eff_mod,8,1,0,-0.00207898540280625,0,0,0,0,0,0,0.133043189117272,0
test_id,DS07_id,4,19,LPC_flow_mod,9,1,0,-0,0,0,0,0,0,0,0.133043189117272,0
test_id,DS07_id,4,20,HPT_eff_mod,1,1,0,-0,0,0,0,0,0,0,0.136339451242419,0
test_id,DS07_id,4,20,fan_eff_mod,2,1,0,-0,0,0,0,0,0,0,0.136339451242419,0
test_id,DS07_id,4,20,fan_flow_mod,3,1,0,-0,0,0,0,0,0,0,0.136339451242419,0
test_id,DS07_id,4,20,HPC_eff_mod,4,1,0,-0,0,0,0,0,0,0,0.136339451242419,0
test_id,DS07_id,4,20,HPC_flow_mod,5,1,0,-0,0,0,0,0,0,0,0.136339451242419,0
test_id,DS07_id,4,20,LPT_eff_mod,6,1,-0.00556341790835324,-0.0110586645832706,0,0,0,0,0,0,0.136339451242419,0
test_id,DS07_id,4,20,LPT_flow_mod,7,1,-0.013652072480191,-0.0134239297643569,0,0,0,0,0,0,0.136339451242419,0
test_id,DS07_id,4,20,LPC_eff_mod,8,1,0,-0.00207898540280625,0,0,0,0,0,0,0.136339451242419,0
test_id,DS07_id,4,20,LPC_flow_mod,9,1,0,-0,0,0,0,0,0,0,0.136339451242419,0
test_id,DS07_id,4,21,HPT_eff_mod,1,1,0,-0,0,0,0,0,0,0,0.162736370626491,0
test_id,DS07_id,4,21,fan_eff_mod,2,1,0,-0,0,0,0,0,0,0,0.162736370626491,0
test_id,DS07_id,4,21,fan_flow_mod,3,1,0,-0,0,0,0,0,0,0,0.162736370626491,0
test_id,DS07_id,4,21,HPC_eff_mod,4,1,0,-0,0,0,0,0,0,0,0.162736370626491,0
test_id,DS07_id,4,21,HPC_flow_mod,5,1,0,-0,0,0,0,0,0,0,0.162736370626491,0
test_id,DS07_id,4,21,LPT_eff_mod,6,1,-0.00700880704341966,-0.0110586645832706,0,0,0,0,0,0,0.162736370626491,0
test_id,DS07_id,4,21,LPT_flow_mod,7,1,-0.0191414461674339,-0.0134239297643569,0,0,0,0,0,0,0.162736370626491,0
test_id,DS07_id,4,21,LPC_eff_mod,8,1,0,-0.00207898540280625,0,0,0,0,0,0,0.162736370626491,0
test_id,DS07_id,4,21,LPC_flow_mod,9,1,0,-0,0,0,0,0,0,0,0.162736370626491,0
test_id,DS07_id,4,22,HPT_eff_mod,1,1,0,-0,0,0,0,0,0,0,0.127860120567085,0
test_id,DS07_id,4,22,fan_eff_mod,2,1,0,-0,0,0,0,0,0,0,0.127860120567085,0
test_id,DS07_id,4,22,fan_flow_mod,3,1,0,-0,0,0,0,0,0,0,0.127860120567085,0
test_id,DS07_id,4,22,HPC_eff_mod,4,1,0,-0,0,0,0,0,0,0,0.127860120567085,0
test_id,DS07_id,4,22,HPC_flow_mod,5,1,0,-0,0,0,0,0,0,0,0.127860120567085,0
test_id,DS07_id,4,22,LPT_eff_mod,6,1,-0.0120144495132503,-0.0110586645832706,0,0,0,0,0,0,0.127860120567085,0
test_id,DS07_id,4,22,LPT_flow_mod,7,1,-0.00855310567237009,-0.0134239297643569,0,0,0,0,0,0,0.127860120567085,0
test_id,DS07_id,4,22,LPC_eff_mod,8,1,0,-0.00207898540280625,0,0,0,0,0,0,0.127860120567085,0
test_id,DS07_id,4,22,LPC_flow_mod,9,1,0,-0,0,0,0,0,0,0,0.127860120567085,0
test_id,DS07_id,4,23,HPT_eff_mod,1,1,0,-0,0,0,0,0,0,0,0.236143726566618,0
test_id,DS07_id,4,23,fan_eff_mod,2,1,0,-0,0,0,0,0,0,0,0.236143726566618,0
test_id,DS07_id,4,23,fan_flow_mod,3,1,0,-0,0,0,0,0,0,0,0.236143726566618,0
test_id,DS07_id,4,23,HPC_eff_mod,4,1,0,-0,0,0,0,0,0,0,0.236143726566618,0
test_id,DS07_id,4,23,HPC_flow_mod,5,1,0,-0,0,0,0,0,0,0,0.236143726566618,0
test_id,DS07_id,4,23,LPT_eff_mod,6,1,-0.0122077215523936,-0.0110586645832706,0,0,0,0,0,0,0.236143726566618,0
test_id,DS07_id,4,23,LPT_flow_mod,7,1,-0.0172948043373099,-0.0172754675615904,0,0,0,0,0,0,0.236143726566618,0
test_id,DS07_id,4,23,LPC_eff_mod,8,1,0,-0.00207898540280625,0,0,0,0,0,0,0.236143726566618,0
test_id,DS07_id,4,23,LPC_flow_mod,9,1,0,-0,0,0,0,0,0,0,0.236143726566618,0
test_id,DS07_id,4,24,HPT_eff_mod,1,1,0,-0,0,0,0,0,0,0,0.297742574254197,0
test_id,DS07_id,4,24,fan_eff_mod,2,1,0,-0,0,0,0,0,0,0,0.297742574254197,0
test_id,DS07_id,4,24,fan_flow_mod,3,1,0,-0,0,0,0,0,0,0,0.297742574254197,0
test_id,DS07_id,4,24,HPC_eff_mod,4,1,0,-0,0,0,0,0,0,0,0.297742574254197,0
test_id,DS07_id,4,24,HPC_flow_mod,5,1,0,-0,0,0,0,0,0,0,0.297742574254197,0
test_id,DS07_id,4,24,LPT_eff_mod,6,1,-0.0119023405820267,-0.0134825424651689,0,0,0,0,0,0,0.297742574254197,0
test_id,DS07_id,4,24,LPT_flow_mod,7,1,-0.0160497707203496,-0.0172754675615904,0,0,0,0,0,0,0.297742574254197,0
test_id,DS07_id,4,24,LPC_eff_mod,8,1,0,-0.00207898540280625,0,0,0,0,0,0,0.297742574254197,0
test_id,DS07_id,4,24,LPC_flow_mod,9,1,0,-0,0,0,0,0,0,0,0.297742574254197,0
test_id,DS07_id,4,25,HPT_eff_mod,1,1,0,-0,0,0,0,0,0,0,0.16113946337168,0
test_id,DS07_id,4,25,fan_eff_mod,2,1,0,-0,0,0,0,0,0,0,0.16113946337168,0
test_id,DS07_id,4,25,fan_flow_mod,3,1,0,-0,0,0,0,0,0,0,0.16113946337168,0
test_id,DS07_id,4,25,HPC_eff_mod,4,1,0,-0,0,0,0,0,0,0,0.16113946337168,0
test_id,DS07_id,4,25,HPC_flow_mod,5,1,0,-0,0,0,0,0,0,0,0.16113946337168,0
test_id,DS07_id,4,25,LPT_eff_mod,6,1,-0.0048722520369826,-0.0134825424651689,0,0,0,0,0,0,0.16113946337168,0
test_id,DS07_id,4,25,LPT_flow_mod,7,1,-0.0203321090262691,-0.0172754675615904,0,0,0,0,0,0,0.16113946337168,0
test_id,DS07_id,4,25,LPC_eff_mod,8,1,0,-0.00207898540280625,0,0,0,0,0,0,0.16113946337168,0
test_id,DS07_id,4,25,LPC_flow_mod,9,1,0,-0,0,0,0,0,0,0,0.16113946337168,0
test_id,DS07_id,4,26,HPT_eff_mod,1,1,0,-0,0,0,0,0,0,0,0.153756220257627,0
test_id,DS07_id,4,26,fan_eff_mod,2,1,0,-0,0,0,0,0,0,0,0.153756220257627,0
test_id,DS07_id,4,26,fan_flow_mod,3,1,0,-0,0,0,0,0,0,0,0.153756220257627,0
test_id,DS07_id,4,26,HPC_eff_mod,4,1,0,-0,0,0,0,0,0,0,0.153756220257627,0
test_id,DS07_id,4,26,HPC_flow_mod,5,1,0,-0,0,0,0,0,0,0,0.153756220257627,0
test_id,DS07_id,4,26,LPT_eff_mod,6,1,-0.0137531062882843,-0.0134825424651689,0,0,0,0,0,0,0.153756220257627,0
test_id,DS07_id,4,26,LPT_flow_mod,7,1,-0.0140697672257477,-0.0172754675615904,0,0,0,0,0,0,0.153756220257627,0
test_id,DS07_id,4,26,LPC_eff_mod,8,1,0,-0.00207898540280625,0,0,0,0,0,0,0.153756220257627,0
test_id,DS07_id,4,26,LPC_flow_mod,9,1,0,-0,0,0,0,0,0,0,0.153756220257627,0
test_id,DS07_id,4,27,HPT_eff_mod,1,1,0,-0,0,0,0,0,0,0,0.0868246996997306,0
test_id,DS07_id,4,27,fan_eff_mod,2,1,0,-0,0,0,0,0,0,0,0.0868246996997306,0
test_id,DS07_id,4,27,fan_flow_mod,3,1,0,-0,0,0,0,0,0,0,0.0868246996997306,0
test_id,DS07_id,4,27,HPC_eff_mod,4,1,0,-0,0,0,0,0,0,0,0.0868246996997306,0
test_id,DS07_id,4,27,HPC_flow_mod,5,1,0,-0,0,0,0,0,0,0,0.0868246996997306,0
test_id,DS07_id,4,27,LPT_eff_mod,6,1,-0.0150329988289842,-0.0134825424651689,0,0,0,0,0,0,0.0868246996997306,0
test_id,DS07_id,4,27,LPT_flow_mod,7,1,-0.0217880151670592,-0.0172754675615904,0,0,0,0,0,0,0.0868246996997306,0
test_id,DS07_id,4,27,LPC_eff_mod,8,1,0,-0.00207898540280625,0,0,0,0,0,0,0.0868246996997306,0
test_id,DS07_id,4,27,LPC_flow_mod,9,1,0,-0,0,0,0,0,0,0,0.0868246996997306,0
test_id,DS07_id,4,28,HPT_eff_mod,1,1,0,-0,0,0,0,0,0,0,0.126480700632909,0
test_id,DS07_id,4,28,fan_eff_mod,2,1,0,-0,0,0,0,0,0,0,0.126480700632909,0
test_id,DS07_id,4,28,fan_flow_mod,3,1,0,-0,0,0,0,0,0,0,0.126480700632909,0
test_id,DS07_id,4,28,HPC_eff_mod,4,1,0,-0,0,0,0,0,0,0,0.126480700632909,0
test_id,DS07_id,4,28,HPC_flow_mod,5,1,0,-0,0,0,0,0,0,0,0.126480700632909,0
test_id,DS07_id,4,28,LPT_eff_mod,6,1,-0.00788282323733589,-0.0134825424651689,0,0,0,0,0,0,0.126480700632909,0
test_id,DS07_id,4,28,LPT_flow_mod,7,1,-0.0216514630468851,-0.0172754675615904,0,0,0,0,0,0,0.126480700632909,0
test_id,DS07_id,4,28,LPC_eff_mod,8,1,0,-0.00207898540280625,0,0,0,0,0,0,0.126480700632909,0
test_id,DS07_id,4,28,LPC_flow_mod,9,1,0,-0,0,0,0,0,0,0,0.126480700632909,0
test_id,DS07_id,4,29,HPT_eff_mod,1,1,0,-0,0,0,0,0,0,0,0.112460670575747,0
test_id,DS07_id,4,29,fan_eff_mod,2,1,0,-0,0,0,0,0,0,0,0.112460670575747,0
test_id,DS07_id,4,29,fan_flow_mod,3,1,0,-0,0,0,0,0,0,0,0.112460670575747,0
test_id,DS07_id,4,29,HPC_eff_mod,4,1,0,-0,0,0,0,0,0,0,0.112460670575747,0
test_id,DS07_id,4,29,HPC_flow_mod,5,1,0,-0,0,0,0,0,0,0,0.112460670575747,0
test_id,DS07_id,4,29,LPT_eff_mod,6,1,-0.0111493126807365,-0.0134825424651689,0,0,0,0,0,0,0.112460670575747,0
test_id,DS07_id,4,29,LPT_flow_mod,7,1,-0.0136548630305444,-0.0172754675615904,0,0,0,0,0,0,0.112460670575747,0
test_id,DS07_id,4,29,LPC_eff_mod,8,1,0,-0.00207898540280625,0,0,0,0,0,0,0.112460670575747,0
test_id,DS07_id,4,29,LPC_flow_mod,9,1,0,-0,0,0,0,0,0,0,0.112460670575747,0
test_id,DS07_id,4,30,HPT_eff_mod,1,1,0,-0,0,0,0,0,0,0,0.291979076647997,0
test_id,DS07_id,4,30,fan_eff_mod,2,1,0,-0,0,0,0,0,0,0,0.291979076647997,0
test_id,DS07_id,4,30,fan_flow_mod,3,1,0,-0,0,0,0,0,0,0,0.291979076647997,0
test_id,DS07_id,4,30,HPC_eff_mod,4,1,0,-0,0,0,0,0,0,0,0.291979076647997,0
test_id,DS07_id,4,30,HPC_flow_mod,5,1,0,-0,0,0,0,0,0,0,0.291979076647997,0
test_id,DS07_id,4,30,LPT_eff_mod,6,1,-0.0117427115884791,-0.0134825424651689,0,0,0,0,0,0,0.291979076647997,0
test_id,DS07_id,4,30,LPT_flow_mod,7,1,-0.0196613526502976,-0.0172754675615904,0,0,0,0,0,0,0.291979076647997,0
test_id,DS07_id,4,30,LPC_eff_mod,8,1,0,-0.00207898540280625,0,0,0,0,0,0,0.291979076647997,0
test_id,DS07_id,4,30,LPC_flow_mod,9,1,0,-0,0,0,0,0,0,0,0.291979076647997,0
test_id,DS07_id,4,31,HPT_eff_mod,1,1,0,-0,0,0,0,0,0,0,0.250869751532329,0
test_id,DS07_id,4,31,fan_eff_mod,2,1,0,-0,0,0,0,0,0,0,0.250869751532329,0
test_id,DS07_id,4,31,fan_flow_mod,3,1,0,-0,0,0,0,0,0,0,0.250869751532329,0
test_id,DS07_id,4,31,HPC_eff_mod,4,1,0,-0,0,0,0,0,0,0,0.250869751532329,0
test_id,DS07_id,4,31,HPC_flow_mod,5,1,0,-0,0,0,0,0,0,0,0.250869751532329,0
test_id,DS07_id,4,31,LPT_eff_mod,6,1,-0.00823560017422827,-0.0134825424651689,0,0,0,0,0,0,0.250869751532329,0
test_id,DS07_id,4,31,LPT_flow_mod,7,1,-0.0163613244162311,-0.0178320085162918,0,0,0,0,0,0,0.250869751532329,0
test_id,DS07_id,4,31,LPC_eff_mod,8,1,0,-0.00207898540280625,0,0,0,0,0,0,0.250869751532329,0
test_id,DS07_id,4,31,LPC_flow_mod,9,1,0,-0,0,0,0,0,0,0,0.250869751532329,0
test_id,DS07_id,4,32,HPT_eff_mod,1,1,0,-0,0,0,0,0,0,0,0.122370430956527,0
test_id,DS07_id,4,32,fan_eff_mod,2,1,0,-0,0,0,0,0,0,0,0.122370430956527,0
test_id,DS07_id,4,32,fan_flow_mod,3,1,0,-0,0,0,0,0,0,0,0.122370430956527,0
test_id,DS07_id,4,32,HPC_eff_mod,4,1,0,-0,0,0,0,0,0,0,0.122370430956527,0
test_id,DS07_id,4,32,HPC_flow_mod,5,1,0,-0,0,0,0,0,0,0,0.122370430956527,0
test_id,DS07_id,4,32,LPT_eff_mod,6,1,-0.0144754317185286,-0.0134825424651689,0,0,0,0,0,0,0.122370430956527,0
test_id,DS07_id,4,32,LPT_flow_mod,7,1,-0.0241770835818298,-0.0178320085162918,0,0,0,0,0,0,0.122370430956527,0
test_id,DS07_id,4,32,LPC_eff_mod,8,1,0,-0.00207898540280625,0,0,0,0,0,0,0.122370430956527,0
test_id,DS07_id,4,32,LPC_flow_mod,9,1,0,-0,0,0,0,0,0,0,0.122370430956527,0
test_id,DS07_id,4,33,HPT_eff_mod,1,1,0,-0,0,0,0,0,0,0,0.123583401178159,0
test_id,DS07_id,4,33,fan_eff_mod,2,1,0,-0,0,0,0,0,0,0,0.123583401178159,0
test_id,DS07_id,4,33,fan_flow_mod,3,1,0,-0,0,0,0,0,0,0,0.123583401178159,0
test_id,DS07_id,4,33,HPC_eff_mod,4,1,0,-0,0,0,0,0,0,0,0.123583401178159,0
test_id,DS07_id,4,33,HPC_flow_mod,5,1,0,-0,0,0,0,0,0,0,0.123583401178159,0
test_id,DS07_id,4,33,LPT_eff_mod,6,1,-0.0122434623985717,-0.0134825424651689,0,0,0,0,0,0,0.123583401178159,0
test_id,DS07_id,4,33,LPT_flow_mod,7,1,-0.0150848897766751,-0.0178320085162918,0,0,0,0,0,0,0.123583401178159,0
test_id,DS07_id,4,33,LPC_eff_mod,8,1,0,-0.00207898540280625,0,0,0,0,0,0,0.123583401178159,0
test_id,DS07_id,4,33,LPC_flow_mod,9,1,0,-0,0,0,0,0,0,0,0.123583401178159,0
test_id,DS07_id,4,34,HPT_eff_mod,1,1,0,-0,0,0,0,0,0,0,0.108819294403429,0
test_id,DS07_id,4,34,fan_eff_mod,2,1,0,-0,0,0,0,0,0,0,0.108819294403429,0
test_id,DS07_id,4,34,fan_flow_mod,3,1,0,-0,0,0,0,0,0,0,0.108819294403429,0
test_id,DS07_id,4,34,HPC_eff_mod,4,1,0,-0,0,0,0,0,0,0,0.108819294403429,0
test_id,DS07_id,4,34,HPC_flow_mod,5,1,0,-0,0,0,0,0,0,0,0.108819294403429,0
test_id,DS07_id,4,34,LPT_eff_mod,6,1,-0.0136947806669074,-0.0134825424651689,0,0,0,0,0,0,0.108819294403429,0
test_id,DS07_id,4,34,LPT_flow_mod,7,1,-0.0218311460684358,-0.0178320085162918,0,0,0,0,0,0,0.108819294403429,0
test_id,DS07_id,4,34,LPC_eff_mod,8,1,0,-0.00207898540280625,0,0,0,0,0,0,0.108819294403429,0
test_id,DS07_id,4,34,LPC_flow_mod,9,1,0,-0,0,0,0,0,0,0,0.108819294403429,0
test_id,DS07_id,4,35,HPT_eff_mod,1,1,0,-0,0,0,0,0,0,0,0.173740091248723,0
test_id,DS07_id,4,35,fan_eff_mod,2,1,0,-0,0,0,0,0,0,0,0.173740091248723,0
test_id,DS07_id,4,35,fan_flow_mod,3,1,0,-0,0,0,0,0,0,0,0.173740091248723,0
test_id,DS07_id,4,35,HPC_eff_mod,4,1,0,-0,0,0,0,0,0,0,0.173740091248723,0
test_id,DS07_id,4,35,HPC_flow_mod,5,1,0,-0,0,0,0,0,0,0,0.173740091248723,0
test_id,DS07_id,4,35,LPT_eff_mod,6,1,-0.0114643825244433,-0.0134825424651689,0,0,0,0,0,0,0.173740091248723,0
test_id,DS07_id,4,35,LPT_flow_mod,7,1,-0.0224905545281878,-0.0178320085162918,0,0,0,0,0,0,0.173740091248723,0
test_id,DS07_id,4,35,LPC_eff_mod,8,1,0,-0.00207898540280625,0,0,0,0,0,0,0.173740091248723,0
test_id,DS07_id,4,35,LPC_flow_mod,9,1,0,-0,0,0,0,0,0,0,0.173740091248723,0
test_id,DS07_id,4,36,HPT_eff_mod,1,0,0,-0,0,0,0,0,1,0,0.190862206053283,0
test_id,DS07_id,4,36,fan_eff_mod,2,0,0,-0,0,0,0,0,1,0,0.190862206053283,0
test_id,DS07_id,4,36,fan_flow_mod,3,0,0,-0,0,0,0,0,1,0,0.190862206053283,0
test_id,DS07_id,4,36,HPC_eff_mod,4,0,0,-0,0,0,0,0,1,0,0.190862206053283,0
test_id,DS07_id,4,36,HPC_flow_mod,5,0,0,-0,0,0,0,0,1,0,0.190862206053283,0
test_id,DS07_id,4,36,LPT_eff_mod,6,0,-0.0212864425109127,-0.0192055313615504,1,0,1,0,1,0,0.190862206053283,0
test_id,DS07_id,4,36,LPT_flow_mod,7,0,-0.0171682809663965,-0.0178320085162918,1,0,1,0,1,0,0.190862206053283,0
test_id,DS07_id,4,36,LPC_eff_mod,8,0,0,-0.00207898540280625,0,0,0,0,1,0,0.190862206053283,0
test_id,DS07_id,4,36,LPC_flow_mod,9,0,0,-0,0,0,0,0,1,0,0.190862206053283,0
test_id,DS07_id,4,37,HPT_eff_mod,1,0,0,-0,0,0,0,0,1,0,0.109684138097231,0
test_id,DS07_id,4,37,fan_eff_mod,2,0,0,-0,0,0,0,0,1,0,0.109684138097231,0
test_id,DS07_id,4,37,fan_flow_mod,3,0,0,-0,0,0,0,0,1,0,0.109684138097231,0
test_id,DS07_id,4,37,HPC_eff_mod,4,0,0,-0,0,0,0,0,1,0,0.109684138097231,0
test_id,DS07_id,4,37,HPC_flow_mod,5,0,0,-0,0,0,0,0,1,0,0.109684138097231,0
test_id,DS07_id,4,37,LPT_eff_mod,6,0,-0.0132545655526665,-0.0192055313615504,1,0,1,0,1,0,0.109684138097231,0
test_id,DS07_id,4,37,LPT_flow_mod,7,0,-0.021890061229572,-0.0212507655444496,1,0,1,0,1,0,0.109684138097231,0
test_id,DS07_id,4,37,LPC_eff_mod,8,0,0,-0.00207898540280625,0,0,0,0,1,0,0.109684138097231,0
test_id,DS07_id,4,37,LPC_flow_mod,9,0,0,-0,0,0,0,0,1,0,0.109684138097231,0
test_id,DS07_id,4,38,HPT_eff_mod,1,0,0,-0,0,0,0,0,2,0,0.0797797159889293,0
test_id,DS07_id,4,38,fan_eff_mod,2,0,0,-0,0,0,0,0,2,0,0.0797797159889293,0
test_id,DS07_id,4,38,fan_flow_mod,3,0,0,-0,0,0,0,0,2,0,0.0797797159889293,0
test_id,DS07_id,4,38,HPC_eff_mod,4,0,0,-0,0,0,0,0,2,0,0.0797797159889293,0
test_id,DS07_id,4,38,HPC_flow_mod,5,0,0,-0,0,0,0,0,2,0,0.0797797159889293,0
test_id,DS07_id,4,38,LPT_eff_mod,6,0,-0.0157387678595818,-0.0192055313615504,1,0,1,0,2,0,0.0797797159889293,0
test_id,DS07_id,4,38,LPT_flow_mod,7,0,-0.0385814391809227,-0.0329143395729287,1,0,2,0,2,0,0.0797797159889293,0
test_id,DS07_id,4,38,LPC_eff_mod,8,0,0,-0.00207898540280625,0,0,0,0,2,0,0.0797797159889293,0
test_id,DS07_id,4,38,LPC_flow_mod,9,0,0,-0,0,0,0,0,2,0,0.0797797159889293,0
test_id,DS07_id,4,39,HPT_eff_mod,1,0,0,-0,0,0,0,0,2,0,0.162519067402649,0
test_id,DS07_id,4,39,fan_eff_mod,2,0,0,-0,0,0,0,0,2,0,0.162519067402649,0
test_id,DS07_id,4,39,fan_flow_mod,3,0,0,-0,0,0,0,0,2,0,0.162519067402649,0
test_id,DS07_id,4,39,HPC_eff_mod,4,0,0,-0,0,0,0,0,2,0,0.162519067402649,0
test_id,DS07_id,4,39,HPC_flow_mod,5,0,0,-0,0,0,0,0,2,0,0.162519067402649,0
test_id,DS07_id,4,39,LPT_eff_mod,6,0,-0.0150428854783474,-0.0192055313615504,1,0,1,0,2,0,0.162519067402649,0
test_id,DS07_id,4,39,LPT_flow_mod,7,0,-0.0319497074811047,-0.0329143395729287,1,0,2,0,2,0,0.162519067402649,0
test_id,DS07_id,4,39,LPC_eff_mod,8,0,0,-0.00207898540280625,0,0,0,0,2,0,0.162519067402649,0
test_id,DS07_id,4,39,LPC_flow_mod,9,0,0,-0,0,0,0,0,2,0,0.162519067402649,0
test_id,DS07_id,4,40,HPT_eff_mod,1,0,0,-0,0,0,0,0,2,1,0.129822973129398,0
test_id,DS07_id,4,40,fan_eff_mod,2,0,0,-0,0,0,0,0,2,1,0.129822973129398,0
test_id,DS07_id,4,40,fan_flow_mod,3,0,0,-0,0,0,0,0,2,1,0.129822973129398,0
test_id,DS07_id,4,40,HPC_eff_mod,4,0,0,-0,0,0,0,0,2,1,0.129822973129398,0
test_id,DS07_id,4,40,HPC_flow_mod,5,0,0,-0,0,0,0,0,2,1,0.129822973129398,0
test_id,DS07_id,4,40,LPT_eff_mod,6,0,-0.0157127253045456,-0.0192055313615504,1,1,1,1,2,1,0.129822973129398,0
test_id,DS07_id,4,40,LPT_flow_mod,7,0,-0.0337477944152399,-0.0329143395729287,1,0,2,0,2,1,0.129822973129398,0
test_id,DS07_id,4,40,LPC_eff_mod,8,0,0,-0.00207898540280625,0,0,0,0,2,1,0.129822973129398,0
test_id,DS07_id,4,40,LPC_flow_mod,9,0,0,-0,0,0,0,0,2,1,0.129822973129398,0
test_id,DS07_id,4,41,HPT_eff_mod,1,0,0,-0,0,0,0,0,2,1,0.139717817163342,0
test_id,DS07_id,4,41,fan_eff_mod,2,0,0,-0,0,0,0,0,2,1,0.139717817163342,0
test_id,DS07_id,4,41,fan_flow_mod,3,0,0,-0,0,0,0,0,2,1,0.139717817163342,0
test_id,DS07_id,4,41,HPC_eff_mod,4,0,0,-0,0,0,0,0,2,1,0.139717817163342,0
test_id,DS07_id,4,41,HPC_flow_mod,5,0,0,-0,0,0,0,0,2,1,0.139717817163342,0
test_id,DS07_id,4,41,LPT_eff_mod,6,0,-0.0199593941404731,-0.0192055313615504,1,1,1,1,2,1,0.139717817163342,0
test_id,DS07_id,4,41,LPT_flow_mod,7,0,-0.0431967415824148,-0.0329949412821066,1,0,2,0,2,1,0.139717817163342,0
test_id,DS07_id,4,41,LPC_eff_mod,8,0,0,-0.00207898540280625,0,0,0,0,2,1,0.139717817163342,0
test_id,DS07_id,4,41,LPC_flow_mod,9,0,0,-0,0,0,0,0,2,1,0.139717817163342,0
test_id,DS07_id,4,42,HPT_eff_mod,1,0,0,-0,0,0,0,0,2,1,0.107103609160959,0
test_id,DS07_id,4,42,fan_eff_mod,2,0,0,-0,0,0,0,0,2,1,0.107103609160959,0
test_id,DS07_id,4,42,fan_flow_mod,3,0,0,-0,0,0,0,0,2,1,0.107103609160959,0
test_id,DS07_id,4,42,HPC_eff_mod,4,0,0,-0,0,0,0,0,2,1,0.107103609160959,0
test_id,DS07_id,4,42,HPC_flow_mod,5,0,0,-0,0,0,0,0,2,1,0.107103609160959,0
test_id,DS07_id,4,42,LPT_eff_mod,6,0,-0.0184412161166264,-0.0192055313615504,1,1,1,1,2,1,0.107103609160959,0
test_id,DS07_id,4,42,LPT_flow_mod,7,0,-0.0333867104603216,-0.0329949412821066,1,0,2,0,2,1,0.107103609160959,0
test_id,DS07_id,4,42,LPC_eff_mod,8,0,0,-0.00207898540280625,0,0,0,0,2,1,0.107103609160959,0
test_id,DS07_id,4,42,LPC_flow_mod,9,0,0,-0,0,0,0,0,2,1,0.107103609160959,0
test_id,DS07_id,4,43,HPT_eff_mod,1,0,0,-0,0,0,0,0,2,1,0.104400808210855,0
test_id,DS07_id,4,43,fan_eff_mod,2,0,0,-0,0,0,0,0,2,1,0.104400808210855,0
test_id,DS07_id,4,43,fan_flow_mod,3,0,0,-0,0,0,0,0,2,1,0.104400808210855,0
test_id,DS07_id,4,43,HPC_eff_mod,4,0,0,-0,0,0,0,0,2,1,0.104400808210855,0
test_id,DS07_id,4,43,HPC_flow_mod,5,0,0,-0,0,0,0,0,2,1,0.104400808210855,0
test_id,DS07_id,4,43,LPT_eff_mod,6,0,-0.0198918210116371,-0.0192055313615504,1,1,1,1,2,1,0.104400808210855,0
test_id,DS07_id,4,43,LPT_flow_mod,7,0,-0.0425064974029757,-0.0400691779588196,1,0,2,0,2,1,0.104400808210855,0
test_id,DS07_id,4,43,LPC_eff_mod,8,0,0,-0.00207898540280625,0,0,0,0,2,1,0.104400808210855,0
test_id,DS07_id,4,43,LPC_flow_mod,9,0,0,-0,0,0,0,0,2,1,0.104400808210855,0
test_id,DS07_id,4,44,HPT_eff_mod,1,0,0,-0,0,0,0,0,2,1,0.214737911012518,0
test_id,DS07_id,4,44,fan_eff_mod,2,0,0,-0,0,0,0,0,2,1,0.214737911012518,0
test_id,DS07_id,4,44,fan_flow_mod,3,0,0,-0,0,0,0,0,2,1,0.214737911012518,0
test_id,DS07_id,4,44,HPC_eff_mod,4,0,0,-0,0,0,0,0,2,1,0.214737911012518,0
test_id,DS07_id,4,44,HPC_flow_mod,5,0,0,-0,0,0,0,0,2,1,0.214737911012518,0
test_id,DS07_id,4,44,LPT_eff_mod,6,0,-0.0318979904613534,-0.0192055313615504,1,1,2,1,2,1,0.214737911012518,0
test_id,DS07_id,4,44,LPT_flow_mod,7,0,-0.0432039820480353,-0.0400691779588196,1,0,2,0,2,1,0.214737911012518,0
test_id,DS07_id,4,44,LPC_eff_mod,8,0,0,-0.00207898540280625,0,0,0,0,2,1,0.214737911012518,0
test_id,DS07_id,4,44,LPC_flow_mod,9,0,0,-0,0,0,0,0,2,1,0.214737911012518,0
test_id,DS07_id,4,45,HPT_eff_mod,1,0,0,-0,0,0,0,0,2,1,0.1324762318761,0
test_id,DS07_id,4,45,fan_eff_mod,2,0,0,-0,0,0,0,0,2,1,0.1324762318761,0
test_id,DS07_id,4,45,fan_flow_mod,3,0,0,-0,0,0,0,0,2,1,0.1324762318761,0
test_id,DS07_id,4,45,HPC_eff_mod,4,0,0,-0,0,0,0,0,2,1,0.1324762318761,0
test_id,DS07_id,4,45,HPC_flow_mod,5,0,0,-0,0,0,0,0,2,1,0.1324762318761,0
test_id,DS07_id,4,45,LPT_eff_mod,6,0,-0.0225872135517175,-0.0247304613586723,1,1,2,1,2,1,0.1324762318761,0
test_id,DS07_id,4,45,LPT_flow_mod,7,0,-0.0509633012745097,-0.0400691779588196,1,0,2,0,2,1,0.1324762318761,0
test_id,DS07_id,4,45,LPC_eff_mod,8,0,0,-0.00207898540280625,0,0,0,0,2,1,0.1324762318761,0
test_id,DS07_id,4,45,LPC_flow_mod,9,0,0,-0,0,0,0,0,2,1,0.1324762318761,0
test_id,DS07_id,4,46,HPT_eff_mod,1,0,0,-0,0,0,0,0,2,1,0.147016879990871,0
test_id,DS07_id,4,46,fan_eff_mod,2,0,0,-0,0,0,0,0,2,1,0.147016879990871,0
test_id,DS07_id,4,46,fan_flow_mod,3,0,0,-0,0,0,0,0,2,1,0.147016879990871,0
test_id,DS07_id,4,46,HPC_eff_mod,4,0,0,-0,0,0,0,0,2,1,0.147016879990871,0
test_id,DS07_id,4,46,HPC_flow_mod,5,0,0,-0,0,0,0,0,2,1,0.147016879990871,0
test_id,DS07_id,4,46,LPT_eff_mod,6,0,-0.0286112178494669,-0.0247304613586723,1,1,2,1,2,1,0.147016879990871,0
test_id,DS07_id,4,46,LPT_flow_mod,7,0,-0.0384920089515144,-0.0400691779588196,1,0,2,0,2,1,0.147016879990871,0
test_id,DS07_id,4,46,LPC_eff_mod,8,0,0,-0.00207898540280625,0,0,0,0,2,1,0.147016879990871,0
test_id,DS07_id,4,46,LPC_flow_mod,9,0,0,-0,0,0,0,0,2,1,0.147016879990871,0
test_id,DS07_id,4,47,HPT_eff_mod,1,0,0,-0,0,0,0,0,2,2,0.135519063851474,0
test_id,DS07_id,4,47,fan_eff_mod,2,0,0,-0,0,0,0,0,2,2,0.135519063851474,0
test_id,DS07_id,4,47,fan_flow_mod,3,0,0,-0,0,0,0,0,2,2,0.135519063851474,0
test_id,DS07_id,4,47,HPC_eff_mod,4,0,0,-0,0,0,0,0,2,2,0.135519063851474,0
test_id,DS07_id,4,47,HPC_flow_mod,5,0,0,-0,0,0,0,0,2,2,0.135519063851474,0
test_id,DS07_id,4,47,LPT_eff_mod,6,0,-0.0280688070207138,-0.0247304613586723,1,1,2,1,2,2,0.135519063851474,0
test_id,DS07_id,4,47,LPT_flow_mod,7,0,-0.0542633421974755,-0.0544001060097209,1,1,2,2,2,2,0.135519063851474,0
test_id,DS07_id,4,47,LPC_eff_mod,8,0,0,-0.00207898540280625,0,0,0,0,2,2,0.135519063851474,0
test_id,DS07_id,4,47,LPC_flow_mod,9,0,0,-0,0,0,0,0,2,2,0.135519063851474,0
test_id,DS07_id,4,48,HPT_eff_mod,1,0,0,-0,0,0,0,0,2,2,0.0721383656232206,0
test_id,DS07_id,4,48,fan_eff_mod,2,0,0,-0,0,0,0,0,2,2,0.0721383656232206,0
test_id,DS07_id,4,48,fan_flow_mod,3,0,0,-0,0,0,0,0,2,2,0.0721383656232206,0
test_id,DS07_id,4,48,HPC_eff_mod,4,0,0,-0,0,0,0,0,2,2,0.0721383656232206,0
test_id,DS07_id,4,48,HPC_flow_mod,5,0,0,-0,0,0,0,0,2,2,0.0721383656232206,0
test_id,DS07_id,4,48,LPT_eff_mod,6,0,-0.0324013854104698,-0.0247304613586723,1,1,2,1,2,2,0.0721383656232206,0
test_id,DS07_id,4,48,LPT_flow_mod,7,0,-0.0651117621641727,-0.0630272644046963,1,1,2,2,2,2,0.0721383656232206,0
test_id,DS07_id,4,48,LPC_eff_mod,8,0,0,-0.00207898540280625,0,0,0,0,2,2,0.0721383656232206,0
test_id,DS07_id,4,48,LPC_flow_mod,9,0,0,-0,0,0,0,0,2,2,0.0721383656232206,0
test_id,DS07_id,4,49,HPT_eff_mod,1,0,0,-0,0,0,0,0,2,2,0.108994224211555,0
test_id,DS07_id,4,49,fan_eff_mod,2,0,0,-0,0,0,0,0,2,2,0.108994224211555,0
test_id,DS07_id,4,49,fan_flow_mod,3,0,0,-0,0,0,0,0,2,2,0.108994224211555,0
test_id,DS07_id,4,49,HPC_eff_mod,4,0,0,-0,0,0,0,0,2,2,0.108994224211555,0
test_id,DS07_id,4,49,HPC_flow_mod,5,0,0,-0,0,0,0,0,2,2,0.108994224211555,0
test_id,DS07_id,4,49,LPT_eff_mod,6,0,-0.0320023910092724,-0.0247304613586723,1,1,2,1,2,2,0.108994224211555,0
test_id,DS07_id,4,49,LPT_flow_mod,7,0,-0.0710678271693878,-0.0679822279577731,1,1,2,2,2,2,0.108994224211555,0
test_id,DS07_id,4,49,LPC_eff_mod,8,0,0,-0.00207898540280625,0,0,0,0,2,2,0.108994224211555,0
test_id,DS07_id,4,49,LPC_flow_mod,9,0,0,-0,0,0,0,0,2,2,0.108994224211555,0
test_id,DS07_id,4,50,HPT_eff_mod,1,0,0,-0,0,0,0,0,2,2,0.0896714608522989,0
test_id,DS07_id,4,50,fan_eff_mod,2,0,0,-0,0,0,0,0,2,2,0.0896714608522989,0
test_id,DS07_id,4,50,fan_flow_mod,3,0,0,-0,0,0,0,0,2,2,0.0896714608522989,0
test_id,DS07_id,4,50,HPC_eff_mod,4,0,0,-0,0,0,0,0,2,2,0.0896714608522989,0
test_id,DS07_id,4,50,HPC_flow_mod,5,0,0,-0,0,0,0,0,2,2,0.0896714608522989,0
test_id,DS07_id,4,50,LPT_eff_mod,6,0,-0.035970781966533,-0.029296055113351,1,1,2,2,2,2,0.0896714608522989,0
test_id,DS07_id,4,50,LPT_flow_mod,7,0,-0.0731627257464354,-0.0679822279577731,1,1,2,2,2,2,0.0896714608522989,0
test_id,DS07_id,4,50,LPC_eff_mod,8,0,0,-0.00207898540280625,0,0,0,0,2,2,0.0896714608522989,0
test_id,DS07_id,4,50,LPC_flow_mod,9,0,0,-0,0,0,0,0,2,2,0.0896714608522989,0
test_id,DS07_id,4,51,HPT_eff_mod,1,0,0,-0,0,0,0,0,2,2,0.121919010207971,0
test_id,DS07_id,4,51,fan_eff_mod,2,0,0,-0,0,0,0,0,2,2,0.121919010207971,0
test_id,DS07_id,4,51,fan_flow_mod,3,0,0,-0,0,0,0,0,2,2,0.121919010207971,0
test_id,DS07_id,4,51,HPC_eff_mod,4,0,0,-0,0,0,0,0,2,2,0.121919010207971,0
test_id,DS07_id,4,51,HPC_flow_mod,5,0,0,-0,0,0,0,0,2,2,0.121919010207971,0
test_id,DS07_id,4,51,LPT_eff_mod,6,0,-0.0349178742147009,-0.029296055113351,1,1,2,2,2,2,0.121919010207971,0
test_id,DS07_id,4,51,LPT_flow_mod,7,0,-0.0740749979031951,-0.0679822279577731,1,1,2,2,2,2,0.121919010207971,0
test_id,DS07_id,4,51,LPC_eff_mod,8,0,0,-0.00207898540280625,0,0,0,0,2,2,0.121919010207971,0
test_id,DS07_id,4,51,LPC_flow_mod,9,0,0,-0,0,0,0,0,2,2,0.121919010207971,0
test_id,DS07_id,4,52,HPT_eff_mod,1,0,0,-0,0,0,0,0,2,2,0.0889547866722167,0
test_id,DS07_id,4,52,fan_eff_mod,2,0,0,-0,0,0,0,0,2,2,0.0889547866722167,0
test_id,DS07_id,4,52,fan_flow_mod,3,0,0,-0,0,0,0,0,2,2,0.0889547866722167,0
test_id,DS07_id,4,52,HPC_eff_mod,4,0,0,-0,0,0,0,0,2,2,0.0889547866722167,0
test_id,DS07_id,4,52,HPC_flow_mod,5,0,0,-0,0,0,0,0,2,2,0.0889547866722167,0
test_id,DS07_id,4,52,LPT_eff_mod,6,0,-0.0407491445280722,-0.0378552601987185,1,1,2,2,2,2,0.0889547866722167,0
test_id,DS07_id,4,52,LPT_flow_mod,7,0,-0.0684803576034984,-0.0679822279577731,1,1,2,2,2,2,0.0889547866722167,0
test_id,DS07_id,4,52,LPC_eff_mod,8,0,0,-0.00207898540280625,0,0,0,0,2,2,0.0889547866722167,0
test_id,DS07_id,4,52,LPC_flow_mod,9,0,0,-0,0,0,0,0,2,2,0.0889547866722167,0
test_id,DS07_id,4,53,HPT_eff_mod,1,0,0,-0,0,0,0,0,2,2,0.124504210638251,0
test_id,DS07_id,4,53,fan_eff_mod,2,0,0,-0,0,0,0,0,2,2,0.124504210638251,0
test_id,DS07_id,4,53,fan_flow_mod,3,0,0,-0,0,0,0,0,2,2,0.124504210638251,0
test_id,DS07_id,4,53,HPC_eff_mod,4,0,0,-0,0,0,0,0,2,2,0.124504210638251,0
test_id,DS07_id,4,53,HPC_flow_mod,5,0,0,-0,0,0,0,0,2,2,0.124504210638251,0
test_id,DS07_id,4,53,LPT_eff_mod,6,0,-0.0411473313630473,-0.0378552601987185,1,1,2,2,2,2,0.124504210638251,0
test_id,DS07_id,4,53,LPT_flow_mod,7,0,-0.0994372770005234,-0.0970558364453295,1,1,2,2,2,2,0.124504210638251,0
test_id,DS07_id,4,53,LPC_eff_mod,8,0,0,-0.00207898540280625,0,0,0,0,2,2,0.124504210638251,0
test_id,DS07_id,4,53,LPC_flow_mod,9,0,0,-0,0,0,0,0,2,2,0.124504210638251,0
test_id,DS07_id,4,54,HPT_eff_mod,1,0,0,-0.000437848423638508,0,0,0,0,2,2,0.118198132301689,0
test_id,DS07_id,4,54,fan_eff_mod,2,0,0,-0,0,0,0,0,2,2,0.118198132301689,0
test_id,DS07_id,4,54,fan_flow_mod,3,0,0,-0,0,0,0,0,2,2,0.118198132301689,0
test_id,DS07_id,4,54,HPC_eff_mod,4,0,0,-0,0,0,0,0,2,2,0.118198132301689,0
test_id,DS07_id,4,54,HPC_flow_mod,5,0,0,-0,0,0,0,0,2,2,0.118198132301689,0
test_id,DS07_id,4,54,LPT_eff_mod,6,0,-0.0460261204334885,-0.0419321199789544,1,1,2,2,2,2,0.118198132301689,0
test_id,DS07_id,4,54,LPT_flow_mod,7,0,-0.108132503344929,-0.0970558364453295,1,1,2,2,2,2,0.118198132301689,0
test_id,DS07_id,4,54,LPC_eff_mod,8,0,0,-0.00207898540280625,0,0,0,0,2,2,0.118198132301689,0
test_id,DS07_id,4,54,LPC_flow_mod,9,0,0,-0,0,0,0,0,2,2,0.118198132301689,0
test_id,DS07_id,4,55,HPT_eff_mod,1,0,0,-0.000437848423638508,0,0,0,0,2,2,0.113050168299042,0
test_id,DS07_id,4,55,fan_eff_mod,2,0,0,-0,0,0,0,0,2,2,0.113050168299042,0
test_id,DS07_id,4,55,fan_flow_mod,3,0,0,-0,0,0,0,0,2,2,0.113050168299042,0
test_id,DS07_id,4,55,HPC_eff_mod,4,0,0,-0,0,0,0,0,2,2,0.113050168299042,0
test_id,DS07_id,4,55,HPC_flow_mod,5,0,0,-0,0,0,0,0,2,2,0.113050168299042,0
test_id,DS07_id,4,55,LPT_eff_mod,6,0,-0.0521529994134576,-0.0419321199789544,1,1,2,2,2,2,0.113050168299042,0
test_id,DS07_id,4,55,LPT_flow_mod,7,0,-0.107480729539336,-0.0970558364453295,1,1,2,2,2,2,0.113050168299042,0
test_id,DS07_id,4,55,LPC_eff_mod,8,0,0,-0.00207898540280625,0,0,0,0,2,2,0.113050168299042,0
test_id,DS07_id,4,55,LPC_flow_mod,9,0,0,-0,0,0,0,0,2,2,0.113050168299042,0
test_id,DS07_id,4,56,HPT_eff_mod,1,0,0,-0.000437848423638508,0,0,0,0,2,2,0.232361402815931,0
test_id,DS07_id,4,56,fan_eff_mod,2,0,0,-0,0,0,0,0,2,2,0.232361402815931,0
test_id,DS07_id,4,56,fan_flow_mod,3,0,0,-0,0,0,0,0,2,2,0.232361402815931,0
test_id,DS07_id,4,56,HPC_eff_mod,4,0,0,-0,0,0,0,0,2,2,0.232361402815931,0
test_id,DS07_id,4,56,HPC_flow_mod,5,0,0,-0,0,0,0,0,2,2,0.232361402815931,0
test_id,DS07_id,4,56,LPT_eff_mod,6,0,-0.0527856343454618,-0.0419321199789544,1,1,2,2,2,2,0.232361402815931,0
test_id,DS07_id,4,56,LPT_flow_mod,7,0,-0.119591134284515,-0.115140290773759,1,1,2,2,2,2,0.232361402815931,0
test_id,DS07_id,4,56,LPC_eff_mod,8,0,0,-0.00207898540280625,0,0,0,0,2,2,0.232361402815931,0
test_id,DS07_id,4,56,LPC_flow_mod,9,0,0,-0,0,0,0,0,2,2,0.232361402815931,0
test_id,DS07_id,4,57,HPT_eff_mod,1,0,0,-0.000437848423638508,0,0,0,0,2,2,0.0891396580912117,0
test_id,DS07_id,4,57,fan_eff_mod,2,0,0,-0,0,0,0,0,2,2,0.0891396580912117,0
test_id,DS07_id,4,57,fan_flow_mod,3,0,0,-0,0,0,0,0,2,2,0.0891396580912117,0
test_id,DS07_id,4,57,HPC_eff_mod,4,0,0,-0,0,0,0,0,2,2,0.0891396580912117,0
test_id,DS07_id,4,57,HPC_flow_mod,5,0,0,-0,0,0,0,0,2,2,0.0891396580912117,0
test_id,DS07_id,4,57,LPT_eff_mod,6,0,-0.0595732616030294,-0.0492282910300259,1,1,2,2,2,2,0.0891396580912117,0
test_id,DS07_id,4,57,LPT_flow_mod,7,0,-0.123371992333494,-0.115140290773759,1,1,2,2,2,2,0.0891396580912117,0
test_id,DS07_id,4,57,LPC_eff_mod,8,0,0,-0.00207898540280625,0,0,0,0,2,2,0.0891396580912117,0
test_id,DS07_id,4,57,LPC_flow_mod,9,0,0,-0,0,0,0,0,2,2,0.0891396580912117,0
test_id,DS07_id,4,58,HPT_eff_mod,1,0,0,-0.0159935872572987,0,0,0,0,2,2,0.0790590692797458,0
test_id,DS07_id,4,58,fan_eff_mod,2,0,0,-0,0,0,0,0,2,2,0.0790590692797458,0
test_id,DS07_id,4,58,fan_flow_mod,3,0,0,-0,0,0,0,0,2,2,0.0790590692797458,0
test_id,DS07_id,4,58,HPC_eff_mod,4,0,0,-0,0,0,0,0,2,2,0.0790590692797458,0
test_id,DS07_id,4,58,HPC_flow_mod,5,0,0,-0,0,0,0,0,2,2,0.0790590692797458,0
test_id,DS07_id,4,58,LPT_eff_mod,6,0,-0.0640490917917849,-0.0510944742740579,1,1,2,2,2,2,0.0790590692797458,0
test_id,DS07_id,4,58,LPT_flow_mod,7,0,-0.145765111165041,-0.115140290773759,1,1,2,2,2,2,0.0790590692797458,0
test_id,DS07_id,4,58,LPC_eff_mod,8,0,0,-0.00207898540280625,0,0,0,0,2,2,0.0790590692797458,0
test_id,DS07_id,4,58,LPC_flow_mod,9,0,0,-0,0,0,0,0,2,2,0.0790590692797458,0
test_id,DS07_id,4,59,HPT_eff_mod,1,0,0,-0.0159935872572987,0,0,0,0,3,2,0.115305836507501,0
test_id,DS07_id,4,59,fan_eff_mod,2,0,0,-0,0,0,0,0,3,2,0.115305836507501,0
test_id,DS07_id,4,59,fan_flow_mod,3,0,0,-0,0,0,0,0,3,2,0.115305836507501,0
test_id,DS07_id,4,59,HPC_eff_mod,4,0,0,-0,0,0,0,0,3,2,0.115305836507501,0
test_id,DS07_id,4,59,HPC_flow_mod,5,0,0,-0,0,0,0,0,3,2,0.115305836507501,0
test_id,DS07_id,4,59,LPT_eff_mod,6,0,-0.0650569768232882,-0.0586036353174467,1,1,2,2,3,2,0.115305836507501,0
test_id,DS07_id,4,59,LPT_flow_mod,7,0,-0.14742195639413,-0.115140290773759,1,1,3,2,3,2,0.115305836507501,0
test_id,DS07_id,4,59,LPC_eff_mod,8,0,0,-0.00207898540280625,0,0,0,0,3,2,0.115305836507501,0
test_id,DS07_id,4,59,LPC_flow_mod,9,0,0,-0,0,0,0,0,3,2,0.115305836507501,0
test_id,DS07_id,4,60,HPT_eff_mod,1,0,0,-0.0260503066237481,0,0,0,0,3,2,0.134316244175563,0
test_id,DS07_id,4,60,fan_eff_mod,2,0,0,-0,0,0,0,0,3,2,0.134316244175563,0
test_id,DS07_id,4,60,fan_flow_mod,3,0,0,-0,0,0,0,0,3,2,0.134316244175563,0
test_id,DS07_id,4,60,HPC_eff_mod,4,0,0,-0,0,0,0,0,3,2,0.134316244175563,0
test_id,DS07_id,4,60,HPC_flow_mod,5,0,0,-0,0,0,0,0,3,2,0.134316244175563,0
test_id,DS07_id,4,60,LPT_eff_mod,6,0,-0.0732512136082051,-0.0586036353174467,1,1,2,2,3,2,0.134316244175563,0
test_id,DS07_id,4,60,LPT_flow_mod,7,0,-0.165967641476159,-0.131534312839016,1,1,3,2,3,2,0.134316244175563,0
test_id,DS07_id,4,60,LPC_eff_mod,8,0,0,-0.00207898540280625,0,0,0,0,3,2,0.134316244175563,0
test_id,DS07_id,4,60,LPC_flow_mod,9,0,0,-0,0,0,0,0,3,2,0.134316244175563,0
test_id,DS07_id,4,61,HPT_eff_mod,1,0,0,-0.029357769323032,0,0,0,0,3,2,0.113513475248765,0
test_id,DS07_id,4,61,fan_eff_mod,2,0,0,-0,0,0,0,0,3,2,0.113513475248765,0
test_id,DS07_id,4,61,fan_flow_mod,3,0,0,-0,0,0,0,0,3,2,0.113513475248765,0
test_id,DS07_id,4,61,HPC_eff_mod,4,0,0,-0,0,0,0,0,3,2,0.113513475248765,0
test_id,DS07_id,4,61,HPC_flow_mod,5,0,0,-0,0,0,0,0,3,2,0.113513475248765,0
test_id,DS07_id,4,61,LPT_eff_mod,6,0,-0.07339886989218,-0.0586036353174467,1,1,2,2,3,2,0.113513475248765,0
test_id,DS07_id,4,61,LPT_flow_mod,7,0,-0.183919082806534,-0.131975627987477,1,1,3,2,3,2,0.113513475248765,0
test_id,DS07_id,4,61,LPC_eff_mod,8,0,0,-0.00207898540280625,0,0,0,0,3,2,0.113513475248765,0
test_id,DS07_id,4,61,LPC_flow_mod,9,0,0,-0,0,0,0,0,3,2,0.113513475248765,0
test_id,DS07_id,4,62,HPT_eff_mod,1,0,0,-0.029357769323032,0,1,0,2,3,2,0.113941382170049,0
test_id,DS07_id,4,62,fan_eff_mod,2,0,0,-0,0,0,0,0,3,2,0.113941382170049,0
test_id,DS07_id,4,62,fan_flow_mod,3,0,0,-0,0,0,0,0,3,2,0.113941382170049,0
test_id,DS07_id,4,62,HPC_eff_mod,4,0,0,-0,0,0,0,0,3,2,0.113941382170049,0
test_id,DS07_id,4,62,HPC_flow_mod,5,0,0,-0,0,0,0,0,3,2,0.113941382170049,0
test_id,DS07_id,4,62,LPT_eff_mod,6,0,-0.0834541216105005,-0.0586036353174467,1,1,2,2,3,2,0.113941382170049,0
test_id,DS07_id,4,62,LPT_flow_mod,7,0,-0.192879936062534,-0.144047116569495,1,1,3,2,3,2,0.113941382170049,0
test_id,DS07_id,4,62,LPC_eff_mod,8,0,0,-0.00207898540280625,0,0,0,0,3,2,0.113941382170049,0
test_id,DS07_id,4,62,LPC_flow_mod,9,0,0,-0,0,0,0,0,3,2,0.113941382170049,0
test_id,DS07_id,4,63,HPT_eff_mod,1,0,0,-0.0394990790865967,0,1,0,2,3,3,0.168583710801821,0
test_id,DS07_id,4,63,fan_eff_mod,2,0,0,-0,0,0,0,0,3,3,0.168583710801821,0
test_id,DS07_id,4,63,fan_flow_mod,3,0,0,-0,0,0,0,0,3,3,0.168583710801821,0
test_id,DS07_id,4,63,HPC_eff_mod,4,0,0,-0,0,0,0,0,3,3,0.168583710801821,0
test_id,DS07_id,4,63,HPC_flow_mod,5,0,0,-0,0,0,0,0,3,3,0.168583710801821,0
test_id,DS07_id,4,63,LPT_eff_mod,6,0,-0.0838247935712537,-0.0586036353174467,1,1,2,2,3,3,0.168583710801821,0
test_id,DS07_id,4,63,LPT_flow_mod,7,0,-0.222130458233665,-0.16664073964814,1,1,3,3,3,3,0.168583710801821,0
test_id,DS07_id,4,63,LPC_eff_mod,8,0,0,-0.00207898540280625,0,0,0,0,3,3,0.168583710801821,0
test_id,DS07_id,4,63,LPC_flow_mod,9,0,0,-0,0,0,0,0,3,3,0.168583710801821,0
test_id,DS07_id,4,64,HPT_eff_mod,1,0,0,-0.0417206369707088,0,1,0,2,3,3,0.0972331568806971,0
test_id,DS07_id,4,64,fan_eff_mod,2,0,0,-0,0,0,0,0,3,3,0.0972331568806971,0
test_id,DS07_id,4,64,fan_flow_mod,3,0,0,-0,0,0,0,0,3,3,0.0972331568806971,0
test_id,DS07_id,4,64,HPC_eff_mod,4,0,0,-0.000860708319868389,0,0,0,0,3,3,0.0972331568806971,0
test_id,DS07_id,4,64,HPC_flow_mod,5,0,0,-0,0,0,0,0,3,3,0.0972331568806971,0
test_id,DS07_id,4,64,LPT_eff_mod,6,0,-0.092119828929952,-0.060219758639983,1,1,2,2,3,3,0.0972331568806971,0
test_id,DS07_id,4,64,LPT_flow_mod,7,0,-0.231994333266464,-0.16664073964814,1,1,3,3,3,3,0.0972331568806971,0
test_id,DS07_id,4,64,LPC_eff_mod,8,0,0,-0.00207898540280625,0,0,0,0,3,3,0.0972331568806971,0
test_id,DS07_id,4,64,LPC_flow_mod,9,0,0,-0,0,0,0,0,3,3,0.0972331568806971,0
test_id,DS07_id,4,65,HPT_eff_mod,1,0,0,-0.0655153598588712,0,1,0,2,3,3,0.0758400668049205,0
test_id,DS07_id,4,65,fan_eff_mod,2,0,0,-0,0,0,0,0,3,3,0.0758400668049205,0
test_id,DS07_id,4,65,fan_flow_mod,3,0,0,-0,0,0,0,0,3,3,0.0758400668049205,0
test_id,DS07_id,4,65,HPC_eff_mod,4,0,0,-0.00215087575125235,0,0,0,0,3,3,0.0758400668049205,0
test_id,DS07_id,4,65,HPC_flow_mod,5,0,0,-0,0,0,0,0,3,3,0.0758400668049205,0
test_id,DS07_id,4,65,LPT_eff_mod,6,0,-0.100044587168645,-0.060219758639983,1,1,2,2,3,3,0.0758400668049205,0
test_id,DS07_id,4,65,LPT_flow_mod,7,0,-0.26274514680858,-0.16721986466672,1,1,3,3,3,3,0.0758400668049205,0
test_id,DS07_id,4,65,LPC_eff_mod,8,0,0,-0.00207898540280625,0,0,0,0,3,3,0.0758400668049205,0
test_id,DS07_id,4,65,LPC_flow_mod,9,0,0,-0,0,0,0,0,3,3,0.0758400668049205,0
test_id,DS07_id,4,66,HPT_eff_mod,1,0,0,-0.0655153598588712,0,1,0,2,3,3,0.0884736891455507,0
test_id,DS07_id,4,66,fan_eff_mod,2,0,0,-0,0,0,0,0,3,3,0.0884736891455507,0
test_id,DS07_id,4,66,fan_flow_mod,3,0,0,-0,0,0,0,0,3,3,0.0884736891455507,0
test_id,DS07_id,4,66,HPC_eff_mod,4,0,0,-0.00215087575125235,0,0,0,0,3,3,0.0884736891455507,0
test_id,DS07_id,4,66,HPC_flow_mod,5,0,0,-0,0,0,0,0,3,3,0.0884736891455507,0
test_id,DS07_id,4,66,LPT_eff_mod,6,0,-0.106675443570608,-0.060219758639983,1,1,2,2,3,3,0.0884736891455507,0
test_id,DS07_id,4,66,LPT_flow_mod,7,0,-0.284664101898806,-0.195461535301164,1,1,3,3,3,3,0.0884736891455507,0
test_id,DS07_id,4,66,LPC_eff_mod,8,0,0,-0.00207898540280625,0,0,0,0,3,3,0.0884736891455507,0
test_id,DS07_id,4,66,LPC_flow_mod,9,0,0,-0,0,0,0,0,3,3,0.0884736891455507,0
test_id,DS07_id,4,67,HPT_eff_mod,1,0,0,-0.0856193955687212,0,1,0,2,3,3,0.149780451364238,0
test_id,DS07_id,4,67,fan_eff_mod,2,0,0,-0,0,0,0,0,3,3,0.149780451364238,0
test_id,DS07_id,4,67,fan_flow_mod,3,0,0,-0,0,0,0,0,3,3,0.149780451364238,0
test_id,DS07_id,4,67,HPC_eff_mod,4,0,0,-0.00215087575125235,0,0,0,0,3,3,0.149780451364238,0
test_id,DS07_id,4,67,HPC_flow_mod,5,0,0,-0,0,0,0,0,3,3,0.149780451364238,0
test_id,DS07_id,4,67,LPT_eff_mod,6,0,-0.11337498580478,-0.0605712293947728,1,1,2,2,3,3,0.149780451364238,0
test_id,DS07_id,4,67,LPT_flow_mod,7,0,-0.306999249145074,-0.195461535301164,1,1,3,3,3,3,0.149780451364238,0
test_id,DS07_id,4,67,LPC_eff_mod,8,0,0,-0.00207898540280625,0,0,0,0,3,3,0.149780451364238,0
test_id,DS07_id,4,67,LPC_flow_mod,9,0,0,-0,0,0,0,0,3,3,0.149780451364238,0
test_id,DS07_id,4,68,HPT_eff_mod,1,0,0,-0.0856193955687212,0,1,0,2,3,3,0.111575251679234,0
test_id,DS07_id,4,68,fan_eff_mod,2,0,0,-0,0,0,0,0,3,3,0.111575251679234,0
test_id,DS07_id,4,68,fan_flow_mod,3,0,0,-0,0,0,0,0,3,3,0.111575251679234,0
test_id,DS07_id,4,68,HPC_eff_mod,4,0,0,-0.00456986296035197,0,0,0,0,3,3,0.111575251679234,0
test_id,DS07_id,4,68,HPC_flow_mod,5,0,0,-0,0,0,0,0,3,3,0.111575251679234,0
test_id,DS07_id,4,68,LPT_eff_mod,6,0,-0.118280469715784,-0.0605712293947728,1,1,2,2,3,3,0.111575251679234,0
test_id,DS07_id,4,68,LPT_flow_mod,7,0,-0.341496606267567,-0.222688619675294,1,1,3,3,3,3,0.111575251679234,0
test_id,DS07_id,4,68,LPC_eff_mod,8,0,0,-0.00207898540280625,0,0,0,0,3,3,0.111575251679234,0
test_id,DS07_id,4,68,LPC_flow_mod,9,0,0,-0,0,0,0,0,3,3,0.111575251679234,0
test_id,DS07_id,4,69,HPT_eff_mod,1,0,0,-0.115271623455281,0,1,0,2,3,3,0.0883717967967676,0
test_id,DS07_id,4,69,fan_eff_mod,2,0,0,-0,0,0,0,0,3,3,0.0883717967967676,0
test_id,DS07_id,4,69,fan_flow_mod,3,0,0,-0,0,0,0,0,3,3,0.0883717967967676,0
test_id,DS07_id,4,69,HPC_eff_mod,4,0,0,-0.00456986296035197,0,0,0,0,3,3,0.0883717967967676,0
test_id,DS07_id,4,69,HPC_flow_mod,5,0,0,-0,0,0,0,0,3,3,0.0883717967967676,0
test_id,DS07_id,4,69,LPT_eff_mod,6,0,-0.122333255326871,-0.0605712293947728,1,1,2,2,3,3,0.0883717967967676,0
test_id,DS07_id,4,69,LPT_flow_mod,7,0,-0.380025126582005,-0.222688619675294,1,1,3,3,3,3,0.0883717967967676,0
test_id,DS07_id,4,69,LPC_eff_mod,8,0,0,-0.00207898540280625,0,0,0,0,3,3,0.0883717967967676,0
test_id,DS07_id,4,69,LPC_flow_mod,9,0,0,-0,0,0,0,0,3,3,0.0883717967967676,0
test_id,DS07_id,4,70,HPT_eff_mod,1,0,0,-0.119871772705117,0,1,0,2,3,3,0.0974778164770341,0
test_id,DS07_id,4,70,fan_eff_mod,2,0,0,-0,0,0,0,0,3,3,0.0974778164770341,0
test_id,DS07_id,4,70,fan_flow_mod,3,0,0,-0,0,0,0,0,3,3,0.0974778164770341,0
test_id,DS07_id,4,70,HPC_eff_mod,4,0,0,-0.00456986296035197,0,0,0,0,3,3,0.0974778164770341,0
test_id,DS07_id,4,70,HPC_flow_mod,5,0,0,-0,0,0,0,0,3,3,0.0974778164770341,0
test_id,DS07_id,4,70,LPT_eff_mod,6,0,-0.135618550104736,-0.0605712293947728,1,1,2,2,3,3,0.0974778164770341,0
test_id,DS07_id,4,70,LPT_flow_mod,7,0,-0.40135994517455,-0.246212297279838,1,1,3,3,3,3,0.0974778164770341,0
test_id,DS07_id,4,70,LPC_eff_mod,8,0,0,-0.00207898540280625,0,0,0,0,3,3,0.0974778164770341,0
test_id,DS07_id,4,70,LPC_flow_mod,9,0,0,-0,0,0,0,0,3,3,0.0974778164770341,0
test_id,DS07_id,4,71,HPT_eff_mod,1,0,0,-0.133755871851485,0,1,0,2,3,3,0.087922973272766,0
test_id,DS07_id,4,71,fan_eff_mod,2,0,0,-0,0,0,0,0,3,3,0.087922973272766,0
test_id,DS07_id,4,71,fan_flow_mod,3,0,0,-0,0,0,0,0,3,3,0.087922973272766,0
test_id,DS07_id,4,71,HPC_eff_mod,4,0,0,-0.0050640977623506,0,0,0,0,3,3,0.087922973272766,0
test_id,DS07_id,4,71,HPC_flow_mod,5,0,0,-0,0,0,0,0,3,3,0.087922973272766,0
test_id,DS07_id,4,71,LPT_eff_mod,6,0,-0.143794844201106,-0.0605712293947728,1,1,2,2,3,3,0.087922973272766,0
test_id,DS07_id,4,71,LPT_flow_mod,7,0,-0.44926201187597,-0.279362555923449,1,1,3,3,3,3,0.087922973272766,0
test_id,DS07_id,4,71,LPC_eff_mod,8,0,0,-0.00207898540280625,0,0,0,0,3,3,0.087922973272766,0
test_id,DS07_id,4,71,LPC_flow_mod,9,0,0,-0,0,0,0,0,3,3,0.087922973272766,0
test_id,DS07_id,4,72,HPT_eff_mod,1,0,0,-0.162764861431554,0,1,0,3,3,3,0.095325474195184,0
test_id,DS07_id,4,72,fan_eff_mod,2,0,0,-0,0,0,0,0,3,3,0.095325474195184,0
test_id,DS07_id,4,72,fan_flow_mod,3,0,0,-0,0,0,0,0,3,3,0.095325474195184,0
test_id,DS07_id,4,72,HPC_eff_mod,4,0,0,-0.00784920776203587,0,0,0,0,3,3,0.095325474195184,0
test_id,DS07_id,4,72,HPC_flow_mod,5,0,0,-0,0,0,0,0,3,3,0.095325474195184,0
test_id,DS07_id,4,72,LPT_eff_mod,6,0,-0.155365938632898,-0.0605712293947728,1,1,3,2,3,3,0.095325474195184,0
test_id,DS07_id,4,72,LPT_flow_mod,7,0,-0.502210468161772,-0.296710532295497,1,1,3,3,3,3,0.095325474195184,0
test_id,DS07_id,4,72,LPC_eff_mod,8,0,0,-0.00207898540280625,0,0,0,0,3,3,0.095325474195184,0
test_id,DS07_id,4,72,LPC_flow_mod,9,0,0,-0,0,0,0,0,3,3,0.095325474195184,0
test_id,DS07_id,4,73,HPT_eff_mod,1,0,0,-0.180619622491568,0,1,0,3,3,3,0.12220405059568,0
test_id,DS07_id,4,73,fan_eff_mod,2,0,0,-0,0,0,0,0,3,3,0.12220405059568,0
test_id,DS07_id,4,73,fan_flow_mod,3,0,0,-0,0,0,0,0,3,3,0.12220405059568,0
test_id,DS07_id,4,73,HPC_eff_mod,4,0,0,-0.00958350906848187,0,0,0,0,3,3,0.12220405059568,0
test_id,DS07_id,4,73,HPC_flow_mod,5,0,0,-0,0,0,0,0,3,3,0.12220405059568,0
test_id,DS07_id,4,73,LPT_eff_mod,6,0,-0.16566527289071,-0.0605712293947728,1,1,3,2,3,3,0.12220405059568,0
test_id,DS07_id,4,73,LPT_flow_mod,7,0,-0.541844508227398,-0.306858792172864,1,1,3,3,3,3,0.12220405059568,0
test_id,DS07_id,4,73,LPC_eff_mod,8,0,0,-0.00207898540280625,0,0,0,0,3,3,0.12220405059568,0
test_id,DS07_id,4,73,LPC_flow_mod,9,0,0,-0,0,0,0,0,3,3,0.12220405059568,0
test_id,DS07_id,4,74,HPT_eff_mod,1,0,0,-0.215344608177614,0,1,0,3,3,3,0.127781200928836,0
test_id,DS07_id,4,74,fan_eff_mod,2,0,0,-0,0,0,0,0,3,3,0.127781200928836,0
test_id,DS07_id,4,74,fan_flow_mod,3,0,0,-0.000928146232606781,0,0,0,0,3,3,0.127781200928836,0
test_id,DS07_id,4,74,HPC_eff_mod,4,0,0,-0.00958350906848187,0,0,0,0,3,3,0.127781200928836,0
test_id,DS07_id,4,74,HPC_flow_mod,5,0,0,-0,0,0,0,0,3,3,0.127781200928836,0
test_id,DS07_id,4,74,LPT_eff_mod,6,0,-0.184152928161132,-0.0605712293947728,1,1,3,2,3,3,0.127781200928836,0
test_id,DS07_id,4,74,LPT_flow_mod,7,0,-0.591712167335633,-0.319491030765875,1,1,3,3,3,3,0.127781200928836,0
test_id,DS07_id,4,74,LPC_eff_mod,8,0,0,-0.00207898540280625,0,0,0,0,3,3,0.127781200928836,0
test_id,DS07_id,4,74,LPC_flow_mod,9,0,0,-0.0108977297971203,0,0,0,0,3,3,0.127781200928836,0
test_id,DS07_id,4,75,HPT_eff_mod,1,0,0,-0.232093655699284,0,1,0,3,3,3,0.121793535316856,0
test_id,DS07_id,4,75,fan_eff_mod,2,0,0,-0,0,0,0,0,3,3,0.121793535316856,0
test_id,DS07_id,4,75,fan_flow_mod,3,0,0,-0.000928146232606781,0,0,0,0,3,3,0.121793535316856,0
test_id,DS07_id,4,75,HPC_eff_mod,4,0,0,-0.00958350906848187,0,0,0,0,3,3,0.121793535316856,0
test_id,DS07_id,4,75,HPC_flow_mod,5,0,0,-0,0,0,0,0,3,3,0.121793535316856,0
test_id,DS07_id,4,75,LPT_eff_mod,6,0,-0.194743161805421,-0.0605712293947728,1,1,3,2,3,3,0.121793535316856,0
test_id,DS07_id,4,75,LPT_flow_mod,7,0,-0.656782460592947,-0.337931376287233,1,1,3,3,3,3,0.121793535316856,0
test_id,DS07_id,4,75,LPC_eff_mod,8,0,0,-0.00207898540280625,0,0,0,0,3,3,0.121793535316856,0
test_id,DS07_id,4,75,LPC_flow_mod,9,0,0,-0.0159376575465368,0,0,0,0,3,3,0.121793535316856,0
test_id,DS07_id,4,76,HPT_eff_mod,1,0,0,-0.272913786223876,0,1,0,3,3,3,0.108405018943316,0
test_id,DS07_id,4,76,fan_eff_mod,2,0,0,-0,0,0,0,0,3,3,0.108405018943316,0
test_id,DS07_id,4,76,fan_flow_mod,3,0,0,-0.000928146232606781,0,0,0,0,3,3,0.108405018943316,0
test_id,DS07_id,4,76,HPC_eff_mod,4,0,0,-0.00958350906848187,0,0,0,0,3,3,0.108405018943316,0
test_id,DS07_id,4,76,HPC_flow_mod,5,0,0,-0,0,0,0,0,3,3,0.108405018943316,0
test_id,DS07_id,4,76,LPT_eff_mod,6,0,-0.20105681532195,-0.0605712293947728,1,1,3,2,3,3,0.108405018943316,0
test_id,DS07_id,4,76,LPT_flow_mod,7,0,-0.710911379020269,-0.372431843829006,1,1,3,3,3,3,0.108405018943316,0
test_id,DS07_id,4,76,LPC_eff_mod,8,0,0,-0.00207898540280625,0,0,0,0,3,3,0.108405018943316,0
test_id,DS07_id,4,76,LPC_flow_mod,9,0,0,-0.0159376575465368,0,0,0,0,3,3,0.108405018943316,0
test_id,DS07_id,4,77,HPT_eff_mod,1,0,0,-0.281045475873658,0,1,0,3,3,3,0.112089476650518,0
test_id,DS07_id,4,77,fan_eff_mod,2,0,0,-0,0,0,0,0,3,3,0.112089476650518,0
test_id,DS07_id,4,77,fan_flow_mod,3,0,0,-0.000928146232606781,0,0,0,0,3,3,0.112089476650518,0
test_id,DS07_id,4,77,HPC_eff_mod,4,0,0,-0.0290642370215867,0,0,0,0,3,3,0.112089476650518,0
test_id,DS07_id,4,77,HPC_flow_mod,5,0,0,-0,0,0,0,0,3,3,0.112089476650518,0
test_id,DS07_id,4,77,LPT_eff_mod,6,0,-0.222111850235723,-0.0605712293947728,1,1,3,2,3,3,0.112089476650518,0
test_id,DS07_id,4,77,LPT_flow_mod,7,0,-0.794728198146111,-0.43729020996313,1,1,3,3,3,3,0.112089476650518,0
test_id,DS07_id,4,77,LPC_eff_mod,8,0,0,-0.00628407567830029,0,0,0,0,3,3,0.112089476650518,0
test_id,DS07_id,4,77,LPC_flow_mod,9,0,0,-0.0159376575465368,0,0,0,0,3,3,0.112089476650518,0
test_id,DS07_id,4,78,HPT_eff_mod,1,0,0,-0.314598323214523,0,1,0,3,3,3,0.123675773469116,0
test_id,DS07_id,4,78,fan_eff_mod,2,0,0,-0,0,0,0,0,3,3,0.123675773469116,0
test_id,DS07_id,4,78,fan_flow_mod,3,0,0,-0.00186671994349467,0,0,0,0,3,3,0.123675773469116,0
test_id,DS07_id,4,78,HPC_eff_mod,4,0,0,-0.0406328118352797,0,0,0,0,3,3,0.123675773469116,0
test_id,DS07_id,4,78,HPC_flow_mod,5,0,0,-0,0,0,0,0,3,3,0.123675773469116,0
test_id,DS07_id,4,78,LPT_eff_mod,6,0,-0.238454576343234,-0.0605712293947728,1,1,3,2,3,3,0.123675773469116,0
test_id,DS07_id,4,78,LPT_flow_mod,7,0,-0.881932325422745,-0.469321325617678,1,1,3,3,3,3,0.123675773469116,0
test_id,DS07_id,4,78,LPC_eff_mod,8,0,0,-0.00628407567830029,0,0,0,0,3,3,0.123675773469116,0
test_id,DS07_id,4,78,LPC_flow_mod,9,0,0,-0.0321579603143301,0,1,0,2,3,3,0.123675773469116,0
test_id,DS07_id,4,79,HPT_eff_mod,1,0,0,-0.354387318151167,0,1,0,3,3,3,0.140418393529872,0
test_id,DS07_id,4,79,fan_eff_mod,2,0,0,-0,0,0,0,0,3,3,0.140418393529872,0
test_id,DS07_id,4,79,fan_flow_mod,3,0,0,-0.00186671994349467,0,0,0,0,3,3,0.140418393529872,0
test_id,DS07_id,4,79,HPC_eff_mod,4,0,0,-0.0406328118352797,0,0,0,0,3,3,0.140418393529872,0
test_id,DS07_id,4,79,HPC_flow_mod,5,0,0,-0,0,0,0,0,3,3,0.140418393529872,0
test_id,DS07_id,4,79,LPT_eff_mod,6,0,-0.250239279399796,-0.0614995346197387,1,1,3,2,3,3,0.140418393529872,0
test_id,DS07_id,4,79,LPT_flow_mod,7,0,-0.975065713428343,-0.52167977631652,1,1,3,3,3,3,0.140418393529872,0
test_id,DS07_id,4,79,LPC_eff_mod,8,0,0,-0.0141689438898817,0,0,0,0,3,3,0.140418393529872,0
test_id,DS07_id,4,79,LPC_flow_mod,9,0,0,-0.0321579603143301,0,1,0,2,3,3,0.140418393529872,0
test_id,DS06_id,5,1,HPT_eff_mod,1,1,0,-0,0,0,0,0,0,0,0.127318764771338,0
test_id,DS06_id,5,1,fan_eff_mod,2,1,0,-0,0,0,0,0,0,0,0.127318764771338,0
test_id,DS06_id,5,1,fan_flow_mod,3,1,0,-0,0,0,0,0,0,0,0.127318764771338,0
test_id,DS06_id,5,1,HPC_eff_mod,4,1,0.000336877020876782,-0,0,0,0,0,0,0,0.127318764771338,0
test_id,DS06_id,5,1,HPC_flow_mod,5,1,0.00067516586308298,-0,0,0,0,0,0,0,0.127318764771338,0
test_id,DS06_id,5,1,LPT_eff_mod,6,1,0,-0,0,0,0,0,0,0,0.127318764771338,0
test_id,DS06_id,5,1,LPT_flow_mod,7,1,0,-0,0,0,0,0,0,0,0.127318764771338,0
test_id,DS06_id,5,1,LPC_eff_mod,8,1,0.00105286406006209,-0,0,0,0,0,0,0,0.127318764771338,0
test_id,DS06_id,5,1,LPC_flow_mod,9,1,0.00265597316961933,-0,0,0,0,0,0,0,0.127318764771338,0
test_id,DS06_id,5,2,HPT_eff_mod,1,1,0,-0,0,0,0,0,0,0,0.0878190387848587,0
test_id,DS06_id,5,2,fan_eff_mod,2,1,0,-0,0,0,0,0,0,0,0.0878190387848587,0
test_id,DS06_id,5,2,fan_flow_mod,3,1,0,-0,0,0,0,0,0,0,0.0878190387848587,0
test_id,DS06_id,5,2,HPC_eff_mod,4,1,-0.00169043975650877,-0,0,0,0,0,0,0,0.0878190387848587,0
test_id,DS06_id,5,2,HPC_flow_mod,5,1,-0.000301625454787608,-0,0,0,0,0,0,0,0.0878190387848587,0
test_id,DS06_id,5,2,LPT_eff_mod,6,1,0,-0.00238941517264438,0,0,0,0,0,0,0.0878190387848587,0
test_id,DS06_id,5,2,LPT_flow_mod,7,1,0,-0,0,0,0,0,0,0,0.0878190387848587,0
test_id,DS06_id,5,2,LPC_eff_mod,8,1,0.000333995452473471,-0.00199619768574189,0,0,0,0,0,0,0.0878190387848587,0
test_id,DS06_id,5,2,LPC_flow_mod,9,1,-3.88596534117349e-05,-0,0,0,0,0,0,0,0.0878190387848587,0
test_id,DS06_id,5,3,HPT_eff_mod,1,1,0,-0,0,0,0,0,0,0,0.0685470423959431,0
test_id,DS06_id,5,3,fan_eff_mod,2,1,0,-0,0,0,0,0,0,0,0.0685470423959431,0
test_id,DS06_id,5,3,fan_flow_mod,3,1,0,-0,0,0,0,0,0,0,0.0685470423959431,0
test_id,DS06_id,5,3,HPC_eff_mod,4,1,0.00135356273563223,-0,0,0,0,0,0,0,0.0685470423959431,0
test_id,DS06_id,5,3,HPC_flow_mod,5,1,-0.000373540408295434,-0,0,0,0,0,0,0,0.0685470423959431,0
test_id,DS06_id,5,3,LPT_eff_mod,6,1,0,-0.00238941517264438,0,0,0,0,0,0,0.0685470423959431,0
test_id,DS06_id,5,3,LPT_flow_mod,7,1,0,-0,0,0,0,0,0,0,0.0685470423959431,0
test_id,DS06_id,5,3,LPC_eff_mod,8,1,-0.00138685951253561,-0.00199619768574189,0,0,0,0,0,0,0.0685470423959431,0
test_id,DS06_id,5,3,LPC_flow_mod,9,1,-0.00261711351620754,-0,0,0,0,0,0,0,0.0685470423959431,0
test_id,DS06_id,5,4,HPT_eff_mod,1,1,0,-0,0,0,0,0,0,0,0.136078967592852,0
test_id,DS06_id,5,4,fan_eff_mod,2,1,0,-0,0,0,0,0,0,0,0.136078967592852,0
test_id,DS06_id,5,4,fan_flow_mod,3,1,0,-0,0,0,0,0,0,0,0.136078967592852,0
test_id,DS06_id,5,4,HPC_eff_mod,4,1,-0.00738608584547869,-0,0,0,0,0,0,0,0.136078967592852,0
test_id,DS06_id,5,4,HPC_flow_mod,5,1,-0.0016295883084345,-0.000170566150252809,0,0,0,0,0,0,0.136078967592852,0
test_id,DS06_id,5,4,LPT_eff_mod,6,1,0,-0.00238941517264438,0,0,0,0,0,0,0.136078967592852,0
test_id,DS06_id,5,4,LPT_flow_mod,7,1,0,-0,0,0,0,0,0,0,0.136078967592852,0
test_id,DS06_id,5,4,LPC_eff_mod,8,1,-0.00165855014095298,-0.00264963144211764,0,0,0,0,0,0,0.136078967592852,0
test_id,DS06_id,5,4,LPC_flow_mod,9,1,-0.00309675588634109,-0,0,0,0,0,0,0,0.136078967592852,0
test_id,DS06_id,5,5,HPT_eff_mod,1,1,0,-0,0,0,0,0,0,0,0.173868277499701,0
test_id,DS06_id,5,5,fan_eff_mod,2,1,0,-0,0,0,0,0,0,0,0.173868277499701,0
test_id,DS06_id,5,5,fan_flow_mod,3,1,0,-0,0,0,0,0,0,0,0.173868277499701,0
test_id,DS06_id,5,5,HPC_eff_mod,4,1,0.000266419140127254,-0,0,0,0,0,0,0,0.173868277499701,0
test_id,DS06_id,5,5,HPC_flow_mod,5,1,-0.000174332319181221,-0.000170566150252809,0,0,0,0,0,0,0.173868277499701,0
test_id,DS06_id,5,5,LPT_eff_mod,6,1,0,-0.00238941517264438,0,0,0,0,0,0,0.173868277499701,0
test_id,DS06_id,5,5,LPT_flow_mod,7,1,0,-0,0,0,0,0,0,0,0.173868277499701,0
test_id,DS06_id,5,5,LPC_eff_mod,8,1,8.9069720662918e-05,-0.00264963144211764,0,0,0,0,0,0,0.173868277499701,0
test_id,DS06_id,5,5,LPC_flow_mod,9,1,-0.00303227426141013,-0,0,0,0,0,0,0,0.173868277499701,0
test_id,DS06_id,5,6,HPT_eff_mod,1,1,0,-0,0,0,0,0,0,0,0.149577982503305,0
test_id,DS06_id,5,6,fan_eff_mod,2,1,0,-0,0,0,0,0,0,0,0.149577982503305,0
test_id,DS06_id,5,6,fan_flow_mod,3,1,0,-0,0,0,0,0,0,0,0.149577982503305,0
test_id,DS06_id,5,6,HPC_eff_mod,4,1,0.00594029138602784,-0,0,0,0,0,0,0,0.149577982503305,0
test_id,DS06_id,5,6,HPC_flow_mod,5,1,0.00107795112023371,-0.000170566150252809,0,0,0,0,0,0,0.149577982503305,0
test_id,DS06_id,5,6,LPT_eff_mod,6,1,0,-0.00238941517264438,0,0,0,0,0,0,0.149577982503305,0
test_id,DS06_id,5,6,LPT_flow_mod,7,1,0,-0,0,0,0,0,0,0,0.149577982503305,0
test_id,DS06_id,5,6,LPC_eff_mod,8,1,-9.33241562313209e-05,-0.00264963144211764,0,0,0,0,0,0,0.149577982503305,0
test_id,DS06_id,5,6,LPC_flow_mod,9,1,-0.00140736329220388,-0,0,0,0,0,0,0,0.149577982503305,0
test_id,DS06_id,5,7,HPT_eff_mod,1,1,0,-0,0,0,0,0,0,0,0.120058212264251,0
test_id,DS06_id,5,7,fan_eff_mod,2,1,0,-0,0,0,0,0,0,0,0.120058212264251,0
test_id,DS06_id,5,7,fan_flow_mod,3,1,0,-0,0,0,0,0,0,0,0.120058212264251,0
test_id,DS06_id,5,7,HPC_eff_mod,4,1,-0.00456776406631711,-0,0,0,0,0,0,0,0.120058212264251,0
test_id,DS06_id,5,7,HPC_flow_mod,5,1,-0.00219773489313659,-0.000170566150252809,0,0,0,0,0,0,0.120058212264251,0
test_id,DS06_id,5,7,LPT_eff_mod,6,1,0,-0.00238941517264438,0,0,0,0,0,0,0.120058212264251,0
test_id,DS06_id,5,7,LPT_flow_mod,7,1,0,-0,0,0,0,0,0,0,0.120058212264251,0
test_id,DS06_id,5,7,LPC_eff_mod,8,1,-0.00202505271500277,-0.00264963144211764,0,0,0,0,0,0,0.120058212264251,0
test_id,DS06_id,5,7,LPC_flow_mod,9,1,0.00220560957401651,-0,0,0,0,0,0,0,0.120058212264251,0
test_id,DS06_id,5,8,HPT_eff_mod,1,1,0,-0,0,0,0,0,0,0,0.0694314789500369,0
test_id,DS06_id,5,8,fan_eff_mod,2,1,0,-9.87981952747648e-05,0,0,0,0,0,0,0.0694314789500369,0
test_id,DS06_id,5,8,fan_flow_mod,3,1,0,-0,0,0,0,0,0,0,0.0694314789500369,0
test_id,DS06_id,5,8,HPC_eff_mod,4,1,-0.00705682831649745,-0,0,0,0,0,0,0,0.0694314789500369,0
test_id,DS06_id,5,8,HPC_flow_mod,5,1,-0.00229141283389304,-0.000170566150252809,0,0,0,0,0,0,0.0694314789500369,0
test_id,DS06_id,5,8,LPT_eff_mod,6,1,0,-0.00238941517264438,0,0,0,0,0,0,0.0694314789500369,0
test_id,DS06_id,5,8,LPT_flow_mod,7,1,0,-0,0,0,0,0,0,0,0.0694314789500369,0
test_id,DS06_id,5,8,LPC_eff_mod,8,1,0.000344072052474549,-0.00264963144211764,0,0,0,0,0,0,0.0694314789500369,0
test_id,DS06_id,5,8,LPC_flow_mod,9,1,0.000589576773885945,-0,0,0,0,0,0,0,0.0694314789500369,0
test_id,DS06_id,5,9,HPT_eff_mod,1,1,0,-0,0,0,0,0,0,0,0.112864910273332,0
test_id,DS06_id,5,9,fan_eff_mod,2,1,0,-9.87981952747648e-05,0,0,0,0,0,0,0.112864910273332,0
test_id,DS06_id,5,9,fan_flow_mod,3,1,0,-0,0,0,0,0,0,0,0.112864910273332,0
test_id,DS06_id,5,9,HPC_eff_mod,4,1,-0.0032172572236202,-0,0,0,0,0,0,0,0.112864910273332,0
test_id,DS06_id,5,9,HPC_flow_mod,5,1,-0.00266542927746702,-0.00103876634109889,0,0,0,0,0,0,0.112864910273332,0
test_id,DS06_id,5,9,LPT_eff_mod,6,1,0,-0.00238941517264438,0,0,0,0,0,0,0.112864910273332,0
test_id,DS06_id,5,9,LPT_flow_mod,7,1,0,-0,0,0,0,0,0,0,0.112864910273332,0
test_id,DS06_id,5,9,LPC_eff_mod,8,1,-0.00228400963934773,-0.00307114819697893,0,0,0,0,0,0,0.112864910273332,0
test_id,DS06_id,5,9,LPC_flow_mod,9,1,-0.00666374691980003,-0,0,0,0,0,0,0,0.112864910273332,0
test_id,DS06_id,5,10,HPT_eff_mod,1,1,0,-0,0,0,0,0,0,0,0.111652283919637,0
test_id,DS06_id,5,10,fan_eff_mod,2,1,0,-9.87981952747648e-05,0,0,0,0,0,0,0.111652283919637,0
test_id,DS06_id,5,10,fan_flow_mod,3,1,0,-0,0,0,0,0,0,0,0.111652283919637,0
test_id,DS06_id,5,10,HPC_eff_mod,4,1,0.0014263796756807,-0,0,0,0,0,0,0,0.111652283919637,0
test_id,DS06_id,5,10,HPC_flow_mod,5,1,-0.00278471541358961,-0.00103876634109889,0,0,0,0,0,0,0.111652283919637,0
test_id,DS06_id,5,10,LPT_eff_mod,6,1,0,-0.00238941517264438,0,0,0,0,0,0,0.111652283919637,0
test_id,DS06_id,5,10,LPT_flow_mod,7,1,0,-0,0,0,0,0,0,0,0.111652283919637,0
test_id,DS06_id,5,10,LPC_eff_mod,8,1,-0.00152523192387652,-0.00307114819697893,0,0,0,0,0,0,0.111652283919637,0
test_id,DS06_id,5,10,LPC_flow_mod,9,1,-0.00133278225184653,-0,0,0,0,0,0,0,0.111652283919637,0
test_id,DS06_id,5,11,HPT_eff_mod,1,1,0,-0,0,0,0,0,0,0,0.116440693333929,0
test_id,DS06_id,5,11,fan_eff_mod,2,1,0,-9.87981952747648e-05,0,0,0,0,0,0,0.116440693333929,0
test_id,DS06_id,5,11,fan_flow_mod,3,1,0,-0,0,0,0,0,0,0,0.116440693333929,0
test_id,DS06_id,5,11,HPC_eff_mod,4,1,-0.0125684836638198,-0.00372557497901305,0,0,0,0,0,0,0.116440693333929,0
test_id,DS06_id,5,11,HPC_flow_mod,5,1,-0.00433741209232026,-0.00103876634109889,0,0,0,0,0,0,0.116440693333929,0
test_id,DS06_id,5,11,LPT_eff_mod,6,1,0,-0.00238941517264438,0,0,0,0,0,0,0.116440693333929,0
test_id,DS06_id,5,11,LPT_flow_mod,7,1,0,-0,0,0,0,0,0,0,0.116440693333929,0
test_id,DS06_id,5,11,LPC_eff_mod,8,1,-0.00152866665862935,-0.00307114819697893,0,0,0,0,0,0,0.116440693333929,0
test_id,DS06_id,5,11,LPC_flow_mod,9,1,-0.00456667479385389,-0,0,0,0,0,0,0,0.116440693333929,0
test_id,DS06_id,5,12,HPT_eff_mod,1,1,0,-0,0,0,0,0,0,0,0.0926730287574193,0
test_id,DS06_id,5,12,fan_eff_mod,2,1,0,-9.87981952747648e-05,0,0,0,0,0,0,0.0926730287574193,0
test_id,DS06_id,5,12,fan_flow_mod,3,1,0,-0,0,0,0,0,0,0,0.0926730287574193,0
test_id,DS06_id,5,12,HPC_eff_mod,4,1,0.00125376639511977,-0.00372557497901305,0,0,0,0,0,0,0.0926730287574193,0
test_id,DS06_id,5,12,HPC_flow_mod,5,1,-0.00418972758765284,-0.00103876634109889,0,0,0,0,0,0,0.0926730287574193,0
test_id,DS06_id,5,12,LPT_eff_mod,6,1,0,-0.00238941517264438,0,0,0,0,0,0,0.0926730287574193,0
test_id,DS06_id,5,12,LPT_flow_mod,7,1,0,-0,0,0,0,0,0,0,0.0926730287574193,0
test_id,DS06_id,5,12,LPC_eff_mod,8,1,-0.000160774792721146,-0.00307114819697893,0,0,0,0,0,0,0.0926730287574193,0
test_id,DS06_id,5,12,LPC_flow_mod,9,1,-0.00648691755978801,-0,0,0,0,0,0,0,0.0926730287574193,0
test_id,DS06_id,5,13,HPT_eff_mod,1,1,0,-0,0,0,0,0,0,0,0.16866119093633,0
test_id,DS06_id,5,13,fan_eff_mod,2,1,0,-9.87981952747648e-05,0,0,0,0,0,0,0.16866119093633,0
test_id,DS06_id,5,13,fan_flow_mod,3,1,0,-0,0,0,0,0,0,0,0.16866119093633,0
test_id,DS06_id,5,13,HPC_eff_mod,4,1,-0.00351138705073712,-0.00494580170392995,0,0,0,0,0,0,0.16866119093633,0
test_id,DS06_id,5,13,HPC_flow_mod,5,1,-0.00464114000199022,-0.00103876634109889,0,0,0,0,0,0,0.16866119093633,0
test_id,DS06_id,5,13,LPT_eff_mod,6,1,0,-0.00238941517264438,0,0,0,0,0,0,0.16866119093633,0
test_id,DS06_id,5,13,LPT_flow_mod,7,1,0,-0,0,0,0,0,0,0,0.16866119093633,0
test_id,DS06_id,5,13,LPC_eff_mod,8,1,-0.00228096846521994,-0.00307114819697893,0,0,0,0,0,0,0.16866119093633,0
test_id,DS06_id,5,13,LPC_flow_mod,9,1,-0.00071684535104135,-0,0,0,0,0,0,0,0.16866119093633,0
test_id,DS06_id,5,14,HPT_eff_mod,1,1,0,-0,0,0,0,0,0,0,0.105230210063755,0
test_id,DS06_id,5,14,fan_eff_mod,2,1,0,-9.87981952747648e-05,0,0,0,0,0,0,0.105230210063755,0
test_id,DS06_id,5,14,fan_flow_mod,3,1,0,-0,0,0,0,0,0,0,0.105230210063755,0
test_id,DS06_id,5,14,HPC_eff_mod,4,1,-0.010075007315108,-0.00494580170392995,0,0,0,0,0,0,0.105230210063755,0
test_id,DS06_id,5,14,HPC_flow_mod,5,1,-0.00120367261177156,-0.00103876634109889,0,0,0,0,0,0,0.105230210063755,0
test_id,DS06_id,5,14,LPT_eff_mod,6,1,0,-0.00238941517264438,0,0,0,0,0,0,0.105230210063755,0
test_id,DS06_id,5,14,LPT_flow_mod,7,1,0,-0.000877593239529584,0,0,0,0,0,0,0.105230210063755,0
test_id,DS06_id,5,14,LPC_eff_mod,8,1,-0.00230439595514429,-0.00307114819697893,0,0,0,0,0,0,0.105230210063755,0
test_id,DS06_id,5,14,LPC_flow_mod,9,1,-0.0055454086186227,-0,0,0,0,0,0,0,0.105230210063755,0
test_id,DS06_id,5,15,HPT_eff_mod,1,1,0,-0,0,0,0,0,0,0,0.262014376883445,0
test_id,DS06_id,5,15,fan_eff_mod,2,1,0,-9.87981952747648e-05,0,0,0,0,0,0,0.262014376883445,0
test_id,DS06_id,5,15,fan_flow_mod,3,1,0,-0,0,0,0,0,0,0,0.262014376883445,0
test_id,DS06_id,5,15,HPC_eff_mod,4,1,-0.0163092881412594,-0.00494580170392995,0,0,0,0,0,0,0.262014376883445,0
test_id,DS06_id,5,15,HPC_flow_mod,5,1,-0.000348144507162145,-0.00103876634109889,0,0,0,0,0,0,0.262014376883445,0
test_id,DS06_id,5,15,LPT_eff_mod,6,1,0,-0.00238941517264438,0,0,0,0,0,0,0.262014376883445,0
test_id,DS06_id,5,15,LPT_flow_mod,7,1,0,-0.000882220205470726,0,0,0,0,0,0,0.262014376883445,0
test_id,DS06_id,5,15,LPC_eff_mod,8,1,-0.00317161648997552,-0.00307114819697893,0,0,0,0,0,0,0.262014376883445,0
test_id,DS06_id,5,15,LPC_flow_mod,9,1,-0.0078895706551146,-0,0,0,0,0,0,0,0.262014376883445,0
test_id,DS06_id,5,16,HPT_eff_mod,1,1,0,-0,0,0,0,0,0,0,0.143151522894395,0
test_id,DS06_id,5,16,fan_eff_mod,2,1,0,-9.87981952747648e-05,0,0,0,0,0,0,0.143151522894395,0
test_id,DS06_id,5,16,fan_flow_mod,3,1,0,-0,0,0,0,0,0,0,0.143151522894395,0
test_id,DS06_id,5,16,HPC_eff_mod,4,1,-0.00600854776154753,-0.00499848341004643,0,0,0,0,0,0,0.143151522894395,0
test_id,DS06_id,5,16,HPC_flow_mod,5,1,-0.00422754782218765,-0.00212353937745529,0,0,0,0,0,0,0.143151522894395,0
test_id,DS06_id,5,16,LPT_eff_mod,6,1,0,-0.00238941517264438,0,0,0,0,0,0,0.143151522894395,0
test_id,DS06_id,5,16,LPT_flow_mod,7,1,0,-0.000882220205470726,0,0,0,0,0,0,0.143151522894395,0
test_id,DS06_id,5,16,LPC_eff_mod,8,1,-0.00115971950796015,-0.0035702373462896,0,0,0,0,0,0,0.143151522894395,0
test_id,DS06_id,5,16,LPC_flow_mod,9,1,-0.00465342221932312,-0,0,0,0,0,0,0,0.143151522894395,0
test_id,DS06_id,5,17,HPT_eff_mod,1,1,0,-0,0,0,0,0,0,0,0.104289753818766,0
test_id,DS06_id,5,17,fan_eff_mod,2,1,0,-9.87981952747648e-05,0,0,0,0,0,0,0.104289753818766,0
test_id,DS06_id,5,17,fan_flow_mod,3,1,0,-0,0,0,0,0,0,0,0.104289753818766,0
test_id,DS06_id,5,17,HPC_eff_mod,4,1,-0.0100552609696612,-0.00576410170427452,0,0,0,0,0,0,0.104289753818766,0
test_id,DS06_id,5,17,HPC_flow_mod,5,1,-0.00467718430510664,-0.00212353937745529,0,0,0,0,0,0,0.104289753818766,0
test_id,DS06_id,5,17,LPT_eff_mod,6,1,0,-0.00238941517264438,0,0,0,0,0,0,0.104289753818766,0
test_id,DS06_id,5,17,LPT_flow_mod,7,1,0,-0.000882220205470726,0,0,0,0,0,0,0.104289753818766,0
test_id,DS06_id,5,17,LPC_eff_mod,8,1,-0.00307887546482022,-0.0035702373462896,0,0,0,0,0,0,0.104289753818766,0
test_id,DS06_id,5,17,LPC_flow_mod,9,1,-0.00389973572557654,-0,0,0,0,0,0,0,0.104289753818766,0
test_id,DS06_id,5,18,HPT_eff_mod,1,1,0,-0,0,0,0,0,0,0,0.126826127710922,0
test_id,DS06_id,5,18,fan_eff_mod,2,1,0,-9.87981952747648e-05,0,0,0,0,0,0,0.126826127710922,0
test_id,DS06_id,5,18,fan_flow_mod,3,1,0,-0,0,0,0,0,0,0,0.126826127710922,0
test_id,DS06_id,5,18,HPC_eff_mod,4,1,-0.0117933887978922,-0.00717604514019179,0,0,0,0,0,0,0.126826127710922,0
test_id,DS06_id,5,18,HPC_flow_mod,5,1,-0.0021515818898843,-0.00212353937745529,0,0,0,0,0,0,0.126826127710922,0
test_id,DS06_id,5,18,LPT_eff_mod,6,1,0,-0.00238941517264438,0,0,0,0,0,0,0.126826127710922,0
test_id,DS06_id,5,18,LPT_flow_mod,7,1,0,-0.000882220205470726,0,0,0,0,0,0,0.126826127710922,0
test_id,DS06_id,5,18,LPC_eff_mod,8,1,-0.0013157839245334,-0.0035702373462896,0,0,0,0,0,0,0.126826127710922,0
test_id,DS06_id,5,18,LPC_flow_mod,9,1,-0.00736571186142628,-0,0,0,0,0,0,0,0.126826127710922,0
test_id,DS06_id,5,19,HPT_eff_mod,1,1,0,-0,0,0,0,0,0,0,0.10495015127502,0
test_id,DS06_id,5,19,fan_eff_mod,2,1,0,-0.000169868076196336,0,0,0,0,0,0,0.10495015127502,0
test_id,DS06_id,5,19,fan_flow_mod,3,1,0,-0,0,0,0,0,0,0,0.10495015127502,0
test_id,DS06_id,5,19,HPC_eff_mod,4,1,-0.0131835396417368,-0.00796989000498703,0,0,0,0,0,0,0.10495015127502,0
test_id,DS06_id,5,19,HPC_flow_mod,5,1,-0.00343496314539224,-0.00233444162213731,0,0,0,0,0,0,0.10495015127502,0
test_id,DS06_id,5,19,LPT_eff_mod,6,1,0,-0.00238941517264438,0,0,0,0,0,0,0.10495015127502,0
test_id,DS06_id,5,19,LPT_flow_mod,7,1,0,-0.000882220205470726,0,0,0,0,0,0,0.10495015127502,0
test_id,DS06_id,5,19,LPC_eff_mod,8,1,-0.00398071192603588,-0.0035702373462896,0,0,0,0,0,0,0.10495015127502,0
test_id,DS06_id,5,19,LPC_flow_mod,9,1,-0.00295831626270948,-0,0,0,0,0,0,0,0.10495015127502,0
test_id,DS06_id,5,20,HPT_eff_mod,1,1,0,-0,0,0,0,0,0,0,0.103098821740035,0
test_id,DS06_id,5,20,fan_eff_mod,2,1,0,-0.000169868076196336,0,0,0,0,0,0,0.103098821740035,0
test_id,DS06_id,5,20,fan_flow_mod,3,1,0,-0,0,0,0,0,0,0,0.103098821740035,0
test_id,DS06_id,5,20,HPC_eff_mod,4,1,-0.0126729501306102,-0.00796989000498703,0,0,0,0,0,0,0.103098821740035,0
test_id,DS06_id,5,20,HPC_flow_mod,5,1,-0.00608410020177014,-0.00233444162213731,0,0,0,0,0,0,0.103098821740035,0
test_id,DS06_id,5,20,LPT_eff_mod,6,1,0,-0.00238941517264438,0,0,0,0,0,0,0.103098821740035,0
test_id,DS06_id,5,20,LPT_flow_mod,7,1,0,-0.000882220205470726,0,0,0,0,0,0,0.103098821740035,0
test_id,DS06_id,5,20,LPC_eff_mod,8,1,-0.00397342303341495,-0.0035702373462896,0,0,0,0,0,0,0.103098821740035,0
test_id,DS06_id,5,20,LPC_flow_mod,9,1,-0.00954106445842687,-0,0,0,0,0,0,0,0.103098821740035,0
test_id,DS06_id,5,21,HPT_eff_mod,1,1,0,-0,0,0,0,0,0,0,0.146608312090425,0
test_id,DS06_id,5,21,fan_eff_mod,2,1,0,-0.000169868076196336,0,0,0,0,0,0,0.146608312090425,0
test_id,DS06_id,5,21,fan_flow_mod,3,1,0,-0,0,0,0,0,0,0,0.146608312090425,0
test_id,DS06_id,5,21,HPC_eff_mod,4,1,-0.0205724862948785,-0.0110273394865034,0,0,0,0,0,0,0.146608312090425,0
test_id,DS06_id,5,21,HPC_flow_mod,5,1,-0.00285985457015575,-0.00233444162213731,0,0,0,0,0,0,0.146608312090425,0
test_id,DS06_id,5,21,LPT_eff_mod,6,1,0,-0.00238941517264438,0,0,0,0,0,0,0.146608312090425,0
test_id,DS06_id,5,21,LPT_flow_mod,7,1,0,-0.000882220205470726,0,0,0,0,0,0,0.146608312090425,0
test_id,DS06_id,5,21,LPC_eff_mod,8,1,-0.00332972015574986,-0.0035702373462896,0,0,0,0,0,0,0.146608312090425,0
test_id,DS06_id,5,21,LPC_flow_mod,9,1,-0.0111840388463595,-0,0,0,0,0,0,0,0.146608312090425,0
test_id,DS06_id,5,22,HPT_eff_mod,1,1,0,-0,0,0,0,0,0,0,0.135063675904018,0
test_id,DS06_id,5,22,fan_eff_mod,2,1,0,-0.000169868076196336,0,0,0,0,0,0,0.135063675904018,0
test_id,DS06_id,5,22,fan_flow_mod,3,1,0,-0,0,0,0,0,0,0,0.135063675904018,0
test_id,DS06_id,5,22,HPC_eff_mod,4,1,-0.0109056552664491,-0.0110273394865034,0,0,0,0,0,0,0.135063675904018,0
test_id,DS06_id,5,22,HPC_flow_mod,5,1,-0.00620087828120502,-0.00233444162213731,0,0,0,0,0,0,0.135063675904018,0
test_id,DS06_id,5,22,LPT_eff_mod,6,1,0,-0.00238941517264438,0,0,0,0,0,0,0.135063675904018,0
test_id,DS06_id,5,22,LPT_flow_mod,7,1,0,-0.000882220205470726,0,0,0,0,0,0,0.135063675904018,0
test_id,DS06_id,5,22,LPC_eff_mod,8,1,-0.00214906138945413,-0.0035702373462896,0,0,0,0,0,0,0.135063675904018,0
test_id,DS06_id,5,22,LPC_flow_mod,9,1,-0.00422865318432442,-0,0,0,0,0,0,0,0.135063675904018,0
test_id,DS06_id,5,23,HPT_eff_mod,1,1,0,-0,0,0,0,0,0,0,0.0848020096151207,0
test_id,DS06_id,5,23,fan_eff_mod,2,1,0,-0.000169868076196336,0,0,0,0,0,0,0.0848020096151207,0
test_id,DS06_id,5,23,fan_flow_mod,3,1,0,-0,0,0,0,0,0,0,0.0848020096151207,0
test_id,DS06_id,5,23,HPC_eff_mod,4,1,-0.0143054160731218,-0.0110273394865034,0,0,0,0,0,0,0.0848020096151207,0
test_id,DS06_id,5,23,HPC_flow_mod,5,1,-0.00479055612553419,-0.00233444162213731,0,0,0,0,0,0,0.0848020096151207,0
test_id,DS06_id,5,23,LPT_eff_mod,6,1,0,-0.00238941517264438,0,0,0,0,0,0,0.0848020096151207,0
test_id,DS06_id,5,23,LPT_flow_mod,7,1,0,-0.000882220205470726,0,0,0,0,0,0,0.0848020096151207,0
test_id,DS06_id,5,23,LPC_eff_mod,8,1,-0.00394119565912773,-0.0035702373462896,0,0,0,0,0,0,0.0848020096151207,0
test_id,DS06_id,5,23,LPC_flow_mod,9,1,-0.0105302604324091,-0,0,0,0,0,0,0,0.0848020096151207,0
test_id,DS06_id,5,24,HPT_eff_mod,1,1,0,-0,0,0,0,0,0,0,0.13777086967129,0
test_id,DS06_id,5,24,fan_eff_mod,2,1,0,-0.000169868076196336,0,0,0,0,0,0,0.13777086967129,0
test_id,DS06_id,5,24,fan_flow_mod,3,1,0,-0,0,0,0,0,0,0,0.13777086967129,0
test_id,DS06_id,5,24,HPC_eff_mod,4,1,-0.0179439551256895,-0.011809318714669,0,0,0,0,0,0,0.13777086967129,0
test_id,DS06_id,5,24,HPC_flow_mod,5,1,-0.00352864637610851,-0.00345218687254916,0,0,0,0,0,0,0.13777086967129,0
test_id,DS06_id,5,24,LPT_eff_mod,6,1,0,-0.00238941517264438,0,0,0,0,0,0,0.13777086967129,0
test_id,DS06_id,5,24,LPT_flow_mod,7,1,0,-0.000882220205470726,0,0,0,0,0,0,0.13777086967129,0
test_id,DS06_id,5,24,LPC_eff_mod,8,1,-0.00499816458743972,-0.0035702373462896,0,0,0,0,0,0,0.13777086967129,0
test_id,DS06_id,5,24,LPC_flow_mod,9,1,-0.005561544286293,-0,0,0,0,0,0,0,0.13777086967129,0
test_id,DS06_id,5,25,HPT_eff_mod,1,1,0,-0,0,0,0,0,0,0,0.103719581809368,0
test_id,DS06_id,5,25,fan_eff_mod,2,1,0,-0.000169868076196336,0,0,0,0,0,0,0.103719581809368,0
test_id,DS06_id,5,25,fan_flow_mod,3,1,0,-0,0,0,0,0,0,0,0.103719581809368,0
test_id,DS06_id,5,25,HPC_eff_mod,4,1,-0.0128040169128916,-0.011809318714669,0,0,0,0,0,0,0.103719581809368,0
test_id,DS06_id,5,25,HPC_flow_mod,5,1,-0.00510913399561019,-0.00345218687254916,0,0,0,0,0,0,0.103719581809368,0
test_id,DS06_id,5,25,LPT_eff_mod,6,1,0,-0.00238941517264438,0,0,0,0,0,0,0.103719581809368,0
test_id,DS06_id,5,25,LPT_flow_mod,7,1,0,-0.000882220205470726,0,0,0,0,0,0,0.103719581809368,0
test_id,DS06_id,5,25,LPC_eff_mod,8,1,-0.00422709662252447,-0.0035702373462896,0,0,0,0,0,0,0.103719581809368,0
test_id,DS06_id,5,25,LPC_flow_mod,9,1,-0.0123280935172954,-0,0,0,0,0,0,0,0.103719581809368,0
test_id,DS06_id,5,26,HPT_eff_mod,1,1,0,-0,0,0,0,0,0,0,0.145468760313643,0
test_id,DS06_id,5,26,fan_eff_mod,2,1,0,-0.000169868076196336,0,0,0,0,0,0,0.145468760313643,0
test_id,DS06_id,5,26,fan_flow_mod,3,1,0,-0,0,0,0,0,0,0,0.145468760313643,0
test_id,DS06_id,5,26,HPC_eff_mod,4,1,-0.0158084137403914,-0.011809318714669,0,0,0,0,0,0,0.145468760313643,0
test_id,DS06_id,5,26,HPC_flow_mod,5,1,-0.00746797550168721,-0.00345218687254916,0,0,0,0,0,0,0.145468760313643,0
test_id,DS06_id,5,26,LPT_eff_mod,6,1,0,-0.00238941517264438,0,0,0,0,0,0,0.145468760313643,0
test_id,DS06_id,5,26,LPT_flow_mod,7,1,0,-0.000882220205470726,0,0,0,0,0,0,0.145468760313643,0
test_id,DS06_id,5,26,LPC_eff_mod,8,1,-0.00387218434399769,-0.0035702373462896,0,0,0,0,0,0,0.145468760313643,0
test_id,DS06_id,5,26,LPC_flow_mod,9,1,-0.0098682159886756,-0,0,0,0,0,0,0,0.145468760313643,0
test_id,DS06_id,5,27,HPT_eff_mod,1,1,0,-0,0,0,0,0,0,0,0.122296590435044,0
test_id,DS06_id,5,27,fan_eff_mod,2,1,0,-0.000169868076196336,0,0,0,0,0,0,0.122296590435044,0
test_id,DS06_id,5,27,fan_flow_mod,3,1,0,-0,0,0,0,0,0,0,0.122296590435044,0
test_id,DS06_id,5,27,HPC_eff_mod,4,1,-0.0230143711823485,-0.0123626504228276,0,0,0,0,0,0,0.122296590435044,0
test_id,DS06_id,5,27,HPC_flow_mod,5,1,-0.00377942055115011,-0.00345218687254916,0,0,0,0,0,0,0.122296590435044,0
test_id,DS06_id,5,27,LPT_eff_mod,6,1,0,-0.00238941517264438,0,0,0,0,0,0,0.122296590435044,0
test_id,DS06_id,5,27,LPT_flow_mod,7,1,0,-0.000882220205470726,0,0,0,0,0,0,0.122296590435044,0
test_id,DS06_id,5,27,LPC_eff_mod,8,1,-0.00268872037851039,-0.0035702373462896,0,0,0,0,0,0,0.122296590435044,0
test_id,DS06_id,5,27,LPC_flow_mod,9,1,-0.0128417820281235,-0,0,0,0,0,0,0,0.122296590435044,0
test_id,DS06_id,5,28,HPT_eff_mod,1,1,0,-0,0,0,0,0,0,0,0.123440066822194,0
test_id,DS06_id,5,28,fan_eff_mod,2,1,0,-0.000169868076196336,0,0,0,0,0,0,0.123440066822194,0
test_id,DS06_id,5,28,fan_flow_mod,3,1,0,-0,0,0,0,0,0,0,0.123440066822194,0
test_id,DS06_id,5,28,HPC_eff_mod,4,1,-0.0146625752761173,-0.0123626504228276,0,0,0,0,0,0,0.123440066822194,0
test_id,DS06_id,5,28,HPC_flow_mod,5,1,-0.00887864395090343,-0.00345218687254916,0,0,0,0,0,0,0.123440066822194,0
test_id,DS06_id,5,28,LPT_eff_mod,6,1,0,-0.00238941517264438,0,0,0,0,0,0,0.123440066822194,0
test_id,DS06_id,5,28,LPT_flow_mod,7,1,0,-0.000882220205470726,0,0,0,0,0,0,0.123440066822194,0
test_id,DS06_id,5,28,LPC_eff_mod,8,1,-0.00514184599666223,-0.0035702373462896,0,0,0,0,0,0,0.123440066822194,0
test_id,DS06_id,5,28,LPC_flow_mod,9,1,-0.00794146085115578,-0,0,0,0,0,0,0,0.123440066822194,0
test_id,DS06_id,5,29,HPT_eff_mod,1,1,0,-0,0,0,0,0,0,0,0.165406483294424,0
test_id,DS06_id,5,29,fan_eff_mod,2,1,0,-0.000169868076196336,0,0,0,0,0,0,0.165406483294424,0
test_id,DS06_id,5,29,fan_flow_mod,3,1,0,-0,0,0,0,0,0,0,0.165406483294424,0
test_id,DS06_id,5,29,HPC_eff_mod,4,1,-0.024152519299681,-0.0123626504228276,0,0,0,0,0,0,0.165406483294424,0
test_id,DS06_id,5,29,HPC_flow_mod,5,1,-0.00507210607579389,-0.00345218687254916,0,0,0,0,0,0,0.165406483294424,0
test_id,DS06_id,5,29,LPT_eff_mod,6,1,0,-0.00238941517264438,0,0,0,0,0,0,0.165406483294424,0
test_id,DS06_id,5,29,LPT_flow_mod,7,1,0,-0.00156665623007773,0,0,0,0,0,0,0.165406483294424,0
test_id,DS06_id,5,29,LPC_eff_mod,8,1,-0.00370269044256168,-0.0035702373462896,0,0,0,0,0,0,0.165406483294424,0
test_id,DS06_id,5,29,LPC_flow_mod,9,1,-0.0135769169727909,-0.00562145356619283,0,0,0,0,0,0,0.165406483294424,0
test_id,DS06_id,5,30,HPT_eff_mod,1,1,0,-0,0,0,0,0,0,0,0.0766412869457215,0
test_id,DS06_id,5,30,fan_eff_mod,2,1,0,-0.000169868076196336,0,0,0,0,0,0,0.0766412869457215,0
test_id,DS06_id,5,30,fan_flow_mod,3,1,0,-0,0,0,0,0,0,0,0.0766412869457215,0
test_id,DS06_id,5,30,HPC_eff_mod,4,1,-0.0211268666335846,-0.0145674596047022,0,0,0,0,0,0,0.0766412869457215,0
test_id,DS06_id,5,30,HPC_flow_mod,5,1,-0.00885359793866632,-0.00557192355614796,0,0,0,0,0,0,0.0766412869457215,0
test_id,DS06_id,5,30,LPT_eff_mod,6,1,0,-0.00238941517264438,0,0,0,0,0,0,0.0766412869457215,0
test_id,DS06_id,5,30,LPT_flow_mod,7,1,0,-0.00156665623007773,0,0,0,0,0,0,0.0766412869457215,0
test_id,DS06_id,5,30,LPC_eff_mod,8,1,-0.00381482915904665,-0.0035702373462896,0,0,0,0,0,0,0.0766412869457215,0
test_id,DS06_id,5,30,LPC_flow_mod,9,1,-0.0108155028295153,-0.00562145356619283,0,0,0,0,0,0,0.0766412869457215,0
test_id,DS06_id,5,31,HPT_eff_mod,1,1,0,-0,0,0,0,0,0,0,0.139171183275385,0
test_id,DS06_id,5,31,fan_eff_mod,2,1,0,-0.000169868076196336,0,0,0,0,0,0,0.139171183275385,0
test_id,DS06_id,5,31,fan_flow_mod,3,1,0,-0,0,0,0,0,0,0,0.139171183275385,0
test_id,DS06_id,5,31,HPC_eff_mod,4,1,-0.0290167429224989,-0.0224159071635723,0,0,0,0,0,0,0.139171183275385,0
test_id,DS06_id,5,31,HPC_flow_mod,5,1,-0.004780398026892,-0.00557192355614796,0,0,0,0,0,0,0.139171183275385,0
test_id,DS06_id,5,31,LPT_eff_mod,6,1,0,-0.00238941517264438,0,0,0,0,0,0,0.139171183275385,0
test_id,DS06_id,5,31,LPT_flow_mod,7,1,0,-0.00156665623007773,0,0,0,0,0,0,0.139171183275385,0
test_id,DS06_id,5,31,LPC_eff_mod,8,1,-0.00430013573229267,-0.0035702373462896,0,0,0,0,0,0,0.139171183275385,0
test_id,DS06_id,5,31,LPC_flow_mod,9,1,-0.00961705329430075,-0.00562145356619283,0,0,0,0,0,0,0.139171183275385,0
test_id,DS06_id,5,32,HPT_eff_mod,1,1,0,-0,0,0,0,0,0,0,0.132745723557305,0
test_id,DS06_id,5,32,fan_eff_mod,2,1,0,-0.000169868076196336,0,0,0,0,0,0,0.132745723557305,0
test_id,DS06_id,5,32,fan_flow_mod,3,1,0,-0,0,0,0,0,0,0,0.132745723557305,0
test_id,DS06_id,5,32,HPC_eff_mod,4,1,-0.0249546661264953,-0.0224159071635723,0,0,0,0,0,0,0.132745723557305,0
test_id,DS06_id,5,32,HPC_flow_mod,5,1,-0.00861320821036167,-0.00710969748251236,0,0,0,0,0,0,0.132745723557305,0
test_id,DS06_id,5,32,LPT_eff_mod,6,1,0,-0.00238941517264438,0,0,0,0,0,0,0.132745723557305,0
test_id,DS06_id,5,32,LPT_flow_mod,7,1,0,-0.00156665623007773,0,0,0,0,0,0,0.132745723557305,0
test_id,DS06_id,5,32,LPC_eff_mod,8,1,-0.00344327987246814,-0.00504899382923416,0,0,0,0,0,0,0.132745723557305,0
test_id,DS06_id,5,32,LPC_flow_mod,9,1,-0.00975608955262855,-0.00562145356619283,0,0,0,0,0,0,0.132745723557305,0
test_id,DS06_id,5,33,HPT_eff_mod,1,0,0,-0,0,0,0,0,2,0,0.14562336428412,0
test_id,DS06_id,5,33,fan_eff_mod,2,0,0,-0.000169868076196336,0,0,0,0,2,0,0.14562336428412,0
test_id,DS06_id,5,33,fan_flow_mod,3,0,0,-0,0,0,0,0,2,0,0.14562336428412,0
test_id,DS06_id,5,33,HPC_eff_mod,4,0,-0.0305990355788014,-0.0224159071635723,1,0,2,0,2,0,0.14562336428412,0
test_id,DS06_id,5,33,HPC_flow_mod,5,0,-0.00622421968707598,-0.00710969748251236,1,0,1,0,2,0,0.14562336428412,0
test_id,DS06_id,5,33,LPT_eff_mod,6,0,0,-0.00238941517264438,0,0,0,0,2,0,0.14562336428412,0
test_id,DS06_id,5,33,LPT_flow_mod,7,0,0,-0.00156665623007773,0,0,0,0,2,0,0.14562336428412,0
test_id,DS06_id,5,33,LPC_eff_mod,8,0,-0.00451102285384571,-0.00504899382923416,1,0,1,0,2,0,0.14562336428412,0
test_id,DS06_id,5,33,LPC_flow_mod,9,0,-0.010388995714101,-0.00562145356619283,1,0,1,0,2,0,0.14562336428412,0
test_id,DS06_id,5,34,HPT_eff_mod,1,0,0,-0,0,0,0,0,2,0,0.126491712401771,0
test_id,DS06_id,5,34,fan_eff_mod,2,0,0,-0.000169868076196336,0,0,0,0,2,0,0.126491712401771,0
test_id,DS06_id,5,34,fan_flow_mod,3,0,0,-0,0,0,0,0,2,0,0.126491712401771,0
test_id,DS06_id,5,34,HPC_eff_mod,4,0,-0.0212531399805831,-0.0224159071635723,1,0,2,0,2,0,0.126491712401771,0
test_id,DS06_id,5,34,HPC_flow_mod,5,0,-0.00779609581388809,-0.00710969748251236,1,0,1,0,2,0,0.126491712401771,0
test_id,DS06_id,5,34,LPT_eff_mod,6,0,0,-0.00238941517264438,0,0,0,0,2,0,0.126491712401771,0
test_id,DS06_id,5,34,LPT_flow_mod,7,0,0,-0.00156665623007773,0,0,0,0,2,0,0.126491712401771,0
test_id,DS06_id,5,34,LPC_eff_mod,8,0,-0.00436436825169208,-0.00504899382923416,1,0,1,0,2,0,0.126491712401771,0
test_id,DS06_id,5,34,LPC_flow_mod,9,0,-0.00565906803347704,-0.00562145356619283,1,0,1,0,2,0,0.126491712401771,0
test_id,DS06_id,5,35,HPT_eff_mod,1,0,0,-0,0,0,0,0,2,1,0.117033579852309,0
test_id,DS06_id,5,35,fan_eff_mod,2,0,0,-0.000169868076196336,0,0,0,0,2,1,0.117033579852309,0
test_id,DS06_id,5,35,fan_flow_mod,3,0,0,-0,0,0,0,0,2,1,0.117033579852309,0
test_id,DS06_id,5,35,HPC_eff_mod,4,0,-0.0316649963080422,-0.0224159071635723,1,1,2,1,2,1,0.117033579852309,0
test_id,DS06_id,5,35,HPC_flow_mod,5,0,-0.00768121581215396,-0.00791072480022931,1,0,1,0,2,1,0.117033579852309,0
test_id,DS06_id,5,35,LPT_eff_mod,6,0,0,-0.00238941517264438,0,0,0,0,2,1,0.117033579852309,0
test_id,DS06_id,5,35,LPT_flow_mod,7,0,0,-0.00156665623007773,0,0,0,0,2,1,0.117033579852309,0
test_id,DS06_id,5,35,LPC_eff_mod,8,0,-0.00423361359089464,-0.00504899382923416,1,0,1,0,2,1,0.117033579852309,0
test_id,DS06_id,5,35,LPC_flow_mod,9,0,-0.00891582699071273,-0.00562145356619283,1,0,1,0,2,1,0.117033579852309,0
test_id,DS06_id,5,36,HPT_eff_mod,1,0,0,-0,0,0,0,0,2,1,0.123367754335925,0
test_id,DS06_id,5,36,fan_eff_mod,2,0,0,-0.000169868076196336,0,0,0,0,2,1,0.123367754335925,0
test_id,DS06_id,5,36,fan_flow_mod,3,0,0,-0,0,0,0,0,2,1,0.123367754335925,0
test_id,DS06_id,5,36,HPC_eff_mod,4,0,-0.0244761103949105,-0.0224159071635723,1,1,2,1,2,1,0.123367754335925,0
test_id,DS06_id,5,36,HPC_flow_mod,5,0,-0.00983349817658432,-0.00791072480022931,1,1,1,1,2,1,0.123367754335925,0
test_id,DS06_id,5,36,LPT_eff_mod,6,0,0,-0.00238941517264438,0,0,0,0,2,1,0.123367754335925,0
test_id,DS06_id,5,36,LPT_flow_mod,7,0,0,-0.00156665623007773,0,0,0,0,2,1,0.123367754335925,0
test_id,DS06_id,5,36,LPC_eff_mod,8,0,-0.00400800001550686,-0.00504899382923416,1,1,1,1,2,1,0.123367754335925,0
test_id,DS06_id,5,36,LPC_flow_mod,9,0,-0.00784769581880914,-0.00562145356619283,1,0,1,0,2,1,0.123367754335925,0
test_id,DS06_id,5,37,HPT_eff_mod,1,0,0,-0,0,0,0,0,2,1,0.130422688892499,0
test_id,DS06_id,5,37,fan_eff_mod,2,0,0,-0.000169868076196336,0,0,0,0,2,1,0.130422688892499,0
test_id,DS06_id,5,37,fan_flow_mod,3,0,0,-0,0,0,0,0,2,1,0.130422688892499,0
test_id,DS06_id,5,37,HPC_eff_mod,4,0,-0.0332356024508245,-0.0224159071635723,1,1,2,1,2,1,0.130422688892499,0
test_id,DS06_id,5,37,HPC_flow_mod,5,0,-0.00844004989576941,-0.00791072480022931,1,1,1,1,2,1,0.130422688892499,0
test_id,DS06_id,5,37,LPT_eff_mod,6,0,0,-0.00238941517264438,0,0,0,0,2,1,0.130422688892499,0
test_id,DS06_id,5,37,LPT_flow_mod,7,0,0,-0.00156665623007773,0,0,0,0,2,1,0.130422688892499,0
test_id,DS06_id,5,37,LPC_eff_mod,8,0,-0.00528562908308102,-0.00504899382923416,1,1,1,1,2,1,0.130422688892499,0
test_id,DS06_id,5,37,LPC_flow_mod,9,0,-0.0148402960904854,-0.00562145356619283,1,0,1,0,2,1,0.130422688892499,0
test_id,DS06_id,5,38,HPT_eff_mod,1,0,0,-0,0,0,0,0,2,1,0.198493851557599,0
test_id,DS06_id,5,38,fan_eff_mod,2,0,0,-0.000169868076196336,0,0,0,0,2,1,0.198493851557599,0
test_id,DS06_id,5,38,fan_flow_mod,3,0,0,-0,0,0,0,0,2,1,0.198493851557599,0
test_id,DS06_id,5,38,HPC_eff_mod,4,0,-0.0347016051527709,-0.0224159071635723,1,1,2,1,2,1,0.198493851557599,0
test_id,DS06_id,5,38,HPC_flow_mod,5,0,-0.0144260917056735,-0.00791072480022931,1,1,1,1,2,1,0.198493851557599,0
test_id,DS06_id,5,38,LPT_eff_mod,6,0,0,-0.00238941517264438,0,0,0,0,2,1,0.198493851557599,0
test_id,DS06_id,5,38,LPT_flow_mod,7,0,0,-0.00175176404241303,0,0,0,0,2,1,0.198493851557599,0
test_id,DS06_id,5,38,LPC_eff_mod,8,0,-0.00694285220657753,-0.00504899382923416,1,1,1,1,2,1,0.198493851557599,0
test_id,DS06_id,5,38,LPC_flow_mod,9,0,-0.0128634557183161,-0.0138108241720425,1,0,1,0,2,1,0.198493851557599,0
test_id,DS06_id,5,39,HPT_eff_mod,1,0,0,-0,0,0,0,0,2,1,0.144629106642417,0
test_id,DS06_id,5,39,fan_eff_mod,2,0,0,-0.000169868076196336,0,0,0,0,2,1,0.144629106642417,0
test_id,DS06_id,5,39,fan_flow_mod,3,0,0,-0,0,0,0,0,2,1,0.144629106642417,0
test_id,DS06_id,5,39,HPC_eff_mod,4,0,-0.0277884614131343,-0.0224159071635723,1,1,2,1,2,1,0.144629106642417,0
test_id,DS06_id,5,39,HPC_flow_mod,5,0,-0.0141268115435835,-0.00791072480022931,1,1,1,1,2,1,0.144629106642417,0
test_id,DS06_id,5,39,LPT_eff_mod,6,0,0,-0.00238941517264438,0,0,0,0,2,1,0.144629106642417,0
test_id,DS06_id,5,39,LPT_flow_mod,7,0,0,-0.00175176404241303,0,0,0,0,2,1,0.144629106642417,0
test_id,DS06_id,5,39,LPC_eff_mod,8,0,-0.00483372273595623,-0.00504899382923416,1,1,1,1,2,1,0.144629106642417,0
test_id,DS06_id,5,39,LPC_flow_mod,9,0,-0.0128408352167709,-0.0138108241720425,1,0,1,0,2,1,0.144629106642417,0
test_id,DS06_id,5,40,HPT_eff_mod,1,0,0,-0,0,0,0,0,2,1,0.123726854365902,0
test_id,DS06_id,5,40,fan_eff_mod,2,0,0,-0.000169868076196336,0,0,0,0,2,1,0.123726854365902,0
test_id,DS06_id,5,40,fan_flow_mod,3,0,0,-0,0,0,0,0,2,1,0.123726854365902,0
test_id,DS06_id,5,40,HPC_eff_mod,4,0,-0.0300707748457211,-0.0224159071635723,1,1,2,1,2,1,0.123726854365902,0
test_id,DS06_id,5,40,HPC_flow_mod,5,0,-0.0128998582614061,-0.00791072480022931,1,1,1,1,2,1,0.123726854365902,0
test_id,DS06_id,5,40,LPT_eff_mod,6,0,0,-0.00238941517264438,0,0,0,0,2,1,0.123726854365902,0
test_id,DS06_id,5,40,LPT_flow_mod,7,0,0,-0.00175176404241303,0,0,0,0,2,1,0.123726854365902,0
test_id,DS06_id,5,40,LPC_eff_mod,8,0,-0.00549875683974356,-0.00504899382923416,1,1,1,1,2,1,0.123726854365902,0
test_id,DS06_id,5,40,LPC_flow_mod,9,0,-0.00574110351056176,-0.0138108241720425,1,0,1,0,2,1,0.123726854365902,0
test_id,DS06_id,5,41,HPT_eff_mod,1,0,0,-0,0,0,0,0,2,1,0.135045656849381,0
test_id,DS06_id,5,41,fan_eff_mod,2,0,0,-0.000169868076196336,0,0,0,0,2,1,0.135045656849381,0
test_id,DS06_id,5,41,fan_flow_mod,3,0,0,-0,0,0,0,0,2,1,0.135045656849381,0
test_id,DS06_id,5,41,HPC_eff_mod,4,0,-0.0309276921591843,-0.0236187192346955,1,1,2,1,2,1,0.135045656849381,0
test_id,DS06_id,5,41,HPC_flow_mod,5,0,-0.00254562783605558,-0.00791072480022931,1,1,1,1,2,1,0.135045656849381,0
test_id,DS06_id,5,41,LPT_eff_mod,6,0,0,-0.00238941517264438,0,0,0,0,2,1,0.135045656849381,0
test_id,DS06_id,5,41,LPT_flow_mod,7,0,0,-0.00175176404241303,0,0,0,0,2,1,0.135045656849381,0
test_id,DS06_id,5,41,LPC_eff_mod,8,0,-0.00516989833205818,-0.00504899382923416,1,1,1,1,2,1,0.135045656849381,0
test_id,DS06_id,5,41,LPC_flow_mod,9,0,-0.0143358021454236,-0.0138108241720425,1,0,1,0,2,1,0.135045656849381,0
test_id,DS06_id,5,42,HPT_eff_mod,1,0,0,-0,0,0,0,0,2,1,0.114976664368629,0
test_id,DS06_id,5,42,fan_eff_mod,2,0,0,-0.000169868076196336,0,0,0,0,2,1,0.114976664368629,0
test_id,DS06_id,5,42,fan_flow_mod,3,0,0,-0,0,0,0,0,2,1,0.114976664368629,0
test_id,DS06_id,5,42,HPC_eff_mod,4,0,-0.027676078140322,-0.0236187192346955,1,1,2,1,2,1,0.114976664368629,0
test_id,DS06_id,5,42,HPC_flow_mod,5,0,-0.0125724023997225,-0.00926236404349549,1,1,1,1,2,1,0.114976664368629,0
test_id,DS06_id,5,42,LPT_eff_mod,6,0,0,-0.00238941517264438,0,0,0,0,2,1,0.114976664368629,0
test_id,DS06_id,5,42,LPT_flow_mod,7,0,0,-0.00175176404241303,0,0,0,0,2,1,0.114976664368629,0
test_id,DS06_id,5,42,LPC_eff_mod,8,0,-0.00614959931870682,-0.00504899382923416,1,1,1,1,2,1,0.114976664368629,0
test_id,DS06_id,5,42,LPC_flow_mod,9,0,-0.0136449726841323,-0.0138108241720425,1,1,1,1,2,1,0.114976664368629,0
test_id,DS06_id,5,43,HPT_eff_mod,1,0,0,-0,0,0,0,0,2,2,0.122735930341098,0
test_id,DS06_id,5,43,fan_eff_mod,2,0,0,-0.000169868076196336,0,0,0,0,2,2,0.122735930341098,0
test_id,DS06_id,5,43,fan_flow_mod,3,0,0,-0,0,0,0,0,2,2,0.122735930341098,0
test_id,DS06_id,5,43,HPC_eff_mod,4,0,-0.0376456308400011,-0.0307593581891907,1,1,2,2,2,2,0.122735930341098,0
test_id,DS06_id,5,43,HPC_flow_mod,5,0,-0.0164649723643197,-0.0145366962986399,1,1,1,1,2,2,0.122735930341098,0
test_id,DS06_id,5,43,LPT_eff_mod,6,0,0,-0.00238941517264438,0,0,0,0,2,2,0.122735930341098,0
test_id,DS06_id,5,43,LPT_flow_mod,7,0,0,-0.00175176404241303,0,0,0,0,2,2,0.122735930341098,0
test_id,DS06_id,5,43,LPC_eff_mod,8,0,-0.00560647839934976,-0.00534983133705723,1,1,1,1,2,2,0.122735930341098,0
test_id,DS06_id,5,43,LPC_flow_mod,9,0,-0.0214490824376439,-0.0138108241720425,1,1,1,1,2,2,0.122735930341098,0
test_id,DS06_id,5,44,HPT_eff_mod,1,0,0,-0,0,0,0,0,2,2,0.148105220784449,0
test_id,DS06_id,5,44,fan_eff_mod,2,0,0,-0.000169868076196336,0,0,0,0,2,2,0.148105220784449,0
test_id,DS06_id,5,44,fan_flow_mod,3,0,0,-0,0,0,0,0,2,2,0.148105220784449,0
test_id,DS06_id,5,44,HPC_eff_mod,4,0,-0.0440050671935128,-0.0307593581891907,1,1,2,2,2,2,0.148105220784449,0
test_id,DS06_id,5,44,HPC_flow_mod,5,0,-0.0147296765925778,-0.0145366962986399,1,1,1,1,2,2,0.148105220784449,0
test_id,DS06_id,5,44,LPT_eff_mod,6,0,0,-0.00238941517264438,0,0,0,0,2,2,0.148105220784449,0
test_id,DS06_id,5,44,LPT_flow_mod,7,0,0,-0.00175176404241303,0,0,0,0,2,2,0.148105220784449,0
test_id,DS06_id,5,44,LPC_eff_mod,8,0,-0.00647762248141271,-0.00535732287061398,1,1,1,1,2,2,0.148105220784449,0
test_id,DS06_id,5,44,LPC_flow_mod,9,0,-0.0247562241406541,-0.0138108241720425,1,1,1,1,2,2,0.148105220784449,0
test_id,DS06_id,5,45,HPT_eff_mod,1,0,0,-0,0,0,0,0,2,2,0.145066431375771,0
test_id,DS06_id,5,45,fan_eff_mod,2,0,0,-0.000169868076196336,0,0,0,0,2,2,0.145066431375771,0
test_id,DS06_id,5,45,fan_flow_mod,3,0,0,-0,0,0,0,0,2,2,0.145066431375771,0
test_id,DS06_id,5,45,HPC_eff_mod,4,0,-0.0273385315671699,-0.0307593581891907,1,1,2,2,2,2,0.145066431375771,0
test_id,DS06_id,5,45,HPC_flow_mod,5,0,-0.016607699478837,-0.0145366962986399,1,1,1,1,2,2,0.145066431375771,0
test_id,DS06_id,5,45,LPT_eff_mod,6,0,0,-0.00238941517264438,0,0,0,0,2,2,0.145066431375771,0
test_id,DS06_id,5,45,LPT_flow_mod,7,0,0,-0.00175176404241303,0,0,0,0,2,2,0.145066431375771,0
test_id,DS06_id,5,45,LPC_eff_mod,8,0,-0.00667392546202643,-0.00535732287061398,1,1,1,1,2,2,0.145066431375771,0
test_id,DS06_id,5,45,LPC_flow_mod,9,0,-0.0261275049258899,-0.0138108241720425,1,1,1,1,2,2,0.145066431375771,0
test_id,DS06_id,5,46,HPT_eff_mod,1,0,0,-0,0,0,0,0,2,2,0.137771798478353,0
test_id,DS06_id,5,46,fan_eff_mod,2,0,0,-0.000169868076196336,0,0,0,0,2,2,0.137771798478353,0
test_id,DS06_id,5,46,fan_flow_mod,3,0,0,-0,0,0,0,0,2,2,0.137771798478353,0
test_id,DS06_id,5,46,HPC_eff_mod,4,0,-0.0364740842660966,-0.0307593581891907,1,1,2,2,2,2,0.137771798478353,0
test_id,DS06_id,5,46,HPC_flow_mod,5,0,-0.0172911086208908,-0.0145366962986399,1,1,1,1,2,2,0.137771798478353,0
test_id,DS06_id,5,46,LPT_eff_mod,6,0,0,-0.00238941517264438,0,0,0,0,2,2,0.137771798478353,0
test_id,DS06_id,5,46,LPT_flow_mod,7,0,0,-0.00175176404241303,0,0,0,0,2,2,0.137771798478353,0
test_id,DS06_id,5,46,LPC_eff_mod,8,0,-0.00882888907581141,-0.00535732287061398,1,1,1,1,2,2,0.137771798478353,0
test_id,DS06_id,5,46,LPC_flow_mod,9,0,-0.0282773011782722,-0.0138108241720425,1,1,2,1,2,2,0.137771798478353,0
test_id,DS06_id,5,47,HPT_eff_mod,1,0,0,-0,0,0,0,0,2,2,0.107470013706815,0
test_id,DS06_id,5,47,fan_eff_mod,2,0,0,-0.000169868076196336,0,0,0,0,2,2,0.107470013706815,0
test_id,DS06_id,5,47,fan_flow_mod,3,0,0,-0,0,0,0,0,2,2,0.107470013706815,0
test_id,DS06_id,5,47,HPC_eff_mod,4,0,-0.0345433074364843,-0.0307593581891907,1,1,2,2,2,2,0.107470013706815,0
test_id,DS06_id,5,47,HPC_flow_mod,5,0,-0.0138450498965545,-0.0145366962986399,1,1,1,1,2,2,0.107470013706815,0
test_id,DS06_id,5,47,LPT_eff_mod,6,0,0,-0.00642857071104775,0,0,0,0,2,2,0.107470013706815,0
test_id,DS06_id,5,47,LPT_flow_mod,7,0,0,-0.00175176404241303,0,0,0,0,2,2,0.107470013706815,0
test_id,DS06_id,5,47,LPC_eff_mod,8,0,-0.0102242949101805,-0.00678405572443904,1,1,1,1,2,2,0.107470013706815,0
test_id,DS06_id,5,47,LPC_flow_mod,9,0,-0.0355006006775941,-0.0138108241720425,1,1,2,1,2,2,0.107470013706815,0
test_id,DS06_id,5,48,HPT_eff_mod,1,0,0,-0,0,0,0,0,2,2,0.103667617328017,0
test_id,DS06_id,5,48,fan_eff_mod,2,0,0,-0.000169868076196336,0,0,0,0,2,2,0.103667617328017,0
test_id,DS06_id,5,48,fan_flow_mod,3,0,0,-0,0,0,0,0,2,2,0.103667617328017,0
test_id,DS06_id,5,48,HPC_eff_mod,4,0,-0.0352755695823969,-0.0307593581891907,1,1,2,2,2,2,0.103667617328017,0
test_id,DS06_id,5,48,HPC_flow_mod,5,0,-0.0181386600856357,-0.0145366962986399,1,1,1,1,2,2,0.103667617328017,0
test_id,DS06_id,5,48,LPT_eff_mod,6,0,0,-0.00642857071104775,0,0,0,0,2,2,0.103667617328017,0
test_id,DS06_id,5,48,LPT_flow_mod,7,0,0,-0.00175176404241303,0,0,0,0,2,2,0.103667617328017,0
test_id,DS06_id,5,48,LPC_eff_mod,8,0,-0.00891601815205599,-0.0127261490434018,1,1,1,1,2,2,0.103667617328017,0
test_id,DS06_id,5,48,LPC_flow_mod,9,0,-0.01772691632411,-0.0138108241720425,1,1,2,1,2,2,0.103667617328017,0
test_id,DS06_id,5,49,HPT_eff_mod,1,0,0,-0,0,0,0,0,2,2,0.238961123302872,0
test_id,DS06_id,5,49,fan_eff_mod,2,0,0,-0.000169868076196336,0,0,0,0,2,2,0.238961123302872,0
test_id,DS06_id,5,49,fan_flow_mod,3,0,0,-0,0,0,0,0,2,2,0.238961123302872,0
test_id,DS06_id,5,49,HPC_eff_mod,4,0,-0.0437668241324063,-0.0315173297496868,1,1,2,2,2,2,0.238961123302872,0
test_id,DS06_id,5,49,HPC_flow_mod,5,0,-0.0222911928067799,-0.0191725970728027,1,1,1,1,2,2,0.238961123302872,0
test_id,DS06_id,5,49,LPT_eff_mod,6,0,0,-0.00795898737586917,0,0,0,0,2,2,0.238961123302872,0
test_id,DS06_id,5,49,LPT_flow_mod,7,0,0,-0.00175176404241303,0,0,0,0,2,2,0.238961123302872,0
test_id,DS06_id,5,49,LPC_eff_mod,8,0,-0.00956868217219727,-0.0173052447737383,1,1,1,1,2,2,0.238961123302872,0
test_id,DS06_id,5,49,LPC_flow_mod,9,0,-0.0317580117287187,-0.0138108241720425,1,1,2,1,2,2,0.238961123302872,0
test_id,DS06_id,5,50,HPT_eff_mod,1,0,0,-0,0,0,0,0,2,2,0.100375316910864,0
test_id,DS06_id,5,50,fan_eff_mod,2,0,0,-0.000169868076196336,0,0,0,0,2,2,0.100375316910864,0
test_id,DS06_id,5,50,fan_flow_mod,3,0,0,-0,0,0,0,0,2,2,0.100375316910864,0
test_id,DS06_id,5,50,HPC_eff_mod,4,0,-0.0387783340264071,-0.0315173297496868,1,1,2,2,2,2,0.100375316910864,0
test_id,DS06_id,5,50,HPC_flow_mod,5,0,-0.0233292082404927,-0.0191725970728027,1,1,1,1,2,2,0.100375316910864,0
test_id,DS06_id,5,50,LPT_eff_mod,6,0,0,-0.00795898737586917,0,0,0,0,2,2,0.100375316910864,0
test_id,DS06_id,5,50,LPT_flow_mod,7,0,0,-0.00175176404241303,0,0,0,0,2,2,0.100375316910864,0
test_id,DS06_id,5,50,LPC_eff_mod,8,0,-0.011981431631313,-0.0173052447737383,1,1,1,1,2,2,0.100375316910864,0
test_id,DS06_id,5,50,LPC_flow_mod,9,0,-0.0278924438425394,-0.0138108241720425,1,1,2,1,2,2,0.100375316910864,0
test_id,DS06_id,5,51,HPT_eff_mod,1,0,0,-0,0,0,0,0,2,2,0.253799721849002,0
test_id,DS06_id,5,51,fan_eff_mod,2,0,0,-0.000169868076196336,0,0,0,0,2,2,0.253799721849002,0
test_id,DS06_id,5,51,fan_flow_mod,3,0,0,-0,0,0,0,0,2,2,0.253799721849002,0
test_id,DS06_id,5,51,HPC_eff_mod,4,0,-0.0430553853309224,-0.0360491722451765,1,1,2,2,2,2,0.253799721849002,0
test_id,DS06_id,5,51,HPC_flow_mod,5,0,-0.0279060700203777,-0.0268470999210789,1,1,2,1,2,2,0.253799721849002,0
test_id,DS06_id,5,51,LPT_eff_mod,6,0,0,-0.00795898737586917,0,0,0,0,2,2,0.253799721849002,0
test_id,DS06_id,5,51,LPT_flow_mod,7,0,0,-0.00175176404241303,0,0,0,0,2,2,0.253799721849002,0
test_id,DS06_id,5,51,LPC_eff_mod,8,0,-0.0116403746809433,-0.0173914676983657,1,1,1,1,2,2,0.253799721849002,0
test_id,DS06_id,5,51,LPC_flow_mod,9,0,-0.0320243470682778,-0.0138108241720425,1,1,2,1,2,2,0.253799721849002,0
test_id,DS06_id,5,52,HPT_eff_mod,1,0,0,-0,0,0,0,0,2,2,0.216578446071665,0
test_id,DS06_id,5,52,fan_eff_mod,2,0,0,-0.000169868076196336,0,0,0,0,2,2,0.216578446071665,0
test_id,DS06_id,5,52,fan_flow_mod,3,0,0,-0,0,0,0,0,2,2,0.216578446071665,0
test_id,DS06_id,5,52,HPC_eff_mod,4,0,-0.0400018050102223,-0.0360491722451765,1,1,2,2,2,2,0.216578446071665,0
test_id,DS06_id,5,52,HPC_flow_mod,5,0,-0.0293461344294668,-0.0268470999210789,1,1,2,1,2,2,0.216578446071665,0
test_id,DS06_id,5,52,LPT_eff_mod,6,0,0,-0.00795898737586917,0,0,0,0,2,2,0.216578446071665,0
test_id,DS06_id,5,52,LPT_flow_mod,7,0,0,-0.00175176404241303,0,0,0,0,2,2,0.216578446071665,0
test_id,DS06_id,5,52,LPC_eff_mod,8,0,-0.0114913436815817,-0.0173914676983657,1,1,1,1,2,2,0.216578446071665,0
test_id,DS06_id,5,52,LPC_flow_mod,9,0,-0.0303114377968296,-0.0138108241720425,1,1,2,1,2,2,0.216578446071665,0
test_id,DS06_id,5,53,HPT_eff_mod,1,0,0,-0,0,0,0,0,2,2,0.108297535789838,0
test_id,DS06_id,5,53,fan_eff_mod,2,0,0,-0.000169868076196336,0,0,0,0,2,2,0.108297535789838,0
test_id,DS06_id,5,53,fan_flow_mod,3,0,0,-0,0,0,0,0,2,2,0.108297535789838,0
test_id,DS06_id,5,53,HPC_eff_mod,4,0,-0.0478592880136452,-0.0360491722451765,1,1,2,2,2,2,0.108297535789838,0
test_id,DS06_id,5,53,HPC_flow_mod,5,0,-0.0325178788603039,-0.0268470999210789,1,1,2,1,2,2,0.108297535789838,0
test_id,DS06_id,5,53,LPT_eff_mod,6,0,0,-0.00795898737586917,0,0,0,0,2,2,0.108297535789838,0
test_id,DS06_id,5,53,LPT_flow_mod,7,0,0,-0.00175176404241303,0,0,0,0,2,2,0.108297535789838,0
test_id,DS06_id,5,53,LPC_eff_mod,8,0,-0.0134093231840778,-0.0173914676983657,1,1,1,1,2,2,0.108297535789838,0
test_id,DS06_id,5,53,LPC_flow_mod,9,0,-0.0398164252292961,-0.0286756648974206,1,1,2,2,2,2,0.108297535789838,0
test_id,DS06_id,5,54,HPT_eff_mod,1,0,0,-0,0,0,0,0,2,2,0.100574321699272,0
test_id,DS06_id,5,54,fan_eff_mod,2,0,0,-0.000169868076196336,0,0,0,0,2,2,0.100574321699272,0
test_id,DS06_id,5,54,fan_flow_mod,3,0,0,-0,0,0,0,0,2,2,0.100574321699272,0
test_id,DS06_id,5,54,HPC_eff_mod,4,0,-0.0454190640051139,-0.0360491722451765,1,1,2,2,2,2,0.100574321699272,0
test_id,DS06_id,5,54,HPC_flow_mod,5,0,-0.0353437411079155,-0.0323406570934074,1,1,2,2,2,2,0.100574321699272,0
test_id,DS06_id,5,54,LPT_eff_mod,6,0,0,-0.00795898737586917,0,0,0,0,2,2,0.100574321699272,0
test_id,DS06_id,5,54,LPT_flow_mod,7,0,0,-0.00175176404241303,0,0,0,0,2,2,0.100574321699272,0
test_id,DS06_id,5,54,LPC_eff_mod,8,0,-0.0133234199817232,-0.0173914676983657,1,1,1,1,2,2,0.100574321699272,0
test_id,DS06_id,5,54,LPC_flow_mod,9,0,-0.0480418925357804,-0.0286756648974206,1,1,2,2,2,2,0.100574321699272,0
test_id,DS06_id,5,55,HPT_eff_mod,1,0,0,-0,0,0,0,0,2,2,0.113471737302994,0
test_id,DS06_id,5,55,fan_eff_mod,2,0,0,-0.000169868076196336,0,0,0,0,2,2,0.113471737302994,0
test_id,DS06_id,5,55,fan_flow_mod,3,0,0,-0,0,0,0,0,2,2,0.113471737302994,0
test_id,DS06_id,5,55,HPC_eff_mod,4,0,-0.0500596044228026,-0.0376199461382009,1,1,2,2,2,2,0.113471737302994,0
test_id,DS06_id,5,55,HPC_flow_mod,5,0,-0.0334145647265668,-0.0323406570934074,1,1,2,2,2,2,0.113471737302994,0
test_id,DS06_id,5,55,LPT_eff_mod,6,0,0,-0.00795898737586917,0,0,0,0,2,2,0.113471737302994,0
test_id,DS06_id,5,55,LPT_flow_mod,7,0,0,-0.00175176404241303,0,0,0,0,2,2,0.113471737302994,0
test_id,DS06_id,5,55,LPC_eff_mod,8,0,-0.0147709535534726,-0.0173914676983657,1,1,1,1,2,2,0.113471737302994,0
test_id,DS06_id,5,55,LPC_flow_mod,9,0,-0.0473582615215686,-0.0286756648974206,1,1,2,2,2,2,0.113471737302994,0
test_id,DS06_id,5,56,HPT_eff_mod,1,0,0,-0,0,0,0,0,2,2,0.11956961893887,0
test_id,DS06_id,5,56,fan_eff_mod,2,0,0,-0.000169868076196336,0,0,0,0,2,2,0.11956961893887,0
test_id,DS06_id,5,56,fan_flow_mod,3,0,0,-0,0,0,0,0,2,2,0.11956961893887,0
test_id,DS06_id,5,56,HPC_eff_mod,4,0,-0.0523155152814576,-0.0376199461382009,1,1,2,2,2,2,0.11956961893887,0
test_id,DS06_id,5,56,HPC_flow_mod,5,0,-0.0385302728441478,-0.0323406570934074,1,1,2,2,2,2,0.11956961893887,0
test_id,DS06_id,5,56,LPT_eff_mod,6,0,0,-0.00795898737586917,0,0,0,0,2,2,0.11956961893887,0
test_id,DS06_id,5,56,LPT_flow_mod,7,0,0,-0.00376287786391575,0,0,0,0,2,2,0.11956961893887,0
test_id,DS06_id,5,56,LPC_eff_mod,8,0,-0.016685494839273,-0.0173914676983657,1,1,1,1,2,2,0.11956961893887,0
test_id,DS06_id,5,56,LPC_flow_mod,9,0,-0.0412926994544081,-0.0286756648974206,1,1,2,2,2,2,0.11956961893887,0
test_id,DS06_id,5,57,HPT_eff_mod,1,0,0,-0,0,0,0,0,2,2,0.109149795867148,0
test_id,DS06_id,5,57,fan_eff_mod,2,0,0,-0.000169868076196336,0,0,0,0,2,2,0.109149795867148,0
test_id,DS06_id,5,57,fan_flow_mod,3,0,0,-0,0,0,0,0,2,2,0.109149795867148,0
test_id,DS06_id,5,57,HPC_eff_mod,4,0,-0.0530150918870962,-0.0376199461382009,1,1,2,2,2,2,0.109149795867148,0
test_id,DS06_id,5,57,HPC_flow_mod,5,0,-0.0362303189551371,-0.0323406570934074,1,1,2,2,2,2,0.109149795867148,0
test_id,DS06_id,5,57,LPT_eff_mod,6,0,0,-0.00795898737586917,0,0,0,0,2,2,0.109149795867148,0
test_id,DS06_id,5,57,LPT_flow_mod,7,0,0,-0.00376287786391575,0,0,0,0,2,2,0.109149795867148,0
test_id,DS06_id,5,57,LPC_eff_mod,8,0,-0.016793851645362,-0.0173914676983657,1,1,1,1,2,2,0.109149795867148,0
test_id,DS06_id,5,57,LPC_flow_mod,9,0,-0.0544604007291733,-0.0347382105952888,1,1,2,2,2,2,0.109149795867148,0
test_id,DS06_id,5,58,HPT_eff_mod,1,0,0,-0,0,0,0,0,2,2,0.160272616055116,0
test_id,DS06_id,5,58,fan_eff_mod,2,0,0,-0.000169868076196336,0,0,0,0,2,2,0.160272616055116,0
test_id,DS06_id,5,58,fan_flow_mod,3,0,0,-0,0,0,0,0,2,2,0.160272616055116,0
test_id,DS06_id,5,58,HPC_eff_mod,4,0,-0.055320375035868,-0.040719511228879,1,1,2,2,2,2,0.160272616055116,0
test_id,DS06_id,5,58,HPC_flow_mod,5,0,-0.0432641682649713,-0.036491997505304,1,1,2,2,2,2,0.160272616055116,0
test_id,DS06_id,5,58,LPT_eff_mod,6,0,0,-0.00795898737586917,0,0,0,0,2,2,0.160272616055116,0
test_id,DS06_id,5,58,LPT_flow_mod,7,0,0,-0.00376287786391575,0,0,0,0,2,2,0.160272616055116,0
test_id,DS06_id,5,58,LPC_eff_mod,8,0,-0.0174381143681989,-0.0173914676983657,1,1,1,1,2,2,0.160272616055116,0
test_id,DS06_id,5,58,LPC_flow_mod,9,0,-0.0505575014009992,-0.0375184901707725,1,1,2,2,2,2,0.160272616055116,0
test_id,DS06_id,5,59,HPT_eff_mod,1,0,0,-0,0,0,0,0,2,2,0.118064762645797,0
test_id,DS06_id,5,59,fan_eff_mod,2,0,0,-0.000169868076196336,0,0,0,0,2,2,0.118064762645797,0
test_id,DS06_id,5,59,fan_flow_mod,3,0,0,-0,0,0,0,0,2,2,0.118064762645797,0
test_id,DS06_id,5,59,HPC_eff_mod,4,0,-0.059424974635312,-0.040719511228879,1,1,2,2,2,2,0.118064762645797,0
test_id,DS06_id,5,59,HPC_flow_mod,5,0,-0.0491297285066532,-0.0416999839215466,1,1,2,2,2,2,0.118064762645797,0
test_id,DS06_id,5,59,LPT_eff_mod,6,0,0,-0.00795898737586917,0,0,0,0,2,2,0.118064762645797,0
test_id,DS06_id,5,59,LPT_flow_mod,7,0,0,-0.00376287786391575,0,0,0,0,2,2,0.118064762645797,0
test_id,DS06_id,5,59,LPC_eff_mod,8,0,-0.020967778876966,-0.0178775072778702,1,1,1,1,2,2,0.118064762645797,0
test_id,DS06_id,5,59,LPC_flow_mod,9,0,-0.0512610270301989,-0.0375184901707725,1,1,2,2,2,2,0.118064762645797,0
test_id,DS06_id,5,60,HPT_eff_mod,1,0,0,-0,0,0,0,0,2,2,0.0732274719818579,0
test_id,DS06_id,5,60,fan_eff_mod,2,0,0,-0.000169868076196336,0,0,0,0,2,2,0.0732274719818579,0
test_id,DS06_id,5,60,fan_flow_mod,3,0,0,-0,0,0,0,0,2,2,0.0732274719818579,0
test_id,DS06_id,5,60,HPC_eff_mod,4,0,-0.065080120349655,-0.0506316669364847,1,1,2,2,2,2,0.0732274719818579,0
test_id,DS06_id,5,60,HPC_flow_mod,5,0,-0.0468899083570942,-0.0416999839215466,1,1,2,2,2,2,0.0732274719818579,0
test_id,DS06_id,5,60,LPT_eff_mod,6,0,0,-0.00795898737586917,0,0,0,0,2,2,0.0732274719818579,0
test_id,DS06_id,5,60,LPT_flow_mod,7,0,0,-0.00376287786391575,0,0,0,0,2,2,0.0732274719818579,0
test_id,DS06_id,5,60,LPC_eff_mod,8,0,-0.0194060827597215,-0.0178775072778702,1,1,1,1,2,2,0.0732274719818579,0
test_id,DS06_id,5,60,LPC_flow_mod,9,0,-0.0496324677875889,-0.0375184901707725,1,1,2,2,2,2,0.0732274719818579,0
test_id,DS06_id,5,61,HPT_eff_mod,1,0,0,-0,0,0,0,0,2,2,0.198582561099986,0
test_id,DS06_id,5,61,fan_eff_mod,2,0,0,-0.000169868076196336,0,0,0,0,2,2,0.198582561099986,0
test_id,DS06_id,5,61,fan_flow_mod,3,0,0,-0,0,0,0,0,2,2,0.198582561099986,0
test_id,DS06_id,5,61,HPC_eff_mod,4,0,-0.0661186650798073,-0.0528839404681002,1,1,2,2,2,2,0.198582561099986,0
test_id,DS06_id,5,61,HPC_flow_mod,5,0,-0.0527327266926444,-0.051485151367709,1,1,2,2,2,2,0.198582561099986,0
test_id,DS06_id,5,61,LPT_eff_mod,6,0,0,-0.00795898737586917,0,0,0,0,2,2,0.198582561099986,0
test_id,DS06_id,5,61,LPT_flow_mod,7,0,0,-0.00376287786391575,0,0,0,0,2,2,0.198582561099986,0
test_id,DS06_id,5,61,LPC_eff_mod,8,0,-0.0223690760022692,-0.0251256907659899,1,1,1,1,2,2,0.198582561099986,0
test_id,DS06_id,5,61,LPC_flow_mod,9,0,-0.0664408165501613,-0.0375184901707725,1,1,2,2,2,2,0.198582561099986,0
test_id,DS06_id,5,62,HPT_eff_mod,1,0,0,-0,0,0,0,0,2,2,0.132693786744178,0
test_id,DS06_id,5,62,fan_eff_mod,2,0,0,-0.000169868076196336,0,0,0,0,2,2,0.132693786744178,0
test_id,DS06_id,5,62,fan_flow_mod,3,0,0,-0,0,0,0,0,2,2,0.132693786744178,0
test_id,DS06_id,5,62,HPC_eff_mod,4,0,-0.0657681630071929,-0.0528839404681002,1,1,2,2,2,2,0.132693786744178,0
test_id,DS06_id,5,62,HPC_flow_mod,5,0,-0.0607922922755689,-0.051485151367709,1,1,2,2,2,2,0.132693786744178,0
test_id,DS06_id,5,62,LPT_eff_mod,6,0,0,-0.00795898737586917,0,0,0,0,2,2,0.132693786744178,0
test_id,DS06_id,5,62,LPT_flow_mod,7,0,0,-0.00376287786391575,0,0,0,0,2,2,0.132693786744178,0
test_id,DS06_id,5,62,LPC_eff_mod,8,0,-0.0220919271875158,-0.0251256907659899,1,1,1,1,2,2,0.132693786744178,0
test_id,DS06_id,5,62,LPC_flow_mod,9,0,-0.0689077366397939,-0.0424460390658957,1,1,2,2,2,2,0.132693786744178,0
test_id,DS06_id,5,63,HPT_eff_mod,1,0,0,-0,0,0,0,0,2,2,0.219174582633857,0
test_id,DS06_id,5,63,fan_eff_mod,2,0,0,-0.000169868076196336,0,0,0,0,2,2,0.219174582633857,0
test_id,DS06_id,5,63,fan_flow_mod,3,0,0,-0,0,0,0,0,2,2,0.219174582633857,0
test_id,DS06_id,5,63,HPC_eff_mod,4,0,-0.0732568468040547,-0.0612519071407737,1,1,2,2,2,2,0.219174582633857,0
test_id,DS06_id,5,63,HPC_flow_mod,5,0,-0.0625606612079343,-0.0609830833759112,1,1,2,2,2,2,0.219174582633857,0
test_id,DS06_id,5,63,LPT_eff_mod,6,0,0,-0.00795898737586917,0,0,0,0,2,2,0.219174582633857,0
test_id,DS06_id,5,63,LPT_flow_mod,7,0,0,-0.00376287786391575,0,0,0,0,2,2,0.219174582633857,0
test_id,DS06_id,5,63,LPC_eff_mod,8,0,-0.0256668268882998,-0.0326368840173014,1,1,1,2,2,2,0.219174582633857,0
test_id,DS06_id,5,63,LPC_flow_mod,9,0,-0.0649200149625537,-0.0424460390658957,1,1,2,2,2,2,0.219174582633857,0
test_id,DS06_id,5,64,HPT_eff_mod,1,0,0,-0,0,0,0,0,2,2,0.119760826573375,0
test_id,DS06_id,5,64,fan_eff_mod,2,0,0,-0.000169868076196336,0,0,0,0,2,2,0.119760826573375,0
test_id,DS06_id,5,64,fan_flow_mod,3,0,0,-0,0,0,0,0,2,2,0.119760826573375,0
test_id,DS06_id,5,64,HPC_eff_mod,4,0,-0.0760954875987689,-0.0612519071407737,1,1,2,2,2,2,0.119760826573375,0
test_id,DS06_id,5,64,HPC_flow_mod,5,0,-0.0730488239435971,-0.0654686628126051,1,1,2,2,2,2,0.119760826573375,0
test_id,DS06_id,5,64,LPT_eff_mod,6,0,0,-0.00795898737586917,0,0,0,0,2,2,0.119760826573375,0
test_id,DS06_id,5,64,LPT_flow_mod,7,0,0,-0.00376287786391575,0,0,0,0,2,2,0.119760826573375,0
test_id,DS06_id,5,64,LPC_eff_mod,8,0,-0.0250474410548904,-0.0326368840173014,1,1,1,2,2,2,0.119760826573375,0
test_id,DS06_id,5,64,LPC_flow_mod,9,0,-0.0710499038170136,-0.0519542373039965,1,1,2,2,2,2,0.119760826573375,0
test_id,DS06_id,5,65,HPT_eff_mod,1,0,0,-0,0,0,0,0,2,2,0.134538916030009,0
test_id,DS06_id,5,65,fan_eff_mod,2,0,0,-0.000169868076196336,0,0,0,0,2,2,0.134538916030009,0
test_id,DS06_id,5,65,fan_flow_mod,3,0,0,-0,0,0,0,0,2,2,0.134538916030009,0
test_id,DS06_id,5,65,HPC_eff_mod,4,0,-0.0759286811321612,-0.0634612593110018,1,1,2,2,2,2,0.134538916030009,0
test_id,DS06_id,5,65,HPC_flow_mod,5,0,-0.0687658494674631,-0.0654686628126051,1,1,2,2,2,2,0.134538916030009,0
test_id,DS06_id,5,65,LPT_eff_mod,6,0,0,-0.00795898737586917,0,0,0,0,2,2,0.134538916030009,0
test_id,DS06_id,5,65,LPT_flow_mod,7,0,0,-0.00376287786391575,0,0,0,0,2,2,0.134538916030009,0
test_id,DS06_id,5,65,LPC_eff_mod,8,0,-0.0281492979788655,-0.0326368840173014,1,1,2,2,2,2,0.134538916030009,0
test_id,DS06_id,5,65,LPC_flow_mod,9,0,-0.0834484582171637,-0.0519542373039965,1,1,2,2,2,2,0.134538916030009,0
test_id,DS06_id,5,66,HPT_eff_mod,1,0,0,-0,0,0,0,0,2,2,0.194307029840885,0
test_id,DS06_id,5,66,fan_eff_mod,2,0,0,-0.000169868076196336,0,0,0,0,2,2,0.194307029840885,0
test_id,DS06_id,5,66,fan_flow_mod,3,0,0,-0,0,0,0,0,2,2,0.194307029840885,0
test_id,DS06_id,5,66,HPC_eff_mod,4,0,-0.0891610440911573,-0.0757614003272449,1,1,2,2,2,2,0.194307029840885,0
test_id,DS06_id,5,66,HPC_flow_mod,5,0,-0.0771450633479077,-0.0758956919725518,1,1,2,2,2,2,0.194307029840885,0
test_id,DS06_id,5,66,LPT_eff_mod,6,0,0,-0.00795898737586917,0,0,0,0,2,2,0.194307029840885,0
test_id,DS06_id,5,66,LPT_flow_mod,7,0,0,-0.00376287786391575,0,0,0,0,2,2,0.194307029840885,0
test_id,DS06_id,5,66,LPC_eff_mod,8,0,-0.0290023002138933,-0.0326368840173014,1,1,2,2,2,2,0.194307029840885,0
test_id,DS06_id,5,66,LPC_flow_mod,9,0,-0.0830590955337378,-0.0519542373039965,1,1,2,2,2,2,0.194307029840885,0
test_id,DS06_id,5,67,HPT_eff_mod,1,0,0,-0,0,0,0,0,2,2,0.115977010556428,0
test_id,DS06_id,5,67,fan_eff_mod,2,0,0,-0.000169868076196336,0,0,0,0,2,2,0.115977010556428,0
test_id,DS06_id,5,67,fan_flow_mod,3,0,0,-0,0,0,0,0,2,2,0.115977010556428,0
test_id,DS06_id,5,67,HPC_eff_mod,4,0,-0.08247003437848,-0.0757614003272449,1,1,2,2,2,2,0.115977010556428,0
test_id,DS06_id,5,67,HPC_flow_mod,5,0,-0.0862861141210346,-0.0767156691895996,1,1,2,2,2,2,0.115977010556428,0
test_id,DS06_id,5,67,LPT_eff_mod,6,0,0,-0.00795898737586917,0,0,0,0,2,2,0.115977010556428,0
test_id,DS06_id,5,67,LPT_flow_mod,7,0,0,-0.00376287786391575,0,0,0,0,2,2,0.115977010556428,0
test_id,DS06_id,5,67,LPC_eff_mod,8,0,-0.0310933257769674,-0.0326368840173014,1,1,2,2,2,2,0.115977010556428,0
test_id,DS06_id,5,67,LPC_flow_mod,9,0,-0.0896547155704401,-0.0720235657183517,1,1,2,2,2,2,0.115977010556428,0
test_id,DS06_id,5,68,HPT_eff_mod,1,0,0,-0,0,0,0,0,2,2,0.210466016614797,0
test_id,DS06_id,5,68,fan_eff_mod,2,0,0,-0.000169868076196336,0,0,0,0,2,2,0.210466016614797,0
test_id,DS06_id,5,68,fan_flow_mod,3,0,0,-0,0,0,0,0,2,2,0.210466016614797,0
test_id,DS06_id,5,68,HPC_eff_mod,4,0,-0.0832517933304944,-0.0763216258983912,1,1,2,2,2,2,0.210466016614797,0
test_id,DS06_id,5,68,HPC_flow_mod,5,0,-0.0855208177609128,-0.0835870550752539,1,1,2,2,2,2,0.210466016614797,0
test_id,DS06_id,5,68,LPT_eff_mod,6,0,0,-0.00795898737586917,0,0,0,0,2,2,0.210466016614797,0
test_id,DS06_id,5,68,LPT_flow_mod,7,0,0,-0.00376287786391575,0,0,0,0,2,2,0.210466016614797,0
test_id,DS06_id,5,68,LPC_eff_mod,8,0,-0.0322459068416427,-0.0398228459936505,1,1,2,2,2,2,0.210466016614797,0
test_id,DS06_id,5,68,LPC_flow_mod,9,0,-0.0946254873966551,-0.0720235657183517,1,1,2,2,2,2,0.210466016614797,0
test_id,DS06_id,5,69,HPT_eff_mod,1,0,0,-0,0,0,0,0,2,2,0.0657359863966345,0
test_id,DS06_id,5,69,fan_eff_mod,2,0,0,-0.000169868076196336,0,0,0,0,2,2,0.0657359863966345,0
test_id,DS06_id,5,69,fan_flow_mod,3,0,0,-0,0,0,0,0,2,2,0.0657359863966345,0
test_id,DS06_id,5,69,HPC_eff_mod,4,0,-0.0929670133167486,-0.0772289417326126,1,1,2,2,2,2,0.0657359863966345,0
test_id,DS06_id,5,69,HPC_flow_mod,5,0,-0.101033335131869,-0.0884641402305398,1,1,2,2,2,2,0.0657359863966345,0
test_id,DS06_id,5,69,LPT_eff_mod,6,0,0,-0.00795898737586917,0,0,0,0,2,2,0.0657359863966345,0
test_id,DS06_id,5,69,LPT_flow_mod,7,0,0,-0.00486942987211867,0,0,0,0,2,2,0.0657359863966345,0
test_id,DS06_id,5,69,LPC_eff_mod,8,0,-0.0345125150307251,-0.0398228459936505,1,1,2,2,2,2,0.0657359863966345,0
test_id,DS06_id,5,69,LPC_flow_mod,9,0,-0.0978964041715459,-0.0720235657183517,1,1,2,2,2,2,0.0657359863966345,0
test_id,DS06_id,5,70,HPT_eff_mod,1,0,0,-0,0,0,0,0,2,2,0.0772910662007307,0
test_id,DS06_id,5,70,fan_eff_mod,2,0,0,-0.000169868076196336,0,0,0,0,2,2,0.0772910662007307,0
test_id,DS06_id,5,70,fan_flow_mod,3,0,0,-0,0,0,0,0,2,2,0.0772910662007307,0
test_id,DS06_id,5,70,HPC_eff_mod,4,0,-0.0976755267455559,-0.0825012640850908,1,1,2,2,2,2,0.0772910662007307,0
test_id,DS06_id,5,70,HPC_flow_mod,5,0,-0.106570809860671,-0.096105253872759,1,1,2,2,2,2,0.0772910662007307,0
test_id,DS06_id,5,70,LPT_eff_mod,6,0,0,-0.00795898737586917,0,0,0,0,2,2,0.0772910662007307,0
test_id,DS06_id,5,70,LPT_flow_mod,7,0,0,-0.00486942987211867,0,0,0,0,2,2,0.0772910662007307,0
test_id,DS06_id,5,70,LPC_eff_mod,8,0,-0.0361714663864519,-0.0398228459936505,1,1,2,2,2,2,0.0772910662007307,0
test_id,DS06_id,5,70,LPC_flow_mod,9,0,-0.0955241762510975,-0.0720235657183517,1,1,2,2,2,2,0.0772910662007307,0
test_id,DS06_id,5,71,HPT_eff_mod,1,0,0,-0,0,0,0,0,2,2,0.0729902741801829,0
test_id,DS06_id,5,71,fan_eff_mod,2,0,0,-0.000169868076196336,0,0,0,0,2,2,0.0729902741801829,0
test_id,DS06_id,5,71,fan_flow_mod,3,0,0,-0,0,0,0,0,2,2,0.0729902741801829,0
test_id,DS06_id,5,71,HPC_eff_mod,4,0,-0.0981145519497748,-0.085377963046694,1,1,2,2,2,2,0.0729902741801829,0
test_id,DS06_id,5,71,HPC_flow_mod,5,0,-0.116205439474941,-0.108468716387321,1,1,2,2,2,2,0.0729902741801829,0
test_id,DS06_id,5,71,LPT_eff_mod,6,0,0,-0.00795898737586917,0,0,0,0,2,2,0.0729902741801829,0
test_id,DS06_id,5,71,LPT_flow_mod,7,0,0,-0.00486942987211867,0,0,0,0,2,2,0.0729902741801829,0
test_id,DS06_id,5,71,LPC_eff_mod,8,0,-0.0385771485717565,-0.0398228459936505,1,1,2,2,2,2,0.0729902741801829,0
test_id,DS06_id,5,71,LPC_flow_mod,9,0,-0.111410848290021,-0.0947229771101441,1,1,2,2,2,2,0.0729902741801829,0
test_id,DS06_id,5,72,HPT_eff_mod,1,0,0,-0,0,0,0,0,2,2,0.134192082365438,0
test_id,DS06_id,5,72,fan_eff_mod,2,0,0,-0.000169868076196336,0,0,0,0,2,2,0.134192082365438,0
test_id,DS06_id,5,72,fan_flow_mod,3,0,0,-0,0,0,0,0,2,2,0.134192082365438,0
test_id,DS06_id,5,72,HPC_eff_mod,4,0,-0.105946394402486,-0.0934790870843931,1,1,2,2,2,2,0.134192082365438,0
test_id,DS06_id,5,72,HPC_flow_mod,5,0,-0.125770650385509,-0.118557997253634,1,1,2,2,2,2,0.134192082365438,0
test_id,DS06_id,5,72,LPT_eff_mod,6,0,0,-0.00795898737586917,0,0,0,0,2,2,0.134192082365438,0
test_id,DS06_id,5,72,LPT_flow_mod,7,0,0,-0.00486942987211867,0,0,0,0,2,2,0.134192082365438,0
test_id,DS06_id,5,72,LPC_eff_mod,8,0,-0.0428536536587622,-0.0465922262228007,1,1,2,2,2,2,0.134192082365438,0
test_id,DS06_id,5,72,LPC_flow_mod,9,0,-0.121996475960845,-0.0947229771101441,1,1,2,2,2,2,0.134192082365438,0
test_id,DS06_id,5,73,HPT_eff_mod,1,0,0,-0,0,0,0,0,2,2,0.167120079190152,0
test_id,DS06_id,5,73,fan_eff_mod,2,0,0,-0.000169868076196336,0,0,0,0,2,2,0.167120079190152,0
test_id,DS06_id,5,73,fan_flow_mod,3,0,0,-0,0,0,0,0,2,2,0.167120079190152,0
test_id,DS06_id,5,73,HPC_eff_mod,4,0,-0.102151061026151,-0.0934790870843931,1,1,2,2,2,2,0.167120079190152,0
test_id,DS06_id,5,73,HPC_flow_mod,5,0,-0.126295966810238,-0.118557997253634,1,1,2,2,2,2,0.167120079190152,0
test_id,DS06_id,5,73,LPT_eff_mod,6,0,0,-0.00795898737586917,0,0,0,0,2,2,0.167120079190152,0
test_id,DS06_id,5,73,LPT_flow_mod,7,0,0,-0.00486942987211867,0,0,0,0,2,2,0.167120079190152,0
test_id,DS06_id,5,73,LPC_eff_mod,8,0,-0.0440890814726214,-0.0465922262228007,1,1,2,2,2,2,0.167120079190152,0
test_id,DS06_id,5,73,LPC_flow_mod,9,0,-0.126872625979656,-0.116619259375316,1,1,2,2,2,2,0.167120079190152,0
test_id,DS06_id,5,74,HPT_eff_mod,1,0,0,-0,0,0,0,0,2,2,0.112656167795064,0
test_id,DS06_id,5,74,fan_eff_mod,2,0,0,-0.000169868076196336,0,0,0,0,2,2,0.112656167795064,0
test_id,DS06_id,5,74,fan_flow_mod,3,0,0,-0,0,0,0,0,2,2,0.112656167795064,0
test_id,DS06_id,5,74,HPC_eff_mod,4,0,-0.114677651903725,-0.104365932193123,1,1,2,2,2,2,0.112656167795064,0
test_id,DS06_id,5,74,HPC_flow_mod,5,0,-0.138333273047758,-0.128127606778536,1,1,2,2,2,2,0.112656167795064,0
test_id,DS06_id,5,74,LPT_eff_mod,6,0,0,-0.00795898737586917,0,0,0,0,2,2,0.112656167795064,0
test_id,DS06_id,5,74,LPT_flow_mod,7,0,0,-0.00486942987211867,0,0,0,0,2,2,0.112656167795064,0
test_id,DS06_id,5,74,LPC_eff_mod,8,0,-0.0454210438522082,-0.0600827701765015,1,1,2,2,2,2,0.112656167795064,0
test_id,DS06_id,5,74,LPC_flow_mod,9,0,-0.121415110150411,-0.116619259375316,1,1,2,2,2,2,0.112656167795064,0
test_id,DS06_id,5,75,HPT_eff_mod,1,0,0,-0,0,0,0,0,3,2,0.116082341471863,0
test_id,DS06_id,5,75,fan_eff_mod,2,0,0,-0.000169868076196336,0,0,0,0,3,2,0.116082341471863,0
test_id,DS06_id,5,75,fan_flow_mod,3,0,0,-0,0,0,0,0,3,2,0.116082341471863,0
test_id,DS06_id,5,75,HPC_eff_mod,4,0,-0.125709497502019,-0.111578259556263,1,1,2,2,3,2,0.116082341471863,0
test_id,DS06_id,5,75,HPC_flow_mod,5,0,-0.150425632876444,-0.139848177674278,1,1,3,2,3,2,0.116082341471863,0
test_id,DS06_id,5,75,LPT_eff_mod,6,0,0,-0.00795898737586917,0,0,0,0,3,2,0.116082341471863,0
test_id,DS06_id,5,75,LPT_flow_mod,7,0,0,-0.00486942987211867,0,0,0,0,3,2,0.116082341471863,0
test_id,DS06_id,5,75,LPC_eff_mod,8,0,-0.0510913893732796,-0.0600827701765015,1,1,2,2,3,2,0.116082341471863,0
test_id,DS06_id,5,75,LPC_flow_mod,9,0,-0.137081706448077,-0.116619259375316,1,1,2,2,3,2,0.116082341471863,0
test_id,DS06_id,5,76,HPT_eff_mod,1,0,0,-0,0,0,0,0,3,3,0.14765294620611,0
test_id,DS06_id,5,76,fan_eff_mod,2,0,0,-0.000169868076196336,0,0,0,0,3,3,0.14765294620611,0
test_id,DS06_id,5,76,fan_flow_mod,3,0,0,-0,0,0,0,0,3,3,0.14765294620611,0
test_id,DS06_id,5,76,HPC_eff_mod,4,0,-0.131337888277167,-0.111799027765332,1,1,2,2,3,3,0.14765294620611,0
test_id,DS06_id,5,76,HPC_flow_mod,5,0,-0.16133180412303,-0.148824646708702,1,1,3,3,3,3,0.14765294620611,0
test_id,DS06_id,5,76,LPT_eff_mod,6,0,0,-0.00795898737586917,0,0,0,0,3,3,0.14765294620611,0
test_id,DS06_id,5,76,LPT_flow_mod,7,0,0,-0.00486942987211867,0,0,0,0,3,3,0.14765294620611,0
test_id,DS06_id,5,76,LPC_eff_mod,8,0,-0.0534004135183944,-0.0600827701765015,1,1,2,2,3,3,0.14765294620611,0
test_id,DS06_id,5,76,LPC_flow_mod,9,0,-0.144333919069843,-0.14321444816061,1,1,2,2,3,3,0.14765294620611,0
test_id,DS06_id,5,77,HPT_eff_mod,1,0,0,-0,0,0,0,0,3,3,0.080564223424485,0
test_id,DS06_id,5,77,fan_eff_mod,2,0,0,-0.000169868076196336,0,0,0,0,3,3,0.080564223424485,0
test_id,DS06_id,5,77,fan_flow_mod,3,0,0,-0,0,0,0,0,3,3,0.080564223424485,0
test_id,DS06_id,5,77,HPC_eff_mod,4,0,-0.129186705435071,-0.111799027765332,1,1,2,2,3,3,0.080564223424485,0
test_id,DS06_id,5,77,HPC_flow_mod,5,0,-0.175288518604003,-0.164038600001071,1,1,3,3,3,3,0.080564223424485,0
test_id,DS06_id,5,77,LPT_eff_mod,6,0,0,-0.00795898737586917,0,0,0,0,3,3,0.080564223424485,0
test_id,DS06_id,5,77,LPT_flow_mod,7,0,0,-0.00486942987211867,0,0,0,0,3,3,0.080564223424485,0
test_id,DS06_id,5,77,LPC_eff_mod,8,0,-0.0579108620302077,-0.0673181613877371,1,1,2,2,3,3,0.080564223424485,0
test_id,DS06_id,5,77,LPC_flow_mod,9,0,-0.152930392341999,-0.14321444816061,1,1,3,2,3,3,0.080564223424485,0
test_id,DS06_id,5,78,HPT_eff_mod,1,0,0,-0,0,0,0,0,3,3,0.0934241976192208,0
test_id,DS06_id,5,78,fan_eff_mod,2,0,0,-0.000237115070422842,0,0,0,0,3,3,0.0934241976192208,0
test_id,DS06_id,5,78,fan_flow_mod,3,0,0,-0,0,0,0,0,3,3,0.0934241976192208,0
test_id,DS06_id,5,78,HPC_eff_mod,4,0,-0.13064037874514,-0.126440724893234,1,1,2,2,3,3,0.0934241976192208,0
test_id,DS06_id,5,78,HPC_flow_mod,5,0,-0.192227619230739,-0.181332882287606,1,1,3,3,3,3,0.0934241976192208,0
test_id,DS06_id,5,78,LPT_eff_mod,6,0,0,-0.00795898737586917,0,0,0,0,3,3,0.0934241976192208,0
test_id,DS06_id,5,78,LPT_flow_mod,7,0,0,-0.00486942987211867,0,0,0,0,3,3,0.0934241976192208,0
test_id,DS06_id,5,78,LPC_eff_mod,8,0,-0.0609187168702582,-0.0726721025728877,1,1,2,2,3,3,0.0934241976192208,0
test_id,DS06_id,5,78,LPC_flow_mod,9,0,-0.159922202548731,-0.14321444816061,1,1,3,2,3,3,0.0934241976192208,0
test_id,DS06_id,5,79,HPT_eff_mod,1,0,0,-0,0,0,0,0,3,3,0.112504008034945,0
test_id,DS06_id,5,79,fan_eff_mod,2,0,0,-0.000237115070422842,0,0,0,0,3,3,0.112504008034945,0
test_id,DS06_id,5,79,fan_flow_mod,3,0,0,-0,0,0,0,0,3,3,0.112504008034945,0
test_id,DS06_id,5,79,HPC_eff_mod,4,0,-0.13828493719065,-0.133547479887685,1,1,2,2,3,3,0.112504008034945,0
test_id,DS06_id,5,79,HPC_flow_mod,5,0,-0.20800394177103,-0.198620209379667,1,1,3,3,3,3,0.112504008034945,0
test_id,DS06_id,5,79,LPT_eff_mod,6,0,0,-0.00795898737586917,0,0,0,0,3,3,0.112504008034945,0
test_id,DS06_id,5,79,LPT_flow_mod,7,0,0,-0.00486942987211867,0,0,0,0,3,3,0.112504008034945,0
test_id,DS06_id,5,79,LPC_eff_mod,8,0,-0.0645287437298142,-0.0738289054637215,1,1,2,2,3,3,0.112504008034945,0
test_id,DS06_id,5,79,LPC_flow_mod,9,0,-0.17285780460371,-0.143639411095711,1,1,3,2,3,3,0.112504008034945,0
test_id,DS06_id,5,80,HPT_eff_mod,1,0,0,-0,0,0,0,0,3,3,0.129493873114012,0
test_id,DS06_id,5,80,fan_eff_mod,2,0,0,-0.000237115070422842,0,0,0,0,3,3,0.129493873114012,0
test_id,DS06_id,5,80,fan_flow_mod,3,0,0,-0,0,0,0,0,3,3,0.129493873114012,0
test_id,DS06_id,5,80,HPC_eff_mod,4,0,-0.14797836218352,-0.133547479887685,1,1,3,2,3,3,0.129493873114012,0
test_id,DS06_id,5,80,HPC_flow_mod,5,0,-0.227606010405011,-0.21424933587516,1,1,3,3,3,3,0.129493873114012,0
test_id,DS06_id,5,80,LPT_eff_mod,6,0,0,-0.00795898737586917,0,0,0,0,3,3,0.129493873114012,0
test_id,DS06_id,5,80,LPT_flow_mod,7,0,0,-0.00486942987211867,0,0,0,0,3,3,0.129493873114012,0
test_id,DS06_id,5,80,LPC_eff_mod,8,0,-0.0691114390350855,-0.0738289054637215,1,1,2,2,3,3,0.129493873114012,0
test_id,DS06_id,5,80,LPC_flow_mod,9,0,-0.17918889550004,-0.152922911848195,1,1,3,3,3,3,0.129493873114012,0
test_id,DS06_id,5,81,HPT_eff_mod,1,0,0,-0,0,0,0,0,3,3,0.21735853470899,0
test_id,DS06_id,5,81,fan_eff_mod,2,0,0,-0.000237115070422842,0,0,0,0,3,3,0.21735853470899,0
test_id,DS06_id,5,81,fan_flow_mod,3,0,0,-0,0,0,0,0,3,3,0.21735853470899,0
test_id,DS06_id,5,81,HPC_eff_mod,4,0,-0.150592959164734,-0.144209920229737,1,1,3,2,3,3,0.21735853470899,0
test_id,DS06_id,5,81,HPC_flow_mod,5,0,-0.236612803263481,-0.230758411874921,1,1,3,3,3,3,0.21735853470899,0
test_id,DS06_id,5,81,LPT_eff_mod,6,0,0,-0.00795898737586917,0,0,0,0,3,3,0.21735853470899,0
test_id,DS06_id,5,81,LPT_flow_mod,7,0,0,-0.00486942987211867,0,0,0,0,3,3,0.21735853470899,0
test_id,DS06_id,5,81,LPC_eff_mod,8,0,-0.0724807592597368,-0.0878561888055418,1,1,2,2,3,3,0.21735853470899,0
test_id,DS06_id,5,81,LPC_flow_mod,9,0,-0.191588886933489,-0.158515080200612,1,1,3,3,3,3,0.21735853470899,0
test_id,DS06_id,5,82,HPT_eff_mod,1,0,0,-0,0,0,0,0,3,3,0.0695077912780209,0
test_id,DS06_id,5,82,fan_eff_mod,2,0,0,-0.000237115070422842,0,0,0,0,3,3,0.0695077912780209,0
test_id,DS06_id,5,82,fan_flow_mod,3,0,0,-0,0,0,0,0,3,3,0.0695077912780209,0
test_id,DS06_id,5,82,HPC_eff_mod,4,0,-0.166656473899256,-0.155840546564431,1,1,3,3,3,3,0.0695077912780209,0
test_id,DS06_id,5,82,HPC_flow_mod,5,0,-0.255103783759091,-0.236351811067304,1,1,3,3,3,3,0.0695077912780209,0
test_id,DS06_id,5,82,LPT_eff_mod,6,0,0,-0.00795898737586917,0,0,0,0,3,3,0.0695077912780209,0
test_id,DS06_id,5,82,LPT_flow_mod,7,0,0,-0.00519980488437771,0,0,0,0,3,3,0.0695077912780209,0
test_id,DS06_id,5,82,LPC_eff_mod,8,0,-0.0779046713126443,-0.0878561888055418,1,1,2,2,3,3,0.0695077912780209,0
test_id,DS06_id,5,82,LPC_flow_mod,9,0,-0.198921960390281,-0.169022704131649,1,1,3,3,3,3,0.0695077912780209,0
test_id,DS06_id,5,83,HPT_eff_mod,1,0,0,-0,0,0,0,0,3,3,0.110094755187998,0
test_id,DS06_id,5,83,fan_eff_mod,2,0,0,-0.000237115070422842,0,0,0,0,3,3,0.110094755187998,0
test_id,DS06_id,5,83,fan_flow_mod,3,0,0,-0,0,0,0,0,3,3,0.110094755187998,0
test_id,DS06_id,5,83,HPC_eff_mod,4,0,-0.171485404575577,-0.161594240130339,1,1,3,3,3,3,0.110094755187998,0
test_id,DS06_id,5,83,HPC_flow_mod,5,0,-0.27762117564766,-0.264025651184618,1,1,3,3,3,3,0.110094755187998,0
test_id,DS06_id,5,83,LPT_eff_mod,6,0,0,-0.00795898737586917,0,0,0,0,3,3,0.110094755187998,0
test_id,DS06_id,5,83,LPT_flow_mod,7,0,0,-0.00519980488437771,0,0,0,0,3,3,0.110094755187998,0
test_id,DS06_id,5,83,LPC_eff_mod,8,0,-0.0823878825620312,-0.0895738079995516,1,1,2,2,3,3,0.110094755187998,0
test_id,DS06_id,5,83,LPC_flow_mod,9,0,-0.210130723983239,-0.197439574520068,1,1,3,3,3,3,0.110094755187998,0
test_id,DS06_id,5,84,HPT_eff_mod,1,0,0,-0,0,0,0,0,3,3,0.114025173658201,0
test_id,DS06_id,5,84,fan_eff_mod,2,0,0,-0.000237115070422842,0,0,0,0,3,3,0.114025173658201,0
test_id,DS06_id,5,84,fan_flow_mod,3,0,0,-0,0,0,0,0,3,3,0.114025173658201,0
test_id,DS06_id,5,84,HPC_eff_mod,4,0,-0.173273483225157,-0.173981286359971,1,1,3,3,3,3,0.114025173658201,0
test_id,DS06_id,5,84,HPC_flow_mod,5,0,-0.29631924962895,-0.283916754610796,1,1,3,3,3,3,0.114025173658201,0
test_id,DS06_id,5,84,LPT_eff_mod,6,0,0,-0.00795898737586917,0,0,0,0,3,3,0.114025173658201,0
test_id,DS06_id,5,84,LPT_flow_mod,7,0,0,-0.00519980488437771,0,0,0,0,3,3,0.114025173658201,0
test_id,DS06_id,5,84,LPC_eff_mod,8,0,-0.08836290813628,-0.101149459887298,1,1,2,2,3,3,0.114025173658201,0
test_id,DS06_id,5,84,LPC_flow_mod,9,0,-0.232809389409877,-0.20292868710923,1,1,3,3,3,3,0.114025173658201,0
test_id,DS06_id,5,85,HPT_eff_mod,1,0,0,-0,0,0,0,0,3,3,0.141113862680879,0
test_id,DS06_id,5,85,fan_eff_mod,2,0,0,-0.000237115070422842,0,0,0,0,3,3,0.141113862680879,0
test_id,DS06_id,5,85,fan_flow_mod,3,0,0,-0,0,0,0,0,3,3,0.141113862680879,0
test_id,DS06_id,5,85,HPC_eff_mod,4,0,-0.179205694550237,-0.173981286359971,1,1,3,3,3,3,0.141113862680879,0
test_id,DS06_id,5,85,HPC_flow_mod,5,0,-0.317103243131305,-0.302663275582688,1,1,3,3,3,3,0.141113862680879,0
test_id,DS06_id,5,85,LPT_eff_mod,6,0,0,-0.00795898737586917,0,0,0,0,3,3,0.141113862680879,0
test_id,DS06_id,5,85,LPT_flow_mod,7,0,0,-0.00519980488437771,0,0,0,0,3,3,0.141113862680879,0
test_id,DS06_id,5,85,LPC_eff_mod,8,0,-0.0932890212081004,-0.101149459887298,1,1,2,2,3,3,0.141113862680879,0
test_id,DS06_id,5,85,LPC_flow_mod,9,0,-0.234984523604356,-0.224893457048085,1,1,3,3,3,3,0.141113862680879,0
test_id,DS06_id,5,86,HPT_eff_mod,1,0,0,-0,0,0,0,0,3,3,0.133613933764077,0
test_id,DS06_id,5,86,fan_eff_mod,2,0,0,-0.000635717858433055,0,0,0,0,3,3,0.133613933764077,0
test_id,DS06_id,5,86,fan_flow_mod,3,0,0,-0,0,0,0,0,3,3,0.133613933764077,0
test_id,DS06_id,5,86,HPC_eff_mod,4,0,-0.193379494174934,-0.173981286359971,1,1,3,3,3,3,0.133613933764077,0
test_id,DS06_id,5,86,HPC_flow_mod,5,0,-0.348564094596018,-0.331776905589759,1,1,3,3,3,3,0.133613933764077,0
test_id,DS06_id,5,86,LPT_eff_mod,6,0,0,-0.00795898737586917,0,0,0,0,3,3,0.133613933764077,0
test_id,DS06_id,5,86,LPT_flow_mod,7,0,0,-0.00519980488437771,0,0,0,0,3,3,0.133613933764077,0
test_id,DS06_id,5,86,LPC_eff_mod,8,0,-0.099653765494387,-0.11176013127683,1,1,2,2,3,3,0.133613933764077,0
test_id,DS06_id,5,86,LPC_flow_mod,9,0,-0.245256766778851,-0.224893457048085,1,1,3,3,3,3,0.133613933764077,0
test_id,DS06_id,5,87,HPT_eff_mod,1,0,0,-0,0,0,0,0,3,3,0.10933433321942,0
test_id,DS06_id,5,87,fan_eff_mod,2,0,0,-0.000635717858433055,0,0,0,0,3,3,0.10933433321942,0
test_id,DS06_id,5,87,fan_flow_mod,3,0,0,-0,0,0,0,0,3,3,0.10933433321942,0
test_id,DS06_id,5,87,HPC_eff_mod,4,0,-0.19411714872816,-0.188281381151889,1,1,3,3,3,3,0.10933433321942,0
test_id,DS06_id,5,87,HPC_flow_mod,5,0,-0.378229973584972,-0.359212002302438,1,1,3,3,3,3,0.10933433321942,0
test_id,DS06_id,5,87,LPT_eff_mod,6,0,0,-0.00795898737586917,0,0,0,0,3,3,0.10933433321942,0
test_id,DS06_id,5,87,LPT_flow_mod,7,0,0,-0.00519980488437771,0,0,0,0,3,3,0.10933433321942,0
test_id,DS06_id,5,87,LPC_eff_mod,8,0,-0.106206202102477,-0.113930006383477,1,1,2,2,3,3,0.10933433321942,0
test_id,DS06_id,5,87,LPC_flow_mod,9,0,-0.260235354797475,-0.224893457048085,1,1,3,3,3,3,0.10933433321942,0
test_id,DS06_id,5,88,HPT_eff_mod,1,0,0,-0,0,0,0,0,3,3,0.0565041848088791,0
test_id,DS06_id,5,88,fan_eff_mod,2,0,0,-0.000635717858433055,0,0,0,0,3,3,0.0565041848088791,0
test_id,DS06_id,5,88,fan_flow_mod,3,0,0,-0,0,0,0,0,3,3,0.0565041848088791,0
test_id,DS06_id,5,88,HPC_eff_mod,4,0,-0.206901684806159,-0.19670384297087,1,1,3,3,3,3,0.0565041848088791,0
test_id,DS06_id,5,88,HPC_flow_mod,5,0,-0.408684282356525,-0.386134230504762,1,1,3,3,3,3,0.0565041848088791,0
test_id,DS06_id,5,88,LPT_eff_mod,6,0,0,-0.00795898737586917,0,0,0,0,3,3,0.0565041848088791,0
test_id,DS06_id,5,88,LPT_flow_mod,7,0,0,-0.00519980488437771,0,0,0,0,3,3,0.0565041848088791,0
test_id,DS06_id,5,88,LPC_eff_mod,8,0,-0.114355666197375,-0.120592532787827,1,1,2,2,3,3,0.0565041848088791,0
test_id,DS06_id,5,88,LPC_flow_mod,9,0,-0.280033436850345,-0.262029719664875,1,1,3,3,3,3,0.0565041848088791,0
test_id,DS06_id,5,89,HPT_eff_mod,1,0,0,-0,0,0,0,0,3,3,0.120860099403986,0
test_id,DS06_id,5,89,fan_eff_mod,2,0,0,-0.000635717858433055,0,0,0,0,3,3,0.120860099403986,0
test_id,DS06_id,5,89,fan_flow_mod,3,0,0,-0,0,0,0,0,3,3,0.120860099403986,0
test_id,DS06_id,5,89,HPC_eff_mod,4,0,-0.219735786578326,-0.214625492176434,1,1,3,3,3,3,0.120860099403986,0
test_id,DS06_id,5,89,HPC_flow_mod,5,0,-0.44332982933136,-0.426635877175206,1,1,3,3,3,3,0.120860099403986,0
test_id,DS06_id,5,89,LPT_eff_mod,6,0,0,-0.00795898737586917,0,0,0,0,3,3,0.120860099403986,0
test_id,DS06_id,5,89,LPT_flow_mod,7,0,0,-0.00519980488437771,0,0,0,0,3,3,0.120860099403986,0
test_id,DS06_id,5,89,LPC_eff_mod,8,0,-0.122140993842308,-0.128242676708925,1,1,2,2,3,3,0.120860099403986,0
test_id,DS06_id,5,89,LPC_flow_mod,9,0,-0.290243053010007,-0.274525968270224,1,1,3,3,3,3,0.120860099403986,0
test_id,DS06_id,5,90,HPT_eff_mod,1,0,0,-0,0,0,0,0,3,3,0.100886525611578,0
test_id,DS06_id,5,90,fan_eff_mod,2,0,0,-0.000750711182951024,0,0,0,0,3,3,0.100886525611578,0
test_id,DS06_id,5,90,fan_flow_mod,3,0,0,-0,0,0,0,0,3,3,0.100886525611578,0
test_id,DS06_id,5,90,HPC_eff_mod,4,0,-0.231254826197822,-0.220594072547262,1,1,3,3,3,3,0.100886525611578,0
test_id,DS06_id,5,90,HPC_flow_mod,5,0,-0.477362533722955,-0.454207536310297,1,1,3,3,3,3,0.100886525611578,0
test_id,DS06_id,5,90,LPT_eff_mod,6,0,0,-0.00795898737586917,0,0,0,0,3,3,0.100886525611578,0
test_id,DS06_id,5,90,LPT_flow_mod,7,0,0,-0.00519980488437771,0,0,0,0,3,3,0.100886525611578,0
test_id,DS06_id,5,90,LPC_eff_mod,8,0,-0.129397207407319,-0.144998565783583,1,1,2,2,3,3,0.100886525611578,0
test_id,DS06_id,5,90,LPC_flow_mod,9,0,-0.299854671239922,-0.274525968270224,1,1,3,3,3,3,0.100886525611578,0
test_id,DS06_id,5,91,HPT_eff_mod,1,0,0,-0,0,0,0,0,3,3,0.128239238246483,0
test_id,DS06_id,5,91,fan_eff_mod,2,0,0,-0.000750711182951024,0,0,0,0,3,3,0.128239238246483,0
test_id,DS06_id,5,91,fan_flow_mod,3,0,0,-0,0,0,0,0,3,3,0.128239238246483,0
test_id,DS06_id,5,91,HPC_eff_mod,4,0,-0.241536547512852,-0.220594072547262,1,1,3,3,3,3,0.128239238246483,0
test_id,DS06_id,5,91,HPC_flow_mod,5,0,-0.513467023684701,-0.496443310619976,1,1,3,3,3,3,0.128239238246483,0
test_id,DS06_id,5,91,LPT_eff_mod,6,0,0,-0.00795898737586917,0,0,0,0,3,3,0.128239238246483,0
test_id,DS06_id,5,91,LPT_flow_mod,7,0,0,-0.00519980488437771,0,0,0,0,3,3,0.128239238246483,0
test_id,DS06_id,5,91,LPC_eff_mod,8,0,-0.138822894483747,-0.144998565783583,1,1,2,2,3,3,0.128239238246483,0
test_id,DS06_id,5,91,LPC_flow_mod,9,0,-0.32012967509827,-0.294377001950566,1,1,3,3,3,3,0.128239238246483,0
test_id,DS06_id,5,92,HPT_eff_mod,1,0,0,-0,0,0,0,0,3,3,0.145599548701661,0
test_id,DS06_id,5,92,fan_eff_mod,2,0,0,-0.000750711182951024,0,0,0,0,3,3,0.145599548701661,0
test_id,DS06_id,5,92,fan_flow_mod,3,0,0,-0,0,0,0,0,3,3,0.145599548701661,0
test_id,DS06_id,5,92,HPC_eff_mod,4,0,-0.239462655307777,-0.241018977038307,1,1,3,3,3,3,0.145599548701661,0
test_id,DS06_id,5,92,HPC_flow_mod,5,0,-0.561267701455206,-0.549033387573859,1,1,3,3,3,3,0.145599548701661,0
test_id,DS06_id,5,92,LPT_eff_mod,6,0,0,-0.00795898737586917,0,0,0,0,3,3,0.145599548701661,0
test_id,DS06_id,5,92,LPT_flow_mod,7,0,0,-0.0070519662520984,0,0,0,0,3,3,0.145599548701661,0
test_id,DS06_id,5,92,LPC_eff_mod,8,0,-0.148814016219343,-0.165751623009288,1,1,3,3,3,3,0.145599548701661,0
test_id,DS06_id,5,92,LPC_flow_mod,9,0,-0.336319841668398,-0.308839984634715,1,1,3,3,3,3,0.145599548701661,0
test_id,DS06_id,5,93,HPT_eff_mod,1,0,0,-0,0,0,0,0,3,3,0.0966066552531619,0
test_id,DS06_id,5,93,fan_eff_mod,2,0,0,-0.000750711182951024,0,0,0,0,3,3,0.0966066552531619,0
test_id,DS06_id,5,93,fan_flow_mod,3,0,0,-0,0,0,0,0,3,3,0.0966066552531619,0
test_id,DS06_id,5,93,HPC_eff_mod,4,0,-0.254500547760876,-0.254834308730659,1,1,3,3,3,3,0.0966066552531619,0
test_id,DS06_id,5,93,HPC_flow_mod,5,0,-0.607282018635284,-0.591942185364902,1,1,3,3,3,3,0.0966066552531619,0
test_id,DS06_id,5,93,LPT_eff_mod,6,0,0,-0.00795898737586917,0,0,0,0,3,3,0.0966066552531619,0
test_id,DS06_id,5,93,LPT_flow_mod,7,0,0,-0.0070519662520984,0,0,0,0,3,3,0.0966066552531619,0
test_id,DS06_id,5,93,LPC_eff_mod,8,0,-0.158140730787575,-0.174292238078455,1,1,3,3,3,3,0.0966066552531619,0
test_id,DS06_id,5,93,LPC_flow_mod,9,0,-0.361200498033334,-0.332499743734473,1,1,3,3,3,3,0.0966066552531619,0
test_id,DS06_id,5,94,HPT_eff_mod,1,0,0,-0,0,0,0,0,3,3,0.147508073643628,0
test_id,DS06_id,5,94,fan_eff_mod,2,0,0,-0.000750711182951024,0,0,0,0,3,3,0.147508073643628,0
test_id,DS06_id,5,94,fan_flow_mod,3,0,0,-0,0,0,0,0,3,3,0.147508073643628,0
test_id,DS06_id,5,94,HPC_eff_mod,4,0,-0.270707373552072,-0.274096726475607,1,1,3,3,3,3,0.147508073643628,0
test_id,DS06_id,5,94,HPC_flow_mod,5,0,-0.66093864491062,-0.651576378496622,1,1,3,3,3,3,0.147508073643628,0
test_id,DS06_id,5,94,LPT_eff_mod,6,0,0,-0.00795898737586917,0,0,0,0,3,3,0.147508073643628,0
test_id,DS06_id,5,94,LPT_flow_mod,7,0,0,-0.0070519662520984,0,0,0,0,3,3,0.147508073643628,0
test_id,DS06_id,5,94,LPC_eff_mod,8,0,-0.169756299580988,-0.18965631943697,1,1,3,3,3,3,0.147508073643628,0
test_id,DS06_id,5,94,LPC_flow_mod,9,0,-0.377582127625121,-0.351361721242132,1,1,3,3,3,3,0.147508073643628,0
test_id,DS06_id,5,95,HPT_eff_mod,1,0,0,-0,0,0,0,0,3,3,0.0922354503446832,0
test_id,DS06_id,5,95,fan_eff_mod,2,0,0,-0.000750711182951024,0,0,0,0,3,3,0.0922354503446832,0
test_id,DS06_id,5,95,fan_flow_mod,3,0,0,-0,0,0,0,0,3,3,0.0922354503446832,0
test_id,DS06_id,5,95,HPC_eff_mod,4,0,-0.279947350566991,-0.274105993838762,1,1,3,3,3,3,0.0922354503446832,0
test_id,DS06_id,5,95,HPC_flow_mod,5,0,-0.708255635515519,-0.697124606205801,1,1,3,3,3,3,0.0922354503446832,0
test_id,DS06_id,5,95,LPT_eff_mod,6,0,0,-0.00795898737586917,0,0,0,0,3,3,0.0922354503446832,0
test_id,DS06_id,5,95,LPT_flow_mod,7,0,0,-0.0070519662520984,0,0,0,0,3,3,0.0922354503446832,0
test_id,DS06_id,5,95,LPC_eff_mod,8,0,-0.18184000117192,-0.197992366498491,1,1,3,3,3,3,0.0922354503446832,0
test_id,DS06_id,5,95,LPC_flow_mod,9,0,-0.406113905176599,-0.391251497487002,1,1,3,3,3,3,0.0922354503446832,0
test_id,DS06_id,5,96,HPT_eff_mod,1,0,0,-0,0,0,0,0,3,3,0.155990462880542,0
test_id,DS06_id,5,96,fan_eff_mod,2,0,0,-0.000750711182951024,0,0,0,0,3,3,0.155990462880542,0
test_id,DS06_id,5,96,fan_flow_mod,3,0,0,-0,0,0,0,0,3,3,0.155990462880542,0
test_id,DS06_id,5,96,HPC_eff_mod,4,0,-0.294081758536822,-0.295368229332619,1,1,3,3,3,3,0.155990462880542,0
test_id,DS06_id,5,96,HPC_flow_mod,5,0,-0.774357061520132,-0.771539534626167,1,1,3,3,3,3,0.155990462880542,0
test_id,DS06_id,5,96,LPT_eff_mod,6,0,0,-0.00795898737586917,0,0,0,0,3,3,0.155990462880542,0
test_id,DS06_id,5,96,LPT_flow_mod,7,0,0,-0.00932195921840538,0,0,0,0,3,3,0.155990462880542,0
test_id,DS06_id,5,96,LPC_eff_mod,8,0,-0.195139932625448,-0.219941314909706,1,1,3,3,3,3,0.155990462880542,0
test_id,DS06_id,5,96,LPC_flow_mod,9,0,-0.425859569963727,-0.402771920623764,1,1,3,3,3,3,0.155990462880542,0
test_id,DS06_id,5,97,HPT_eff_mod,1,0,0,-0,0,0,0,0,3,3,0.185909428676019,0
test_id,DS06_id,5,97,fan_eff_mod,2,0,0,-0.000750711182951024,0,0,0,0,3,3,0.185909428676019,0
test_id,DS06_id,5,97,fan_flow_mod,3,0,0,-0.00159152795801199,0,0,0,0,3,3,0.185909428676019,0
test_id,DS06_id,5,97,HPC_eff_mod,4,0,-0.303953519066505,-0.295368229332619,1,1,3,3,3,3,0.185909428676019,0
test_id,DS06_id,5,97,HPC_flow_mod,5,0,-0.839890966123599,-0.839859442883418,1,1,3,3,3,3,0.185909428676019,0
test_id,DS06_id,5,97,LPT_eff_mod,6,0,0,-0.00795898737586917,0,0,0,0,3,3,0.185909428676019,0
test_id,DS06_id,5,97,LPT_flow_mod,7,0,0,-0.00932195921840538,0,0,0,0,3,3,0.185909428676019,0
test_id,DS06_id,5,97,LPC_eff_mod,8,0,-0.208876257731494,-0.219941314909706,1,1,3,3,3,3,0.185909428676019,0
test_id,DS06_id,5,97,LPC_flow_mod,9,0,-0.444041485107586,-0.444913575030533,1,1,3,3,3,3,0.185909428676019,0
test_id,DS06_id,5,98,HPT_eff_mod,1,0,0,-0,0,0,0,0,3,3,0.176126137080097,0
test_id,DS06_id,5,98,fan_eff_mod,2,0,0,-0.00297221220982391,0,0,0,0,3,3,0.176126137080097,0
test_id,DS06_id,5,98,fan_flow_mod,3,0,0,-0.00159152795801199,0,0,0,0,3,3,0.176126137080097,0
test_id,DS06_id,5,98,HPC_eff_mod,4,0,-0.324701196121521,-0.36098769176764,1,1,3,3,3,3,0.176126137080097,0
test_id,DS06_id,5,98,HPC_flow_mod,5,0,-0.91101290882576,-0.90941874451653,1,1,3,3,3,3,0.176126137080097,0
test_id,DS06_id,5,98,LPT_eff_mod,6,0,0,-0.00923359939946404,0,0,0,0,3,3,0.176126137080097,0
test_id,DS06_id,5,98,LPT_flow_mod,7,0,0,-0.00932195921840538,0,0,0,0,3,3,0.176126137080097,0
test_id,DS06_id,5,98,LPC_eff_mod,8,0,-0.224405390702686,-0.247287956166369,1,1,3,3,3,3,0.176126137080097,0
test_id,DS06_id,5,98,LPC_flow_mod,9,0,-0.46978159399481,-0.444913575030533,1,1,3,3,3,3,0.176126137080097,0
test_id,DS06_id,5,99,HPT_eff_mod,1,0,0,-0,0,0,0,0,3,3,0.129470017102531,0
test_id,DS06_id,5,99,fan_eff_mod,2,0,0,-0.00297221220982391,0,0,0,0,3,3,0.129470017102531,0
test_id,DS06_id,5,99,fan_flow_mod,3,0,0,-0.00427261421521528,0,0,0,0,3,3,0.129470017102531,0
test_id,DS06_id,5,99,HPC_eff_mod,4,0,-0.333587618827579,-0.363465605512707,1,1,3,3,3,3,0.129470017102531,0
test_id,DS06_id,5,99,HPC_flow_mod,5,0,-0.986972108844296,-1.00153295666875,1,1,3,3,3,3,0.129470017102531,0
test_id,DS06_id,5,99,LPT_eff_mod,6,0,0,-0.00923359939946404,0,0,0,0,3,3,0.129470017102531,0
test_id,DS06_id,5,99,LPT_flow_mod,7,0,0,-0.0094385541619874,0,0,0,0,3,3,0.129470017102531,0
test_id,DS06_id,5,99,LPC_eff_mod,8,0,-0.240790284771657,-0.254746342528002,1,1,3,3,3,3,0.129470017102531,0
test_id,DS06_id,5,99,LPC_flow_mod,9,0,-0.498318225990936,-0.48999587489132,1,1,3,3,3,3,0.129470017102531,0
ood_combo,DS02,11,1,HPT_eff_mod,1,1,-0.00443683234291347,-0,0,0,0,0,0,0,0.154037008044466,0
ood_combo,DS02,11,1,fan_eff_mod,2,1,0,-0,0,0,0,0,0,0,0.154037008044466,0
ood_combo,DS02,11,1,fan_flow_mod,3,1,0,-0,0,0,0,0,0,0,0.154037008044466,0
ood_combo,DS02,11,1,HPC_eff_mod,4,1,0,-0,0,0,0,0,0,0,0.154037008044466,0
ood_combo,DS02,11,1,HPC_flow_mod,5,1,0,-0,0,0,0,0,0,0,0.154037008044466,0
ood_combo,DS02,11,1,LPT_eff_mod,6,1,-0.00169828788019301,-0,0,0,0,0,0,0,0.154037008044466,0
ood_combo,DS02,11,1,LPT_flow_mod,7,1,0.00142161148231883,-0,0,0,0,0,0,0,0.154037008044466,0
ood_combo,DS02,11,1,LPC_eff_mod,8,1,0,-0,0,0,0,0,0,0,0.154037008044466,0
ood_combo,DS02,11,1,LPC_flow_mod,9,1,0,-0,0,0,0,0,0,0,0.154037008044466,0
ood_combo,DS02,11,2,HPT_eff_mod,1,1,0.00779835251880204,-0,0,0,0,0,0,0,0.203525139776207,0
ood_combo,DS02,11,2,fan_eff_mod,2,1,0,-0,0,0,0,0,0,0,0.203525139776207,0
ood_combo,DS02,11,2,fan_flow_mod,3,1,0,-0.000851125257463239,0,0,0,0,0,0,0.203525139776207,0
ood_combo,DS02,11,2,HPC_eff_mod,4,1,0,-0,0,0,0,0,0,0,0.203525139776207,0
ood_combo,DS02,11,2,HPC_flow_mod,5,1,0,-0,0,0,0,0,0,0,0.203525139776207,0
ood_combo,DS02,11,2,LPT_eff_mod,6,1,0.00305546695619007,-0,0,0,0,0,0,0,0.203525139776207,0
ood_combo,DS02,11,2,LPT_flow_mod,7,1,-0.00426735718455123,-0,0,0,0,0,0,0,0.203525139776207,0
ood_combo,DS02,11,2,LPC_eff_mod,8,1,0,-0,0,0,0,0,0,0,0.203525139776207,0
ood_combo,DS02,11,2,LPC_flow_mod,9,1,0,-0,0,0,0,0,0,0,0.203525139776207,0
ood_combo,DS02,11,3,HPT_eff_mod,1,1,-0.00336152017588771,-0.00103334037999422,0,0,0,0,0,0,0.191588545079931,0
ood_combo,DS02,11,3,fan_eff_mod,2,1,0,-0,0,0,0,0,0,0,0.191588545079931,0
ood_combo,DS02,11,3,fan_flow_mod,3,1,0,-0.000851125257463239,0,0,0,0,0,0,0.191588545079931,0
ood_combo,DS02,11,3,HPC_eff_mod,4,1,0,-0,0,0,0,0,0,0,0.191588545079931,0
ood_combo,DS02,11,3,HPC_flow_mod,5,1,0,-0,0,0,0,0,0,0,0.191588545079931,0
ood_combo,DS02,11,3,LPT_eff_mod,6,1,-0.00135717907599673,-0,0,0,0,0,0,0,0.191588545079931,0
ood_combo,DS02,11,3,LPT_flow_mod,7,1,0.0028457457022318,-0,0,0,0,0,0,0,0.191588545079931,0
ood_combo,DS02,11,3,LPC_eff_mod,8,1,0,-0,0,0,0,0,0,0,0.191588545079931,0
ood_combo,DS02,11,3,LPC_flow_mod,9,1,0,-0,0,0,0,0,0,0,0.191588545079931,0
ood_combo,DS02,11,4,HPT_eff_mod,1,1,-0.00533339064244089,-0.00103334037999422,0,0,0,0,0,0,0.10402586866132,0
ood_combo,DS02,11,4,fan_eff_mod,2,1,0,-0,0,0,0,0,0,0,0.10402586866132,0
ood_combo,DS02,11,4,fan_flow_mod,3,1,0,-0.000993861388796942,0,0,0,0,0,0,0.10402586866132,0
ood_combo,DS02,11,4,HPC_eff_mod,4,1,0,-0,0,0,0,0,0,0,0.10402586866132,0
ood_combo,DS02,11,4,HPC_flow_mod,5,1,0,-0,0,0,0,0,0,0,0.10402586866132,0
ood_combo,DS02,11,4,LPT_eff_mod,6,1,-0.00244712083544048,-0,0,0,0,0,0,0,0.10402586866132,0
ood_combo,DS02,11,4,LPT_flow_mod,7,1,-0.00908879396050109,-0.0244822576637183,0,0,0,0,0,0,0.10402586866132,0
ood_combo,DS02,11,4,LPC_eff_mod,8,1,0,-0,0,0,0,0,0,0,0.10402586866132,0
ood_combo,DS02,11,4,LPC_flow_mod,9,1,0,-0,0,0,0,0,0,0,0.10402586866132,0
ood_combo,DS02,11,5,HPT_eff_mod,1,1,-0.0106269585910242,-0.00103334037999422,0,0,0,0,0,0,0.161757497099758,0
ood_combo,DS02,11,5,fan_eff_mod,2,1,0,-0,0,0,0,0,0,0,0.161757497099758,0
ood_combo,DS02,11,5,fan_flow_mod,3,1,0,-0.000993861388796942,0,0,0,0,0,0,0.161757497099758,0
ood_combo,DS02,11,5,HPC_eff_mod,4,1,0,-0,0,0,0,0,0,0,0.161757497099758,0
ood_combo,DS02,11,5,HPC_flow_mod,5,1,0,-0,0,0,0,0,0,0,0.161757497099758,0
ood_combo,DS02,11,5,LPT_eff_mod,6,1,0.0055632238440038,-0,0,0,0,0,0,0,0.161757497099758,0
ood_combo,DS02,11,5,LPT_flow_mod,7,1,-0.00598035254951349,-0.0244822576637183,0,0,0,0,0,0,0.161757497099758,0
ood_combo,DS02,11,5,LPC_eff_mod,8,1,0,-0,0,0,0,0,0,0,0.161757497099758,0
ood_combo,DS02,11,5,LPC_flow_mod,9,1,0,-0.000414064187059702,0,0,0,0,0,0,0.161757497099758,0
ood_combo,DS02,11,6,HPT_eff_mod,1,1,2.57016340230523e-05,-0.00103334037999422,0,0,0,0,0,0,0.176269765335215,0
ood_combo,DS02,11,6,fan_eff_mod,2,1,0,-0,0,0,0,0,0,0,0.176269765335215,0
ood_combo,DS02,11,6,fan_flow_mod,3,1,0,-0.000993861388796942,0,0,0,0,0,0,0.176269765335215,0
ood_combo,DS02,11,6,HPC_eff_mod,4,1,0,-0,0,0,0,0,0,0,0.176269765335215,0
ood_combo,DS02,11,6,HPC_flow_mod,5,1,0,-0,0,0,0,0,0,0,0.176269765335215,0
ood_combo,DS02,11,6,LPT_eff_mod,6,1,0.00445366212889056,-0,0,0,0,0,0,0,0.176269765335215,0
ood_combo,DS02,11,6,LPT_flow_mod,7,1,-0.00147936273726544,-0.0244822576637183,0,0,0,0,0,0,0.176269765335215,0
ood_combo,DS02,11,6,LPC_eff_mod,8,1,0,-0,0,0,0,0,0,0,0.176269765335215,0
ood_combo,DS02,11,6,LPC_flow_mod,9,1,0,-0.000414064187059702,0,0,0,0,0,0,0.176269765335215,0
ood_combo,DS02,11,7,HPT_eff_mod,1,1,-0.0170178940115712,-0.00103334037999422,0,0,0,0,0,0,0.132303194648074,0
ood_combo,DS02,11,7,fan_eff_mod,2,1,0,-0,0,0,0,0,0,0,0.132303194648074,0
ood_combo,DS02,11,7,fan_flow_mod,3,1,0,-0.000993861388796942,0,0,0,0,0,0,0.132303194648074,0
ood_combo,DS02,11,7,HPC_eff_mod,4,1,0,-0,0,0,0,0,0,0,0.132303194648074,0
ood_combo,DS02,11,7,HPC_flow_mod,5,1,0,-0,0,0,0,0,0,0,0.132303194648074,0
ood_combo,DS02,11,7,LPT_eff_mod,6,1,-0.00103131012265579,-0.00628803636531479,0,0,0,0,0,0,0.132303194648074,0
ood_combo,DS02,11,7,LPT_flow_mod,7,1,-0.00946060088455968,-0.0244822576637183,0,0,0,0,0,0,0.132303194648074,0
ood_combo,DS02,11,7,LPC_eff_mod,8,1,0,-0,0,0,0,0,0,0,0.132303194648074,0
ood_combo,DS02,11,7,LPC_flow_mod,9,1,0,-0.000414064187059702,0,0,0,0,0,0,0.132303194648074,0
ood_combo,DS02,11,8,HPT_eff_mod,1,1,-0.0121704483773328,-0.00103334037999422,0,0,0,0,0,0,0.176876173260389,0
ood_combo,DS02,11,8,fan_eff_mod,2,1,0,-0,0,0,0,0,0,0,0.176876173260389,0
ood_combo,DS02,11,8,fan_flow_mod,3,1,0,-0.000993861388796942,0,0,0,0,0,0,0.176876173260389,0
ood_combo,DS02,11,8,HPC_eff_mod,4,1,0,-0,0,0,0,0,0,0,0.176876173260389,0
ood_combo,DS02,11,8,HPC_flow_mod,5,1,0,-0,0,0,0,0,0,0,0.176876173260389,0
ood_combo,DS02,11,8,LPT_eff_mod,6,1,-0.00619404922987989,-0.00628803636531479,0,0,0,0,0,0,0.176876173260389,0
ood_combo,DS02,11,8,LPT_flow_mod,7,1,-0.00817953682021547,-0.0321093181197464,0,0,0,0,0,0,0.176876173260389,0
ood_combo,DS02,11,8,LPC_eff_mod,8,1,0,-0,0,0,0,0,0,0,0.176876173260389,0
ood_combo,DS02,11,8,LPC_flow_mod,9,1,0,-0.000414064187059702,0,0,0,0,0,0,0.176876173260389,0
ood_combo,DS02,11,9,HPT_eff_mod,1,1,-0.0180410731498191,-0.00103334037999422,0,0,0,0,0,0,0.269204017595558,0
ood_combo,DS02,11,9,fan_eff_mod,2,1,0,-0,0,0,0,0,0,0,0.269204017595558,0
ood_combo,DS02,11,9,fan_flow_mod,3,1,0,-0.000993861388796942,0,0,0,0,0,0,0.269204017595558,0
ood_combo,DS02,11,9,HPC_eff_mod,4,1,0,-0,0,0,0,0,0,0,0.269204017595558,0
ood_combo,DS02,11,9,HPC_flow_mod,5,1,0,-0,0,0,0,0,0,0,0.269204017595558,0
ood_combo,DS02,11,9,LPT_eff_mod,6,1,0.000975888557650641,-0.00628803636531479,0,0,0,0,0,0,0.269204017595558,0
ood_combo,DS02,11,9,LPT_flow_mod,7,1,-0.00248784946456271,-0.0321093181197464,0,0,0,0,0,0,0.269204017595558,0
ood_combo,DS02,11,9,LPC_eff_mod,8,1,0,-0,0,0,0,0,0,0,0.269204017595558,0
ood_combo,DS02,11,9,LPC_flow_mod,9,1,0,-0.000414064187059702,0,0,0,0,0,0,0.269204017595558,0
ood_combo,DS02,11,10,HPT_eff_mod,1,1,-0.00440830270879996,-0.00103334037999422,0,0,0,0,0,0,0.159918147651093,0
ood_combo,DS02,11,10,fan_eff_mod,2,1,0,-0,0,0,0,0,0,0,0.159918147651093,0
ood_combo,DS02,11,10,fan_flow_mod,3,1,0,-0.000993861388796942,0,0,0,0,0,0,0.159918147651093,0
ood_combo,DS02,11,10,HPC_eff_mod,4,1,0,-0,0,0,0,0,0,0,0.159918147651093,0
ood_combo,DS02,11,10,HPC_flow_mod,5,1,0,-0,0,0,0,0,0,0,0.159918147651093,0
ood_combo,DS02,11,10,LPT_eff_mod,6,1,-0.00434389127774663,-0.00628803636531479,0,0,0,0,0,0,0.159918147651093,0
ood_combo,DS02,11,10,LPT_flow_mod,7,1,-0.0124789300412306,-0.0321093181197464,0,0,0,0,0,0,0.159918147651093,0
ood_combo,DS02,11,10,LPC_eff_mod,8,1,0,-0,0,0,0,0,0,0,0.159918147651093,0
ood_combo,DS02,11,10,LPC_flow_mod,9,1,0,-0.000414064187059702,0,0,0,0,0,0,0.159918147651093,0
ood_combo,DS02,11,11,HPT_eff_mod,1,1,-0.0198279421705293,-0.00103334037999422,0,0,0,0,0,0,0.129873240902496,0
ood_combo,DS02,11,11,fan_eff_mod,2,1,0,-0,0,0,0,0,0,0,0.129873240902496,0
ood_combo,DS02,11,11,fan_flow_mod,3,1,0,-0.000993861388796942,0,0,0,0,0,0,0.129873240902496,0
ood_combo,DS02,11,11,HPC_eff_mod,4,1,0,-0,0,0,0,0,0,0,0.129873240902496,0
ood_combo,DS02,11,11,HPC_flow_mod,5,1,0,-0,0,0,0,0,0,0,0.129873240902496,0
ood_combo,DS02,11,11,LPT_eff_mod,6,1,-0.00381746411890683,-0.00628803636531479,0,0,0,0,0,0,0.129873240902496,0
ood_combo,DS02,11,11,LPT_flow_mod,7,1,-0.00741683501412613,-0.0351388733922528,0,0,0,0,0,0,0.129873240902496,0
ood_combo,DS02,11,11,LPC_eff_mod,8,1,0,-0,0,0,0,0,0,0,0.129873240902496,0
ood_combo,DS02,11,11,LPC_flow_mod,9,1,0,-0.000414064187059702,0,0,0,0,0,0,0.129873240902496,0
ood_combo,DS02,11,12,HPT_eff_mod,1,1,-0.00933083729440753,-0.00103334037999422,0,0,0,0,0,0,0.288848998427023,0
ood_combo,DS02,11,12,fan_eff_mod,2,1,0,-0,0,0,0,0,0,0,0.288848998427023,0
ood_combo,DS02,11,12,fan_flow_mod,3,1,0,-0.000993861388796942,0,0,0,0,0,0,0.288848998427023,0
ood_combo,DS02,11,12,HPC_eff_mod,4,1,0,-0,0,0,0,0,0,0,0.288848998427023,0
ood_combo,DS02,11,12,HPC_flow_mod,5,1,0,-0,0,0,0,0,0,0,0.288848998427023,0
ood_combo,DS02,11,12,LPT_eff_mod,6,1,-0.00351580549120779,-0.00628803636531479,0,0,0,0,0,0,0.288848998427023,0
ood_combo,DS02,11,12,LPT_flow_mod,7,1,-0.00784200948615315,-0.0351388733922528,0,0,0,0,0,0,0.288848998427023,0
ood_combo,DS02,11,12,LPC_eff_mod,8,1,0,-0,0,0,0,0,0,0,0.288848998427023,0
ood_combo,DS02,11,12,LPC_flow_mod,9,1,0,-0.000414064187059702,0,0,0,0,0,0,0.288848998427023,0
ood_combo,DS02,11,13,HPT_eff_mod,1,1,-0.0119628214806164,-0.00103334037999422,0,0,0,0,0,0,0.173797635868621,0
ood_combo,DS02,11,13,fan_eff_mod,2,1,0,-0,0,0,0,0,0,0,0.173797635868621,0
ood_combo,DS02,11,13,fan_flow_mod,3,1,0,-0.000993861388796942,0,0,0,0,0,0,0.173797635868621,0
ood_combo,DS02,11,13,HPC_eff_mod,4,1,0,-0,0,0,0,0,0,0,0.173797635868621,0
ood_combo,DS02,11,13,HPC_flow_mod,5,1,0,-0,0,0,0,0,0,0,0.173797635868621,0
ood_combo,DS02,11,13,LPT_eff_mod,6,1,-0.00164564316895242,-0.00628803636531479,0,0,0,0,0,0,0.173797635868621,0
ood_combo,DS02,11,13,LPT_flow_mod,7,1,-0.00943082340608867,-0.0351388733922528,0,0,0,0,0,0,0.173797635868621,0
ood_combo,DS02,11,13,LPC_eff_mod,8,1,0,-0,0,0,0,0,0,0,0.173797635868621,0
ood_combo,DS02,11,13,LPC_flow_mod,9,1,0,-0.000414064187059702,0,0,0,0,0,0,0.173797635868621,0
ood_combo,DS02,11,14,HPT_eff_mod,1,1,-0.0126819635193693,-0.00103334037999422,0,0,0,0,0,0,0.119541111600609,0
ood_combo,DS02,11,14,fan_eff_mod,2,1,0,-0,0,0,0,0,0,0,0.119541111600609,0
ood_combo,DS02,11,14,fan_flow_mod,3,1,0,-0.000993861388796942,0,0,0,0,0,0,0.119541111600609,0
ood_combo,DS02,11,14,HPC_eff_mod,4,1,0,-0,0,0,0,0,0,0,0.119541111600609,0
ood_combo,DS02,11,14,HPC_flow_mod,5,1,0,-0,0,0,0,0,0,0,0.119541111600609,0
ood_combo,DS02,11,14,LPT_eff_mod,6,1,-0.000660926795472749,-0.0100043855535546,0,0,0,0,0,0,0.119541111600609,0
ood_combo,DS02,11,14,LPT_flow_mod,7,1,-0.00616954987752631,-0.0351388733922528,0,0,0,0,0,0,0.119541111600609,0
ood_combo,DS02,11,14,LPC_eff_mod,8,1,0,-0,0,0,0,0,0,0,0.119541111600609,0
ood_combo,DS02,11,14,LPC_flow_mod,9,1,0,-0.000414064187059702,0,0,0,0,0,0,0.119541111600609,0
ood_combo,DS02,11,15,HPT_eff_mod,1,1,-0.0109376792147225,-0.00103334037999422,0,0,0,0,0,0,0.154547410203103,0
ood_combo,DS02,11,15,fan_eff_mod,2,1,0,-0,0,0,0,0,0,0,0.154547410203103,0
ood_combo,DS02,11,15,fan_flow_mod,3,1,0,-0.000993861388796942,0,0,0,0,0,0,0.154547410203103,0
ood_combo,DS02,11,15,HPC_eff_mod,4,1,0,-0,0,0,0,0,0,0,0.154547410203103,0
ood_combo,DS02,11,15,HPC_flow_mod,5,1,0,-0,0,0,0,0,0,0,0.154547410203103,0
ood_combo,DS02,11,15,LPT_eff_mod,6,1,-0.00950334039418842,-0.0173448356508022,0,0,0,0,0,0,0.154547410203103,0
ood_combo,DS02,11,15,LPT_flow_mod,7,1,-0.013457798955717,-0.0351388733922528,0,0,0,0,0,0,0.154547410203103,0
ood_combo,DS02,11,15,LPC_eff_mod,8,1,0,-0,0,0,0,0,0,0,0.154547410203103,0
ood_combo,DS02,11,15,LPC_flow_mod,9,1,0,-0.000414064187059702,0,0,0,0,0,0,0.154547410203103,0
ood_combo,DS02,11,16,HPT_eff_mod,1,1,-0.0260877053736371,-0.00103334037999422,0,0,0,0,0,0,0.167280476386867,0
ood_combo,DS02,11,16,fan_eff_mod,2,1,0,-0,0,0,0,0,0,0,0.167280476386867,0
ood_combo,DS02,11,16,fan_flow_mod,3,1,0,-0.000993861388796942,0,0,0,0,0,0,0.167280476386867,0
ood_combo,DS02,11,16,HPC_eff_mod,4,1,0,-0,0,0,0,0,0,0,0.167280476386867,0
ood_combo,DS02,11,16,HPC_flow_mod,5,1,0,-0,0,0,0,0,0,0,0.167280476386867,0
ood_combo,DS02,11,16,LPT_eff_mod,6,1,-0.0111927484254285,-0.0173448356508022,0,0,0,0,0,0,0.167280476386867,0
ood_combo,DS02,11,16,LPT_flow_mod,7,1,-0.0142404767084475,-0.0351388733922528,0,0,0,0,0,0,0.167280476386867,0
ood_combo,DS02,11,16,LPC_eff_mod,8,1,0,-0,0,0,0,0,0,0,0.167280476386867,0
ood_combo,DS02,11,16,LPC_flow_mod,9,1,0,-0.000414064187059702,0,0,0,0,0,0,0.167280476386867,0
ood_combo,DS02,11,17,HPT_eff_mod,1,1,-0.0116424359894976,-0.00103334037999422,0,0,0,0,0,0,0.127782932553962,0
ood_combo,DS02,11,17,fan_eff_mod,2,1,0,-0,0,0,0,0,0,0,0.127782932553962,0
ood_combo,DS02,11,17,fan_flow_mod,3,1,0,-0.000993861388796942,0,0,0,0,0,0,0.127782932553962,0
ood_combo,DS02,11,17,HPC_eff_mod,4,1,0,-0,0,0,0,0,0,0,0.127782932553962,0
ood_combo,DS02,11,17,HPC_flow_mod,5,1,0,-0,0,0,0,0,0,0,0.127782932553962,0
ood_combo,DS02,11,17,LPT_eff_mod,6,1,-0.00768001827401154,-0.0173448356508022,0,0,0,0,0,0,0.127782932553962,0
ood_combo,DS02,11,17,LPT_flow_mod,7,1,-0.00561208072973286,-0.0351388733922528,0,0,0,0,0,0,0.127782932553962,0
ood_combo,DS02,11,17,LPC_eff_mod,8,1,0,-0,0,0,0,0,0,0,0.127782932553962,0
ood_combo,DS02,11,17,LPC_flow_mod,9,1,0,-0.000414064187059702,0,0,0,0,0,0,0.127782932553962,0
ood_combo,DS02,11,18,HPT_eff_mod,1,1,-0.00901657615141224,-0.00103334037999422,0,0,0,0,0,0,0.14752699614068,0
ood_combo,DS02,11,18,fan_eff_mod,2,1,0,-0,0,0,0,0,0,0,0.14752699614068,0
ood_combo,DS02,11,18,fan_flow_mod,3,1,0,-0.000993861388796942,0,0,0,0,0,0,0.14752699614068,0
ood_combo,DS02,11,18,HPC_eff_mod,4,1,0,-0,0,0,0,0,0,0,0.14752699614068,0
ood_combo,DS02,11,18,HPC_flow_mod,5,1,0,-0,0,0,0,0,0,0,0.14752699614068,0
ood_combo,DS02,11,18,LPT_eff_mod,6,1,-0.00664322183439749,-0.0173448356508022,0,0,0,0,0,0,0.14752699614068,0
ood_combo,DS02,11,18,LPT_flow_mod,7,1,-0.0105317012967368,-0.0370312041039622,0,0,0,0,0,0,0.14752699614068,0
ood_combo,DS02,11,18,LPC_eff_mod,8,1,0,-0,0,0,0,0,0,0,0.14752699614068,0
ood_combo,DS02,11,18,LPC_flow_mod,9,1,0,-0.000414064187059702,0,0,0,0,0,0,0.14752699614068,0
ood_combo,DS02,11,19,HPT_eff_mod,1,0,-0.0144140751191917,-0.00103334037999422,1,0,1,0,1,1,0.119949891302032,0
ood_combo,DS02,11,19,fan_eff_mod,2,0,0,-0,0,0,0,0,1,1,0.119949891302032,0
ood_combo,DS02,11,19,fan_flow_mod,3,0,0,-0.000993861388796942,0,0,0,0,1,1,0.119949891302032,0
ood_combo,DS02,11,19,HPC_eff_mod,4,0,0,-0,0,0,0,0,1,1,0.119949891302032,0
ood_combo,DS02,11,19,HPC_flow_mod,5,0,0,-0,0,0,0,0,1,1,0.119949891302032,0
ood_combo,DS02,11,19,LPT_eff_mod,6,0,-0.00722527295134372,-0.0173448356508022,1,1,1,1,1,1,0.119949891302032,0
ood_combo,DS02,11,19,LPT_flow_mod,7,0,-0.0133725297197665,-0.0370312041039622,1,0,1,0,1,1,0.119949891302032,0
ood_combo,DS02,11,19,LPC_eff_mod,8,0,0,-0,0,0,0,0,1,1,0.119949891302032,0
ood_combo,DS02,11,19,LPC_flow_mod,9,0,0,-0.000414064187059702,0,0,0,0,1,1,0.119949891302032,0
ood_combo,DS02,11,20,HPT_eff_mod,1,0,-0.0329914482987715,-0.00103334037999422,1,0,2,0,2,1,0.243278320177931,0
ood_combo,DS02,11,20,fan_eff_mod,2,0,0,-0,0,0,0,0,2,1,0.243278320177931,0
ood_combo,DS02,11,20,fan_flow_mod,3,0,0,-0.000993861388796942,0,0,0,0,2,1,0.243278320177931,0
ood_combo,DS02,11,20,HPC_eff_mod,4,0,0,-0,0,0,0,0,2,1,0.243278320177931,0
ood_combo,DS02,11,20,HPC_flow_mod,5,0,0,-0,0,0,0,0,2,1,0.243278320177931,0
ood_combo,DS02,11,20,LPT_eff_mod,6,0,2.17813308918402e-05,-0.0173448356508022,1,1,1,1,2,1,0.243278320177931,0
ood_combo,DS02,11,20,LPT_flow_mod,7,0,-0.016214273628652,-0.0599086001698834,1,0,1,0,2,1,0.243278320177931,0
ood_combo,DS02,11,20,LPC_eff_mod,8,0,0,-0,0,0,0,0,2,1,0.243278320177931,0
ood_combo,DS02,11,20,LPC_flow_mod,9,0,0,-0.000414064187059702,0,0,0,0,2,1,0.243278320177931,0
ood_combo,DS02,11,21,HPT_eff_mod,1,0,-0.0318110873515918,-0.00103334037999422,1,0,2,0,2,1,0.13710374777857,0
ood_combo,DS02,11,21,fan_eff_mod,2,0,0,-0,0,0,0,0,2,1,0.13710374777857,0
ood_combo,DS02,11,21,fan_flow_mod,3,0,0,-0.000993861388796942,0,0,0,0,2,1,0.13710374777857,0
ood_combo,DS02,11,21,HPC_eff_mod,4,0,0,-0,0,0,0,0,2,1,0.13710374777857,0
ood_combo,DS02,11,21,HPC_flow_mod,5,0,0,-0,0,0,0,0,2,1,0.13710374777857,0
ood_combo,DS02,11,21,LPT_eff_mod,6,0,-0.00737622790196955,-0.0174392148663402,1,1,1,1,2,1,0.13710374777857,0
ood_combo,DS02,11,21,LPT_flow_mod,7,0,-0.0209927806428288,-0.0599086001698834,1,0,1,0,2,1,0.13710374777857,0
ood_combo,DS02,11,21,LPC_eff_mod,8,0,0,-0,0,0,0,0,2,1,0.13710374777857,0
ood_combo,DS02,11,21,LPC_flow_mod,9,0,0,-0.000414064187059702,0,0,0,0,2,1,0.13710374777857,0
ood_combo,DS02,11,22,HPT_eff_mod,1,0,-0.0335366365228839,-0.00103334037999422,1,0,2,0,2,1,0.296947310672006,0
ood_combo,DS02,11,22,fan_eff_mod,2,0,0,-0,0,0,0,0,2,1,0.296947310672006,0
ood_combo,DS02,11,22,fan_flow_mod,3,0,0,-0.000993861388796942,0,0,0,0,2,1,0.296947310672006,0
ood_combo,DS02,11,22,HPC_eff_mod,4,0,0,-0,0,0,0,0,2,1,0.296947310672006,0
ood_combo,DS02,11,22,HPC_flow_mod,5,0,0,-0,0,0,0,0,2,1,0.296947310672006,0
ood_combo,DS02,11,22,LPT_eff_mod,6,0,-0.00587492998906017,-0.0174392148663402,1,1,1,1,2,1,0.296947310672006,0
ood_combo,DS02,11,22,LPT_flow_mod,7,0,-0.0282192745737173,-0.0599086001698834,1,0,2,0,2,1,0.296947310672006,0
ood_combo,DS02,11,22,LPC_eff_mod,8,0,0,-0,0,0,0,0,2,1,0.296947310672006,0
ood_combo,DS02,11,22,LPC_flow_mod,9,0,0,-0.000414064187059702,0,0,0,0,2,1,0.296947310672006,0
ood_combo,DS02,11,23,HPT_eff_mod,1,0,-0.0333877075100009,-0.00103334037999422,1,0,2,0,2,2,0.138341687285337,0
ood_combo,DS02,11,23,fan_eff_mod,2,0,0,-0,0,0,0,0,2,2,0.138341687285337,0
ood_combo,DS02,11,23,fan_flow_mod,3,0,0,-0.000993861388796942,0,0,0,0,2,2,0.138341687285337,0
ood_combo,DS02,11,23,HPC_eff_mod,4,0,0,-0,0,0,0,0,2,2,0.138341687285337,0
ood_combo,DS02,11,23,HPC_flow_mod,5,0,0,-0,0,0,0,0,2,2,0.138341687285337,0
ood_combo,DS02,11,23,LPT_eff_mod,6,0,-0.00689852651704149,-0.0291111743275915,1,1,1,2,2,2,0.138341687285337,0
ood_combo,DS02,11,23,LPT_flow_mod,7,0,-0.014974929441647,-0.0599086001698834,1,0,2,0,2,2,0.138341687285337,0
ood_combo,DS02,11,23,LPC_eff_mod,8,0,0,-0,0,0,0,0,2,2,0.138341687285337,0
ood_combo,DS02,11,23,LPC_flow_mod,9,0,0,-0.000414064187059702,0,0,0,0,2,2,0.138341687285337,0
ood_combo,DS02,11,24,HPT_eff_mod,1,0,-0.0390477235086665,-0.00103334037999422,1,0,2,0,2,2,0.171830724614335,0
ood_combo,DS02,11,24,fan_eff_mod,2,0,0,-0,0,0,0,0,2,2,0.171830724614335,0
ood_combo,DS02,11,24,fan_flow_mod,3,0,0,-0.000993861388796942,0,0,0,0,2,2,0.171830724614335,0
ood_combo,DS02,11,24,HPC_eff_mod,4,0,0,-0,0,0,0,0,2,2,0.171830724614335,0
ood_combo,DS02,11,24,HPC_flow_mod,5,0,0,-0,0,0,0,0,2,2,0.171830724614335,0
ood_combo,DS02,11,24,LPT_eff_mod,6,0,-0.00858739164918134,-0.0291111743275915,1,1,1,2,2,2,0.171830724614335,0
ood_combo,DS02,11,24,LPT_flow_mod,7,0,-0.0121961593477769,-0.0599086001698834,1,1,2,2,2,2,0.171830724614335,0
ood_combo,DS02,11,24,LPC_eff_mod,8,0,0,-0,0,0,0,0,2,2,0.171830724614335,0
ood_combo,DS02,11,24,LPC_flow_mod,9,0,0,-0.000414064187059702,0,0,0,0,2,2,0.171830724614335,0
ood_combo,DS02,11,25,HPT_eff_mod,1,0,-0.0432404313718158,-0.00103334037999422,1,0,2,0,2,2,0.231091929114693,0
ood_combo,DS02,11,25,fan_eff_mod,2,0,0,-0,0,0,0,0,2,2,0.231091929114693,0
ood_combo,DS02,11,25,fan_flow_mod,3,0,0,-0.000993861388796942,0,0,0,0,2,2,0.231091929114693,0
ood_combo,DS02,11,25,HPC_eff_mod,4,0,0,-0,0,0,0,0,2,2,0.231091929114693,0
ood_combo,DS02,11,25,HPC_flow_mod,5,0,0,-0,0,0,0,0,2,2,0.231091929114693,0
ood_combo,DS02,11,25,LPT_eff_mod,6,0,-0.00456357152486547,-0.0291111743275915,1,1,1,2,2,2,0.231091929114693,0
ood_combo,DS02,11,25,LPT_flow_mod,7,0,-0.0222203567542865,-0.0770183006530065,1,1,2,2,2,2,0.231091929114693,0
ood_combo,DS02,11,25,LPC_eff_mod,8,0,0,-0,0,0,0,0,2,2,0.231091929114693,0
ood_combo,DS02,11,25,LPC_flow_mod,9,0,0,-0.000414064187059702,0,0,0,0,2,2,0.231091929114693,0
ood_combo,DS02,11,26,HPT_eff_mod,1,0,-0.0471720854827521,-0.00103334037999422,1,0,2,0,2,2,0.21372391731614,0
ood_combo,DS02,11,26,fan_eff_mod,2,0,0,-0,0,0,0,0,2,2,0.21372391731614,0
ood_combo,DS02,11,26,fan_flow_mod,3,0,0,-0.000993861388796942,0,0,0,0,2,2,0.21372391731614,0
ood_combo,DS02,11,26,HPC_eff_mod,4,0,0,-0,0,0,0,0,2,2,0.21372391731614,0
ood_combo,DS02,11,26,HPC_flow_mod,5,0,0,-0,0,0,0,0,2,2,0.21372391731614,0
ood_combo,DS02,11,26,LPT_eff_mod,6,0,-0.0119577132839259,-0.0405782339971463,1,1,1,2,2,2,0.21372391731614,0
ood_combo,DS02,11,26,LPT_flow_mod,7,0,-0.0274298208633141,-0.0770183006530065,1,1,2,2,2,2,0.21372391731614,0
ood_combo,DS02,11,26,LPC_eff_mod,8,0,0,-0,0,0,0,0,2,2,0.21372391731614,0
ood_combo,DS02,11,26,LPC_flow_mod,9,0,0,-0.000414064187059702,0,0,0,0,2,2,0.21372391731614,0
ood_combo,DS02,11,27,HPT_eff_mod,1,0,-0.0496706003624977,-0.00103334037999422,1,0,2,0,2,2,0.146283812517247,0
ood_combo,DS02,11,27,fan_eff_mod,2,0,0,-0,0,0,0,0,2,2,0.146283812517247,0
ood_combo,DS02,11,27,fan_flow_mod,3,0,0,-0.000993861388796942,0,0,0,0,2,2,0.146283812517247,0
ood_combo,DS02,11,27,HPC_eff_mod,4,0,0,-0,0,0,0,0,2,2,0.146283812517247,0
ood_combo,DS02,11,27,HPC_flow_mod,5,0,0,-0,0,0,0,0,2,2,0.146283812517247,0
ood_combo,DS02,11,27,LPT_eff_mod,6,0,-0.0124638976024284,-0.0405782339971463,1,1,1,2,2,2,0.146283812517247,0
ood_combo,DS02,11,27,LPT_flow_mod,7,0,-0.0340669115615078,-0.0936161735782628,1,1,2,2,2,2,0.146283812517247,0
ood_combo,DS02,11,27,LPC_eff_mod,8,0,0,-0,0,0,0,0,2,2,0.146283812517247,0
ood_combo,DS02,11,27,LPC_flow_mod,9,0,0,-0.000414064187059702,0,0,0,0,2,2,0.146283812517247,0
ood_combo,DS02,11,28,HPT_eff_mod,1,0,-0.0517877746647384,-0.00103334037999422,1,0,2,0,2,2,0.127108933964994,0
ood_combo,DS02,11,28,fan_eff_mod,2,0,0,-0,0,0,0,0,2,2,0.127108933964994,0
ood_combo,DS02,11,28,fan_flow_mod,3,0,0,-0.000993861388796942,0,0,0,0,2,2,0.127108933964994,0
ood_combo,DS02,11,28,HPC_eff_mod,4,0,0,-0,0,0,0,0,2,2,0.127108933964994,0
ood_combo,DS02,11,28,HPC_flow_mod,5,0,0,-0,0,0,0,0,2,2,0.127108933964994,0
ood_combo,DS02,11,28,LPT_eff_mod,6,0,-0.0147076219611225,-0.0405782339971463,1,1,1,2,2,2,0.127108933964994,0
ood_combo,DS02,11,28,LPT_flow_mod,7,0,-0.0203287147405345,-0.0936161735782628,1,1,2,2,2,2,0.127108933964994,0
ood_combo,DS02,11,28,LPC_eff_mod,8,0,0,-0,0,0,0,0,2,2,0.127108933964994,0
ood_combo,DS02,11,28,LPC_flow_mod,9,0,0,-0.000414064187059702,0,0,0,0,2,2,0.127108933964994,0
ood_combo,DS02,11,29,HPT_eff_mod,1,0,-0.0520592217038519,-0.00103334037999422,1,0,2,0,2,2,0.14079502509292,0
ood_combo,DS02,11,29,fan_eff_mod,2,0,0,-0,0,0,0,0,2,2,0.14079502509292,0
ood_combo,DS02,11,29,fan_flow_mod,3,0,0,-0.000993861388796942,0,0,0,0,2,2,0.14079502509292,0
ood_combo,DS02,11,29,HPC_eff_mod,4,0,0,-0,0,0,0,0,2,2,0.14079502509292,0
ood_combo,DS02,11,29,HPC_flow_mod,5,0,0,-0,0,0,0,0,2,2,0.14079502509292,0
ood_combo,DS02,11,29,LPT_eff_mod,6,0,-0.00954914066519572,-0.0405782339971463,1,1,1,2,2,2,0.14079502509292,0
ood_combo,DS02,11,29,LPT_flow_mod,7,0,-0.0401963025171192,-0.116064415307358,1,1,2,2,2,2,0.14079502509292,0
ood_combo,DS02,11,29,LPC_eff_mod,8,0,0,-0,0,0,0,0,2,2,0.14079502509292,0
ood_combo,DS02,11,29,LPC_flow_mod,9,0,0,-0.000414064187059702,0,0,0,0,2,2,0.14079502509292,0
ood_combo,DS02,11,30,HPT_eff_mod,1,0,-0.0572259771203459,-0.00364943758377115,1,0,2,0,2,2,0.326820123899609,0
ood_combo,DS02,11,30,fan_eff_mod,2,0,0,-0,0,0,0,0,2,2,0.326820123899609,0
ood_combo,DS02,11,30,fan_flow_mod,3,0,0,-0.000993861388796942,0,0,0,0,2,2,0.326820123899609,0
ood_combo,DS02,11,30,HPC_eff_mod,4,0,0,-0,0,0,0,0,2,2,0.326820123899609,0
ood_combo,DS02,11,30,HPC_flow_mod,5,0,0,-0,0,0,0,0,2,2,0.326820123899609,0
ood_combo,DS02,11,30,LPT_eff_mod,6,0,-0.0199487685352499,-0.0405782339971463,1,1,1,2,2,2,0.326820123899609,0
ood_combo,DS02,11,30,LPT_flow_mod,7,0,-0.0416090517923517,-0.116064415307358,1,1,2,2,2,2,0.326820123899609,0
ood_combo,DS02,11,30,LPC_eff_mod,8,0,0,-0,0,0,0,0,2,2,0.326820123899609,0
ood_combo,DS02,11,30,LPC_flow_mod,9,0,0,-0.000414064187059702,0,0,0,0,2,2,0.326820123899609,0
ood_combo,DS02,11,31,HPT_eff_mod,1,0,-0.0687269152289521,-0.00364943758377115,1,0,2,0,2,2,0.293857182022786,0
ood_combo,DS02,11,31,fan_eff_mod,2,0,0,-0,0,0,0,0,2,2,0.293857182022786,0
ood_combo,DS02,11,31,fan_flow_mod,3,0,0,-0.000993861388796942,0,0,0,0,2,2,0.293857182022786,0
ood_combo,DS02,11,31,HPC_eff_mod,4,0,0,-0,0,0,0,0,2,2,0.293857182022786,0
ood_combo,DS02,11,31,HPC_flow_mod,5,0,0,-0,0,0,0,0,2,2,0.293857182022786,0
ood_combo,DS02,11,31,LPT_eff_mod,6,0,-0.0224533891797836,-0.0530713324516376,1,1,1,2,2,2,0.293857182022786,0
ood_combo,DS02,11,31,LPT_flow_mod,7,0,-0.0342880536222921,-0.116064415307358,1,1,2,2,2,2,0.293857182022786,0
ood_combo,DS02,11,31,LPC_eff_mod,8,0,0,-0,0,0,0,0,2,2,0.293857182022786,0
ood_combo,DS02,11,31,LPC_flow_mod,9,0,0,-0.000414064187059702,0,0,0,0,2,2,0.293857182022786,0
ood_combo,DS02,11,32,HPT_eff_mod,1,0,-0.0799270933975871,-0.00364943758377115,1,0,2,0,2,2,0.142082365269806,0
ood_combo,DS02,11,32,fan_eff_mod,2,0,0,-0,0,0,0,0,2,2,0.142082365269806,0
ood_combo,DS02,11,32,fan_flow_mod,3,0,0,-0.00126717326989844,0,0,0,0,2,2,0.142082365269806,0
ood_combo,DS02,11,32,HPC_eff_mod,4,0,0,-0,0,0,0,0,2,2,0.142082365269806,0
ood_combo,DS02,11,32,HPC_flow_mod,5,0,0,-0,0,0,0,0,2,2,0.142082365269806,0
ood_combo,DS02,11,32,LPT_eff_mod,6,0,-0.0163171375557829,-0.0530713324516376,1,1,1,2,2,2,0.142082365269806,0
ood_combo,DS02,11,32,LPT_flow_mod,7,0,-0.0509300563491351,-0.144462344227068,1,1,2,2,2,2,0.142082365269806,0
ood_combo,DS02,11,32,LPC_eff_mod,8,0,0,-0,0,0,0,0,2,2,0.142082365269806,0
ood_combo,DS02,11,32,LPC_flow_mod,9,0,0,-0.000414064187059702,0,0,0,0,2,2,0.142082365269806,0
ood_combo,DS02,11,33,HPT_eff_mod,1,0,-0.0779840998048252,-0.00364943758377115,1,0,2,0,2,2,0.368109005111935,1
ood_combo,DS02,11,33,fan_eff_mod,2,0,0,-0,0,0,0,0,2,2,0.368109005111935,1
ood_combo,DS02,11,33,fan_flow_mod,3,0,0,-0.00126717326989844,0,0,0,0,2,2,0.368109005111935,1
ood_combo,DS02,11,33,HPC_eff_mod,4,0,0,-0,0,0,0,0,2,2,0.368109005111935,1
ood_combo,DS02,11,33,HPC_flow_mod,5,0,0,-0,0,0,0,0,2,2,0.368109005111935,1
ood_combo,DS02,11,33,LPT_eff_mod,6,0,-0.0196385432908366,-0.0530713324516376,1,1,1,2,2,2,0.368109005111935,1
ood_combo,DS02,11,33,LPT_flow_mod,7,0,-0.0473583081914686,-0.144462344227068,1,1,2,2,2,2,0.368109005111935,1
ood_combo,DS02,11,33,LPC_eff_mod,8,0,0,-0,0,0,0,0,2,2,0.368109005111935,1
ood_combo,DS02,11,33,LPC_flow_mod,9,0,0,-0.000414064187059702,0,0,0,0,2,2,0.368109005111935,1
ood_combo,DS02,11,34,HPT_eff_mod,1,0,-0.085731592954176,-0.0114101811865476,1,1,2,1,2,2,0.161798530985052,0
ood_combo,DS02,11,34,fan_eff_mod,2,0,0,-0,0,0,0,0,2,2,0.161798530985052,0
ood_combo,DS02,11,34,fan_flow_mod,3,0,0,-0.00126717326989844,0,0,0,0,2,2,0.161798530985052,0
ood_combo,DS02,11,34,HPC_eff_mod,4,0,0,-0,0,0,0,0,2,2,0.161798530985052,0
ood_combo,DS02,11,34,HPC_flow_mod,5,0,0,-0,0,0,0,0,2,2,0.161798530985052,0
ood_combo,DS02,11,34,LPT_eff_mod,6,0,-0.016339859540774,-0.0593343226676788,1,1,1,2,2,2,0.161798530985052,0
ood_combo,DS02,11,34,LPT_flow_mod,7,0,-0.0483928870206655,-0.144462344227068,1,1,2,2,2,2,0.161798530985052,0
ood_combo,DS02,11,34,LPC_eff_mod,8,0,0,-0,0,0,0,0,2,2,0.161798530985052,0
ood_combo,DS02,11,34,LPC_flow_mod,9,0,0,-0.000414064187059702,0,0,0,0,2,2,0.161798530985052,0
ood_combo,DS02,11,35,HPT_eff_mod,1,0,-0.0865878293178625,-0.0114101811865476,1,1,2,1,2,2,0.113032558636974,0
ood_combo,DS02,11,35,fan_eff_mod,2,0,0,-0,0,0,0,0,2,2,0.113032558636974,0
ood_combo,DS02,11,35,fan_flow_mod,3,0,0,-0.00126717326989844,0,0,0,0,2,2,0.113032558636974,0
ood_combo,DS02,11,35,HPC_eff_mod,4,0,0,-0,0,0,0,0,2,2,0.113032558636974,0
ood_combo,DS02,11,35,HPC_flow_mod,5,0,0,-0,0,0,0,0,2,2,0.113032558636974,0
ood_combo,DS02,11,35,LPT_eff_mod,6,0,-0.0218309139843484,-0.0593343226676788,1,1,1,2,2,2,0.113032558636974,0
ood_combo,DS02,11,35,LPT_flow_mod,7,0,-0.051405472164497,-0.144462344227068,1,1,2,2,2,2,0.113032558636974,0
ood_combo,DS02,11,35,LPC_eff_mod,8,0,0,-0,0,0,0,0,2,2,0.113032558636974,0
ood_combo,DS02,11,35,LPC_flow_mod,9,0,0,-0.000414064187059702,0,0,0,0,2,2,0.113032558636974,0
ood_combo,DS02,11,36,HPT_eff_mod,1,0,-0.0980042979293088,-0.0114101811865476,1,1,2,1,2,3,0.240711331650057,0
ood_combo,DS02,11,36,fan_eff_mod,2,0,0,-0,0,0,0,0,2,3,0.240711331650057,0
ood_combo,DS02,11,36,fan_flow_mod,3,0,0,-0.00126717326989844,0,0,0,0,2,3,0.240711331650057,0
ood_combo,DS02,11,36,HPC_eff_mod,4,0,0,-0,0,0,0,0,2,3,0.240711331650057,0
ood_combo,DS02,11,36,HPC_flow_mod,5,0,0,-0,0,0,0,0,2,3,0.240711331650057,0
ood_combo,DS02,11,36,LPT_eff_mod,6,0,-0.0246907573590699,-0.0593343226676788,1,1,1,2,2,3,0.240711331650057,0
ood_combo,DS02,11,36,LPT_flow_mod,7,0,-0.0695996548337419,-0.192276168436226,1,1,2,3,2,3,0.240711331650057,0
ood_combo,DS02,11,36,LPC_eff_mod,8,0,0,-0,0,0,0,0,2,3,0.240711331650057,0
ood_combo,DS02,11,36,LPC_flow_mod,9,0,0,-0.000414064187059702,0,0,0,0,2,3,0.240711331650057,0
ood_combo,DS02,11,37,HPT_eff_mod,1,0,-0.107580830763497,-0.0114101811865476,1,1,2,1,2,3,0.125775660450632,0
ood_combo,DS02,11,37,fan_eff_mod,2,0,0,-0,0,0,0,0,2,3,0.125775660450632,0
ood_combo,DS02,11,37,fan_flow_mod,3,0,0,-0.00126717326989844,0,0,0,0,2,3,0.125775660450632,0
ood_combo,DS02,11,37,HPC_eff_mod,4,0,0,-0,0,0,0,0,2,3,0.125775660450632,0
ood_combo,DS02,11,37,HPC_flow_mod,5,0,0,-0,0,0,0,0,2,3,0.125775660450632,0
ood_combo,DS02,11,37,LPT_eff_mod,6,0,-0.025738730951104,-0.0696970027347709,1,1,1,2,2,3,0.125775660450632,0
ood_combo,DS02,11,37,LPT_flow_mod,7,0,-0.0692531519609465,-0.192276168436226,1,1,2,3,2,3,0.125775660450632,0
ood_combo,DS02,11,37,LPC_eff_mod,8,0,0,-0,0,0,0,0,2,3,0.125775660450632,0
ood_combo,DS02,11,37,LPC_flow_mod,9,0,0,-0.000414064187059702,0,0,0,0,2,3,0.125775660450632,0
ood_combo,DS02,11,38,HPT_eff_mod,1,0,-0.116021214992828,-0.0234480201911336,1,1,2,1,2,3,0.161026983379444,0
ood_combo,DS02,11,38,fan_eff_mod,2,0,0,-0,0,0,0,0,2,3,0.161026983379444,0
ood_combo,DS02,11,38,fan_flow_mod,3,0,0,-0.00126717326989844,0,0,0,0,2,3,0.161026983379444,0
ood_combo,DS02,11,38,HPC_eff_mod,4,0,0,-0,0,0,0,0,2,3,0.161026983379444,0
ood_combo,DS02,11,38,HPC_flow_mod,5,0,0,-0,0,0,0,0,2,3,0.161026983379444,0
ood_combo,DS02,11,38,LPT_eff_mod,6,0,-0.0292854935938597,-0.0696970027347709,1,1,2,2,2,3,0.161026983379444,0
ood_combo,DS02,11,38,LPT_flow_mod,7,0,-0.081047057408648,-0.192276168436226,1,1,2,3,2,3,0.161026983379444,0
ood_combo,DS02,11,38,LPC_eff_mod,8,0,0,-0,0,0,0,0,2,3,0.161026983379444,0
ood_combo,DS02,11,38,LPC_flow_mod,9,0,0,-0.000414064187059702,0,0,0,0,2,3,0.161026983379444,0
ood_combo,DS02,11,39,HPT_eff_mod,1,0,-0.129241159771123,-0.0241857070451837,1,1,2,1,2,3,0.173793253018412,0
ood_combo,DS02,11,39,fan_eff_mod,2,0,0,-0,0,0,0,0,2,3,0.173793253018412,0
ood_combo,DS02,11,39,fan_flow_mod,3,0,0,-0.00126717326989844,0,0,0,0,2,3,0.173793253018412,0
ood_combo,DS02,11,39,HPC_eff_mod,4,0,0,-0,0,0,0,0,2,3,0.173793253018412,0
ood_combo,DS02,11,39,HPC_flow_mod,5,0,0,-0,0,0,0,0,2,3,0.173793253018412,0
ood_combo,DS02,11,39,LPT_eff_mod,6,0,-0.0332676744383402,-0.0696970027347709,1,1,2,2,2,3,0.173793253018412,0
ood_combo,DS02,11,39,LPT_flow_mod,7,0,-0.0887776212111106,-0.216223402873854,1,1,2,3,2,3,0.173793253018412,0
ood_combo,DS02,11,39,LPC_eff_mod,8,0,0,-0,0,0,0,0,2,3,0.173793253018412,0
ood_combo,DS02,11,39,LPC_flow_mod,9,0,0,-0.000414064187059702,0,0,0,0,2,3,0.173793253018412,0
ood_combo,DS02,11,40,HPT_eff_mod,1,0,-0.139629132903844,-0.0507613396632536,1,1,2,2,2,3,0.14072464255781,0
ood_combo,DS02,11,40,fan_eff_mod,2,0,0,-0,0,0,0,0,2,3,0.14072464255781,0
ood_combo,DS02,11,40,fan_flow_mod,3,0,0,-0.00126717326989844,0,0,0,0,2,3,0.14072464255781,0
ood_combo,DS02,11,40,HPC_eff_mod,4,0,0,-0,0,0,0,0,2,3,0.14072464255781,0
ood_combo,DS02,11,40,HPC_flow_mod,5,0,0,-0.000131677507786382,0,0,0,0,2,3,0.14072464255781,0
ood_combo,DS02,11,40,LPT_eff_mod,6,0,-0.0263851125840243,-0.0712175202825192,1,1,2,2,2,3,0.14072464255781,0
ood_combo,DS02,11,40,LPT_flow_mod,7,0,-0.0893167416242117,-0.216223402873854,1,1,2,3,2,3,0.14072464255781,0
ood_combo,DS02,11,40,LPC_eff_mod,8,0,0,-6.36779659373258e-05,0,0,0,0,2,3,0.14072464255781,0
ood_combo,DS02,11,40,LPC_flow_mod,9,0,0,-0.000414064187059702,0,0,0,0,2,3,0.14072464255781,0
ood_combo,DS02,11,41,HPT_eff_mod,1,0,-0.149935875625837,-0.0603869328000982,1,1,3,2,3,3,0.140822176059755,0
ood_combo,DS02,11,41,fan_eff_mod,2,0,0,-0,0,0,0,0,3,3,0.140822176059755,0
ood_combo,DS02,11,41,fan_flow_mod,3,0,0,-0.00126717326989844,0,0,0,0,3,3,0.140822176059755,0
ood_combo,DS02,11,41,HPC_eff_mod,4,0,0,-0,0,0,0,0,3,3,0.140822176059755,0
ood_combo,DS02,11,41,HPC_flow_mod,5,0,0,-0.000131677507786382,0,0,0,0,3,3,0.140822176059755,0
ood_combo,DS02,11,41,LPT_eff_mod,6,0,-0.0363488595470536,-0.0811568718731423,1,1,2,2,3,3,0.140822176059755,0
ood_combo,DS02,11,41,LPT_flow_mod,7,0,-0.0939860017550744,-0.216223402873854,1,1,2,3,3,3,0.140822176059755,0
ood_combo,DS02,11,41,LPC_eff_mod,8,0,0,-6.36779659373258e-05,0,0,0,0,3,3,0.140822176059755,0
ood_combo,DS02,11,41,LPC_flow_mod,9,0,0,-0.000414064187059702,0,0,0,0,3,3,0.140822176059755,0
ood_combo,DS02,11,42,HPT_eff_mod,1,0,-0.157210185751311,-0.0629573349053356,1,1,3,2,3,3,0.102297446976754,0
ood_combo,DS02,11,42,fan_eff_mod,2,0,0,-0,0,0,0,0,3,3,0.102297446976754,0
ood_combo,DS02,11,42,fan_flow_mod,3,0,0,-0.00126717326989844,0,0,0,0,3,3,0.102297446976754,0
ood_combo,DS02,11,42,HPC_eff_mod,4,0,0,-0,0,0,0,0,3,3,0.102297446976754,0
ood_combo,DS02,11,42,HPC_flow_mod,5,0,0,-0.000131677507786382,0,0,0,0,3,3,0.102297446976754,0
ood_combo,DS02,11,42,LPT_eff_mod,6,0,-0.0382911030393703,-0.0862925310090027,1,1,2,2,3,3,0.102297446976754,0
ood_combo,DS02,11,42,LPT_flow_mod,7,0,-0.098754480837139,-0.216223402873854,1,1,2,3,3,3,0.102297446976754,0
ood_combo,DS02,11,42,LPC_eff_mod,8,0,0,-6.36779659373258e-05,0,0,0,0,3,3,0.102297446976754,0
ood_combo,DS02,11,42,LPC_flow_mod,9,0,0,-0.000414064187059702,0,0,0,0,3,3,0.102297446976754,0
ood_combo,DS02,11,43,HPT_eff_mod,1,0,-0.179825859966429,-0.065709982762859,1,1,3,2,3,3,0.225433746410878,0
ood_combo,DS02,11,43,fan_eff_mod,2,0,0,-0,0,0,0,0,3,3,0.225433746410878,0
ood_combo,DS02,11,43,fan_flow_mod,3,0,0,-0.00126717326989844,0,0,0,0,3,3,0.225433746410878,0
ood_combo,DS02,11,43,HPC_eff_mod,4,0,0,-0,0,0,0,0,3,3,0.225433746410878,0
ood_combo,DS02,11,43,HPC_flow_mod,5,0,0,-0.000131677507786382,0,0,0,0,3,3,0.225433746410878,0
ood_combo,DS02,11,43,LPT_eff_mod,6,0,-0.0472051703152243,-0.0862925310090027,1,1,2,2,3,3,0.225433746410878,0
ood_combo,DS02,11,43,LPT_flow_mod,7,0,-0.116703127153838,-0.26115868451804,1,1,2,3,3,3,0.225433746410878,0
ood_combo,DS02,11,43,LPC_eff_mod,8,0,0,-6.36779659373258e-05,0,0,0,0,3,3,0.225433746410878,0
ood_combo,DS02,11,43,LPC_flow_mod,9,0,0,-0.000414064187059702,0,0,0,0,3,3,0.225433746410878,0
ood_combo,DS02,11,44,HPT_eff_mod,1,0,-0.192553830619329,-0.065709982762859,1,1,3,2,3,3,0.181478043817042,0
ood_combo,DS02,11,44,fan_eff_mod,2,0,0,-0,0,0,0,0,3,3,0.181478043817042,0
ood_combo,DS02,11,44,fan_flow_mod,3,0,0,-0.00126717326989844,0,0,0,0,3,3,0.181478043817042,0
ood_combo,DS02,11,44,HPC_eff_mod,4,0,0,-0,0,0,0,0,3,3,0.181478043817042,0
ood_combo,DS02,11,44,HPC_flow_mod,5,0,0,-0.000131677507786382,0,0,0,0,3,3,0.181478043817042,0
ood_combo,DS02,11,44,LPT_eff_mod,6,0,-0.043021955556885,-0.0862925310090027,1,1,2,2,3,3,0.181478043817042,0
ood_combo,DS02,11,44,LPT_flow_mod,7,0,-0.115020660698305,-0.26115868451804,1,1,2,3,3,3,0.181478043817042,0
ood_combo,DS02,11,44,LPC_eff_mod,8,0,0,-6.36779659373258e-05,0,0,0,0,3,3,0.181478043817042,0
ood_combo,DS02,11,44,LPC_flow_mod,9,0,0,-0.000414064187059702,0,0,0,0,3,3,0.181478043817042,0
ood_combo,DS02,11,45,HPT_eff_mod,1,0,-0.206672785422448,-0.103225720046423,1,1,3,2,3,3,0.151674069964659,0
ood_combo,DS02,11,45,fan_eff_mod,2,0,0,-0,0,0,0,0,3,3,0.151674069964659,0
ood_combo,DS02,11,45,fan_flow_mod,3,0,0,-0.00126717326989844,0,0,0,0,3,3,0.151674069964659,0
ood_combo,DS02,11,45,HPC_eff_mod,4,0,0,-0,0,0,0,0,3,3,0.151674069964659,0
ood_combo,DS02,11,45,HPC_flow_mod,5,0,0,-0.000131677507786382,0,0,0,0,3,3,0.151674069964659,0
ood_combo,DS02,11,45,LPT_eff_mod,6,0,-0.0510047070685157,-0.103909410357044,1,1,2,2,3,3,0.151674069964659,0
ood_combo,DS02,11,45,LPT_flow_mod,7,0,-0.12268061638929,-0.26115868451804,1,1,2,3,3,3,0.151674069964659,0
ood_combo,DS02,11,45,LPC_eff_mod,8,0,0,-6.36779659373258e-05,0,0,0,0,3,3,0.151674069964659,0
ood_combo,DS02,11,45,LPC_flow_mod,9,0,0,-0.000414064187059702,0,0,0,0,3,3,0.151674069964659,0
ood_combo,DS02,11,46,HPT_eff_mod,1,0,-0.222025698635169,-0.125233024567029,1,1,3,2,3,3,0.232224900450604,0
ood_combo,DS02,11,46,fan_eff_mod,2,0,0,-0,0,0,0,0,3,3,0.232224900450604,0
ood_combo,DS02,11,46,fan_flow_mod,3,0,0,-0.00126717326989844,0,0,0,0,3,3,0.232224900450604,0
ood_combo,DS02,11,46,HPC_eff_mod,4,0,0,-0,0,0,0,0,3,3,0.232224900450604,0
ood_combo,DS02,11,46,HPC_flow_mod,5,0,0,-0.000131677507786382,0,0,0,0,3,3,0.232224900450604,0
ood_combo,DS02,11,46,LPT_eff_mod,6,0,-0.0537588871435671,-0.103909410357044,1,1,2,2,3,3,0.232224900450604,0
ood_combo,DS02,11,46,LPT_flow_mod,7,0,-0.136163843296056,-0.277044798043705,1,1,2,3,3,3,0.232224900450604,0
ood_combo,DS02,11,46,LPC_eff_mod,8,0,0,-6.36779659373258e-05,0,0,0,0,3,3,0.232224900450604,0
ood_combo,DS02,11,46,LPC_flow_mod,9,0,0,-0.000414064187059702,0,0,0,0,3,3,0.232224900450604,0
ood_combo,DS02,11,47,HPT_eff_mod,1,0,-0.238716898498371,-0.150637012531778,1,1,3,3,3,3,0.216582539499095,0
ood_combo,DS02,11,47,fan_eff_mod,2,0,0,-0,0,0,0,0,3,3,0.216582539499095,0
ood_combo,DS02,11,47,fan_flow_mod,3,0,0,-0.00126717326989844,0,0,0,0,3,3,0.216582539499095,0
ood_combo,DS02,11,47,HPC_eff_mod,4,0,0,-0,0,0,0,0,3,3,0.216582539499095,0
ood_combo,DS02,11,47,HPC_flow_mod,5,0,0,-0.000131677507786382,0,0,0,0,3,3,0.216582539499095,0
ood_combo,DS02,11,47,LPT_eff_mod,6,0,-0.0598311217729753,-0.111452400878471,1,1,2,2,3,3,0.216582539499095,0
ood_combo,DS02,11,47,LPT_flow_mod,7,0,-0.150440821961287,-0.277044798043705,1,1,3,3,3,3,0.216582539499095,0
ood_combo,DS02,11,47,LPC_eff_mod,8,0,0,-6.36779659373258e-05,0,0,0,0,3,3,0.216582539499095,0
ood_combo,DS02,11,47,LPC_flow_mod,9,0,0,-0.000414064187059702,0,0,0,0,3,3,0.216582539499095,0
ood_combo,DS02,11,48,HPT_eff_mod,1,0,-0.258938870864051,-0.162081972099366,1,1,3,3,3,3,0.160305222083261,0
ood_combo,DS02,11,48,fan_eff_mod,2,0,0,-0,0,0,0,0,3,3,0.160305222083261,0
ood_combo,DS02,11,48,fan_flow_mod,3,0,0,-0.00126717326989844,0,0,0,0,3,3,0.160305222083261,0
ood_combo,DS02,11,48,HPC_eff_mod,4,0,0,-0,0,0,0,0,3,3,0.160305222083261,0
ood_combo,DS02,11,48,HPC_flow_mod,5,0,0,-0.000131677507786382,0,0,0,0,3,3,0.160305222083261,0
ood_combo,DS02,11,48,LPT_eff_mod,6,0,-0.058631067146969,-0.111452400878471,1,1,2,2,3,3,0.160305222083261,0
ood_combo,DS02,11,48,LPT_flow_mod,7,0,-0.150284161514574,-0.292340192942133,1,1,3,3,3,3,0.160305222083261,0
ood_combo,DS02,11,48,LPC_eff_mod,8,0,0,-6.36779659373258e-05,0,0,0,0,3,3,0.160305222083261,0
ood_combo,DS02,11,48,LPC_flow_mod,9,0,0,-0.000414064187059702,0,0,0,0,3,3,0.160305222083261,0
ood_combo,DS02,11,49,HPT_eff_mod,1,0,-0.291942507620674,-0.197105913631077,1,1,3,3,3,3,0.217322146744406,0
ood_combo,DS02,11,49,fan_eff_mod,2,0,0,-0,0,0,0,0,3,3,0.217322146744406,0
ood_combo,DS02,11,49,fan_flow_mod,3,0,0,-0.00126717326989844,0,0,0,0,3,3,0.217322146744406,0
ood_combo,DS02,11,49,HPC_eff_mod,4,0,0,-0,0,0,0,0,3,3,0.217322146744406,0
ood_combo,DS02,11,49,HPC_flow_mod,5,0,0,-0.000131677507786382,0,0,0,0,3,3,0.217322146744406,0
ood_combo,DS02,11,49,LPT_eff_mod,6,0,-0.061741481904488,-0.111452400878471,1,1,2,2,3,3,0.217322146744406,0
ood_combo,DS02,11,49,LPT_flow_mod,7,0,-0.168911947135404,-0.308058596745062,1,1,3,3,3,3,0.217322146744406,0
ood_combo,DS02,11,49,LPC_eff_mod,8,0,0,-6.36779659373258e-05,0,0,0,0,3,3,0.217322146744406,0
ood_combo,DS02,11,49,LPC_flow_mod,9,0,0,-0.000414064187059702,0,0,0,0,3,3,0.217322146744406,0
ood_combo,DS02,11,50,HPT_eff_mod,1,0,-0.317077767661756,-0.197105913631077,1,1,3,3,3,3,0.231490561426968,0
ood_combo,DS02,11,50,fan_eff_mod,2,0,0,-0,0,0,0,0,3,3,0.231490561426968,0
ood_combo,DS02,11,50,fan_flow_mod,3,0,0,-0.00145510433789983,0,0,0,0,3,3,0.231490561426968,0
ood_combo,DS02,11,50,HPC_eff_mod,4,0,0,-0,0,0,0,0,3,3,0.231490561426968,0
ood_combo,DS02,11,50,HPC_flow_mod,5,0,0,-0.000131677507786382,0,0,0,0,3,3,0.231490561426968,0
ood_combo,DS02,11,50,LPT_eff_mod,6,0,-0.0638980609839285,-0.111452400878471,1,1,2,2,3,3,0.231490561426968,0
ood_combo,DS02,11,50,LPT_flow_mod,7,0,-0.186013394497328,-0.356731322243082,1,1,3,3,3,3,0.231490561426968,0
ood_combo,DS02,11,50,LPC_eff_mod,8,0,0,-6.36779659373258e-05,0,0,0,0,3,3,0.231490561426968,0
ood_combo,DS02,11,50,LPC_flow_mod,9,0,0,-0.000414064187059702,0,0,0,0,3,3,0.231490561426968,0
ood_combo,DS02,11,51,HPT_eff_mod,1,0,-0.333764204367177,-0.216102884841633,1,1,3,3,3,3,0.212096603133458,0
ood_combo,DS02,11,51,fan_eff_mod,2,0,0,-0,0,0,0,0,3,3,0.212096603133458,0
ood_combo,DS02,11,51,fan_flow_mod,3,0,0,-0.00145510433789983,0,0,0,0,3,3,0.212096603133458,0
ood_combo,DS02,11,51,HPC_eff_mod,4,0,0,-0,0,0,0,0,3,3,0.212096603133458,0
ood_combo,DS02,11,51,HPC_flow_mod,5,0,0,-0.000131677507786382,0,0,0,0,3,3,0.212096603133458,0
ood_combo,DS02,11,51,LPT_eff_mod,6,0,-0.0733147783532109,-0.121821385281351,1,1,2,2,3,3,0.212096603133458,0
ood_combo,DS02,11,51,LPT_flow_mod,7,0,-0.199835072945806,-0.356731322243082,1,1,3,3,3,3,0.212096603133458,0
ood_combo,DS02,11,51,LPC_eff_mod,8,0,0,-6.36779659373258e-05,0,0,0,0,3,3,0.212096603133458,0
ood_combo,DS02,11,51,LPC_flow_mod,9,0,0,-0.000414064187059702,0,0,0,0,3,3,0.212096603133458,0
ood_combo,DS02,11,52,HPT_eff_mod,1,0,-0.359199361763858,-0.216477597878746,1,1,3,3,3,3,0.309100042628237,0
ood_combo,DS02,11,52,fan_eff_mod,2,0,0,-0,0,0,0,0,3,3,0.309100042628237,0
ood_combo,DS02,11,52,fan_flow_mod,3,0,0,-0.00145510433789983,0,0,0,0,3,3,0.309100042628237,0
ood_combo,DS02,11,52,HPC_eff_mod,4,0,0,-0,0,0,0,0,3,3,0.309100042628237,0
ood_combo,DS02,11,52,HPC_flow_mod,5,0,0,-0.000131677507786382,0,0,0,0,3,3,0.309100042628237,0
ood_combo,DS02,11,52,LPT_eff_mod,6,0,-0.0790640105648825,-0.124595126610724,1,1,2,2,3,3,0.309100042628237,0
ood_combo,DS02,11,52,LPT_flow_mod,7,0,-0.201130274139069,-0.356731322243082,1,1,3,3,3,3,0.309100042628237,0
ood_combo,DS02,11,52,LPC_eff_mod,8,0,0,-6.36779659373258e-05,0,0,0,0,3,3,0.309100042628237,0
ood_combo,DS02,11,52,LPC_flow_mod,9,0,0,-0.000414064187059702,0,0,0,0,3,3,0.309100042628237,0
ood_combo,DS02,11,53,HPT_eff_mod,1,0,-0.385147253792971,-0.293165453692219,1,1,3,3,3,3,0.224376637424192,0
ood_combo,DS02,11,53,fan_eff_mod,2,0,0,-0,0,0,0,0,3,3,0.224376637424192,0
ood_combo,DS02,11,53,fan_flow_mod,3,0,0,-0.00145510433789983,0,0,0,0,3,3,0.224376637424192,0
ood_combo,DS02,11,53,HPC_eff_mod,4,0,0,-0,0,0,0,0,3,3,0.224376637424192,0
ood_combo,DS02,11,53,HPC_flow_mod,5,0,0,-0.00223733307217208,0,0,0,0,3,3,0.224376637424192,0
ood_combo,DS02,11,53,LPT_eff_mod,6,0,-0.0793667601782154,-0.124595126610724,1,1,2,2,3,3,0.224376637424192,0
ood_combo,DS02,11,53,LPT_flow_mod,7,0,-0.226526459228174,-0.366427912969174,1,1,3,3,3,3,0.224376637424192,0
ood_combo,DS02,11,53,LPC_eff_mod,8,0,0,-0.00447152730070894,0,0,0,0,3,3,0.224376637424192,0
ood_combo,DS02,11,53,LPC_flow_mod,9,0,0,-0.000414064187059702,0,0,0,0,3,3,0.224376637424192,0
ood_combo,DS02,11,54,HPT_eff_mod,1,0,-0.4080183137408,-0.350480404678576,1,1,3,3,3,3,0.156348180353932,0
ood_combo,DS02,11,54,fan_eff_mod,2,0,0,-0,0,0,0,0,3,3,0.156348180353932,0
ood_combo,DS02,11,54,fan_flow_mod,3,0,0,-0.00145510433789983,0,0,0,0,3,3,0.156348180353932,0
ood_combo,DS02,11,54,HPC_eff_mod,4,0,0,-0,0,0,0,0,3,3,0.156348180353932,0
ood_combo,DS02,11,54,HPC_flow_mod,5,0,0,-0.00334868109802532,0,0,0,0,3,3,0.156348180353932,0
ood_combo,DS02,11,54,LPT_eff_mod,6,0,-0.0933215564946847,-0.126714573303018,1,1,2,2,3,3,0.156348180353932,0
ood_combo,DS02,11,54,LPT_flow_mod,7,0,-0.256733254782167,-0.366427912969174,1,1,3,3,3,3,0.156348180353932,0
ood_combo,DS02,11,54,LPC_eff_mod,8,0,0,-0.00447152730070894,0,0,0,0,3,3,0.156348180353932,0
ood_combo,DS02,11,54,LPC_flow_mod,9,0,0,-0.000414064187059702,0,0,0,0,3,3,0.156348180353932,0
ood_combo,DS02,11,55,HPT_eff_mod,1,0,-0.459781839373904,-0.394400839122667,1,1,3,3,3,3,0.210094918278101,0
ood_combo,DS02,11,55,fan_eff_mod,2,0,0,-0,0,0,0,0,3,3,0.210094918278101,0
ood_combo,DS02,11,55,fan_flow_mod,3,0,0,-0.00145510433789983,0,0,0,0,3,3,0.210094918278101,0
ood_combo,DS02,11,55,HPC_eff_mod,4,0,0,-0,0,0,0,0,3,3,0.210094918278101,0
ood_combo,DS02,11,55,HPC_flow_mod,5,0,0,-0.00334868109802532,0,0,0,0,3,3,0.210094918278101,0
ood_combo,DS02,11,55,LPT_eff_mod,6,0,-0.0910551747786704,-0.126714573303018,1,1,2,2,3,3,0.210094918278101,0
ood_combo,DS02,11,55,LPT_flow_mod,7,0,-0.260122547287119,-0.379870763396628,1,1,3,3,3,3,0.210094918278101,0
ood_combo,DS02,11,55,LPC_eff_mod,8,0,0,-0.00447152730070894,0,0,0,0,3,3,0.210094918278101,0
ood_combo,DS02,11,55,LPC_flow_mod,9,0,0,-0.000414064187059702,0,0,0,0,3,3,0.210094918278101,0
ood_combo,DS02,11,56,HPT_eff_mod,1,0,-0.493718571774099,-0.425086057284211,1,1,3,3,3,3,0.128608992773206,0
ood_combo,DS02,11,56,fan_eff_mod,2,0,0,-0,0,0,0,0,3,3,0.128608992773206,0
ood_combo,DS02,11,56,fan_flow_mod,3,0,0,-0.00145510433789983,0,0,0,0,3,3,0.128608992773206,0
ood_combo,DS02,11,56,HPC_eff_mod,4,0,0,-0,0,0,0,0,3,3,0.128608992773206,0
ood_combo,DS02,11,56,HPC_flow_mod,5,0,0,-0.00390433367667684,0,0,0,0,3,3,0.128608992773206,0
ood_combo,DS02,11,56,LPT_eff_mod,6,0,-0.10155041008764,-0.135535967792727,1,1,2,2,3,3,0.128608992773206,0
ood_combo,DS02,11,56,LPT_flow_mod,7,0,-0.273343771096757,-0.379870763396628,1,1,3,3,3,3,0.128608992773206,0
ood_combo,DS02,11,56,LPC_eff_mod,8,0,0,-0.00447152730070894,0,0,0,0,3,3,0.128608992773206,0
ood_combo,DS02,11,56,LPC_flow_mod,9,0,0,-0.000414064187059702,0,0,0,0,3,3,0.128608992773206,0
ood_combo,DS02,11,57,HPT_eff_mod,1,0,-0.534082891915378,-0.479091895754375,1,1,3,3,3,3,0.141512403257729,0
ood_combo,DS02,11,57,fan_eff_mod,2,0,0,-0.0013223908481084,0,0,0,0,3,3,0.141512403257729,0
ood_combo,DS02,11,57,fan_flow_mod,3,0,0,-0.00145510433789983,0,0,0,0,3,3,0.141512403257729,0
ood_combo,DS02,11,57,HPC_eff_mod,4,0,0,-0,0,0,0,0,3,3,0.141512403257729,0
ood_combo,DS02,11,57,HPC_flow_mod,5,0,0,-0.00390433367667684,0,0,0,0,3,3,0.141512403257729,0
ood_combo,DS02,11,57,LPT_eff_mod,6,0,-0.108013424821375,-0.135535967792727,1,1,2,2,3,3,0.141512403257729,0
ood_combo,DS02,11,57,LPT_flow_mod,7,0,-0.306119078043672,-0.392053605626104,1,1,3,3,3,3,0.141512403257729,0
ood_combo,DS02,11,57,LPC_eff_mod,8,0,0,-0.0085545340606437,0,1,0,1,3,3,0.141512403257729,0
ood_combo,DS02,11,57,LPC_flow_mod,9,0,0,-0.000414064187059702,0,0,0,0,3,3,0.141512403257729,0
ood_combo,DS02,11,58,HPT_eff_mod,1,0,-0.579716646843228,-0.533369155518159,1,1,3,3,3,3,0.246070495170803,0
ood_combo,DS02,11,58,fan_eff_mod,2,0,0,-0.0013223908481084,0,0,0,0,3,3,0.246070495170803,0
ood_combo,DS02,11,58,fan_flow_mod,3,0,0,-0.00145510433789983,0,0,0,0,3,3,0.246070495170803,0
ood_combo,DS02,11,58,HPC_eff_mod,4,0,0,-0,0,0,0,0,3,3,0.246070495170803,0
ood_combo,DS02,11,58,HPC_flow_mod,5,0,0,-0.00390433367667684,0,0,0,0,3,3,0.246070495170803,0
ood_combo,DS02,11,58,LPT_eff_mod,6,0,-0.114079350336754,-0.135535967792727,1,1,2,2,3,3,0.246070495170803,0
ood_combo,DS02,11,58,LPT_flow_mod,7,0,-0.320106596344902,-0.423712141443985,1,1,3,3,3,3,0.246070495170803,0
ood_combo,DS02,11,58,LPC_eff_mod,8,0,0,-0.0085545340606437,0,1,0,1,3,3,0.246070495170803,0
ood_combo,DS02,11,58,LPC_flow_mod,9,0,0,-0.000414064187059702,0,0,0,0,3,3,0.246070495170803,0
ood_combo,DS02,11,59,HPT_eff_mod,1,0,-0.633325864533655,-0.544432063202558,1,1,3,3,3,3,0.209536587916574,0
ood_combo,DS02,11,59,fan_eff_mod,2,0,0,-0.00224079878582543,0,0,0,0,3,3,0.209536587916574,0
ood_combo,DS02,11,59,fan_flow_mod,3,0,0,-0.00388359673072283,0,0,0,0,3,3,0.209536587916574,0
ood_combo,DS02,11,59,HPC_eff_mod,4,0,0,-0.00267181429389284,0,0,0,0,3,3,0.209536587916574,0
ood_combo,DS02,11,59,HPC_flow_mod,5,0,0,-0.00390433367667684,0,0,0,0,3,3,0.209536587916574,0
ood_combo,DS02,11,59,LPT_eff_mod,6,0,-0.121719777852029,-0.135535967792727,1,1,2,2,3,3,0.209536587916574,0
ood_combo,DS02,11,59,LPT_flow_mod,7,0,-0.351087939350381,-0.437095620438642,1,1,3,3,3,3,0.209536587916574,0
ood_combo,DS02,11,59,LPC_eff_mod,8,0,0,-0.0085545340606437,0,1,0,1,3,3,0.209536587916574,0
ood_combo,DS02,11,59,LPC_flow_mod,9,0,0,-0.0394841972744723,0,0,0,0,3,3,0.209536587916574,0
ood_combo,DS02,14,1,HPT_eff_mod,1,1,-0.00124471493296571,-0,0,0,0,0,0,0,0.152480372707772,0
ood_combo,DS02,14,1,fan_eff_mod,2,1,0,-0,0,0,0,0,0,0,0.152480372707772,0
ood_combo,DS02,14,1,fan_flow_mod,3,1,0,-0,0,0,0,0,0,0,0.152480372707772,0
ood_combo,DS02,14,1,HPC_eff_mod,4,1,0,-0,0,0,0,0,0,0,0.152480372707772,0
ood_combo,DS02,14,1,HPC_flow_mod,5,1,0,-0,0,0,0,0,0,0,0.152480372707772,0
ood_combo,DS02,14,1,LPT_eff_mod,6,1,0.00108970190566666,-0,0,0,0,0,0,0,0.152480372707772,0
ood_combo,DS02,14,1,LPT_flow_mod,7,1,-0.00370688783967513,-0,0,0,0,0,0,0,0.152480372707772,0
ood_combo,DS02,14,1,LPC_eff_mod,8,1,0,-0,0,0,0,0,0,0,0.152480372707772,0
ood_combo,DS02,14,1,LPC_flow_mod,9,1,0,-0,0,0,0,0,0,0,0.152480372707772,0
ood_combo,DS02,14,2,HPT_eff_mod,1,1,-0.00460150648652801,-0,0,0,0,0,0,0,0.108694149025745,0
ood_combo,DS02,14,2,fan_eff_mod,2,1,0,-0,0,0,0,0,0,0,0.108694149025745,0
ood_combo,DS02,14,2,fan_flow_mod,3,1,0,-0,0,0,0,0,0,0,0.108694149025745,0
ood_combo,DS02,14,2,HPC_eff_mod,4,1,0,-0,0,0,0,0,0,0,0.108694149025745,0
ood_combo,DS02,14,2,HPC_flow_mod,5,1,0,-0,0,0,0,0,0,0,0.108694149025745,0
ood_combo,DS02,14,2,LPT_eff_mod,6,1,-0.00253798751690675,-0,0,0,0,0,0,0,0.108694149025745,0
ood_combo,DS02,14,2,LPT_flow_mod,7,1,0.00275207771038021,-0.000530594021737677,0,0,0,0,0,0,0.108694149025745,0
ood_combo,DS02,14,2,LPC_eff_mod,8,1,0,-0,0,0,0,0,0,0,0.108694149025745,0
ood_combo,DS02,14,2,LPC_flow_mod,9,1,0,-0,0,0,0,0,0,0,0.108694149025745,0
ood_combo,DS02,14,3,HPT_eff_mod,1,1,0.00584622141949299,-0,0,0,0,0,0,0,0.203580303869596,0
ood_combo,DS02,14,3,fan_eff_mod,2,1,0,-0,0,0,0,0,0,0,0.203580303869596,0
ood_combo,DS02,14,3,fan_flow_mod,3,1,0,-0.000470681209376508,0,0,0,0,0,0,0.203580303869596,0
ood_combo,DS02,14,3,HPC_eff_mod,4,1,0,-0,0,0,0,0,0,0,0.203580303869596,0
ood_combo,DS02,14,3,HPC_flow_mod,5,1,0,-0,0,0,0,0,0,0,0.203580303869596,0
ood_combo,DS02,14,3,LPT_eff_mod,6,1,0.0014482856112409,-0,0,0,0,0,0,0,0.203580303869596,0
ood_combo,DS02,14,3,LPT_flow_mod,7,1,0.000954810129294695,-0.000530594021737677,0,0,0,0,0,0,0.203580303869596,0
ood_combo,DS02,14,3,LPC_eff_mod,8,1,0,-0,0,0,0,0,0,0,0.203580303869596,0
ood_combo,DS02,14,3,LPC_flow_mod,9,1,0,-0,0,0,0,0,0,0,0.203580303869596,0
ood_combo,DS02,14,4,HPT_eff_mod,1,1,0.0023901841496012,-0,0,0,0,0,0,0,0.125108103148039,0
ood_combo,DS02,14,4,fan_eff_mod,2,1,0,-0,0,0,0,0,0,0,0.125108103148039,0
ood_combo,DS02,14,4,fan_flow_mod,3,1,0,-0.000470681209376508,0,0,0,0,0,0,0.125108103148039,0
ood_combo,DS02,14,4,HPC_eff_mod,4,1,0,-0,0,0,0,0,0,0,0.125108103148039,0
ood_combo,DS02,14,4,HPC_flow_mod,5,1,0,-0,0,0,0,0,0,0,0.125108103148039,0
ood_combo,DS02,14,4,LPT_eff_mod,6,1,-0.00343800969460278,-0,0,0,0,0,0,0,0.125108103148039,0
ood_combo,DS02,14,4,LPT_flow_mod,7,1,-0.00933017338640988,-0.00646831767505906,0,0,0,0,0,0,0.125108103148039,0
ood_combo,DS02,14,4,LPC_eff_mod,8,1,0,-0,0,0,0,0,0,0,0.125108103148039,0
ood_combo,DS02,14,4,LPC_flow_mod,9,1,0,-0,0,0,0,0,0,0,0.125108103148039,0
ood_combo,DS02,14,5,HPT_eff_mod,1,1,0.00533653718662707,-0,0,0,0,0,0,0,0.16279255425681,0
ood_combo,DS02,14,5,fan_eff_mod,2,1,0,-0,0,0,0,0,0,0,0.16279255425681,0
ood_combo,DS02,14,5,fan_flow_mod,3,1,0,-0.000470681209376508,0,0,0,0,0,0,0.16279255425681,0
ood_combo,DS02,14,5,HPC_eff_mod,4,1,0,-0,0,0,0,0,0,0,0.16279255425681,0
ood_combo,DS02,14,5,HPC_flow_mod,5,1,0,-0,0,0,0,0,0,0,0.16279255425681,0
ood_combo,DS02,14,5,LPT_eff_mod,6,1,-0.00434663472556904,-0,0,0,0,0,0,0,0.16279255425681,0
ood_combo,DS02,14,5,LPT_flow_mod,7,1,-0.00937983150402389,-0.00646831767505906,0,0,0,0,0,0,0.16279255425681,0
ood_combo,DS02,14,5,LPC_eff_mod,8,1,0,-0,0,0,0,0,0,0,0.16279255425681,0
ood_combo,DS02,14,5,LPC_flow_mod,9,1,0,-0,0,0,0,0,0,0,0.16279255425681,0
ood_combo,DS02,14,6,HPT_eff_mod,1,1,-0.0083049316727261,-0,0,0,0,0,0,0,0.24590388626786,0
ood_combo,DS02,14,6,fan_eff_mod,2,1,0,-0,0,0,0,0,0,0,0.24590388626786,0
ood_combo,DS02,14,6,fan_flow_mod,3,1,0,-0.000470681209376508,0,0,0,0,0,0,0.24590388626786,0
ood_combo,DS02,14,6,HPC_eff_mod,4,1,0,-0,0,0,0,0,0,0,0.24590388626786,0
ood_combo,DS02,14,6,HPC_flow_mod,5,1,0,-0,0,0,0,0,0,0,0.24590388626786,0
ood_combo,DS02,14,6,LPT_eff_mod,6,1,-0.000395024311490378,-0,0,0,0,0,0,0,0.24590388626786,0
ood_combo,DS02,14,6,LPT_flow_mod,7,1,-0.00586665617947873,-0.00646831767505906,0,0,0,0,0,0,0.24590388626786,0
ood_combo,DS02,14,6,LPC_eff_mod,8,1,0,-0,0,0,0,0,0,0,0.24590388626786,0
ood_combo,DS02,14,6,LPC_flow_mod,9,1,0,-0,0,0,0,0,0,0,0.24590388626786,0
ood_combo,DS02,14,7,HPT_eff_mod,1,1,-0.000778805186035188,-0,0,0,0,0,0,0,0.126363157655804,0
ood_combo,DS02,14,7,fan_eff_mod,2,1,0,-0,0,0,0,0,0,0,0.126363157655804,0
ood_combo,DS02,14,7,fan_flow_mod,3,1,0,-0.000470681209376508,0,0,0,0,0,0,0.126363157655804,0
ood_combo,DS02,14,7,HPC_eff_mod,4,1,0,-0,0,0,0,0,0,0,0.126363157655804,0
ood_combo,DS02,14,7,HPC_flow_mod,5,1,0,-0,0,0,0,0,0,0,0.126363157655804,0
ood_combo,DS02,14,7,LPT_eff_mod,6,1,-0.00039277768846117,-0,0,0,0,0,0,0,0.126363157655804,0
ood_combo,DS02,14,7,LPT_flow_mod,7,1,-0.00733562805419397,-0.00646831767505906,0,0,0,0,0,0,0.126363157655804,0
ood_combo,DS02,14,7,LPC_eff_mod,8,1,0,-0,0,0,0,0,0,0,0.126363157655804,0
ood_combo,DS02,14,7,LPC_flow_mod,9,1,0,-0,0,0,0,0,0,0,0.126363157655804,0
ood_combo,DS02,14,8,HPT_eff_mod,1,1,0.00568199188357565,-0,0,0,0,0,0,0,0.207438553971083,0
ood_combo,DS02,14,8,fan_eff_mod,2,1,0,-0,0,0,0,0,0,0,0.207438553971083,0
ood_combo,DS02,14,8,fan_flow_mod,3,1,0,-0.000470681209376508,0,0,0,0,0,0,0.207438553971083,0
ood_combo,DS02,14,8,HPC_eff_mod,4,1,0,-0,0,0,0,0,0,0,0.207438553971083,0
ood_combo,DS02,14,8,HPC_flow_mod,5,1,0,-0,0,0,0,0,0,0,0.207438553971083,0
ood_combo,DS02,14,8,LPT_eff_mod,6,1,-0.00102726190000118,-0,0,0,0,0,0,0,0.207438553971083,0
ood_combo,DS02,14,8,LPT_flow_mod,7,1,-0.00634570663464398,-0.00646831767505906,0,0,0,0,0,0,0.207438553971083,0
ood_combo,DS02,14,8,LPC_eff_mod,8,1,0,-0,0,0,0,0,0,0,0.207438553971083,0
ood_combo,DS02,14,8,LPC_flow_mod,9,1,0,-0,0,0,0,0,0,0,0.207438553971083,0
ood_combo,DS02,14,9,HPT_eff_mod,1,1,-0.0032614373661238,-0,0,0,0,0,0,0,0.183459663472533,0
ood_combo,DS02,14,9,fan_eff_mod,2,1,0,-0,0,0,0,0,0,0,0.183459663472533,0
ood_combo,DS02,14,9,fan_flow_mod,3,1,0,-0.000470681209376508,0,0,0,0,0,0,0.183459663472533,0
ood_combo,DS02,14,9,HPC_eff_mod,4,1,0,-0,0,0,0,0,0,0,0.183459663472533,0
ood_combo,DS02,14,9,HPC_flow_mod,5,1,0,-0,0,0,0,0,0,0,0.183459663472533,0
ood_combo,DS02,14,9,LPT_eff_mod,6,1,0.000997804774404493,-0,0,0,0,0,0,0,0.183459663472533,0
ood_combo,DS02,14,9,LPT_flow_mod,7,1,-0.00904147562283376,-0.0163731099423122,0,0,0,0,0,0,0.183459663472533,0
ood_combo,DS02,14,9,LPC_eff_mod,8,1,0,-0,0,0,0,0,0,0,0.183459663472533,0
ood_combo,DS02,14,9,LPC_flow_mod,9,1,0,-0,0,0,0,0,0,0,0.183459663472533,0
ood_combo,DS02,14,10,HPT_eff_mod,1,1,-0.00986623039643919,-0,0,0,0,0,0,0,0.143161106563274,0
ood_combo,DS02,14,10,fan_eff_mod,2,1,0,-0,0,0,0,0,0,0,0.143161106563274,0
ood_combo,DS02,14,10,fan_flow_mod,3,1,0,-0.000470681209376508,0,0,0,0,0,0,0.143161106563274,0
ood_combo,DS02,14,10,HPC_eff_mod,4,1,0,-0,0,0,0,0,0,0,0.143161106563274,0
ood_combo,DS02,14,10,HPC_flow_mod,5,1,0,-0,0,0,0,0,0,0,0.143161106563274,0
ood_combo,DS02,14,10,LPT_eff_mod,6,1,-0.0055700466592523,-0,0,0,0,0,0,0,0.143161106563274,0
ood_combo,DS02,14,10,LPT_flow_mod,7,1,-0.00326289998337946,-0.0163731099423122,0,0,0,0,0,0,0.143161106563274,0
ood_combo,DS02,14,10,LPC_eff_mod,8,1,0,-0,0,0,0,0,0,0,0.143161106563274,0
ood_combo,DS02,14,10,LPC_flow_mod,9,1,0,-0,0,0,0,0,0,0,0.143161106563274,0
ood_combo,DS02,14,11,HPT_eff_mod,1,1,-0.00370130368309186,-0,0,0,0,0,0,0,0.219217944958189,0
ood_combo,DS02,14,11,fan_eff_mod,2,1,0,-0,0,0,0,0,0,0,0.219217944958189,0
ood_combo,DS02,14,11,fan_flow_mod,3,1,0,-0.000470681209376508,0,0,0,0,0,0,0.219217944958189,0
ood_combo,DS02,14,11,HPC_eff_mod,4,1,0,-0,0,0,0,0,0,0,0.219217944958189,0
ood_combo,DS02,14,11,HPC_flow_mod,5,1,0,-0,0,0,0,0,0,0,0.219217944958189,0
ood_combo,DS02,14,11,LPT_eff_mod,6,1,-0.00482504269598383,-0.00788802250421721,0,0,0,0,0,0,0.219217944958189,0
ood_combo,DS02,14,11,LPT_flow_mod,7,1,-0.00632837218381425,-0.0163731099423122,0,0,0,0,0,0,0.219217944958189,0
ood_combo,DS02,14,11,LPC_eff_mod,8,1,0,-0,0,0,0,0,0,0,0.219217944958189,0
ood_combo,DS02,14,11,LPC_flow_mod,9,1,0,-0,0,0,0,0,0,0,0.219217944958189,0
ood_combo,DS02,14,12,HPT_eff_mod,1,1,-0.00362569653738782,-0,0,0,0,0,0,0,0.167291068261471,0
ood_combo,DS02,14,12,fan_eff_mod,2,1,0,-0,0,0,0,0,0,0,0.167291068261471,0
ood_combo,DS02,14,12,fan_flow_mod,3,1,0,-0.000470681209376508,0,0,0,0,0,0,0.167291068261471,0
ood_combo,DS02,14,12,HPC_eff_mod,4,1,0,-0,0,0,0,0,0,0,0.167291068261471,0
ood_combo,DS02,14,12,HPC_flow_mod,5,1,0,-0,0,0,0,0,0,0,0.167291068261471,0
ood_combo,DS02,14,12,LPT_eff_mod,6,1,-0.00596022581411427,-0.00788802250421721,0,0,0,0,0,0,0.167291068261471,0
ood_combo,DS02,14,12,LPT_flow_mod,7,1,-0.00876468154472454,-0.0179504235990749,0,0,0,0,0,0,0.167291068261471,0
ood_combo,DS02,14,12,LPC_eff_mod,8,1,0,-0,0,0,0,0,0,0,0.167291068261471,0
ood_combo,DS02,14,12,LPC_flow_mod,9,1,0,-0,0,0,0,0,0,0,0.167291068261471,0
ood_combo,DS02,14,13,HPT_eff_mod,1,1,-0.0180482525181469,-0.00507949930413407,0,0,0,0,0,0,0.120687275048795,0
ood_combo,DS02,14,13,fan_eff_mod,2,1,0,-0,0,0,0,0,0,0,0.120687275048795,0
ood_combo,DS02,14,13,fan_flow_mod,3,1,0,-0.000470681209376508,0,0,0,0,0,0,0.120687275048795,0
ood_combo,DS02,14,13,HPC_eff_mod,4,1,0,-0,0,0,0,0,0,0,0.120687275048795,0
ood_combo,DS02,14,13,HPC_flow_mod,5,1,0,-0,0,0,0,0,0,0,0.120687275048795,0
ood_combo,DS02,14,13,LPT_eff_mod,6,1,-0.00677226992623382,-0.00788802250421721,0,0,0,0,0,0,0.120687275048795,0
ood_combo,DS02,14,13,LPT_flow_mod,7,1,-0.00929559644088505,-0.0179504235990749,0,0,0,0,0,0,0.120687275048795,0
ood_combo,DS02,14,13,LPC_eff_mod,8,1,0,-0,0,0,0,0,0,0,0.120687275048795,0
ood_combo,DS02,14,13,LPC_flow_mod,9,1,0,-0,0,0,0,0,0,0,0.120687275048795,0
ood_combo,DS02,14,14,HPT_eff_mod,1,1,-0.0163742732151059,-0.00507949930413407,0,0,0,0,0,0,0.204694858151822,0
ood_combo,DS02,14,14,fan_eff_mod,2,1,0,-0,0,0,0,0,0,0,0.204694858151822,0
ood_combo,DS02,14,14,fan_flow_mod,3,1,0,-0.000470681209376508,0,0,0,0,0,0,0.204694858151822,0
ood_combo,DS02,14,14,HPC_eff_mod,4,1,0,-0,0,0,0,0,0,0,0.204694858151822,0
ood_combo,DS02,14,14,HPC_flow_mod,5,1,0,-0,0,0,0,0,0,0,0.204694858151822,0
ood_combo,DS02,14,14,LPT_eff_mod,6,1,-0.00777974715421744,-0.0152656199062788,0,0,0,0,0,0,0.204694858151822,0
ood_combo,DS02,14,14,LPT_flow_mod,7,1,-0.0131708954643859,-0.0179504235990749,0,0,0,0,0,0,0.204694858151822,0
ood_combo,DS02,14,14,LPC_eff_mod,8,1,0,-0,0,0,0,0,0,0,0.204694858151822,0
ood_combo,DS02,14,14,LPC_flow_mod,9,1,0,-0,0,0,0,0,0,0,0.204694858151822,0
ood_combo,DS02,14,15,HPT_eff_mod,1,1,-0.0173701957335005,-0.00507949930413407,0,0,0,0,0,0,0.142585053306712,0
ood_combo,DS02,14,15,fan_eff_mod,2,1,0,-0,0,0,0,0,0,0,0.142585053306712,0
ood_combo,DS02,14,15,fan_flow_mod,3,1,0,-0.000470681209376508,0,0,0,0,0,0,0.142585053306712,0
ood_combo,DS02,14,15,HPC_eff_mod,4,1,0,-0,0,0,0,0,0,0,0.142585053306712,0
ood_combo,DS02,14,15,HPC_flow_mod,5,1,0,-0,0,0,0,0,0,0,0.142585053306712,0
ood_combo,DS02,14,15,LPT_eff_mod,6,1,-0.00599931618537318,-0.0152656199062788,0,0,0,0,0,0,0.142585053306712,0
ood_combo,DS02,14,15,LPT_flow_mod,7,1,-0.0152738368553827,-0.0179504235990749,0,0,0,0,0,0,0.142585053306712,0
ood_combo,DS02,14,15,LPC_eff_mod,8,1,0,-0,0,0,0,0,0,0,0.142585053306712,0
ood_combo,DS02,14,15,LPC_flow_mod,9,1,0,-0,0,0,0,0,0,0,0.142585053306712,0
ood_combo,DS02,14,16,HPT_eff_mod,1,1,-0.000720363288097589,-0.00507949930413407,0,0,0,0,0,0,0.0769065529138322,0
ood_combo,DS02,14,16,fan_eff_mod,2,1,0,-0,0,0,0,0,0,0,0.0769065529138322,0
ood_combo,DS02,14,16,fan_flow_mod,3,1,0,-0.000470681209376508,0,0,0,0,0,0,0.0769065529138322,0
ood_combo,DS02,14,16,HPC_eff_mod,4,1,0,-0,0,0,0,0,0,0,0.0769065529138322,0
ood_combo,DS02,14,16,HPC_flow_mod,5,1,0,-0,0,0,0,0,0,0,0.0769065529138322,0
ood_combo,DS02,14,16,LPT_eff_mod,6,1,-0.00942429965840067,-0.0152656199062788,0,0,0,0,0,0,0.0769065529138322,0
ood_combo,DS02,14,16,LPT_flow_mod,7,1,-0.013908050987317,-0.0179504235990749,0,0,0,0,0,0,0.0769065529138322,0
ood_combo,DS02,14,16,LPC_eff_mod,8,1,0,-0,0,0,0,0,0,0,0.0769065529138322,0
ood_combo,DS02,14,16,LPC_flow_mod,9,1,0,-0,0,0,0,0,0,0,0.0769065529138322,0
ood_combo,DS02,14,17,HPT_eff_mod,1,1,-0.0085422872553468,-0.00507949930413407,0,1,0,1,0,1,0.20413966148807,0
ood_combo,DS02,14,17,fan_eff_mod,2,1,0,-0,0,0,0,0,0,1,0.20413966148807,0
ood_combo,DS02,14,17,fan_flow_mod,3,1,0,-0.000470681209376508,0,0,0,0,0,1,0.20413966148807,0
ood_combo,DS02,14,17,HPC_eff_mod,4,1,0,-0,0,0,0,0,0,1,0.20413966148807,0
ood_combo,DS02,14,17,HPC_flow_mod,5,1,0,-0,0,0,0,0,0,1,0.20413966148807,0
ood_combo,DS02,14,17,LPT_eff_mod,6,1,-0.0054069188722286,-0.0152656199062788,0,0,0,0,0,1,0.20413966148807,0
ood_combo,DS02,14,17,LPT_flow_mod,7,1,-0.0156977578616591,-0.019590395620024,0,0,0,0,0,1,0.20413966148807,0
ood_combo,DS02,14,17,LPC_eff_mod,8,1,0,-0,0,0,0,0,0,1,0.20413966148807,0
ood_combo,DS02,14,17,LPC_flow_mod,9,1,0,-0,0,0,0,0,0,1,0.20413966148807,0
ood_combo,DS02,14,18,HPT_eff_mod,1,1,-0.0189029774291353,-0.00507949930413407,0,1,0,1,0,1,0.230569339713451,0
ood_combo,DS02,14,18,fan_eff_mod,2,1,0,-0,0,0,0,0,0,1,0.230569339713451,0
ood_combo,DS02,14,18,fan_flow_mod,3,1,0,-0.000470681209376508,0,0,0,0,0,1,0.230569339713451,0
ood_combo,DS02,14,18,HPC_eff_mod,4,1,0,-0,0,0,0,0,0,1,0.230569339713451,0
ood_combo,DS02,14,18,HPC_flow_mod,5,1,0,-0,0,0,0,0,0,1,0.230569339713451,0
ood_combo,DS02,14,18,LPT_eff_mod,6,1,-0.0135256731597075,-0.0152656199062788,0,0,0,0,0,1,0.230569339713451,0
ood_combo,DS02,14,18,LPT_flow_mod,7,1,-0.00775106861749539,-0.019590395620024,0,0,0,0,0,1,0.230569339713451,0
ood_combo,DS02,14,18,LPC_eff_mod,8,1,0,-0,0,0,0,0,0,1,0.230569339713451,0
ood_combo,DS02,14,18,LPC_flow_mod,9,1,0,-0,0,0,0,0,0,1,0.230569339713451,0
ood_combo,DS02,14,19,HPT_eff_mod,1,1,-0.0175829948621013,-0.00507949930413407,0,1,0,1,0,1,0.214516632778061,0
ood_combo,DS02,14,19,fan_eff_mod,2,1,0,-0,0,0,0,0,0,1,0.214516632778061,0
ood_combo,DS02,14,19,fan_flow_mod,3,1,0,-0.000470681209376508,0,0,0,0,0,1,0.214516632778061,0
ood_combo,DS02,14,19,HPC_eff_mod,4,1,0,-0,0,0,0,0,0,1,0.214516632778061,0
ood_combo,DS02,14,19,HPC_flow_mod,5,1,0,-0,0,0,0,0,0,1,0.214516632778061,0
ood_combo,DS02,14,19,LPT_eff_mod,6,1,-0.00583703428771873,-0.0152656199062788,0,0,0,0,0,1,0.214516632778061,0
ood_combo,DS02,14,19,LPT_flow_mod,7,1,-0.00814199675235794,-0.0229018186450742,0,0,0,0,0,1,0.214516632778061,0
ood_combo,DS02,14,19,LPC_eff_mod,8,1,0,-0,0,0,0,0,0,1,0.214516632778061,0
ood_combo,DS02,14,19,LPC_flow_mod,9,1,0,-0,0,0,0,0,0,1,0.214516632778061,0
ood_combo,DS02,14,20,HPT_eff_mod,1,1,-0.0168936331461585,-0.00507949930413407,0,1,0,1,0,1,0.242840988965831,0
ood_combo,DS02,14,20,fan_eff_mod,2,1,0,-0,0,0,0,0,0,1,0.242840988965831,0
ood_combo,DS02,14,20,fan_flow_mod,3,1,0,-0.000470681209376508,0,0,0,0,0,1,0.242840988965831,0
ood_combo,DS02,14,20,HPC_eff_mod,4,1,0,-0,0,0,0,0,0,1,0.242840988965831,0
ood_combo,DS02,14,20,HPC_flow_mod,5,1,0,-0,0,0,0,0,0,1,0.242840988965831,0
ood_combo,DS02,14,20,LPT_eff_mod,6,1,-0.0138386807772064,-0.0152656199062788,0,0,0,0,0,1,0.242840988965831,0
ood_combo,DS02,14,20,LPT_flow_mod,7,1,-0.0161833701523215,-0.0229018186450742,0,0,0,0,0,1,0.242840988965831,0
ood_combo,DS02,14,20,LPC_eff_mod,8,1,0,-0,0,0,0,0,0,1,0.242840988965831,0
ood_combo,DS02,14,20,LPC_flow_mod,9,1,0,-0,0,0,0,0,0,1,0.242840988965831,0
ood_combo,DS02,14,21,HPT_eff_mod,1,1,-0.0202325249759994,-0.00507949930413407,0,1,0,1,0,1,0.207851792953335,0
ood_combo,DS02,14,21,fan_eff_mod,2,1,0,-0,0,0,0,0,0,1,0.207851792953335,0
ood_combo,DS02,14,21,fan_flow_mod,3,1,0,-0.000470681209376508,0,0,0,0,0,1,0.207851792953335,0
ood_combo,DS02,14,21,HPC_eff_mod,4,1,0,-0,0,0,0,0,0,1,0.207851792953335,0
ood_combo,DS02,14,21,HPC_flow_mod,5,1,0,-0,0,0,0,0,0,1,0.207851792953335,0
ood_combo,DS02,14,21,LPT_eff_mod,6,1,-0.0072685809449888,-0.0152656199062788,0,0,0,0,0,1,0.207851792953335,0
ood_combo,DS02,14,21,LPT_flow_mod,7,1,-0.00989445425926571,-0.025504386881229,0,0,0,0,0,1,0.207851792953335,0
ood_combo,DS02,14,21,LPC_eff_mod,8,1,0,-0,0,0,0,0,0,1,0.207851792953335,0
ood_combo,DS02,14,21,LPC_flow_mod,9,1,0,-0,0,0,0,0,0,1,0.207851792953335,0
ood_combo,DS02,14,22,HPT_eff_mod,1,1,-0.020663720087885,-0.00507949930413407,0,1,0,1,0,1,0.205850812627823,0
ood_combo,DS02,14,22,fan_eff_mod,2,1,0,-0,0,0,0,0,0,1,0.205850812627823,0
ood_combo,DS02,14,22,fan_flow_mod,3,1,0,-0.000470681209376508,0,0,0,0,0,1,0.205850812627823,0
ood_combo,DS02,14,22,HPC_eff_mod,4,1,0,-0,0,0,0,0,0,1,0.205850812627823,0
ood_combo,DS02,14,22,HPC_flow_mod,5,1,0,-0,0,0,0,0,0,1,0.205850812627823,0
ood_combo,DS02,14,22,LPT_eff_mod,6,1,-0.0118466456377351,-0.0152656199062788,0,0,0,0,0,1,0.205850812627823,0
ood_combo,DS02,14,22,LPT_flow_mod,7,1,-0.0142182041024512,-0.025504386881229,0,0,0,0,0,1,0.205850812627823,0
ood_combo,DS02,14,22,LPC_eff_mod,8,1,0,-0,0,0,0,0,0,1,0.205850812627823,0
ood_combo,DS02,14,22,LPC_flow_mod,9,1,0,-0,0,0,0,0,0,1,0.205850812627823,0
ood_combo,DS02,14,23,HPT_eff_mod,1,1,-0.0088493181776611,-0.00507949930413407,0,1,0,1,0,1,0.193898653151206,0
ood_combo,DS02,14,23,fan_eff_mod,2,1,0,-0,0,0,0,0,0,1,0.193898653151206,0
ood_combo,DS02,14,23,fan_flow_mod,3,1,0,-0.000470681209376508,0,0,0,0,0,1,0.193898653151206,0
ood_combo,DS02,14,23,HPC_eff_mod,4,1,0,-0,0,0,0,0,0,1,0.193898653151206,0
ood_combo,DS02,14,23,HPC_flow_mod,5,1,0,-0,0,0,0,0,0,1,0.193898653151206,0
ood_combo,DS02,14,23,LPT_eff_mod,6,1,-0.00846439503975639,-0.0194856061983729,0,0,0,0,0,1,0.193898653151206,0
ood_combo,DS02,14,23,LPT_flow_mod,7,1,-0.0164750863665394,-0.025504386881229,0,0,0,0,0,1,0.193898653151206,0
ood_combo,DS02,14,23,LPC_eff_mod,8,1,0,-0,0,0,0,0,0,1,0.193898653151206,0
ood_combo,DS02,14,23,LPC_flow_mod,9,1,0,-0,0,0,0,0,0,1,0.193898653151206,0
ood_combo,DS02,14,24,HPT_eff_mod,1,1,-0.0243016867984576,-0.00507949930413407,0,1,0,1,0,1,0.175415831653787,0
ood_combo,DS02,14,24,fan_eff_mod,2,1,0,-0,0,0,0,0,0,1,0.175415831653787,0
ood_combo,DS02,14,24,fan_flow_mod,3,1,0,-0.000470681209376508,0,0,0,0,0,1,0.175415831653787,0
ood_combo,DS02,14,24,HPC_eff_mod,4,1,0,-0,0,0,0,0,0,1,0.175415831653787,0
ood_combo,DS02,14,24,HPC_flow_mod,5,1,0,-0,0,0,0,0,0,1,0.175415831653787,0
ood_combo,DS02,14,24,LPT_eff_mod,6,1,-0.00679767642615817,-0.0194856061983729,0,0,0,0,0,1,0.175415831653787,0
ood_combo,DS02,14,24,LPT_flow_mod,7,1,-0.010138063687865,-0.0342897833502876,0,0,0,0,0,1,0.175415831653787,0
ood_combo,DS02,14,24,LPC_eff_mod,8,1,0,-0,0,0,0,0,0,1,0.175415831653787,0
ood_combo,DS02,14,24,LPC_flow_mod,9,1,0,-0,0,0,0,0,0,1,0.175415831653787,0
ood_combo,DS02,14,25,HPT_eff_mod,1,1,-0.0311807102249393,-0.00507949930413407,0,1,0,1,0,1,0.165424847977931,0
ood_combo,DS02,14,25,fan_eff_mod,2,1,0,-0,0,0,0,0,0,1,0.165424847977931,0
ood_combo,DS02,14,25,fan_flow_mod,3,1,0,-0.000470681209376508,0,0,0,0,0,1,0.165424847977931,0
ood_combo,DS02,14,25,HPC_eff_mod,4,1,0,-0,0,0,0,0,0,1,0.165424847977931,0
ood_combo,DS02,14,25,HPC_flow_mod,5,1,0,-0,0,0,0,0,0,1,0.165424847977931,0
ood_combo,DS02,14,25,LPT_eff_mod,6,1,-0.00676015578359918,-0.0198460166085108,0,0,0,0,0,1,0.165424847977931,0
ood_combo,DS02,14,25,LPT_flow_mod,7,1,-0.0174207908693515,-0.0342897833502876,0,0,0,0,0,1,0.165424847977931,0
ood_combo,DS02,14,25,LPC_eff_mod,8,1,0,-0,0,0,0,0,0,1,0.165424847977931,0
ood_combo,DS02,14,25,LPC_flow_mod,9,1,0,-0,0,0,0,0,0,1,0.165424847977931,0
ood_combo,DS02,14,26,HPT_eff_mod,1,1,-0.0230612348067001,-0.00507949930413407,0,1,0,1,0,1,0.181733314644634,0
ood_combo,DS02,14,26,fan_eff_mod,2,1,0,-0,0,0,0,0,0,1,0.181733314644634,0
ood_combo,DS02,14,26,fan_flow_mod,3,1,0,-0.000470681209376508,0,0,0,0,0,1,0.181733314644634,0
ood_combo,DS02,14,26,HPC_eff_mod,4,1,0,-0,0,0,0,0,0,1,0.181733314644634,0
ood_combo,DS02,14,26,HPC_flow_mod,5,1,0,-0,0,0,0,0,0,1,0.181733314644634,0
ood_combo,DS02,14,26,LPT_eff_mod,6,1,-0.0121703534335944,-0.0198460166085108,0,0,0,0,0,1,0.181733314644634,0
ood_combo,DS02,14,26,LPT_flow_mod,7,1,-0.0148955589324262,-0.0342897833502876,0,0,0,0,0,1,0.181733314644634,0
ood_combo,DS02,14,26,LPC_eff_mod,8,1,0,-0,0,0,0,0,0,1,0.181733314644634,0
ood_combo,DS02,14,26,LPC_flow_mod,9,1,0,-0,0,0,0,0,0,1,0.181733314644634,0
ood_combo,DS02,14,27,HPT_eff_mod,1,1,-0.019749223143801,-0.00507949930413407,0,1,0,1,0,1,0.212252909167741,0
ood_combo,DS02,14,27,fan_eff_mod,2,1,0,-0,0,0,0,0,0,1,0.212252909167741,0
ood_combo,DS02,14,27,fan_flow_mod,3,1,0,-0.000470681209376508,0,0,0,0,0,1,0.212252909167741,0
ood_combo,DS02,14,27,HPC_eff_mod,4,1,0,-0,0,0,0,0,0,1,0.212252909167741,0
ood_combo,DS02,14,27,HPC_flow_mod,5,1,0,-0,0,0,0,0,0,1,0.212252909167741,0
ood_combo,DS02,14,27,LPT_eff_mod,6,1,-0.0186084681362275,-0.0198460166085108,0,1,0,1,0,1,0.212252909167741,0
ood_combo,DS02,14,27,LPT_flow_mod,7,1,-0.012026964684104,-0.0342897833502876,0,0,0,0,0,1,0.212252909167741,0
ood_combo,DS02,14,27,LPC_eff_mod,8,1,0,-0,0,0,0,0,0,1,0.212252909167741,0
ood_combo,DS02,14,27,LPC_flow_mod,9,1,0,-0,0,0,0,0,0,1,0.212252909167741,0
ood_combo,DS02,14,28,HPT_eff_mod,1,1,-0.0247884466440313,-0.00507949930413407,0,1,0,1,0,1,0.22400459895716,0
ood_combo,DS02,14,28,fan_eff_mod,2,1,0,-0,0,0,0,0,0,1,0.22400459895716,0
ood_combo,DS02,14,28,fan_flow_mod,3,1,0,-0.000470681209376508,0,0,0,0,0,1,0.22400459895716,0
ood_combo,DS02,14,28,HPC_eff_mod,4,1,0,-0,0,0,0,0,0,1,0.22400459895716,0
ood_combo,DS02,14,28,HPC_flow_mod,5,1,0,-0,0,0,0,0,0,1,0.22400459895716,0
ood_combo,DS02,14,28,LPT_eff_mod,6,1,-0.0173436821648441,-0.022651108194937,0,1,0,1,0,1,0.22400459895716,0
ood_combo,DS02,14,28,LPT_flow_mod,7,1,-0.024201308541545,-0.0342897833502876,0,0,0,0,0,1,0.22400459895716,0
ood_combo,DS02,14,28,LPC_eff_mod,8,1,0,-0,0,0,0,0,0,1,0.22400459895716,0
ood_combo,DS02,14,28,LPC_flow_mod,9,1,0,-0,0,0,0,0,0,1,0.22400459895716,0
ood_combo,DS02,14,29,HPT_eff_mod,1,1,-0.0340447687014135,-0.00507949930413407,0,1,0,1,0,1,0.263436994462308,0
ood_combo,DS02,14,29,fan_eff_mod,2,1,0,-0,0,0,0,0,0,1,0.263436994462308,0
ood_combo,DS02,14,29,fan_flow_mod,3,1,0,-0.000470681209376508,0,0,0,0,0,1,0.263436994462308,0
ood_combo,DS02,14,29,HPC_eff_mod,4,1,0,-0,0,0,0,0,0,1,0.263436994462308,0
ood_combo,DS02,14,29,HPC_flow_mod,5,1,0,-0,0,0,0,0,0,1,0.263436994462308,0
ood_combo,DS02,14,29,LPT_eff_mod,6,1,-0.0114136253186159,-0.022651108194937,0,1,0,1,0,1,0.263436994462308,0
ood_combo,DS02,14,29,LPT_flow_mod,7,1,-0.0236072379375621,-0.0456651757291983,0,0,0,0,0,1,0.263436994462308,0
ood_combo,DS02,14,29,LPC_eff_mod,8,1,0,-0,0,0,0,0,0,1,0.263436994462308,0
ood_combo,DS02,14,29,LPC_flow_mod,9,1,0,-0,0,0,0,0,0,1,0.263436994462308,0
ood_combo,DS02,14,30,HPT_eff_mod,1,1,-0.018016211190378,-0.00507949930413407,0,1,0,1,0,1,0.0702645980968497,0
ood_combo,DS02,14,30,fan_eff_mod,2,1,0,-0,0,0,0,0,0,1,0.0702645980968497,0
ood_combo,DS02,14,30,fan_flow_mod,3,1,0,-0.000470681209376508,0,0,0,0,0,1,0.0702645980968497,0
ood_combo,DS02,14,30,HPC_eff_mod,4,1,0,-0,0,0,0,0,0,1,0.0702645980968497,0
ood_combo,DS02,14,30,HPC_flow_mod,5,1,0,-0,0,0,0,0,0,1,0.0702645980968497,0
ood_combo,DS02,14,30,LPT_eff_mod,6,1,-0.0121152939508642,-0.022651108194937,0,1,0,1,0,1,0.0702645980968497,0
ood_combo,DS02,14,30,LPT_flow_mod,7,1,-0.0244134004069935,-0.0456651757291983,0,0,0,0,0,1,0.0702645980968497,0
ood_combo,DS02,14,30,LPC_eff_mod,8,1,0,-0,0,0,0,0,0,1,0.0702645980968497,0
ood_combo,DS02,14,30,LPC_flow_mod,9,1,0,-0,0,0,0,0,0,1,0.0702645980968497,0
ood_combo,DS02,14,31,HPT_eff_mod,1,1,-0.0290705690569604,-0.00507949930413407,0,1,0,1,0,1,0.22428736039866,0
ood_combo,DS02,14,31,fan_eff_mod,2,1,0,-0,0,0,0,0,0,1,0.22428736039866,0
ood_combo,DS02,14,31,fan_flow_mod,3,1,0,-0.000470681209376508,0,0,0,0,0,1,0.22428736039866,0
ood_combo,DS02,14,31,HPC_eff_mod,4,1,0,-0,0,0,0,0,0,1,0.22428736039866,0
ood_combo,DS02,14,31,HPC_flow_mod,5,1,0,-0,0,0,0,0,0,1,0.22428736039866,0
ood_combo,DS02,14,31,LPT_eff_mod,6,1,-0.0132902339826358,-0.022651108194937,0,1,0,1,0,1,0.22428736039866,0
ood_combo,DS02,14,31,LPT_flow_mod,7,1,-0.025184129480623,-0.0456651757291983,0,0,0,0,0,1,0.22428736039866,0
ood_combo,DS02,14,31,LPC_eff_mod,8,1,0,-0,0,0,0,0,0,1,0.22428736039866,0
ood_combo,DS02,14,31,LPC_flow_mod,9,1,0,-0,0,0,0,0,0,1,0.22428736039866,0
ood_combo,DS02,14,32,HPT_eff_mod,1,1,-0.0269631532484791,-0.00507949930413407,0,1,0,1,0,1,0.291637693601034,0
ood_combo,DS02,14,32,fan_eff_mod,2,1,0,-0,0,0,0,0,0,1,0.291637693601034,0
ood_combo,DS02,14,32,fan_flow_mod,3,1,0,-0.000470681209376508,0,0,0,0,0,1,0.291637693601034,0
ood_combo,DS02,14,32,HPC_eff_mod,4,1,0,-0,0,0,0,0,0,1,0.291637693601034,0
ood_combo,DS02,14,32,HPC_flow_mod,5,1,0,-0,0,0,0,0,0,1,0.291637693601034,0
ood_combo,DS02,14,32,LPT_eff_mod,6,1,-0.0160913365050784,-0.022651108194937,0,1,0,1,0,1,0.291637693601034,0
ood_combo,DS02,14,32,LPT_flow_mod,7,1,-0.016352864947632,-0.0456651757291983,0,0,0,0,0,1,0.291637693601034,0
ood_combo,DS02,14,32,LPC_eff_mod,8,1,0,-0,0,0,0,0,0,1,0.291637693601034,0
ood_combo,DS02,14,32,LPC_flow_mod,9,1,0,-0,0,0,0,0,0,1,0.291637693601034,0
ood_combo,DS02,14,33,HPT_eff_mod,1,1,-0.0240140121682503,-0.00507949930413407,0,1,0,1,0,2,0.108270061415489,0
ood_combo,DS02,14,33,fan_eff_mod,2,1,0,-0,0,0,0,0,0,2,0.108270061415489,0
ood_combo,DS02,14,33,fan_flow_mod,3,1,0,-0.000470681209376508,0,0,0,0,0,2,0.108270061415489,0
ood_combo,DS02,14,33,HPC_eff_mod,4,1,0,-0,0,0,0,0,0,2,0.108270061415489,0
ood_combo,DS02,14,33,HPC_flow_mod,5,1,0,-0,0,0,0,0,0,2,0.108270061415489,0
ood_combo,DS02,14,33,LPT_eff_mod,6,1,-0.0188211550591097,-0.0232078260530038,0,1,0,1,0,2,0.108270061415489,0
ood_combo,DS02,14,33,LPT_flow_mod,7,1,-0.0254653638491842,-0.0456651757291983,0,1,0,2,0,2,0.108270061415489,0
ood_combo,DS02,14,33,LPC_eff_mod,8,1,0,-0,0,0,0,0,0,2,0.108270061415489,0
ood_combo,DS02,14,33,LPC_flow_mod,9,1,0,-0,0,0,0,0,0,2,0.108270061415489,0
ood_combo,DS02,14,34,HPT_eff_mod,1,1,-0.0359969902211601,-0.00507949930413407,0,1,0,1,0,2,0.276008851692436,0
ood_combo,DS02,14,34,fan_eff_mod,2,1,0,-0,0,0,0,0,0,2,0.276008851692436,0
ood_combo,DS02,14,34,fan_flow_mod,3,1,0,-0.000470681209376508,0,0,0,0,0,2,0.276008851692436,0
ood_combo,DS02,14,34,HPC_eff_mod,4,1,0,-0,0,0,0,0,0,2,0.276008851692436,0
ood_combo,DS02,14,34,HPC_flow_mod,5,1,0,-0,0,0,0,0,0,2,0.276008851692436,0
ood_combo,DS02,14,34,LPT_eff_mod,6,1,-0.021275570384373,-0.0232078260530038,0,1,0,1,0,2,0.276008851692436,0
ood_combo,DS02,14,34,LPT_flow_mod,7,1,-0.0220800007029,-0.0456651757291983,0,1,0,2,0,2,0.276008851692436,0
ood_combo,DS02,14,34,LPC_eff_mod,8,1,0,-0,0,0,0,0,0,2,0.276008851692436,0
ood_combo,DS02,14,34,LPC_flow_mod,9,1,0,-0,0,0,0,0,0,2,0.276008851692436,0
ood_combo,DS02,14,35,HPT_eff_mod,1,1,-0.0264064026298648,-0.00507949930413407,0,1,0,1,0,2,0.186588167255369,0
ood_combo,DS02,14,35,fan_eff_mod,2,1,0,-0,0,0,0,0,0,2,0.186588167255369,0
ood_combo,DS02,14,35,fan_flow_mod,3,1,0,-0.000470681209376508,0,0,0,0,0,2,0.186588167255369,0
ood_combo,DS02,14,35,HPC_eff_mod,4,1,0,-0,0,0,0,0,0,2,0.186588167255369,0
ood_combo,DS02,14,35,HPC_flow_mod,5,1,0,-0,0,0,0,0,0,2,0.186588167255369,0
ood_combo,DS02,14,35,LPT_eff_mod,6,1,-0.0150719967152439,-0.0232078260530038,0,1,0,1,0,2,0.186588167255369,0
ood_combo,DS02,14,35,LPT_flow_mod,7,1,-0.0213335377206534,-0.0501198540766807,0,1,0,2,0,2,0.186588167255369,0
ood_combo,DS02,14,35,LPC_eff_mod,8,1,0,-0,0,0,0,0,0,2,0.186588167255369,0
ood_combo,DS02,14,35,LPC_flow_mod,9,1,0,-0,0,0,0,0,0,2,0.186588167255369,0
ood_combo,DS02,14,36,HPT_eff_mod,1,0,-0.0225301667120552,-0.00507949930413407,1,1,1,1,2,2,0.158225849340357,0
ood_combo,DS02,14,36,fan_eff_mod,2,0,0,-0,0,0,0,0,2,2,0.158225849340357,0
ood_combo,DS02,14,36,fan_flow_mod,3,0,0,-0.000470681209376508,0,0,0,0,2,2,0.158225849340357,0
ood_combo,DS02,14,36,HPC_eff_mod,4,0,0,-0,0,0,0,0,2,2,0.158225849340357,0
ood_combo,DS02,14,36,HPC_flow_mod,5,0,0,-0,0,0,0,0,2,2,0.158225849340357,0
ood_combo,DS02,14,36,LPT_eff_mod,6,0,-0.0200052492130701,-0.0232078260530038,1,1,1,1,2,2,0.158225849340357,0
ood_combo,DS02,14,36,LPT_flow_mod,7,0,-0.028147629306861,-0.0501198540766807,1,1,2,2,2,2,0.158225849340357,0
ood_combo,DS02,14,36,LPC_eff_mod,8,0,0,-0,0,0,0,0,2,2,0.158225849340357,0
ood_combo,DS02,14,36,LPC_flow_mod,9,0,0,-0,0,0,0,0,2,2,0.158225849340357,0
ood_combo,DS02,14,37,HPT_eff_mod,1,0,-0.0268669817111178,-0.00507949930413407,1,1,1,1,2,2,0.209747348138412,0
ood_combo,DS02,14,37,fan_eff_mod,2,0,0,-0,0,0,0,0,2,2,0.209747348138412,0
ood_combo,DS02,14,37,fan_flow_mod,3,0,0,-0.000470681209376508,0,0,0,0,2,2,0.209747348138412,0
ood_combo,DS02,14,37,HPC_eff_mod,4,0,0,-0,0,0,0,0,2,2,0.209747348138412,0
ood_combo,DS02,14,37,HPC_flow_mod,5,0,0,-0,0,0,0,0,2,2,0.209747348138412,0
ood_combo,DS02,14,37,LPT_eff_mod,6,0,-0.0231622797711913,-0.0232078260530038,1,1,1,1,2,2,0.209747348138412,0
ood_combo,DS02,14,37,LPT_flow_mod,7,0,-0.0309375891310646,-0.0501198540766807,1,1,2,2,2,2,0.209747348138412,0
ood_combo,DS02,14,37,LPC_eff_mod,8,0,0,-0,0,0,0,0,2,2,0.209747348138412,0
ood_combo,DS02,14,37,LPC_flow_mod,9,0,0,-0,0,0,0,0,2,2,0.209747348138412,0
ood_combo,DS02,14,38,HPT_eff_mod,1,0,-0.0365352335233087,-0.00507949930413407,1,1,2,1,2,2,0.145548355961988,0
ood_combo,DS02,14,38,fan_eff_mod,2,0,0,-0,0,0,0,0,2,2,0.145548355961988,0
ood_combo,DS02,14,38,fan_flow_mod,3,0,0,-0.000470681209376508,0,0,0,0,2,2,0.145548355961988,0
ood_combo,DS02,14,38,HPC_eff_mod,4,0,0,-0,0,0,0,0,2,2,0.145548355961988,0
ood_combo,DS02,14,38,HPC_flow_mod,5,0,0,-0,0,0,0,0,2,2,0.145548355961988,0
ood_combo,DS02,14,38,LPT_eff_mod,6,0,-0.0258217993413579,-0.0232078260530038,1,1,1,1,2,2,0.145548355961988,0
ood_combo,DS02,14,38,LPT_flow_mod,7,0,-0.0164206153406876,-0.0501198540766807,1,1,2,2,2,2,0.145548355961988,0
ood_combo,DS02,14,38,LPC_eff_mod,8,0,0,-0,0,0,0,0,2,2,0.145548355961988,0
ood_combo,DS02,14,38,LPC_flow_mod,9,0,0,-0,0,0,0,0,2,2,0.145548355961988,0
ood_combo,DS02,14,39,HPT_eff_mod,1,0,-0.0315614334354128,-0.00507949930413407,1,1,2,1,2,2,0.175760475157495,0
ood_combo,DS02,14,39,fan_eff_mod,2,0,0,-0,0,0,0,0,2,2,0.175760475157495,0
ood_combo,DS02,14,39,fan_flow_mod,3,0,0,-0.000470681209376508,0,0,0,0,2,2,0.175760475157495,0
ood_combo,DS02,14,39,HPC_eff_mod,4,0,0,-0,0,0,0,0,2,2,0.175760475157495,0
ood_combo,DS02,14,39,HPC_flow_mod,5,0,0,-0,0,0,0,0,2,2,0.175760475157495,0
ood_combo,DS02,14,39,LPT_eff_mod,6,0,-0.0246824735205766,-0.0350405677080136,1,1,1,2,2,2,0.175760475157495,0
ood_combo,DS02,14,39,LPT_flow_mod,7,0,-0.0258680855647998,-0.0501198540766807,1,1,2,2,2,2,0.175760475157495,0
ood_combo,DS02,14,39,LPC_eff_mod,8,0,0,-0,0,0,0,0,2,2,0.175760475157495,0
ood_combo,DS02,14,39,LPC_flow_mod,9,0,0,-0,0,0,0,0,2,2,0.175760475157495,0
ood_combo,DS02,14,40,HPT_eff_mod,1,0,-0.0331335360309683,-0.00507949930413407,1,1,2,1,2,2,0.164268231241418,0
ood_combo,DS02,14,40,fan_eff_mod,2,0,0,-0,0,0,0,0,2,2,0.164268231241418,0
ood_combo,DS02,14,40,fan_flow_mod,3,0,0,-0.000470681209376508,0,0,0,0,2,2,0.164268231241418,0
ood_combo,DS02,14,40,HPC_eff_mod,4,0,0,-0,0,0,0,0,2,2,0.164268231241418,0
ood_combo,DS02,14,40,HPC_flow_mod,5,0,0,-0,0,0,0,0,2,2,0.164268231241418,0
ood_combo,DS02,14,40,LPT_eff_mod,6,0,-0.0183521971713587,-0.0350405677080136,1,1,1,2,2,2,0.164268231241418,0
ood_combo,DS02,14,40,LPT_flow_mod,7,0,-0.0383667307726007,-0.0628989401516828,1,1,2,2,2,2,0.164268231241418,0
ood_combo,DS02,14,40,LPC_eff_mod,8,0,0,-0,0,0,0,0,2,2,0.164268231241418,0
ood_combo,DS02,14,40,LPC_flow_mod,9,0,0,-0,0,0,0,0,2,2,0.164268231241418,0
ood_combo,DS02,14,41,HPT_eff_mod,1,0,-0.037775025451985,-0.00507949930413407,1,1,2,1,2,2,0.221019412109671,0
ood_combo,DS02,14,41,fan_eff_mod,2,0,0,-0,0,0,0,0,2,2,0.221019412109671,0
ood_combo,DS02,14,41,fan_flow_mod,3,0,0,-0.000470681209376508,0,0,0,0,2,2,0.221019412109671,0
ood_combo,DS02,14,41,HPC_eff_mod,4,0,0,-0,0,0,0,0,2,2,0.221019412109671,0
ood_combo,DS02,14,41,HPC_flow_mod,5,0,0,-0,0,0,0,0,2,2,0.221019412109671,0
ood_combo,DS02,14,41,LPT_eff_mod,6,0,-0.0289413927640277,-0.0350405677080136,1,1,2,2,2,2,0.221019412109671,0
ood_combo,DS02,14,41,LPT_flow_mod,7,0,-0.0429151739003392,-0.073272146893602,1,1,2,2,2,2,0.221019412109671,0
ood_combo,DS02,14,41,LPC_eff_mod,8,0,0,-0,0,0,0,0,2,2,0.221019412109671,0
ood_combo,DS02,14,41,LPC_flow_mod,9,0,0,-0,0,0,0,0,2,2,0.221019412109671,0
ood_combo,DS02,14,42,HPT_eff_mod,1,0,-0.0375806204666042,-0.00507949930413407,1,1,2,1,2,2,0.203995257242652,0
ood_combo,DS02,14,42,fan_eff_mod,2,0,0,-0,0,0,0,0,2,2,0.203995257242652,0
ood_combo,DS02,14,42,fan_flow_mod,3,0,0,-0.000470681209376508,0,0,0,0,2,2,0.203995257242652,0
ood_combo,DS02,14,42,HPC_eff_mod,4,0,0,-0,0,0,0,0,2,2,0.203995257242652,0
ood_combo,DS02,14,42,HPC_flow_mod,5,0,0,-0,0,0,0,0,2,2,0.203995257242652,0
ood_combo,DS02,14,42,LPT_eff_mod,6,0,-0.0277252059349306,-0.0448864622055362,1,1,2,2,2,2,0.203995257242652,0
ood_combo,DS02,14,42,LPT_flow_mod,7,0,-0.0408584352643653,-0.073272146893602,1,1,2,2,2,2,0.203995257242652,0
ood_combo,DS02,14,42,LPC_eff_mod,8,0,0,-0.00279951849765234,0,0,0,0,2,2,0.203995257242652,0
ood_combo,DS02,14,42,LPC_flow_mod,9,0,0,-0,0,0,0,0,2,2,0.203995257242652,0
ood_combo,DS02,14,43,HPT_eff_mod,1,0,-0.0366178577926868,-0.00507949930413407,1,1,2,1,2,2,0.208389076996491,0
ood_combo,DS02,14,43,fan_eff_mod,2,0,0,-0,0,0,0,0,2,2,0.208389076996491,0
ood_combo,DS02,14,43,fan_flow_mod,3,0,0,-0.000470681209376508,0,0,0,0,2,2,0.208389076996491,0
ood_combo,DS02,14,43,HPC_eff_mod,4,0,0,-0,0,0,0,0,2,2,0.208389076996491,0
ood_combo,DS02,14,43,HPC_flow_mod,5,0,0,-0,0,0,0,0,2,2,0.208389076996491,0
ood_combo,DS02,14,43,LPT_eff_mod,6,0,-0.0304394793481256,-0.0448864622055362,1,1,2,2,2,2,0.208389076996491,0
ood_combo,DS02,14,43,LPT_flow_mod,7,0,-0.041259934437786,-0.0748711180805515,1,1,2,2,2,2,0.208389076996491,0
ood_combo,DS02,14,43,LPC_eff_mod,8,0,0,-0.00279951849765234,0,0,0,0,2,2,0.208389076996491,0
ood_combo,DS02,14,43,LPC_flow_mod,9,0,0,-0,0,0,0,0,2,2,0.208389076996491,0
ood_combo,DS02,14,44,HPT_eff_mod,1,0,-0.0372751436011408,-0.00507949930413407,1,1,2,1,2,2,0.217839344080604,0
ood_combo,DS02,14,44,fan_eff_mod,2,0,0,-0,0,0,0,0,2,2,0.217839344080604,0
ood_combo,DS02,14,44,fan_flow_mod,3,0,0,-0.000470681209376508,0,0,0,0,2,2,0.217839344080604,0
ood_combo,DS02,14,44,HPC_eff_mod,4,0,0,-0,0,0,0,0,2,2,0.217839344080604,0
ood_combo,DS02,14,44,HPC_flow_mod,5,0,0,-0,0,0,0,0,2,2,0.217839344080604,0
ood_combo,DS02,14,44,LPT_eff_mod,6,0,-0.0336051368789885,-0.0527350882159905,1,1,2,2,2,2,0.217839344080604,0
ood_combo,DS02,14,44,LPT_flow_mod,7,0,-0.040923862414354,-0.0748711180805515,1,1,2,2,2,2,0.217839344080604,0
ood_combo,DS02,14,44,LPC_eff_mod,8,0,0,-0.00279951849765234,0,0,0,0,2,2,0.217839344080604,0
ood_combo,DS02,14,44,LPC_flow_mod,9,0,0,-0,0,0,0,0,2,2,0.217839344080604,0
ood_combo,DS02,14,45,HPT_eff_mod,1,0,-0.0507085022507364,-0.0077585820776359,1,1,2,1,2,2,0.200468462917693,0
ood_combo,DS02,14,45,fan_eff_mod,2,0,0,-0,0,0,0,0,2,2,0.200468462917693,0
ood_combo,DS02,14,45,fan_flow_mod,3,0,0,-0.000470681209376508,0,0,0,0,2,2,0.200468462917693,0
ood_combo,DS02,14,45,HPC_eff_mod,4,0,0,-0,0,0,0,0,2,2,0.200468462917693,0
ood_combo,DS02,14,45,HPC_flow_mod,5,0,0,-0,0,0,0,0,2,2,0.200468462917693,0
ood_combo,DS02,14,45,LPT_eff_mod,6,0,-0.0317247068055857,-0.0527350882159905,1,1,2,2,2,2,0.200468462917693,0
ood_combo,DS02,14,45,LPT_flow_mod,7,0,-0.04510669516671,-0.0980978532241405,1,1,2,2,2,2,0.200468462917693,0
ood_combo,DS02,14,45,LPC_eff_mod,8,0,0,-0.00279951849765234,0,0,0,0,2,2,0.200468462917693,0
ood_combo,DS02,14,45,LPC_flow_mod,9,0,0,-0,0,0,0,0,2,2,0.200468462917693,0
ood_combo,DS02,14,46,HPT_eff_mod,1,0,-0.0527508056503882,-0.0077585820776359,1,1,2,1,2,2,0.185127454388616,0
ood_combo,DS02,14,46,fan_eff_mod,2,0,0,-0,0,0,0,0,2,2,0.185127454388616,0
ood_combo,DS02,14,46,fan_flow_mod,3,0,0,-0.000470681209376508,0,0,0,0,2,2,0.185127454388616,0
ood_combo,DS02,14,46,HPC_eff_mod,4,0,0,-0,0,0,0,0,2,2,0.185127454388616,0
ood_combo,DS02,14,46,HPC_flow_mod,5,0,0,-0,0,0,0,0,2,2,0.185127454388616,0
ood_combo,DS02,14,46,LPT_eff_mod,6,0,-0.0365351300883944,-0.0574560334384824,1,1,2,2,2,2,0.185127454388616,0
ood_combo,DS02,14,46,LPT_flow_mod,7,0,-0.0570647196714271,-0.0980978532241405,1,1,2,2,2,2,0.185127454388616,0
ood_combo,DS02,14,46,LPC_eff_mod,8,0,0,-0.00279951849765234,0,0,0,0,2,2,0.185127454388616,0
ood_combo,DS02,14,46,LPC_flow_mod,9,0,0,-0,0,0,0,0,2,2,0.185127454388616,0
ood_combo,DS02,14,47,HPT_eff_mod,1,0,-0.0545773574926493,-0.00871536942968421,1,1,2,1,2,2,0.145944989072059,0
ood_combo,DS02,14,47,fan_eff_mod,2,0,0,-0,0,0,0,0,2,2,0.145944989072059,0
ood_combo,DS02,14,47,fan_flow_mod,3,0,0,-0.000470681209376508,0,0,0,0,2,2,0.145944989072059,0
ood_combo,DS02,14,47,HPC_eff_mod,4,0,0,-0,0,0,0,0,2,2,0.145944989072059,0
ood_combo,DS02,14,47,HPC_flow_mod,5,0,0,-0,0,0,0,0,2,2,0.145944989072059,0
ood_combo,DS02,14,47,LPT_eff_mod,6,0,-0.0406812743245388,-0.0623204649911341,1,1,2,2,2,2,0.145944989072059,0
ood_combo,DS02,14,47,LPT_flow_mod,7,0,-0.0554272905108078,-0.0980978532241405,1,1,2,2,2,2,0.145944989072059,0
ood_combo,DS02,14,47,LPC_eff_mod,8,0,0,-0.00279951849765234,0,0,0,0,2,2,0.145944989072059,0
ood_combo,DS02,14,47,LPC_flow_mod,9,0,0,-0,0,0,0,0,2,2,0.145944989072059,0
ood_combo,DS02,14,48,HPT_eff_mod,1,0,-0.0589859989617467,-0.00871536942968421,1,1,2,1,2,2,0.291143108253603,0
ood_combo,DS02,14,48,fan_eff_mod,2,0,0,-0,0,0,0,0,2,2,0.291143108253603,0
ood_combo,DS02,14,48,fan_flow_mod,3,0,0,-0.000470681209376508,0,0,0,0,2,2,0.291143108253603,0
ood_combo,DS02,14,48,HPC_eff_mod,4,0,0,-0,0,0,0,0,2,2,0.291143108253603,0
ood_combo,DS02,14,48,HPC_flow_mod,5,0,0,-0,0,0,0,0,2,2,0.291143108253603,0
ood_combo,DS02,14,48,LPT_eff_mod,6,0,-0.0410649725270608,-0.0623204649911341,1,1,2,2,2,2,0.291143108253603,0
ood_combo,DS02,14,48,LPT_flow_mod,7,0,-0.0544340901582139,-0.0980978532241405,1,1,2,2,2,2,0.291143108253603,0
ood_combo,DS02,14,48,LPC_eff_mod,8,0,0,-0.00279951849765234,0,0,0,0,2,2,0.291143108253603,0
ood_combo,DS02,14,48,LPC_flow_mod,9,0,0,-0,0,0,0,0,2,2,0.291143108253603,0
ood_combo,DS02,14,49,HPT_eff_mod,1,0,-0.0696519450559459,-0.00871536942968421,1,1,2,1,2,2,0.0964802902484528,0
ood_combo,DS02,14,49,fan_eff_mod,2,0,0,-0,0,0,0,0,2,2,0.0964802902484528,0
ood_combo,DS02,14,49,fan_flow_mod,3,0,0,-0.000470681209376508,0,0,0,0,2,2,0.0964802902484528,0
ood_combo,DS02,14,49,HPC_eff_mod,4,0,0,-0,0,0,0,0,2,2,0.0964802902484528,0
ood_combo,DS02,14,49,HPC_flow_mod,5,0,0,-0,0,0,0,0,2,2,0.0964802902484528,0
ood_combo,DS02,14,49,LPT_eff_mod,6,0,-0.0406737055847806,-0.0623204649911341,1,1,2,2,2,2,0.0964802902484528,0
ood_combo,DS02,14,49,LPT_flow_mod,7,0,-0.0612599144194802,-0.126391411672347,1,1,2,2,2,2,0.0964802902484528,0
ood_combo,DS02,14,49,LPC_eff_mod,8,0,0,-0.00279951849765234,0,0,0,0,2,2,0.0964802902484528,0
ood_combo,DS02,14,49,LPC_flow_mod,9,0,0,-0,0,0,0,0,2,2,0.0964802902484528,0
ood_combo,DS02,14,50,HPT_eff_mod,1,0,-0.0675063975996522,-0.00871536942968421,1,1,2,1,2,2,0.160087341644374,0
ood_combo,DS02,14,50,fan_eff_mod,2,0,0,-0,0,0,0,0,2,2,0.160087341644374,0
ood_combo,DS02,14,50,fan_flow_mod,3,0,0,-0.000943109736482992,0,0,0,0,2,2,0.160087341644374,0
ood_combo,DS02,14,50,HPC_eff_mod,4,0,0,-0,0,0,0,0,2,2,0.160087341644374,0
ood_combo,DS02,14,50,HPC_flow_mod,5,0,0,-0,0,0,0,0,2,2,0.160087341644374,0
ood_combo,DS02,14,50,LPT_eff_mod,6,0,-0.0407176645298883,-0.0623204649911341,1,1,2,2,2,2,0.160087341644374,0
ood_combo,DS02,14,50,LPT_flow_mod,7,0,-0.0721895664082118,-0.140154997357813,1,1,2,2,2,2,0.160087341644374,0
ood_combo,DS02,14,50,LPC_eff_mod,8,0,0,-0.00279951849765234,0,0,0,0,2,2,0.160087341644374,0
ood_combo,DS02,14,50,LPC_flow_mod,9,0,0,-0,0,0,0,0,2,2,0.160087341644374,0
ood_combo,DS02,14,51,HPT_eff_mod,1,0,-0.071609155637052,-0.00871536942968421,1,1,2,1,2,3,0.264547045251115,0
ood_combo,DS02,14,51,fan_eff_mod,2,0,0,-0,0,0,0,0,2,3,0.264547045251115,0
ood_combo,DS02,14,51,fan_flow_mod,3,0,0,-0.000943109736482992,0,0,0,0,2,3,0.264547045251115,0
ood_combo,DS02,14,51,HPC_eff_mod,4,0,0,-0,0,0,0,0,2,3,0.264547045251115,0
ood_combo,DS02,14,51,HPC_flow_mod,5,0,0,-0,0,0,0,0,2,3,0.264547045251115,0
ood_combo,DS02,14,51,LPT_eff_mod,6,0,-0.0442509654485663,-0.0623204649911341,1,1,2,2,2,3,0.264547045251115,0
ood_combo,DS02,14,51,LPT_flow_mod,7,0,-0.0823199298240301,-0.150651503345293,1,1,2,3,2,3,0.264547045251115,0
ood_combo,DS02,14,51,LPC_eff_mod,8,0,0,-0.00279951849765234,0,0,0,0,2,3,0.264547045251115,0
ood_combo,DS02,14,51,LPC_flow_mod,9,0,0,-0,0,0,0,0,2,3,0.264547045251115,0
ood_combo,DS02,14,52,HPT_eff_mod,1,0,-0.0754286078943318,-0.0203560834739091,1,1,2,1,2,3,0.168501565285872,0
ood_combo,DS02,14,52,fan_eff_mod,2,0,0,-0,0,0,0,0,2,3,0.168501565285872,0
ood_combo,DS02,14,52,fan_flow_mod,3,0,0,-0.000943109736482992,0,0,0,0,2,3,0.168501565285872,0
ood_combo,DS02,14,52,HPC_eff_mod,4,0,0,-0,0,0,0,0,2,3,0.168501565285872,0
ood_combo,DS02,14,52,HPC_flow_mod,5,0,0,-0,0,0,0,0,2,3,0.168501565285872,0
ood_combo,DS02,14,52,LPT_eff_mod,6,0,-0.049268902196356,-0.0673724830892567,1,1,2,2,2,3,0.168501565285872,0
ood_combo,DS02,14,52,LPT_flow_mod,7,0,-0.0883488596017851,-0.150651503345293,1,1,2,3,2,3,0.168501565285872,0
ood_combo,DS02,14,52,LPC_eff_mod,8,0,0,-0.00279951849765234,0,0,0,0,2,3,0.168501565285872,0
ood_combo,DS02,14,52,LPC_flow_mod,9,0,0,-0,0,0,0,0,2,3,0.168501565285872,0
ood_combo,DS02,14,53,HPT_eff_mod,1,0,-0.0848042495038647,-0.0267901051442696,1,1,2,1,2,3,0.107871280346643,0
ood_combo,DS02,14,53,fan_eff_mod,2,0,0,-0,0,0,0,0,2,3,0.107871280346643,0
ood_combo,DS02,14,53,fan_flow_mod,3,0,0,-0.000943109736482992,0,0,0,0,2,3,0.107871280346643,0
ood_combo,DS02,14,53,HPC_eff_mod,4,0,0,-0,0,0,0,0,2,3,0.107871280346643,0
ood_combo,DS02,14,53,HPC_flow_mod,5,0,0,-0,0,0,0,0,2,3,0.107871280346643,0
ood_combo,DS02,14,53,LPT_eff_mod,6,0,-0.049464418041159,-0.0673724830892567,1,1,2,2,2,3,0.107871280346643,0
ood_combo,DS02,14,53,LPT_flow_mod,7,0,-0.0914453799801314,-0.151226812769424,1,1,2,3,2,3,0.107871280346643,0
ood_combo,DS02,14,53,LPC_eff_mod,8,0,0,-0.00279951849765234,0,0,0,0,2,3,0.107871280346643,0
ood_combo,DS02,14,53,LPC_flow_mod,9,0,0,-0,0,0,0,0,2,3,0.107871280346643,0
ood_combo,DS02,14,54,HPT_eff_mod,1,0,-0.0891348480407214,-0.0267901051442696,1,1,2,1,2,3,0.157013170690892,0
ood_combo,DS02,14,54,fan_eff_mod,2,0,0,-0,0,0,0,0,2,3,0.157013170690892,0
ood_combo,DS02,14,54,fan_flow_mod,3,0,0,-0.000943109736482992,0,0,0,0,2,3,0.157013170690892,0
ood_combo,DS02,14,54,HPC_eff_mod,4,0,0,-0,0,0,0,0,2,3,0.157013170690892,0
ood_combo,DS02,14,54,HPC_flow_mod,5,0,0,-0,0,0,0,0,2,3,0.157013170690892,0
ood_combo,DS02,14,54,LPT_eff_mod,6,0,-0.0533762404609039,-0.0673724830892567,1,1,2,2,2,3,0.157013170690892,0
ood_combo,DS02,14,54,LPT_flow_mod,7,0,-0.0955878494934427,-0.162359764846344,1,1,2,3,2,3,0.157013170690892,0
ood_combo,DS02,14,54,LPC_eff_mod,8,0,0,-0.00279951849765234,0,0,0,0,2,3,0.157013170690892,0
ood_combo,DS02,14,54,LPC_flow_mod,9,0,0,-0,0,0,0,0,2,3,0.157013170690892,0
ood_combo,DS02,14,55,HPT_eff_mod,1,0,-0.0963051273769754,-0.0362151739156692,1,1,2,2,2,3,0.236571627813963,0
ood_combo,DS02,14,55,fan_eff_mod,2,0,0,-0,0,0,0,0,2,3,0.236571627813963,0
ood_combo,DS02,14,55,fan_flow_mod,3,0,0,-0.000943109736482992,0,0,0,0,2,3,0.236571627813963,0
ood_combo,DS02,14,55,HPC_eff_mod,4,0,0,-0,0,0,0,0,2,3,0.236571627813963,0
ood_combo,DS02,14,55,HPC_flow_mod,5,0,0,-0,0,0,0,0,2,3,0.236571627813963,0
ood_combo,DS02,14,55,LPT_eff_mod,6,0,-0.0601733647818453,-0.0708877239184215,1,1,2,2,2,3,0.236571627813963,0
ood_combo,DS02,14,55,LPT_flow_mod,7,0,-0.101973636286502,-0.162359764846344,1,1,2,3,2,3,0.236571627813963,0
ood_combo,DS02,14,55,LPC_eff_mod,8,0,0,-0.00279951849765234,0,0,0,0,2,3,0.236571627813963,0
ood_combo,DS02,14,55,LPC_flow_mod,9,0,0,-0,0,0,0,0,2,3,0.236571627813963,0
ood_combo,DS02,14,56,HPT_eff_mod,1,0,-0.0989868204810321,-0.0362151739156692,1,1,2,2,2,3,0.222507078361,0
ood_combo,DS02,14,56,fan_eff_mod,2,0,0,-0,0,0,0,0,2,3,0.222507078361,0
ood_combo,DS02,14,56,fan_flow_mod,3,0,0,-0.000943109736482992,0,0,0,0,2,3,0.222507078361,0
ood_combo,DS02,14,56,HPC_eff_mod,4,0,0,-0,0,0,0,0,2,3,0.222507078361,0
ood_combo,DS02,14,56,HPC_flow_mod,5,0,0,-0,0,0,0,0,2,3,0.222507078361,0
ood_combo,DS02,14,56,LPT_eff_mod,6,0,-0.0600057079237669,-0.0708877239184215,1,1,2,2,2,3,0.222507078361,0
ood_combo,DS02,14,56,LPT_flow_mod,7,0,-0.115856213932594,-0.174167030166737,1,1,2,3,2,3,0.222507078361,0
ood_combo,DS02,14,56,LPC_eff_mod,8,0,0,-0.00279951849765234,0,0,0,0,2,3,0.222507078361,0
ood_combo,DS02,14,56,LPC_flow_mod,9,0,0,-0,0,0,0,0,2,3,0.222507078361,0
ood_combo,DS02,14,57,HPT_eff_mod,1,0,-0.110164653164181,-0.0621404036738904,1,1,2,2,2,3,0.0626503473902232,0
ood_combo,DS02,14,57,fan_eff_mod,2,0,0,-0,0,0,0,0,2,3,0.0626503473902232,0
ood_combo,DS02,14,57,fan_flow_mod,3,0,0,-0.000943109736482992,0,0,0,0,2,3,0.0626503473902232,0
ood_combo,DS02,14,57,HPC_eff_mod,4,0,0,-0,0,0,0,0,2,3,0.0626503473902232,0
ood_combo,DS02,14,57,HPC_flow_mod,5,0,0,-0,0,0,0,0,2,3,0.0626503473902232,0
ood_combo,DS02,14,57,LPT_eff_mod,6,0,-0.0664190471552848,-0.0870440389134562,1,1,2,2,2,3,0.0626503473902232,0
ood_combo,DS02,14,57,LPT_flow_mod,7,0,-0.126364162602827,-0.174167030166737,1,1,2,3,2,3,0.0626503473902232,0
ood_combo,DS02,14,57,LPC_eff_mod,8,0,0,-0.00279951849765234,0,0,0,0,2,3,0.0626503473902232,0
ood_combo,DS02,14,57,LPC_flow_mod,9,0,0,-0,0,0,0,0,2,3,0.0626503473902232,0
ood_combo,DS02,14,58,HPT_eff_mod,1,0,-0.117254853431807,-0.0621404036738904,1,1,2,2,2,3,0.196660122002224,0
ood_combo,DS02,14,58,fan_eff_mod,2,0,0,-0,0,0,0,0,2,3,0.196660122002224,0
ood_combo,DS02,14,58,fan_flow_mod,3,0,0,-0.000943109736482992,0,0,0,0,2,3,0.196660122002224,0
ood_combo,DS02,14,58,HPC_eff_mod,4,0,0,-0,0,0,0,0,2,3,0.196660122002224,0
ood_combo,DS02,14,58,HPC_flow_mod,5,0,0,-0,0,0,0,0,2,3,0.196660122002224,0
ood_combo,DS02,14,58,LPT_eff_mod,6,0,-0.0745426484410134,-0.0916409685102107,1,1,2,2,2,3,0.196660122002224,0
ood_combo,DS02,14,58,LPT_flow_mod,7,0,-0.129786270014708,-0.174167030166737,1,1,2,3,2,3,0.196660122002224,0
ood_combo,DS02,14,58,LPC_eff_mod,8,0,0,-0.00279951849765234,0,0,0,0,2,3,0.196660122002224,0
ood_combo,DS02,14,58,LPC_flow_mod,9,0,0,-0,0,0,0,0,2,3,0.196660122002224,0
ood_combo,DS02,14,59,HPT_eff_mod,1,0,-0.105633291913312,-0.0621404036738904,1,1,2,2,2,3,0.286289472194161,0
ood_combo,DS02,14,59,fan_eff_mod,2,0,0,-0,0,0,0,0,2,3,0.286289472194161,0
ood_combo,DS02,14,59,fan_flow_mod,3,0,0,-0.000943109736482992,0,0,0,0,2,3,0.286289472194161,0
ood_combo,DS02,14,59,HPC_eff_mod,4,0,0,-0,0,0,0,0,2,3,0.286289472194161,0
ood_combo,DS02,14,59,HPC_flow_mod,5,0,0,-0,0,0,0,0,2,3,0.286289472194161,0
ood_combo,DS02,14,59,LPT_eff_mod,6,0,-0.0792865254442208,-0.0997568347631118,1,1,2,2,2,3,0.286289472194161,0
ood_combo,DS02,14,59,LPT_flow_mod,7,0,-0.141360718418368,-0.174167030166737,1,1,2,3,2,3,0.286289472194161,0
ood_combo,DS02,14,59,LPC_eff_mod,8,0,0,-0.00279951849765234,0,0,0,0,2,3,0.286289472194161,0
ood_combo,DS02,14,59,LPC_flow_mod,9,0,0,-0,0,0,0,0,2,3,0.286289472194161,0
ood_combo,DS02,14,60,HPT_eff_mod,1,0,-0.134831850157438,-0.0665809596141809,1,1,2,2,3,3,0.22331087833619,0
ood_combo,DS02,14,60,fan_eff_mod,2,0,0,-0,0,0,0,0,3,3,0.22331087833619,0
ood_combo,DS02,14,60,fan_flow_mod,3,0,0,-0.000943109736482992,0,0,0,0,3,3,0.22331087833619,0
ood_combo,DS02,14,60,HPC_eff_mod,4,0,0,-0,0,0,0,0,3,3,0.22331087833619,0
ood_combo,DS02,14,60,HPC_flow_mod,5,0,0,-0,0,0,0,0,3,3,0.22331087833619,0
ood_combo,DS02,14,60,LPT_eff_mod,6,0,-0.0838783173400433,-0.0997568347631118,1,1,2,2,3,3,0.22331087833619,0
ood_combo,DS02,14,60,LPT_flow_mod,7,0,-0.169149196513923,-0.236800769877388,1,1,3,3,3,3,0.22331087833619,0
ood_combo,DS02,14,60,LPC_eff_mod,8,0,0,-0.00279951849765234,0,0,0,0,3,3,0.22331087833619,0
ood_combo,DS02,14,60,LPC_flow_mod,9,0,0,-0,0,0,0,0,3,3,0.22331087833619,0
ood_combo,DS02,14,61,HPT_eff_mod,1,0,-0.142169490820523,-0.0665809596141809,1,1,2,2,3,3,0.242679537226139,0
ood_combo,DS02,14,61,fan_eff_mod,2,0,0,-0,0,0,0,0,3,3,0.242679537226139,0
ood_combo,DS02,14,61,fan_flow_mod,3,0,0,-0.000943109736482992,0,0,0,0,3,3,0.242679537226139,0
ood_combo,DS02,14,61,HPC_eff_mod,4,0,0,-0,0,0,0,0,3,3,0.242679537226139,0
ood_combo,DS02,14,61,HPC_flow_mod,5,0,0,-0,0,0,0,0,3,3,0.242679537226139,0
ood_combo,DS02,14,61,LPT_eff_mod,6,0,-0.090186221728726,-0.0997568347631118,1,1,2,2,3,3,0.242679537226139,0
ood_combo,DS02,14,61,LPT_flow_mod,7,0,-0.176690003526992,-0.250528768919752,1,1,3,3,3,3,0.242679537226139,0
ood_combo,DS02,14,61,LPC_eff_mod,8,0,0,-0.00279951849765234,0,0,0,0,3,3,0.242679537226139,0
ood_combo,DS02,14,61,LPC_flow_mod,9,0,0,-0,0,0,0,0,3,3,0.242679537226139,0
ood_combo,DS02,14,62,HPT_eff_mod,1,0,-0.162287714434393,-0.0980537720342044,1,1,3,2,3,3,0.195237293880863,0
ood_combo,DS02,14,62,fan_eff_mod,2,0,0,-0,0,0,0,0,3,3,0.195237293880863,0
ood_combo,DS02,14,62,fan_flow_mod,3,0,0,-0.000943109736482992,0,0,0,0,3,3,0.195237293880863,0
ood_combo,DS02,14,62,HPC_eff_mod,4,0,0,-0,0,0,0,0,3,3,0.195237293880863,0
ood_combo,DS02,14,62,HPC_flow_mod,5,0,0,-0,0,0,0,0,3,3,0.195237293880863,0
ood_combo,DS02,14,62,LPT_eff_mod,6,0,-0.0973333949145443,-0.116152597192296,1,1,2,2,3,3,0.195237293880863,0
ood_combo,DS02,14,62,LPT_flow_mod,7,0,-0.193118428430609,-0.250528768919752,1,1,3,3,3,3,0.195237293880863,0
ood_combo,DS02,14,62,LPC_eff_mod,8,0,0,-0.00340595378272498,0,0,0,0,3,3,0.195237293880863,0
ood_combo,DS02,14,62,LPC_flow_mod,9,0,0,-0,0,0,0,0,3,3,0.195237293880863,0
ood_combo,DS02,14,63,HPT_eff_mod,1,0,-0.162208638025448,-0.105291225685419,1,1,3,2,3,3,0.164600677246647,0
ood_combo,DS02,14,63,fan_eff_mod,2,0,0,-0,0,0,0,0,3,3,0.164600677246647,0
ood_combo,DS02,14,63,fan_flow_mod,3,0,0,-0.000943109736482992,0,0,0,0,3,3,0.164600677246647,0
ood_combo,DS02,14,63,HPC_eff_mod,4,0,0,-0,0,0,0,0,3,3,0.164600677246647,0
ood_combo,DS02,14,63,HPC_flow_mod,5,0,0,-0,0,0,0,0,3,3,0.164600677246647,0
ood_combo,DS02,14,63,LPT_eff_mod,6,0,-0.100210513480089,-0.126851573092103,1,1,2,2,3,3,0.164600677246647,0
ood_combo,DS02,14,63,LPT_flow_mod,7,0,-0.205121809463188,-0.250528768919752,1,1,3,3,3,3,0.164600677246647,0
ood_combo,DS02,14,63,LPC_eff_mod,8,0,0,-0.00340595378272498,0,0,0,0,3,3,0.164600677246647,0
ood_combo,DS02,14,63,LPC_flow_mod,9,0,0,-0,0,0,0,0,3,3,0.164600677246647,0
ood_combo,DS02,14,64,HPT_eff_mod,1,0,-0.165228282727751,-0.105291225685419,1,1,3,2,3,3,0.204732965147102,0
ood_combo,DS02,14,64,fan_eff_mod,2,0,0,-0,0,0,0,0,3,3,0.204732965147102,0
ood_combo,DS02,14,64,fan_flow_mod,3,0,0,-0.000943109736482992,0,0,0,0,3,3,0.204732965147102,0
ood_combo,DS02,14,64,HPC_eff_mod,4,0,0,-0,0,0,0,0,3,3,0.204732965147102,0
ood_combo,DS02,14,64,HPC_flow_mod,5,0,0,-0,0,0,0,0,3,3,0.204732965147102,0
ood_combo,DS02,14,64,LPT_eff_mod,6,0,-0.109867315442832,-0.126851573092103,1,1,2,2,3,3,0.204732965147102,0
ood_combo,DS02,14,64,LPT_flow_mod,7,0,-0.225904908888512,-0.27816527921941,1,1,3,3,3,3,0.204732965147102,0
ood_combo,DS02,14,64,LPC_eff_mod,8,0,0,-0.00340595378272498,0,0,0,0,3,3,0.204732965147102,0
ood_combo,DS02,14,64,LPC_flow_mod,9,0,0,-0,0,0,0,0,3,3,0.204732965147102,0
ood_combo,DS02,14,65,HPT_eff_mod,1,0,-0.175253924834673,-0.127220074946636,1,1,3,2,3,3,0.209609525278883,0
ood_combo,DS02,14,65,fan_eff_mod,2,0,0,-0,0,0,0,0,3,3,0.209609525278883,0
ood_combo,DS02,14,65,fan_flow_mod,3,0,0,-0.000943109736482992,0,0,0,0,3,3,0.209609525278883,0
ood_combo,DS02,14,65,HPC_eff_mod,4,0,0,-0,0,0,0,0,3,3,0.209609525278883,0
ood_combo,DS02,14,65,HPC_flow_mod,5,0,0,-0,0,0,0,0,3,3,0.209609525278883,0
ood_combo,DS02,14,65,LPT_eff_mod,6,0,-0.115967633457747,-0.126851573092103,1,1,2,2,3,3,0.209609525278883,0
ood_combo,DS02,14,65,LPT_flow_mod,7,0,-0.257133226637376,-0.296629010832443,1,1,3,3,3,3,0.209609525278883,0
ood_combo,DS02,14,65,LPC_eff_mod,8,0,0,-0.00340595378272498,0,0,0,0,3,3,0.209609525278883,0
ood_combo,DS02,14,65,LPC_flow_mod,9,0,0,-0,0,0,0,0,3,3,0.209609525278883,0
ood_combo,DS02,14,66,HPT_eff_mod,1,0,-0.19858698332596,-0.154671938510111,1,1,3,3,3,3,0.0974575185875767,0
ood_combo,DS02,14,66,fan_eff_mod,2,0,0,-0,0,0,0,0,3,3,0.0974575185875767,0
ood_combo,DS02,14,66,fan_flow_mod,3,0,0,-0.000943109736482992,0,0,0,0,3,3,0.0974575185875767,0
ood_combo,DS02,14,66,HPC_eff_mod,4,0,0,-0.0176026093891367,0,0,0,0,3,3,0.0974575185875767,0
ood_combo,DS02,14,66,HPC_flow_mod,5,0,0,-0,0,0,0,0,3,3,0.0974575185875767,0
ood_combo,DS02,14,66,LPT_eff_mod,6,0,-0.125285115961829,-0.126851573092103,1,1,2,2,3,3,0.0974575185875767,0
ood_combo,DS02,14,66,LPT_flow_mod,7,0,-0.267538771599546,-0.297581218167098,1,1,3,3,3,3,0.0974575185875767,0
ood_combo,DS02,14,66,LPC_eff_mod,8,0,0,-0.00340595378272498,0,0,0,0,3,3,0.0974575185875767,0
ood_combo,DS02,14,66,LPC_flow_mod,9,0,0,-0,0,0,0,0,3,3,0.0974575185875767,0
ood_combo,DS02,14,67,HPT_eff_mod,1,0,-0.211447375056257,-0.154671938510111,1,1,3,3,3,3,0.224469264319562,0
ood_combo,DS02,14,67,fan_eff_mod,2,0,0,-0,0,0,0,0,3,3,0.224469264319562,0
ood_combo,DS02,14,67,fan_flow_mod,3,0,0,-0.00174630290179512,0,0,0,0,3,3,0.224469264319562,0
ood_combo,DS02,14,67,HPC_eff_mod,4,0,0,-0.0176026093891367,0,0,0,0,3,3,0.224469264319562,0
ood_combo,DS02,14,67,HPC_flow_mod,5,0,0,-0,0,0,0,0,3,3,0.224469264319562,0
ood_combo,DS02,14,67,LPT_eff_mod,6,0,-0.130589719737373,-0.126851573092103,1,1,2,2,3,3,0.224469264319562,0
ood_combo,DS02,14,67,LPT_flow_mod,7,0,-0.300312947827186,-0.327277005893388,1,1,3,3,3,3,0.224469264319562,0
ood_combo,DS02,14,67,LPC_eff_mod,8,0,0,-0.00340595378272498,0,0,0,0,3,3,0.224469264319562,0
ood_combo,DS02,14,67,LPC_flow_mod,9,0,0,-0.0138658969056276,0,0,0,0,3,3,0.224469264319562,0
ood_combo,DS02,14,68,HPT_eff_mod,1,0,-0.214195165152019,-0.181788974136434,1,1,3,3,3,3,0.195842596889779,0
ood_combo,DS02,14,68,fan_eff_mod,2,0,0,-0,0,0,0,0,3,3,0.195842596889779,0
ood_combo,DS02,14,68,fan_flow_mod,3,0,0,-0.00174630290179512,0,0,0,0,3,3,0.195842596889779,0
ood_combo,DS02,14,68,HPC_eff_mod,4,0,0,-0.0176026093891367,0,0,0,0,3,3,0.195842596889779,0
ood_combo,DS02,14,68,HPC_flow_mod,5,0,0,-0,0,0,0,0,3,3,0.195842596889779,0
ood_combo,DS02,14,68,LPT_eff_mod,6,0,-0.144030624430443,-0.14236826559095,1,1,2,2,3,3,0.195842596889779,0
ood_combo,DS02,14,68,LPT_flow_mod,7,0,-0.323089940079374,-0.327277005893388,1,1,3,3,3,3,0.195842596889779,0
ood_combo,DS02,14,68,LPC_eff_mod,8,0,0,-0.00340595378272498,0,0,0,0,3,3,0.195842596889779,0
ood_combo,DS02,14,68,LPC_flow_mod,9,0,0,-0.0138658969056276,0,0,0,0,3,3,0.195842596889779,0
ood_combo,DS02,14,69,HPT_eff_mod,1,0,-0.245833081628698,-0.186529475575091,1,1,3,3,3,3,0.211170809519898,0
ood_combo,DS02,14,69,fan_eff_mod,2,0,0,-0,0,0,0,0,3,3,0.211170809519898,0
ood_combo,DS02,14,69,fan_flow_mod,3,0,0,-0.00174630290179512,0,0,0,0,3,3,0.211170809519898,0
ood_combo,DS02,14,69,HPC_eff_mod,4,0,0,-0.0179151076919759,0,0,0,0,3,3,0.211170809519898,0
ood_combo,DS02,14,69,HPC_flow_mod,5,0,0,-0,0,0,0,0,3,3,0.211170809519898,0
ood_combo,DS02,14,69,LPT_eff_mod,6,0,-0.149319553364963,-0.14236826559095,1,1,3,2,3,3,0.211170809519898,0
ood_combo,DS02,14,69,LPT_flow_mod,7,0,-0.346872131775305,-0.374919353939683,1,1,3,3,3,3,0.211170809519898,0
ood_combo,DS02,14,69,LPC_eff_mod,8,0,0,-0.00340595378272498,0,0,0,0,3,3,0.211170809519898,0
ood_combo,DS02,14,69,LPC_flow_mod,9,0,0,-0.0138658969056276,0,0,0,0,3,3,0.211170809519898,0
ood_combo,DS02,14,70,HPT_eff_mod,1,0,-0.253487820195179,-0.215171351368656,1,1,3,3,3,3,0.166297435212273,0
ood_combo,DS02,14,70,fan_eff_mod,2,0,0,-0,0,0,0,0,3,3,0.166297435212273,0
ood_combo,DS02,14,70,fan_flow_mod,3,0,0,-0.00174630290179512,0,0,0,0,3,3,0.166297435212273,0
ood_combo,DS02,14,70,HPC_eff_mod,4,0,0,-0.0179151076919759,0,1,0,1,3,3,0.166297435212273,0
ood_combo,DS02,14,70,HPC_flow_mod,5,0,0,-0,0,0,0,0,3,3,0.166297435212273,0
ood_combo,DS02,14,70,LPT_eff_mod,6,0,-0.165103280266851,-0.155447373806034,1,1,3,3,3,3,0.166297435212273,0
ood_combo,DS02,14,70,LPT_flow_mod,7,0,-0.379736828215006,-0.374919353939683,1,1,3,3,3,3,0.166297435212273,0
ood_combo,DS02,14,70,LPC_eff_mod,8,0,0,-0.00340595378272498,0,0,0,0,3,3,0.166297435212273,0
ood_combo,DS02,14,70,LPC_flow_mod,9,0,0,-0.0138658969056276,0,0,0,0,3,3,0.166297435212273,0
ood_combo,DS02,14,71,HPT_eff_mod,1,0,-0.259779064455679,-0.253143718581599,1,1,3,3,3,3,0.228039928419258,0
ood_combo,DS02,14,71,fan_eff_mod,2,0,0,-0,0,0,0,0,3,3,0.228039928419258,0
ood_combo,DS02,14,71,fan_flow_mod,3,0,0,-0.00174630290179512,0,0,0,0,3,3,0.228039928419258,0
ood_combo,DS02,14,71,HPC_eff_mod,4,0,0,-0.0217883707982753,0,1,0,1,3,3,0.228039928419258,0
ood_combo,DS02,14,71,HPC_flow_mod,5,0,0,-0,0,0,0,0,3,3,0.228039928419258,0
ood_combo,DS02,14,71,LPT_eff_mod,6,0,-0.180465713496919,-0.167462026440404,1,1,3,3,3,3,0.228039928419258,0
ood_combo,DS02,14,71,LPT_flow_mod,7,0,-0.400825016576897,-0.374919353939683,1,1,3,3,3,3,0.228039928419258,0
ood_combo,DS02,14,71,LPC_eff_mod,8,0,0,-0.00742718489044434,0,0,0,0,3,3,0.228039928419258,0
ood_combo,DS02,14,71,LPC_flow_mod,9,0,0,-0.0138658969056276,0,1,0,1,3,3,0.228039928419258,0
ood_combo,DS02,14,72,HPT_eff_mod,1,0,-0.263945490052377,-0.253143718581599,1,1,3,3,3,3,0.192998762555087,0
ood_combo,DS02,14,72,fan_eff_mod,2,0,0,-0,0,0,0,0,3,3,0.192998762555087,0
ood_combo,DS02,14,72,fan_flow_mod,3,0,0,-0.00193945182327011,0,0,0,0,3,3,0.192998762555087,0
ood_combo,DS02,14,72,HPC_eff_mod,4,0,0,-0.0217883707982753,0,1,0,1,3,3,0.192998762555087,0
ood_combo,DS02,14,72,HPC_flow_mod,5,0,0,-0,0,0,0,0,3,3,0.192998762555087,0
ood_combo,DS02,14,72,LPT_eff_mod,6,0,-0.190861120927371,-0.167462026440404,1,1,3,3,3,3,0.192998762555087,0
ood_combo,DS02,14,72,LPT_flow_mod,7,0,-0.462873477169124,-0.424563114503206,1,1,3,3,3,3,0.192998762555087,0
ood_combo,DS02,14,72,LPC_eff_mod,8,0,0,-0.00742718489044434,0,0,0,0,3,3,0.192998762555087,0
ood_combo,DS02,14,72,LPC_flow_mod,9,0,0,-0.0197988410587339,0,1,0,1,3,3,0.192998762555087,0
ood_combo,DS02,14,73,HPT_eff_mod,1,0,-0.297816739624107,-0.308917821407688,1,1,3,3,3,3,0.126737441588851,0
ood_combo,DS02,14,73,fan_eff_mod,2,0,0,-0,0,0,0,0,3,3,0.126737441588851,0
ood_combo,DS02,14,73,fan_flow_mod,3,0,0,-0.00193945182327011,0,0,0,0,3,3,0.126737441588851,0
ood_combo,DS02,14,73,HPC_eff_mod,4,0,0,-0.0370009593694477,0,1,0,2,3,3,0.126737441588851,0
ood_combo,DS02,14,73,HPC_flow_mod,5,0,0,-0,0,0,0,0,3,3,0.126737441588851,0
ood_combo,DS02,14,73,LPT_eff_mod,6,0,-0.202741959641353,-0.167462026440404,1,1,3,3,3,3,0.126737441588851,0
ood_combo,DS02,14,73,LPT_flow_mod,7,0,-0.491945508572573,-0.449650284350724,1,1,3,3,3,3,0.126737441588851,0
ood_combo,DS02,14,73,LPC_eff_mod,8,0,0,-0.00742718489044434,0,0,0,0,3,3,0.126737441588851,0
ood_combo,DS02,14,73,LPC_flow_mod,9,0,0,-0.0197988410587339,0,1,0,1,3,3,0.126737441588851,0
ood_combo,DS02,14,74,HPT_eff_mod,1,0,-0.31415090652141,-0.369130287049094,1,1,3,3,3,3,0.0880664543543783,0
ood_combo,DS02,14,74,fan_eff_mod,2,0,0,-0,0,0,0,0,3,3,0.0880664543543783,0
ood_combo,DS02,14,74,fan_flow_mod,3,0,0,-0.00193945182327011,0,0,0,0,3,3,0.0880664543543783,0
ood_combo,DS02,14,74,HPC_eff_mod,4,0,0,-0.0375455543864568,0,1,0,2,3,3,0.0880664543543783,0
ood_combo,DS02,14,74,HPC_flow_mod,5,0,0,-0,0,0,0,0,3,3,0.0880664543543783,0
ood_combo,DS02,14,74,LPT_eff_mod,6,0,-0.215865487061243,-0.16890291633475,1,1,3,3,3,3,0.0880664543543783,0
ood_combo,DS02,14,74,LPT_flow_mod,7,0,-0.54669554864268,-0.449650284350724,1,1,3,3,3,3,0.0880664543543783,0
ood_combo,DS02,14,74,LPC_eff_mod,8,0,0,-0.0148447966659766,0,0,0,0,3,3,0.0880664543543783,0
ood_combo,DS02,14,74,LPC_flow_mod,9,0,0,-0.0197988410587339,0,1,0,1,3,3,0.0880664543543783,0
ood_combo,DS02,14,75,HPT_eff_mod,1,0,-0.335027162464039,-0.399251206937492,1,1,3,3,3,3,0.218521317848224,0
ood_combo,DS02,14,75,fan_eff_mod,2,0,0,-0,0,0,0,0,3,3,0.218521317848224,0
ood_combo,DS02,14,75,fan_flow_mod,3,0,0,-0.00193945182327011,0,0,0,0,3,3,0.218521317848224,0
ood_combo,DS02,14,75,HPC_eff_mod,4,0,0,-0.0375455543864568,0,1,0,2,3,3,0.218521317848224,0
ood_combo,DS02,14,75,HPC_flow_mod,5,0,0,-0,0,0,0,0,3,3,0.218521317848224,0
ood_combo,DS02,14,75,LPT_eff_mod,6,0,-0.232615662663726,-0.178339696179615,1,1,3,3,3,3,0.218521317848224,0
ood_combo,DS02,14,75,LPT_flow_mod,7,0,-0.576823763454851,-0.456546363438289,1,1,3,3,3,3,0.218521317848224,0
ood_combo,DS02,14,75,LPC_eff_mod,8,0,0,-0.0148447966659766,0,1,0,1,3,3,0.218521317848224,0
ood_combo,DS02,14,75,LPC_flow_mod,9,0,0,-0.0197988410587339,0,1,0,1,3,3,0.218521317848224,0
ood_combo,DS02,14,76,HPT_eff_mod,1,0,-0.359692704613322,-0.42630047929105,1,1,3,3,3,3,0.126954665690116,0
ood_combo,DS02,14,76,fan_eff_mod,2,0,0,-0.00304393561220182,0,0,0,0,3,3,0.126954665690116,0
ood_combo,DS02,14,76,fan_flow_mod,3,0,0,-0.00777896778947333,0,0,0,0,3,3,0.126954665690116,0
ood_combo,DS02,14,76,HPC_eff_mod,4,0,0,-0.0733457999110948,0,1,0,2,3,3,0.126954665690116,0
ood_combo,DS02,14,76,HPC_flow_mod,5,0,0,-0.00557304075951761,0,0,0,0,3,3,0.126954665690116,0
ood_combo,DS02,14,76,LPT_eff_mod,6,0,-0.248807199989344,-0.178339696179615,1,1,3,3,3,3,0.126954665690116,0
ood_combo,DS02,14,76,LPT_flow_mod,7,0,-0.641647893363712,-0.503540044736021,1,1,3,3,3,3,0.126954665690116,0
ood_combo,DS02,14,76,LPC_eff_mod,8,0,0,-0.0148447966659766,0,1,0,1,3,3,0.126954665690116,0
ood_combo,DS02,14,76,LPC_flow_mod,9,0,0,-0.0517045039420439,0,1,0,2,3,3,0.126954665690116,0
ood_combo,DS02,15,1,HPT_eff_mod,1,1,-0.00562252585471435,-0,0,0,0,0,0,0,0.153169718362593,0
ood_combo,DS02,15,1,fan_eff_mod,2,1,0,-0,0,0,0,0,0,0,0.153169718362593,0
ood_combo,DS02,15,1,fan_flow_mod,3,1,0,-0,0,0,0,0,0,0,0.153169718362593,0
ood_combo,DS02,15,1,HPC_eff_mod,4,1,0,-0,0,0,0,0,0,0,0.153169718362593,0
ood_combo,DS02,15,1,HPC_flow_mod,5,1,0,-0,0,0,0,0,0,0,0.153169718362593,0
ood_combo,DS02,15,1,LPT_eff_mod,6,1,0.0024095855732834,-0,0,0,0,0,0,0,0.153169718362593,0
ood_combo,DS02,15,1,LPT_flow_mod,7,1,0.00329697073569559,-0,0,0,0,0,0,0,0.153169718362593,0
ood_combo,DS02,15,1,LPC_eff_mod,8,1,0,-0,0,0,0,0,0,0,0.153169718362593,0
ood_combo,DS02,15,1,LPC_flow_mod,9,1,0,-0,0,0,0,0,0,0,0.153169718362593,0
ood_combo,DS02,15,2,HPT_eff_mod,1,1,-0.0029150684956068,-0,0,0,0,0,0,0,0.153383811552898,0
ood_combo,DS02,15,2,fan_eff_mod,2,1,0,-0,0,0,0,0,0,0,0.153383811552898,0
ood_combo,DS02,15,2,fan_flow_mod,3,1,0,-0,0,0,0,0,0,0,0.153383811552898,0
ood_combo,DS02,15,2,HPC_eff_mod,4,1,0,-0,0,0,0,0,0,0,0.153383811552898,0
ood_combo,DS02,15,2,HPC_flow_mod,5,1,0,-0.0001969664542094,0,0,0,0,0,0,0.153383811552898,0
ood_combo,DS02,15,2,LPT_eff_mod,6,1,0.00151032441575901,-0,0,0,0,0,0,0,0.153383811552898,0
ood_combo,DS02,15,2,LPT_flow_mod,7,1,-0.000676283223975973,-0,0,0,0,0,0,0,0.153383811552898,0
ood_combo,DS02,15,2,LPC_eff_mod,8,1,0,-0.000911710285677864,0,0,0,0,0,0,0.153383811552898,0
ood_combo,DS02,15,2,LPC_flow_mod,9,1,0,-0,0,0,0,0,0,0,0.153383811552898,0
ood_combo,DS02,15,3,HPT_eff_mod,1,1,0.00853759435032249,-0,0,0,0,0,0,0,0.131737778806872,0
ood_combo,DS02,15,3,fan_eff_mod,2,1,0,-0,0,0,0,0,0,0,0.131737778806872,0
ood_combo,DS02,15,3,fan_flow_mod,3,1,0,-0.000286250212549541,0,0,0,0,0,0,0.131737778806872,0
ood_combo,DS02,15,3,HPC_eff_mod,4,1,0,-0,0,0,0,0,0,0,0.131737778806872,0
ood_combo,DS02,15,3,HPC_flow_mod,5,1,0,-0.0001969664542094,0,0,0,0,0,0,0.131737778806872,0
ood_combo,DS02,15,3,LPT_eff_mod,6,1,-0.00391990998904187,-0,0,0,0,0,0,0,0.131737778806872,0
ood_combo,DS02,15,3,LPT_flow_mod,7,1,-0.0026206875117192,-0.00260916949541585,0,0,0,0,0,0,0.131737778806872,0
ood_combo,DS02,15,3,LPC_eff_mod,8,1,0,-0.000911710285677864,0,0,0,0,0,0,0.131737778806872,0
ood_combo,DS02,15,3,LPC_flow_mod,9,1,0,-0,0,0,0,0,0,0,0.131737778806872,0
ood_combo,DS02,15,4,HPT_eff_mod,1,1,-0.00946996861824425,-0,0,0,0,0,0,0,0.168411644611301,0
ood_combo,DS02,15,4,fan_eff_mod,2,1,0,-0,0,0,0,0,0,0,0.168411644611301,0
ood_combo,DS02,15,4,fan_flow_mod,3,1,0,-0.000286250212549541,0,0,0,0,0,0,0.168411644611301,0
ood_combo,DS02,15,4,HPC_eff_mod,4,1,0,-0.00454919035364202,0,0,0,0,0,0,0.168411644611301,0
ood_combo,DS02,15,4,HPC_flow_mod,5,1,0,-0.0001969664542094,0,0,0,0,0,0,0.168411644611301,0
ood_combo,DS02,15,4,LPT_eff_mod,6,1,-0.00026907555640367,-0,0,0,0,0,0,0,0.168411644611301,0
ood_combo,DS02,15,4,LPT_flow_mod,7,1,-0.00317903879385893,-0.00366421372163485,0,0,0,0,0,0,0.168411644611301,0
ood_combo,DS02,15,4,LPC_eff_mod,8,1,0,-0.000911710285677864,0,0,0,0,0,0,0.168411644611301,0
ood_combo,DS02,15,4,LPC_flow_mod,9,1,0,-0,0,0,0,0,0,0,0.168411644611301,0
ood_combo,DS02,15,5,HPT_eff_mod,1,1,-0.00901758431534105,-0,0,0,0,0,0,0,0.125555323485465,0
ood_combo,DS02,15,5,fan_eff_mod,2,1,0,-0,0,0,0,0,0,0,0.125555323485465,0
ood_combo,DS02,15,5,fan_flow_mod,3,1,0,-0.000286250212549541,0,0,0,0,0,0,0.125555323485465,0
ood_combo,DS02,15,5,HPC_eff_mod,4,1,0,-0.00454919035364202,0,0,0,0,0,0,0.125555323485465,0
ood_combo,DS02,15,5,HPC_flow_mod,5,1,0,-0.0001969664542094,0,0,0,0,0,0,0.125555323485465,0
ood_combo,DS02,15,5,LPT_eff_mod,6,1,-0.00990435169138961,-0,0,0,0,0,0,0,0.125555323485465,0
ood_combo,DS02,15,5,LPT_flow_mod,7,1,0.00218166228530301,-0.00366421372163485,0,0,0,0,0,0,0.125555323485465,0
ood_combo,DS02,15,5,LPC_eff_mod,8,1,0,-0.000911710285677864,0,0,0,0,0,0,0.125555323485465,0
ood_combo,DS02,15,5,LPC_flow_mod,9,1,0,-0,0,0,0,0,0,0,0.125555323485465,0
ood_combo,DS02,15,6,HPT_eff_mod,1,1,-0.00898433130069325,-0,0,0,0,0,0,0,0.164913602095418,0
ood_combo,DS02,15,6,fan_eff_mod,2,1,0,-0,0,0,0,0,0,0,0.164913602095418,0
ood_combo,DS02,15,6,fan_flow_mod,3,1,0,-0.000286250212549541,0,0,0,0,0,0,0.164913602095418,0
ood_combo,DS02,15,6,HPC_eff_mod,4,1,0,-0.00454919035364202,0,0,0,0,0,0,0.164913602095418,0
ood_combo,DS02,15,6,HPC_flow_mod,5,1,0,-0.0001969664542094,0,0,0,0,0,0,0.164913602095418,0
ood_combo,DS02,15,6,LPT_eff_mod,6,1,-0.00282312238363893,-0,0,0,0,0,0,0,0.164913602095418,0
ood_combo,DS02,15,6,LPT_flow_mod,7,1,0.00232034680279627,-0.00536519378219431,0,0,0,0,0,0,0.164913602095418,0
ood_combo,DS02,15,6,LPC_eff_mod,8,1,0,-0.000911710285677864,0,0,0,0,0,0,0.164913602095418,0
ood_combo,DS02,15,6,LPC_flow_mod,9,1,0,-0,0,0,0,0,0,0,0.164913602095418,0
ood_combo,DS02,15,7,HPT_eff_mod,1,1,-0.00882378903938545,-0,0,0,0,0,0,0,0.246716982021654,0
ood_combo,DS02,15,7,fan_eff_mod,2,1,0,-0,0,0,0,0,0,0,0.246716982021654,0
ood_combo,DS02,15,7,fan_flow_mod,3,1,0,-0.000286250212549541,0,0,0,0,0,0,0.246716982021654,0
ood_combo,DS02,15,7,HPC_eff_mod,4,1,0,-0.00508740680309685,0,0,0,0,0,0,0.246716982021654,0
ood_combo,DS02,15,7,HPC_flow_mod,5,1,0,-0.0001969664542094,0,0,0,0,0,0,0.246716982021654,0
ood_combo,DS02,15,7,LPT_eff_mod,6,1,-0.0085274068287955,-0,0,0,0,0,0,0,0.246716982021654,0
ood_combo,DS02,15,7,LPT_flow_mod,7,1,-0.00182594959612074,-0.00536519378219431,0,0,0,0,0,0,0.246716982021654,0
ood_combo,DS02,15,7,LPC_eff_mod,8,1,0,-0.000911710285677864,0,0,0,0,0,0,0.246716982021654,0
ood_combo,DS02,15,7,LPC_flow_mod,9,1,0,-0,0,0,0,0,0,0,0.246716982021654,0
ood_combo,DS02,15,8,HPT_eff_mod,1,1,-0.0140566529215242,-0,0,0,0,0,0,0,0.218801592217935,0
ood_combo,DS02,15,8,fan_eff_mod,2,1,0,-0.000146758852823066,0,0,0,0,0,0,0.218801592217935,0
ood_combo,DS02,15,8,fan_flow_mod,3,1,0,-0.000286250212549541,0,0,0,0,0,0,0.218801592217935,0
ood_combo,DS02,15,8,HPC_eff_mod,4,1,0,-0.00711963859202231,0,0,0,0,0,0,0.218801592217935,0
ood_combo,DS02,15,8,HPC_flow_mod,5,1,0,-0.00260377712758302,0,0,0,0,0,0,0.218801592217935,0
ood_combo,DS02,15,8,LPT_eff_mod,6,1,-0.00267862492254941,-0.00962500404296985,0,0,0,0,0,0,0.218801592217935,0
ood_combo,DS02,15,8,LPT_flow_mod,7,1,0.00226651474562242,-0.00536519378219431,0,0,0,0,0,0,0.218801592217935,0
ood_combo,DS02,15,8,LPC_eff_mod,8,1,0,-0.000911710285677864,0,0,0,0,0,0,0.218801592217935,0
ood_combo,DS02,15,8,LPC_flow_mod,9,1,0,-0,0,0,0,0,0,0,0.218801592217935,0
ood_combo,DS02,15,9,HPT_eff_mod,1,1,-0.0159479792511537,-0,0,0,0,0,0,0,0.181807816228288,0
ood_combo,DS02,15,9,fan_eff_mod,2,1,0,-0.000146758852823066,0,0,0,0,0,0,0.181807816228288,0
ood_combo,DS02,15,9,fan_flow_mod,3,1,0,-0.000286250212549541,0,0,0,0,0,0,0.181807816228288,0
ood_combo,DS02,15,9,HPC_eff_mod,4,1,0,-0.00711963859202231,0,0,0,0,0,0,0.181807816228288,0
ood_combo,DS02,15,9,HPC_flow_mod,5,1,0,-0.00260377712758302,0,0,0,0,0,0,0.181807816228288,0
ood_combo,DS02,15,9,LPT_eff_mod,6,1,-0.0109205651030153,-0.00962500404296985,0,0,0,0,0,0,0.181807816228288,0
ood_combo,DS02,15,9,LPT_flow_mod,7,1,-0.00634216454542702,-0.00536519378219431,0,0,0,0,0,0,0.181807816228288,0
ood_combo,DS02,15,9,LPC_eff_mod,8,1,0,-0.000911710285677864,0,0,0,0,0,0,0.181807816228288,0
ood_combo,DS02,15,9,LPC_flow_mod,9,1,0,-0,0,0,0,0,0,0,0.181807816228288,0
ood_combo,DS02,15,10,HPT_eff_mod,1,1,-0.0100483610396198,-0,0,0,0,0,0,0,0.0986299040320533,0
ood_combo,DS02,15,10,fan_eff_mod,2,1,0,-0.000146758852823066,0,0,0,0,0,0,0.0986299040320533,0
ood_combo,DS02,15,10,fan_flow_mod,3,1,0,-0.000286250212549541,0,0,0,0,0,0,0.0986299040320533,0
ood_combo,DS02,15,10,HPC_eff_mod,4,1,0,-0.00711963859202231,0,0,0,0,0,0,0.0986299040320533,0
ood_combo,DS02,15,10,HPC_flow_mod,5,1,0,-0.00260377712758302,0,0,0,0,0,0,0.0986299040320533,0
ood_combo,DS02,15,10,LPT_eff_mod,6,1,-0.0121076820910706,-0.00962500404296985,0,0,0,0,0,0,0.0986299040320533,0
ood_combo,DS02,15,10,LPT_flow_mod,7,1,-0.000500821580594245,-0.00536519378219431,0,0,0,0,0,0,0.0986299040320533,0
ood_combo,DS02,15,10,LPC_eff_mod,8,1,0,-0.000911710285677864,0,0,0,0,0,0,0.0986299040320533,0
ood_combo,DS02,15,10,LPC_flow_mod,9,1,0,-0,0,0,0,0,0,0,0.0986299040320533,0
ood_combo,DS02,15,11,HPT_eff_mod,1,1,-0.00976598838038252,-0,0,0,0,0,0,0,0.194151431171059,0
ood_combo,DS02,15,11,fan_eff_mod,2,1,0,-0.000146758852823066,0,0,0,0,0,0,0.194151431171059,0
ood_combo,DS02,15,11,fan_flow_mod,3,1,0,-0.000286250212549541,0,0,0,0,0,0,0.194151431171059,0
ood_combo,DS02,15,11,HPC_eff_mod,4,1,0,-0.00711963859202231,0,0,0,0,0,0,0.194151431171059,0
ood_combo,DS02,15,11,HPC_flow_mod,5,1,0,-0.00260377712758302,0,0,0,0,0,0,0.194151431171059,0
ood_combo,DS02,15,11,LPT_eff_mod,6,1,-0.0100614741929313,-0.00962500404296985,0,0,0,0,0,0,0.194151431171059,0
ood_combo,DS02,15,11,LPT_flow_mod,7,1,-0.000742964983424563,-0.00536519378219431,0,0,0,0,0,0,0.194151431171059,0
ood_combo,DS02,15,11,LPC_eff_mod,8,1,0,-0.000911710285677864,0,0,0,0,0,0,0.194151431171059,0
ood_combo,DS02,15,11,LPC_flow_mod,9,1,0,-0,0,0,0,0,0,0,0.194151431171059,0
ood_combo,DS02,15,12,HPT_eff_mod,1,1,-0.00445233684980531,-0,0,0,0,0,0,0,0.158726895242174,0
ood_combo,DS02,15,12,fan_eff_mod,2,1,0,-0.000146758852823066,0,0,0,0,0,0,0.158726895242174,0
ood_combo,DS02,15,12,fan_flow_mod,3,1,0,-0.000794847449566232,0,0,0,0,0,0,0.158726895242174,0
ood_combo,DS02,15,12,HPC_eff_mod,4,1,0,-0.00711963859202231,0,0,0,0,0,0,0.158726895242174,0
ood_combo,DS02,15,12,HPC_flow_mod,5,1,0,-0.00260377712758302,0,0,0,0,0,0,0.158726895242174,0
ood_combo,DS02,15,12,LPT_eff_mod,6,1,-0.0111864120740992,-0.00962500404296985,0,0,0,0,0,0,0.158726895242174,0
ood_combo,DS02,15,12,LPT_flow_mod,7,1,-0.00879877386378498,-0.00536519378219431,0,0,0,0,0,0,0.158726895242174,0
ood_combo,DS02,15,12,LPC_eff_mod,8,1,0,-0.000911710285677864,0,0,0,0,0,0,0.158726895242174,0
ood_combo,DS02,15,12,LPC_flow_mod,9,1,0,-0,0,0,0,0,0,0,0.158726895242174,0
ood_combo,DS02,15,13,HPT_eff_mod,1,1,-0.00350794464377827,-0,0,0,0,0,0,0,0.216697242244855,0
ood_combo,DS02,15,13,fan_eff_mod,2,1,0,-0.000146758852823066,0,0,0,0,0,0,0.216697242244855,0
ood_combo,DS02,15,13,fan_flow_mod,3,1,0,-0.000794847449566232,0,0,0,0,0,0,0.216697242244855,0
ood_combo,DS02,15,13,HPC_eff_mod,4,1,0,-0.00711963859202231,0,0,0,0,0,0,0.216697242244855,0
ood_combo,DS02,15,13,HPC_flow_mod,5,1,0,-0.00260377712758302,0,0,0,0,0,0,0.216697242244855,0
ood_combo,DS02,15,13,LPT_eff_mod,6,1,-0.00538503264183393,-0.00962500404296985,0,0,0,0,0,0,0.216697242244855,0
ood_combo,DS02,15,13,LPT_flow_mod,7,1,-0.000682579444356925,-0.00536519378219431,0,0,0,0,0,0,0.216697242244855,0
ood_combo,DS02,15,13,LPC_eff_mod,8,1,0,-0.000911710285677864,0,0,0,0,0,0,0.216697242244855,0
ood_combo,DS02,15,13,LPC_flow_mod,9,1,0,-0,0,0,0,0,0,0,0.216697242244855,0
ood_combo,DS02,15,14,HPT_eff_mod,1,1,-0.00770445941700594,-0,0,0,0,0,0,0,0.224024083282891,0
ood_combo,DS02,15,14,fan_eff_mod,2,1,0,-0.000146758852823066,0,0,0,0,0,0,0.224024083282891,0
ood_combo,DS02,15,14,fan_flow_mod,3,1,0,-0.000794847449566232,0,0,0,0,0,0,0.224024083282891,0
ood_combo,DS02,15,14,HPC_eff_mod,4,1,0,-0.00747574481590777,0,0,0,0,0,0,0.224024083282891,0
ood_combo,DS02,15,14,HPC_flow_mod,5,1,0,-0.00260377712758302,0,0,0,0,0,0,0.224024083282891,0
ood_combo,DS02,15,14,LPT_eff_mod,6,1,-0.00536739995585762,-0.0131363264404357,0,0,0,0,0,0,0.224024083282891,0
ood_combo,DS02,15,14,LPT_flow_mod,7,1,-0.00478448979464825,-0.00536519378219431,0,0,0,0,0,0,0.224024083282891,0
ood_combo,DS02,15,14,LPC_eff_mod,8,1,0,-0.000911710285677864,0,0,0,0,0,0,0.224024083282891,0
ood_combo,DS02,15,14,LPC_flow_mod,9,1,0,-0,0,0,0,0,0,0,0.224024083282891,0
ood_combo,DS02,15,15,HPT_eff_mod,1,1,-0.0121775663702942,-0,0,0,0,0,0,0,0.164637028881758,0
ood_combo,DS02,15,15,fan_eff_mod,2,1,0,-0.000146758852823066,0,0,0,0,0,0,0.164637028881758,0
ood_combo,DS02,15,15,fan_flow_mod,3,1,0,-0.000794847449566232,0,0,0,0,0,0,0.164637028881758,0
ood_combo,DS02,15,15,HPC_eff_mod,4,1,0,-0.00747574481590777,0,0,0,0,0,0,0.164637028881758,0
ood_combo,DS02,15,15,HPC_flow_mod,5,1,0,-0.00260377712758302,0,0,0,0,0,0,0.164637028881758,0
ood_combo,DS02,15,15,LPT_eff_mod,6,1,-0.00987693014275528,-0.0131363264404357,0,0,0,0,0,0,0.164637028881758,0
ood_combo,DS02,15,15,LPT_flow_mod,7,1,-0.0122583255164908,-0.0134041254851584,0,0,0,0,0,0,0.164637028881758,0
ood_combo,DS02,15,15,LPC_eff_mod,8,1,0,-0.000911710285677864,0,0,0,0,0,0,0.164637028881758,0
ood_combo,DS02,15,15,LPC_flow_mod,9,1,0,-0,0,0,0,0,0,0,0.164637028881758,0
ood_combo,DS02,15,16,HPT_eff_mod,1,1,-0.0197318845650738,-0,0,0,0,0,0,0,0.113586946660203,0
ood_combo,DS02,15,16,fan_eff_mod,2,1,0,-0.000146758852823066,0,0,0,0,0,0,0.113586946660203,0
ood_combo,DS02,15,16,fan_flow_mod,3,1,0,-0.000794847449566232,0,0,0,0,0,0,0.113586946660203,0
ood_combo,DS02,15,16,HPC_eff_mod,4,1,0,-0.00747574481590777,0,0,0,0,0,0,0.113586946660203,0
ood_combo,DS02,15,16,HPC_flow_mod,5,1,0,-0.00260377712758302,0,0,0,0,0,0,0.113586946660203,0
ood_combo,DS02,15,16,LPT_eff_mod,6,1,-0.00620630011131112,-0.0131363264404357,0,0,0,0,0,0,0.113586946660203,0
ood_combo,DS02,15,16,LPT_flow_mod,7,1,-0.00219823353808161,-0.0134041254851584,0,0,0,0,0,0,0.113586946660203,0
ood_combo,DS02,15,16,LPC_eff_mod,8,1,0,-0.000911710285677864,0,0,0,0,0,0,0.113586946660203,0
ood_combo,DS02,15,16,LPC_flow_mod,9,1,0,-0,0,0,0,0,0,0,0.113586946660203,0
ood_combo,DS02,15,17,HPT_eff_mod,1,1,-0.00858966476657771,-0,0,0,0,0,0,0,0.247021218060222,0
ood_combo,DS02,15,17,fan_eff_mod,2,1,0,-0.000146758852823066,0,0,0,0,0,0,0.247021218060222,0
ood_combo,DS02,15,17,fan_flow_mod,3,1,0,-0.000794847449566232,0,0,0,0,0,0,0.247021218060222,0
ood_combo,DS02,15,17,HPC_eff_mod,4,1,0,-0.00747574481590777,0,0,0,0,0,0,0.247021218060222,0
ood_combo,DS02,15,17,HPC_flow_mod,5,1,0,-0.00260377712758302,0,0,0,0,0,0,0.247021218060222,0
ood_combo,DS02,15,17,LPT_eff_mod,6,1,-0.0104124396702537,-0.0131363264404357,0,0,0,0,0,0,0.247021218060222,0
ood_combo,DS02,15,17,LPT_flow_mod,7,1,-0.00867924445242633,-0.0134041254851584,0,0,0,0,0,0,0.247021218060222,0
ood_combo,DS02,15,17,LPC_eff_mod,8,1,0,-0.000911710285677864,0,0,0,0,0,0,0.247021218060222,0
ood_combo,DS02,15,17,LPC_flow_mod,9,1,0,-0,0,0,0,0,0,0,0.247021218060222,0
ood_combo,DS02,15,18,HPT_eff_mod,1,1,-0.0151642187674121,-0,0,0,0,0,0,0,0.181147516354079,0
ood_combo,DS02,15,18,fan_eff_mod,2,1,0,-0.000146758852823066,0,0,0,0,0,0,0.181147516354079,0
ood_combo,DS02,15,18,fan_flow_mod,3,1,0,-0.000794847449566232,0,0,0,0,0,0,0.181147516354079,0
ood_combo,DS02,15,18,HPC_eff_mod,4,1,0,-0.0134531377183256,0,0,0,0,0,0,0.181147516354079,0
ood_combo,DS02,15,18,HPC_flow_mod,5,1,0,-0.003600729849668,0,0,0,0,0,0,0.181147516354079,0
ood_combo,DS02,15,18,LPT_eff_mod,6,1,-0.0150273744738617,-0.0131363264404357,0,0,0,0,0,0,0.181147516354079,0
ood_combo,DS02,15,18,LPT_flow_mod,7,1,-0.00393227840204988,-0.0134041254851584,0,0,0,0,0,0,0.181147516354079,0
ood_combo,DS02,15,18,LPC_eff_mod,8,1,0,-0.000911710285677864,0,0,0,0,0,0,0.181147516354079,0
ood_combo,DS02,15,18,LPC_flow_mod,9,1,0,-0,0,0,0,0,0,0,0.181147516354079,0
ood_combo,DS02,15,19,HPT_eff_mod,1,1,-0.0127590908752954,-0,0,0,0,0,0,0,0.175694968330761,0
ood_combo,DS02,15,19,fan_eff_mod,2,1,0,-0.000146758852823066,0,0,0,0,0,0,0.175694968330761,0
ood_combo,DS02,15,19,fan_flow_mod,3,1,0,-0.000794847449566232,0,0,0,0,0,0,0.175694968330761,0
ood_combo,DS02,15,19,HPC_eff_mod,4,1,0,-0.0134531377183256,0,0,0,0,0,0,0.175694968330761,0
ood_combo,DS02,15,19,HPC_flow_mod,5,1,0,-0.003600729849668,0,0,0,0,0,0,0.175694968330761,0
ood_combo,DS02,15,19,LPT_eff_mod,6,1,-0.0159519357791253,-0.0131363264404357,0,0,0,0,0,0,0.175694968330761,0
ood_combo,DS02,15,19,LPT_flow_mod,7,1,-0.014621566533191,-0.014551842803929,0,0,0,0,0,0,0.175694968330761,0
ood_combo,DS02,15,19,LPC_eff_mod,8,1,0,-0.000911710285677864,0,0,0,0,0,0,0.175694968330761,0
ood_combo,DS02,15,19,LPC_flow_mod,9,1,0,-0,0,0,0,0,0,0,0.175694968330761,0
ood_combo,DS02,15,20,HPT_eff_mod,1,1,-0.013259249663074,-0,0,0,0,0,0,0,0.207005076544318,0
ood_combo,DS02,15,20,fan_eff_mod,2,1,0,-0.000146758852823066,0,0,0,0,0,0,0.207005076544318,0
ood_combo,DS02,15,20,fan_flow_mod,3,1,0,-0.000794847449566232,0,0,0,0,0,0,0.207005076544318,0
ood_combo,DS02,15,20,HPC_eff_mod,4,1,0,-0.0134531377183256,0,0,0,0,0,0,0.207005076544318,0
ood_combo,DS02,15,20,HPC_flow_mod,5,1,0,-0.003600729849668,0,0,0,0,0,0,0.207005076544318,0
ood_combo,DS02,15,20,LPT_eff_mod,6,1,-0.00829233480063526,-0.0131363264404357,0,0,0,0,0,0,0.207005076544318,0
ood_combo,DS02,15,20,LPT_flow_mod,7,1,-0.0141819021228859,-0.0180720303904737,0,0,0,0,0,0,0.207005076544318,0
ood_combo,DS02,15,20,LPC_eff_mod,8,1,0,-0.000911710285677864,0,0,0,0,0,0,0.207005076544318,0
ood_combo,DS02,15,20,LPC_flow_mod,9,1,0,-0,0,0,0,0,0,0,0.207005076544318,0
ood_combo,DS02,15,21,HPT_eff_mod,1,1,-0.0177204306494042,-0,0,0,0,0,0,0,0.117074600653702,0
ood_combo,DS02,15,21,fan_eff_mod,2,1,0,-0.000146758852823066,0,0,0,0,0,0,0.117074600653702,0
ood_combo,DS02,15,21,fan_flow_mod,3,1,0,-0.000794847449566232,0,0,0,0,0,0,0.117074600653702,0
ood_combo,DS02,15,21,HPC_eff_mod,4,1,0,-0.0134531377183256,0,0,0,0,0,0,0.117074600653702,0
ood_combo,DS02,15,21,HPC_flow_mod,5,1,0,-0.003600729849668,0,0,0,0,0,0,0.117074600653702,0
ood_combo,DS02,15,21,LPT_eff_mod,6,1,-0.00955275507098394,-0.0131363264404357,0,0,0,0,0,0,0.117074600653702,0
ood_combo,DS02,15,21,LPT_flow_mod,7,1,-0.0132668415630375,-0.0180720303904737,0,0,0,0,0,0,0.117074600653702,0
ood_combo,DS02,15,21,LPC_eff_mod,8,1,0,-0.000911710285677864,0,0,0,0,0,0,0.117074600653702,0
ood_combo,DS02,15,21,LPC_flow_mod,9,1,0,-0,0,0,0,0,0,0,0.117074600653702,0
ood_combo,DS02,15,22,HPT_eff_mod,1,1,-0.029815206406045,-0,0,0,0,0,0,0,0.194457598948721,0
ood_combo,DS02,15,22,fan_eff_mod,2,1,0,-0.000146758852823066,0,0,0,0,0,0,0.194457598948721,0
ood_combo,DS02,15,22,fan_flow_mod,3,1,0,-0.000794847449566232,0,0,0,0,0,0,0.194457598948721,0
ood_combo,DS02,15,22,HPC_eff_mod,4,1,0,-0.0134531377183256,0,0,0,0,0,0,0.194457598948721,0
ood_combo,DS02,15,22,HPC_flow_mod,5,1,0,-0.003600729849668,0,0,0,0,0,0,0.194457598948721,0
ood_combo,DS02,15,22,LPT_eff_mod,6,1,-0.0118954191535483,-0.0131363264404357,0,0,0,0,0,0,0.194457598948721,0
ood_combo,DS02,15,22,LPT_flow_mod,7,1,-0.0151072546386976,-0.0180720303904737,0,0,0,0,0,0,0.194457598948721,0
ood_combo,DS02,15,22,LPC_eff_mod,8,1,0,-0.000911710285677864,0,0,0,0,0,0,0.194457598948721,0
ood_combo,DS02,15,22,LPC_flow_mod,9,1,0,-0,0,0,0,0,0,0,0.194457598948721,0
ood_combo,DS02,15,23,HPT_eff_mod,1,1,-0.0147893580057328,-0,0,0,0,0,0,0,0.300040717594278,0
ood_combo,DS02,15,23,fan_eff_mod,2,1,0,-0.000146758852823066,0,0,0,0,0,0,0.300040717594278,0
ood_combo,DS02,15,23,fan_flow_mod,3,1,0,-0.000794847449566232,0,0,0,0,0,0,0.300040717594278,0
ood_combo,DS02,15,23,HPC_eff_mod,4,1,0,-0.0134531377183256,0,0,0,0,0,0,0.300040717594278,0
ood_combo,DS02,15,23,HPC_flow_mod,5,1,0,-0.003600729849668,0,0,0,0,0,0,0.300040717594278,0
ood_combo,DS02,15,23,LPT_eff_mod,6,1,-0.00932924118257975,-0.0131363264404357,0,0,0,0,0,0,0.300040717594278,0
ood_combo,DS02,15,23,LPT_flow_mod,7,1,-0.00883417432860953,-0.0180720303904737,0,0,0,0,0,0,0.300040717594278,0
ood_combo,DS02,15,23,LPC_eff_mod,8,1,0,-0.000911710285677864,0,0,0,0,0,0,0.300040717594278,0
ood_combo,DS02,15,23,LPC_flow_mod,9,1,0,-0,0,0,0,0,0,0,0.300040717594278,0
ood_combo,DS02,15,24,HPT_eff_mod,1,0,-0.0329885490800427,-0,1,0,2,0,2,0,0.657687267532114,1
ood_combo,DS02,15,24,fan_eff_mod,2,0,0,-0.000146758852823066,0,0,0,0,2,0,0.657687267532114,1
ood_combo,DS02,15,24,fan_flow_mod,3,0,0,-0.00164549216222183,0,0,0,0,2,0,0.657687267532114,1
ood_combo,DS02,15,24,HPC_eff_mod,4,0,0,-0.0134531377183256,0,0,0,0,2,0,0.657687267532114,1
ood_combo,DS02,15,24,HPC_flow_mod,5,0,0,-0.003600729849668,0,0,0,0,2,0,0.657687267532114,1
ood_combo,DS02,15,24,LPT_eff_mod,6,0,-0.0180972092337468,-0.0131363264404357,1,0,1,0,2,0,0.657687267532114,1
ood_combo,DS02,15,24,LPT_flow_mod,7,0,-0.0104250708030637,-0.0355573764555411,1,0,1,0,2,0,0.657687267532114,1
ood_combo,DS02,15,24,LPC_eff_mod,8,0,0,-0.000911710285677864,0,0,0,0,2,0,0.657687267532114,1
ood_combo,DS02,15,24,LPC_flow_mod,9,0,0,-0.00256084772932243,0,0,0,0,2,0,0.657687267532114,1
ood_combo,DS02,15,25,HPT_eff_mod,1,0,-0.0212037239309893,-0,1,0,2,0,2,0,0.201932867120835,0
ood_combo,DS02,15,25,fan_eff_mod,2,0,0,-0.000146758852823066,0,0,0,0,2,0,0.201932867120835,0
ood_combo,DS02,15,25,fan_flow_mod,3,0,0,-0.00164549216222183,0,0,0,0,2,0,0.201932867120835,0
ood_combo,DS02,15,25,HPC_eff_mod,4,0,0,-0.0134531377183256,0,0,0,0,2,0,0.201932867120835,0
ood_combo,DS02,15,25,HPC_flow_mod,5,0,0,-0.003600729849668,0,0,0,0,2,0,0.201932867120835,0
ood_combo,DS02,15,25,LPT_eff_mod,6,0,-0.0152117945066519,-0.0294211510770534,1,0,1,0,2,0,0.201932867120835,0
ood_combo,DS02,15,25,LPT_flow_mod,7,0,-0.00917393329815062,-0.0355573764555411,1,0,1,0,2,0,0.201932867120835,0
ood_combo,DS02,15,25,LPC_eff_mod,8,0,0,-0.000911710285677864,0,0,0,0,2,0,0.201932867120835,0
ood_combo,DS02,15,25,LPC_flow_mod,9,0,0,-0.00256084772932243,0,0,0,0,2,0,0.201932867120835,0
ood_combo,DS02,15,26,HPT_eff_mod,1,0,-0.0373603499529107,-0,1,0,2,0,2,0,0.202815689277554,0
ood_combo,DS02,15,26,fan_eff_mod,2,0,0,-0.000146758852823066,0,0,0,0,2,0,0.202815689277554,0
ood_combo,DS02,15,26,fan_flow_mod,3,0,0,-0.00164549216222183,0,0,0,0,2,0,0.202815689277554,0
ood_combo,DS02,15,26,HPC_eff_mod,4,0,0,-0.0134531377183256,0,0,0,0,2,0,0.202815689277554,0
ood_combo,DS02,15,26,HPC_flow_mod,5,0,0,-0.003600729849668,0,0,0,0,2,0,0.202815689277554,0
ood_combo,DS02,15,26,LPT_eff_mod,6,0,-0.0263485369020006,-0.032378610882001,1,0,1,0,2,0,0.202815689277554,0
ood_combo,DS02,15,26,LPT_flow_mod,7,0,-0.0208981756313146,-0.047122332085797,1,0,1,0,2,0,0.202815689277554,0
ood_combo,DS02,15,26,LPC_eff_mod,8,0,0,-0.000911710285677864,0,0,0,0,2,0,0.202815689277554,0
ood_combo,DS02,15,26,LPC_flow_mod,9,0,0,-0.00256084772932243,0,0,0,0,2,0,0.202815689277554,0
ood_combo,DS02,15,27,HPT_eff_mod,1,0,-0.0401610804492649,-0,1,0,2,0,2,0,0.218946771194425,0
ood_combo,DS02,15,27,fan_eff_mod,2,0,0,-0.000146758852823066,0,0,0,0,2,0,0.218946771194425,0
ood_combo,DS02,15,27,fan_flow_mod,3,0,0,-0.00164549216222183,0,0,0,0,2,0,0.218946771194425,0
ood_combo,DS02,15,27,HPC_eff_mod,4,0,0,-0.0134531377183256,0,0,0,0,2,0,0.218946771194425,0
ood_combo,DS02,15,27,HPC_flow_mod,5,0,0,-0.003600729849668,0,0,0,0,2,0,0.218946771194425,0
ood_combo,DS02,15,27,LPT_eff_mod,6,0,-0.0199784291428922,-0.032378610882001,1,0,1,0,2,0,0.218946771194425,0
ood_combo,DS02,15,27,LPT_flow_mod,7,0,-0.0250477727884697,-0.0493141064343996,1,0,1,0,2,0,0.218946771194425,0
ood_combo,DS02,15,27,LPC_eff_mod,8,0,0,-0.000911710285677864,0,0,0,0,2,0,0.218946771194425,0
ood_combo,DS02,15,27,LPC_flow_mod,9,0,0,-0.00256084772932243,0,0,0,0,2,0,0.218946771194425,0
ood_combo,DS02,15,28,HPT_eff_mod,1,0,-0.032434913056,-0,1,0,2,0,2,0,0.174429925414992,0
ood_combo,DS02,15,28,fan_eff_mod,2,0,0,-0.000146758852823066,0,0,0,0,2,0,0.174429925414992,0
ood_combo,DS02,15,28,fan_flow_mod,3,0,0,-0.00164549216222183,0,0,0,0,2,0,0.174429925414992,0
ood_combo,DS02,15,28,HPC_eff_mod,4,0,0,-0.0134531377183256,0,0,0,0,2,0,0.174429925414992,0
ood_combo,DS02,15,28,HPC_flow_mod,5,0,0,-0.003600729849668,0,0,0,0,2,0,0.174429925414992,0
ood_combo,DS02,15,28,LPT_eff_mod,6,0,-0.0235760991339106,-0.0327161302436818,1,0,1,0,2,0,0.174429925414992,0
ood_combo,DS02,15,28,LPT_flow_mod,7,0,-0.0247807786454907,-0.0493141064343996,1,0,1,0,2,0,0.174429925414992,0
ood_combo,DS02,15,28,LPC_eff_mod,8,0,0,-0.000911710285677864,0,0,0,0,2,0,0.174429925414992,0
ood_combo,DS02,15,28,LPC_flow_mod,9,0,0,-0.00256084772932243,0,0,0,0,2,0,0.174429925414992,0
ood_combo,DS02,15,29,HPT_eff_mod,1,0,-0.0437525085458789,-0,1,0,2,0,2,2,0.253488691304467,0
ood_combo,DS02,15,29,fan_eff_mod,2,0,0,-0.000146758852823066,0,0,0,0,2,2,0.253488691304467,0
ood_combo,DS02,15,29,fan_flow_mod,3,0,0,-0.00164549216222183,0,0,0,0,2,2,0.253488691304467,0
ood_combo,DS02,15,29,HPC_eff_mod,4,0,0,-0.0134531377183256,0,0,0,0,2,2,0.253488691304467,0
ood_combo,DS02,15,29,HPC_flow_mod,5,0,0,-0.003600729849668,0,0,0,0,2,2,0.253488691304467,0
ood_combo,DS02,15,29,LPT_eff_mod,6,0,-0.0245468575052014,-0.0434460533112926,1,1,1,2,2,2,0.253488691304467,0
ood_combo,DS02,15,29,LPT_flow_mod,7,0,-0.0314196093070882,-0.0493141064343996,1,0,2,0,2,2,0.253488691304467,0
ood_combo,DS02,15,29,LPC_eff_mod,8,0,0,-0.000911710285677864,0,0,0,0,2,2,0.253488691304467,0
ood_combo,DS02,15,29,LPC_flow_mod,9,0,0,-0.00256084772932243,0,0,0,0,2,2,0.253488691304467,0
ood_combo,DS02,15,30,HPT_eff_mod,1,0,-0.0373884040213905,-0,1,0,2,0,2,2,0.232609864995714,0
ood_combo,DS02,15,30,fan_eff_mod,2,0,0,-0.000146758852823066,0,0,0,0,2,2,0.232609864995714,0
ood_combo,DS02,15,30,fan_flow_mod,3,0,0,-0.00164549216222183,0,0,0,0,2,2,0.232609864995714,0
ood_combo,DS02,15,30,HPC_eff_mod,4,0,0,-0.0134531377183256,0,0,0,0,2,2,0.232609864995714,0
ood_combo,DS02,15,30,HPC_flow_mod,5,0,0,-0.003600729849668,0,0,0,0,2,2,0.232609864995714,0
ood_combo,DS02,15,30,LPT_eff_mod,6,0,-0.0234294398821725,-0.0434460533112926,1,1,1,2,2,2,0.232609864995714,0
ood_combo,DS02,15,30,LPT_flow_mod,7,0,-0.00969716335575819,-0.0493141064343996,1,1,2,2,2,2,0.232609864995714,0
ood_combo,DS02,15,30,LPC_eff_mod,8,0,0,-0.000911710285677864,0,0,0,0,2,2,0.232609864995714,0
ood_combo,DS02,15,30,LPC_flow_mod,9,0,0,-0.00256084772932243,0,0,0,0,2,2,0.232609864995714,0
ood_combo,DS02,15,31,HPT_eff_mod,1,0,-0.0535714871219647,-0,1,0,2,0,2,2,0.286513416936918,0
ood_combo,DS02,15,31,fan_eff_mod,2,0,0,-0.000146758852823066,0,0,0,0,2,2,0.286513416936918,0
ood_combo,DS02,15,31,fan_flow_mod,3,0,0,-0.00164549216222183,0,0,0,0,2,2,0.286513416936918,0
ood_combo,DS02,15,31,HPC_eff_mod,4,0,0,-0.0134531377183256,0,0,0,0,2,2,0.286513416936918,0
ood_combo,DS02,15,31,HPC_flow_mod,5,0,0,-0.003600729849668,0,0,0,0,2,2,0.286513416936918,0
ood_combo,DS02,15,31,LPT_eff_mod,6,0,-0.0211681116412922,-0.0434460533112926,1,1,1,2,2,2,0.286513416936918,0
ood_combo,DS02,15,31,LPT_flow_mod,7,0,-0.019402914330921,-0.0708674214468442,1,1,2,2,2,2,0.286513416936918,0
ood_combo,DS02,15,31,LPC_eff_mod,8,0,0,-0.000911710285677864,0,0,0,0,2,2,0.286513416936918,0
ood_combo,DS02,15,31,LPC_flow_mod,9,0,0,-0.00256084772932243,0,0,0,0,2,2,0.286513416936918,0
ood_combo,DS02,15,32,HPT_eff_mod,1,0,-0.0494279804069503,-0,1,0,2,0,2,2,0.0887253676480313,0
ood_combo,DS02,15,32,fan_eff_mod,2,0,0,-0.000146758852823066,0,0,0,0,2,2,0.0887253676480313,0
ood_combo,DS02,15,32,fan_flow_mod,3,0,0,-0.00164549216222183,0,0,0,0,2,2,0.0887253676480313,0
ood_combo,DS02,15,32,HPC_eff_mod,4,0,0,-0.0134531377183256,0,0,0,0,2,2,0.0887253676480313,0
ood_combo,DS02,15,32,HPC_flow_mod,5,0,0,-0.003600729849668,0,0,0,0,2,2,0.0887253676480313,0
ood_combo,DS02,15,32,LPT_eff_mod,6,0,-0.0283710991031608,-0.0434460533112926,1,1,2,2,2,2,0.0887253676480313,0
ood_combo,DS02,15,32,LPT_flow_mod,7,0,-0.0311794311926553,-0.0726677155835552,1,1,2,2,2,2,0.0887253676480313,0
ood_combo,DS02,15,32,LPC_eff_mod,8,0,0,-0.000911710285677864,0,0,0,0,2,2,0.0887253676480313,0
ood_combo,DS02,15,32,LPC_flow_mod,9,0,0,-0.00256084772932243,0,0,0,0,2,2,0.0887253676480313,0
ood_combo,DS02,15,33,HPT_eff_mod,1,0,-0.0475438326840142,-0,1,0,2,0,2,2,0.0954549503627851,0
ood_combo,DS02,15,33,fan_eff_mod,2,0,0,-0.000146758852823066,0,0,0,0,2,2,0.0954549503627851,0
ood_combo,DS02,15,33,fan_flow_mod,3,0,0,-0.00164549216222183,0,0,0,0,2,2,0.0954549503627851,0
ood_combo,DS02,15,33,HPC_eff_mod,4,0,0,-0.0134531377183256,0,0,0,0,2,2,0.0954549503627851,0
ood_combo,DS02,15,33,HPC_flow_mod,5,0,0,-0.003600729849668,0,0,0,0,2,2,0.0954549503627851,0
ood_combo,DS02,15,33,LPT_eff_mod,6,0,-0.0204552960833641,-0.0434460533112926,1,1,2,2,2,2,0.0954549503627851,0
ood_combo,DS02,15,33,LPT_flow_mod,7,0,-0.0273301784159773,-0.0726677155835552,1,1,2,2,2,2,0.0954549503627851,0
ood_combo,DS02,15,33,LPC_eff_mod,8,0,0,-0.000911710285677864,0,0,0,0,2,2,0.0954549503627851,0
ood_combo,DS02,15,33,LPC_flow_mod,9,0,0,-0.00256084772932243,0,0,0,0,2,2,0.0954549503627851,0
ood_combo,DS02,15,34,HPT_eff_mod,1,0,-0.0545083728858864,-0,1,0,2,0,2,2,0.132312554126532,0
ood_combo,DS02,15,34,fan_eff_mod,2,0,0,-0.000146758852823066,0,0,0,0,2,2,0.132312554126532,0
ood_combo,DS02,15,34,fan_flow_mod,3,0,0,-0.00164549216222183,0,0,0,0,2,2,0.132312554126532,0
ood_combo,DS02,15,34,HPC_eff_mod,4,0,0,-0.0134531377183256,0,0,0,0,2,2,0.132312554126532,0
ood_combo,DS02,15,34,HPC_flow_mod,5,0,0,-0.003600729849668,0,0,0,0,2,2,0.132312554126532,0
ood_combo,DS02,15,34,LPT_eff_mod,6,0,-0.0305663040094367,-0.048493596524826,1,1,2,2,2,2,0.132312554126532,0
ood_combo,DS02,15,34,LPT_flow_mod,7,0,-0.028232897805014,-0.0737575488188624,1,1,2,2,2,2,0.132312554126532,0
ood_combo,DS02,15,34,LPC_eff_mod,8,0,0,-0.000911710285677864,0,0,0,0,2,2,0.132312554126532,0
ood_combo,DS02,15,34,LPC_flow_mod,9,0,0,-0.00256084772932243,0,0,0,0,2,2,0.132312554126532,0
ood_combo,DS02,15,35,HPT_eff_mod,1,0,-0.0484388219708034,-0,1,0,2,0,2,2,0.173588650292249,0
ood_combo,DS02,15,35,fan_eff_mod,2,0,0,-0.000146758852823066,0,0,0,0,2,2,0.173588650292249,0
ood_combo,DS02,15,35,fan_flow_mod,3,0,0,-0.00164549216222183,0,0,0,0,2,2,0.173588650292249,0
ood_combo,DS02,15,35,HPC_eff_mod,4,0,0,-0.0134531377183256,0,0,0,0,2,2,0.173588650292249,0
ood_combo,DS02,15,35,HPC_flow_mod,5,0,0,-0.003600729849668,0,0,0,0,2,2,0.173588650292249,0
ood_combo,DS02,15,35,LPT_eff_mod,6,0,-0.0290706829641601,-0.048493596524826,1,1,2,2,2,2,0.173588650292249,0
ood_combo,DS02,15,35,LPT_flow_mod,7,0,-0.0289101628432439,-0.0737575488188624,1,1,2,2,2,2,0.173588650292249,0
ood_combo,DS02,15,35,LPC_eff_mod,8,0,0,-0.000911710285677864,0,0,0,0,2,2,0.173588650292249,0
ood_combo,DS02,15,35,LPC_flow_mod,9,0,0,-0.00256084772932243,0,0,0,0,2,2,0.173588650292249,0
ood_combo,DS02,15,36,HPT_eff_mod,1,0,-0.0535787048318871,-0,1,0,2,0,2,2,0.280252502082114,0
ood_combo,DS02,15,36,fan_eff_mod,2,0,0,-0.000146758852823066,0,0,0,0,2,2,0.280252502082114,0
ood_combo,DS02,15,36,fan_flow_mod,3,0,0,-0.00164549216222183,0,0,0,0,2,2,0.280252502082114,0
ood_combo,DS02,15,36,HPC_eff_mod,4,0,0,-0.0134531377183256,0,0,0,0,2,2,0.280252502082114,0
ood_combo,DS02,15,36,HPC_flow_mod,5,0,0,-0.003600729849668,0,0,0,0,2,2,0.280252502082114,0
ood_combo,DS02,15,36,LPT_eff_mod,6,0,-0.0299290950003609,-0.048493596524826,1,1,2,2,2,2,0.280252502082114,0
ood_combo,DS02,15,36,LPT_flow_mod,7,0,-0.0385262932628464,-0.0766768895406662,1,1,2,2,2,2,0.280252502082114,0
ood_combo,DS02,15,36,LPC_eff_mod,8,0,0,-0.000911710285677864,0,0,0,0,2,2,0.280252502082114,0
ood_combo,DS02,15,36,LPC_flow_mod,9,0,0,-0.00256084772932243,0,0,0,0,2,2,0.280252502082114,0
ood_combo,DS02,15,37,HPT_eff_mod,1,0,-0.0576456024647974,-0,1,0,2,0,2,2,0.144033472370202,0
ood_combo,DS02,15,37,fan_eff_mod,2,0,0,-0.000146758852823066,0,0,0,0,2,2,0.144033472370202,0
ood_combo,DS02,15,37,fan_flow_mod,3,0,0,-0.00164549216222183,0,0,0,0,2,2,0.144033472370202,0
ood_combo,DS02,15,37,HPC_eff_mod,4,0,0,-0.0134531377183256,0,0,0,0,2,2,0.144033472370202,0
ood_combo,DS02,15,37,HPC_flow_mod,5,0,0,-0.003600729849668,0,0,0,0,2,2,0.144033472370202,0
ood_combo,DS02,15,37,LPT_eff_mod,6,0,-0.0344028514528806,-0.0521050638429907,1,1,2,2,2,2,0.144033472370202,0
ood_combo,DS02,15,37,LPT_flow_mod,7,0,-0.0380674017021144,-0.0868491233040147,1,1,2,2,2,2,0.144033472370202,0
ood_combo,DS02,15,37,LPC_eff_mod,8,0,0,-0.000911710285677864,0,0,0,0,2,2,0.144033472370202,0
ood_combo,DS02,15,37,LPC_flow_mod,9,0,0,-0.00256084772932243,0,0,0,0,2,2,0.144033472370202,0
ood_combo,DS02,15,38,HPT_eff_mod,1,0,-0.0680036648625015,-0.00477196565693456,1,0,2,0,2,2,0.173523070631748,0
ood_combo,DS02,15,38,fan_eff_mod,2,0,0,-0.000146758852823066,0,0,0,0,2,2,0.173523070631748,0
ood_combo,DS02,15,38,fan_flow_mod,3,0,0,-0.00164549216222183,0,0,0,0,2,2,0.173523070631748,0
ood_combo,DS02,15,38,HPC_eff_mod,4,0,0,-0.0134531377183256,0,0,0,0,2,2,0.173523070631748,0
ood_combo,DS02,15,38,HPC_flow_mod,5,0,0,-0.003600729849668,0,0,0,0,2,2,0.173523070631748,0
ood_combo,DS02,15,38,LPT_eff_mod,6,0,-0.0360031238255949,-0.0632553942401616,1,1,2,2,2,2,0.173523070631748,0
ood_combo,DS02,15,38,LPT_flow_mod,7,0,-0.0402646350451759,-0.0868491233040147,1,1,2,2,2,2,0.173523070631748,0
ood_combo,DS02,15,38,LPC_eff_mod,8,0,0,-0.000911710285677864,0,0,0,0,2,2,0.173523070631748,0
ood_combo,DS02,15,38,LPC_flow_mod,9,0,0,-0.00256084772932243,0,0,0,0,2,2,0.173523070631748,0
ood_combo,DS02,15,39,HPT_eff_mod,1,0,-0.0667182410706335,-0.00477196565693456,1,0,2,0,2,2,0.102633760674315,0
ood_combo,DS02,15,39,fan_eff_mod,2,0,0,-0.000146758852823066,0,0,0,0,2,2,0.102633760674315,0
ood_combo,DS02,15,39,fan_flow_mod,3,0,0,-0.00164549216222183,0,0,0,0,2,2,0.102633760674315,0
ood_combo,DS02,15,39,HPC_eff_mod,4,0,0,-0.0134531377183256,0,0,0,0,2,2,0.102633760674315,0
ood_combo,DS02,15,39,HPC_flow_mod,5,0,0,-0.003600729849668,0,0,0,0,2,2,0.102633760674315,0
ood_combo,DS02,15,39,LPT_eff_mod,6,0,-0.0413770728947149,-0.0632553942401616,1,1,2,2,2,2,0.102633760674315,0
ood_combo,DS02,15,39,LPT_flow_mod,7,0,-0.0437036889172782,-0.104459683579874,1,1,2,2,2,2,0.102633760674315,0
ood_combo,DS02,15,39,LPC_eff_mod,8,0,0,-0.000911710285677864,0,0,0,0,2,2,0.102633760674315,0
ood_combo,DS02,15,39,LPC_flow_mod,9,0,0,-0.00256084772932243,0,0,0,0,2,2,0.102633760674315,0
ood_combo,DS02,15,40,HPT_eff_mod,1,0,-0.0856852229259095,-0.00477196565693456,1,0,2,0,2,2,0.216657943028058,0
ood_combo,DS02,15,40,fan_eff_mod,2,0,0,-0.000146758852823066,0,0,0,0,2,2,0.216657943028058,0
ood_combo,DS02,15,40,fan_flow_mod,3,0,0,-0.00164549216222183,0,0,0,0,2,2,0.216657943028058,0
ood_combo,DS02,15,40,HPC_eff_mod,4,0,0,-0.0134531377183256,0,0,0,0,2,2,0.216657943028058,0
ood_combo,DS02,15,40,HPC_flow_mod,5,0,0,-0.003600729849668,0,0,0,0,2,2,0.216657943028058,0
ood_combo,DS02,15,40,LPT_eff_mod,6,0,-0.0413011753013588,-0.0632553942401616,1,1,2,2,2,2,0.216657943028058,0
ood_combo,DS02,15,40,LPT_flow_mod,7,0,-0.0601988924725574,-0.125768220659783,1,1,2,2,2,2,0.216657943028058,0
ood_combo,DS02,15,40,LPC_eff_mod,8,0,0,-0.000911710285677864,0,0,0,0,2,2,0.216657943028058,0
ood_combo,DS02,15,40,LPC_flow_mod,9,0,0,-0.00256084772932243,0,0,0,0,2,2,0.216657943028058,0
ood_combo,DS02,15,41,HPT_eff_mod,1,0,-0.0744429160566599,-0.00477196565693456,1,0,2,0,2,2,0.400414668839769,1
ood_combo,DS02,15,41,fan_eff_mod,2,0,0,-0.000146758852823066,0,0,0,0,2,2,0.400414668839769,1
ood_combo,DS02,15,41,fan_flow_mod,3,0,0,-0.00164549216222183,0,0,0,0,2,2,0.400414668839769,1
ood_combo,DS02,15,41,HPC_eff_mod,4,0,0,-0.0134531377183256,0,0,0,0,2,2,0.400414668839769,1
ood_combo,DS02,15,41,HPC_flow_mod,5,0,0,-0.003600729849668,0,0,0,0,2,2,0.400414668839769,1
ood_combo,DS02,15,41,LPT_eff_mod,6,0,-0.047182424487152,-0.0632553942401616,1,1,2,2,2,2,0.400414668839769,1
ood_combo,DS02,15,41,LPT_flow_mod,7,0,-0.0548217164006488,-0.125768220659783,1,1,2,2,2,2,0.400414668839769,1
ood_combo,DS02,15,41,LPC_eff_mod,8,0,0,-0.000911710285677864,0,0,0,0,2,2,0.400414668839769,1
ood_combo,DS02,15,41,LPC_flow_mod,9,0,0,-0.00256084772932243,0,0,0,0,2,2,0.400414668839769,1
ood_combo,DS02,15,42,HPT_eff_mod,1,0,-0.0834207100642076,-0.00477196565693456,1,1,2,1,2,2,0.103807664187225,0
ood_combo,DS02,15,42,fan_eff_mod,2,0,0,-0.000146758852823066,0,0,0,0,2,2,0.103807664187225,0
ood_combo,DS02,15,42,fan_flow_mod,3,0,0,-0.00164549216222183,0,0,0,0,2,2,0.103807664187225,0
ood_combo,DS02,15,42,HPC_eff_mod,4,0,0,-0.0134531377183256,0,0,0,0,2,2,0.103807664187225,0
ood_combo,DS02,15,42,HPC_flow_mod,5,0,0,-0.003600729849668,0,0,0,0,2,2,0.103807664187225,0
ood_combo,DS02,15,42,LPT_eff_mod,6,0,-0.0462173889206791,-0.0781447966074416,1,1,2,2,2,2,0.103807664187225,0
ood_combo,DS02,15,42,LPT_flow_mod,7,0,-0.0572674782502926,-0.129460367093244,1,1,2,2,2,2,0.103807664187225,0
ood_combo,DS02,15,42,LPC_eff_mod,8,0,0,-0.000911710285677864,0,0,0,0,2,2,0.103807664187225,0
ood_combo,DS02,15,42,LPC_flow_mod,9,0,0,-0.00256084772932243,0,0,0,0,2,2,0.103807664187225,0
ood_combo,DS02,15,43,HPT_eff_mod,1,0,-0.102396294696953,-0.0226278810824653,1,1,2,1,2,3,0.137219115927066,0
ood_combo,DS02,15,43,fan_eff_mod,2,0,0,-0.000146758852823066,0,0,0,0,2,3,0.137219115927066,0
ood_combo,DS02,15,43,fan_flow_mod,3,0,0,-0.00164549216222183,0,0,0,0,2,3,0.137219115927066,0
ood_combo,DS02,15,43,HPC_eff_mod,4,0,0,-0.0134531377183256,0,0,0,0,2,3,0.137219115927066,0
ood_combo,DS02,15,43,HPC_flow_mod,5,0,0,-0.003600729849668,0,0,0,0,2,3,0.137219115927066,0
ood_combo,DS02,15,43,LPT_eff_mod,6,0,-0.0565939970894632,-0.0888936926679759,1,1,2,2,2,3,0.137219115927066,0
ood_combo,DS02,15,43,LPT_flow_mod,7,0,-0.0731397017441519,-0.158280082875742,1,1,2,3,2,3,0.137219115927066,0
ood_combo,DS02,15,43,LPC_eff_mod,8,0,0,-0.000911710285677864,0,0,0,0,2,3,0.137219115927066,0
ood_combo,DS02,15,43,LPC_flow_mod,9,0,0,-0.00256084772932243,0,0,0,0,2,3,0.137219115927066,0
ood_combo,DS02,15,44,HPT_eff_mod,1,0,-0.108888560359148,-0.0226278810824653,1,1,2,1,2,3,0.23047274261516,0
ood_combo,DS02,15,44,fan_eff_mod,2,0,0,-0.000146758852823066,0,0,0,0,2,3,0.23047274261516,0
ood_combo,DS02,15,44,fan_flow_mod,3,0,0,-0.00164549216222183,0,0,0,0,2,3,0.23047274261516,0
ood_combo,DS02,15,44,HPC_eff_mod,4,0,0,-0.0134531377183256,0,0,0,0,2,3,0.23047274261516,0
ood_combo,DS02,15,44,HPC_flow_mod,5,0,0,-0.003600729849668,0,0,0,0,2,3,0.23047274261516,0
ood_combo,DS02,15,44,LPT_eff_mod,6,0,-0.0513733984695961,-0.0888936926679759,1,1,2,2,2,3,0.23047274261516,0
ood_combo,DS02,15,44,LPT_flow_mod,7,0,-0.0618756375252741,-0.158280082875742,1,1,2,3,2,3,0.23047274261516,0
ood_combo,DS02,15,44,LPC_eff_mod,8,0,0,-0.000911710285677864,0,0,0,0,2,3,0.23047274261516,0
ood_combo,DS02,15,44,LPC_flow_mod,9,0,0,-0.00256084772932243,0,0,0,0,2,3,0.23047274261516,0
ood_combo,DS02,15,45,HPT_eff_mod,1,0,-0.110273157537116,-0.0226278810824653,1,1,2,1,2,3,0.0932229284776125,0
ood_combo,DS02,15,45,fan_eff_mod,2,0,0,-0.000146758852823066,0,0,0,0,2,3,0.0932229284776125,0
ood_combo,DS02,15,45,fan_flow_mod,3,0,0,-0.00164549216222183,0,0,0,0,2,3,0.0932229284776125,0
ood_combo,DS02,15,45,HPC_eff_mod,4,0,0,-0.0134531377183256,0,0,0,0,2,3,0.0932229284776125,0
ood_combo,DS02,15,45,HPC_flow_mod,5,0,0,-0.003600729849668,0,0,0,0,2,3,0.0932229284776125,0
ood_combo,DS02,15,45,LPT_eff_mod,6,0,-0.0623843042796721,-0.0894925760676739,1,1,2,2,2,3,0.0932229284776125,0
ood_combo,DS02,15,45,LPT_flow_mod,7,0,-0.063098614729498,-0.158280082875742,1,1,2,3,2,3,0.0932229284776125,0
ood_combo,DS02,15,45,LPC_eff_mod,8,0,0,-0.000911710285677864,0,0,0,0,2,3,0.0932229284776125,0
ood_combo,DS02,15,45,LPC_flow_mod,9,0,0,-0.00256084772932243,0,0,0,0,2,3,0.0932229284776125,0
ood_combo,DS02,15,46,HPT_eff_mod,1,0,-0.122630790767993,-0.0454416561751224,1,1,2,2,2,3,0.144639710621826,0
ood_combo,DS02,15,46,fan_eff_mod,2,0,0,-0.000146758852823066,0,0,0,0,2,3,0.144639710621826,0
ood_combo,DS02,15,46,fan_flow_mod,3,0,0,-0.00164549216222183,0,0,0,0,2,3,0.144639710621826,0
ood_combo,DS02,15,46,HPC_eff_mod,4,0,0,-0.0134531377183256,0,0,0,0,2,3,0.144639710621826,0
ood_combo,DS02,15,46,HPC_flow_mod,5,0,0,-0.003600729849668,0,0,0,0,2,3,0.144639710621826,0
ood_combo,DS02,15,46,LPT_eff_mod,6,0,-0.0682185200705289,-0.100860815337786,1,1,2,2,2,3,0.144639710621826,0
ood_combo,DS02,15,46,LPT_flow_mod,7,0,-0.0801513313728096,-0.158280082875742,1,1,2,3,2,3,0.144639710621826,0
ood_combo,DS02,15,46,LPC_eff_mod,8,0,0,-0.000911710285677864,0,0,0,0,2,3,0.144639710621826,0
ood_combo,DS02,15,46,LPC_flow_mod,9,0,0,-0.00256084772932243,0,0,0,0,2,3,0.144639710621826,0
ood_combo,DS02,15,47,HPT_eff_mod,1,0,-0.121111395926823,-0.0454416561751224,1,1,2,2,2,3,0.135782600972481,0
ood_combo,DS02,15,47,fan_eff_mod,2,0,0,-0.000146758852823066,0,0,0,0,2,3,0.135782600972481,0
ood_combo,DS02,15,47,fan_flow_mod,3,0,0,-0.00164549216222183,0,0,0,0,2,3,0.135782600972481,0
ood_combo,DS02,15,47,HPC_eff_mod,4,0,0,-0.0134531377183256,0,0,0,0,2,3,0.135782600972481,0
ood_combo,DS02,15,47,HPC_flow_mod,5,0,0,-0.003600729849668,0,0,0,0,2,3,0.135782600972481,0
ood_combo,DS02,15,47,LPT_eff_mod,6,0,-0.0687637902328273,-0.100860815337786,1,1,2,2,2,3,0.135782600972481,0
ood_combo,DS02,15,47,LPT_flow_mod,7,0,-0.0888110403663896,-0.158280082875742,1,1,2,3,2,3,0.135782600972481,0
ood_combo,DS02,15,47,LPC_eff_mod,8,0,0,-0.000911710285677864,0,0,0,0,2,3,0.135782600972481,0
ood_combo,DS02,15,47,LPC_flow_mod,9,0,0,-0.00256084772932243,0,0,0,0,2,3,0.135782600972481,0
ood_combo,DS02,15,48,HPT_eff_mod,1,0,-0.132360524326733,-0.0629515633837714,1,1,2,2,2,3,0.107511100160141,0
ood_combo,DS02,15,48,fan_eff_mod,2,0,0,-0.000146758852823066,0,0,0,0,2,3,0.107511100160141,0
ood_combo,DS02,15,48,fan_flow_mod,3,0,0,-0.00164549216222183,0,0,0,0,2,3,0.107511100160141,0
ood_combo,DS02,15,48,HPC_eff_mod,4,0,0,-0.0134531377183256,0,0,0,0,2,3,0.107511100160141,0
ood_combo,DS02,15,48,HPC_flow_mod,5,0,0,-0.003600729849668,0,0,0,0,2,3,0.107511100160141,0
ood_combo,DS02,15,48,LPT_eff_mod,6,0,-0.0799874021196301,-0.113097936943027,1,1,2,2,2,3,0.107511100160141,0
ood_combo,DS02,15,48,LPT_flow_mod,7,0,-0.0906840359488699,-0.158280082875742,1,1,2,3,2,3,0.107511100160141,0
ood_combo,DS02,15,48,LPC_eff_mod,8,0,0,-0.000911710285677864,0,0,0,0,2,3,0.107511100160141,0
ood_combo,DS02,15,48,LPC_flow_mod,9,0,0,-0.00256084772932243,0,0,0,0,2,3,0.107511100160141,0
ood_combo,DS02,15,49,HPT_eff_mod,1,0,-0.143528260729186,-0.0656689878862147,1,1,2,2,2,3,0.126198432090831,0
ood_combo,DS02,15,49,fan_eff_mod,2,0,0,-0.000146758852823066,0,0,0,0,2,3,0.126198432090831,0
ood_combo,DS02,15,49,fan_flow_mod,3,0,0,-0.00164549216222183,0,0,0,0,2,3,0.126198432090831,0
ood_combo,DS02,15,49,HPC_eff_mod,4,0,0,-0.0134531377183256,0,0,0,0,2,3,0.126198432090831,0
ood_combo,DS02,15,49,HPC_flow_mod,5,0,0,-0.003600729849668,0,0,0,0,2,3,0.126198432090831,0
ood_combo,DS02,15,49,LPT_eff_mod,6,0,-0.0791312507612044,-0.113097936943027,1,1,2,2,2,3,0.126198432090831,0
ood_combo,DS02,15,49,LPT_flow_mod,7,0,-0.0882543758919539,-0.172005615785161,1,1,2,3,2,3,0.126198432090831,0
ood_combo,DS02,15,49,LPC_eff_mod,8,0,0,-0.000911710285677864,0,0,0,0,2,3,0.126198432090831,0
ood_combo,DS02,15,49,LPC_flow_mod,9,0,0,-0.00256084772932243,0,0,0,0,2,3,0.126198432090831,0
ood_combo,DS02,15,50,HPT_eff_mod,1,0,-0.159184121746407,-0.0656689878862147,1,1,3,2,3,3,0.233239770153443,0
ood_combo,DS02,15,50,fan_eff_mod,2,0,0,-0.000146758852823066,0,0,0,0,3,3,0.233239770153443,0
ood_combo,DS02,15,50,fan_flow_mod,3,0,0,-0.00164549216222183,0,0,0,0,3,3,0.233239770153443,0
ood_combo,DS02,15,50,HPC_eff_mod,4,0,0,-0.0134531377183256,0,0,0,0,3,3,0.233239770153443,0
ood_combo,DS02,15,50,HPC_flow_mod,5,0,0,-0.003600729849668,0,0,0,0,3,3,0.233239770153443,0
ood_combo,DS02,15,50,LPT_eff_mod,6,0,-0.0886011736386863,-0.113097936943027,1,1,2,2,3,3,0.233239770153443,0
ood_combo,DS02,15,50,LPT_flow_mod,7,0,-0.114240516991087,-0.205346692904615,1,1,2,3,3,3,0.233239770153443,0
ood_combo,DS02,15,50,LPC_eff_mod,8,0,0,-0.000911710285677864,0,0,0,0,3,3,0.233239770153443,0
ood_combo,DS02,15,50,LPC_flow_mod,9,0,0,-0.00256084772932243,0,0,0,0,3,3,0.233239770153443,0
ood_combo,DS02,15,51,HPT_eff_mod,1,0,-0.180153230358218,-0.0656689878862147,1,1,3,2,3,3,0.0754283935286382,0
ood_combo,DS02,15,51,fan_eff_mod,2,0,0,-0.000146758852823066,0,0,0,0,3,3,0.0754283935286382,0
ood_combo,DS02,15,51,fan_flow_mod,3,0,0,-0.00164549216222183,0,0,0,0,3,3,0.0754283935286382,0
ood_combo,DS02,15,51,HPC_eff_mod,4,0,0,-0.0134531377183256,0,0,0,0,3,3,0.0754283935286382,0
ood_combo,DS02,15,51,HPC_flow_mod,5,0,0,-0.003600729849668,0,0,0,0,3,3,0.0754283935286382,0
ood_combo,DS02,15,51,LPT_eff_mod,6,0,-0.0924179962896955,-0.134261137693532,1,1,2,2,3,3,0.0754283935286382,0
ood_combo,DS02,15,51,LPT_flow_mod,7,0,-0.124154672896512,-0.236509054039996,1,1,2,3,3,3,0.0754283935286382,0
ood_combo,DS02,15,51,LPC_eff_mod,8,0,0,-0.000911710285677864,0,0,0,0,3,3,0.0754283935286382,0
ood_combo,DS02,15,51,LPC_flow_mod,9,0,0,-0.00256084772932243,0,0,0,0,3,3,0.0754283935286382,0
ood_combo,DS02,15,52,HPT_eff_mod,1,0,-0.186637027442039,-0.0656689878862147,1,1,3,2,3,3,0.148026160882922,0
ood_combo,DS02,15,52,fan_eff_mod,2,0,0,-0.000146758852823066,0,0,0,0,3,3,0.148026160882922,0
ood_combo,DS02,15,52,fan_flow_mod,3,0,0,-0.00164549216222183,0,0,0,0,3,3,0.148026160882922,0
ood_combo,DS02,15,52,HPC_eff_mod,4,0,0,-0.0134531377183256,0,0,0,0,3,3,0.148026160882922,0
ood_combo,DS02,15,52,HPC_flow_mod,5,0,0,-0.003600729849668,0,0,0,0,3,3,0.148026160882922,0
ood_combo,DS02,15,52,LPT_eff_mod,6,0,-0.101783667602723,-0.144836266866139,1,1,2,2,3,3,0.148026160882922,0
ood_combo,DS02,15,52,LPT_flow_mod,7,0,-0.116941321434133,-0.236509054039996,1,1,2,3,3,3,0.148026160882922,0
ood_combo,DS02,15,52,LPC_eff_mod,8,0,0,-0.000911710285677864,0,0,0,0,3,3,0.148026160882922,0
ood_combo,DS02,15,52,LPC_flow_mod,9,0,0,-0.00256084772932243,0,0,0,0,3,3,0.148026160882922,0
ood_combo,DS02,15,53,HPT_eff_mod,1,0,-0.201391718803892,-0.0807618089679678,1,1,3,2,3,3,0.0949111196792703,0
ood_combo,DS02,15,53,fan_eff_mod,2,0,0,-0.000146758852823066,0,0,0,0,3,3,0.0949111196792703,0
ood_combo,DS02,15,53,fan_flow_mod,3,0,0,-0.00164549216222183,0,0,0,0,3,3,0.0949111196792703,0
ood_combo,DS02,15,53,HPC_eff_mod,4,0,0,-0.0134531377183256,0,0,0,0,3,3,0.0949111196792703,0
ood_combo,DS02,15,53,HPC_flow_mod,5,0,0,-0.003600729849668,0,0,0,0,3,3,0.0949111196792703,0
ood_combo,DS02,15,53,LPT_eff_mod,6,0,-0.111863206873954,-0.159203953724221,1,1,2,3,3,3,0.0949111196792703,0
ood_combo,DS02,15,53,LPT_flow_mod,7,0,-0.129377336018228,-0.256658891294696,1,1,2,3,3,3,0.0949111196792703,0
ood_combo,DS02,15,53,LPC_eff_mod,8,0,0,-0.000911710285677864,0,0,0,0,3,3,0.0949111196792703,0
ood_combo,DS02,15,53,LPC_flow_mod,9,0,0,-0.00256084772932243,0,0,0,0,3,3,0.0949111196792703,0
ood_combo,DS02,15,54,HPT_eff_mod,1,0,-0.220670241026306,-0.0807618089679678,1,1,3,2,3,3,0.228769953073777,0
ood_combo,DS02,15,54,fan_eff_mod,2,0,0,-0.000146758852823066,0,0,0,0,3,3,0.228769953073777,0
ood_combo,DS02,15,54,fan_flow_mod,3,0,0,-0.00164549216222183,0,0,0,0,3,3,0.228769953073777,0
ood_combo,DS02,15,54,HPC_eff_mod,4,0,0,-0.0134531377183256,0,0,0,0,3,3,0.228769953073777,0
ood_combo,DS02,15,54,HPC_flow_mod,5,0,0,-0.003600729849668,0,0,0,0,3,3,0.228769953073777,0
ood_combo,DS02,15,54,LPT_eff_mod,6,0,-0.117724203753064,-0.178827482015427,1,1,2,3,3,3,0.228769953073777,0
ood_combo,DS02,15,54,LPT_flow_mod,7,0,-0.139452239913643,-0.283183090301703,1,1,2,3,3,3,0.228769953073777,0
ood_combo,DS02,15,54,LPC_eff_mod,8,0,0,-0.000911710285677864,0,0,0,0,3,3,0.228769953073777,0
ood_combo,DS02,15,54,LPC_flow_mod,9,0,0,-0.00256084772932243,0,0,0,0,3,3,0.228769953073777,0
ood_combo,DS02,15,55,HPT_eff_mod,1,0,-0.225249368899309,-0.0807618089679678,1,1,3,2,3,3,0.166984296622154,0
ood_combo,DS02,15,55,fan_eff_mod,2,0,0,-0.000146758852823066,0,0,0,0,3,3,0.166984296622154,0
ood_combo,DS02,15,55,fan_flow_mod,3,0,0,-0.00164549216222183,0,0,0,0,3,3,0.166984296622154,0
ood_combo,DS02,15,55,HPC_eff_mod,4,0,0,-0.0134531377183256,0,0,0,0,3,3,0.166984296622154,0
ood_combo,DS02,15,55,HPC_flow_mod,5,0,0,-0.003600729849668,0,0,0,0,3,3,0.166984296622154,0
ood_combo,DS02,15,55,LPT_eff_mod,6,0,-0.131096628288764,-0.178827482015427,1,1,2,3,3,3,0.166984296622154,0
ood_combo,DS02,15,55,LPT_flow_mod,7,0,-0.143534294690569,-0.287913050879683,1,1,2,3,3,3,0.166984296622154,0
ood_combo,DS02,15,55,LPC_eff_mod,8,0,0,-0.000911710285677864,0,0,0,0,3,3,0.166984296622154,0
ood_combo,DS02,15,55,LPC_flow_mod,9,0,0,-0.00256084772932243,0,0,0,0,3,3,0.166984296622154,0
ood_combo,DS02,15,56,HPT_eff_mod,1,0,-0.249463337323734,-0.0807618089679678,1,1,3,2,3,3,0.31495830227584,0
ood_combo,DS02,15,56,fan_eff_mod,2,0,0,-0.000146758852823066,0,0,0,0,3,3,0.31495830227584,0
ood_combo,DS02,15,56,fan_flow_mod,3,0,0,-0.00164549216222183,0,0,0,0,3,3,0.31495830227584,0
ood_combo,DS02,15,56,HPC_eff_mod,4,0,0,-0.0134531377183256,0,0,0,0,3,3,0.31495830227584,0
ood_combo,DS02,15,56,HPC_flow_mod,5,0,0,-0.003600729849668,0,0,0,0,3,3,0.31495830227584,0
ood_combo,DS02,15,56,LPT_eff_mod,6,0,-0.133276655841725,-0.207599602824313,1,1,2,3,3,3,0.31495830227584,0
ood_combo,DS02,15,56,LPT_flow_mod,7,0,-0.168821324966323,-0.33405969388152,1,1,3,3,3,3,0.31495830227584,0
ood_combo,DS02,15,56,LPC_eff_mod,8,0,0,-0.000911710285677864,0,0,0,0,3,3,0.31495830227584,0
ood_combo,DS02,15,56,LPC_flow_mod,9,0,0,-0.00256084772932243,0,0,0,0,3,3,0.31495830227584,0
ood_combo,DS02,15,57,HPT_eff_mod,1,0,-0.260069805313046,-0.0926872203326547,1,1,3,2,3,3,0.270874708546955,0
ood_combo,DS02,15,57,fan_eff_mod,2,0,0,-0.000146758852823066,0,0,0,0,3,3,0.270874708546955,0
ood_combo,DS02,15,57,fan_flow_mod,3,0,0,-0.00164549216222183,0,0,0,0,3,3,0.270874708546955,0
ood_combo,DS02,15,57,HPC_eff_mod,4,0,0,-0.0134531377183256,0,0,0,0,3,3,0.270874708546955,0
ood_combo,DS02,15,57,HPC_flow_mod,5,0,0,-0.003600729849668,0,0,0,0,3,3,0.270874708546955,0
ood_combo,DS02,15,57,LPT_eff_mod,6,0,-0.148780003910977,-0.230747195534215,1,1,3,3,3,3,0.270874708546955,0
ood_combo,DS02,15,57,LPT_flow_mod,7,0,-0.160540019360919,-0.33405969388152,1,1,3,3,3,3,0.270874708546955,0
ood_combo,DS02,15,57,LPC_eff_mod,8,0,0,-0.00160402264707043,0,0,0,0,3,3,0.270874708546955,0
ood_combo,DS02,15,57,LPC_flow_mod,9,0,0,-0.00256084772932243,0,0,0,0,3,3,0.270874708546955,0
ood_combo,DS02,15,58,HPT_eff_mod,1,0,-0.279122833545675,-0.0989675425792316,1,1,3,2,3,3,0.213150144996621,0
ood_combo,DS02,15,58,fan_eff_mod,2,0,0,-0.000146758852823066,0,0,0,0,3,3,0.213150144996621,0
ood_combo,DS02,15,58,fan_flow_mod,3,0,0,-0.00164549216222183,0,0,0,0,3,3,0.213150144996621,0
ood_combo,DS02,15,58,HPC_eff_mod,4,0,0,-0.0134531377183256,0,0,0,0,3,3,0.213150144996621,0
ood_combo,DS02,15,58,HPC_flow_mod,5,0,0,-0.003600729849668,0,0,0,0,3,3,0.213150144996621,0
ood_combo,DS02,15,58,LPT_eff_mod,6,0,-0.162171574881276,-0.230747195534215,1,1,3,3,3,3,0.213150144996621,0
ood_combo,DS02,15,58,LPT_flow_mod,7,0,-0.176127589522394,-0.345831022722467,1,1,3,3,3,3,0.213150144996621,0
ood_combo,DS02,15,58,LPC_eff_mod,8,0,0,-0.00160402264707043,0,0,0,0,3,3,0.213150144996621,0
ood_combo,DS02,15,58,LPC_flow_mod,9,0,0,-0.00256084772932243,0,0,0,0,3,3,0.213150144996621,0
ood_combo,DS02,15,59,HPT_eff_mod,1,0,-0.306671711239249,-0.169412849515377,1,1,3,3,3,3,0.0987170089130245,0
ood_combo,DS02,15,59,fan_eff_mod,2,0,0,-0.000146758852823066,0,0,0,0,3,3,0.0987170089130245,0
ood_combo,DS02,15,59,fan_flow_mod,3,0,0,-0.00164549216222183,0,0,0,0,3,3,0.0987170089130245,0
ood_combo,DS02,15,59,HPC_eff_mod,4,0,0,-0.0134531377183256,0,0,0,0,3,3,0.0987170089130245,0
ood_combo,DS02,15,59,HPC_flow_mod,5,0,0,-0.003600729849668,0,0,0,0,3,3,0.0987170089130245,0
ood_combo,DS02,15,59,LPT_eff_mod,6,0,-0.17275529191654,-0.24039075245902,1,1,3,3,3,3,0.0987170089130245,0
ood_combo,DS02,15,59,LPT_flow_mod,7,0,-0.194788616298012,-0.345831022722467,1,1,3,3,3,3,0.0987170089130245,0
ood_combo,DS02,15,59,LPC_eff_mod,8,0,0,-0.00160402264707043,0,0,0,0,3,3,0.0987170089130245,0
ood_combo,DS02,15,59,LPC_flow_mod,9,0,0,-0.00256084772932243,0,0,0,0,3,3,0.0987170089130245,0
ood_combo,DS02,15,60,HPT_eff_mod,1,0,-0.330189758948735,-0.174886092343883,1,1,3,3,3,3,0.0753481699987036,0
ood_combo,DS02,15,60,fan_eff_mod,2,0,0,-0.000146758852823066,0,0,0,0,3,3,0.0753481699987036,0
ood_combo,DS02,15,60,fan_flow_mod,3,0,0,-0.00164549216222183,0,0,0,0,3,3,0.0753481699987036,0
ood_combo,DS02,15,60,HPC_eff_mod,4,0,0,-0.0134531377183256,0,0,0,0,3,3,0.0753481699987036,0
ood_combo,DS02,15,60,HPC_flow_mod,5,0,0,-0.003600729849668,0,0,0,0,3,3,0.0753481699987036,0
ood_combo,DS02,15,60,LPT_eff_mod,6,0,-0.179930529081992,-0.24039075245902,1,1,3,3,3,3,0.0753481699987036,0
ood_combo,DS02,15,60,LPT_flow_mod,7,0,-0.202378818738924,-0.364763639144792,1,1,3,3,3,3,0.0753481699987036,0
ood_combo,DS02,15,60,LPC_eff_mod,8,0,0,-0.00160402264707043,0,0,0,0,3,3,0.0753481699987036,0
ood_combo,DS02,15,60,LPC_flow_mod,9,0,0,-0.00256084772932243,0,0,0,0,3,3,0.0753481699987036,0
ood_combo,DS02,15,61,HPT_eff_mod,1,0,-0.363478228129932,-0.174886092343883,1,1,3,3,3,3,0.185942667092047,0
ood_combo,DS02,15,61,fan_eff_mod,2,0,0,-0.000146758852823066,0,0,0,0,3,3,0.185942667092047,0
ood_combo,DS02,15,61,fan_flow_mod,3,0,0,-0.00164549216222183,0,0,0,0,3,3,0.185942667092047,0
ood_combo,DS02,15,61,HPC_eff_mod,4,0,0,-0.0134531377183256,0,0,0,0,3,3,0.185942667092047,0
ood_combo,DS02,15,61,HPC_flow_mod,5,0,0,-0.003600729849668,0,0,0,0,3,3,0.185942667092047,0
ood_combo,DS02,15,61,LPT_eff_mod,6,0,-0.196797683834351,-0.298296799589549,1,1,3,3,3,3,0.185942667092047,0
ood_combo,DS02,15,61,LPT_flow_mod,7,0,-0.209436379022725,-0.431164818172928,1,1,3,3,3,3,0.185942667092047,0
ood_combo,DS02,15,61,LPC_eff_mod,8,0,0,-0.00160402264707043,0,0,0,0,3,3,0.185942667092047,0
ood_combo,DS02,15,61,LPC_flow_mod,9,0,0,-0.00256084772932243,0,0,0,0,3,3,0.185942667092047,0
ood_combo,DS02,15,62,HPT_eff_mod,1,0,-0.37921539067527,-0.174886092343883,1,1,3,3,3,3,0.342512410620985,1
ood_combo,DS02,15,62,fan_eff_mod,2,0,0,-0.000146758852823066,0,0,0,0,3,3,0.342512410620985,1
ood_combo,DS02,15,62,fan_flow_mod,3,0,0,-0.00164549216222183,0,0,0,0,3,3,0.342512410620985,1
ood_combo,DS02,15,62,HPC_eff_mod,4,0,0,-0.0134531377183256,0,0,0,0,3,3,0.342512410620985,1
ood_combo,DS02,15,62,HPC_flow_mod,5,0,0,-0.003600729849668,0,0,0,0,3,3,0.342512410620985,1
ood_combo,DS02,15,62,LPT_eff_mod,6,0,-0.207277283520703,-0.3028917164203,1,1,3,3,3,3,0.342512410620985,1
ood_combo,DS02,15,62,LPT_flow_mod,7,0,-0.212063170079107,-0.431164818172928,1,1,3,3,3,3,0.342512410620985,1
ood_combo,DS02,15,62,LPC_eff_mod,8,0,0,-0.00160402264707043,0,0,0,0,3,3,0.342512410620985,1
ood_combo,DS02,15,62,LPC_flow_mod,9,0,0,-0.00649092930715887,0,0,0,0,3,3,0.342512410620985,1
ood_combo,DS02,15,63,HPT_eff_mod,1,0,-0.408637697385644,-0.180892777241875,1,1,3,3,3,3,0.219977048036395,0
ood_combo,DS02,15,63,fan_eff_mod,2,0,0,-0.000146758852823066,0,0,0,0,3,3,0.219977048036395,0
ood_combo,DS02,15,63,fan_flow_mod,3,0,0,-0.00164549216222183,0,0,0,0,3,3,0.219977048036395,0
ood_combo,DS02,15,63,HPC_eff_mod,4,0,0,-0.0134531377183256,0,0,0,0,3,3,0.219977048036395,0
ood_combo,DS02,15,63,HPC_flow_mod,5,0,0,-0.003600729849668,0,0,0,0,3,3,0.219977048036395,0
ood_combo,DS02,15,63,LPT_eff_mod,6,0,-0.227736759174216,-0.3028917164203,1,1,3,3,3,3,0.219977048036395,0
ood_combo,DS02,15,63,LPT_flow_mod,7,0,-0.244654293234916,-0.469683386947743,1,1,3,3,3,3,0.219977048036395,0
ood_combo,DS02,15,63,LPC_eff_mod,8,0,0,-0.00160402264707043,0,0,0,0,3,3,0.219977048036395,0
ood_combo,DS02,15,63,LPC_flow_mod,9,0,0,-0.00649092930715887,0,0,0,0,3,3,0.219977048036395,0
ood_combo,DS02,15,64,HPT_eff_mod,1,0,-0.442942462790818,-0.239088075839317,1,1,3,3,3,3,0.10691193516392,0
ood_combo,DS02,15,64,fan_eff_mod,2,0,0,-0.000423677327864345,0,0,0,0,3,3,0.10691193516392,0
ood_combo,DS02,15,64,fan_flow_mod,3,0,0,-0.00164549216222183,0,0,0,0,3,3,0.10691193516392,0
ood_combo,DS02,15,64,HPC_eff_mod,4,0,0,-0.0134531377183256,0,0,0,0,3,3,0.10691193516392,0
ood_combo,DS02,15,64,HPC_flow_mod,5,0,0,-0.003600729849668,0,0,0,0,3,3,0.10691193516392,0
ood_combo,DS02,15,64,LPT_eff_mod,6,0,-0.246081894444997,-0.327536785539674,1,1,3,3,3,3,0.10691193516392,0
ood_combo,DS02,15,64,LPT_flow_mod,7,0,-0.253304064493808,-0.469683386947743,1,1,3,3,3,3,0.10691193516392,0
ood_combo,DS02,15,64,LPC_eff_mod,8,0,0,-0.00160402264707043,0,0,0,0,3,3,0.10691193516392,0
ood_combo,DS02,15,64,LPC_flow_mod,9,0,0,-0.00855212018144596,0,0,0,0,3,3,0.10691193516392,0
ood_combo,DS02,15,65,HPT_eff_mod,1,0,-0.466017258714758,-0.292645475558491,1,1,3,3,3,3,0.170531772574733,0
ood_combo,DS02,15,65,fan_eff_mod,2,0,0,-0.000423677327864345,0,0,0,0,3,3,0.170531772574733,0
ood_combo,DS02,15,65,fan_flow_mod,3,0,0,-0.00164549216222183,0,0,0,0,3,3,0.170531772574733,0
ood_combo,DS02,15,65,HPC_eff_mod,4,0,0,-0.0134531377183256,0,0,0,0,3,3,0.170531772574733,0
ood_combo,DS02,15,65,HPC_flow_mod,5,0,0,-0.003600729849668,0,0,0,0,3,3,0.170531772574733,0
ood_combo,DS02,15,65,LPT_eff_mod,6,0,-0.258311467228099,-0.327536785539674,1,1,3,3,3,3,0.170531772574733,0
ood_combo,DS02,15,65,LPT_flow_mod,7,0,-0.273903847111142,-0.482066740705957,1,1,3,3,3,3,0.170531772574733,0
ood_combo,DS02,15,65,LPC_eff_mod,8,0,0,-0.00160402264707043,0,0,0,0,3,3,0.170531772574733,0
ood_combo,DS02,15,65,LPC_flow_mod,9,0,0,-0.00855212018144596,0,0,0,0,3,3,0.170531772574733,0
ood_combo,DS02,15,66,HPT_eff_mod,1,0,-0.513102154800182,-0.292645475558491,1,1,3,3,3,3,0.153455737520986,0
ood_combo,DS02,15,66,fan_eff_mod,2,0,0,-0.000475509671689615,0,0,0,0,3,3,0.153455737520986,0
ood_combo,DS02,15,66,fan_flow_mod,3,0,0,-0.00164549216222183,0,0,0,0,3,3,0.153455737520986,0
ood_combo,DS02,15,66,HPC_eff_mod,4,0,0,-0.0176653690356364,0,0,0,0,3,3,0.153455737520986,0
ood_combo,DS02,15,66,HPC_flow_mod,5,0,0,-0.00818712544439005,0,0,0,0,3,3,0.153455737520986,0
ood_combo,DS02,15,66,LPT_eff_mod,6,0,-0.282284303116589,-0.405159009674236,1,1,3,3,3,3,0.153455737520986,0
ood_combo,DS02,15,66,LPT_flow_mod,7,0,-0.286299969686178,-0.562464265706808,1,1,3,3,3,3,0.153455737520986,0
ood_combo,DS02,15,66,LPC_eff_mod,8,0,0,-0.00945446288149703,0,0,0,0,3,3,0.153455737520986,0
ood_combo,DS02,15,66,LPC_flow_mod,9,0,0,-0.00855212018144596,0,0,0,0,3,3,0.153455737520986,0
ood_combo,DS02,15,67,HPT_eff_mod,1,0,-0.542179203589859,-0.292645475558491,1,1,3,3,3,3,0.216318788099443,0
ood_combo,DS02,15,67,fan_eff_mod,2,0,0,-0.000475509671689615,0,0,0,0,3,3,0.216318788099443,0
ood_combo,DS02,15,67,fan_flow_mod,3,0,0,-0.00164549216222183,0,0,0,0,3,3,0.216318788099443,0
ood_combo,DS02,15,67,HPC_eff_mod,4,0,0,-0.0293230622942032,0,0,0,0,3,3,0.216318788099443,0
ood_combo,DS02,15,67,HPC_flow_mod,5,0,0,-0.008710385263495,0,0,0,0,3,3,0.216318788099443,0
ood_combo,DS02,15,67,LPT_eff_mod,6,0,-0.302228826915884,-0.423997343702196,1,1,3,3,3,3,0.216318788099443,0
ood_combo,DS02,15,67,LPT_flow_mod,7,0,-0.31294890812343,-0.573186188618491,1,1,3,3,3,3,0.216318788099443,0
ood_combo,DS02,15,67,LPC_eff_mod,8,0,0,-0.0117345097892367,0,0,0,0,3,3,0.216318788099443,0
ood_combo,DS02,15,67,LPC_flow_mod,9,0,0,-0.00855212018144596,0,0,0,0,3,3,0.216318788099443,0
ood_combo,DS03,10,1,HPT_eff_mod,1,1,-0.00809942791078644,-0,0,0,0,0,0,0,0.121099219761621,0
ood_combo,DS03,10,1,fan_eff_mod,2,1,0,-0,0,0,0,0,0,0,0.121099219761621,0
ood_combo,DS03,10,1,fan_flow_mod,3,1,0,-0,0,0,0,0,0,0,0.121099219761621,0
ood_combo,DS03,10,1,HPC_eff_mod,4,1,0,-0,0,0,0,0,0,0,0.121099219761621,0
ood_combo,DS03,10,1,HPC_flow_mod,5,1,0,-0,0,0,0,0,0,0,0.121099219761621,0
ood_combo,DS03,10,1,LPT_eff_mod,6,1,-0.000666057654510968,-0,0,0,0,0,0,0,0.121099219761621,0
ood_combo,DS03,10,1,LPT_flow_mod,7,1,0.00051765644504034,-0,0,0,0,0,0,0,0.121099219761621,0
ood_combo,DS03,10,1,LPC_eff_mod,8,1,0,-0,0,0,0,0,0,0,0.121099219761621,0
ood_combo,DS03,10,1,LPC_flow_mod,9,1,0,-0,0,0,0,0,0,0,0.121099219761621,0
ood_combo,DS03,10,2,HPT_eff_mod,1,1,0.009038505051144,-0,0,0,0,0,0,0,0.17646842554323,0
ood_combo,DS03,10,2,fan_eff_mod,2,1,0,-0,0,0,0,0,0,0,0.17646842554323,0
ood_combo,DS03,10,2,fan_flow_mod,3,1,0,-0,0,0,0,0,0,0,0.17646842554323,0
ood_combo,DS03,10,2,HPC_eff_mod,4,1,0,-0,0,0,0,0,0,0,0.17646842554323,0
ood_combo,DS03,10,2,HPC_flow_mod,5,1,0,-0,0,0,0,0,0,0,0.17646842554323,0
ood_combo,DS03,10,2,LPT_eff_mod,6,1,-2.08117885456779e-05,-0.00221535514295677,0,0,0,0,0,0,0.17646842554323,0
ood_combo,DS03,10,2,LPT_flow_mod,7,1,-0.00279831030190964,-0,0,0,0,0,0,0,0.17646842554323,0
ood_combo,DS03,10,2,LPC_eff_mod,8,1,0,-0,0,0,0,0,0,0,0.17646842554323,0
ood_combo,DS03,10,2,LPC_flow_mod,9,1,0,-0,0,0,0,0,0,0,0.17646842554323,0
ood_combo,DS03,10,3,HPT_eff_mod,1,1,-0.00093907714035779,-0,0,0,0,0,0,0,0.0792558117897092,0
ood_combo,DS03,10,3,fan_eff_mod,2,1,0,-0,0,0,0,0,0,0,0.0792558117897092,0
ood_combo,DS03,10,3,fan_flow_mod,3,1,0,-0.000651302688176636,0,0,0,0,0,0,0.0792558117897092,0
ood_combo,DS03,10,3,HPC_eff_mod,4,1,0,-0,0,0,0,0,0,0,0.0792558117897092,0
ood_combo,DS03,10,3,HPC_flow_mod,5,1,0,-0,0,0,0,0,0,0,0.0792558117897092,0
ood_combo,DS03,10,3,LPT_eff_mod,6,1,0.000686869443056599,-0.00221535514295677,0,0,0,0,0,0,0.0792558117897092,0
ood_combo,DS03,10,3,LPT_flow_mod,7,1,0.00228065385686795,-0,0,0,0,0,0,0,0.0792558117897092,0
ood_combo,DS03,10,3,LPC_eff_mod,8,1,0,-0,0,0,0,0,0,0,0.0792558117897092,0
ood_combo,DS03,10,3,LPC_flow_mod,9,1,0,-0,0,0,0,0,0,0,0.0792558117897092,0
ood_combo,DS03,10,4,HPT_eff_mod,1,1,0.00791242623016339,-0,0,0,0,0,0,0,0.0762467364724726,0
ood_combo,DS03,10,4,fan_eff_mod,2,1,0,-0,0,0,0,0,0,0,0.0762467364724726,0
ood_combo,DS03,10,4,fan_flow_mod,3,1,0,-0.000651302688176636,0,0,0,0,0,0,0.0762467364724726,0
ood_combo,DS03,10,4,HPC_eff_mod,4,1,0,-0.000961954872652701,0,0,0,0,0,0,0.0762467364724726,0
ood_combo,DS03,10,4,HPC_flow_mod,5,1,0,-0,0,0,0,0,0,0,0.0762467364724726,0
ood_combo,DS03,10,4,LPT_eff_mod,6,1,-0.00303238748252892,-0.00221535514295677,0,0,0,0,0,0,0.0762467364724726,0
ood_combo,DS03,10,4,LPT_flow_mod,7,1,-0.00964210224577827,-0,0,0,0,0,0,0,0.0762467364724726,0
ood_combo,DS03,10,4,LPC_eff_mod,8,1,0,-0,0,0,0,0,0,0,0.0762467364724726,0
ood_combo,DS03,10,4,LPC_flow_mod,9,1,0,-0,0,0,0,0,0,0,0.0762467364724726,0
ood_combo,DS03,10,5,HPT_eff_mod,1,1,0.0052098485260684,-0,0,0,0,0,0,0,0.165109292016941,0
ood_combo,DS03,10,5,fan_eff_mod,2,1,0,-0,0,0,0,0,0,0,0.165109292016941,0
ood_combo,DS03,10,5,fan_flow_mod,3,1,0,-0.000651302688176636,0,0,0,0,0,0,0.165109292016941,0
ood_combo,DS03,10,5,HPC_eff_mod,4,1,0,-0.00147324792500447,0,0,0,0,0,0,0.165109292016941,0
ood_combo,DS03,10,5,HPC_flow_mod,5,1,0,-0,0,0,0,0,0,0,0.165109292016941,0
ood_combo,DS03,10,5,LPT_eff_mod,6,1,-0.0050211185279258,-0.00221535514295677,0,0,0,0,0,0,0.165109292016941,0
ood_combo,DS03,10,5,LPT_flow_mod,7,1,-0.0056327801941732,-0,0,0,0,0,0,0,0.165109292016941,0
ood_combo,DS03,10,5,LPC_eff_mod,8,1,0,-0,0,0,0,0,0,0,0.165109292016941,0
ood_combo,DS03,10,5,LPC_flow_mod,9,1,0,-0,0,0,0,0,0,0,0.165109292016941,0
ood_combo,DS03,10,6,HPT_eff_mod,1,1,-0.0122106448933769,-0,0,0,0,0,0,0,0.104469884641722,0
ood_combo,DS03,10,6,fan_eff_mod,2,1,0,-0,0,0,0,0,0,0,0.104469884641722,0
ood_combo,DS03,10,6,fan_flow_mod,3,1,0,-0.000651302688176636,0,0,0,0,0,0,0.104469884641722,0
ood_combo,DS03,10,6,HPC_eff_mod,4,1,0,-0.00147324792500447,0,0,0,0,0,0,0.104469884641722,0
ood_combo,DS03,10,6,HPC_flow_mod,5,1,0,-0,0,0,0,0,0,0,0.104469884641722,0
ood_combo,DS03,10,6,LPT_eff_mod,6,1,-0.00271861091910225,-0.00221535514295677,0,0,0,0,0,0,0.104469884641722,0
ood_combo,DS03,10,6,LPT_flow_mod,7,1,-0.00501227534160058,-0.0124160929427489,0,0,0,0,0,0,0.104469884641722,0
ood_combo,DS03,10,6,LPC_eff_mod,8,1,0,-0,0,0,0,0,0,0,0.104469884641722,0
ood_combo,DS03,10,6,LPC_flow_mod,9,1,0,-0,0,0,0,0,0,0,0.104469884641722,0
ood_combo,DS03,10,7,HPT_eff_mod,1,1,-0.0129589136461895,-0,0,0,0,0,0,0,0.042842939194147,0
ood_combo,DS03,10,7,fan_eff_mod,2,1,0,-0,0,0,0,0,0,0,0.042842939194147,0
ood_combo,DS03,10,7,fan_flow_mod,3,1,0,-0.000651302688176636,0,0,0,0,0,0,0.042842939194147,0
ood_combo,DS03,10,7,HPC_eff_mod,4,1,0,-0.00147324792500447,0,0,0,0,0,0,0.042842939194147,0
ood_combo,DS03,10,7,HPC_flow_mod,5,1,0,-0,0,0,0,0,0,0,0.042842939194147,0
ood_combo,DS03,10,7,LPT_eff_mod,6,1,-0.000378836860502588,-0.00221535514295677,0,0,0,0,0,0,0.042842939194147,0
ood_combo,DS03,10,7,LPT_flow_mod,7,1,-0.00464679760086457,-0.0124160929427489,0,0,0,0,0,0,0.042842939194147,0
ood_combo,DS03,10,7,LPC_eff_mod,8,1,0,-0,0,0,0,0,0,0,0.042842939194147,0
ood_combo,DS03,10,7,LPC_flow_mod,9,1,0,-0,0,0,0,0,0,0,0.042842939194147,0
ood_combo,DS03,10,8,HPT_eff_mod,1,1,-0.0120795949072815,-0,0,0,0,0,0,0,0.160712866336483,0
ood_combo,DS03,10,8,fan_eff_mod,2,1,0,-0,0,0,0,0,0,0,0.160712866336483,0
ood_combo,DS03,10,8,fan_flow_mod,3,1,0,-0.000651302688176636,0,0,0,0,0,0,0.160712866336483,0
ood_combo,DS03,10,8,HPC_eff_mod,4,1,0,-0.00147324792500447,0,0,0,0,0,0,0.160712866336483,0
ood_combo,DS03,10,8,HPC_flow_mod,5,1,0,-0,0,0,0,0,0,0,0.160712866336483,0
ood_combo,DS03,10,8,LPT_eff_mod,6,1,-0.00895530135938157,-0.00678518731510773,0,0,0,0,0,0,0.160712866336483,0
ood_combo,DS03,10,8,LPT_flow_mod,7,1,-0.00381774485571386,-0.0124160929427489,0,0,0,0,0,0,0.160712866336483,0
ood_combo,DS03,10,8,LPC_eff_mod,8,1,0,-0,0,0,0,0,0,0,0.160712866336483,0
ood_combo,DS03,10,8,LPC_flow_mod,9,1,0,-0,0,0,0,0,0,0,0.160712866336483,0
ood_combo,DS03,10,9,HPT_eff_mod,1,1,-0.00663901811367593,-0,0,0,0,0,0,0,0.112311415430798,0
ood_combo,DS03,10,9,fan_eff_mod,2,1,0,-0,0,0,0,0,0,0,0.112311415430798,0
ood_combo,DS03,10,9,fan_flow_mod,3,1,0,-0.000651302688176636,0,0,0,0,0,0,0.112311415430798,0
ood_combo,DS03,10,9,HPC_eff_mod,4,1,0,-0.00147324792500447,0,0,0,0,0,0,0.112311415430798,0
ood_combo,DS03,10,9,HPC_flow_mod,5,1,0,-0,0,0,0,0,0,0,0.112311415430798,0
ood_combo,DS03,10,9,LPT_eff_mod,6,1,-0.00925243346973704,-0.00678518731510773,0,0,0,0,0,0,0.112311415430798,0
ood_combo,DS03,10,9,LPT_flow_mod,7,1,-0.000850801353324469,-0.0124160929427489,0,0,0,0,0,0,0.112311415430798,0
ood_combo,DS03,10,9,LPC_eff_mod,8,1,0,-0,0,0,0,0,0,0,0.112311415430798,0
ood_combo,DS03,10,9,LPC_flow_mod,9,1,0,-0,0,0,0,0,0,0,0.112311415430798,0
ood_combo,DS03,10,10,HPT_eff_mod,1,1,-0.00704256730300194,-0,0,0,0,0,0,0,0.222551745949346,0
ood_combo,DS03,10,10,fan_eff_mod,2,1,0,-0,0,0,0,0,0,0,0.222551745949346,0
ood_combo,DS03,10,10,fan_flow_mod,3,1,0,-0.00115264379265965,0,0,0,0,0,0,0.222551745949346,0
ood_combo,DS03,10,10,HPC_eff_mod,4,1,0,-0.00147324792500447,0,0,0,0,0,0,0.222551745949346,0
ood_combo,DS03,10,10,HPC_flow_mod,5,1,0,-0,0,0,0,0,0,0,0.222551745949346,0
ood_combo,DS03,10,10,LPT_eff_mod,6,1,-0.0116552873952108,-0.00678518731510773,0,0,0,0,0,0,0.222551745949346,0
ood_combo,DS03,10,10,LPT_flow_mod,7,1,-0.0121697873174283,-0.0127012271329118,0,0,0,0,0,0,0.222551745949346,0
ood_combo,DS03,10,10,LPC_eff_mod,8,1,0,-0,0,0,0,0,0,0,0.222551745949346,0
ood_combo,DS03,10,10,LPC_flow_mod,9,1,0,-0,0,0,0,0,0,0,0.222551745949346,0
ood_combo,DS03,10,11,HPT_eff_mod,1,1,-0.00503405750423651,-0,0,0,0,0,0,0,0.144985168990641,0
ood_combo,DS03,10,11,fan_eff_mod,2,1,0,-0,0,0,0,0,0,0,0.144985168990641,0
ood_combo,DS03,10,11,fan_flow_mod,3,1,0,-0.00115264379265965,0,0,0,0,0,0,0.144985168990641,0
ood_combo,DS03,10,11,HPC_eff_mod,4,1,0,-0.00147324792500447,0,0,0,0,0,0,0.144985168990641,0
ood_combo,DS03,10,11,HPC_flow_mod,5,1,0,-0,0,0,0,0,0,0,0.144985168990641,0
ood_combo,DS03,10,11,LPT_eff_mod,6,1,-0.00524922924846641,-0.00678518731510773,0,0,0,0,0,0,0.144985168990641,0
ood_combo,DS03,10,11,LPT_flow_mod,7,1,-0.0097281476404981,-0.0127012271329118,0,0,0,0,0,0,0.144985168990641,0
ood_combo,DS03,10,11,LPC_eff_mod,8,1,0,-0,0,0,0,0,0,0,0.144985168990641,0
ood_combo,DS03,10,11,LPC_flow_mod,9,1,0,-0,0,0,0,0,0,0,0.144985168990641,0
ood_combo,DS03,10,12,HPT_eff_mod,1,1,-0.0181464073974941,-0.00665366611514782,0,0,0,0,0,0,0.167666074242229,0
ood_combo,DS03,10,12,fan_eff_mod,2,1,0,-0,0,0,0,0,0,0,0.167666074242229,0
ood_combo,DS03,10,12,fan_flow_mod,3,1,0,-0.00115264379265965,0,0,0,0,0,0,0.167666074242229,0
ood_combo,DS03,10,12,HPC_eff_mod,4,1,0,-0.00147324792500447,0,0,0,0,0,0,0.167666074242229,0
ood_combo,DS03,10,12,HPC_flow_mod,5,1,0,-0,0,0,0,0,0,0,0.167666074242229,0
ood_combo,DS03,10,12,LPT_eff_mod,6,1,-0.00444300942194823,-0.00941691002096128,0,0,0,0,0,0,0.167666074242229,0
ood_combo,DS03,10,12,LPT_flow_mod,7,1,-0.00958126102922425,-0.0127012271329118,0,0,0,0,0,0,0.167666074242229,0
ood_combo,DS03,10,12,LPC_eff_mod,8,1,0,-0,0,0,0,0,0,0,0.167666074242229,0
ood_combo,DS03,10,12,LPC_flow_mod,9,1,0,-0,0,0,0,0,0,0,0.167666074242229,0
ood_combo,DS03,10,13,HPT_eff_mod,1,1,-0.0159828004649724,-0.00665366611514782,0,0,0,0,0,0,0.155411893232917,0
ood_combo,DS03,10,13,fan_eff_mod,2,1,0,-0,0,0,0,0,0,0,0.155411893232917,0
ood_combo,DS03,10,13,fan_flow_mod,3,1,0,-0.00115264379265965,0,0,0,0,0,0,0.155411893232917,0
ood_combo,DS03,10,13,HPC_eff_mod,4,1,0,-0.00147324792500447,0,0,0,0,0,0,0.155411893232917,0
ood_combo,DS03,10,13,HPC_flow_mod,5,1,0,-0,0,0,0,0,0,0,0.155411893232917,0
ood_combo,DS03,10,13,LPT_eff_mod,6,1,-0.00719453451713028,-0.00941691002096128,0,0,0,0,0,0,0.155411893232917,0
ood_combo,DS03,10,13,LPT_flow_mod,7,1,-0.0149958739020682,-0.0127012271329118,0,0,0,0,0,0,0.155411893232917,0
ood_combo,DS03,10,13,LPC_eff_mod,8,1,0,-0.000141632072939327,0,0,0,0,0,0,0.155411893232917,0
ood_combo,DS03,10,13,LPC_flow_mod,9,1,0,-0,0,0,0,0,0,0,0.155411893232917,0
ood_combo,DS03,10,14,HPT_eff_mod,1,1,-0.0118336585243178,-0.00665366611514782,0,0,0,0,0,0,0.065301959603419,0
ood_combo,DS03,10,14,fan_eff_mod,2,1,0,-0,0,0,0,0,0,0,0.065301959603419,0
ood_combo,DS03,10,14,fan_flow_mod,3,1,0,-0.00115264379265965,0,0,0,0,0,0,0.065301959603419,0
ood_combo,DS03,10,14,HPC_eff_mod,4,1,0,-0.00147324792500447,0,0,0,0,0,0,0.065301959603419,0
ood_combo,DS03,10,14,HPC_flow_mod,5,1,0,-0,0,0,0,0,0,0,0.065301959603419,0
ood_combo,DS03,10,14,LPT_eff_mod,6,1,-0.00805970322165139,-0.00941691002096128,0,0,0,0,0,0,0.065301959603419,0
ood_combo,DS03,10,14,LPT_flow_mod,7,1,-0.0109793095001824,-0.0127012271329118,0,0,0,0,0,0,0.065301959603419,0
ood_combo,DS03,10,14,LPC_eff_mod,8,1,0,-0.000141632072939327,0,0,0,0,0,0,0.065301959603419,0
ood_combo,DS03,10,14,LPC_flow_mod,9,1,0,-0,0,0,0,0,0,0,0.065301959603419,0
ood_combo,DS03,10,15,HPT_eff_mod,1,1,-0.00619327747495078,-0.00665366611514782,0,0,0,0,0,0,0.102032872928581,0
ood_combo,DS03,10,15,fan_eff_mod,2,1,0,-0,0,0,0,0,0,0,0.102032872928581,0
ood_combo,DS03,10,15,fan_flow_mod,3,1,0,-0.00115264379265965,0,0,0,0,0,0,0.102032872928581,0
ood_combo,DS03,10,15,HPC_eff_mod,4,1,0,-0.00147324792500447,0,0,0,0,0,0,0.102032872928581,0
ood_combo,DS03,10,15,HPC_flow_mod,5,1,0,-0,0,0,0,0,0,0,0.102032872928581,0
ood_combo,DS03,10,15,LPT_eff_mod,6,1,-0.00880812248039723,-0.00941691002096128,0,0,0,0,0,0,0.102032872928581,0
ood_combo,DS03,10,15,LPT_flow_mod,7,1,-0.00882376205277263,-0.0127012271329118,0,0,0,0,0,0,0.102032872928581,0
ood_combo,DS03,10,15,LPC_eff_mod,8,1,0,-0.000141632072939327,0,0,0,0,0,0,0.102032872928581,0
ood_combo,DS03,10,15,LPC_flow_mod,9,1,0,-0,0,0,0,0,0,0,0.102032872928581,0
ood_combo,DS03,10,16,HPT_eff_mod,1,1,-0.0102191641555617,-0.00665366611514782,0,1,0,1,0,1,0.109126489247775,0
ood_combo,DS03,10,16,fan_eff_mod,2,1,0,-0,0,0,0,0,0,1,0.109126489247775,0
ood_combo,DS03,10,16,fan_flow_mod,3,1,0,-0.00115264379265965,0,0,0,0,0,1,0.109126489247775,0
ood_combo,DS03,10,16,HPC_eff_mod,4,1,0,-0.00147324792500447,0,0,0,0,0,1,0.109126489247775,0
ood_combo,DS03,10,16,HPC_flow_mod,5,1,0,-0,0,0,0,0,0,1,0.109126489247775,0
ood_combo,DS03,10,16,LPT_eff_mod,6,1,-0.00725921522322748,-0.00941691002096128,0,0,0,0,0,1,0.109126489247775,0
ood_combo,DS03,10,16,LPT_flow_mod,7,1,-0.0121119243432129,-0.0170875371584654,0,0,0,0,0,1,0.109126489247775,0
ood_combo,DS03,10,16,LPC_eff_mod,8,1,0,-0.000141632072939327,0,0,0,0,0,1,0.109126489247775,0
ood_combo,DS03,10,16,LPC_flow_mod,9,1,0,-0,0,0,0,0,0,1,0.109126489247775,0
ood_combo,DS03,10,17,HPT_eff_mod,1,1,-0.0199443615928578,-0.00665366611514782,0,1,0,1,0,1,0.138923310441065,0
ood_combo,DS03,10,17,fan_eff_mod,2,1,0,-0,0,0,0,0,0,1,0.138923310441065,0
ood_combo,DS03,10,17,fan_flow_mod,3,1,0,-0.00115264379265965,0,0,0,0,0,1,0.138923310441065,0
ood_combo,DS03,10,17,HPC_eff_mod,4,1,0,-0.00147324792500447,0,0,0,0,0,1,0.138923310441065,0
ood_combo,DS03,10,17,HPC_flow_mod,5,1,0,-0,0,0,0,0,0,1,0.138923310441065,0
ood_combo,DS03,10,17,LPT_eff_mod,6,1,-0.00658962014001819,-0.00941691002096128,0,0,0,0,0,1,0.138923310441065,0
ood_combo,DS03,10,17,LPT_flow_mod,7,1,-0.016826102953192,-0.0170875371584654,0,0,0,0,0,1,0.138923310441065,0
ood_combo,DS03,10,17,LPC_eff_mod,8,1,0,-0.000141632072939327,0,0,0,0,0,1,0.138923310441065,0
ood_combo,DS03,10,17,LPC_flow_mod,9,1,0,-0,0,0,0,0,0,1,0.138923310441065,0
ood_combo,DS03,10,18,HPT_eff_mod,1,0,-0.00699320488454576,-0.00665366611514782,1,1,1,1,1,1,0.088403219674243,0
ood_combo,DS03,10,18,fan_eff_mod,2,0,0,-0,0,0,0,0,1,1,0.088403219674243,0
ood_combo,DS03,10,18,fan_flow_mod,3,0,0,-0.00115264379265965,0,0,0,0,1,1,0.088403219674243,0
ood_combo,DS03,10,18,HPC_eff_mod,4,0,0,-0.00147324792500447,0,0,0,0,1,1,0.088403219674243,0
ood_combo,DS03,10,18,HPC_flow_mod,5,0,0,-0,0,0,0,0,1,1,0.088403219674243,0
ood_combo,DS03,10,18,LPT_eff_mod,6,0,-0.0118264891110377,-0.0133275155143359,1,0,1,0,1,1,0.088403219674243,0
ood_combo,DS03,10,18,LPT_flow_mod,7,0,-0.0129530207529999,-0.0170875371584654,1,0,1,0,1,1,0.088403219674243,0
ood_combo,DS03,10,18,LPC_eff_mod,8,0,0,-0.000141632072939327,0,0,0,0,1,1,0.088403219674243,0
ood_combo,DS03,10,18,LPC_flow_mod,9,0,0,-0,0,0,0,0,1,1,0.088403219674243,0
ood_combo,DS03,10,19,HPT_eff_mod,1,0,-0.0158308740350522,-0.00665366611514782,1,1,1,1,1,1,0.183875125449055,0
ood_combo,DS03,10,19,fan_eff_mod,2,0,0,-0,0,0,0,0,1,1,0.183875125449055,0
ood_combo,DS03,10,19,fan_flow_mod,3,0,0,-0.00115264379265965,0,0,0,0,1,1,0.183875125449055,0
ood_combo,DS03,10,19,HPC_eff_mod,4,0,0,-0.00147324792500447,0,0,0,0,1,1,0.183875125449055,0
ood_combo,DS03,10,19,HPC_flow_mod,5,0,0,-0,0,0,0,0,1,1,0.183875125449055,0
ood_combo,DS03,10,19,LPT_eff_mod,6,0,-0.0189608371678716,-0.0144689098227651,1,0,1,0,1,1,0.183875125449055,0
ood_combo,DS03,10,19,LPT_flow_mod,7,0,-0.0102456627084706,-0.0170875371584654,1,0,1,0,1,1,0.183875125449055,0
ood_combo,DS03,10,19,LPC_eff_mod,8,0,0,-0.000141632072939327,0,0,0,0,1,1,0.183875125449055,0
ood_combo,DS03,10,19,LPC_flow_mod,9,0,0,-0,0,0,0,0,1,1,0.183875125449055,0
ood_combo,DS03,10,20,HPT_eff_mod,1,0,-0.0170490834636708,-0.00665366611514782,1,1,1,1,1,1,0.09065195925169,0
ood_combo,DS03,10,20,fan_eff_mod,2,0,0,-0,0,0,0,0,1,1,0.09065195925169,0
ood_combo,DS03,10,20,fan_flow_mod,3,0,0,-0.00115264379265965,0,0,0,0,1,1,0.09065195925169,0
ood_combo,DS03,10,20,HPC_eff_mod,4,0,0,-0.00147324792500447,0,0,0,0,1,1,0.09065195925169,0
ood_combo,DS03,10,20,HPC_flow_mod,5,0,0,-0,0,0,0,0,1,1,0.09065195925169,0
ood_combo,DS03,10,20,LPT_eff_mod,6,0,-0.0144016996169364,-0.0145630310510839,1,0,1,0,1,1,0.09065195925169,0
ood_combo,DS03,10,20,LPT_flow_mod,7,0,-0.003223067520506,-0.0170875371584654,1,0,1,0,1,1,0.09065195925169,0
ood_combo,DS03,10,20,LPC_eff_mod,8,0,0,-0.000141632072939327,0,0,0,0,1,1,0.09065195925169,0
ood_combo,DS03,10,20,LPC_flow_mod,9,0,0,-0,0,0,0,0,1,1,0.09065195925169,0
ood_combo,DS03,10,21,HPT_eff_mod,1,0,-0.0305955627808622,-0.017255233925583,1,1,2,1,2,1,0.155416773315365,0
ood_combo,DS03,10,21,fan_eff_mod,2,0,0,-0,0,0,0,0,2,1,0.155416773315365,0
ood_combo,DS03,10,21,fan_flow_mod,3,0,0,-0.00115264379265965,0,0,0,0,2,1,0.155416773315365,0
ood_combo,DS03,10,21,HPC_eff_mod,4,0,0,-0.00147324792500447,0,0,0,0,2,1,0.155416773315365,0
ood_combo,DS03,10,21,HPC_flow_mod,5,0,0,-0,0,0,0,0,2,1,0.155416773315365,0
ood_combo,DS03,10,21,LPT_eff_mod,6,0,-0.0209765027074106,-0.0147477216379056,1,0,1,0,2,1,0.155416773315365,0
ood_combo,DS03,10,21,LPT_flow_mod,7,0,-0.0138704995718036,-0.0170875371584654,1,0,1,0,2,1,0.155416773315365,0
ood_combo,DS03,10,21,LPC_eff_mod,8,0,0,-0.000141632072939327,0,0,0,0,2,1,0.155416773315365,0
ood_combo,DS03,10,21,LPC_flow_mod,9,0,0,-0,0,0,0,0,2,1,0.155416773315365,0
ood_combo,DS03,10,22,HPT_eff_mod,1,0,-0.0275009502777227,-0.017255233925583,1,1,2,1,2,1,0.136767078828354,0
ood_combo,DS03,10,22,fan_eff_mod,2,0,0,-0,0,0,0,0,2,1,0.136767078828354,0
ood_combo,DS03,10,22,fan_flow_mod,3,0,0,-0.00115264379265965,0,0,0,0,2,1,0.136767078828354,0
ood_combo,DS03,10,22,HPC_eff_mod,4,0,0,-0.00147324792500447,0,0,0,0,2,1,0.136767078828354,0
ood_combo,DS03,10,22,HPC_flow_mod,5,0,0,-0,0,0,0,0,2,1,0.136767078828354,0
ood_combo,DS03,10,22,LPT_eff_mod,6,0,-0.0168133056339237,-0.0230284204328619,1,0,1,0,2,1,0.136767078828354,0
ood_combo,DS03,10,22,LPT_flow_mod,7,0,-0.00966709712390639,-0.0170875371584654,1,0,1,0,2,1,0.136767078828354,0
ood_combo,DS03,10,22,LPC_eff_mod,8,0,0,-0.000141632072939327,0,0,0,0,2,1,0.136767078828354,0
ood_combo,DS03,10,22,LPC_flow_mod,9,0,0,-0,0,0,0,0,2,1,0.136767078828354,0
ood_combo,DS03,10,23,HPT_eff_mod,1,0,-0.0220113271257272,-0.017255233925583,1,1,2,1,2,1,0.228715057171042,0
ood_combo,DS03,10,23,fan_eff_mod,2,0,0,-0,0,0,0,0,2,1,0.228715057171042,0
ood_combo,DS03,10,23,fan_flow_mod,3,0,0,-0.00115264379265965,0,0,0,0,2,1,0.228715057171042,0
ood_combo,DS03,10,23,HPC_eff_mod,4,0,0,-0.00147324792500447,0,0,0,0,2,1,0.228715057171042,0
ood_combo,DS03,10,23,HPC_flow_mod,5,0,0,-0,0,0,0,0,2,1,0.228715057171042,0
ood_combo,DS03,10,23,LPT_eff_mod,6,0,-0.0190441271310995,-0.0230284204328619,1,0,1,0,2,1,0.228715057171042,0
ood_combo,DS03,10,23,LPT_flow_mod,7,0,-0.0100633743930677,-0.0170875371584654,1,0,1,0,2,1,0.228715057171042,0
ood_combo,DS03,10,23,LPC_eff_mod,8,0,0,-0.000141632072939327,0,0,0,0,2,1,0.228715057171042,0
ood_combo,DS03,10,23,LPC_flow_mod,9,0,0,-0,0,0,0,0,2,1,0.228715057171042,0
ood_combo,DS03,10,24,HPT_eff_mod,1,0,-0.0390768269992976,-0.017255233925583,1,1,2,1,2,1,0.18130519804638,0
ood_combo,DS03,10,24,fan_eff_mod,2,0,0,-0,0,0,0,0,2,1,0.18130519804638,0
ood_combo,DS03,10,24,fan_flow_mod,3,0,0,-0.00122083833274295,0,0,0,0,2,1,0.18130519804638,0
ood_combo,DS03,10,24,HPC_eff_mod,4,0,0,-0.00147324792500447,0,0,0,0,2,1,0.18130519804638,0
ood_combo,DS03,10,24,HPC_flow_mod,5,0,0,-0,0,0,0,0,2,1,0.18130519804638,0
ood_combo,DS03,10,24,LPT_eff_mod,6,0,-0.0204101262178892,-0.0230284204328619,1,0,1,0,2,1,0.18130519804638,0
ood_combo,DS03,10,24,LPT_flow_mod,7,0,-0.0175905266017947,-0.0293527272026452,1,0,1,0,2,1,0.18130519804638,0
ood_combo,DS03,10,24,LPC_eff_mod,8,0,0,-0.000141632072939327,0,0,0,0,2,1,0.18130519804638,0
ood_combo,DS03,10,24,LPC_flow_mod,9,0,0,-0,0,0,0,0,2,1,0.18130519804638,0
ood_combo,DS03,10,25,HPT_eff_mod,1,0,-0.0274659474638493,-0.017255233925583,1,1,2,1,2,1,0.229456388885343,0
ood_combo,DS03,10,25,fan_eff_mod,2,0,0,-0,0,0,0,0,2,1,0.229456388885343,0
ood_combo,DS03,10,25,fan_flow_mod,3,0,0,-0.00122083833274295,0,0,0,0,2,1,0.229456388885343,0
ood_combo,DS03,10,25,HPC_eff_mod,4,0,0,-0.00147324792500447,0,0,0,0,2,1,0.229456388885343,0
ood_combo,DS03,10,25,HPC_flow_mod,5,0,0,-0,0,0,0,0,2,1,0.229456388885343,0
ood_combo,DS03,10,25,LPT_eff_mod,6,0,-0.0256256091989082,-0.0230284204328619,1,0,1,0,2,1,0.229456388885343,0
ood_combo,DS03,10,25,LPT_flow_mod,7,0,-0.0108797810883816,-0.0293527272026452,1,0,1,0,2,1,0.229456388885343,0
ood_combo,DS03,10,25,LPC_eff_mod,8,0,0,-0.000141632072939327,0,0,0,0,2,1,0.229456388885343,0
ood_combo,DS03,10,25,LPC_flow_mod,9,0,0,-0,0,0,0,0,2,1,0.229456388885343,0
ood_combo,DS03,10,26,HPT_eff_mod,1,0,-0.0396727909027252,-0.017255233925583,1,1,2,1,2,1,0.151286632075837,0
ood_combo,DS03,10,26,fan_eff_mod,2,0,0,-0,0,0,0,0,2,1,0.151286632075837,0
ood_combo,DS03,10,26,fan_flow_mod,3,0,0,-0.00122083833274295,0,0,0,0,2,1,0.151286632075837,0
ood_combo,DS03,10,26,HPC_eff_mod,4,0,0,-0.00147324792500447,0,0,0,0,2,1,0.151286632075837,0
ood_combo,DS03,10,26,HPC_flow_mod,5,0,0,-0,0,0,0,0,2,1,0.151286632075837,0
ood_combo,DS03,10,26,LPT_eff_mod,6,0,-0.0268559817713619,-0.0230284204328619,1,1,1,1,2,1,0.151286632075837,0
ood_combo,DS03,10,26,LPT_flow_mod,7,0,-0.00858811577900819,-0.0293527272026452,1,0,1,0,2,1,0.151286632075837,0
ood_combo,DS03,10,26,LPC_eff_mod,8,0,0,-0.000141632072939327,0,0,0,0,2,1,0.151286632075837,0
ood_combo,DS03,10,26,LPC_flow_mod,9,0,0,-0,0,0,0,0,2,1,0.151286632075837,0
ood_combo,DS03,10,27,HPT_eff_mod,1,0,-0.0281252504079518,-0.017255233925583,1,1,2,1,2,1,0.280106098106482,0
ood_combo,DS03,10,27,fan_eff_mod,2,0,0,-0,0,0,0,0,2,1,0.280106098106482,0
ood_combo,DS03,10,27,fan_flow_mod,3,0,0,-0.00122083833274295,0,0,0,0,2,1,0.280106098106482,0
ood_combo,DS03,10,27,HPC_eff_mod,4,0,0,-0.00147324792500447,0,0,0,0,2,1,0.280106098106482,0
ood_combo,DS03,10,27,HPC_flow_mod,5,0,0,-0,0,0,0,0,2,1,0.280106098106482,0
ood_combo,DS03,10,27,LPT_eff_mod,6,0,-0.02615290271916,-0.0230284204328619,1,1,1,1,2,1,0.280106098106482,0
ood_combo,DS03,10,27,LPT_flow_mod,7,0,-0.0255022568049943,-0.0319882062598491,1,0,1,0,2,1,0.280106098106482,0
ood_combo,DS03,10,27,LPC_eff_mod,8,0,0,-0.000141632072939327,0,0,0,0,2,1,0.280106098106482,0
ood_combo,DS03,10,27,LPC_flow_mod,9,0,0,-0,0,0,0,0,2,1,0.280106098106482,0
ood_combo,DS03,10,28,HPT_eff_mod,1,0,-0.0450612440379781,-0.01863726217927,1,1,2,1,2,2,0.100655064641096,0
ood_combo,DS03,10,28,fan_eff_mod,2,0,0,-0,0,0,0,0,2,2,0.100655064641096,0
ood_combo,DS03,10,28,fan_flow_mod,3,0,0,-0.00122083833274295,0,0,0,0,2,2,0.100655064641096,0
ood_combo,DS03,10,28,HPC_eff_mod,4,0,0,-0.00147324792500447,0,0,0,0,2,2,0.100655064641096,0
ood_combo,DS03,10,28,HPC_flow_mod,5,0,0,-0,0,0,0,0,2,2,0.100655064641096,0
ood_combo,DS03,10,28,LPT_eff_mod,6,0,-0.0289639087369373,-0.0439308280686939,1,1,2,2,2,2,0.100655064641096,0
ood_combo,DS03,10,28,LPT_flow_mod,7,0,-0.0110957057860433,-0.0319882062598491,1,0,1,0,2,2,0.100655064641096,0
ood_combo,DS03,10,28,LPC_eff_mod,8,0,0,-0.000141632072939327,0,0,0,0,2,2,0.100655064641096,0
ood_combo,DS03,10,28,LPC_flow_mod,9,0,0,-0,0,0,0,0,2,2,0.100655064641096,0
ood_combo,DS03,10,29,HPT_eff_mod,1,0,-0.0511270819006275,-0.0331454301321524,1,1,2,2,2,2,0.186668719296161,0
ood_combo,DS03,10,29,fan_eff_mod,2,0,0,-0,0,0,0,0,2,2,0.186668719296161,0
ood_combo,DS03,10,29,fan_flow_mod,3,0,0,-0.00122083833274295,0,0,0,0,2,2,0.186668719296161,0
ood_combo,DS03,10,29,HPC_eff_mod,4,0,0,-0.00147324792500447,0,0,0,0,2,2,0.186668719296161,0
ood_combo,DS03,10,29,HPC_flow_mod,5,0,0,-0,0,0,0,0,2,2,0.186668719296161,0
ood_combo,DS03,10,29,LPT_eff_mod,6,0,-0.0374239059637236,-0.0455725770533037,1,1,2,2,2,2,0.186668719296161,0
ood_combo,DS03,10,29,LPT_flow_mod,7,0,-0.019494017627751,-0.0319882062598491,1,0,1,0,2,2,0.186668719296161,0
ood_combo,DS03,10,29,LPC_eff_mod,8,0,0,-0.00035279995704901,0,0,0,0,2,2,0.186668719296161,0
ood_combo,DS03,10,29,LPC_flow_mod,9,0,0,-0,0,0,0,0,2,2,0.186668719296161,0
ood_combo,DS03,10,30,HPT_eff_mod,1,0,-0.0432508401492283,-0.0343575311240307,1,1,2,2,2,2,0.164086656962629,0
ood_combo,DS03,10,30,fan_eff_mod,2,0,0,-0,0,0,0,0,2,2,0.164086656962629,0
ood_combo,DS03,10,30,fan_flow_mod,3,0,0,-0.00122083833274295,0,0,0,0,2,2,0.164086656962629,0
ood_combo,DS03,10,30,HPC_eff_mod,4,0,0,-0.00147324792500447,0,0,0,0,2,2,0.164086656962629,0
ood_combo,DS03,10,30,HPC_flow_mod,5,0,0,-0,0,0,0,0,2,2,0.164086656962629,0
ood_combo,DS03,10,30,LPT_eff_mod,6,0,-0.0344334446710149,-0.0498435903315824,1,1,2,2,2,2,0.164086656962629,0
ood_combo,DS03,10,30,LPT_flow_mod,7,0,-0.0233547788177672,-0.0319882062598491,1,0,1,0,2,2,0.164086656962629,0
ood_combo,DS03,10,30,LPC_eff_mod,8,0,0,-0.00035279995704901,0,0,0,0,2,2,0.164086656962629,0
ood_combo,DS03,10,30,LPC_flow_mod,9,0,0,-0,0,0,0,0,2,2,0.164086656962629,0
ood_combo,DS03,10,31,HPT_eff_mod,1,0,-0.050963507064014,-0.0402369698338606,1,1,2,2,2,2,0.0875477594929592,0
ood_combo,DS03,10,31,fan_eff_mod,2,0,0,-0,0,0,0,0,2,2,0.0875477594929592,0
ood_combo,DS03,10,31,fan_flow_mod,3,0,0,-0.00122083833274295,0,0,0,0,2,2,0.0875477594929592,0
ood_combo,DS03,10,31,HPC_eff_mod,4,0,0,-0.00147324792500447,0,0,0,0,2,2,0.0875477594929592,0
ood_combo,DS03,10,31,HPC_flow_mod,5,0,0,-0,0,0,0,0,2,2,0.0875477594929592,0
ood_combo,DS03,10,31,LPT_eff_mod,6,0,-0.0390196571908762,-0.0498435903315824,1,1,2,2,2,2,0.0875477594929592,0
ood_combo,DS03,10,31,LPT_flow_mod,7,0,-0.0216837349006698,-0.0363193257500337,1,0,1,0,2,2,0.0875477594929592,0
ood_combo,DS03,10,31,LPC_eff_mod,8,0,0,-0.00035279995704901,0,0,0,0,2,2,0.0875477594929592,0
ood_combo,DS03,10,31,LPC_flow_mod,9,0,0,-0,0,0,0,0,2,2,0.0875477594929592,0
ood_combo,DS03,10,32,HPT_eff_mod,1,0,-0.0507330060662778,-0.0402369698338606,1,1,2,2,2,2,0.149220301082508,0
ood_combo,DS03,10,32,fan_eff_mod,2,0,0,-0,0,0,0,0,2,2,0.149220301082508,0
ood_combo,DS03,10,32,fan_flow_mod,3,0,0,-0.00122083833274295,0,0,0,0,2,2,0.149220301082508,0
ood_combo,DS03,10,32,HPC_eff_mod,4,0,0,-0.00147324792500447,0,0,0,0,2,2,0.149220301082508,0
ood_combo,DS03,10,32,HPC_flow_mod,5,0,0,-0,0,0,0,0,2,2,0.149220301082508,0
ood_combo,DS03,10,32,LPT_eff_mod,6,0,-0.0385067342897686,-0.0498435903315824,1,1,2,2,2,2,0.149220301082508,0
ood_combo,DS03,10,32,LPT_flow_mod,7,0,-0.0281188978574116,-0.0363193257500337,1,0,2,0,2,2,0.149220301082508,0
ood_combo,DS03,10,32,LPC_eff_mod,8,0,0,-0.00035279995704901,0,0,0,0,2,2,0.149220301082508,0
ood_combo,DS03,10,32,LPC_flow_mod,9,0,0,-0,0,0,0,0,2,2,0.149220301082508,0
ood_combo,DS03,10,33,HPT_eff_mod,1,0,-0.0498448960414015,-0.0402369698338606,1,1,2,2,2,2,0.0636815369525628,0
ood_combo,DS03,10,33,fan_eff_mod,2,0,0,-0,0,0,0,0,2,2,0.0636815369525628,0
ood_combo,DS03,10,33,fan_flow_mod,3,0,0,-0.00122083833274295,0,0,0,0,2,2,0.0636815369525628,0
ood_combo,DS03,10,33,HPC_eff_mod,4,0,0,-0.00147324792500447,0,0,0,0,2,2,0.0636815369525628,0
ood_combo,DS03,10,33,HPC_flow_mod,5,0,0,-0,0,0,0,0,2,2,0.0636815369525628,0
ood_combo,DS03,10,33,LPT_eff_mod,6,0,-0.0452246685698426,-0.0498435903315824,1,1,2,2,2,2,0.0636815369525628,0
ood_combo,DS03,10,33,LPT_flow_mod,7,0,-0.0306953295150991,-0.0363193257500337,1,0,2,0,2,2,0.0636815369525628,0
ood_combo,DS03,10,33,LPC_eff_mod,8,0,0,-0.00035279995704901,0,0,0,0,2,2,0.0636815369525628,0
ood_combo,DS03,10,33,LPC_flow_mod,9,0,0,-0,0,0,0,0,2,2,0.0636815369525628,0
ood_combo,DS03,10,34,HPT_eff_mod,1,0,-0.0632588081558894,-0.0554822615662639,1,1,2,2,2,2,0.0782856429919253,0
ood_combo,DS03,10,34,fan_eff_mod,2,0,0,-0,0,0,0,0,2,2,0.0782856429919253,0
ood_combo,DS03,10,34,fan_flow_mod,3,0,0,-0.00122083833274295,0,0,0,0,2,2,0.0782856429919253,0
ood_combo,DS03,10,34,HPC_eff_mod,4,0,0,-0.00147324792500447,0,0,0,0,2,2,0.0782856429919253,0
ood_combo,DS03,10,34,HPC_flow_mod,5,0,0,-0,0,0,0,0,2,2,0.0782856429919253,0
ood_combo,DS03,10,34,LPT_eff_mod,6,0,-0.0494334731316324,-0.0510464964601975,1,1,2,2,2,2,0.0782856429919253,0
ood_combo,DS03,10,34,LPT_flow_mod,7,0,-0.0393101140878529,-0.0363193257500337,1,0,2,0,2,2,0.0782856429919253,0
ood_combo,DS03,10,34,LPC_eff_mod,8,0,0,-0.00035279995704901,0,0,0,0,2,2,0.0782856429919253,0
ood_combo,DS03,10,34,LPC_flow_mod,9,0,0,-0,0,0,0,0,2,2,0.0782856429919253,0
ood_combo,DS03,10,35,HPT_eff_mod,1,0,-0.0674288284776625,-0.0554822615662639,1,1,2,2,2,2,0.0723992920306886,0
ood_combo,DS03,10,35,fan_eff_mod,2,0,0,-0,0,0,0,0,2,2,0.0723992920306886,0
ood_combo,DS03,10,35,fan_flow_mod,3,0,0,-0.00122083833274295,0,0,0,0,2,2,0.0723992920306886,0
ood_combo,DS03,10,35,HPC_eff_mod,4,0,0,-0.00147324792500447,0,0,0,0,2,2,0.0723992920306886,0
ood_combo,DS03,10,35,HPC_flow_mod,5,0,0,-0,0,0,0,0,2,2,0.0723992920306886,0
ood_combo,DS03,10,35,LPT_eff_mod,6,0,-0.053166080862774,-0.0510464964601975,1,1,2,2,2,2,0.0723992920306886,0
ood_combo,DS03,10,35,LPT_flow_mod,7,0,-0.0263403788143725,-0.0363193257500337,1,0,2,0,2,2,0.0723992920306886,0
ood_combo,DS03,10,35,LPC_eff_mod,8,0,0,-0.00035279995704901,0,0,0,0,2,2,0.0723992920306886,0
ood_combo,DS03,10,35,LPC_flow_mod,9,0,0,-0,0,0,0,0,2,2,0.0723992920306886,0
ood_combo,DS03,10,36,HPT_eff_mod,1,0,-0.0650505230265901,-0.0554822615662639,1,1,2,2,2,2,0.147236020715795,0
ood_combo,DS03,10,36,fan_eff_mod,2,0,0,-0,0,0,0,0,2,2,0.147236020715795,0
ood_combo,DS03,10,36,fan_flow_mod,3,0,0,-0.00122083833274295,0,0,0,0,2,2,0.147236020715795,0
ood_combo,DS03,10,36,HPC_eff_mod,4,0,0,-0.00147324792500447,0,0,0,0,2,2,0.147236020715795,0
ood_combo,DS03,10,36,HPC_flow_mod,5,0,0,-0,0,0,0,0,2,2,0.147236020715795,0
ood_combo,DS03,10,36,LPT_eff_mod,6,0,-0.0563215443385587,-0.0510464964601975,1,1,2,2,2,2,0.147236020715795,0
ood_combo,DS03,10,36,LPT_flow_mod,7,0,-0.0274596506257907,-0.0363193257500337,1,0,2,0,2,2,0.147236020715795,0
ood_combo,DS03,10,36,LPC_eff_mod,8,0,0,-0.00035279995704901,0,0,0,0,2,2,0.147236020715795,0
ood_combo,DS03,10,36,LPC_flow_mod,9,0,0,-0,0,0,0,0,2,2,0.147236020715795,0
ood_combo,DS03,10,37,HPT_eff_mod,1,0,-0.0816053659964872,-0.0724993286413249,1,1,2,2,2,2,0.108467246716521,0
ood_combo,DS03,10,37,fan_eff_mod,2,0,0,-0,0,0,0,0,2,2,0.108467246716521,0
ood_combo,DS03,10,37,fan_flow_mod,3,0,0,-0.00122083833274295,0,0,0,0,2,2,0.108467246716521,0
ood_combo,DS03,10,37,HPC_eff_mod,4,0,0,-0.00147324792500447,0,0,0,0,2,2,0.108467246716521,0
ood_combo,DS03,10,37,HPC_flow_mod,5,0,0,-0,0,0,0,0,2,2,0.108467246716521,0
ood_combo,DS03,10,37,LPT_eff_mod,6,0,-0.0619041834532824,-0.056437360185001,1,1,2,2,2,2,0.108467246716521,0
ood_combo,DS03,10,37,LPT_flow_mod,7,0,-0.0360508259555662,-0.0363193257500337,1,0,2,0,2,2,0.108467246716521,0
ood_combo,DS03,10,37,LPC_eff_mod,8,0,0,-0.00035279995704901,0,0,0,0,2,2,0.108467246716521,0
ood_combo,DS03,10,37,LPC_flow_mod,9,0,0,-0,0,0,0,0,2,2,0.108467246716521,0
ood_combo,DS03,10,38,HPT_eff_mod,1,0,-0.0766075906452209,-0.0724993286413249,1,1,2,2,2,2,0.10813861208762,0
ood_combo,DS03,10,38,fan_eff_mod,2,0,0,-0,0,0,0,0,2,2,0.10813861208762,0
ood_combo,DS03,10,38,fan_flow_mod,3,0,0,-0.00122083833274295,0,0,0,0,2,2,0.10813861208762,0
ood_combo,DS03,10,38,HPC_eff_mod,4,0,0,-0.00147324792500447,0,0,0,0,2,2,0.10813861208762,0
ood_combo,DS03,10,38,HPC_flow_mod,5,0,0,-0,0,0,0,0,2,2,0.10813861208762,0
ood_combo,DS03,10,38,LPT_eff_mod,6,0,-0.0678966312945064,-0.0741388692546653,1,1,2,2,2,2,0.10813861208762,0
ood_combo,DS03,10,38,LPT_flow_mod,7,0,-0.028604823131507,-0.0363193257500337,1,0,2,0,2,2,0.10813861208762,0
ood_combo,DS03,10,38,LPC_eff_mod,8,0,0,-0.00035279995704901,0,0,0,0,2,2,0.10813861208762,0
ood_combo,DS03,10,38,LPC_flow_mod,9,0,0,-0,0,0,0,0,2,2,0.10813861208762,0
ood_combo,DS03,10,39,HPT_eff_mod,1,0,-0.080913718878548,-0.0724993286413249,1,1,2,2,2,2,0.149837378625707,0
ood_combo,DS03,10,39,fan_eff_mod,2,0,0,-0,0,0,0,0,2,2,0.149837378625707,0
ood_combo,DS03,10,39,fan_flow_mod,3,0,0,-0.00122083833274295,0,0,0,0,2,2,0.149837378625707,0
ood_combo,DS03,10,39,HPC_eff_mod,4,0,0,-0.00147324792500447,0,0,0,0,2,2,0.149837378625707,0
ood_combo,DS03,10,39,HPC_flow_mod,5,0,0,-0,0,0,0,0,2,2,0.149837378625707,0
ood_combo,DS03,10,39,LPT_eff_mod,6,0,-0.0725835404270938,-0.0741388692546653,1,1,2,2,2,2,0.149837378625707,0
ood_combo,DS03,10,39,LPT_flow_mod,7,0,-0.0426957603159734,-0.0522452265906318,1,0,2,0,2,2,0.149837378625707,0
ood_combo,DS03,10,39,LPC_eff_mod,8,0,0,-0.00035279995704901,0,0,0,0,2,2,0.149837378625707,0
ood_combo,DS03,10,39,LPC_flow_mod,9,0,0,-0,0,0,0,0,2,2,0.149837378625707,0
ood_combo,DS03,10,40,HPT_eff_mod,1,0,-0.0990604621942299,-0.0846859688312765,1,1,2,2,2,2,0.0667240326433913,0
ood_combo,DS03,10,40,fan_eff_mod,2,0,0,-0,0,0,0,0,2,2,0.0667240326433913,0
ood_combo,DS03,10,40,fan_flow_mod,3,0,0,-0.00122083833274295,0,0,0,0,2,2,0.0667240326433913,0
ood_combo,DS03,10,40,HPC_eff_mod,4,0,0,-0.00147324792500447,0,0,0,0,2,2,0.0667240326433913,0
ood_combo,DS03,10,40,HPC_flow_mod,5,0,0,-0,0,0,0,0,2,2,0.0667240326433913,0
ood_combo,DS03,10,40,LPT_eff_mod,6,0,-0.0764252473713583,-0.0837920202228429,1,1,2,2,2,2,0.0667240326433913,0
ood_combo,DS03,10,40,LPT_flow_mod,7,0,-0.0347869403659427,-0.0522452265906318,1,0,2,0,2,2,0.0667240326433913,0
ood_combo,DS03,10,40,LPC_eff_mod,8,0,0,-0.00035279995704901,0,0,0,0,2,2,0.0667240326433913,0
ood_combo,DS03,10,40,LPC_flow_mod,9,0,0,-0,0,0,0,0,2,2,0.0667240326433913,0
ood_combo,DS03,10,41,HPT_eff_mod,1,0,-0.0991287567630744,-0.0846859688312765,1,1,2,2,2,2,0.0889355746668795,0
ood_combo,DS03,10,41,fan_eff_mod,2,0,0,-0,0,0,0,0,2,2,0.0889355746668795,0
ood_combo,DS03,10,41,fan_flow_mod,3,0,0,-0.00122083833274295,0,0,0,0,2,2,0.0889355746668795,0
ood_combo,DS03,10,41,HPC_eff_mod,4,0,0,-0.00147324792500447,0,0,0,0,2,2,0.0889355746668795,0
ood_combo,DS03,10,41,HPC_flow_mod,5,0,0,-0,0,0,0,0,2,2,0.0889355746668795,0
ood_combo,DS03,10,41,LPT_eff_mod,6,0,-0.0821794298828942,-0.0837920202228429,1,1,2,2,2,2,0.0889355746668795,0
ood_combo,DS03,10,41,LPT_flow_mod,7,0,-0.0392689209619704,-0.0541324875216069,1,0,2,0,2,2,0.0889355746668795,0
ood_combo,DS03,10,41,LPC_eff_mod,8,0,0,-0.00035279995704901,0,0,0,0,2,2,0.0889355746668795,0
ood_combo,DS03,10,41,LPC_flow_mod,9,0,0,-0,0,0,0,0,2,2,0.0889355746668795,0
ood_combo,DS03,10,42,HPT_eff_mod,1,0,-0.100358917256975,-0.0895964991033534,1,1,2,2,2,2,0.0727564499005278,0
ood_combo,DS03,10,42,fan_eff_mod,2,0,0,-0,0,0,0,0,2,2,0.0727564499005278,0
ood_combo,DS03,10,42,fan_flow_mod,3,0,0,-0.00122083833274295,0,0,0,0,2,2,0.0727564499005278,0
ood_combo,DS03,10,42,HPC_eff_mod,4,0,0,-0.00147324792500447,0,0,0,0,2,2,0.0727564499005278,0
ood_combo,DS03,10,42,HPC_flow_mod,5,0,0,-0,0,0,0,0,2,2,0.0727564499005278,0
ood_combo,DS03,10,42,LPT_eff_mod,6,0,-0.0923404839099283,-0.0942061461771357,1,1,2,2,2,2,0.0727564499005278,0
ood_combo,DS03,10,42,LPT_flow_mod,7,0,-0.0501020663389921,-0.0541324875216069,1,0,2,0,2,2,0.0727564499005278,0
ood_combo,DS03,10,42,LPC_eff_mod,8,0,0,-0.00035279995704901,0,0,0,0,2,2,0.0727564499005278,0
ood_combo,DS03,10,42,LPC_flow_mod,9,0,0,-9.47031037357436e-05,0,0,0,0,2,2,0.0727564499005278,0
ood_combo,DS03,10,43,HPT_eff_mod,1,0,-0.114722127908765,-0.107558560133758,1,1,2,2,2,2,0.091905084844013,0
ood_combo,DS03,10,43,fan_eff_mod,2,0,0,-0,0,0,0,0,2,2,0.091905084844013,0
ood_combo,DS03,10,43,fan_flow_mod,3,0,0,-0.00122083833274295,0,0,0,0,2,2,0.091905084844013,0
ood_combo,DS03,10,43,HPC_eff_mod,4,0,0,-0.00147324792500447,0,0,0,0,2,2,0.091905084844013,0
ood_combo,DS03,10,43,HPC_flow_mod,5,0,0,-0,0,0,0,0,2,2,0.091905084844013,0
ood_combo,DS03,10,43,LPT_eff_mod,6,0,-0.100385216577383,-0.101159580736836,1,1,2,2,2,2,0.091905084844013,0
ood_combo,DS03,10,43,LPT_flow_mod,7,0,-0.0572091999879729,-0.0541324875216069,1,1,2,2,2,2,0.091905084844013,0
ood_combo,DS03,10,43,LPC_eff_mod,8,0,0,-0.00035279995704901,0,0,0,0,2,2,0.091905084844013,0
ood_combo,DS03,10,43,LPC_flow_mod,9,0,0,-9.47031037357436e-05,0,0,0,0,2,2,0.091905084844013,0
ood_combo,DS03,10,44,HPT_eff_mod,1,0,-0.117196047085845,-0.107558560133758,1,1,2,2,2,2,0.259242638575703,0
ood_combo,DS03,10,44,fan_eff_mod,2,0,0,-0,0,0,0,0,2,2,0.259242638575703,0
ood_combo,DS03,10,44,fan_flow_mod,3,0,0,-0.00122083833274295,0,0,0,0,2,2,0.259242638575703,0
ood_combo,DS03,10,44,HPC_eff_mod,4,0,0,-0.00147324792500447,0,0,0,0,2,2,0.259242638575703,0
ood_combo,DS03,10,44,HPC_flow_mod,5,0,0,-0,0,0,0,0,2,2,0.259242638575703,0
ood_combo,DS03,10,44,LPT_eff_mod,6,0,-0.109027039979134,-0.101159580736836,1,1,2,2,2,2,0.259242638575703,0
ood_combo,DS03,10,44,LPT_flow_mod,7,0,-0.0523020326198946,-0.0541324875216069,1,1,2,2,2,2,0.259242638575703,0
ood_combo,DS03,10,44,LPC_eff_mod,8,0,0,-0.00035279995704901,0,0,0,0,2,2,0.259242638575703,0
ood_combo,DS03,10,44,LPC_flow_mod,9,0,0,-9.47031037357436e-05,0,0,0,0,2,2,0.259242638575703,0
ood_combo,DS03,10,45,HPT_eff_mod,1,0,-0.126663194776681,-0.121922291168376,1,1,2,2,2,2,0.116122121653387,0
ood_combo,DS03,10,45,fan_eff_mod,2,0,0,-0,0,0,0,0,2,2,0.116122121653387,0
ood_combo,DS03,10,45,fan_flow_mod,3,0,0,-0.00122083833274295,0,0,0,0,2,2,0.116122121653387,0
ood_combo,DS03,10,45,HPC_eff_mod,4,0,0,-0.00147324792500447,0,0,0,0,2,2,0.116122121653387,0
ood_combo,DS03,10,45,HPC_flow_mod,5,0,0,-0,0,0,0,0,2,2,0.116122121653387,0
ood_combo,DS03,10,45,LPT_eff_mod,6,0,-0.115005366122738,-0.103083895374306,1,1,2,2,2,2,0.116122121653387,0
ood_combo,DS03,10,45,LPT_flow_mod,7,0,-0.0552993855121083,-0.0541324875216069,1,1,2,2,2,2,0.116122121653387,0
ood_combo,DS03,10,45,LPC_eff_mod,8,0,0,-0.00035279995704901,0,0,0,0,2,2,0.116122121653387,0
ood_combo,DS03,10,45,LPC_flow_mod,9,0,0,-9.47031037357436e-05,0,0,0,0,2,2,0.116122121653387,0
ood_combo,DS03,10,46,HPT_eff_mod,1,0,-0.133711844451468,-0.121922291168376,1,1,2,2,2,2,0.143095699326439,0
ood_combo,DS03,10,46,fan_eff_mod,2,0,0,-0,0,0,0,0,2,2,0.143095699326439,0
ood_combo,DS03,10,46,fan_flow_mod,3,0,0,-0.00122083833274295,0,0,0,0,2,2,0.143095699326439,0
ood_combo,DS03,10,46,HPC_eff_mod,4,0,0,-0.00147324792500447,0,0,0,0,2,2,0.143095699326439,0
ood_combo,DS03,10,46,HPC_flow_mod,5,0,0,-0,0,0,0,0,2,2,0.143095699326439,0
ood_combo,DS03,10,46,LPT_eff_mod,6,0,-0.129122908826677,-0.124768630409002,1,1,2,2,2,2,0.143095699326439,0
ood_combo,DS03,10,46,LPT_flow_mod,7,0,-0.0610060225793704,-0.0541324875216069,1,1,2,2,2,2,0.143095699326439,0
ood_combo,DS03,10,46,LPC_eff_mod,8,0,0,-0.00035279995704901,0,0,0,0,2,2,0.143095699326439,0
ood_combo,DS03,10,46,LPC_flow_mod,9,0,0,-9.47031037357436e-05,0,0,0,0,2,2,0.143095699326439,0
ood_combo,DS03,10,47,HPT_eff_mod,1,0,-0.13250915919219,-0.121922291168376,1,1,2,2,2,3,0.135516291761419,0
ood_combo,DS03,10,47,fan_eff_mod,2,0,0,-0,0,0,0,0,2,3,0.135516291761419,0
ood_combo,DS03,10,47,fan_flow_mod,3,0,0,-0.00122083833274295,0,0,0,0,2,3,0.135516291761419,0
ood_combo,DS03,10,47,HPC_eff_mod,4,0,0,-0.00147324792500447,0,0,0,0,2,3,0.135516291761419,0
ood_combo,DS03,10,47,HPC_flow_mod,5,0,0,-0,0,0,0,0,2,3,0.135516291761419,0
ood_combo,DS03,10,47,LPT_eff_mod,6,0,-0.138588124828822,-0.151940016557935,1,1,2,3,2,3,0.135516291761419,0
ood_combo,DS03,10,47,LPT_flow_mod,7,0,-0.0503174404025438,-0.0541324875216069,1,1,2,2,2,3,0.135516291761419,0
ood_combo,DS03,10,47,LPC_eff_mod,8,0,0,-0.00035279995704901,0,0,0,0,2,3,0.135516291761419,0
ood_combo,DS03,10,47,LPC_flow_mod,9,0,0,-9.47031037357436e-05,0,0,0,0,2,3,0.135516291761419,0
ood_combo,DS03,10,48,HPT_eff_mod,1,0,-0.150541670923357,-0.121922291168376,1,1,3,2,3,3,0.144427507466143,0
ood_combo,DS03,10,48,fan_eff_mod,2,0,0,-0,0,0,0,0,3,3,0.144427507466143,0
ood_combo,DS03,10,48,fan_flow_mod,3,0,0,-0.00122083833274295,0,0,0,0,3,3,0.144427507466143,0
ood_combo,DS03,10,48,HPC_eff_mod,4,0,0,-0.00147324792500447,0,0,0,0,3,3,0.144427507466143,0
ood_combo,DS03,10,48,HPC_flow_mod,5,0,0,-0,0,0,0,0,3,3,0.144427507466143,0
ood_combo,DS03,10,48,LPT_eff_mod,6,0,-0.147899678906572,-0.151940016557935,1,1,3,3,3,3,0.144427507466143,0
ood_combo,DS03,10,48,LPT_flow_mod,7,0,-0.071167512816424,-0.096246310907544,1,1,2,2,3,3,0.144427507466143,0
ood_combo,DS03,10,48,LPC_eff_mod,8,0,0,-0.00035279995704901,0,0,0,0,3,3,0.144427507466143,0
ood_combo,DS03,10,48,LPC_flow_mod,9,0,0,-9.47031037357436e-05,0,0,0,0,3,3,0.144427507466143,0
ood_combo,DS03,10,49,HPT_eff_mod,1,0,-0.158617718555167,-0.124941376014456,1,1,3,2,3,3,0.102297849102136,0
ood_combo,DS03,10,49,fan_eff_mod,2,0,0,-0,0,0,0,0,3,3,0.102297849102136,0
ood_combo,DS03,10,49,fan_flow_mod,3,0,0,-0.00122083833274295,0,0,0,0,3,3,0.102297849102136,0
ood_combo,DS03,10,49,HPC_eff_mod,4,0,0,-0.00147324792500447,0,0,0,0,3,3,0.102297849102136,0
ood_combo,DS03,10,49,HPC_flow_mod,5,0,0,-0,0,0,0,0,3,3,0.102297849102136,0
ood_combo,DS03,10,49,LPT_eff_mod,6,0,-0.162767727646418,-0.176239434499136,1,1,3,3,3,3,0.102297849102136,0
ood_combo,DS03,10,49,LPT_flow_mod,7,0,-0.0600843828035749,-0.096246310907544,1,1,2,2,3,3,0.102297849102136,0
ood_combo,DS03,10,49,LPC_eff_mod,8,0,0,-0.00035279995704901,0,0,0,0,3,3,0.102297849102136,0
ood_combo,DS03,10,49,LPC_flow_mod,9,0,0,-9.47031037357436e-05,0,0,0,0,3,3,0.102297849102136,0
ood_combo,DS03,10,50,HPT_eff_mod,1,0,-0.163966064594538,-0.124941376014456,1,1,3,2,3,3,0.242313224015885,0
ood_combo,DS03,10,50,fan_eff_mod,2,0,0,-0,0,0,0,0,3,3,0.242313224015885,0
ood_combo,DS03,10,50,fan_flow_mod,3,0,0,-0.00122083833274295,0,0,0,0,3,3,0.242313224015885,0
ood_combo,DS03,10,50,HPC_eff_mod,4,0,0,-0.00147324792500447,0,0,0,0,3,3,0.242313224015885,0
ood_combo,DS03,10,50,HPC_flow_mod,5,0,0,-0,0,0,0,0,3,3,0.242313224015885,0
ood_combo,DS03,10,50,LPT_eff_mod,6,0,-0.170792057393373,-0.176239434499136,1,1,3,3,3,3,0.242313224015885,0
ood_combo,DS03,10,50,LPT_flow_mod,7,0,-0.0667494789495476,-0.116938764168162,1,1,2,2,3,3,0.242313224015885,0
ood_combo,DS03,10,50,LPC_eff_mod,8,0,0,-0.00035279995704901,0,0,0,0,3,3,0.242313224015885,0
ood_combo,DS03,10,50,LPC_flow_mod,9,0,0,-9.47031037357436e-05,0,0,0,0,3,3,0.242313224015885,0
ood_combo,DS03,10,51,HPT_eff_mod,1,0,-0.179907685636783,-0.128925149092445,1,1,3,2,3,3,0.191656932918698,0
ood_combo,DS03,10,51,fan_eff_mod,2,0,0,-0,0,0,0,0,3,3,0.191656932918698,0
ood_combo,DS03,10,51,fan_flow_mod,3,0,0,-0.00122083833274295,0,0,0,0,3,3,0.191656932918698,0
ood_combo,DS03,10,51,HPC_eff_mod,4,0,0,-0.00147324792500447,0,0,0,0,3,3,0.191656932918698,0
ood_combo,DS03,10,51,HPC_flow_mod,5,0,0,-0,0,0,0,0,3,3,0.191656932918698,0
ood_combo,DS03,10,51,LPT_eff_mod,6,0,-0.181646321236168,-0.181372936019661,1,1,3,3,3,3,0.191656932918698,0
ood_combo,DS03,10,51,LPT_flow_mod,7,0,-0.081153616502594,-0.116938764168162,1,1,2,2,3,3,0.191656932918698,0
ood_combo,DS03,10,51,LPC_eff_mod,8,0,0,-0.00035279995704901,0,0,0,0,3,3,0.191656932918698,0
ood_combo,DS03,10,51,LPC_flow_mod,9,0,0,-9.47031037357436e-05,0,0,0,0,3,3,0.191656932918698,0
ood_combo,DS03,10,52,HPT_eff_mod,1,0,-0.172501410753035,-0.134172016985532,1,1,3,2,3,3,0.113113589364353,0
ood_combo,DS03,10,52,fan_eff_mod,2,0,0,-0,0,0,0,0,3,3,0.113113589364353,0
ood_combo,DS03,10,52,fan_flow_mod,3,0,0,-0.00122083833274295,0,0,0,0,3,3,0.113113589364353,0
ood_combo,DS03,10,52,HPC_eff_mod,4,0,0,-0.00147324792500447,0,0,0,0,3,3,0.113113589364353,0
ood_combo,DS03,10,52,HPC_flow_mod,5,0,0,-0,0,0,0,0,3,3,0.113113589364353,0
ood_combo,DS03,10,52,LPT_eff_mod,6,0,-0.204768381481032,-0.223249712330193,1,1,3,3,3,3,0.113113589364353,0
ood_combo,DS03,10,52,LPT_flow_mod,7,0,-0.0738195128662517,-0.116938764168162,1,1,2,2,3,3,0.113113589364353,0
ood_combo,DS03,10,52,LPC_eff_mod,8,0,0,-0.00035279995704901,0,0,0,0,3,3,0.113113589364353,0
ood_combo,DS03,10,52,LPC_flow_mod,9,0,0,-9.47031037357436e-05,0,0,0,0,3,3,0.113113589364353,0
ood_combo,DS03,10,53,HPT_eff_mod,1,0,-0.197429915486186,-0.174755434899591,1,1,3,3,3,3,0.110589678840383,0
ood_combo,DS03,10,53,fan_eff_mod,2,0,0,-0,0,0,0,0,3,3,0.110589678840383,0
ood_combo,DS03,10,53,fan_flow_mod,3,0,0,-0.00122083833274295,0,0,0,0,3,3,0.110589678840383,0
ood_combo,DS03,10,53,HPC_eff_mod,4,0,0,-0.00147324792500447,0,0,0,0,3,3,0.110589678840383,0
ood_combo,DS03,10,53,HPC_flow_mod,5,0,0,-0,0,0,0,0,3,3,0.110589678840383,0
ood_combo,DS03,10,53,LPT_eff_mod,6,0,-0.216534581665724,-0.227732186264264,1,1,3,3,3,3,0.110589678840383,0
ood_combo,DS03,10,53,LPT_flow_mod,7,0,-0.0916365967926715,-0.116938764168162,1,1,2,2,3,3,0.110589678840383,0
ood_combo,DS03,10,53,LPC_eff_mod,8,0,0,-0.00035279995704901,0,0,0,0,3,3,0.110589678840383,0
ood_combo,DS03,10,53,LPC_flow_mod,9,0,0,-9.47031037357436e-05,0,0,0,0,3,3,0.110589678840383,0
ood_combo,DS03,10,54,HPT_eff_mod,1,0,-0.205140063164313,-0.174755434899591,1,1,3,3,3,3,0.0524370151110844,0
ood_combo,DS03,10,54,fan_eff_mod,2,0,0,-0,0,0,0,0,3,3,0.0524370151110844,0
ood_combo,DS03,10,54,fan_flow_mod,3,0,0,-0.00122083833274295,0,0,0,0,3,3,0.0524370151110844,0
ood_combo,DS03,10,54,HPC_eff_mod,4,0,0,-0.00147324792500447,0,0,0,0,3,3,0.0524370151110844,0
ood_combo,DS03,10,54,HPC_flow_mod,5,0,0,-0,0,0,0,0,3,3,0.0524370151110844,0
ood_combo,DS03,10,54,LPT_eff_mod,6,0,-0.235463303407616,-0.248693364917045,1,1,3,3,3,3,0.0524370151110844,0
ood_combo,DS03,10,54,LPT_flow_mod,7,0,-0.0875233639679926,-0.116938764168162,1,1,2,2,3,3,0.0524370151110844,0
ood_combo,DS03,10,54,LPC_eff_mod,8,0,0,-0.00035279995704901,0,0,0,0,3,3,0.0524370151110844,0
ood_combo,DS03,10,54,LPC_flow_mod,9,0,0,-9.47031037357436e-05,0,0,0,0,3,3,0.0524370151110844,0
ood_combo,DS03,10,55,HPT_eff_mod,1,0,-0.219287913865469,-0.196758652429586,1,1,3,3,3,3,0.122367452817012,0
ood_combo,DS03,10,55,fan_eff_mod,2,0,0,-0,0,0,0,0,3,3,0.122367452817012,0
ood_combo,DS03,10,55,fan_flow_mod,3,0,0,-0.00122083833274295,0,0,0,0,3,3,0.122367452817012,0
ood_combo,DS03,10,55,HPC_eff_mod,4,0,0,-0.00147324792500447,0,0,0,0,3,3,0.122367452817012,0
ood_combo,DS03,10,55,HPC_flow_mod,5,0,0,-0,0,0,0,0,3,3,0.122367452817012,0
ood_combo,DS03,10,55,LPT_eff_mod,6,0,-0.25707671333229,-0.253026515797863,1,1,3,3,3,3,0.122367452817012,0
ood_combo,DS03,10,55,LPT_flow_mod,7,0,-0.100776423855938,-0.116938764168162,1,1,2,2,3,3,0.122367452817012,0
ood_combo,DS03,10,55,LPC_eff_mod,8,0,0,-0.00035279995704901,0,0,0,0,3,3,0.122367452817012,0
ood_combo,DS03,10,55,LPC_flow_mod,9,0,0,-9.47031037357436e-05,0,0,0,0,3,3,0.122367452817012,0
ood_combo,DS03,10,56,HPT_eff_mod,1,0,-0.238619171908034,-0.196758652429586,1,1,3,3,3,3,0.128775016980354,0
ood_combo,DS03,10,56,fan_eff_mod,2,0,0,-0,0,0,0,0,3,3,0.128775016980354,0
ood_combo,DS03,10,56,fan_flow_mod,3,0,0,-0.00122083833274295,0,0,0,0,3,3,0.128775016980354,0
ood_combo,DS03,10,56,HPC_eff_mod,4,0,0,-0.00147324792500447,0,0,0,0,3,3,0.128775016980354,0
ood_combo,DS03,10,56,HPC_flow_mod,5,0,0,-0,0,0,0,0,3,3,0.128775016980354,0
ood_combo,DS03,10,56,LPT_eff_mod,6,0,-0.276283310343062,-0.306854694809855,1,1,3,3,3,3,0.128775016980354,0
ood_combo,DS03,10,56,LPT_flow_mod,7,0,-0.0906817842021861,-0.14545883288169,1,1,2,2,3,3,0.128775016980354,0
ood_combo,DS03,10,56,LPC_eff_mod,8,0,0,-0.00035279995704901,0,0,0,0,3,3,0.128775016980354,0
ood_combo,DS03,10,56,LPC_flow_mod,9,0,0,-9.47031037357436e-05,0,0,0,0,3,3,0.128775016980354,0
ood_combo,DS03,10,57,HPT_eff_mod,1,0,-0.242323103715511,-0.196758652429586,1,1,3,3,3,3,0.101240699216509,0
ood_combo,DS03,10,57,fan_eff_mod,2,0,0,-0,0,0,0,0,3,3,0.101240699216509,0
ood_combo,DS03,10,57,fan_flow_mod,3,0,0,-0.00122083833274295,0,0,0,0,3,3,0.101240699216509,0
ood_combo,DS03,10,57,HPC_eff_mod,4,0,0,-0.00147324792500447,0,0,0,0,3,3,0.101240699216509,0
ood_combo,DS03,10,57,HPC_flow_mod,5,0,0,-0,0,0,0,0,3,3,0.101240699216509,0
ood_combo,DS03,10,57,LPT_eff_mod,6,0,-0.303614938450736,-0.322677783534576,1,1,3,3,3,3,0.101240699216509,0
ood_combo,DS03,10,57,LPT_flow_mod,7,0,-0.115112125240914,-0.165160223850845,1,1,2,3,3,3,0.101240699216509,0
ood_combo,DS03,10,57,LPC_eff_mod,8,0,0,-0.00035279995704901,0,0,0,0,3,3,0.101240699216509,0
ood_combo,DS03,10,57,LPC_flow_mod,9,0,0,-9.47031037357436e-05,0,0,0,0,3,3,0.101240699216509,0
ood_combo,DS03,10,58,HPT_eff_mod,1,0,-0.260522977961393,-0.197023643969305,1,1,3,3,3,3,0.0988488186176096,0
ood_combo,DS03,10,58,fan_eff_mod,2,0,0,-0,0,0,0,0,3,3,0.0988488186176096,0
ood_combo,DS03,10,58,fan_flow_mod,3,0,0,-0.00122083833274295,0,0,0,0,3,3,0.0988488186176096,0
ood_combo,DS03,10,58,HPC_eff_mod,4,0,0,-0.00147324792500447,0,0,0,0,3,3,0.0988488186176096,0
ood_combo,DS03,10,58,HPC_flow_mod,5,0,0,-0,0,0,0,0,3,3,0.0988488186176096,0
ood_combo,DS03,10,58,LPT_eff_mod,6,0,-0.330517477482391,-0.363402467825763,1,1,3,3,3,3,0.0988488186176096,0
ood_combo,DS03,10,58,LPT_flow_mod,7,0,-0.112694602051378,-0.185744941367617,1,1,2,3,3,3,0.0988488186176096,0
ood_combo,DS03,10,58,LPC_eff_mod,8,0,0,-0.00035279995704901,0,0,0,0,3,3,0.0988488186176096,0
ood_combo,DS03,10,58,LPC_flow_mod,9,0,0,-9.47031037357436e-05,0,0,0,0,3,3,0.0988488186176096,0
ood_combo,DS03,10,59,HPT_eff_mod,1,0,-0.280913476091722,-0.224576316742992,1,1,3,3,3,3,0.142806409634462,0
ood_combo,DS03,10,59,fan_eff_mod,2,0,0,-0,0,0,0,0,3,3,0.142806409634462,0
ood_combo,DS03,10,59,fan_flow_mod,3,0,0,-0.00122083833274295,0,0,0,0,3,3,0.142806409634462,0
ood_combo,DS03,10,59,HPC_eff_mod,4,0,0,-0.00147324792500447,0,0,0,0,3,3,0.142806409634462,0
ood_combo,DS03,10,59,HPC_flow_mod,5,0,0,-0,0,0,0,0,3,3,0.142806409634462,0
ood_combo,DS03,10,59,LPT_eff_mod,6,0,-0.360121210166554,-0.396385563779956,1,1,3,3,3,3,0.142806409634462,0
ood_combo,DS03,10,59,LPT_flow_mod,7,0,-0.122551281028528,-0.185744941367617,1,1,2,3,3,3,0.142806409634462,0
ood_combo,DS03,10,59,LPC_eff_mod,8,0,0,-0.00035279995704901,0,0,0,0,3,3,0.142806409634462,0
ood_combo,DS03,10,59,LPC_flow_mod,9,0,0,-9.47031037357436e-05,0,0,0,0,3,3,0.142806409634462,0
ood_combo,DS03,10,60,HPT_eff_mod,1,0,-0.281166957365067,-0.224576316742992,1,1,3,3,3,3,0.204496467069677,0
ood_combo,DS03,10,60,fan_eff_mod,2,0,0,-0,0,0,0,0,3,3,0.204496467069677,0
ood_combo,DS03,10,60,fan_flow_mod,3,0,0,-0.00122083833274295,0,0,0,0,3,3,0.204496467069677,0
ood_combo,DS03,10,60,HPC_eff_mod,4,0,0,-0.00147324792500447,0,0,0,0,3,3,0.204496467069677,0
ood_combo,DS03,10,60,HPC_flow_mod,5,0,0,-0,0,0,0,0,3,3,0.204496467069677,0
ood_combo,DS03,10,60,LPT_eff_mod,6,0,-0.381345675325832,-0.426720531088989,1,1,3,3,3,3,0.204496467069677,0
ood_combo,DS03,10,60,LPT_flow_mod,7,0,-0.129103003188509,-0.185744941367617,1,1,2,3,3,3,0.204496467069677,0
ood_combo,DS03,10,60,LPC_eff_mod,8,0,0,-0.00035279995704901,0,0,0,0,3,3,0.204496467069677,0
ood_combo,DS03,10,60,LPC_flow_mod,9,0,0,-9.47031037357436e-05,0,0,0,0,3,3,0.204496467069677,0
ood_combo,DS03,10,61,HPT_eff_mod,1,0,-0.305900112280059,-0.224576316742992,1,1,3,3,3,3,0.236813617805707,0
ood_combo,DS03,10,61,fan_eff_mod,2,0,0,-0,0,0,0,0,3,3,0.236813617805707,0
ood_combo,DS03,10,61,fan_flow_mod,3,0,0,-0.00122083833274295,0,0,0,0,3,3,0.236813617805707,0
ood_combo,DS03,10,61,HPC_eff_mod,4,0,0,-0.00147324792500447,0,0,0,0,3,3,0.236813617805707,0
ood_combo,DS03,10,61,HPC_flow_mod,5,0,0,-0,0,0,0,0,3,3,0.236813617805707,0
ood_combo,DS03,10,61,LPT_eff_mod,6,0,-0.418561657732683,-0.426720531088989,1,1,3,3,3,3,0.236813617805707,0
ood_combo,DS03,10,61,LPT_flow_mod,7,0,-0.134075983031598,-0.194166659748359,1,1,2,3,3,3,0.236813617805707,0
ood_combo,DS03,10,61,LPC_eff_mod,8,0,0,-0.00035279995704901,0,0,0,0,3,3,0.236813617805707,0
ood_combo,DS03,10,61,LPC_flow_mod,9,0,0,-9.47031037357436e-05,0,0,0,0,3,3,0.236813617805707,0
ood_combo,DS03,10,62,HPT_eff_mod,1,0,-0.317740976939363,-0.224576316742992,1,1,3,3,3,3,0.315717711436852,0
ood_combo,DS03,10,62,fan_eff_mod,2,0,0,-0,0,0,0,0,3,3,0.315717711436852,0
ood_combo,DS03,10,62,fan_flow_mod,3,0,0,-0.00122083833274295,0,0,0,0,3,3,0.315717711436852,0
ood_combo,DS03,10,62,HPC_eff_mod,4,0,0,-0.00147324792500447,0,0,0,0,3,3,0.315717711436852,0
ood_combo,DS03,10,62,HPC_flow_mod,5,0,0,-0,0,0,0,0,3,3,0.315717711436852,0
ood_combo,DS03,10,62,LPT_eff_mod,6,0,-0.457846648342088,-0.51704674674676,1,1,3,3,3,3,0.315717711436852,0
ood_combo,DS03,10,62,LPT_flow_mod,7,0,-0.154155727451505,-0.256813992971049,1,1,3,3,3,3,0.315717711436852,0
ood_combo,DS03,10,62,LPC_eff_mod,8,0,0,-0.00035279995704901,0,0,0,0,3,3,0.315717711436852,0
ood_combo,DS03,10,62,LPC_flow_mod,9,0,0,-9.47031037357436e-05,0,0,0,0,3,3,0.315717711436852,0
ood_combo,DS03,10,63,HPT_eff_mod,1,0,-0.342407012707295,-0.224576316742992,1,1,3,3,3,3,0.326981084590209,0
ood_combo,DS03,10,63,fan_eff_mod,2,0,0,-0,0,0,0,0,3,3,0.326981084590209,0
ood_combo,DS03,10,63,fan_flow_mod,3,0,0,-0.00122083833274295,0,0,0,0,3,3,0.326981084590209,0
ood_combo,DS03,10,63,HPC_eff_mod,4,0,0,-0.00147324792500447,0,0,0,0,3,3,0.326981084590209,0
ood_combo,DS03,10,63,HPC_flow_mod,5,0,0,-0,0,0,0,0,3,3,0.326981084590209,0
ood_combo,DS03,10,63,LPT_eff_mod,6,0,-0.497528719383612,-0.51704674674676,1,1,3,3,3,3,0.326981084590209,0
ood_combo,DS03,10,63,LPT_flow_mod,7,0,-0.150498729870734,-0.256813992971049,1,1,3,3,3,3,0.326981084590209,0
ood_combo,DS03,10,63,LPC_eff_mod,8,0,0,-0.00035279995704901,0,0,0,0,3,3,0.326981084590209,0
ood_combo,DS03,10,63,LPC_flow_mod,9,0,0,-9.47031037357436e-05,0,0,0,0,3,3,0.326981084590209,0
ood_combo,DS03,10,64,HPT_eff_mod,1,0,-0.366448624987376,-0.224576316742992,1,1,3,3,3,3,0.232289764577637,0
ood_combo,DS03,10,64,fan_eff_mod,2,0,0,-0,0,0,0,0,3,3,0.232289764577637,0
ood_combo,DS03,10,64,fan_flow_mod,3,0,0,-0.00122083833274295,0,0,0,0,3,3,0.232289764577637,0
ood_combo,DS03,10,64,HPC_eff_mod,4,0,0,-0.00147324792500447,0,0,0,0,3,3,0.232289764577637,0
ood_combo,DS03,10,64,HPC_flow_mod,5,0,0,-0,0,0,0,0,3,3,0.232289764577637,0
ood_combo,DS03,10,64,LPT_eff_mod,6,0,-0.536660438487673,-0.617709342517676,1,1,3,3,3,3,0.232289764577637,0
ood_combo,DS03,10,64,LPT_flow_mod,7,0,-0.154837903885139,-0.327699566907133,1,1,3,3,3,3,0.232289764577637,0
ood_combo,DS03,10,64,LPC_eff_mod,8,0,0,-0.00035279995704901,0,0,0,0,3,3,0.232289764577637,0
ood_combo,DS03,10,64,LPC_flow_mod,9,0,0,-9.47031037357436e-05,0,0,0,0,3,3,0.232289764577637,0
ood_combo,DS03,10,65,HPT_eff_mod,1,0,-0.384689209295406,-0.224576316742992,1,1,3,3,3,3,0.607883402897176,1
ood_combo,DS03,10,65,fan_eff_mod,2,0,0,-0,0,0,0,0,3,3,0.607883402897176,1
ood_combo,DS03,10,65,fan_flow_mod,3,0,0,-0.00122083833274295,0,0,0,0,3,3,0.607883402897176,1
ood_combo,DS03,10,65,HPC_eff_mod,4,0,0,-0.00147324792500447,0,0,0,0,3,3,0.607883402897176,1
ood_combo,DS03,10,65,HPC_flow_mod,5,0,0,-0,0,0,0,0,3,3,0.607883402897176,1
ood_combo,DS03,10,65,LPT_eff_mod,6,0,-0.590261325669632,-0.683553531410638,1,1,3,3,3,3,0.607883402897176,1
ood_combo,DS03,10,65,LPT_flow_mod,7,0,-0.161897715223118,-0.365482355077205,1,1,3,3,3,3,0.607883402897176,1
ood_combo,DS03,10,65,LPC_eff_mod,8,0,0,-0.00248561334246767,0,0,0,0,3,3,0.607883402897176,1
ood_combo,DS03,10,65,LPC_flow_mod,9,0,0,-9.47031037357436e-05,0,0,0,0,3,3,0.607883402897176,1
ood_combo,DS03,10,66,HPT_eff_mod,1,0,-0.404220874790027,-0.225056380016704,1,1,3,3,3,3,0.0623029339574865,0
ood_combo,DS03,10,66,fan_eff_mod,2,0,0,-0,0,0,0,0,3,3,0.0623029339574865,0
ood_combo,DS03,10,66,fan_flow_mod,3,0,0,-0.00122083833274295,0,0,0,0,3,3,0.0623029339574865,0
ood_combo,DS03,10,66,HPC_eff_mod,4,0,0,-0.0111490608410233,0,0,0,0,3,3,0.0623029339574865,0
ood_combo,DS03,10,66,HPC_flow_mod,5,0,0,-0.00353643646539354,0,0,0,0,3,3,0.0623029339574865,0
ood_combo,DS03,10,66,LPT_eff_mod,6,0,-0.641913670396056,-0.736337678679883,1,1,3,3,3,3,0.0623029339574865,0
ood_combo,DS03,10,66,LPT_flow_mod,7,0,-0.168591532824246,-0.365482355077205,1,1,3,3,3,3,0.0623029339574865,0
ood_combo,DS03,10,66,LPC_eff_mod,8,0,0,-0.00248561334246767,0,0,0,0,3,3,0.0623029339574865,0
ood_combo,DS03,10,66,LPC_flow_mod,9,0,0,-0.013032502376362,0,0,0,0,3,3,0.0623029339574865,0
ood_combo,DS03,11,1,HPT_eff_mod,1,1,-0.00443683234291347,-0,0,0,0,0,0,0,0.113359066878167,0
ood_combo,DS03,11,1,fan_eff_mod,2,1,0,-0,0,0,0,0,0,0,0.113359066878167,0
ood_combo,DS03,11,1,fan_flow_mod,3,1,0,-0,0,0,0,0,0,0,0.113359066878167,0
ood_combo,DS03,11,1,HPC_eff_mod,4,1,0,-0,0,0,0,0,0,0,0.113359066878167,0
ood_combo,DS03,11,1,HPC_flow_mod,5,1,0,-0,0,0,0,0,0,0,0.113359066878167,0
ood_combo,DS03,11,1,LPT_eff_mod,6,1,-0.00169828788019301,-0,0,0,0,0,0,0,0.113359066878167,0
ood_combo,DS03,11,1,LPT_flow_mod,7,1,0.00142161148231883,-0,0,0,0,0,0,0,0.113359066878167,0
ood_combo,DS03,11,1,LPC_eff_mod,8,1,0,-0,0,0,0,0,0,0,0.113359066878167,0
ood_combo,DS03,11,1,LPC_flow_mod,9,1,0,-0,0,0,0,0,0,0,0.113359066878167,0
ood_combo,DS03,11,2,HPT_eff_mod,1,1,0.00779835251880203,-0,0,0,0,0,0,0,0.230904500325356,0
ood_combo,DS03,11,2,fan_eff_mod,2,1,0,-0,0,0,0,0,0,0,0.230904500325356,0
ood_combo,DS03,11,2,fan_flow_mod,3,1,0,-0.000171710513037227,0,0,0,0,0,0,0.230904500325356,0
ood_combo,DS03,11,2,HPC_eff_mod,4,1,0,-0,0,0,0,0,0,0,0.230904500325356,0
ood_combo,DS03,11,2,HPC_flow_mod,5,1,0,-0,0,0,0,0,0,0,0.230904500325356,0
ood_combo,DS03,11,2,LPT_eff_mod,6,1,0.00305546695619007,-0,0,0,0,0,0,0,0.230904500325356,0
ood_combo,DS03,11,2,LPT_flow_mod,7,1,-0.00426735718455123,-0,0,0,0,0,0,0,0.230904500325356,0
ood_combo,DS03,11,2,LPC_eff_mod,8,1,0,-0,0,0,0,0,0,0,0.230904500325356,0
ood_combo,DS03,11,2,LPC_flow_mod,9,1,0,-0,0,0,0,0,0,0,0.230904500325356,0
ood_combo,DS03,11,3,HPT_eff_mod,1,1,-0.00336152017588771,-0.00219486526026459,0,0,0,0,0,0,0.165634675356302,0
ood_combo,DS03,11,3,fan_eff_mod,2,1,0,-0,0,0,0,0,0,0,0.165634675356302,0
ood_combo,DS03,11,3,fan_flow_mod,3,1,0,-0.000171710513037227,0,0,0,0,0,0,0.165634675356302,0
ood_combo,DS03,11,3,HPC_eff_mod,4,1,0,-0,0,0,0,0,0,0,0.165634675356302,0
ood_combo,DS03,11,3,HPC_flow_mod,5,1,0,-0,0,0,0,0,0,0,0.165634675356302,0
ood_combo,DS03,11,3,LPT_eff_mod,6,1,-0.00135717907599673,-0.00106171784142984,0,0,0,0,0,0,0.165634675356302,0
ood_combo,DS03,11,3,LPT_flow_mod,7,1,0.0028457457022318,-0,0,0,0,0,0,0,0.165634675356302,0
ood_combo,DS03,11,3,LPC_eff_mod,8,1,0,-0,0,0,0,0,0,0,0.165634675356302,0
ood_combo,DS03,11,3,LPC_flow_mod,9,1,0,-0,0,0,0,0,0,0,0.165634675356302,0
ood_combo,DS03,11,4,HPT_eff_mod,1,1,-0.00533339064244089,-0.00219486526026459,0,0,0,0,0,0,0.084326485250356,0
ood_combo,DS03,11,4,fan_eff_mod,2,1,0,-0,0,0,0,0,0,0,0.084326485250356,0
ood_combo,DS03,11,4,fan_flow_mod,3,1,0,-0.000171710513037227,0,0,0,0,0,0,0.084326485250356,0
ood_combo,DS03,11,4,HPC_eff_mod,4,1,0,-0,0,0,0,0,0,0,0.084326485250356,0
ood_combo,DS03,11,4,HPC_flow_mod,5,1,0,-0,0,0,0,0,0,0,0.084326485250356,0
ood_combo,DS03,11,4,LPT_eff_mod,6,1,-0.00244712083544048,-0.00106171784142984,0,0,0,0,0,0,0.084326485250356,0
ood_combo,DS03,11,4,LPT_flow_mod,7,1,-0.00908879396050109,-0.0223948494985544,0,0,0,0,0,0,0.084326485250356,0
ood_combo,DS03,11,4,LPC_eff_mod,8,1,0,-0,0,0,0,0,0,0,0.084326485250356,0
ood_combo,DS03,11,4,LPC_flow_mod,9,1,0,-0,0,0,0,0,0,0,0.084326485250356,0
ood_combo,DS03,11,5,HPT_eff_mod,1,1,-0.0106269585910242,-0.00219486526026459,0,0,0,0,0,0,0.117350855757429,0
ood_combo,DS03,11,5,fan_eff_mod,2,1,0,-0,0,0,0,0,0,0,0.117350855757429,0
ood_combo,DS03,11,5,fan_flow_mod,3,1,0,-0.000171710513037227,0,0,0,0,0,0,0.117350855757429,0
ood_combo,DS03,11,5,HPC_eff_mod,4,1,0,-0,0,0,0,0,0,0,0.117350855757429,0
ood_combo,DS03,11,5,HPC_flow_mod,5,1,0,-0,0,0,0,0,0,0,0.117350855757429,0
ood_combo,DS03,11,5,LPT_eff_mod,6,1,0.0055632238440038,-0.00106171784142984,0,0,0,0,0,0,0.117350855757429,0
ood_combo,DS03,11,5,LPT_flow_mod,7,1,-0.00598035254951349,-0.0223948494985544,0,0,0,0,0,0,0.117350855757429,0
ood_combo,DS03,11,5,LPC_eff_mod,8,1,0,-0,0,0,0,0,0,0,0.117350855757429,0
ood_combo,DS03,11,5,LPC_flow_mod,9,1,0,-0,0,0,0,0,0,0,0.117350855757429,0
ood_combo,DS03,11,6,HPT_eff_mod,1,1,2.57016340230523e-05,-0.00219486526026459,0,0,0,0,0,0,0.14671976284162,0
ood_combo,DS03,11,6,fan_eff_mod,2,1,0,-0,0,0,0,0,0,0,0.14671976284162,0
ood_combo,DS03,11,6,fan_flow_mod,3,1,0,-0.000171710513037227,0,0,0,0,0,0,0.14671976284162,0
ood_combo,DS03,11,6,HPC_eff_mod,4,1,0,-0,0,0,0,0,0,0,0.14671976284162,0
ood_combo,DS03,11,6,HPC_flow_mod,5,1,0,-0,0,0,0,0,0,0,0.14671976284162,0
ood_combo,DS03,11,6,LPT_eff_mod,6,1,0.00445366212889056,-0.00106171784142984,0,0,0,0,0,0,0.14671976284162,0
ood_combo,DS03,11,6,LPT_flow_mod,7,1,-0.00147936273726543,-0.0223948494985544,0,0,0,0,0,0,0.14671976284162,0
ood_combo,DS03,11,6,LPC_eff_mod,8,1,0,-0,0,0,0,0,0,0,0.14671976284162,0
ood_combo,DS03,11,6,LPC_flow_mod,9,1,0,-0,0,0,0,0,0,0,0.14671976284162,0
ood_combo,DS03,11,7,HPT_eff_mod,1,1,-0.0170178940115712,-0.006542016224879,0,1,0,1,0,1,0.0976207701510524,0
ood_combo,DS03,11,7,fan_eff_mod,2,1,0,-0,0,0,0,0,0,1,0.0976207701510524,0
ood_combo,DS03,11,7,fan_flow_mod,3,1,0,-0.000171710513037227,0,0,0,0,0,1,0.0976207701510524,0
ood_combo,DS03,11,7,HPC_eff_mod,4,1,0,-0,0,0,0,0,0,1,0.0976207701510524,0
ood_combo,DS03,11,7,HPC_flow_mod,5,1,0,-0,0,0,0,0,0,1,0.0976207701510524,0
ood_combo,DS03,11,7,LPT_eff_mod,6,1,-0.00103131012265579,-0.00465286470419285,0,0,0,0,0,1,0.0976207701510524,0
ood_combo,DS03,11,7,LPT_flow_mod,7,1,-0.00946060088455968,-0.0223948494985544,0,0,0,0,0,1,0.0976207701510524,0
ood_combo,DS03,11,7,LPC_eff_mod,8,1,0,-0,0,0,0,0,0,1,0.0976207701510524,0
ood_combo,DS03,11,7,LPC_flow_mod,9,1,0,-0,0,0,0,0,0,1,0.0976207701510524,0
ood_combo,DS03,11,8,HPT_eff_mod,1,1,-0.0121704483773328,-0.006542016224879,0,1,0,1,0,1,0.177820755842115,0
ood_combo,DS03,11,8,fan_eff_mod,2,1,0,-0,0,0,0,0,0,1,0.177820755842115,0
ood_combo,DS03,11,8,fan_flow_mod,3,1,0,-0.000171710513037227,0,0,0,0,0,1,0.177820755842115,0
ood_combo,DS03,11,8,HPC_eff_mod,4,1,0,-0,0,0,0,0,0,1,0.177820755842115,0
ood_combo,DS03,11,8,HPC_flow_mod,5,1,0,-0,0,0,0,0,0,1,0.177820755842115,0
ood_combo,DS03,11,8,LPT_eff_mod,6,1,-0.00619404922987989,-0.00465286470419285,0,0,0,0,0,1,0.177820755842115,0
ood_combo,DS03,11,8,LPT_flow_mod,7,1,-0.00817953682021547,-0.0223948494985544,0,0,0,0,0,1,0.177820755842115,0
ood_combo,DS03,11,8,LPC_eff_mod,8,1,0,-0,0,0,0,0,0,1,0.177820755842115,0
ood_combo,DS03,11,8,LPC_flow_mod,9,1,0,-0,0,0,0,0,0,1,0.177820755842115,0
ood_combo,DS03,11,9,HPT_eff_mod,1,1,-0.0180410731498191,-0.006542016224879,0,1,0,1,0,1,0.224227106482965,0
ood_combo,DS03,11,9,fan_eff_mod,2,1,0,-0,0,0,0,0,0,1,0.224227106482965,0
ood_combo,DS03,11,9,fan_flow_mod,3,1,0,-0.000171710513037227,0,0,0,0,0,1,0.224227106482965,0
ood_combo,DS03,11,9,HPC_eff_mod,4,1,0,-0,0,0,0,0,0,1,0.224227106482965,0
ood_combo,DS03,11,9,HPC_flow_mod,5,1,0,-0,0,0,0,0,0,1,0.224227106482965,0
ood_combo,DS03,11,9,LPT_eff_mod,6,1,0.000975888557650641,-0.00465286470419285,0,0,0,0,0,1,0.224227106482965,0
ood_combo,DS03,11,9,LPT_flow_mod,7,1,-0.00248784946456271,-0.0242720295154718,0,0,0,0,0,1,0.224227106482965,0
ood_combo,DS03,11,9,LPC_eff_mod,8,1,0,-0,0,0,0,0,0,1,0.224227106482965,0
ood_combo,DS03,11,9,LPC_flow_mod,9,1,0,-0,0,0,0,0,0,1,0.224227106482965,0
ood_combo,DS03,11,10,HPT_eff_mod,1,1,-0.00440830270879996,-0.006542016224879,0,1,0,1,0,1,0.127493721331161,0
ood_combo,DS03,11,10,fan_eff_mod,2,1,0,-0,0,0,0,0,0,1,0.127493721331161,0
ood_combo,DS03,11,10,fan_flow_mod,3,1,0,-0.000171710513037227,0,0,0,0,0,1,0.127493721331161,0
ood_combo,DS03,11,10,HPC_eff_mod,4,1,0,-0,0,0,0,0,0,1,0.127493721331161,0
ood_combo,DS03,11,10,HPC_flow_mod,5,1,0,-0,0,0,0,0,0,1,0.127493721331161,0
ood_combo,DS03,11,10,LPT_eff_mod,6,1,-0.00434389127774664,-0.00465286470419285,0,0,0,0,0,1,0.127493721331161,0
ood_combo,DS03,11,10,LPT_flow_mod,7,1,-0.0124789300412306,-0.0242720295154718,0,0,0,0,0,1,0.127493721331161,0
ood_combo,DS03,11,10,LPC_eff_mod,8,1,0,-0,0,0,0,0,0,1,0.127493721331161,0
ood_combo,DS03,11,10,LPC_flow_mod,9,1,0,-0,0,0,0,0,0,1,0.127493721331161,0
ood_combo,DS03,11,11,HPT_eff_mod,1,1,-0.0198279421705293,-0.006542016224879,0,1,0,1,0,1,0.117027335170676,0
ood_combo,DS03,11,11,fan_eff_mod,2,1,0,-0,0,0,0,0,0,1,0.117027335170676,0
ood_combo,DS03,11,11,fan_flow_mod,3,1,0,-0.000171710513037227,0,0,0,0,0,1,0.117027335170676,0
ood_combo,DS03,11,11,HPC_eff_mod,4,1,0,-0,0,0,0,0,0,1,0.117027335170676,0
ood_combo,DS03,11,11,HPC_flow_mod,5,1,0,-0,0,0,0,0,0,1,0.117027335170676,0
ood_combo,DS03,11,11,LPT_eff_mod,6,1,-0.00381746411890683,-0.00465286470419285,0,0,0,0,0,1,0.117027335170676,0
ood_combo,DS03,11,11,LPT_flow_mod,7,1,-0.00741683501412613,-0.0279248134620584,0,0,0,0,0,1,0.117027335170676,0
ood_combo,DS03,11,11,LPC_eff_mod,8,1,0,-0,0,0,0,0,0,1,0.117027335170676,0
ood_combo,DS03,11,11,LPC_flow_mod,9,1,0,-0,0,0,0,0,0,1,0.117027335170676,0
ood_combo,DS03,11,12,HPT_eff_mod,1,1,-0.00933083729440753,-0.006542016224879,0,1,0,1,0,1,0.268835649161053,0
ood_combo,DS03,11,12,fan_eff_mod,2,1,0,-0,0,0,0,0,0,1,0.268835649161053,0
ood_combo,DS03,11,12,fan_flow_mod,3,1,0,-0.000171710513037227,0,0,0,0,0,1,0.268835649161053,0
ood_combo,DS03,11,12,HPC_eff_mod,4,1,0,-0,0,0,0,0,0,1,0.268835649161053,0
ood_combo,DS03,11,12,HPC_flow_mod,5,1,0,-0,0,0,0,0,0,1,0.268835649161053,0
ood_combo,DS03,11,12,LPT_eff_mod,6,1,-0.00351580549120779,-0.00465286470419285,0,0,0,0,0,1,0.268835649161053,0
ood_combo,DS03,11,12,LPT_flow_mod,7,1,-0.00784200948615315,-0.0279248134620584,0,0,0,0,0,1,0.268835649161053,0
ood_combo,DS03,11,12,LPC_eff_mod,8,1,0,-0,0,0,0,0,0,1,0.268835649161053,0
ood_combo,DS03,11,12,LPC_flow_mod,9,1,0,-0,0,0,0,0,0,1,0.268835649161053,0
ood_combo,DS03,11,13,HPT_eff_mod,1,1,-0.0119628214806164,-0.006542016224879,0,1,0,1,0,1,0.145487574599468,0
ood_combo,DS03,11,13,fan_eff_mod,2,1,0,-0,0,0,0,0,0,1,0.145487574599468,0
ood_combo,DS03,11,13,fan_flow_mod,3,1,0,-0.000171710513037227,0,0,0,0,0,1,0.145487574599468,0
ood_combo,DS03,11,13,HPC_eff_mod,4,1,0,-0,0,0,0,0,0,1,0.145487574599468,0
ood_combo,DS03,11,13,HPC_flow_mod,5,1,0,-0,0,0,0,0,0,1,0.145487574599468,0
ood_combo,DS03,11,13,LPT_eff_mod,6,1,-0.00164564316895242,-0.00465286470419285,0,0,0,0,0,1,0.145487574599468,0
ood_combo,DS03,11,13,LPT_flow_mod,7,1,-0.00943082340608867,-0.0279248134620584,0,0,0,0,0,1,0.145487574599468,0
ood_combo,DS03,11,13,LPC_eff_mod,8,1,0,-0,0,0,0,0,0,1,0.145487574599468,0
ood_combo,DS03,11,13,LPC_flow_mod,9,1,0,-0,0,0,0,0,0,1,0.145487574599468,0
ood_combo,DS03,11,14,HPT_eff_mod,1,1,-0.0126819635193693,-0.006542016224879,0,1,0,1,0,1,0.112475964473499,0
ood_combo,DS03,11,14,fan_eff_mod,2,1,0,-0,0,0,0,0,0,1,0.112475964473499,0
ood_combo,DS03,11,14,fan_flow_mod,3,1,0,-0.000171710513037227,0,0,0,0,0,1,0.112475964473499,0
ood_combo,DS03,11,14,HPC_eff_mod,4,1,0,-0,0,0,0,0,0,1,0.112475964473499,0
ood_combo,DS03,11,14,HPC_flow_mod,5,1,0,-0,0,0,0,0,0,1,0.112475964473499,0
ood_combo,DS03,11,14,LPT_eff_mod,6,1,-0.000660926795472749,-0.00993889499383574,0,0,0,0,0,1,0.112475964473499,0
ood_combo,DS03,11,14,LPT_flow_mod,7,1,-0.00616954987752631,-0.0279248134620584,0,0,0,0,0,1,0.112475964473499,0
ood_combo,DS03,11,14,LPC_eff_mod,8,1,0,-0,0,0,0,0,0,1,0.112475964473499,0
ood_combo,DS03,11,14,LPC_flow_mod,9,1,0,-0,0,0,0,0,0,1,0.112475964473499,0
ood_combo,DS03,11,15,HPT_eff_mod,1,1,-0.0109376792147226,-0.006542016224879,0,1,0,1,0,1,0.136113808064367,0
ood_combo,DS03,11,15,fan_eff_mod,2,1,0,-0,0,0,0,0,0,1,0.136113808064367,0
ood_combo,DS03,11,15,fan_flow_mod,3,1,0,-0.000171710513037227,0,0,0,0,0,1,0.136113808064367,0
ood_combo,DS03,11,15,HPC_eff_mod,4,1,0,-0,0,0,0,0,0,1,0.136113808064367,0
ood_combo,DS03,11,15,HPC_flow_mod,5,1,0,-0,0,0,0,0,0,1,0.136113808064367,0
ood_combo,DS03,11,15,LPT_eff_mod,6,1,-0.00950334039418842,-0.015814368801408,0,0,0,0,0,1,0.136113808064367,0
ood_combo,DS03,11,15,LPT_flow_mod,7,1,-0.013457798955717,-0.0279248134620584,0,0,0,0,0,1,0.136113808064367,0
ood_combo,DS03,11,15,LPC_eff_mod,8,1,0,-0,0,0,0,0,0,1,0.136113808064367,0
ood_combo,DS03,11,15,LPC_flow_mod,9,1,0,-0,0,0,0,0,0,1,0.136113808064367,0
ood_combo,DS03,11,16,HPT_eff_mod,1,1,-0.0260877053736371,-0.006542016224879,0,1,0,1,0,1,0.177529712022259,0
ood_combo,DS03,11,16,fan_eff_mod,2,1,0,-0,0,0,0,0,0,1,0.177529712022259,0
ood_combo,DS03,11,16,fan_flow_mod,3,1,0,-0.000171710513037227,0,0,0,0,0,1,0.177529712022259,0
ood_combo,DS03,11,16,HPC_eff_mod,4,1,0,-0,0,0,0,0,0,1,0.177529712022259,0
ood_combo,DS03,11,16,HPC_flow_mod,5,1,0,-0,0,0,0,0,0,1,0.177529712022259,0
ood_combo,DS03,11,16,LPT_eff_mod,6,1,-0.0111927484254285,-0.015814368801408,0,0,0,0,0,1,0.177529712022259,0
ood_combo,DS03,11,16,LPT_flow_mod,7,1,-0.0142404767084475,-0.0280686636088565,0,0,0,0,0,1,0.177529712022259,0
ood_combo,DS03,11,16,LPC_eff_mod,8,1,0,-0,0,0,0,0,0,1,0.177529712022259,0
ood_combo,DS03,11,16,LPC_flow_mod,9,1,0,-0,0,0,0,0,0,1,0.177529712022259,0
ood_combo,DS03,11,17,HPT_eff_mod,1,1,-0.0116424359894976,-0.006542016224879,0,1,0,1,0,1,0.15085635682625,0
ood_combo,DS03,11,17,fan_eff_mod,2,1,0,-0,0,0,0,0,0,1,0.15085635682625,0
ood_combo,DS03,11,17,fan_flow_mod,3,1,0,-0.000171710513037227,0,0,0,0,0,1,0.15085635682625,0
ood_combo,DS03,11,17,HPC_eff_mod,4,1,0,-0,0,0,0,0,0,1,0.15085635682625,0
ood_combo,DS03,11,17,HPC_flow_mod,5,1,0,-0,0,0,0,0,0,1,0.15085635682625,0
ood_combo,DS03,11,17,LPT_eff_mod,6,1,-0.00768001827401154,-0.015814368801408,0,0,0,0,0,1,0.15085635682625,0
ood_combo,DS03,11,17,LPT_flow_mod,7,1,-0.00561208072973286,-0.0280686636088565,0,0,0,0,0,1,0.15085635682625,0
ood_combo,DS03,11,17,LPC_eff_mod,8,1,0,-0,0,0,0,0,0,1,0.15085635682625,0
ood_combo,DS03,11,17,LPC_flow_mod,9,1,0,-0,0,0,0,0,0,1,0.15085635682625,0
ood_combo,DS03,11,18,HPT_eff_mod,1,1,-0.00901657615141224,-0.006542016224879,0,1,0,1,0,1,0.0948088835668526,0
ood_combo,DS03,11,18,fan_eff_mod,2,1,0,-0,0,0,0,0,0,1,0.0948088835668526,0
ood_combo,DS03,11,18,fan_flow_mod,3,1,0,-0.000171710513037227,0,0,0,0,0,1,0.0948088835668526,0
ood_combo,DS03,11,18,HPC_eff_mod,4,1,0,-0,0,0,0,0,0,1,0.0948088835668526,0
ood_combo,DS03,11,18,HPC_flow_mod,5,1,0,-0,0,0,0,0,0,1,0.0948088835668526,0
ood_combo,DS03,11,18,LPT_eff_mod,6,1,-0.00664322183439749,-0.015814368801408,0,0,0,0,0,1,0.0948088835668526,0
ood_combo,DS03,11,18,LPT_flow_mod,7,1,-0.0105317012967368,-0.0293260060475717,0,0,0,0,0,1,0.0948088835668526,0
ood_combo,DS03,11,18,LPC_eff_mod,8,1,0,-0,0,0,0,0,0,1,0.0948088835668526,0
ood_combo,DS03,11,18,LPC_flow_mod,9,1,0,-0,0,0,0,0,0,1,0.0948088835668526,0
ood_combo,DS03,11,19,HPT_eff_mod,1,0,-0.0144140751191917,-0.006542016224879,1,1,1,1,1,1,0.0715975398466665,0
ood_combo,DS03,11,19,fan_eff_mod,2,0,0,-0,0,0,0,0,1,1,0.0715975398466665,0
ood_combo,DS03,11,19,fan_flow_mod,3,0,0,-0.000171710513037227,0,0,0,0,1,1,0.0715975398466665,0
ood_combo,DS03,11,19,HPC_eff_mod,4,0,0,-0,0,0,0,0,1,1,0.0715975398466665,0
ood_combo,DS03,11,19,HPC_flow_mod,5,0,0,-0,0,0,0,0,1,1,0.0715975398466665,0
ood_combo,DS03,11,19,LPT_eff_mod,6,0,-0.00722527295134372,-0.015814368801408,1,1,1,1,1,1,0.0715975398466665,0
ood_combo,DS03,11,19,LPT_flow_mod,7,0,-0.0133725297197665,-0.0308880128343621,1,0,1,0,1,1,0.0715975398466665,0
ood_combo,DS03,11,19,LPC_eff_mod,8,0,0,-0,0,0,0,0,1,1,0.0715975398466665,0
ood_combo,DS03,11,19,LPC_flow_mod,9,0,0,-0,0,0,0,0,1,1,0.0715975398466665,0
ood_combo,DS03,11,20,HPT_eff_mod,1,0,-0.0329914482987715,-0.006542016224879,1,1,2,1,2,1,0.186390067591552,0
ood_combo,DS03,11,20,fan_eff_mod,2,0,0,-0,0,0,0,0,2,1,0.186390067591552,0
ood_combo,DS03,11,20,fan_flow_mod,3,0,0,-0.000171710513037227,0,0,0,0,2,1,0.186390067591552,0
ood_combo,DS03,11,20,HPC_eff_mod,4,0,0,-0,0,0,0,0,2,1,0.186390067591552,0
ood_combo,DS03,11,20,HPC_flow_mod,5,0,0,-0,0,0,0,0,2,1,0.186390067591552,0
ood_combo,DS03,11,20,LPT_eff_mod,6,0,2.17813308918402e-05,-0.015814368801408,1,1,1,1,2,1,0.186390067591552,0
ood_combo,DS03,11,20,LPT_flow_mod,7,0,-0.016214273628652,-0.052619134479487,1,0,1,0,2,1,0.186390067591552,0
ood_combo,DS03,11,20,LPC_eff_mod,8,0,0,-0,0,0,0,0,2,1,0.186390067591552,0
ood_combo,DS03,11,20,LPC_flow_mod,9,0,0,-0,0,0,0,0,2,1,0.186390067591552,0
ood_combo,DS03,11,21,HPT_eff_mod,1,0,-0.0318110873515918,-0.006542016224879,1,1,2,1,2,1,0.118214449586857,0
ood_combo,DS03,11,21,fan_eff_mod,2,0,0,-0,0,0,0,0,2,1,0.118214449586857,0
ood_combo,DS03,11,21,fan_flow_mod,3,0,0,-0.000171710513037227,0,0,0,0,2,1,0.118214449586857,0
ood_combo,DS03,11,21,HPC_eff_mod,4,0,0,-0,0,0,0,0,2,1,0.118214449586857,0
ood_combo,DS03,11,21,HPC_flow_mod,5,0,0,-0,0,0,0,0,2,1,0.118214449586857,0
ood_combo,DS03,11,21,LPT_eff_mod,6,0,-0.00737622790196955,-0.015814368801408,1,1,1,1,2,1,0.118214449586857,0
ood_combo,DS03,11,21,LPT_flow_mod,7,0,-0.0209927806428288,-0.052619134479487,1,0,1,0,2,1,0.118214449586857,0
ood_combo,DS03,11,21,LPC_eff_mod,8,0,0,-0,0,0,0,0,2,1,0.118214449586857,0
ood_combo,DS03,11,21,LPC_flow_mod,9,0,0,-0,0,0,0,0,2,1,0.118214449586857,0
ood_combo,DS03,11,22,HPT_eff_mod,1,0,-0.0335366365228839,-0.006542016224879,1,1,2,1,2,1,0.269053085398088,0
ood_combo,DS03,11,22,fan_eff_mod,2,0,0,-0,0,0,0,0,2,1,0.269053085398088,0
ood_combo,DS03,11,22,fan_flow_mod,3,0,0,-0.000171710513037227,0,0,0,0,2,1,0.269053085398088,0
ood_combo,DS03,11,22,HPC_eff_mod,4,0,0,-0,0,0,0,0,2,1,0.269053085398088,0
ood_combo,DS03,11,22,HPC_flow_mod,5,0,0,-0,0,0,0,0,2,1,0.269053085398088,0
ood_combo,DS03,11,22,LPT_eff_mod,6,0,-0.00587492998906017,-0.015814368801408,1,1,1,1,2,1,0.269053085398088,0
ood_combo,DS03,11,22,LPT_flow_mod,7,0,-0.0282192745737173,-0.0548158065723135,1,0,2,0,2,1,0.269053085398088,0
ood_combo,DS03,11,22,LPC_eff_mod,8,0,0,-0,0,0,0,0,2,1,0.269053085398088,0
ood_combo,DS03,11,22,LPC_flow_mod,9,0,0,-0,0,0,0,0,2,1,0.269053085398088,0
ood_combo,DS03,11,23,HPT_eff_mod,1,0,-0.0333877075100009,-0.006542016224879,1,1,2,1,2,1,0.0950860911767811,0
ood_combo,DS03,11,23,fan_eff_mod,2,0,0,-0,0,0,0,0,2,1,0.0950860911767811,0
ood_combo,DS03,11,23,fan_flow_mod,3,0,0,-0.000171710513037227,0,0,0,0,2,1,0.0950860911767811,0
ood_combo,DS03,11,23,HPC_eff_mod,4,0,0,-0,0,0,0,0,2,1,0.0950860911767811,0
ood_combo,DS03,11,23,HPC_flow_mod,5,0,0,-0,0,0,0,0,2,1,0.0950860911767811,0
ood_combo,DS03,11,23,LPT_eff_mod,6,0,-0.00689852651704149,-0.0244897019475679,1,1,1,1,2,1,0.0950860911767811,0
ood_combo,DS03,11,23,LPT_flow_mod,7,0,-0.014974929441647,-0.0548158065723135,1,0,2,0,2,1,0.0950860911767811,0
ood_combo,DS03,11,23,LPC_eff_mod,8,0,0,-0,0,0,0,0,2,1,0.0950860911767811,0
ood_combo,DS03,11,23,LPC_flow_mod,9,0,0,-0,0,0,0,0,2,1,0.0950860911767811,0
ood_combo,DS03,11,24,HPT_eff_mod,1,0,-0.0390477235086665,-0.00732910718395302,1,1,2,1,2,2,0.121288218153275,0
ood_combo,DS03,11,24,fan_eff_mod,2,0,0,-0,0,0,0,0,2,2,0.121288218153275,0
ood_combo,DS03,11,24,fan_flow_mod,3,0,0,-0.000171710513037227,0,0,0,0,2,2,0.121288218153275,0
ood_combo,DS03,11,24,HPC_eff_mod,4,0,0,-0,0,0,0,0,2,2,0.121288218153275,0
ood_combo,DS03,11,24,HPC_flow_mod,5,0,0,-0,0,0,0,0,2,2,0.121288218153275,0
ood_combo,DS03,11,24,LPT_eff_mod,6,0,-0.00858739164918135,-0.0244897019475679,1,1,1,1,2,2,0.121288218153275,0
ood_combo,DS03,11,24,LPT_flow_mod,7,0,-0.0121961593477769,-0.0548158065723135,1,1,2,2,2,2,0.121288218153275,0
ood_combo,DS03,11,24,LPC_eff_mod,8,0,0,-0,0,0,0,0,2,2,0.121288218153275,0
ood_combo,DS03,11,24,LPC_flow_mod,9,0,0,-0,0,0,0,0,2,2,0.121288218153275,0
ood_combo,DS03,11,25,HPT_eff_mod,1,0,-0.0432404313718158,-0.00732910718395302,1,1,2,1,2,2,0.167446025651526,0
ood_combo,DS03,11,25,fan_eff_mod,2,0,0,-0,0,0,0,0,2,2,0.167446025651526,0
ood_combo,DS03,11,25,fan_flow_mod,3,0,0,-0.000171710513037227,0,0,0,0,2,2,0.167446025651526,0
ood_combo,DS03,11,25,HPC_eff_mod,4,0,0,-0,0,0,0,0,2,2,0.167446025651526,0
ood_combo,DS03,11,25,HPC_flow_mod,5,0,0,-0,0,0,0,0,2,2,0.167446025651526,0
ood_combo,DS03,11,25,LPT_eff_mod,6,0,-0.00456357152486547,-0.0244897019475679,1,1,1,1,2,2,0.167446025651526,0
ood_combo,DS03,11,25,LPT_flow_mod,7,0,-0.0222203567542865,-0.0699630809599962,1,1,2,2,2,2,0.167446025651526,0
ood_combo,DS03,11,25,LPC_eff_mod,8,0,0,-0,0,0,0,0,2,2,0.167446025651526,0
ood_combo,DS03,11,25,LPC_flow_mod,9,0,0,-0,0,0,0,0,2,2,0.167446025651526,0
ood_combo,DS03,11,26,HPT_eff_mod,1,0,-0.0471720854827521,-0.00732910718395302,1,1,2,1,2,2,0.204226136276899,0
ood_combo,DS03,11,26,fan_eff_mod,2,0,0,-0,0,0,0,0,2,2,0.204226136276899,0
ood_combo,DS03,11,26,fan_flow_mod,3,0,0,-0.000171710513037227,0,0,0,0,2,2,0.204226136276899,0
ood_combo,DS03,11,26,HPC_eff_mod,4,0,0,-0,0,0,0,0,2,2,0.204226136276899,0
ood_combo,DS03,11,26,HPC_flow_mod,5,0,0,-0,0,0,0,0,2,2,0.204226136276899,0
ood_combo,DS03,11,26,LPT_eff_mod,6,0,-0.0119577132839259,-0.0369694356638924,1,1,1,2,2,2,0.204226136276899,0
ood_combo,DS03,11,26,LPT_flow_mod,7,0,-0.0274298208633141,-0.0699630809599962,1,1,2,2,2,2,0.204226136276899,0
ood_combo,DS03,11,26,LPC_eff_mod,8,0,0,-0,0,0,0,0,2,2,0.204226136276899,0
ood_combo,DS03,11,26,LPC_flow_mod,9,0,0,-0,0,0,0,0,2,2,0.204226136276899,0
ood_combo,DS03,11,27,HPT_eff_mod,1,0,-0.0496706003624977,-0.00732910718395302,1,1,2,1,2,2,0.154435460459083,0
ood_combo,DS03,11,27,fan_eff_mod,2,0,0,-0,0,0,0,0,2,2,0.154435460459083,0
ood_combo,DS03,11,27,fan_flow_mod,3,0,0,-0.000171710513037227,0,0,0,0,2,2,0.154435460459083,0
ood_combo,DS03,11,27,HPC_eff_mod,4,0,0,-0,0,0,0,0,2,2,0.154435460459083,0
ood_combo,DS03,11,27,HPC_flow_mod,5,0,0,-0,0,0,0,0,2,2,0.154435460459083,0
ood_combo,DS03,11,27,LPT_eff_mod,6,0,-0.0124638976024284,-0.0369694356638924,1,1,1,2,2,2,0.154435460459083,0
ood_combo,DS03,11,27,LPT_flow_mod,7,0,-0.0340669115615078,-0.0838011006928102,1,1,2,2,2,2,0.154435460459083,0
ood_combo,DS03,11,27,LPC_eff_mod,8,0,0,-0,0,0,0,0,2,2,0.154435460459083,0
ood_combo,DS03,11,27,LPC_flow_mod,9,0,0,-0,0,0,0,0,2,2,0.154435460459083,0
ood_combo,DS03,11,28,HPT_eff_mod,1,0,-0.0517877746647384,-0.00732910718395302,1,1,2,1,2,2,0.133617077594915,0
ood_combo,DS03,11,28,fan_eff_mod,2,0,0,-0,0,0,0,0,2,2,0.133617077594915,0
ood_combo,DS03,11,28,fan_flow_mod,3,0,0,-0.000171710513037227,0,0,0,0,2,2,0.133617077594915,0
ood_combo,DS03,11,28,HPC_eff_mod,4,0,0,-0,0,0,0,0,2,2,0.133617077594915,0
ood_combo,DS03,11,28,HPC_flow_mod,5,0,0,-0,0,0,0,0,2,2,0.133617077594915,0
ood_combo,DS03,11,28,LPT_eff_mod,6,0,-0.0147076219611225,-0.0373611604581981,1,1,1,2,2,2,0.133617077594915,0
ood_combo,DS03,11,28,LPT_flow_mod,7,0,-0.0203287147405345,-0.0838011006928102,1,1,2,2,2,2,0.133617077594915,0
ood_combo,DS03,11,28,LPC_eff_mod,8,0,0,-0,0,0,0,0,2,2,0.133617077594915,0
ood_combo,DS03,11,28,LPC_flow_mod,9,0,0,-0,0,0,0,0,2,2,0.133617077594915,0
ood_combo,DS03,11,29,HPT_eff_mod,1,0,-0.0520592217038519,-0.00732910718395302,1,1,2,1,2,2,0.0971286982571899,0
ood_combo,DS03,11,29,fan_eff_mod,2,0,0,-0,0,0,0,0,2,2,0.0971286982571899,0
ood_combo,DS03,11,29,fan_flow_mod,3,0,0,-0.000171710513037227,0,0,0,0,2,2,0.0971286982571899,0
ood_combo,DS03,11,29,HPC_eff_mod,4,0,0,-0,0,0,0,0,2,2,0.0971286982571899,0
ood_combo,DS03,11,29,HPC_flow_mod,5,0,0,-0,0,0,0,0,2,2,0.0971286982571899,0
ood_combo,DS03,11,29,LPT_eff_mod,6,0,-0.00954914066519572,-0.0373611604581981,1,1,1,2,2,2,0.0971286982571899,0
ood_combo,DS03,11,29,LPT_flow_mod,7,0,-0.0401963025171192,-0.106503521615293,1,1,2,2,2,2,0.0971286982571899,0
ood_combo,DS03,11,29,LPC_eff_mod,8,0,0,-0,0,0,0,0,2,2,0.0971286982571899,0
ood_combo,DS03,11,29,LPC_flow_mod,9,0,0,-0,0,0,0,0,2,2,0.0971286982571899,0
ood_combo,DS03,11,30,HPT_eff_mod,1,0,-0.0572259771203459,-0.00971181777507256,1,1,2,1,2,2,0.256292153457377,0
ood_combo,DS03,11,30,fan_eff_mod,2,0,0,-0,0,0,0,0,2,2,0.256292153457377,0
ood_combo,DS03,11,30,fan_flow_mod,3,0,0,-0.000171710513037227,0,0,0,0,2,2,0.256292153457377,0
ood_combo,DS03,11,30,HPC_eff_mod,4,0,0,-0,0,0,0,0,2,2,0.256292153457377,0
ood_combo,DS03,11,30,HPC_flow_mod,5,0,0,-0,0,0,0,0,2,2,0.256292153457377,0
ood_combo,DS03,11,30,LPT_eff_mod,6,0,-0.0199487685352499,-0.0389520454699698,1,1,1,2,2,2,0.256292153457377,0
ood_combo,DS03,11,30,LPT_flow_mod,7,0,-0.0416090517923517,-0.106503521615293,1,1,2,2,2,2,0.256292153457377,0
ood_combo,DS03,11,30,LPC_eff_mod,8,0,0,-0,0,0,0,0,2,2,0.256292153457377,0
ood_combo,DS03,11,30,LPC_flow_mod,9,0,0,-0,0,0,0,0,2,2,0.256292153457377,0
ood_combo,DS03,11,31,HPT_eff_mod,1,0,-0.0687269152289521,-0.00971181777507256,1,1,2,1,2,2,0.232923798011599,0
ood_combo,DS03,11,31,fan_eff_mod,2,0,0,-0,0,0,0,0,2,2,0.232923798011599,0
ood_combo,DS03,11,31,fan_flow_mod,3,0,0,-0.000171710513037227,0,0,0,0,2,2,0.232923798011599,0
ood_combo,DS03,11,31,HPC_eff_mod,4,0,0,-0,0,0,0,0,2,2,0.232923798011599,0
ood_combo,DS03,11,31,HPC_flow_mod,5,0,0,-0,0,0,0,0,2,2,0.232923798011599,0
ood_combo,DS03,11,31,LPT_eff_mod,6,0,-0.0224533891797836,-0.051485221566948,1,1,1,2,2,2,0.232923798011599,0
ood_combo,DS03,11,31,LPT_flow_mod,7,0,-0.0342880536222921,-0.106503521615293,1,1,2,2,2,2,0.232923798011599,0
ood_combo,DS03,11,31,LPC_eff_mod,8,0,0,-0,0,0,0,0,2,2,0.232923798011599,0
ood_combo,DS03,11,31,LPC_flow_mod,9,0,0,-0,0,0,0,0,2,2,0.232923798011599,0
ood_combo,DS03,11,32,HPT_eff_mod,1,0,-0.0799270933975871,-0.00971181777507256,1,1,2,1,2,2,0.113929232646595,0
ood_combo,DS03,11,32,fan_eff_mod,2,0,0,-0,0,0,0,0,2,2,0.113929232646595,0
ood_combo,DS03,11,32,fan_flow_mod,3,0,0,-0.000352972557717411,0,0,0,0,2,2,0.113929232646595,0
ood_combo,DS03,11,32,HPC_eff_mod,4,0,0,-0,0,0,0,0,2,2,0.113929232646595,0
ood_combo,DS03,11,32,HPC_flow_mod,5,0,0,-0,0,0,0,0,2,2,0.113929232646595,0
ood_combo,DS03,11,32,LPT_eff_mod,6,0,-0.0163171375557829,-0.051485221566948,1,1,1,2,2,2,0.113929232646595,0
ood_combo,DS03,11,32,LPT_flow_mod,7,0,-0.0509300563491351,-0.137118227994215,1,1,2,2,2,2,0.113929232646595,0
ood_combo,DS03,11,32,LPC_eff_mod,8,0,0,-0,0,0,0,0,2,2,0.113929232646595,0
ood_combo,DS03,11,32,LPC_flow_mod,9,0,0,-0,0,0,0,0,2,2,0.113929232646595,0
ood_combo,DS03,11,33,HPT_eff_mod,1,0,-0.0779840998048252,-0.00971181777507256,1,1,2,1,2,2,0.267376422151169,0
ood_combo,DS03,11,33,fan_eff_mod,2,0,0,-0,0,0,0,0,2,2,0.267376422151169,0
ood_combo,DS03,11,33,fan_flow_mod,3,0,0,-0.000352972557717411,0,0,0,0,2,2,0.267376422151169,0
ood_combo,DS03,11,33,HPC_eff_mod,4,0,0,-0,0,0,0,0,2,2,0.267376422151169,0
ood_combo,DS03,11,33,HPC_flow_mod,5,0,0,-0,0,0,0,0,2,2,0.267376422151169,0
ood_combo,DS03,11,33,LPT_eff_mod,6,0,-0.0196385432908366,-0.051485221566948,1,1,1,2,2,2,0.267376422151169,0
ood_combo,DS03,11,33,LPT_flow_mod,7,0,-0.0473583081914686,-0.137118227994215,1,1,2,2,2,2,0.267376422151169,0
ood_combo,DS03,11,33,LPC_eff_mod,8,0,0,-0,0,0,0,0,2,2,0.267376422151169,0
ood_combo,DS03,11,33,LPC_flow_mod,9,0,0,-0,0,0,0,0,2,2,0.267376422151169,0
ood_combo,DS03,11,34,HPT_eff_mod,1,0,-0.085731592954176,-0.0172894828350616,1,1,2,1,2,2,0.143895464742625,0
ood_combo,DS03,11,34,fan_eff_mod,2,0,0,-0,0,0,0,0,2,2,0.143895464742625,0
ood_combo,DS03,11,34,fan_flow_mod,3,0,0,-0.000352972557717411,0,0,0,0,2,2,0.143895464742625,0
ood_combo,DS03,11,34,HPC_eff_mod,4,0,0,-0,0,0,0,0,2,2,0.143895464742625,0
ood_combo,DS03,11,34,HPC_flow_mod,5,0,0,-0,0,0,0,0,2,2,0.143895464742625,0
ood_combo,DS03,11,34,LPT_eff_mod,6,0,-0.016339859540774,-0.0580203848526376,1,1,1,2,2,2,0.143895464742625,0
ood_combo,DS03,11,34,LPT_flow_mod,7,0,-0.0483928870206655,-0.137118227994215,1,1,2,2,2,2,0.143895464742625,0
ood_combo,DS03,11,34,LPC_eff_mod,8,0,0,-0,0,0,0,0,2,2,0.143895464742625,0
ood_combo,DS03,11,34,LPC_flow_mod,9,0,0,-0,0,0,0,0,2,2,0.143895464742625,0
ood_combo,DS03,11,35,HPT_eff_mod,1,0,-0.0865878293178625,-0.0172894828350616,1,1,2,1,2,2,0.0780861016563954,0
ood_combo,DS03,11,35,fan_eff_mod,2,0,0,-0,0,0,0,0,2,2,0.0780861016563954,0
ood_combo,DS03,11,35,fan_flow_mod,3,0,0,-0.000352972557717411,0,0,0,0,2,2,0.0780861016563954,0
ood_combo,DS03,11,35,HPC_eff_mod,4,0,0,-0,0,0,0,0,2,2,0.0780861016563954,0
ood_combo,DS03,11,35,HPC_flow_mod,5,0,0,-0,0,0,0,0,2,2,0.0780861016563954,0
ood_combo,DS03,11,35,LPT_eff_mod,6,0,-0.0218309139843484,-0.0580203848526376,1,1,1,2,2,2,0.0780861016563954,0
ood_combo,DS03,11,35,LPT_flow_mod,7,0,-0.051405472164497,-0.137118227994215,1,1,2,2,2,2,0.0780861016563954,0
ood_combo,DS03,11,35,LPC_eff_mod,8,0,0,-0,0,0,0,0,2,2,0.0780861016563954,0
ood_combo,DS03,11,35,LPC_flow_mod,9,0,0,-0,0,0,0,0,2,2,0.0780861016563954,0
ood_combo,DS03,11,36,HPT_eff_mod,1,0,-0.0980042979293088,-0.0172894828350616,1,1,2,1,2,3,0.201474777135078,0
ood_combo,DS03,11,36,fan_eff_mod,2,0,0,-0,0,0,0,0,2,3,0.201474777135078,0
ood_combo,DS03,11,36,fan_flow_mod,3,0,0,-0.000352972557717411,0,0,0,0,2,3,0.201474777135078,0
ood_combo,DS03,11,36,HPC_eff_mod,4,0,0,-0,0,0,0,0,2,3,0.201474777135078,0
ood_combo,DS03,11,36,HPC_flow_mod,5,0,0,-0,0,0,0,0,2,3,0.201474777135078,0
ood_combo,DS03,11,36,LPT_eff_mod,6,0,-0.0246907573590699,-0.0580203848526376,1,1,1,2,2,3,0.201474777135078,0
ood_combo,DS03,11,36,LPT_flow_mod,7,0,-0.0695996548337419,-0.182048966343234,1,1,2,3,2,3,0.201474777135078,0
ood_combo,DS03,11,36,LPC_eff_mod,8,0,0,-0,0,0,0,0,2,3,0.201474777135078,0
ood_combo,DS03,11,36,LPC_flow_mod,9,0,0,-0,0,0,0,0,2,3,0.201474777135078,0
ood_combo,DS03,11,37,HPT_eff_mod,1,0,-0.107580830763497,-0.0172894828350616,1,1,2,1,2,3,0.0824299316327618,0
ood_combo,DS03,11,37,fan_eff_mod,2,0,0,-0,0,0,0,0,2,3,0.0824299316327618,0
ood_combo,DS03,11,37,fan_flow_mod,3,0,0,-0.000352972557717411,0,0,0,0,2,3,0.0824299316327618,0
ood_combo,DS03,11,37,HPC_eff_mod,4,0,0,-0,0,0,0,0,2,3,0.0824299316327618,0
ood_combo,DS03,11,37,HPC_flow_mod,5,0,0,-0,0,0,0,0,2,3,0.0824299316327618,0
ood_combo,DS03,11,37,LPT_eff_mod,6,0,-0.025738730951104,-0.0690924810616612,1,1,1,2,2,3,0.0824299316327618,0
ood_combo,DS03,11,37,LPT_flow_mod,7,0,-0.0692531519609465,-0.182048966343234,1,1,2,3,2,3,0.0824299316327618,0
ood_combo,DS03,11,37,LPC_eff_mod,8,0,0,-0,0,0,0,0,2,3,0.0824299316327618,0
ood_combo,DS03,11,37,LPC_flow_mod,9,0,0,-0,0,0,0,0,2,3,0.0824299316327618,0
ood_combo,DS03,11,38,HPT_eff_mod,1,0,-0.116021214992828,-0.0305085949219947,1,1,2,2,2,3,0.173471244158394,0
ood_combo,DS03,11,38,fan_eff_mod,2,0,0,-0,0,0,0,0,2,3,0.173471244158394,0
ood_combo,DS03,11,38,fan_flow_mod,3,0,0,-0.000352972557717411,0,0,0,0,2,3,0.173471244158394,0
ood_combo,DS03,11,38,HPC_eff_mod,4,0,0,-0,0,0,0,0,2,3,0.173471244158394,0
ood_combo,DS03,11,38,HPC_flow_mod,5,0,0,-0,0,0,0,0,2,3,0.173471244158394,0
ood_combo,DS03,11,38,LPT_eff_mod,6,0,-0.0292854935938597,-0.0690924810616612,1,1,2,2,2,3,0.173471244158394,0
ood_combo,DS03,11,38,LPT_flow_mod,7,0,-0.081047057408648,-0.182048966343234,1,1,2,3,2,3,0.173471244158394,0
ood_combo,DS03,11,38,LPC_eff_mod,8,0,0,-0,0,0,0,0,2,3,0.173471244158394,0
ood_combo,DS03,11,38,LPC_flow_mod,9,0,0,-0,0,0,0,0,2,3,0.173471244158394,0
ood_combo,DS03,11,39,HPT_eff_mod,1,0,-0.129241159771123,-0.0305085949219947,1,1,2,2,2,3,0.139181386095597,0
ood_combo,DS03,11,39,fan_eff_mod,2,0,0,-0,0,0,0,0,2,3,0.139181386095597,0
ood_combo,DS03,11,39,fan_flow_mod,3,0,0,-0.000352972557717411,0,0,0,0,2,3,0.139181386095597,0
ood_combo,DS03,11,39,HPC_eff_mod,4,0,0,-0,0,0,0,0,2,3,0.139181386095597,0
ood_combo,DS03,11,39,HPC_flow_mod,5,0,0,-0,0,0,0,0,2,3,0.139181386095597,0
ood_combo,DS03,11,39,LPT_eff_mod,6,0,-0.0332676744383402,-0.0690924810616612,1,1,2,2,2,3,0.139181386095597,0
ood_combo,DS03,11,39,LPT_flow_mod,7,0,-0.0887776212111106,-0.20859346422934,1,1,2,3,2,3,0.139181386095597,0
ood_combo,DS03,11,39,LPC_eff_mod,8,0,0,-0,0,0,0,0,2,3,0.139181386095597,0
ood_combo,DS03,11,39,LPC_flow_mod,9,0,0,-0,0,0,0,0,2,3,0.139181386095597,0
ood_combo,DS03,11,40,HPT_eff_mod,1,0,-0.139629132903844,-0.0510390501836158,1,1,2,2,2,3,0.130651768764164,0
ood_combo,DS03,11,40,fan_eff_mod,2,0,0,-0,0,0,0,0,2,3,0.130651768764164,0
ood_combo,DS03,11,40,fan_flow_mod,3,0,0,-0.000352972557717411,0,0,0,0,2,3,0.130651768764164,0
ood_combo,DS03,11,40,HPC_eff_mod,4,0,0,-0,0,0,0,0,2,3,0.130651768764164,0
ood_combo,DS03,11,40,HPC_flow_mod,5,0,0,-0,0,0,0,0,2,3,0.130651768764164,0
ood_combo,DS03,11,40,LPT_eff_mod,6,0,-0.0263851125840243,-0.076593971336561,1,1,2,2,2,3,0.130651768764164,0
ood_combo,DS03,11,40,LPT_flow_mod,7,0,-0.0893167416242117,-0.20859346422934,1,1,2,3,2,3,0.130651768764164,0
ood_combo,DS03,11,40,LPC_eff_mod,8,0,0,-0.000213844977607775,0,0,0,0,2,3,0.130651768764164,0
ood_combo,DS03,11,40,LPC_flow_mod,9,0,0,-0,0,0,0,0,2,3,0.130651768764164,0
ood_combo,DS03,11,41,HPT_eff_mod,1,0,-0.149935875625837,-0.0654741200451762,1,1,3,2,3,3,0.110297766726417,0
ood_combo,DS03,11,41,fan_eff_mod,2,0,0,-0,0,0,0,0,3,3,0.110297766726417,0
ood_combo,DS03,11,41,fan_flow_mod,3,0,0,-0.000352972557717411,0,0,0,0,3,3,0.110297766726417,0
ood_combo,DS03,11,41,HPC_eff_mod,4,0,0,-0,0,0,0,0,3,3,0.110297766726417,0
ood_combo,DS03,11,41,HPC_flow_mod,5,0,0,-0,0,0,0,0,3,3,0.110297766726417,0
ood_combo,DS03,11,41,LPT_eff_mod,6,0,-0.0363488595470536,-0.0787214272980915,1,1,2,2,3,3,0.110297766726417,0
ood_combo,DS03,11,41,LPT_flow_mod,7,0,-0.0939860017550744,-0.20859346422934,1,1,2,3,3,3,0.110297766726417,0
ood_combo,DS03,11,41,LPC_eff_mod,8,0,0,-0.000213844977607775,0,0,0,0,3,3,0.110297766726417,0
ood_combo,DS03,11,41,LPC_flow_mod,9,0,0,-0,0,0,0,0,3,3,0.110297766726417,0
ood_combo,DS03,11,42,HPT_eff_mod,1,0,-0.157210185751311,-0.0662989871969333,1,1,3,2,3,3,0.0757451472143512,0
ood_combo,DS03,11,42,fan_eff_mod,2,0,0,-0,0,0,0,0,3,3,0.0757451472143512,0
ood_combo,DS03,11,42,fan_flow_mod,3,0,0,-0.000352972557717411,0,0,0,0,3,3,0.0757451472143512,0
ood_combo,DS03,11,42,HPC_eff_mod,4,0,0,-0,0,0,0,0,3,3,0.0757451472143512,0
ood_combo,DS03,11,42,HPC_flow_mod,5,0,0,-0,0,0,0,0,3,3,0.0757451472143512,0
ood_combo,DS03,11,42,LPT_eff_mod,6,0,-0.0382911030393703,-0.0806356169642709,1,1,2,2,3,3,0.0757451472143512,0
ood_combo,DS03,11,42,LPT_flow_mod,7,0,-0.098754480837139,-0.20859346422934,1,1,2,3,3,3,0.0757451472143512,0
ood_combo,DS03,11,42,LPC_eff_mod,8,0,0,-0.000213844977607775,0,0,0,0,3,3,0.0757451472143512,0
ood_combo,DS03,11,42,LPC_flow_mod,9,0,0,-0,0,0,0,0,3,3,0.0757451472143512,0
ood_combo,DS03,11,43,HPT_eff_mod,1,0,-0.179825859966429,-0.0813460412041622,1,1,3,2,3,3,0.177929649374592,0
ood_combo,DS03,11,43,fan_eff_mod,2,0,0,-0,0,0,0,0,3,3,0.177929649374592,0
ood_combo,DS03,11,43,fan_flow_mod,3,0,0,-0.000352972557717411,0,0,0,0,3,3,0.177929649374592,0
ood_combo,DS03,11,43,HPC_eff_mod,4,0,0,-0,0,0,0,0,3,3,0.177929649374592,0
ood_combo,DS03,11,43,HPC_flow_mod,5,0,0,-0,0,0,0,0,3,3,0.177929649374592,0
ood_combo,DS03,11,43,LPT_eff_mod,6,0,-0.0472051703152243,-0.0806356169642709,1,1,2,2,3,3,0.177929649374592,0
ood_combo,DS03,11,43,LPT_flow_mod,7,0,-0.116703127153838,-0.239428123314702,1,1,2,3,3,3,0.177929649374592,0
ood_combo,DS03,11,43,LPC_eff_mod,8,0,0,-0.000213844977607775,0,0,0,0,3,3,0.177929649374592,0
ood_combo,DS03,11,43,LPC_flow_mod,9,0,0,-0,0,0,0,0,3,3,0.177929649374592,0
ood_combo,DS03,11,44,HPT_eff_mod,1,0,-0.192553830619329,-0.0813460412041622,1,1,3,2,3,3,0.131911926780474,0
ood_combo,DS03,11,44,fan_eff_mod,2,0,0,-0,0,0,0,0,3,3,0.131911926780474,0
ood_combo,DS03,11,44,fan_flow_mod,3,0,0,-0.000352972557717411,0,0,0,0,3,3,0.131911926780474,0
ood_combo,DS03,11,44,HPC_eff_mod,4,0,0,-0,0,0,0,0,3,3,0.131911926780474,0
ood_combo,DS03,11,44,HPC_flow_mod,5,0,0,-0,0,0,0,0,3,3,0.131911926780474,0
ood_combo,DS03,11,44,LPT_eff_mod,6,0,-0.043021955556885,-0.0806356169642709,1,1,2,2,3,3,0.131911926780474,0
ood_combo,DS03,11,44,LPT_flow_mod,7,0,-0.115020660698305,-0.239428123314702,1,1,2,3,3,3,0.131911926780474,0
ood_combo,DS03,11,44,LPC_eff_mod,8,0,0,-0.000213844977607775,0,0,0,0,3,3,0.131911926780474,0
ood_combo,DS03,11,44,LPC_flow_mod,9,0,0,-0,0,0,0,0,3,3,0.131911926780474,0
ood_combo,DS03,11,45,HPT_eff_mod,1,0,-0.206672785422448,-0.113403995032306,1,1,3,2,3,3,0.0928888266802771,0
ood_combo,DS03,11,45,fan_eff_mod,2,0,0,-0,0,0,0,0,3,3,0.0928888266802771,0
ood_combo,DS03,11,45,fan_flow_mod,3,0,0,-0.000352972557717411,0,0,0,0,3,3,0.0928888266802771,0
ood_combo,DS03,11,45,HPC_eff_mod,4,0,0,-0,0,0,0,0,3,3,0.0928888266802771,0
ood_combo,DS03,11,45,HPC_flow_mod,5,0,0,-0.000240729730907517,0,0,0,0,3,3,0.0928888266802771,0
ood_combo,DS03,11,45,LPT_eff_mod,6,0,-0.0510047070685157,-0.0922796499004696,1,1,2,2,3,3,0.0928888266802771,0
ood_combo,DS03,11,45,LPT_flow_mod,7,0,-0.12268061638929,-0.239428123314702,1,1,2,3,3,3,0.0928888266802771,0
ood_combo,DS03,11,45,LPC_eff_mod,8,0,0,-0.000213844977607775,0,0,0,0,3,3,0.0928888266802771,0
ood_combo,DS03,11,45,LPC_flow_mod,9,0,0,-0,0,0,0,0,3,3,0.0928888266802771,0
ood_combo,DS03,11,46,HPT_eff_mod,1,0,-0.222025698635169,-0.144201962315838,1,1,3,2,3,3,0.174290604275891,0
ood_combo,DS03,11,46,fan_eff_mod,2,0,0,-0,0,0,0,0,3,3,0.174290604275891,0
ood_combo,DS03,11,46,fan_flow_mod,3,0,0,-0.000352972557717411,0,0,0,0,3,3,0.174290604275891,0
ood_combo,DS03,11,46,HPC_eff_mod,4,0,0,-0,0,0,0,0,3,3,0.174290604275891,0
ood_combo,DS03,11,46,HPC_flow_mod,5,0,0,-0.000602798001015844,0,0,0,0,3,3,0.174290604275891,0
ood_combo,DS03,11,46,LPT_eff_mod,6,0,-0.0537588871435671,-0.0922796499004696,1,1,2,2,3,3,0.174290604275891,0
ood_combo,DS03,11,46,LPT_flow_mod,7,0,-0.136163843296056,-0.249523006732304,1,1,2,3,3,3,0.174290604275891,0
ood_combo,DS03,11,46,LPC_eff_mod,8,0,0,-0.000213844977607775,0,0,0,0,3,3,0.174290604275891,0
ood_combo,DS03,11,46,LPC_flow_mod,9,0,0,-0,0,0,0,0,3,3,0.174290604275891,0
ood_combo,DS03,11,47,HPT_eff_mod,1,0,-0.238716898498371,-0.170612541478618,1,1,3,3,3,3,0.184853316921258,0
ood_combo,DS03,11,47,fan_eff_mod,2,0,0,-0,0,0,0,0,3,3,0.184853316921258,0
ood_combo,DS03,11,47,fan_flow_mod,3,0,0,-0.000352972557717411,0,0,0,0,3,3,0.184853316921258,0
ood_combo,DS03,11,47,HPC_eff_mod,4,0,0,-0,0,0,0,0,3,3,0.184853316921258,0
ood_combo,DS03,11,47,HPC_flow_mod,5,0,0,-0.000602798001015844,0,0,0,0,3,3,0.184853316921258,0
ood_combo,DS03,11,47,LPT_eff_mod,6,0,-0.0598311217729753,-0.1011004951577,1,1,2,2,3,3,0.184853316921258,0
ood_combo,DS03,11,47,LPT_flow_mod,7,0,-0.150440821961287,-0.249523006732304,1,1,3,3,3,3,0.184853316921258,0
ood_combo,DS03,11,47,LPC_eff_mod,8,0,0,-0.000213844977607775,0,0,0,0,3,3,0.184853316921258,0
ood_combo,DS03,11,47,LPC_flow_mod,9,0,0,-0,0,0,0,0,3,3,0.184853316921258,0
ood_combo,DS03,11,48,HPT_eff_mod,1,0,-0.258938870864051,-0.179271839201729,1,1,3,3,3,3,0.0832751101074302,0
ood_combo,DS03,11,48,fan_eff_mod,2,0,0,-0,0,0,0,0,3,3,0.0832751101074302,0
ood_combo,DS03,11,48,fan_flow_mod,3,0,0,-0.000352972557717411,0,0,0,0,3,3,0.0832751101074302,0
ood_combo,DS03,11,48,HPC_eff_mod,4,0,0,-0,0,0,0,0,3,3,0.0832751101074302,0
ood_combo,DS03,11,48,HPC_flow_mod,5,0,0,-0.000602798001015844,0,0,0,0,3,3,0.0832751101074302,0
ood_combo,DS03,11,48,LPT_eff_mod,6,0,-0.058631067146969,-0.1011004951577,1,1,2,2,3,3,0.0832751101074302,0
ood_combo,DS03,11,48,LPT_flow_mod,7,0,-0.150284161514574,-0.263880113203151,1,1,3,3,3,3,0.0832751101074302,0
ood_combo,DS03,11,48,LPC_eff_mod,8,0,0,-0.000213844977607775,0,0,0,0,3,3,0.0832751101074302,0
ood_combo,DS03,11,48,LPC_flow_mod,9,0,0,-0,0,0,0,0,3,3,0.0832751101074302,0
ood_combo,DS03,11,49,HPT_eff_mod,1,0,-0.291942507620674,-0.210798537736752,1,1,3,3,3,3,0.163086191894651,0
ood_combo,DS03,11,49,fan_eff_mod,2,0,0,-0,0,0,0,0,3,3,0.163086191894651,0
ood_combo,DS03,11,49,fan_flow_mod,3,0,0,-0.000352972557717411,0,0,0,0,3,3,0.163086191894651,0
ood_combo,DS03,11,49,HPC_eff_mod,4,0,0,-0,0,0,0,0,3,3,0.163086191894651,0
ood_combo,DS03,11,49,HPC_flow_mod,5,0,0,-0.000602798001015844,0,0,0,0,3,3,0.163086191894651,0
ood_combo,DS03,11,49,LPT_eff_mod,6,0,-0.061741481904488,-0.1011004951577,1,1,2,2,3,3,0.163086191894651,0
ood_combo,DS03,11,49,LPT_flow_mod,7,0,-0.168911947135404,-0.283947873369061,1,1,3,3,3,3,0.163086191894651,0
ood_combo,DS03,11,49,LPC_eff_mod,8,0,0,-0.000213844977607775,0,0,0,0,3,3,0.163086191894651,0
ood_combo,DS03,11,49,LPC_flow_mod,9,0,0,-0,0,0,0,0,3,3,0.163086191894651,0
ood_combo,DS03,11,50,HPT_eff_mod,1,0,-0.317077767661756,-0.216583523535797,1,1,3,3,3,3,0.197225914696358,0
ood_combo,DS03,11,50,fan_eff_mod,2,0,0,-0,0,0,0,0,3,3,0.197225914696358,0
ood_combo,DS03,11,50,fan_flow_mod,3,0,0,-0.00164015377061284,0,0,0,0,3,3,0.197225914696358,0
ood_combo,DS03,11,50,HPC_eff_mod,4,0,0,-0,0,0,0,0,3,3,0.197225914696358,0
ood_combo,DS03,11,50,HPC_flow_mod,5,0,0,-0.000602798001015844,0,0,0,0,3,3,0.197225914696358,0
ood_combo,DS03,11,50,LPT_eff_mod,6,0,-0.0638980609839285,-0.1011004951577,1,1,2,2,3,3,0.197225914696358,0
ood_combo,DS03,11,50,LPT_flow_mod,7,0,-0.186013394497328,-0.325943617745148,1,1,3,3,3,3,0.197225914696358,0
ood_combo,DS03,11,50,LPC_eff_mod,8,0,0,-0.000213844977607775,0,0,0,0,3,3,0.197225914696358,0
ood_combo,DS03,11,50,LPC_flow_mod,9,0,0,-0.00133155134482298,0,0,0,0,3,3,0.197225914696358,0
ood_combo,DS03,11,51,HPT_eff_mod,1,0,-0.333764204367177,-0.234629083514642,1,1,3,3,3,3,0.164526941739092,0
ood_combo,DS03,11,51,fan_eff_mod,2,0,0,-0,0,0,0,0,3,3,0.164526941739092,0
ood_combo,DS03,11,51,fan_flow_mod,3,0,0,-0.00164015377061284,0,0,0,0,3,3,0.164526941739092,0
ood_combo,DS03,11,51,HPC_eff_mod,4,0,0,-0,0,0,0,0,3,3,0.164526941739092,0
ood_combo,DS03,11,51,HPC_flow_mod,5,0,0,-0.000602798001015844,0,0,0,0,3,3,0.164526941739092,0
ood_combo,DS03,11,51,LPT_eff_mod,6,0,-0.0733147783532109,-0.114642416569037,1,1,2,2,3,3,0.164526941739092,0
ood_combo,DS03,11,51,LPT_flow_mod,7,0,-0.199835072945806,-0.325943617745148,1,1,3,3,3,3,0.164526941739092,0
ood_combo,DS03,11,51,LPC_eff_mod,8,0,0,-0.000213844977607775,0,0,0,0,3,3,0.164526941739092,0
ood_combo,DS03,11,51,LPC_flow_mod,9,0,0,-0.00133155134482298,0,0,0,0,3,3,0.164526941739092,0
ood_combo,DS03,11,52,HPT_eff_mod,1,0,-0.359199361763858,-0.235823403259166,1,1,3,3,3,3,0.244473562529015,0
ood_combo,DS03,11,52,fan_eff_mod,2,0,0,-0,0,0,0,0,3,3,0.244473562529015,0
ood_combo,DS03,11,52,fan_flow_mod,3,0,0,-0.00164015377061284,0,0,0,0,3,3,0.244473562529015,0
ood_combo,DS03,11,52,HPC_eff_mod,4,0,0,-0,0,0,0,0,3,3,0.244473562529015,0
ood_combo,DS03,11,52,HPC_flow_mod,5,0,0,-0.000602798001015844,0,0,0,0,3,3,0.244473562529015,0
ood_combo,DS03,11,52,LPT_eff_mod,6,0,-0.0790640105648825,-0.122313092895531,1,1,2,2,3,3,0.244473562529015,0
ood_combo,DS03,11,52,LPT_flow_mod,7,0,-0.201130274139069,-0.325943617745148,1,1,3,3,3,3,0.244473562529015,0
ood_combo,DS03,11,52,LPC_eff_mod,8,0,0,-0.000213844977607775,0,0,0,0,3,3,0.244473562529015,0
ood_combo,DS03,11,52,LPC_flow_mod,9,0,0,-0.00133155134482298,0,0,0,0,3,3,0.244473562529015,0
ood_combo,DS03,11,53,HPT_eff_mod,1,0,-0.385147253792971,-0.306894617886797,1,1,3,3,3,3,0.163229267035842,0
ood_combo,DS03,11,53,fan_eff_mod,2,0,0,-0,0,0,0,0,3,3,0.163229267035842,0
ood_combo,DS03,11,53,fan_flow_mod,3,0,0,-0.00164015377061284,0,0,0,0,3,3,0.163229267035842,0
ood_combo,DS03,11,53,HPC_eff_mod,4,0,0,-0,0,0,0,0,3,3,0.163229267035842,0
ood_combo,DS03,11,53,HPC_flow_mod,5,0,0,-0.00132443553910097,0,0,0,0,3,3,0.163229267035842,0
ood_combo,DS03,11,53,LPT_eff_mod,6,0,-0.0793667601782154,-0.122313092895531,1,1,2,2,3,3,0.163229267035842,0
ood_combo,DS03,11,53,LPT_flow_mod,7,0,-0.226526459228174,-0.337613649359704,1,1,3,3,3,3,0.163229267035842,0
ood_combo,DS03,11,53,LPC_eff_mod,8,0,0,-0.00573642282948772,0,0,0,0,3,3,0.163229267035842,0
ood_combo,DS03,11,53,LPC_flow_mod,9,0,0,-0.00133155134482298,0,0,0,0,3,3,0.163229267035842,0
ood_combo,DS03,11,54,HPT_eff_mod,1,0,-0.4080183137408,-0.357988069088468,1,1,3,3,3,3,0.0845353502225367,0
ood_combo,DS03,11,54,fan_eff_mod,2,0,0,-0,0,0,0,0,3,3,0.0845353502225367,0
ood_combo,DS03,11,54,fan_flow_mod,3,0,0,-0.00164015377061284,0,0,0,0,3,3,0.0845353502225367,0
ood_combo,DS03,11,54,HPC_eff_mod,4,0,0,-0,0,0,0,0,3,3,0.0845353502225367,0
ood_combo,DS03,11,54,HPC_flow_mod,5,0,0,-0.00132443553910097,0,0,0,0,3,3,0.0845353502225367,0
ood_combo,DS03,11,54,LPT_eff_mod,6,0,-0.0933215564946847,-0.12627158963949,1,1,2,2,3,3,0.0845353502225367,0
ood_combo,DS03,11,54,LPT_flow_mod,7,0,-0.256733254782167,-0.337613649359704,1,1,3,3,3,3,0.0845353502225367,0
ood_combo,DS03,11,54,LPC_eff_mod,8,0,0,-0.00573642282948772,0,0,0,0,3,3,0.0845353502225367,0
ood_combo,DS03,11,54,LPC_flow_mod,9,0,0,-0.00133155134482298,0,0,0,0,3,3,0.0845353502225367,0
ood_combo,DS03,11,55,HPT_eff_mod,1,0,-0.459781839373904,-0.399941182186851,1,1,3,3,3,3,0.156402818526987,0
ood_combo,DS03,11,55,fan_eff_mod,2,0,0,-0,0,0,0,0,3,3,0.156402818526987,0
ood_combo,DS03,11,55,fan_flow_mod,3,0,0,-0.00164015377061284,0,0,0,0,3,3,0.156402818526987,0
ood_combo,DS03,11,55,HPC_eff_mod,4,0,0,-0,0,0,0,0,3,3,0.156402818526987,0
ood_combo,DS03,11,55,HPC_flow_mod,5,0,0,-0.00188198862472105,0,0,0,0,3,3,0.156402818526987,0
ood_combo,DS03,11,55,LPT_eff_mod,6,0,-0.0910551747786704,-0.12627158963949,1,1,2,2,3,3,0.156402818526987,0
ood_combo,DS03,11,55,LPT_flow_mod,7,0,-0.260122547287119,-0.360888378625317,1,1,3,3,3,3,0.156402818526987,0
ood_combo,DS03,11,55,LPC_eff_mod,8,0,0,-0.00573642282948772,0,0,0,0,3,3,0.156402818526987,0
ood_combo,DS03,11,55,LPC_flow_mod,9,0,0,-0.00133155134482298,0,0,0,0,3,3,0.156402818526987,0
ood_combo,DS03,11,56,HPT_eff_mod,1,0,-0.493718571774099,-0.426687593149683,1,1,3,3,3,3,0.0866578611461526,0
ood_combo,DS03,11,56,fan_eff_mod,2,0,0,-0,0,0,0,0,3,3,0.0866578611461526,0
ood_combo,DS03,11,56,fan_flow_mod,3,0,0,-0.00164015377061284,0,0,0,0,3,3,0.0866578611461526,0
ood_combo,DS03,11,56,HPC_eff_mod,4,0,0,-0,0,0,0,0,3,3,0.0866578611461526,0
ood_combo,DS03,11,56,HPC_flow_mod,5,0,0,-0.00188198862472105,0,0,0,0,3,3,0.0866578611461526,0
ood_combo,DS03,11,56,LPT_eff_mod,6,0,-0.10155041008764,-0.137538614485501,1,1,2,2,3,3,0.0866578611461526,0
ood_combo,DS03,11,56,LPT_flow_mod,7,0,-0.273343771096757,-0.360888378625317,1,1,3,3,3,3,0.0866578611461526,0
ood_combo,DS03,11,56,LPC_eff_mod,8,0,0,-0.00573642282948772,0,0,0,0,3,3,0.0866578611461526,0
ood_combo,DS03,11,56,LPC_flow_mod,9,0,0,-0.00133155134482298,0,0,0,0,3,3,0.0866578611461526,0
ood_combo,DS03,11,57,HPT_eff_mod,1,0,-0.534082891915378,-0.478825773104649,1,1,3,3,3,3,0.158517987334728,0
ood_combo,DS03,11,57,fan_eff_mod,2,0,0,-0.00090854506956617,0,0,0,0,3,3,0.158517987334728,0
ood_combo,DS03,11,57,fan_flow_mod,3,0,0,-0.00164015377061284,0,0,0,0,3,3,0.158517987334728,0
ood_combo,DS03,11,57,HPC_eff_mod,4,0,0,-0.00639125694640283,0,0,0,0,3,3,0.158517987334728,0
ood_combo,DS03,11,57,HPC_flow_mod,5,0,0,-0.00188198862472105,0,0,0,0,3,3,0.158517987334728,0
ood_combo,DS03,11,57,LPT_eff_mod,6,0,-0.108013424821375,-0.137538614485501,1,1,2,2,3,3,0.158517987334728,0
ood_combo,DS03,11,57,LPT_flow_mod,7,0,-0.306119078043672,-0.365638796222136,1,1,3,3,3,3,0.158517987334728,0
ood_combo,DS03,11,57,LPC_eff_mod,8,0,0,-0.00573642282948772,0,1,0,1,3,3,0.158517987334728,0
ood_combo,DS03,11,57,LPC_flow_mod,9,0,0,-0.00133155134482298,0,0,0,0,3,3,0.158517987334728,0
ood_combo,DS03,11,58,HPT_eff_mod,1,0,-0.579716646843228,-0.528053295089062,1,1,3,3,3,3,0.220977600864793,0
ood_combo,DS03,11,58,fan_eff_mod,2,0,0,-0.00142356788894813,0,0,0,0,3,3,0.220977600864793,0
ood_combo,DS03,11,58,fan_flow_mod,3,0,0,-0.00164015377061284,0,0,0,0,3,3,0.220977600864793,0
ood_combo,DS03,11,58,HPC_eff_mod,4,0,0,-0.00639125694640283,0,0,0,0,3,3,0.220977600864793,0
ood_combo,DS03,11,58,HPC_flow_mod,5,0,0,-0.00370696122233854,0,0,0,0,3,3,0.220977600864793,0
ood_combo,DS03,11,58,LPT_eff_mod,6,0,-0.114079350336754,-0.137538614485501,1,1,2,2,3,3,0.220977600864793,0
ood_combo,DS03,11,58,LPT_flow_mod,7,0,-0.320106596344902,-0.413499575755082,1,1,3,3,3,3,0.220977600864793,0
ood_combo,DS03,11,58,LPC_eff_mod,8,0,0,-0.00573642282948772,0,1,0,1,3,3,0.220977600864793,0
ood_combo,DS03,11,58,LPC_flow_mod,9,0,0,-0.00133155134482298,0,0,0,0,3,3,0.220977600864793,0
ood_combo,DS03,11,59,HPT_eff_mod,1,0,-0.633325864533655,-0.554297740660429,1,1,3,3,3,3,0.161483225171289,0
ood_combo,DS03,11,59,fan_eff_mod,2,0,0,-0.00146999410562708,0,0,0,0,3,3,0.161483225171289,0
ood_combo,DS03,11,59,fan_flow_mod,3,0,0,-0.00404217289998547,0,0,0,0,3,3,0.161483225171289,0
ood_combo,DS03,11,59,HPC_eff_mod,4,0,0,-0.00725808197492778,0,0,0,0,3,3,0.161483225171289,0
ood_combo,DS03,11,59,HPC_flow_mod,5,0,0,-0.00370696122233854,0,0,0,0,3,3,0.161483225171289,0
ood_combo,DS03,11,59,LPT_eff_mod,6,0,-0.121719777852029,-0.138390010112763,1,1,2,2,3,3,0.161483225171289,0
ood_combo,DS03,11,59,LPT_flow_mod,7,0,-0.351087939350381,-0.413499575755082,1,1,3,3,3,3,0.161483225171289,0
ood_combo,DS03,11,59,LPC_eff_mod,8,0,0,-0.00646350966076005,0,1,0,1,3,3,0.161483225171289,0
ood_combo,DS03,11,59,LPC_flow_mod,9,0,0,-0.0365921327043231,0,0,0,0,3,3,0.161483225171289,0
ood_combo,DS03,12,1,HPT_eff_mod,1,1,-0.00112136820954058,-0,0,0,0,0,0,0,0.0539025710429073,0
ood_combo,DS03,12,1,fan_eff_mod,2,1,0,-0.000164247993463267,0,0,0,0,0,0,0.0539025710429073,0
ood_combo,DS03,12,1,fan_flow_mod,3,1,0,-0,0,0,0,0,0,0,0.0539025710429073,0
ood_combo,DS03,12,1,HPC_eff_mod,4,1,0,-0,0,0,0,0,0,0,0.0539025710429073,0
ood_combo,DS03,12,1,HPC_flow_mod,5,1,0,-0,0,0,0,0,0,0,0.0539025710429073,0
ood_combo,DS03,12,1,LPT_eff_mod,6,1,0.000139262101247505,-0,0,0,0,0,0,0,0.0539025710429073,0
ood_combo,DS03,12,1,LPT_flow_mod,7,1,-0.00169150239000154,-0,0,0,0,0,0,0,0.0539025710429073,0
ood_combo,DS03,12,1,LPC_eff_mod,8,1,0,-0,0,0,0,0,0,0,0.0539025710429073,0
ood_combo,DS03,12,1,LPC_flow_mod,9,1,0,-0,0,0,0,0,0,0,0.0539025710429073,0
ood_combo,DS03,12,2,HPT_eff_mod,1,1,0.00259064435749483,-0,0,0,0,0,0,0,0.0788690755382394,0
ood_combo,DS03,12,2,fan_eff_mod,2,1,0,-0.000164247993463267,0,0,0,0,0,0,0.0788690755382394,0
ood_combo,DS03,12,2,fan_flow_mod,3,1,0,-0.000475701842093507,0,0,0,0,0,0,0.0788690755382394,0
ood_combo,DS03,12,2,HPC_eff_mod,4,1,0,-0,0,0,0,0,0,0,0.0788690755382394,0
ood_combo,DS03,12,2,HPC_flow_mod,5,1,0,-0,0,0,0,0,0,0,0.0788690755382394,0
ood_combo,DS03,12,2,LPT_eff_mod,6,1,0.00149199162458399,-0,0,0,0,0,0,0,0.0788690755382394,0
ood_combo,DS03,12,2,LPT_flow_mod,7,1,-0.00127565845189488,-0,0,0,0,0,0,0,0.0788690755382394,0
ood_combo,DS03,12,2,LPC_eff_mod,8,1,0,-0,0,0,0,0,0,0,0.0788690755382394,0
ood_combo,DS03,12,2,LPC_flow_mod,9,1,0,-0,0,0,0,0,0,0,0.0788690755382394,0
ood_combo,DS03,12,3,HPT_eff_mod,1,1,-0.00146927614795316,-0,0,0,0,0,0,0,0.0635902173985396,0
ood_combo,DS03,12,3,fan_eff_mod,2,1,0,-0.000164247993463267,0,0,0,0,0,0,0.0635902173985396,0
ood_combo,DS03,12,3,fan_flow_mod,3,1,0,-0.000475701842093507,0,0,0,0,0,0,0.0635902173985396,0
ood_combo,DS03,12,3,HPC_eff_mod,4,1,0,-0,0,0,0,0,0,0,0.0635902173985396,0
ood_combo,DS03,12,3,HPC_flow_mod,5,1,0,-0,0,0,0,0,0,0,0.0635902173985396,0
ood_combo,DS03,12,3,LPT_eff_mod,6,1,-0.00163125372583154,-0,0,0,0,0,0,0,0.0635902173985396,0
ood_combo,DS03,12,3,LPT_flow_mod,7,1,0.00296716084189614,-0,0,0,0,0,0,0,0.0635902173985396,0
ood_combo,DS03,12,3,LPC_eff_mod,8,1,0,-0,0,0,0,0,0,0,0.0635902173985396,0
ood_combo,DS03,12,3,LPC_flow_mod,9,1,0,-0,0,0,0,0,0,0,0.0635902173985396,0
ood_combo,DS03,12,4,HPT_eff_mod,1,1,0.00182148257909596,-0,0,0,0,0,0,0,0.122090488839592,0
ood_combo,DS03,12,4,fan_eff_mod,2,1,0,-0.000164247993463267,0,0,0,0,0,0,0.122090488839592,0
ood_combo,DS03,12,4,fan_flow_mod,3,1,0,-0.000752806449311432,0,0,0,0,0,0,0.122090488839592,0
ood_combo,DS03,12,4,HPC_eff_mod,4,1,0,-0,0,0,0,0,0,0,0.122090488839592,0
ood_combo,DS03,12,4,HPC_flow_mod,5,1,0,-0,0,0,0,0,0,0,0.122090488839592,0
ood_combo,DS03,12,4,LPT_eff_mod,6,1,-0.00313845217689885,-0,0,0,0,0,0,0,0.122090488839592,0
ood_combo,DS03,12,4,LPT_flow_mod,7,1,4.56722442964425e-05,-0,0,0,0,0,0,0,0.122090488839592,0
ood_combo,DS03,12,4,LPC_eff_mod,8,1,0,-0,0,0,0,0,0,0,0.122090488839592,0
ood_combo,DS03,12,4,LPC_flow_mod,9,1,0,-0.00288832934913078,0,0,0,0,0,0,0.122090488839592,0
ood_combo,DS03,12,5,HPT_eff_mod,1,1,-0.00525704348204749,-7.86809830733736e-05,0,0,0,0,0,0,0.189559689476972,0
ood_combo,DS03,12,5,fan_eff_mod,2,1,0,-0.000164247993463267,0,0,0,0,0,0,0.189559689476972,0
ood_combo,DS03,12,5,fan_flow_mod,3,1,0,-0.000752806449311432,0,0,0,0,0,0,0.189559689476972,0
ood_combo,DS03,12,5,HPC_eff_mod,4,1,0,-0,0,0,0,0,0,0,0.189559689476972,0
ood_combo,DS03,12,5,HPC_flow_mod,5,1,0,-0,0,0,0,0,0,0,0.189559689476972,0
ood_combo,DS03,12,5,LPT_eff_mod,6,1,0.000753904624048656,-0,0,0,0,0,0,0,0.189559689476972,0
ood_combo,DS03,12,5,LPT_flow_mod,7,1,0.000243180526779152,-0.00193221062380216,0,0,0,0,0,0,0.189559689476972,0
ood_combo,DS03,12,5,LPC_eff_mod,8,1,0,-0,0,0,0,0,0,0,0.189559689476972,0
ood_combo,DS03,12,5,LPC_flow_mod,9,1,0,-0.00516518352271099,0,0,0,0,0,0,0.189559689476972,0
ood_combo,DS03,12,6,HPT_eff_mod,1,1,-0.00398527460567295,-0.00392009032034603,0,0,0,0,0,0,0.104732449566179,0
ood_combo,DS03,12,6,fan_eff_mod,2,1,0,-0.000262954809864258,0,0,0,0,0,0,0.104732449566179,0
ood_combo,DS03,12,6,fan_flow_mod,3,1,0,-0.000752806449311432,0,0,0,0,0,0,0.104732449566179,0
ood_combo,DS03,12,6,HPC_eff_mod,4,1,0,-0,0,0,0,0,0,0,0.104732449566179,0
ood_combo,DS03,12,6,HPC_flow_mod,5,1,0,-0,0,0,0,0,0,0,0.104732449566179,0
ood_combo,DS03,12,6,LPT_eff_mod,6,1,-0.00499487751864295,-0.00321466927261088,0,0,0,0,0,0,0.104732449566179,0
ood_combo,DS03,12,6,LPT_flow_mod,7,1,-0.00471989171244718,-0.00193221062380216,0,0,0,0,0,0,0.104732449566179,0
ood_combo,DS03,12,6,LPC_eff_mod,8,1,0,-0,0,0,0,0,0,0,0.104732449566179,0
ood_combo,DS03,12,6,LPC_flow_mod,9,1,0,-0.00516518352271099,0,0,0,0,0,0,0.104732449566179,0
ood_combo,DS03,12,7,HPT_eff_mod,1,1,-0.0143921207276164,-0.00723191945266012,0,0,0,0,0,0,0.126291965799886,0
ood_combo,DS03,12,7,fan_eff_mod,2,1,0,-0.000262954809864258,0,0,0,0,0,0,0.126291965799886,0
ood_combo,DS03,12,7,fan_flow_mod,3,1,0,-0.000752806449311432,0,0,0,0,0,0,0.126291965799886,0
ood_combo,DS03,12,7,HPC_eff_mod,4,1,0,-0,0,0,0,0,0,0,0.126291965799886,0
ood_combo,DS03,12,7,HPC_flow_mod,5,1,0,-0,0,0,0,0,0,0,0.126291965799886,0
ood_combo,DS03,12,7,LPT_eff_mod,6,1,-0.00519864164926314,-0.00321466927261088,0,0,0,0,0,0,0.126291965799886,0
ood_combo,DS03,12,7,LPT_flow_mod,7,1,-0.000151399243787367,-0.00245129240790976,0,0,0,0,0,0,0.126291965799886,0
ood_combo,DS03,12,7,LPC_eff_mod,8,1,0,-0,0,0,0,0,0,0,0.126291965799886,0
ood_combo,DS03,12,7,LPC_flow_mod,9,1,0,-0.00516518352271099,0,0,0,0,0,0,0.126291965799886,0
ood_combo,DS03,12,8,HPT_eff_mod,1,1,-0.0157790644913468,-0.00723191945266012,0,0,0,0,0,0,0.102570253728997,0
ood_combo,DS03,12,8,fan_eff_mod,2,1,0,-0.000262954809864258,0,0,0,0,0,0,0.102570253728997,0
ood_combo,DS03,12,8,fan_flow_mod,3,1,0,-0.000752806449311432,0,0,0,0,0,0,0.102570253728997,0
ood_combo,DS03,12,8,HPC_eff_mod,4,1,0,-0,0,0,0,0,0,0,0.102570253728997,0
ood_combo,DS03,12,8,HPC_flow_mod,5,1,0,-0,0,0,0,0,0,0,0.102570253728997,0
ood_combo,DS03,12,8,LPT_eff_mod,6,1,0.00146920245935398,-0.00321466927261088,0,0,0,0,0,0,0.102570253728997,0
ood_combo,DS03,12,8,LPT_flow_mod,7,1,-0.00724712431942918,-0.0045378291816682,0,0,0,0,0,0,0.102570253728997,0
ood_combo,DS03,12,8,LPC_eff_mod,8,1,0,-0,0,0,0,0,0,0,0.102570253728997,0
ood_combo,DS03,12,8,LPC_flow_mod,9,1,0,-0.00516518352271099,0,0,0,0,0,0,0.102570253728997,0
ood_combo,DS03,12,9,HPT_eff_mod,1,1,-0.00489825454233354,-0.00723191945266012,0,0,0,0,0,0,0.0776072095960205,0
ood_combo,DS03,12,9,fan_eff_mod,2,1,0,-0.000262954809864258,0,0,0,0,0,0,0.0776072095960205,0
ood_combo,DS03,12,9,fan_flow_mod,3,1,0,-0.000752806449311432,0,0,0,0,0,0,0.0776072095960205,0
ood_combo,DS03,12,9,HPC_eff_mod,4,1,0,-0,0,0,0,0,0,0,0.0776072095960205,0
ood_combo,DS03,12,9,HPC_flow_mod,5,1,0,-0,0,0,0,0,0,0,0.0776072095960205,0
ood_combo,DS03,12,9,LPT_eff_mod,6,1,6.8742890284277e-05,-0.00321466927261088,0,0,0,0,0,0,0.0776072095960205,0
ood_combo,DS03,12,9,LPT_flow_mod,7,1,-0.00207748611054432,-0.0045378291816682,0,0,0,0,0,0,0.0776072095960205,0
ood_combo,DS03,12,9,LPC_eff_mod,8,1,0,-0,0,0,0,0,0,0,0.0776072095960205,0
ood_combo,DS03,12,9,LPC_flow_mod,9,1,0,-0.00516518352271099,0,0,0,0,0,0,0.0776072095960205,0
ood_combo,DS03,12,10,HPT_eff_mod,1,1,-0.0133769846216323,-0.00723191945266012,0,1,0,1,0,1,0.170421122781314,0
ood_combo,DS03,12,10,fan_eff_mod,2,1,0,-0.000262954809864258,0,0,0,0,0,1,0.170421122781314,0
ood_combo,DS03,12,10,fan_flow_mod,3,1,0,-0.000752806449311432,0,0,0,0,0,1,0.170421122781314,0
ood_combo,DS03,12,10,HPC_eff_mod,4,1,0,-0,0,0,0,0,0,1,0.170421122781314,0
ood_combo,DS03,12,10,HPC_flow_mod,5,1,0,-0,0,0,0,0,0,1,0.170421122781314,0
ood_combo,DS03,12,10,LPT_eff_mod,6,1,-0.000878995610427882,-0.00321466927261088,0,0,0,0,0,1,0.170421122781314,0
ood_combo,DS03,12,10,LPT_flow_mod,7,1,-0.00338578007890184,-0.0045378291816682,0,0,0,0,0,1,0.170421122781314,0
ood_combo,DS03,12,10,LPC_eff_mod,8,1,0,-0,0,0,0,0,0,1,0.170421122781314,0
ood_combo,DS03,12,10,LPC_flow_mod,9,1,0,-0.00516518352271099,0,0,0,0,0,1,0.170421122781314,0
ood_combo,DS03,12,11,HPT_eff_mod,1,1,-0.00422327059486836,-0.00723191945266012,0,1,0,1,0,1,0.104786674219694,0
ood_combo,DS03,12,11,fan_eff_mod,2,1,0,-0.000262954809864258,0,0,0,0,0,1,0.104786674219694,0
ood_combo,DS03,12,11,fan_flow_mod,3,1,0,-0.000752806449311432,0,0,0,0,0,1,0.104786674219694,0
ood_combo,DS03,12,11,HPC_eff_mod,4,1,0,-0,0,0,0,0,0,1,0.104786674219694,0
ood_combo,DS03,12,11,HPC_flow_mod,5,1,0,-0.00136504500868386,0,0,0,0,0,1,0.104786674219694,0
ood_combo,DS03,12,11,LPT_eff_mod,6,1,-0.00127688592978129,-0.00343564214193088,0,0,0,0,0,1,0.104786674219694,0
ood_combo,DS03,12,11,LPT_flow_mod,7,1,-0.00258225640940469,-0.0045378291816682,0,0,0,0,0,1,0.104786674219694,0
ood_combo,DS03,12,11,LPC_eff_mod,8,1,0,-0,0,0,0,0,0,1,0.104786674219694,0
ood_combo,DS03,12,11,LPC_flow_mod,9,1,0,-0.00516518352271099,0,0,0,0,0,1,0.104786674219694,0
ood_combo,DS03,12,12,HPT_eff_mod,1,1,-0.0211035009905063,-0.00723191945266012,0,1,0,1,0,1,0.268414537103051,0
ood_combo,DS03,12,12,fan_eff_mod,2,1,0,-0.000262954809864258,0,0,0,0,0,1,0.268414537103051,0
ood_combo,DS03,12,12,fan_flow_mod,3,1,0,-0.000752806449311432,0,0,0,0,0,1,0.268414537103051,0
ood_combo,DS03,12,12,HPC_eff_mod,4,1,0,-0,0,0,0,0,0,1,0.268414537103051,0
ood_combo,DS03,12,12,HPC_flow_mod,5,1,0,-0.00136504500868386,0,0,0,0,0,1,0.268414537103051,0
ood_combo,DS03,12,12,LPT_eff_mod,6,1,-0.00827807629421625,-0.0139007790351339,0,0,0,0,0,1,0.268414537103051,0
ood_combo,DS03,12,12,LPT_flow_mod,7,1,0.000835431627996911,-0.0045378291816682,0,0,0,0,0,1,0.268414537103051,0
ood_combo,DS03,12,12,LPC_eff_mod,8,1,0,-0,0,0,0,0,0,1,0.268414537103051,0
ood_combo,DS03,12,12,LPC_flow_mod,9,1,0,-0.00516518352271099,0,0,0,0,0,1,0.268414537103051,0
ood_combo,DS03,12,13,HPT_eff_mod,1,1,-0.0186366580734922,-0.00723191945266012,0,1,0,1,0,1,0.104024027814967,0
ood_combo,DS03,12,13,fan_eff_mod,2,1,0,-0.000262954809864258,0,0,0,0,0,1,0.104024027814967,0
ood_combo,DS03,12,13,fan_flow_mod,3,1,0,-0.00101555017962137,0,0,0,0,0,1,0.104024027814967,0
ood_combo,DS03,12,13,HPC_eff_mod,4,1,0,-0,0,0,0,0,0,1,0.104024027814967,0
ood_combo,DS03,12,13,HPC_flow_mod,5,1,0,-0.00136504500868386,0,0,0,0,0,1,0.104024027814967,0
ood_combo,DS03,12,13,LPT_eff_mod,6,1,-0.00242407205042844,-0.0139007790351339,0,0,0,0,0,1,0.104024027814967,0
ood_combo,DS03,12,13,LPT_flow_mod,7,1,0.00024298387550846,-0.0045378291816682,0,0,0,0,0,1,0.104024027814967,0
ood_combo,DS03,12,13,LPC_eff_mod,8,1,0,-0,0,0,0,0,0,1,0.104024027814967,0
ood_combo,DS03,12,13,LPC_flow_mod,9,1,0,-0.00516518352271099,0,0,0,0,0,1,0.104024027814967,0
ood_combo,DS03,12,14,HPT_eff_mod,1,1,-0.00623887872037084,-0.00723191945266012,0,1,0,1,0,1,0.125937227709663,0
ood_combo,DS03,12,14,fan_eff_mod,2,1,0,-0.000262954809864258,0,0,0,0,0,1,0.125937227709663,0
ood_combo,DS03,12,14,fan_flow_mod,3,1,0,-0.00101555017962137,0,0,0,0,0,1,0.125937227709663,0
ood_combo,DS03,12,14,HPC_eff_mod,4,1,0,-0,0,0,0,0,0,1,0.125937227709663,0
ood_combo,DS03,12,14,HPC_flow_mod,5,1,0,-0.00136504500868386,0,0,0,0,0,1,0.125937227709663,0
ood_combo,DS03,12,14,LPT_eff_mod,6,1,-0.00664561849185785,-0.0139007790351339,0,0,0,0,0,1,0.125937227709663,0
ood_combo,DS03,12,14,LPT_flow_mod,7,1,0.000291909239398638,-0.0045378291816682,0,0,0,0,0,1,0.125937227709663,0
ood_combo,DS03,12,14,LPC_eff_mod,8,1,0,-0,0,0,0,0,0,1,0.125937227709663,0
ood_combo,DS03,12,14,LPC_flow_mod,9,1,0,-0.00516518352271099,0,0,0,0,0,1,0.125937227709663,0
ood_combo,DS03,12,15,HPT_eff_mod,1,1,-0.0204080238210549,-0.00723191945266012,0,1,0,1,0,1,0.279964660928309,0
ood_combo,DS03,12,15,fan_eff_mod,2,1,0,-0.000262954809864258,0,0,0,0,0,1,0.279964660928309,0
ood_combo,DS03,12,15,fan_flow_mod,3,1,0,-0.00101555017962137,0,0,0,0,0,1,0.279964660928309,0
ood_combo,DS03,12,15,HPC_eff_mod,4,1,0,-0,0,0,0,0,0,1,0.279964660928309,0
ood_combo,DS03,12,15,HPC_flow_mod,5,1,0,-0.00136504500868386,0,0,0,0,0,1,0.279964660928309,0
ood_combo,DS03,12,15,LPT_eff_mod,6,1,-0.0052530410323747,-0.0139007790351339,0,0,0,0,0,1,0.279964660928309,0
ood_combo,DS03,12,15,LPT_flow_mod,7,1,-0.00616015434878788,-0.0189325815983886,0,0,0,0,0,1,0.279964660928309,0
ood_combo,DS03,12,15,LPC_eff_mod,8,1,0,-0,0,0,0,0,0,1,0.279964660928309,0
ood_combo,DS03,12,15,LPC_flow_mod,9,1,0,-0.00516518352271099,0,0,0,0,0,1,0.279964660928309,0
ood_combo,DS03,12,16,HPT_eff_mod,1,1,-0.0154813139473196,-0.00723191945266012,0,1,0,1,0,1,0.0727156465278454,0
ood_combo,DS03,12,16,fan_eff_mod,2,1,0,-0.000262954809864258,0,0,0,0,0,1,0.0727156465278454,0
ood_combo,DS03,12,16,fan_flow_mod,3,1,0,-0.00101555017962137,0,0,0,0,0,1,0.0727156465278454,0
ood_combo,DS03,12,16,HPC_eff_mod,4,1,0,-0,0,0,0,0,0,1,0.0727156465278454,0
ood_combo,DS03,12,16,HPC_flow_mod,5,1,0,-0.00136504500868386,0,0,0,0,0,1,0.0727156465278454,0
ood_combo,DS03,12,16,LPT_eff_mod,6,1,-0.00441591648479648,-0.0139807013946523,0,0,0,0,0,1,0.0727156465278454,0
ood_combo,DS03,12,16,LPT_flow_mod,7,1,-0.00985832932307593,-0.0189325815983886,0,0,0,0,0,1,0.0727156465278454,0
ood_combo,DS03,12,16,LPC_eff_mod,8,1,0,-0,0,0,0,0,0,1,0.0727156465278454,0
ood_combo,DS03,12,16,LPC_flow_mod,9,1,0,-0.00516518352271099,0,0,0,0,0,1,0.0727156465278454,0
ood_combo,DS03,12,17,HPT_eff_mod,1,1,-0.0271581786379153,-0.00723191945266012,0,1,0,1,0,1,0.0938625770429946,0
ood_combo,DS03,12,17,fan_eff_mod,2,1,0,-0.000262954809864258,0,0,0,0,0,1,0.0938625770429946,0
ood_combo,DS03,12,17,fan_flow_mod,3,1,0,-0.00101555017962137,0,0,0,0,0,1,0.0938625770429946,0
ood_combo,DS03,12,17,HPC_eff_mod,4,1,0,-0,0,0,0,0,0,1,0.0938625770429946,0
ood_combo,DS03,12,17,HPC_flow_mod,5,1,0,-0.00136504500868386,0,0,0,0,0,1,0.0938625770429946,0
ood_combo,DS03,12,17,LPT_eff_mod,6,1,-0.00151530625042542,-0.0139807013946523,0,0,0,0,0,1,0.0938625770429946,0
ood_combo,DS03,12,17,LPT_flow_mod,7,1,-0.00290273945541077,-0.0189325815983886,0,0,0,0,0,1,0.0938625770429946,0
ood_combo,DS03,12,17,LPC_eff_mod,8,1,0,-0,0,0,0,0,0,1,0.0938625770429946,0
ood_combo,DS03,12,17,LPC_flow_mod,9,1,0,-0.00516518352271099,0,0,0,0,0,1,0.0938625770429946,0
ood_combo,DS03,12,18,HPT_eff_mod,1,1,-0.0245162976320839,-0.00723191945266012,0,1,0,1,0,1,0.12706489588106,0
ood_combo,DS03,12,18,fan_eff_mod,2,1,0,-0.000262954809864258,0,0,0,0,0,1,0.12706489588106,0
ood_combo,DS03,12,18,fan_flow_mod,3,1,0,-0.00101555017962137,0,0,0,0,0,1,0.12706489588106,0
ood_combo,DS03,12,18,HPC_eff_mod,4,1,0,-0,0,0,0,0,0,1,0.12706489588106,0
ood_combo,DS03,12,18,HPC_flow_mod,5,1,0,-0.00136504500868386,0,0,0,0,0,1,0.12706489588106,0
ood_combo,DS03,12,18,LPT_eff_mod,6,1,-0.00796936650487602,-0.0166476948142129,0,0,0,0,0,1,0.12706489588106,0
ood_combo,DS03,12,18,LPT_flow_mod,7,1,-0.00902131239669322,-0.0189325815983886,0,0,0,0,0,1,0.12706489588106,0
ood_combo,DS03,12,18,LPC_eff_mod,8,1,0,-0,0,0,0,0,0,1,0.12706489588106,0
ood_combo,DS03,12,18,LPC_flow_mod,9,1,0,-0.00516518352271099,0,0,0,0,0,1,0.12706489588106,0
ood_combo,DS03,12,19,HPT_eff_mod,1,1,-0.0200343960694243,-0.00723191945266012,0,1,0,1,0,1,0.146114876893994,0
ood_combo,DS03,12,19,fan_eff_mod,2,1,0,-0.000262954809864258,0,0,0,0,0,1,0.146114876893994,0
ood_combo,DS03,12,19,fan_flow_mod,3,1,0,-0.00101555017962137,0,0,0,0,0,1,0.146114876893994,0
ood_combo,DS03,12,19,HPC_eff_mod,4,1,0,-0,0,0,0,0,0,1,0.146114876893994,0
ood_combo,DS03,12,19,HPC_flow_mod,5,1,0,-0.00136504500868386,0,0,0,0,0,1,0.146114876893994,0
ood_combo,DS03,12,19,LPT_eff_mod,6,1,-0.0112498376781744,-0.0166476948142129,0,0,0,0,0,1,0.146114876893994,0
ood_combo,DS03,12,19,LPT_flow_mod,7,1,-0.0107047589525287,-0.0189325815983886,0,0,0,0,0,1,0.146114876893994,0
ood_combo,DS03,12,19,LPC_eff_mod,8,1,0,-0,0,0,0,0,0,1,0.146114876893994,0
ood_combo,DS03,12,19,LPC_flow_mod,9,1,0,-0.00516518352271099,0,0,0,0,0,1,0.146114876893994,0
ood_combo,DS03,12,20,HPT_eff_mod,1,1,-0.0114549886161513,-0.00723191945266012,0,1,0,1,0,1,0.225646028044307,0
ood_combo,DS03,12,20,fan_eff_mod,2,1,0,-0.000262954809864258,0,0,0,0,0,1,0.225646028044307,0
ood_combo,DS03,12,20,fan_flow_mod,3,1,0,-0.00101555017962137,0,0,0,0,0,1,0.225646028044307,0
ood_combo,DS03,12,20,HPC_eff_mod,4,1,0,-0,0,0,0,0,0,1,0.225646028044307,0
ood_combo,DS03,12,20,HPC_flow_mod,5,1,0,-0.00136504500868386,0,0,0,0,0,1,0.225646028044307,0
ood_combo,DS03,12,20,LPT_eff_mod,6,1,-0.00568088448493551,-0.0166476948142129,0,0,0,0,0,1,0.225646028044307,0
ood_combo,DS03,12,20,LPT_flow_mod,7,1,-0.00408159108046866,-0.0189325815983886,0,0,0,0,0,1,0.225646028044307,0
ood_combo,DS03,12,20,LPC_eff_mod,8,1,0,-0,0,0,0,0,0,1,0.225646028044307,0
ood_combo,DS03,12,20,LPC_flow_mod,9,1,0,-0.00516518352271099,0,0,0,0,0,1,0.225646028044307,0
ood_combo,DS03,12,21,HPT_eff_mod,1,1,-0.0231223893523309,-0.00953890160662779,0,1,0,1,0,1,0.152559691223821,0
ood_combo,DS03,12,21,fan_eff_mod,2,1,0,-0.000262954809864258,0,0,0,0,0,1,0.152559691223821,0
ood_combo,DS03,12,21,fan_flow_mod,3,1,0,-0.00101555017962137,0,0,0,0,0,1,0.152559691223821,0
ood_combo,DS03,12,21,HPC_eff_mod,4,1,0,-0,0,0,0,0,0,1,0.152559691223821,0
ood_combo,DS03,12,21,HPC_flow_mod,5,1,0,-0.00136504500868386,0,0,0,0,0,1,0.152559691223821,0
ood_combo,DS03,12,21,LPT_eff_mod,6,1,-0.00604966378297046,-0.0166476948142129,0,0,0,0,0,1,0.152559691223821,0
ood_combo,DS03,12,21,LPT_flow_mod,7,1,-0.011336647257083,-0.0189325815983886,0,0,0,0,0,1,0.152559691223821,0
ood_combo,DS03,12,21,LPC_eff_mod,8,1,0,-0,0,0,0,0,0,1,0.152559691223821,0
ood_combo,DS03,12,21,LPC_flow_mod,9,1,0,-0.00516518352271099,0,0,0,0,0,1,0.152559691223821,0
ood_combo,DS03,12,22,HPT_eff_mod,1,1,-0.0160372939294104,-0.00953890160662779,0,1,0,1,0,1,0.117232858743087,0
ood_combo,DS03,12,22,fan_eff_mod,2,1,0,-0.000262954809864258,0,0,0,0,0,1,0.117232858743087,0
ood_combo,DS03,12,22,fan_flow_mod,3,1,0,-0.00101555017962137,0,0,0,0,0,1,0.117232858743087,0
ood_combo,DS03,12,22,HPC_eff_mod,4,1,0,-0,0,0,0,0,0,1,0.117232858743087,0
ood_combo,DS03,12,22,HPC_flow_mod,5,1,0,-0.00136504500868386,0,0,0,0,0,1,0.117232858743087,0
ood_combo,DS03,12,22,LPT_eff_mod,6,1,-0.0114047204301142,-0.0202422693017791,0,1,0,1,0,1,0.117232858743087,0
ood_combo,DS03,12,22,LPT_flow_mod,7,1,-0.0141147284436228,-0.0189325815983886,0,0,0,0,0,1,0.117232858743087,0
ood_combo,DS03,12,22,LPC_eff_mod,8,1,0,-0,0,0,0,0,0,1,0.117232858743087,0
ood_combo,DS03,12,22,LPC_flow_mod,9,1,0,-0.00516518352271099,0,0,0,0,0,1,0.117232858743087,0
ood_combo,DS03,12,23,HPT_eff_mod,1,1,-0.0278938569781258,-0.00953890160662779,0,1,0,1,0,1,0.137007606715079,0
ood_combo,DS03,12,23,fan_eff_mod,2,1,0,-0.000262954809864258,0,0,0,0,0,1,0.137007606715079,0
ood_combo,DS03,12,23,fan_flow_mod,3,1,0,-0.00101555017962137,0,0,0,0,0,1,0.137007606715079,0
ood_combo,DS03,12,23,HPC_eff_mod,4,1,0,-0,0,0,0,0,0,1,0.137007606715079,0
ood_combo,DS03,12,23,HPC_flow_mod,5,1,0,-0.00136504500868386,0,0,0,0,0,1,0.137007606715079,0
ood_combo,DS03,12,23,LPT_eff_mod,6,1,-0.0132727139020783,-0.0202422693017791,0,1,0,1,0,1,0.137007606715079,0
ood_combo,DS03,12,23,LPT_flow_mod,7,1,-0.0132260828860841,-0.0189325815983886,0,0,0,0,0,1,0.137007606715079,0
ood_combo,DS03,12,23,LPC_eff_mod,8,1,0,-0,0,0,0,0,0,1,0.137007606715079,0
ood_combo,DS03,12,23,LPC_flow_mod,9,1,0,-0.00516518352271099,0,0,0,0,0,1,0.137007606715079,0
ood_combo,DS03,12,24,HPT_eff_mod,1,1,-0.0142700197136401,-0.00953890160662779,0,1,0,1,0,1,0.107199223270662,0
ood_combo,DS03,12,24,fan_eff_mod,2,1,0,-0.000262954809864258,0,0,0,0,0,1,0.107199223270662,0
ood_combo,DS03,12,24,fan_flow_mod,3,1,0,-0.00101555017962137,0,0,0,0,0,1,0.107199223270662,0
ood_combo,DS03,12,24,HPC_eff_mod,4,1,0,-0,0,0,0,0,0,1,0.107199223270662,0
ood_combo,DS03,12,24,HPC_flow_mod,5,1,0,-0.00136504500868386,0,0,0,0,0,1,0.107199223270662,0
ood_combo,DS03,12,24,LPT_eff_mod,6,1,-0.012991052929353,-0.0202422693017791,0,1,0,1,0,1,0.107199223270662,0
ood_combo,DS03,12,24,LPT_flow_mod,7,1,-0.00628255262971009,-0.0189325815983886,0,0,0,0,0,1,0.107199223270662,0
ood_combo,DS03,12,24,LPC_eff_mod,8,1,0,-0,0,0,0,0,0,1,0.107199223270662,0
ood_combo,DS03,12,24,LPC_flow_mod,9,1,0,-0.00516518352271099,0,0,0,0,0,1,0.107199223270662,0
ood_combo,DS03,12,25,HPT_eff_mod,1,1,-0.0292944337850441,-0.00953890160662779,0,1,0,1,0,1,0.111271759203227,0
ood_combo,DS03,12,25,fan_eff_mod,2,1,0,-0.000262954809864258,0,0,0,0,0,1,0.111271759203227,0
ood_combo,DS03,12,25,fan_flow_mod,3,1,0,-0.00101555017962137,0,0,0,0,0,1,0.111271759203227,0
ood_combo,DS03,12,25,HPC_eff_mod,4,1,0,-0,0,0,0,0,0,1,0.111271759203227,0
ood_combo,DS03,12,25,HPC_flow_mod,5,1,0,-0.00136504500868386,0,0,0,0,0,1,0.111271759203227,0
ood_combo,DS03,12,25,LPT_eff_mod,6,1,-0.00747221819220984,-0.0202422693017791,0,1,0,1,0,1,0.111271759203227,0
ood_combo,DS03,12,25,LPT_flow_mod,7,1,-0.00927866468353813,-0.0189325815983886,0,0,0,0,0,1,0.111271759203227,0
ood_combo,DS03,12,25,LPC_eff_mod,8,1,0,-0,0,0,0,0,0,1,0.111271759203227,0
ood_combo,DS03,12,25,LPC_flow_mod,9,1,0,-0.00516518352271099,0,0,0,0,0,1,0.111271759203227,0
ood_combo,DS03,12,26,HPT_eff_mod,1,1,-0.0173163269815606,-0.00953890160662779,0,1,0,1,0,1,0.206172434519778,0
ood_combo,DS03,12,26,fan_eff_mod,2,1,0,-0.000262954809864258,0,0,0,0,0,1,0.206172434519778,0
ood_combo,DS03,12,26,fan_flow_mod,3,1,0,-0.00101555017962137,0,0,0,0,0,1,0.206172434519778,0
ood_combo,DS03,12,26,HPC_eff_mod,4,1,0,-0,0,0,0,0,0,1,0.206172434519778,0
ood_combo,DS03,12,26,HPC_flow_mod,5,1,0,-0.00136504500868386,0,0,0,0,0,1,0.206172434519778,0
ood_combo,DS03,12,26,LPT_eff_mod,6,1,-0.0149881370189612,-0.0202422693017791,0,1,0,1,0,1,0.206172434519778,0
ood_combo,DS03,12,26,LPT_flow_mod,7,1,-0.0142243377876381,-0.0233964436600162,0,0,0,0,0,1,0.206172434519778,0
ood_combo,DS03,12,26,LPC_eff_mod,8,1,0,-0,0,0,0,0,0,1,0.206172434519778,0
ood_combo,DS03,12,26,LPC_flow_mod,9,1,0,-0.00516518352271099,0,0,0,0,0,1,0.206172434519778,0
ood_combo,DS03,12,27,HPT_eff_mod,1,1,-0.0360838868814331,-0.0192828681510429,0,1,0,1,0,1,0.09207850026339,0
ood_combo,DS03,12,27,fan_eff_mod,2,1,0,-0.000262954809864258,0,0,0,0,0,1,0.09207850026339,0
ood_combo,DS03,12,27,fan_flow_mod,3,1,0,-0.00101555017962137,0,0,0,0,0,1,0.09207850026339,0
ood_combo,DS03,12,27,HPC_eff_mod,4,1,0,-0.00110584974089737,0,0,0,0,0,1,0.09207850026339,0
ood_combo,DS03,12,27,HPC_flow_mod,5,1,0,-0.00136504500868386,0,0,0,0,0,1,0.09207850026339,0
ood_combo,DS03,12,27,LPT_eff_mod,6,1,-0.0144232942520559,-0.0202422693017791,0,1,0,1,0,1,0.09207850026339,0
ood_combo,DS03,12,27,LPT_flow_mod,7,1,-0.0170416891020811,-0.0233964436600162,0,0,0,0,0,1,0.09207850026339,0
ood_combo,DS03,12,27,LPC_eff_mod,8,1,0,-0,0,0,0,0,0,1,0.09207850026339,0
ood_combo,DS03,12,27,LPC_flow_mod,9,1,0,-0.00516518352271099,0,0,0,0,0,1,0.09207850026339,0
ood_combo,DS03,12,28,HPT_eff_mod,1,1,-0.0273248664229142,-0.0192828681510429,0,1,0,1,0,1,0.0922874545426823,0
ood_combo,DS03,12,28,fan_eff_mod,2,1,0,-0.000262954809864258,0,0,0,0,0,1,0.0922874545426823,0
ood_combo,DS03,12,28,fan_flow_mod,3,1,0,-0.00101555017962137,0,0,0,0,0,1,0.0922874545426823,0
ood_combo,DS03,12,28,HPC_eff_mod,4,1,0,-0.00110584974089737,0,0,0,0,0,1,0.0922874545426823,0
ood_combo,DS03,12,28,HPC_flow_mod,5,1,0,-0.00136504500868386,0,0,0,0,0,1,0.0922874545426823,0
ood_combo,DS03,12,28,LPT_eff_mod,6,1,-0.015072455203373,-0.0202422693017791,0,1,0,1,0,1,0.0922874545426823,0
ood_combo,DS03,12,28,LPT_flow_mod,7,1,-0.015015623599624,-0.0233964436600162,0,0,0,0,0,1,0.0922874545426823,0
ood_combo,DS03,12,28,LPC_eff_mod,8,1,0,-0,0,0,0,0,0,1,0.0922874545426823,0
ood_combo,DS03,12,28,LPC_flow_mod,9,1,0,-0.00516518352271099,0,0,0,0,0,1,0.0922874545426823,0
ood_combo,DS03,12,29,HPT_eff_mod,1,1,-0.0375190623583406,-0.0192828681510429,0,1,0,1,0,1,0.111205573425052,0
ood_combo,DS03,12,29,fan_eff_mod,2,1,0,-0.000262954809864258,0,0,0,0,0,1,0.111205573425052,0
ood_combo,DS03,12,29,fan_flow_mod,3,1,0,-0.00101555017962137,0,0,0,0,0,1,0.111205573425052,0
ood_combo,DS03,12,29,HPC_eff_mod,4,1,0,-0.00110584974089737,0,0,0,0,0,1,0.111205573425052,0
ood_combo,DS03,12,29,HPC_flow_mod,5,1,0,-0.00136504500868386,0,0,0,0,0,1,0.111205573425052,0
ood_combo,DS03,12,29,LPT_eff_mod,6,1,-0.0181343874995624,-0.0234496977501224,0,1,0,1,0,1,0.111205573425052,0
ood_combo,DS03,12,29,LPT_flow_mod,7,1,-0.011526709232147,-0.0233964436600162,0,0,0,0,0,1,0.111205573425052,0
ood_combo,DS03,12,29,LPC_eff_mod,8,1,0,-0,0,0,0,0,0,1,0.111205573425052,0
ood_combo,DS03,12,29,LPC_flow_mod,9,1,0,-0.00516518352271099,0,0,0,0,0,1,0.111205573425052,0
ood_combo,DS03,12,30,HPT_eff_mod,1,1,-0.035699398781822,-0.0192828681510429,0,1,0,1,0,1,0.208250241050509,0
ood_combo,DS03,12,30,fan_eff_mod,2,1,0,-0.000262954809864258,0,0,0,0,0,1,0.208250241050509,0
ood_combo,DS03,12,30,fan_flow_mod,3,1,0,-0.00101555017962137,0,0,0,0,0,1,0.208250241050509,0
ood_combo,DS03,12,30,HPC_eff_mod,4,1,0,-0.00110584974089737,0,0,0,0,0,1,0.208250241050509,0
ood_combo,DS03,12,30,HPC_flow_mod,5,1,0,-0.00136504500868386,0,0,0,0,0,1,0.208250241050509,0
ood_combo,DS03,12,30,LPT_eff_mod,6,1,-0.0159157192794489,-0.0234496977501224,0,1,0,1,0,1,0.208250241050509,0
ood_combo,DS03,12,30,LPT_flow_mod,7,1,-0.0192394484173252,-0.0239366266941358,0,0,0,0,0,1,0.208250241050509,0
ood_combo,DS03,12,30,LPC_eff_mod,8,1,0,-0,0,0,0,0,0,1,0.208250241050509,0
ood_combo,DS03,12,30,LPC_flow_mod,9,1,0,-0.00516518352271099,0,0,0,0,0,1,0.208250241050509,0
ood_combo,DS03,12,31,HPT_eff_mod,1,1,-0.0336112989999198,-0.0192828681510429,0,1,0,1,0,1,0.110449972006092,0
ood_combo,DS03,12,31,fan_eff_mod,2,1,0,-0.000262954809864258,0,0,0,0,0,1,0.110449972006092,0
ood_combo,DS03,12,31,fan_flow_mod,3,1,0,-0.00101555017962137,0,0,0,0,0,1,0.110449972006092,0
ood_combo,DS03,12,31,HPC_eff_mod,4,1,0,-0.00110584974089737,0,0,0,0,0,1,0.110449972006092,0
ood_combo,DS03,12,31,HPC_flow_mod,5,1,0,-0.00136504500868386,0,0,0,0,0,1,0.110449972006092,0
ood_combo,DS03,12,31,LPT_eff_mod,6,1,-0.0128835049588026,-0.0234496977501224,0,1,0,1,0,1,0.110449972006092,0
ood_combo,DS03,12,31,LPT_flow_mod,7,1,-0.0101933643666837,-0.0239366266941358,0,0,0,0,0,1,0.110449972006092,0
ood_combo,DS03,12,31,LPC_eff_mod,8,1,0,-6.45270668971986e-05,0,0,0,0,0,1,0.110449972006092,0
ood_combo,DS03,12,31,LPC_flow_mod,9,1,0,-0.00516518352271099,0,0,0,0,0,1,0.110449972006092,0
ood_combo,DS03,12,32,HPT_eff_mod,1,1,-0.0319567640260217,-0.0192828681510429,0,1,0,1,0,1,0.106756982615396,0
ood_combo,DS03,12,32,fan_eff_mod,2,1,0,-0.000262954809864258,0,0,0,0,0,1,0.106756982615396,0
ood_combo,DS03,12,32,fan_flow_mod,3,1,0,-0.00101555017962137,0,0,0,0,0,1,0.106756982615396,0
ood_combo,DS03,12,32,HPC_eff_mod,4,1,0,-0.00110584974089737,0,0,0,0,0,1,0.106756982615396,0
ood_combo,DS03,12,32,HPC_flow_mod,5,1,0,-0.00136504500868386,0,0,0,0,0,1,0.106756982615396,0
ood_combo,DS03,12,32,LPT_eff_mod,6,1,-0.013277650401833,-0.0234496977501224,0,1,0,1,0,1,0.106756982615396,0
ood_combo,DS03,12,32,LPT_flow_mod,7,1,-0.0105881209390302,-0.0239366266941358,0,0,0,0,0,1,0.106756982615396,0
ood_combo,DS03,12,32,LPC_eff_mod,8,1,0,-6.45270668971986e-05,0,0,0,0,0,1,0.106756982615396,0
ood_combo,DS03,12,32,LPC_flow_mod,9,1,0,-0.00516518352271099,0,0,0,0,0,1,0.106756982615396,0
ood_combo,DS03,12,33,HPT_eff_mod,1,1,-0.0337182982915423,-0.0192828681510429,0,1,0,1,0,1,0.0844009186320392,0
ood_combo,DS03,12,33,fan_eff_mod,2,1,0,-0.000262954809864258,0,0,0,0,0,1,0.0844009186320392,0
ood_combo,DS03,12,33,fan_flow_mod,3,1,0,-0.00101555017962137,0,0,0,0,0,1,0.0844009186320392,0
ood_combo,DS03,12,33,HPC_eff_mod,4,1,0,-0.00110584974089737,0,0,0,0,0,1,0.0844009186320392,0
ood_combo,DS03,12,33,HPC_flow_mod,5,1,0,-0.00136504500868386,0,0,0,0,0,1,0.0844009186320392,0
ood_combo,DS03,12,33,LPT_eff_mod,6,1,-0.0133246596046003,-0.0234496977501224,0,1,0,1,0,1,0.0844009186320392,0
ood_combo,DS03,12,33,LPT_flow_mod,7,1,-0.018187472384036,-0.0239366266941358,0,0,0,0,0,1,0.0844009186320392,0
ood_combo,DS03,12,33,LPC_eff_mod,8,1,0,-6.45270668971986e-05,0,0,0,0,0,1,0.0844009186320392,0
ood_combo,DS03,12,33,LPC_flow_mod,9,1,0,-0.00516518352271099,0,0,0,0,0,1,0.0844009186320392,0
ood_combo,DS03,12,34,HPT_eff_mod,1,1,-0.0254200057777974,-0.0192828681510429,0,1,0,1,0,1,0.0884739988591976,0
ood_combo,DS03,12,34,fan_eff_mod,2,1,0,-0.000262954809864258,0,0,0,0,0,1,0.0884739988591976,0
ood_combo,DS03,12,34,fan_flow_mod,3,1,0,-0.00101555017962137,0,0,0,0,0,1,0.0884739988591976,0
ood_combo,DS03,12,34,HPC_eff_mod,4,1,0,-0.00110584974089737,0,0,0,0,0,1,0.0884739988591976,0
ood_combo,DS03,12,34,HPC_flow_mod,5,1,0,-0.00136504500868386,0,0,0,0,0,1,0.0884739988591976,0
ood_combo,DS03,12,34,LPT_eff_mod,6,1,-0.0129309227663835,-0.0234496977501224,0,1,0,1,0,1,0.0884739988591976,0
ood_combo,DS03,12,34,LPT_flow_mod,7,1,-0.0155056882124562,-0.0239366266941358,0,0,0,0,0,1,0.0884739988591976,0
ood_combo,DS03,12,34,LPC_eff_mod,8,1,0,-6.45270668971986e-05,0,0,0,0,0,1,0.0884739988591976,0
ood_combo,DS03,12,34,LPC_flow_mod,9,1,0,-0.00516518352271099,0,0,0,0,0,1,0.0884739988591976,0
ood_combo,DS03,12,35,HPT_eff_mod,1,1,-0.0333788509888452,-0.0201994364037379,0,1,0,1,0,2,0.0771763503735073,0
ood_combo,DS03,12,35,fan_eff_mod,2,1,0,-0.000262954809864258,0,0,0,0,0,2,0.0771763503735073,0
ood_combo,DS03,12,35,fan_flow_mod,3,1,0,-0.00101555017962137,0,0,0,0,0,2,0.0771763503735073,0
ood_combo,DS03,12,35,HPC_eff_mod,4,1,0,-0.00110584974089737,0,0,0,0,0,2,0.0771763503735073,0
ood_combo,DS03,12,35,HPC_flow_mod,5,1,0,-0.00136504500868386,0,0,0,0,0,2,0.0771763503735073,0
ood_combo,DS03,12,35,LPT_eff_mod,6,1,-0.0188365617555518,-0.0292859019166467,0,1,0,2,0,2,0.0771763503735073,0
ood_combo,DS03,12,35,LPT_flow_mod,7,1,-0.016560850988188,-0.0239366266941358,0,0,0,0,0,2,0.0771763503735073,0
ood_combo,DS03,12,35,LPC_eff_mod,8,1,0,-6.45270668971986e-05,0,0,0,0,0,2,0.0771763503735073,0
ood_combo,DS03,12,35,LPC_flow_mod,9,1,0,-0.00516518352271099,0,0,0,0,0,2,0.0771763503735073,0
ood_combo,DS03,12,36,HPT_eff_mod,1,1,-0.0407012225330342,-0.0201994364037379,0,1,0,1,0,2,0.0939056014137077,0
ood_combo,DS03,12,36,fan_eff_mod,2,1,0,-0.000262954809864258,0,0,0,0,0,2,0.0939056014137077,0
ood_combo,DS03,12,36,fan_flow_mod,3,1,0,-0.00101555017962137,0,0,0,0,0,2,0.0939056014137077,0
ood_combo,DS03,12,36,HPC_eff_mod,4,1,0,-0.00110584974089737,0,0,0,0,0,2,0.0939056014137077,0
ood_combo,DS03,12,36,HPC_flow_mod,5,1,0,-0.00136504500868386,0,0,0,0,0,2,0.0939056014137077,0
ood_combo,DS03,12,36,LPT_eff_mod,6,1,-0.0184287186704546,-0.0292859019166467,0,1,0,2,0,2,0.0939056014137077,0
ood_combo,DS03,12,36,LPT_flow_mod,7,1,-0.0233752423635052,-0.032864515124923,0,0,0,0,0,2,0.0939056014137077,0
ood_combo,DS03,12,36,LPC_eff_mod,8,1,0,-6.45270668971986e-05,0,0,0,0,0,2,0.0939056014137077,0
ood_combo,DS03,12,36,LPC_flow_mod,9,1,0,-0.00516518352271099,0,0,0,0,0,2,0.0939056014137077,0
ood_combo,DS03,12,37,HPT_eff_mod,1,0,-0.0381683594828007,-0.0201994364037379,1,1,2,1,2,2,0.0736237636305675,0
ood_combo,DS03,12,37,fan_eff_mod,2,0,0,-0.000262954809864258,0,0,0,0,2,2,0.0736237636305675,0
ood_combo,DS03,12,37,fan_flow_mod,3,0,0,-0.00101555017962137,0,0,0,0,2,2,0.0736237636305675,0
ood_combo,DS03,12,37,HPC_eff_mod,4,0,0,-0.00110584974089737,0,0,0,0,2,2,0.0736237636305675,0
ood_combo,DS03,12,37,HPC_flow_mod,5,0,0,-0.00136504500868386,0,0,0,0,2,2,0.0736237636305675,0
ood_combo,DS03,12,37,LPT_eff_mod,6,0,-0.0171793689451595,-0.0292859019166467,1,1,1,2,2,2,0.0736237636305675,0
ood_combo,DS03,12,37,LPT_flow_mod,7,0,-0.0225426122803567,-0.032864515124923,1,0,1,0,2,2,0.0736237636305675,0
ood_combo,DS03,12,37,LPC_eff_mod,8,0,0,-6.45270668971986e-05,0,0,0,0,2,2,0.0736237636305675,0
ood_combo,DS03,12,37,LPC_flow_mod,9,0,0,-0.00516518352271099,0,0,0,0,2,2,0.0736237636305675,0
ood_combo,DS03,12,38,HPT_eff_mod,1,0,-0.0444311265592556,-0.0201994364037379,1,1,2,1,2,2,0.070312758533049,0
ood_combo,DS03,12,38,fan_eff_mod,2,0,0,-0.000262954809864258,0,0,0,0,2,2,0.070312758533049,0
ood_combo,DS03,12,38,fan_flow_mod,3,0,0,-0.00101555017962137,0,0,0,0,2,2,0.070312758533049,0
ood_combo,DS03,12,38,HPC_eff_mod,4,0,0,-0.00110584974089737,0,0,0,0,2,2,0.070312758533049,0
ood_combo,DS03,12,38,HPC_flow_mod,5,0,0,-0.00136504500868386,0,0,0,0,2,2,0.070312758533049,0
ood_combo,DS03,12,38,LPT_eff_mod,6,0,-0.0149580093832733,-0.0292859019166467,1,1,1,2,2,2,0.070312758533049,0
ood_combo,DS03,12,38,LPT_flow_mod,7,0,-0.0146735473559006,-0.032864515124923,1,0,1,0,2,2,0.070312758533049,0
ood_combo,DS03,12,38,LPC_eff_mod,8,0,0,-6.45270668971986e-05,0,0,0,0,2,2,0.070312758533049,0
ood_combo,DS03,12,38,LPC_flow_mod,9,0,0,-0.00516518352271099,0,0,0,0,2,2,0.070312758533049,0
ood_combo,DS03,12,39,HPT_eff_mod,1,0,-0.0364777678180738,-0.0201994364037379,1,1,2,1,2,2,0.140007987810314,0
ood_combo,DS03,12,39,fan_eff_mod,2,0,0,-0.000262954809864258,0,0,0,0,2,2,0.140007987810314,0
ood_combo,DS03,12,39,fan_flow_mod,3,0,0,-0.00101555017962137,0,0,0,0,2,2,0.140007987810314,0
ood_combo,DS03,12,39,HPC_eff_mod,4,0,0,-0.00110584974089737,0,0,0,0,2,2,0.140007987810314,0
ood_combo,DS03,12,39,HPC_flow_mod,5,0,0,-0.00136504500868386,0,0,0,0,2,2,0.140007987810314,0
ood_combo,DS03,12,39,LPT_eff_mod,6,0,-0.0167864790265921,-0.0292859019166467,1,1,1,2,2,2,0.140007987810314,0
ood_combo,DS03,12,39,LPT_flow_mod,7,0,-0.0105993064918154,-0.032864515124923,1,0,1,0,2,2,0.140007987810314,0
ood_combo,DS03,12,39,LPC_eff_mod,8,0,0,-6.45270668971986e-05,0,0,0,0,2,2,0.140007987810314,0
ood_combo,DS03,12,39,LPC_flow_mod,9,0,0,-0.00516518352271099,0,0,0,0,2,2,0.140007987810314,0
ood_combo,DS03,12,40,HPT_eff_mod,1,0,-0.0487944579708385,-0.021141398767154,1,1,2,1,2,2,0.0822196437564542,0
ood_combo,DS03,12,40,fan_eff_mod,2,0,0,-0.000262954809864258,0,0,0,0,2,2,0.0822196437564542,0
ood_combo,DS03,12,40,fan_flow_mod,3,0,0,-0.00101555017962137,0,0,0,0,2,2,0.0822196437564542,0
ood_combo,DS03,12,40,HPC_eff_mod,4,0,0,-0.00324381942852311,0,0,0,0,2,2,0.0822196437564542,0
ood_combo,DS03,12,40,HPC_flow_mod,5,0,0,-0.00136504500868386,0,0,0,0,2,2,0.0822196437564542,0
ood_combo,DS03,12,40,LPT_eff_mod,6,0,-0.0180452313327646,-0.0296695050645675,1,1,1,2,2,2,0.0822196437564542,0
ood_combo,DS03,12,40,LPT_flow_mod,7,0,-0.0122845352011792,-0.032864515124923,1,0,1,0,2,2,0.0822196437564542,0
ood_combo,DS03,12,40,LPC_eff_mod,8,0,0,-6.45270668971986e-05,0,0,0,0,2,2,0.0822196437564542,0
ood_combo,DS03,12,40,LPC_flow_mod,9,0,0,-0.00516518352271099,0,0,0,0,2,2,0.0822196437564542,0
ood_combo,DS03,12,41,HPT_eff_mod,1,0,-0.0462841073008904,-0.021141398767154,1,1,2,1,2,2,0.123666300612589,0
ood_combo,DS03,12,41,fan_eff_mod,2,0,0,-0.000262954809864258,0,0,0,0,2,2,0.123666300612589,0
ood_combo,DS03,12,41,fan_flow_mod,3,0,0,-0.00101555017962137,0,0,0,0,2,2,0.123666300612589,0
ood_combo,DS03,12,41,HPC_eff_mod,4,0,0,-0.00324381942852311,0,0,0,0,2,2,0.123666300612589,0
ood_combo,DS03,12,41,HPC_flow_mod,5,0,0,-0.00136504500868386,0,0,0,0,2,2,0.123666300612589,0
ood_combo,DS03,12,41,LPT_eff_mod,6,0,-0.0218290104034957,-0.0296695050645675,1,1,1,2,2,2,0.123666300612589,0
ood_combo,DS03,12,41,LPT_flow_mod,7,0,-0.023447073123988,-0.032864515124923,1,0,1,0,2,2,0.123666300612589,0
ood_combo,DS03,12,41,LPC_eff_mod,8,0,0,-6.45270668971986e-05,0,0,0,0,2,2,0.123666300612589,0
ood_combo,DS03,12,41,LPC_flow_mod,9,0,0,-0.00516518352271099,0,0,0,0,2,2,0.123666300612589,0
ood_combo,DS03,12,42,HPT_eff_mod,1,0,-0.0379766572343273,-0.021141398767154,1,1,2,1,2,2,0.160038244509481,0
ood_combo,DS03,12,42,fan_eff_mod,2,0,0,-0.000262954809864258,0,0,0,0,2,2,0.160038244509481,0
ood_combo,DS03,12,42,fan_flow_mod,3,0,0,-0.00114728304158175,0,0,0,0,2,2,0.160038244509481,0
ood_combo,DS03,12,42,HPC_eff_mod,4,0,0,-0.00324381942852311,0,0,0,0,2,2,0.160038244509481,0
ood_combo,DS03,12,42,HPC_flow_mod,5,0,0,-0.00136504500868386,0,0,0,0,2,2,0.160038244509481,0
ood_combo,DS03,12,42,LPT_eff_mod,6,0,-0.0190422590878063,-0.0296695050645675,1,1,1,2,2,2,0.160038244509481,0
ood_combo,DS03,12,42,LPT_flow_mod,7,0,-0.0149173661542833,-0.032864515124923,1,0,1,0,2,2,0.160038244509481,0
ood_combo,DS03,12,42,LPC_eff_mod,8,0,0,-6.45270668971986e-05,0,0,0,0,2,2,0.160038244509481,0
ood_combo,DS03,12,42,LPC_flow_mod,9,0,0,-0.00516518352271099,0,0,0,0,2,2,0.160038244509481,0
ood_combo,DS03,12,43,HPT_eff_mod,1,0,-0.059233293887595,-0.0216441409516845,1,1,2,1,2,2,0.170737901404526,0
ood_combo,DS03,12,43,fan_eff_mod,2,0,0,-0.000262954809864258,0,0,0,0,2,2,0.170737901404526,0
ood_combo,DS03,12,43,fan_flow_mod,3,0,0,-0.00114728304158175,0,0,0,0,2,2,0.170737901404526,0
ood_combo,DS03,12,43,HPC_eff_mod,4,0,0,-0.00324381942852311,0,0,0,0,2,2,0.170737901404526,0
ood_combo,DS03,12,43,HPC_flow_mod,5,0,0,-0.00136504500868386,0,0,0,0,2,2,0.170737901404526,0
ood_combo,DS03,12,43,LPT_eff_mod,6,0,-0.0223875524375922,-0.0296695050645675,1,1,1,2,2,2,0.170737901404526,0
ood_combo,DS03,12,43,LPT_flow_mod,7,0,-0.0195354798931171,-0.0391598945064764,1,0,1,0,2,2,0.170737901404526,0
ood_combo,DS03,12,43,LPC_eff_mod,8,0,0,-6.45270668971986e-05,0,0,0,0,2,2,0.170737901404526,0
ood_combo,DS03,12,43,LPC_flow_mod,9,0,0,-0.00516518352271099,0,0,0,0,2,2,0.170737901404526,0
ood_combo,DS03,12,44,HPT_eff_mod,1,0,-0.0428204392698335,-0.0216441409516845,1,1,2,1,2,2,0.0942899530367616,0
ood_combo,DS03,12,44,fan_eff_mod,2,0,0,-0.000262954809864258,0,0,0,0,2,2,0.0942899530367616,0
ood_combo,DS03,12,44,fan_flow_mod,3,0,0,-0.00114728304158175,0,0,0,0,2,2,0.0942899530367616,0
ood_combo,DS03,12,44,HPC_eff_mod,4,0,0,-0.00324381942852311,0,0,0,0,2,2,0.0942899530367616,0
ood_combo,DS03,12,44,HPC_flow_mod,5,0,0,-0.00136504500868386,0,0,0,0,2,2,0.0942899530367616,0
ood_combo,DS03,12,44,LPT_eff_mod,6,0,-0.0186119292033636,-0.0296695050645675,1,1,1,2,2,2,0.0942899530367616,0
ood_combo,DS03,12,44,LPT_flow_mod,7,0,-0.0146696686469055,-0.0391598945064764,1,0,1,0,2,2,0.0942899530367616,0
ood_combo,DS03,12,44,LPC_eff_mod,8,0,0,-6.45270668971986e-05,0,0,0,0,2,2,0.0942899530367616,0
ood_combo,DS03,12,44,LPC_flow_mod,9,0,0,-0.00516518352271099,0,0,0,0,2,2,0.0942899530367616,0
ood_combo,DS03,12,45,HPT_eff_mod,1,0,-0.0508282667470448,-0.0216441409516845,1,1,2,1,2,2,0.135350931521386,0
ood_combo,DS03,12,45,fan_eff_mod,2,0,0,-0.000262954809864258,0,0,0,0,2,2,0.135350931521386,0
ood_combo,DS03,12,45,fan_flow_mod,3,0,0,-0.00114728304158175,0,0,0,0,2,2,0.135350931521386,0
ood_combo,DS03,12,45,HPC_eff_mod,4,0,0,-0.00324381942852311,0,0,0,0,2,2,0.135350931521386,0
ood_combo,DS03,12,45,HPC_flow_mod,5,0,0,-0.00136504500868386,0,0,0,0,2,2,0.135350931521386,0
ood_combo,DS03,12,45,LPT_eff_mod,6,0,-0.0260912352670493,-0.0386294782744125,1,1,1,2,2,2,0.135350931521386,0
ood_combo,DS03,12,45,LPT_flow_mod,7,0,-0.0149350534346145,-0.0391598945064764,1,0,1,0,2,2,0.135350931521386,0
ood_combo,DS03,12,45,LPC_eff_mod,8,0,0,-6.45270668971986e-05,0,0,0,0,2,2,0.135350931521386,0
ood_combo,DS03,12,45,LPC_flow_mod,9,0,0,-0.00516518352271099,0,0,0,0,2,2,0.135350931521386,0
ood_combo,DS03,12,46,HPT_eff_mod,1,0,-0.0554140974165965,-0.0216441409516845,1,1,2,1,2,2,0.128189959637734,0
ood_combo,DS03,12,46,fan_eff_mod,2,0,0,-0.000262954809864258,0,0,0,0,2,2,0.128189959637734,0
ood_combo,DS03,12,46,fan_flow_mod,3,0,0,-0.00114728304158175,0,0,0,0,2,2,0.128189959637734,0
ood_combo,DS03,12,46,HPC_eff_mod,4,0,0,-0.00324381942852311,0,0,0,0,2,2,0.128189959637734,0
ood_combo,DS03,12,46,HPC_flow_mod,5,0,0,-0.00136504500868386,0,0,0,0,2,2,0.128189959637734,0
ood_combo,DS03,12,46,LPT_eff_mod,6,0,-0.0201391888216067,-0.0386294782744125,1,1,1,2,2,2,0.128189959637734,0
ood_combo,DS03,12,46,LPT_flow_mod,7,0,-0.0184785153937762,-0.0473047934249853,1,0,1,0,2,2,0.128189959637734,0
ood_combo,DS03,12,46,LPC_eff_mod,8,0,0,-6.45270668971986e-05,0,0,0,0,2,2,0.128189959637734,0
ood_combo,DS03,12,46,LPC_flow_mod,9,0,0,-0.00516518352271099,0,0,0,0,2,2,0.128189959637734,0
ood_combo,DS03,12,47,HPT_eff_mod,1,0,-0.0570194493378392,-0.0259908653105579,1,1,2,1,2,2,0.117484530845163,0
ood_combo,DS03,12,47,fan_eff_mod,2,0,0,-0.000262954809864258,0,0,0,0,2,2,0.117484530845163,0
ood_combo,DS03,12,47,fan_flow_mod,3,0,0,-0.00114728304158175,0,0,0,0,2,2,0.117484530845163,0
ood_combo,DS03,12,47,HPC_eff_mod,4,0,0,-0.00324381942852311,0,0,0,0,2,2,0.117484530845163,0
ood_combo,DS03,12,47,HPC_flow_mod,5,0,0,-0.00136504500868386,0,0,0,0,2,2,0.117484530845163,0
ood_combo,DS03,12,47,LPT_eff_mod,6,0,-0.0293688990298617,-0.0386294782744125,1,1,2,2,2,2,0.117484530845163,0
ood_combo,DS03,12,47,LPT_flow_mod,7,0,-0.0271265784571511,-0.0473047934249853,1,1,1,2,2,2,0.117484530845163,0
ood_combo,DS03,12,47,LPC_eff_mod,8,0,0,-6.45270668971986e-05,0,0,0,0,2,2,0.117484530845163,0
ood_combo,DS03,12,47,LPC_flow_mod,9,0,0,-0.00516518352271099,0,0,0,0,2,2,0.117484530845163,0
ood_combo,DS03,12,48,HPT_eff_mod,1,0,-0.0521205815729555,-0.0259908653105579,1,1,2,1,2,2,0.08936497536524,0
ood_combo,DS03,12,48,fan_eff_mod,2,0,0,-0.000262954809864258,0,0,0,0,2,2,0.08936497536524,0
ood_combo,DS03,12,48,fan_flow_mod,3,0,0,-0.00114728304158175,0,0,0,0,2,2,0.08936497536524,0
ood_combo,DS03,12,48,HPC_eff_mod,4,0,0,-0.00324381942852311,0,0,0,0,2,2,0.08936497536524,0
ood_combo,DS03,12,48,HPC_flow_mod,5,0,0,-0.00136504500868386,0,0,0,0,2,2,0.08936497536524,0
ood_combo,DS03,12,48,LPT_eff_mod,6,0,-0.022624261007506,-0.0386294782744125,1,1,2,2,2,2,0.08936497536524,0
ood_combo,DS03,12,48,LPT_flow_mod,7,0,-0.0293199999590379,-0.0473047934249853,1,1,2,2,2,2,0.08936497536524,0
ood_combo,DS03,12,48,LPC_eff_mod,8,0,0,-6.45270668971986e-05,0,0,0,0,2,2,0.08936497536524,0
ood_combo,DS03,12,48,LPC_flow_mod,9,0,0,-0.00516518352271099,0,0,0,0,2,2,0.08936497536524,0
ood_combo,DS03,12,49,HPT_eff_mod,1,0,-0.0626549633673973,-0.0259908653105579,1,1,2,1,2,2,0.116346272396762,0
ood_combo,DS03,12,49,fan_eff_mod,2,0,0,-0.000262954809864258,0,0,0,0,2,2,0.116346272396762,0
ood_combo,DS03,12,49,fan_flow_mod,3,0,0,-0.00114728304158175,0,0,0,0,2,2,0.116346272396762,0
ood_combo,DS03,12,49,HPC_eff_mod,4,0,0,-0.00324381942852311,0,0,0,0,2,2,0.116346272396762,0
ood_combo,DS03,12,49,HPC_flow_mod,5,0,0,-0.00136504500868386,0,0,0,0,2,2,0.116346272396762,0
ood_combo,DS03,12,49,LPT_eff_mod,6,0,-0.0265528543233136,-0.0386294782744125,1,1,2,2,2,2,0.116346272396762,0
ood_combo,DS03,12,49,LPT_flow_mod,7,0,-0.030960041118624,-0.0589194742005425,1,1,2,2,2,2,0.116346272396762,0
ood_combo,DS03,12,49,LPC_eff_mod,8,0,0,-6.45270668971986e-05,0,0,0,0,2,2,0.116346272396762,0
ood_combo,DS03,12,49,LPC_flow_mod,9,0,0,-0.00516518352271099,0,0,0,0,2,2,0.116346272396762,0
ood_combo,DS03,12,50,HPT_eff_mod,1,0,-0.0664321566166731,-0.0343368342113485,1,1,2,2,2,2,0.100623064177956,0
ood_combo,DS03,12,50,fan_eff_mod,2,0,0,-0.000262954809864258,0,0,0,0,2,2,0.100623064177956,0
ood_combo,DS03,12,50,fan_flow_mod,3,0,0,-0.00114728304158175,0,0,0,0,2,2,0.100623064177956,0
ood_combo,DS03,12,50,HPC_eff_mod,4,0,0,-0.00324381942852311,0,0,0,0,2,2,0.100623064177956,0
ood_combo,DS03,12,50,HPC_flow_mod,5,0,0,-0.00136504500868386,0,0,0,0,2,2,0.100623064177956,0
ood_combo,DS03,12,50,LPT_eff_mod,6,0,-0.024385309777246,-0.0386294782744125,1,1,2,2,2,2,0.100623064177956,0
ood_combo,DS03,12,50,LPT_flow_mod,7,0,-0.0352564407819903,-0.0612776344407331,1,1,2,2,2,2,0.100623064177956,0
ood_combo,DS03,12,50,LPC_eff_mod,8,0,0,-6.45270668971986e-05,0,0,0,0,2,2,0.100623064177956,0
ood_combo,DS03,12,50,LPC_flow_mod,9,0,0,-0.00516518352271099,0,0,0,0,2,2,0.100623064177956,0
ood_combo,DS03,12,51,HPT_eff_mod,1,0,-0.0686032818133283,-0.0343368342113485,1,1,2,2,2,2,0.135851738980588,0
ood_combo,DS03,12,51,fan_eff_mod,2,0,0,-0.000262954809864258,0,0,0,0,2,2,0.135851738980588,0
ood_combo,DS03,12,51,fan_flow_mod,3,0,0,-0.00114728304158175,0,0,0,0,2,2,0.135851738980588,0
ood_combo,DS03,12,51,HPC_eff_mod,4,0,0,-0.00324381942852311,0,0,0,0,2,2,0.135851738980588,0
ood_combo,DS03,12,51,HPC_flow_mod,5,0,0,-0.00136504500868386,0,0,0,0,2,2,0.135851738980588,0
ood_combo,DS03,12,51,LPT_eff_mod,6,0,-0.0276487301808519,-0.0386294782744125,1,1,2,2,2,2,0.135851738980588,0
ood_combo,DS03,12,51,LPT_flow_mod,7,0,-0.0272986779829588,-0.0612776344407331,1,1,2,2,2,2,0.135851738980588,0
ood_combo,DS03,12,51,LPC_eff_mod,8,0,0,-6.45270668971986e-05,0,0,0,0,2,2,0.135851738980588,0
ood_combo,DS03,12,51,LPC_flow_mod,9,0,0,-0.00588131332457259,0,0,0,0,2,2,0.135851738980588,0
ood_combo,DS03,12,52,HPT_eff_mod,1,0,-0.0808608115295019,-0.0424304111759036,1,1,2,2,2,2,0.0841649607618242,0
ood_combo,DS03,12,52,fan_eff_mod,2,0,0,-0.000262954809864258,0,0,0,0,2,2,0.0841649607618242,0
ood_combo,DS03,12,52,fan_flow_mod,3,0,0,-0.00114728304158175,0,0,0,0,2,2,0.0841649607618242,0
ood_combo,DS03,12,52,HPC_eff_mod,4,0,0,-0.00324381942852311,0,0,0,0,2,2,0.0841649607618242,0
ood_combo,DS03,12,52,HPC_flow_mod,5,0,0,-0.00136504500868386,0,0,0,0,2,2,0.0841649607618242,0
ood_combo,DS03,12,52,LPT_eff_mod,6,0,-0.0297196893125958,-0.0386294782744125,1,1,2,2,2,2,0.0841649607618242,0
ood_combo,DS03,12,52,LPT_flow_mod,7,0,-0.0294142053072924,-0.0612776344407331,1,1,2,2,2,2,0.0841649607618242,0
ood_combo,DS03,12,52,LPC_eff_mod,8,0,0,-6.45270668971986e-05,0,0,0,0,2,2,0.0841649607618242,0
ood_combo,DS03,12,52,LPC_flow_mod,9,0,0,-0.00588131332457259,0,0,0,0,2,2,0.0841649607618242,0
ood_combo,DS03,12,53,HPT_eff_mod,1,0,-0.0725437999331612,-0.0424304111759036,1,1,2,2,2,2,0.195127149178558,0
ood_combo,DS03,12,53,fan_eff_mod,2,0,0,-0.000262954809864258,0,0,0,0,2,2,0.195127149178558,0
ood_combo,DS03,12,53,fan_flow_mod,3,0,0,-0.00114728304158175,0,0,0,0,2,2,0.195127149178558,0
ood_combo,DS03,12,53,HPC_eff_mod,4,0,0,-0.00324381942852311,0,0,0,0,2,2,0.195127149178558,0
ood_combo,DS03,12,53,HPC_flow_mod,5,0,0,-0.00136504500868386,0,0,0,0,2,2,0.195127149178558,0
ood_combo,DS03,12,53,LPT_eff_mod,6,0,-0.0320202645606383,-0.0386294782744125,1,1,2,2,2,2,0.195127149178558,0
ood_combo,DS03,12,53,LPT_flow_mod,7,0,-0.0357605354729995,-0.0612776344407331,1,1,2,2,2,2,0.195127149178558,0
ood_combo,DS03,12,53,LPC_eff_mod,8,0,0,-6.45270668971986e-05,0,0,0,0,2,2,0.195127149178558,0
ood_combo,DS03,12,53,LPC_flow_mod,9,0,0,-0.00588131332457259,0,0,0,0,2,2,0.195127149178558,0
ood_combo,DS03,12,54,HPT_eff_mod,1,0,-0.074574782853421,-0.0441464741700734,1,1,2,2,2,2,0.0812143460371659,0
ood_combo,DS03,12,54,fan_eff_mod,2,0,0,-0.000262954809864258,0,0,0,0,2,2,0.0812143460371659,0
ood_combo,DS03,12,54,fan_flow_mod,3,0,0,-0.00114728304158175,0,0,0,0,2,2,0.0812143460371659,0
ood_combo,DS03,12,54,HPC_eff_mod,4,0,0,-0.00324381942852311,0,0,0,0,2,2,0.0812143460371659,0
ood_combo,DS03,12,54,HPC_flow_mod,5,0,0,-0.00136504500868386,0,0,0,0,2,2,0.0812143460371659,0
ood_combo,DS03,12,54,LPT_eff_mod,6,0,-0.0332171039484098,-0.0386294782744125,1,1,2,2,2,2,0.0812143460371659,0
ood_combo,DS03,12,54,LPT_flow_mod,7,0,-0.038139977455542,-0.0612776344407331,1,1,2,2,2,2,0.0812143460371659,0
ood_combo,DS03,12,54,LPC_eff_mod,8,0,0,-6.45270668971986e-05,0,0,0,0,2,2,0.0812143460371659,0
ood_combo,DS03,12,54,LPC_flow_mod,9,0,0,-0.00588131332457259,0,0,0,0,2,2,0.0812143460371659,0
ood_combo,DS03,12,55,HPT_eff_mod,1,0,-0.0770741707654715,-0.0535512295859149,1,1,2,2,2,2,0.115012849881342,0
ood_combo,DS03,12,55,fan_eff_mod,2,0,0,-0.000262954809864258,0,0,0,0,2,2,0.115012849881342,0
ood_combo,DS03,12,55,fan_flow_mod,3,0,0,-0.00114728304158175,0,0,0,0,2,2,0.115012849881342,0
ood_combo,DS03,12,55,HPC_eff_mod,4,0,0,-0.00324381942852311,0,0,0,0,2,2,0.115012849881342,0
ood_combo,DS03,12,55,HPC_flow_mod,5,0,0,-0.00136504500868386,0,0,0,0,2,2,0.115012849881342,0
ood_combo,DS03,12,55,LPT_eff_mod,6,0,-0.0384367763116526,-0.0403032215613573,1,1,2,2,2,2,0.115012849881342,0
ood_combo,DS03,12,55,LPT_flow_mod,7,0,-0.0510242196533061,-0.0612776344407331,1,1,2,2,2,2,0.115012849881342,0
ood_combo,DS03,12,55,LPC_eff_mod,8,0,0,-6.45270668971986e-05,0,0,0,0,2,2,0.115012849881342,0
ood_combo,DS03,12,55,LPC_flow_mod,9,0,0,-0.00588131332457259,0,0,0,0,2,2,0.115012849881342,0
ood_combo,DS03,12,56,HPT_eff_mod,1,0,-0.0918181299500259,-0.0624664673155056,1,1,2,2,2,2,0.228815789414624,0
ood_combo,DS03,12,56,fan_eff_mod,2,0,0,-0.000262954809864258,0,0,0,0,2,2,0.228815789414624,0
ood_combo,DS03,12,56,fan_flow_mod,3,0,0,-0.00114728304158175,0,0,0,0,2,2,0.228815789414624,0
ood_combo,DS03,12,56,HPC_eff_mod,4,0,0,-0.00324381942852311,0,0,0,0,2,2,0.228815789414624,0
ood_combo,DS03,12,56,HPC_flow_mod,5,0,0,-0.00136504500868386,0,0,0,0,2,2,0.228815789414624,0
ood_combo,DS03,12,56,LPT_eff_mod,6,0,-0.0379648420467777,-0.0519824160071907,1,1,2,2,2,2,0.228815789414624,0
ood_combo,DS03,12,56,LPT_flow_mod,7,0,-0.0447918962961228,-0.0612776344407331,1,1,2,2,2,2,0.228815789414624,0
ood_combo,DS03,12,56,LPC_eff_mod,8,0,0,-6.45270668971986e-05,0,0,0,0,2,2,0.228815789414624,0
ood_combo,DS03,12,56,LPC_flow_mod,9,0,0,-0.00588131332457259,0,0,0,0,2,2,0.228815789414624,0
ood_combo,DS03,12,57,HPT_eff_mod,1,0,-0.0878925977752016,-0.0624664673155056,1,1,2,2,2,2,0.102029694024605,0
ood_combo,DS03,12,57,fan_eff_mod,2,0,0,-0.000262954809864258,0,0,0,0,2,2,0.102029694024605,0
ood_combo,DS03,12,57,fan_flow_mod,3,0,0,-0.00162866388645191,0,0,0,0,2,2,0.102029694024605,0
ood_combo,DS03,12,57,HPC_eff_mod,4,0,0,-0.00324381942852311,0,0,0,0,2,2,0.102029694024605,0
ood_combo,DS03,12,57,HPC_flow_mod,5,0,0,-0.00136504500868386,0,0,0,0,2,2,0.102029694024605,0
ood_combo,DS03,12,57,LPT_eff_mod,6,0,-0.0368826222379696,-0.0519824160071907,1,1,2,2,2,2,0.102029694024605,0
ood_combo,DS03,12,57,LPT_flow_mod,7,0,-0.0527168622336431,-0.0612776344407331,1,1,2,2,2,2,0.102029694024605,0
ood_combo,DS03,12,57,LPC_eff_mod,8,0,0,-6.45270668971986e-05,0,0,0,0,2,2,0.102029694024605,0
ood_combo,DS03,12,57,LPC_flow_mod,9,0,0,-0.00588131332457259,0,0,0,0,2,2,0.102029694024605,0
ood_combo,DS03,12,58,HPT_eff_mod,1,0,-0.0856631649172992,-0.0624664673155056,1,1,2,2,2,2,0.0987030728354063,0
ood_combo,DS03,12,58,fan_eff_mod,2,0,0,-0.000262954809864258,0,0,0,0,2,2,0.0987030728354063,0
ood_combo,DS03,12,58,fan_flow_mod,3,0,0,-0.00162866388645191,0,0,0,0,2,2,0.0987030728354063,0
ood_combo,DS03,12,58,HPC_eff_mod,4,0,0,-0.00324381942852311,0,0,0,0,2,2,0.0987030728354063,0
ood_combo,DS03,12,58,HPC_flow_mod,5,0,0,-0.00136504500868386,0,0,0,0,2,2,0.0987030728354063,0
ood_combo,DS03,12,58,LPT_eff_mod,6,0,-0.0400586010774425,-0.0546792893850669,1,1,2,2,2,2,0.0987030728354063,0
ood_combo,DS03,12,58,LPT_flow_mod,7,0,-0.0470220091583353,-0.0612776344407331,1,1,2,2,2,2,0.0987030728354063,0
ood_combo,DS03,12,58,LPC_eff_mod,8,0,0,-6.45270668971986e-05,0,0,0,0,2,2,0.0987030728354063,0
ood_combo,DS03,12,58,LPC_flow_mod,9,0,0,-0.00588131332457259,0,0,0,0,2,2,0.0987030728354063,0
ood_combo,DS03,12,59,HPT_eff_mod,1,0,-0.0967092081347612,-0.0638111891091168,1,1,2,2,2,2,0.0893176660638234,0
ood_combo,DS03,12,59,fan_eff_mod,2,0,0,-0.000262954809864258,0,0,0,0,2,2,0.0893176660638234,0
ood_combo,DS03,12,59,fan_flow_mod,3,0,0,-0.00162866388645191,0,0,0,0,2,2,0.0893176660638234,0
ood_combo,DS03,12,59,HPC_eff_mod,4,0,0,-0.00324381942852311,0,0,0,0,2,2,0.0893176660638234,0
ood_combo,DS03,12,59,HPC_flow_mod,5,0,0,-0.00136504500868386,0,0,0,0,2,2,0.0893176660638234,0
ood_combo,DS03,12,59,LPT_eff_mod,6,0,-0.0414341473733001,-0.0546792893850669,1,1,2,2,2,2,0.0893176660638234,0
ood_combo,DS03,12,59,LPT_flow_mod,7,0,-0.0443988735524863,-0.0652682997394585,1,1,2,2,2,2,0.0893176660638234,0
ood_combo,DS03,12,59,LPC_eff_mod,8,0,0,-6.45270668971986e-05,0,0,0,0,2,2,0.0893176660638234,0
ood_combo,DS03,12,59,LPC_flow_mod,9,0,0,-0.00588131332457259,0,0,0,0,2,2,0.0893176660638234,0
ood_combo,DS03,12,60,HPT_eff_mod,1,0,-0.108235054700182,-0.0805226026388526,1,1,2,2,2,2,0.0780005259242514,0
ood_combo,DS03,12,60,fan_eff_mod,2,0,0,-0.000262954809864258,0,0,0,0,2,2,0.0780005259242514,0
ood_combo,DS03,12,60,fan_flow_mod,3,0,0,-0.00162866388645191,0,0,0,0,2,2,0.0780005259242514,0
ood_combo,DS03,12,60,HPC_eff_mod,4,0,0,-0.00324381942852311,0,0,0,0,2,2,0.0780005259242514,0
ood_combo,DS03,12,60,HPC_flow_mod,5,0,0,-0.00136504500868386,0,0,0,0,2,2,0.0780005259242514,0
ood_combo,DS03,12,60,LPT_eff_mod,6,0,-0.0511842560429882,-0.055232840574335,1,1,2,2,2,2,0.0780005259242514,0
ood_combo,DS03,12,60,LPT_flow_mod,7,0,-0.044582116209215,-0.0652682997394585,1,1,2,2,2,2,0.0780005259242514,0
ood_combo,DS03,12,60,LPC_eff_mod,8,0,0,-6.45270668971986e-05,0,0,0,0,2,2,0.0780005259242514,0
ood_combo,DS03,12,60,LPC_flow_mod,9,0,0,-0.00905669291731758,0,0,0,0,2,2,0.0780005259242514,0
ood_combo,DS03,12,61,HPT_eff_mod,1,0,-0.112408114334124,-0.0838791696282525,1,1,2,2,2,2,0.174927714483614,0
ood_combo,DS03,12,61,fan_eff_mod,2,0,0,-0.000262954809864258,0,0,0,0,2,2,0.174927714483614,0
ood_combo,DS03,12,61,fan_flow_mod,3,0,0,-0.00193077600135584,0,0,0,0,2,2,0.174927714483614,0
ood_combo,DS03,12,61,HPC_eff_mod,4,0,0,-0.00324381942852311,0,0,0,0,2,2,0.174927714483614,0
ood_combo,DS03,12,61,HPC_flow_mod,5,0,0,-0.00136504500868386,0,0,0,0,2,2,0.174927714483614,0
ood_combo,DS03,12,61,LPT_eff_mod,6,0,-0.0499867725077707,-0.055232840574335,1,1,2,2,2,2,0.174927714483614,0
ood_combo,DS03,12,61,LPT_flow_mod,7,0,-0.0487078067522103,-0.0652682997394585,1,1,2,2,2,2,0.174927714483614,0
ood_combo,DS03,12,61,LPC_eff_mod,8,0,0,-6.45270668971986e-05,0,0,0,0,2,2,0.174927714483614,0
ood_combo,DS03,12,61,LPC_flow_mod,9,0,0,-0.00969251435546548,0,0,0,0,2,2,0.174927714483614,0
ood_combo,DS03,12,62,HPT_eff_mod,1,0,-0.110598696942599,-0.0892344312182338,1,1,2,2,2,2,0.10037307638286,0
ood_combo,DS03,12,62,fan_eff_mod,2,0,0,-0.000262954809864258,0,0,0,0,2,2,0.10037307638286,0
ood_combo,DS03,12,62,fan_flow_mod,3,0,0,-0.00193077600135584,0,0,0,0,2,2,0.10037307638286,0
ood_combo,DS03,12,62,HPC_eff_mod,4,0,0,-0.00324381942852311,0,0,0,0,2,2,0.10037307638286,0
ood_combo,DS03,12,62,HPC_flow_mod,5,0,0,-0.00136504500868386,0,0,0,0,2,2,0.10037307638286,0
ood_combo,DS03,12,62,LPT_eff_mod,6,0,-0.051415890019587,-0.0642952359249425,1,1,2,2,2,2,0.10037307638286,0
ood_combo,DS03,12,62,LPT_flow_mod,7,0,-0.0582270241490834,-0.0652682997394585,1,1,2,2,2,2,0.10037307638286,0
ood_combo,DS03,12,62,LPC_eff_mod,8,0,0,-6.45270668971986e-05,0,0,0,0,2,2,0.10037307638286,0
ood_combo,DS03,12,62,LPC_flow_mod,9,0,0,-0.00969251435546548,0,0,0,0,2,2,0.10037307638286,0
ood_combo,DS03,12,63,HPT_eff_mod,1,0,-0.126599989757137,-0.0892344312182338,1,1,2,2,2,2,0.0907087352999999,0
ood_combo,DS03,12,63,fan_eff_mod,2,0,0,-0.000262954809864258,0,0,0,0,2,2,0.0907087352999999,0
ood_combo,DS03,12,63,fan_flow_mod,3,0,0,-0.00193077600135584,0,0,0,0,2,2,0.0907087352999999,0
ood_combo,DS03,12,63,HPC_eff_mod,4,0,0,-0.00324381942852311,0,0,0,0,2,2,0.0907087352999999,0
ood_combo,DS03,12,63,HPC_flow_mod,5,0,0,-0.00136504500868386,0,0,0,0,2,2,0.0907087352999999,0
ood_combo,DS03,12,63,LPT_eff_mod,6,0,-0.0493452833808397,-0.0642952359249425,1,1,2,2,2,2,0.0907087352999999,0
ood_combo,DS03,12,63,LPT_flow_mod,7,0,-0.0635645847592934,-0.0924564628263229,1,1,2,2,2,2,0.0907087352999999,0
ood_combo,DS03,12,63,LPC_eff_mod,8,0,0,-6.45270668971986e-05,0,0,0,0,2,2,0.0907087352999999,0
ood_combo,DS03,12,63,LPC_flow_mod,9,0,0,-0.00969251435546548,0,0,0,0,2,2,0.0907087352999999,0
ood_combo,DS03,12,64,HPT_eff_mod,1,0,-0.128933347207887,-0.0892344312182338,1,1,2,2,2,2,0.13353945011218,0
ood_combo,DS03,12,64,fan_eff_mod,2,0,0,-0.000262954809864258,0,0,0,0,2,2,0.13353945011218,0
ood_combo,DS03,12,64,fan_flow_mod,3,0,0,-0.00260498397192297,0,0,0,0,2,2,0.13353945011218,0
ood_combo,DS03,12,64,HPC_eff_mod,4,0,0,-0.00324381942852311,0,0,0,0,2,2,0.13353945011218,0
ood_combo,DS03,12,64,HPC_flow_mod,5,0,0,-0.00136504500868386,0,0,0,0,2,2,0.13353945011218,0
ood_combo,DS03,12,64,LPT_eff_mod,6,0,-0.0540531104078309,-0.0642952359249425,1,1,2,2,2,2,0.13353945011218,0
ood_combo,DS03,12,64,LPT_flow_mod,7,0,-0.0657236025627993,-0.0924564628263229,1,1,2,2,2,2,0.13353945011218,0
ood_combo,DS03,12,64,LPC_eff_mod,8,0,0,-6.45270668971986e-05,0,0,0,0,2,2,0.13353945011218,0
ood_combo,DS03,12,64,LPC_flow_mod,9,0,0,-0.0101825827750393,0,0,0,0,2,2,0.13353945011218,0
ood_combo,DS03,12,65,HPT_eff_mod,1,0,-0.133096553148086,-0.0892344312182338,1,1,2,2,2,2,0.15834697038138,0
ood_combo,DS03,12,65,fan_eff_mod,2,0,0,-0.000262954809864258,0,0,0,0,2,2,0.15834697038138,0
ood_combo,DS03,12,65,fan_flow_mod,3,0,0,-0.00260498397192297,0,0,0,0,2,2,0.15834697038138,0
ood_combo,DS03,12,65,HPC_eff_mod,4,0,0,-0.00324381942852311,0,0,0,0,2,2,0.15834697038138,0
ood_combo,DS03,12,65,HPC_flow_mod,5,0,0,-0.00136504500868386,0,0,0,0,2,2,0.15834697038138,0
ood_combo,DS03,12,65,LPT_eff_mod,6,0,-0.058231260226426,-0.0720173246069708,1,1,2,2,2,2,0.15834697038138,0
ood_combo,DS03,12,65,LPT_flow_mod,7,0,-0.0573358263668265,-0.0924564628263229,1,1,2,2,2,2,0.15834697038138,0
ood_combo,DS03,12,65,LPC_eff_mod,8,0,0,-6.45270668971986e-05,0,0,0,0,2,2,0.15834697038138,0
ood_combo,DS03,12,65,LPC_flow_mod,9,0,0,-0.0101825827750393,0,1,0,1,2,2,0.15834697038138,0
ood_combo,DS03,12,66,HPT_eff_mod,1,0,-0.141391552954921,-0.107177090112443,1,1,2,2,2,2,0.158684502047544,0
ood_combo,DS03,12,66,fan_eff_mod,2,0,0,-0.000262954809864258,0,0,0,0,2,2,0.158684502047544,0
ood_combo,DS03,12,66,fan_flow_mod,3,0,0,-0.00260498397192297,0,0,0,0,2,2,0.158684502047544,0
ood_combo,DS03,12,66,HPC_eff_mod,4,0,0,-0.00324381942852311,0,0,0,0,2,2,0.158684502047544,0
ood_combo,DS03,12,66,HPC_flow_mod,5,0,0,-0.00136504500868386,0,0,0,0,2,2,0.158684502047544,0
ood_combo,DS03,12,66,LPT_eff_mod,6,0,-0.0557830639008226,-0.0752713434420349,1,1,2,2,2,2,0.158684502047544,0
ood_combo,DS03,12,66,LPT_flow_mod,7,0,-0.0692280713460924,-0.0924564628263229,1,1,2,2,2,2,0.158684502047544,0
ood_combo,DS03,12,66,LPC_eff_mod,8,0,0,-6.45270668971986e-05,0,0,0,0,2,2,0.158684502047544,0
ood_combo,DS03,12,66,LPC_flow_mod,9,0,0,-0.0101825827750393,0,1,0,1,2,2,0.158684502047544,0
ood_combo,DS03,12,67,HPT_eff_mod,1,0,-0.145165404667287,-0.108660143477297,1,1,2,2,2,2,0.0771368773817949,0
ood_combo,DS03,12,67,fan_eff_mod,2,0,0,-0.000262954809864258,0,0,0,0,2,2,0.0771368773817949,0
ood_combo,DS03,12,67,fan_flow_mod,3,0,0,-0.00260498397192297,0,0,0,0,2,2,0.0771368773817949,0
ood_combo,DS03,12,67,HPC_eff_mod,4,0,0,-0.006879590180966,0,0,0,0,2,2,0.0771368773817949,0
ood_combo,DS03,12,67,HPC_flow_mod,5,0,0,-0.00136504500868386,0,0,0,0,2,2,0.0771368773817949,0
ood_combo,DS03,12,67,LPT_eff_mod,6,0,-0.0606861534252305,-0.0752713434420349,1,1,2,2,2,2,0.0771368773817949,0
ood_combo,DS03,12,67,LPT_flow_mod,7,0,-0.0754914827875057,-0.0924564628263229,1,1,2,2,2,2,0.0771368773817949,0
ood_combo,DS03,12,67,LPC_eff_mod,8,0,0,-6.45270668971986e-05,0,0,0,0,2,2,0.0771368773817949,0
ood_combo,DS03,12,67,LPC_flow_mod,9,0,0,-0.0101825827750393,0,1,0,1,2,2,0.0771368773817949,0
ood_combo,DS03,12,68,HPT_eff_mod,1,0,-0.157000830414315,-0.117805086093127,1,1,3,2,3,2,0.118875150763484,0
ood_combo,DS03,12,68,fan_eff_mod,2,0,0,-0.000262954809864258,0,0,0,0,3,2,0.118875150763484,0
ood_combo,DS03,12,68,fan_flow_mod,3,0,0,-0.00268523071560724,0,0,0,0,3,2,0.118875150763484,0
ood_combo,DS03,12,68,HPC_eff_mod,4,0,0,-0.006879590180966,0,0,0,0,3,2,0.118875150763484,0
ood_combo,DS03,12,68,HPC_flow_mod,5,0,0,-0.00136504500868386,0,0,0,0,3,2,0.118875150763484,0
ood_combo,DS03,12,68,LPT_eff_mod,6,0,-0.0662273922483678,-0.0752713434420349,1,1,2,2,3,2,0.118875150763484,0
ood_combo,DS03,12,68,LPT_flow_mod,7,0,-0.085722311960357,-0.106209876995063,1,1,2,2,3,2,0.118875150763484,0
ood_combo,DS03,12,68,LPC_eff_mod,8,0,0,-6.45270668971986e-05,0,0,0,0,3,2,0.118875150763484,0
ood_combo,DS03,12,68,LPC_flow_mod,9,0,0,-0.0101825827750393,0,1,0,1,3,2,0.118875150763484,0
ood_combo,DS03,12,69,HPT_eff_mod,1,0,-0.169173949575356,-0.117805086093127,1,1,3,2,3,2,0.156895850238558,0
ood_combo,DS03,12,69,fan_eff_mod,2,0,0,-0.000262954809864258,0,0,0,0,3,2,0.156895850238558,0
ood_combo,DS03,12,69,fan_flow_mod,3,0,0,-0.00268523071560724,0,0,0,0,3,2,0.156895850238558,0
ood_combo,DS03,12,69,HPC_eff_mod,4,0,0,-0.006879590180966,0,0,0,0,3,2,0.156895850238558,0
ood_combo,DS03,12,69,HPC_flow_mod,5,0,0,-0.00136504500868386,0,0,0,0,3,2,0.156895850238558,0
ood_combo,DS03,12,69,LPT_eff_mod,6,0,-0.0687260619457781,-0.0813990037962513,1,1,2,2,3,2,0.156895850238558,0
ood_combo,DS03,12,69,LPT_flow_mod,7,0,-0.0686510632062385,-0.106209876995063,1,1,2,2,3,2,0.156895850238558,0
ood_combo,DS03,12,69,LPC_eff_mod,8,0,0,-6.45270668971986e-05,0,0,0,0,3,2,0.156895850238558,0
ood_combo,DS03,12,69,LPC_flow_mod,9,0,0,-0.0101825827750393,0,1,0,1,3,2,0.156895850238558,0
ood_combo,DS03,12,70,HPT_eff_mod,1,0,-0.180796426074358,-0.133663156283763,1,1,3,2,3,2,0.118140102490351,0
ood_combo,DS03,12,70,fan_eff_mod,2,0,0,-0.000262954809864258,0,0,0,0,3,2,0.118140102490351,0
ood_combo,DS03,12,70,fan_flow_mod,3,0,0,-0.00268523071560724,0,0,0,0,3,2,0.118140102490351,0
ood_combo,DS03,12,70,HPC_eff_mod,4,0,0,-0.0091803218416475,0,0,0,0,3,2,0.118140102490351,0
ood_combo,DS03,12,70,HPC_flow_mod,5,0,0,-0.00136504500868386,0,0,0,0,3,2,0.118140102490351,0
ood_combo,DS03,12,70,LPT_eff_mod,6,0,-0.0717791515373919,-0.0813990037962513,1,1,2,2,3,2,0.118140102490351,0
ood_combo,DS03,12,70,LPT_flow_mod,7,0,-0.083673523656113,-0.112276507188361,1,1,2,2,3,2,0.118140102490351,0
ood_combo,DS03,12,70,LPC_eff_mod,8,0,0,-6.45270668971986e-05,0,0,0,0,3,2,0.118140102490351,0
ood_combo,DS03,12,70,LPC_flow_mod,9,0,0,-0.0101825827750393,0,1,0,1,3,2,0.118140102490351,0
ood_combo,DS03,12,71,HPT_eff_mod,1,0,-0.186192248107221,-0.133663156283763,1,1,3,2,3,2,0.124409195591465,0
ood_combo,DS03,12,71,fan_eff_mod,2,0,0,-0.000262954809864258,0,0,0,0,3,2,0.124409195591465,0
ood_combo,DS03,12,71,fan_flow_mod,3,0,0,-0.00268523071560724,0,0,0,0,3,2,0.124409195591465,0
ood_combo,DS03,12,71,HPC_eff_mod,4,0,0,-0.0091803218416475,0,0,0,0,3,2,0.124409195591465,0
ood_combo,DS03,12,71,HPC_flow_mod,5,0,0,-0.00136504500868386,0,0,0,0,3,2,0.124409195591465,0
ood_combo,DS03,12,71,LPT_eff_mod,6,0,-0.0741858323429948,-0.0869436621850013,1,1,2,2,3,2,0.124409195591465,0
ood_combo,DS03,12,71,LPT_flow_mod,7,0,-0.0841670001112744,-0.112276507188361,1,1,2,2,3,2,0.124409195591465,0
ood_combo,DS03,12,71,LPC_eff_mod,8,0,0,-6.45270668971986e-05,0,0,0,0,3,2,0.124409195591465,0
ood_combo,DS03,12,71,LPC_flow_mod,9,0,0,-0.0101825827750393,0,1,0,1,3,2,0.124409195591465,0
ood_combo,DS03,12,72,HPT_eff_mod,1,0,-0.188546465708909,-0.142159058397274,1,1,3,2,3,2,0.128474545090645,0
ood_combo,DS03,12,72,fan_eff_mod,2,0,0,-0.000262954809864258,0,0,0,0,3,2,0.128474545090645,0
ood_combo,DS03,12,72,fan_flow_mod,3,0,0,-0.00268523071560724,0,0,0,0,3,2,0.128474545090645,0
ood_combo,DS03,12,72,HPC_eff_mod,4,0,0,-0.0091803218416475,0,0,0,0,3,2,0.128474545090645,0
ood_combo,DS03,12,72,HPC_flow_mod,5,0,0,-0.00136504500868386,0,0,0,0,3,2,0.128474545090645,0
ood_combo,DS03,12,72,LPT_eff_mod,6,0,-0.079070514258128,-0.0869436621850013,1,1,2,2,3,2,0.128474545090645,0
ood_combo,DS03,12,72,LPT_flow_mod,7,0,-0.093381644283105,-0.122244663680378,1,1,2,2,3,2,0.128474545090645,0
ood_combo,DS03,12,72,LPC_eff_mod,8,0,0,-6.45270668971986e-05,0,0,0,0,3,2,0.128474545090645,0
ood_combo,DS03,12,72,LPC_flow_mod,9,0,0,-0.0101825827750393,0,1,0,1,3,2,0.128474545090645,0
ood_combo,DS03,12,73,HPT_eff_mod,1,0,-0.196638380319263,-0.152314432486513,1,1,3,3,3,3,0.0962249658473969,0
ood_combo,DS03,12,73,fan_eff_mod,2,0,0,-0.000262954809864258,0,0,0,0,3,3,0.0962249658473969,0
ood_combo,DS03,12,73,fan_flow_mod,3,0,0,-0.00268523071560724,0,0,0,0,3,3,0.0962249658473969,0
ood_combo,DS03,12,73,HPC_eff_mod,4,0,0,-0.0091803218416475,0,0,0,0,3,3,0.0962249658473969,0
ood_combo,DS03,12,73,HPC_flow_mod,5,0,0,-0.00136504500868386,0,0,0,0,3,3,0.0962249658473969,0
ood_combo,DS03,12,73,LPT_eff_mod,6,0,-0.0788697940984346,-0.0925282067369578,1,1,2,2,3,3,0.0962249658473969,0
ood_combo,DS03,12,73,LPT_flow_mod,7,0,-0.101208547976524,-0.122244663680378,1,1,2,2,3,3,0.0962249658473969,0
ood_combo,DS03,12,73,LPC_eff_mod,8,0,0,-6.45270668971986e-05,0,0,0,0,3,3,0.0962249658473969,0
ood_combo,DS03,12,73,LPC_flow_mod,9,0,0,-0.0101825827750393,0,1,0,1,3,3,0.0962249658473969,0
ood_combo,DS03,12,74,HPT_eff_mod,1,0,-0.22205966148286,-0.165652420524219,1,1,3,3,3,3,0.121226969798774,0
ood_combo,DS03,12,74,fan_eff_mod,2,0,0,-0.000262954809864258,0,0,0,0,3,3,0.121226969798774,0
ood_combo,DS03,12,74,fan_flow_mod,3,0,0,-0.00268523071560724,0,0,0,0,3,3,0.121226969798774,0
ood_combo,DS03,12,74,HPC_eff_mod,4,0,0,-0.0091803218416475,0,0,0,0,3,3,0.121226969798774,0
ood_combo,DS03,12,74,HPC_flow_mod,5,0,0,-0.00136504500868386,0,0,0,0,3,3,0.121226969798774,0
ood_combo,DS03,12,74,LPT_eff_mod,6,0,-0.0867500882636153,-0.0984959863021429,1,1,2,2,3,3,0.121226969798774,0
ood_combo,DS03,12,74,LPT_flow_mod,7,0,-0.0938868408027743,-0.122244663680378,1,1,2,2,3,3,0.121226969798774,0
ood_combo,DS03,12,74,LPC_eff_mod,8,0,0,-6.45270668971986e-05,0,0,0,0,3,3,0.121226969798774,0
ood_combo,DS03,12,74,LPC_flow_mod,9,0,0,-0.0101825827750393,0,1,0,1,3,3,0.121226969798774,0
ood_combo,DS03,12,75,HPT_eff_mod,1,0,-0.233974322506021,-0.190322636699948,1,1,3,3,3,3,0.135527876924314,0
ood_combo,DS03,12,75,fan_eff_mod,2,0,0,-0.000262954809864258,0,0,0,0,3,3,0.135527876924314,0
ood_combo,DS03,12,75,fan_flow_mod,3,0,0,-0.00268523071560724,0,0,0,0,3,3,0.135527876924314,0
ood_combo,DS03,12,75,HPC_eff_mod,4,0,0,-0.0091803218416475,0,0,0,0,3,3,0.135527876924314,0
ood_combo,DS03,12,75,HPC_flow_mod,5,0,0,-0.00148818397446555,0,0,0,0,3,3,0.135527876924314,0
ood_combo,DS03,12,75,LPT_eff_mod,6,0,-0.0875024294110428,-0.10285205750643,1,1,2,2,3,3,0.135527876924314,0
ood_combo,DS03,12,75,LPT_flow_mod,7,0,-0.113815117902912,-0.122244663680378,1,1,2,2,3,3,0.135527876924314,0
ood_combo,DS03,12,75,LPC_eff_mod,8,0,0,-6.45270668971986e-05,0,0,0,0,3,3,0.135527876924314,0
ood_combo,DS03,12,75,LPC_flow_mod,9,0,0,-0.0101825827750393,0,1,0,1,3,3,0.135527876924314,0
ood_combo,DS03,12,76,HPT_eff_mod,1,0,-0.235166082200984,-0.190322636699948,1,1,3,3,3,3,0.138087284909591,0
ood_combo,DS03,12,76,fan_eff_mod,2,0,0,-0.000262954809864258,0,0,0,0,3,3,0.138087284909591,0
ood_combo,DS03,12,76,fan_flow_mod,3,0,0,-0.00268523071560724,0,0,0,0,3,3,0.138087284909591,0
ood_combo,DS03,12,76,HPC_eff_mod,4,0,0,-0.0091803218416475,0,0,0,0,3,3,0.138087284909591,0
ood_combo,DS03,12,76,HPC_flow_mod,5,0,0,-0.00148818397446555,0,0,0,0,3,3,0.138087284909591,0
ood_combo,DS03,12,76,LPT_eff_mod,6,0,-0.0933231255673436,-0.10285205750643,1,1,2,2,3,3,0.138087284909591,0
ood_combo,DS03,12,76,LPT_flow_mod,7,0,-0.100530188845326,-0.122800619269741,1,1,2,2,3,3,0.138087284909591,0
ood_combo,DS03,12,76,LPC_eff_mod,8,0,0,-6.45270668971986e-05,0,0,0,0,3,3,0.138087284909591,0
ood_combo,DS03,12,76,LPC_flow_mod,9,0,0,-0.0101825827750393,0,1,0,1,3,3,0.138087284909591,0
ood_combo,DS03,12,77,HPT_eff_mod,1,0,-0.251273135648836,-0.20702824693888,1,1,3,3,3,3,0.17800883513586,0
ood_combo,DS03,12,77,fan_eff_mod,2,0,0,-0.000262954809864258,0,0,0,0,3,3,0.17800883513586,0
ood_combo,DS03,12,77,fan_flow_mod,3,0,0,-0.00268523071560724,0,0,0,0,3,3,0.17800883513586,0
ood_combo,DS03,12,77,HPC_eff_mod,4,0,0,-0.0091803218416475,0,0,0,0,3,3,0.17800883513586,0
ood_combo,DS03,12,77,HPC_flow_mod,5,0,0,-0.00148818397446555,0,0,0,0,3,3,0.17800883513586,0
ood_combo,DS03,12,77,LPT_eff_mod,6,0,-0.0983025949082349,-0.114185862938622,1,1,2,2,3,3,0.17800883513586,0
ood_combo,DS03,12,77,LPT_flow_mod,7,0,-0.101602219124268,-0.122800619269741,1,1,2,2,3,3,0.17800883513586,0
ood_combo,DS03,12,77,LPC_eff_mod,8,0,0,-6.45270668971986e-05,0,0,0,0,3,3,0.17800883513586,0
ood_combo,DS03,12,77,LPC_flow_mod,9,0,0,-0.0101825827750393,0,1,0,1,3,3,0.17800883513586,0
ood_combo,DS03,12,78,HPT_eff_mod,1,0,-0.266006486341893,-0.211277492924641,1,1,3,3,3,3,0.222910658403747,0
ood_combo,DS03,12,78,fan_eff_mod,2,0,0,-0.000262954809864258,0,0,0,0,3,3,0.222910658403747,0
ood_combo,DS03,12,78,fan_flow_mod,3,0,0,-0.00268523071560724,0,0,0,0,3,3,0.222910658403747,0
ood_combo,DS03,12,78,HPC_eff_mod,4,0,0,-0.0091803218416475,0,0,0,0,3,3,0.222910658403747,0
ood_combo,DS03,12,78,HPC_flow_mod,5,0,0,-0.00148818397446555,0,0,0,0,3,3,0.222910658403747,0
ood_combo,DS03,12,78,LPT_eff_mod,6,0,-0.108431509452646,-0.114185862938622,1,1,2,2,3,3,0.222910658403747,0
ood_combo,DS03,12,78,LPT_flow_mod,7,0,-0.121356038198042,-0.155001003044843,1,1,2,3,3,3,0.222910658403747,0
ood_combo,DS03,12,78,LPC_eff_mod,8,0,0,-6.45270668971986e-05,0,0,0,0,3,3,0.222910658403747,0
ood_combo,DS03,12,78,LPC_flow_mod,9,0,0,-0.0101825827750393,0,1,0,1,3,3,0.222910658403747,0
ood_combo,DS03,12,79,HPT_eff_mod,1,0,-0.280075745846054,-0.211277492924641,1,1,3,3,3,3,0.124410191898923,0
ood_combo,DS03,12,79,fan_eff_mod,2,0,0,-0.000262954809864258,0,0,0,0,3,3,0.124410191898923,0
ood_combo,DS03,12,79,fan_flow_mod,3,0,0,-0.00268523071560724,0,0,0,0,3,3,0.124410191898923,0
ood_combo,DS03,12,79,HPC_eff_mod,4,0,0,-0.0091803218416475,0,0,0,0,3,3,0.124410191898923,0
ood_combo,DS03,12,79,HPC_flow_mod,5,0,0,-0.00148818397446555,0,0,0,0,3,3,0.124410191898923,0
ood_combo,DS03,12,79,LPT_eff_mod,6,0,-0.105673207491876,-0.124270594822694,1,1,2,2,3,3,0.124410191898923,0
ood_combo,DS03,12,79,LPT_flow_mod,7,0,-0.117047382719906,-0.155001003044843,1,1,2,3,3,3,0.124410191898923,0
ood_combo,DS03,12,79,LPC_eff_mod,8,0,0,-6.45270668971986e-05,0,0,0,0,3,3,0.124410191898923,0
ood_combo,DS03,12,79,LPC_flow_mod,9,0,0,-0.0101825827750393,0,1,0,1,3,3,0.124410191898923,0
ood_combo,DS03,12,80,HPT_eff_mod,1,0,-0.289983091596294,-0.237667854477129,1,1,3,3,3,3,0.152308734189202,0
ood_combo,DS03,12,80,fan_eff_mod,2,0,0,-0.000262954809864258,0,0,0,0,3,3,0.152308734189202,0
ood_combo,DS03,12,80,fan_flow_mod,3,0,0,-0.00268523071560724,0,0,0,0,3,3,0.152308734189202,0
ood_combo,DS03,12,80,HPC_eff_mod,4,0,0,-0.0091803218416475,0,0,0,0,3,3,0.152308734189202,0
ood_combo,DS03,12,80,HPC_flow_mod,5,0,0,-0.00148818397446555,0,0,0,0,3,3,0.152308734189202,0
ood_combo,DS03,12,80,LPT_eff_mod,6,0,-0.112594251134938,-0.129370987550102,1,1,2,2,3,3,0.152308734189202,0
ood_combo,DS03,12,80,LPT_flow_mod,7,0,-0.128637067114875,-0.155001003044843,1,1,2,3,3,3,0.152308734189202,0
ood_combo,DS03,12,80,LPC_eff_mod,8,0,0,-0.000439187457552621,0,0,0,0,3,3,0.152308734189202,0
ood_combo,DS03,12,80,LPC_flow_mod,9,0,0,-0.0101825827750393,0,1,0,1,3,3,0.152308734189202,0
ood_combo,DS03,12,81,HPT_eff_mod,1,0,-0.313533904861202,-0.266043788782555,1,1,3,3,3,3,0.121005189233562,0
ood_combo,DS03,12,81,fan_eff_mod,2,0,0,-0.000262954809864258,0,0,0,0,3,3,0.121005189233562,0
ood_combo,DS03,12,81,fan_flow_mod,3,0,0,-0.00268523071560724,0,0,0,0,3,3,0.121005189233562,0
ood_combo,DS03,12,81,HPC_eff_mod,4,0,0,-0.0091803218416475,0,0,0,0,3,3,0.121005189233562,0
ood_combo,DS03,12,81,HPC_flow_mod,5,0,0,-0.00148818397446555,0,0,0,0,3,3,0.121005189233562,0
ood_combo,DS03,12,81,LPT_eff_mod,6,0,-0.118149300611271,-0.129370987550102,1,1,2,2,3,3,0.121005189233562,0
ood_combo,DS03,12,81,LPT_flow_mod,7,0,-0.138495394701793,-0.15645349096352,1,1,2,3,3,3,0.121005189233562,0
ood_combo,DS03,12,81,LPC_eff_mod,8,0,0,-0.000439187457552621,0,0,0,0,3,3,0.121005189233562,0
ood_combo,DS03,12,81,LPC_flow_mod,9,0,0,-0.0101825827750393,0,1,0,1,3,3,0.121005189233562,0
ood_combo,DS03,12,82,HPT_eff_mod,1,0,-0.334378853263132,-0.269774022817273,1,1,3,3,3,3,0.101837333144575,0
ood_combo,DS03,12,82,fan_eff_mod,2,0,0,-0.000262954809864258,0,0,0,0,3,3,0.101837333144575,0
ood_combo,DS03,12,82,fan_flow_mod,3,0,0,-0.00268523071560724,0,0,0,0,3,3,0.101837333144575,0
ood_combo,DS03,12,82,HPC_eff_mod,4,0,0,-0.0110615602138472,0,0,0,0,3,3,0.101837333144575,0
ood_combo,DS03,12,82,HPC_flow_mod,5,0,0,-0.00164211777844117,0,0,0,0,3,3,0.101837333144575,0
ood_combo,DS03,12,82,LPT_eff_mod,6,0,-0.119443058460526,-0.136709374819678,1,1,2,2,3,3,0.101837333144575,0
ood_combo,DS03,12,82,LPT_flow_mod,7,0,-0.124382675947669,-0.15645349096352,1,1,2,3,3,3,0.101837333144575,0
ood_combo,DS03,12,82,LPC_eff_mod,8,0,0,-0.000439187457552621,0,0,0,0,3,3,0.101837333144575,0
ood_combo,DS03,12,82,LPC_flow_mod,9,0,0,-0.0101825827750393,0,1,0,1,3,3,0.101837333144575,0
ood_combo,DS03,12,83,HPT_eff_mod,1,0,-0.35258666894747,-0.296192127187843,1,1,3,3,3,3,0.125812815068296,0
ood_combo,DS03,12,83,fan_eff_mod,2,0,0,-0.000262954809864258,0,0,0,0,3,3,0.125812815068296,0
ood_combo,DS03,12,83,fan_flow_mod,3,0,0,-0.00268523071560724,0,0,0,0,3,3,0.125812815068296,0
ood_combo,DS03,12,83,HPC_eff_mod,4,0,0,-0.0110615602138472,0,0,0,0,3,3,0.125812815068296,0
ood_combo,DS03,12,83,HPC_flow_mod,5,0,0,-0.00223127447840964,0,0,0,0,3,3,0.125812815068296,0
ood_combo,DS03,12,83,LPT_eff_mod,6,0,-0.127455069702252,-0.146657556914979,1,1,2,3,3,3,0.125812815068296,0
ood_combo,DS03,12,83,LPT_flow_mod,7,0,-0.139198727523672,-0.15645349096352,1,1,2,3,3,3,0.125812815068296,0
ood_combo,DS03,12,83,LPC_eff_mod,8,0,0,-0.000439187457552621,0,0,0,0,3,3,0.125812815068296,0
ood_combo,DS03,12,83,LPC_flow_mod,9,0,0,-0.0101825827750393,0,1,0,1,3,3,0.125812815068296,0
ood_combo,DS03,12,84,HPT_eff_mod,1,0,-0.367666800014287,-0.314596081324747,1,1,3,3,3,3,0.130573887255349,0
ood_combo,DS03,12,84,fan_eff_mod,2,0,0,-0.000262954809864258,0,0,0,0,3,3,0.130573887255349,0
ood_combo,DS03,12,84,fan_flow_mod,3,0,0,-0.00268523071560724,0,0,0,0,3,3,0.130573887255349,0
ood_combo,DS03,12,84,HPC_eff_mod,4,0,0,-0.0131231766649742,0,0,0,0,3,3,0.130573887255349,0
ood_combo,DS03,12,84,HPC_flow_mod,5,0,0,-0.00223127447840964,0,0,0,0,3,3,0.130573887255349,0
ood_combo,DS03,12,84,LPT_eff_mod,6,0,-0.135900737408961,-0.146657556914979,1,1,2,3,3,3,0.130573887255349,0
ood_combo,DS03,12,84,LPT_flow_mod,7,0,-0.158273276100864,-0.185020055949323,1,1,3,3,3,3,0.130573887255349,0
ood_combo,DS03,12,84,LPC_eff_mod,8,0,0,-0.000439187457552621,0,0,0,0,3,3,0.130573887255349,0
ood_combo,DS03,12,84,LPC_flow_mod,9,0,0,-0.0101825827750393,0,1,0,1,3,3,0.130573887255349,0
ood_combo,DS03,12,85,HPT_eff_mod,1,0,-0.386289785741422,-0.318437774124078,1,1,3,3,3,3,0.115214367176697,0
ood_combo,DS03,12,85,fan_eff_mod,2,0,0,-0.000262954809864258,0,0,0,0,3,3,0.115214367176697,0
ood_combo,DS03,12,85,fan_flow_mod,3,0,0,-0.00268523071560724,0,0,0,0,3,3,0.115214367176697,0
ood_combo,DS03,12,85,HPC_eff_mod,4,0,0,-0.0131231766649742,0,0,0,0,3,3,0.115214367176697,0
ood_combo,DS03,12,85,HPC_flow_mod,5,0,0,-0.00223127447840964,0,0,0,0,3,3,0.115214367176697,0
ood_combo,DS03,12,85,LPT_eff_mod,6,0,-0.136038159678384,-0.156921162784575,1,1,2,3,3,3,0.115214367176697,0
ood_combo,DS03,12,85,LPT_flow_mod,7,0,-0.16057464851972,-0.185020055949323,1,1,3,3,3,3,0.115214367176697,0
ood_combo,DS03,12,85,LPC_eff_mod,8,0,0,-0.000439187457552621,0,0,0,0,3,3,0.115214367176697,0
ood_combo,DS03,12,85,LPC_flow_mod,9,0,0,-0.0101825827750393,0,1,0,1,3,3,0.115214367176697,0
ood_combo,DS03,12,86,HPT_eff_mod,1,0,-0.410085238405015,-0.32851385450193,1,1,3,3,3,3,0.243121211761041,0
ood_combo,DS03,12,86,fan_eff_mod,2,0,0,-0.000262954809864258,0,0,0,0,3,3,0.243121211761041,0
ood_combo,DS03,12,86,fan_flow_mod,3,0,0,-0.00268523071560724,0,0,0,0,3,3,0.243121211761041,0
ood_combo,DS03,12,86,HPC_eff_mod,4,0,0,-0.017313223996044,0,0,0,0,3,3,0.243121211761041,0
ood_combo,DS03,12,86,HPC_flow_mod,5,0,0,-0.00223127447840964,0,0,0,0,3,3,0.243121211761041,0
ood_combo,DS03,12,86,LPT_eff_mod,6,0,-0.143155868907008,-0.156921162784575,1,1,2,3,3,3,0.243121211761041,0
ood_combo,DS03,12,86,LPT_flow_mod,7,0,-0.175390957131044,-0.234747370932285,1,1,3,3,3,3,0.243121211761041,0
ood_combo,DS03,12,86,LPC_eff_mod,8,0,0,-0.000439187457552621,0,0,0,0,3,3,0.243121211761041,0
ood_combo,DS03,12,86,LPC_flow_mod,9,0,0,-0.0101825827750393,0,1,0,1,3,3,0.243121211761041,0
ood_combo,DS03,12,87,HPT_eff_mod,1,0,-0.436826657197074,-0.343887641411129,1,1,3,3,3,3,0.249000142372745,0
ood_combo,DS03,12,87,fan_eff_mod,2,0,0,-0.000262954809864258,0,0,0,0,3,3,0.249000142372745,0
ood_combo,DS03,12,87,fan_flow_mod,3,0,0,-0.00268523071560724,0,0,0,0,3,3,0.249000142372745,0
ood_combo,DS03,12,87,HPC_eff_mod,4,0,0,-0.0177125930406236,0,0,0,0,3,3,0.249000142372745,0
ood_combo,DS03,12,87,HPC_flow_mod,5,0,0,-0.00223127447840964,0,0,0,0,3,3,0.249000142372745,0
ood_combo,DS03,12,87,LPT_eff_mod,6,0,-0.155344001520171,-0.188306977065781,1,1,3,3,3,3,0.249000142372745,0
ood_combo,DS03,12,87,LPT_flow_mod,7,0,-0.172064654100316,-0.234747370932285,1,1,3,3,3,3,0.249000142372745,0
ood_combo,DS03,12,87,LPC_eff_mod,8,0,0,-0.00407664569177529,0,0,0,0,3,3,0.249000142372745,0
ood_combo,DS03,12,87,LPC_flow_mod,9,0,0,-0.0101825827750393,0,1,0,1,3,3,0.249000142372745,0
ood_combo,DS03,12,88,HPT_eff_mod,1,0,-0.45715569044767,-0.343887641411129,1,1,3,3,3,3,0.192081829036908,0
ood_combo,DS03,12,88,fan_eff_mod,2,0,0,-0.000262954809864258,0,0,0,0,3,3,0.192081829036908,0
ood_combo,DS03,12,88,fan_flow_mod,3,0,0,-0.00305780648786931,0,0,0,0,3,3,0.192081829036908,0
ood_combo,DS03,12,88,HPC_eff_mod,4,0,0,-0.021752732690075,0,0,0,0,3,3,0.192081829036908,0
ood_combo,DS03,12,88,HPC_flow_mod,5,0,0,-0.00223127447840964,0,0,0,0,3,3,0.192081829036908,0
ood_combo,DS03,12,88,LPT_eff_mod,6,0,-0.157498719037227,-0.188306977065781,1,1,3,3,3,3,0.192081829036908,0
ood_combo,DS03,12,88,LPT_flow_mod,7,0,-0.183753944077126,-0.262712997025217,1,1,3,3,3,3,0.192081829036908,0
ood_combo,DS03,12,88,LPC_eff_mod,8,0,0,-0.00407664569177529,0,0,0,0,3,3,0.192081829036908,0
ood_combo,DS03,12,88,LPC_flow_mod,9,0,0,-0.0207886325960282,0,1,0,1,3,3,0.192081829036908,0
ood_combo,DS03,12,89,HPT_eff_mod,1,0,-0.4848812970519,-0.379309832445522,1,1,3,3,3,3,0.140042961273367,0
ood_combo,DS03,12,89,fan_eff_mod,2,0,0,-0.000262954809864258,0,0,0,0,3,3,0.140042961273367,0
ood_combo,DS03,12,89,fan_flow_mod,3,0,0,-0.00305780648786931,0,0,0,0,3,3,0.140042961273367,0
ood_combo,DS03,12,89,HPC_eff_mod,4,0,0,-0.021752732690075,0,0,0,0,3,3,0.140042961273367,0
ood_combo,DS03,12,89,HPC_flow_mod,5,0,0,-0.00223127447840964,0,0,0,0,3,3,0.140042961273367,0
ood_combo,DS03,12,89,LPT_eff_mod,6,0,-0.167852601891362,-0.201775258376414,1,1,3,3,3,3,0.140042961273367,0
ood_combo,DS03,12,89,LPT_flow_mod,7,0,-0.193089239550393,-0.262712997025217,1,1,3,3,3,3,0.140042961273367,0
ood_combo,DS03,12,89,LPC_eff_mod,8,0,0,-0.00407664569177529,0,0,0,0,3,3,0.140042961273367,0
ood_combo,DS03,12,89,LPC_flow_mod,9,0,0,-0.0207886325960282,0,1,0,1,3,3,0.140042961273367,0
ood_combo,DS03,12,90,HPT_eff_mod,1,0,-0.517699021754315,-0.402585404658177,1,1,3,3,3,3,0.190631128928664,0
ood_combo,DS03,12,90,fan_eff_mod,2,0,0,-0.000262954809864258,0,0,0,0,3,3,0.190631128928664,0
ood_combo,DS03,12,90,fan_flow_mod,3,0,0,-0.00305780648786931,0,0,0,0,3,3,0.190631128928664,0
ood_combo,DS03,12,90,HPC_eff_mod,4,0,0,-0.021752732690075,0,1,0,1,3,3,0.190631128928664,0
ood_combo,DS03,12,90,HPC_flow_mod,5,0,0,-0.00223127447840964,0,0,0,0,3,3,0.190631128928664,0
ood_combo,DS03,12,90,LPT_eff_mod,6,0,-0.1710775018486,-0.201775258376414,1,1,3,3,3,3,0.190631128928664,0
ood_combo,DS03,12,90,LPT_flow_mod,7,0,-0.195828441979062,-0.280888679752631,1,1,3,3,3,3,0.190631128928664,0
ood_combo,DS03,12,90,LPC_eff_mod,8,0,0,-0.00407664569177529,0,0,0,0,3,3,0.190631128928664,0
ood_combo,DS03,12,90,LPC_flow_mod,9,0,0,-0.0255649038999217,0,1,0,1,3,3,0.190631128928664,0
ood_combo,DS03,12,91,HPT_eff_mod,1,0,-0.541863391005204,-0.423973168082783,1,1,3,3,3,3,0.148104524857673,0
ood_combo,DS03,12,91,fan_eff_mod,2,0,0,-0.000262954809864258,0,0,0,0,3,3,0.148104524857673,0
ood_combo,DS03,12,91,fan_flow_mod,3,0,0,-0.00305780648786931,0,0,0,0,3,3,0.148104524857673,0
ood_combo,DS03,12,91,HPC_eff_mod,4,0,0,-0.0259699620597183,0,1,0,1,3,3,0.148104524857673,0
ood_combo,DS03,12,91,HPC_flow_mod,5,0,0,-0.00223127447840964,0,0,0,0,3,3,0.148104524857673,0
ood_combo,DS03,12,91,LPT_eff_mod,6,0,-0.186014420476335,-0.225119008126597,1,1,3,3,3,3,0.148104524857673,0
ood_combo,DS03,12,91,LPT_flow_mod,7,0,-0.200222291566302,-0.280888679752631,1,1,3,3,3,3,0.148104524857673,0
ood_combo,DS03,12,91,LPC_eff_mod,8,0,0,-0.00850063563369456,0,0,0,0,3,3,0.148104524857673,0
ood_combo,DS03,12,91,LPC_flow_mod,9,0,0,-0.0255649038999217,0,1,0,1,3,3,0.148104524857673,0
ood_combo,DS03,12,92,HPT_eff_mod,1,0,-0.56929697617534,-0.423973168082783,1,1,3,3,3,3,0.151283461610488,0
ood_combo,DS03,12,92,fan_eff_mod,2,0,0,-0.000262954809864258,0,0,0,0,3,3,0.151283461610488,0
ood_combo,DS03,12,92,fan_flow_mod,3,0,0,-0.00305780648786931,0,1,0,1,3,3,0.151283461610488,0
ood_combo,DS03,12,92,HPC_eff_mod,4,0,0,-0.0259699620597183,0,1,0,1,3,3,0.151283461610488,0
ood_combo,DS03,12,92,HPC_flow_mod,5,0,0,-0.00223127447840964,0,0,0,0,3,3,0.151283461610488,0
ood_combo,DS03,12,92,LPT_eff_mod,6,0,-0.193252342074056,-0.248584060373177,1,1,3,3,3,3,0.151283461610488,0
ood_combo,DS03,12,92,LPT_flow_mod,7,0,-0.211383346668997,-0.325897579352097,1,1,3,3,3,3,0.151283461610488,0
ood_combo,DS03,12,92,LPC_eff_mod,8,0,0,-0.0102285759584947,0,0,0,0,3,3,0.151283461610488,0
ood_combo,DS03,12,92,LPC_flow_mod,9,0,0,-0.0255649038999217,0,1,0,1,3,3,0.151283461610488,0
ood_combo,DS03,12,93,HPT_eff_mod,1,0,-0.598486837375174,-0.423973168082783,1,1,3,3,3,3,0.244725264442148,0
ood_combo,DS03,12,93,fan_eff_mod,2,0,0,-0.000262954809864258,0,0,0,0,3,3,0.244725264442148,0
ood_combo,DS03,12,93,fan_flow_mod,3,0,0,-0.00305780648786931,0,1,0,1,3,3,0.244725264442148,0
ood_combo,DS03,12,93,HPC_eff_mod,4,0,0,-0.0259699620597183,0,1,0,1,3,3,0.244725264442148,0
ood_combo,DS03,12,93,HPC_flow_mod,5,0,0,-0.00223127447840964,0,0,0,0,3,3,0.244725264442148,0
ood_combo,DS03,12,93,LPT_eff_mod,6,0,-0.198052277923237,-0.266531497081154,1,1,3,3,3,3,0.244725264442148,0
ood_combo,DS03,12,93,LPT_flow_mod,7,0,-0.233906333596091,-0.38974670211002,1,1,3,3,3,3,0.244725264442148,0
ood_combo,DS03,12,93,LPC_eff_mod,8,0,0,-0.0165466988388147,0,0,0,0,3,3,0.244725264442148,0
ood_combo,DS03,12,93,LPC_flow_mod,9,0,0,-0.0255649038999217,0,1,0,1,3,3,0.244725264442148,0
ood_combo,DS03,13,1,HPT_eff_mod,1,1,-0.00787697763759579,-0,0,0,0,0,0,0,0.129501615560351,0
ood_combo,DS03,13,1,fan_eff_mod,2,1,0,-0,0,0,0,0,0,0,0.129501615560351,0
ood_combo,DS03,13,1,fan_flow_mod,3,1,0,-0,0,0,0,0,0,0,0.129501615560351,0
ood_combo,DS03,13,1,HPC_eff_mod,4,1,0,-0,0,0,0,0,0,0,0.129501615560351,0
ood_combo,DS03,13,1,HPC_flow_mod,5,1,0,-0,0,0,0,0,0,0,0.129501615560351,0
ood_combo,DS03,13,1,LPT_eff_mod,6,1,-0.000601613849059789,-0,0,0,0,0,0,0,0.129501615560351,0
ood_combo,DS03,13,1,LPT_flow_mod,7,1,-0.00177274106531826,-0,0,0,0,0,0,0,0.129501615560351,0
ood_combo,DS03,13,1,LPC_eff_mod,8,1,0,-0,0,0,0,0,0,0,0.129501615560351,0
ood_combo,DS03,13,1,LPC_flow_mod,9,1,0,-0,0,0,0,0,0,0,0.129501615560351,0
ood_combo,DS03,13,2,HPT_eff_mod,1,1,0.00482449849422166,-0,0,0,0,0,0,0,0.104392121819461,0
ood_combo,DS03,13,2,fan_eff_mod,2,1,0,-0,0,0,0,0,0,0,0.104392121819461,0
ood_combo,DS03,13,2,fan_flow_mod,3,1,0,-0,0,0,0,0,0,0,0.104392121819461,0
ood_combo,DS03,13,2,HPC_eff_mod,4,1,0,-0,0,0,0,0,0,0,0.104392121819461,0
ood_combo,DS03,13,2,HPC_flow_mod,5,1,0,-0,0,0,0,0,0,0,0.104392121819461,0
ood_combo,DS03,13,2,LPT_eff_mod,6,1,0.00230269949119492,-0,0,0,0,0,0,0,0.104392121819461,0
ood_combo,DS03,13,2,LPT_flow_mod,7,1,0.00345758124289185,-0,0,0,0,0,0,0,0.104392121819461,0
ood_combo,DS03,13,2,LPC_eff_mod,8,1,0,-0,0,0,0,0,0,0,0.104392121819461,0
ood_combo,DS03,13,2,LPC_flow_mod,9,1,0,-0,0,0,0,0,0,0,0.104392121819461,0
ood_combo,DS03,13,3,HPT_eff_mod,1,1,0.00305247914337272,-0,0,0,0,0,0,0,0.0827511147061371,0
ood_combo,DS03,13,3,fan_eff_mod,2,1,0,-0,0,0,0,0,0,0,0.0827511147061371,0
ood_combo,DS03,13,3,fan_flow_mod,3,1,0,-0,0,0,0,0,0,0,0.0827511147061371,0
ood_combo,DS03,13,3,HPC_eff_mod,4,1,0,-0,0,0,0,0,0,0,0.0827511147061371,0
ood_combo,DS03,13,3,HPC_flow_mod,5,1,0,-0,0,0,0,0,0,0,0.0827511147061371,0
ood_combo,DS03,13,3,LPT_eff_mod,6,1,-0.00170108564213491,-0.00317095771120656,0,0,0,0,0,0,0.0827511147061371,0
ood_combo,DS03,13,3,LPT_flow_mod,7,1,-0.00168484017757427,-0,0,0,0,0,0,0,0.0827511147061371,0
ood_combo,DS03,13,3,LPC_eff_mod,8,1,0,-0.000102013080951041,0,0,0,0,0,0,0.0827511147061371,0
ood_combo,DS03,13,3,LPC_flow_mod,9,1,0,-0,0,0,0,0,0,0,0.0827511147061371,0
ood_combo,DS03,13,4,HPT_eff_mod,1,1,0.00323988128768384,-0,0,0,0,0,0,0,0.136927816386975,0
ood_combo,DS03,13,4,fan_eff_mod,2,1,0,-0,0,0,0,0,0,0,0.136927816386975,0
ood_combo,DS03,13,4,fan_flow_mod,3,1,0,-0,0,0,0,0,0,0,0.136927816386975,0
ood_combo,DS03,13,4,HPC_eff_mod,4,1,0,-0,0,0,0,0,0,0,0.136927816386975,0
ood_combo,DS03,13,4,HPC_flow_mod,5,1,0,-0,0,0,0,0,0,0,0.136927816386975,0
ood_combo,DS03,13,4,LPT_eff_mod,6,1,-0.00785991544674037,-0.00317095771120656,0,0,0,0,0,0,0.136927816386975,0
ood_combo,DS03,13,4,LPT_flow_mod,7,1,-0.00436695166516698,-0,0,0,0,0,0,0,0.136927816386975,0
ood_combo,DS03,13,4,LPC_eff_mod,8,1,0,-0.000102013080951041,0,0,0,0,0,0,0.136927816386975,0
ood_combo,DS03,13,4,LPC_flow_mod,9,1,0,-0,0,0,0,0,0,0,0.136927816386975,0
ood_combo,DS03,13,5,HPT_eff_mod,1,1,-0.00980498289100976,-0,0,0,0,0,0,0,0.205634417372345,0
ood_combo,DS03,13,5,fan_eff_mod,2,1,0,-0,0,0,0,0,0,0,0.205634417372345,0
ood_combo,DS03,13,5,fan_flow_mod,3,1,0,-0,0,0,0,0,0,0,0.205634417372345,0
ood_combo,DS03,13,5,HPC_eff_mod,4,1,0,-0,0,0,0,0,0,0,0.205634417372345,0
ood_combo,DS03,13,5,HPC_flow_mod,5,1,0,-0,0,0,0,0,0,0,0.205634417372345,0
ood_combo,DS03,13,5,LPT_eff_mod,6,1,-0.00169902583579839,-0.00317095771120656,0,0,0,0,0,0,0.205634417372345,0
ood_combo,DS03,13,5,LPT_flow_mod,7,1,-0.00160963002945822,-0.00685239728430368,0,0,0,0,0,0,0.205634417372345,0
ood_combo,DS03,13,5,LPC_eff_mod,8,1,0,-0.000102013080951041,0,0,0,0,0,0,0.205634417372345,0
ood_combo,DS03,13,5,LPC_flow_mod,9,1,0,-0,0,0,0,0,0,0,0.205634417372345,0
ood_combo,DS03,13,6,HPT_eff_mod,1,1,0.00373973239082729,-0,0,0,0,0,0,0,0.251779900449248,0
ood_combo,DS03,13,6,fan_eff_mod,2,1,0,-0,0,0,0,0,0,0,0.251779900449248,0
ood_combo,DS03,13,6,fan_flow_mod,3,1,0,-0,0,0,0,0,0,0,0.251779900449248,0
ood_combo,DS03,13,6,HPC_eff_mod,4,1,0,-0,0,0,0,0,0,0,0.251779900449248,0
ood_combo,DS03,13,6,HPC_flow_mod,5,1,0,-0.000422896080258535,0,0,0,0,0,0,0.251779900449248,0
ood_combo,DS03,13,6,LPT_eff_mod,6,1,-0.0087019757422759,-0.00688956374000838,0,0,0,0,0,0,0.251779900449248,0
ood_combo,DS03,13,6,LPT_flow_mod,7,1,-0.00126663054110019,-0.00685239728430368,0,0,0,0,0,0,0.251779900449248,0
ood_combo,DS03,13,6,LPC_eff_mod,8,1,0,-0.000102013080951041,0,0,0,0,0,0,0.251779900449248,0
ood_combo,DS03,13,6,LPC_flow_mod,9,1,0,-0,0,0,0,0,0,0,0.251779900449248,0
ood_combo,DS03,13,7,HPT_eff_mod,1,1,-0.0129420044731295,-0,0,0,0,0,0,0,0.226709523849413,0
ood_combo,DS03,13,7,fan_eff_mod,2,1,0,-0,0,0,0,0,0,0,0.226709523849413,0
ood_combo,DS03,13,7,fan_flow_mod,3,1,0,-0,0,0,0,0,0,0,0.226709523849413,0
ood_combo,DS03,13,7,HPC_eff_mod,4,1,0,-0,0,0,0,0,0,0,0.226709523849413,0
ood_combo,DS03,13,7,HPC_flow_mod,5,1,0,-0.000422896080258535,0,0,0,0,0,0,0.226709523849413,0
ood_combo,DS03,13,7,LPT_eff_mod,6,1,-0.00162564905168191,-0.00688956374000838,0,0,0,0,0,0,0.226709523849413,0
ood_combo,DS03,13,7,LPT_flow_mod,7,1,-0.000132223897699256,-0.0146063200702578,0,0,0,0,0,0,0.226709523849413,0
ood_combo,DS03,13,7,LPC_eff_mod,8,1,0,-0.000102013080951041,0,0,0,0,0,0,0.226709523849413,0
ood_combo,DS03,13,7,LPC_flow_mod,9,1,0,-0,0,0,0,0,0,0,0.226709523849413,0
ood_combo,DS03,13,8,HPT_eff_mod,1,1,-0.0112074617731124,-0,0,0,0,0,0,0,0.0971539132023184,0
ood_combo,DS03,13,8,fan_eff_mod,2,1,0,-0,0,0,0,0,0,0,0.0971539132023184,0
ood_combo,DS03,13,8,fan_flow_mod,3,1,0,-0,0,0,0,0,0,0,0.0971539132023184,0
ood_combo,DS03,13,8,HPC_eff_mod,4,1,0,-0,0,0,0,0,0,0,0.0971539132023184,0
ood_combo,DS03,13,8,HPC_flow_mod,5,1,0,-0.000422896080258535,0,0,0,0,0,0,0.0971539132023184,0
ood_combo,DS03,13,8,LPT_eff_mod,6,1,-0.00919571750648221,-0.00688956374000838,0,0,0,0,0,0,0.0971539132023184,0
ood_combo,DS03,13,8,LPT_flow_mod,7,1,-0.00636702283103838,-0.0150033815029391,0,0,0,0,0,0,0.0971539132023184,0
ood_combo,DS03,13,8,LPC_eff_mod,8,1,0,-0.000102013080951041,0,0,0,0,0,0,0.0971539132023184,0
ood_combo,DS03,13,8,LPC_flow_mod,9,1,0,-0,0,0,0,0,0,0,0.0971539132023184,0
ood_combo,DS03,13,9,HPT_eff_mod,1,1,0.000534113773950119,-0,0,0,0,0,0,0,0.175640192937921,0
ood_combo,DS03,13,9,fan_eff_mod,2,1,0,-0,0,0,0,0,0,0,0.175640192937921,0
ood_combo,DS03,13,9,fan_flow_mod,3,1,0,-0,0,0,0,0,0,0,0.175640192937921,0
ood_combo,DS03,13,9,HPC_eff_mod,4,1,0,-0,0,0,0,0,0,0,0.175640192937921,0
ood_combo,DS03,13,9,HPC_flow_mod,5,1,0,-0.000422896080258535,0,0,0,0,0,0,0.175640192937921,0
ood_combo,DS03,13,9,LPT_eff_mod,6,1,-0.000345241352039949,-0.0123564713329273,0,0,0,0,0,0,0.175640192937921,0
ood_combo,DS03,13,9,LPT_flow_mod,7,1,-0.00645558060050645,-0.0150033815029391,0,0,0,0,0,0,0.175640192937921,0
ood_combo,DS03,13,9,LPC_eff_mod,8,1,0,-0.000102013080951041,0,0,0,0,0,0,0.175640192937921,0
ood_combo,DS03,13,9,LPC_flow_mod,9,1,0,-0,0,0,0,0,0,0,0.175640192937921,0
ood_combo,DS03,13,10,HPT_eff_mod,1,1,-0.014147713600201,-0.000139192051406179,0,0,0,0,0,0,0.0985996526827419,0
ood_combo,DS03,13,10,fan_eff_mod,2,1,0,-0,0,0,0,0,0,0,0.0985996526827419,0
ood_combo,DS03,13,10,fan_flow_mod,3,1,0,-0,0,0,0,0,0,0,0.0985996526827419,0
ood_combo,DS03,13,10,HPC_eff_mod,4,1,0,-0,0,0,0,0,0,0,0.0985996526827419,0
ood_combo,DS03,13,10,HPC_flow_mod,5,1,0,-0.000422896080258535,0,0,0,0,0,0,0.0985996526827419,0
ood_combo,DS03,13,10,LPT_eff_mod,6,1,-0.00120125341401434,-0.0123564713329273,0,0,0,0,0,0,0.0985996526827419,0
ood_combo,DS03,13,10,LPT_flow_mod,7,1,-0.0033280497806204,-0.0208624874692691,0,0,0,0,0,0,0.0985996526827419,0
ood_combo,DS03,13,10,LPC_eff_mod,8,1,0,-0.000102013080951041,0,0,0,0,0,0,0.0985996526827419,0
ood_combo,DS03,13,10,LPC_flow_mod,9,1,0,-0,0,0,0,0,0,0,0.0985996526827419,0
ood_combo,DS03,13,11,HPT_eff_mod,1,1,-0.00108095868959964,-0.000139192051406179,0,0,0,0,0,0,0.106713273387557,0
ood_combo,DS03,13,11,fan_eff_mod,2,1,0,-0,0,0,0,0,0,0,0.106713273387557,0
ood_combo,DS03,13,11,fan_flow_mod,3,1,0,-0,0,0,0,0,0,0,0.106713273387557,0
ood_combo,DS03,13,11,HPC_eff_mod,4,1,0,-0,0,0,0,0,0,0,0.106713273387557,0
ood_combo,DS03,13,11,HPC_flow_mod,5,1,0,-0.000422896080258535,0,0,0,0,0,0,0.106713273387557,0
ood_combo,DS03,13,11,LPT_eff_mod,6,1,-0.00635276896879613,-0.0123564713329273,0,0,0,0,0,0,0.106713273387557,0
ood_combo,DS03,13,11,LPT_flow_mod,7,1,-0.00988547418740617,-0.0208624874692691,0,0,0,0,0,0,0.106713273387557,0
ood_combo,DS03,13,11,LPC_eff_mod,8,1,0,-0.000102013080951041,0,0,0,0,0,0,0.106713273387557,0
ood_combo,DS03,13,11,LPC_flow_mod,9,1,0,-0,0,0,0,0,0,0,0.106713273387557,0
ood_combo,DS03,13,12,HPT_eff_mod,1,1,-0.0197615913112491,-0.00178072254377609,0,0,0,0,0,0,0.171587578410926,0
ood_combo,DS03,13,12,fan_eff_mod,2,1,0,-0,0,0,0,0,0,0,0.171587578410926,0
ood_combo,DS03,13,12,fan_flow_mod,3,1,0,-0,0,0,0,0,0,0,0.171587578410926,0
ood_combo,DS03,13,12,HPC_eff_mod,4,1,0,-0,0,0,0,0,0,0,0.171587578410926,0
ood_combo,DS03,13,12,HPC_flow_mod,5,1,0,-0.000422896080258535,0,0,0,0,0,0,0.171587578410926,0
ood_combo,DS03,13,12,LPT_eff_mod,6,1,-0.0123637044091028,-0.014634676862573,0,0,0,0,0,0,0.171587578410926,0
ood_combo,DS03,13,12,LPT_flow_mod,7,1,-0.0100868276465842,-0.0208624874692691,0,0,0,0,0,0,0.171587578410926,0
ood_combo,DS03,13,12,LPC_eff_mod,8,1,0,-0.000102013080951041,0,0,0,0,0,0,0.171587578410926,0
ood_combo,DS03,13,12,LPC_flow_mod,9,1,0,-0,0,0,0,0,0,0,0.171587578410926,0
ood_combo,DS03,13,13,HPT_eff_mod,1,1,-0.0116035990344266,-0.00178072254377609,0,0,0,0,0,0,0.202825373840565,0
ood_combo,DS03,13,13,fan_eff_mod,2,1,0,-0,0,0,0,0,0,0,0.202825373840565,0
ood_combo,DS03,13,13,fan_flow_mod,3,1,0,-0,0,0,0,0,0,0,0.202825373840565,0
ood_combo,DS03,13,13,HPC_eff_mod,4,1,0,-0,0,0,0,0,0,0,0.202825373840565,0
ood_combo,DS03,13,13,HPC_flow_mod,5,1,0,-0.000422896080258535,0,0,0,0,0,0,0.202825373840565,0
ood_combo,DS03,13,13,LPT_eff_mod,6,1,-0.0125425685894763,-0.014634676862573,0,0,0,0,0,0,0.202825373840565,0
ood_combo,DS03,13,13,LPT_flow_mod,7,1,-0.00250420674905759,-0.0208624874692691,0,0,0,0,0,0,0.202825373840565,0
ood_combo,DS03,13,13,LPC_eff_mod,8,1,0,-0.000102013080951041,0,0,0,0,0,0,0.202825373840565,0
ood_combo,DS03,13,13,LPC_flow_mod,9,1,0,-0,0,0,0,0,0,0,0.202825373840565,0
ood_combo,DS03,13,14,HPT_eff_mod,1,1,-0.0150094414146202,-0.00178072254377609,0,0,0,0,0,0,0.153815874322646,0
ood_combo,DS03,13,14,fan_eff_mod,2,1,0,-0,0,0,0,0,0,0,0.153815874322646,0
ood_combo,DS03,13,14,fan_flow_mod,3,1,0,-0,0,0,0,0,0,0,0.153815874322646,0
ood_combo,DS03,13,14,HPC_eff_mod,4,1,0,-0,0,0,0,0,0,0,0.153815874322646,0
ood_combo,DS03,13,14,HPC_flow_mod,5,1,0,-0.000422896080258535,0,0,0,0,0,0,0.153815874322646,0
ood_combo,DS03,13,14,LPT_eff_mod,6,1,-0.00884533628589705,-0.014634676862573,0,0,0,0,0,0,0.153815874322646,0
ood_combo,DS03,13,14,LPT_flow_mod,7,1,-0.00465325240865261,-0.0208624874692691,0,0,0,0,0,0,0.153815874322646,0
ood_combo,DS03,13,14,LPC_eff_mod,8,1,0,-0.000102013080951041,0,0,0,0,0,0,0.153815874322646,0
ood_combo,DS03,13,14,LPC_flow_mod,9,1,0,-0,0,0,0,0,0,0,0.153815874322646,0
ood_combo,DS03,13,15,HPT_eff_mod,1,1,-0.00930536785612091,-0.00178072254377609,0,0,0,0,0,0,0.219709467624609,0
ood_combo,DS03,13,15,fan_eff_mod,2,1,0,-0,0,0,0,0,0,0,0.219709467624609,0
ood_combo,DS03,13,15,fan_flow_mod,3,1,0,-0,0,0,0,0,0,0,0.219709467624609,0
ood_combo,DS03,13,15,HPC_eff_mod,4,1,0,-0,0,0,0,0,0,0,0.219709467624609,0
ood_combo,DS03,13,15,HPC_flow_mod,5,1,0,-0.000422896080258535,0,0,0,0,0,0,0.219709467624609,0
ood_combo,DS03,13,15,LPT_eff_mod,6,1,-0.0127796946264813,-0.014634676862573,0,0,0,0,0,0,0.219709467624609,0
ood_combo,DS03,13,15,LPT_flow_mod,7,1,-0.00921142234395008,-0.0208624874692691,0,0,0,0,0,0,0.219709467624609,0
ood_combo,DS03,13,15,LPC_eff_mod,8,1,0,-0.000102013080951041,0,0,0,0,0,0,0.219709467624609,0
ood_combo,DS03,13,15,LPC_flow_mod,9,1,0,-0,0,0,0,0,0,0,0.219709467624609,0
ood_combo,DS03,13,16,HPT_eff_mod,1,1,-0.00543900584757811,-0.00178072254377609,0,1,0,1,0,1,0.246880289524051,0
ood_combo,DS03,13,16,fan_eff_mod,2,1,0,-0,0,0,0,0,0,1,0.246880289524051,0
ood_combo,DS03,13,16,fan_flow_mod,3,1,0,-0,0,0,0,0,0,1,0.246880289524051,0
ood_combo,DS03,13,16,HPC_eff_mod,4,1,0,-0,0,0,0,0,0,1,0.246880289524051,0
ood_combo,DS03,13,16,HPC_flow_mod,5,1,0,-0.000422896080258535,0,0,0,0,0,1,0.246880289524051,0
ood_combo,DS03,13,16,LPT_eff_mod,6,1,-0.00801362888526251,-0.014634676862573,0,0,0,0,0,1,0.246880289524051,0
ood_combo,DS03,13,16,LPT_flow_mod,7,1,-0.0142851660084508,-0.0304363848705291,0,0,0,0,0,1,0.246880289524051,0
ood_combo,DS03,13,16,LPC_eff_mod,8,1,0,-0.000102013080951041,0,0,0,0,0,1,0.246880289524051,0
ood_combo,DS03,13,16,LPC_flow_mod,9,1,0,-0,0,0,0,0,0,1,0.246880289524051,0
ood_combo,DS03,13,17,HPT_eff_mod,1,1,-0.0104911638947204,-0.00178072254377609,0,1,0,1,0,1,0.171067167170106,0
ood_combo,DS03,13,17,fan_eff_mod,2,1,0,-0,0,0,0,0,0,1,0.171067167170106,0
ood_combo,DS03,13,17,fan_flow_mod,3,1,0,-0,0,0,0,0,0,1,0.171067167170106,0
ood_combo,DS03,13,17,HPC_eff_mod,4,1,0,-0,0,0,0,0,0,1,0.171067167170106,0
ood_combo,DS03,13,17,HPC_flow_mod,5,1,0,-0.000422896080258535,0,0,0,0,0,1,0.171067167170106,0
ood_combo,DS03,13,17,LPT_eff_mod,6,1,-0.0108773593907359,-0.014634676862573,0,0,0,0,0,1,0.171067167170106,0
ood_combo,DS03,13,17,LPT_flow_mod,7,1,-0.00330830825835733,-0.0304363848705291,0,0,0,0,0,1,0.171067167170106,0
ood_combo,DS03,13,17,LPC_eff_mod,8,1,0,-0.000102013080951041,0,0,0,0,0,1,0.171067167170106,0
ood_combo,DS03,13,17,LPC_flow_mod,9,1,0,-0,0,0,0,0,0,1,0.171067167170106,0
ood_combo,DS03,13,18,HPT_eff_mod,1,1,-0.0135615176450949,-0.00178072254377609,0,1,0,1,0,1,0.153170161293282,0
ood_combo,DS03,13,18,fan_eff_mod,2,1,0,-0,0,0,0,0,0,1,0.153170161293282,0
ood_combo,DS03,13,18,fan_flow_mod,3,1,0,-0,0,0,0,0,0,1,0.153170161293282,0
ood_combo,DS03,13,18,HPC_eff_mod,4,1,0,-0,0,0,0,0,0,1,0.153170161293282,0
ood_combo,DS03,13,18,HPC_flow_mod,5,1,0,-0.000426688659870876,0,0,0,0,0,1,0.153170161293282,0
ood_combo,DS03,13,18,LPT_eff_mod,6,1,-0.00641930379709587,-0.0244934505868921,0,0,0,0,0,1,0.153170161293282,0
ood_combo,DS03,13,18,LPT_flow_mod,7,1,-0.0128942454599471,-0.0304363848705291,0,0,0,0,0,1,0.153170161293282,0
ood_combo,DS03,13,18,LPC_eff_mod,8,1,0,-0.000102013080951041,0,0,0,0,0,1,0.153170161293282,0
ood_combo,DS03,13,18,LPC_flow_mod,9,1,0,-0,0,0,0,0,0,1,0.153170161293282,0
ood_combo,DS03,13,19,HPT_eff_mod,1,0,-0.0273811612468582,-0.00178072254377609,1,1,2,1,2,1,0.115277403693625,0
ood_combo,DS03,13,19,fan_eff_mod,2,0,0,-0,0,0,0,0,2,1,0.115277403693625,0
ood_combo,DS03,13,19,fan_flow_mod,3,0,0,-0,0,0,0,0,2,1,0.115277403693625,0
ood_combo,DS03,13,19,HPC_eff_mod,4,0,0,-0,0,0,0,0,2,1,0.115277403693625,0
ood_combo,DS03,13,19,HPC_flow_mod,5,0,0,-0.000426688659870876,0,0,0,0,2,1,0.115277403693625,0
ood_combo,DS03,13,19,LPT_eff_mod,6,0,-0.0178631712887875,-0.0244934505868921,1,0,1,0,2,1,0.115277403693625,0
ood_combo,DS03,13,19,LPT_flow_mod,7,0,-0.0164827954268305,-0.0316124311400799,1,0,1,0,2,1,0.115277403693625,0
ood_combo,DS03,13,19,LPC_eff_mod,8,0,0,-0.000102013080951041,0,0,0,0,2,1,0.115277403693625,0
ood_combo,DS03,13,19,LPC_flow_mod,9,0,0,-0,0,0,0,0,2,1,0.115277403693625,0
ood_combo,DS03,13,20,HPT_eff_mod,1,0,-0.0158409256431996,-0.00178072254377609,1,1,2,1,2,1,0.382388010181575,1
ood_combo,DS03,13,20,fan_eff_mod,2,0,0,-0,0,0,0,0,2,1,0.382388010181575,1
ood_combo,DS03,13,20,fan_flow_mod,3,0,0,-0,0,0,0,0,2,1,0.382388010181575,1
ood_combo,DS03,13,20,HPC_eff_mod,4,0,0,-0,0,0,0,0,2,1,0.382388010181575,1
ood_combo,DS03,13,20,HPC_flow_mod,5,0,0,-0.000426688659870876,0,0,0,0,2,1,0.382388010181575,1
ood_combo,DS03,13,20,LPT_eff_mod,6,0,-0.0149044347341787,-0.0244934505868921,1,0,1,0,2,1,0.382388010181575,1
ood_combo,DS03,13,20,LPT_flow_mod,7,0,-0.012157736448731,-0.0316124311400799,1,0,1,0,2,1,0.382388010181575,1
ood_combo,DS03,13,20,LPC_eff_mod,8,0,0,-0.000102013080951041,0,0,0,0,2,1,0.382388010181575,1
ood_combo,DS03,13,20,LPC_flow_mod,9,0,0,-0,0,0,0,0,2,1,0.382388010181575,1
ood_combo,DS03,13,21,HPT_eff_mod,1,0,-0.0185489375056317,-0.00178072254377609,1,1,2,1,2,1,0.14476937499742,0
ood_combo,DS03,13,21,fan_eff_mod,2,0,0,-0,0,0,0,0,2,1,0.14476937499742,0
ood_combo,DS03,13,21,fan_flow_mod,3,0,0,-0,0,0,0,0,2,1,0.14476937499742,0
ood_combo,DS03,13,21,HPC_eff_mod,4,0,0,-0,0,0,0,0,2,1,0.14476937499742,0
ood_combo,DS03,13,21,HPC_flow_mod,5,0,0,-0.000426688659870876,0,0,0,0,2,1,0.14476937499742,0
ood_combo,DS03,13,21,LPT_eff_mod,6,0,-0.0210127536971314,-0.0244934505868921,1,0,1,0,2,1,0.14476937499742,0
ood_combo,DS03,13,21,LPT_flow_mod,7,0,-0.00378511292044913,-0.0316124311400799,1,0,1,0,2,1,0.14476937499742,0
ood_combo,DS03,13,21,LPC_eff_mod,8,0,0,-0.000102013080951041,0,0,0,0,2,1,0.14476937499742,0
ood_combo,DS03,13,21,LPC_flow_mod,9,0,0,-0,0,0,0,0,2,1,0.14476937499742,0
ood_combo,DS03,13,22,HPT_eff_mod,1,0,-0.024028073393725,-0.00178072254377609,1,1,2,1,2,1,0.0964634859575731,0
ood_combo,DS03,13,22,fan_eff_mod,2,0,0,-0,0,0,0,0,2,1,0.0964634859575731,0
ood_combo,DS03,13,22,fan_flow_mod,3,0,0,-0,0,0,0,0,2,1,0.0964634859575731,0
ood_combo,DS03,13,22,HPC_eff_mod,4,0,0,-0,0,0,0,0,2,1,0.0964634859575731,0
ood_combo,DS03,13,22,HPC_flow_mod,5,0,0,-0.000426688659870876,0,0,0,0,2,1,0.0964634859575731,0
ood_combo,DS03,13,22,LPT_eff_mod,6,0,-0.0153049215256635,-0.0244934505868921,1,1,1,1,2,1,0.0964634859575731,0
ood_combo,DS03,13,22,LPT_flow_mod,7,0,-0.0169919768032955,-0.0366641007260876,1,0,1,0,2,1,0.0964634859575731,0
ood_combo,DS03,13,22,LPC_eff_mod,8,0,0,-0.000102013080951041,0,0,0,0,2,1,0.0964634859575731,0
ood_combo,DS03,13,22,LPC_flow_mod,9,0,0,-0,0,0,0,0,2,1,0.0964634859575731,0
ood_combo,DS03,13,23,HPT_eff_mod,1,0,-0.0208689398161199,-0.00178072254377609,1,1,2,1,2,1,0.13298692868241,0
ood_combo,DS03,13,23,fan_eff_mod,2,0,0,-0,0,0,0,0,2,1,0.13298692868241,0
ood_combo,DS03,13,23,fan_flow_mod,3,0,0,-0,0,0,0,0,2,1,0.13298692868241,0
ood_combo,DS03,13,23,HPC_eff_mod,4,0,0,-0,0,0,0,0,2,1,0.13298692868241,0
ood_combo,DS03,13,23,HPC_flow_mod,5,0,0,-0.000426688659870876,0,0,0,0,2,1,0.13298692868241,0
ood_combo,DS03,13,23,LPT_eff_mod,6,0,-0.0197313854080399,-0.0244934505868921,1,1,1,1,2,1,0.13298692868241,0
ood_combo,DS03,13,23,LPT_flow_mod,7,0,-0.0111175543337094,-0.0366641007260876,1,0,1,0,2,1,0.13298692868241,0
ood_combo,DS03,13,23,LPC_eff_mod,8,0,0,-0.000102013080951041,0,0,0,0,2,1,0.13298692868241,0
ood_combo,DS03,13,23,LPC_flow_mod,9,0,0,-0,0,0,0,0,2,1,0.13298692868241,0
ood_combo,DS03,13,24,HPT_eff_mod,1,0,-0.0178153599198494,-0.00178072254377609,1,1,2,1,2,1,0.180209688663498,0
ood_combo,DS03,13,24,fan_eff_mod,2,0,0,-0,0,0,0,0,2,1,0.180209688663498,0
ood_combo,DS03,13,24,fan_flow_mod,3,0,0,-0,0,0,0,0,2,1,0.180209688663498,0
ood_combo,DS03,13,24,HPC_eff_mod,4,0,0,-0,0,0,0,0,2,1,0.180209688663498,0
ood_combo,DS03,13,24,HPC_flow_mod,5,0,0,-0.000426688659870876,0,0,0,0,2,1,0.180209688663498,0
ood_combo,DS03,13,24,LPT_eff_mod,6,0,-0.0204889585630048,-0.0244934505868921,1,1,1,1,2,1,0.180209688663498,0
ood_combo,DS03,13,24,LPT_flow_mod,7,0,-0.0234417248283244,-0.0469374004758878,1,0,1,0,2,1,0.180209688663498,0
ood_combo,DS03,13,24,LPC_eff_mod,8,0,0,-0.000102013080951041,0,0,0,0,2,1,0.180209688663498,0
ood_combo,DS03,13,24,LPC_flow_mod,9,0,0,-0,0,0,0,0,2,1,0.180209688663498,0
ood_combo,DS03,13,25,HPT_eff_mod,1,0,-0.0170995962925804,-0.00178072254377609,1,1,2,1,2,1,0.267052678837742,0
ood_combo,DS03,13,25,fan_eff_mod,2,0,0,-0,0,0,0,0,2,1,0.267052678837742,0
ood_combo,DS03,13,25,fan_flow_mod,3,0,0,-0,0,0,0,0,2,1,0.267052678837742,0
ood_combo,DS03,13,25,HPC_eff_mod,4,0,0,-0,0,0,0,0,2,1,0.267052678837742,0
ood_combo,DS03,13,25,HPC_flow_mod,5,0,0,-0.000426688659870876,0,0,0,0,2,1,0.267052678837742,0
ood_combo,DS03,13,25,LPT_eff_mod,6,0,-0.0245238516015391,-0.0244934505868921,1,1,1,1,2,1,0.267052678837742,0
ood_combo,DS03,13,25,LPT_flow_mod,7,0,-0.0175111419642676,-0.0469374004758878,1,0,1,0,2,1,0.267052678837742,0
ood_combo,DS03,13,25,LPC_eff_mod,8,0,0,-0.000102013080951041,0,0,0,0,2,1,0.267052678837742,0
ood_combo,DS03,13,25,LPC_flow_mod,9,0,0,-0,0,0,0,0,2,1,0.267052678837742,0
ood_combo,DS03,13,26,HPT_eff_mod,1,0,-0.023576162237803,-0.00178072254377609,1,1,2,1,2,1,0.13194619236307,0
ood_combo,DS03,13,26,fan_eff_mod,2,0,0,-0,0,0,0,0,2,1,0.13194619236307,0
ood_combo,DS03,13,26,fan_flow_mod,3,0,0,-0,0,0,0,0,2,1,0.13194619236307,0
ood_combo,DS03,13,26,HPC_eff_mod,4,0,0,-0,0,0,0,0,2,1,0.13194619236307,0
ood_combo,DS03,13,26,HPC_flow_mod,5,0,0,-0.000426688659870876,0,0,0,0,2,1,0.13194619236307,0
ood_combo,DS03,13,26,LPT_eff_mod,6,0,-0.0271354998254776,-0.0250015792862496,1,1,1,1,2,1,0.13194619236307,0
ood_combo,DS03,13,26,LPT_flow_mod,7,0,-0.0268304808516014,-0.0469374004758878,1,0,1,0,2,1,0.13194619236307,0
ood_combo,DS03,13,26,LPC_eff_mod,8,0,0,-0.000102013080951041,0,0,0,0,2,1,0.13194619236307,0
ood_combo,DS03,13,26,LPC_flow_mod,9,0,0,-0,0,0,0,0,2,1,0.13194619236307,0
ood_combo,DS03,13,27,HPT_eff_mod,1,0,-0.021240704705917,-0.00178072254377609,1,1,2,1,2,2,0.178440023704229,0
ood_combo,DS03,13,27,fan_eff_mod,2,0,0,-0,0,0,0,0,2,2,0.178440023704229,0
ood_combo,DS03,13,27,fan_flow_mod,3,0,0,-0,0,0,0,0,2,2,0.178440023704229,0
ood_combo,DS03,13,27,HPC_eff_mod,4,0,0,-0,0,0,0,0,2,2,0.178440023704229,0
ood_combo,DS03,13,27,HPC_flow_mod,5,0,0,-0.000426688659870876,0,0,0,0,2,2,0.178440023704229,0
ood_combo,DS03,13,27,LPT_eff_mod,6,0,-0.0282253881530899,-0.0391381069149731,1,1,2,2,2,2,0.178440023704229,0
ood_combo,DS03,13,27,LPT_flow_mod,7,0,-0.0223674644012197,-0.0469374004758878,1,0,1,0,2,2,0.178440023704229,0
ood_combo,DS03,13,27,LPC_eff_mod,8,0,0,-0.000102013080951041,0,0,0,0,2,2,0.178440023704229,0
ood_combo,DS03,13,27,LPC_flow_mod,9,0,0,-0,0,0,0,0,2,2,0.178440023704229,0
ood_combo,DS03,13,28,HPT_eff_mod,1,0,-0.0246028088657236,-0.00178072254377609,1,1,2,1,2,2,0.0871358906257945,0
ood_combo,DS03,13,28,fan_eff_mod,2,0,0,-0,0,0,0,0,2,2,0.0871358906257945,0
ood_combo,DS03,13,28,fan_flow_mod,3,0,0,-0,0,0,0,0,2,2,0.0871358906257945,0
ood_combo,DS03,13,28,HPC_eff_mod,4,0,0,-0,0,0,0,0,2,2,0.0871358906257945,0
ood_combo,DS03,13,28,HPC_flow_mod,5,0,0,-0.000426688659870876,0,0,0,0,2,2,0.0871358906257945,0
ood_combo,DS03,13,28,LPT_eff_mod,6,0,-0.0284758885990826,-0.0391381069149731,1,1,2,2,2,2,0.0871358906257945,0
ood_combo,DS03,13,28,LPT_flow_mod,7,0,-0.0179963501089309,-0.047479294858746,1,1,1,2,2,2,0.0871358906257945,0
ood_combo,DS03,13,28,LPC_eff_mod,8,0,0,-0.000102013080951041,0,0,0,0,2,2,0.0871358906257945,0
ood_combo,DS03,13,28,LPC_flow_mod,9,0,0,-0,0,0,0,0,2,2,0.0871358906257945,0
ood_combo,DS03,13,29,HPT_eff_mod,1,0,-0.0293255530070489,-0.00178072254377609,1,1,2,1,2,2,0.12861837979659,0
ood_combo,DS03,13,29,fan_eff_mod,2,0,0,-0,0,0,0,0,2,2,0.12861837979659,0
ood_combo,DS03,13,29,fan_flow_mod,3,0,0,-0,0,0,0,0,2,2,0.12861837979659,0
ood_combo,DS03,13,29,HPC_eff_mod,4,0,0,-0,0,0,0,0,2,2,0.12861837979659,0
ood_combo,DS03,13,29,HPC_flow_mod,5,0,0,-0.000426688659870876,0,0,0,0,2,2,0.12861837979659,0
ood_combo,DS03,13,29,LPT_eff_mod,6,0,-0.0292346263932164,-0.0391381069149731,1,1,2,2,2,2,0.12861837979659,0
ood_combo,DS03,13,29,LPT_flow_mod,7,0,-0.0295338039417946,-0.0606457262263205,1,1,2,2,2,2,0.12861837979659,0
ood_combo,DS03,13,29,LPC_eff_mod,8,0,0,-0.000102013080951041,0,0,0,0,2,2,0.12861837979659,0
ood_combo,DS03,13,29,LPC_flow_mod,9,0,0,-0,0,0,0,0,2,2,0.12861837979659,0
ood_combo,DS03,13,30,HPT_eff_mod,1,0,-0.033632105798042,-0.00178072254377609,1,1,2,1,2,2,0.152287617594225,0
ood_combo,DS03,13,30,fan_eff_mod,2,0,0,-0,0,0,0,0,2,2,0.152287617594225,0
ood_combo,DS03,13,30,fan_flow_mod,3,0,0,-0,0,0,0,0,2,2,0.152287617594225,0
ood_combo,DS03,13,30,HPC_eff_mod,4,0,0,-0,0,0,0,0,2,2,0.152287617594225,0
ood_combo,DS03,13,30,HPC_flow_mod,5,0,0,-0.000426688659870876,0,0,0,0,2,2,0.152287617594225,0
ood_combo,DS03,13,30,LPT_eff_mod,6,0,-0.0309939549437568,-0.0391381069149731,1,1,2,2,2,2,0.152287617594225,0
ood_combo,DS03,13,30,LPT_flow_mod,7,0,-0.0216386799839099,-0.0606457262263205,1,1,2,2,2,2,0.152287617594225,0
ood_combo,DS03,13,30,LPC_eff_mod,8,0,0,-0.000102013080951041,0,0,0,0,2,2,0.152287617594225,0
ood_combo,DS03,13,30,LPC_flow_mod,9,0,0,-0,0,0,0,0,2,2,0.152287617594225,0
ood_combo,DS03,13,31,HPT_eff_mod,1,0,-0.0382457459568892,-0.0050068912199315,1,1,2,1,2,2,0.0812783789926163,0
ood_combo,DS03,13,31,fan_eff_mod,2,0,0,-0,0,0,0,0,2,2,0.0812783789926163,0
ood_combo,DS03,13,31,fan_flow_mod,3,0,0,-0,0,0,0,0,2,2,0.0812783789926163,0
ood_combo,DS03,13,31,HPC_eff_mod,4,0,0,-0,0,0,0,0,2,2,0.0812783789926163,0
ood_combo,DS03,13,31,HPC_flow_mod,5,0,0,-0.000426688659870876,0,0,0,0,2,2,0.0812783789926163,0
ood_combo,DS03,13,31,LPT_eff_mod,6,0,-0.0317256177715139,-0.0512468231085311,1,1,2,2,2,2,0.0812783789926163,0
ood_combo,DS03,13,31,LPT_flow_mod,7,0,-0.02041401208383,-0.0606457262263205,1,1,2,2,2,2,0.0812783789926163,0
ood_combo,DS03,13,31,LPC_eff_mod,8,0,0,-0.000102013080951041,0,0,0,0,2,2,0.0812783789926163,0
ood_combo,DS03,13,31,LPC_flow_mod,9,0,0,-0,0,0,0,0,2,2,0.0812783789926163,0
ood_combo,DS03,13,32,HPT_eff_mod,1,0,-0.0400225336242039,-0.0050068912199315,1,1,2,1,2,2,0.198677970663777,0
ood_combo,DS03,13,32,fan_eff_mod,2,0,0,-0,0,0,0,0,2,2,0.198677970663777,0
ood_combo,DS03,13,32,fan_flow_mod,3,0,0,-0,0,0,0,0,2,2,0.198677970663777,0
ood_combo,DS03,13,32,HPC_eff_mod,4,0,0,-0,0,0,0,0,2,2,0.198677970663777,0
ood_combo,DS03,13,32,HPC_flow_mod,5,0,0,-0.000426688659870876,0,0,0,0,2,2,0.198677970663777,0
ood_combo,DS03,13,32,LPT_eff_mod,6,0,-0.0330268252495774,-0.0540420818462825,1,1,2,2,2,2,0.198677970663777,0
ood_combo,DS03,13,32,LPT_flow_mod,7,0,-0.0248528145000154,-0.0606457262263205,1,1,2,2,2,2,0.198677970663777,0
ood_combo,DS03,13,32,LPC_eff_mod,8,0,0,-0.000102013080951041,0,0,0,0,2,2,0.198677970663777,0
ood_combo,DS03,13,32,LPC_flow_mod,9,0,0,-0,0,0,0,0,2,2,0.198677970663777,0
ood_combo,DS03,13,33,HPT_eff_mod,1,0,-0.0425629078714644,-0.018447345940395,1,1,2,1,2,2,0.119043486424832,0
ood_combo,DS03,13,33,fan_eff_mod,2,0,0,-0,0,0,0,0,2,2,0.119043486424832,0
ood_combo,DS03,13,33,fan_flow_mod,3,0,0,-0,0,0,0,0,2,2,0.119043486424832,0
ood_combo,DS03,13,33,HPC_eff_mod,4,0,0,-0,0,0,0,0,2,2,0.119043486424832,0
ood_combo,DS03,13,33,HPC_flow_mod,5,0,0,-0.000426688659870876,0,0,0,0,2,2,0.119043486424832,0
ood_combo,DS03,13,33,LPT_eff_mod,6,0,-0.0400543673826696,-0.0540420818462825,1,1,2,2,2,2,0.119043486424832,0
ood_combo,DS03,13,33,LPT_flow_mod,7,0,-0.0360201653744685,-0.0606457262263205,1,1,2,2,2,2,0.119043486424832,0
ood_combo,DS03,13,33,LPC_eff_mod,8,0,0,-0.000102013080951041,0,0,0,0,2,2,0.119043486424832,0
ood_combo,DS03,13,33,LPC_flow_mod,9,0,0,-0,0,0,0,0,2,2,0.119043486424832,0
ood_combo,DS03,13,34,HPT_eff_mod,1,0,-0.0488805575539596,-0.018447345940395,1,1,2,1,2,2,0.0965335720345453,0
ood_combo,DS03,13,34,fan_eff_mod,2,0,0,-0,0,0,0,0,2,2,0.0965335720345453,0
ood_combo,DS03,13,34,fan_flow_mod,3,0,0,-0,0,0,0,0,2,2,0.0965335720345453,0
ood_combo,DS03,13,34,HPC_eff_mod,4,0,0,-0,0,0,0,0,2,2,0.0965335720345453,0
ood_combo,DS03,13,34,HPC_flow_mod,5,0,0,-0.000426688659870876,0,0,0,0,2,2,0.0965335720345453,0
ood_combo,DS03,13,34,LPT_eff_mod,6,0,-0.046185757510826,-0.0563782726535919,1,1,2,2,2,2,0.0965335720345453,0
ood_combo,DS03,13,34,LPT_flow_mod,7,0,-0.0328985576889188,-0.0606457262263205,1,1,2,2,2,2,0.0965335720345453,0
ood_combo,DS03,13,34,LPC_eff_mod,8,0,0,-0.000102013080951041,0,0,0,0,2,2,0.0965335720345453,0
ood_combo,DS03,13,34,LPC_flow_mod,9,0,0,-0,0,0,0,0,2,2,0.0965335720345453,0
ood_combo,DS03,13,35,HPT_eff_mod,1,0,-0.0473986526839993,-0.018447345940395,1,1,2,1,2,2,0.074441426107285,0
ood_combo,DS03,13,35,fan_eff_mod,2,0,0,-0,0,0,0,0,2,2,0.074441426107285,0
ood_combo,DS03,13,35,fan_flow_mod,3,0,0,-0,0,0,0,0,2,2,0.074441426107285,0
ood_combo,DS03,13,35,HPC_eff_mod,4,0,0,-0,0,0,0,0,2,2,0.074441426107285,0
ood_combo,DS03,13,35,HPC_flow_mod,5,0,0,-0.000426688659870876,0,0,0,0,2,2,0.074441426107285,0
ood_combo,DS03,13,35,LPT_eff_mod,6,0,-0.0472647495818822,-0.0563782726535919,1,1,2,2,2,2,0.074441426107285,0
ood_combo,DS03,13,35,LPT_flow_mod,7,0,-0.0245708193349419,-0.0606457262263205,1,1,2,2,2,2,0.074441426107285,0
ood_combo,DS03,13,35,LPC_eff_mod,8,0,0,-0.000102013080951041,0,0,0,0,2,2,0.074441426107285,0
ood_combo,DS03,13,35,LPC_flow_mod,9,0,0,-0,0,0,0,0,2,2,0.074441426107285,0
ood_combo,DS03,13,36,HPT_eff_mod,1,0,-0.0428424156844696,-0.018447345940395,1,1,2,1,2,2,0.0949013646224028,0
ood_combo,DS03,13,36,fan_eff_mod,2,0,0,-0,0,0,0,0,2,2,0.0949013646224028,0
ood_combo,DS03,13,36,fan_flow_mod,3,0,0,-0,0,0,0,0,2,2,0.0949013646224028,0
ood_combo,DS03,13,36,HPC_eff_mod,4,0,0,-0,0,0,0,0,2,2,0.0949013646224028,0
ood_combo,DS03,13,36,HPC_flow_mod,5,0,0,-0.000426688659870876,0,0,0,0,2,2,0.0949013646224028,0
ood_combo,DS03,13,36,LPT_eff_mod,6,0,-0.0492417330769104,-0.0563782726535919,1,1,2,2,2,2,0.0949013646224028,0
ood_combo,DS03,13,36,LPT_flow_mod,7,0,-0.0239647159993949,-0.0606457262263205,1,1,2,2,2,2,0.0949013646224028,0
ood_combo,DS03,13,36,LPC_eff_mod,8,0,0,-0.000102013080951041,0,0,0,0,2,2,0.0949013646224028,0
ood_combo,DS03,13,36,LPC_flow_mod,9,0,0,-0,0,0,0,0,2,2,0.0949013646224028,0
ood_combo,DS03,13,37,HPT_eff_mod,1,0,-0.0546410843684861,-0.0194641037320281,1,1,2,1,2,2,0.132548118077558,0
ood_combo,DS03,13,37,fan_eff_mod,2,0,0,-0,0,0,0,0,2,2,0.132548118077558,0
ood_combo,DS03,13,37,fan_flow_mod,3,0,0,-0,0,0,0,0,2,2,0.132548118077558,0
ood_combo,DS03,13,37,HPC_eff_mod,4,0,0,-0,0,0,0,0,2,2,0.132548118077558,0
ood_combo,DS03,13,37,HPC_flow_mod,5,0,0,-0.000426688659870876,0,0,0,0,2,2,0.132548118077558,0
ood_combo,DS03,13,37,LPT_eff_mod,6,0,-0.0510566548097764,-0.065700007890923,1,1,2,2,2,2,0.132548118077558,0
ood_combo,DS03,13,37,LPT_flow_mod,7,0,-0.0228112492932414,-0.0606457262263205,1,1,2,2,2,2,0.132548118077558,0
ood_combo,DS03,13,37,LPC_eff_mod,8,0,0,-0.000102013080951041,0,0,0,0,2,2,0.132548118077558,0
ood_combo,DS03,13,37,LPC_flow_mod,9,0,0,-0,0,0,0,0,2,2,0.132548118077558,0
ood_combo,DS03,13,38,HPT_eff_mod,1,0,-0.0465406360455227,-0.0194641037320281,1,1,2,1,2,2,0.131484308171056,0
ood_combo,DS03,13,38,fan_eff_mod,2,0,0,-0,0,0,0,0,2,2,0.131484308171056,0
ood_combo,DS03,13,38,fan_flow_mod,3,0,0,-0,0,0,0,0,2,2,0.131484308171056,0
ood_combo,DS03,13,38,HPC_eff_mod,4,0,0,-0,0,0,0,0,2,2,0.131484308171056,0
ood_combo,DS03,13,38,HPC_flow_mod,5,0,0,-0.000426688659870876,0,0,0,0,2,2,0.131484308171056,0
ood_combo,DS03,13,38,LPT_eff_mod,6,0,-0.0505924949989591,-0.065700007890923,1,1,2,2,2,2,0.131484308171056,0
ood_combo,DS03,13,38,LPT_flow_mod,7,0,-0.0324145334282204,-0.0606457262263205,1,1,2,2,2,2,0.131484308171056,0
ood_combo,DS03,13,38,LPC_eff_mod,8,0,0,-0.000102013080951041,0,0,0,0,2,2,0.131484308171056,0
ood_combo,DS03,13,38,LPC_flow_mod,9,0,0,-0,0,0,0,0,2,2,0.131484308171056,0
ood_combo,DS03,13,39,HPT_eff_mod,1,0,-0.0529709809421657,-0.0194641037320281,1,1,2,1,2,2,0.0808160811410718,0
ood_combo,DS03,13,39,fan_eff_mod,2,0,0,-0,0,0,0,0,2,2,0.0808160811410718,0
ood_combo,DS03,13,39,fan_flow_mod,3,0,0,-0,0,0,0,0,2,2,0.0808160811410718,0
ood_combo,DS03,13,39,HPC_eff_mod,4,0,0,-0,0,0,0,0,2,2,0.0808160811410718,0
ood_combo,DS03,13,39,HPC_flow_mod,5,0,0,-0.000426688659870876,0,0,0,0,2,2,0.0808160811410718,0
ood_combo,DS03,13,39,LPT_eff_mod,6,0,-0.059102592940075,-0.0763287414177431,1,1,2,2,2,2,0.0808160811410718,0
ood_combo,DS03,13,39,LPT_flow_mod,7,0,-0.0221258317422848,-0.0606457262263205,1,1,2,2,2,2,0.0808160811410718,0
ood_combo,DS03,13,39,LPC_eff_mod,8,0,0,-0.000102013080951041,0,0,0,0,2,2,0.0808160811410718,0
ood_combo,DS03,13,39,LPC_flow_mod,9,0,0,-0,0,0,0,0,2,2,0.0808160811410718,0
ood_combo,DS03,13,40,HPT_eff_mod,1,0,-0.0601430081765507,-0.0194641037320281,1,1,2,1,2,2,0.0837150914894007,0
ood_combo,DS03,13,40,fan_eff_mod,2,0,0,-0,0,0,0,0,2,2,0.0837150914894007,0
ood_combo,DS03,13,40,fan_flow_mod,3,0,0,-0,0,0,0,0,2,2,0.0837150914894007,0
ood_combo,DS03,13,40,HPC_eff_mod,4,0,0,-0,0,0,0,0,2,2,0.0837150914894007,0
ood_combo,DS03,13,40,HPC_flow_mod,5,0,0,-0.000426688659870876,0,0,0,0,2,2,0.0837150914894007,0
ood_combo,DS03,13,40,LPT_eff_mod,6,0,-0.0574606241003038,-0.0763287414177431,1,1,2,2,2,2,0.0837150914894007,0
ood_combo,DS03,13,40,LPT_flow_mod,7,0,-0.0427899096367761,-0.0851869676500634,1,1,2,2,2,2,0.0837150914894007,0
ood_combo,DS03,13,40,LPC_eff_mod,8,0,0,-0.000102013080951041,0,0,0,0,2,2,0.0837150914894007,0
ood_combo,DS03,13,40,LPC_flow_mod,9,0,0,-0,0,0,0,0,2,2,0.0837150914894007,0
ood_combo,DS03,13,41,HPT_eff_mod,1,0,-0.0666572024719508,-0.0194641037320281,1,1,2,1,2,2,0.420615384755105,1
ood_combo,DS03,13,41,fan_eff_mod,2,0,0,-0,0,0,0,0,2,2,0.420615384755105,1
ood_combo,DS03,13,41,fan_flow_mod,3,0,0,-0,0,0,0,0,2,2,0.420615384755105,1
ood_combo,DS03,13,41,HPC_eff_mod,4,0,0,-0,0,0,0,0,2,2,0.420615384755105,1
ood_combo,DS03,13,41,HPC_flow_mod,5,0,0,-0.000426688659870876,0,0,0,0,2,2,0.420615384755105,1
ood_combo,DS03,13,41,LPT_eff_mod,6,0,-0.0657704336918165,-0.0793498260922879,1,1,2,2,2,2,0.420615384755105,1
ood_combo,DS03,13,41,LPT_flow_mod,7,0,-0.031666818174546,-0.0851869676500634,1,1,2,2,2,2,0.420615384755105,1
ood_combo,DS03,13,41,LPC_eff_mod,8,0,0,-0.000102013080951041,0,0,0,0,2,2,0.420615384755105,1
ood_combo,DS03,13,41,LPC_flow_mod,9,0,0,-0,0,0,0,0,2,2,0.420615384755105,1
ood_combo,DS03,13,42,HPT_eff_mod,1,0,-0.0697600222712957,-0.0362024609470864,1,1,2,2,2,2,0.0609209571264899,0
ood_combo,DS03,13,42,fan_eff_mod,2,0,0,-0,0,0,0,0,2,2,0.0609209571264899,0
ood_combo,DS03,13,42,fan_flow_mod,3,0,0,-0,0,0,0,0,2,2,0.0609209571264899,0
ood_combo,DS03,13,42,HPC_eff_mod,4,0,0,-0,0,0,0,0,2,2,0.0609209571264899,0
ood_combo,DS03,13,42,HPC_flow_mod,5,0,0,-0.000426688659870876,0,0,0,0,2,2,0.0609209571264899,0
ood_combo,DS03,13,42,LPT_eff_mod,6,0,-0.0662800835626484,-0.0840079179136141,1,1,2,2,2,2,0.0609209571264899,0
ood_combo,DS03,13,42,LPT_flow_mod,7,0,-0.0424311941149784,-0.0851869676500634,1,1,2,2,2,2,0.0609209571264899,0
ood_combo,DS03,13,42,LPC_eff_mod,8,0,0,-0.000102013080951041,0,0,0,0,2,2,0.0609209571264899,0
ood_combo,DS03,13,42,LPC_flow_mod,9,0,0,-0,0,0,0,0,2,2,0.0609209571264899,0
ood_combo,DS03,13,43,HPT_eff_mod,1,0,-0.0782356470383259,-0.0452002430891998,1,1,2,2,2,2,0.161930858721404,0
ood_combo,DS03,13,43,fan_eff_mod,2,0,0,-0,0,0,0,0,2,2,0.161930858721404,0
ood_combo,DS03,13,43,fan_flow_mod,3,0,0,-0,0,0,0,0,2,2,0.161930858721404,0
ood_combo,DS03,13,43,HPC_eff_mod,4,0,0,-0,0,0,0,0,2,2,0.161930858721404,0
ood_combo,DS03,13,43,HPC_flow_mod,5,0,0,-0.000426688659870876,0,0,0,0,2,2,0.161930858721404,0
ood_combo,DS03,13,43,LPT_eff_mod,6,0,-0.0773221173258633,-0.0840079179136141,1,1,2,2,2,2,0.161930858721404,0
ood_combo,DS03,13,43,LPT_flow_mod,7,0,-0.0519977125946265,-0.0851869676500634,1,1,2,2,2,2,0.161930858721404,0
ood_combo,DS03,13,43,LPC_eff_mod,8,0,0,-0.000102013080951041,0,0,0,0,2,2,0.161930858721404,0
ood_combo,DS03,13,43,LPC_flow_mod,9,0,0,-0,0,0,0,0,2,2,0.161930858721404,0
ood_combo,DS03,13,44,HPT_eff_mod,1,0,-0.0728633382248997,-0.0452002430891998,1,1,2,2,2,2,0.0615757845058959,0
ood_combo,DS03,13,44,fan_eff_mod,2,0,0,-0,0,0,0,0,2,2,0.0615757845058959,0
ood_combo,DS03,13,44,fan_flow_mod,3,0,0,-0,0,0,0,0,2,2,0.0615757845058959,0
ood_combo,DS03,13,44,HPC_eff_mod,4,0,0,-0,0,0,0,0,2,2,0.0615757845058959,0
ood_combo,DS03,13,44,HPC_flow_mod,5,0,0,-0.000426688659870876,0,0,0,0,2,2,0.0615757845058959,0
ood_combo,DS03,13,44,LPT_eff_mod,6,0,-0.084147256645409,-0.101602008445967,1,1,2,2,2,2,0.0615757845058959,0
ood_combo,DS03,13,44,LPT_flow_mod,7,0,-0.0495971958190531,-0.0851869676500634,1,1,2,2,2,2,0.0615757845058959,0
ood_combo,DS03,13,44,LPC_eff_mod,8,0,0,-0.000102013080951041,0,0,0,0,2,2,0.0615757845058959,0
ood_combo,DS03,13,44,LPC_flow_mod,9,0,0,-0,0,0,0,0,2,2,0.0615757845058959,0
ood_combo,DS03,13,45,HPT_eff_mod,1,0,-0.0780230059573563,-0.0452002430891998,1,1,2,2,2,2,0.11244025737872,0
ood_combo,DS03,13,45,fan_eff_mod,2,0,0,-0,0,0,0,0,2,2,0.11244025737872,0
ood_combo,DS03,13,45,fan_flow_mod,3,0,0,-0,0,0,0,0,2,2,0.11244025737872,0
ood_combo,DS03,13,45,HPC_eff_mod,4,0,0,-0,0,0,0,0,2,2,0.11244025737872,0
ood_combo,DS03,13,45,HPC_flow_mod,5,0,0,-0.000426688659870876,0,0,0,0,2,2,0.11244025737872,0
ood_combo,DS03,13,45,LPT_eff_mod,6,0,-0.0796341799726442,-0.101602008445967,1,1,2,2,2,2,0.11244025737872,0
ood_combo,DS03,13,45,LPT_flow_mod,7,0,-0.0464575684980208,-0.089169047104488,1,1,2,2,2,2,0.11244025737872,0
ood_combo,DS03,13,45,LPC_eff_mod,8,0,0,-0.000102013080951041,0,0,0,0,2,2,0.11244025737872,0
ood_combo,DS03,13,45,LPC_flow_mod,9,0,0,-0,0,0,0,0,2,2,0.11244025737872,0
ood_combo,DS03,13,46,HPT_eff_mod,1,0,-0.0809010688653791,-0.0452002430891998,1,1,2,2,2,2,0.09632430268888,0
ood_combo,DS03,13,46,fan_eff_mod,2,0,0,-0,0,0,0,0,2,2,0.09632430268888,0
ood_combo,DS03,13,46,fan_flow_mod,3,0,0,-0,0,0,0,0,2,2,0.09632430268888,0
ood_combo,DS03,13,46,HPC_eff_mod,4,0,0,-0,0,0,0,0,2,2,0.09632430268888,0
ood_combo,DS03,13,46,HPC_flow_mod,5,0,0,-0.000426688659870876,0,0,0,0,2,2,0.09632430268888,0
ood_combo,DS03,13,46,LPT_eff_mod,6,0,-0.0912645591239577,-0.107991022130515,1,1,2,2,2,2,0.09632430268888,0
ood_combo,DS03,13,46,LPT_flow_mod,7,0,-0.0440770785514461,-0.089169047104488,1,1,2,2,2,2,0.09632430268888,0
ood_combo,DS03,13,46,LPC_eff_mod,8,0,0,-0.000102013080951041,0,0,0,0,2,2,0.09632430268888,0
ood_combo,DS03,13,46,LPC_flow_mod,9,0,0,-0,0,0,0,0,2,2,0.09632430268888,0
ood_combo,DS03,13,47,HPT_eff_mod,1,0,-0.0974936220850797,-0.057735556656744,1,1,2,2,2,2,0.20056169119445,0
ood_combo,DS03,13,47,fan_eff_mod,2,0,0,-0,0,0,0,0,2,2,0.20056169119445,0
ood_combo,DS03,13,47,fan_flow_mod,3,0,0,-0,0,0,0,0,2,2,0.20056169119445,0
ood_combo,DS03,13,47,HPC_eff_mod,4,0,0,-0,0,0,0,0,2,2,0.20056169119445,0
ood_combo,DS03,13,47,HPC_flow_mod,5,0,0,-0.000426688659870876,0,0,0,0,2,2,0.20056169119445,0
ood_combo,DS03,13,47,LPT_eff_mod,6,0,-0.089231462127145,-0.107991022130515,1,1,2,2,2,2,0.20056169119445,0
ood_combo,DS03,13,47,LPT_flow_mod,7,0,-0.0653511675444159,-0.0998853523790229,1,1,2,2,2,2,0.20056169119445,0
ood_combo,DS03,13,47,LPC_eff_mod,8,0,0,-0.000102013080951041,0,0,0,0,2,2,0.20056169119445,0
ood_combo,DS03,13,47,LPC_flow_mod,9,0,0,-0,0,0,0,0,2,2,0.20056169119445,0
ood_combo,DS03,13,48,HPT_eff_mod,1,0,-0.105095108633189,-0.0698307427456317,1,1,2,2,2,2,0.118350440307622,0
ood_combo,DS03,13,48,fan_eff_mod,2,0,0,-0,0,0,0,0,2,2,0.118350440307622,0
ood_combo,DS03,13,48,fan_flow_mod,3,0,0,-0,0,0,0,0,2,2,0.118350440307622,0
ood_combo,DS03,13,48,HPC_eff_mod,4,0,0,-0,0,0,0,0,2,2,0.118350440307622,0
ood_combo,DS03,13,48,HPC_flow_mod,5,0,0,-0.000426688659870876,0,0,0,0,2,2,0.118350440307622,0
ood_combo,DS03,13,48,LPT_eff_mod,6,0,-0.10048584003673,-0.122890453886993,1,1,2,2,2,2,0.118350440307622,0
ood_combo,DS03,13,48,LPT_flow_mod,7,0,-0.0626570767492819,-0.0998853523790229,1,1,2,2,2,2,0.118350440307622,0
ood_combo,DS03,13,48,LPC_eff_mod,8,0,0,-0.000102013080951041,0,0,0,0,2,2,0.118350440307622,0
ood_combo,DS03,13,48,LPC_flow_mod,9,0,0,-0,0,0,0,0,2,2,0.118350440307622,0
ood_combo,DS03,13,49,HPT_eff_mod,1,0,-0.107666597696355,-0.0698307427456317,1,1,2,2,2,2,0.0942571189273523,0
ood_combo,DS03,13,49,fan_eff_mod,2,0,0,-0,0,0,0,0,2,2,0.0942571189273523,0
ood_combo,DS03,13,49,fan_flow_mod,3,0,0,-0,0,0,0,0,2,2,0.0942571189273523,0
ood_combo,DS03,13,49,HPC_eff_mod,4,0,0,-0,0,0,0,0,2,2,0.0942571189273523,0
ood_combo,DS03,13,49,HPC_flow_mod,5,0,0,-0.000426688659870876,0,0,0,0,2,2,0.0942571189273523,0
ood_combo,DS03,13,49,LPT_eff_mod,6,0,-0.109014349739732,-0.129089291955058,1,1,2,2,2,2,0.0942571189273523,0
ood_combo,DS03,13,49,LPT_flow_mod,7,0,-0.0460518176591585,-0.0998853523790229,1,1,2,2,2,2,0.0942571189273523,0
ood_combo,DS03,13,49,LPC_eff_mod,8,0,0,-0.000102013080951041,0,0,0,0,2,2,0.0942571189273523,0
ood_combo,DS03,13,49,LPC_flow_mod,9,0,0,-0,0,0,0,0,2,2,0.0942571189273523,0
ood_combo,DS03,13,50,HPT_eff_mod,1,0,-0.114493385375549,-0.0709534349899027,1,1,2,2,2,2,0.239145370295622,0
ood_combo,DS03,13,50,fan_eff_mod,2,0,0,-0,0,0,0,0,2,2,0.239145370295622,0
ood_combo,DS03,13,50,fan_flow_mod,3,0,0,-0,0,0,0,0,2,2,0.239145370295622,0
ood_combo,DS03,13,50,HPC_eff_mod,4,0,0,-0,0,0,0,0,2,2,0.239145370295622,0
ood_combo,DS03,13,50,HPC_flow_mod,5,0,0,-0.000426688659870876,0,0,0,0,2,2,0.239145370295622,0
ood_combo,DS03,13,50,LPT_eff_mod,6,0,-0.113910950176776,-0.129089291955058,1,1,2,2,2,2,0.239145370295622,0
ood_combo,DS03,13,50,LPT_flow_mod,7,0,-0.0773733350355232,-0.119597627611187,1,1,2,2,2,2,0.239145370295622,0
ood_combo,DS03,13,50,LPC_eff_mod,8,0,0,-0.000102013080951041,0,0,0,0,2,2,0.239145370295622,0
ood_combo,DS03,13,50,LPC_flow_mod,9,0,0,-0,0,0,0,0,2,2,0.239145370295622,0
ood_combo,DS03,13,51,HPT_eff_mod,1,0,-0.117096749387093,-0.0709534349899027,1,1,2,2,2,2,0.164455795716122,0
ood_combo,DS03,13,51,fan_eff_mod,2,0,0,-0,0,0,0,0,2,2,0.164455795716122,0
ood_combo,DS03,13,51,fan_flow_mod,3,0,0,-0,0,0,0,0,2,2,0.164455795716122,0
ood_combo,DS03,13,51,HPC_eff_mod,4,0,0,-0,0,0,0,0,2,2,0.164455795716122,0
ood_combo,DS03,13,51,HPC_flow_mod,5,0,0,-0.000426688659870876,0,0,0,0,2,2,0.164455795716122,0
ood_combo,DS03,13,51,LPT_eff_mod,6,0,-0.118980359708458,-0.133881852318123,1,1,2,2,2,2,0.164455795716122,0
ood_combo,DS03,13,51,LPT_flow_mod,7,0,-0.0647268511294235,-0.119597627611187,1,1,2,2,2,2,0.164455795716122,0
ood_combo,DS03,13,51,LPC_eff_mod,8,0,0,-0.000102013080951041,0,0,0,0,2,2,0.164455795716122,0
ood_combo,DS03,13,51,LPC_flow_mod,9,0,0,-0,0,0,0,0,2,2,0.164455795716122,0
ood_combo,DS03,13,52,HPT_eff_mod,1,0,-0.11358666552487,-0.0709534349899027,1,1,2,2,2,2,0.18794285267298,0
ood_combo,DS03,13,52,fan_eff_mod,2,0,0,-0,0,0,0,0,2,2,0.18794285267298,0
ood_combo,DS03,13,52,fan_flow_mod,3,0,0,-0,0,0,0,0,2,2,0.18794285267298,0
ood_combo,DS03,13,52,HPC_eff_mod,4,0,0,-0,0,0,0,0,2,2,0.18794285267298,0
ood_combo,DS03,13,52,HPC_flow_mod,5,0,0,-0.000426688659870876,0,0,0,0,2,2,0.18794285267298,0
ood_combo,DS03,13,52,LPT_eff_mod,6,0,-0.124487789981143,-0.133881852318123,1,1,2,2,2,2,0.18794285267298,0
ood_combo,DS03,13,52,LPT_flow_mod,7,0,-0.0605690319560167,-0.119597627611187,1,1,2,2,2,2,0.18794285267298,0
ood_combo,DS03,13,52,LPC_eff_mod,8,0,0,-0.000102013080951041,0,0,0,0,2,2,0.18794285267298,0
ood_combo,DS03,13,52,LPC_flow_mod,9,0,0,-0,0,0,0,0,2,2,0.18794285267298,0
ood_combo,DS03,13,53,HPT_eff_mod,1,0,-0.126644163143442,-0.0845108442900555,1,1,2,2,2,2,0.213467068035066,0
ood_combo,DS03,13,53,fan_eff_mod,2,0,0,-0,0,0,0,0,2,2,0.213467068035066,0
ood_combo,DS03,13,53,fan_flow_mod,3,0,0,-0,0,0,0,0,2,2,0.213467068035066,0
ood_combo,DS03,13,53,HPC_eff_mod,4,0,0,-0,0,0,0,0,2,2,0.213467068035066,0
ood_combo,DS03,13,53,HPC_flow_mod,5,0,0,-0.000426688659870876,0,0,0,0,2,2,0.213467068035066,0
ood_combo,DS03,13,53,LPT_eff_mod,6,0,-0.132919342865938,-0.143767166619111,1,1,2,2,2,2,0.213467068035066,0
ood_combo,DS03,13,53,LPT_flow_mod,7,0,-0.0623858140453722,-0.119597627611187,1,1,2,2,2,2,0.213467068035066,0
ood_combo,DS03,13,53,LPC_eff_mod,8,0,0,-0.000102013080951041,0,0,0,0,2,2,0.213467068035066,0
ood_combo,DS03,13,53,LPC_flow_mod,9,0,0,-0,0,0,0,0,2,2,0.213467068035066,0
ood_combo,DS03,13,54,HPT_eff_mod,1,0,-0.126223330837229,-0.084681222173516,1,1,2,2,2,3,0.173819325957702,0
ood_combo,DS03,13,54,fan_eff_mod,2,0,0,-0,0,0,0,0,2,3,0.173819325957702,0
ood_combo,DS03,13,54,fan_flow_mod,3,0,0,-0,0,0,0,0,2,3,0.173819325957702,0
ood_combo,DS03,13,54,HPC_eff_mod,4,0,0,-0,0,0,0,0,2,3,0.173819325957702,0
ood_combo,DS03,13,54,HPC_flow_mod,5,0,0,-0.000426688659870876,0,0,0,0,2,3,0.173819325957702,0
ood_combo,DS03,13,54,LPT_eff_mod,6,0,-0.145411377373281,-0.172009948764293,1,1,2,3,2,3,0.173819325957702,0
ood_combo,DS03,13,54,LPT_flow_mod,7,0,-0.0614013358561577,-0.119597627611187,1,1,2,2,2,3,0.173819325957702,0
ood_combo,DS03,13,54,LPC_eff_mod,8,0,0,-0.000102013080951041,0,0,0,0,2,3,0.173819325957702,0
ood_combo,DS03,13,54,LPC_flow_mod,9,0,0,-0,0,0,0,0,2,3,0.173819325957702,0
ood_combo,DS03,13,55,HPT_eff_mod,1,0,-0.151830013196298,-0.084681222173516,1,1,3,2,3,3,0.219814466737415,0
ood_combo,DS03,13,55,fan_eff_mod,2,0,0,-0,0,0,0,0,3,3,0.219814466737415,0
ood_combo,DS03,13,55,fan_flow_mod,3,0,0,-0,0,0,0,0,3,3,0.219814466737415,0
ood_combo,DS03,13,55,HPC_eff_mod,4,0,0,-0,0,0,0,0,3,3,0.219814466737415,0
ood_combo,DS03,13,55,HPC_flow_mod,5,0,0,-0.000426688659870876,0,0,0,0,3,3,0.219814466737415,0
ood_combo,DS03,13,55,LPT_eff_mod,6,0,-0.146078893025963,-0.172009948764293,1,1,2,3,3,3,0.219814466737415,0
ood_combo,DS03,13,55,LPT_flow_mod,7,0,-0.0839957637539807,-0.148052943072214,1,1,2,3,3,3,0.219814466737415,0
ood_combo,DS03,13,55,LPC_eff_mod,8,0,0,-0.000102013080951041,0,0,0,0,3,3,0.219814466737415,0
ood_combo,DS03,13,55,LPC_flow_mod,9,0,0,-0,0,0,0,0,3,3,0.219814466737415,0
ood_combo,DS03,13,56,HPT_eff_mod,1,0,-0.142573991785972,-0.084681222173516,1,1,3,2,3,3,0.118963885321285,0
ood_combo,DS03,13,56,fan_eff_mod,2,0,0,-0,0,0,0,0,3,3,0.118963885321285,0
ood_combo,DS03,13,56,fan_flow_mod,3,0,0,-0,0,0,0,0,3,3,0.118963885321285,0
ood_combo,DS03,13,56,HPC_eff_mod,4,0,0,-0,0,0,0,0,3,3,0.118963885321285,0
ood_combo,DS03,13,56,HPC_flow_mod,5,0,0,-0.000426688659870876,0,0,0,0,3,3,0.118963885321285,0
ood_combo,DS03,13,56,LPT_eff_mod,6,0,-0.165596752660128,-0.190565018617691,1,1,3,3,3,3,0.118963885321285,0
ood_combo,DS03,13,56,LPT_flow_mod,7,0,-0.0729152410398647,-0.148052943072214,1,1,2,3,3,3,0.118963885321285,0
ood_combo,DS03,13,56,LPC_eff_mod,8,0,0,-0.000102013080951041,0,0,0,0,3,3,0.118963885321285,0
ood_combo,DS03,13,56,LPC_flow_mod,9,0,0,-0,0,0,0,0,3,3,0.118963885321285,0
ood_combo,DS03,13,57,HPT_eff_mod,1,0,-0.159504070836647,-0.109571828215328,1,1,3,2,3,3,0.134830447921062,0
ood_combo,DS03,13,57,fan_eff_mod,2,0,0,-0,0,0,0,0,3,3,0.134830447921062,0
ood_combo,DS03,13,57,fan_flow_mod,3,0,0,-0,0,0,0,0,3,3,0.134830447921062,0
ood_combo,DS03,13,57,HPC_eff_mod,4,0,0,-0,0,0,0,0,3,3,0.134830447921062,0
ood_combo,DS03,13,57,HPC_flow_mod,5,0,0,-0.000426688659870876,0,0,0,0,3,3,0.134830447921062,0
ood_combo,DS03,13,57,LPT_eff_mod,6,0,-0.168813701598812,-0.202974909356498,1,1,3,3,3,3,0.134830447921062,0
ood_combo,DS03,13,57,LPT_flow_mod,7,0,-0.081838008485842,-0.148052943072214,1,1,2,3,3,3,0.134830447921062,0
ood_combo,DS03,13,57,LPC_eff_mod,8,0,0,-0.000102013080951041,0,0,0,0,3,3,0.134830447921062,0
ood_combo,DS03,13,57,LPC_flow_mod,9,0,0,-0,0,0,0,0,3,3,0.134830447921062,0
ood_combo,DS03,13,58,HPT_eff_mod,1,0,-0.160270439793005,-0.109571828215328,1,1,3,2,3,3,0.123243219175544,0
ood_combo,DS03,13,58,fan_eff_mod,2,0,0,-0,0,0,0,0,3,3,0.123243219175544,0
ood_combo,DS03,13,58,fan_flow_mod,3,0,0,-0,0,0,0,0,3,3,0.123243219175544,0
ood_combo,DS03,13,58,HPC_eff_mod,4,0,0,-0,0,0,0,0,3,3,0.123243219175544,0
ood_combo,DS03,13,58,HPC_flow_mod,5,0,0,-0.000426688659870876,0,0,0,0,3,3,0.123243219175544,0
ood_combo,DS03,13,58,LPT_eff_mod,6,0,-0.182253567484993,-0.220703307275799,1,1,3,3,3,3,0.123243219175544,0
ood_combo,DS03,13,58,LPT_flow_mod,7,0,-0.0874170615404044,-0.148052943072214,1,1,2,3,3,3,0.123243219175544,0
ood_combo,DS03,13,58,LPC_eff_mod,8,0,0,-0.000102013080951041,0,0,0,0,3,3,0.123243219175544,0
ood_combo,DS03,13,58,LPC_flow_mod,9,0,0,-0,0,0,0,0,3,3,0.123243219175544,0
ood_combo,DS03,13,59,HPT_eff_mod,1,0,-0.17006228748946,-0.109571828215328,1,1,3,2,3,3,0.170237257134449,0
ood_combo,DS03,13,59,fan_eff_mod,2,0,0,-0,0,0,0,0,3,3,0.170237257134449,0
ood_combo,DS03,13,59,fan_flow_mod,3,0,0,-0,0,0,0,0,3,3,0.170237257134449,0
ood_combo,DS03,13,59,HPC_eff_mod,4,0,0,-0,0,0,0,0,3,3,0.170237257134449,0
ood_combo,DS03,13,59,HPC_flow_mod,5,0,0,-0.000426688659870876,0,0,0,0,3,3,0.170237257134449,0
ood_combo,DS03,13,59,LPT_eff_mod,6,0,-0.198755472287799,-0.220703307275799,1,1,3,3,3,3,0.170237257134449,0
ood_combo,DS03,13,59,LPT_flow_mod,7,0,-0.0806424533821307,-0.148052943072214,1,1,2,3,3,3,0.170237257134449,0
ood_combo,DS03,13,59,LPC_eff_mod,8,0,0,-0.000102013080951041,0,0,0,0,3,3,0.170237257134449,0
ood_combo,DS03,13,59,LPC_flow_mod,9,0,0,-0,0,0,0,0,3,3,0.170237257134449,0
ood_combo,DS03,13,60,HPT_eff_mod,1,0,-0.188444114710804,-0.113168045164589,1,1,3,2,3,3,0.164125574845502,0
ood_combo,DS03,13,60,fan_eff_mod,2,0,0,-0,0,0,0,0,3,3,0.164125574845502,0
ood_combo,DS03,13,60,fan_flow_mod,3,0,0,-0,0,0,0,0,3,3,0.164125574845502,0
ood_combo,DS03,13,60,HPC_eff_mod,4,0,0,-0,0,0,0,0,3,3,0.164125574845502,0
ood_combo,DS03,13,60,HPC_flow_mod,5,0,0,-0.000426688659870876,0,0,0,0,3,3,0.164125574845502,0
ood_combo,DS03,13,60,LPT_eff_mod,6,0,-0.209799551880258,-0.232857304593888,1,1,3,3,3,3,0.164125574845502,0
ood_combo,DS03,13,60,LPT_flow_mod,7,0,-0.0777276597311355,-0.148052943072214,1,1,2,3,3,3,0.164125574845502,0
ood_combo,DS03,13,60,LPC_eff_mod,8,0,0,-0.000102013080951041,0,0,0,0,3,3,0.164125574845502,0
ood_combo,DS03,13,60,LPC_flow_mod,9,0,0,-0,0,0,0,0,3,3,0.164125574845502,0
ood_combo,DS03,13,61,HPT_eff_mod,1,0,-0.188071759848739,-0.138448080954652,1,1,3,2,3,3,0.1298954823762,0
ood_combo,DS03,13,61,fan_eff_mod,2,0,0,-0,0,0,0,0,3,3,0.1298954823762,0
ood_combo,DS03,13,61,fan_flow_mod,3,0,0,-0,0,0,0,0,3,3,0.1298954823762,0
ood_combo,DS03,13,61,HPC_eff_mod,4,0,0,-0,0,0,0,0,3,3,0.1298954823762,0
ood_combo,DS03,13,61,HPC_flow_mod,5,0,0,-0.000426688659870876,0,0,0,0,3,3,0.1298954823762,0
ood_combo,DS03,13,61,LPT_eff_mod,6,0,-0.223330029953556,-0.234214681906538,1,1,3,3,3,3,0.1298954823762,0
ood_combo,DS03,13,61,LPT_flow_mod,7,0,-0.0854735882139482,-0.148052943072214,1,1,2,3,3,3,0.1298954823762,0
ood_combo,DS03,13,61,LPC_eff_mod,8,0,0,-0.000102013080951041,0,0,0,0,3,3,0.1298954823762,0
ood_combo,DS03,13,61,LPC_flow_mod,9,0,0,-0,0,0,0,0,3,3,0.1298954823762,0
ood_combo,DS03,13,62,HPT_eff_mod,1,0,-0.205742751762687,-0.150773420983634,1,1,3,3,3,3,0.0676046260207731,0
ood_combo,DS03,13,62,fan_eff_mod,2,0,0,-0,0,0,0,0,3,3,0.0676046260207731,0
ood_combo,DS03,13,62,fan_flow_mod,3,0,0,-0,0,0,0,0,3,3,0.0676046260207731,0
ood_combo,DS03,13,62,HPC_eff_mod,4,0,0,-0,0,0,0,0,3,3,0.0676046260207731,0
ood_combo,DS03,13,62,HPC_flow_mod,5,0,0,-0.000426688659870876,0,0,0,0,3,3,0.0676046260207731,0
ood_combo,DS03,13,62,LPT_eff_mod,6,0,-0.237519280354201,-0.263498981304141,1,1,3,3,3,3,0.0676046260207731,0
ood_combo,DS03,13,62,LPT_flow_mod,7,0,-0.0841561374723659,-0.148052943072214,1,1,2,3,3,3,0.0676046260207731,0
ood_combo,DS03,13,62,LPC_eff_mod,8,0,0,-0.000102013080951041,0,0,0,0,3,3,0.0676046260207731,0
ood_combo,DS03,13,62,LPC_flow_mod,9,0,0,-0,0,0,0,0,3,3,0.0676046260207731,0
ood_combo,DS03,13,63,HPT_eff_mod,1,0,-0.204250428568835,-0.154007256280319,1,1,3,3,3,3,0.0666562874298617,0
ood_combo,DS03,13,63,fan_eff_mod,2,0,0,-0,0,0,0,0,3,3,0.0666562874298617,0
ood_combo,DS03,13,63,fan_flow_mod,3,0,0,-0,0,0,0,0,3,3,0.0666562874298617,0
ood_combo,DS03,13,63,HPC_eff_mod,4,0,0,-0,0,0,0,0,3,3,0.0666562874298617,0
ood_combo,DS03,13,63,HPC_flow_mod,5,0,0,-0.000426688659870876,0,0,0,0,3,3,0.0666562874298617,0
ood_combo,DS03,13,63,LPT_eff_mod,6,0,-0.255843724577629,-0.271103398063873,1,1,3,3,3,3,0.0666562874298617,0
ood_combo,DS03,13,63,LPT_flow_mod,7,0,-0.101490702305041,-0.148052943072214,1,1,2,3,3,3,0.0666562874298617,0
ood_combo,DS03,13,63,LPC_eff_mod,8,0,0,-0.000102013080951041,0,0,0,0,3,3,0.0666562874298617,0
ood_combo,DS03,13,63,LPC_flow_mod,9,0,0,-0,0,0,0,0,3,3,0.0666562874298617,0
ood_combo,DS03,13,64,HPT_eff_mod,1,0,-0.220880765278113,-0.154007256280319,1,1,3,3,3,3,0.106309234752348,0
ood_combo,DS03,13,64,fan_eff_mod,2,0,0,-0,0,0,0,0,3,3,0.106309234752348,0
ood_combo,DS03,13,64,fan_flow_mod,3,0,0,-0,0,0,0,0,3,3,0.106309234752348,0
ood_combo,DS03,13,64,HPC_eff_mod,4,0,0,-0,0,0,0,0,3,3,0.106309234752348,0
ood_combo,DS03,13,64,HPC_flow_mod,5,0,0,-0.000426688659870876,0,0,0,0,3,3,0.106309234752348,0
ood_combo,DS03,13,64,LPT_eff_mod,6,0,-0.262997141444644,-0.271103398063873,1,1,3,3,3,3,0.106309234752348,0
ood_combo,DS03,13,64,LPT_flow_mod,7,0,-0.0990805995346456,-0.159080368927773,1,1,2,3,3,3,0.106309234752348,0
ood_combo,DS03,13,64,LPC_eff_mod,8,0,0,-0.000102013080951041,0,0,0,0,3,3,0.106309234752348,0
ood_combo,DS03,13,64,LPC_flow_mod,9,0,0,-0,0,0,0,0,3,3,0.106309234752348,0
ood_combo,DS03,13,65,HPT_eff_mod,1,0,-0.233062003915944,-0.193583077574343,1,1,3,3,3,3,0.164776705623879,0
ood_combo,DS03,13,65,fan_eff_mod,2,0,0,-0,0,0,0,0,3,3,0.164776705623879,0
ood_combo,DS03,13,65,fan_flow_mod,3,0,0,-0,0,0,0,0,3,3,0.164776705623879,0
ood_combo,DS03,13,65,HPC_eff_mod,4,0,0,-0,0,0,0,0,3,3,0.164776705623879,0
ood_combo,DS03,13,65,HPC_flow_mod,5,0,0,-0.000426688659870876,0,0,0,0,3,3,0.164776705623879,0
ood_combo,DS03,13,65,LPT_eff_mod,6,0,-0.283994023550485,-0.314014597521049,1,1,3,3,3,3,0.164776705623879,0
ood_combo,DS03,13,65,LPT_flow_mod,7,0,-0.110299742999214,-0.161190490943308,1,1,2,3,3,3,0.164776705623879,0
ood_combo,DS03,13,65,LPC_eff_mod,8,0,0,-0.000102013080951041,0,0,0,0,3,3,0.164776705623879,0
ood_combo,DS03,13,65,LPC_flow_mod,9,0,0,-0,0,0,0,0,3,3,0.164776705623879,0
ood_combo,DS03,13,66,HPT_eff_mod,1,0,-0.240169018221643,-0.193583077574343,1,1,3,3,3,3,0.144936440070223,0
ood_combo,DS03,13,66,fan_eff_mod,2,0,0,-0,0,0,0,0,3,3,0.144936440070223,0
ood_combo,DS03,13,66,fan_flow_mod,3,0,0,-0,0,0,0,0,3,3,0.144936440070223,0
ood_combo,DS03,13,66,HPC_eff_mod,4,0,0,-0,0,0,0,0,3,3,0.144936440070223,0
ood_combo,DS03,13,66,HPC_flow_mod,5,0,0,-0.000426688659870876,0,0,0,0,3,3,0.144936440070223,0
ood_combo,DS03,13,66,LPT_eff_mod,6,0,-0.301065379815813,-0.320216364415711,1,1,3,3,3,3,0.144936440070223,0
ood_combo,DS03,13,66,LPT_flow_mod,7,0,-0.116375439243545,-0.161190490943308,1,1,2,3,3,3,0.144936440070223,0
ood_combo,DS03,13,66,LPC_eff_mod,8,0,0,-0.00052669909961943,0,0,0,0,3,3,0.144936440070223,0
ood_combo,DS03,13,66,LPC_flow_mod,9,0,0,-0,0,0,0,0,3,3,0.144936440070223,0
ood_combo,DS03,13,67,HPT_eff_mod,1,0,-0.257124651669645,-0.22373636597343,1,1,3,3,3,3,0.220445817174269,0
ood_combo,DS03,13,67,fan_eff_mod,2,0,0,-0,0,0,0,0,3,3,0.220445817174269,0
ood_combo,DS03,13,67,fan_flow_mod,3,0,0,-0,0,0,0,0,3,3,0.220445817174269,0
ood_combo,DS03,13,67,HPC_eff_mod,4,0,0,-0.000912809118016097,0,0,0,0,3,3,0.220445817174269,0
ood_combo,DS03,13,67,HPC_flow_mod,5,0,0,-0.000426688659870876,0,0,0,0,3,3,0.220445817174269,0
ood_combo,DS03,13,67,LPT_eff_mod,6,0,-0.318769150358414,-0.353142227333056,1,1,3,3,3,3,0.220445817174269,0
ood_combo,DS03,13,67,LPT_flow_mod,7,0,-0.118267468891564,-0.161190490943308,1,1,2,3,3,3,0.220445817174269,0
ood_combo,DS03,13,67,LPC_eff_mod,8,0,0,-0.00052669909961943,0,0,0,0,3,3,0.220445817174269,0
ood_combo,DS03,13,67,LPC_flow_mod,9,0,0,-0,0,0,0,0,3,3,0.220445817174269,0
ood_combo,DS03,13,68,HPT_eff_mod,1,0,-0.264826027507172,-0.22373636597343,1,1,3,3,3,3,0.207648658341015,0
ood_combo,DS03,13,68,fan_eff_mod,2,0,0,-0,0,0,0,0,3,3,0.207648658341015,0
ood_combo,DS03,13,68,fan_flow_mod,3,0,0,-0.00072651431885517,0,0,0,0,3,3,0.207648658341015,0
ood_combo,DS03,13,68,HPC_eff_mod,4,0,0,-0.000912809118016097,0,0,0,0,3,3,0.207648658341015,0
ood_combo,DS03,13,68,HPC_flow_mod,5,0,0,-0.000426688659870876,0,0,0,0,3,3,0.207648658341015,0
ood_combo,DS03,13,68,LPT_eff_mod,6,0,-0.33824488672558,-0.353142227333056,1,1,3,3,3,3,0.207648658341015,0
ood_combo,DS03,13,68,LPT_flow_mod,7,0,-0.130246984003383,-0.165472542419993,1,1,2,3,3,3,0.207648658341015,0
ood_combo,DS03,13,68,LPC_eff_mod,8,0,0,-0.00052669909961943,0,0,0,0,3,3,0.207648658341015,0
ood_combo,DS03,13,68,LPC_flow_mod,9,0,0,-0,0,0,0,0,3,3,0.207648658341015,0
ood_combo,DS03,13,69,HPT_eff_mod,1,0,-0.279679752866153,-0.241330207127923,1,1,3,3,3,3,0.160724147425967,0
ood_combo,DS03,13,69,fan_eff_mod,2,0,0,-0,0,0,0,0,3,3,0.160724147425967,0
ood_combo,DS03,13,69,fan_flow_mod,3,0,0,-0.00072651431885517,0,0,0,0,3,3,0.160724147425967,0
ood_combo,DS03,13,69,HPC_eff_mod,4,0,0,-0.000912809118016097,0,0,0,0,3,3,0.160724147425967,0
ood_combo,DS03,13,69,HPC_flow_mod,5,0,0,-0.000426688659870876,0,0,0,0,3,3,0.160724147425967,0
ood_combo,DS03,13,69,LPT_eff_mod,6,0,-0.35953266909418,-0.380234734189397,1,1,3,3,3,3,0.160724147425967,0
ood_combo,DS03,13,69,LPT_flow_mod,7,0,-0.120050198035654,-0.165472542419993,1,1,2,3,3,3,0.160724147425967,0
ood_combo,DS03,13,69,LPC_eff_mod,8,0,0,-0.00052669909961943,0,0,0,0,3,3,0.160724147425967,0
ood_combo,DS03,13,69,LPC_flow_mod,9,0,0,-0,0,0,0,0,3,3,0.160724147425967,0
ood_combo,DS03,13,70,HPT_eff_mod,1,0,-0.306079280525232,-0.267637645490687,1,1,3,3,3,3,0.217984306856112,0
ood_combo,DS03,13,70,fan_eff_mod,2,0,0,-0,0,0,0,0,3,3,0.217984306856112,0
ood_combo,DS03,13,70,fan_flow_mod,3,0,0,-0.00072651431885517,0,0,0,0,3,3,0.217984306856112,0
ood_combo,DS03,13,70,HPC_eff_mod,4,0,0,-0.00382022310011344,0,0,0,0,3,3,0.217984306856112,0
ood_combo,DS03,13,70,HPC_flow_mod,5,0,0,-0.000426688659870876,0,0,0,0,3,3,0.217984306856112,0
ood_combo,DS03,13,70,LPT_eff_mod,6,0,-0.382341782024315,-0.401745302246345,1,1,3,3,3,3,0.217984306856112,0
ood_combo,DS03,13,70,LPT_flow_mod,7,0,-0.141090878415833,-0.165472542419993,1,1,2,3,3,3,0.217984306856112,0
ood_combo,DS03,13,70,LPC_eff_mod,8,0,0,-0.00052669909961943,0,0,0,0,3,3,0.217984306856112,0
ood_combo,DS03,13,70,LPC_flow_mod,9,0,0,-0,0,0,0,0,3,3,0.217984306856112,0
ood_combo,DS03,13,71,HPT_eff_mod,1,0,-0.307045503943274,-0.267637645490687,1,1,3,3,3,3,0.283911870970383,0
ood_combo,DS03,13,71,fan_eff_mod,2,0,0,-0,0,0,0,0,3,3,0.283911870970383,0
ood_combo,DS03,13,71,fan_flow_mod,3,0,0,-0.000863771626683871,0,0,0,0,3,3,0.283911870970383,0
ood_combo,DS03,13,71,HPC_eff_mod,4,0,0,-0.00382022310011344,0,0,0,0,3,3,0.283911870970383,0
ood_combo,DS03,13,71,HPC_flow_mod,5,0,0,-0.000426688659870876,0,0,0,0,3,3,0.283911870970383,0
ood_combo,DS03,13,71,LPT_eff_mod,6,0,-0.406718249315587,-0.401745302246345,1,1,3,3,3,3,0.283911870970383,0
ood_combo,DS03,13,71,LPT_flow_mod,7,0,-0.130060692782696,-0.165472542419993,1,1,2,3,3,3,0.283911870970383,0
ood_combo,DS03,13,71,LPC_eff_mod,8,0,0,-0.00052669909961943,0,0,0,0,3,3,0.283911870970383,0
ood_combo,DS03,13,71,LPC_flow_mod,9,0,0,-0.00321360494205413,0,0,0,0,3,3,0.283911870970383,0
ood_combo,DS03,13,72,HPT_eff_mod,1,0,-0.329462903218569,-0.267637645490687,1,1,3,3,3,3,0.397824660709068,1
ood_combo,DS03,13,72,fan_eff_mod,2,0,0,-0.000262261277542624,0,0,0,0,3,3,0.397824660709068,1
ood_combo,DS03,13,72,fan_flow_mod,3,0,0,-0.000863771626683871,0,0,0,0,3,3,0.397824660709068,1
ood_combo,DS03,13,72,HPC_eff_mod,4,0,0,-0.00382022310011344,0,0,0,0,3,3,0.397824660709068,1
ood_combo,DS03,13,72,HPC_flow_mod,5,0,0,-0.000589463121256637,0,0,0,0,3,3,0.397824660709068,1
ood_combo,DS03,13,72,LPT_eff_mod,6,0,-0.434463174479092,-0.417526071044346,1,1,3,3,3,3,0.397824660709068,1
ood_combo,DS03,13,72,LPT_flow_mod,7,0,-0.138496910841689,-0.176241835820351,1,1,2,3,3,3,0.397824660709068,1
ood_combo,DS03,13,72,LPC_eff_mod,8,0,0,-0.00343390552489003,0,0,0,0,3,3,0.397824660709068,1
ood_combo,DS03,13,72,LPC_flow_mod,9,0,0,-0.00321360494205413,0,0,0,0,3,3,0.397824660709068,1
ood_combo,DS03,13,73,HPT_eff_mod,1,0,-0.342471703797115,-0.267637645490687,1,1,3,3,3,3,0.225623511961922,0
ood_combo,DS03,13,73,fan_eff_mod,2,0,0,-0.000262261277542624,0,0,0,0,3,3,0.225623511961922,0
ood_combo,DS03,13,73,fan_flow_mod,3,0,0,-0.000863771626683871,0,0,0,0,3,3,0.225623511961922,0
ood_combo,DS03,13,73,HPC_eff_mod,4,0,0,-0.00382022310011344,0,0,0,0,3,3,0.225623511961922,0
ood_combo,DS03,13,73,HPC_flow_mod,5,0,0,-0.000589463121256637,0,0,0,0,3,3,0.225623511961922,0
ood_combo,DS03,13,73,LPT_eff_mod,6,0,-0.457972724616529,-0.526538337319614,1,1,3,3,3,3,0.225623511961922,0
ood_combo,DS03,13,73,LPT_flow_mod,7,0,-0.135867765261282,-0.229861469537411,1,1,2,3,3,3,0.225623511961922,0
ood_combo,DS03,13,73,LPC_eff_mod,8,0,0,-0.00343390552489003,0,0,0,0,3,3,0.225623511961922,0
ood_combo,DS03,13,73,LPC_flow_mod,9,0,0,-0.00321360494205413,0,0,0,0,3,3,0.225623511961922,0
ood_combo,DS03,13,74,HPT_eff_mod,1,0,-0.353575271211188,-0.267637645490687,1,1,3,3,3,3,0.143612930243909,0
ood_combo,DS03,13,74,fan_eff_mod,2,0,0,-0.000262261277542624,0,0,0,0,3,3,0.143612930243909,0
ood_combo,DS03,13,74,fan_flow_mod,3,0,0,-0.000863771626683871,0,0,0,0,3,3,0.143612930243909,0
ood_combo,DS03,13,74,HPC_eff_mod,4,0,0,-0.00382022310011344,0,0,0,0,3,3,0.143612930243909,0
ood_combo,DS03,13,74,HPC_flow_mod,5,0,0,-0.000589463121256637,0,0,0,0,3,3,0.143612930243909,0
ood_combo,DS03,13,74,LPT_eff_mod,6,0,-0.491627218363816,-0.557703729545399,1,1,3,3,3,3,0.143612930243909,0
ood_combo,DS03,13,74,LPT_flow_mod,7,0,-0.152208181056541,-0.2552195022654,1,1,3,3,3,3,0.143612930243909,0
ood_combo,DS03,13,74,LPC_eff_mod,8,0,0,-0.00343390552489003,0,0,0,0,3,3,0.143612930243909,0
ood_combo,DS03,13,74,LPC_flow_mod,9,0,0,-0.00321360494205413,0,0,0,0,3,3,0.143612930243909,0
ood_combo,DS03,13,75,HPT_eff_mod,1,0,-0.370938380241049,-0.267637645490687,1,1,3,3,3,3,0.26542261620483,0
ood_combo,DS03,13,75,fan_eff_mod,2,0,0,-0.000262261277542624,0,0,0,0,3,3,0.26542261620483,0
ood_combo,DS03,13,75,fan_flow_mod,3,0,0,-0.000863771626683871,0,0,0,0,3,3,0.26542261620483,0
ood_combo,DS03,13,75,HPC_eff_mod,4,0,0,-0.00382022310011344,0,0,0,0,3,3,0.26542261620483,0
ood_combo,DS03,13,75,HPC_flow_mod,5,0,0,-0.000589463121256637,0,0,0,0,3,3,0.26542261620483,0
ood_combo,DS03,13,75,LPT_eff_mod,6,0,-0.52542564069602,-0.61682067553963,1,1,3,3,3,3,0.26542261620483,0
ood_combo,DS03,13,75,LPT_flow_mod,7,0,-0.151886203050501,-0.281218321340278,1,1,3,3,3,3,0.26542261620483,0
ood_combo,DS03,13,75,LPC_eff_mod,8,0,0,-0.00343390552489003,0,0,0,0,3,3,0.26542261620483,0
ood_combo,DS03,13,75,LPC_flow_mod,9,0,0,-0.00501584902854852,0,0,0,0,3,3,0.26542261620483,0
ood_combo,DS03,13,76,HPT_eff_mod,1,0,-0.393316595495088,-0.267637645490687,1,1,3,3,3,3,0.0472141390056406,0
ood_combo,DS03,13,76,fan_eff_mod,2,0,0,-0.000262261277542624,0,0,0,0,3,3,0.0472141390056406,0
ood_combo,DS03,13,76,fan_flow_mod,3,0,0,-0.000863771626683871,0,0,0,0,3,3,0.0472141390056406,0
ood_combo,DS03,13,76,HPC_eff_mod,4,0,0,-0.00382022310011344,0,0,0,0,3,3,0.0472141390056406,0
ood_combo,DS03,13,76,HPC_flow_mod,5,0,0,-0.000589463121256637,0,0,0,0,3,3,0.0472141390056406,0
ood_combo,DS03,13,76,LPT_eff_mod,6,0,-0.555393251236657,-0.61682067553963,1,1,3,3,3,3,0.0472141390056406,0
ood_combo,DS03,13,76,LPT_flow_mod,7,0,-0.170173911205978,-0.311233447346606,1,1,3,3,3,3,0.0472141390056406,0
ood_combo,DS03,13,76,LPC_eff_mod,8,0,0,-0.00343390552489003,0,0,0,0,3,3,0.0472141390056406,0
ood_combo,DS03,13,76,LPC_flow_mod,9,0,0,-0.00501584902854852,0,0,0,0,3,3,0.0472141390056406,0
ood_combo,DS03,13,77,HPT_eff_mod,1,0,-0.415138802530215,-0.288754192035487,1,1,3,3,3,3,0.127902238523743,0
ood_combo,DS03,13,77,fan_eff_mod,2,0,0,-0.000262261277542624,0,0,0,0,3,3,0.127902238523743,0
ood_combo,DS03,13,77,fan_flow_mod,3,0,0,-0.000863771626683871,0,0,0,0,3,3,0.127902238523743,0
ood_combo,DS03,13,77,HPC_eff_mod,4,0,0,-0.00382022310011344,0,0,0,0,3,3,0.127902238523743,0
ood_combo,DS03,13,77,HPC_flow_mod,5,0,0,-0.000589463121256637,0,0,0,0,3,3,0.127902238523743,0
ood_combo,DS03,13,77,LPT_eff_mod,6,0,-0.589685010014352,-0.672962225573014,1,1,3,3,3,3,0.127902238523743,0
ood_combo,DS03,13,77,LPT_flow_mod,7,0,-0.158137492590228,-0.311233447346606,1,1,3,3,3,3,0.127902238523743,0
ood_combo,DS03,13,77,LPC_eff_mod,8,0,0,-0.00343390552489003,0,0,0,0,3,3,0.127902238523743,0
ood_combo,DS03,13,77,LPC_flow_mod,9,0,0,-0.00501584902854852,0,0,0,0,3,3,0.127902238523743,0
ood_combo,DS03,14,1,HPT_eff_mod,1,1,-0.00124471493296571,-0,0,0,0,0,0,0,0.147599776873057,0
ood_combo,DS03,14,1,fan_eff_mod,2,1,0,-0,0,0,0,0,0,0,0.147599776873057,0
ood_combo,DS03,14,1,fan_flow_mod,3,1,0,-0,0,0,0,0,0,0,0.147599776873057,0
ood_combo,DS03,14,1,HPC_eff_mod,4,1,0,-0,0,0,0,0,0,0,0.147599776873057,0
ood_combo,DS03,14,1,HPC_flow_mod,5,1,0,-0,0,0,0,0,0,0,0.147599776873057,0
ood_combo,DS03,14,1,LPT_eff_mod,6,1,0.00108970190566666,-0,0,0,0,0,0,0,0.147599776873057,0
ood_combo,DS03,14,1,LPT_flow_mod,7,1,-0.00370688783967513,-0,0,0,0,0,0,0,0.147599776873057,0
ood_combo,DS03,14,1,LPC_eff_mod,8,1,0,-0,0,0,0,0,0,0,0.147599776873057,0
ood_combo,DS03,14,1,LPC_flow_mod,9,1,0,-0,0,0,0,0,0,0,0.147599776873057,0
ood_combo,DS03,14,2,HPT_eff_mod,1,1,-0.00460150648652801,-0,0,0,0,0,0,0,0.1404453741262,0
ood_combo,DS03,14,2,fan_eff_mod,2,1,0,-0,0,0,0,0,0,0,0.1404453741262,0
ood_combo,DS03,14,2,fan_flow_mod,3,1,0,-0,0,0,0,0,0,0,0.1404453741262,0
ood_combo,DS03,14,2,HPC_eff_mod,4,1,0,-0,0,0,0,0,0,0,0.1404453741262,0
ood_combo,DS03,14,2,HPC_flow_mod,5,1,0,-0,0,0,0,0,0,0,0.1404453741262,0
ood_combo,DS03,14,2,LPT_eff_mod,6,1,-0.00253798751690675,-0,0,0,0,0,0,0,0.1404453741262,0
ood_combo,DS03,14,2,LPT_flow_mod,7,1,0.00275207771038021,-0,0,0,0,0,0,0,0.1404453741262,0
ood_combo,DS03,14,2,LPC_eff_mod,8,1,0,-0,0,0,0,0,0,0,0.1404453741262,0
ood_combo,DS03,14,2,LPC_flow_mod,9,1,0,-0,0,0,0,0,0,0,0.1404453741262,0
ood_combo,DS03,14,3,HPT_eff_mod,1,1,0.00584622141949299,-0,0,0,0,0,0,0,0.0858248754514621,0
ood_combo,DS03,14,3,fan_eff_mod,2,1,0,-0,0,0,0,0,0,0,0.0858248754514621,0
ood_combo,DS03,14,3,fan_flow_mod,3,1,0,-0,0,0,0,0,0,0,0.0858248754514621,0
ood_combo,DS03,14,3,HPC_eff_mod,4,1,0,-0,0,0,0,0,0,0,0.0858248754514621,0
ood_combo,DS03,14,3,HPC_flow_mod,5,1,0,-0,0,0,0,0,0,0,0.0858248754514621,0
ood_combo,DS03,14,3,LPT_eff_mod,6,1,0.0014482856112409,-0,0,0,0,0,0,0,0.0858248754514621,0
ood_combo,DS03,14,3,LPT_flow_mod,7,1,0.000954810129294695,-0,0,0,0,0,0,0,0.0858248754514621,0
ood_combo,DS03,14,3,LPC_eff_mod,8,1,0,-0,0,0,0,0,0,0,0.0858248754514621,0
ood_combo,DS03,14,3,LPC_flow_mod,9,1,0,-0,0,0,0,0,0,0,0.0858248754514621,0
ood_combo,DS03,14,4,HPT_eff_mod,1,1,0.0023901841496012,-0,0,0,0,0,0,0,0.222477890569389,0
ood_combo,DS03,14,4,fan_eff_mod,2,1,0,-0,0,0,0,0,0,0,0.222477890569389,0
ood_combo,DS03,14,4,fan_flow_mod,3,1,0,-0,0,0,0,0,0,0,0.222477890569389,0
ood_combo,DS03,14,4,HPC_eff_mod,4,1,0,-0,0,0,0,0,0,0,0.222477890569389,0
ood_combo,DS03,14,4,HPC_flow_mod,5,1,0,-0,0,0,0,0,0,0,0.222477890569389,0
ood_combo,DS03,14,4,LPT_eff_mod,6,1,-0.00343800969460278,-0,0,0,0,0,0,0,0.222477890569389,0
ood_combo,DS03,14,4,LPT_flow_mod,7,1,-0.00933017338640988,-0.00701380958887434,0,0,0,0,0,0,0.222477890569389,0
ood_combo,DS03,14,4,LPC_eff_mod,8,1,0,-0,0,0,0,0,0,0,0.222477890569389,0
ood_combo,DS03,14,4,LPC_flow_mod,9,1,0,-0,0,0,0,0,0,0,0.222477890569389,0
ood_combo,DS03,14,5,HPT_eff_mod,1,1,0.00533653718662707,-0,0,0,0,0,0,0,0.114028083712639,0
ood_combo,DS03,14,5,fan_eff_mod,2,1,0,-0,0,0,0,0,0,0,0.114028083712639,0
ood_combo,DS03,14,5,fan_flow_mod,3,1,0,-0,0,0,0,0,0,0,0.114028083712639,0
ood_combo,DS03,14,5,HPC_eff_mod,4,1,0,-0,0,0,0,0,0,0,0.114028083712639,0
ood_combo,DS03,14,5,HPC_flow_mod,5,1,0,-0,0,0,0,0,0,0,0.114028083712639,0
ood_combo,DS03,14,5,LPT_eff_mod,6,1,-0.00434663472556904,-0,0,0,0,0,0,0,0.114028083712639,0
ood_combo,DS03,14,5,LPT_flow_mod,7,1,-0.00937983150402389,-0.00701380958887434,0,0,0,0,0,0,0.114028083712639,0
ood_combo,DS03,14,5,LPC_eff_mod,8,1,0,-0,0,0,0,0,0,0,0.114028083712639,0
ood_combo,DS03,14,5,LPC_flow_mod,9,1,0,-0,0,0,0,0,0,0,0.114028083712639,0
ood_combo,DS03,14,6,HPT_eff_mod,1,1,-0.0083049316727261,-0,0,0,0,0,0,0,0.144209290348733,0
ood_combo,DS03,14,6,fan_eff_mod,2,1,0,-0,0,0,0,0,0,0,0.144209290348733,0
ood_combo,DS03,14,6,fan_flow_mod,3,1,0,-0,0,0,0,0,0,0,0.144209290348733,0
ood_combo,DS03,14,6,HPC_eff_mod,4,1,0,-0,0,0,0,0,0,0,0.144209290348733,0
ood_combo,DS03,14,6,HPC_flow_mod,5,1,0,-0,0,0,0,0,0,0,0.144209290348733,0
ood_combo,DS03,14,6,LPT_eff_mod,6,1,-0.000395024311490378,-0,0,0,0,0,0,0,0.144209290348733,0
ood_combo,DS03,14,6,LPT_flow_mod,7,1,-0.00586665617947873,-0.00864991624075085,0,0,0,0,0,0,0.144209290348733,0
ood_combo,DS03,14,6,LPC_eff_mod,8,1,0,-0,0,0,0,0,0,0,0.144209290348733,0
ood_combo,DS03,14,6,LPC_flow_mod,9,1,0,-0,0,0,0,0,0,0,0.144209290348733,0
ood_combo,DS03,14,7,HPT_eff_mod,1,1,-0.000778805186035188,-0,0,0,0,0,0,0,0.273511485911408,0
ood_combo,DS03,14,7,fan_eff_mod,2,1,0,-0,0,0,0,0,0,0,0.273511485911408,0
ood_combo,DS03,14,7,fan_flow_mod,3,1,0,-0,0,0,0,0,0,0,0.273511485911408,0
ood_combo,DS03,14,7,HPC_eff_mod,4,1,0,-0,0,0,0,0,0,0,0.273511485911408,0
ood_combo,DS03,14,7,HPC_flow_mod,5,1,0,-0,0,0,0,0,0,0,0.273511485911408,0
ood_combo,DS03,14,7,LPT_eff_mod,6,1,-0.000392777688461174,-0,0,0,0,0,0,0,0.273511485911408,0
ood_combo,DS03,14,7,LPT_flow_mod,7,1,-0.00733562805419397,-0.00864991624075085,0,0,0,0,0,0,0.273511485911408,0
ood_combo,DS03,14,7,LPC_eff_mod,8,1,0,-0,0,0,0,0,0,0,0.273511485911408,0
ood_combo,DS03,14,7,LPC_flow_mod,9,1,0,-0,0,0,0,0,0,0,0.273511485911408,0
ood_combo,DS03,14,8,HPT_eff_mod,1,1,0.00568199188357565,-0,0,0,0,0,0,0,0.16371641040574,0
ood_combo,DS03,14,8,fan_eff_mod,2,1,0,-0,0,0,0,0,0,0,0.16371641040574,0
ood_combo,DS03,14,8,fan_flow_mod,3,1,0,-0,0,0,0,0,0,0,0.16371641040574,0
ood_combo,DS03,14,8,HPC_eff_mod,4,1,0,-0,0,0,0,0,0,0,0.16371641040574,0
ood_combo,DS03,14,8,HPC_flow_mod,5,1,0,-0,0,0,0,0,0,0,0.16371641040574,0
ood_combo,DS03,14,8,LPT_eff_mod,6,1,-0.00102726190000118,-0.0048356505193837,0,0,0,0,0,0,0.16371641040574,0
ood_combo,DS03,14,8,LPT_flow_mod,7,1,-0.00634570663464398,-0.00864991624075085,0,0,0,0,0,0,0.16371641040574,0
ood_combo,DS03,14,8,LPC_eff_mod,8,1,0,-0.000161291827788194,0,0,0,0,0,0,0.16371641040574,0
ood_combo,DS03,14,8,LPC_flow_mod,9,1,0,-0,0,0,0,0,0,0,0.16371641040574,0
ood_combo,DS03,14,9,HPT_eff_mod,1,1,-0.00326143736612379,-0,0,0,0,0,0,0,0.0997781058604678,0
ood_combo,DS03,14,9,fan_eff_mod,2,1,0,-0,0,0,0,0,0,0,0.0997781058604678,0
ood_combo,DS03,14,9,fan_flow_mod,3,1,0,-0,0,0,0,0,0,0,0.0997781058604678,0
ood_combo,DS03,14,9,HPC_eff_mod,4,1,0,-0,0,0,0,0,0,0,0.0997781058604678,0
ood_combo,DS03,14,9,HPC_flow_mod,5,1,0,-0,0,0,0,0,0,0,0.0997781058604678,0
ood_combo,DS03,14,9,LPT_eff_mod,6,1,0.000997804774404493,-0.0048356505193837,0,0,0,0,0,0,0.0997781058604678,0
ood_combo,DS03,14,9,LPT_flow_mod,7,1,-0.00904147562283376,-0.00982462680180617,0,0,0,0,0,0,0.0997781058604678,0
ood_combo,DS03,14,9,LPC_eff_mod,8,1,0,-0.000161291827788194,0,0,0,0,0,0,0.0997781058604678,0
ood_combo,DS03,14,9,LPC_flow_mod,9,1,0,-0,0,0,0,0,0,0,0.0997781058604678,0
ood_combo,DS03,14,10,HPT_eff_mod,1,1,-0.00986623039643919,-0.00126509207985895,0,0,0,0,0,0,0.110917235587116,0
ood_combo,DS03,14,10,fan_eff_mod,2,1,0,-0,0,0,0,0,0,0,0.110917235587116,0
ood_combo,DS03,14,10,fan_flow_mod,3,1,0,-0,0,0,0,0,0,0,0.110917235587116,0
ood_combo,DS03,14,10,HPC_eff_mod,4,1,0,-0,0,0,0,0,0,0,0.110917235587116,0
ood_combo,DS03,14,10,HPC_flow_mod,5,1,0,-0,0,0,0,0,0,0,0.110917235587116,0
ood_combo,DS03,14,10,LPT_eff_mod,6,1,-0.0055700466592523,-0.0048356505193837,0,0,0,0,0,0,0.110917235587116,0
ood_combo,DS03,14,10,LPT_flow_mod,7,1,-0.00326289998337946,-0.00982462680180617,0,0,0,0,0,0,0.110917235587116,0
ood_combo,DS03,14,10,LPC_eff_mod,8,1,0,-0.000161291827788194,0,0,0,0,0,0,0.110917235587116,0
ood_combo,DS03,14,10,LPC_flow_mod,9,1,0,-0,0,0,0,0,0,0,0.110917235587116,0
ood_combo,DS03,14,11,HPT_eff_mod,1,1,-0.00370130368309186,-0.00126509207985895,0,0,0,0,0,0,0.151299013559454,0
ood_combo,DS03,14,11,fan_eff_mod,2,1,0,-0,0,0,0,0,0,0,0.151299013559454,0
ood_combo,DS03,14,11,fan_flow_mod,3,1,0,-0,0,0,0,0,0,0,0.151299013559454,0
ood_combo,DS03,14,11,HPC_eff_mod,4,1,0,-0,0,0,0,0,0,0,0.151299013559454,0
ood_combo,DS03,14,11,HPC_flow_mod,5,1,0,-0,0,0,0,0,0,0,0.151299013559454,0
ood_combo,DS03,14,11,LPT_eff_mod,6,1,-0.00482504269598383,-0.0048356505193837,0,0,0,0,0,0,0.151299013559454,0
ood_combo,DS03,14,11,LPT_flow_mod,7,1,-0.00632837218381425,-0.0101246181903257,0,0,0,0,0,0,0.151299013559454,0
ood_combo,DS03,14,11,LPC_eff_mod,8,1,0,-0.000161291827788194,0,0,0,0,0,0,0.151299013559454,0
ood_combo,DS03,14,11,LPC_flow_mod,9,1,0,-0,0,0,0,0,0,0,0.151299013559454,0
ood_combo,DS03,14,12,HPT_eff_mod,1,1,-0.00362569653738782,-0.00126509207985895,0,0,0,0,0,0,0.125299226651343,0
ood_combo,DS03,14,12,fan_eff_mod,2,1,0,-0,0,0,0,0,0,0,0.125299226651343,0
ood_combo,DS03,14,12,fan_flow_mod,3,1,0,-0,0,0,0,0,0,0,0.125299226651343,0
ood_combo,DS03,14,12,HPC_eff_mod,4,1,0,-0,0,0,0,0,0,0,0.125299226651343,0
ood_combo,DS03,14,12,HPC_flow_mod,5,1,0,-0,0,0,0,0,0,0,0.125299226651343,0
ood_combo,DS03,14,12,LPT_eff_mod,6,1,-0.00596022581411427,-0.0048356505193837,0,0,0,0,0,0,0.125299226651343,0
ood_combo,DS03,14,12,LPT_flow_mod,7,1,-0.00876468154472454,-0.0109106339311925,0,0,0,0,0,0,0.125299226651343,0
ood_combo,DS03,14,12,LPC_eff_mod,8,1,0,-0.000161291827788194,0,0,0,0,0,0,0.125299226651343,0
ood_combo,DS03,14,12,LPC_flow_mod,9,1,0,-0,0,0,0,0,0,0,0.125299226651343,0
ood_combo,DS03,14,13,HPT_eff_mod,1,1,-0.0180482525181469,-0.00126509207985895,0,0,0,0,0,0,0.226570948855605,0
ood_combo,DS03,14,13,fan_eff_mod,2,1,0,-0,0,0,0,0,0,0,0.226570948855605,0
ood_combo,DS03,14,13,fan_flow_mod,3,1,0,-0,0,0,0,0,0,0,0.226570948855605,0
ood_combo,DS03,14,13,HPC_eff_mod,4,1,0,-0,0,0,0,0,0,0,0.226570948855605,0
ood_combo,DS03,14,13,HPC_flow_mod,5,1,0,-0,0,0,0,0,0,0,0.226570948855605,0
ood_combo,DS03,14,13,LPT_eff_mod,6,1,-0.00677226992623382,-0.0048356505193837,0,0,0,0,0,0,0.226570948855605,0
ood_combo,DS03,14,13,LPT_flow_mod,7,1,-0.00929559644088505,-0.0212007824608146,0,0,0,0,0,0,0.226570948855605,0
ood_combo,DS03,14,13,LPC_eff_mod,8,1,0,-0.000161291827788194,0,0,0,0,0,0,0.226570948855605,0
ood_combo,DS03,14,13,LPC_flow_mod,9,1,0,-0,0,0,0,0,0,0,0.226570948855605,0
ood_combo,DS03,14,14,HPT_eff_mod,1,1,-0.0163742732151059,-0.00126509207985895,0,0,0,0,0,0,0.142390677879692,0
ood_combo,DS03,14,14,fan_eff_mod,2,1,0,-0,0,0,0,0,0,0,0.142390677879692,0
ood_combo,DS03,14,14,fan_flow_mod,3,1,0,-0,0,0,0,0,0,0,0.142390677879692,0
ood_combo,DS03,14,14,HPC_eff_mod,4,1,0,-0,0,0,0,0,0,0,0.142390677879692,0
ood_combo,DS03,14,14,HPC_flow_mod,5,1,0,-0,0,0,0,0,0,0,0.142390677879692,0
ood_combo,DS03,14,14,LPT_eff_mod,6,1,-0.00777974715421744,-0.0120899722530277,0,0,0,0,0,0,0.142390677879692,0
ood_combo,DS03,14,14,LPT_flow_mod,7,1,-0.0131708954643859,-0.0212007824608146,0,0,0,0,0,0,0.142390677879692,0
ood_combo,DS03,14,14,LPC_eff_mod,8,1,0,-0.000776599677376772,0,0,0,0,0,0,0.142390677879692,0
ood_combo,DS03,14,14,LPC_flow_mod,9,1,0,-0,0,0,0,0,0,0,0.142390677879692,0
ood_combo,DS03,14,15,HPT_eff_mod,1,1,-0.0173701957335005,-0.00126509207985895,0,0,0,0,0,0,0.107112878653923,0
ood_combo,DS03,14,15,fan_eff_mod,2,1,0,-0,0,0,0,0,0,0,0.107112878653923,0
ood_combo,DS03,14,15,fan_flow_mod,3,1,0,-0,0,0,0,0,0,0,0.107112878653923,0
ood_combo,DS03,14,15,HPC_eff_mod,4,1,0,-0,0,0,0,0,0,0,0.107112878653923,0
ood_combo,DS03,14,15,HPC_flow_mod,5,1,0,-0,0,0,0,0,0,0,0.107112878653923,0
ood_combo,DS03,14,15,LPT_eff_mod,6,1,-0.00599931618537318,-0.0120899722530277,0,0,0,0,0,0,0.107112878653923,0
ood_combo,DS03,14,15,LPT_flow_mod,7,1,-0.0152738368553827,-0.0212007824608146,0,0,0,0,0,0,0.107112878653923,0
ood_combo,DS03,14,15,LPC_eff_mod,8,1,0,-0.000776599677376772,0,0,0,0,0,0,0.107112878653923,0
ood_combo,DS03,14,15,LPC_flow_mod,9,1,0,-0,0,0,0,0,0,0,0.107112878653923,0
ood_combo,DS03,14,16,HPT_eff_mod,1,1,-0.000720363288097589,-0.00126509207985895,0,0,0,0,0,0,0.198162751672457,0
ood_combo,DS03,14,16,fan_eff_mod,2,1,0,-0,0,0,0,0,0,0,0.198162751672457,0
ood_combo,DS03,14,16,fan_flow_mod,3,1,0,-0,0,0,0,0,0,0,0.198162751672457,0
ood_combo,DS03,14,16,HPC_eff_mod,4,1,0,-0,0,0,0,0,0,0,0.198162751672457,0
ood_combo,DS03,14,16,HPC_flow_mod,5,1,0,-0,0,0,0,0,0,0,0.198162751672457,0
ood_combo,DS03,14,16,LPT_eff_mod,6,1,-0.00942429965840067,-0.0120899722530277,0,0,0,0,0,0,0.198162751672457,0
ood_combo,DS03,14,16,LPT_flow_mod,7,1,-0.013908050987317,-0.0212007824608146,0,0,0,0,0,0,0.198162751672457,0
ood_combo,DS03,14,16,LPC_eff_mod,8,1,0,-0.000776599677376772,0,0,0,0,0,0,0.198162751672457,0
ood_combo,DS03,14,16,LPC_flow_mod,9,1,0,-0,0,0,0,0,0,0,0.198162751672457,0
ood_combo,DS03,14,17,HPT_eff_mod,1,1,-0.00854228725534679,-0.00126509207985895,0,0,0,0,0,0,0.148404706660142,0
ood_combo,DS03,14,17,fan_eff_mod,2,1,0,-0,0,0,0,0,0,0,0.148404706660142,0
ood_combo,DS03,14,17,fan_flow_mod,3,1,0,-0,0,0,0,0,0,0,0.148404706660142,0
ood_combo,DS03,14,17,HPC_eff_mod,4,1,0,-0,0,0,0,0,0,0,0.148404706660142,0
ood_combo,DS03,14,17,HPC_flow_mod,5,1,0,-0,0,0,0,0,0,0,0.148404706660142,0
ood_combo,DS03,14,17,LPT_eff_mod,6,1,-0.0054069188722286,-0.0120899722530277,0,0,0,0,0,0,0.148404706660142,0
ood_combo,DS03,14,17,LPT_flow_mod,7,1,-0.0156977578616591,-0.0212007824608146,0,0,0,0,0,0,0.148404706660142,0
ood_combo,DS03,14,17,LPC_eff_mod,8,1,0,-0.000776599677376772,0,0,0,0,0,0,0.148404706660142,0
ood_combo,DS03,14,17,LPC_flow_mod,9,1,0,-0,0,0,0,0,0,0,0.148404706660142,0
ood_combo,DS03,14,18,HPT_eff_mod,1,1,-0.0189029774291353,-0.00126509207985895,0,0,0,0,0,0,0.175890915883373,0
ood_combo,DS03,14,18,fan_eff_mod,2,1,0,-0,0,0,0,0,0,0,0.175890915883373,0
ood_combo,DS03,14,18,fan_flow_mod,3,1,0,-0,0,0,0,0,0,0,0.175890915883373,0
ood_combo,DS03,14,18,HPC_eff_mod,4,1,0,-0,0,0,0,0,0,0,0.175890915883373,0
ood_combo,DS03,14,18,HPC_flow_mod,5,1,0,-0,0,0,0,0,0,0,0.175890915883373,0
ood_combo,DS03,14,18,LPT_eff_mod,6,1,-0.0135256731597075,-0.0206427741713427,0,0,0,0,0,0,0.175890915883373,0
ood_combo,DS03,14,18,LPT_flow_mod,7,1,-0.00775106861749539,-0.0212007824608146,0,0,0,0,0,0,0.175890915883373,0
ood_combo,DS03,14,18,LPC_eff_mod,8,1,0,-0.00194350166058835,0,0,0,0,0,0,0.175890915883373,0
ood_combo,DS03,14,18,LPC_flow_mod,9,1,0,-0,0,0,0,0,0,0,0.175890915883373,0
ood_combo,DS03,14,19,HPT_eff_mod,1,1,-0.0175829948621013,-0.00126509207985895,0,0,0,0,0,0,0.106587050775915,0
ood_combo,DS03,14,19,fan_eff_mod,2,1,0,-0,0,0,0,0,0,0,0.106587050775915,0
ood_combo,DS03,14,19,fan_flow_mod,3,1,0,-0,0,0,0,0,0,0,0.106587050775915,0
ood_combo,DS03,14,19,HPC_eff_mod,4,1,0,-0,0,0,0,0,0,0,0.106587050775915,0
ood_combo,DS03,14,19,HPC_flow_mod,5,1,0,-0,0,0,0,0,0,0,0.106587050775915,0
ood_combo,DS03,14,19,LPT_eff_mod,6,1,-0.00583703428771873,-0.0206427741713427,0,0,0,0,0,0,0.106587050775915,0
ood_combo,DS03,14,19,LPT_flow_mod,7,1,-0.00814199675235794,-0.0230255641942457,0,0,0,0,0,0,0.106587050775915,0
ood_combo,DS03,14,19,LPC_eff_mod,8,1,0,-0.00194350166058835,0,0,0,0,0,0,0.106587050775915,0
ood_combo,DS03,14,19,LPC_flow_mod,9,1,0,-0,0,0,0,0,0,0,0.106587050775915,0
ood_combo,DS03,14,20,HPT_eff_mod,1,1,-0.0168936331461585,-0.00126509207985895,0,0,0,0,0,0,0.136861127601255,0
ood_combo,DS03,14,20,fan_eff_mod,2,1,0,-0,0,0,0,0,0,0,0.136861127601255,0
ood_combo,DS03,14,20,fan_flow_mod,3,1,0,-0,0,0,0,0,0,0,0.136861127601255,0
ood_combo,DS03,14,20,HPC_eff_mod,4,1,0,-0,0,0,0,0,0,0,0.136861127601255,0
ood_combo,DS03,14,20,HPC_flow_mod,5,1,0,-0,0,0,0,0,0,0,0.136861127601255,0
ood_combo,DS03,14,20,LPT_eff_mod,6,1,-0.0138386807772064,-0.0206427741713427,0,0,0,0,0,0,0.136861127601255,0
ood_combo,DS03,14,20,LPT_flow_mod,7,1,-0.0161833701523215,-0.0230255641942457,0,0,0,0,0,0,0.136861127601255,0
ood_combo,DS03,14,20,LPC_eff_mod,8,1,0,-0.00194350166058835,0,0,0,0,0,0,0.136861127601255,0
ood_combo,DS03,14,20,LPC_flow_mod,9,1,0,-0,0,0,0,0,0,0,0.136861127601255,0
ood_combo,DS03,14,21,HPT_eff_mod,1,1,-0.0202325249759994,-0.00126509207985895,0,0,0,0,0,0,0.104198897206074,0
ood_combo,DS03,14,21,fan_eff_mod,2,1,0,-0,0,0,0,0,0,0,0.104198897206074,0
ood_combo,DS03,14,21,fan_flow_mod,3,1,0,-0,0,0,0,0,0,0,0.104198897206074,0
ood_combo,DS03,14,21,HPC_eff_mod,4,1,0,-0,0,0,0,0,0,0,0.104198897206074,0
ood_combo,DS03,14,21,HPC_flow_mod,5,1,0,-0,0,0,0,0,0,0,0.104198897206074,0
ood_combo,DS03,14,21,LPT_eff_mod,6,1,-0.0072685809449888,-0.0206427741713427,0,0,0,0,0,0,0.104198897206074,0
ood_combo,DS03,14,21,LPT_flow_mod,7,1,-0.00989445425926571,-0.0272353575541493,0,0,0,0,0,0,0.104198897206074,0
ood_combo,DS03,14,21,LPC_eff_mod,8,1,0,-0.00194350166058835,0,0,0,0,0,0,0.104198897206074,0
ood_combo,DS03,14,21,LPC_flow_mod,9,1,0,-0,0,0,0,0,0,0,0.104198897206074,0
ood_combo,DS03,14,22,HPT_eff_mod,1,1,-0.020663720087885,-0.00126509207985895,0,0,0,0,0,1,0.092775244120392,0
ood_combo,DS03,14,22,fan_eff_mod,2,1,0,-0,0,0,0,0,0,1,0.092775244120392,0
ood_combo,DS03,14,22,fan_flow_mod,3,1,0,-0,0,0,0,0,0,1,0.092775244120392,0
ood_combo,DS03,14,22,HPC_eff_mod,4,1,0,-0,0,0,0,0,0,1,0.092775244120392,0
ood_combo,DS03,14,22,HPC_flow_mod,5,1,0,-0,0,0,0,0,0,1,0.092775244120392,0
ood_combo,DS03,14,22,LPT_eff_mod,6,1,-0.0118466456377351,-0.0206427741713427,0,1,0,1,0,1,0.092775244120392,0
ood_combo,DS03,14,22,LPT_flow_mod,7,1,-0.0142182041024512,-0.0272353575541493,0,0,0,0,0,1,0.092775244120392,0
ood_combo,DS03,14,22,LPC_eff_mod,8,1,0,-0.00194350166058835,0,0,0,0,0,1,0.092775244120392,0
ood_combo,DS03,14,22,LPC_flow_mod,9,1,0,-0,0,0,0,0,0,1,0.092775244120392,0
ood_combo,DS03,14,23,HPT_eff_mod,1,1,-0.00884931817766112,-0.00126509207985895,0,0,0,0,0,1,0.147562100543484,0
ood_combo,DS03,14,23,fan_eff_mod,2,1,0,-0,0,0,0,0,0,1,0.147562100543484,0
ood_combo,DS03,14,23,fan_flow_mod,3,1,0,-0,0,0,0,0,0,1,0.147562100543484,0
ood_combo,DS03,14,23,HPC_eff_mod,4,1,0,-0,0,0,0,0,0,1,0.147562100543484,0
ood_combo,DS03,14,23,HPC_flow_mod,5,1,0,-0,0,0,0,0,0,1,0.147562100543484,0
ood_combo,DS03,14,23,LPT_eff_mod,6,1,-0.00846439503975639,-0.0206427741713427,0,1,0,1,0,1,0.147562100543484,0
ood_combo,DS03,14,23,LPT_flow_mod,7,1,-0.0164750863665394,-0.0272353575541493,0,0,0,0,0,1,0.147562100543484,0
ood_combo,DS03,14,23,LPC_eff_mod,8,1,0,-0.00194350166058835,0,0,0,0,0,1,0.147562100543484,0
ood_combo,DS03,14,23,LPC_flow_mod,9,1,0,-0,0,0,0,0,0,1,0.147562100543484,0
ood_combo,DS03,14,24,HPT_eff_mod,1,1,-0.0243016867984576,-0.00126509207985895,0,0,0,0,0,1,0.126497315909826,0
ood_combo,DS03,14,24,fan_eff_mod,2,1,0,-0,0,0,0,0,0,1,0.126497315909826,0
ood_combo,DS03,14,24,fan_flow_mod,3,1,0,-0,0,0,0,0,0,1,0.126497315909826,0
ood_combo,DS03,14,24,HPC_eff_mod,4,1,0,-0,0,0,0,0,0,1,0.126497315909826,0
ood_combo,DS03,14,24,HPC_flow_mod,5,1,0,-0,0,0,0,0,0,1,0.126497315909826,0
ood_combo,DS03,14,24,LPT_eff_mod,6,1,-0.00679767642615817,-0.0206427741713427,0,1,0,1,0,1,0.126497315909826,0
ood_combo,DS03,14,24,LPT_flow_mod,7,1,-0.010138063687865,-0.0363699252735633,0,0,0,0,0,1,0.126497315909826,0
ood_combo,DS03,14,24,LPC_eff_mod,8,1,0,-0.00194350166058835,0,0,0,0,0,1,0.126497315909826,0
ood_combo,DS03,14,24,LPC_flow_mod,9,1,0,-0,0,0,0,0,0,1,0.126497315909826,0
ood_combo,DS03,14,25,HPT_eff_mod,1,1,-0.0311807102249393,-0.0026866206126505,0,0,0,0,0,1,0.151325780886958,0
ood_combo,DS03,14,25,fan_eff_mod,2,1,0,-0,0,0,0,0,0,1,0.151325780886958,0
ood_combo,DS03,14,25,fan_flow_mod,3,1,0,-0,0,0,0,0,0,1,0.151325780886958,0
ood_combo,DS03,14,25,HPC_eff_mod,4,1,0,-0,0,0,0,0,0,1,0.151325780886958,0
ood_combo,DS03,14,25,HPC_flow_mod,5,1,0,-0,0,0,0,0,0,1,0.151325780886958,0
ood_combo,DS03,14,25,LPT_eff_mod,6,1,-0.00676015578359918,-0.0207777520139079,0,1,0,1,0,1,0.151325780886958,0
ood_combo,DS03,14,25,LPT_flow_mod,7,1,-0.0174207908693515,-0.0363699252735633,0,0,0,0,0,1,0.151325780886958,0
ood_combo,DS03,14,25,LPC_eff_mod,8,1,0,-0.00194350166058835,0,0,0,0,0,1,0.151325780886958,0
ood_combo,DS03,14,25,LPC_flow_mod,9,1,0,-0,0,0,0,0,0,1,0.151325780886958,0
ood_combo,DS03,14,26,HPT_eff_mod,1,1,-0.0230612348067001,-0.0026866206126505,0,0,0,0,0,1,0.131036023302084,0
ood_combo,DS03,14,26,fan_eff_mod,2,1,0,-0,0,0,0,0,0,1,0.131036023302084,0
ood_combo,DS03,14,26,fan_flow_mod,3,1,0,-0,0,0,0,0,0,1,0.131036023302084,0
ood_combo,DS03,14,26,HPC_eff_mod,4,1,0,-0,0,0,0,0,0,1,0.131036023302084,0
ood_combo,DS03,14,26,HPC_flow_mod,5,1,0,-0,0,0,0,0,0,1,0.131036023302084,0
ood_combo,DS03,14,26,LPT_eff_mod,6,1,-0.0121703534335944,-0.0207777520139079,0,1,0,1,0,1,0.131036023302084,0
ood_combo,DS03,14,26,LPT_flow_mod,7,1,-0.0148955589324262,-0.0363699252735633,0,0,0,0,0,1,0.131036023302084,0
ood_combo,DS03,14,26,LPC_eff_mod,8,1,0,-0.00194350166058835,0,0,0,0,0,1,0.131036023302084,0
ood_combo,DS03,14,26,LPC_flow_mod,9,1,0,-0,0,0,0,0,0,1,0.131036023302084,0
ood_combo,DS03,14,27,HPT_eff_mod,1,1,-0.019749223143801,-0.0026866206126505,0,0,0,0,0,1,0.0668873480333537,0
ood_combo,DS03,14,27,fan_eff_mod,2,1,0,-0,0,0,0,0,0,1,0.0668873480333537,0
ood_combo,DS03,14,27,fan_flow_mod,3,1,0,-0,0,0,0,0,0,1,0.0668873480333537,0
ood_combo,DS03,14,27,HPC_eff_mod,4,1,0,-0,0,0,0,0,0,1,0.0668873480333537,0
ood_combo,DS03,14,27,HPC_flow_mod,5,1,0,-0,0,0,0,0,0,1,0.0668873480333537,0
ood_combo,DS03,14,27,LPT_eff_mod,6,1,-0.0186084681362275,-0.0207777520139079,0,1,0,1,0,1,0.0668873480333537,0
ood_combo,DS03,14,27,LPT_flow_mod,7,1,-0.012026964684104,-0.0363699252735633,0,0,0,0,0,1,0.0668873480333537,0
ood_combo,DS03,14,27,LPC_eff_mod,8,1,0,-0.00194350166058835,0,0,0,0,0,1,0.0668873480333537,0
ood_combo,DS03,14,27,LPC_flow_mod,9,1,0,-0,0,0,0,0,0,1,0.0668873480333537,0
ood_combo,DS03,14,28,HPT_eff_mod,1,1,-0.0247884466440313,-0.0026866206126505,0,0,0,0,0,1,0.173437823083101,0
ood_combo,DS03,14,28,fan_eff_mod,2,1,0,-0,0,0,0,0,0,1,0.173437823083101,0
ood_combo,DS03,14,28,fan_flow_mod,3,1,0,-0,0,0,0,0,0,1,0.173437823083101,0
ood_combo,DS03,14,28,HPC_eff_mod,4,1,0,-0,0,0,0,0,0,1,0.173437823083101,0
ood_combo,DS03,14,28,HPC_flow_mod,5,1,0,-0,0,0,0,0,0,1,0.173437823083101,0
ood_combo,DS03,14,28,LPT_eff_mod,6,1,-0.0173436821648441,-0.0207777520139079,0,1,0,1,0,1,0.173437823083101,0
ood_combo,DS03,14,28,LPT_flow_mod,7,1,-0.024201308541545,-0.0363699252735633,0,0,0,0,0,1,0.173437823083101,0
ood_combo,DS03,14,28,LPC_eff_mod,8,1,0,-0.00194350166058835,0,0,0,0,0,1,0.173437823083101,0
ood_combo,DS03,14,28,LPC_flow_mod,9,1,0,-0,0,0,0,0,0,1,0.173437823083101,0
ood_combo,DS03,14,29,HPT_eff_mod,1,1,-0.0340447687014135,-0.0026866206126505,0,1,0,1,0,1,0.148652933494106,0
ood_combo,DS03,14,29,fan_eff_mod,2,1,0,-0,0,0,0,0,0,1,0.148652933494106,0
ood_combo,DS03,14,29,fan_flow_mod,3,1,0,-0,0,0,0,0,0,1,0.148652933494106,0
ood_combo,DS03,14,29,HPC_eff_mod,4,1,0,-0,0,0,0,0,0,1,0.148652933494106,0
ood_combo,DS03,14,29,HPC_flow_mod,5,1,0,-0,0,0,0,0,0,1,0.148652933494106,0
ood_combo,DS03,14,29,LPT_eff_mod,6,1,-0.0114136253186159,-0.0207777520139079,0,1,0,1,0,1,0.148652933494106,0
ood_combo,DS03,14,29,LPT_flow_mod,7,1,-0.0236072379375621,-0.0452993678656222,0,0,0,0,0,1,0.148652933494106,0
ood_combo,DS03,14,29,LPC_eff_mod,8,1,0,-0.00194350166058835,0,0,0,0,0,1,0.148652933494106,0
ood_combo,DS03,14,29,LPC_flow_mod,9,1,0,-0,0,0,0,0,0,1,0.148652933494106,0
ood_combo,DS03,14,30,HPT_eff_mod,1,1,-0.018016211190378,-0.0026866206126505,0,1,0,1,0,1,0.18179875303021,0
ood_combo,DS03,14,30,fan_eff_mod,2,1,0,-0,0,0,0,0,0,1,0.18179875303021,0
ood_combo,DS03,14,30,fan_flow_mod,3,1,0,-0,0,0,0,0,0,1,0.18179875303021,0
ood_combo,DS03,14,30,HPC_eff_mod,4,1,0,-0,0,0,0,0,0,1,0.18179875303021,0
ood_combo,DS03,14,30,HPC_flow_mod,5,1,0,-0,0,0,0,0,0,1,0.18179875303021,0
ood_combo,DS03,14,30,LPT_eff_mod,6,1,-0.0121152939508643,-0.0207777520139079,0,1,0,1,0,1,0.18179875303021,0
ood_combo,DS03,14,30,LPT_flow_mod,7,1,-0.0244134004069935,-0.0452993678656222,0,0,0,0,0,1,0.18179875303021,0
ood_combo,DS03,14,30,LPC_eff_mod,8,1,0,-0.00194350166058835,0,0,0,0,0,1,0.18179875303021,0
ood_combo,DS03,14,30,LPC_flow_mod,9,1,0,-0,0,0,0,0,0,1,0.18179875303021,0
ood_combo,DS03,14,31,HPT_eff_mod,1,1,-0.0290705690569604,-0.0026866206126505,0,1,0,1,0,1,0.12690844787009,0
ood_combo,DS03,14,31,fan_eff_mod,2,1,0,-0,0,0,0,0,0,1,0.12690844787009,0
ood_combo,DS03,14,31,fan_flow_mod,3,1,0,-0,0,0,0,0,0,1,0.12690844787009,0
ood_combo,DS03,14,31,HPC_eff_mod,4,1,0,-0,0,0,0,0,0,1,0.12690844787009,0
ood_combo,DS03,14,31,HPC_flow_mod,5,1,0,-0,0,0,0,0,0,1,0.12690844787009,0
ood_combo,DS03,14,31,LPT_eff_mod,6,1,-0.0132902339826358,-0.0251453701488724,0,1,0,1,0,1,0.12690844787009,0
ood_combo,DS03,14,31,LPT_flow_mod,7,1,-0.025184129480623,-0.0452993678656222,0,0,0,0,0,1,0.12690844787009,0
ood_combo,DS03,14,31,LPC_eff_mod,8,1,0,-0.00194350166058835,0,0,0,0,0,1,0.12690844787009,0
ood_combo,DS03,14,31,LPC_flow_mod,9,1,0,-0,0,0,0,0,0,1,0.12690844787009,0
ood_combo,DS03,14,32,HPT_eff_mod,1,1,-0.0269631532484791,-0.0026866206126505,0,1,0,1,0,1,0.153707519440741,0
ood_combo,DS03,14,32,fan_eff_mod,2,1,0,-0,0,0,0,0,0,1,0.153707519440741,0
ood_combo,DS03,14,32,fan_flow_mod,3,1,0,-0,0,0,0,0,0,1,0.153707519440741,0
ood_combo,DS03,14,32,HPC_eff_mod,4,1,0,-0,0,0,0,0,0,1,0.153707519440741,0
ood_combo,DS03,14,32,HPC_flow_mod,5,1,0,-0,0,0,0,0,0,1,0.153707519440741,0
ood_combo,DS03,14,32,LPT_eff_mod,6,1,-0.0160913365050784,-0.0251453701488724,0,1,0,1,0,1,0.153707519440741,0
ood_combo,DS03,14,32,LPT_flow_mod,7,1,-0.016352864947632,-0.0452993678656222,0,0,0,0,0,1,0.153707519440741,0
ood_combo,DS03,14,32,LPC_eff_mod,8,1,0,-0.00194350166058835,0,0,0,0,0,1,0.153707519440741,0
ood_combo,DS03,14,32,LPC_flow_mod,9,1,0,-0,0,0,0,0,0,1,0.153707519440741,0
ood_combo,DS03,14,33,HPT_eff_mod,1,1,-0.0240140121682503,-0.0026866206126505,0,1,0,1,0,2,0.148123839177982,0
ood_combo,DS03,14,33,fan_eff_mod,2,1,0,-0,0,0,0,0,0,2,0.148123839177982,0
ood_combo,DS03,14,33,fan_flow_mod,3,1,0,-0,0,0,0,0,0,2,0.148123839177982,0
ood_combo,DS03,14,33,HPC_eff_mod,4,1,0,-0,0,0,0,0,0,2,0.148123839177982,0
ood_combo,DS03,14,33,HPC_flow_mod,5,1,0,-0,0,0,0,0,0,2,0.148123839177982,0
ood_combo,DS03,14,33,LPT_eff_mod,6,1,-0.0188211550591097,-0.0251453701488724,0,1,0,1,0,2,0.148123839177982,0
ood_combo,DS03,14,33,LPT_flow_mod,7,1,-0.0254653638491842,-0.0475393937520906,0,1,0,2,0,2,0.148123839177982,0
ood_combo,DS03,14,33,LPC_eff_mod,8,1,0,-0.00194350166058835,0,0,0,0,0,2,0.148123839177982,0
ood_combo,DS03,14,33,LPC_flow_mod,9,1,0,-0,0,0,0,0,0,2,0.148123839177982,0
ood_combo,DS03,14,34,HPT_eff_mod,1,1,-0.0359969902211601,-0.00268877670482974,0,1,0,1,0,2,0.143563472107931,0
ood_combo,DS03,14,34,fan_eff_mod,2,1,0,-0,0,0,0,0,0,2,0.143563472107931,0
ood_combo,DS03,14,34,fan_flow_mod,3,1,0,-0,0,0,0,0,0,2,0.143563472107931,0
ood_combo,DS03,14,34,HPC_eff_mod,4,1,0,-0.000399981075057756,0,0,0,0,0,2,0.143563472107931,0
ood_combo,DS03,14,34,HPC_flow_mod,5,1,0,-0,0,0,0,0,0,2,0.143563472107931,0
ood_combo,DS03,14,34,LPT_eff_mod,6,1,-0.021275570384373,-0.0298687726686161,0,1,0,2,0,2,0.143563472107931,0
ood_combo,DS03,14,34,LPT_flow_mod,7,1,-0.0220800007029,-0.0475393937520906,0,1,0,2,0,2,0.143563472107931,0
ood_combo,DS03,14,34,LPC_eff_mod,8,1,0,-0.00194350166058835,0,0,0,0,0,2,0.143563472107931,0
ood_combo,DS03,14,34,LPC_flow_mod,9,1,0,-0,0,0,0,0,0,2,0.143563472107931,0
ood_combo,DS03,14,35,HPT_eff_mod,1,1,-0.0264064026298648,-0.00268877670482974,0,1,0,1,0,2,0.0938029891003887,0
ood_combo,DS03,14,35,fan_eff_mod,2,1,0,-0,0,0,0,0,0,2,0.0938029891003887,0
ood_combo,DS03,14,35,fan_flow_mod,3,1,0,-0,0,0,0,0,0,2,0.0938029891003887,0
ood_combo,DS03,14,35,HPC_eff_mod,4,1,0,-0.000399981075057756,0,0,0,0,0,2,0.0938029891003887,0
ood_combo,DS03,14,35,HPC_flow_mod,5,1,0,-0,0,0,0,0,0,2,0.0938029891003887,0
ood_combo,DS03,14,35,LPT_eff_mod,6,1,-0.0150719967152439,-0.0298687726686161,0,1,0,2,0,2,0.0938029891003887,0
ood_combo,DS03,14,35,LPT_flow_mod,7,1,-0.0213335377206534,-0.0475393937520906,0,1,0,2,0,2,0.0938029891003887,0
ood_combo,DS03,14,35,LPC_eff_mod,8,1,0,-0.00194350166058835,0,0,0,0,0,2,0.0938029891003887,0
ood_combo,DS03,14,35,LPC_flow_mod,9,1,0,-0,0,0,0,0,0,2,0.0938029891003887,0
ood_combo,DS03,14,36,HPT_eff_mod,1,0,-0.0225301667120552,-0.00268877670482974,1,1,1,1,2,2,0.140969647085955,0
ood_combo,DS03,14,36,fan_eff_mod,2,0,0,-0,0,0,0,0,2,2,0.140969647085955,0
ood_combo,DS03,14,36,fan_flow_mod,3,0,0,-0,0,0,0,0,2,2,0.140969647085955,0
ood_combo,DS03,14,36,HPC_eff_mod,4,0,0,-0.000399981075057756,0,0,0,0,2,2,0.140969647085955,0
ood_combo,DS03,14,36,HPC_flow_mod,5,0,0,-0,0,0,0,0,2,2,0.140969647085955,0
ood_combo,DS03,14,36,LPT_eff_mod,6,0,-0.0200052492130701,-0.0298687726686161,1,1,1,2,2,2,0.140969647085955,0
ood_combo,DS03,14,36,LPT_flow_mod,7,0,-0.028147629306861,-0.0475393937520906,1,1,2,2,2,2,0.140969647085955,0
ood_combo,DS03,14,36,LPC_eff_mod,8,0,0,-0.00194350166058835,0,0,0,0,2,2,0.140969647085955,0
ood_combo,DS03,14,36,LPC_flow_mod,9,0,0,-0,0,0,0,0,2,2,0.140969647085955,0
ood_combo,DS03,14,37,HPT_eff_mod,1,0,-0.0268669817111178,-0.00268877670482974,1,1,1,1,2,2,0.0768280703103585,0
ood_combo,DS03,14,37,fan_eff_mod,2,0,0,-0,0,0,0,0,2,2,0.0768280703103585,0
ood_combo,DS03,14,37,fan_flow_mod,3,0,0,-0,0,0,0,0,2,2,0.0768280703103585,0
ood_combo,DS03,14,37,HPC_eff_mod,4,0,0,-0.000399981075057756,0,0,0,0,2,2,0.0768280703103585,0
ood_combo,DS03,14,37,HPC_flow_mod,5,0,0,-0,0,0,0,0,2,2,0.0768280703103585,0
ood_combo,DS03,14,37,LPT_eff_mod,6,0,-0.0231622797711913,-0.0298687726686161,1,1,1,2,2,2,0.0768280703103585,0
ood_combo,DS03,14,37,LPT_flow_mod,7,0,-0.0309375891310646,-0.0512714079768117,1,1,2,2,2,2,0.0768280703103585,0
ood_combo,DS03,14,37,LPC_eff_mod,8,0,0,-0.00194350166058835,0,0,0,0,2,2,0.0768280703103585,0
ood_combo,DS03,14,37,LPC_flow_mod,9,0,0,-0,0,0,0,0,2,2,0.0768280703103585,0
ood_combo,DS03,14,38,HPT_eff_mod,1,0,-0.0365352335233087,-0.00268877670482974,1,1,2,1,2,2,0.107727806152399,0
ood_combo,DS03,14,38,fan_eff_mod,2,0,0,-0,0,0,0,0,2,2,0.107727806152399,0
ood_combo,DS03,14,38,fan_flow_mod,3,0,0,-0,0,0,0,0,2,2,0.107727806152399,0
ood_combo,DS03,14,38,HPC_eff_mod,4,0,0,-0.000399981075057756,0,0,0,0,2,2,0.107727806152399,0
ood_combo,DS03,14,38,HPC_flow_mod,5,0,0,-0,0,0,0,0,2,2,0.107727806152399,0
ood_combo,DS03,14,38,LPT_eff_mod,6,0,-0.0258217993413579,-0.0365529090207093,1,1,1,2,2,2,0.107727806152399,0
ood_combo,DS03,14,38,LPT_flow_mod,7,0,-0.0164206153406876,-0.0512714079768117,1,1,2,2,2,2,0.107727806152399,0
ood_combo,DS03,14,38,LPC_eff_mod,8,0,0,-0.00194350166058835,0,0,0,0,2,2,0.107727806152399,0
ood_combo,DS03,14,38,LPC_flow_mod,9,0,0,-0,0,0,0,0,2,2,0.107727806152399,0
ood_combo,DS03,14,39,HPT_eff_mod,1,0,-0.0315614334354128,-0.00268877670482974,1,1,2,1,2,2,0.068878613343994,0
ood_combo,DS03,14,39,fan_eff_mod,2,0,0,-0,0,0,0,0,2,2,0.068878613343994,0
ood_combo,DS03,14,39,fan_flow_mod,3,0,0,-0,0,0,0,0,2,2,0.068878613343994,0
ood_combo,DS03,14,39,HPC_eff_mod,4,0,0,-0.000399981075057756,0,0,0,0,2,2,0.068878613343994,0
ood_combo,DS03,14,39,HPC_flow_mod,5,0,0,-0,0,0,0,0,2,2,0.068878613343994,0
ood_combo,DS03,14,39,LPT_eff_mod,6,0,-0.0246824735205766,-0.0365529090207093,1,1,1,2,2,2,0.068878613343994,0
ood_combo,DS03,14,39,LPT_flow_mod,7,0,-0.0258680855647998,-0.0512714079768117,1,1,2,2,2,2,0.068878613343994,0
ood_combo,DS03,14,39,LPC_eff_mod,8,0,0,-0.00194350166058835,0,0,0,0,2,2,0.068878613343994,0
ood_combo,DS03,14,39,LPC_flow_mod,9,0,0,-0,0,0,0,0,2,2,0.068878613343994,0
ood_combo,DS03,14,40,HPT_eff_mod,1,0,-0.0331335360309683,-0.00268877670482974,1,1,2,1,2,2,0.120732376959649,0
ood_combo,DS03,14,40,fan_eff_mod,2,0,0,-0,0,0,0,0,2,2,0.120732376959649,0
ood_combo,DS03,14,40,fan_flow_mod,3,0,0,-0,0,0,0,0,2,2,0.120732376959649,0
ood_combo,DS03,14,40,HPC_eff_mod,4,0,0,-0.000399981075057756,0,0,0,0,2,2,0.120732376959649,0
ood_combo,DS03,14,40,HPC_flow_mod,5,0,0,-0,0,0,0,0,2,2,0.120732376959649,0
ood_combo,DS03,14,40,LPT_eff_mod,6,0,-0.0183521971713587,-0.0365529090207093,1,1,1,2,2,2,0.120732376959649,0
ood_combo,DS03,14,40,LPT_flow_mod,7,0,-0.0383667307726007,-0.0670380790732937,1,1,2,2,2,2,0.120732376959649,0
ood_combo,DS03,14,40,LPC_eff_mod,8,0,0,-0.00194350166058835,0,0,0,0,2,2,0.120732376959649,0
ood_combo,DS03,14,40,LPC_flow_mod,9,0,0,-0,0,0,0,0,2,2,0.120732376959649,0
ood_combo,DS03,14,41,HPT_eff_mod,1,0,-0.037775025451985,-0.00292388507185876,1,1,2,1,2,2,0.0723752368040471,0
ood_combo,DS03,14,41,fan_eff_mod,2,0,0,-0,0,0,0,0,2,2,0.0723752368040471,0
ood_combo,DS03,14,41,fan_flow_mod,3,0,0,-0,0,0,0,0,2,2,0.0723752368040471,0
ood_combo,DS03,14,41,HPC_eff_mod,4,0,0,-0.000399981075057756,0,0,0,0,2,2,0.0723752368040471,0
ood_combo,DS03,14,41,HPC_flow_mod,5,0,0,-0,0,0,0,0,2,2,0.0723752368040471,0
ood_combo,DS03,14,41,LPT_eff_mod,6,0,-0.0289413927640277,-0.0365529090207093,1,1,2,2,2,2,0.0723752368040471,0
ood_combo,DS03,14,41,LPT_flow_mod,7,0,-0.0429151739003392,-0.0760857545721633,1,1,2,2,2,2,0.0723752368040471,0
ood_combo,DS03,14,41,LPC_eff_mod,8,0,0,-0.00194350166058835,0,0,0,0,2,2,0.0723752368040471,0
ood_combo,DS03,14,41,LPC_flow_mod,9,0,0,-0,0,0,0,0,2,2,0.0723752368040471,0
ood_combo,DS03,14,42,HPT_eff_mod,1,0,-0.0375806204666042,-0.00292388507185876,1,1,2,1,2,2,0.0898020250875669,0
ood_combo,DS03,14,42,fan_eff_mod,2,0,0,-0,0,0,0,0,2,2,0.0898020250875669,0
ood_combo,DS03,14,42,fan_flow_mod,3,0,0,-0,0,0,0,0,2,2,0.0898020250875669,0
ood_combo,DS03,14,42,HPC_eff_mod,4,0,0,-0.000399981075057756,0,0,0,0,2,2,0.0898020250875669,0
ood_combo,DS03,14,42,HPC_flow_mod,5,0,0,-0,0,0,0,0,2,2,0.0898020250875669,0
ood_combo,DS03,14,42,LPT_eff_mod,6,0,-0.0277252059349306,-0.042729915039726,1,1,2,2,2,2,0.0898020250875669,0
ood_combo,DS03,14,42,LPT_flow_mod,7,0,-0.0408584352643653,-0.0760857545721633,1,1,2,2,2,2,0.0898020250875669,0
ood_combo,DS03,14,42,LPC_eff_mod,8,0,0,-0.00194350166058835,0,0,0,0,2,2,0.0898020250875669,0
ood_combo,DS03,14,42,LPC_flow_mod,9,0,0,-0,0,0,0,0,2,2,0.0898020250875669,0
ood_combo,DS03,14,43,HPT_eff_mod,1,0,-0.0366178577926868,-0.00335061009216004,1,1,2,1,2,2,0.141800461018121,0
ood_combo,DS03,14,43,fan_eff_mod,2,0,0,-0,0,0,0,0,2,2,0.141800461018121,0
ood_combo,DS03,14,43,fan_flow_mod,3,0,0,-0,0,0,0,0,2,2,0.141800461018121,0
ood_combo,DS03,14,43,HPC_eff_mod,4,0,0,-0.000399981075057756,0,0,0,0,2,2,0.141800461018121,0
ood_combo,DS03,14,43,HPC_flow_mod,5,0,0,-0,0,0,0,0,2,2,0.141800461018121,0
ood_combo,DS03,14,43,LPT_eff_mod,6,0,-0.0304394793481256,-0.0483642130235332,1,1,2,2,2,2,0.141800461018121,0
ood_combo,DS03,14,43,LPT_flow_mod,7,0,-0.041259934437786,-0.0760857545721633,1,1,2,2,2,2,0.141800461018121,0
ood_combo,DS03,14,43,LPC_eff_mod,8,0,0,-0.00194350166058835,0,0,0,0,2,2,0.141800461018121,0
ood_combo,DS03,14,43,LPC_flow_mod,9,0,0,-0,0,0,0,0,2,2,0.141800461018121,0
ood_combo,DS03,14,44,HPT_eff_mod,1,0,-0.0372751436011408,-0.00335061009216004,1,1,2,1,2,2,0.087076805906658,0
ood_combo,DS03,14,44,fan_eff_mod,2,0,0,-0,0,0,0,0,2,2,0.087076805906658,0
ood_combo,DS03,14,44,fan_flow_mod,3,0,0,-0,0,0,0,0,2,2,0.087076805906658,0
ood_combo,DS03,14,44,HPC_eff_mod,4,0,0,-0.000399981075057756,0,0,0,0,2,2,0.087076805906658,0
ood_combo,DS03,14,44,HPC_flow_mod,5,0,0,-0,0,0,0,0,2,2,0.087076805906658,0
ood_combo,DS03,14,44,LPT_eff_mod,6,0,-0.0336051368789885,-0.0483642130235332,1,1,2,2,2,2,0.087076805906658,0
ood_combo,DS03,14,44,LPT_flow_mod,7,0,-0.040923862414354,-0.0760857545721633,1,1,2,2,2,2,0.087076805906658,0
ood_combo,DS03,14,44,LPC_eff_mod,8,0,0,-0.00194350166058835,0,0,0,0,2,2,0.087076805906658,0
ood_combo,DS03,14,44,LPC_flow_mod,9,0,0,-0,0,0,0,0,2,2,0.087076805906658,0
ood_combo,DS03,14,45,HPT_eff_mod,1,0,-0.0507085022507364,-0.0156172259762938,1,1,2,1,2,2,0.14655056706954,0
ood_combo,DS03,14,45,fan_eff_mod,2,0,0,-0,0,0,0,0,2,2,0.14655056706954,0
ood_combo,DS03,14,45,fan_flow_mod,3,0,0,-0,0,0,0,0,2,2,0.14655056706954,0
ood_combo,DS03,14,45,HPC_eff_mod,4,0,0,-0.000399981075057756,0,0,0,0,2,2,0.14655056706954,0
ood_combo,DS03,14,45,HPC_flow_mod,5,0,0,-0,0,0,0,0,2,2,0.14655056706954,0
ood_combo,DS03,14,45,LPT_eff_mod,6,0,-0.0317247068055857,-0.0483642130235332,1,1,2,2,2,2,0.14655056706954,0
ood_combo,DS03,14,45,LPT_flow_mod,7,0,-0.04510669516671,-0.0826612079790154,1,1,2,2,2,2,0.14655056706954,0
ood_combo,DS03,14,45,LPC_eff_mod,8,0,0,-0.00194350166058835,0,0,0,0,2,2,0.14655056706954,0
ood_combo,DS03,14,45,LPC_flow_mod,9,0,0,-0,0,0,0,0,2,2,0.14655056706954,0
ood_combo,DS03,14,46,HPT_eff_mod,1,0,-0.0527508056503882,-0.0188311450385188,1,1,2,1,2,2,0.0965081939830579,0
ood_combo,DS03,14,46,fan_eff_mod,2,0,0,-0,0,0,0,0,2,2,0.0965081939830579,0
ood_combo,DS03,14,46,fan_flow_mod,3,0,0,-0,0,0,0,0,2,2,0.0965081939830579,0
ood_combo,DS03,14,46,HPC_eff_mod,4,0,0,-0.000399981075057756,0,0,0,0,2,2,0.0965081939830579,0
ood_combo,DS03,14,46,HPC_flow_mod,5,0,0,-0,0,0,0,0,2,2,0.0965081939830579,0
ood_combo,DS03,14,46,LPT_eff_mod,6,0,-0.0365351300883944,-0.0483642130235332,1,1,2,2,2,2,0.0965081939830579,0
ood_combo,DS03,14,46,LPT_flow_mod,7,0,-0.0570647196714271,-0.0861168392603434,1,1,2,2,2,2,0.0965081939830579,0
ood_combo,DS03,14,46,LPC_eff_mod,8,0,0,-0.00194350166058835,0,0,0,0,2,2,0.0965081939830579,0
ood_combo,DS03,14,46,LPC_flow_mod,9,0,0,-0,0,0,0,0,2,2,0.0965081939830579,0
ood_combo,DS03,14,47,HPT_eff_mod,1,0,-0.0545773574926493,-0.0212393341595992,1,1,2,1,2,2,0.228670886191287,0
ood_combo,DS03,14,47,fan_eff_mod,2,0,0,-0,0,0,0,0,2,2,0.228670886191287,0
ood_combo,DS03,14,47,fan_flow_mod,3,0,0,-0,0,0,0,0,2,2,0.228670886191287,0
ood_combo,DS03,14,47,HPC_eff_mod,4,0,0,-0.000399981075057756,0,0,0,0,2,2,0.228670886191287,0
ood_combo,DS03,14,47,HPC_flow_mod,5,0,0,-0,0,0,0,0,2,2,0.228670886191287,0
ood_combo,DS03,14,47,LPT_eff_mod,6,0,-0.0406812743245388,-0.0567162741489649,1,1,2,2,2,2,0.228670886191287,0
ood_combo,DS03,14,47,LPT_flow_mod,7,0,-0.0554272905108078,-0.0861168392603434,1,1,2,2,2,2,0.228670886191287,0
ood_combo,DS03,14,47,LPC_eff_mod,8,0,0,-0.00194350166058835,0,0,0,0,2,2,0.228670886191287,0
ood_combo,DS03,14,47,LPC_flow_mod,9,0,0,-0,0,0,0,0,2,2,0.228670886191287,0
ood_combo,DS03,14,48,HPT_eff_mod,1,0,-0.0589859989617467,-0.0212393341595992,1,1,2,1,2,2,0.0984535267892512,0
ood_combo,DS03,14,48,fan_eff_mod,2,0,0,-0,0,0,0,0,2,2,0.0984535267892512,0
ood_combo,DS03,14,48,fan_flow_mod,3,0,0,-0,0,0,0,0,2,2,0.0984535267892512,0
ood_combo,DS03,14,48,HPC_eff_mod,4,0,0,-0.000399981075057756,0,0,0,0,2,2,0.0984535267892512,0
ood_combo,DS03,14,48,HPC_flow_mod,5,0,0,-0,0,0,0,0,2,2,0.0984535267892512,0
ood_combo,DS03,14,48,LPT_eff_mod,6,0,-0.0410649725270608,-0.0567162741489649,1,1,2,2,2,2,0.0984535267892512,0
ood_combo,DS03,14,48,LPT_flow_mod,7,0,-0.0544340901582139,-0.0871057204302408,1,1,2,2,2,2,0.0984535267892512,0
ood_combo,DS03,14,48,LPC_eff_mod,8,0,0,-0.00194350166058835,0,0,0,0,2,2,0.0984535267892512,0
ood_combo,DS03,14,48,LPC_flow_mod,9,0,0,-0,0,0,0,0,2,2,0.0984535267892512,0
ood_combo,DS03,14,49,HPT_eff_mod,1,0,-0.0696519450559459,-0.0212393341595992,1,1,2,1,2,2,0.163972468709049,0
ood_combo,DS03,14,49,fan_eff_mod,2,0,0,-0,0,0,0,0,2,2,0.163972468709049,0
ood_combo,DS03,14,49,fan_flow_mod,3,0,0,-0.000343301378302711,0,0,0,0,2,2,0.163972468709049,0
ood_combo,DS03,14,49,HPC_eff_mod,4,0,0,-0.000399981075057756,0,0,0,0,2,2,0.163972468709049,0
ood_combo,DS03,14,49,HPC_flow_mod,5,0,0,-0,0,0,0,0,2,2,0.163972468709049,0
ood_combo,DS03,14,49,LPT_eff_mod,6,0,-0.0406737055847806,-0.0567162741489649,1,1,2,2,2,2,0.163972468709049,0
ood_combo,DS03,14,49,LPT_flow_mod,7,0,-0.0612599144194802,-0.108375788894679,1,1,2,2,2,2,0.163972468709049,0
ood_combo,DS03,14,49,LPC_eff_mod,8,0,0,-0.00194350166058835,0,0,0,0,2,2,0.163972468709049,0
ood_combo,DS03,14,49,LPC_flow_mod,9,0,0,-0,0,0,0,0,2,2,0.163972468709049,0
ood_combo,DS03,14,50,HPT_eff_mod,1,0,-0.0675063975996522,-0.0212393341595992,1,1,2,1,2,2,0.107597041956675,0
ood_combo,DS03,14,50,fan_eff_mod,2,0,0,-0,0,0,0,0,2,2,0.107597041956675,0
ood_combo,DS03,14,50,fan_flow_mod,3,0,0,-0.000343301378302711,0,0,0,0,2,2,0.107597041956675,0
ood_combo,DS03,14,50,HPC_eff_mod,4,0,0,-0.0031663285191211,0,0,0,0,2,2,0.107597041956675,0
ood_combo,DS03,14,50,HPC_flow_mod,5,0,0,-0,0,0,0,0,2,2,0.107597041956675,0
ood_combo,DS03,14,50,LPT_eff_mod,6,0,-0.0407176645298883,-0.0567162741489649,1,1,2,2,2,2,0.107597041956675,0
ood_combo,DS03,14,50,LPT_flow_mod,7,0,-0.0721895664082118,-0.113862208707796,1,1,2,2,2,2,0.107597041956675,0
ood_combo,DS03,14,50,LPC_eff_mod,8,0,0,-0.00194350166058835,0,0,0,0,2,2,0.107597041956675,0
ood_combo,DS03,14,50,LPC_flow_mod,9,0,0,-0,0,0,0,0,2,2,0.107597041956675,0
ood_combo,DS03,14,51,HPT_eff_mod,1,0,-0.071609155637052,-0.0216730576707553,1,1,2,1,2,2,0.142794256533469,0
ood_combo,DS03,14,51,fan_eff_mod,2,0,0,-0,0,0,0,0,2,2,0.142794256533469,0
ood_combo,DS03,14,51,fan_flow_mod,3,0,0,-0.000343301378302711,0,0,0,0,2,2,0.142794256533469,0
ood_combo,DS03,14,51,HPC_eff_mod,4,0,0,-0.0031663285191211,0,0,0,0,2,2,0.142794256533469,0
ood_combo,DS03,14,51,HPC_flow_mod,5,0,0,-0,0,0,0,0,2,2,0.142794256533469,0
ood_combo,DS03,14,51,LPT_eff_mod,6,0,-0.0442509654485663,-0.0567162741489649,1,1,2,2,2,2,0.142794256533469,0
ood_combo,DS03,14,51,LPT_flow_mod,7,0,-0.0823199298240301,-0.120339235115542,1,1,2,2,2,2,0.142794256533469,0
ood_combo,DS03,14,51,LPC_eff_mod,8,0,0,-0.00194350166058835,0,0,0,0,2,2,0.142794256533469,0
ood_combo,DS03,14,51,LPC_flow_mod,9,0,0,-0,0,0,0,0,2,2,0.142794256533469,0
ood_combo,DS03,14,52,HPT_eff_mod,1,0,-0.0754286078943318,-0.0320834265232536,1,1,2,2,2,2,0.127017768757321,0
ood_combo,DS03,14,52,fan_eff_mod,2,0,0,-0,0,0,0,0,2,2,0.127017768757321,0
ood_combo,DS03,14,52,fan_flow_mod,3,0,0,-0.000343301378302711,0,0,0,0,2,2,0.127017768757321,0
ood_combo,DS03,14,52,HPC_eff_mod,4,0,0,-0.0031663285191211,0,0,0,0,2,2,0.127017768757321,0
ood_combo,DS03,14,52,HPC_flow_mod,5,0,0,-0,0,0,0,0,2,2,0.127017768757321,0
ood_combo,DS03,14,52,LPT_eff_mod,6,0,-0.049268902196356,-0.0567162741489649,1,1,2,2,2,2,0.127017768757321,0
ood_combo,DS03,14,52,LPT_flow_mod,7,0,-0.0883488596017851,-0.124039974435075,1,1,2,2,2,2,0.127017768757321,0
ood_combo,DS03,14,52,LPC_eff_mod,8,0,0,-0.00194350166058835,0,0,0,0,2,2,0.127017768757321,0
ood_combo,DS03,14,52,LPC_flow_mod,9,0,0,-0,0,0,0,0,2,2,0.127017768757321,0
ood_combo,DS03,14,53,HPT_eff_mod,1,0,-0.0848042495038647,-0.0454602918101167,1,1,2,2,2,2,0.0903084666122628,0
ood_combo,DS03,14,53,fan_eff_mod,2,0,0,-0,0,0,0,0,2,2,0.0903084666122628,0
ood_combo,DS03,14,53,fan_flow_mod,3,0,0,-0.000343301378302711,0,0,0,0,2,2,0.0903084666122628,0
ood_combo,DS03,14,53,HPC_eff_mod,4,0,0,-0.0031663285191211,0,0,0,0,2,2,0.0903084666122628,0
ood_combo,DS03,14,53,HPC_flow_mod,5,0,0,-0,0,0,0,0,2,2,0.0903084666122628,0
ood_combo,DS03,14,53,LPT_eff_mod,6,0,-0.049464418041159,-0.0567162741489649,1,1,2,2,2,2,0.0903084666122628,0
ood_combo,DS03,14,53,LPT_flow_mod,7,0,-0.0914453799801314,-0.124039974435075,1,1,2,2,2,2,0.0903084666122628,0
ood_combo,DS03,14,53,LPC_eff_mod,8,0,0,-0.00194350166058835,0,0,0,0,2,2,0.0903084666122628,0
ood_combo,DS03,14,53,LPC_flow_mod,9,0,0,-0,0,0,0,0,2,2,0.0903084666122628,0
ood_combo,DS03,14,54,HPT_eff_mod,1,0,-0.0891348480407214,-0.0501425289192263,1,1,2,2,2,2,0.102601885194544,0
ood_combo,DS03,14,54,fan_eff_mod,2,0,0,-0,0,0,0,0,2,2,0.102601885194544,0
ood_combo,DS03,14,54,fan_flow_mod,3,0,0,-0.000343301378302711,0,0,0,0,2,2,0.102601885194544,0
ood_combo,DS03,14,54,HPC_eff_mod,4,0,0,-0.0031663285191211,0,0,0,0,2,2,0.102601885194544,0
ood_combo,DS03,14,54,HPC_flow_mod,5,0,0,-0,0,0,0,0,2,2,0.102601885194544,0
ood_combo,DS03,14,54,LPT_eff_mod,6,0,-0.053376240460904,-0.0629665918161118,1,1,2,2,2,2,0.102601885194544,0
ood_combo,DS03,14,54,LPT_flow_mod,7,0,-0.0955878494934427,-0.124039974435075,1,1,2,2,2,2,0.102601885194544,0
ood_combo,DS03,14,54,LPC_eff_mod,8,0,0,-0.00194350166058835,0,0,0,0,2,2,0.102601885194544,0
ood_combo,DS03,14,54,LPC_flow_mod,9,0,0,-0,0,0,0,0,2,2,0.102601885194544,0
ood_combo,DS03,14,55,HPT_eff_mod,1,0,-0.0963051273769754,-0.0546467046726804,1,1,2,2,2,2,0.138888303574039,0
ood_combo,DS03,14,55,fan_eff_mod,2,0,0,-0,0,0,0,0,2,2,0.138888303574039,0
ood_combo,DS03,14,55,fan_flow_mod,3,0,0,-0.000343301378302711,0,0,0,0,2,2,0.138888303574039,0
ood_combo,DS03,14,55,HPC_eff_mod,4,0,0,-0.0031663285191211,0,0,0,0,2,2,0.138888303574039,0
ood_combo,DS03,14,55,HPC_flow_mod,5,0,0,-0,0,0,0,0,2,2,0.138888303574039,0
ood_combo,DS03,14,55,LPT_eff_mod,6,0,-0.0601733647818453,-0.0629665918161118,1,1,2,2,2,2,0.138888303574039,0
ood_combo,DS03,14,55,LPT_flow_mod,7,0,-0.101973636286502,-0.134299568837762,1,1,2,2,2,2,0.138888303574039,0
ood_combo,DS03,14,55,LPC_eff_mod,8,0,0,-0.00194350166058835,0,0,0,0,2,2,0.138888303574039,0
ood_combo,DS03,14,55,LPC_flow_mod,9,0,0,-0,0,0,0,0,2,2,0.138888303574039,0
ood_combo,DS03,14,56,HPT_eff_mod,1,0,-0.0989868204810321,-0.0682043822950885,1,1,2,2,2,2,0.0918433245469603,0
ood_combo,DS03,14,56,fan_eff_mod,2,0,0,-0,0,0,0,0,2,2,0.0918433245469603,0
ood_combo,DS03,14,56,fan_flow_mod,3,0,0,-0.000343301378302711,0,0,0,0,2,2,0.0918433245469603,0
ood_combo,DS03,14,56,HPC_eff_mod,4,0,0,-0.0031663285191211,0,0,0,0,2,2,0.0918433245469603,0
ood_combo,DS03,14,56,HPC_flow_mod,5,0,0,-0,0,0,0,0,2,2,0.0918433245469603,0
ood_combo,DS03,14,56,LPT_eff_mod,6,0,-0.0600057079237669,-0.0629665918161118,1,1,2,2,2,2,0.0918433245469603,0
ood_combo,DS03,14,56,LPT_flow_mod,7,0,-0.115856213932594,-0.135137766601239,1,1,2,2,2,2,0.0918433245469603,0
ood_combo,DS03,14,56,LPC_eff_mod,8,0,0,-0.00194350166058835,0,0,0,0,2,2,0.0918433245469603,0
ood_combo,DS03,14,56,LPC_flow_mod,9,0,0,-0,0,0,0,0,2,2,0.0918433245469603,0
ood_combo,DS03,14,57,HPT_eff_mod,1,0,-0.110164653164181,-0.0820789412395564,1,1,2,2,2,2,0.157919222008216,0
ood_combo,DS03,14,57,fan_eff_mod,2,0,0,-0,0,0,0,0,2,2,0.157919222008216,0
ood_combo,DS03,14,57,fan_flow_mod,3,0,0,-0.000343301378302711,0,0,0,0,2,2,0.157919222008216,0
ood_combo,DS03,14,57,HPC_eff_mod,4,0,0,-0.0031663285191211,0,0,0,0,2,2,0.157919222008216,0
ood_combo,DS03,14,57,HPC_flow_mod,5,0,0,-0,0,0,0,0,2,2,0.157919222008216,0
ood_combo,DS03,14,57,LPT_eff_mod,6,0,-0.0664190471552848,-0.0629665918161118,1,1,2,2,2,2,0.157919222008216,0
ood_combo,DS03,14,57,LPT_flow_mod,7,0,-0.126364162602827,-0.139054511796145,1,1,2,2,2,2,0.157919222008216,0
ood_combo,DS03,14,57,LPC_eff_mod,8,0,0,-0.00194350166058835,0,0,0,0,2,2,0.157919222008216,0
ood_combo,DS03,14,57,LPC_flow_mod,9,0,0,-0,0,0,0,0,2,2,0.157919222008216,0
ood_combo,DS03,14,58,HPT_eff_mod,1,0,-0.117254853431807,-0.090772681199354,1,1,2,2,2,2,0.141738447757587,0
ood_combo,DS03,14,58,fan_eff_mod,2,0,0,-0,0,0,0,0,2,2,0.141738447757587,0
ood_combo,DS03,14,58,fan_flow_mod,3,0,0,-0.000343301378302711,0,0,0,0,2,2,0.141738447757587,0
ood_combo,DS03,14,58,HPC_eff_mod,4,0,0,-0.0031663285191211,0,0,0,0,2,2,0.141738447757587,0
ood_combo,DS03,14,58,HPC_flow_mod,5,0,0,-0,0,0,0,0,2,2,0.141738447757587,0
ood_combo,DS03,14,58,LPT_eff_mod,6,0,-0.0745426484410134,-0.0758113844736827,1,1,2,2,2,2,0.141738447757587,0
ood_combo,DS03,14,58,LPT_flow_mod,7,0,-0.129786270014708,-0.139254248355451,1,1,2,2,2,2,0.141738447757587,0
ood_combo,DS03,14,58,LPC_eff_mod,8,0,0,-0.00194350166058835,0,0,0,0,2,2,0.141738447757587,0
ood_combo,DS03,14,58,LPC_flow_mod,9,0,0,-0,0,0,0,0,2,2,0.141738447757587,0
ood_combo,DS03,14,59,HPT_eff_mod,1,0,-0.105633291913312,-0.090772681199354,1,1,2,2,2,2,0.101096041961848,0
ood_combo,DS03,14,59,fan_eff_mod,2,0,0,-0,0,0,0,0,2,2,0.101096041961848,0
ood_combo,DS03,14,59,fan_flow_mod,3,0,0,-0.000343301378302711,0,0,0,0,2,2,0.101096041961848,0
ood_combo,DS03,14,59,HPC_eff_mod,4,0,0,-0.0031663285191211,0,0,0,0,2,2,0.101096041961848,0
ood_combo,DS03,14,59,HPC_flow_mod,5,0,0,-0,0,0,0,0,2,2,0.101096041961848,0
ood_combo,DS03,14,59,LPT_eff_mod,6,0,-0.0792865254442208,-0.0758386082361179,1,1,2,2,2,2,0.101096041961848,0
ood_combo,DS03,14,59,LPT_flow_mod,7,0,-0.141360718418368,-0.139254248355451,1,1,2,2,2,2,0.101096041961848,0
ood_combo,DS03,14,59,LPC_eff_mod,8,0,0,-0.00194350166058835,0,0,0,0,2,2,0.101096041961848,0
ood_combo,DS03,14,59,LPC_flow_mod,9,0,0,-0,0,0,0,0,2,2,0.101096041961848,0
ood_combo,DS03,14,60,HPT_eff_mod,1,0,-0.134831850157438,-0.131023206467383,1,1,2,2,3,3,0.149705902533144,0
ood_combo,DS03,14,60,fan_eff_mod,2,0,0,-0,0,0,0,0,3,3,0.149705902533144,0
ood_combo,DS03,14,60,fan_flow_mod,3,0,0,-0.000343301378302711,0,0,0,0,3,3,0.149705902533144,0
ood_combo,DS03,14,60,HPC_eff_mod,4,0,0,-0.0031663285191211,0,0,0,0,3,3,0.149705902533144,0
ood_combo,DS03,14,60,HPC_flow_mod,5,0,0,-0,0,0,0,0,3,3,0.149705902533144,0
ood_combo,DS03,14,60,LPT_eff_mod,6,0,-0.0838783173400433,-0.0758386082361179,1,1,2,2,3,3,0.149705902533144,0
ood_combo,DS03,14,60,LPT_flow_mod,7,0,-0.169149196513923,-0.155569002135696,1,1,3,3,3,3,0.149705902533144,0
ood_combo,DS03,14,60,LPC_eff_mod,8,0,0,-0.00194350166058835,0,0,0,0,3,3,0.149705902533144,0
ood_combo,DS03,14,60,LPC_flow_mod,9,0,0,-0,0,0,0,0,3,3,0.149705902533144,0
ood_combo,DS03,14,61,HPT_eff_mod,1,0,-0.142169490820523,-0.131023206467383,1,1,2,2,3,3,0.159523534762199,0
ood_combo,DS03,14,61,fan_eff_mod,2,0,0,-0,0,0,0,0,3,3,0.159523534762199,0
ood_combo,DS03,14,61,fan_flow_mod,3,0,0,-0.000343301378302711,0,0,0,0,3,3,0.159523534762199,0
ood_combo,DS03,14,61,HPC_eff_mod,4,0,0,-0.00371234144332697,0,0,0,0,3,3,0.159523534762199,0
ood_combo,DS03,14,61,HPC_flow_mod,5,0,0,-0,0,0,0,0,3,3,0.159523534762199,0
ood_combo,DS03,14,61,LPT_eff_mod,6,0,-0.090186221728726,-0.0758386082361179,1,1,2,2,3,3,0.159523534762199,0
ood_combo,DS03,14,61,LPT_flow_mod,7,0,-0.176690003526992,-0.15789614898639,1,1,3,3,3,3,0.159523534762199,0
ood_combo,DS03,14,61,LPC_eff_mod,8,0,0,-0.00194350166058835,0,0,0,0,3,3,0.159523534762199,0
ood_combo,DS03,14,61,LPC_flow_mod,9,0,0,-0,0,0,0,0,3,3,0.159523534762199,0
ood_combo,DS03,14,62,HPT_eff_mod,1,0,-0.162287714434393,-0.172963100556627,1,1,3,3,3,3,0.0889920837103731,0
ood_combo,DS03,14,62,fan_eff_mod,2,0,0,-0,0,0,0,0,3,3,0.0889920837103731,0
ood_combo,DS03,14,62,fan_flow_mod,3,0,0,-0.000343301378302711,0,0,0,0,3,3,0.0889920837103731,0
ood_combo,DS03,14,62,HPC_eff_mod,4,0,0,-0.00371234144332697,0,0,0,0,3,3,0.0889920837103731,0
ood_combo,DS03,14,62,HPC_flow_mod,5,0,0,-0,0,0,0,0,3,3,0.0889920837103731,0
ood_combo,DS03,14,62,LPT_eff_mod,6,0,-0.0973333949145443,-0.0758386082361179,1,1,2,2,3,3,0.0889920837103731,0
ood_combo,DS03,14,62,LPT_flow_mod,7,0,-0.193118428430609,-0.15789614898639,1,1,3,3,3,3,0.0889920837103731,0
ood_combo,DS03,14,62,LPC_eff_mod,8,0,0,-0.00194350166058835,0,0,0,0,3,3,0.0889920837103731,0
ood_combo,DS03,14,62,LPC_flow_mod,9,0,0,-0,0,0,0,0,3,3,0.0889920837103731,0
ood_combo,DS03,14,63,HPT_eff_mod,1,0,-0.162208638025448,-0.172963100556627,1,1,3,3,3,3,0.110980884549283,0
ood_combo,DS03,14,63,fan_eff_mod,2,0,0,-0,0,0,0,0,3,3,0.110980884549283,0
ood_combo,DS03,14,63,fan_flow_mod,3,0,0,-0.000343301378302711,0,0,0,0,3,3,0.110980884549283,0
ood_combo,DS03,14,63,HPC_eff_mod,4,0,0,-0.00371234144332697,0,0,0,0,3,3,0.110980884549283,0
ood_combo,DS03,14,63,HPC_flow_mod,5,0,0,-0,0,0,0,0,3,3,0.110980884549283,0
ood_combo,DS03,14,63,LPT_eff_mod,6,0,-0.100210513480089,-0.0856066985175109,1,1,2,2,3,3,0.110980884549283,0
ood_combo,DS03,14,63,LPT_flow_mod,7,0,-0.205121809463188,-0.15789614898639,1,1,3,3,3,3,0.110980884549283,0
ood_combo,DS03,14,63,LPC_eff_mod,8,0,0,-0.00194350166058835,0,0,0,0,3,3,0.110980884549283,0
ood_combo,DS03,14,63,LPC_flow_mod,9,0,0,-0,0,0,0,0,3,3,0.110980884549283,0
ood_combo,DS03,14,64,HPT_eff_mod,1,0,-0.165228282727751,-0.177301044781629,1,1,3,3,3,3,0.0863106687747783,0
ood_combo,DS03,14,64,fan_eff_mod,2,0,0,-0,0,0,0,0,3,3,0.0863106687747783,0
ood_combo,DS03,14,64,fan_flow_mod,3,0,0,-0.000343301378302711,0,0,0,0,3,3,0.0863106687747783,0
ood_combo,DS03,14,64,HPC_eff_mod,4,0,0,-0.00534086884383206,0,0,0,0,3,3,0.0863106687747783,0
ood_combo,DS03,14,64,HPC_flow_mod,5,0,0,-0,0,0,0,0,3,3,0.0863106687747783,0
ood_combo,DS03,14,64,LPT_eff_mod,6,0,-0.109867315442832,-0.0856066985175109,1,1,2,2,3,3,0.0863106687747783,0
ood_combo,DS03,14,64,LPT_flow_mod,7,0,-0.225904908888512,-0.188866689127293,1,1,3,3,3,3,0.0863106687747783,0
ood_combo,DS03,14,64,LPC_eff_mod,8,0,0,-0.00194350166058835,0,0,0,0,3,3,0.0863106687747783,0
ood_combo,DS03,14,64,LPC_flow_mod,9,0,0,-0,0,0,0,0,3,3,0.0863106687747783,0
ood_combo,DS03,14,65,HPT_eff_mod,1,0,-0.175253924834673,-0.200600407626178,1,1,3,3,3,3,0.0861000639383507,0
ood_combo,DS03,14,65,fan_eff_mod,2,0,0,-0,0,0,0,0,3,3,0.0861000639383507,0
ood_combo,DS03,14,65,fan_flow_mod,3,0,0,-0.000343301378302711,0,0,0,0,3,3,0.0861000639383507,0
ood_combo,DS03,14,65,HPC_eff_mod,4,0,0,-0.00769034774883072,0,0,0,0,3,3,0.0861000639383507,0
ood_combo,DS03,14,65,HPC_flow_mod,5,0,0,-0,0,0,0,0,3,3,0.0861000639383507,0
ood_combo,DS03,14,65,LPT_eff_mod,6,0,-0.115967633457747,-0.0856066985175109,1,1,2,2,3,3,0.0861000639383507,0
ood_combo,DS03,14,65,LPT_flow_mod,7,0,-0.257133226637376,-0.201834402763026,1,1,3,3,3,3,0.0861000639383507,0
ood_combo,DS03,14,65,LPC_eff_mod,8,0,0,-0.00194350166058835,0,0,0,0,3,3,0.0861000639383507,0
ood_combo,DS03,14,65,LPC_flow_mod,9,0,0,-0,0,0,0,0,3,3,0.0861000639383507,0
ood_combo,DS03,14,66,HPT_eff_mod,1,0,-0.19858698332596,-0.23592017793421,1,1,3,3,3,3,0.0979976416268488,0
ood_combo,DS03,14,66,fan_eff_mod,2,0,0,-0,0,0,0,0,3,3,0.0979976416268488,0
ood_combo,DS03,14,66,fan_flow_mod,3,0,0,-0.000343301378302711,0,0,0,0,3,3,0.0979976416268488,0
ood_combo,DS03,14,66,HPC_eff_mod,4,0,0,-0.00886464235192103,0,0,0,0,3,3,0.0979976416268488,0
ood_combo,DS03,14,66,HPC_flow_mod,5,0,0,-0,0,0,0,0,3,3,0.0979976416268488,0
ood_combo,DS03,14,66,LPT_eff_mod,6,0,-0.125285115961829,-0.0888739319411374,1,1,2,2,3,3,0.0979976416268488,0
ood_combo,DS03,14,66,LPT_flow_mod,7,0,-0.267538771599546,-0.201834402763026,1,1,3,3,3,3,0.0979976416268488,0
ood_combo,DS03,14,66,LPC_eff_mod,8,0,0,-0.00194350166058835,0,0,0,0,3,3,0.0979976416268488,0
ood_combo,DS03,14,66,LPC_flow_mod,9,0,0,-0,0,0,0,0,3,3,0.0979976416268488,0
ood_combo,DS03,14,67,HPT_eff_mod,1,0,-0.211447375056257,-0.23592017793421,1,1,3,3,3,3,0.173085868928725,0
ood_combo,DS03,14,67,fan_eff_mod,2,0,0,-0,0,0,0,0,3,3,0.173085868928725,0
ood_combo,DS03,14,67,fan_flow_mod,3,0,0,-0.000343301378302711,0,0,0,0,3,3,0.173085868928725,0
ood_combo,DS03,14,67,HPC_eff_mod,4,0,0,-0.0133432726397209,0,0,0,0,3,3,0.173085868928725,0
ood_combo,DS03,14,67,HPC_flow_mod,5,0,0,-0,0,0,0,0,3,3,0.173085868928725,0
ood_combo,DS03,14,67,LPT_eff_mod,6,0,-0.130589719737373,-0.0888739319411374,1,1,2,2,3,3,0.173085868928725,0
ood_combo,DS03,14,67,LPT_flow_mod,7,0,-0.300312947827186,-0.23611098573243,1,1,3,3,3,3,0.173085868928725,0
ood_combo,DS03,14,67,LPC_eff_mod,8,0,0,-0.00194350166058835,0,0,0,0,3,3,0.173085868928725,0
ood_combo,DS03,14,67,LPC_flow_mod,9,0,0,-0,0,0,0,0,3,3,0.173085868928725,0
ood_combo,DS03,14,68,HPT_eff_mod,1,0,-0.214195165152019,-0.261719381344707,1,1,3,3,3,3,0.221340650568434,0
ood_combo,DS03,14,68,fan_eff_mod,2,0,0,-0,0,0,0,0,3,3,0.221340650568434,0
ood_combo,DS03,14,68,fan_flow_mod,3,0,0,-0.000343301378302711,0,0,0,0,3,3,0.221340650568434,0
ood_combo,DS03,14,68,HPC_eff_mod,4,0,0,-0.0133432726397209,0,0,0,0,3,3,0.221340650568434,0
ood_combo,DS03,14,68,HPC_flow_mod,5,0,0,-0,0,0,0,0,3,3,0.221340650568434,0
ood_combo,DS03,14,68,LPT_eff_mod,6,0,-0.144030624430443,-0.107919563777906,1,1,2,2,3,3,0.221340650568434,0
ood_combo,DS03,14,68,LPT_flow_mod,7,0,-0.323089940079374,-0.23611098573243,1,1,3,3,3,3,0.221340650568434,0
ood_combo,DS03,14,68,LPC_eff_mod,8,0,0,-0.00194350166058835,0,0,0,0,3,3,0.221340650568434,0
ood_combo,DS03,14,68,LPC_flow_mod,9,0,0,-0,0,0,0,0,3,3,0.221340650568434,0
ood_combo,DS03,14,69,HPT_eff_mod,1,0,-0.245833081628698,-0.284188106059816,1,1,3,3,3,3,0.150153330234568,0
ood_combo,DS03,14,69,fan_eff_mod,2,0,0,-0,0,0,0,0,3,3,0.150153330234568,0
ood_combo,DS03,14,69,fan_flow_mod,3,0,0,-0.00168464726978014,0,0,0,0,3,3,0.150153330234568,0
ood_combo,DS03,14,69,HPC_eff_mod,4,0,0,-0.0177823771897172,0,0,0,0,3,3,0.150153330234568,0
ood_combo,DS03,14,69,HPC_flow_mod,5,0,0,-0,0,0,0,0,3,3,0.150153330234568,0
ood_combo,DS03,14,69,LPT_eff_mod,6,0,-0.149319553364963,-0.107919563777906,1,1,3,2,3,3,0.150153330234568,0
ood_combo,DS03,14,69,LPT_flow_mod,7,0,-0.346872131775305,-0.260192494403898,1,1,3,3,3,3,0.150153330234568,0
ood_combo,DS03,14,69,LPC_eff_mod,8,0,0,-0.00194350166058835,0,0,0,0,3,3,0.150153330234568,0
ood_combo,DS03,14,69,LPC_flow_mod,9,0,0,-0.00831798009495735,0,0,0,0,3,3,0.150153330234568,0
ood_combo,DS03,14,70,HPT_eff_mod,1,0,-0.253487820195179,-0.305158833679585,1,1,3,3,3,3,0.160286589326269,0
ood_combo,DS03,14,70,fan_eff_mod,2,0,0,-0,0,0,0,0,3,3,0.160286589326269,0
ood_combo,DS03,14,70,fan_flow_mod,3,0,0,-0.00168464726978014,0,0,0,0,3,3,0.160286589326269,0
ood_combo,DS03,14,70,HPC_eff_mod,4,0,0,-0.0177823771897172,0,0,0,0,3,3,0.160286589326269,0
ood_combo,DS03,14,70,HPC_flow_mod,5,0,0,-0,0,0,0,0,3,3,0.160286589326269,0
ood_combo,DS03,14,70,LPT_eff_mod,6,0,-0.165103280266851,-0.112538150715583,1,1,3,2,3,3,0.160286589326269,0
ood_combo,DS03,14,70,LPT_flow_mod,7,0,-0.379736828215006,-0.260192494403898,1,1,3,3,3,3,0.160286589326269,0
ood_combo,DS03,14,70,LPC_eff_mod,8,0,0,-0.00194350166058835,0,0,0,0,3,3,0.160286589326269,0
ood_combo,DS03,14,70,LPC_flow_mod,9,0,0,-0.00831798009495735,0,0,0,0,3,3,0.160286589326269,0
ood_combo,DS03,14,71,HPT_eff_mod,1,0,-0.259779064455679,-0.340981899972606,1,1,3,3,3,3,0.159762611071326,0
ood_combo,DS03,14,71,fan_eff_mod,2,0,0,-0,0,0,0,0,3,3,0.159762611071326,0
ood_combo,DS03,14,71,fan_flow_mod,3,0,0,-0.00168464726978014,0,0,0,0,3,3,0.159762611071326,0
ood_combo,DS03,14,71,HPC_eff_mod,4,0,0,-0.0177823771897172,0,0,0,0,3,3,0.159762611071326,0
ood_combo,DS03,14,71,HPC_flow_mod,5,0,0,-0,0,0,0,0,3,3,0.159762611071326,0
ood_combo,DS03,14,71,LPT_eff_mod,6,0,-0.180465713496919,-0.121803487128263,1,1,3,2,3,3,0.159762611071326,0
ood_combo,DS03,14,71,LPT_flow_mod,7,0,-0.400825016576897,-0.260192494403898,1,1,3,3,3,3,0.159762611071326,0
ood_combo,DS03,14,71,LPC_eff_mod,8,0,0,-0.00194350166058835,0,0,0,0,3,3,0.159762611071326,0
ood_combo,DS03,14,71,LPC_flow_mod,9,0,0,-0.00831798009495735,0,0,0,0,3,3,0.159762611071326,0
ood_combo,DS03,14,72,HPT_eff_mod,1,0,-0.263945490052377,-0.348664869575708,1,1,3,3,3,3,0.160235160757247,0
ood_combo,DS03,14,72,fan_eff_mod,2,0,0,-0,0,0,0,0,3,3,0.160235160757247,0
ood_combo,DS03,14,72,fan_flow_mod,3,0,0,-0.00168464726978014,0,0,0,0,3,3,0.160235160757247,0
ood_combo,DS03,14,72,HPC_eff_mod,4,0,0,-0.0177823771897172,0,0,0,0,3,3,0.160235160757247,0
ood_combo,DS03,14,72,HPC_flow_mod,5,0,0,-0,0,0,0,0,3,3,0.160235160757247,0
ood_combo,DS03,14,72,LPT_eff_mod,6,0,-0.190861120927371,-0.121803487128263,1,1,3,2,3,3,0.160235160757247,0
ood_combo,DS03,14,72,LPT_flow_mod,7,0,-0.462873477169124,-0.30437668961091,1,1,3,3,3,3,0.160235160757247,0
ood_combo,DS03,14,72,LPC_eff_mod,8,0,0,-0.00194350166058835,0,0,0,0,3,3,0.160235160757247,0
ood_combo,DS03,14,72,LPC_flow_mod,9,0,0,-0.00985577692690538,0,0,0,0,3,3,0.160235160757247,0
ood_combo,DS03,14,73,HPT_eff_mod,1,0,-0.297816739624107,-0.408983005408322,1,1,3,3,3,3,0.172755856862613,0
ood_combo,DS03,14,73,fan_eff_mod,2,0,0,-0,0,0,0,0,3,3,0.172755856862613,0
ood_combo,DS03,14,73,fan_flow_mod,3,0,0,-0.00168464726978014,0,0,0,0,3,3,0.172755856862613,0
ood_combo,DS03,14,73,HPC_eff_mod,4,0,0,-0.0297999729050073,0,1,0,2,3,3,0.172755856862613,0
ood_combo,DS03,14,73,HPC_flow_mod,5,0,0,-0,0,0,0,0,3,3,0.172755856862613,0
ood_combo,DS03,14,73,LPT_eff_mod,6,0,-0.202741959641353,-0.121803487128263,1,1,3,2,3,3,0.172755856862613,0
ood_combo,DS03,14,73,LPT_flow_mod,7,0,-0.491945508572573,-0.308455223209886,1,1,3,3,3,3,0.172755856862613,0
ood_combo,DS03,14,73,LPC_eff_mod,8,0,0,-0.00194350166058835,0,0,0,0,3,3,0.172755856862613,0
ood_combo,DS03,14,73,LPC_flow_mod,9,0,0,-0.00985577692690538,0,0,0,0,3,3,0.172755856862613,0
ood_combo,DS03,14,74,HPT_eff_mod,1,0,-0.31415090652141,-0.420093342660073,1,1,3,3,3,3,0.0963384702869514,0
ood_combo,DS03,14,74,fan_eff_mod,2,0,0,-0,0,0,0,0,3,3,0.0963384702869514,0
ood_combo,DS03,14,74,fan_flow_mod,3,0,0,-0.00168464726978014,0,0,0,0,3,3,0.0963384702869514,0
ood_combo,DS03,14,74,HPC_eff_mod,4,0,0,-0.0297999729050073,0,1,0,2,3,3,0.0963384702869514,0
ood_combo,DS03,14,74,HPC_flow_mod,5,0,0,-0,0,0,0,0,3,3,0.0963384702869514,0
ood_combo,DS03,14,74,LPT_eff_mod,6,0,-0.215865487061243,-0.138231018301651,1,1,3,2,3,3,0.0963384702869514,0
ood_combo,DS03,14,74,LPT_flow_mod,7,0,-0.54669554864268,-0.378625844424869,1,1,3,3,3,3,0.0963384702869514,0
ood_combo,DS03,14,74,LPC_eff_mod,8,0,0,-0.00682773911493483,0,0,0,0,3,3,0.0963384702869514,0
ood_combo,DS03,14,74,LPC_flow_mod,9,0,0,-0.00985577692690538,0,0,0,0,3,3,0.0963384702869514,0
ood_combo,DS03,14,75,HPT_eff_mod,1,0,-0.335027162464039,-0.420093342660073,1,1,3,3,3,3,0.197816988265772,0
ood_combo,DS03,14,75,fan_eff_mod,2,0,0,-0,0,0,0,0,3,3,0.197816988265772,0
ood_combo,DS03,14,75,fan_flow_mod,3,0,0,-0.00168464726978014,0,0,0,0,3,3,0.197816988265772,0
ood_combo,DS03,14,75,HPC_eff_mod,4,0,0,-0.0297999729050073,0,1,0,2,3,3,0.197816988265772,0
ood_combo,DS03,14,75,HPC_flow_mod,5,0,0,-0,0,0,0,0,3,3,0.197816988265772,0
ood_combo,DS03,14,75,LPT_eff_mod,6,0,-0.232615662663726,-0.16830926611176,1,1,3,3,3,3,0.197816988265772,0
ood_combo,DS03,14,75,LPT_flow_mod,7,0,-0.576823763454851,-0.43289662336452,1,1,3,3,3,3,0.197816988265772,0
ood_combo,DS03,14,75,LPC_eff_mod,8,0,0,-0.0122243247007037,0,0,0,0,3,3,0.197816988265772,0
ood_combo,DS03,14,75,LPC_flow_mod,9,0,0,-0.00985577692690538,0,0,0,0,3,3,0.197816988265772,0
ood_combo,DS03,14,76,HPT_eff_mod,1,0,-0.359692704613322,-0.461745088973527,1,1,3,3,3,3,0.151902836975978,0
ood_combo,DS03,14,76,fan_eff_mod,2,0,0,-0.000112283794579369,0,0,0,0,3,3,0.151902836975978,0
ood_combo,DS03,14,76,fan_flow_mod,3,0,0,-0.00581653475698304,0,0,0,0,3,3,0.151902836975978,0
ood_combo,DS03,14,76,HPC_eff_mod,4,0,0,-0.0536623941122749,0,1,0,2,3,3,0.151902836975978,0
ood_combo,DS03,14,76,HPC_flow_mod,5,0,0,-0.00329835848711262,0,0,0,0,3,3,0.151902836975978,0
ood_combo,DS03,14,76,LPT_eff_mod,6,0,-0.248807199989344,-0.16830926611176,1,1,3,3,3,3,0.151902836975978,0
ood_combo,DS03,14,76,LPT_flow_mod,7,0,-0.641647893363712,-0.44642478870922,1,1,3,3,3,3,0.151902836975978,0
ood_combo,DS03,14,76,LPC_eff_mod,8,0,0,-0.0122243247007037,0,0,0,0,3,3,0.151902836975978,0
ood_combo,DS03,14,76,LPC_flow_mod,9,0,0,-0.0398923746398273,0,1,0,2,3,3,0.151902836975978,0
ood_combo,DS03,15,1,HPT_eff_mod,1,1,-0.00562252585471436,-0,0,0,0,0,0,0,0.100012759733224,0
ood_combo,DS03,15,1,fan_eff_mod,2,1,0,-0,0,0,0,0,0,0,0.100012759733224,0
ood_combo,DS03,15,1,fan_flow_mod,3,1,0,-0,0,0,0,0,0,0,0.100012759733224,0
ood_combo,DS03,15,1,HPC_eff_mod,4,1,0,-0,0,0,0,0,0,0,0.100012759733224,0
ood_combo,DS03,15,1,HPC_flow_mod,5,1,0,-0,0,0,0,0,0,0,0.100012759733224,0
ood_combo,DS03,15,1,LPT_eff_mod,6,1,0.00240958557328336,-0,0,0,0,0,0,0,0.100012759733224,0
ood_combo,DS03,15,1,LPT_flow_mod,7,1,0.00329697073569559,-0,0,0,0,0,0,0,0.100012759733224,0
ood_combo,DS03,15,1,LPC_eff_mod,8,1,0,-0,0,0,0,0,0,0,0.100012759733224,0
ood_combo,DS03,15,1,LPC_flow_mod,9,1,0,-0,0,0,0,0,0,0,0.100012759733224,0
ood_combo,DS03,15,2,HPT_eff_mod,1,1,-0.0029150684956068,-0,0,0,0,0,0,0,0.106614669231419,0
ood_combo,DS03,15,2,fan_eff_mod,2,1,0,-0,0,0,0,0,0,0,0.106614669231419,0
ood_combo,DS03,15,2,fan_flow_mod,3,1,0,-0,0,0,0,0,0,0,0.106614669231419,0
ood_combo,DS03,15,2,HPC_eff_mod,4,1,0,-0,0,0,0,0,0,0,0.106614669231419,0
ood_combo,DS03,15,2,HPC_flow_mod,5,1,0,-0,0,0,0,0,0,0,0.106614669231419,0
ood_combo,DS03,15,2,LPT_eff_mod,6,1,0.00151032441575897,-0,0,0,0,0,0,0,0.106614669231419,0
ood_combo,DS03,15,2,LPT_flow_mod,7,1,-0.000676283223975976,-4.16498616859862e-06,0,0,0,0,0,0,0.106614669231419,0
ood_combo,DS03,15,2,LPC_eff_mod,8,1,0,-0,0,0,0,0,0,0,0.106614669231419,0
ood_combo,DS03,15,2,LPC_flow_mod,9,1,0,-0,0,0,0,0,0,0,0.106614669231419,0
ood_combo,DS03,15,3,HPT_eff_mod,1,1,0.00853759435032249,-0,0,0,0,0,0,0,0.117984016906922,0
ood_combo,DS03,15,3,fan_eff_mod,2,1,0,-0,0,0,0,0,0,0,0.117984016906922,0
ood_combo,DS03,15,3,fan_flow_mod,3,1,0,-5.36210676122727e-05,0,0,0,0,0,0,0.117984016906922,0
ood_combo,DS03,15,3,HPC_eff_mod,4,1,0,-0,0,0,0,0,0,0,0.117984016906922,0
ood_combo,DS03,15,3,HPC_flow_mod,5,1,0,-0,0,0,0,0,0,0,0.117984016906922,0
ood_combo,DS03,15,3,LPT_eff_mod,6,1,-0.00391990998904191,-0,0,0,0,0,0,0,0.117984016906922,0
ood_combo,DS03,15,3,LPT_flow_mod,7,1,-0.0026206875117192,-4.16498616859862e-06,0,0,0,0,0,0,0.117984016906922,0
ood_combo,DS03,15,3,LPC_eff_mod,8,1,0,-0,0,0,0,0,0,0,0.117984016906922,0
ood_combo,DS03,15,3,LPC_flow_mod,9,1,0,-0,0,0,0,0,0,0,0.117984016906922,0
ood_combo,DS03,15,4,HPT_eff_mod,1,1,-0.00946996861824425,-0,0,0,0,0,0,0,0.131291480594795,0
ood_combo,DS03,15,4,fan_eff_mod,2,1,0,-0,0,0,0,0,0,0,0.131291480594795,0
ood_combo,DS03,15,4,fan_flow_mod,3,1,0,-5.36210676122727e-05,0,0,0,0,0,0,0.131291480594795,0
ood_combo,DS03,15,4,HPC_eff_mod,4,1,0,-0,0,0,0,0,0,0,0.131291480594795,0
ood_combo,DS03,15,4,HPC_flow_mod,5,1,0,-0,0,0,0,0,0,0,0.131291480594795,0
ood_combo,DS03,15,4,LPT_eff_mod,6,1,-0.000269075556403708,-0,0,0,0,0,0,0,0.131291480594795,0
ood_combo,DS03,15,4,LPT_flow_mod,7,1,-0.00317903879385893,-0.00752700714603593,0,0,0,0,0,0,0.131291480594795,0
ood_combo,DS03,15,4,LPC_eff_mod,8,1,0,-0,0,0,0,0,0,0,0.131291480594795,0
ood_combo,DS03,15,4,LPC_flow_mod,9,1,0,-0,0,0,0,0,0,0,0.131291480594795,0
ood_combo,DS03,15,5,HPT_eff_mod,1,1,-0.00901758431534105,-0,0,0,0,0,0,0,0.107459740375622,0
ood_combo,DS03,15,5,fan_eff_mod,2,1,0,-0,0,0,0,0,0,0,0.107459740375622,0
ood_combo,DS03,15,5,fan_flow_mod,3,1,0,-5.36210676122727e-05,0,0,0,0,0,0,0.107459740375622,0
ood_combo,DS03,15,5,HPC_eff_mod,4,1,0,-0,0,0,0,0,0,0,0.107459740375622,0
ood_combo,DS03,15,5,HPC_flow_mod,5,1,0,-0,0,0,0,0,0,0,0.107459740375622,0
ood_combo,DS03,15,5,LPT_eff_mod,6,1,-0.00990435169138965,-0.0042443384139138,0,0,0,0,0,0,0.107459740375622,0
ood_combo,DS03,15,5,LPT_flow_mod,7,1,0.00218166228530301,-0.00752700714603593,0,0,0,0,0,0,0.107459740375622,0
ood_combo,DS03,15,5,LPC_eff_mod,8,1,0,-0,0,0,0,0,0,0,0.107459740375622,0
ood_combo,DS03,15,5,LPC_flow_mod,9,1,0,-0,0,0,0,0,0,0,0.107459740375622,0
ood_combo,DS03,15,6,HPT_eff_mod,1,1,-0.00898433130069325,-0,0,0,0,0,0,0,0.166463557546215,0
ood_combo,DS03,15,6,fan_eff_mod,2,1,0,-0,0,0,0,0,0,0,0.166463557546215,0
ood_combo,DS03,15,6,fan_flow_mod,3,1,0,-5.36210676122727e-05,0,0,0,0,0,0,0.166463557546215,0
ood_combo,DS03,15,6,HPC_eff_mod,4,1,0,-0,0,0,0,0,0,0,0.166463557546215,0
ood_combo,DS03,15,6,HPC_flow_mod,5,1,0,-0,0,0,0,0,0,0,0.166463557546215,0
ood_combo,DS03,15,6,LPT_eff_mod,6,1,-0.00282312238363897,-0.0042443384139138,0,0,0,0,0,0,0.166463557546215,0
ood_combo,DS03,15,6,LPT_flow_mod,7,1,0.00232034680279627,-0.0120109287633154,0,0,0,0,0,0,0.166463557546215,0
ood_combo,DS03,15,6,LPC_eff_mod,8,1,0,-0,0,0,0,0,0,0,0.166463557546215,0
ood_combo,DS03,15,6,LPC_flow_mod,9,1,0,-0,0,0,0,0,0,0,0.166463557546215,0
ood_combo,DS03,15,7,HPT_eff_mod,1,1,-0.00882378903938545,-0,0,0,0,0,0,0,0.186887865374918,0
ood_combo,DS03,15,7,fan_eff_mod,2,1,0,-0,0,0,0,0,0,0,0.186887865374918,0
ood_combo,DS03,15,7,fan_flow_mod,3,1,0,-5.36210676122727e-05,0,0,0,0,0,0,0.186887865374918,0
ood_combo,DS03,15,7,HPC_eff_mod,4,1,0,-0,0,0,0,0,0,0,0.186887865374918,0
ood_combo,DS03,15,7,HPC_flow_mod,5,1,0,-0,0,0,0,0,0,0,0.186887865374918,0
ood_combo,DS03,15,7,LPT_eff_mod,6,1,-0.00852740682879554,-0.0042443384139138,0,0,0,0,0,0,0.186887865374918,0
ood_combo,DS03,15,7,LPT_flow_mod,7,1,-0.00182594959612074,-0.0120109287633154,0,0,0,0,0,0,0.186887865374918,0
ood_combo,DS03,15,7,LPC_eff_mod,8,1,0,-0.00109427096447046,0,0,0,0,0,0,0.186887865374918,0
ood_combo,DS03,15,7,LPC_flow_mod,9,1,0,-0,0,0,0,0,0,0,0.186887865374918,0
ood_combo,DS03,15,8,HPT_eff_mod,1,1,-0.0140566529215242,-0,0,0,0,0,0,0,0.101607824497102,0
ood_combo,DS03,15,8,fan_eff_mod,2,1,0,-0,0,0,0,0,0,0,0.101607824497102,0
ood_combo,DS03,15,8,fan_flow_mod,3,1,0,-5.36210676122727e-05,0,0,0,0,0,0,0.101607824497102,0
ood_combo,DS03,15,8,HPC_eff_mod,4,1,0,-0,0,0,0,0,0,0,0.101607824497102,0
ood_combo,DS03,15,8,HPC_flow_mod,5,1,0,-0,0,0,0,0,0,0,0.101607824497102,0
ood_combo,DS03,15,8,LPT_eff_mod,6,1,-0.00267862492254945,-0.00966746245684939,0,0,0,0,0,0,0.101607824497102,0
ood_combo,DS03,15,8,LPT_flow_mod,7,1,0.00226651474562242,-0.0120109287633154,0,0,0,0,0,0,0.101607824497102,0
ood_combo,DS03,15,8,LPC_eff_mod,8,1,0,-0.00109427096447046,0,0,0,0,0,0,0.101607824497102,0
ood_combo,DS03,15,8,LPC_flow_mod,9,1,0,-0,0,0,0,0,0,0,0.101607824497102,0
ood_combo,DS03,15,9,HPT_eff_mod,1,1,-0.0159479792511537,-0,0,0,0,0,0,0,0.182062206219295,0
ood_combo,DS03,15,9,fan_eff_mod,2,1,0,-0,0,0,0,0,0,0,0.182062206219295,0
ood_combo,DS03,15,9,fan_flow_mod,3,1,0,-5.36210676122727e-05,0,0,0,0,0,0,0.182062206219295,0
ood_combo,DS03,15,9,HPC_eff_mod,4,1,0,-0,0,0,0,0,0,0,0.182062206219295,0
ood_combo,DS03,15,9,HPC_flow_mod,5,1,0,-0.0010895779163198,0,0,0,0,0,0,0.182062206219295,0
ood_combo,DS03,15,9,LPT_eff_mod,6,1,-0.0109205651030153,-0.0131227906943375,0,0,0,0,0,0,0.182062206219295,0
ood_combo,DS03,15,9,LPT_flow_mod,7,1,-0.00634216454542702,-0.0120109287633154,0,0,0,0,0,0,0.182062206219295,0
ood_combo,DS03,15,9,LPC_eff_mod,8,1,0,-0.00109427096447046,0,0,0,0,0,0,0.182062206219295,0
ood_combo,DS03,15,9,LPC_flow_mod,9,1,0,-0,0,0,0,0,0,0,0.182062206219295,0
ood_combo,DS03,15,10,HPT_eff_mod,1,1,-0.0100483610396198,-0,0,0,0,0,0,0,0.206972342694091,0
ood_combo,DS03,15,10,fan_eff_mod,2,1,0,-0,0,0,0,0,0,0,0.206972342694091,0
ood_combo,DS03,15,10,fan_flow_mod,3,1,0,-5.36210676122727e-05,0,0,0,0,0,0,0.206972342694091,0
ood_combo,DS03,15,10,HPC_eff_mod,4,1,0,-0,0,0,0,0,0,0,0.206972342694091,0
ood_combo,DS03,15,10,HPC_flow_mod,5,1,0,-0.0010895779163198,0,0,0,0,0,0,0.206972342694091,0
ood_combo,DS03,15,10,LPT_eff_mod,6,1,-0.0121076820910706,-0.0131227906943375,0,0,0,0,0,0,0.206972342694091,0
ood_combo,DS03,15,10,LPT_flow_mod,7,1,-0.000500821580594245,-0.0120109287633154,0,0,0,0,0,0,0.206972342694091,0
ood_combo,DS03,15,10,LPC_eff_mod,8,1,0,-0.00109427096447046,0,0,0,0,0,0,0.206972342694091,0
ood_combo,DS03,15,10,LPC_flow_mod,9,1,0,-0,0,0,0,0,0,0,0.206972342694091,0
ood_combo,DS03,15,11,HPT_eff_mod,1,1,-0.00976598838038251,-0,0,0,0,0,0,0,0.138107883933941,0
ood_combo,DS03,15,11,fan_eff_mod,2,1,0,-0,0,0,0,0,0,0,0.138107883933941,0
ood_combo,DS03,15,11,fan_flow_mod,3,1,0,-5.36210676122727e-05,0,0,0,0,0,0,0.138107883933941,0
ood_combo,DS03,15,11,HPC_eff_mod,4,1,0,-0,0,0,0,0,0,0,0.138107883933941,0
ood_combo,DS03,15,11,HPC_flow_mod,5,1,0,-0.0010895779163198,0,0,0,0,0,0,0.138107883933941,0
ood_combo,DS03,15,11,LPT_eff_mod,6,1,-0.0100614741929314,-0.0131227906943375,0,0,0,0,0,0,0.138107883933941,0
ood_combo,DS03,15,11,LPT_flow_mod,7,1,-0.000742964983424563,-0.0120109287633154,0,0,0,0,0,0,0.138107883933941,0
ood_combo,DS03,15,11,LPC_eff_mod,8,1,0,-0.00109427096447046,0,0,0,0,0,0,0.138107883933941,0
ood_combo,DS03,15,11,LPC_flow_mod,9,1,0,-0,0,0,0,0,0,0,0.138107883933941,0
ood_combo,DS03,15,12,HPT_eff_mod,1,1,-0.00445233684980531,-0,0,0,0,0,0,0,0.141856015589893,0
ood_combo,DS03,15,12,fan_eff_mod,2,1,0,-0,0,0,0,0,0,0,0.141856015589893,0
ood_combo,DS03,15,12,fan_flow_mod,3,1,0,-0.000338650820319066,0,0,0,0,0,0,0.141856015589893,0
ood_combo,DS03,15,12,HPC_eff_mod,4,1,0,-0,0,0,0,0,0,0,0.141856015589893,0
ood_combo,DS03,15,12,HPC_flow_mod,5,1,0,-0.0010895779163198,0,0,0,0,0,0,0.141856015589893,0
ood_combo,DS03,15,12,LPT_eff_mod,6,1,-0.0111864120740992,-0.0131227906943375,0,0,0,0,0,0,0.141856015589893,0
ood_combo,DS03,15,12,LPT_flow_mod,7,1,-0.00879877386378499,-0.0120109287633154,0,0,0,0,0,0,0.141856015589893,0
ood_combo,DS03,15,12,LPC_eff_mod,8,1,0,-0.00109427096447046,0,0,0,0,0,0,0.141856015589893,0
ood_combo,DS03,15,12,LPC_flow_mod,9,1,0,-0,0,0,0,0,0,0,0.141856015589893,0
ood_combo,DS03,15,13,HPT_eff_mod,1,1,-0.00350794464377827,-0,0,0,0,0,0,0,0.176495072004923,0
ood_combo,DS03,15,13,fan_eff_mod,2,1,0,-0,0,0,0,0,0,0,0.176495072004923,0
ood_combo,DS03,15,13,fan_flow_mod,3,1,0,-0.000338650820319066,0,0,0,0,0,0,0.176495072004923,0
ood_combo,DS03,15,13,HPC_eff_mod,4,1,0,-0,0,0,0,0,0,0,0.176495072004923,0
ood_combo,DS03,15,13,HPC_flow_mod,5,1,0,-0.0010895779163198,0,0,0,0,0,0,0.176495072004923,0
ood_combo,DS03,15,13,LPT_eff_mod,6,1,-0.00538503264183397,-0.0131227906943375,0,0,0,0,0,0,0.176495072004923,0
ood_combo,DS03,15,13,LPT_flow_mod,7,1,-0.000682579444356922,-0.0120109287633154,0,0,0,0,0,0,0.176495072004923,0
ood_combo,DS03,15,13,LPC_eff_mod,8,1,0,-0.00109427096447046,0,0,0,0,0,0,0.176495072004923,0
ood_combo,DS03,15,13,LPC_flow_mod,9,1,0,-0,0,0,0,0,0,0,0.176495072004923,0
ood_combo,DS03,15,14,HPT_eff_mod,1,1,-0.00770445941700593,-0,0,0,0,0,0,0,0.159885098700832,0
ood_combo,DS03,15,14,fan_eff_mod,2,1,0,-0,0,0,0,0,0,0,0.159885098700832,0
ood_combo,DS03,15,14,fan_flow_mod,3,1,0,-0.000338650820319066,0,0,0,0,0,0,0.159885098700832,0
ood_combo,DS03,15,14,HPC_eff_mod,4,1,0,-0,0,0,0,0,0,0,0.159885098700832,0
ood_combo,DS03,15,14,HPC_flow_mod,5,1,0,-0.00151518751783724,0,0,0,0,0,0,0.159885098700832,0
ood_combo,DS03,15,14,LPT_eff_mod,6,1,-0.00536739995585765,-0.0143285353079572,0,0,0,0,0,0,0.159885098700832,0
ood_combo,DS03,15,14,LPT_flow_mod,7,1,-0.00478448979464825,-0.0120109287633154,0,0,0,0,0,0,0.159885098700832,0
ood_combo,DS03,15,14,LPC_eff_mod,8,1,0,-0.00109427096447046,0,0,0,0,0,0,0.159885098700832,0
ood_combo,DS03,15,14,LPC_flow_mod,9,1,0,-0,0,0,0,0,0,0,0.159885098700832,0
ood_combo,DS03,15,15,HPT_eff_mod,1,1,-0.0121775663702942,-0,0,0,0,0,0,0,0.128406057296395,0
ood_combo,DS03,15,15,fan_eff_mod,2,1,0,-0,0,0,0,0,0,0,0.128406057296395,0
ood_combo,DS03,15,15,fan_flow_mod,3,1,0,-0.000338650820319066,0,0,0,0,0,0,0.128406057296395,0
ood_combo,DS03,15,15,HPC_eff_mod,4,1,0,-0.00550122595620743,0,0,0,0,0,0,0.128406057296395,0
ood_combo,DS03,15,15,HPC_flow_mod,5,1,0,-0.00151518751783724,0,0,0,0,0,0,0.128406057296395,0
ood_combo,DS03,15,15,LPT_eff_mod,6,1,-0.00987693014275532,-0.0143285353079572,0,0,0,0,0,0,0.128406057296395,0
ood_combo,DS03,15,15,LPT_flow_mod,7,1,-0.0122583255164908,-0.0144171911179577,0,0,0,0,0,0,0.128406057296395,0
ood_combo,DS03,15,15,LPC_eff_mod,8,1,0,-0.00109427096447046,0,0,0,0,0,0,0.128406057296395,0
ood_combo,DS03,15,15,LPC_flow_mod,9,1,0,-0,0,0,0,0,0,0,0.128406057296395,0
ood_combo,DS03,15,16,HPT_eff_mod,1,1,-0.0197318845650738,-0,0,0,0,0,0,0,0.14478447586385,0
ood_combo,DS03,15,16,fan_eff_mod,2,1,0,-0,0,0,0,0,0,0,0.14478447586385,0
ood_combo,DS03,15,16,fan_flow_mod,3,1,0,-0.000338650820319066,0,0,0,0,0,0,0.14478447586385,0
ood_combo,DS03,15,16,HPC_eff_mod,4,1,0,-0.00550122595620743,0,0,0,0,0,0,0.14478447586385,0
ood_combo,DS03,15,16,HPC_flow_mod,5,1,0,-0.00151518751783724,0,0,0,0,0,0,0.14478447586385,0
ood_combo,DS03,15,16,LPT_eff_mod,6,1,-0.00620630011131115,-0.0143285353079572,0,0,0,0,0,0,0.14478447586385,0
ood_combo,DS03,15,16,LPT_flow_mod,7,1,-0.00219823353808161,-0.0144171911179577,0,0,0,0,0,0,0.14478447586385,0
ood_combo,DS03,15,16,LPC_eff_mod,8,1,0,-0.00109427096447046,0,0,0,0,0,0,0.14478447586385,0
ood_combo,DS03,15,16,LPC_flow_mod,9,1,0,-0,0,0,0,0,0,0,0.14478447586385,0
ood_combo,DS03,15,17,HPT_eff_mod,1,1,-0.00858966476657771,-0,0,0,0,0,0,0,0.168249239432185,0
ood_combo,DS03,15,17,fan_eff_mod,2,1,0,-0,0,0,0,0,0,0,0.168249239432185,0
ood_combo,DS03,15,17,fan_flow_mod,3,1,0,-0.000338650820319066,0,0,0,0,0,0,0.168249239432185,0
ood_combo,DS03,15,17,HPC_eff_mod,4,1,0,-0.00550122595620743,0,0,0,0,0,0,0.168249239432185,0
ood_combo,DS03,15,17,HPC_flow_mod,5,1,0,-0.00151518751783724,0,0,0,0,0,0,0.168249239432185,0
ood_combo,DS03,15,17,LPT_eff_mod,6,1,-0.0104124396702538,-0.0143285353079572,0,0,0,0,0,0,0.168249239432185,0
ood_combo,DS03,15,17,LPT_flow_mod,7,1,-0.00867924445242633,-0.0144171911179577,0,0,0,0,0,0,0.168249239432185,0
ood_combo,DS03,15,17,LPC_eff_mod,8,1,0,-0.00109427096447046,0,0,0,0,0,0,0.168249239432185,0
ood_combo,DS03,15,17,LPC_flow_mod,9,1,0,-0,0,0,0,0,0,0,0.168249239432185,0
ood_combo,DS03,15,18,HPT_eff_mod,1,1,-0.0151642187674121,-0,0,0,0,0,0,0,0.163831662489789,0
ood_combo,DS03,15,18,fan_eff_mod,2,1,0,-0,0,0,0,0,0,0,0.163831662489789,0
ood_combo,DS03,15,18,fan_flow_mod,3,1,0,-0.000338650820319066,0,0,0,0,0,0,0.163831662489789,0
ood_combo,DS03,15,18,HPC_eff_mod,4,1,0,-0.0077673695517177,0,0,0,0,0,0,0.163831662489789,0
ood_combo,DS03,15,18,HPC_flow_mod,5,1,0,-0.00177963797136415,0,0,0,0,0,0,0.163831662489789,0
ood_combo,DS03,15,18,LPT_eff_mod,6,1,-0.0150273744738617,-0.0143285353079572,0,0,0,0,0,0,0.163831662489789,0
ood_combo,DS03,15,18,LPT_flow_mod,7,1,-0.00393227840204988,-0.0144171911179577,0,0,0,0,0,0,0.163831662489789,0
ood_combo,DS03,15,18,LPC_eff_mod,8,1,0,-0.00109427096447046,0,0,0,0,0,0,0.163831662489789,0
ood_combo,DS03,15,18,LPC_flow_mod,9,1,0,-0,0,0,0,0,0,0,0.163831662489789,0
ood_combo,DS03,15,19,HPT_eff_mod,1,1,-0.0127590908752954,-0,0,0,0,0,0,0,0.13890838411037,0
ood_combo,DS03,15,19,fan_eff_mod,2,1,0,-0,0,0,0,0,0,0,0.13890838411037,0
ood_combo,DS03,15,19,fan_flow_mod,3,1,0,-0.000338650820319066,0,0,0,0,0,0,0.13890838411037,0
ood_combo,DS03,15,19,HPC_eff_mod,4,1,0,-0.0077673695517177,0,0,0,0,0,0,0.13890838411037,0
ood_combo,DS03,15,19,HPC_flow_mod,5,1,0,-0.00177963797136415,0,0,0,0,0,0,0.13890838411037,0
ood_combo,DS03,15,19,LPT_eff_mod,6,1,-0.0159519357791253,-0.0143285353079572,0,0,0,0,0,0,0.13890838411037,0
ood_combo,DS03,15,19,LPT_flow_mod,7,1,-0.014621566533191,-0.0184562691945578,0,0,0,0,0,0,0.13890838411037,0
ood_combo,DS03,15,19,LPC_eff_mod,8,1,0,-0.00109427096447046,0,0,0,0,0,0,0.13890838411037,0
ood_combo,DS03,15,19,LPC_flow_mod,9,1,0,-0,0,0,0,0,0,0,0.13890838411037,0
ood_combo,DS03,15,20,HPT_eff_mod,1,1,-0.013259249663074,-0,0,0,0,0,0,0,0.151592520838669,0
ood_combo,DS03,15,20,fan_eff_mod,2,1,0,-0,0,0,0,0,0,0,0.151592520838669,0
ood_combo,DS03,15,20,fan_flow_mod,3,1,0,-0.000338650820319066,0,0,0,0,0,0,0.151592520838669,0
ood_combo,DS03,15,20,HPC_eff_mod,4,1,0,-0.0077673695517177,0,0,0,0,0,0,0.151592520838669,0
ood_combo,DS03,15,20,HPC_flow_mod,5,1,0,-0.00177963797136415,0,0,0,0,0,0,0.151592520838669,0
ood_combo,DS03,15,20,LPT_eff_mod,6,1,-0.0082923348006353,-0.0143285353079572,0,0,0,0,0,0,0.151592520838669,0
ood_combo,DS03,15,20,LPT_flow_mod,7,1,-0.0141819021228859,-0.0224861386071034,0,0,0,0,0,0,0.151592520838669,0
ood_combo,DS03,15,20,LPC_eff_mod,8,1,0,-0.00109427096447046,0,0,0,0,0,0,0.151592520838669,0
ood_combo,DS03,15,20,LPC_flow_mod,9,1,0,-0,0,0,0,0,0,0,0.151592520838669,0
ood_combo,DS03,15,21,HPT_eff_mod,1,1,-0.0177204306494042,-0,0,0,0,0,0,0,0.110718667870759,0
ood_combo,DS03,15,21,fan_eff_mod,2,1,0,-0,0,0,0,0,0,0,0.110718667870759,0
ood_combo,DS03,15,21,fan_flow_mod,3,1,0,-0.000338650820319066,0,0,0,0,0,0,0.110718667870759,0
ood_combo,DS03,15,21,HPC_eff_mod,4,1,0,-0.0077673695517177,0,0,0,0,0,0,0.110718667870759,0
ood_combo,DS03,15,21,HPC_flow_mod,5,1,0,-0.00177963797136415,0,0,0,0,0,0,0.110718667870759,0
ood_combo,DS03,15,21,LPT_eff_mod,6,1,-0.00955275507098397,-0.0143285353079572,0,0,0,0,0,0,0.110718667870759,0
ood_combo,DS03,15,21,LPT_flow_mod,7,1,-0.0132668415630375,-0.0224861386071034,0,0,0,0,0,0,0.110718667870759,0
ood_combo,DS03,15,21,LPC_eff_mod,8,1,0,-0.00109427096447046,0,0,0,0,0,0,0.110718667870759,0
ood_combo,DS03,15,21,LPC_flow_mod,9,1,0,-0,0,0,0,0,0,0,0.110718667870759,0
ood_combo,DS03,15,22,HPT_eff_mod,1,1,-0.029815206406045,-0,0,0,0,0,0,0,0.165855072508427,0
ood_combo,DS03,15,22,fan_eff_mod,2,1,0,-0,0,0,0,0,0,0,0.165855072508427,0
ood_combo,DS03,15,22,fan_flow_mod,3,1,0,-0.000338650820319066,0,0,0,0,0,0,0.165855072508427,0
ood_combo,DS03,15,22,HPC_eff_mod,4,1,0,-0.0077673695517177,0,0,0,0,0,0,0.165855072508427,0
ood_combo,DS03,15,22,HPC_flow_mod,5,1,0,-0.00177963797136415,0,0,0,0,0,0,0.165855072508427,0
ood_combo,DS03,15,22,LPT_eff_mod,6,1,-0.0118954191535484,-0.0183589451549839,0,0,0,0,0,0,0.165855072508427,0
ood_combo,DS03,15,22,LPT_flow_mod,7,1,-0.0151072546386976,-0.0224861386071034,0,0,0,0,0,0,0.165855072508427,0
ood_combo,DS03,15,22,LPC_eff_mod,8,1,0,-0.00109427096447046,0,0,0,0,0,0,0.165855072508427,0
ood_combo,DS03,15,22,LPC_flow_mod,9,1,0,-0,0,0,0,0,0,0,0.165855072508427,0
ood_combo,DS03,15,23,HPT_eff_mod,1,1,-0.0147893580057328,-0,0,0,0,0,0,0,0.193706680180371,0
ood_combo,DS03,15,23,fan_eff_mod,2,1,0,-0,0,0,0,0,0,0,0.193706680180371,0
ood_combo,DS03,15,23,fan_flow_mod,3,1,0,-0.000338650820319066,0,0,0,0,0,0,0.193706680180371,0
ood_combo,DS03,15,23,HPC_eff_mod,4,1,0,-0.0077673695517177,0,0,0,0,0,0,0.193706680180371,0
ood_combo,DS03,15,23,HPC_flow_mod,5,1,0,-0.00177963797136415,0,0,0,0,0,0,0.193706680180371,0
ood_combo,DS03,15,23,LPT_eff_mod,6,1,-0.00932924118257979,-0.0183589451549839,0,0,0,0,0,0,0.193706680180371,0
ood_combo,DS03,15,23,LPT_flow_mod,7,1,-0.00883417432860953,-0.0224861386071034,0,0,0,0,0,0,0.193706680180371,0
ood_combo,DS03,15,23,LPC_eff_mod,8,1,0,-0.00109427096447046,0,0,0,0,0,0,0.193706680180371,0
ood_combo,DS03,15,23,LPC_flow_mod,9,1,0,-0,0,0,0,0,0,0,0.193706680180371,0
ood_combo,DS03,15,24,HPT_eff_mod,1,1,-0.0329885490800427,-0,0,0,0,0,0,0,0.464008341301514,1
ood_combo,DS03,15,24,fan_eff_mod,2,1,0,-0,0,0,0,0,0,0,0.464008341301514,1
ood_combo,DS03,15,24,fan_flow_mod,3,1,0,-0.00106165826976396,0,0,0,0,0,0,0.464008341301514,1
ood_combo,DS03,15,24,HPC_eff_mod,4,1,0,-0.0077673695517177,0,0,0,0,0,0,0.464008341301514,1
ood_combo,DS03,15,24,HPC_flow_mod,5,1,0,-0.00177963797136415,0,0,0,0,0,0,0.464008341301514,1
ood_combo,DS03,15,24,LPT_eff_mod,6,1,-0.0180972092337468,-0.0183589451549839,0,0,0,0,0,0,0.464008341301514,1
ood_combo,DS03,15,24,LPT_flow_mod,7,1,-0.0104250708030637,-0.0377712689043379,0,0,0,0,0,0,0.464008341301514,1
ood_combo,DS03,15,24,LPC_eff_mod,8,1,0,-0.00109427096447046,0,0,0,0,0,0,0.464008341301514,1
ood_combo,DS03,15,24,LPC_flow_mod,9,1,0,-0.00458712401918409,0,0,0,0,0,0,0.464008341301514,1
ood_combo,DS03,15,25,HPT_eff_mod,1,0,-0.0212037239309893,-0,1,0,1,0,1,0,0.170029771731752,0
ood_combo,DS03,15,25,fan_eff_mod,2,0,0,-0,0,0,0,0,1,0,0.170029771731752,0
ood_combo,DS03,15,25,fan_flow_mod,3,0,0,-0.00106165826976396,0,0,0,0,1,0,0.170029771731752,0
ood_combo,DS03,15,25,HPC_eff_mod,4,0,0,-0.0077673695517177,0,0,0,0,1,0,0.170029771731752,0
ood_combo,DS03,15,25,HPC_flow_mod,5,0,0,-0.00177963797136415,0,0,0,0,1,0,0.170029771731752,0
ood_combo,DS03,15,25,LPT_eff_mod,6,0,-0.015211794506652,-0.0296005496596627,1,0,1,0,1,0,0.170029771731752,0
ood_combo,DS03,15,25,LPT_flow_mod,7,0,-0.00917393329815062,-0.0377712689043379,1,0,1,0,1,0,0.170029771731752,0
ood_combo,DS03,15,25,LPC_eff_mod,8,0,0,-0.00109427096447046,0,0,0,0,1,0,0.170029771731752,0
ood_combo,DS03,15,25,LPC_flow_mod,9,0,0,-0.00458712401918409,0,0,0,0,1,0,0.170029771731752,0
ood_combo,DS03,15,26,HPT_eff_mod,1,0,-0.0373603499529107,-0,1,0,2,0,2,2,0.144547320866858,0
ood_combo,DS03,15,26,fan_eff_mod,2,0,0,-0,0,0,0,0,2,2,0.144547320866858,0
ood_combo,DS03,15,26,fan_flow_mod,3,0,0,-0.00106165826976396,0,0,0,0,2,2,0.144547320866858,0
ood_combo,DS03,15,26,HPC_eff_mod,4,0,0,-0.0077673695517177,0,0,0,0,2,2,0.144547320866858,0
ood_combo,DS03,15,26,HPC_flow_mod,5,0,0,-0.00177963797136415,0,0,0,0,2,2,0.144547320866858,0
ood_combo,DS03,15,26,LPT_eff_mod,6,0,-0.0263485369020007,-0.0318610431234363,1,1,1,2,2,2,0.144547320866858,0
ood_combo,DS03,15,26,LPT_flow_mod,7,0,-0.0208981756313146,-0.050733259808945,1,0,1,0,2,2,0.144547320866858,0
ood_combo,DS03,15,26,LPC_eff_mod,8,0,0,-0.00109427096447046,0,0,0,0,2,2,0.144547320866858,0
ood_combo,DS03,15,26,LPC_flow_mod,9,0,0,-0.00458712401918409,0,0,0,0,2,2,0.144547320866858,0
ood_combo,DS03,15,27,HPT_eff_mod,1,0,-0.0401610804492649,-0,1,0,2,0,2,2,0.17791634745662,0
ood_combo,DS03,15,27,fan_eff_mod,2,0,0,-0,0,0,0,0,2,2,0.17791634745662,0
ood_combo,DS03,15,27,fan_flow_mod,3,0,0,-0.00106165826976396,0,0,0,0,2,2,0.17791634745662,0
ood_combo,DS03,15,27,HPC_eff_mod,4,0,0,-0.0077673695517177,0,0,0,0,2,2,0.17791634745662,0
ood_combo,DS03,15,27,HPC_flow_mod,5,0,0,-0.00177963797136415,0,0,0,0,2,2,0.17791634745662,0
ood_combo,DS03,15,27,LPT_eff_mod,6,0,-0.0199784291428922,-0.0318610431234363,1,1,1,2,2,2,0.17791634745662,0
ood_combo,DS03,15,27,LPT_flow_mod,7,0,-0.0250477727884697,-0.0537705600707087,1,0,1,0,2,2,0.17791634745662,0
ood_combo,DS03,15,27,LPC_eff_mod,8,0,0,-0.00109427096447046,0,0,0,0,2,2,0.17791634745662,0
ood_combo,DS03,15,27,LPC_flow_mod,9,0,0,-0.00458712401918409,0,0,0,0,2,2,0.17791634745662,0
ood_combo,DS03,15,28,HPT_eff_mod,1,0,-0.032434913056,-0,1,0,2,0,2,2,0.124283360989554,0
ood_combo,DS03,15,28,fan_eff_mod,2,0,0,-0,0,0,0,0,2,2,0.124283360989554,0
ood_combo,DS03,15,28,fan_flow_mod,3,0,0,-0.00106165826976396,0,0,0,0,2,2,0.124283360989554,0
ood_combo,DS03,15,28,HPC_eff_mod,4,0,0,-0.0077673695517177,0,0,0,0,2,2,0.124283360989554,0
ood_combo,DS03,15,28,HPC_flow_mod,5,0,0,-0.00177963797136415,0,0,0,0,2,2,0.124283360989554,0
ood_combo,DS03,15,28,LPT_eff_mod,6,0,-0.0235760991339106,-0.0369480217947012,1,1,1,2,2,2,0.124283360989554,0
ood_combo,DS03,15,28,LPT_flow_mod,7,0,-0.0247807786454907,-0.0537705600707087,1,0,1,0,2,2,0.124283360989554,0
ood_combo,DS03,15,28,LPC_eff_mod,8,0,0,-0.00109427096447046,0,0,0,0,2,2,0.124283360989554,0
ood_combo,DS03,15,28,LPC_flow_mod,9,0,0,-0.00458712401918409,0,0,0,0,2,2,0.124283360989554,0
ood_combo,DS03,15,29,HPT_eff_mod,1,0,-0.0437525085458789,-0,1,0,2,0,2,2,0.212742737701824,0
ood_combo,DS03,15,29,fan_eff_mod,2,0,0,-0,0,0,0,0,2,2,0.212742737701824,0
ood_combo,DS03,15,29,fan_flow_mod,3,0,0,-0.00106165826976396,0,0,0,0,2,2,0.212742737701824,0
ood_combo,DS03,15,29,HPC_eff_mod,4,0,0,-0.0077673695517177,0,0,0,0,2,2,0.212742737701824,0
ood_combo,DS03,15,29,HPC_flow_mod,5,0,0,-0.00177963797136415,0,0,0,0,2,2,0.212742737701824,0
ood_combo,DS03,15,29,LPT_eff_mod,6,0,-0.0245468575052015,-0.0432460417812053,1,1,1,2,2,2,0.212742737701824,0
ood_combo,DS03,15,29,LPT_flow_mod,7,0,-0.0314196093070882,-0.0537705600707087,1,0,2,0,2,2,0.212742737701824,0
ood_combo,DS03,15,29,LPC_eff_mod,8,0,0,-0.00243921229129497,0,0,0,0,2,2,0.212742737701824,0
ood_combo,DS03,15,29,LPC_flow_mod,9,0,0,-0.00458712401918409,0,0,0,0,2,2,0.212742737701824,0
ood_combo,DS03,15,30,HPT_eff_mod,1,0,-0.0373884040213905,-0,1,0,2,0,2,2,0.171574251994463,0
ood_combo,DS03,15,30,fan_eff_mod,2,0,0,-0,0,0,0,0,2,2,0.171574251994463,0
ood_combo,DS03,15,30,fan_flow_mod,3,0,0,-0.00106165826976396,0,0,0,0,2,2,0.171574251994463,0
ood_combo,DS03,15,30,HPC_eff_mod,4,0,0,-0.0077673695517177,0,0,0,0,2,2,0.171574251994463,0
ood_combo,DS03,15,30,HPC_flow_mod,5,0,0,-0.00177963797136415,0,0,0,0,2,2,0.171574251994463,0
ood_combo,DS03,15,30,LPT_eff_mod,6,0,-0.0234294398821725,-0.0432460417812053,1,1,1,2,2,2,0.171574251994463,0
ood_combo,DS03,15,30,LPT_flow_mod,7,0,-0.00969716335575819,-0.0537705600707087,1,1,2,2,2,2,0.171574251994463,0
ood_combo,DS03,15,30,LPC_eff_mod,8,0,0,-0.00243921229129497,0,0,0,0,2,2,0.171574251994463,0
ood_combo,DS03,15,30,LPC_flow_mod,9,0,0,-0.00458712401918409,0,0,0,0,2,2,0.171574251994463,0
ood_combo,DS03,15,31,HPT_eff_mod,1,0,-0.0535714871219647,-0,1,0,2,0,2,2,0.188988228560874,0
ood_combo,DS03,15,31,fan_eff_mod,2,0,0,-0,0,0,0,0,2,2,0.188988228560874,0
ood_combo,DS03,15,31,fan_flow_mod,3,0,0,-0.00106165826976396,0,0,0,0,2,2,0.188988228560874,0
ood_combo,DS03,15,31,HPC_eff_mod,4,0,0,-0.0077673695517177,0,0,0,0,2,2,0.188988228560874,0
ood_combo,DS03,15,31,HPC_flow_mod,5,0,0,-0.00177963797136415,0,0,0,0,2,2,0.188988228560874,0
ood_combo,DS03,15,31,LPT_eff_mod,6,0,-0.0211681116412923,-0.0432460417812053,1,1,1,2,2,2,0.188988228560874,0
ood_combo,DS03,15,31,LPT_flow_mod,7,0,-0.019402914330921,-0.0725352129380383,1,1,2,2,2,2,0.188988228560874,0
ood_combo,DS03,15,31,LPC_eff_mod,8,0,0,-0.00243921229129497,0,0,0,0,2,2,0.188988228560874,0
ood_combo,DS03,15,31,LPC_flow_mod,9,0,0,-0.00458712401918409,0,0,0,0,2,2,0.188988228560874,0
ood_combo,DS03,15,32,HPT_eff_mod,1,0,-0.0494279804069503,-0.00274934841848722,1,0,2,0,2,2,0.0918389177432825,0
ood_combo,DS03,15,32,fan_eff_mod,2,0,0,-0,0,0,0,0,2,2,0.0918389177432825,0
ood_combo,DS03,15,32,fan_flow_mod,3,0,0,-0.00106165826976396,0,0,0,0,2,2,0.0918389177432825,0
ood_combo,DS03,15,32,HPC_eff_mod,4,0,0,-0.0077673695517177,0,0,0,0,2,2,0.0918389177432825,0
ood_combo,DS03,15,32,HPC_flow_mod,5,0,0,-0.00177963797136415,0,0,0,0,2,2,0.0918389177432825,0
ood_combo,DS03,15,32,LPT_eff_mod,6,0,-0.0283710991031608,-0.0432460417812053,1,1,2,2,2,2,0.0918389177432825,0
ood_combo,DS03,15,32,LPT_flow_mod,7,0,-0.0311794311926553,-0.0734308465479199,1,1,2,2,2,2,0.0918389177432825,0
ood_combo,DS03,15,32,LPC_eff_mod,8,0,0,-0.00243921229129497,0,0,0,0,2,2,0.0918389177432825,0
ood_combo,DS03,15,32,LPC_flow_mod,9,0,0,-0.00458712401918409,0,0,0,0,2,2,0.0918389177432825,0
ood_combo,DS03,15,33,HPT_eff_mod,1,0,-0.0475438326840142,-0.00274934841848722,1,0,2,0,2,2,0.097653910774145,0
ood_combo,DS03,15,33,fan_eff_mod,2,0,0,-0,0,0,0,0,2,2,0.097653910774145,0
ood_combo,DS03,15,33,fan_flow_mod,3,0,0,-0.00106165826976396,0,0,0,0,2,2,0.097653910774145,0
ood_combo,DS03,15,33,HPC_eff_mod,4,0,0,-0.0077673695517177,0,0,0,0,2,2,0.097653910774145,0
ood_combo,DS03,15,33,HPC_flow_mod,5,0,0,-0.00177963797136415,0,0,0,0,2,2,0.097653910774145,0
ood_combo,DS03,15,33,LPT_eff_mod,6,0,-0.0204552960833641,-0.0432460417812053,1,1,2,2,2,2,0.097653910774145,0
ood_combo,DS03,15,33,LPT_flow_mod,7,0,-0.0273301784159773,-0.0734308465479199,1,1,2,2,2,2,0.097653910774145,0
ood_combo,DS03,15,33,LPC_eff_mod,8,0,0,-0.00243921229129497,0,0,0,0,2,2,0.097653910774145,0
ood_combo,DS03,15,33,LPC_flow_mod,9,0,0,-0.00458712401918409,0,0,0,0,2,2,0.097653910774145,0
ood_combo,DS03,15,34,HPT_eff_mod,1,0,-0.0545083728858864,-0.00434966949357945,1,0,2,0,2,2,0.10078737183369,0
ood_combo,DS03,15,34,fan_eff_mod,2,0,0,-0,0,0,0,0,2,2,0.10078737183369,0
ood_combo,DS03,15,34,fan_flow_mod,3,0,0,-0.00106165826976396,0,0,0,0,2,2,0.10078737183369,0
ood_combo,DS03,15,34,HPC_eff_mod,4,0,0,-0.0077673695517177,0,0,0,0,2,2,0.10078737183369,0
ood_combo,DS03,15,34,HPC_flow_mod,5,0,0,-0.00177963797136415,0,0,0,0,2,2,0.10078737183369,0
ood_combo,DS03,15,34,LPT_eff_mod,6,0,-0.0305663040094367,-0.0492339499878139,1,1,2,2,2,2,0.10078737183369,0
ood_combo,DS03,15,34,LPT_flow_mod,7,0,-0.028232897805014,-0.0734308465479199,1,1,2,2,2,2,0.10078737183369,0
ood_combo,DS03,15,34,LPC_eff_mod,8,0,0,-0.00243921229129497,0,0,0,0,2,2,0.10078737183369,0
ood_combo,DS03,15,34,LPC_flow_mod,9,0,0,-0.00458712401918409,0,0,0,0,2,2,0.10078737183369,0
ood_combo,DS03,15,35,HPT_eff_mod,1,0,-0.0484388219708034,-0.00434966949357945,1,0,2,0,2,2,0.141971258806917,0
ood_combo,DS03,15,35,fan_eff_mod,2,0,0,-0,0,0,0,0,2,2,0.141971258806917,0
ood_combo,DS03,15,35,fan_flow_mod,3,0,0,-0.00106165826976396,0,0,0,0,2,2,0.141971258806917,0
ood_combo,DS03,15,35,HPC_eff_mod,4,0,0,-0.0077673695517177,0,0,0,0,2,2,0.141971258806917,0
ood_combo,DS03,15,35,HPC_flow_mod,5,0,0,-0.00177963797136415,0,0,0,0,2,2,0.141971258806917,0
ood_combo,DS03,15,35,LPT_eff_mod,6,0,-0.0290706829641601,-0.0492339499878139,1,1,2,2,2,2,0.141971258806917,0
ood_combo,DS03,15,35,LPT_flow_mod,7,0,-0.0289101628432439,-0.0734308465479199,1,1,2,2,2,2,0.141971258806917,0
ood_combo,DS03,15,35,LPC_eff_mod,8,0,0,-0.00243921229129497,0,0,0,0,2,2,0.141971258806917,0
ood_combo,DS03,15,35,LPC_flow_mod,9,0,0,-0.00458712401918409,0,0,0,0,2,2,0.141971258806917,0
ood_combo,DS03,15,36,HPT_eff_mod,1,0,-0.0535787048318871,-0.00434966949357945,1,1,2,1,2,2,0.170285480840008,0
ood_combo,DS03,15,36,fan_eff_mod,2,0,0,-0,0,0,0,0,2,2,0.170285480840008,0
ood_combo,DS03,15,36,fan_flow_mod,3,0,0,-0.00106165826976396,0,0,0,0,2,2,0.170285480840008,0
ood_combo,DS03,15,36,HPC_eff_mod,4,0,0,-0.0077673695517177,0,0,0,0,2,2,0.170285480840008,0
ood_combo,DS03,15,36,HPC_flow_mod,5,0,0,-0.00177963797136415,0,0,0,0,2,2,0.170285480840008,0
ood_combo,DS03,15,36,LPT_eff_mod,6,0,-0.0299290950003609,-0.0492339499878139,1,1,2,2,2,2,0.170285480840008,0
ood_combo,DS03,15,36,LPT_flow_mod,7,0,-0.0385262932628464,-0.0786384759968013,1,1,2,2,2,2,0.170285480840008,0
ood_combo,DS03,15,36,LPC_eff_mod,8,0,0,-0.00243921229129497,0,0,0,0,2,2,0.170285480840008,0
ood_combo,DS03,15,36,LPC_flow_mod,9,0,0,-0.00458712401918409,0,0,0,0,2,2,0.170285480840008,0
ood_combo,DS03,15,37,HPT_eff_mod,1,0,-0.0576456024647974,-0.00434966949357945,1,1,2,1,2,2,0.121139814076768,0
ood_combo,DS03,15,37,fan_eff_mod,2,0,0,-0,0,0,0,0,2,2,0.121139814076768,0
ood_combo,DS03,15,37,fan_flow_mod,3,0,0,-0.00106165826976396,0,0,0,0,2,2,0.121139814076768,0
ood_combo,DS03,15,37,HPC_eff_mod,4,0,0,-0.0077673695517177,0,0,0,0,2,2,0.121139814076768,0
ood_combo,DS03,15,37,HPC_flow_mod,5,0,0,-0.00177963797136415,0,0,0,0,2,2,0.121139814076768,0
ood_combo,DS03,15,37,LPT_eff_mod,6,0,-0.0344028514528806,-0.0572728366797672,1,1,2,2,2,2,0.121139814076768,0
ood_combo,DS03,15,37,LPT_flow_mod,7,0,-0.0380674017021144,-0.0877359537380645,1,1,2,2,2,2,0.121139814076768,0
ood_combo,DS03,15,37,LPC_eff_mod,8,0,0,-0.00243921229129497,0,0,0,0,2,2,0.121139814076768,0
ood_combo,DS03,15,37,LPC_flow_mod,9,0,0,-0.00458712401918409,0,0,0,0,2,2,0.121139814076768,0
ood_combo,DS03,15,38,HPT_eff_mod,1,0,-0.0680036648625015,-0.00951116721593809,1,1,2,1,2,2,0.152817331437384,0
ood_combo,DS03,15,38,fan_eff_mod,2,0,0,-0,0,0,0,0,2,2,0.152817331437384,0
ood_combo,DS03,15,38,fan_flow_mod,3,0,0,-0.00106165826976396,0,0,0,0,2,2,0.152817331437384,0
ood_combo,DS03,15,38,HPC_eff_mod,4,0,0,-0.0077673695517177,0,0,0,0,2,2,0.152817331437384,0
ood_combo,DS03,15,38,HPC_flow_mod,5,0,0,-0.00177963797136415,0,0,0,0,2,2,0.152817331437384,0
ood_combo,DS03,15,38,LPT_eff_mod,6,0,-0.0360031238255949,-0.0653325641886028,1,1,2,2,2,2,0.152817331437384,0
ood_combo,DS03,15,38,LPT_flow_mod,7,0,-0.0402646350451759,-0.0877359537380645,1,1,2,2,2,2,0.152817331437384,0
ood_combo,DS03,15,38,LPC_eff_mod,8,0,0,-0.00243921229129497,0,0,0,0,2,2,0.152817331437384,0
ood_combo,DS03,15,38,LPC_flow_mod,9,0,0,-0.00458712401918409,0,0,0,0,2,2,0.152817331437384,0
ood_combo,DS03,15,39,HPT_eff_mod,1,0,-0.0667182410706336,-0.00951116721593809,1,1,2,1,2,2,0.1775203116727,0
ood_combo,DS03,15,39,fan_eff_mod,2,0,0,-0,0,0,0,0,2,2,0.1775203116727,0
ood_combo,DS03,15,39,fan_flow_mod,3,0,0,-0.00106165826976396,0,0,0,0,2,2,0.1775203116727,0
ood_combo,DS03,15,39,HPC_eff_mod,4,0,0,-0.0077673695517177,0,0,0,0,2,2,0.1775203116727,0
ood_combo,DS03,15,39,HPC_flow_mod,5,0,0,-0.00177963797136415,0,0,0,0,2,2,0.1775203116727,0
ood_combo,DS03,15,39,LPT_eff_mod,6,0,-0.0413770728947149,-0.0653325641886028,1,1,2,2,2,2,0.1775203116727,0
ood_combo,DS03,15,39,LPT_flow_mod,7,0,-0.0437036889172782,-0.0955401010295346,1,1,2,2,2,2,0.1775203116727,0
ood_combo,DS03,15,39,LPC_eff_mod,8,0,0,-0.00243921229129497,0,0,0,0,2,2,0.1775203116727,0
ood_combo,DS03,15,39,LPC_flow_mod,9,0,0,-0.00458712401918409,0,0,0,0,2,2,0.1775203116727,0
ood_combo,DS03,15,40,HPT_eff_mod,1,0,-0.0856852229259095,-0.00951116721593809,1,1,2,1,2,2,0.105401678010987,0
ood_combo,DS03,15,40,fan_eff_mod,2,0,0,-0,0,0,0,0,2,2,0.105401678010987,0
ood_combo,DS03,15,40,fan_flow_mod,3,0,0,-0.00106165826976396,0,0,0,0,2,2,0.105401678010987,0
ood_combo,DS03,15,40,HPC_eff_mod,4,0,0,-0.0077673695517177,0,0,0,0,2,2,0.105401678010987,0
ood_combo,DS03,15,40,HPC_flow_mod,5,0,0,-0.00177963797136415,0,0,0,0,2,2,0.105401678010987,0
ood_combo,DS03,15,40,LPT_eff_mod,6,0,-0.0413011753013588,-0.0653325641886028,1,1,2,2,2,2,0.105401678010987,0
ood_combo,DS03,15,40,LPT_flow_mod,7,0,-0.0601988924725574,-0.124952683463821,1,1,2,2,2,2,0.105401678010987,0
ood_combo,DS03,15,40,LPC_eff_mod,8,0,0,-0.00243921229129497,0,0,0,0,2,2,0.105401678010987,0
ood_combo,DS03,15,40,LPC_flow_mod,9,0,0,-0.00458712401918409,0,0,0,0,2,2,0.105401678010987,0
ood_combo,DS03,15,41,HPT_eff_mod,1,0,-0.0744429160566599,-0.00951116721593809,1,1,2,1,2,2,0.277079581776767,0
ood_combo,DS03,15,41,fan_eff_mod,2,0,0,-0,0,0,0,0,2,2,0.277079581776767,0
ood_combo,DS03,15,41,fan_flow_mod,3,0,0,-0.00143977908687278,0,0,0,0,2,2,0.277079581776767,0
ood_combo,DS03,15,41,HPC_eff_mod,4,0,0,-0.0077673695517177,0,0,0,0,2,2,0.277079581776767,0
ood_combo,DS03,15,41,HPC_flow_mod,5,0,0,-0.00177963797136415,0,0,0,0,2,2,0.277079581776767,0
ood_combo,DS03,15,41,LPT_eff_mod,6,0,-0.0471824244871521,-0.0653325641886028,1,1,2,2,2,2,0.277079581776767,0
ood_combo,DS03,15,41,LPT_flow_mod,7,0,-0.0548217164006488,-0.124952683463821,1,1,2,2,2,2,0.277079581776767,0
ood_combo,DS03,15,41,LPC_eff_mod,8,0,0,-0.00243921229129497,0,0,0,0,2,2,0.277079581776767,0
ood_combo,DS03,15,41,LPC_flow_mod,9,0,0,-0.00514951097741408,0,0,0,0,2,2,0.277079581776767,0
ood_combo,DS03,15,42,HPT_eff_mod,1,0,-0.0834207100642076,-0.00951116721593809,1,1,2,1,2,2,0.12830764538151,0
ood_combo,DS03,15,42,fan_eff_mod,2,0,0,-0,0,0,0,0,2,2,0.12830764538151,0
ood_combo,DS03,15,42,fan_flow_mod,3,0,0,-0.00143977908687278,0,0,0,0,2,2,0.12830764538151,0
ood_combo,DS03,15,42,HPC_eff_mod,4,0,0,-0.0077673695517177,0,0,0,0,2,2,0.12830764538151,0
ood_combo,DS03,15,42,HPC_flow_mod,5,0,0,-0.00177963797136415,0,0,0,0,2,2,0.12830764538151,0
ood_combo,DS03,15,42,LPT_eff_mod,6,0,-0.0462173889206792,-0.078416737114769,1,1,2,2,2,2,0.12830764538151,0
ood_combo,DS03,15,42,LPT_flow_mod,7,0,-0.0572674782502926,-0.129217460576008,1,1,2,2,2,2,0.12830764538151,0
ood_combo,DS03,15,42,LPC_eff_mod,8,0,0,-0.00243921229129497,0,0,0,0,2,2,0.12830764538151,0
ood_combo,DS03,15,42,LPC_flow_mod,9,0,0,-0.00514951097741408,0,0,0,0,2,2,0.12830764538151,0
ood_combo,DS03,15,43,HPT_eff_mod,1,0,-0.102396294696953,-0.0425555075762876,1,1,2,2,2,2,0.161385108641136,0
ood_combo,DS03,15,43,fan_eff_mod,2,0,0,-0,0,0,0,0,2,2,0.161385108641136,0
ood_combo,DS03,15,43,fan_flow_mod,3,0,0,-0.00143977908687278,0,0,0,0,2,2,0.161385108641136,0
ood_combo,DS03,15,43,HPC_eff_mod,4,0,0,-0.0077673695517177,0,0,0,0,2,2,0.161385108641136,0
ood_combo,DS03,15,43,HPC_flow_mod,5,0,0,-0.00177963797136415,0,0,0,0,2,2,0.161385108641136,0
ood_combo,DS03,15,43,LPT_eff_mod,6,0,-0.0565939970894632,-0.0804119695413495,1,1,2,2,2,2,0.161385108641136,0
ood_combo,DS03,15,43,LPT_flow_mod,7,0,-0.0731397017441519,-0.133923245888555,1,1,2,2,2,2,0.161385108641136,0
ood_combo,DS03,15,43,LPC_eff_mod,8,0,0,-0.00243921229129497,0,0,0,0,2,2,0.161385108641136,0
ood_combo,DS03,15,43,LPC_flow_mod,9,0,0,-0.00514951097741408,0,0,0,0,2,2,0.161385108641136,0
ood_combo,DS03,15,44,HPT_eff_mod,1,0,-0.108888560359148,-0.0425555075762876,1,1,2,2,2,2,0.175540187425009,0
ood_combo,DS03,15,44,fan_eff_mod,2,0,0,-0,0,0,0,0,2,2,0.175540187425009,0
ood_combo,DS03,15,44,fan_flow_mod,3,0,0,-0.00143977908687278,0,0,0,0,2,2,0.175540187425009,0
ood_combo,DS03,15,44,HPC_eff_mod,4,0,0,-0.0077673695517177,0,0,0,0,2,2,0.175540187425009,0
ood_combo,DS03,15,44,HPC_flow_mod,5,0,0,-0.00177963797136415,0,0,0,0,2,2,0.175540187425009,0
ood_combo,DS03,15,44,LPT_eff_mod,6,0,-0.0513733984695961,-0.0804119695413495,1,1,2,2,2,2,0.175540187425009,0
ood_combo,DS03,15,44,LPT_flow_mod,7,0,-0.0618756375252741,-0.134661584508273,1,1,2,2,2,2,0.175540187425009,0
ood_combo,DS03,15,44,LPC_eff_mod,8,0,0,-0.00243921229129497,0,0,0,0,2,2,0.175540187425009,0
ood_combo,DS03,15,44,LPC_flow_mod,9,0,0,-0.00514951097741408,0,0,0,0,2,2,0.175540187425009,0
ood_combo,DS03,15,45,HPT_eff_mod,1,0,-0.110273157537116,-0.0425555075762876,1,1,2,2,2,2,0.0830183599280194,0
ood_combo,DS03,15,45,fan_eff_mod,2,0,0,-0,0,0,0,0,2,2,0.0830183599280194,0
ood_combo,DS03,15,45,fan_flow_mod,3,0,0,-0.00143977908687278,0,0,0,0,2,2,0.0830183599280194,0
ood_combo,DS03,15,45,HPC_eff_mod,4,0,0,-0.0077673695517177,0,0,0,0,2,2,0.0830183599280194,0
ood_combo,DS03,15,45,HPC_flow_mod,5,0,0,-0.00177963797136415,0,0,0,0,2,2,0.0830183599280194,0
ood_combo,DS03,15,45,LPT_eff_mod,6,0,-0.0623843042796721,-0.0804119695413495,1,1,2,2,2,2,0.0830183599280194,0
ood_combo,DS03,15,45,LPT_flow_mod,7,0,-0.063098614729498,-0.134661584508273,1,1,2,2,2,2,0.0830183599280194,0
ood_combo,DS03,15,45,LPC_eff_mod,8,0,0,-0.00243921229129497,0,0,0,0,2,2,0.0830183599280194,0
ood_combo,DS03,15,45,LPC_flow_mod,9,0,0,-0.00514951097741408,0,0,0,0,2,2,0.0830183599280194,0
ood_combo,DS03,15,46,HPT_eff_mod,1,0,-0.122630790767993,-0.065596806791592,1,1,2,2,2,2,0.12263530726107,0
ood_combo,DS03,15,46,fan_eff_mod,2,0,0,-0,0,0,0,0,2,2,0.12263530726107,0
ood_combo,DS03,15,46,fan_flow_mod,3,0,0,-0.00143977908687278,0,0,0,0,2,2,0.12263530726107,0
ood_combo,DS03,15,46,HPC_eff_mod,4,0,0,-0.0077673695517177,0,0,0,0,2,2,0.12263530726107,0
ood_combo,DS03,15,46,HPC_flow_mod,5,0,0,-0.00177963797136415,0,0,0,0,2,2,0.12263530726107,0
ood_combo,DS03,15,46,LPT_eff_mod,6,0,-0.0682185200705289,-0.0911939662339133,1,1,2,2,2,2,0.12263530726107,0
ood_combo,DS03,15,46,LPT_flow_mod,7,0,-0.0801513313728096,-0.134661584508273,1,1,2,2,2,2,0.12263530726107,0
ood_combo,DS03,15,46,LPC_eff_mod,8,0,0,-0.00243921229129497,0,0,0,0,2,2,0.12263530726107,0
ood_combo,DS03,15,46,LPC_flow_mod,9,0,0,-0.00514951097741408,0,0,0,0,2,2,0.12263530726107,0
ood_combo,DS03,15,47,HPT_eff_mod,1,0,-0.121111395926823,-0.065596806791592,1,1,2,2,2,2,0.104361200775214,0
ood_combo,DS03,15,47,fan_eff_mod,2,0,0,-0,0,0,0,0,2,2,0.104361200775214,0
ood_combo,DS03,15,47,fan_flow_mod,3,0,0,-0.00143977908687278,0,0,0,0,2,2,0.104361200775214,0
ood_combo,DS03,15,47,HPC_eff_mod,4,0,0,-0.0077673695517177,0,0,0,0,2,2,0.104361200775214,0
ood_combo,DS03,15,47,HPC_flow_mod,5,0,0,-0.00177963797136415,0,0,0,0,2,2,0.104361200775214,0
ood_combo,DS03,15,47,LPT_eff_mod,6,0,-0.0687637902328273,-0.0911939662339133,1,1,2,2,2,2,0.104361200775214,0
ood_combo,DS03,15,47,LPT_flow_mod,7,0,-0.0888110403663896,-0.134661584508273,1,1,2,2,2,2,0.104361200775214,0
ood_combo,DS03,15,47,LPC_eff_mod,8,0,0,-0.00243921229129497,0,0,0,0,2,2,0.104361200775214,0
ood_combo,DS03,15,47,LPC_flow_mod,9,0,0,-0.00514951097741408,0,0,0,0,2,2,0.104361200775214,0
ood_combo,DS03,15,48,HPT_eff_mod,1,0,-0.132360524326733,-0.0839236857383016,1,1,2,2,2,2,0.0765361068247411,0
ood_combo,DS03,15,48,fan_eff_mod,2,0,0,-0,0,0,0,0,2,2,0.0765361068247411,0
ood_combo,DS03,15,48,fan_flow_mod,3,0,0,-0.00143977908687278,0,0,0,0,2,2,0.0765361068247411,0
ood_combo,DS03,15,48,HPC_eff_mod,4,0,0,-0.0077673695517177,0,0,0,0,2,2,0.0765361068247411,0
ood_combo,DS03,15,48,HPC_flow_mod,5,0,0,-0.00177963797136415,0,0,0,0,2,2,0.0765361068247411,0
ood_combo,DS03,15,48,LPT_eff_mod,6,0,-0.0799874021196301,-0.102064733788782,1,1,2,2,2,2,0.0765361068247411,0
ood_combo,DS03,15,48,LPT_flow_mod,7,0,-0.0906840359488699,-0.134661584508273,1,1,2,2,2,2,0.0765361068247411,0
ood_combo,DS03,15,48,LPC_eff_mod,8,0,0,-0.00243921229129497,0,0,0,0,2,2,0.0765361068247411,0
ood_combo,DS03,15,48,LPC_flow_mod,9,0,0,-0.00514951097741408,0,0,0,0,2,2,0.0765361068247411,0
ood_combo,DS03,15,49,HPT_eff_mod,1,0,-0.143528260729186,-0.0889657948351886,1,1,2,2,2,2,0.0858374494464047,0
ood_combo,DS03,15,49,fan_eff_mod,2,0,0,-0,0,0,0,0,2,2,0.0858374494464047,0
ood_combo,DS03,15,49,fan_flow_mod,3,0,0,-0.00143977908687278,0,0,0,0,2,2,0.0858374494464047,0
ood_combo,DS03,15,49,HPC_eff_mod,4,0,0,-0.0077673695517177,0,0,0,0,2,2,0.0858374494464047,0
ood_combo,DS03,15,49,HPC_flow_mod,5,0,0,-0.00177963797136415,0,0,0,0,2,2,0.0858374494464047,0
ood_combo,DS03,15,49,LPT_eff_mod,6,0,-0.0791312507612044,-0.102064733788782,1,1,2,2,2,2,0.0858374494464047,0
ood_combo,DS03,15,49,LPT_flow_mod,7,0,-0.0882543758919539,-0.144905012462929,1,1,2,2,2,2,0.0858374494464047,0
ood_combo,DS03,15,49,LPC_eff_mod,8,0,0,-0.00243921229129497,0,0,0,0,2,2,0.0858374494464047,0
ood_combo,DS03,15,49,LPC_flow_mod,9,0,0,-0.00514951097741408,0,0,0,0,2,2,0.0858374494464047,0
ood_combo,DS03,15,50,HPT_eff_mod,1,0,-0.159184121746407,-0.0889657948351886,1,1,3,2,3,3,0.192729187796832,0
ood_combo,DS03,15,50,fan_eff_mod,2,0,0,-0,0,0,0,0,3,3,0.192729187796832,0
ood_combo,DS03,15,50,fan_flow_mod,3,0,0,-0.00143977908687278,0,0,0,0,3,3,0.192729187796832,0
ood_combo,DS03,15,50,HPC_eff_mod,4,0,0,-0.0077673695517177,0,0,0,0,3,3,0.192729187796832,0
ood_combo,DS03,15,50,HPC_flow_mod,5,0,0,-0.00177963797136415,0,0,0,0,3,3,0.192729187796832,0
ood_combo,DS03,15,50,LPT_eff_mod,6,0,-0.0886011736386863,-0.102064733788782,1,1,2,2,3,3,0.192729187796832,0
ood_combo,DS03,15,50,LPT_flow_mod,7,0,-0.114240516991087,-0.180627740066444,1,1,2,3,3,3,0.192729187796832,0
ood_combo,DS03,15,50,LPC_eff_mod,8,0,0,-0.00243921229129497,0,0,0,0,3,3,0.192729187796832,0
ood_combo,DS03,15,50,LPC_flow_mod,9,0,0,-0.00514951097741408,0,0,0,0,3,3,0.192729187796832,0
ood_combo,DS03,15,51,HPT_eff_mod,1,0,-0.180153230358218,-0.102855360990555,1,1,3,2,3,3,0.0672962537741343,0
ood_combo,DS03,15,51,fan_eff_mod,2,0,0,-0,0,0,0,0,3,3,0.0672962537741343,0
ood_combo,DS03,15,51,fan_flow_mod,3,0,0,-0.00143977908687278,0,0,0,0,3,3,0.0672962537741343,0
ood_combo,DS03,15,51,HPC_eff_mod,4,0,0,-0.0077673695517177,0,0,0,0,3,3,0.0672962537741343,0
ood_combo,DS03,15,51,HPC_flow_mod,5,0,0,-0.00177963797136415,0,0,0,0,3,3,0.0672962537741343,0
ood_combo,DS03,15,51,LPT_eff_mod,6,0,-0.0924179962896956,-0.118998153427034,1,1,2,2,3,3,0.0672962537741343,0
ood_combo,DS03,15,51,LPT_flow_mod,7,0,-0.124154672896512,-0.190522741710793,1,1,2,3,3,3,0.0672962537741343,0
ood_combo,DS03,15,51,LPC_eff_mod,8,0,0,-0.00243921229129497,0,0,0,0,3,3,0.0672962537741343,0
ood_combo,DS03,15,51,LPC_flow_mod,9,0,0,-0.00514951097741408,0,0,0,0,3,3,0.0672962537741343,0
ood_combo,DS03,15,52,HPT_eff_mod,1,0,-0.186637027442039,-0.102855360990555,1,1,3,2,3,3,0.179708192228712,0
ood_combo,DS03,15,52,fan_eff_mod,2,0,0,-0,0,0,0,0,3,3,0.179708192228712,0
ood_combo,DS03,15,52,fan_flow_mod,3,0,0,-0.00143977908687278,0,0,0,0,3,3,0.179708192228712,0
ood_combo,DS03,15,52,HPC_eff_mod,4,0,0,-0.0077673695517177,0,0,0,0,3,3,0.179708192228712,0
ood_combo,DS03,15,52,HPC_flow_mod,5,0,0,-0.00177963797136415,0,0,0,0,3,3,0.179708192228712,0
ood_combo,DS03,15,52,LPT_eff_mod,6,0,-0.101783667602723,-0.131537421082773,1,1,2,2,3,3,0.179708192228712,0
ood_combo,DS03,15,52,LPT_flow_mod,7,0,-0.116941321434133,-0.190522741710793,1,1,2,3,3,3,0.179708192228712,0
ood_combo,DS03,15,52,LPC_eff_mod,8,0,0,-0.00243921229129497,0,0,0,0,3,3,0.179708192228712,0
ood_combo,DS03,15,52,LPC_flow_mod,9,0,0,-0.00514951097741408,0,0,0,0,3,3,0.179708192228712,0
ood_combo,DS03,15,53,HPT_eff_mod,1,0,-0.201391718803892,-0.134219556228775,1,1,3,2,3,3,0.093276294445337,0
ood_combo,DS03,15,53,fan_eff_mod,2,0,0,-0,0,0,0,0,3,3,0.093276294445337,0
ood_combo,DS03,15,53,fan_flow_mod,3,0,0,-0.00143977908687278,0,0,0,0,3,3,0.093276294445337,0
ood_combo,DS03,15,53,HPC_eff_mod,4,0,0,-0.0077673695517177,0,0,0,0,3,3,0.093276294445337,0
ood_combo,DS03,15,53,HPC_flow_mod,5,0,0,-0.00177963797136415,0,0,0,0,3,3,0.093276294445337,0
ood_combo,DS03,15,53,LPT_eff_mod,6,0,-0.111863206873954,-0.134767523021917,1,1,2,2,3,3,0.093276294445337,0
ood_combo,DS03,15,53,LPT_flow_mod,7,0,-0.129377336018228,-0.190522741710793,1,1,2,3,3,3,0.093276294445337,0
ood_combo,DS03,15,53,LPC_eff_mod,8,0,0,-0.00243921229129497,0,0,0,0,3,3,0.093276294445337,0
ood_combo,DS03,15,53,LPC_flow_mod,9,0,0,-0.00514951097741408,0,0,0,0,3,3,0.093276294445337,0
ood_combo,DS03,15,54,HPT_eff_mod,1,0,-0.220670241026306,-0.141682953295283,1,1,3,2,3,3,0.159503946301875,0
ood_combo,DS03,15,54,fan_eff_mod,2,0,0,-0,0,0,0,0,3,3,0.159503946301875,0
ood_combo,DS03,15,54,fan_flow_mod,3,0,0,-0.00143977908687278,0,0,0,0,3,3,0.159503946301875,0
ood_combo,DS03,15,54,HPC_eff_mod,4,0,0,-0.0077673695517177,0,0,0,0,3,3,0.159503946301875,0
ood_combo,DS03,15,54,HPC_flow_mod,5,0,0,-0.00177963797136415,0,0,0,0,3,3,0.159503946301875,0
ood_combo,DS03,15,54,LPT_eff_mod,6,0,-0.117724203753064,-0.143861072733826,1,1,2,2,3,3,0.159503946301875,0
ood_combo,DS03,15,54,LPT_flow_mod,7,0,-0.139452239913643,-0.208013818183011,1,1,2,3,3,3,0.159503946301875,0
ood_combo,DS03,15,54,LPC_eff_mod,8,0,0,-0.00243921229129497,0,0,0,0,3,3,0.159503946301875,0
ood_combo,DS03,15,54,LPC_flow_mod,9,0,0,-0.00621613167371778,0,0,0,0,3,3,0.159503946301875,0
ood_combo,DS03,15,55,HPT_eff_mod,1,0,-0.225249368899309,-0.151270207772847,1,1,3,3,3,3,0.170076599794885,0
ood_combo,DS03,15,55,fan_eff_mod,2,0,0,-0,0,0,0,0,3,3,0.170076599794885,0
ood_combo,DS03,15,55,fan_flow_mod,3,0,0,-0.00143977908687278,0,0,0,0,3,3,0.170076599794885,0
ood_combo,DS03,15,55,HPC_eff_mod,4,0,0,-0.0077673695517177,0,0,0,0,3,3,0.170076599794885,0
ood_combo,DS03,15,55,HPC_flow_mod,5,0,0,-0.00177963797136415,0,0,0,0,3,3,0.170076599794885,0
ood_combo,DS03,15,55,LPT_eff_mod,6,0,-0.131096628288764,-0.144954364881203,1,1,2,2,3,3,0.170076599794885,0
ood_combo,DS03,15,55,LPT_flow_mod,7,0,-0.143534294690569,-0.208013818183011,1,1,2,3,3,3,0.170076599794885,0
ood_combo,DS03,15,55,LPC_eff_mod,8,0,0,-0.00243921229129497,0,0,0,0,3,3,0.170076599794885,0
ood_combo,DS03,15,55,LPC_flow_mod,9,0,0,-0.00621613167371778,0,0,0,0,3,3,0.170076599794885,0
ood_combo,DS03,15,56,HPT_eff_mod,1,0,-0.249463337323734,-0.151270207772847,1,1,3,3,3,3,0.296639720487768,0
ood_combo,DS03,15,56,fan_eff_mod,2,0,0,-0,0,0,0,0,3,3,0.296639720487768,0
ood_combo,DS03,15,56,fan_flow_mod,3,0,0,-0.00143977908687278,0,0,0,0,3,3,0.296639720487768,0
ood_combo,DS03,15,56,HPC_eff_mod,4,0,0,-0.0149261131887536,0,0,0,0,3,3,0.296639720487768,0
ood_combo,DS03,15,56,HPC_flow_mod,5,0,0,-0.00177963797136415,0,0,0,0,3,3,0.296639720487768,0
ood_combo,DS03,15,56,LPT_eff_mod,6,0,-0.133276655841725,-0.1719609886685,1,1,2,3,3,3,0.296639720487768,0
ood_combo,DS03,15,56,LPT_flow_mod,7,0,-0.168821324966323,-0.25395759610855,1,1,3,3,3,3,0.296639720487768,0
ood_combo,DS03,15,56,LPC_eff_mod,8,0,0,-0.00243921229129497,0,0,0,0,3,3,0.296639720487768,0
ood_combo,DS03,15,56,LPC_flow_mod,9,0,0,-0.00621613167371778,0,0,0,0,3,3,0.296639720487768,0
ood_combo,DS03,15,57,HPT_eff_mod,1,0,-0.260069805313046,-0.154464079316382,1,1,3,3,3,3,0.228684668952409,0
ood_combo,DS03,15,57,fan_eff_mod,2,0,0,-0,0,0,0,0,3,3,0.228684668952409,0
ood_combo,DS03,15,57,fan_flow_mod,3,0,0,-0.00143977908687278,0,0,0,0,3,3,0.228684668952409,0
ood_combo,DS03,15,57,HPC_eff_mod,4,0,0,-0.0149261131887536,0,0,0,0,3,3,0.228684668952409,0
ood_combo,DS03,15,57,HPC_flow_mod,5,0,0,-0.00177963797136415,0,0,0,0,3,3,0.228684668952409,0
ood_combo,DS03,15,57,LPT_eff_mod,6,0,-0.148780003910977,-0.194359134953716,1,1,3,3,3,3,0.228684668952409,0
ood_combo,DS03,15,57,LPT_flow_mod,7,0,-0.160540019360919,-0.25395759610855,1,1,3,3,3,3,0.228684668952409,0
ood_combo,DS03,15,57,LPC_eff_mod,8,0,0,-0.00243921229129497,0,0,0,0,3,3,0.228684668952409,0
ood_combo,DS03,15,57,LPC_flow_mod,9,0,0,-0.00621613167371778,0,0,0,0,3,3,0.228684668952409,0
ood_combo,DS03,15,58,HPT_eff_mod,1,0,-0.279122833545675,-0.154464079316382,1,1,3,3,3,3,0.119150178450739,0
ood_combo,DS03,15,58,fan_eff_mod,2,0,0,-0,0,0,0,0,3,3,0.119150178450739,0
ood_combo,DS03,15,58,fan_flow_mod,3,0,0,-0.001754414613282,0,0,0,0,3,3,0.119150178450739,0
ood_combo,DS03,15,58,HPC_eff_mod,4,0,0,-0.0149261131887536,0,0,0,0,3,3,0.119150178450739,0
ood_combo,DS03,15,58,HPC_flow_mod,5,0,0,-0.00177963797136415,0,0,0,0,3,3,0.119150178450739,0
ood_combo,DS03,15,58,LPT_eff_mod,6,0,-0.162171574881277,-0.194359134953716,1,1,3,3,3,3,0.119150178450739,0
ood_combo,DS03,15,58,LPT_flow_mod,7,0,-0.176127589522394,-0.282107499401951,1,1,3,3,3,3,0.119150178450739,0
ood_combo,DS03,15,58,LPC_eff_mod,8,0,0,-0.00243921229129497,0,0,0,0,3,3,0.119150178450739,0
ood_combo,DS03,15,58,LPC_flow_mod,9,0,0,-0.00815149890728949,0,0,0,0,3,3,0.119150178450739,0
ood_combo,DS03,15,59,HPT_eff_mod,1,0,-0.306671711239249,-0.211297962711378,1,1,3,3,3,3,0.0960463859564685,0
ood_combo,DS03,15,59,fan_eff_mod,2,0,0,-0,0,0,0,0,3,3,0.0960463859564685,0
ood_combo,DS03,15,59,fan_flow_mod,3,0,0,-0.001754414613282,0,0,0,0,3,3,0.0960463859564685,0
ood_combo,DS03,15,59,HPC_eff_mod,4,0,0,-0.0149261131887536,0,0,0,0,3,3,0.0960463859564685,0
ood_combo,DS03,15,59,HPC_flow_mod,5,0,0,-0.00177963797136415,0,0,0,0,3,3,0.0960463859564685,0
ood_combo,DS03,15,59,LPT_eff_mod,6,0,-0.17275529191654,-0.204277061597783,1,1,3,3,3,3,0.0960463859564685,0
ood_combo,DS03,15,59,LPT_flow_mod,7,0,-0.194788616298012,-0.282107499401951,1,1,3,3,3,3,0.0960463859564685,0
ood_combo,DS03,15,59,LPC_eff_mod,8,0,0,-0.00243921229129497,0,0,0,0,3,3,0.0960463859564685,0
ood_combo,DS03,15,59,LPC_flow_mod,9,0,0,-0.00815149890728949,0,0,0,0,3,3,0.0960463859564685,0
ood_combo,DS03,15,60,HPT_eff_mod,1,0,-0.330189758948735,-0.242801086254243,1,1,3,3,3,3,0.0632978758391655,0
ood_combo,DS03,15,60,fan_eff_mod,2,0,0,-0,0,0,0,0,3,3,0.0632978758391655,0
ood_combo,DS03,15,60,fan_flow_mod,3,0,0,-0.001754414613282,0,0,0,0,3,3,0.0632978758391655,0
ood_combo,DS03,15,60,HPC_eff_mod,4,0,0,-0.0149261131887536,0,0,0,0,3,3,0.0632978758391655,0
ood_combo,DS03,15,60,HPC_flow_mod,5,0,0,-0.00270687848081006,0,0,0,0,3,3,0.0632978758391655,0
ood_combo,DS03,15,60,LPT_eff_mod,6,0,-0.179930529081992,-0.205357306284413,1,1,3,3,3,3,0.0632978758391655,0
ood_combo,DS03,15,60,LPT_flow_mod,7,0,-0.202378818738924,-0.282107499401951,1,1,3,3,3,3,0.0632978758391655,0
ood_combo,DS03,15,60,LPC_eff_mod,8,0,0,-0.00292770997436969,0,0,0,0,3,3,0.0632978758391655,0
ood_combo,DS03,15,60,LPC_flow_mod,9,0,0,-0.00815149890728949,0,0,0,0,3,3,0.0632978758391655,0
ood_combo,DS03,15,61,HPT_eff_mod,1,0,-0.363478228129932,-0.242801086254243,1,1,3,3,3,3,0.175059802624131,0
ood_combo,DS03,15,61,fan_eff_mod,2,0,0,-0,0,0,0,0,3,3,0.175059802624131,0
ood_combo,DS03,15,61,fan_flow_mod,3,0,0,-0.001754414613282,0,0,0,0,3,3,0.175059802624131,0
ood_combo,DS03,15,61,HPC_eff_mod,4,0,0,-0.0149261131887536,0,0,0,0,3,3,0.175059802624131,0
ood_combo,DS03,15,61,HPC_flow_mod,5,0,0,-0.00270687848081006,0,0,0,0,3,3,0.175059802624131,0
ood_combo,DS03,15,61,LPT_eff_mod,6,0,-0.196797683834351,-0.256076462116193,1,1,3,3,3,3,0.175059802624131,0
ood_combo,DS03,15,61,LPT_flow_mod,7,0,-0.209436379022725,-0.344279566140931,1,1,3,3,3,3,0.175059802624131,0
ood_combo,DS03,15,61,LPC_eff_mod,8,0,0,-0.00378133186735696,0,0,0,0,3,3,0.175059802624131,0
ood_combo,DS03,15,61,LPC_flow_mod,9,0,0,-0.00815149890728949,0,0,0,0,3,3,0.175059802624131,0
ood_combo,DS03,15,62,HPT_eff_mod,1,0,-0.37921539067527,-0.242801086254243,1,1,3,3,3,3,0.319862811142262,0
ood_combo,DS03,15,62,fan_eff_mod,2,0,0,-0,0,0,0,0,3,3,0.319862811142262,0
ood_combo,DS03,15,62,fan_flow_mod,3,0,0,-0.001754414613282,0,0,0,0,3,3,0.319862811142262,0
ood_combo,DS03,15,62,HPC_eff_mod,4,0,0,-0.0161313958913196,0,0,0,0,3,3,0.319862811142262,0
ood_combo,DS03,15,62,HPC_flow_mod,5,0,0,-0.00270687848081006,0,0,0,0,3,3,0.319862811142262,0
ood_combo,DS03,15,62,LPT_eff_mod,6,0,-0.207277283520703,-0.264209284632064,1,1,3,3,3,3,0.319862811142262,0
ood_combo,DS03,15,62,LPT_flow_mod,7,0,-0.212063170079108,-0.344279566140931,1,1,3,3,3,3,0.319862811142262,0
ood_combo,DS03,15,62,LPC_eff_mod,8,0,0,-0.00378133186735696,0,0,0,0,3,3,0.319862811142262,0
ood_combo,DS03,15,62,LPC_flow_mod,9,0,0,-0.00815149890728949,0,0,0,0,3,3,0.319862811142262,0
ood_combo,DS03,15,63,HPT_eff_mod,1,0,-0.408637697385644,-0.262950040480137,1,1,3,3,3,3,0.161604085103845,0
ood_combo,DS03,15,63,fan_eff_mod,2,0,0,-0,0,0,0,0,3,3,0.161604085103845,0
ood_combo,DS03,15,63,fan_flow_mod,3,0,0,-0.00181763297845653,0,0,0,0,3,3,0.161604085103845,0
ood_combo,DS03,15,63,HPC_eff_mod,4,0,0,-0.0161313958913196,0,0,0,0,3,3,0.161604085103845,0
ood_combo,DS03,15,63,HPC_flow_mod,5,0,0,-0.00270687848081006,0,0,0,0,3,3,0.161604085103845,0
ood_combo,DS03,15,63,LPT_eff_mod,6,0,-0.227736759174217,-0.264209284632064,1,1,3,3,3,3,0.161604085103845,0
ood_combo,DS03,15,63,LPT_flow_mod,7,0,-0.244654293234916,-0.37049315824892,1,1,3,3,3,3,0.161604085103845,0
ood_combo,DS03,15,63,LPC_eff_mod,8,0,0,-0.00378133186735696,0,0,0,0,3,3,0.161604085103845,0
ood_combo,DS03,15,63,LPC_flow_mod,9,0,0,-0.0182974788458921,0,0,0,0,3,3,0.161604085103845,0
ood_combo,DS03,15,64,HPT_eff_mod,1,0,-0.442942462790818,-0.310066202685923,1,1,3,3,3,3,0.144451053007933,0
ood_combo,DS03,15,64,fan_eff_mod,2,0,0,-0,0,0,0,0,3,3,0.144451053007933,0
ood_combo,DS03,15,64,fan_flow_mod,3,0,0,-0.00181763297845653,0,0,0,0,3,3,0.144451053007933,0
ood_combo,DS03,15,64,HPC_eff_mod,4,0,0,-0.0161313958913196,0,0,0,0,3,3,0.144451053007933,0
ood_combo,DS03,15,64,HPC_flow_mod,5,0,0,-0.00270687848081006,0,0,0,0,3,3,0.144451053007933,0
ood_combo,DS03,15,64,LPT_eff_mod,6,0,-0.246081894444997,-0.278633816936292,1,1,3,3,3,3,0.144451053007933,0
ood_combo,DS03,15,64,LPT_flow_mod,7,0,-0.253304064493808,-0.37049315824892,1,1,3,3,3,3,0.144451053007933,0
ood_combo,DS03,15,64,LPC_eff_mod,8,0,0,-0.00378133186735696,0,0,0,0,3,3,0.144451053007933,0
ood_combo,DS03,15,64,LPC_flow_mod,9,0,0,-0.0200479895519083,0,0,0,0,3,3,0.144451053007933,0
ood_combo,DS03,15,65,HPT_eff_mod,1,0,-0.466017258714758,-0.360929378687399,1,1,3,3,3,3,0.131239659393531,0
ood_combo,DS03,15,65,fan_eff_mod,2,0,0,-0,0,0,0,0,3,3,0.131239659393531,0
ood_combo,DS03,15,65,fan_flow_mod,3,0,0,-0.00181763297845653,0,0,0,0,3,3,0.131239659393531,0
ood_combo,DS03,15,65,HPC_eff_mod,4,0,0,-0.0161313958913196,0,0,0,0,3,3,0.131239659393531,0
ood_combo,DS03,15,65,HPC_flow_mod,5,0,0,-0.00378576010120123,0,0,0,0,3,3,0.131239659393531,0
ood_combo,DS03,15,65,LPT_eff_mod,6,0,-0.258311467228099,-0.288650112104542,1,1,3,3,3,3,0.131239659393531,0
ood_combo,DS03,15,65,LPT_flow_mod,7,0,-0.273903847111142,-0.386118208755401,1,1,3,3,3,3,0.131239659393531,0
ood_combo,DS03,15,65,LPC_eff_mod,8,0,0,-0.00378133186735696,0,0,0,0,3,3,0.131239659393531,0
ood_combo,DS03,15,65,LPC_flow_mod,9,0,0,-0.0200479895519083,0,0,0,0,3,3,0.131239659393531,0
ood_combo,DS03,15,66,HPT_eff_mod,1,0,-0.513102154800182,-0.360929378687399,1,1,3,3,3,3,0.132279770199034,0
ood_combo,DS03,15,66,fan_eff_mod,2,0,0,-0,0,0,0,0,3,3,0.132279770199034,0
ood_combo,DS03,15,66,fan_flow_mod,3,0,0,-0.00181763297845653,0,0,0,0,3,3,0.132279770199034,0
ood_combo,DS03,15,66,HPC_eff_mod,4,0,0,-0.0161313958913196,0,0,0,0,3,3,0.132279770199034,0
ood_combo,DS03,15,66,HPC_flow_mod,5,0,0,-0.00627740809761939,0,0,0,0,3,3,0.132279770199034,0
ood_combo,DS03,15,66,LPT_eff_mod,6,0,-0.282284303116589,-0.361191528518827,1,1,3,3,3,3,0.132279770199034,0
ood_combo,DS03,15,66,LPT_flow_mod,7,0,-0.286299969686178,-0.463246508183104,1,1,3,3,3,3,0.132279770199034,0
ood_combo,DS03,15,66,LPC_eff_mod,8,0,0,-0.0138161653355922,0,0,0,0,3,3,0.132279770199034,0
ood_combo,DS03,15,66,LPC_flow_mod,9,0,0,-0.0200479895519083,0,0,0,0,3,3,0.132279770199034,0
ood_combo,DS03,15,67,HPT_eff_mod,1,0,-0.542179203589859,-0.360929378687399,1,1,3,3,3,3,0.181609366902693,0
ood_combo,DS03,15,67,fan_eff_mod,2,0,0,-0,0,0,0,0,3,3,0.181609366902693,0
ood_combo,DS03,15,67,fan_flow_mod,3,0,0,-0.00181763297845653,0,0,0,0,3,3,0.181609366902693,0
ood_combo,DS03,15,67,HPC_eff_mod,4,0,0,-0.0222003300670991,0,0,0,0,3,3,0.181609366902693,0
ood_combo,DS03,15,67,HPC_flow_mod,5,0,0,-0.00664212483585021,0,0,0,0,3,3,0.181609366902693,0
ood_combo,DS03,15,67,LPT_eff_mod,6,0,-0.302228826915884,-0.389020529731673,1,1,3,3,3,3,0.181609366902693,0
ood_combo,DS03,15,67,LPT_flow_mod,7,0,-0.31294890812343,-0.496960913864079,1,1,3,3,3,3,0.181609366902693,0
ood_combo,DS03,15,67,LPC_eff_mod,8,0,0,-0.0169222848573259,0,0,0,0,3,3,0.181609366902693,0
ood_combo,DS03,15,67,LPC_flow_mod,9,0,0,-0.0200479895519083,0,1,0,1,3,3,0.181609366902693,0
