regime,subset,unit,cycle,parameter,component,hs,theta_true,theta_hat,truth_label,pred_label,truth_component_stage,pred_component_stage,truth_stage,pred_stage,reconstruction_score,unknown
test_id,DS01-005_id,4,1,HPT_eff_mod,1,1,-0.0015395950556945,-0,0,0,0,0,0,0,0.094665218627761,0
test_id,DS01-005_id,4,1,fan_eff_mod,2,1,0,-0,0,0,0,0,0,0,0.094665218627761,0
test_id,DS01-005_id,4,1,fan_flow_mod,3,1,0,-0,0,0,0,0,0,0,0.094665218627761,0
test_id,DS01-005_id,4,1,HPC_eff_mod,4,1,0,-0,0,0,0,0,0,0,0.094665218627761,0
test_id,DS01-005_id,4,1,HPC_flow_mod,5,1,0,-0,0,0,0,0,0,0,0.094665218627761,0
test_id,DS01-005_id,4,1,LPT_eff_mod,6,1,0,-0,0,0,0,0,0,0,0.094665218627761,0
test_id,DS01-005_id,4,1,LPT_flow_mod,7,1,0,-0,0,0,0,0,0,0,0.094665218627761,0
test_id,DS01-005_id,4,1,LPC_eff_mod,8,1,0,-0,0,0,0,0,0,0,0.094665218627761,0
test_id,DS01-005_id,4,1,LPC_flow_mod,9,1,0,-0,0,0,0,0,0,0,0.094665218627761,0
test_id,DS01-005_id,4,2,HPT_eff_mod,1,1,0.00422041422999502,-0,0,0,0,0,0,0,0.0891799170663646,0
test_id,DS01-005_id,4,2,fan_eff_mod,2,1,0,-0,0,0,0,0,0,0,0.0891799170663646,0
test_id,DS01-005_id,4,2,fan_flow_mod,3,1,0,-0,0,0,0,0,0,0,0.0891799170663646,0
test_id,DS01-005_id,4,2,HPC_eff_mod,4,1,0,-0,0,0,0,0,0,0,0.0891799170663646,0
test_id,DS01-005_id,4,2,HPC_flow_mod,5,1,0,-0,0,0,0,0,0,0,0.0891799170663646,0
test_id,DS01-005_id,4,2,LPT_eff_mod,6,1,0,-0,0,0,0,0,0,0,0.0891799170663646,0
test_id,DS01-005_id,4,2,LPT_flow_mod,7,1,0,-0,0,0,0,0,0,0,0.0891799170663646,0
test_id,DS01-005_id,4,2,LPC_eff_mod,8,1,0,-0,0,0,0,0,0,0,0.0891799170663646,0
test_id,DS01-005_id,4,2,LPC_flow_mod,9,1,0,-0,0,0,0,0,0,0,0.0891799170663646,0
test_id,DS01-005_id,4,3,HPT_eff_mod,1,1,-0.0026808191742997,-0,0,0,0,0,0,0,0.0346022576952339,0
test_id,DS01-005_id,4,3,fan_eff_mod,2,1,0,-0,0,0,0,0,0,0,0.0346022576952339,0
test_id,DS01-005_id,4,3,fan_flow_mod,3,1,0,-0,0,0,0,0,0,0,0.0346022576952339,0
test_id,DS01-005_id,4,3,HPC_eff_mod,4,1,0,-0,0,0,0,0,0,0,0.0346022576952339,0
test_id,DS01-005_id,4,3,HPC_flow_mod,5,1,0,-0,0,0,0,0,0,0,0.0346022576952339,0
test_id,DS01-005_id,4,3,LPT_eff_mod,6,1,0,-0,0,0,0,0,0,0,0.0346022576952339,0
test_id,DS01-005_id,4,3,LPT_flow_mod,7,1,0,-0,0,0,0,0,0,0,0.0346022576952339,0
test_id,DS01-005_id,4,3,LPC_eff_mod,8,1,0,-0,0,0,0,0,0,0,0.0346022576952339,0
test_id,DS01-005_id,4,3,LPC_flow_mod,9,1,0,-0,0,0,0,0,0,0,0.0346022576952339,0
test_id,DS01-005_id,4,4,HPT_eff_mod,1,1,0.0113616563053896,-0,0,0,0,0,0,0,0.116860714125637,0
test_id,DS01-005_id,4,4,fan_eff_mod,2,1,0,-0,0,0,0,0,0,0,0.116860714125637,0
test_id,DS01-005_id,4,4,fan_flow_mod,3,1,0,-0,0,0,0,0,0,0,0.116860714125637,0
test_id,DS01-005_id,4,4,HPC_eff_mod,4,1,0,-0,0,0,0,0,0,0,0.116860714125637,0
test_id,DS01-005_id,4,4,HPC_flow_mod,5,1,0,-0,0,0,0,0,0,0,0.116860714125637,0
test_id,DS01-005_id,4,4,LPT_eff_mod,6,1,0,-0,0,0,0,0,0,0,0.116860714125637,0
test_id,DS01-005_id,4,4,LPT_flow_mod,7,1,0,-0,0,0,0,0,0,0,0.116860714125637,0
test_id,DS01-005_id,4,4,LPC_eff_mod,8,1,0,-0,0,0,0,0,0,0,0.116860714125637,0
test_id,DS01-005_id,4,4,LPC_flow_mod,9,1,0,-0,0,0,0,0,0,0,0.116860714125637,0
test_id,DS01-005_id,4,5,HPT_eff_mod,1,1,0.0095088421140736,-0,0,0,0,0,0,0,0.129608638766441,0
test_id,DS01-005_id,4,5,fan_eff_mod,2,1,0,-0,0,0,0,0,0,0,0.129608638766441,0
test_id,DS01-005_id,4,5,fan_flow_mod,3,1,0,-0,0,0,0,0,0,0,0.129608638766441,0
test_id,DS01-005_id,4,5,HPC_eff_mod,4,1,0,-0,0,0,0,0,0,0,0.129608638766441,0
test_id,DS01-005_id,4,5,HPC_flow_mod,5,1,0,-0,0,0,0,0,0,0,0.129608638766441,0
test_id,DS01-005_id,4,5,LPT_eff_mod,6,1,0,-0,0,0,0,0,0,0,0.129608638766441,0
test_id,DS01-005_id,4,5,LPT_flow_mod,7,1,0,-0,0,0,0,0,0,0,0.129608638766441,0
test_id,DS01-005_id,4,5,LPC_eff_mod,8,1,0,-0,0,0,0,0,0,0,0.129608638766441,0
test_id,DS01-005_id,4,5,LPC_flow_mod,9,1,0,-0,0,0,0,0,0,0,0.129608638766441,0
test_id,DS01-005_id,4,6,HPT_eff_mod,1,1,-0.00906395858410531,-0,0,0,0,0,0,0,0.0929097319988253,0
test_id,DS01-005_id,4,6,fan_eff_mod,2,1,0,-0,0,0,0,0,0,0,0.0929097319988253,0
test_id,DS01-005_id,4,6,fan_flow_mod,3,1,0,-0,0,0,0,0,0,0,0.0929097319988253,0
test_id,DS01-005_id,4,6,HPC_eff_mod,4,1,0,-0.00160171495055462,0,0,0,0,0,0,0.0929097319988253,0
test_id,DS01-005_id,4,6,HPC_flow_mod,5,1,0,-0.000832124397803673,0,0,0,0,0,0,0.0929097319988253,0
test_id,DS01-005_id,4,6,LPT_eff_mod,6,1,0,-0,0,0,0,0,0,0,0.0929097319988253,0
test_id,DS01-005_id,4,6,LPT_flow_mod,7,1,0,-0,0,0,0,0,0,0,0.0929097319988253,0
test_id,DS01-005_id,4,6,LPC_eff_mod,8,1,0,-0,0,0,0,0,0,0,0.0929097319988253,0
test_id,DS01-005_id,4,6,LPC_flow_mod,9,1,0,-0,0,0,0,0,0,0,0.0929097319988253,0
test_id,DS01-005_id,4,7,HPT_eff_mod,1,1,0.00738208197025102,-0,0,0,0,0,0,0,0.0989213230755501,0
test_id,DS01-005_id,4,7,fan_eff_mod,2,1,0,-0,0,0,0,0,0,0,0.0989213230755501,0
test_id,DS01-005_id,4,7,fan_flow_mod,3,1,0,-0,0,0,0,0,0,0,0.0989213230755501,0
test_id,DS01-005_id,4,7,HPC_eff_mod,4,1,0,-0.00160171495055462,0,0,0,0,0,0,0.0989213230755501,0
test_id,DS01-005_id,4,7,HPC_flow_mod,5,1,0,-0.000832124397803673,0,0,0,0,0,0,0.0989213230755501,0
test_id,DS01-005_id,4,7,LPT_eff_mod,6,1,0,-0,0,0,0,0,0,0,0.0989213230755501,0
test_id,DS01-005_id,4,7,LPT_flow_mod,7,1,0,-0,0,0,0,0,0,0,0.0989213230755501,0
test_id,DS01-005_id,4,7,LPC_eff_mod,8,1,0,-0,0,0,0,0,0,0,0.0989213230755501,0
test_id,DS01-005_id,4,7,LPC_flow_mod,9,1,0,-0,0,0,0,0,0,0,0.0989213230755501,0
test_id,DS01-005_id,4,8,HPT_eff_mod,1,1,-0.00117431426472439,-0,0,0,0,0,0,0,0.236001509714615,0
test_id,DS01-005_id,4,8,fan_eff_mod,2,1,0,-3.69860996560176e-05,0,0,0,0,0,0,0.236001509714615,0
test_id,DS01-005_id,4,8,fan_flow_mod,3,1,0,-0,0,0,0,0,0,0,0.236001509714615,0
test_id,DS01-005_id,4,8,HPC_eff_mod,4,1,0,-0.00160171495055462,0,0,0,0,0,0,0.236001509714615,0
test_id,DS01-005_id,4,8,HPC_flow_mod,5,1,0,-0.00203975848857992,0,0,0,0,0,0,0.236001509714615,0
test_id,DS01-005_id,4,8,LPT_eff_mod,6,1,0,-0.00205307079688406,0,0,0,0,0,0,0.236001509714615,0
test_id,DS01-005_id,4,8,LPT_flow_mod,7,1,0,-0,0,0,0,0,0,0,0.236001509714615,0
test_id,DS01-005_id,4,8,LPC_eff_mod,8,1,0,-0,0,0,0,0,0,0,0.236001509714615,0
test_id,DS01-005_id,4,8,LPC_flow_mod,9,1,0,-0,0,0,0,0,0,0,0.236001509714615,0
test_id,DS01-005_id,4,9,HPT_eff_mod,1,1,-0.0136800621289221,-0,0,0,0,0,0,0,0.148521001392776,0
test_id,DS01-005_id,4,9,fan_eff_mod,2,1,0,-3.69860996560176e-05,0,0,0,0,0,0,0.148521001392776,0
test_id,DS01-005_id,4,9,fan_flow_mod,3,1,0,-0,0,0,0,0,0,0,0.148521001392776,0
test_id,DS01-005_id,4,9,HPC_eff_mod,4,1,0,-0.00160171495055462,0,0,0,0,0,0,0.148521001392776,0
test_id,DS01-005_id,4,9,HPC_flow_mod,5,1,0,-0.00203975848857992,0,0,0,0,0,0,0.148521001392776,0
test_id,DS01-005_id,4,9,LPT_eff_mod,6,1,0,-0.00205307079688406,0,0,0,0,0,0,0.148521001392776,0
test_id,DS01-005_id,4,9,LPT_flow_mod,7,1,0,-0.0123784788054328,0,0,0,0,0,0,0.148521001392776,0
test_id,DS01-005_id,4,9,LPC_eff_mod,8,1,0,-0,0,0,0,0,0,0,0.148521001392776,0
test_id,DS01-005_id,4,9,LPC_flow_mod,9,1,0,-0,0,0,0,0,0,0,0.148521001392776,0
test_id,DS01-005_id,4,10,HPT_eff_mod,1,1,-0.0153747147442439,-0,0,0,0,0,0,0,0.121880186096587,0
test_id,DS01-005_id,4,10,fan_eff_mod,2,1,0,-3.69860996560176e-05,0,0,0,0,0,0,0.121880186096587,0
test_id,DS01-005_id,4,10,fan_flow_mod,3,1,0,-0,0,0,0,0,0,0,0.121880186096587,0
test_id,DS01-005_id,4,10,HPC_eff_mod,4,1,0,-0.00160171495055462,0,0,0,0,0,0,0.121880186096587,0
test_id,DS01-005_id,4,10,HPC_flow_mod,5,1,0,-0.00203975848857992,0,0,0,0,0,0,0.121880186096587,0
test_id,DS01-005_id,4,10,LPT_eff_mod,6,1,0,-0.00205307079688406,0,0,0,0,0,0,0.121880186096587,0
test_id,DS01-005_id,4,10,LPT_flow_mod,7,1,0,-0.0135423671217382,0,0,0,0,0,0,0.121880186096587,0
test_id,DS01-005_id,4,10,LPC_eff_mod,8,1,0,-0,0,0,0,0,0,0,0.121880186096587,0
test_id,DS01-005_id,4,10,LPC_flow_mod,9,1,0,-0,0,0,0,0,0,0,0.121880186096587,0
test_id,DS01-005_id,4,11,HPT_eff_mod,1,1,-0.0147307707639826,-0,0,0,0,0,0,0,0.0856001981762902,0
test_id,DS01-005_id,4,11,fan_eff_mod,2,1,0,-3.69860996560176e-05,0,0,0,0,0,0,0.0856001981762902,0
test_id,DS01-005_id,4,11,fan_flow_mod,3,1,0,-0.000452726404622584,0,0,0,0,0,0,0.0856001981762902,0
test_id,DS01-005_id,4,11,HPC_eff_mod,4,1,0,-0.00160171495055462,0,0,0,0,0,0,0.0856001981762902,0
test_id,DS01-005_id,4,11,HPC_flow_mod,5,1,0,-0.00203975848857992,0,0,0,0,0,0,0.0856001981762902,0
test_id,DS01-005_id,4,11,LPT_eff_mod,6,1,0,-0.00205307079688406,0,0,0,0,0,0,0.0856001981762902,0
test_id,DS01-005_id,4,11,LPT_flow_mod,7,1,0,-0.0135423671217382,0,0,0,0,0,0,0.0856001981762902,0
test_id,DS01-005_id,4,11,LPC_eff_mod,8,1,0,-0,0,0,0,0,0,0,0.0856001981762902,0
test_id,DS01-005_id,4,11,LPC_flow_mod,9,1,0,-0,0,0,0,0,0,0,0.0856001981762902,0
test_id,DS01-005_id,4,12,HPT_eff_mod,1,1,-0.00157302185190615,-0,0,0,0,0,0,0,0.112418886677553,0
test_id,DS01-005_id,4,12,fan_eff_mod,2,1,0,-3.69860996560176e-05,0,0,0,0,0,0,0.112418886677553,0
test_id,DS01-005_id,4,12,fan_flow_mod,3,1,0,-0.000452726404622584,0,0,0,0,0,0,0.112418886677553,0
test_id,DS01-005_id,4,12,HPC_eff_mod,4,1,0,-0.00160171495055462,0,0,0,0,0,0,0.112418886677553,0
test_id,DS01-005_id,4,12,HPC_flow_mod,5,1,0,-0.00203975848857992,0,0,0,0,0,0,0.112418886677553,0
test_id,DS01-005_id,4,12,LPT_eff_mod,6,1,0,-0.00205307079688406,0,0,0,0,0,0,0.112418886677553,0
test_id,DS01-005_id,4,12,LPT_flow_mod,7,1,0,-0.0135423671217382,0,0,0,0,0,0,0.112418886677553,0
test_id,DS01-005_id,4,12,LPC_eff_mod,8,1,0,-0,0,0,0,0,0,0,0.112418886677553,0
test_id,DS01-005_id,4,12,LPC_flow_mod,9,1,0,-0,0,0,0,0,0,0,0.112418886677553,0
test_id,DS01-005_id,4,13,HPT_eff_mod,1,1,-0.0175628806164002,-0,0,0,0,0,0,0,0.154660475841596,0
test_id,DS01-005_id,4,13,fan_eff_mod,2,1,0,-3.69860996560176e-05,0,0,0,0,0,0,0.154660475841596,0
test_id,DS01-005_id,4,13,fan_flow_mod,3,1,0,-0.000452726404622584,0,0,0,0,0,0,0.154660475841596,0
test_id,DS01-005_id,4,13,HPC_eff_mod,4,1,0,-0.00160171495055462,0,0,0,0,0,0,0.154660475841596,0
test_id,DS01-005_id,4,13,HPC_flow_mod,5,1,0,-0.00203975848857992,0,0,0,0,0,0,0.154660475841596,0
test_id,DS01-005_id,4,13,LPT_eff_mod,6,1,0,-0.00205307079688406,0,0,0,0,0,0,0.154660475841596,0
test_id,DS01-005_id,4,13,LPT_flow_mod,7,1,0,-0.0139486303527218,0,0,0,0,0,0,0.154660475841596,0
test_id,DS01-005_id,4,13,LPC_eff_mod,8,1,0,-0,0,0,0,0,0,0,0.154660475841596,0
test_id,DS01-005_id,4,13,LPC_flow_mod,9,1,0,-0,0,0,0,0,0,0,0.154660475841596,0
test_id,DS01-005_id,4,14,HPT_eff_mod,1,1,-0.0181005327872193,-0,0,0,0,0,0,0,0.103249374167926,0
test_id,DS01-005_id,4,14,fan_eff_mod,2,1,0,-3.69860996560176e-05,0,0,0,0,0,0,0.103249374167926,0
test_id,DS01-005_id,4,14,fan_flow_mod,3,1,0,-0.000452726404622584,0,0,0,0,0,0,0.103249374167926,0
test_id,DS01-005_id,4,14,HPC_eff_mod,4,1,0,-0.00160171495055462,0,0,0,0,0,0,0.103249374167926,0
test_id,DS01-005_id,4,14,HPC_flow_mod,5,1,0,-0.00203975848857992,0,0,0,0,0,0,0.103249374167926,0
test_id,DS01-005_id,4,14,LPT_eff_mod,6,1,0,-0.00205307079688406,0,0,0,0,0,0,0.103249374167926,0
test_id,DS01-005_id,4,14,LPT_flow_mod,7,1,0,-0.0139486303527218,0,0,0,0,0,0,0.103249374167926,0
test_id,DS01-005_id,4,14,LPC_eff_mod,8,1,0,-0,0,0,0,0,0,0,0.103249374167926,0
test_id,DS01-005_id,4,14,LPC_flow_mod,9,1,0,-0,0,0,0,0,0,0,0.103249374167926,0
test_id,DS01-005_id,4,15,HPT_eff_mod,1,1,-0.0195958157590116,-0,0,0,0,0,0,0,0.189048829822207,0
test_id,DS01-005_id,4,15,fan_eff_mod,2,1,0,-3.69860996560176e-05,0,0,0,0,0,0,0.189048829822207,0
test_id,DS01-005_id,4,15,fan_flow_mod,3,1,0,-0.000452726404622584,0,0,0,0,0,0,0.189048829822207,0
test_id,DS01-005_id,4,15,HPC_eff_mod,4,1,0,-0.00160171495055462,0,0,0,0,0,0,0.189048829822207,0
test_id,DS01-005_id,4,15,HPC_flow_mod,5,1,0,-0.00203975848857992,0,0,0,0,0,0,0.189048829822207,0
test_id,DS01-005_id,4,15,LPT_eff_mod,6,1,0,-0.00205307079688406,0,0,0,0,0,0,0.189048829822207,0
test_id,DS01-005_id,4,15,LPT_flow_mod,7,1,0,-0.0139486303527218,0,0,0,0,0,0,0.189048829822207,0
test_id,DS01-005_id,4,15,LPC_eff_mod,8,1,0,-0,0,0,0,0,0,0,0.189048829822207,0
test_id,DS01-005_id,4,15,LPC_flow_mod,9,1,0,-0,0,0,0,0,0,0,0.189048829822207,0
test_id,DS01-005_id,4,16,HPT_eff_mod,1,1,-0.00965132508413006,-0,0,0,0,0,0,0,0.160663130165925,0
test_id,DS01-005_id,4,16,fan_eff_mod,2,1,0,-3.69860996560176e-05,0,0,0,0,0,0,0.160663130165925,0
test_id,DS01-005_id,4,16,fan_flow_mod,3,1,0,-0.000452726404622584,0,0,0,0,0,0,0.160663130165925,0
test_id,DS01-005_id,4,16,HPC_eff_mod,4,1,0,-0.00160171495055462,0,0,0,0,0,0,0.160663130165925,0
test_id,DS01-005_id,4,16,HPC_flow_mod,5,1,0,-0.00203975848857992,0,0,0,0,0,0,0.160663130165925,0
test_id,DS01-005_id,4,16,LPT_eff_mod,6,1,0,-0.00205307079688406,0,0,0,0,0,0,0.160663130165925,0
test_id,DS01-005_id,4,16,LPT_flow_mod,7,1,0,-0.0139486303527218,0,0,0,0,0,0,0.160663130165925,0
test_id,DS01-005_id,4,16,LPC_eff_mod,8,1,0,-0,0,0,0,0,0,0,0.160663130165925,0
test_id,DS01-005_id,4,16,LPC_flow_mod,9,1,0,-0,0,0,0,0,0,0,0.160663130165925,0
test_id,DS01-005_id,4,17,HPT_eff_mod,1,1,-0.0122138066015252,-0,0,0,0,0,0,0,0.158242390996787,0
test_id,DS01-005_id,4,17,fan_eff_mod,2,1,0,-3.69860996560176e-05,0,0,0,0,0,0,0.158242390996787,0
test_id,DS01-005_id,4,17,fan_flow_mod,3,1,0,-0.000452726404622584,0,0,0,0,0,0,0.158242390996787,0
test_id,DS01-005_id,4,17,HPC_eff_mod,4,1,0,-0.00160171495055462,0,0,0,0,0,0,0.158242390996787,0
test_id,DS01-005_id,4,17,HPC_flow_mod,5,1,0,-0.00203975848857992,0,0,0,0,0,0,0.158242390996787,0
test_id,DS01-005_id,4,17,LPT_eff_mod,6,1,0,-0.00305367294236254,0,0,0,0,0,0,0.158242390996787,0
test_id,DS01-005_id,4,17,LPT_flow_mod,7,1,0,-0.0139486303527218,0,0,0,0,0,0,0.158242390996787,0
test_id,DS01-005_id,4,17,LPC_eff_mod,8,1,0,-0,0,0,0,0,0,0,0.158242390996787,0
test_id,DS01-005_id,4,17,LPC_flow_mod,9,1,0,-0,0,0,0,0,0,0,0.158242390996787,0
test_id,DS01-005_id,4,18,HPT_eff_mod,1,1,-0.0229905328693598,-0.00199773191852171,0,0,0,0,0,0,0.085575496594729,0
test_id,DS01-005_id,4,18,fan_eff_mod,2,1,0,-3.69860996560176e-05,0,0,0,0,0,0,0.085575496594729,0
test_id,DS01-005_id,4,18,fan_flow_mod,3,1,0,-0.000452726404622584,0,0,0,0,0,0,0.085575496594729,0
test_id,DS01-005_id,4,18,HPC_eff_mod,4,1,0,-0.00160171495055462,0,0,0,0,0,0,0.085575496594729,0
test_id,DS01-005_id,4,18,HPC_flow_mod,5,1,0,-0.00203975848857992,0,0,0,0,0,0,0.085575496594729,0
test_id,DS01-005_id,4,18,LPT_eff_mod,6,1,0,-0.00519363713500028,0,0,0,0,0,0,0.085575496594729,0
test_id,DS01-005_id,4,18,LPT_flow_mod,7,1,0,-0.0139486303527218,0,0,0,0,0,0,0.085575496594729,0
test_id,DS01-005_id,4,18,LPC_eff_mod,8,1,0,-0,0,0,0,0,0,0,0.085575496594729,0
test_id,DS01-005_id,4,18,LPC_flow_mod,9,1,0,-0,0,0,0,0,0,0,0.085575496594729,0
test_id,DS01-005_id,4,19,HPT_eff_mod,1,1,-0.0133639889608955,-0.00199773191852171,0,0,0,0,0,0,0.167823513788854,0
test_id,DS01-005_id,4,19,fan_eff_mod,2,1,0,-3.69860996560176e-05,0,0,0,0,0,0,0.167823513788854,0
test_id,DS01-005_id,4,19,fan_flow_mod,3,1,0,-0.000452726404622584,0,0,0,0,0,0,0.167823513788854,0
test_id,DS01-005_id,4,19,HPC_eff_mod,4,1,0,-0.00160171495055462,0,0,0,0,0,0,0.167823513788854,0
test_id,DS01-005_id,4,19,HPC_flow_mod,5,1,0,-0.00203975848857992,0,0,0,0,0,0,0.167823513788854,0
test_id,DS01-005_id,4,19,LPT_eff_mod,6,1,0,-0.00519363713500028,0,0,0,0,0,0,0.167823513788854,0
test_id,DS01-005_id,4,19,LPT_flow_mod,7,1,0,-0.0139486303527218,0,0,0,0,0,0,0.167823513788854,0
test_id,DS01-005_id,4,19,LPC_eff_mod,8,1,0,-0,0,0,0,0,0,0,0.167823513788854,0
test_id,DS01-005_id,4,19,LPC_flow_mod,9,1,0,-0,0,0,0,0,0,0,0.167823513788854,0
test_id,DS01-005_id,4,20,HPT_eff_mod,1,1,-0.0193513604579343,-0.00199773191852171,0,0,0,0,0,0,0.11468710716698,0
test_id,DS01-005_id,4,20,fan_eff_mod,2,1,0,-3.69860996560176e-05,0,0,0,0,0,0,0.11468710716698,0
test_id,DS01-005_id,4,20,fan_flow_mod,3,1,0,-0.000452726404622584,0,0,0,0,0,0,0.11468710716698,0
test_id,DS01-005_id,4,20,HPC_eff_mod,4,1,0,-0.00205550328617913,0,0,0,0,0,0,0.11468710716698,0
test_id,DS01-005_id,4,20,HPC_flow_mod,5,1,0,-0.00203975848857992,0,0,0,0,0,0,0.11468710716698,0
test_id,DS01-005_id,4,20,LPT_eff_mod,6,1,0,-0.00964979842792405,0,0,0,0,0,0,0.11468710716698,0
test_id,DS01-005_id,4,20,LPT_flow_mod,7,1,0,-0.0139486303527218,0,0,0,0,0,0,0.11468710716698,0
test_id,DS01-005_id,4,20,LPC_eff_mod,8,1,0,-0,0,0,0,0,0,0,0.11468710716698,0
test_id,DS01-005_id,4,20,LPC_flow_mod,9,1,0,-0,0,0,0,0,0,0,0.11468710716698,0
test_id,DS01-005_id,4,21,HPT_eff_mod,1,1,-0.0257834581140408,-0.00199773191852171,0,0,0,0,0,0,0.249937763596692,0
test_id,DS01-005_id,4,21,fan_eff_mod,2,1,0,-3.69860996560176e-05,0,0,0,0,0,0,0.249937763596692,0
test_id,DS01-005_id,4,21,fan_flow_mod,3,1,0,-0.000452726404622584,0,0,0,0,0,0,0.249937763596692,0
test_id,DS01-005_id,4,21,HPC_eff_mod,4,1,0,-0.00205550328617913,0,0,0,0,0,0,0.249937763596692,0
test_id,DS01-005_id,4,21,HPC_flow_mod,5,1,0,-0.00203975848857992,0,0,0,0,0,0,0.249937763596692,0
test_id,DS01-005_id,4,21,LPT_eff_mod,6,1,0,-0.00964979842792405,0,0,0,0,0,0,0.249937763596692,0
test_id,DS01-005_id,4,21,LPT_flow_mod,7,1,0,-0.0139486303527218,0,0,0,0,0,0,0.249937763596692,0
test_id,DS01-005_id,4,21,LPC_eff_mod,8,1,0,-0,0,0,0,0,0,0,0.249937763596692,0
test_id,DS01-005_id,4,21,LPC_flow_mod,9,1,0,-0,0,0,0,0,0,0,0.249937763596692,0
test_id,DS01-005_id,4,22,HPT_eff_mod,1,1,-0.0119618132251661,-0.00199773191852171,0,1,0,1,0,1,0.0694616087802906,0
test_id,DS01-005_id,4,22,fan_eff_mod,2,1,0,-3.69860996560176e-05,0,0,0,0,0,1,0.0694616087802906,0
test_id,DS01-005_id,4,22,fan_flow_mod,3,1,0,-0.000697949006300758,0,0,0,0,0,1,0.0694616087802906,0
test_id,DS01-005_id,4,22,HPC_eff_mod,4,1,0,-0.00205550328617913,0,0,0,0,0,1,0.0694616087802906,0
test_id,DS01-005_id,4,22,HPC_flow_mod,5,1,0,-0.00203975848857992,0,0,0,0,0,1,0.0694616087802906,0
test_id,DS01-005_id,4,22,LPT_eff_mod,6,1,0,-0.00964979842792405,0,0,0,0,0,1,0.0694616087802906,0
test_id,DS01-005_id,4,22,LPT_flow_mod,7,1,0,-0.0139486303527218,0,0,0,0,0,1,0.0694616087802906,0
test_id,DS01-005_id,4,22,LPC_eff_mod,8,1,0,-0,0,0,0,0,0,1,0.0694616087802906,0
test_id,DS01-005_id,4,22,LPC_flow_mod,9,1,0,-0,0,0,0,0,0,1,0.0694616087802906,0
test_id,DS01-005_id,4,23,HPT_eff_mod,1,1,-0.0194424147204108,-0.00199773191852171,0,1,0,1,0,1,0.269435468393256,0
test_id,DS01-005_id,4,23,fan_eff_mod,2,1,0,-3.69860996560176e-05,0,0,0,0,0,1,0.269435468393256,0
test_id,DS01-005_id,4,23,fan_flow_mod,3,1,0,-0.000900820308218056,0,0,0,0,0,1,0.269435468393256,0
test_id,DS01-005_id,4,23,HPC_eff_mod,4,1,0,-0.00205550328617913,0,0,0,0,0,1,0.269435468393256,0
test_id,DS01-005_id,4,23,HPC_flow_mod,5,1,0,-0.00203975848857992,0,0,0,0,0,1,0.269435468393256,0
test_id,DS01-005_id,4,23,LPT_eff_mod,6,1,0,-0.00964979842792405,0,0,0,0,0,1,0.269435468393256,0
test_id,DS01-005_id,4,23,LPT_flow_mod,7,1,0,-0.0145437441621963,0,0,0,0,0,1,0.269435468393256,0
test_id,DS01-005_id,4,23,LPC_eff_mod,8,1,0,-0,0,0,0,0,0,1,0.269435468393256,0
test_id,DS01-005_id,4,23,LPC_flow_mod,9,1,0,-0,0,0,0,0,0,1,0.269435468393256,0
test_id,DS01-005_id,4,24,HPT_eff_mod,1,1,-0.0106940232636261,-0.00199773191852171,0,1,0,1,0,1,0.13296976804175,0
test_id,DS01-005_id,4,24,fan_eff_mod,2,1,0,-3.69860996560176e-05,0,0,0,0,0,1,0.13296976804175,0
test_id,DS01-005_id,4,24,fan_flow_mod,3,1,0,-0.000900820308218056,0,0,0,0,0,1,0.13296976804175,0
test_id,DS01-005_id,4,24,HPC_eff_mod,4,1,0,-0.00205550328617913,0,0,0,0,0,1,0.13296976804175,0
test_id,DS01-005_id,4,24,HPC_flow_mod,5,1,0,-0.00203975848857992,0,0,0,0,0,1,0.13296976804175,0
test_id,DS01-005_id,4,24,LPT_eff_mod,6,1,0,-0.0107109635167451,0,1,0,1,0,1,0.13296976804175,0
test_id,DS01-005_id,4,24,LPT_flow_mod,7,1,0,-0.0145437441621963,0,0,0,0,0,1,0.13296976804175,0
test_id,DS01-005_id,4,24,LPC_eff_mod,8,1,0,-0,0,0,0,0,0,1,0.13296976804175,0
test_id,DS01-005_id,4,24,LPC_flow_mod,9,1,0,-0,0,0,0,0,0,1,0.13296976804175,0
test_id,DS01-005_id,4,25,HPT_eff_mod,1,1,-0.0172779781805719,-0.00199773191852171,0,1,0,1,0,1,0.122263094759355,0
test_id,DS01-005_id,4,25,fan_eff_mod,2,1,0,-3.69860996560176e-05,0,0,0,0,0,1,0.122263094759355,0
test_id,DS01-005_id,4,25,fan_flow_mod,3,1,0,-0.000900820308218056,0,0,0,0,0,1,0.122263094759355,0
test_id,DS01-005_id,4,25,HPC_eff_mod,4,1,0,-0.00205550328617913,0,0,0,0,0,1,0.122263094759355,0
test_id,DS01-005_id,4,25,HPC_flow_mod,5,1,0,-0.00203975848857992,0,0,0,0,0,1,0.122263094759355,0
test_id,DS01-005_id,4,25,LPT_eff_mod,6,1,0,-0.0107109635167451,0,1,0,1,0,1,0.122263094759355,0
test_id,DS01-005_id,4,25,LPT_flow_mod,7,1,0,-0.0165576262137509,0,0,0,0,0,1,0.122263094759355,0
test_id,DS01-005_id,4,25,LPC_eff_mod,8,1,0,-0,0,0,0,0,0,1,0.122263094759355,0
test_id,DS01-005_id,4,25,LPC_flow_mod,9,1,0,-0,0,0,0,0,0,1,0.122263094759355,0
test_id,DS01-005_id,4,26,HPT_eff_mod,1,1,-0.0293456204428203,-0.00419148863976806,0,1,0,1,0,1,0.149830390907529,0
test_id,DS01-005_id,4,26,fan_eff_mod,2,1,0,-3.69860996560176e-05,0,0,0,0,0,1,0.149830390907529,0
test_id,DS01-005_id,4,26,fan_flow_mod,3,1,0,-0.000900820308218056,0,0,0,0,0,1,0.149830390907529,0
test_id,DS01-005_id,4,26,HPC_eff_mod,4,1,0,-0.00205550328617913,0,0,0,0,0,1,0.149830390907529,0
test_id,DS01-005_id,4,26,HPC_flow_mod,5,1,0,-0.00203975848857992,0,0,0,0,0,1,0.149830390907529,0
test_id,DS01-005_id,4,26,LPT_eff_mod,6,1,0,-0.0107109635167451,0,1,0,1,0,1,0.149830390907529,0
test_id,DS01-005_id,4,26,LPT_flow_mod,7,1,0,-0.0181618520459631,0,0,0,0,0,1,0.149830390907529,0
test_id,DS01-005_id,4,26,LPC_eff_mod,8,1,0,-0,0,0,0,0,0,1,0.149830390907529,0
test_id,DS01-005_id,4,26,LPC_flow_mod,9,1,0,-0,0,0,0,0,0,1,0.149830390907529,0
test_id,DS01-005_id,4,27,HPT_eff_mod,1,1,-0.0320673370596302,-0.00419148863976806,0,1,0,1,0,1,0.174835950782005,0
test_id,DS01-005_id,4,27,fan_eff_mod,2,1,0,-3.69860996560176e-05,0,0,0,0,0,1,0.174835950782005,0
test_id,DS01-005_id,4,27,fan_flow_mod,3,1,0,-0.000900820308218056,0,0,0,0,0,1,0.174835950782005,0
test_id,DS01-005_id,4,27,HPC_eff_mod,4,1,0,-0.00205550328617913,0,0,0,0,0,1,0.174835950782005,0
test_id,DS01-005_id,4,27,HPC_flow_mod,5,1,0,-0.00203975848857992,0,0,0,0,0,1,0.174835950782005,0
test_id,DS01-005_id,4,27,LPT_eff_mod,6,1,0,-0.0107109635167451,0,1,0,1,0,1,0.174835950782005,0
test_id,DS01-005_id,4,27,LPT_flow_mod,7,1,0,-0.0181618520459631,0,0,0,0,0,1,0.174835950782005,0
test_id,DS01-005_id,4,27,LPC_eff_mod,8,1,0,-0,0,0,0,0,0,1,0.174835950782005,0
test_id,DS01-005_id,4,27,LPC_flow_mod,9,1,0,-0,0,0,0,0,0,1,0.174835950782005,0
test_id,DS01-005_id,4,28,HPT_eff_mod,1,1,-0.0187245850561723,-0.00419148863976806,0,1,0,1,0,1,0.127147152917899,0
test_id,DS01-005_id,4,28,fan_eff_mod,2,1,0,-3.69860996560176e-05,0,0,0,0,0,1,0.127147152917899,0
test_id,DS01-005_id,4,28,fan_flow_mod,3,1,0,-0.000900820308218056,0,0,0,0,0,1,0.127147152917899,0
test_id,DS01-005_id,4,28,HPC_eff_mod,4,1,0,-0.00205550328617913,0,0,0,0,0,1,0.127147152917899,0
test_id,DS01-005_id,4,28,HPC_flow_mod,5,1,0,-0.00203975848857992,0,0,0,0,0,1,0.127147152917899,0
test_id,DS01-005_id,4,28,LPT_eff_mod,6,1,0,-0.0107109635167451,0,1,0,1,0,1,0.127147152917899,0
test_id,DS01-005_id,4,28,LPT_flow_mod,7,1,0,-0.0181618520459631,0,0,0,0,0,1,0.127147152917899,0
test_id,DS01-005_id,4,28,LPC_eff_mod,8,1,0,-0,0,0,0,0,0,1,0.127147152917899,0
test_id,DS01-005_id,4,28,LPC_flow_mod,9,1,0,-0,0,0,0,0,0,1,0.127147152917899,0
test_id,DS01-005_id,4,29,HPT_eff_mod,1,1,-0.0194855868371079,-0.00419148863976806,0,1,0,1,0,1,0.100014713387437,0
test_id,DS01-005_id,4,29,fan_eff_mod,2,1,0,-3.69860996560176e-05,0,0,0,0,0,1,0.100014713387437,0
test_id,DS01-005_id,4,29,fan_flow_mod,3,1,0,-0.000900820308218056,0,0,0,0,0,1,0.100014713387437,0
test_id,DS01-005_id,4,29,HPC_eff_mod,4,1,0,-0.00205550328617913,0,0,0,0,0,1,0.100014713387437,0
test_id,DS01-005_id,4,29,HPC_flow_mod,5,1,0,-0.00203975848857992,0,0,0,0,0,1,0.100014713387437,0
test_id,DS01-005_id,4,29,LPT_eff_mod,6,1,0,-0.0107109635167451,0,1,0,1,0,1,0.100014713387437,0
test_id,DS01-005_id,4,29,LPT_flow_mod,7,1,0,-0.0181618520459631,0,1,0,1,0,1,0.100014713387437,0
test_id,DS01-005_id,4,29,LPC_eff_mod,8,1,0,-0,0,0,0,0,0,1,0.100014713387437,0
test_id,DS01-005_id,4,29,LPC_flow_mod,9,1,0,-0,0,0,0,0,0,1,0.100014713387437,0
test_id,DS01-005_id,4,30,HPT_eff_mod,1,1,-0.0206889841508536,-0.00419148863976806,0,1,0,1,0,1,0.137536147502695,0
test_id,DS01-005_id,4,30,fan_eff_mod,2,1,0,-3.69860996560176e-05,0,0,0,0,0,1,0.137536147502695,0
test_id,DS01-005_id,4,30,fan_flow_mod,3,1,0,-0.000900820308218056,0,0,0,0,0,1,0.137536147502695,0
test_id,DS01-005_id,4,30,HPC_eff_mod,4,1,0,-0.00205550328617913,0,0,0,0,0,1,0.137536147502695,0
test_id,DS01-005_id,4,30,HPC_flow_mod,5,1,0,-0.00203975848857992,0,0,0,0,0,1,0.137536147502695,0
test_id,DS01-005_id,4,30,LPT_eff_mod,6,1,0,-0.0107109635167451,0,1,0,1,0,1,0.137536147502695,0
test_id,DS01-005_id,4,30,LPT_flow_mod,7,1,0,-0.0181618520459631,0,1,0,1,0,1,0.137536147502695,0
test_id,DS01-005_id,4,30,LPC_eff_mod,8,1,0,-0,0,0,0,0,0,1,0.137536147502695,0
test_id,DS01-005_id,4,30,LPC_flow_mod,9,1,0,-0,0,0,0,0,0,1,0.137536147502695,0
test_id,DS01-005_id,4,31,HPT_eff_mod,1,1,-0.0288258542554388,-0.00419148863976806,0,1,0,1,0,2,0.249140424290672,0
test_id,DS01-005_id,4,31,fan_eff_mod,2,1,0,-3.69860996560176e-05,0,0,0,0,0,2,0.249140424290672,0
test_id,DS01-005_id,4,31,fan_flow_mod,3,1,0,-0.0012938299084172,0,0,0,0,0,2,0.249140424290672,0
test_id,DS01-005_id,4,31,HPC_eff_mod,4,1,0,-0.00205550328617913,0,0,0,0,0,2,0.249140424290672,0
test_id,DS01-005_id,4,31,HPC_flow_mod,5,1,0,-0.00203975848857992,0,0,0,0,0,2,0.249140424290672,0
test_id,DS01-005_id,4,31,LPT_eff_mod,6,1,0,-0.0107109635167451,0,1,0,1,0,2,0.249140424290672,0
test_id,DS01-005_id,4,31,LPT_flow_mod,7,1,0,-0.0267775339245857,0,1,0,2,0,2,0.249140424290672,0
test_id,DS01-005_id,4,31,LPC_eff_mod,8,1,0,-0,0,0,0,0,0,2,0.249140424290672,0
test_id,DS01-005_id,4,31,LPC_flow_mod,9,1,0,-0.000912217678126756,0,0,0,0,0,2,0.249140424290672,0
test_id,DS01-005_id,4,32,HPT_eff_mod,1,1,-0.0247068083841311,-0.00419148863976806,0,1,0,1,0,2,0.252246575678492,0
test_id,DS01-005_id,4,32,fan_eff_mod,2,1,0,-3.69860996560176e-05,0,0,0,0,0,2,0.252246575678492,0
test_id,DS01-005_id,4,32,fan_flow_mod,3,1,0,-0.0012938299084172,0,0,0,0,0,2,0.252246575678492,0
test_id,DS01-005_id,4,32,HPC_eff_mod,4,1,0,-0.00205550328617913,0,0,0,0,0,2,0.252246575678492,0
test_id,DS01-005_id,4,32,HPC_flow_mod,5,1,0,-0.00203975848857992,0,0,0,0,0,2,0.252246575678492,0
test_id,DS01-005_id,4,32,LPT_eff_mod,6,1,0,-0.0107109635167451,0,1,0,1,0,2,0.252246575678492,0
test_id,DS01-005_id,4,32,LPT_flow_mod,7,1,0,-0.0267775339245857,0,1,0,2,0,2,0.252246575678492,0
test_id,DS01-005_id,4,32,LPC_eff_mod,8,1,0,-0,0,0,0,0,0,2,0.252246575678492,0
test_id,DS01-005_id,4,32,LPC_flow_mod,9,1,0,-0.000912217678126756,0,0,0,0,0,2,0.252246575678492,0
test_id,DS01-005_id,4,33,HPT_eff_mod,1,1,-0.0312086600699961,-0.00419148863976806,0,1,0,1,0,2,0.0431139886729795,0
test_id,DS01-005_id,4,33,fan_eff_mod,2,1,0,-3.69860996560176e-05,0,0,0,0,0,2,0.0431139886729795,0
test_id,DS01-005_id,4,33,fan_flow_mod,3,1,0,-0.0012938299084172,0,0,0,0,0,2,0.0431139886729795,0
test_id,DS01-005_id,4,33,HPC_eff_mod,4,1,0,-0.00205550328617913,0,0,0,0,0,2,0.0431139886729795,0
test_id,DS01-005_id,4,33,HPC_flow_mod,5,1,0,-0.00203975848857992,0,0,0,0,0,2,0.0431139886729795,0
test_id,DS01-005_id,4,33,LPT_eff_mod,6,1,0,-0.0162748815449239,0,1,0,1,0,2,0.0431139886729795,0
test_id,DS01-005_id,4,33,LPT_flow_mod,7,1,0,-0.0267775339245857,0,1,0,2,0,2,0.0431139886729795,0
test_id,DS01-005_id,4,33,LPC_eff_mod,8,1,0,-0,0,0,0,0,0,2,0.0431139886729795,0
test_id,DS01-005_id,4,33,LPC_flow_mod,9,1,0,-0.000912217678126756,0,0,0,0,0,2,0.0431139886729795,0
test_id,DS01-005_id,4,34,HPT_eff_mod,1,1,-0.0402348073970671,-0.00419148863976806,0,1,0,1,0,2,0.10817653483047,0
test_id,DS01-005_id,4,34,fan_eff_mod,2,1,0,-3.69860996560176e-05,0,0,0,0,0,2,0.10817653483047,0
test_id,DS01-005_id,4,34,fan_flow_mod,3,1,0,-0.0012938299084172,0,0,0,0,0,2,0.10817653483047,0
test_id,DS01-005_id,4,34,HPC_eff_mod,4,1,0,-0.00205550328617913,0,0,0,0,0,2,0.10817653483047,0
test_id,DS01-005_id,4,34,HPC_flow_mod,5,1,0,-0.00203975848857992,0,0,0,0,0,2,0.10817653483047,0
test_id,DS01-005_id,4,34,LPT_eff_mod,6,1,0,-0.0162748815449239,0,1,0,1,0,2,0.10817653483047,0
test_id,DS01-005_id,4,34,LPT_flow_mod,7,1,0,-0.0331035563766166,0,1,0,2,0,2,0.10817653483047,0
test_id,DS01-005_id,4,34,LPC_eff_mod,8,1,0,-0,0,0,0,0,0,2,0.10817653483047,0
test_id,DS01-005_id,4,34,LPC_flow_mod,9,1,0,-0.000912217678126756,0,0,0,0,0,2,0.10817653483047,0
test_id,DS01-005_id,4,35,HPT_eff_mod,1,1,-0.0426462910128412,-0.00419148863976806,0,1,0,1,0,2,0.0704796716790267,0
test_id,DS01-005_id,4,35,fan_eff_mod,2,1,0,-3.69860996560176e-05,0,0,0,0,0,2,0.0704796716790267,0
test_id,DS01-005_id,4,35,fan_flow_mod,3,1,0,-0.0012938299084172,0,0,0,0,0,2,0.0704796716790267,0
test_id,DS01-005_id,4,35,HPC_eff_mod,4,1,0,-0.00205550328617913,0,0,0,0,0,2,0.0704796716790267,0
test_id,DS01-005_id,4,35,HPC_flow_mod,5,1,0,-0.00203975848857992,0,0,0,0,0,2,0.0704796716790267,0
test_id,DS01-005_id,4,35,LPT_eff_mod,6,1,0,-0.0162748815449239,0,1,0,1,0,2,0.0704796716790267,0
test_id,DS01-005_id,4,35,LPT_flow_mod,7,1,0,-0.0331035563766166,0,1,0,2,0,2,0.0704796716790267,0
test_id,DS01-005_id,4,35,LPC_eff_mod,8,1,0,-0,0,0,0,0,0,2,0.0704796716790267,0
test_id,DS01-005_id,4,35,LPC_flow_mod,9,1,0,-0.000912217678126756,0,0,0,0,0,2,0.0704796716790267,0
test_id,DS01-005_id,4,36,HPT_eff_mod,1,1,-0.0340251309032362,-0.00419148863976806,0,1,0,1,0,2,0.0913070951743902,0
test_id,DS01-005_id,4,36,fan_eff_mod,2,1,0,-3.69860996560176e-05,0,0,0,0,0,2,0.0913070951743902,0
test_id,DS01-005_id,4,36,fan_flow_mod,3,1,0,-0.0012938299084172,0,0,0,0,0,2,0.0913070951743902,0
test_id,DS01-005_id,4,36,HPC_eff_mod,4,1,0,-0.00205550328617913,0,0,0,0,0,2,0.0913070951743902,0
test_id,DS01-005_id,4,36,HPC_flow_mod,5,1,0,-0.00203975848857992,0,0,0,0,0,2,0.0913070951743902,0
test_id,DS01-005_id,4,36,LPT_eff_mod,6,1,0,-0.0162748815449239,0,1,0,1,0,2,0.0913070951743902,0
test_id,DS01-005_id,4,36,LPT_flow_mod,7,1,0,-0.0331035563766166,0,1,0,2,0,2,0.0913070951743902,0
test_id,DS01-005_id,4,36,LPC_eff_mod,8,1,0,-0,0,0,0,0,0,2,0.0913070951743902,0
test_id,DS01-005_id,4,36,LPC_flow_mod,9,1,0,-0.000912217678126756,0,0,0,0,0,2,0.0913070951743902,0
test_id,DS01-005_id,4,37,HPT_eff_mod,1,1,-0.0339427605938263,-0.00419148863976806,0,1,0,1,0,2,0.0887199479508254,0
test_id,DS01-005_id,4,37,fan_eff_mod,2,1,0,-3.69860996560176e-05,0,0,0,0,0,2,0.0887199479508254,0
test_id,DS01-005_id,4,37,fan_flow_mod,3,1,0,-0.0012938299084172,0,0,0,0,0,2,0.0887199479508254,0
test_id,DS01-005_id,4,37,HPC_eff_mod,4,1,0,-0.00205550328617913,0,0,0,0,0,2,0.0887199479508254,0
test_id,DS01-005_id,4,37,HPC_flow_mod,5,1,0,-0.00203975848857992,0,0,0,0,0,2,0.0887199479508254,0
test_id,DS01-005_id,4,37,LPT_eff_mod,6,1,0,-0.0162748815449239,0,1,0,1,0,2,0.0887199479508254,0
test_id,DS01-005_id,4,37,LPT_flow_mod,7,1,0,-0.0331035563766166,0,1,0,2,0,2,0.0887199479508254,0
test_id,DS01-005_id,4,37,LPC_eff_mod,8,1,0,-0,0,0,0,0,0,2,0.0887199479508254,0
test_id,DS01-005_id,4,37,LPC_flow_mod,9,1,0,-0.000912217678126756,0,0,0,0,0,2,0.0887199479508254,0
test_id,DS01-005_id,4,38,HPT_eff_mod,1,0,-0.0337053304270435,-0.00419148863976806,1,1,2,1,2,2,0.058167316566272,0
test_id,DS01-005_id,4,38,fan_eff_mod,2,0,0,-3.69860996560176e-05,0,0,0,0,2,2,0.058167316566272,0
test_id,DS01-005_id,4,38,fan_flow_mod,3,0,0,-0.0012938299084172,0,0,0,0,2,2,0.058167316566272,0
test_id,DS01-005_id,4,38,HPC_eff_mod,4,0,0,-0.00205550328617913,0,0,0,0,2,2,0.058167316566272,0
test_id,DS01-005_id,4,38,HPC_flow_mod,5,0,0,-0.00203975848857992,0,0,0,0,2,2,0.058167316566272,0
test_id,DS01-005_id,4,38,LPT_eff_mod,6,0,0,-0.0162748815449239,0,1,0,1,2,2,0.058167316566272,0
test_id,DS01-005_id,4,38,LPT_flow_mod,7,0,0,-0.0331035563766166,0,1,0,2,2,2,0.058167316566272,0
test_id,DS01-005_id,4,38,LPC_eff_mod,8,0,0,-0,0,0,0,0,2,2,0.058167316566272,0
test_id,DS01-005_id,4,38,LPC_flow_mod,9,0,0,-0.000912217678126756,0,0,0,0,2,2,0.058167316566272,0
test_id,DS01-005_id,4,39,HPT_eff_mod,1,0,-0.034969220801493,-0.00419148863976806,1,1,2,1,2,2,0.0840585446945568,0
test_id,DS01-005_id,4,39,fan_eff_mod,2,0,0,-3.69860996560176e-05,0,0,0,0,2,2,0.0840585446945568,0
test_id,DS01-005_id,4,39,fan_flow_mod,3,0,0,-0.0012938299084172,0,0,0,0,2,2,0.0840585446945568,0
test_id,DS01-005_id,4,39,HPC_eff_mod,4,0,0,-0.00205550328617913,0,0,0,0,2,2,0.0840585446945568,0
test_id,DS01-005_id,4,39,HPC_flow_mod,5,0,0,-0.00203975848857992,0,0,0,0,2,2,0.0840585446945568,0
test_id,DS01-005_id,4,39,LPT_eff_mod,6,0,0,-0.0162748815449239,0,1,0,1,2,2,0.0840585446945568,0
test_id,DS01-005_id,4,39,LPT_flow_mod,7,0,0,-0.0364857287967269,0,1,0,2,2,2,0.0840585446945568,0
test_id,DS01-005_id,4,39,LPC_eff_mod,8,0,0,-0,0,0,0,0,2,2,0.0840585446945568,0
test_id,DS01-005_id,4,39,LPC_flow_mod,9,0,0,-0.000912217678126756,0,0,0,0,2,2,0.0840585446945568,0
test_id,DS01-005_id,4,40,HPT_eff_mod,1,0,-0.0439155057259111,-0.00419148863976806,1,1,2,1,2,2,0.221715563896487,0
test_id,DS01-005_id,4,40,fan_eff_mod,2,0,0,-3.69860996560176e-05,0,0,0,0,2,2,0.221715563896487,0
test_id,DS01-005_id,4,40,fan_flow_mod,3,0,0,-0.0012938299084172,0,0,0,0,2,2,0.221715563896487,0
test_id,DS01-005_id,4,40,HPC_eff_mod,4,0,0,-0.00205550328617913,0,0,0,0,2,2,0.221715563896487,0
test_id,DS01-005_id,4,40,HPC_flow_mod,5,0,0,-0.00203975848857992,0,0,0,0,2,2,0.221715563896487,0
test_id,DS01-005_id,4,40,LPT_eff_mod,6,0,0,-0.0162748815449239,0,1,0,1,2,2,0.221715563896487,0
test_id,DS01-005_id,4,40,LPT_flow_mod,7,0,0,-0.0414537636454737,0,1,0,2,2,2,0.221715563896487,0
test_id,DS01-005_id,4,40,LPC_eff_mod,8,0,0,-0,0,0,0,0,2,2,0.221715563896487,0
test_id,DS01-005_id,4,40,LPC_flow_mod,9,0,0,-0.000912217678126756,0,0,0,0,2,2,0.221715563896487,0
test_id,DS01-005_id,4,41,HPT_eff_mod,1,0,-0.0410612885077297,-0.00419148863976806,1,1,2,1,2,2,0.10836186786045,0
test_id,DS01-005_id,4,41,fan_eff_mod,2,0,0,-3.69860996560176e-05,0,0,0,0,2,2,0.10836186786045,0
test_id,DS01-005_id,4,41,fan_flow_mod,3,0,0,-0.0012938299084172,0,0,0,0,2,2,0.10836186786045,0
test_id,DS01-005_id,4,41,HPC_eff_mod,4,0,0,-0.00205550328617913,0,0,0,0,2,2,0.10836186786045,0
test_id,DS01-005_id,4,41,HPC_flow_mod,5,0,0,-0.00203975848857992,0,0,0,0,2,2,0.10836186786045,0
test_id,DS01-005_id,4,41,LPT_eff_mod,6,0,0,-0.0193060743395015,0,1,0,1,2,2,0.10836186786045,0
test_id,DS01-005_id,4,41,LPT_flow_mod,7,0,0,-0.0414537636454737,0,1,0,2,2,2,0.10836186786045,0
test_id,DS01-005_id,4,41,LPC_eff_mod,8,0,0,-0,0,0,0,0,2,2,0.10836186786045,0
test_id,DS01-005_id,4,41,LPC_flow_mod,9,0,0,-0.000912217678126756,0,0,0,0,2,2,0.10836186786045,0
test_id,DS01-005_id,4,42,HPT_eff_mod,1,0,-0.0539856306516863,-0.008209541722895,1,1,2,1,2,2,0.0613264048458831,0
test_id,DS01-005_id,4,42,fan_eff_mod,2,0,0,-3.69860996560176e-05,0,0,0,0,2,2,0.0613264048458831,0
test_id,DS01-005_id,4,42,fan_flow_mod,3,0,0,-0.0012938299084172,0,0,0,0,2,2,0.0613264048458831,0
test_id,DS01-005_id,4,42,HPC_eff_mod,4,0,0,-0.00205550328617913,0,0,0,0,2,2,0.0613264048458831,0
test_id,DS01-005_id,4,42,HPC_flow_mod,5,0,0,-0.00203975848857992,0,0,0,0,2,2,0.0613264048458831,0
test_id,DS01-005_id,4,42,LPT_eff_mod,6,0,0,-0.0246728092402696,0,1,0,2,2,2,0.0613264048458831,0
test_id,DS01-005_id,4,42,LPT_flow_mod,7,0,0,-0.0414537636454737,0,1,0,2,2,2,0.0613264048458831,0
test_id,DS01-005_id,4,42,LPC_eff_mod,8,0,0,-0,0,0,0,0,2,2,0.0613264048458831,0
test_id,DS01-005_id,4,42,LPC_flow_mod,9,0,0,-0.000912217678126756,0,0,0,0,2,2,0.0613264048458831,0
test_id,DS01-005_id,4,43,HPT_eff_mod,1,0,-0.046010064459791,-0.008209541722895,1,1,2,1,2,2,0.14500736502177,0
test_id,DS01-005_id,4,43,fan_eff_mod,2,0,0,-3.69860996560176e-05,0,0,0,0,2,2,0.14500736502177,0
test_id,DS01-005_id,4,43,fan_flow_mod,3,0,0,-0.0012938299084172,0,0,0,0,2,2,0.14500736502177,0
test_id,DS01-005_id,4,43,HPC_eff_mod,4,0,0,-0.00205550328617913,0,0,0,0,2,2,0.14500736502177,0
test_id,DS01-005_id,4,43,HPC_flow_mod,5,0,0,-0.00203975848857992,0,0,0,0,2,2,0.14500736502177,0
test_id,DS01-005_id,4,43,LPT_eff_mod,6,0,0,-0.0262315419821785,0,1,0,2,2,2,0.14500736502177,0
test_id,DS01-005_id,4,43,LPT_flow_mod,7,0,0,-0.0414537636454737,0,1,0,2,2,2,0.14500736502177,0
test_id,DS01-005_id,4,43,LPC_eff_mod,8,0,0,-0,0,0,0,0,2,2,0.14500736502177,0
test_id,DS01-005_id,4,43,LPC_flow_mod,9,0,0,-0.000912217678126756,0,0,0,0,2,2,0.14500736502177,0
test_id,DS01-005_id,4,44,HPT_eff_mod,1,0,-0.055646235139978,-0.008209541722895,1,1,2,1,2,2,0.0787311383944562,0
test_id,DS01-005_id,4,44,fan_eff_mod,2,0,0,-3.69860996560176e-05,0,0,0,0,2,2,0.0787311383944562,0
test_id,DS01-005_id,4,44,fan_flow_mod,3,0,0,-0.0012938299084172,0,0,0,0,2,2,0.0787311383944562,0
test_id,DS01-005_id,4,44,HPC_eff_mod,4,0,0,-0.00205550328617913,0,0,0,0,2,2,0.0787311383944562,0
test_id,DS01-005_id,4,44,HPC_flow_mod,5,0,0,-0.00203975848857992,0,0,0,0,2,2,0.0787311383944562,0
test_id,DS01-005_id,4,44,LPT_eff_mod,6,0,0,-0.0262315419821785,0,1,0,2,2,2,0.0787311383944562,0
test_id,DS01-005_id,4,44,LPT_flow_mod,7,0,0,-0.0452495860822066,0,1,0,2,2,2,0.0787311383944562,0
test_id,DS01-005_id,4,44,LPC_eff_mod,8,0,0,-0,0,0,0,0,2,2,0.0787311383944562,0
test_id,DS01-005_id,4,44,LPC_flow_mod,9,0,0,-0.000912217678126756,0,0,0,0,2,2,0.0787311383944562,0
test_id,DS01-005_id,4,45,HPT_eff_mod,1,0,-0.0505265154685997,-0.008209541722895,1,1,2,1,2,2,0.127271668605728,0
test_id,DS01-005_id,4,45,fan_eff_mod,2,0,0,-3.69860996560176e-05,0,0,0,0,2,2,0.127271668605728,0
test_id,DS01-005_id,4,45,fan_flow_mod,3,0,0,-0.0012938299084172,0,0,0,0,2,2,0.127271668605728,0
test_id,DS01-005_id,4,45,HPC_eff_mod,4,0,0,-0.00205550328617913,0,0,0,0,2,2,0.127271668605728,0
test_id,DS01-005_id,4,45,HPC_flow_mod,5,0,0,-0.00203975848857992,0,0,0,0,2,2,0.127271668605728,0
test_id,DS01-005_id,4,45,LPT_eff_mod,6,0,0,-0.0262315419821785,0,1,0,2,2,2,0.127271668605728,0
test_id,DS01-005_id,4,45,LPT_flow_mod,7,0,0,-0.0452495860822066,0,1,0,2,2,2,0.127271668605728,0
test_id,DS01-005_id,4,45,LPC_eff_mod,8,0,0,-0,0,0,0,0,2,2,0.127271668605728,0
test_id,DS01-005_id,4,45,LPC_flow_mod,9,0,0,-0.000912217678126756,0,0,0,0,2,2,0.127271668605728,0
test_id,DS01-005_id,4,46,HPT_eff_mod,1,0,-0.0567733751317404,-0.008209541722895,1,1,2,1,2,2,0.0664144228747489,0
test_id,DS01-005_id,4,46,fan_eff_mod,2,0,0,-3.69860996560176e-05,0,0,0,0,2,2,0.0664144228747489,0
test_id,DS01-005_id,4,46,fan_flow_mod,3,0,0,-0.0012938299084172,0,0,0,0,2,2,0.0664144228747489,0
test_id,DS01-005_id,4,46,HPC_eff_mod,4,0,0,-0.00205550328617913,0,0,0,0,2,2,0.0664144228747489,0
test_id,DS01-005_id,4,46,HPC_flow_mod,5,0,0,-0.00203975848857992,0,0,0,0,2,2,0.0664144228747489,0
test_id,DS01-005_id,4,46,LPT_eff_mod,6,0,0,-0.0262315419821785,0,1,0,2,2,2,0.0664144228747489,0
test_id,DS01-005_id,4,46,LPT_flow_mod,7,0,0,-0.0479343204248404,0,1,0,2,2,2,0.0664144228747489,0
test_id,DS01-005_id,4,46,LPC_eff_mod,8,0,0,-0,0,0,0,0,2,2,0.0664144228747489,0
test_id,DS01-005_id,4,46,LPC_flow_mod,9,0,0,-0.000912217678126756,0,0,0,0,2,2,0.0664144228747489,0
test_id,DS01-005_id,4,47,HPT_eff_mod,1,0,-0.0598746655747096,-0.008209541722895,1,1,2,1,2,2,0.0760269115703303,0
test_id,DS01-005_id,4,47,fan_eff_mod,2,0,0,-3.69860996560176e-05,0,0,0,0,2,2,0.0760269115703303,0
test_id,DS01-005_id,4,47,fan_flow_mod,3,0,0,-0.0012938299084172,0,0,0,0,2,2,0.0760269115703303,0
test_id,DS01-005_id,4,47,HPC_eff_mod,4,0,0,-0.00205550328617913,0,0,0,0,2,2,0.0760269115703303,0
test_id,DS01-005_id,4,47,HPC_flow_mod,5,0,0,-0.00203975848857992,0,0,0,0,2,2,0.0760269115703303,0
test_id,DS01-005_id,4,47,LPT_eff_mod,6,0,0,-0.0262315419821785,0,1,0,2,2,2,0.0760269115703303,0
test_id,DS01-005_id,4,47,LPT_flow_mod,7,0,0,-0.0541501432611082,0,1,0,2,2,2,0.0760269115703303,0
test_id,DS01-005_id,4,47,LPC_eff_mod,8,0,0,-0,0,0,0,0,2,2,0.0760269115703303,0
test_id,DS01-005_id,4,47,LPC_flow_mod,9,0,0,-0.000912217678126756,0,0,0,0,2,2,0.0760269115703303,0
test_id,DS01-005_id,4,48,HPT_eff_mod,1,0,-0.0678503924657011,-0.008209541722895,1,1,2,1,2,2,0.146034855159341,0
test_id,DS01-005_id,4,48,fan_eff_mod,2,0,0,-3.69860996560176e-05,0,0,0,0,2,2,0.146034855159341,0
test_id,DS01-005_id,4,48,fan_flow_mod,3,0,0,-0.0012938299084172,0,0,0,0,2,2,0.146034855159341,0
test_id,DS01-005_id,4,48,HPC_eff_mod,4,0,0,-0.00205550328617913,0,0,0,0,2,2,0.146034855159341,0
test_id,DS01-005_id,4,48,HPC_flow_mod,5,0,0,-0.00203975848857992,0,0,0,0,2,2,0.146034855159341,0
test_id,DS01-005_id,4,48,LPT_eff_mod,6,0,0,-0.0262315419821785,0,1,0,2,2,2,0.146034855159341,0
test_id,DS01-005_id,4,48,LPT_flow_mod,7,0,0,-0.059338024409739,0,1,0,2,2,2,0.146034855159341,0
test_id,DS01-005_id,4,48,LPC_eff_mod,8,0,0,-0,0,0,0,0,2,2,0.146034855159341,0
test_id,DS01-005_id,4,48,LPC_flow_mod,9,0,0,-0.000912217678126756,0,0,0,0,2,2,0.146034855159341,0
test_id,DS01-005_id,4,49,HPT_eff_mod,1,0,-0.0667192166978572,-0.008209541722895,1,1,2,1,2,2,0.232074507519592,0
test_id,DS01-005_id,4,49,fan_eff_mod,2,0,0,-3.69860996560176e-05,0,0,0,0,2,2,0.232074507519592,0
test_id,DS01-005_id,4,49,fan_flow_mod,3,0,0,-0.0012938299084172,0,0,0,0,2,2,0.232074507519592,0
test_id,DS01-005_id,4,49,HPC_eff_mod,4,0,0,-0.00205550328617913,0,0,0,0,2,2,0.232074507519592,0
test_id,DS01-005_id,4,49,HPC_flow_mod,5,0,0,-0.00203975848857992,0,0,0,0,2,2,0.232074507519592,0
test_id,DS01-005_id,4,49,LPT_eff_mod,6,0,0,-0.0262315419821785,0,1,0,2,2,2,0.232074507519592,0
test_id,DS01-005_id,4,49,LPT_flow_mod,7,0,0,-0.0630823137407411,0,1,0,2,2,2,0.232074507519592,0
test_id,DS01-005_id,4,49,LPC_eff_mod,8,0,0,-0,0,0,0,0,2,2,0.232074507519592,0
test_id,DS01-005_id,4,49,LPC_flow_mod,9,0,0,-0.000912217678126756,0,0,0,0,2,2,0.232074507519592,0
test_id,DS01-005_id,4,50,HPT_eff_mod,1,0,-0.0649653317069809,-0.008209541722895,1,1,2,1,2,2,0.105450185360934,0
test_id,DS01-005_id,4,50,fan_eff_mod,2,0,0,-8.86898105816421e-05,0,0,0,0,2,2,0.105450185360934,0
test_id,DS01-005_id,4,50,fan_flow_mod,3,0,0,-0.0012938299084172,0,0,0,0,2,2,0.105450185360934,0
test_id,DS01-005_id,4,50,HPC_eff_mod,4,0,0,-0.00205550328617913,0,0,0,0,2,2,0.105450185360934,0
test_id,DS01-005_id,4,50,HPC_flow_mod,5,0,0,-0.00274474862851627,0,0,0,0,2,2,0.105450185360934,0
test_id,DS01-005_id,4,50,LPT_eff_mod,6,0,0,-0.0303247951087257,0,1,0,2,2,2,0.105450185360934,0
test_id,DS01-005_id,4,50,LPT_flow_mod,7,0,0,-0.0630823137407411,0,1,0,2,2,2,0.105450185360934,0
test_id,DS01-005_id,4,50,LPC_eff_mod,8,0,0,-7.92497233940784e-05,0,0,0,0,2,2,0.105450185360934,0
test_id,DS01-005_id,4,50,LPC_flow_mod,9,0,0,-0.000912217678126756,0,0,0,0,2,2,0.105450185360934,0
test_id,DS01-005_id,4,51,HPT_eff_mod,1,0,-0.0766790884763038,-0.0112777005385191,1,1,2,1,2,2,0.152411755208758,0
test_id,DS01-005_id,4,51,fan_eff_mod,2,0,0,-8.86898105816421e-05,0,0,0,0,2,2,0.152411755208758,0
test_id,DS01-005_id,4,51,fan_flow_mod,3,0,0,-0.0012938299084172,0,0,0,0,2,2,0.152411755208758,0
test_id,DS01-005_id,4,51,HPC_eff_mod,4,0,0,-0.00205550328617913,0,0,0,0,2,2,0.152411755208758,0
test_id,DS01-005_id,4,51,HPC_flow_mod,5,0,0,-0.00274474862851627,0,0,0,0,2,2,0.152411755208758,0
test_id,DS01-005_id,4,51,LPT_eff_mod,6,0,0,-0.0305931466949349,0,1,0,2,2,2,0.152411755208758,0
test_id,DS01-005_id,4,51,LPT_flow_mod,7,0,0,-0.0630823137407411,0,1,0,2,2,2,0.152411755208758,0
test_id,DS01-005_id,4,51,LPC_eff_mod,8,0,0,-7.92497233940784e-05,0,0,0,0,2,2,0.152411755208758,0
test_id,DS01-005_id,4,51,LPC_flow_mod,9,0,0,-0.000912217678126756,0,0,0,0,2,2,0.152411755208758,0
test_id,DS01-005_id,4,52,HPT_eff_mod,1,0,-0.0630901454954735,-0.0112777005385191,1,1,2,1,2,2,0.118955877001916,0
test_id,DS01-005_id,4,52,fan_eff_mod,2,0,0,-8.86898105816421e-05,0,0,0,0,2,2,0.118955877001916,0
test_id,DS01-005_id,4,52,fan_flow_mod,3,0,0,-0.0012938299084172,0,0,0,0,2,2,0.118955877001916,0
test_id,DS01-005_id,4,52,HPC_eff_mod,4,0,0,-0.00205550328617913,0,0,0,0,2,2,0.118955877001916,0
test_id,DS01-005_id,4,52,HPC_flow_mod,5,0,0,-0.00274474862851627,0,0,0,0,2,2,0.118955877001916,0
test_id,DS01-005_id,4,52,LPT_eff_mod,6,0,0,-0.0305931466949349,0,1,0,2,2,2,0.118955877001916,0
test_id,DS01-005_id,4,52,LPT_flow_mod,7,0,0,-0.0630823137407411,0,1,0,2,2,2,0.118955877001916,0
test_id,DS01-005_id,4,52,LPC_eff_mod,8,0,0,-7.92497233940784e-05,0,0,0,0,2,2,0.118955877001916,0
test_id,DS01-005_id,4,52,LPC_flow_mod,9,0,0,-0.000912217678126756,0,0,0,0,2,2,0.118955877001916,0
test_id,DS01-005_id,4,53,HPT_eff_mod,1,0,-0.08244927186163,-0.0190942583993253,1,1,2,1,2,2,0.130470918471913,0
test_id,DS01-005_id,4,53,fan_eff_mod,2,0,0,-8.86898105816421e-05,0,0,0,0,2,2,0.130470918471913,0
test_id,DS01-005_id,4,53,fan_flow_mod,3,0,0,-0.0012938299084172,0,0,0,0,2,2,0.130470918471913,0
test_id,DS01-005_id,4,53,HPC_eff_mod,4,0,0,-0.00205550328617913,0,0,0,0,2,2,0.130470918471913,0
test_id,DS01-005_id,4,53,HPC_flow_mod,5,0,0,-0.00274474862851627,0,0,0,0,2,2,0.130470918471913,0
test_id,DS01-005_id,4,53,LPT_eff_mod,6,0,0,-0.0336496121058827,0,1,0,2,2,2,0.130470918471913,0
test_id,DS01-005_id,4,53,LPT_flow_mod,7,0,0,-0.0630823137407411,0,1,0,2,2,2,0.130470918471913,0
test_id,DS01-005_id,4,53,LPC_eff_mod,8,0,0,-7.92497233940784e-05,0,0,0,0,2,2,0.130470918471913,0
test_id,DS01-005_id,4,53,LPC_flow_mod,9,0,0,-0.000912217678126756,0,0,0,0,2,2,0.130470918471913,0
test_id,DS01-005_id,4,54,HPT_eff_mod,1,0,-0.0889465588006481,-0.0190942583993253,1,1,2,1,2,2,0.129308054560079,0
test_id,DS01-005_id,4,54,fan_eff_mod,2,0,0,-8.86898105816421e-05,0,0,0,0,2,2,0.129308054560079,0
test_id,DS01-005_id,4,54,fan_flow_mod,3,0,0,-0.0012938299084172,0,0,0,0,2,2,0.129308054560079,0
test_id,DS01-005_id,4,54,HPC_eff_mod,4,0,0,-0.00205550328617913,0,0,0,0,2,2,0.129308054560079,0
test_id,DS01-005_id,4,54,HPC_flow_mod,5,0,0,-0.00274474862851627,0,0,0,0,2,2,0.129308054560079,0
test_id,DS01-005_id,4,54,LPT_eff_mod,6,0,0,-0.0336496121058827,0,1,0,2,2,2,0.129308054560079,0
test_id,DS01-005_id,4,54,LPT_flow_mod,7,0,0,-0.0712459524693264,0,1,0,2,2,2,0.129308054560079,0
test_id,DS01-005_id,4,54,LPC_eff_mod,8,0,0,-7.92497233940784e-05,0,0,0,0,2,2,0.129308054560079,0
test_id,DS01-005_id,4,54,LPC_flow_mod,9,0,0,-0.000912217678126756,0,0,0,0,2,2,0.129308054560079,0
test_id,DS01-005_id,4,55,HPT_eff_mod,1,0,-0.103273307800161,-0.0280970226211227,1,1,2,2,2,2,0.155267516137981,0
test_id,DS01-005_id,4,55,fan_eff_mod,2,0,0,-8.86898105816421e-05,0,0,0,0,2,2,0.155267516137981,0
test_id,DS01-005_id,4,55,fan_flow_mod,3,0,0,-0.0012938299084172,0,0,0,0,2,2,0.155267516137981,0
test_id,DS01-005_id,4,55,HPC_eff_mod,4,0,0,-0.00560605104415717,0,0,0,0,2,2,0.155267516137981,0
test_id,DS01-005_id,4,55,HPC_flow_mod,5,0,0,-0.00274474862851627,0,0,0,0,2,2,0.155267516137981,0
test_id,DS01-005_id,4,55,LPT_eff_mod,6,0,0,-0.0371464373348724,0,1,0,2,2,2,0.155267516137981,0
test_id,DS01-005_id,4,55,LPT_flow_mod,7,0,0,-0.0712459524693264,0,1,0,2,2,2,0.155267516137981,0
test_id,DS01-005_id,4,55,LPC_eff_mod,8,0,0,-7.92497233940784e-05,0,0,0,0,2,2,0.155267516137981,0
test_id,DS01-005_id,4,55,LPC_flow_mod,9,0,0,-0.000912217678126756,0,0,0,0,2,2,0.155267516137981,0
test_id,DS01-005_id,4,56,HPT_eff_mod,1,0,-0.0958359343246475,-0.0280970226211227,1,1,2,2,2,2,0.193414550386278,0
test_id,DS01-005_id,4,56,fan_eff_mod,2,0,0,-8.86898105816421e-05,0,0,0,0,2,2,0.193414550386278,0
test_id,DS01-005_id,4,56,fan_flow_mod,3,0,0,-0.0012938299084172,0,0,0,0,2,2,0.193414550386278,0
test_id,DS01-005_id,4,56,HPC_eff_mod,4,0,0,-0.00560605104415717,0,0,0,0,2,2,0.193414550386278,0
test_id,DS01-005_id,4,56,HPC_flow_mod,5,0,0,-0.00274474862851627,0,0,0,0,2,2,0.193414550386278,0
test_id,DS01-005_id,4,56,LPT_eff_mod,6,0,0,-0.0371464373348724,0,1,0,2,2,2,0.193414550386278,0
test_id,DS01-005_id,4,56,LPT_flow_mod,7,0,0,-0.0712459524693264,0,1,0,2,2,2,0.193414550386278,0
test_id,DS01-005_id,4,56,LPC_eff_mod,8,0,0,-7.92497233940784e-05,0,0,0,0,2,2,0.193414550386278,0
test_id,DS01-005_id,4,56,LPC_flow_mod,9,0,0,-0.000912217678126756,0,0,0,0,2,2,0.193414550386278,0
test_id,DS01-005_id,4,57,HPT_eff_mod,1,0,-0.109736965448587,-0.0280970226211227,1,1,2,2,2,2,0.160119702490205,0
test_id,DS01-005_id,4,57,fan_eff_mod,2,0,0,-8.86898105816421e-05,0,0,0,0,2,2,0.160119702490205,0
test_id,DS01-005_id,4,57,fan_flow_mod,3,0,0,-0.0012938299084172,0,0,0,0,2,2,0.160119702490205,0
test_id,DS01-005_id,4,57,HPC_eff_mod,4,0,0,-0.00560605104415717,0,0,0,0,2,2,0.160119702490205,0
test_id,DS01-005_id,4,57,HPC_flow_mod,5,0,0,-0.00274474862851627,0,0,0,0,2,2,0.160119702490205,0
test_id,DS01-005_id,4,57,LPT_eff_mod,6,0,0,-0.0371464373348724,0,1,0,2,2,2,0.160119702490205,0
test_id,DS01-005_id,4,57,LPT_flow_mod,7,0,0,-0.0798390957387049,0,1,0,2,2,2,0.160119702490205,0
test_id,DS01-005_id,4,57,LPC_eff_mod,8,0,0,-7.92497233940784e-05,0,0,0,0,2,2,0.160119702490205,0
test_id,DS01-005_id,4,57,LPC_flow_mod,9,0,0,-0.000912217678126756,0,0,0,0,2,2,0.160119702490205,0
test_id,DS01-005_id,4,58,HPT_eff_mod,1,0,-0.112776598691684,-0.0280970226211227,1,1,2,2,2,2,0.150008123496069,0
test_id,DS01-005_id,4,58,fan_eff_mod,2,0,0,-8.86898105816421e-05,0,0,0,0,2,2,0.150008123496069,0
test_id,DS01-005_id,4,58,fan_flow_mod,3,0,0,-0.0012938299084172,0,0,0,0,2,2,0.150008123496069,0
test_id,DS01-005_id,4,58,HPC_eff_mod,4,0,0,-0.00560605104415717,0,0,0,0,2,2,0.150008123496069,0
test_id,DS01-005_id,4,58,HPC_flow_mod,5,0,0,-0.00274474862851627,0,0,0,0,2,2,0.150008123496069,0
test_id,DS01-005_id,4,58,LPT_eff_mod,6,0,0,-0.0371464373348724,0,1,0,2,2,2,0.150008123496069,0
test_id,DS01-005_id,4,58,LPT_flow_mod,7,0,0,-0.0823571154115564,0,1,0,2,2,2,0.150008123496069,0
test_id,DS01-005_id,4,58,LPC_eff_mod,8,0,0,-7.92497233940784e-05,0,0,0,0,2,2,0.150008123496069,0
test_id,DS01-005_id,4,58,LPC_flow_mod,9,0,0,-0.000912217678126756,0,0,0,0,2,2,0.150008123496069,0
test_id,DS01-005_id,4,59,HPT_eff_mod,1,0,-0.117403179381938,-0.0280970226211227,1,1,2,2,2,2,0.139373790051101,0
test_id,DS01-005_id,4,59,fan_eff_mod,2,0,0,-8.86898105816421e-05,0,0,0,0,2,2,0.139373790051101,0
test_id,DS01-005_id,4,59,fan_flow_mod,3,0,0,-0.0012938299084172,0,0,0,0,2,2,0.139373790051101,0
test_id,DS01-005_id,4,59,HPC_eff_mod,4,0,0,-0.00560605104415717,0,0,0,0,2,2,0.139373790051101,0
test_id,DS01-005_id,4,59,HPC_flow_mod,5,0,0,-0.00274474862851627,0,0,0,0,2,2,0.139373790051101,0
test_id,DS01-005_id,4,59,LPT_eff_mod,6,0,0,-0.0371464373348724,0,1,0,2,2,2,0.139373790051101,0
test_id,DS01-005_id,4,59,LPT_flow_mod,7,0,0,-0.0890739113366896,0,1,0,2,2,2,0.139373790051101,0
test_id,DS01-005_id,4,59,LPC_eff_mod,8,0,0,-7.92497233940784e-05,0,0,0,0,2,2,0.139373790051101,0
test_id,DS01-005_id,4,59,LPC_flow_mod,9,0,0,-0.000912217678126756,0,0,0,0,2,2,0.139373790051101,0
test_id,DS01-005_id,4,60,HPT_eff_mod,1,0,-0.125495644762571,-0.033736626938529,1,1,2,2,2,2,0.121472748142291,0
test_id,DS01-005_id,4,60,fan_eff_mod,2,0,0,-8.86898105816421e-05,0,0,0,0,2,2,0.121472748142291,0
test_id,DS01-005_id,4,60,fan_flow_mod,3,0,0,-0.0012938299084172,0,0,0,0,2,2,0.121472748142291,0
test_id,DS01-005_id,4,60,HPC_eff_mod,4,0,0,-0.00560605104415717,0,0,0,0,2,2,0.121472748142291,0
test_id,DS01-005_id,4,60,HPC_flow_mod,5,0,0,-0.00274474862851627,0,0,0,0,2,2,0.121472748142291,0
test_id,DS01-005_id,4,60,LPT_eff_mod,6,0,0,-0.0459369157052698,0,1,0,2,2,2,0.121472748142291,0
test_id,DS01-005_id,4,60,LPT_flow_mod,7,0,0,-0.0890739113366896,0,1,0,2,2,2,0.121472748142291,0
test_id,DS01-005_id,4,60,LPC_eff_mod,8,0,0,-7.92497233940784e-05,0,0,0,0,2,2,0.121472748142291,0
test_id,DS01-005_id,4,60,LPC_flow_mod,9,0,0,-0.000912217678126756,0,0,0,0,2,2,0.121472748142291,0
test_id,DS01-005_id,4,61,HPT_eff_mod,1,0,-0.126155698609152,-0.033736626938529,1,1,2,2,2,2,0.0729824586603321,0
test_id,DS01-005_id,4,61,fan_eff_mod,2,0,0,-8.86898105816421e-05,0,0,0,0,2,2,0.0729824586603321,0
test_id,DS01-005_id,4,61,fan_flow_mod,3,0,0,-0.0012938299084172,0,0,0,0,2,2,0.0729824586603321,0
test_id,DS01-005_id,4,61,HPC_eff_mod,4,0,0,-0.00560605104415717,0,0,0,0,2,2,0.0729824586603321,0
test_id,DS01-005_id,4,61,HPC_flow_mod,5,0,0,-0.00274474862851627,0,0,0,0,2,2,0.0729824586603321,0
test_id,DS01-005_id,4,61,LPT_eff_mod,6,0,0,-0.0459369157052698,0,1,0,2,2,2,0.0729824586603321,0
test_id,DS01-005_id,4,61,LPT_flow_mod,7,0,0,-0.0890739113366896,0,1,0,2,2,2,0.0729824586603321,0
test_id,DS01-005_id,4,61,LPC_eff_mod,8,0,0,-7.92497233940784e-05,0,0,0,0,2,2,0.0729824586603321,0
test_id,DS01-005_id,4,61,LPC_flow_mod,9,0,0,-0.000912217678126756,0,0,0,0,2,2,0.0729824586603321,0
test_id,DS01-005_id,4,62,HPT_eff_mod,1,0,-0.141370790352956,-0.033736626938529,1,1,3,2,3,2,0.130581032915465,0
test_id,DS01-005_id,4,62,fan_eff_mod,2,0,0,-8.86898105816421e-05,0,0,0,0,3,2,0.130581032915465,0
test_id,DS01-005_id,4,62,fan_flow_mod,3,0,0,-0.0012938299084172,0,0,0,0,3,2,0.130581032915465,0
test_id,DS01-005_id,4,62,HPC_eff_mod,4,0,0,-0.0056498623008025,0,0,0,0,3,2,0.130581032915465,0
test_id,DS01-005_id,4,62,HPC_flow_mod,5,0,0,-0.00274474862851627,0,0,0,0,3,2,0.130581032915465,0
test_id,DS01-005_id,4,62,LPT_eff_mod,6,0,0,-0.0459369157052698,0,1,0,2,3,2,0.130581032915465,0
test_id,DS01-005_id,4,62,LPT_flow_mod,7,0,0,-0.107517702111541,0,1,0,2,3,2,0.130581032915465,0
test_id,DS01-005_id,4,62,LPC_eff_mod,8,0,0,-7.92497233940784e-05,0,0,0,0,3,2,0.130581032915465,0
test_id,DS01-005_id,4,62,LPC_flow_mod,9,0,0,-0.000912217678126756,0,0,0,0,3,2,0.130581032915465,0
test_id,DS01-005_id,4,63,HPT_eff_mod,1,0,-0.150485617178551,-0.0481654614972314,1,1,3,2,3,2,0.0848993959946392,0
test_id,DS01-005_id,4,63,fan_eff_mod,2,0,0,-8.86898105816421e-05,0,0,0,0,3,2,0.0848993959946392,0
test_id,DS01-005_id,4,63,fan_flow_mod,3,0,0,-0.0012938299084172,0,0,0,0,3,2,0.0848993959946392,0
test_id,DS01-005_id,4,63,HPC_eff_mod,4,0,0,-0.00570967044309685,0,0,0,0,3,2,0.0848993959946392,0
test_id,DS01-005_id,4,63,HPC_flow_mod,5,0,0,-0.00274474862851627,0,0,0,0,3,2,0.0848993959946392,0
test_id,DS01-005_id,4,63,LPT_eff_mod,6,0,0,-0.0534498823815433,0,1,0,2,3,2,0.0848993959946392,0
test_id,DS01-005_id,4,63,LPT_flow_mod,7,0,0,-0.107517702111541,0,1,0,2,3,2,0.0848993959946392,0
test_id,DS01-005_id,4,63,LPC_eff_mod,8,0,0,-7.92497233940784e-05,0,0,0,0,3,2,0.0848993959946392,0
test_id,DS01-005_id,4,63,LPC_flow_mod,9,0,0,-0.000912217678126756,0,0,0,0,3,2,0.0848993959946392,0
test_id,DS01-005_id,4,64,HPT_eff_mod,1,0,-0.163465249296114,-0.0517832305338228,1,1,3,2,3,2,0.0893557807532781,0
test_id,DS01-005_id,4,64,fan_eff_mod,2,0,0,-8.86898105816421e-05,0,0,0,0,3,2,0.0893557807532781,0
test_id,DS01-005_id,4,64,fan_flow_mod,3,0,0,-0.0012938299084172,0,0,0,0,3,2,0.0893557807532781,0
test_id,DS01-005_id,4,64,HPC_eff_mod,4,0,0,-0.00570967044309685,0,0,0,0,3,2,0.0893557807532781,0
test_id,DS01-005_id,4,64,HPC_flow_mod,5,0,0,-0.00274474862851627,0,0,0,0,3,2,0.0893557807532781,0
test_id,DS01-005_id,4,64,LPT_eff_mod,6,0,0,-0.0534498823815433,0,1,0,2,3,2,0.0893557807532781,0
test_id,DS01-005_id,4,64,LPT_flow_mod,7,0,0,-0.114412635007014,0,1,0,2,3,2,0.0893557807532781,0
test_id,DS01-005_id,4,64,LPC_eff_mod,8,0,0,-7.92497233940784e-05,0,0,0,0,3,2,0.0893557807532781,0
test_id,DS01-005_id,4,64,LPC_flow_mod,9,0,0,-0.000912217678126756,0,0,0,0,3,2,0.0893557807532781,0
test_id,DS01-005_id,4,65,HPT_eff_mod,1,0,-0.177732910442737,-0.0624714312507497,1,1,3,2,3,2,0.127013657985595,0
test_id,DS01-005_id,4,65,fan_eff_mod,2,0,0,-8.86898105816421e-05,0,0,0,0,3,2,0.127013657985595,0
test_id,DS01-005_id,4,65,fan_flow_mod,3,0,0,-0.0012938299084172,0,0,0,0,3,2,0.127013657985595,0
test_id,DS01-005_id,4,65,HPC_eff_mod,4,0,0,-0.00570967044309685,0,0,0,0,3,2,0.127013657985595,0
test_id,DS01-005_id,4,65,HPC_flow_mod,5,0,0,-0.00274474862851627,0,0,0,0,3,2,0.127013657985595,0
test_id,DS01-005_id,4,65,LPT_eff_mod,6,0,0,-0.055045574896876,0,1,0,2,3,2,0.127013657985595,0
test_id,DS01-005_id,4,65,LPT_flow_mod,7,0,0,-0.114412635007014,0,1,0,2,3,2,0.127013657985595,0
test_id,DS01-005_id,4,65,LPC_eff_mod,8,0,0,-7.92497233940784e-05,0,0,0,0,3,2,0.127013657985595,0
test_id,DS01-005_id,4,65,LPC_flow_mod,9,0,0,-0.000912217678126756,0,0,0,0,3,2,0.127013657985595,0
test_id,DS01-005_id,4,66,HPT_eff_mod,1,0,-0.184430282292696,-0.0624714312507497,1,1,3,2,3,2,0.0967102515377232,0
test_id,DS01-005_id,4,66,fan_eff_mod,2,0,0,-8.86898105816421e-05,0,0,0,0,3,2,0.0967102515377232,0
test_id,DS01-005_id,4,66,fan_flow_mod,3,0,0,-0.0012938299084172,0,0,0,0,3,2,0.0967102515377232,0
test_id,DS01-005_id,4,66,HPC_eff_mod,4,0,0,-0.00570967044309685,0,0,0,0,3,2,0.0967102515377232,0
test_id,DS01-005_id,4,66,HPC_flow_mod,5,0,0,-0.00274474862851627,0,0,0,0,3,2,0.0967102515377232,0
test_id,DS01-005_id,4,66,LPT_eff_mod,6,0,0,-0.055045574896876,0,1,0,2,3,2,0.0967102515377232,0
test_id,DS01-005_id,4,66,LPT_flow_mod,7,0,0,-0.12997601235146,0,1,0,2,3,2,0.0967102515377232,0
test_id,DS01-005_id,4,66,LPC_eff_mod,8,0,0,-7.92497233940784e-05,0,0,0,0,3,2,0.0967102515377232,0
test_id,DS01-005_id,4,66,LPC_flow_mod,9,0,0,-0.000912217678126756,0,0,0,0,3,2,0.0967102515377232,0
test_id,DS01-005_id,4,67,HPT_eff_mod,1,0,-0.195659335477513,-0.0673243471445021,1,1,3,2,3,2,0.143231199344827,0
test_id,DS01-005_id,4,67,fan_eff_mod,2,0,0,-8.86898105816421e-05,0,0,0,0,3,2,0.143231199344827,0
test_id,DS01-005_id,4,67,fan_flow_mod,3,0,0,-0.0012938299084172,0,0,0,0,3,2,0.143231199344827,0
test_id,DS01-005_id,4,67,HPC_eff_mod,4,0,0,-0.00570967044309685,0,0,0,0,3,2,0.143231199344827,0
test_id,DS01-005_id,4,67,HPC_flow_mod,5,0,0,-0.00274474862851627,0,0,0,0,3,2,0.143231199344827,0
test_id,DS01-005_id,4,67,LPT_eff_mod,6,0,0,-0.0553867841999444,0,1,0,2,3,2,0.143231199344827,0
test_id,DS01-005_id,4,67,LPT_flow_mod,7,0,0,-0.12997601235146,0,1,0,2,3,2,0.143231199344827,0
test_id,DS01-005_id,4,67,LPC_eff_mod,8,0,0,-7.92497233940784e-05,0,0,0,0,3,2,0.143231199344827,0
test_id,DS01-005_id,4,67,LPC_flow_mod,9,0,0,-0.000912217678126756,0,0,0,0,3,2,0.143231199344827,0
test_id,DS01-005_id,4,68,HPT_eff_mod,1,0,-0.192898137076363,-0.0685046827030959,1,1,3,2,3,2,0.0790804262390881,0
test_id,DS01-005_id,4,68,fan_eff_mod,2,0,0,-8.86898105816421e-05,0,0,0,0,3,2,0.0790804262390881,0
test_id,DS01-005_id,4,68,fan_flow_mod,3,0,0,-0.0012938299084172,0,0,0,0,3,2,0.0790804262390881,0
test_id,DS01-005_id,4,68,HPC_eff_mod,4,0,0,-0.00570967044309685,0,0,0,0,3,2,0.0790804262390881,0
test_id,DS01-005_id,4,68,HPC_flow_mod,5,0,0,-0.00274474862851627,0,0,0,0,3,2,0.0790804262390881,0
test_id,DS01-005_id,4,68,LPT_eff_mod,6,0,0,-0.0615694148520545,0,1,0,2,3,2,0.0790804262390881,0
test_id,DS01-005_id,4,68,LPT_flow_mod,7,0,0,-0.12997601235146,0,1,0,2,3,2,0.0790804262390881,0
test_id,DS01-005_id,4,68,LPC_eff_mod,8,0,0,-7.92497233940784e-05,0,0,0,0,3,2,0.0790804262390881,0
test_id,DS01-005_id,4,68,LPC_flow_mod,9,0,0,-0.000912217678126756,0,0,0,0,3,2,0.0790804262390881,0
test_id,DS01-005_id,4,69,HPT_eff_mod,1,0,-0.207904860442512,-0.0709109410497612,1,1,3,2,3,3,0.1239670854797,0
test_id,DS01-005_id,4,69,fan_eff_mod,2,0,0,-8.86898105816421e-05,0,0,0,0,3,3,0.1239670854797,0
test_id,DS01-005_id,4,69,fan_flow_mod,3,0,0,-0.0012938299084172,0,0,0,0,3,3,0.1239670854797,0
test_id,DS01-005_id,4,69,HPC_eff_mod,4,0,0,-0.00570967044309685,0,0,0,0,3,3,0.1239670854797,0
test_id,DS01-005_id,4,69,HPC_flow_mod,5,0,0,-0.00274474862851627,0,0,0,0,3,3,0.1239670854797,0
test_id,DS01-005_id,4,69,LPT_eff_mod,6,0,0,-0.0718453981226024,0,1,0,2,3,3,0.1239670854797,0
test_id,DS01-005_id,4,69,LPT_flow_mod,7,0,0,-0.137980896794522,0,1,0,3,3,3,0.1239670854797,0
test_id,DS01-005_id,4,69,LPC_eff_mod,8,0,0,-7.92497233940784e-05,0,0,0,0,3,3,0.1239670854797,0
test_id,DS01-005_id,4,69,LPC_flow_mod,9,0,0,-0.000912217678126756,0,0,0,0,3,3,0.1239670854797,0
test_id,DS01-005_id,4,70,HPT_eff_mod,1,0,-0.223641887613292,-0.0709109410497612,1,1,3,2,3,3,0.131312288077366,0
test_id,DS01-005_id,4,70,fan_eff_mod,2,0,0,-8.86898105816421e-05,0,0,0,0,3,3,0.131312288077366,0
test_id,DS01-005_id,4,70,fan_flow_mod,3,0,0,-0.00141597994915489,0,0,0,0,3,3,0.131312288077366,0
test_id,DS01-005_id,4,70,HPC_eff_mod,4,0,0,-0.00570967044309685,0,0,0,0,3,3,0.131312288077366,0
test_id,DS01-005_id,4,70,HPC_flow_mod,5,0,0,-0.00274474862851627,0,0,0,0,3,3,0.131312288077366,0
test_id,DS01-005_id,4,70,LPT_eff_mod,6,0,0,-0.0718453981226024,0,1,0,2,3,3,0.131312288077366,0
test_id,DS01-005_id,4,70,LPT_flow_mod,7,0,0,-0.156124628850097,0,1,0,3,3,3,0.131312288077366,0
test_id,DS01-005_id,4,70,LPC_eff_mod,8,0,0,-7.92497233940784e-05,0,0,0,0,3,3,0.131312288077366,0
test_id,DS01-005_id,4,70,LPC_flow_mod,9,0,0,-0.00183988842916139,0,0,0,0,3,3,0.131312288077366,0
test_id,DS01-005_id,4,71,HPT_eff_mod,1,0,-0.244774328359881,-0.0873714962891319,1,1,3,2,3,3,0.100807648859223,0
test_id,DS01-005_id,4,71,fan_eff_mod,2,0,0,-8.86898105816421e-05,0,0,0,0,3,3,0.100807648859223,0
test_id,DS01-005_id,4,71,fan_flow_mod,3,0,0,-0.00141597994915489,0,0,0,0,3,3,0.100807648859223,0
test_id,DS01-005_id,4,71,HPC_eff_mod,4,0,0,-0.00570967044309685,0,0,0,0,3,3,0.100807648859223,0
test_id,DS01-005_id,4,71,HPC_flow_mod,5,0,0,-0.00274474862851627,0,0,0,0,3,3,0.100807648859223,0
test_id,DS01-005_id,4,71,LPT_eff_mod,6,0,0,-0.0718453981226024,0,1,0,2,3,3,0.100807648859223,0
test_id,DS01-005_id,4,71,LPT_flow_mod,7,0,0,-0.164114137217897,0,1,0,3,3,3,0.100807648859223,0
test_id,DS01-005_id,4,71,LPC_eff_mod,8,0,0,-7.92497233940784e-05,0,0,0,0,3,3,0.100807648859223,0
test_id,DS01-005_id,4,71,LPC_flow_mod,9,0,0,-0.00183988842916139,0,0,0,0,3,3,0.100807648859223,0
test_id,DS01-005_id,4,72,HPT_eff_mod,1,0,-0.259240655893938,-0.0873714962891319,1,1,3,2,3,3,0.174725672314336,0
test_id,DS01-005_id,4,72,fan_eff_mod,2,0,0,-8.86898105816421e-05,0,0,0,0,3,3,0.174725672314336,0
test_id,DS01-005_id,4,72,fan_flow_mod,3,0,0,-0.00141597994915489,0,0,0,0,3,3,0.174725672314336,0
test_id,DS01-005_id,4,72,HPC_eff_mod,4,0,0,-0.00570967044309685,0,0,0,0,3,3,0.174725672314336,0
test_id,DS01-005_id,4,72,HPC_flow_mod,5,0,0,-0.00274474862851627,0,0,0,0,3,3,0.174725672314336,0
test_id,DS01-005_id,4,72,LPT_eff_mod,6,0,0,-0.0718453981226024,0,1,0,2,3,3,0.174725672314336,0
test_id,DS01-005_id,4,72,LPT_flow_mod,7,0,0,-0.181255560997215,0,1,0,3,3,3,0.174725672314336,0
test_id,DS01-005_id,4,72,LPC_eff_mod,8,0,0,-7.92497233940784e-05,0,0,0,0,3,3,0.174725672314336,0
test_id,DS01-005_id,4,72,LPC_flow_mod,9,0,0,-0.00183988842916139,0,0,0,0,3,3,0.174725672314336,0
test_id,DS01-005_id,4,73,HPT_eff_mod,1,0,-0.263606097671986,-0.0873714962891319,1,1,3,2,3,3,0.0563390502154245,0
test_id,DS01-005_id,4,73,fan_eff_mod,2,0,0,-8.86898105816421e-05,0,0,0,0,3,3,0.0563390502154245,0
test_id,DS01-005_id,4,73,fan_flow_mod,3,0,0,-0.00141597994915489,0,0,0,0,3,3,0.0563390502154245,0
test_id,DS01-005_id,4,73,HPC_eff_mod,4,0,0,-0.00570967044309685,0,0,0,0,3,3,0.0563390502154245,0
test_id,DS01-005_id,4,73,HPC_flow_mod,5,0,0,-0.00274474862851627,0,0,0,0,3,3,0.0563390502154245,0
test_id,DS01-005_id,4,73,LPT_eff_mod,6,0,0,-0.0828963099256927,0,1,0,2,3,3,0.0563390502154245,0
test_id,DS01-005_id,4,73,LPT_flow_mod,7,0,0,-0.181255560997215,0,1,0,3,3,3,0.0563390502154245,0
test_id,DS01-005_id,4,73,LPC_eff_mod,8,0,0,-7.92497233940784e-05,0,0,0,0,3,3,0.0563390502154245,0
test_id,DS01-005_id,4,73,LPC_flow_mod,9,0,0,-0.00183988842916139,0,0,0,0,3,3,0.0563390502154245,0
test_id,DS01-005_id,4,74,HPT_eff_mod,1,0,-0.284141325891197,-0.0873714962891319,1,1,3,2,3,3,0.0619989778514519,0
test_id,DS01-005_id,4,74,fan_eff_mod,2,0,0,-8.86898105816421e-05,0,0,0,0,3,3,0.0619989778514519,0
test_id,DS01-005_id,4,74,fan_flow_mod,3,0,0,-0.00141597994915489,0,0,0,0,3,3,0.0619989778514519,0
test_id,DS01-005_id,4,74,HPC_eff_mod,4,0,0,-0.00570967044309685,0,0,0,0,3,3,0.0619989778514519,0
test_id,DS01-005_id,4,74,HPC_flow_mod,5,0,0,-0.00274474862851627,0,0,0,0,3,3,0.0619989778514519,0
test_id,DS01-005_id,4,74,LPT_eff_mod,6,0,0,-0.0908892067808937,0,1,0,2,3,3,0.0619989778514519,0
test_id,DS01-005_id,4,74,LPT_flow_mod,7,0,0,-0.200696030717813,0,1,0,3,3,3,0.0619989778514519,0
test_id,DS01-005_id,4,74,LPC_eff_mod,8,0,0,-7.92497233940784e-05,0,0,0,0,3,3,0.0619989778514519,0
test_id,DS01-005_id,4,74,LPC_flow_mod,9,0,0,-0.00183988842916139,0,0,0,0,3,3,0.0619989778514519,0
test_id,DS01-005_id,4,75,HPT_eff_mod,1,0,-0.287025066314272,-0.0873714962891319,1,1,3,2,3,3,0.137103377807878,0
test_id,DS01-005_id,4,75,fan_eff_mod,2,0,0,-8.86898105816421e-05,0,0,0,0,3,3,0.137103377807878,0
test_id,DS01-005_id,4,75,fan_flow_mod,3,0,0,-0.00141597994915489,0,0,0,0,3,3,0.137103377807878,0
test_id,DS01-005_id,4,75,HPC_eff_mod,4,0,0,-0.0058547712480452,0,0,0,0,3,3,0.137103377807878,0
test_id,DS01-005_id,4,75,HPC_flow_mod,5,0,0,-0.00274474862851627,0,0,0,0,3,3,0.137103377807878,0
test_id,DS01-005_id,4,75,LPT_eff_mod,6,0,0,-0.103059267159097,0,1,0,2,3,3,0.137103377807878,0
test_id,DS01-005_id,4,75,LPT_flow_mod,7,0,0,-0.212972902235704,0,1,0,3,3,3,0.137103377807878,0
test_id,DS01-005_id,4,75,LPC_eff_mod,8,0,0,-7.92497233940784e-05,0,0,0,0,3,3,0.137103377807878,0
test_id,DS01-005_id,4,75,LPC_flow_mod,9,0,0,-0.00183988842916139,0,0,0,0,3,3,0.137103377807878,0
test_id,DS01-005_id,4,76,HPT_eff_mod,1,0,-0.319709201899427,-0.0873714962891319,1,1,3,2,3,3,0.0550284802378267,0
test_id,DS01-005_id,4,76,fan_eff_mod,2,0,0,-8.86898105816421e-05,0,0,0,0,3,3,0.0550284802378267,0
test_id,DS01-005_id,4,76,fan_flow_mod,3,0,0,-0.00141597994915489,0,0,0,0,3,3,0.0550284802378267,0
test_id,DS01-005_id,4,76,HPC_eff_mod,4,0,0,-0.0058547712480452,0,0,0,0,3,3,0.0550284802378267,0
test_id,DS01-005_id,4,76,HPC_flow_mod,5,0,0,-0.00274474862851627,0,0,0,0,3,3,0.0550284802378267,0
test_id,DS01-005_id,4,76,LPT_eff_mod,6,0,0,-0.109086320685864,0,1,0,2,3,3,0.0550284802378267,0
test_id,DS01-005_id,4,76,LPT_flow_mod,7,0,0,-0.241863143118296,0,1,0,3,3,3,0.0550284802378267,0
test_id,DS01-005_id,4,76,LPC_eff_mod,8,0,0,-7.92497233940784e-05,0,0,0,0,3,3,0.0550284802378267,0
test_id,DS01-005_id,4,76,LPC_flow_mod,9,0,0,-0.00183988842916139,0,0,0,0,3,3,0.0550284802378267,0
test_id,DS01-005_id,4,77,HPT_eff_mod,1,0,-0.337176416626109,-0.0873714962891319,1,1,3,2,3,3,0.111481565562882,0
test_id,DS01-005_id,4,77,fan_eff_mod,2,0,0,-8.86898105816421e-05,0,0,0,0,3,3,0.111481565562882,0
test_id,DS01-005_id,4,77,fan_flow_mod,3,0,0,-0.00141597994915489,0,0,0,0,3,3,0.111481565562882,0
test_id,DS01-005_id,4,77,HPC_eff_mod,4,0,0,-0.00733677431949498,0,0,0,0,3,3,0.111481565562882,0
test_id,DS01-005_id,4,77,HPC_flow_mod,5,0,0,-0.00274474862851627,0,0,0,0,3,3,0.111481565562882,0
test_id,DS01-005_id,4,77,LPT_eff_mod,6,0,0,-0.122223296014064,0,1,0,2,3,3,0.111481565562882,0
test_id,DS01-005_id,4,77,LPT_flow_mod,7,0,0,-0.26044294110867,0,1,0,3,3,3,0.111481565562882,0
test_id,DS01-005_id,4,77,LPC_eff_mod,8,0,0,-7.92497233940784e-05,0,0,0,0,3,3,0.111481565562882,0
test_id,DS01-005_id,4,77,LPC_flow_mod,9,0,0,-0.00183988842916139,0,0,0,0,3,3,0.111481565562882,0
test_id,DS01-005_id,4,78,HPT_eff_mod,1,0,-0.356057075430185,-0.0873714962891319,1,1,3,2,3,3,0.180313125149951,0
test_id,DS01-005_id,4,78,fan_eff_mod,2,0,0,-8.86898105816421e-05,0,0,0,0,3,3,0.180313125149951,0
test_id,DS01-005_id,4,78,fan_flow_mod,3,0,0,-0.00155330043229762,0,0,0,0,3,3,0.180313125149951,0
test_id,DS01-005_id,4,78,HPC_eff_mod,4,0,0,-0.00733677431949498,0,0,0,0,3,3,0.180313125149951,0
test_id,DS01-005_id,4,78,HPC_flow_mod,5,0,0,-0.00274474862851627,0,0,0,0,3,3,0.180313125149951,0
test_id,DS01-005_id,4,78,LPT_eff_mod,6,0,0,-0.122223296014064,0,1,0,2,3,3,0.180313125149951,0
test_id,DS01-005_id,4,78,LPT_flow_mod,7,0,0,-0.29527913527782,0,1,0,3,3,3,0.180313125149951,0
test_id,DS01-005_id,4,78,LPC_eff_mod,8,0,0,-7.92497233940784e-05,0,0,0,0,3,3,0.180313125149951,0
test_id,DS01-005_id,4,78,LPC_flow_mod,9,0,0,-0.00183988842916139,0,0,0,0,3,3,0.180313125149951,0
test_id,DS01-005_id,4,79,HPT_eff_mod,1,0,-0.367931757250283,-0.0873714962891319,1,1,3,2,3,3,0.0875120140804632,0
test_id,DS01-005_id,4,79,fan_eff_mod,2,0,0,-8.86898105816421e-05,0,0,0,0,3,3,0.0875120140804632,0
test_id,DS01-005_id,4,79,fan_flow_mod,3,0,0,-0.00155330043229762,0,0,0,0,3,3,0.0875120140804632,0
test_id,DS01-005_id,4,79,HPC_eff_mod,4,0,0,-0.00733677431949498,0,0,0,0,3,3,0.0875120140804632,0
test_id,DS01-005_id,4,79,HPC_flow_mod,5,0,0,-0.00274474862851627,0,0,0,0,3,3,0.0875120140804632,0
test_id,DS01-005_id,4,79,LPT_eff_mod,6,0,0,-0.14671298955845,0,1,0,3,3,3,0.0875120140804632,0
test_id,DS01-005_id,4,79,LPT_flow_mod,7,0,0,-0.307310375902287,0,1,0,3,3,3,0.0875120140804632,0
test_id,DS01-005_id,4,79,LPC_eff_mod,8,0,0,-7.92497233940784e-05,0,0,0,0,3,3,0.0875120140804632,0
test_id,DS01-005_id,4,79,LPC_flow_mod,9,0,0,-0.00183988842916139,0,0,0,0,3,3,0.0875120140804632,0
test_id,DS01-005_id,4,80,HPT_eff_mod,1,0,-0.398764165182314,-0.0873714962891319,1,1,3,2,3,3,0.109292281417794,0
test_id,DS01-005_id,4,80,fan_eff_mod,2,0,0,-8.86898105816421e-05,0,0,0,0,3,3,0.109292281417794,0
test_id,DS01-005_id,4,80,fan_flow_mod,3,0,0,-0.00155330043229762,0,0,0,0,3,3,0.109292281417794,0
test_id,DS01-005_id,4,80,HPC_eff_mod,4,0,0,-0.00733677431949498,0,0,0,0,3,3,0.109292281417794,0
test_id,DS01-005_id,4,80,HPC_flow_mod,5,0,0,-0.00274474862851627,0,0,0,0,3,3,0.109292281417794,0
test_id,DS01-005_id,4,80,LPT_eff_mod,6,0,0,-0.155860985544018,0,1,0,3,3,3,0.109292281417794,0
test_id,DS01-005_id,4,80,LPT_flow_mod,7,0,0,-0.338405650083146,0,1,0,3,3,3,0.109292281417794,0
test_id,DS01-005_id,4,80,LPC_eff_mod,8,0,0,-7.92497233940784e-05,0,0,0,0,3,3,0.109292281417794,0
test_id,DS01-005_id,4,80,LPC_flow_mod,9,0,0,-0.00183988842916139,0,0,0,0,3,3,0.109292281417794,0
test_id,DS01-005_id,4,81,HPT_eff_mod,1,0,-0.421648990932827,-0.0973591029061445,1,1,3,2,3,3,0.0902798981599867,0
test_id,DS01-005_id,4,81,fan_eff_mod,2,0,0,-8.86898105816421e-05,0,0,0,0,3,3,0.0902798981599867,0
test_id,DS01-005_id,4,81,fan_flow_mod,3,0,0,-0.00155330043229762,0,0,0,0,3,3,0.0902798981599867,0
test_id,DS01-005_id,4,81,HPC_eff_mod,4,0,0,-0.00733677431949498,0,0,0,0,3,3,0.0902798981599867,0
test_id,DS01-005_id,4,81,HPC_flow_mod,5,0,0,-0.00274474862851627,0,0,0,0,3,3,0.0902798981599867,0
test_id,DS01-005_id,4,81,LPT_eff_mod,6,0,0,-0.158834588741421,0,1,0,3,3,3,0.0902798981599867,0
test_id,DS01-005_id,4,81,LPT_flow_mod,7,0,0,-0.343165783051184,0,1,0,3,3,3,0.0902798981599867,0
test_id,DS01-005_id,4,81,LPC_eff_mod,8,0,0,-7.92497233940784e-05,0,0,0,0,3,3,0.0902798981599867,0
test_id,DS01-005_id,4,81,LPC_flow_mod,9,0,0,-0.00183988842916139,0,0,0,0,3,3,0.0902798981599867,0
test_id,DS01-005_id,4,82,HPT_eff_mod,1,0,-0.447823099756345,-0.13625295790245,1,1,3,3,3,3,0.0801423609767085,0
test_id,DS01-005_id,4,82,fan_eff_mod,2,0,0,-8.86898105816421e-05,0,0,0,0,3,3,0.0801423609767085,0
test_id,DS01-005_id,4,82,fan_flow_mod,3,0,0,-0.00155330043229762,0,0,0,0,3,3,0.0801423609767085,0
test_id,DS01-005_id,4,82,HPC_eff_mod,4,0,0,-0.00733677431949498,0,0,0,0,3,3,0.0801423609767085,0
test_id,DS01-005_id,4,82,HPC_flow_mod,5,0,0,-0.00274474862851627,0,0,0,0,3,3,0.0801423609767085,0
test_id,DS01-005_id,4,82,LPT_eff_mod,6,0,0,-0.162246170439889,0,1,0,3,3,3,0.0801423609767085,0
test_id,DS01-005_id,4,82,LPT_flow_mod,7,0,0,-0.343165783051184,0,1,0,3,3,3,0.0801423609767085,0
test_id,DS01-005_id,4,82,LPC_eff_mod,8,0,0,-7.92497233940784e-05,0,0,0,0,3,3,0.0801423609767085,0
test_id,DS01-005_id,4,82,LPC_flow_mod,9,0,0,-0.00183988842916139,0,0,0,0,3,3,0.0801423609767085,0
test_id,DS01-005_id,4,83,HPT_eff_mod,1,0,-0.470722930231589,-0.140927286448047,1,1,3,3,3,3,0.100391843409375,0
test_id,DS01-005_id,4,83,fan_eff_mod,2,0,0,-8.86898105816421e-05,0,0,0,0,3,3,0.100391843409375,0
test_id,DS01-005_id,4,83,fan_flow_mod,3,0,0,-0.00168249606298957,0,0,0,0,3,3,0.100391843409375,0
test_id,DS01-005_id,4,83,HPC_eff_mod,4,0,0,-0.00733677431949498,0,0,0,0,3,3,0.100391843409375,0
test_id,DS01-005_id,4,83,HPC_flow_mod,5,0,0,-0.00274474862851627,0,0,0,0,3,3,0.100391843409375,0
test_id,DS01-005_id,4,83,LPT_eff_mod,6,0,0,-0.162246170439889,0,1,0,3,3,3,0.100391843409375,0
test_id,DS01-005_id,4,83,LPT_flow_mod,7,0,0,-0.353909508463626,0,1,0,3,3,3,0.100391843409375,0
test_id,DS01-005_id,4,83,LPC_eff_mod,8,0,0,-7.92497233940784e-05,0,0,0,0,3,3,0.100391843409375,0
test_id,DS01-005_id,4,83,LPC_flow_mod,9,0,0,-0.00419071430014411,0,0,0,0,3,3,0.100391843409375,0
test_id,DS01-005_id,4,84,HPT_eff_mod,1,0,-0.504399322761763,-0.17454587402919,1,1,3,3,3,3,0.101701840706184,0
test_id,DS01-005_id,4,84,fan_eff_mod,2,0,0,-8.86898105816421e-05,0,0,0,0,3,3,0.101701840706184,0
test_id,DS01-005_id,4,84,fan_flow_mod,3,0,0,-0.00168249606298957,0,0,0,0,3,3,0.101701840706184,0
test_id,DS01-005_id,4,84,HPC_eff_mod,4,0,0,-0.00733677431949498,0,0,0,0,3,3,0.101701840706184,0
test_id,DS01-005_id,4,84,HPC_flow_mod,5,0,0,-0.00274474862851627,0,0,0,0,3,3,0.101701840706184,0
test_id,DS01-005_id,4,84,LPT_eff_mod,6,0,0,-0.164874698947848,0,1,0,3,3,3,0.101701840706184,0
test_id,DS01-005_id,4,84,LPT_flow_mod,7,0,0,-0.353909508463626,0,1,0,3,3,3,0.101701840706184,0
test_id,DS01-005_id,4,84,LPC_eff_mod,8,0,0,-7.92497233940784e-05,0,0,0,0,3,3,0.101701840706184,0
test_id,DS01-005_id,4,84,LPC_flow_mod,9,0,0,-0.00419071430014411,0,0,0,0,3,3,0.101701840706184,0
test_id,DS01-005_id,4,85,HPT_eff_mod,1,0,-0.525689222183187,-0.187279880223512,1,1,3,3,3,3,0.123030808045029,0
test_id,DS01-005_id,4,85,fan_eff_mod,2,0,0,-8.86898105816421e-05,0,0,0,0,3,3,0.123030808045029,0
test_id,DS01-005_id,4,85,fan_flow_mod,3,0,0,-0.00168249606298957,0,0,0,0,3,3,0.123030808045029,0
test_id,DS01-005_id,4,85,HPC_eff_mod,4,0,0,-0.0149068016769994,0,0,0,0,3,3,0.123030808045029,0
test_id,DS01-005_id,4,85,HPC_flow_mod,5,0,0,-0.00274474862851627,0,0,0,0,3,3,0.123030808045029,0
test_id,DS01-005_id,4,85,LPT_eff_mod,6,0,0,-0.171851482342505,0,1,0,3,3,3,0.123030808045029,0
test_id,DS01-005_id,4,85,LPT_flow_mod,7,0,0,-0.355578160474678,0,1,0,3,3,3,0.123030808045029,0
test_id,DS01-005_id,4,85,LPC_eff_mod,8,0,0,-7.92497233940784e-05,0,0,0,0,3,3,0.123030808045029,0
test_id,DS01-005_id,4,85,LPC_flow_mod,9,0,0,-0.00419071430014411,0,0,0,0,3,3,0.123030808045029,0
test_id,DS01-005_id,4,86,HPT_eff_mod,1,0,-0.567720653319335,-0.192013999706327,1,1,3,3,3,3,0.253794476262735,0
test_id,DS01-005_id,4,86,fan_eff_mod,2,0,0,-8.86898105816421e-05,0,0,0,0,3,3,0.253794476262735,0
test_id,DS01-005_id,4,86,fan_flow_mod,3,0,0,-0.0036898310822594,0,0,0,0,3,3,0.253794476262735,0
test_id,DS01-005_id,4,86,HPC_eff_mod,4,0,0,-0.0149068016769994,0,0,0,0,3,3,0.253794476262735,0
test_id,DS01-005_id,4,86,HPC_flow_mod,5,0,0,-0.00274474862851627,0,0,0,0,3,3,0.253794476262735,0
test_id,DS01-005_id,4,86,LPT_eff_mod,6,0,0,-0.171851482342505,0,1,0,3,3,3,0.253794476262735,0
test_id,DS01-005_id,4,86,LPT_flow_mod,7,0,0,-0.390627022976721,0,1,0,3,3,3,0.253794476262735,0
test_id,DS01-005_id,4,86,LPC_eff_mod,8,0,0,-7.92497233940784e-05,0,0,0,0,3,3,0.253794476262735,0
test_id,DS01-005_id,4,86,LPC_flow_mod,9,0,0,-0.00732032718705502,0,0,0,0,3,3,0.253794476262735,0
test_id,DS01-005_id,4,87,HPT_eff_mod,1,0,-0.591867479047602,-0.192013999706327,1,1,3,3,3,3,0.112348887876793,0
test_id,DS01-005_id,4,87,fan_eff_mod,2,0,0,-8.86898105816421e-05,0,0,0,0,3,3,0.112348887876793,0
test_id,DS01-005_id,4,87,fan_flow_mod,3,0,0,-0.0036898310822594,0,0,0,0,3,3,0.112348887876793,0
test_id,DS01-005_id,4,87,HPC_eff_mod,4,0,0,-0.0149068016769994,0,0,0,0,3,3,0.112348887876793,0
test_id,DS01-005_id,4,87,HPC_flow_mod,5,0,0,-0.00341507230572895,0,0,0,0,3,3,0.112348887876793,0
test_id,DS01-005_id,4,87,LPT_eff_mod,6,0,0,-0.198308206571559,0,1,0,3,3,3,0.112348887876793,0
test_id,DS01-005_id,4,87,LPT_flow_mod,7,0,0,-0.435390838675442,0,1,0,3,3,3,0.112348887876793,0
test_id,DS01-005_id,4,87,LPC_eff_mod,8,0,0,-0.00100147047906434,0,0,0,0,3,3,0.112348887876793,0
test_id,DS01-005_id,4,87,LPC_flow_mod,9,0,0,-0.00732032718705502,0,0,0,0,3,3,0.112348887876793,0
test_id,DS01-005_id,4,88,HPT_eff_mod,1,0,-0.641207694590488,-0.193092938729736,1,1,3,3,3,3,0.15127265904116,0
test_id,DS01-005_id,4,88,fan_eff_mod,2,0,0,-8.86898105816421e-05,0,0,0,0,3,3,0.15127265904116,0
test_id,DS01-005_id,4,88,fan_flow_mod,3,0,0,-0.0036898310822594,0,0,0,0,3,3,0.15127265904116,0
test_id,DS01-005_id,4,88,HPC_eff_mod,4,0,0,-0.0149068016769994,0,0,0,0,3,3,0.15127265904116,0
test_id,DS01-005_id,4,88,HPC_flow_mod,5,0,0,-0.00341507230572895,0,0,0,0,3,3,0.15127265904116,0
test_id,DS01-005_id,4,88,LPT_eff_mod,6,0,0,-0.227990196284303,0,1,0,3,3,3,0.15127265904116,0
test_id,DS01-005_id,4,88,LPT_flow_mod,7,0,0,-0.47760132897495,0,1,0,3,3,3,0.15127265904116,0
test_id,DS01-005_id,4,88,LPC_eff_mod,8,0,0,-0.00100147047906434,0,0,0,0,3,3,0.15127265904116,0
test_id,DS01-005_id,4,88,LPC_flow_mod,9,0,0,-0.00732032718705502,0,0,0,0,3,3,0.15127265904116,0
test_id,DS01-005_id,4,89,HPT_eff_mod,1,0,-0.670780561493692,-0.211886211071858,1,1,3,3,3,3,0.149566846204105,0
test_id,DS01-005_id,4,89,fan_eff_mod,2,0,0,-8.86898105816421e-05,0,0,0,0,3,3,0.149566846204105,0
test_id,DS01-005_id,4,89,fan_flow_mod,3,0,0,-0.0036898310822594,0,0,0,0,3,3,0.149566846204105,0
test_id,DS01-005_id,4,89,HPC_eff_mod,4,0,0,-0.0149068016769994,0,0,0,0,3,3,0.149566846204105,0
test_id,DS01-005_id,4,89,HPC_flow_mod,5,0,0,-0.00341507230572895,0,0,0,0,3,3,0.149566846204105,0
test_id,DS01-005_id,4,89,LPT_eff_mod,6,0,0,-0.227990196284303,0,1,0,3,3,3,0.149566846204105,0
test_id,DS01-005_id,4,89,LPT_flow_mod,7,0,0,-0.491705232188102,0,1,0,3,3,3,0.149566846204105,0
test_id,DS01-005_id,4,89,LPC_eff_mod,8,0,0,-0.00100147047906434,0,0,0,0,3,3,0.149566846204105,0
test_id,DS01-005_id,4,89,LPC_flow_mod,9,0,0,-0.00732032718705502,0,0,0,0,3,3,0.149566846204105,0
test_id,DS01-005_id,4,90,HPT_eff_mod,1,0,-0.712395249136305,-0.212425056252271,1,1,3,3,3,3,0.179677357446891,0
test_id,DS01-005_id,4,90,fan_eff_mod,2,0,0,-8.86898105816421e-05,0,0,0,0,3,3,0.179677357446891,0
test_id,DS01-005_id,4,90,fan_flow_mod,3,0,0,-0.0036898310822594,0,1,0,1,3,3,0.179677357446891,0
test_id,DS01-005_id,4,90,HPC_eff_mod,4,0,0,-0.0239724541491216,0,0,0,0,3,3,0.179677357446891,0
test_id,DS01-005_id,4,90,HPC_flow_mod,5,0,0,-0.00341507230572895,0,0,0,0,3,3,0.179677357446891,0
test_id,DS01-005_id,4,90,LPT_eff_mod,6,0,0,-0.249565684368448,0,1,0,3,3,3,0.179677357446891,0
test_id,DS01-005_id,4,90,LPT_flow_mod,7,0,0,-0.534792129418599,0,1,0,3,3,3,0.179677357446891,0
test_id,DS01-005_id,4,90,LPC_eff_mod,8,0,0,-0.00100147047906434,0,0,0,0,3,3,0.179677357446891,0
test_id,DS01-005_id,4,90,LPC_flow_mod,9,0,0,-0.00732032718705502,0,0,0,0,3,3,0.179677357446891,0
test_id,DS01-005_id,4,91,HPT_eff_mod,1,0,-0.75044811271513,-0.243119707613977,1,1,3,3,3,3,0.179729754720316,0
test_id,DS01-005_id,4,91,fan_eff_mod,2,0,0,-8.86898105816421e-05,0,0,0,0,3,3,0.179729754720316,0
test_id,DS01-005_id,4,91,fan_flow_mod,3,0,0,-0.0036898310822594,0,1,0,1,3,3,0.179729754720316,0
test_id,DS01-005_id,4,91,HPC_eff_mod,4,0,0,-0.0239724541491216,0,0,0,0,3,3,0.179729754720316,0
test_id,DS01-005_id,4,91,HPC_flow_mod,5,0,0,-0.00447035699056335,0,0,0,0,3,3,0.179729754720316,0
test_id,DS01-005_id,4,91,LPT_eff_mod,6,0,0,-0.249565684368448,0,1,0,3,3,3,0.179729754720316,0
test_id,DS01-005_id,4,91,LPT_flow_mod,7,0,0,-0.543187903604731,0,1,0,3,3,3,0.179729754720316,0
test_id,DS01-005_id,4,91,LPC_eff_mod,8,0,0,-0.00100147047906434,0,0,0,0,3,3,0.179729754720316,0
test_id,DS01-005_id,4,91,LPC_flow_mod,9,0,0,-0.00732032718705502,0,0,0,0,3,3,0.179729754720316,0
test_id,DS01-005_id,4,92,HPT_eff_mod,1,0,-0.815423582058862,-0.304386917992802,1,1,3,3,3,3,0.201694463492018,0
test_id,DS01-005_id,4,92,fan_eff_mod,2,0,0,-8.86898105816421e-05,0,0,0,0,3,3,0.201694463492018,0
test_id,DS01-005_id,4,92,fan_flow_mod,3,0,0,-0.0036898310822594,0,1,0,1,3,3,0.201694463492018,0
test_id,DS01-005_id,4,92,HPC_eff_mod,4,0,0,-0.027874611881423,0,0,0,0,3,3,0.201694463492018,0
test_id,DS01-005_id,4,92,HPC_flow_mod,5,0,0,-0.00447035699056335,0,0,0,0,3,3,0.201694463492018,0
test_id,DS01-005_id,4,92,LPT_eff_mod,6,0,0,-0.255534550012147,0,1,0,3,3,3,0.201694463492018,0
test_id,DS01-005_id,4,92,LPT_flow_mod,7,0,0,-0.543187903604731,0,1,0,3,3,3,0.201694463492018,0
test_id,DS01-005_id,4,92,LPC_eff_mod,8,0,0,-0.00100147047906434,0,0,0,0,3,3,0.201694463492018,0
test_id,DS01-005_id,4,92,LPC_flow_mod,9,0,0,-0.0140800713258508,0,0,0,0,3,3,0.201694463492018,0
test_id,DS01-005_id,4,93,HPT_eff_mod,1,0,-0.858588117794715,-0.344352516959277,1,1,3,3,3,3,0.172129683174002,0
test_id,DS01-005_id,4,93,fan_eff_mod,2,0,0,-8.86898105816421e-05,0,0,0,0,3,3,0.172129683174002,0
test_id,DS01-005_id,4,93,fan_flow_mod,3,0,0,-0.0036898310822594,0,1,0,1,3,3,0.172129683174002,0
test_id,DS01-005_id,4,93,HPC_eff_mod,4,0,0,-0.027874611881423,0,0,0,0,3,3,0.172129683174002,0
test_id,DS01-005_id,4,93,HPC_flow_mod,5,0,0,-0.00447035699056335,0,0,0,0,3,3,0.172129683174002,0
test_id,DS01-005_id,4,93,LPT_eff_mod,6,0,0,-0.257559275895987,0,1,0,3,3,3,0.172129683174002,0
test_id,DS01-005_id,4,93,LPT_flow_mod,7,0,0,-0.543187903604731,0,1,0,3,3,3,0.172129683174002,0
test_id,DS01-005_id,4,93,LPC_eff_mod,8,0,0,-0.00100147047906434,0,0,0,0,3,3,0.172129683174002,0
test_id,DS01-005_id,4,93,LPC_flow_mod,9,0,0,-0.0142255262699928,0,0,0,0,3,3,0.172129683174002,0
test_id,DS01-005_id,4,94,HPT_eff_mod,1,0,-0.910061132155568,-0.37843121198192,1,1,3,3,3,3,0.153601288191488,0
test_id,DS01-005_id,4,94,fan_eff_mod,2,0,0,-8.86898105816421e-05,0,0,0,0,3,3,0.153601288191488,0
test_id,DS01-005_id,4,94,fan_flow_mod,3,0,0,-0.0036898310822594,0,1,0,1,3,3,0.153601288191488,0
test_id,DS01-005_id,4,94,HPC_eff_mod,4,0,0,-0.0386793410165825,0,0,0,0,3,3,0.153601288191488,0
test_id,DS01-005_id,4,94,HPC_flow_mod,5,0,0,-0.00595667441230804,0,0,0,0,3,3,0.153601288191488,0
test_id,DS01-005_id,4,94,LPT_eff_mod,6,0,0,-0.260369069402483,0,1,0,3,3,3,0.153601288191488,0
test_id,DS01-005_id,4,94,LPT_flow_mod,7,0,0,-0.555557378399432,0,1,0,3,3,3,0.153601288191488,0
test_id,DS01-005_id,4,94,LPC_eff_mod,8,0,0,-0.00100147047906434,0,0,0,0,3,3,0.153601288191488,0
test_id,DS01-005_id,4,94,LPC_flow_mod,9,0,0,-0.0142255262699928,0,0,0,0,3,3,0.153601288191488,0
test_id,DS01-005_id,4,95,HPT_eff_mod,1,0,-0.968357601625082,-0.37843121198192,1,1,3,3,3,3,0.212978476737932,0
test_id,DS01-005_id,4,95,fan_eff_mod,2,0,0,-8.86898105816421e-05,0,0,0,0,3,3,0.212978476737932,0
test_id,DS01-005_id,4,95,fan_flow_mod,3,0,0,-0.00490785967381886,0,1,0,1,3,3,0.212978476737932,0
test_id,DS01-005_id,4,95,HPC_eff_mod,4,0,0,-0.0386793410165825,0,0,0,0,3,3,0.212978476737932,0
test_id,DS01-005_id,4,95,HPC_flow_mod,5,0,0,-0.0080480509764101,0,0,0,0,3,3,0.212978476737932,0
test_id,DS01-005_id,4,95,LPT_eff_mod,6,0,0,-0.296931372743839,0,1,0,3,3,3,0.212978476737932,0
test_id,DS01-005_id,4,95,LPT_flow_mod,7,0,0,-0.614636582663436,0,1,0,3,3,3,0.212978476737932,0
test_id,DS01-005_id,4,95,LPC_eff_mod,8,0,0,-0.00100147047906434,0,0,0,0,3,3,0.212978476737932,0
test_id,DS01-005_id,4,95,LPC_flow_mod,9,0,0,-0.0142255262699928,0,0,0,0,3,3,0.212978476737932,0
test_id,DS04_id,6,1,HPT_eff_mod,1,1,0,-0,0,0,0,0,0,0,0.0678063429690806,0
test_id,DS04_id,6,1,fan_eff_mod,2,1,-0.000254007241717832,-0,0,0,0,0,0,0,0.0678063429690806,0
test_id,DS04_id,6,1,fan_flow_mod,3,1,0.000448061337788296,-0,0,0,0,0,0,0,0.0678063429690806,0
test_id,DS04_id,6,1,HPC_eff_mod,4,1,0,-0,0,0,0,0,0,0,0.0678063429690806,0
test_id,DS04_id,6,1,HPC_flow_mod,5,1,0,-0,0,0,0,0,0,0,0.0678063429690806,0
test_id,DS04_id,6,1,LPT_eff_mod,6,1,0,-0,0,0,0,0,0,0,0.0678063429690806,0
test_id,DS04_id,6,1,LPT_flow_mod,7,1,0,-0,0,0,0,0,0,0,0.0678063429690806,0
test_id,DS04_id,6,1,LPC_eff_mod,8,1,0,-0,0,0,0,0,0,0,0.0678063429690806,0
test_id,DS04_id,6,1,LPC_flow_mod,9,1,0,-0,0,0,0,0,0,0,0.0678063429690806,0
test_id,DS04_id,6,2,HPT_eff_mod,1,1,0,-0,0,0,0,0,0,0,0.102211009921408,0
test_id,DS04_id,6,2,fan_eff_mod,2,1,-0.000238062034947861,-0,0,0,0,0,0,0,0.102211009921408,0
test_id,DS04_id,6,2,fan_flow_mod,3,1,-0.000578754801252674,-0,0,0,0,0,0,0,0.102211009921408,0
test_id,DS04_id,6,2,HPC_eff_mod,4,1,0,-0,0,0,0,0,0,0,0.102211009921408,0
test_id,DS04_id,6,2,HPC_flow_mod,5,1,0,-0,0,0,0,0,0,0,0.102211009921408,0
test_id,DS04_id,6,2,LPT_eff_mod,6,1,0,-0,0,0,0,0,0,0,0.102211009921408,0
test_id,DS04_id,6,2,LPT_flow_mod,7,1,0,-0,0,0,0,0,0,0,0.102211009921408,0
test_id,DS04_id,6,2,LPC_eff_mod,8,1,0,-0,0,0,0,0,0,0,0.102211009921408,0
test_id,DS04_id,6,2,LPC_flow_mod,9,1,0,-0,0,0,0,0,0,0,0.102211009921408,0
test_id,DS04_id,6,3,HPT_eff_mod,1,1,0,-0,0,0,0,0,0,0,0.0624871424767811,0
test_id,DS04_id,6,3,fan_eff_mod,2,1,0.000492069276665699,-0,0,0,0,0,0,0,0.0624871424767811,0
test_id,DS04_id,6,3,fan_flow_mod,3,1,0.000130693463464105,-0,0,0,0,0,0,0,0.0624871424767811,0
test_id,DS04_id,6,3,HPC_eff_mod,4,1,0,-0,0,0,0,0,0,0,0.0624871424767811,0
test_id,DS04_id,6,3,HPC_flow_mod,5,1,0,-0,0,0,0,0,0,0,0.0624871424767811,0
test_id,DS04_id,6,3,LPT_eff_mod,6,1,0,-0,0,0,0,0,0,0,0.0624871424767811,0
test_id,DS04_id,6,3,LPT_flow_mod,7,1,0,-0,0,0,0,0,0,0,0.0624871424767811,0
test_id,DS04_id,6,3,LPC_eff_mod,8,1,0,-0,0,0,0,0,0,0,0.0624871424767811,0
test_id,DS04_id,6,3,LPC_flow_mod,9,1,0,-0,0,0,0,0,0,0,0.0624871424767811,0
test_id,DS04_id,6,4,HPT_eff_mod,1,1,0,-0,0,0,0,0,0,0,0.259158792977971,0
test_id,DS04_id,6,4,fan_eff_mod,2,1,-0.00082962838378955,-0,0,0,0,0,0,0,0.259158792977971,0
test_id,DS04_id,6,4,fan_flow_mod,3,1,0.000979059688064571,-0,0,0,0,0,0,0,0.259158792977971,0
test_id,DS04_id,6,4,HPC_eff_mod,4,1,0,-0,0,0,0,0,0,0,0.259158792977971,0
test_id,DS04_id,6,4,HPC_flow_mod,5,1,0,-0,0,0,0,0,0,0,0.259158792977971,0
test_id,DS04_id,6,4,LPT_eff_mod,6,1,0,-0,0,0,0,0,0,0,0.259158792977971,0
test_id,DS04_id,6,4,LPT_flow_mod,7,1,0,-0,0,0,0,0,0,0,0.259158792977971,0
test_id,DS04_id,6,4,LPC_eff_mod,8,1,0,-0.000900218647746862,0,0,0,0,0,0,0.259158792977971,0
test_id,DS04_id,6,4,LPC_flow_mod,9,1,0,-0,0,0,0,0,0,0,0.259158792977971,0
test_id,DS04_id,6,5,HPT_eff_mod,1,1,0,-0,0,0,0,0,0,0,0.0938236022340913,0
test_id,DS04_id,6,5,fan_eff_mod,2,1,0.00032854251062764,-0,0,0,0,0,0,0,0.0938236022340913,0
test_id,DS04_id,6,5,fan_flow_mod,3,1,-0.00170596018862869,-0.00064083909539917,0,0,0,0,0,0,0.0938236022340913,0
test_id,DS04_id,6,5,HPC_eff_mod,4,1,0,-0,0,0,0,0,0,0,0.0938236022340913,0
test_id,DS04_id,6,5,HPC_flow_mod,5,1,0,-0,0,0,0,0,0,0,0.0938236022340913,0
test_id,DS04_id,6,5,LPT_eff_mod,6,1,0,-0,0,0,0,0,0,0,0.0938236022340913,0
test_id,DS04_id,6,5,LPT_flow_mod,7,1,0,-0,0,0,0,0,0,0,0.0938236022340913,0
test_id,DS04_id,6,5,LPC_eff_mod,8,1,0,-0.000900218647746862,0,0,0,0,0,0,0.0938236022340913,0
test_id,DS04_id,6,5,LPC_flow_mod,9,1,0,-0,0,0,0,0,0,0,0.0938236022340913,0
test_id,DS04_id,6,6,HPT_eff_mod,1,1,0,-0,0,0,0,0,0,0,0.216305097196117,0
test_id,DS04_id,6,6,fan_eff_mod,2,1,8.01255012654415e-05,-0,0,0,0,0,0,0,0.216305097196117,0
test_id,DS04_id,6,6,fan_flow_mod,3,1,-0.000783059358657199,-0.00064083909539917,0,0,0,0,0,0,0.216305097196117,0
test_id,DS04_id,6,6,HPC_eff_mod,4,1,0,-0,0,0,0,0,0,0,0.216305097196117,0
test_id,DS04_id,6,6,HPC_flow_mod,5,1,0,-0,0,0,0,0,0,0,0.216305097196117,0
test_id,DS04_id,6,6,LPT_eff_mod,6,1,0,-0,0,0,0,0,0,0,0.216305097196117,0
test_id,DS04_id,6,6,LPT_flow_mod,7,1,0,-0,0,0,0,0,0,0,0.216305097196117,0
test_id,DS04_id,6,6,LPC_eff_mod,8,1,0,-0.000900218647746862,0,0,0,0,0,0,0.216305097196117,0
test_id,DS04_id,6,6,LPC_flow_mod,9,1,0,-0,0,0,0,0,0,0,0.216305097196117,0
test_id,DS04_id,6,7,HPT_eff_mod,1,1,0,-0,0,0,0,0,0,0,0.107936569500219,0
test_id,DS04_id,6,7,fan_eff_mod,2,1,9.0375917485376e-05,-0,0,0,0,0,0,0,0.107936569500219,0
test_id,DS04_id,6,7,fan_flow_mod,3,1,-0.00120262465629697,-0.00064083909539917,0,0,0,0,0,0,0.107936569500219,0
test_id,DS04_id,6,7,HPC_eff_mod,4,1,0,-0,0,0,0,0,0,0,0.107936569500219,0
test_id,DS04_id,6,7,HPC_flow_mod,5,1,0,-0,0,0,0,0,0,0,0.107936569500219,0
test_id,DS04_id,6,7,LPT_eff_mod,6,1,0,-0,0,0,0,0,0,0,0.107936569500219,0
test_id,DS04_id,6,7,LPT_flow_mod,7,1,0,-0,0,0,0,0,0,0,0.107936569500219,0
test_id,DS04_id,6,7,LPC_eff_mod,8,1,0,-0.000900218647746862,0,0,0,0,0,0,0.107936569500219,0
test_id,DS04_id,6,7,LPC_flow_mod,9,1,0,-0,0,0,0,0,0,0,0.107936569500219,0
test_id,DS04_id,6,8,HPT_eff_mod,1,1,0,-0,0,0,0,0,0,0,0.0681079869529173,0
test_id,DS04_id,6,8,fan_eff_mod,2,1,-0.00117236559522851,-0,0,0,0,0,0,0,0.0681079869529173,0
test_id,DS04_id,6,8,fan_flow_mod,3,1,-0.000229052735421557,-0.00064083909539917,0,0,0,0,0,0,0.0681079869529173,0
test_id,DS04_id,6,8,HPC_eff_mod,4,1,0,-0,0,0,0,0,0,0,0.0681079869529173,0
test_id,DS04_id,6,8,HPC_flow_mod,5,1,0,-0,0,0,0,0,0,0,0.0681079869529173,0
test_id,DS04_id,6,8,LPT_eff_mod,6,1,0,-0,0,0,0,0,0,0,0.0681079869529173,0
test_id,DS04_id,6,8,LPT_flow_mod,7,1,0,-0,0,0,0,0,0,0,0.0681079869529173,0
test_id,DS04_id,6,8,LPC_eff_mod,8,1,0,-0.000900218647746862,0,0,0,0,0,0,0.0681079869529173,0
test_id,DS04_id,6,8,LPC_flow_mod,9,1,0,-0,0,0,0,0,0,0,0.0681079869529173,0
test_id,DS04_id,6,9,HPT_eff_mod,1,1,0,-0,0,0,0,0,0,0,0.152246759902227,0
test_id,DS04_id,6,9,fan_eff_mod,2,1,8.1034640214401e-05,-0,0,0,0,0,0,0,0.152246759902227,0
test_id,DS04_id,6,9,fan_flow_mod,3,1,-0.000475159105876678,-0.00064083909539917,0,0,0,0,0,0,0.152246759902227,0
test_id,DS04_id,6,9,HPC_eff_mod,4,1,0,-0,0,0,0,0,0,0,0.152246759902227,0
test_id,DS04_id,6,9,HPC_flow_mod,5,1,0,-0,0,0,0,0,0,0,0.152246759902227,0
test_id,DS04_id,6,9,LPT_eff_mod,6,1,0,-0,0,0,0,0,0,0,0.152246759902227,0
test_id,DS04_id,6,9,LPT_flow_mod,7,1,0,-0,0,0,0,0,0,0,0.152246759902227,0
test_id,DS04_id,6,9,LPC_eff_mod,8,1,0,-0.000900218647746862,0,0,0,0,0,0,0.152246759902227,0
test_id,DS04_id,6,9,LPC_flow_mod,9,1,0,-0,0,0,0,0,0,0,0.152246759902227,0
test_id,DS04_id,6,10,HPT_eff_mod,1,1,0,-0,0,0,0,0,0,0,0.175824414391306,0
test_id,DS04_id,6,10,fan_eff_mod,2,1,-0.00142957057913815,-0,0,0,0,0,0,0,0.175824414391306,0
test_id,DS04_id,6,10,fan_flow_mod,3,1,-0.000649925341239836,-0.00064083909539917,0,0,0,0,0,0,0.175824414391306,0
test_id,DS04_id,6,10,HPC_eff_mod,4,1,0,-0,0,0,0,0,0,0,0.175824414391306,0
test_id,DS04_id,6,10,HPC_flow_mod,5,1,0,-0,0,0,0,0,0,0,0.175824414391306,0
test_id,DS04_id,6,10,LPT_eff_mod,6,1,0,-0,0,0,0,0,0,0,0.175824414391306,0
test_id,DS04_id,6,10,LPT_flow_mod,7,1,0,-0,0,0,0,0,0,0,0.175824414391306,0
test_id,DS04_id,6,10,LPC_eff_mod,8,1,0,-0.000900218647746862,0,0,0,0,0,0,0.175824414391306,0
test_id,DS04_id,6,10,LPC_flow_mod,9,1,0,-0,0,0,0,0,0,0,0.175824414391306,0
test_id,DS04_id,6,11,HPT_eff_mod,1,1,0,-0,0,0,0,0,0,0,0.125585191655207,0
test_id,DS04_id,6,11,fan_eff_mod,2,1,-0.00069033115377338,-0,0,0,0,0,0,0,0.125585191655207,0
test_id,DS04_id,6,11,fan_flow_mod,3,1,-0.00205074975714456,-0.00064083909539917,0,0,0,0,0,0,0.125585191655207,0
test_id,DS04_id,6,11,HPC_eff_mod,4,1,0,-0,0,0,0,0,0,0,0.125585191655207,0
test_id,DS04_id,6,11,HPC_flow_mod,5,1,0,-0,0,0,0,0,0,0,0.125585191655207,0
test_id,DS04_id,6,11,LPT_eff_mod,6,1,0,-0,0,0,0,0,0,0,0.125585191655207,0
test_id,DS04_id,6,11,LPT_flow_mod,7,1,0,-0,0,0,0,0,0,0,0.125585191655207,0
test_id,DS04_id,6,11,LPC_eff_mod,8,1,0,-0.000900218647746862,0,0,0,0,0,0,0.125585191655207,0
test_id,DS04_id,6,11,LPC_flow_mod,9,1,0,-0,0,0,0,0,0,0,0.125585191655207,0
test_id,DS04_id,6,12,HPT_eff_mod,1,1,0,-0,0,0,0,0,0,0,0.166858740189213,0
test_id,DS04_id,6,12,fan_eff_mod,2,1,-0.000880251894205122,-0,0,0,0,0,0,0,0.166858740189213,0
test_id,DS04_id,6,12,fan_flow_mod,3,1,-0.00310804667643991,-0.00064083909539917,0,0,0,0,0,0,0.166858740189213,0
test_id,DS04_id,6,12,HPC_eff_mod,4,1,0,-0,0,0,0,0,0,0,0.166858740189213,0
test_id,DS04_id,6,12,HPC_flow_mod,5,1,0,-0,0,0,0,0,0,0,0.166858740189213,0
test_id,DS04_id,6,12,LPT_eff_mod,6,1,0,-0,0,0,0,0,0,0,0.166858740189213,0
test_id,DS04_id,6,12,LPT_flow_mod,7,1,0,-0,0,0,0,0,0,0,0.166858740189213,0
test_id,DS04_id,6,12,LPC_eff_mod,8,1,0,-0.000900218647746862,0,0,0,0,0,0,0.166858740189213,0
test_id,DS04_id,6,12,LPC_flow_mod,9,1,0,-0,0,0,0,0,0,0,0.166858740189213,0
test_id,DS04_id,6,13,HPT_eff_mod,1,1,0,-0,0,0,0,0,0,0,0.132572818825467,0
test_id,DS04_id,6,13,fan_eff_mod,2,1,-0.000127965084964724,-0,0,0,0,0,0,0,0.132572818825467,0
test_id,DS04_id,6,13,fan_flow_mod,3,1,-0.00183814022584829,-0.00064083909539917,0,0,0,0,0,0,0.132572818825467,0
test_id,DS04_id,6,13,HPC_eff_mod,4,1,0,-0,0,0,0,0,0,0,0.132572818825467,0
test_id,DS04_id,6,13,HPC_flow_mod,5,1,0,-0,0,0,0,0,0,0,0.132572818825467,0
test_id,DS04_id,6,13,LPT_eff_mod,6,1,0,-0,0,0,0,0,0,0,0.132572818825467,0
test_id,DS04_id,6,13,LPT_flow_mod,7,1,0,-0,0,0,0,0,0,0,0.132572818825467,0
test_id,DS04_id,6,13,LPC_eff_mod,8,1,0,-0.000900218647746862,0,0,0,0,0,0,0.132572818825467,0
test_id,DS04_id,6,13,LPC_flow_mod,9,1,0,-0,0,0,0,0,0,0,0.132572818825467,0
test_id,DS04_id,6,14,HPT_eff_mod,1,1,0,-0,0,0,0,0,0,0,0.0405083439519906,0
test_id,DS04_id,6,14,fan_eff_mod,2,1,-0.000561123240897741,-0,0,0,0,0,0,0,0.0405083439519906,0
test_id,DS04_id,6,14,fan_flow_mod,3,1,-0.00283915582368954,-0.00064083909539917,0,0,0,0,0,0,0.0405083439519906,0
test_id,DS04_id,6,14,HPC_eff_mod,4,1,0,-0,0,0,0,0,0,0,0.0405083439519906,0
test_id,DS04_id,6,14,HPC_flow_mod,5,1,0,-0,0,0,0,0,0,0,0.0405083439519906,0
test_id,DS04_id,6,14,LPT_eff_mod,6,1,0,-0,0,0,0,0,0,0,0.0405083439519906,0
test_id,DS04_id,6,14,LPT_flow_mod,7,1,0,-0,0,0,0,0,0,0,0.0405083439519906,0
test_id,DS04_id,6,14,LPC_eff_mod,8,1,0,-0.00132029082077117,0,0,0,0,0,0,0.0405083439519906,0
test_id,DS04_id,6,14,LPC_flow_mod,9,1,0,-0,0,0,0,0,0,0,0.0405083439519906,0
test_id,DS04_id,6,15,HPT_eff_mod,1,1,0,-0,0,0,0,0,0,0,0.105750678154351,0
test_id,DS04_id,6,15,fan_eff_mod,2,1,-0.000347805643220173,-0,0,0,0,0,0,0,0.105750678154351,0
test_id,DS04_id,6,15,fan_flow_mod,3,1,-0.00322852833508259,-0.00064083909539917,0,0,0,0,0,0,0.105750678154351,0
test_id,DS04_id,6,15,HPC_eff_mod,4,1,0,-0,0,0,0,0,0,0,0.105750678154351,0
test_id,DS04_id,6,15,HPC_flow_mod,5,1,0,-0,0,0,0,0,0,0,0.105750678154351,0
test_id,DS04_id,6,15,LPT_eff_mod,6,1,0,-0,0,0,0,0,0,0,0.105750678154351,0
test_id,DS04_id,6,15,LPT_flow_mod,7,1,0,-0,0,0,0,0,0,0,0.105750678154351,0
test_id,DS04_id,6,15,LPC_eff_mod,8,1,0,-0.00259735715642326,0,0,0,0,0,0,0.105750678154351,0
test_id,DS04_id,6,15,LPC_flow_mod,9,1,0,-0,0,0,0,0,0,0,0.105750678154351,0
test_id,DS04_id,6,16,HPT_eff_mod,1,1,0,-0,0,0,0,0,0,0,0.0931933305647474,0
test_id,DS04_id,6,16,fan_eff_mod,2,1,-0.00195733789151281,-0.00123847916356132,0,0,0,0,0,0,0.0931933305647474,0
test_id,DS04_id,6,16,fan_flow_mod,3,1,-0.00165000290738621,-0.00064083909539917,0,0,0,0,0,0,0.0931933305647474,0
test_id,DS04_id,6,16,HPC_eff_mod,4,1,0,-0,0,0,0,0,0,0,0.0931933305647474,0
test_id,DS04_id,6,16,HPC_flow_mod,5,1,0,-0,0,0,0,0,0,0,0.0931933305647474,0
test_id,DS04_id,6,16,LPT_eff_mod,6,1,0,-0,0,0,0,0,0,0,0.0931933305647474,0
test_id,DS04_id,6,16,LPT_flow_mod,7,1,0,-0,0,0,0,0,0,0,0.0931933305647474,0
test_id,DS04_id,6,16,LPC_eff_mod,8,1,0,-0.00377732335552125,0,0,0,0,0,0,0.0931933305647474,0
test_id,DS04_id,6,16,LPC_flow_mod,9,1,0,-0,0,0,0,0,0,0,0.0931933305647474,0
test_id,DS04_id,6,17,HPT_eff_mod,1,0,0,-0,0,0,0,0,1,0,0.107357632706472,0
test_id,DS04_id,6,17,fan_eff_mod,2,0,-0.00203233250447223,-0.00123847916356132,1,0,1,0,1,0,0.107357632706472,0
test_id,DS04_id,6,17,fan_flow_mod,3,0,-0.00141181597282904,-0.00064083909539917,1,0,1,0,1,0,0.107357632706472,0
test_id,DS04_id,6,17,HPC_eff_mod,4,0,0,-0,0,0,0,0,1,0,0.107357632706472,0
test_id,DS04_id,6,17,HPC_flow_mod,5,0,0,-0,0,0,0,0,1,0,0.107357632706472,0
test_id,DS04_id,6,17,LPT_eff_mod,6,0,0,-0,0,0,0,0,1,0,0.107357632706472,0
test_id,DS04_id,6,17,LPT_flow_mod,7,0,0,-0,0,0,0,0,1,0,0.107357632706472,0
test_id,DS04_id,6,17,LPC_eff_mod,8,0,0,-0.00377732335552125,0,0,0,0,1,0,0.107357632706472,0
test_id,DS04_id,6,17,LPC_flow_mod,9,0,0,-0,0,0,0,0,1,0,0.107357632706472,0
test_id,DS04_id,6,18,HPT_eff_mod,1,0,0,-0,0,0,0,0,1,0,0.266398742620361,0
test_id,DS04_id,6,18,fan_eff_mod,2,0,-0.000887598300720405,-0.00123847916356132,1,0,1,0,1,0,0.266398742620361,0
test_id,DS04_id,6,18,fan_flow_mod,3,0,0.000890111781843302,-0.00064083909539917,1,0,1,0,1,0,0.266398742620361,0
test_id,DS04_id,6,18,HPC_eff_mod,4,0,0,-0,0,0,0,0,1,0,0.266398742620361,0
test_id,DS04_id,6,18,HPC_flow_mod,5,0,0,-0,0,0,0,0,1,0,0.266398742620361,0
test_id,DS04_id,6,18,LPT_eff_mod,6,0,0,-0,0,0,0,0,1,0,0.266398742620361,0
test_id,DS04_id,6,18,LPT_flow_mod,7,0,0,-0,0,0,0,0,1,0,0.266398742620361,0
test_id,DS04_id,6,18,LPC_eff_mod,8,0,0,-0.00377732335552125,0,0,0,0,1,0,0.266398742620361,0
test_id,DS04_id,6,18,LPC_flow_mod,9,0,0,-0,0,0,0,0,1,0,0.266398742620361,0
test_id,DS04_id,6,19,HPT_eff_mod,1,0,0,-0,0,0,0,0,1,0,0.0868852795297353,0
test_id,DS04_id,6,19,fan_eff_mod,2,0,-0.000717261221304224,-0.00123847916356132,1,0,1,0,1,0,0.0868852795297353,0
test_id,DS04_id,6,19,fan_flow_mod,3,0,0.000972031759652466,-0.00064083909539917,1,0,1,0,1,0,0.0868852795297353,0
test_id,DS04_id,6,19,HPC_eff_mod,4,0,0,-0,0,0,0,0,1,0,0.0868852795297353,0
test_id,DS04_id,6,19,HPC_flow_mod,5,0,0,-0,0,0,0,0,1,0,0.0868852795297353,0
test_id,DS04_id,6,19,LPT_eff_mod,6,0,0,-0,0,0,0,0,1,0,0.0868852795297353,0
test_id,DS04_id,6,19,LPT_flow_mod,7,0,0,-0,0,0,0,0,1,0,0.0868852795297353,0
test_id,DS04_id,6,19,LPC_eff_mod,8,0,0,-0.00377732335552125,0,0,0,0,1,0,0.0868852795297353,0
test_id,DS04_id,6,19,LPC_flow_mod,9,0,0,-0,0,0,0,0,1,0,0.0868852795297353,0
test_id,DS04_id,6,20,HPT_eff_mod,1,0,0,-0,0,0,0,0,1,0,0.235266531313266,0
test_id,DS04_id,6,20,fan_eff_mod,2,0,-0.00122170880783208,-0.00123847916356132,1,0,1,0,1,0,0.235266531313266,0
test_id,DS04_id,6,20,fan_flow_mod,3,0,-0.00237676000200872,-0.00064083909539917,1,0,1,0,1,0,0.235266531313266,0
test_id,DS04_id,6,20,HPC_eff_mod,4,0,0,-0,0,0,0,0,1,0,0.235266531313266,0
test_id,DS04_id,6,20,HPC_flow_mod,5,0,0,-0,0,0,0,0,1,0,0.235266531313266,0
test_id,DS04_id,6,20,LPT_eff_mod,6,0,0,-0,0,0,0,0,1,0,0.235266531313266,0
test_id,DS04_id,6,20,LPT_flow_mod,7,0,0,-0,0,0,0,0,1,0,0.235266531313266,0
test_id,DS04_id,6,20,LPC_eff_mod,8,0,0,-0.00377732335552125,0,0,0,0,1,0,0.235266531313266,0
test_id,DS04_id,6,20,LPC_flow_mod,9,0,0,-0,0,0,0,0,1,0,0.235266531313266,0
test_id,DS04_id,6,21,HPT_eff_mod,1,0,0,-0,0,0,0,0,1,0,0.293351188608069,0
test_id,DS04_id,6,21,fan_eff_mod,2,0,-0.00197985563761385,-0.00123847916356132,1,0,1,0,1,0,0.293351188608069,0
test_id,DS04_id,6,21,fan_flow_mod,3,0,0.00166662137139003,-0.00064083909539917,1,0,1,0,1,0,0.293351188608069,0
test_id,DS04_id,6,21,HPC_eff_mod,4,0,0,-0,0,0,0,0,1,0,0.293351188608069,0
test_id,DS04_id,6,21,HPC_flow_mod,5,0,0,-0,0,0,0,0,1,0,0.293351188608069,0
test_id,DS04_id,6,21,LPT_eff_mod,6,0,0,-0,0,0,0,0,1,0,0.293351188608069,0
test_id,DS04_id,6,21,LPT_flow_mod,7,0,0,-0,0,0,0,0,1,0,0.293351188608069,0
test_id,DS04_id,6,21,LPC_eff_mod,8,0,0,-0.00377732335552125,0,0,0,0,1,0,0.293351188608069,0
test_id,DS04_id,6,21,LPC_flow_mod,9,0,0,-0,0,0,0,0,1,0,0.293351188608069,0
test_id,DS04_id,6,22,HPT_eff_mod,1,0,0,-0,0,0,0,0,1,0,0.10834870270306,0
test_id,DS04_id,6,22,fan_eff_mod,2,0,-0.000801217340074101,-0.00123847916356132,1,0,1,0,1,0,0.10834870270306,0
test_id,DS04_id,6,22,fan_flow_mod,3,0,-0.00398719713323338,-0.00438859578568496,1,0,1,0,1,0,0.10834870270306,0
test_id,DS04_id,6,22,HPC_eff_mod,4,0,0,-0,0,0,0,0,1,0,0.10834870270306,0
test_id,DS04_id,6,22,HPC_flow_mod,5,0,0,-0,0,0,0,0,1,0,0.10834870270306,0
test_id,DS04_id,6,22,LPT_eff_mod,6,0,0,-0,0,0,0,0,1,0,0.10834870270306,0
test_id,DS04_id,6,22,LPT_flow_mod,7,0,0,-0,0,0,0,0,1,0,0.10834870270306,0
test_id,DS04_id,6,22,LPC_eff_mod,8,0,0,-0.00377732335552125,0,0,0,0,1,0,0.10834870270306,0
test_id,DS04_id,6,22,LPC_flow_mod,9,0,0,-0,0,0,0,0,1,0,0.10834870270306,0
test_id,DS04_id,6,23,HPT_eff_mod,1,0,0,-0,0,0,0,0,1,0,0.125308748169503,0
test_id,DS04_id,6,23,fan_eff_mod,2,0,-0.00176869462376983,-0.00123847916356132,1,0,1,0,1,0,0.125308748169503,0
test_id,DS04_id,6,23,fan_flow_mod,3,0,-0.00607828013568865,-0.00438859578568496,1,0,1,0,1,0,0.125308748169503,0
test_id,DS04_id,6,23,HPC_eff_mod,4,0,0,-0,0,0,0,0,1,0,0.125308748169503,0
test_id,DS04_id,6,23,HPC_flow_mod,5,0,0,-0,0,0,0,0,1,0,0.125308748169503,0
test_id,DS04_id,6,23,LPT_eff_mod,6,0,0,-0,0,0,0,0,1,0,0.125308748169503,0
test_id,DS04_id,6,23,LPT_flow_mod,7,0,0,-0,0,0,0,0,1,0,0.125308748169503,0
test_id,DS04_id,6,23,LPC_eff_mod,8,0,0,-0.00377732335552125,0,0,0,0,1,0,0.125308748169503,0
test_id,DS04_id,6,23,LPC_flow_mod,9,0,0,-0,0,0,0,0,1,0,0.125308748169503,0
test_id,DS04_id,6,24,HPT_eff_mod,1,0,0,-0,0,0,0,0,1,0,0.125377734712852,0
test_id,DS04_id,6,24,fan_eff_mod,2,0,-0.00190696540699631,-0.00123847916356132,1,0,1,0,1,0,0.125377734712852,0
test_id,DS04_id,6,24,fan_flow_mod,3,0,-0.00576515827390726,-0.00438859578568496,1,0,1,0,1,0,0.125377734712852,0
test_id,DS04_id,6,24,HPC_eff_mod,4,0,0,-0,0,0,0,0,1,0,0.125377734712852,0
test_id,DS04_id,6,24,HPC_flow_mod,5,0,0,-0,0,0,0,0,1,0,0.125377734712852,0
test_id,DS04_id,6,24,LPT_eff_mod,6,0,0,-0,0,0,0,0,1,0,0.125377734712852,0
test_id,DS04_id,6,24,LPT_flow_mod,7,0,0,-0,0,0,0,0,1,0,0.125377734712852,0
test_id,DS04_id,6,24,LPC_eff_mod,8,0,0,-0.00377732335552125,0,0,0,0,1,0,0.125377734712852,0
test_id,DS04_id,6,24,LPC_flow_mod,9,0,0,-0,0,0,0,0,1,0,0.125377734712852,0
test_id,DS04_id,6,25,HPT_eff_mod,1,0,0,-0,0,0,0,0,1,0,0.134188942381312,0
test_id,DS04_id,6,25,fan_eff_mod,2,0,-0.00270925816462424,-0.00123847916356132,1,0,1,0,1,0,0.134188942381312,0
test_id,DS04_id,6,25,fan_flow_mod,3,0,-0.00684635824420188,-0.00438859578568496,1,0,1,0,1,0,0.134188942381312,0
test_id,DS04_id,6,25,HPC_eff_mod,4,0,0,-0,0,0,0,0,1,0,0.134188942381312,0
test_id,DS04_id,6,25,HPC_flow_mod,5,0,0,-0,0,0,0,0,1,0,0.134188942381312,0
test_id,DS04_id,6,25,LPT_eff_mod,6,0,0,-0,0,0,0,0,1,0,0.134188942381312,0
test_id,DS04_id,6,25,LPT_flow_mod,7,0,0,-0,0,0,0,0,1,0,0.134188942381312,0
test_id,DS04_id,6,25,LPC_eff_mod,8,0,0,-0.00377732335552125,0,0,0,0,1,0,0.134188942381312,0
test_id,DS04_id,6,25,LPC_flow_mod,9,0,0,-0,0,0,0,0,1,0,0.134188942381312,0
test_id,DS04_id,6,26,HPT_eff_mod,1,0,0,-0,0,0,0,0,1,1,0.233495832620313,0
test_id,DS04_id,6,26,fan_eff_mod,2,0,-0.00337682571283696,-0.00181185956062979,1,0,1,0,1,1,0.233495832620313,0
test_id,DS04_id,6,26,fan_flow_mod,3,0,-0.00282853645545137,-0.00438859578568496,1,1,1,1,1,1,0.233495832620313,0
test_id,DS04_id,6,26,HPC_eff_mod,4,0,0,-0,0,0,0,0,1,1,0.233495832620313,0
test_id,DS04_id,6,26,HPC_flow_mod,5,0,0,-0,0,0,0,0,1,1,0.233495832620313,0
test_id,DS04_id,6,26,LPT_eff_mod,6,0,0,-0,0,0,0,0,1,1,0.233495832620313,0
test_id,DS04_id,6,26,LPT_flow_mod,7,0,0,-0,0,0,0,0,1,1,0.233495832620313,0
test_id,DS04_id,6,26,LPC_eff_mod,8,0,0,-0.00495188336123145,0,0,0,0,1,1,0.233495832620313,0
test_id,DS04_id,6,26,LPC_flow_mod,9,0,0,-0,0,0,0,0,1,1,0.233495832620313,0
test_id,DS04_id,6,27,HPT_eff_mod,1,0,0,-0,0,0,0,0,1,1,0.10089035171126,0
test_id,DS04_id,6,27,fan_eff_mod,2,0,-0.00366037683256263,-0.00181185956062979,1,0,1,0,1,1,0.10089035171126,0
test_id,DS04_id,6,27,fan_flow_mod,3,0,-0.00729131390166205,-0.00549405130478997,1,1,1,1,1,1,0.10089035171126,0
test_id,DS04_id,6,27,HPC_eff_mod,4,0,0,-0,0,0,0,0,1,1,0.10089035171126,0
test_id,DS04_id,6,27,HPC_flow_mod,5,0,0,-0,0,0,0,0,1,1,0.10089035171126,0
test_id,DS04_id,6,27,LPT_eff_mod,6,0,0,-0,0,0,0,0,1,1,0.10089035171126,0
test_id,DS04_id,6,27,LPT_flow_mod,7,0,0,-0,0,0,0,0,1,1,0.10089035171126,0
test_id,DS04_id,6,27,LPC_eff_mod,8,0,0,-0.00495188336123145,0,0,0,0,1,1,0.10089035171126,0
test_id,DS04_id,6,27,LPC_flow_mod,9,0,0,-0,0,0,0,0,1,1,0.10089035171126,0
test_id,DS04_id,6,28,HPT_eff_mod,1,0,0,-0,0,0,0,0,1,1,0.234457000120033,0
test_id,DS04_id,6,28,fan_eff_mod,2,0,-0.00375293737377464,-0.00181185956062979,1,0,1,0,1,1,0.234457000120033,0
test_id,DS04_id,6,28,fan_flow_mod,3,0,-0.00905919217927683,-0.00712453294702647,1,1,1,1,1,1,0.234457000120033,0
test_id,DS04_id,6,28,HPC_eff_mod,4,0,0,-0,0,0,0,0,1,1,0.234457000120033,0
test_id,DS04_id,6,28,HPC_flow_mod,5,0,0,-0,0,0,0,0,1,1,0.234457000120033,0
test_id,DS04_id,6,28,LPT_eff_mod,6,0,0,-0,0,0,0,0,1,1,0.234457000120033,0
test_id,DS04_id,6,28,LPT_flow_mod,7,0,0,-0,0,0,0,0,1,1,0.234457000120033,0
test_id,DS04_id,6,28,LPC_eff_mod,8,0,0,-0.00495188336123145,0,0,0,0,1,1,0.234457000120033,0
test_id,DS04_id,6,28,LPC_flow_mod,9,0,0,-0,0,0,0,0,1,1,0.234457000120033,0
test_id,DS04_id,6,29,HPT_eff_mod,1,0,0,-0,0,0,0,0,1,1,0.065811597182324,0
test_id,DS04_id,6,29,fan_eff_mod,2,0,-0.00367806465923604,-0.00261648956388057,1,0,1,0,1,1,0.065811597182324,0
test_id,DS04_id,6,29,fan_flow_mod,3,0,-0.00914525500042518,-0.00712453294702647,1,1,1,1,1,1,0.065811597182324,0
test_id,DS04_id,6,29,HPC_eff_mod,4,0,0,-0,0,0,0,0,1,1,0.065811597182324,0
test_id,DS04_id,6,29,HPC_flow_mod,5,0,0,-0,0,0,0,0,1,1,0.065811597182324,0
test_id,DS04_id,6,29,LPT_eff_mod,6,0,0,-0,0,0,0,0,1,1,0.065811597182324,0
test_id,DS04_id,6,29,LPT_flow_mod,7,0,0,-0,0,0,0,0,1,1,0.065811597182324,0
test_id,DS04_id,6,29,LPC_eff_mod,8,0,0,-0.00495188336123145,0,0,0,0,1,1,0.065811597182324,0
test_id,DS04_id,6,29,LPC_flow_mod,9,0,0,-0,0,0,0,0,1,1,0.065811597182324,0
test_id,DS04_id,6,30,HPT_eff_mod,1,0,0,-0,0,0,0,0,1,1,0.13159294370811,0
test_id,DS04_id,6,30,fan_eff_mod,2,0,-0.00496634681756623,-0.00442168398732238,1,0,1,0,1,1,0.13159294370811,0
test_id,DS04_id,6,30,fan_flow_mod,3,0,-0.00908513568142923,-0.00712453294702647,1,1,1,1,1,1,0.13159294370811,0
test_id,DS04_id,6,30,HPC_eff_mod,4,0,0,-0,0,0,0,0,1,1,0.13159294370811,0
test_id,DS04_id,6,30,HPC_flow_mod,5,0,0,-0,0,0,0,0,1,1,0.13159294370811,0
test_id,DS04_id,6,30,LPT_eff_mod,6,0,0,-0,0,0,0,0,1,1,0.13159294370811,0
test_id,DS04_id,6,30,LPT_flow_mod,7,0,0,-0,0,0,0,0,1,1,0.13159294370811,0
test_id,DS04_id,6,30,LPC_eff_mod,8,0,0,-0.00495188336123145,0,1,0,1,1,1,0.13159294370811,0
test_id,DS04_id,6,30,LPC_flow_mod,9,0,0,-0,0,0,0,0,1,1,0.13159294370811,0
test_id,DS04_id,6,31,HPT_eff_mod,1,0,0,-0,0,0,0,0,1,1,0.127895165100092,0
test_id,DS04_id,6,31,fan_eff_mod,2,0,-0.00534783963121991,-0.00481152279859114,1,0,1,0,1,1,0.127895165100092,0
test_id,DS04_id,6,31,fan_flow_mod,3,0,-0.00819901912447307,-0.00712453294702647,1,1,1,1,1,1,0.127895165100092,0
test_id,DS04_id,6,31,HPC_eff_mod,4,0,0,-0,0,0,0,0,1,1,0.127895165100092,0
test_id,DS04_id,6,31,HPC_flow_mod,5,0,0,-0,0,0,0,0,1,1,0.127895165100092,0
test_id,DS04_id,6,31,LPT_eff_mod,6,0,0,-0,0,0,0,0,1,1,0.127895165100092,0
test_id,DS04_id,6,31,LPT_flow_mod,7,0,0,-0,0,0,0,0,1,1,0.127895165100092,0
test_id,DS04_id,6,31,LPC_eff_mod,8,0,0,-0.00495188336123145,0,1,0,1,1,1,0.127895165100092,0
test_id,DS04_id,6,31,LPC_flow_mod,9,0,0,-0,0,0,0,0,1,1,0.127895165100092,0
test_id,DS04_id,6,32,HPT_eff_mod,1,0,0,-0,0,0,0,0,1,1,0.269631737737455,0
test_id,DS04_id,6,32,fan_eff_mod,2,0,-0.00548578191564223,-0.00481152279859114,1,0,1,0,1,1,0.269631737737455,0
test_id,DS04_id,6,32,fan_flow_mod,3,0,-0.011113653608942,-0.0116578299106431,1,1,1,1,1,1,0.269631737737455,0
test_id,DS04_id,6,32,HPC_eff_mod,4,0,0,-0,0,0,0,0,1,1,0.269631737737455,0
test_id,DS04_id,6,32,HPC_flow_mod,5,0,0,-0,0,0,0,0,1,1,0.269631737737455,0
test_id,DS04_id,6,32,LPT_eff_mod,6,0,0,-0,0,0,0,0,1,1,0.269631737737455,0
test_id,DS04_id,6,32,LPT_flow_mod,7,0,0,-0,0,0,0,0,1,1,0.269631737737455,0
test_id,DS04_id,6,32,LPC_eff_mod,8,0,0,-0.00495188336123145,0,1,0,1,1,1,0.269631737737455,0
test_id,DS04_id,6,32,LPC_flow_mod,9,0,0,-0,0,0,0,0,1,1,0.269631737737455,0
test_id,DS04_id,6,33,HPT_eff_mod,1,0,0,-0,0,0,0,0,1,1,0.124981626817025,0
test_id,DS04_id,6,33,fan_eff_mod,2,0,-0.00729122801258561,-0.00537937120955056,1,1,1,1,1,1,0.124981626817025,0
test_id,DS04_id,6,33,fan_flow_mod,3,0,-0.0145056445053463,-0.0116578299106431,1,1,1,1,1,1,0.124981626817025,0
test_id,DS04_id,6,33,HPC_eff_mod,4,0,0,-0,0,0,0,0,1,1,0.124981626817025,0
test_id,DS04_id,6,33,HPC_flow_mod,5,0,0,-0,0,0,0,0,1,1,0.124981626817025,0
test_id,DS04_id,6,33,LPT_eff_mod,6,0,0,-0,0,0,0,0,1,1,0.124981626817025,0
test_id,DS04_id,6,33,LPT_flow_mod,7,0,0,-0,0,0,0,0,1,1,0.124981626817025,0
test_id,DS04_id,6,33,LPC_eff_mod,8,0,0,-0.00495188336123145,0,1,0,1,1,1,0.124981626817025,0
test_id,DS04_id,6,33,LPC_flow_mod,9,0,0,-0,0,0,0,0,1,1,0.124981626817025,0
test_id,DS04_id,6,34,HPT_eff_mod,1,0,0,-0,0,0,0,0,1,1,0.177214589935976,0
test_id,DS04_id,6,34,fan_eff_mod,2,0,-0.00814408015141052,-0.00537937120955056,1,1,1,1,1,1,0.177214589935976,0
test_id,DS04_id,6,34,fan_flow_mod,3,0,-0.0130384632044621,-0.0116578299106431,1,1,1,1,1,1,0.177214589935976,0
test_id,DS04_id,6,34,HPC_eff_mod,4,0,0,-0,0,0,0,0,1,1,0.177214589935976,0
test_id,DS04_id,6,34,HPC_flow_mod,5,0,0,-0,0,0,0,0,1,1,0.177214589935976,0
test_id,DS04_id,6,34,LPT_eff_mod,6,0,0,-0,0,0,0,0,1,1,0.177214589935976,0
test_id,DS04_id,6,34,LPT_flow_mod,7,0,0,-0,0,0,0,0,1,1,0.177214589935976,0
test_id,DS04_id,6,34,LPC_eff_mod,8,0,0,-0.00495188336123145,0,1,0,1,1,1,0.177214589935976,0
test_id,DS04_id,6,34,LPC_flow_mod,9,0,0,-0,0,0,0,0,1,1,0.177214589935976,0
test_id,DS04_id,6,35,HPT_eff_mod,1,0,0,-0,0,0,0,0,1,1,0.0942944882757346,0
test_id,DS04_id,6,35,fan_eff_mod,2,0,-0.00992001928312856,-0.00742492191981826,1,1,1,1,1,1,0.0942944882757346,0
test_id,DS04_id,6,35,fan_flow_mod,3,0,-0.0141993174855901,-0.0116578299106431,1,1,1,1,1,1,0.0942944882757346,0
test_id,DS04_id,6,35,HPC_eff_mod,4,0,0,-0,0,0,0,0,1,1,0.0942944882757346,0
test_id,DS04_id,6,35,HPC_flow_mod,5,0,0,-0,0,0,0,0,1,1,0.0942944882757346,0
test_id,DS04_id,6,35,LPT_eff_mod,6,0,0,-0,0,0,0,0,1,1,0.0942944882757346,0
test_id,DS04_id,6,35,LPT_flow_mod,7,0,0,-0,0,0,0,0,1,1,0.0942944882757346,0
test_id,DS04_id,6,35,LPC_eff_mod,8,0,0,-0.00495188336123145,0,1,0,1,1,1,0.0942944882757346,0
test_id,DS04_id,6,35,LPC_flow_mod,9,0,0,-0,0,0,0,0,1,1,0.0942944882757346,0
test_id,DS04_id,6,36,HPT_eff_mod,1,0,0,-0,0,0,0,0,1,1,0.158719546064991,0
test_id,DS04_id,6,36,fan_eff_mod,2,0,-0.0102441935729481,-0.00742492191981826,1,1,1,1,1,1,0.158719546064991,0
test_id,DS04_id,6,36,fan_flow_mod,3,0,-0.0162980583070052,-0.0125364179338646,1,1,1,1,1,1,0.158719546064991,0
test_id,DS04_id,6,36,HPC_eff_mod,4,0,0,-0,0,0,0,0,1,1,0.158719546064991,0
test_id,DS04_id,6,36,HPC_flow_mod,5,0,0,-0,0,0,0,0,1,1,0.158719546064991,0
test_id,DS04_id,6,36,LPT_eff_mod,6,0,0,-0,0,0,0,0,1,1,0.158719546064991,0
test_id,DS04_id,6,36,LPT_flow_mod,7,0,0,-0,0,0,0,0,1,1,0.158719546064991,0
test_id,DS04_id,6,36,LPC_eff_mod,8,0,0,-0.00495188336123145,0,1,0,1,1,1,0.158719546064991,0
test_id,DS04_id,6,36,LPC_flow_mod,9,0,0,-0,0,0,0,0,1,1,0.158719546064991,0
test_id,DS04_id,6,37,HPT_eff_mod,1,0,0,-0,0,0,0,0,2,1,0.0933094703647676,0
test_id,DS04_id,6,37,fan_eff_mod,2,0,-0.0107383682585802,-0.00742492191981826,1,1,1,1,2,1,0.0933094703647676,0
test_id,DS04_id,6,37,fan_flow_mod,3,0,-0.0215613637870273,-0.0144515827034753,1,1,2,1,2,1,0.0933094703647676,0
test_id,DS04_id,6,37,HPC_eff_mod,4,0,0,-0,0,0,0,0,2,1,0.0933094703647676,0
test_id,DS04_id,6,37,HPC_flow_mod,5,0,0,-0,0,0,0,0,2,1,0.0933094703647676,0
test_id,DS04_id,6,37,LPT_eff_mod,6,0,0,-0,0,0,0,0,2,1,0.0933094703647676,0
test_id,DS04_id,6,37,LPT_flow_mod,7,0,0,-0,0,0,0,0,2,1,0.0933094703647676,0
test_id,DS04_id,6,37,LPC_eff_mod,8,0,0,-0.00495188336123145,0,1,0,1,2,1,0.0933094703647676,0
test_id,DS04_id,6,37,LPC_flow_mod,9,0,0,-0,0,0,0,0,2,1,0.0933094703647676,0
test_id,DS04_id,6,38,HPT_eff_mod,1,0,0,-0,0,0,0,0,2,1,0.0777715511587041,0
test_id,DS04_id,6,38,fan_eff_mod,2,0,-0.0122832981619313,-0.0108390383445888,1,1,1,1,2,1,0.0777715511587041,0
test_id,DS04_id,6,38,fan_flow_mod,3,0,-0.0210990878808461,-0.017738950659088,1,1,2,1,2,1,0.0777715511587041,0
test_id,DS04_id,6,38,HPC_eff_mod,4,0,0,-0,0,0,0,0,2,1,0.0777715511587041,0
test_id,DS04_id,6,38,HPC_flow_mod,5,0,0,-0,0,0,0,0,2,1,0.0777715511587041,0
test_id,DS04_id,6,38,LPT_eff_mod,6,0,0,-0,0,0,0,0,2,1,0.0777715511587041,0
test_id,DS04_id,6,38,LPT_flow_mod,7,0,0,-0,0,0,0,0,2,1,0.0777715511587041,0
test_id,DS04_id,6,38,LPC_eff_mod,8,0,0,-0.00495188336123145,0,1,0,1,2,1,0.0777715511587041,0
test_id,DS04_id,6,38,LPC_flow_mod,9,0,0,-0,0,0,0,0,2,1,0.0777715511587041,0
test_id,DS04_id,6,39,HPT_eff_mod,1,0,0,-0,0,0,0,0,2,2,0.144455112288,0
test_id,DS04_id,6,39,fan_eff_mod,2,0,-0.0127754194797737,-0.0108390383445888,1,1,1,1,2,2,0.144455112288,0
test_id,DS04_id,6,39,fan_flow_mod,3,0,-0.0257905075653112,-0.0225844084526689,1,1,2,2,2,2,0.144455112288,0
test_id,DS04_id,6,39,HPC_eff_mod,4,0,0,-0,0,0,0,0,2,2,0.144455112288,0
test_id,DS04_id,6,39,HPC_flow_mod,5,0,0,-0,0,0,0,0,2,2,0.144455112288,0
test_id,DS04_id,6,39,LPT_eff_mod,6,0,0,-0,0,0,0,0,2,2,0.144455112288,0
test_id,DS04_id,6,39,LPT_flow_mod,7,0,0,-0,0,0,0,0,2,2,0.144455112288,0
test_id,DS04_id,6,39,LPC_eff_mod,8,0,0,-0.00495188336123145,0,1,0,1,2,2,0.144455112288,0
test_id,DS04_id,6,39,LPC_flow_mod,9,0,0,-0,0,0,0,0,2,2,0.144455112288,0
test_id,DS04_id,6,40,HPT_eff_mod,1,0,0,-0,0,0,0,0,2,2,0.114778004874973,0
test_id,DS04_id,6,40,fan_eff_mod,2,0,-0.0147212234002544,-0.0111301980192525,1,1,1,1,2,2,0.114778004874973,0
test_id,DS04_id,6,40,fan_flow_mod,3,0,-0.0286145178411423,-0.0225844084526689,1,1,2,2,2,2,0.114778004874973,0
test_id,DS04_id,6,40,HPC_eff_mod,4,0,0,-0,0,0,0,0,2,2,0.114778004874973,0
test_id,DS04_id,6,40,HPC_flow_mod,5,0,0,-0,0,0,0,0,2,2,0.114778004874973,0
test_id,DS04_id,6,40,LPT_eff_mod,6,0,0,-0,0,0,0,0,2,2,0.114778004874973,0
test_id,DS04_id,6,40,LPT_flow_mod,7,0,0,-0,0,0,0,0,2,2,0.114778004874973,0
test_id,DS04_id,6,40,LPC_eff_mod,8,0,0,-0.00495188336123145,0,1,0,1,2,2,0.114778004874973,0
test_id,DS04_id,6,40,LPC_flow_mod,9,0,0,-0,0,0,0,0,2,2,0.114778004874973,0
test_id,DS04_id,6,41,HPT_eff_mod,1,0,0,-0,0,0,0,0,2,2,0.177994891870093,0
test_id,DS04_id,6,41,fan_eff_mod,2,0,-0.0161024632298196,-0.0146387746067695,1,1,1,1,2,2,0.177994891870093,0
test_id,DS04_id,6,41,fan_flow_mod,3,0,-0.0282428198160502,-0.0225844084526689,1,1,2,2,2,2,0.177994891870093,0
test_id,DS04_id,6,41,HPC_eff_mod,4,0,0,-0,0,0,0,0,2,2,0.177994891870093,0
test_id,DS04_id,6,41,HPC_flow_mod,5,0,0,-0,0,0,0,0,2,2,0.177994891870093,0
test_id,DS04_id,6,41,LPT_eff_mod,6,0,0,-0,0,0,0,0,2,2,0.177994891870093,0
test_id,DS04_id,6,41,LPT_flow_mod,7,0,0,-0,0,0,0,0,2,2,0.177994891870093,0
test_id,DS04_id,6,41,LPC_eff_mod,8,0,0,-0.00495188336123145,0,1,0,1,2,2,0.177994891870093,0
test_id,DS04_id,6,41,LPC_flow_mod,9,0,0,-0,0,0,0,0,2,2,0.177994891870093,0
test_id,DS04_id,6,42,HPT_eff_mod,1,0,0,-0,0,0,0,0,2,2,0.120094422967613,0
test_id,DS04_id,6,42,fan_eff_mod,2,0,-0.0176761913935049,-0.0146387746067695,1,1,1,1,2,2,0.120094422967613,0
test_id,DS04_id,6,42,fan_flow_mod,3,0,-0.0329182180855132,-0.0272308754373264,1,1,2,2,2,2,0.120094422967613,0
test_id,DS04_id,6,42,HPC_eff_mod,4,0,0,-0,0,0,0,0,2,2,0.120094422967613,0
test_id,DS04_id,6,42,HPC_flow_mod,5,0,0,-0,0,0,0,0,2,2,0.120094422967613,0
test_id,DS04_id,6,42,LPT_eff_mod,6,0,0,-0,0,0,0,0,2,2,0.120094422967613,0
test_id,DS04_id,6,42,LPT_flow_mod,7,0,0,-0,0,0,0,0,2,2,0.120094422967613,0
test_id,DS04_id,6,42,LPC_eff_mod,8,0,0,-0.00495188336123145,0,1,0,1,2,2,0.120094422967613,0
test_id,DS04_id,6,42,LPC_flow_mod,9,0,0,-0,0,0,0,0,2,2,0.120094422967613,0
test_id,DS04_id,6,43,HPT_eff_mod,1,0,0,-0,0,0,0,0,2,2,0.115074965374674,0
test_id,DS04_id,6,43,fan_eff_mod,2,0,-0.0198565515481252,-0.0162491743418069,1,1,1,1,2,2,0.115074965374674,0
test_id,DS04_id,6,43,fan_flow_mod,3,0,-0.0335202401980476,-0.0272308754373264,1,1,2,2,2,2,0.115074965374674,0
test_id,DS04_id,6,43,HPC_eff_mod,4,0,0,-0,0,0,0,0,2,2,0.115074965374674,0
test_id,DS04_id,6,43,HPC_flow_mod,5,0,0,-0,0,0,0,0,2,2,0.115074965374674,0
test_id,DS04_id,6,43,LPT_eff_mod,6,0,0,-0,0,0,0,0,2,2,0.115074965374674,0
test_id,DS04_id,6,43,LPT_flow_mod,7,0,0,-0,0,0,0,0,2,2,0.115074965374674,0
test_id,DS04_id,6,43,LPC_eff_mod,8,0,0,-0.00495188336123145,0,1,0,1,2,2,0.115074965374674,0
test_id,DS04_id,6,43,LPC_flow_mod,9,0,0,-0,0,0,0,0,2,2,0.115074965374674,0
test_id,DS04_id,6,44,HPT_eff_mod,1,0,0,-0,0,0,0,0,2,2,0.0892187837542515,0
test_id,DS04_id,6,44,fan_eff_mod,2,0,-0.0210117532716046,-0.0162491743418069,1,1,2,1,2,2,0.0892187837542515,0
test_id,DS04_id,6,44,fan_flow_mod,3,0,-0.0381602357074331,-0.0289935197300693,1,1,2,2,2,2,0.0892187837542515,0
test_id,DS04_id,6,44,HPC_eff_mod,4,0,0,-0,0,0,0,0,2,2,0.0892187837542515,0
test_id,DS04_id,6,44,HPC_flow_mod,5,0,0,-0,0,0,0,0,2,2,0.0892187837542515,0
test_id,DS04_id,6,44,LPT_eff_mod,6,0,0,-0,0,0,0,0,2,2,0.0892187837542515,0
test_id,DS04_id,6,44,LPT_flow_mod,7,0,0,-0,0,0,0,0,2,2,0.0892187837542515,0
test_id,DS04_id,6,44,LPC_eff_mod,8,0,0,-0.00495188336123145,0,1,0,1,2,2,0.0892187837542515,0
test_id,DS04_id,6,44,LPC_flow_mod,9,0,0,-0,0,0,0,0,2,2,0.0892187837542515,0
test_id,DS04_id,6,45,HPT_eff_mod,1,0,0,-0,0,0,0,0,2,2,0.15711435130131,0
test_id,DS04_id,6,45,fan_eff_mod,2,0,-0.0228967306994934,-0.0185284345022529,1,1,2,1,2,2,0.15711435130131,0
test_id,DS04_id,6,45,fan_flow_mod,3,0,-0.0424954962507782,-0.0316344675917249,1,1,2,2,2,2,0.15711435130131,0
test_id,DS04_id,6,45,HPC_eff_mod,4,0,0,-0,0,0,0,0,2,2,0.15711435130131,0
test_id,DS04_id,6,45,HPC_flow_mod,5,0,0,-0,0,0,0,0,2,2,0.15711435130131,0
test_id,DS04_id,6,45,LPT_eff_mod,6,0,0,-0,0,0,0,0,2,2,0.15711435130131,0
test_id,DS04_id,6,45,LPT_flow_mod,7,0,0,-0,0,0,0,0,2,2,0.15711435130131,0
test_id,DS04_id,6,45,LPC_eff_mod,8,0,0,-0.00495188336123145,0,1,0,1,2,2,0.15711435130131,0
test_id,DS04_id,6,45,LPC_flow_mod,9,0,0,-0,0,0,0,0,2,2,0.15711435130131,0
test_id,DS04_id,6,46,HPT_eff_mod,1,0,0,-0,0,0,0,0,2,2,0.0925423554376788,0
test_id,DS04_id,6,46,fan_eff_mod,2,0,-0.0255421352908366,-0.0198517883889239,1,1,2,1,2,2,0.0925423554376788,0
test_id,DS04_id,6,46,fan_flow_mod,3,0,-0.0453731483512816,-0.036801502356648,1,1,2,2,2,2,0.0925423554376788,0
test_id,DS04_id,6,46,HPC_eff_mod,4,0,0,-0,0,0,0,0,2,2,0.0925423554376788,0
test_id,DS04_id,6,46,HPC_flow_mod,5,0,0,-0,0,0,0,0,2,2,0.0925423554376788,0
test_id,DS04_id,6,46,LPT_eff_mod,6,0,0,-0,0,0,0,0,2,2,0.0925423554376788,0
test_id,DS04_id,6,46,LPT_flow_mod,7,0,0,-0,0,0,0,0,2,2,0.0925423554376788,0
test_id,DS04_id,6,46,LPC_eff_mod,8,0,0,-0.00495188336123145,0,1,0,1,2,2,0.0925423554376788,0
test_id,DS04_id,6,46,LPC_flow_mod,9,0,0,-0,0,0,0,0,2,2,0.0925423554376788,0
test_id,DS04_id,6,47,HPT_eff_mod,1,0,0,-0,0,0,0,0,2,2,0.217445856609105,0
test_id,DS04_id,6,47,fan_eff_mod,2,0,-0.0281726994345974,-0.0209037953350042,1,1,2,2,2,2,0.217445856609105,0
test_id,DS04_id,6,47,fan_flow_mod,3,0,-0.0472877347763605,-0.0398136799519134,1,1,2,2,2,2,0.217445856609105,0
test_id,DS04_id,6,47,HPC_eff_mod,4,0,0,-0,0,0,0,0,2,2,0.217445856609105,0
test_id,DS04_id,6,47,HPC_flow_mod,5,0,0,-0,0,0,0,0,2,2,0.217445856609105,0
test_id,DS04_id,6,47,LPT_eff_mod,6,0,0,-0,0,0,0,0,2,2,0.217445856609105,0
test_id,DS04_id,6,47,LPT_flow_mod,7,0,0,-0,0,0,0,0,2,2,0.217445856609105,0
test_id,DS04_id,6,47,LPC_eff_mod,8,0,0,-0.00495188336123145,0,1,0,1,2,2,0.217445856609105,0
test_id,DS04_id,6,47,LPC_flow_mod,9,0,0,-0,0,0,0,0,2,2,0.217445856609105,0
test_id,DS04_id,6,48,HPT_eff_mod,1,0,0,-0,0,0,0,0,2,2,0.105884434065622,0
test_id,DS04_id,6,48,fan_eff_mod,2,0,-0.0312323157951554,-0.0249818765297873,1,1,2,2,2,2,0.105884434065622,0
test_id,DS04_id,6,48,fan_flow_mod,3,0,-0.0518597095403047,-0.0398136799519134,1,1,2,2,2,2,0.105884434065622,0
test_id,DS04_id,6,48,HPC_eff_mod,4,0,0,-0,0,0,0,0,2,2,0.105884434065622,0
test_id,DS04_id,6,48,HPC_flow_mod,5,0,0,-0,0,0,0,0,2,2,0.105884434065622,0
test_id,DS04_id,6,48,LPT_eff_mod,6,0,0,-0,0,0,0,0,2,2,0.105884434065622,0
test_id,DS04_id,6,48,LPT_flow_mod,7,0,0,-0,0,0,0,0,2,2,0.105884434065622,0
test_id,DS04_id,6,48,LPC_eff_mod,8,0,0,-0.00495188336123145,0,1,0,1,2,2,0.105884434065622,0
test_id,DS04_id,6,48,LPC_flow_mod,9,0,0,-0,0,0,0,0,2,2,0.105884434065622,0
test_id,DS04_id,6,49,HPT_eff_mod,1,0,0,-0,0,0,0,0,2,2,0.234825368530244,0
test_id,DS04_id,6,49,fan_eff_mod,2,0,-0.0346992852131746,-0.0276179826756155,1,1,2,2,2,2,0.234825368530244,0
test_id,DS04_id,6,49,fan_flow_mod,3,0,-0.0583663789915466,-0.0398136799519134,1,1,2,2,2,2,0.234825368530244,0
test_id,DS04_id,6,49,HPC_eff_mod,4,0,0,-0,0,0,0,0,2,2,0.234825368530244,0
test_id,DS04_id,6,49,HPC_flow_mod,5,0,0,-0,0,0,0,0,2,2,0.234825368530244,0
test_id,DS04_id,6,49,LPT_eff_mod,6,0,0,-0,0,0,0,0,2,2,0.234825368530244,0
test_id,DS04_id,6,49,LPT_flow_mod,7,0,0,-0,0,0,0,0,2,2,0.234825368530244,0
test_id,DS04_id,6,49,LPC_eff_mod,8,0,0,-0.00495188336123145,0,1,0,1,2,2,0.234825368530244,0
test_id,DS04_id,6,49,LPC_flow_mod,9,0,0,-0,0,0,0,0,2,2,0.234825368530244,0
test_id,DS04_id,6,50,HPT_eff_mod,1,0,0,-0,0,0,0,0,2,2,0.0803635437834922,0
test_id,DS04_id,6,50,fan_eff_mod,2,0,-0.0374996803599063,-0.0276714521899201,1,1,2,2,2,2,0.0803635437834922,0
test_id,DS04_id,6,50,fan_flow_mod,3,0,-0.0609423026259416,-0.0436564149909466,1,1,2,2,2,2,0.0803635437834922,0
test_id,DS04_id,6,50,HPC_eff_mod,4,0,0,-0,0,0,0,0,2,2,0.0803635437834922,0
test_id,DS04_id,6,50,HPC_flow_mod,5,0,0,-0,0,0,0,0,2,2,0.0803635437834922,0
test_id,DS04_id,6,50,LPT_eff_mod,6,0,0,-0,0,0,0,0,2,2,0.0803635437834922,0
test_id,DS04_id,6,50,LPT_flow_mod,7,0,0,-0,0,0,0,0,2,2,0.0803635437834922,0
test_id,DS04_id,6,50,LPC_eff_mod,8,0,0,-0.00495188336123145,0,1,0,1,2,2,0.0803635437834922,0
test_id,DS04_id,6,50,LPC_flow_mod,9,0,0,-0,0,0,0,0,2,2,0.0803635437834922,0
test_id,DS04_id,6,51,HPT_eff_mod,1,0,0,-0,0,0,0,0,2,2,0.0976443859255869,0
test_id,DS04_id,6,51,fan_eff_mod,2,0,-0.0422845873244461,-0.0304285109512986,1,1,2,2,2,2,0.0976443859255869,0
test_id,DS04_id,6,51,fan_flow_mod,3,0,-0.0653236987622879,-0.0436564149909466,1,1,2,2,2,2,0.0976443859255869,0
test_id,DS04_id,6,51,HPC_eff_mod,4,0,0,-0,0,0,0,0,2,2,0.0976443859255869,0
test_id,DS04_id,6,51,HPC_flow_mod,5,0,0,-0,0,0,0,0,2,2,0.0976443859255869,0
test_id,DS04_id,6,51,LPT_eff_mod,6,0,0,-0,0,0,0,0,2,2,0.0976443859255869,0
test_id,DS04_id,6,51,LPT_flow_mod,7,0,0,-0,0,0,0,0,2,2,0.0976443859255869,0
test_id,DS04_id,6,51,LPC_eff_mod,8,0,0,-0.00495188336123145,0,1,0,1,2,2,0.0976443859255869,0
test_id,DS04_id,6,51,LPC_flow_mod,9,0,0,-0,0,0,0,0,2,2,0.0976443859255869,0
test_id,DS04_id,6,52,HPT_eff_mod,1,0,0,-0,0,0,0,0,2,2,0.122490697763759,0
test_id,DS04_id,6,52,fan_eff_mod,2,0,-0.0451706705206495,-0.0342468765448089,1,1,2,2,2,2,0.122490697763759,0
test_id,DS04_id,6,52,fan_flow_mod,3,0,-0.0754597881424968,-0.0561707422737571,1,1,2,2,2,2,0.122490697763759,0
test_id,DS04_id,6,52,HPC_eff_mod,4,0,0,-0.000631679312080813,0,0,0,0,2,2,0.122490697763759,0
test_id,DS04_id,6,52,HPC_flow_mod,5,0,0,-0,0,0,0,0,2,2,0.122490697763759,0
test_id,DS04_id,6,52,LPT_eff_mod,6,0,0,-0,0,0,0,0,2,2,0.122490697763759,0
test_id,DS04_id,6,52,LPT_flow_mod,7,0,0,-0,0,0,0,0,2,2,0.122490697763759,0
test_id,DS04_id,6,52,LPC_eff_mod,8,0,0,-0.00495188336123145,0,1,0,1,2,2,0.122490697763759,0
test_id,DS04_id,6,52,LPC_flow_mod,9,0,0,-0,0,0,0,0,2,2,0.122490697763759,0
test_id,DS04_id,6,53,HPT_eff_mod,1,0,0,-0,0,0,0,0,2,2,0.0916500323467866,0
test_id,DS04_id,6,53,fan_eff_mod,2,0,-0.0493435358278163,-0.0416846735383792,1,1,2,2,2,2,0.0916500323467866,0
test_id,DS04_id,6,53,fan_flow_mod,3,0,-0.0801358471336183,-0.062303830483352,1,1,2,2,2,2,0.0916500323467866,0
test_id,DS04_id,6,53,HPC_eff_mod,4,0,0,-0.000631679312080813,0,0,0,0,2,2,0.0916500323467866,0
test_id,DS04_id,6,53,HPC_flow_mod,5,0,0,-0,0,0,0,0,2,2,0.0916500323467866,0
test_id,DS04_id,6,53,LPT_eff_mod,6,0,0,-0,0,0,0,0,2,2,0.0916500323467866,0
test_id,DS04_id,6,53,LPT_flow_mod,7,0,0,-0,0,0,0,0,2,2,0.0916500323467866,0
test_id,DS04_id,6,53,LPC_eff_mod,8,0,0,-0.00495188336123145,0,1,0,1,2,2,0.0916500323467866,0
test_id,DS04_id,6,53,LPC_flow_mod,9,0,0,-0,0,0,0,0,2,2,0.0916500323467866,0
test_id,DS04_id,6,54,HPT_eff_mod,1,0,0,-0,0,0,0,0,2,2,0.147242761712534,0
test_id,DS04_id,6,54,fan_eff_mod,2,0,-0.0545633341033616,-0.0455947918641906,1,1,2,2,2,2,0.147242761712534,0
test_id,DS04_id,6,54,fan_flow_mod,3,0,-0.0860569848030538,-0.0684296238103045,1,1,2,2,2,2,0.147242761712534,0
test_id,DS04_id,6,54,HPC_eff_mod,4,0,0,-0.000631679312080813,0,0,0,0,2,2,0.147242761712534,0
test_id,DS04_id,6,54,HPC_flow_mod,5,0,0,-0,0,0,0,0,2,2,0.147242761712534,0
test_id,DS04_id,6,54,LPT_eff_mod,6,0,0,-0,0,0,0,0,2,2,0.147242761712534,0
test_id,DS04_id,6,54,LPT_flow_mod,7,0,0,-0,0,0,0,0,2,2,0.147242761712534,0
test_id,DS04_id,6,54,LPC_eff_mod,8,0,0,-0.00495188336123145,0,1,0,1,2,2,0.147242761712534,0
test_id,DS04_id,6,54,LPC_flow_mod,9,0,0,-0,0,0,0,0,2,2,0.147242761712534,0
test_id,DS04_id,6,55,HPT_eff_mod,1,0,0,-0,0,0,0,0,2,2,0.142507026500716,0
test_id,DS04_id,6,55,fan_eff_mod,2,0,-0.0595826819654442,-0.0531222389639178,1,1,2,2,2,2,0.142507026500716,0
test_id,DS04_id,6,55,fan_flow_mod,3,0,-0.0927649624548115,-0.083594852313038,1,1,2,2,2,2,0.142507026500716,0
test_id,DS04_id,6,55,HPC_eff_mod,4,0,0,-0.000631679312080813,0,0,0,0,2,2,0.142507026500716,0
test_id,DS04_id,6,55,HPC_flow_mod,5,0,0,-0,0,0,0,0,2,2,0.142507026500716,0
test_id,DS04_id,6,55,LPT_eff_mod,6,0,0,-0,0,0,0,0,2,2,0.142507026500716,0
test_id,DS04_id,6,55,LPT_flow_mod,7,0,0,-0,0,0,0,0,2,2,0.142507026500716,0
test_id,DS04_id,6,55,LPC_eff_mod,8,0,0,-0.00495188336123145,0,1,0,1,2,2,0.142507026500716,0
test_id,DS04_id,6,55,LPC_flow_mod,9,0,0,-0,0,0,0,0,2,2,0.142507026500716,0
test_id,DS04_id,6,56,HPT_eff_mod,1,0,0,-0,0,0,0,0,2,2,0.141522725740463,0
test_id,DS04_id,6,56,fan_eff_mod,2,0,-0.066848065314926,-0.0593500969532895,1,1,2,2,2,2,0.141522725740463,0
test_id,DS04_id,6,56,fan_flow_mod,3,0,-0.102413858489389,-0.083594852313038,1,1,2,2,2,2,0.141522725740463,0
test_id,DS04_id,6,56,HPC_eff_mod,4,0,0,-0.000631679312080813,0,0,0,0,2,2,0.141522725740463,0
test_id,DS04_id,6,56,HPC_flow_mod,5,0,0,-0,0,0,0,0,2,2,0.141522725740463,0
test_id,DS04_id,6,56,LPT_eff_mod,6,0,0,-0.00245527253910484,0,0,0,0,2,2,0.141522725740463,0
test_id,DS04_id,6,56,LPT_flow_mod,7,0,0,-0,0,0,0,0,2,2,0.141522725740463,0
test_id,DS04_id,6,56,LPC_eff_mod,8,0,0,-0.00495188336123145,0,1,0,1,2,2,0.141522725740463,0
test_id,DS04_id,6,56,LPC_flow_mod,9,0,0,-0,0,0,0,0,2,2,0.141522725740463,0
test_id,DS04_id,6,57,HPT_eff_mod,1,0,0,-0,0,0,0,0,2,2,0.0767361278197879,0
test_id,DS04_id,6,57,fan_eff_mod,2,0,-0.0712162781565535,-0.0593500969532895,1,1,2,2,2,2,0.0767361278197879,0
test_id,DS04_id,6,57,fan_flow_mod,3,0,-0.10928814634328,-0.0865569414410441,1,1,2,2,2,2,0.0767361278197879,0
test_id,DS04_id,6,57,HPC_eff_mod,4,0,0,-0.000631679312080813,0,0,0,0,2,2,0.0767361278197879,0
test_id,DS04_id,6,57,HPC_flow_mod,5,0,0,-0,0,0,0,0,2,2,0.0767361278197879,0
test_id,DS04_id,6,57,LPT_eff_mod,6,0,0,-0.00245527253910484,0,0,0,0,2,2,0.0767361278197879,0
test_id,DS04_id,6,57,LPT_flow_mod,7,0,0,-0,0,0,0,0,2,2,0.0767361278197879,0
test_id,DS04_id,6,57,LPC_eff_mod,8,0,0,-0.00495188336123145,0,1,0,1,2,2,0.0767361278197879,0
test_id,DS04_id,6,57,LPC_flow_mod,9,0,0,-0,0,0,0,0,2,2,0.0767361278197879,0
test_id,DS04_id,6,58,HPT_eff_mod,1,0,0,-0,0,0,0,0,2,2,0.118039055161833,0
test_id,DS04_id,6,58,fan_eff_mod,2,0,-0.079471209046667,-0.0634084694381528,1,1,2,2,2,2,0.118039055161833,0
test_id,DS04_id,6,58,fan_flow_mod,3,0,-0.119132077104383,-0.0943248515918221,1,1,2,2,2,2,0.118039055161833,0
test_id,DS04_id,6,58,HPC_eff_mod,4,0,0,-0.000631679312080813,0,0,0,0,2,2,0.118039055161833,0
test_id,DS04_id,6,58,HPC_flow_mod,5,0,0,-0,0,0,0,0,2,2,0.118039055161833,0
test_id,DS04_id,6,58,LPT_eff_mod,6,0,0,-0.00286501802969323,0,0,0,0,2,2,0.118039055161833,0
test_id,DS04_id,6,58,LPT_flow_mod,7,0,0,-0,0,0,0,0,2,2,0.118039055161833,0
test_id,DS04_id,6,58,LPC_eff_mod,8,0,0,-0.00495188336123145,0,1,0,1,2,2,0.118039055161833,0
test_id,DS04_id,6,58,LPC_flow_mod,9,0,0,-0,0,0,0,0,2,2,0.118039055161833,0
test_id,DS04_id,6,59,HPT_eff_mod,1,0,0,-0,0,0,0,0,2,2,0.171289798844175,0
test_id,DS04_id,6,59,fan_eff_mod,2,0,-0.0877685166342774,-0.0682177514498131,1,1,2,2,2,2,0.171289798844175,0
test_id,DS04_id,6,59,fan_flow_mod,3,0,-0.130398643339566,-0.0943248515918221,1,1,2,2,2,2,0.171289798844175,0
test_id,DS04_id,6,59,HPC_eff_mod,4,0,0,-0.000631679312080813,0,0,0,0,2,2,0.171289798844175,0
test_id,DS04_id,6,59,HPC_flow_mod,5,0,0,-0,0,0,0,0,2,2,0.171289798844175,0
test_id,DS04_id,6,59,LPT_eff_mod,6,0,0,-0.00286501802969323,0,0,0,0,2,2,0.171289798844175,0
test_id,DS04_id,6,59,LPT_flow_mod,7,0,0,-0,0,0,0,0,2,2,0.171289798844175,0
test_id,DS04_id,6,59,LPC_eff_mod,8,0,0,-0.00495188336123145,0,1,0,1,2,2,0.171289798844175,0
test_id,DS04_id,6,59,LPC_flow_mod,9,0,0,-0,0,0,0,0,2,2,0.171289798844175,0
test_id,DS04_id,6,60,HPT_eff_mod,1,0,0,-0,0,0,0,0,3,2,0.124281512925961,0
test_id,DS04_id,6,60,fan_eff_mod,2,0,-0.0965878328278946,-0.0895971727278519,1,1,2,2,3,2,0.124281512925961,0
test_id,DS04_id,6,60,fan_flow_mod,3,0,-0.13733401204182,-0.121756513652129,1,1,3,2,3,2,0.124281512925961,0
test_id,DS04_id,6,60,HPC_eff_mod,4,0,0,-0.000631679312080813,0,0,0,0,3,2,0.124281512925961,0
test_id,DS04_id,6,60,HPC_flow_mod,5,0,0,-0,0,0,0,0,3,2,0.124281512925961,0
test_id,DS04_id,6,60,LPT_eff_mod,6,0,0,-0.00286501802969323,0,0,0,0,3,2,0.124281512925961,0
test_id,DS04_id,6,60,LPT_flow_mod,7,0,0,-0,0,0,0,0,3,2,0.124281512925961,0
test_id,DS04_id,6,60,LPC_eff_mod,8,0,0,-0.00495188336123145,0,1,0,1,3,2,0.124281512925961,0
test_id,DS04_id,6,60,LPC_flow_mod,9,0,0,-0,0,0,0,0,3,2,0.124281512925961,0
test_id,DS04_id,6,61,HPT_eff_mod,1,0,0,-0,0,0,0,0,3,3,0.191117256393591,0
test_id,DS04_id,6,61,fan_eff_mod,2,0,-0.105350018019383,-0.0942952657432928,1,1,2,2,3,3,0.191117256393591,0
test_id,DS04_id,6,61,fan_flow_mod,3,0,-0.151743795180894,-0.133681951312053,1,1,3,3,3,3,0.191117256393591,0
test_id,DS04_id,6,61,HPC_eff_mod,4,0,0,-0.000631679312080813,0,0,0,0,3,3,0.191117256393591,0
test_id,DS04_id,6,61,HPC_flow_mod,5,0,0,-0.000367387968676181,0,0,0,0,3,3,0.191117256393591,0
test_id,DS04_id,6,61,LPT_eff_mod,6,0,0,-0.00286501802969323,0,0,0,0,3,3,0.191117256393591,0
test_id,DS04_id,6,61,LPT_flow_mod,7,0,0,-0,0,0,0,0,3,3,0.191117256393591,0
test_id,DS04_id,6,61,LPC_eff_mod,8,0,0,-0.00495188336123145,0,1,0,1,3,3,0.191117256393591,0
test_id,DS04_id,6,61,LPC_flow_mod,9,0,0,-0,0,0,0,0,3,3,0.191117256393591,0
test_id,DS04_id,6,62,HPT_eff_mod,1,0,0,-0,0,0,0,0,3,3,0.193870146857195,0
test_id,DS04_id,6,62,fan_eff_mod,2,0,-0.115539845135544,-0.10093149803458,1,1,2,2,3,3,0.193870146857195,0
test_id,DS04_id,6,62,fan_flow_mod,3,0,-0.163828677000025,-0.133681951312053,1,1,3,3,3,3,0.193870146857195,0
test_id,DS04_id,6,62,HPC_eff_mod,4,0,0,-0.000631679312080813,0,0,0,0,3,3,0.193870146857195,0
test_id,DS04_id,6,62,HPC_flow_mod,5,0,0,-0.000367387968676181,0,0,0,0,3,3,0.193870146857195,0
test_id,DS04_id,6,62,LPT_eff_mod,6,0,0,-0.00286501802969323,0,0,0,0,3,3,0.193870146857195,0
test_id,DS04_id,6,62,LPT_flow_mod,7,0,0,-0,0,0,0,0,3,3,0.193870146857195,0
test_id,DS04_id,6,62,LPC_eff_mod,8,0,0,-0.00495188336123145,0,1,0,1,3,3,0.193870146857195,0
test_id,DS04_id,6,62,LPC_flow_mod,9,0,0,-0,0,0,0,0,3,3,0.193870146857195,0
test_id,DS04_id,6,63,HPT_eff_mod,1,0,0,-0,0,0,0,0,3,3,0.0528569053733385,0
test_id,DS04_id,6,63,fan_eff_mod,2,0,-0.127262212802641,-0.11739457577009,1,1,2,2,3,3,0.0528569053733385,0
test_id,DS04_id,6,63,fan_flow_mod,3,0,-0.182779236348057,-0.165553899104786,1,1,3,3,3,3,0.0528569053733385,0
test_id,DS04_id,6,63,HPC_eff_mod,4,0,0,-0.000631679312080813,0,0,0,0,3,3,0.0528569053733385,0
test_id,DS04_id,6,63,HPC_flow_mod,5,0,0,-0.000367387968676181,0,0,0,0,3,3,0.0528569053733385,0
test_id,DS04_id,6,63,LPT_eff_mod,6,0,0,-0.00286501802969323,0,0,0,0,3,3,0.0528569053733385,0
test_id,DS04_id,6,63,LPT_flow_mod,7,0,0,-0,0,0,0,0,3,3,0.0528569053733385,0
test_id,DS04_id,6,63,LPC_eff_mod,8,0,0,-0.006989355720853,0,1,0,1,3,3,0.0528569053733385,0
test_id,DS04_id,6,63,LPC_flow_mod,9,0,0,-0,0,0,0,0,3,3,0.0528569053733385,0
test_id,DS04_id,6,64,HPT_eff_mod,1,0,0,-0,0,0,0,0,3,3,0.11279007996825,0
test_id,DS04_id,6,64,fan_eff_mod,2,0,-0.141019278253753,-0.130438521189606,1,1,3,2,3,3,0.11279007996825,0
test_id,DS04_id,6,64,fan_flow_mod,3,0,-0.194388927092216,-0.176949460383863,1,1,3,3,3,3,0.11279007996825,0
test_id,DS04_id,6,64,HPC_eff_mod,4,0,0,-0.000631679312080813,0,0,0,0,3,3,0.11279007996825,0
test_id,DS04_id,6,64,HPC_flow_mod,5,0,0,-0.000367387968676181,0,0,0,0,3,3,0.11279007996825,0
test_id,DS04_id,6,64,LPT_eff_mod,6,0,0,-0.00286501802969323,0,0,0,0,3,3,0.11279007996825,0
test_id,DS04_id,6,64,LPT_flow_mod,7,0,0,-0,0,0,0,0,3,3,0.11279007996825,0
test_id,DS04_id,6,64,LPC_eff_mod,8,0,0,-0.006989355720853,0,1,0,1,3,3,0.11279007996825,0
test_id,DS04_id,6,64,LPC_flow_mod,9,0,0,-0,0,0,0,0,3,3,0.11279007996825,0
test_id,DS04_id,6,65,HPT_eff_mod,1,0,0,-0,0,0,0,0,3,3,0.0834128395173114,0
test_id,DS04_id,6,65,fan_eff_mod,2,0,-0.154351743943042,-0.143276065560742,1,1,3,3,3,3,0.0834128395173114,0
test_id,DS04_id,6,65,fan_flow_mod,3,0,-0.214088398176274,-0.196048800921337,1,1,3,3,3,3,0.0834128395173114,0
test_id,DS04_id,6,65,HPC_eff_mod,4,0,0,-0.000631679312080813,0,0,0,0,3,3,0.0834128395173114,0
test_id,DS04_id,6,65,HPC_flow_mod,5,0,0,-0.000367387968676181,0,0,0,0,3,3,0.0834128395173114,0
test_id,DS04_id,6,65,LPT_eff_mod,6,0,0,-0.00286501802969323,0,0,0,0,3,3,0.0834128395173114,0
test_id,DS04_id,6,65,LPT_flow_mod,7,0,0,-0,0,0,0,0,3,3,0.0834128395173114,0
test_id,DS04_id,6,65,LPC_eff_mod,8,0,0,-0.006989355720853,0,1,0,1,3,3,0.0834128395173114,0
test_id,DS04_id,6,65,LPC_flow_mod,9,0,0,-0,0,0,0,0,3,3,0.0834128395173114,0
test_id,DS04_id,6,66,HPT_eff_mod,1,0,0,-0,0,0,0,0,3,3,0.0597935379070302,0
test_id,DS04_id,6,66,fan_eff_mod,2,0,-0.171494988601805,-0.163983356734416,1,1,3,3,3,3,0.0597935379070302,0
test_id,DS04_id,6,66,fan_flow_mod,3,0,-0.230065224600089,-0.215545639878573,1,1,3,3,3,3,0.0597935379070302,0
test_id,DS04_id,6,66,HPC_eff_mod,4,0,0,-0.000631679312080813,0,0,0,0,3,3,0.0597935379070302,0
test_id,DS04_id,6,66,HPC_flow_mod,5,0,0,-0.00135292185021294,0,0,0,0,3,3,0.0597935379070302,0
test_id,DS04_id,6,66,LPT_eff_mod,6,0,0,-0.00286501802969323,0,0,0,0,3,3,0.0597935379070302,0
test_id,DS04_id,6,66,LPT_flow_mod,7,0,0,-0,0,0,0,0,3,3,0.0597935379070302,0
test_id,DS04_id,6,66,LPC_eff_mod,8,0,0,-0.006989355720853,0,1,0,1,3,3,0.0597935379070302,0
test_id,DS04_id,6,66,LPC_flow_mod,9,0,0,-0,0,0,0,0,3,3,0.0597935379070302,0
test_id,DS04_id,6,67,HPT_eff_mod,1,0,0,-0,0,0,0,0,3,3,0.670223757529436,1
test_id,DS04_id,6,67,fan_eff_mod,2,0,-0.187868589614526,-0.165321358836797,1,1,3,3,3,3,0.670223757529436,1
test_id,DS04_id,6,67,fan_flow_mod,3,0,-0.251923391154792,-0.219680510329842,1,1,3,3,3,3,0.670223757529436,1
test_id,DS04_id,6,67,HPC_eff_mod,4,0,0,-0.00166951735046087,0,0,0,0,3,3,0.670223757529436,1
test_id,DS04_id,6,67,HPC_flow_mod,5,0,0,-0.00135292185021294,0,0,0,0,3,3,0.670223757529436,1
test_id,DS04_id,6,67,LPT_eff_mod,6,0,0,-0.00286501802969323,0,0,0,0,3,3,0.670223757529436,1
test_id,DS04_id,6,67,LPT_flow_mod,7,0,0,-0,0,0,0,0,3,3,0.670223757529436,1
test_id,DS04_id,6,67,LPC_eff_mod,8,0,0,-0.00825937855521854,0,1,0,1,3,3,0.670223757529436,1
test_id,DS04_id,6,67,LPC_flow_mod,9,0,0,-0,0,0,0,0,3,3,0.670223757529436,1
test_id,DS04_id,6,68,HPT_eff_mod,1,0,0,-0,0,0,0,0,3,3,0.409631552802041,0
test_id,DS04_id,6,68,fan_eff_mod,2,0,-0.209119589875729,-0.185525351144043,1,1,3,3,3,3,0.409631552802041,0
test_id,DS04_id,6,68,fan_flow_mod,3,0,-0.269902406574478,-0.219680510329842,1,1,3,3,3,3,0.409631552802041,0
test_id,DS04_id,6,68,HPC_eff_mod,4,0,0,-0.00166951735046087,0,0,0,0,3,3,0.409631552802041,0
test_id,DS04_id,6,68,HPC_flow_mod,5,0,0,-0.00135292185021294,0,0,0,0,3,3,0.409631552802041,0
test_id,DS04_id,6,68,LPT_eff_mod,6,0,0,-0.00286501802969323,0,0,0,0,3,3,0.409631552802041,0
test_id,DS04_id,6,68,LPT_flow_mod,7,0,0,-0,0,0,0,0,3,3,0.409631552802041,0
test_id,DS04_id,6,68,LPC_eff_mod,8,0,0,-0.00825937855521854,0,1,0,1,3,3,0.409631552802041,0
test_id,DS04_id,6,68,LPC_flow_mod,9,0,0,-0,0,0,0,0,3,3,0.409631552802041,0
test_id,DS04_id,6,69,HPT_eff_mod,1,0,0,-0,0,0,0,0,3,3,0.307346008589766,0
test_id,DS04_id,6,69,fan_eff_mod,2,0,-0.230036237918749,-0.19338482200767,1,1,3,3,3,3,0.307346008589766,0
test_id,DS04_id,6,69,fan_flow_mod,3,0,-0.292559482658239,-0.219680510329842,1,1,3,3,3,3,0.307346008589766,0
test_id,DS04_id,6,69,HPC_eff_mod,4,0,0,-0.00166951735046087,0,0,0,0,3,3,0.307346008589766,0
test_id,DS04_id,6,69,HPC_flow_mod,5,0,0,-0.00135292185021294,0,0,0,0,3,3,0.307346008589766,0
test_id,DS04_id,6,69,LPT_eff_mod,6,0,0,-0.00286501802969323,0,0,0,0,3,3,0.307346008589766,0
test_id,DS04_id,6,69,LPT_flow_mod,7,0,0,-0,0,0,0,0,3,3,0.307346008589766,0
test_id,DS04_id,6,69,LPC_eff_mod,8,0,0,-0.00825937855521854,0,1,0,1,3,3,0.307346008589766,0
test_id,DS04_id,6,69,LPC_flow_mod,9,0,0,-0,0,0,0,0,3,3,0.307346008589766,0
test_id,DS04_id,6,70,HPT_eff_mod,1,0,0,-0,0,0,0,0,3,3,0.521065812488206,0
test_id,DS04_id,6,70,fan_eff_mod,2,0,-0.254839458021139,-0.245730713350405,1,1,3,3,3,3,0.521065812488206,0
test_id,DS04_id,6,70,fan_flow_mod,3,0,-0.321895272096346,-0.306725945930037,1,1,3,3,3,3,0.521065812488206,0
test_id,DS04_id,6,70,HPC_eff_mod,4,0,0,-0.00422701240034081,0,0,0,0,3,3,0.521065812488206,0
test_id,DS04_id,6,70,HPC_flow_mod,5,0,0,-0.00289082379548603,0,0,0,0,3,3,0.521065812488206,0
test_id,DS04_id,6,70,LPT_eff_mod,6,0,0,-0.00286501802969323,0,0,0,0,3,3,0.521065812488206,0
test_id,DS04_id,6,70,LPT_flow_mod,7,0,0,-0,0,0,0,0,3,3,0.521065812488206,0
test_id,DS04_id,6,70,LPC_eff_mod,8,0,0,-0.00825937855521854,0,1,0,1,3,3,0.521065812488206,0
test_id,DS04_id,6,70,LPC_flow_mod,9,0,0,-0,0,0,0,0,3,3,0.521065812488206,0
test_id,DS04_id,6,71,HPT_eff_mod,1,0,0,-0,0,0,0,0,3,3,0.52901449148947,0
test_id,DS04_id,6,71,fan_eff_mod,2,0,-0.282093247087166,-0.264597288322075,1,1,3,3,3,3,0.52901449148947,0
test_id,DS04_id,6,71,fan_flow_mod,3,0,-0.35069879043563,-0.306725945930037,1,1,3,3,3,3,0.52901449148947,0
test_id,DS04_id,6,71,HPC_eff_mod,4,0,0,-0.00422701240034081,0,0,0,0,3,3,0.52901449148947,0
test_id,DS04_id,6,71,HPC_flow_mod,5,0,0,-0.00289082379548603,0,0,0,0,3,3,0.52901449148947,0
test_id,DS04_id,6,71,LPT_eff_mod,6,0,0,-0.00286501802969323,0,0,0,0,3,3,0.52901449148947,0
test_id,DS04_id,6,71,LPT_flow_mod,7,0,0,-0,0,0,0,0,3,3,0.52901449148947,0
test_id,DS04_id,6,71,LPC_eff_mod,8,0,0,-0.00825937855521854,0,1,0,1,3,3,0.52901449148947,0
test_id,DS04_id,6,71,LPC_flow_mod,9,0,0,-0,0,0,0,0,3,3,0.52901449148947,0
test_id,DS04_id,6,72,HPT_eff_mod,1,0,0,-0,0,0,0,0,3,3,0.14367284194341,0
test_id,DS04_id,6,72,fan_eff_mod,2,0,-0.311223904598584,-0.291477458542759,1,1,3,3,3,3,0.14367284194341,0
test_id,DS04_id,6,72,fan_flow_mod,3,0,-0.381012699618305,-0.33634661697048,1,1,3,3,3,3,0.14367284194341,0
test_id,DS04_id,6,72,HPC_eff_mod,4,0,0,-0.00884544818329237,0,0,0,0,3,3,0.14367284194341,0
test_id,DS04_id,6,72,HPC_flow_mod,5,0,0,-0.00725629990173093,0,0,0,0,3,3,0.14367284194341,0
test_id,DS04_id,6,72,LPT_eff_mod,6,0,0,-0.00286501802969323,0,0,0,0,3,3,0.14367284194341,0
test_id,DS04_id,6,72,LPT_flow_mod,7,0,0,-0,0,0,0,0,3,3,0.14367284194341,0
test_id,DS04_id,6,72,LPC_eff_mod,8,0,0,-0.00825937855521854,0,1,0,1,3,3,0.14367284194341,0
test_id,DS04_id,6,72,LPC_flow_mod,9,0,0,-0,0,0,0,0,3,3,0.14367284194341,0
test_id,DS04_id,6,73,HPT_eff_mod,1,0,0,-0,0,0,0,0,3,3,1.20596962605813,1
test_id,DS04_id,6,73,fan_eff_mod,2,0,-0.345834727277375,-0.352006693572325,1,1,3,3,3,3,1.20596962605813,1
test_id,DS04_id,6,73,fan_flow_mod,3,0,-0.416275743098677,-0.431975364399821,1,1,3,3,3,3,1.20596962605813,1
test_id,DS04_id,6,73,HPC_eff_mod,4,0,0,-0.00884544818329237,0,0,0,0,3,3,1.20596962605813,1
test_id,DS04_id,6,73,HPC_flow_mod,5,0,0,-0.00746185703424788,0,0,0,0,3,3,1.20596962605813,1
test_id,DS04_id,6,73,LPT_eff_mod,6,0,0,-0.00286501802969323,0,0,0,0,3,3,1.20596962605813,1
test_id,DS04_id,6,73,LPT_flow_mod,7,0,0,-0,0,0,0,0,3,3,1.20596962605813,1
test_id,DS04_id,6,73,LPC_eff_mod,8,0,0,-0.00825937855521854,0,1,0,1,3,3,1.20596962605813,1
test_id,DS04_id,6,73,LPC_flow_mod,9,0,0,-0.00339880520511341,0,0,0,0,3,3,1.20596962605813,1
test_id,DS04_id,6,74,HPT_eff_mod,1,0,0,-0,0,0,0,0,3,3,1.20170117121202,1
test_id,DS04_id,6,74,fan_eff_mod,2,0,-0.38336387665822,-0.391208946477182,1,1,3,3,3,3,1.20170117121202,1
test_id,DS04_id,6,74,fan_flow_mod,3,0,-0.451162856279698,-0.431975364399821,1,1,3,3,3,3,1.20170117121202,1
test_id,DS04_id,6,74,HPC_eff_mod,4,0,0,-0.00884544818329237,0,0,0,0,3,3,1.20170117121202,1
test_id,DS04_id,6,74,HPC_flow_mod,5,0,0,-0.00746185703424788,0,0,0,0,3,3,1.20170117121202,1
test_id,DS04_id,6,74,LPT_eff_mod,6,0,0,-0.00286501802969323,0,0,0,0,3,3,1.20170117121202,1
test_id,DS04_id,6,74,LPT_flow_mod,7,0,0,-0,0,0,0,0,3,3,1.20170117121202,1
test_id,DS04_id,6,74,LPC_eff_mod,8,0,0,-0.00825937855521854,0,1,0,1,3,3,1.20170117121202,1
test_id,DS04_id,6,74,LPC_flow_mod,9,0,0,-0.00339880520511341,0,0,0,0,3,3,1.20170117121202,1
test_id,DS04_id,6,75,HPT_eff_mod,1,0,0,-0,0,0,0,0,3,3,0.196595216617615,0
test_id,DS04_id,6,75,fan_eff_mod,2,0,-0.42499121051282,-0.450606231222364,1,1,3,3,3,3,0.196595216617615,0
test_id,DS04_id,6,75,fan_flow_mod,3,0,-0.490978371614904,-0.513862572894152,1,1,3,3,3,3,0.196595216617615,0
test_id,DS04_id,6,75,HPC_eff_mod,4,0,0,-0.018230671361069,0,0,0,0,3,3,0.196595216617615,0
test_id,DS04_id,6,75,HPC_flow_mod,5,0,0,-0.0106579633813058,0,0,0,0,3,3,0.196595216617615,0
test_id,DS04_id,6,75,LPT_eff_mod,6,0,0,-0.00286501802969323,0,0,0,0,3,3,0.196595216617615,0
test_id,DS04_id,6,75,LPT_flow_mod,7,0,0,-0,0,0,0,0,3,3,0.196595216617615,0
test_id,DS04_id,6,75,LPC_eff_mod,8,0,0,-0.00825937855521854,0,1,0,1,3,3,0.196595216617615,0
test_id,DS04_id,6,75,LPC_flow_mod,9,0,0,-0.00741114922886157,0,0,0,0,3,3,0.196595216617615,0
test_id,DS04_id,6,76,HPT_eff_mod,1,0,0,-0,0,0,0,0,3,3,0.101252427419091,0
test_id,DS04_id,6,76,fan_eff_mod,2,0,-0.471549900221893,-0.495031802013682,1,1,3,3,3,3,0.101252427419091,0
test_id,DS04_id,6,76,fan_flow_mod,3,0,-0.533820635518997,-0.547731031507903,1,1,3,3,3,3,0.101252427419091,0
test_id,DS04_id,6,76,HPC_eff_mod,4,0,0,-0.018230671361069,0,0,0,0,3,3,0.101252427419091,0
test_id,DS04_id,6,76,HPC_flow_mod,5,0,0,-0.015683763729753,0,0,0,0,3,3,0.101252427419091,0
test_id,DS04_id,6,76,LPT_eff_mod,6,0,0,-0.00286501802969323,0,0,0,0,3,3,0.101252427419091,0
test_id,DS04_id,6,76,LPT_flow_mod,7,0,0,-0,0,0,0,0,3,3,0.101252427419091,0
test_id,DS04_id,6,76,LPC_eff_mod,8,0,0,-0.00825937855521854,0,1,0,1,3,3,0.101252427419091,0
test_id,DS04_id,6,76,LPC_flow_mod,9,0,0,-0.00741114922886157,0,0,0,0,3,3,0.101252427419091,0
test_id,DS04_id,6,77,HPT_eff_mod,1,0,0,-0,0,0,0,0,3,3,0.347960083483909,0
test_id,DS04_id,6,77,fan_eff_mod,2,0,-0.523461991664818,-0.575656256229558,1,1,3,3,3,3,0.347960083483909,0
test_id,DS04_id,6,77,fan_flow_mod,3,0,-0.580497841080575,-0.649852559871011,1,1,3,3,3,3,0.347960083483909,0
test_id,DS04_id,6,77,HPC_eff_mod,4,0,0,-0.018230671361069,0,0,0,0,3,3,0.347960083483909,0
test_id,DS04_id,6,77,HPC_flow_mod,5,0,0,-0.015683763729753,0,0,0,0,3,3,0.347960083483909,0
test_id,DS04_id,6,77,LPT_eff_mod,6,0,0,-0.00723413733286244,0,0,0,0,3,3,0.347960083483909,0
test_id,DS04_id,6,77,LPT_flow_mod,7,0,0,-0,0,0,0,0,3,3,0.347960083483909,0
test_id,DS04_id,6,77,LPC_eff_mod,8,0,0,-0.00825937855521854,0,1,0,1,3,3,0.347960083483909,0
test_id,DS04_id,6,77,LPC_flow_mod,9,0,0,-0.0092306561307282,0,0,0,0,3,3,0.347960083483909,0
test_id,DS04_id,6,78,HPT_eff_mod,1,0,0,-0,0,0,0,0,3,3,0.327879897366635,0
test_id,DS04_id,6,78,fan_eff_mod,2,0,-0.5811528595868,-0.60631619412223,1,1,3,3,3,3,0.327879897366635,0
test_id,DS04_id,6,78,fan_flow_mod,3,0,-0.637444022796627,-0.649852559871011,1,1,3,3,3,3,0.327879897366635,0
test_id,DS04_id,6,78,HPC_eff_mod,4,0,0,-0.0289429178430205,0,0,0,0,3,3,0.327879897366635,0
test_id,DS04_id,6,78,HPC_flow_mod,5,0,0,-0.0234403672597203,0,0,0,0,3,3,0.327879897366635,0
test_id,DS04_id,6,78,LPT_eff_mod,6,0,0,-0.00723413733286244,0,0,0,0,3,3,0.327879897366635,0
test_id,DS04_id,6,78,LPT_flow_mod,7,0,0,-0,0,0,0,0,3,3,0.327879897366635,0
test_id,DS04_id,6,78,LPC_eff_mod,8,0,0,-0.00825937855521854,0,1,0,1,3,3,0.327879897366635,0
test_id,DS04_id,6,78,LPC_flow_mod,9,0,0,-0.0092306561307282,0,0,0,0,3,3,0.327879897366635,0
test_id,DS04_id,6,79,HPT_eff_mod,1,0,0,-0,0,0,0,0,3,3,1.17144494192022,1
test_id,DS04_id,6,79,fan_eff_mod,2,0,-0.647959983030504,-0.721849596451811,1,1,3,3,3,3,1.17144494192022,1
test_id,DS04_id,6,79,fan_flow_mod,3,0,-0.693606877580339,-0.799956113959073,1,1,3,3,3,3,1.17144494192022,1
test_id,DS04_id,6,79,HPC_eff_mod,4,0,0,-0.0289429178430205,0,0,0,0,3,3,1.17144494192022,1
test_id,DS04_id,6,79,HPC_flow_mod,5,0,0,-0.0234403672597203,0,1,0,2,3,3,1.17144494192022,1
test_id,DS04_id,6,79,LPT_eff_mod,6,0,0,-0.0134496334029313,0,0,0,0,3,3,1.17144494192022,1
test_id,DS04_id,6,79,LPT_flow_mod,7,0,0,-0,0,0,0,0,3,3,1.17144494192022,1
test_id,DS04_id,6,79,LPC_eff_mod,8,0,0,-0.00825937855521854,0,1,0,1,3,3,1.17144494192022,1
test_id,DS04_id,6,79,LPC_flow_mod,9,0,0,-0.0092306561307282,0,0,0,0,3,3,1.17144494192022,1
test_id,DS04_id,6,80,HPT_eff_mod,1,0,0,-0,0,0,0,0,3,3,1.17426247272025,1
test_id,DS04_id,6,80,fan_eff_mod,2,0,-0.721163421188525,-0.774155887805494,1,1,3,3,3,3,1.17426247272025,1
test_id,DS04_id,6,80,fan_flow_mod,3,0,-0.759921533162644,-0.799956113959073,1,1,3,3,3,3,1.17426247272025,1
test_id,DS04_id,6,80,HPC_eff_mod,4,0,0,-0.0289429178430205,0,0,0,0,3,3,1.17426247272025,1
test_id,DS04_id,6,80,HPC_flow_mod,5,0,0,-0.0234403672597203,0,1,0,2,3,3,1.17426247272025,1
test_id,DS04_id,6,80,LPT_eff_mod,6,0,0,-0.0134496334029313,0,0,0,0,3,3,1.17426247272025,1
test_id,DS04_id,6,80,LPT_flow_mod,7,0,0,-0,0,0,0,0,3,3,1.17426247272025,1
test_id,DS04_id,6,80,LPC_eff_mod,8,0,0,-0.0293556069608888,0,1,0,2,3,3,1.17426247272025,1
test_id,DS04_id,6,80,LPC_flow_mod,9,0,0,-0.0092306561307282,0,0,0,0,3,3,1.17426247272025,1
test_id,DS04_id,6,81,HPT_eff_mod,1,0,0,-0,0,0,0,0,3,3,0.169017139563231,0
test_id,DS04_id,6,81,fan_eff_mod,2,0,-0.803577348378597,-0.999865165445028,1,1,3,3,3,3,0.169017139563231,0
test_id,DS04_id,6,81,fan_flow_mod,3,0,-0.831399490345892,-1.08531037550822,1,1,3,3,3,3,0.169017139563231,0
test_id,DS04_id,6,81,HPC_eff_mod,4,0,0,-0.0747526156706502,0,0,0,0,3,3,0.169017139563231,0
test_id,DS04_id,6,81,HPC_flow_mod,5,0,0,-0.0581896516199799,0,1,0,2,3,3,0.169017139563231,0
test_id,DS04_id,6,81,LPT_eff_mod,6,0,0,-0.0134496334029313,0,0,0,0,3,3,0.169017139563231,0
test_id,DS04_id,6,81,LPT_flow_mod,7,0,0,-0,0,0,0,0,3,3,0.169017139563231,0
test_id,DS04_id,6,81,LPC_eff_mod,8,0,0,-0.0469867338703307,0,1,0,2,3,3,0.169017139563231,0
test_id,DS04_id,6,81,LPC_flow_mod,9,0,0,-0.12575006839717,0,0,0,0,3,3,0.169017139563231,0
test_id,DS04_id,6,82,HPT_eff_mod,1,0,0,-0,0,0,0,0,3,3,0.144189841329848,0
test_id,DS04_id,6,82,fan_eff_mod,2,0,-0.896752843543778,-1.1088936462271,1,1,3,3,3,3,0.144189841329848,0
test_id,DS04_id,6,82,fan_flow_mod,3,0,-0.908230140455661,-1.17802821455687,1,1,3,3,3,3,0.144189841329848,0
test_id,DS04_id,6,82,HPC_eff_mod,4,0,0,-0.0804019576152946,0,1,0,2,3,3,0.144189841329848,0
test_id,DS04_id,6,82,HPC_flow_mod,5,0,0,-0.0626080349507193,0,1,0,2,3,3,0.144189841329848,0
test_id,DS04_id,6,82,LPT_eff_mod,6,0,0,-0.0134496334029313,0,0,0,0,3,3,0.144189841329848,0
test_id,DS04_id,6,82,LPT_flow_mod,7,0,0,-0,0,0,0,0,3,3,0.144189841329848,0
test_id,DS04_id,6,82,LPC_eff_mod,8,0,0,-0.0625439349106304,0,1,0,2,3,3,0.144189841329848,0
test_id,DS04_id,6,82,LPC_flow_mod,9,0,0,-0.12575006839717,0,0,0,0,3,3,0.144189841329848,0
test_id,DS04_id,6,83,HPT_eff_mod,1,0,0,-0,0,0,0,0,3,3,0.156699457949994,0
test_id,DS04_id,6,83,fan_eff_mod,2,0,-0.999629006780166,-1.26994331978454,1,1,3,3,3,3,0.156699457949994,0
test_id,DS04_id,6,83,fan_flow_mod,3,0,-0.99302020554266,-1.33539931772935,1,1,3,3,3,3,0.156699457949994,0
test_id,DS04_id,6,83,HPC_eff_mod,4,0,0,-0.0995024253165634,0,1,0,2,3,3,0.156699457949994,0
test_id,DS04_id,6,83,HPC_flow_mod,5,0,0,-0.0945739294866626,0,1,0,2,3,3,0.156699457949994,0
test_id,DS04_id,6,83,LPT_eff_mod,6,0,0,-0.0134496334029313,0,1,0,1,3,3,0.156699457949994,0
test_id,DS04_id,6,83,LPT_flow_mod,7,0,0,-0,0,0,0,0,3,3,0.156699457949994,0
test_id,DS04_id,6,83,LPC_eff_mod,8,0,0,-0.0825892566525353,0,1,0,2,3,3,0.156699457949994,0
test_id,DS04_id,6,83,LPC_flow_mod,9,0,0,-0.168616675418973,0,0,0,0,3,3,0.156699457949994,0
test_id,DS05_id,2,1,HPT_eff_mod,1,1,0,-0,0,0,0,0,0,0,0.0911924579788637,0
test_id,DS05_id,2,1,fan_eff_mod,2,1,0,-0,0,0,0,0,0,0,0.0911924579788637,0
test_id,DS05_id,2,1,fan_flow_mod,3,1,0,-0,0,0,0,0,0,0,0.0911924579788637,0
test_id,DS05_id,2,1,HPC_eff_mod,4,1,0.00463379844581187,-0,0,0,0,0,0,0,0.0911924579788637,0
test_id,DS05_id,2,1,HPC_flow_mod,5,1,0.00310956874508003,-0,0,0,0,0,0,0,0.0911924579788637,0
test_id,DS05_id,2,1,LPT_eff_mod,6,1,0,-0,0,0,0,0,0,0,0.0911924579788637,0
test_id,DS05_id,2,1,LPT_flow_mod,7,1,0,-0,0,0,0,0,0,0,0.0911924579788637,0
test_id,DS05_id,2,1,LPC_eff_mod,8,1,0,-0,0,0,0,0,0,0,0.0911924579788637,0
test_id,DS05_id,2,1,LPC_flow_mod,9,1,0,-0,0,0,0,0,0,0,0.0911924579788637,0
test_id,DS05_id,2,2,HPT_eff_mod,1,1,0,-0,0,0,0,0,0,0,0.0815138307628884,0
test_id,DS05_id,2,2,fan_eff_mod,2,1,0,-0,0,0,0,0,0,0,0.0815138307628884,0
test_id,DS05_id,2,2,fan_flow_mod,3,1,0,-0,0,0,0,0,0,0,0.0815138307628884,0
test_id,DS05_id,2,2,HPC_eff_mod,4,1,-0.00267166364543394,-0,0,0,0,0,0,0,0.0815138307628884,0
test_id,DS05_id,2,2,HPC_flow_mod,5,1,-0.00130762102039155,-0,0,0,0,0,0,0,0.0815138307628884,0
test_id,DS05_id,2,2,LPT_eff_mod,6,1,0,-0.00178134758857341,0,0,0,0,0,0,0.0815138307628884,0
test_id,DS05_id,2,2,LPT_flow_mod,7,1,0,-0,0,0,0,0,0,0,0.0815138307628884,0
test_id,DS05_id,2,2,LPC_eff_mod,8,1,0,-0,0,0,0,0,0,0,0.0815138307628884,0
test_id,DS05_id,2,2,LPC_flow_mod,9,1,0,-0,0,0,0,0,0,0,0.0815138307628884,0
test_id,DS05_id,2,3,HPT_eff_mod,1,1,0,-0,0,0,0,0,0,0,0.124542760242698,0
test_id,DS05_id,2,3,fan_eff_mod,2,1,0,-0,0,0,0,0,0,0,0.124542760242698,0
test_id,DS05_id,2,3,fan_flow_mod,3,1,0,-0,0,0,0,0,0,0,0.124542760242698,0
test_id,DS05_id,2,3,HPC_eff_mod,4,1,-0.00196213480037713,-0,0,0,0,0,0,0,0.124542760242698,0
test_id,DS05_id,2,3,HPC_flow_mod,5,1,-0.00180194772468901,-0,0,0,0,0,0,0,0.124542760242698,0
test_id,DS05_id,2,3,LPT_eff_mod,6,1,0,-0.00178134758857341,0,0,0,0,0,0,0.124542760242698,0
test_id,DS05_id,2,3,LPT_flow_mod,7,1,0,-0,0,0,0,0,0,0,0.124542760242698,0
test_id,DS05_id,2,3,LPC_eff_mod,8,1,0,-0,0,0,0,0,0,0,0.124542760242698,0
test_id,DS05_id,2,3,LPC_flow_mod,9,1,0,-0,0,0,0,0,0,0,0.124542760242698,0
test_id,DS05_id,2,4,HPT_eff_mod,1,1,0,-0,0,0,0,0,0,0,0.189869990862711,0
test_id,DS05_id,2,4,fan_eff_mod,2,1,0,-0,0,0,0,0,0,0,0.189869990862711,0
test_id,DS05_id,2,4,fan_flow_mod,3,1,0,-0,0,0,0,0,0,0,0.189869990862711,0
test_id,DS05_id,2,4,HPC_eff_mod,4,1,0.0102146237423079,-0,0,0,0,0,0,0,0.189869990862711,0
test_id,DS05_id,2,4,HPC_flow_mod,5,1,-0.00244447189069272,-0,0,0,0,0,0,0,0.189869990862711,0
test_id,DS05_id,2,4,LPT_eff_mod,6,1,0,-0.00429339686849569,0,0,0,0,0,0,0.189869990862711,0
test_id,DS05_id,2,4,LPT_flow_mod,7,1,0,-0,0,0,0,0,0,0,0.189869990862711,0
test_id,DS05_id,2,4,LPC_eff_mod,8,1,0,-0,0,0,0,0,0,0,0.189869990862711,0
test_id,DS05_id,2,4,LPC_flow_mod,9,1,0,-0,0,0,0,0,0,0,0.189869990862711,0
test_id,DS05_id,2,5,HPT_eff_mod,1,1,0,-0,0,0,0,0,0,0,0.107563135511531,0
test_id,DS05_id,2,5,fan_eff_mod,2,1,0,-0,0,0,0,0,0,0,0.107563135511531,0
test_id,DS05_id,2,5,fan_flow_mod,3,1,0,-0,0,0,0,0,0,0,0.107563135511531,0
test_id,DS05_id,2,5,HPC_eff_mod,4,1,-0.00460662730631414,-0,0,0,0,0,0,0,0.107563135511531,0
test_id,DS05_id,2,5,HPC_flow_mod,5,1,0.002312352387261,-0,0,0,0,0,0,0,0.107563135511531,0
test_id,DS05_id,2,5,LPT_eff_mod,6,1,0,-0.00429339686849569,0,0,0,0,0,0,0.107563135511531,0
test_id,DS05_id,2,5,LPT_flow_mod,7,1,0,-0.000610589417679242,0,0,0,0,0,0,0.107563135511531,0
test_id,DS05_id,2,5,LPC_eff_mod,8,1,0,-0,0,0,0,0,0,0,0.107563135511531,0
test_id,DS05_id,2,5,LPC_flow_mod,9,1,0,-0,0,0,0,0,0,0,0.107563135511531,0
test_id,DS05_id,2,6,HPT_eff_mod,1,1,0,-0,0,0,0,0,0,0,0.127088516666636,0
test_id,DS05_id,2,6,fan_eff_mod,2,1,0,-0,0,0,0,0,0,0,0.127088516666636,0
test_id,DS05_id,2,6,fan_flow_mod,3,1,0,-0,0,0,0,0,0,0,0.127088516666636,0
test_id,DS05_id,2,6,HPC_eff_mod,4,1,-0.0033832348436626,-0,0,0,0,0,0,0,0.127088516666636,0
test_id,DS05_id,2,6,HPC_flow_mod,5,1,0.000955153651652788,-0,0,0,0,0,0,0,0.127088516666636,0
test_id,DS05_id,2,6,LPT_eff_mod,6,1,0,-0.00429339686849569,0,0,0,0,0,0,0.127088516666636,0
test_id,DS05_id,2,6,LPT_flow_mod,7,1,0,-0.000610589417679242,0,0,0,0,0,0,0.127088516666636,0
test_id,DS05_id,2,6,LPC_eff_mod,8,1,0,-0,0,0,0,0,0,0,0.127088516666636,0
test_id,DS05_id,2,6,LPC_flow_mod,9,1,0,-0,0,0,0,0,0,0,0.127088516666636,0
test_id,DS05_id,2,7,HPT_eff_mod,1,1,0,-0,0,0,0,0,0,0,0.151959959877132,0
test_id,DS05_id,2,7,fan_eff_mod,2,1,0,-0,0,0,0,0,0,0,0.151959959877132,0
test_id,DS05_id,2,7,fan_flow_mod,3,1,0,-0,0,0,0,0,0,0,0.151959959877132,0
test_id,DS05_id,2,7,HPC_eff_mod,4,1,-0.00253847562285372,-0,0,0,0,0,0,0,0.151959959877132,0
test_id,DS05_id,2,7,HPC_flow_mod,5,1,0.00208337154392968,-0,0,0,0,0,0,0,0.151959959877132,0
test_id,DS05_id,2,7,LPT_eff_mod,6,1,0,-0.00429339686849569,0,0,0,0,0,0,0.151959959877132,0
test_id,DS05_id,2,7,LPT_flow_mod,7,1,0,-0.000610589417679242,0,0,0,0,0,0,0.151959959877132,0
test_id,DS05_id,2,7,LPC_eff_mod,8,1,0,-0,0,0,0,0,0,0,0.151959959877132,0
test_id,DS05_id,2,7,LPC_flow_mod,9,1,0,-0,0,0,0,0,0,0,0.151959959877132,0
test_id,DS05_id,2,8,HPT_eff_mod,1,1,0,-0,0,0,0,0,0,0,0.137842739807914,0
test_id,DS05_id,2,8,fan_eff_mod,2,1,0,-0,0,0,0,0,0,0,0.137842739807914,0
test_id,DS05_id,2,8,fan_flow_mod,3,1,0,-0,0,0,0,0,0,0,0.137842739807914,0
test_id,DS05_id,2,8,HPC_eff_mod,4,1,0.00347524760230063,-0,0,0,0,0,0,0,0.137842739807914,0
test_id,DS05_id,2,8,HPC_flow_mod,5,1,0.00077337330700461,-0,0,0,0,0,0,0,0.137842739807914,0
test_id,DS05_id,2,8,LPT_eff_mod,6,1,0,-0.00429339686849569,0,0,0,0,0,0,0.137842739807914,0
test_id,DS05_id,2,8,LPT_flow_mod,7,1,0,-0.000610589417679242,0,0,0,0,0,0,0.137842739807914,0
test_id,DS05_id,2,8,LPC_eff_mod,8,1,0,-0,0,0,0,0,0,0,0.137842739807914,0
test_id,DS05_id,2,8,LPC_flow_mod,9,1,0,-0,0,0,0,0,0,0,0.137842739807914,0
test_id,DS05_id,2,9,HPT_eff_mod,1,1,0,-0,0,0,0,0,0,0,0.0936742758963973,0
test_id,DS05_id,2,9,fan_eff_mod,2,1,0,-0,0,0,0,0,0,0,0.0936742758963973,0
test_id,DS05_id,2,9,fan_flow_mod,3,1,0,-0,0,0,0,0,0,0,0.0936742758963973,0
test_id,DS05_id,2,9,HPC_eff_mod,4,1,-0.000240116659409866,-0,0,0,0,0,0,0,0.0936742758963973,0
test_id,DS05_id,2,9,HPC_flow_mod,5,1,-0.0036964290255001,-0,0,0,0,0,0,0,0.0936742758963973,0
test_id,DS05_id,2,9,LPT_eff_mod,6,1,0,-0.00429339686849569,0,0,0,0,0,0,0.0936742758963973,0
test_id,DS05_id,2,9,LPT_flow_mod,7,1,0,-0.000610589417679242,0,0,0,0,0,0,0.0936742758963973,0
test_id,DS05_id,2,9,LPC_eff_mod,8,1,0,-0,0,0,0,0,0,0,0.0936742758963973,0
test_id,DS05_id,2,9,LPC_flow_mod,9,1,0,-0,0,0,0,0,0,0,0.0936742758963973,0
test_id,DS05_id,2,10,HPT_eff_mod,1,1,0,-0,0,0,0,0,0,0,0.133231425831418,0
test_id,DS05_id,2,10,fan_eff_mod,2,1,0,-0,0,0,0,0,0,0,0.133231425831418,0
test_id,DS05_id,2,10,fan_flow_mod,3,1,0,-0,0,0,0,0,0,0,0.133231425831418,0
test_id,DS05_id,2,10,HPC_eff_mod,4,1,-0.000300556451723763,-0,0,0,0,0,0,0,0.133231425831418,0
test_id,DS05_id,2,10,HPC_flow_mod,5,1,0.00113747319798617,-0,0,0,0,0,0,0,0.133231425831418,0
test_id,DS05_id,2,10,LPT_eff_mod,6,1,0,-0.00429339686849569,0,0,0,0,0,0,0.133231425831418,0
test_id,DS05_id,2,10,LPT_flow_mod,7,1,0,-0.000610589417679242,0,0,0,0,0,0,0.133231425831418,0
test_id,DS05_id,2,10,LPC_eff_mod,8,1,0,-0,0,0,0,0,0,0,0.133231425831418,0
test_id,DS05_id,2,10,LPC_flow_mod,9,1,0,-0,0,0,0,0,0,0,0.133231425831418,0
test_id,DS05_id,2,11,HPT_eff_mod,1,1,0,-0,0,0,0,0,0,0,0.158589621351975,0
test_id,DS05_id,2,11,fan_eff_mod,2,1,0,-0,0,0,0,0,0,0,0.158589621351975,0
test_id,DS05_id,2,11,fan_flow_mod,3,1,0,-0,0,0,0,0,0,0,0.158589621351975,0
test_id,DS05_id,2,11,HPC_eff_mod,4,1,-0.00254847983639784,-0,0,0,0,0,0,0,0.158589621351975,0
test_id,DS05_id,2,11,HPC_flow_mod,5,1,0.000390704088079719,-0,0,0,0,0,0,0,0.158589621351975,0
test_id,DS05_id,2,11,LPT_eff_mod,6,1,0,-0.00429339686849569,0,0,0,0,0,0,0.158589621351975,0
test_id,DS05_id,2,11,LPT_flow_mod,7,1,0,-0.000610589417679242,0,0,0,0,0,0,0.158589621351975,0
test_id,DS05_id,2,11,LPC_eff_mod,8,1,0,-0,0,0,0,0,0,0,0.158589621351975,0
test_id,DS05_id,2,11,LPC_flow_mod,9,1,0,-0,0,0,0,0,0,0,0.158589621351975,0
test_id,DS05_id,2,12,HPT_eff_mod,1,1,0,-0,0,0,0,0,0,0,0.110096428313839,0
test_id,DS05_id,2,12,fan_eff_mod,2,1,0,-0,0,0,0,0,0,0,0.110096428313839,0
test_id,DS05_id,2,12,fan_flow_mod,3,1,0,-0,0,0,0,0,0,0,0.110096428313839,0
test_id,DS05_id,2,12,HPC_eff_mod,4,1,0.0024118358150094,-0,0,0,0,0,0,0,0.110096428313839,0
test_id,DS05_id,2,12,HPC_flow_mod,5,1,0.000806088272996362,-0,0,0,0,0,0,0,0.110096428313839,0
test_id,DS05_id,2,12,LPT_eff_mod,6,1,0,-0.00429339686849569,0,0,0,0,0,0,0.110096428313839,0
test_id,DS05_id,2,12,LPT_flow_mod,7,1,0,-0.000610589417679242,0,0,0,0,0,0,0.110096428313839,0
test_id,DS05_id,2,12,LPC_eff_mod,8,1,0,-0,0,0,0,0,0,0,0.110096428313839,0
test_id,DS05_id,2,12,LPC_flow_mod,9,1,0,-0,0,0,0,0,0,0,0.110096428313839,0
test_id,DS05_id,2,13,HPT_eff_mod,1,1,0,-0,0,0,0,0,0,0,0.136014774569707,0
test_id,DS05_id,2,13,fan_eff_mod,2,1,0,-0,0,0,0,0,0,0,0.136014774569707,0
test_id,DS05_id,2,13,fan_flow_mod,3,1,0,-0,0,0,0,0,0,0,0.136014774569707,0
test_id,DS05_id,2,13,HPC_eff_mod,4,1,-0.00849014748653602,-0.00401884214900649,0,0,0,0,0,0,0.136014774569707,0
test_id,DS05_id,2,13,HPC_flow_mod,5,1,-0.00295430955864539,-0.00115803952581342,0,0,0,0,0,0,0.136014774569707,0
test_id,DS05_id,2,13,LPT_eff_mod,6,1,0,-0.00429339686849569,0,0,0,0,0,0,0.136014774569707,0
test_id,DS05_id,2,13,LPT_flow_mod,7,1,0,-0.000610589417679242,0,0,0,0,0,0,0.136014774569707,0
test_id,DS05_id,2,13,LPC_eff_mod,8,1,0,-0,0,0,0,0,0,0,0.136014774569707,0
test_id,DS05_id,2,13,LPC_flow_mod,9,1,0,-0,0,0,0,0,0,0,0.136014774569707,0
test_id,DS05_id,2,14,HPT_eff_mod,1,1,0,-0,0,0,0,0,0,0,0.0917260772253867,0
test_id,DS05_id,2,14,fan_eff_mod,2,1,0,-0,0,0,0,0,0,0,0.0917260772253867,0
test_id,DS05_id,2,14,fan_flow_mod,3,1,0,-0,0,0,0,0,0,0,0.0917260772253867,0
test_id,DS05_id,2,14,HPC_eff_mod,4,1,-0.0102738367639462,-0.00401884214900649,0,0,0,0,0,0,0.0917260772253867,0
test_id,DS05_id,2,14,HPC_flow_mod,5,1,-0.00124139890145583,-0.00115803952581342,0,0,0,0,0,0,0.0917260772253867,0
test_id,DS05_id,2,14,LPT_eff_mod,6,1,0,-0.00429339686849569,0,0,0,0,0,0,0.0917260772253867,0
test_id,DS05_id,2,14,LPT_flow_mod,7,1,0,-0.000610589417679242,0,0,0,0,0,0,0.0917260772253867,0
test_id,DS05_id,2,14,LPC_eff_mod,8,1,0,-0,0,0,0,0,0,0,0.0917260772253867,0
test_id,DS05_id,2,14,LPC_flow_mod,9,1,0,-0,0,0,0,0,0,0,0.0917260772253867,0
test_id,DS05_id,2,15,HPT_eff_mod,1,1,0,-0,0,0,0,0,0,0,0.109793956682557,0
test_id,DS05_id,2,15,fan_eff_mod,2,1,0,-0,0,0,0,0,0,0,0.109793956682557,0
test_id,DS05_id,2,15,fan_flow_mod,3,1,0,-0,0,0,0,0,0,0,0.109793956682557,0
test_id,DS05_id,2,15,HPC_eff_mod,4,1,0.0017697809376186,-0.00401884214900649,0,0,0,0,0,0,0.109793956682557,0
test_id,DS05_id,2,15,HPC_flow_mod,5,1,-0.00308934754535857,-0.00115803952581342,0,0,0,0,0,0,0.109793956682557,0
test_id,DS05_id,2,15,LPT_eff_mod,6,1,0,-0.00429339686849569,0,0,0,0,0,0,0.109793956682557,0
test_id,DS05_id,2,15,LPT_flow_mod,7,1,0,-0.000610589417679242,0,0,0,0,0,0,0.109793956682557,0
test_id,DS05_id,2,15,LPC_eff_mod,8,1,0,-0,0,0,0,0,0,0,0.109793956682557,0
test_id,DS05_id,2,15,LPC_flow_mod,9,1,0,-0,0,0,0,0,0,0,0.109793956682557,0
test_id,DS05_id,2,16,HPT_eff_mod,1,1,0,-0,0,0,0,0,0,0,0.0811563291721796,0
test_id,DS05_id,2,16,fan_eff_mod,2,1,0,-0,0,0,0,0,0,0,0.0811563291721796,0
test_id,DS05_id,2,16,fan_flow_mod,3,1,0,-0,0,0,0,0,0,0,0.0811563291721796,0
test_id,DS05_id,2,16,HPC_eff_mod,4,1,-0.0128528535545503,-0.00401884214900649,0,0,0,0,0,0,0.0811563291721796,0
test_id,DS05_id,2,16,HPC_flow_mod,5,1,-0.00189239750892548,-0.00125768022768732,0,0,0,0,0,0,0.0811563291721796,0
test_id,DS05_id,2,16,LPT_eff_mod,6,1,0,-0.00429339686849569,0,0,0,0,0,0,0.0811563291721796,0
test_id,DS05_id,2,16,LPT_flow_mod,7,1,0,-0.000610589417679242,0,0,0,0,0,0,0.0811563291721796,0
test_id,DS05_id,2,16,LPC_eff_mod,8,1,0,-0,0,0,0,0,0,0,0.0811563291721796,0
test_id,DS05_id,2,16,LPC_flow_mod,9,1,0,-0,0,0,0,0,0,0,0.0811563291721796,0
test_id,DS05_id,2,17,HPT_eff_mod,1,1,0,-0,0,0,0,0,0,0,0.0719840439494132,0
test_id,DS05_id,2,17,fan_eff_mod,2,1,0,-0,0,0,0,0,0,0,0.0719840439494132,0
test_id,DS05_id,2,17,fan_flow_mod,3,1,0,-0,0,0,0,0,0,0,0.0719840439494132,0
test_id,DS05_id,2,17,HPC_eff_mod,4,1,-0.00700658644392346,-0.00401884214900649,0,0,0,0,0,0,0.0719840439494132,0
test_id,DS05_id,2,17,HPC_flow_mod,5,1,-0.00196587527698189,-0.00125768022768732,0,0,0,0,0,0,0.0719840439494132,0
test_id,DS05_id,2,17,LPT_eff_mod,6,1,0,-0.00429339686849569,0,0,0,0,0,0,0.0719840439494132,0
test_id,DS05_id,2,17,LPT_flow_mod,7,1,0,-0.000610589417679242,0,0,0,0,0,0,0.0719840439494132,0
test_id,DS05_id,2,17,LPC_eff_mod,8,1,0,-0,0,0,0,0,0,0,0.0719840439494132,0
test_id,DS05_id,2,17,LPC_flow_mod,9,1,0,-0,0,0,0,0,0,0,0.0719840439494132,0
test_id,DS05_id,2,18,HPT_eff_mod,1,1,0,-0,0,0,0,0,0,0,0.145567390081847,0
test_id,DS05_id,2,18,fan_eff_mod,2,1,0,-0,0,0,0,0,0,0,0.145567390081847,0
test_id,DS05_id,2,18,fan_flow_mod,3,1,0,-0,0,0,0,0,0,0,0.145567390081847,0
test_id,DS05_id,2,18,HPC_eff_mod,4,1,-0.00326039018080415,-0.00401884214900649,0,0,0,0,0,0,0.145567390081847,0
test_id,DS05_id,2,18,HPC_flow_mod,5,1,-0.00554929822741397,-0.00125768022768732,0,0,0,0,0,0,0.145567390081847,0
test_id,DS05_id,2,18,LPT_eff_mod,6,1,0,-0.00429339686849569,0,0,0,0,0,0,0.145567390081847,0
test_id,DS05_id,2,18,LPT_flow_mod,7,1,0,-0.000610589417679242,0,0,0,0,0,0,0.145567390081847,0
test_id,DS05_id,2,18,LPC_eff_mod,8,1,0,-0,0,0,0,0,0,0,0.145567390081847,0
test_id,DS05_id,2,18,LPC_flow_mod,9,1,0,-0,0,0,0,0,0,0,0.145567390081847,0
test_id,DS05_id,2,19,HPT_eff_mod,1,0,0,-0,0,0,0,0,1,0,0.131487730927711,0
test_id,DS05_id,2,19,fan_eff_mod,2,0,0,-0,0,0,0,0,1,0,0.131487730927711,0
test_id,DS05_id,2,19,fan_flow_mod,3,0,0,-0,0,0,0,0,1,0,0.131487730927711,0
test_id,DS05_id,2,19,HPC_eff_mod,4,0,-0.012346505193174,-0.00401884214900649,1,0,1,0,1,0,0.131487730927711,0
test_id,DS05_id,2,19,HPC_flow_mod,5,0,-0.00469626051366167,-0.00125768022768732,1,0,1,0,1,0,0.131487730927711,0
test_id,DS05_id,2,19,LPT_eff_mod,6,0,0,-0.00429339686849569,0,0,0,0,1,0,0.131487730927711,0
test_id,DS05_id,2,19,LPT_flow_mod,7,0,0,-0.000610589417679242,0,0,0,0,1,0,0.131487730927711,0
test_id,DS05_id,2,19,LPC_eff_mod,8,0,0,-0,0,0,0,0,1,0,0.131487730927711,0
test_id,DS05_id,2,19,LPC_flow_mod,9,0,0,-0,0,0,0,0,1,0,0.131487730927711,0
test_id,DS05_id,2,20,HPT_eff_mod,1,0,0,-0,0,0,0,0,1,0,0.200549120018934,0
test_id,DS05_id,2,20,fan_eff_mod,2,0,0,-0,0,0,0,0,1,0,0.200549120018934,0
test_id,DS05_id,2,20,fan_flow_mod,3,0,0,-0,0,0,0,0,1,0,0.200549120018934,0
test_id,DS05_id,2,20,HPC_eff_mod,4,0,-0.00765347526774812,-0.00401884214900649,1,0,1,0,1,0,0.200549120018934,0
test_id,DS05_id,2,20,HPC_flow_mod,5,0,-0.00352630702343961,-0.00125768022768732,1,0,1,0,1,0,0.200549120018934,0
test_id,DS05_id,2,20,LPT_eff_mod,6,0,0,-0.00429339686849569,0,0,0,0,1,0,0.200549120018934,0
test_id,DS05_id,2,20,LPT_flow_mod,7,0,0,-0.000610589417679242,0,0,0,0,1,0,0.200549120018934,0
test_id,DS05_id,2,20,LPC_eff_mod,8,0,0,-0,0,0,0,0,1,0,0.200549120018934,0
test_id,DS05_id,2,20,LPC_flow_mod,9,0,0,-0,0,0,0,0,1,0,0.200549120018934,0
test_id,DS05_id,2,21,HPT_eff_mod,1,0,0,-0,0,0,0,0,1,0,0.120982768823659,0
test_id,DS05_id,2,21,fan_eff_mod,2,0,0,-0,0,0,0,0,1,0,0.120982768823659,0
test_id,DS05_id,2,21,fan_flow_mod,3,0,0,-0,0,0,0,0,1,0,0.120982768823659,0
test_id,DS05_id,2,21,HPC_eff_mod,4,0,-0.00337864578361343,-0.00401884214900649,1,0,1,0,1,0,0.120982768823659,0
test_id,DS05_id,2,21,HPC_flow_mod,5,0,-0.00479609758289855,-0.00125768022768732,1,0,1,0,1,0,0.120982768823659,0
test_id,DS05_id,2,21,LPT_eff_mod,6,0,0,-0.00620349806116463,0,0,0,0,1,0,0.120982768823659,0
test_id,DS05_id,2,21,LPT_flow_mod,7,0,0,-0.000610589417679242,0,0,0,0,1,0,0.120982768823659,0
test_id,DS05_id,2,21,LPC_eff_mod,8,0,0,-0.00152493251601638,0,0,0,0,1,0,0.120982768823659,0
test_id,DS05_id,2,21,LPC_flow_mod,9,0,0,-0,0,0,0,0,1,0,0.120982768823659,0
test_id,DS05_id,2,22,HPT_eff_mod,1,0,0,-0,0,0,0,0,1,0,0.132764875371932,0
test_id,DS05_id,2,22,fan_eff_mod,2,0,0,-0,0,0,0,0,1,0,0.132764875371932,0
test_id,DS05_id,2,22,fan_flow_mod,3,0,0,-0,0,0,0,0,1,0,0.132764875371932,0
test_id,DS05_id,2,22,HPC_eff_mod,4,0,-0.00812587069503261,-0.00401884214900649,1,0,1,0,1,0,0.132764875371932,0
test_id,DS05_id,2,22,HPC_flow_mod,5,0,-0.00329758775413508,-0.00125768022768732,1,0,1,0,1,0,0.132764875371932,0
test_id,DS05_id,2,22,LPT_eff_mod,6,0,0,-0.00620349806116463,0,0,0,0,1,0,0.132764875371932,0
test_id,DS05_id,2,22,LPT_flow_mod,7,0,0,-0.000610589417679242,0,0,0,0,1,0,0.132764875371932,0
test_id,DS05_id,2,22,LPC_eff_mod,8,0,0,-0.00152493251601638,0,0,0,0,1,0,0.132764875371932,0
test_id,DS05_id,2,22,LPC_flow_mod,9,0,0,-0,0,0,0,0,1,0,0.132764875371932,0
test_id,DS05_id,2,23,HPT_eff_mod,1,0,0,-0,0,0,0,0,1,0,0.115902974843733,0
test_id,DS05_id,2,23,fan_eff_mod,2,0,0,-0,0,0,0,0,1,0,0.115902974843733,0
test_id,DS05_id,2,23,fan_flow_mod,3,0,0,-0,0,0,0,0,1,0,0.115902974843733,0
test_id,DS05_id,2,23,HPC_eff_mod,4,0,-0.00555914486718465,-0.00401884214900649,1,0,1,0,1,0,0.115902974843733,0
test_id,DS05_id,2,23,HPC_flow_mod,5,0,-0.00604098221835569,-0.00327430743709536,1,0,1,0,1,0,0.115902974843733,0
test_id,DS05_id,2,23,LPT_eff_mod,6,0,0,-0.00620349806116463,0,0,0,0,1,0,0.115902974843733,0
test_id,DS05_id,2,23,LPT_flow_mod,7,0,0,-0.000610589417679242,0,0,0,0,1,0,0.115902974843733,0
test_id,DS05_id,2,23,LPC_eff_mod,8,0,0,-0.00152493251601638,0,0,0,0,1,0,0.115902974843733,0
test_id,DS05_id,2,23,LPC_flow_mod,9,0,0,-0,0,0,0,0,1,0,0.115902974843733,0
test_id,DS05_id,2,24,HPT_eff_mod,1,0,0,-0,0,0,0,0,1,0,0.152876246398095,0
test_id,DS05_id,2,24,fan_eff_mod,2,0,0,-0,0,0,0,0,1,0,0.152876246398095,0
test_id,DS05_id,2,24,fan_flow_mod,3,0,0,-0,0,0,0,0,1,0,0.152876246398095,0
test_id,DS05_id,2,24,HPC_eff_mod,4,0,-0.00883484785698406,-0.00401884214900649,1,0,1,0,1,0,0.152876246398095,0
test_id,DS05_id,2,24,HPC_flow_mod,5,0,-0.00938031022247893,-0.00327430743709536,1,0,1,0,1,0,0.152876246398095,0
test_id,DS05_id,2,24,LPT_eff_mod,6,0,0,-0.00620349806116463,0,0,0,0,1,0,0.152876246398095,0
test_id,DS05_id,2,24,LPT_flow_mod,7,0,0,-0.000610589417679242,0,0,0,0,1,0,0.152876246398095,0
test_id,DS05_id,2,24,LPC_eff_mod,8,0,0,-0.00152493251601638,0,0,0,0,1,0,0.152876246398095,0
test_id,DS05_id,2,24,LPC_flow_mod,9,0,0,-0,0,0,0,0,1,0,0.152876246398095,0
test_id,DS05_id,2,25,HPT_eff_mod,1,0,0,-0,0,0,0,0,1,0,0.081606637575807,0
test_id,DS05_id,2,25,fan_eff_mod,2,0,0,-4.01287320515359e-05,0,0,0,0,1,0,0.081606637575807,0
test_id,DS05_id,2,25,fan_flow_mod,3,0,0,-0,0,0,0,0,1,0,0.081606637575807,0
test_id,DS05_id,2,25,HPC_eff_mod,4,0,-0.0141943701750509,-0.00983098149365838,1,0,1,0,1,0,0.081606637575807,0
test_id,DS05_id,2,25,HPC_flow_mod,5,0,-0.00409530510495098,-0.00327430743709536,1,0,1,0,1,0,0.081606637575807,0
test_id,DS05_id,2,25,LPT_eff_mod,6,0,0,-0.00620349806116463,0,0,0,0,1,0,0.081606637575807,0
test_id,DS05_id,2,25,LPT_flow_mod,7,0,0,-0.000610589417679242,0,0,0,0,1,0,0.081606637575807,0
test_id,DS05_id,2,25,LPC_eff_mod,8,0,0,-0.00244486233594521,0,0,0,0,1,0,0.081606637575807,0
test_id,DS05_id,2,25,LPC_flow_mod,9,0,0,-0,0,0,0,0,1,0,0.081606637575807,0
test_id,DS05_id,2,26,HPT_eff_mod,1,0,0,-0,0,0,0,0,1,0,0.136376772048882,0
test_id,DS05_id,2,26,fan_eff_mod,2,0,0,-4.01287320515359e-05,0,0,0,0,1,0,0.136376772048882,0
test_id,DS05_id,2,26,fan_flow_mod,3,0,0,-0,0,0,0,0,1,0,0.136376772048882,0
test_id,DS05_id,2,26,HPC_eff_mod,4,0,-0.0165741008059087,-0.00983098149365838,1,0,1,0,1,0,0.136376772048882,0
test_id,DS05_id,2,26,HPC_flow_mod,5,0,-0.0051973236518739,-0.00327430743709536,1,0,1,0,1,0,0.136376772048882,0
test_id,DS05_id,2,26,LPT_eff_mod,6,0,0,-0.00620349806116463,0,0,0,0,1,0,0.136376772048882,0
test_id,DS05_id,2,26,LPT_flow_mod,7,0,0,-0.000610589417679242,0,0,0,0,1,0,0.136376772048882,0
test_id,DS05_id,2,26,LPC_eff_mod,8,0,0,-0.00244486233594521,0,0,0,0,1,0,0.136376772048882,0
test_id,DS05_id,2,26,LPC_flow_mod,9,0,0,-0,0,0,0,0,1,0,0.136376772048882,0
test_id,DS05_id,2,27,HPT_eff_mod,1,0,0,-0,0,0,0,0,1,0,0.0871419462057457,0
test_id,DS05_id,2,27,fan_eff_mod,2,0,0,-4.01287320515359e-05,0,0,0,0,1,0,0.0871419462057457,0
test_id,DS05_id,2,27,fan_flow_mod,3,0,0,-0,0,0,0,0,1,0,0.0871419462057457,0
test_id,DS05_id,2,27,HPC_eff_mod,4,0,-0.00983802959956711,-0.00983098149365838,1,0,1,0,1,0,0.0871419462057457,0
test_id,DS05_id,2,27,HPC_flow_mod,5,0,-0.00811010994664774,-0.00327430743709536,1,0,1,0,1,0,0.0871419462057457,0
test_id,DS05_id,2,27,LPT_eff_mod,6,0,0,-0.00620349806116463,0,0,0,0,1,0,0.0871419462057457,0
test_id,DS05_id,2,27,LPT_flow_mod,7,0,0,-0.000610589417679242,0,0,0,0,1,0,0.0871419462057457,0
test_id,DS05_id,2,27,LPC_eff_mod,8,0,0,-0.00244486233594521,0,0,0,0,1,0,0.0871419462057457,0
test_id,DS05_id,2,27,LPC_flow_mod,9,0,0,-0,0,0,0,0,1,0,0.0871419462057457,0
test_id,DS05_id,2,28,HPT_eff_mod,1,0,0,-0,0,0,0,0,1,0,0.104904079069734,0
test_id,DS05_id,2,28,fan_eff_mod,2,0,0,-4.01287320515359e-05,0,0,0,0,1,0,0.104904079069734,0
test_id,DS05_id,2,28,fan_flow_mod,3,0,0,-0,0,0,0,0,1,0,0.104904079069734,0
test_id,DS05_id,2,28,HPC_eff_mod,4,0,-0.0113009354498153,-0.00983098149365838,1,0,1,0,1,0,0.104904079069734,0
test_id,DS05_id,2,28,HPC_flow_mod,5,0,-0.00315737753893029,-0.00327430743709536,1,0,1,0,1,0,0.104904079069734,0
test_id,DS05_id,2,28,LPT_eff_mod,6,0,0,-0.00620349806116463,0,0,0,0,1,0,0.104904079069734,0
test_id,DS05_id,2,28,LPT_flow_mod,7,0,0,-0.000610589417679242,0,0,0,0,1,0,0.104904079069734,0
test_id,DS05_id,2,28,LPC_eff_mod,8,0,0,-0.00244486233594521,0,0,0,0,1,0,0.104904079069734,0
test_id,DS05_id,2,28,LPC_flow_mod,9,0,0,-0,0,0,0,0,1,0,0.104904079069734,0
test_id,DS05_id,2,29,HPT_eff_mod,1,0,0,-0,0,0,0,0,2,0,0.166468312585896,0
test_id,DS05_id,2,29,fan_eff_mod,2,0,0,-4.01287320515359e-05,0,0,0,0,2,0,0.166468312585896,0
test_id,DS05_id,2,29,fan_flow_mod,3,0,0,-0,0,0,0,0,2,0,0.166468312585896,0
test_id,DS05_id,2,29,HPC_eff_mod,4,0,-0.0232872871626137,-0.0105147571755505,1,0,2,0,2,0,0.166468312585896,0
test_id,DS05_id,2,29,HPC_flow_mod,5,0,-0.00231071443002457,-0.00327430743709536,1,0,1,0,2,0,0.166468312585896,0
test_id,DS05_id,2,29,LPT_eff_mod,6,0,0,-0.00620349806116463,0,0,0,0,2,0,0.166468312585896,0
test_id,DS05_id,2,29,LPT_flow_mod,7,0,0,-0.000610589417679242,0,0,0,0,2,0,0.166468312585896,0
test_id,DS05_id,2,29,LPC_eff_mod,8,0,0,-0.00244486233594521,0,0,0,0,2,0,0.166468312585896,0
test_id,DS05_id,2,29,LPC_flow_mod,9,0,0,-0,0,0,0,0,2,0,0.166468312585896,0
test_id,DS05_id,2,30,HPT_eff_mod,1,0,0,-0,0,0,0,0,2,0,0.159470827302768,0
test_id,DS05_id,2,30,fan_eff_mod,2,0,0,-4.01287320515359e-05,0,0,0,0,2,0,0.159470827302768,0
test_id,DS05_id,2,30,fan_flow_mod,3,0,0,-0,0,0,0,0,2,0,0.159470827302768,0
test_id,DS05_id,2,30,HPC_eff_mod,4,0,-0.0152459586468652,-0.017563227633572,1,0,2,0,2,0,0.159470827302768,0
test_id,DS05_id,2,30,HPC_flow_mod,5,0,-0.0108362496812948,-0.0104413149157365,1,0,1,0,2,0,0.159470827302768,0
test_id,DS05_id,2,30,LPT_eff_mod,6,0,0,-0.00620349806116463,0,0,0,0,2,0,0.159470827302768,0
test_id,DS05_id,2,30,LPT_flow_mod,7,0,0,-0.000610589417679242,0,0,0,0,2,0,0.159470827302768,0
test_id,DS05_id,2,30,LPC_eff_mod,8,0,0,-0.004401390859484,0,0,0,0,2,0,0.159470827302768,0
test_id,DS05_id,2,30,LPC_flow_mod,9,0,0,-0,0,0,0,0,2,0,0.159470827302768,0
test_id,DS05_id,2,31,HPT_eff_mod,1,0,0,-0,0,0,0,0,2,0,0.139358852516542,0
test_id,DS05_id,2,31,fan_eff_mod,2,0,0,-4.01287320515359e-05,0,0,0,0,2,0,0.139358852516542,0
test_id,DS05_id,2,31,fan_flow_mod,3,0,0,-0,0,0,0,0,2,0,0.139358852516542,0
test_id,DS05_id,2,31,HPC_eff_mod,4,0,-0.0250267657816302,-0.024574863966471,1,0,2,0,2,0,0.139358852516542,0
test_id,DS05_id,2,31,HPC_flow_mod,5,0,-0.0137065372227703,-0.0104413149157365,1,0,1,0,2,0,0.139358852516542,0
test_id,DS05_id,2,31,LPT_eff_mod,6,0,0,-0.00620349806116463,0,0,0,0,2,0,0.139358852516542,0
test_id,DS05_id,2,31,LPT_flow_mod,7,0,0,-0.000610589417679242,0,0,0,0,2,0,0.139358852516542,0
test_id,DS05_id,2,31,LPC_eff_mod,8,0,0,-0.004401390859484,0,0,0,0,2,0,0.139358852516542,0
test_id,DS05_id,2,31,LPC_flow_mod,9,0,0,-0,0,0,0,0,2,0,0.139358852516542,0
test_id,DS05_id,2,32,HPT_eff_mod,1,0,0,-0,0,0,0,0,2,0,0.130745100970761,0
test_id,DS05_id,2,32,fan_eff_mod,2,0,0,-4.01287320515359e-05,0,0,0,0,2,0,0.130745100970761,0
test_id,DS05_id,2,32,fan_flow_mod,3,0,0,-0,0,0,0,0,2,0,0.130745100970761,0
test_id,DS05_id,2,32,HPC_eff_mod,4,0,-0.0305271566838917,-0.024574863966471,1,0,2,0,2,0,0.130745100970761,0
test_id,DS05_id,2,32,HPC_flow_mod,5,0,-0.00845898497967345,-0.0104413149157365,1,0,1,0,2,0,0.130745100970761,0
test_id,DS05_id,2,32,LPT_eff_mod,6,0,0,-0.00620349806116463,0,0,0,0,2,0,0.130745100970761,0
test_id,DS05_id,2,32,LPT_flow_mod,7,0,0,-0.000610589417679242,0,0,0,0,2,0,0.130745100970761,0
test_id,DS05_id,2,32,LPC_eff_mod,8,0,0,-0.004401390859484,0,0,0,0,2,0,0.130745100970761,0
test_id,DS05_id,2,32,LPC_flow_mod,9,0,0,-0,0,0,0,0,2,0,0.130745100970761,0
test_id,DS05_id,2,33,HPT_eff_mod,1,0,0,-0,0,0,0,0,2,0,0.180069858238735,0
test_id,DS05_id,2,33,fan_eff_mod,2,0,0,-4.01287320515359e-05,0,0,0,0,2,0,0.180069858238735,0
test_id,DS05_id,2,33,fan_flow_mod,3,0,0,-0,0,0,0,0,2,0,0.180069858238735,0
test_id,DS05_id,2,33,HPC_eff_mod,4,0,-0.0321871609220346,-0.024574863966471,1,0,2,0,2,0,0.180069858238735,0
test_id,DS05_id,2,33,HPC_flow_mod,5,0,-0.0148242748044229,-0.0104413149157365,1,0,1,0,2,0,0.180069858238735,0
test_id,DS05_id,2,33,LPT_eff_mod,6,0,0,-0.00620349806116463,0,0,0,0,2,0,0.180069858238735,0
test_id,DS05_id,2,33,LPT_flow_mod,7,0,0,-0.000945512349667616,0,0,0,0,2,0,0.180069858238735,0
test_id,DS05_id,2,33,LPC_eff_mod,8,0,0,-0.004401390859484,0,0,0,0,2,0,0.180069858238735,0
test_id,DS05_id,2,33,LPC_flow_mod,9,0,0,-0,0,0,0,0,2,0,0.180069858238735,0
test_id,DS05_id,2,34,HPT_eff_mod,1,0,0,-0,0,0,0,0,2,1,0.173218484269741,0
test_id,DS05_id,2,34,fan_eff_mod,2,0,0,-4.01287320515359e-05,0,0,0,0,2,1,0.173218484269741,0
test_id,DS05_id,2,34,fan_flow_mod,3,0,0,-0,0,0,0,0,2,1,0.173218484269741,0
test_id,DS05_id,2,34,HPC_eff_mod,4,0,-0.0352055507383561,-0.0327507518782459,1,0,2,0,2,1,0.173218484269741,0
test_id,DS05_id,2,34,HPC_flow_mod,5,0,-0.0116597032613184,-0.0104413149157365,1,1,1,1,2,1,0.173218484269741,0
test_id,DS05_id,2,34,LPT_eff_mod,6,0,0,-0.00620349806116463,0,0,0,0,2,1,0.173218484269741,0
test_id,DS05_id,2,34,LPT_flow_mod,7,0,0,-0.000945512349667616,0,0,0,0,2,1,0.173218484269741,0
test_id,DS05_id,2,34,LPC_eff_mod,8,0,0,-0.004401390859484,0,0,0,0,2,1,0.173218484269741,0
test_id,DS05_id,2,34,LPC_flow_mod,9,0,0,-0,0,0,0,0,2,1,0.173218484269741,0
test_id,DS05_id,2,35,HPT_eff_mod,1,0,0,-0,0,0,0,0,2,1,0.278542701380245,0
test_id,DS05_id,2,35,fan_eff_mod,2,0,0,-4.01287320515359e-05,0,0,0,0,2,1,0.278542701380245,0
test_id,DS05_id,2,35,fan_flow_mod,3,0,0,-0,0,0,0,0,2,1,0.278542701380245,0
test_id,DS05_id,2,35,HPC_eff_mod,4,0,-0.0476953464931823,-0.0377775486656635,1,0,2,0,2,1,0.278542701380245,0
test_id,DS05_id,2,35,HPC_flow_mod,5,0,-0.0134734917066404,-0.0104413149157365,1,1,1,1,2,1,0.278542701380245,0
test_id,DS05_id,2,35,LPT_eff_mod,6,0,0,-0.00620349806116463,0,0,0,0,2,1,0.278542701380245,0
test_id,DS05_id,2,35,LPT_flow_mod,7,0,0,-0.000945512349667616,0,0,0,0,2,1,0.278542701380245,0
test_id,DS05_id,2,35,LPC_eff_mod,8,0,0,-0.004401390859484,0,0,0,0,2,1,0.278542701380245,0
test_id,DS05_id,2,35,LPC_flow_mod,9,0,0,-0,0,0,0,0,2,1,0.278542701380245,0
test_id,DS05_id,2,36,HPT_eff_mod,1,0,0,-0,0,0,0,0,2,1,0.191009935445637,0
test_id,DS05_id,2,36,fan_eff_mod,2,0,0,-4.01287320515359e-05,0,0,0,0,2,1,0.191009935445637,0
test_id,DS05_id,2,36,fan_flow_mod,3,0,0,-0,0,0,0,0,2,1,0.191009935445637,0
test_id,DS05_id,2,36,HPC_eff_mod,4,0,-0.0490468628655585,-0.0472469161390125,1,0,2,0,2,1,0.191009935445637,0
test_id,DS05_id,2,36,HPC_flow_mod,5,0,-0.0134782987505905,-0.0143358087226238,1,1,1,1,2,1,0.191009935445637,0
test_id,DS05_id,2,36,LPT_eff_mod,6,0,0,-0.00673724347312669,0,0,0,0,2,1,0.191009935445637,0
test_id,DS05_id,2,36,LPT_flow_mod,7,0,0,-0.000945512349667616,0,0,0,0,2,1,0.191009935445637,0
test_id,DS05_id,2,36,LPC_eff_mod,8,0,0,-0.00496100753973092,0,0,0,0,2,1,0.191009935445637,0
test_id,DS05_id,2,36,LPC_flow_mod,9,0,0,-0,0,0,0,0,2,1,0.191009935445637,0
test_id,DS05_id,2,37,HPT_eff_mod,1,0,0,-0,0,0,0,0,2,1,0.255072954567875,0
test_id,DS05_id,2,37,fan_eff_mod,2,0,0,-4.01287320515359e-05,0,0,0,0,2,1,0.255072954567875,0
test_id,DS05_id,2,37,fan_flow_mod,3,0,0,-0,0,0,0,0,2,1,0.255072954567875,0
test_id,DS05_id,2,37,HPC_eff_mod,4,0,-0.0482445396380883,-0.0472469161390125,1,0,2,0,2,1,0.255072954567875,0
test_id,DS05_id,2,37,HPC_flow_mod,5,0,-0.0183781252305278,-0.0143358087226238,1,1,1,1,2,1,0.255072954567875,0
test_id,DS05_id,2,37,LPT_eff_mod,6,0,0,-0.00673724347312669,0,0,0,0,2,1,0.255072954567875,0
test_id,DS05_id,2,37,LPT_flow_mod,7,0,0,-0.000945512349667616,0,0,0,0,2,1,0.255072954567875,0
test_id,DS05_id,2,37,LPC_eff_mod,8,0,0,-0.00496100753973092,0,0,0,0,2,1,0.255072954567875,0
test_id,DS05_id,2,37,LPC_flow_mod,9,0,0,-0,0,0,0,0,2,1,0.255072954567875,0
test_id,DS05_id,2,38,HPT_eff_mod,1,0,0,-0,0,0,0,0,2,2,0.151065739830947,0
test_id,DS05_id,2,38,fan_eff_mod,2,0,0,-4.01287320515359e-05,0,0,0,0,2,2,0.151065739830947,0
test_id,DS05_id,2,38,fan_flow_mod,3,0,0,-0,0,0,0,0,2,2,0.151065739830947,0
test_id,DS05_id,2,38,HPC_eff_mod,4,0,-0.0548741760078193,-0.0529231634373227,1,1,2,2,2,2,0.151065739830947,0
test_id,DS05_id,2,38,HPC_flow_mod,5,0,-0.0159311125059666,-0.0143358087226238,1,1,1,1,2,2,0.151065739830947,0
test_id,DS05_id,2,38,LPT_eff_mod,6,0,0,-0.00673724347312669,0,0,0,0,2,2,0.151065739830947,0
test_id,DS05_id,2,38,LPT_flow_mod,7,0,0,-0.000945512349667616,0,0,0,0,2,2,0.151065739830947,0
test_id,DS05_id,2,38,LPC_eff_mod,8,0,0,-0.00496100753973092,0,0,0,0,2,2,0.151065739830947,0
test_id,DS05_id,2,38,LPC_flow_mod,9,0,0,-0,0,0,0,0,2,2,0.151065739830947,0
test_id,DS05_id,2,39,HPT_eff_mod,1,0,0,-0,0,0,0,0,2,2,0.10166114556402,0
test_id,DS05_id,2,39,fan_eff_mod,2,0,0,-4.01287320515359e-05,0,0,0,0,2,2,0.10166114556402,0
test_id,DS05_id,2,39,fan_flow_mod,3,0,0,-0,0,0,0,0,2,2,0.10166114556402,0
test_id,DS05_id,2,39,HPC_eff_mod,4,0,-0.0573765927498021,-0.0556550478589042,1,1,2,2,2,2,0.10166114556402,0
test_id,DS05_id,2,39,HPC_flow_mod,5,0,-0.0173134906652636,-0.0143358087226238,1,1,1,1,2,2,0.10166114556402,0
test_id,DS05_id,2,39,LPT_eff_mod,6,0,0,-0.00673724347312669,0,0,0,0,2,2,0.10166114556402,0
test_id,DS05_id,2,39,LPT_flow_mod,7,0,0,-0.000945512349667616,0,0,0,0,2,2,0.10166114556402,0
test_id,DS05_id,2,39,LPC_eff_mod,8,0,0,-0.00496100753973092,0,0,0,0,2,2,0.10166114556402,0
test_id,DS05_id,2,39,LPC_flow_mod,9,0,0,-0,0,0,0,0,2,2,0.10166114556402,0
test_id,DS05_id,2,40,HPT_eff_mod,1,0,0,-0,0,0,0,0,2,2,0.135902232469878,0
test_id,DS05_id,2,40,fan_eff_mod,2,0,0,-4.01287320515359e-05,0,0,0,0,2,2,0.135902232469878,0
test_id,DS05_id,2,40,fan_flow_mod,3,0,0,-0,0,0,0,0,2,2,0.135902232469878,0
test_id,DS05_id,2,40,HPC_eff_mod,4,0,-0.0577080504614305,-0.0583275307373372,1,1,2,2,2,2,0.135902232469878,0
test_id,DS05_id,2,40,HPC_flow_mod,5,0,-0.0234417229873296,-0.0186112097432777,1,1,2,1,2,2,0.135902232469878,0
test_id,DS05_id,2,40,LPT_eff_mod,6,0,0,-0.00673724347312669,0,0,0,0,2,2,0.135902232469878,0
test_id,DS05_id,2,40,LPT_flow_mod,7,0,0,-0.000945512349667616,0,0,0,0,2,2,0.135902232469878,0
test_id,DS05_id,2,40,LPC_eff_mod,8,0,0,-0.00496100753973092,0,1,0,1,2,2,0.135902232469878,0
test_id,DS05_id,2,40,LPC_flow_mod,9,0,0,-0,0,0,0,0,2,2,0.135902232469878,0
test_id,DS05_id,2,41,HPT_eff_mod,1,0,0,-0,0,0,0,0,2,2,0.143970750786395,0
test_id,DS05_id,2,41,fan_eff_mod,2,0,0,-4.01287320515359e-05,0,0,0,0,2,2,0.143970750786395,0
test_id,DS05_id,2,41,fan_flow_mod,3,0,0,-0,0,0,0,0,2,2,0.143970750786395,0
test_id,DS05_id,2,41,HPC_eff_mod,4,0,-0.0701803492237892,-0.0665890274839067,1,1,2,2,2,2,0.143970750786395,0
test_id,DS05_id,2,41,HPC_flow_mod,5,0,-0.0203630330078482,-0.0186112097432777,1,1,2,1,2,2,0.143970750786395,0
test_id,DS05_id,2,41,LPT_eff_mod,6,0,0,-0.00673724347312669,0,0,0,0,2,2,0.143970750786395,0
test_id,DS05_id,2,41,LPT_flow_mod,7,0,0,-0.000945512349667616,0,0,0,0,2,2,0.143970750786395,0
test_id,DS05_id,2,41,LPC_eff_mod,8,0,0,-0.00496100753973092,0,1,0,1,2,2,0.143970750786395,0
test_id,DS05_id,2,41,LPC_flow_mod,9,0,0,-0,0,0,0,0,2,2,0.143970750786395,0
test_id,DS05_id,2,42,HPT_eff_mod,1,0,0,-0,0,0,0,0,2,2,0.128789119515103,0
test_id,DS05_id,2,42,fan_eff_mod,2,0,0,-4.01287320515359e-05,0,0,0,0,2,2,0.128789119515103,0
test_id,DS05_id,2,42,fan_flow_mod,3,0,0,-0,0,0,0,0,2,2,0.128789119515103,0
test_id,DS05_id,2,42,HPC_eff_mod,4,0,-0.0718052118693373,-0.0665890274839067,1,1,2,2,2,2,0.128789119515103,0
test_id,DS05_id,2,42,HPC_flow_mod,5,0,-0.0207574826563759,-0.0186112097432777,1,1,2,1,2,2,0.128789119515103,0
test_id,DS05_id,2,42,LPT_eff_mod,6,0,0,-0.00673724347312669,0,0,0,0,2,2,0.128789119515103,0
test_id,DS05_id,2,42,LPT_flow_mod,7,0,0,-0.000945512349667616,0,0,0,0,2,2,0.128789119515103,0
test_id,DS05_id,2,42,LPC_eff_mod,8,0,0,-0.00496100753973092,0,1,0,1,2,2,0.128789119515103,0
test_id,DS05_id,2,42,LPC_flow_mod,9,0,0,-0,0,0,0,0,2,2,0.128789119515103,0
test_id,DS05_id,2,43,HPT_eff_mod,1,0,0,-0,0,0,0,0,2,2,0.155306234134707,0
test_id,DS05_id,2,43,fan_eff_mod,2,0,0,-4.01287320515359e-05,0,0,0,0,2,2,0.155306234134707,0
test_id,DS05_id,2,43,fan_flow_mod,3,0,0,-0,0,0,0,0,2,2,0.155306234134707,0
test_id,DS05_id,2,43,HPC_eff_mod,4,0,-0.0773465919793761,-0.0756472415359255,1,1,2,2,2,2,0.155306234134707,0
test_id,DS05_id,2,43,HPC_flow_mod,5,0,-0.0278071606777498,-0.0252140669739118,1,1,2,2,2,2,0.155306234134707,0
test_id,DS05_id,2,43,LPT_eff_mod,6,0,0,-0.00673724347312669,0,0,0,0,2,2,0.155306234134707,0
test_id,DS05_id,2,43,LPT_flow_mod,7,0,0,-0.000945512349667616,0,0,0,0,2,2,0.155306234134707,0
test_id,DS05_id,2,43,LPC_eff_mod,8,0,0,-0.00522561962316908,0,1,0,1,2,2,0.155306234134707,0
test_id,DS05_id,2,43,LPC_flow_mod,9,0,0,-0,0,0,0,0,2,2,0.155306234134707,0
test_id,DS05_id,2,44,HPT_eff_mod,1,0,0,-0,0,0,0,0,2,2,0.178630736001443,0
test_id,DS05_id,2,44,fan_eff_mod,2,0,0,-4.01287320515359e-05,0,0,0,0,2,2,0.178630736001443,0
test_id,DS05_id,2,44,fan_flow_mod,3,0,0,-0,0,0,0,0,2,2,0.178630736001443,0
test_id,DS05_id,2,44,HPC_eff_mod,4,0,-0.0808613681272938,-0.0767364990007034,1,1,2,2,2,2,0.178630736001443,0
test_id,DS05_id,2,44,HPC_flow_mod,5,0,-0.0253810076559193,-0.0252140669739118,1,1,2,2,2,2,0.178630736001443,0
test_id,DS05_id,2,44,LPT_eff_mod,6,0,0,-0.00673724347312669,0,0,0,0,2,2,0.178630736001443,0
test_id,DS05_id,2,44,LPT_flow_mod,7,0,0,-0.000945512349667616,0,0,0,0,2,2,0.178630736001443,0
test_id,DS05_id,2,44,LPC_eff_mod,8,0,0,-0.00522561962316908,0,1,0,1,2,2,0.178630736001443,0
test_id,DS05_id,2,44,LPC_flow_mod,9,0,0,-0,0,0,0,0,2,2,0.178630736001443,0
test_id,DS05_id,2,45,HPT_eff_mod,1,0,0,-0,0,0,0,0,2,2,0.1257769738429,0
test_id,DS05_id,2,45,fan_eff_mod,2,0,0,-4.01287320515359e-05,0,0,0,0,2,2,0.1257769738429,0
test_id,DS05_id,2,45,fan_flow_mod,3,0,0,-0,0,0,0,0,2,2,0.1257769738429,0
test_id,DS05_id,2,45,HPC_eff_mod,4,0,-0.0907360459570668,-0.0818485646488936,1,1,2,2,2,2,0.1257769738429,0
test_id,DS05_id,2,45,HPC_flow_mod,5,0,-0.0344834427782897,-0.0252140669739118,1,1,2,2,2,2,0.1257769738429,0
test_id,DS05_id,2,45,LPT_eff_mod,6,0,0,-0.00673724347312669,0,0,0,0,2,2,0.1257769738429,0
test_id,DS05_id,2,45,LPT_flow_mod,7,0,0,-0.00261012253686733,0,0,0,0,2,2,0.1257769738429,0
test_id,DS05_id,2,45,LPC_eff_mod,8,0,0,-0.00522561962316908,0,1,0,1,2,2,0.1257769738429,0
test_id,DS05_id,2,45,LPC_flow_mod,9,0,0,-0,0,0,0,0,2,2,0.1257769738429,0
test_id,DS05_id,2,46,HPT_eff_mod,1,0,0,-0,0,0,0,0,2,2,0.162210614233196,0
test_id,DS05_id,2,46,fan_eff_mod,2,0,0,-4.01287320515359e-05,0,0,0,0,2,2,0.162210614233196,0
test_id,DS05_id,2,46,fan_flow_mod,3,0,0,-0,0,0,0,0,2,2,0.162210614233196,0
test_id,DS05_id,2,46,HPC_eff_mod,4,0,-0.107408375202331,-0.104638715590053,1,1,2,2,2,2,0.162210614233196,0
test_id,DS05_id,2,46,HPC_flow_mod,5,0,-0.0251947989861541,-0.0252140669739118,1,1,2,2,2,2,0.162210614233196,0
test_id,DS05_id,2,46,LPT_eff_mod,6,0,0,-0.00673724347312669,0,0,0,0,2,2,0.162210614233196,0
test_id,DS05_id,2,46,LPT_flow_mod,7,0,0,-0.00261012253686733,0,0,0,0,2,2,0.162210614233196,0
test_id,DS05_id,2,46,LPC_eff_mod,8,0,0,-0.00522561962316908,0,1,0,1,2,2,0.162210614233196,0
test_id,DS05_id,2,46,LPC_flow_mod,9,0,0,-0,0,0,0,0,2,2,0.162210614233196,0
test_id,DS05_id,2,47,HPT_eff_mod,1,0,0,-0,0,0,0,0,2,2,0.105835679887795,0
test_id,DS05_id,2,47,fan_eff_mod,2,0,0,-4.01287320515359e-05,0,0,0,0,2,2,0.105835679887795,0
test_id,DS05_id,2,47,fan_flow_mod,3,0,0,-0,0,0,0,0,2,2,0.105835679887795,0
test_id,DS05_id,2,47,HPC_eff_mod,4,0,-0.111394462067704,-0.108485029433439,1,1,2,2,2,2,0.105835679887795,0
test_id,DS05_id,2,47,HPC_flow_mod,5,0,-0.0279011446176195,-0.0260065677387523,1,1,2,2,2,2,0.105835679887795,0
test_id,DS05_id,2,47,LPT_eff_mod,6,0,0,-0.00673724347312669,0,0,0,0,2,2,0.105835679887795,0
test_id,DS05_id,2,47,LPT_flow_mod,7,0,0,-0.00261012253686733,0,0,0,0,2,2,0.105835679887795,0
test_id,DS05_id,2,47,LPC_eff_mod,8,0,0,-0.00522561962316908,0,1,0,1,2,2,0.105835679887795,0
test_id,DS05_id,2,47,LPC_flow_mod,9,0,0,-0,0,0,0,0,2,2,0.105835679887795,0
test_id,DS05_id,2,48,HPT_eff_mod,1,0,0,-0,0,0,0,0,2,2,0.187646433529219,0
test_id,DS05_id,2,48,fan_eff_mod,2,0,0,-4.01287320515359e-05,0,0,0,0,2,2,0.187646433529219,0
test_id,DS05_id,2,48,fan_flow_mod,3,0,0,-0,0,0,0,0,2,2,0.187646433529219,0
test_id,DS05_id,2,48,HPC_eff_mod,4,0,-0.114889288801183,-0.111041444522696,1,1,2,2,2,2,0.187646433529219,0
test_id,DS05_id,2,48,HPC_flow_mod,5,0,-0.0319617072093815,-0.0290096392001599,1,1,2,2,2,2,0.187646433529219,0
test_id,DS05_id,2,48,LPT_eff_mod,6,0,0,-0.00673724347312669,0,0,0,0,2,2,0.187646433529219,0
test_id,DS05_id,2,48,LPT_flow_mod,7,0,0,-0.00261012253686733,0,0,0,0,2,2,0.187646433529219,0
test_id,DS05_id,2,48,LPC_eff_mod,8,0,0,-0.00522561962316908,0,1,0,1,2,2,0.187646433529219,0
test_id,DS05_id,2,48,LPC_flow_mod,9,0,0,-0,0,0,0,0,2,2,0.187646433529219,0
test_id,DS05_id,2,49,HPT_eff_mod,1,0,0,-0,0,0,0,0,2,2,0.116568145064209,0
test_id,DS05_id,2,49,fan_eff_mod,2,0,0,-4.01287320515359e-05,0,0,0,0,2,2,0.116568145064209,0
test_id,DS05_id,2,49,fan_flow_mod,3,0,0,-0,0,0,0,0,2,2,0.116568145064209,0
test_id,DS05_id,2,49,HPC_eff_mod,4,0,-0.127652161416783,-0.119648141244498,1,1,2,2,2,2,0.116568145064209,0
test_id,DS05_id,2,49,HPC_flow_mod,5,0,-0.0322110822743475,-0.0290096392001599,1,1,2,2,2,2,0.116568145064209,0
test_id,DS05_id,2,49,LPT_eff_mod,6,0,0,-0.00673724347312669,0,0,0,0,2,2,0.116568145064209,0
test_id,DS05_id,2,49,LPT_flow_mod,7,0,0,-0.00261012253686733,0,0,0,0,2,2,0.116568145064209,0
test_id,DS05_id,2,49,LPC_eff_mod,8,0,0,-0.00522561962316908,0,1,0,1,2,2,0.116568145064209,0
test_id,DS05_id,2,49,LPC_flow_mod,9,0,0,-0,0,0,0,0,2,2,0.116568145064209,0
test_id,DS05_id,2,50,HPT_eff_mod,1,0,0,-0,0,0,0,0,2,2,0.193584182820657,0
test_id,DS05_id,2,50,fan_eff_mod,2,0,0,-4.01287320515359e-05,0,0,0,0,2,2,0.193584182820657,0
test_id,DS05_id,2,50,fan_flow_mod,3,0,0,-0,0,0,0,0,2,2,0.193584182820657,0
test_id,DS05_id,2,50,HPC_eff_mod,4,0,-0.132393173335453,-0.119648141244498,1,1,2,2,2,2,0.193584182820657,0
test_id,DS05_id,2,50,HPC_flow_mod,5,0,-0.0355115283926196,-0.0290096392001599,1,1,2,2,2,2,0.193584182820657,0
test_id,DS05_id,2,50,LPT_eff_mod,6,0,0,-0.00673724347312669,0,0,0,0,2,2,0.193584182820657,0
test_id,DS05_id,2,50,LPT_flow_mod,7,0,0,-0.00261012253686733,0,0,0,0,2,2,0.193584182820657,0
test_id,DS05_id,2,50,LPC_eff_mod,8,0,0,-0.00522561962316908,0,1,0,1,2,2,0.193584182820657,0
test_id,DS05_id,2,50,LPC_flow_mod,9,0,0,-0,0,0,0,0,2,2,0.193584182820657,0
test_id,DS05_id,2,51,HPT_eff_mod,1,0,0,-0,0,0,0,0,3,2,0.187341213516398,0
test_id,DS05_id,2,51,fan_eff_mod,2,0,0,-4.01287320515359e-05,0,0,0,0,3,2,0.187341213516398,0
test_id,DS05_id,2,51,fan_flow_mod,3,0,0,-0,0,0,0,0,3,2,0.187341213516398,0
test_id,DS05_id,2,51,HPC_eff_mod,4,0,-0.139491463963093,-0.132091095083117,1,1,3,2,3,2,0.187341213516398,0
test_id,DS05_id,2,51,HPC_flow_mod,5,0,-0.0375622747802837,-0.0359022947241215,1,1,2,2,3,2,0.187341213516398,0
test_id,DS05_id,2,51,LPT_eff_mod,6,0,0,-0.00673724347312669,0,0,0,0,3,2,0.187341213516398,0
test_id,DS05_id,2,51,LPT_flow_mod,7,0,0,-0.00261012253686733,0,0,0,0,3,2,0.187341213516398,0
test_id,DS05_id,2,51,LPC_eff_mod,8,0,0,-0.00522561962316908,0,1,0,1,3,2,0.187341213516398,0
test_id,DS05_id,2,51,LPC_flow_mod,9,0,0,-0,0,0,0,0,3,2,0.187341213516398,0
test_id,DS05_id,2,52,HPT_eff_mod,1,0,0,-0,0,0,0,0,3,3,0.122674858410242,0
test_id,DS05_id,2,52,fan_eff_mod,2,0,0,-4.01287320515359e-05,0,0,0,0,3,3,0.122674858410242,0
test_id,DS05_id,2,52,fan_flow_mod,3,0,0,-0,0,0,0,0,3,3,0.122674858410242,0
test_id,DS05_id,2,52,HPC_eff_mod,4,0,-0.144555835181509,-0.137869372521237,1,1,3,3,3,3,0.122674858410242,0
test_id,DS05_id,2,52,HPC_flow_mod,5,0,-0.0399107720397292,-0.0359022947241215,1,1,2,2,3,3,0.122674858410242,0
test_id,DS05_id,2,52,LPT_eff_mod,6,0,0,-0.00673724347312669,0,0,0,0,3,3,0.122674858410242,0
test_id,DS05_id,2,52,LPT_flow_mod,7,0,0,-0.00447150942979421,0,0,0,0,3,3,0.122674858410242,0
test_id,DS05_id,2,52,LPC_eff_mod,8,0,0,-0.00522561962316908,0,1,0,1,3,3,0.122674858410242,0
test_id,DS05_id,2,52,LPC_flow_mod,9,0,0,-0,0,0,0,0,3,3,0.122674858410242,0
test_id,DS05_id,2,53,HPT_eff_mod,1,0,0,-0,0,0,0,0,3,3,0.115972150728041,0
test_id,DS05_id,2,53,fan_eff_mod,2,0,0,-4.01287320515359e-05,0,0,0,0,3,3,0.115972150728041,0
test_id,DS05_id,2,53,fan_flow_mod,3,0,0,-0,0,0,0,0,3,3,0.115972150728041,0
test_id,DS05_id,2,53,HPC_eff_mod,4,0,-0.165524441050333,-0.1535676863283,1,1,3,3,3,3,0.115972150728041,0
test_id,DS05_id,2,53,HPC_flow_mod,5,0,-0.0496431071368936,-0.0423047935219877,1,1,2,2,3,3,0.115972150728041,0
test_id,DS05_id,2,53,LPT_eff_mod,6,0,0,-0.00673724347312669,0,0,0,0,3,3,0.115972150728041,0
test_id,DS05_id,2,53,LPT_flow_mod,7,0,0,-0.00447150942979421,0,0,0,0,3,3,0.115972150728041,0
test_id,DS05_id,2,53,LPC_eff_mod,8,0,0,-0.00522561962316908,0,1,0,1,3,3,0.115972150728041,0
test_id,DS05_id,2,53,LPC_flow_mod,9,0,0,-0,0,0,0,0,3,3,0.115972150728041,0
test_id,DS05_id,2,54,HPT_eff_mod,1,0,0,-0,0,0,0,0,3,3,0.257331931009701,0
test_id,DS05_id,2,54,fan_eff_mod,2,0,0,-4.01287320515359e-05,0,0,0,0,3,3,0.257331931009701,0
test_id,DS05_id,2,54,fan_flow_mod,3,0,0,-0.000332421010269838,0,0,0,0,3,3,0.257331931009701,0
test_id,DS05_id,2,54,HPC_eff_mod,4,0,-0.172573352031572,-0.1535676863283,1,1,3,3,3,3,0.257331931009701,0
test_id,DS05_id,2,54,HPC_flow_mod,5,0,-0.0501825629530402,-0.0423047935219877,1,1,2,2,3,3,0.257331931009701,0
test_id,DS05_id,2,54,LPT_eff_mod,6,0,0,-0.00673724347312669,0,0,0,0,3,3,0.257331931009701,0
test_id,DS05_id,2,54,LPT_flow_mod,7,0,0,-0.00447150942979421,0,0,0,0,3,3,0.257331931009701,0
test_id,DS05_id,2,54,LPC_eff_mod,8,0,0,-0.00522561962316908,0,1,0,1,3,3,0.257331931009701,0
test_id,DS05_id,2,54,LPC_flow_mod,9,0,0,-0,0,0,0,0,3,3,0.257331931009701,0
test_id,DS05_id,2,55,HPT_eff_mod,1,0,0,-0,0,0,0,0,3,3,0.0975701233390175,0
test_id,DS05_id,2,55,fan_eff_mod,2,0,0,-4.01287320515359e-05,0,0,0,0,3,3,0.0975701233390175,0
test_id,DS05_id,2,55,fan_flow_mod,3,0,0,-0.000332421010269838,0,0,0,0,3,3,0.0975701233390175,0
test_id,DS05_id,2,55,HPC_eff_mod,4,0,-0.182122234601048,-0.16472688464645,1,1,3,3,3,3,0.0975701233390175,0
test_id,DS05_id,2,55,HPC_flow_mod,5,0,-0.0555449071860293,-0.0448386958069721,1,1,2,2,3,3,0.0975701233390175,0
test_id,DS05_id,2,55,LPT_eff_mod,6,0,0,-0.00673724347312669,0,0,0,0,3,3,0.0975701233390175,0
test_id,DS05_id,2,55,LPT_flow_mod,7,0,0,-0.00447150942979421,0,0,0,0,3,3,0.0975701233390175,0
test_id,DS05_id,2,55,LPC_eff_mod,8,0,0,-0.00522561962316908,0,1,0,1,3,3,0.0975701233390175,0
test_id,DS05_id,2,55,LPC_flow_mod,9,0,0,-0,0,0,0,0,3,3,0.0975701233390175,0
test_id,DS05_id,2,56,HPT_eff_mod,1,0,0,-0,0,0,0,0,3,3,0.134856332467404,0
test_id,DS05_id,2,56,fan_eff_mod,2,0,0,-4.01287320515359e-05,0,0,0,0,3,3,0.134856332467404,0
test_id,DS05_id,2,56,fan_flow_mod,3,0,0,-0.000332421010269838,0,0,0,0,3,3,0.134856332467404,0
test_id,DS05_id,2,56,HPC_eff_mod,4,0,-0.196732903117235,-0.194763334920189,1,1,3,3,3,3,0.134856332467404,0
test_id,DS05_id,2,56,HPC_flow_mod,5,0,-0.0548721428985961,-0.0496835827524642,1,1,2,2,3,3,0.134856332467404,0
test_id,DS05_id,2,56,LPT_eff_mod,6,0,0,-0.00673724347312669,0,0,0,0,3,3,0.134856332467404,0
test_id,DS05_id,2,56,LPT_flow_mod,7,0,0,-0.00447150942979421,0,0,0,0,3,3,0.134856332467404,0
test_id,DS05_id,2,56,LPC_eff_mod,8,0,0,-0.00522561962316908,0,1,0,1,3,3,0.134856332467404,0
test_id,DS05_id,2,56,LPC_flow_mod,9,0,0,-0,0,0,0,0,3,3,0.134856332467404,0
test_id,DS05_id,2,57,HPT_eff_mod,1,0,0,-0,0,0,0,0,3,3,0.144473247495081,0
test_id,DS05_id,2,57,fan_eff_mod,2,0,0,-4.01287320515359e-05,0,0,0,0,3,3,0.144473247495081,0
test_id,DS05_id,2,57,fan_flow_mod,3,0,0,-0.000332421010269838,0,0,0,0,3,3,0.144473247495081,0
test_id,DS05_id,2,57,HPC_eff_mod,4,0,-0.214654304959888,-0.19976861860196,1,1,3,3,3,3,0.144473247495081,0
test_id,DS05_id,2,57,HPC_flow_mod,5,0,-0.0584735659140036,-0.0496835827524642,1,1,2,2,3,3,0.144473247495081,0
test_id,DS05_id,2,57,LPT_eff_mod,6,0,0,-0.00673724347312669,0,0,0,0,3,3,0.144473247495081,0
test_id,DS05_id,2,57,LPT_flow_mod,7,0,0,-0.00447150942979421,0,0,0,0,3,3,0.144473247495081,0
test_id,DS05_id,2,57,LPC_eff_mod,8,0,0,-0.00522561962316908,0,1,0,1,3,3,0.144473247495081,0
test_id,DS05_id,2,57,LPC_flow_mod,9,0,0,-0,0,0,0,0,3,3,0.144473247495081,0
test_id,DS05_id,2,58,HPT_eff_mod,1,0,0,-0,0,0,0,0,3,3,0.0825190524554787,0
test_id,DS05_id,2,58,fan_eff_mod,2,0,0,-4.01287320515359e-05,0,0,0,0,3,3,0.0825190524554787,0
test_id,DS05_id,2,58,fan_flow_mod,3,0,0,-0.000332421010269838,0,0,0,0,3,3,0.0825190524554787,0
test_id,DS05_id,2,58,HPC_eff_mod,4,0,-0.226435148851941,-0.201109287232466,1,1,3,3,3,3,0.0825190524554787,0
test_id,DS05_id,2,58,HPC_flow_mod,5,0,-0.0696449607788962,-0.0583754479917542,1,1,2,2,3,3,0.0825190524554787,0
test_id,DS05_id,2,58,LPT_eff_mod,6,0,0,-0.00673724347312669,0,0,0,0,3,3,0.0825190524554787,0
test_id,DS05_id,2,58,LPT_flow_mod,7,0,0,-0.00447150942979421,0,0,0,0,3,3,0.0825190524554787,0
test_id,DS05_id,2,58,LPC_eff_mod,8,0,0,-0.00522561962316908,0,1,0,1,3,3,0.0825190524554787,0
test_id,DS05_id,2,58,LPC_flow_mod,9,0,0,-0,0,0,0,0,3,3,0.0825190524554787,0
test_id,DS05_id,2,59,HPT_eff_mod,1,0,0,-0,0,0,0,0,3,3,0.160278441089734,0
test_id,DS05_id,2,59,fan_eff_mod,2,0,0,-4.01287320515359e-05,0,0,0,0,3,3,0.160278441089734,0
test_id,DS05_id,2,59,fan_flow_mod,3,0,0,-0.000332421010269838,0,0,0,0,3,3,0.160278441089734,0
test_id,DS05_id,2,59,HPC_eff_mod,4,0,-0.233233826292479,-0.223978142310837,1,1,3,3,3,3,0.160278441089734,0
test_id,DS05_id,2,59,HPC_flow_mod,5,0,-0.0641063688436857,-0.0611695003438518,1,1,2,2,3,3,0.160278441089734,0
test_id,DS05_id,2,59,LPT_eff_mod,6,0,0,-0.00673724347312669,0,0,0,0,3,3,0.160278441089734,0
test_id,DS05_id,2,59,LPT_flow_mod,7,0,0,-0.00447150942979421,0,0,0,0,3,3,0.160278441089734,0
test_id,DS05_id,2,59,LPC_eff_mod,8,0,0,-0.00522561962316908,0,1,0,1,3,3,0.160278441089734,0
test_id,DS05_id,2,59,LPC_flow_mod,9,0,0,-0,0,0,0,0,3,3,0.160278441089734,0
test_id,DS05_id,2,60,HPT_eff_mod,1,0,0,-0,0,0,0,0,3,3,0.209480111951178,0
test_id,DS05_id,2,60,fan_eff_mod,2,0,0,-4.01287320515359e-05,0,0,0,0,3,3,0.209480111951178,0
test_id,DS05_id,2,60,fan_flow_mod,3,0,0,-0.000332421010269838,0,0,0,0,3,3,0.209480111951178,0
test_id,DS05_id,2,60,HPC_eff_mod,4,0,-0.261056831093326,-0.246074660017418,1,1,3,3,3,3,0.209480111951178,0
test_id,DS05_id,2,60,HPC_flow_mod,5,0,-0.0697462978804913,-0.0611695003438518,1,1,2,2,3,3,0.209480111951178,0
test_id,DS05_id,2,60,LPT_eff_mod,6,0,0,-0.00673724347312669,0,0,0,0,3,3,0.209480111951178,0
test_id,DS05_id,2,60,LPT_flow_mod,7,0,0,-0.00550423893989264,0,0,0,0,3,3,0.209480111951178,0
test_id,DS05_id,2,60,LPC_eff_mod,8,0,0,-0.00522561962316908,0,1,0,1,3,3,0.209480111951178,0
test_id,DS05_id,2,60,LPC_flow_mod,9,0,0,-0,0,0,0,0,3,3,0.209480111951178,0
test_id,DS05_id,2,61,HPT_eff_mod,1,0,0,-0,0,0,0,0,3,3,0.15684834530522,0
test_id,DS05_id,2,61,fan_eff_mod,2,0,0,-4.01287320515359e-05,0,0,0,0,3,3,0.15684834530522,0
test_id,DS05_id,2,61,fan_flow_mod,3,0,0,-0.000332421010269838,0,0,0,0,3,3,0.15684834530522,0
test_id,DS05_id,2,61,HPC_eff_mod,4,0,-0.274323275224503,-0.251317523825396,1,1,3,3,3,3,0.15684834530522,0
test_id,DS05_id,2,61,HPC_flow_mod,5,0,-0.0838081878887142,-0.0704446708811073,1,1,2,2,3,3,0.15684834530522,0
test_id,DS05_id,2,61,LPT_eff_mod,6,0,0,-0.00673724347312669,0,0,0,0,3,3,0.15684834530522,0
test_id,DS05_id,2,61,LPT_flow_mod,7,0,0,-0.00550423893989264,0,0,0,0,3,3,0.15684834530522,0
test_id,DS05_id,2,61,LPC_eff_mod,8,0,0,-0.00522561962316908,0,1,0,1,3,3,0.15684834530522,0
test_id,DS05_id,2,61,LPC_flow_mod,9,0,0,-0,0,0,0,0,3,3,0.15684834530522,0
test_id,DS05_id,2,62,HPT_eff_mod,1,0,0,-0,0,0,0,0,3,3,0.0835822060355308,0
test_id,DS05_id,2,62,fan_eff_mod,2,0,0,-4.01287320515359e-05,0,0,0,0,3,3,0.0835822060355308,0
test_id,DS05_id,2,62,fan_flow_mod,3,0,0,-0.000332421010269838,0,0,0,0,3,3,0.0835822060355308,0
test_id,DS05_id,2,62,HPC_eff_mod,4,0,-0.298956649138445,-0.277534130843781,1,1,3,3,3,3,0.0835822060355308,0
test_id,DS05_id,2,62,HPC_flow_mod,5,0,-0.0760610512212124,-0.0704446708811073,1,1,2,2,3,3,0.0835822060355308,0
test_id,DS05_id,2,62,LPT_eff_mod,6,0,0,-0.00673724347312669,0,0,0,0,3,3,0.0835822060355308,0
test_id,DS05_id,2,62,LPT_flow_mod,7,0,0,-0.00550423893989264,0,0,0,0,3,3,0.0835822060355308,0
test_id,DS05_id,2,62,LPC_eff_mod,8,0,0,-0.00522561962316908,0,1,0,1,3,3,0.0835822060355308,0
test_id,DS05_id,2,62,LPC_flow_mod,9,0,0,-0,0,0,0,0,3,3,0.0835822060355308,0
test_id,DS05_id,2,63,HPT_eff_mod,1,0,0,-0,0,0,0,0,3,3,0.138125335340145,0
test_id,DS05_id,2,63,fan_eff_mod,2,0,0,-4.01287320515359e-05,0,0,0,0,3,3,0.138125335340145,0
test_id,DS05_id,2,63,fan_flow_mod,3,0,0,-0.000332421010269838,0,0,0,0,3,3,0.138125335340145,0
test_id,DS05_id,2,63,HPC_eff_mod,4,0,-0.308993837864584,-0.311623753492101,1,1,3,3,3,3,0.138125335340145,0
test_id,DS05_id,2,63,HPC_flow_mod,5,0,-0.0885088463834975,-0.0882204701428996,1,1,2,2,3,3,0.138125335340145,0
test_id,DS05_id,2,63,LPT_eff_mod,6,0,0,-0.00673724347312669,0,0,0,0,3,3,0.138125335340145,0
test_id,DS05_id,2,63,LPT_flow_mod,7,0,0,-0.00550423893989264,0,0,0,0,3,3,0.138125335340145,0
test_id,DS05_id,2,63,LPC_eff_mod,8,0,0,-0.00522561962316908,0,1,0,1,3,3,0.138125335340145,0
test_id,DS05_id,2,63,LPC_flow_mod,9,0,0,-0,0,0,0,0,3,3,0.138125335340145,0
test_id,DS05_id,2,64,HPT_eff_mod,1,0,0,-0,0,0,0,0,3,3,0.0777341092755463,0
test_id,DS05_id,2,64,fan_eff_mod,2,0,0,-4.01287320515359e-05,0,0,0,0,3,3,0.0777341092755463,0
test_id,DS05_id,2,64,fan_flow_mod,3,0,0,-0.000332421010269838,0,0,0,0,3,3,0.0777341092755463,0
test_id,DS05_id,2,64,HPC_eff_mod,4,0,-0.337106410342755,-0.319047539372137,1,1,3,3,3,3,0.0777341092755463,0
test_id,DS05_id,2,64,HPC_flow_mod,5,0,-0.092866698688435,-0.0882204701428996,1,1,2,2,3,3,0.0777341092755463,0
test_id,DS05_id,2,64,LPT_eff_mod,6,0,0,-0.00673724347312669,0,0,0,0,3,3,0.0777341092755463,0
test_id,DS05_id,2,64,LPT_flow_mod,7,0,0,-0.00550423893989264,0,0,0,0,3,3,0.0777341092755463,0
test_id,DS05_id,2,64,LPC_eff_mod,8,0,0,-0.00522561962316908,0,1,0,1,3,3,0.0777341092755463,0
test_id,DS05_id,2,64,LPC_flow_mod,9,0,0,-0,0,0,0,0,3,3,0.0777341092755463,0
test_id,DS05_id,2,65,HPT_eff_mod,1,0,0,-0,0,0,0,0,3,3,0.136501728599089,0
test_id,DS05_id,2,65,fan_eff_mod,2,0,0,-4.01287320515359e-05,0,0,0,0,3,3,0.136501728599089,0
test_id,DS05_id,2,65,fan_flow_mod,3,0,0,-0.000332421010269838,0,0,0,0,3,3,0.136501728599089,0
test_id,DS05_id,2,65,HPC_eff_mod,4,0,-0.350310523901838,-0.339125048159068,1,1,3,3,3,3,0.136501728599089,0
test_id,DS05_id,2,65,HPC_flow_mod,5,0,-0.101532907678636,-0.0931591417432311,1,1,2,2,3,3,0.136501728599089,0
test_id,DS05_id,2,65,LPT_eff_mod,6,0,0,-0.00673724347312669,0,0,0,0,3,3,0.136501728599089,0
test_id,DS05_id,2,65,LPT_flow_mod,7,0,0,-0.00550423893989264,0,0,0,0,3,3,0.136501728599089,0
test_id,DS05_id,2,65,LPC_eff_mod,8,0,0,-0.00522561962316908,0,1,0,1,3,3,0.136501728599089,0
test_id,DS05_id,2,65,LPC_flow_mod,9,0,0,-0,0,0,0,0,3,3,0.136501728599089,0
test_id,DS05_id,2,66,HPT_eff_mod,1,0,0,-0,0,0,0,0,3,3,0.124393503051533,0
test_id,DS05_id,2,66,fan_eff_mod,2,0,0,-4.01287320515359e-05,0,0,0,0,3,3,0.124393503051533,0
test_id,DS05_id,2,66,fan_flow_mod,3,0,0,-0.000332421010269838,0,0,0,0,3,3,0.124393503051533,0
test_id,DS05_id,2,66,HPC_eff_mod,4,0,-0.376900896523562,-0.37241040380258,1,1,3,3,3,3,0.124393503051533,0
test_id,DS05_id,2,66,HPC_flow_mod,5,0,-0.102780884087445,-0.0933551361973481,1,1,2,2,3,3,0.124393503051533,0
test_id,DS05_id,2,66,LPT_eff_mod,6,0,0,-0.00673724347312669,0,0,0,0,3,3,0.124393503051533,0
test_id,DS05_id,2,66,LPT_flow_mod,7,0,0,-0.00550423893989264,0,0,0,0,3,3,0.124393503051533,0
test_id,DS05_id,2,66,LPC_eff_mod,8,0,0,-0.00522561962316908,0,1,0,1,3,3,0.124393503051533,0
test_id,DS05_id,2,66,LPC_flow_mod,9,0,0,-0,0,0,0,0,3,3,0.124393503051533,0
test_id,DS05_id,2,67,HPT_eff_mod,1,0,0,-0,0,0,0,0,3,3,0.12300948753701,0
test_id,DS05_id,2,67,fan_eff_mod,2,0,0,-4.01287320515359e-05,0,0,0,0,3,3,0.12300948753701,0
test_id,DS05_id,2,67,fan_flow_mod,3,0,0,-0.000332421010269838,0,0,0,0,3,3,0.12300948753701,0
test_id,DS05_id,2,67,HPC_eff_mod,4,0,-0.411373775267642,-0.395553260826604,1,1,3,3,3,3,0.12300948753701,0
test_id,DS05_id,2,67,HPC_flow_mod,5,0,-0.111618626694527,-0.099059247713209,1,1,2,2,3,3,0.12300948753701,0
test_id,DS05_id,2,67,LPT_eff_mod,6,0,0,-0.00673724347312669,0,0,0,0,3,3,0.12300948753701,0
test_id,DS05_id,2,67,LPT_flow_mod,7,0,0,-0.00550423893989264,0,0,0,0,3,3,0.12300948753701,0
test_id,DS05_id,2,67,LPC_eff_mod,8,0,0,-0.00522561962316908,0,1,0,1,3,3,0.12300948753701,0
test_id,DS05_id,2,67,LPC_flow_mod,9,0,0,-0,0,0,0,0,3,3,0.12300948753701,0
test_id,DS05_id,2,68,HPT_eff_mod,1,0,0,-0,0,0,0,0,3,3,0.159229041986955,0
test_id,DS05_id,2,68,fan_eff_mod,2,0,0,-4.01287320515359e-05,0,0,0,0,3,3,0.159229041986955,0
test_id,DS05_id,2,68,fan_flow_mod,3,0,0,-0.000332421010269838,0,0,0,0,3,3,0.159229041986955,0
test_id,DS05_id,2,68,HPC_eff_mod,4,0,-0.43057173660994,-0.435946113107071,1,1,3,3,3,3,0.159229041986955,0
test_id,DS05_id,2,68,HPC_flow_mod,5,0,-0.117006900677652,-0.114179154435784,1,1,2,2,3,3,0.159229041986955,0
test_id,DS05_id,2,68,LPT_eff_mod,6,0,0,-0.00673724347312669,0,0,0,0,3,3,0.159229041986955,0
test_id,DS05_id,2,68,LPT_flow_mod,7,0,0,-0.00550423893989264,0,0,0,0,3,3,0.159229041986955,0
test_id,DS05_id,2,68,LPC_eff_mod,8,0,0,-0.00522561962316908,0,1,0,1,3,3,0.159229041986955,0
test_id,DS05_id,2,68,LPC_flow_mod,9,0,0,-0,0,0,0,0,3,3,0.159229041986955,0
test_id,DS05_id,2,69,HPT_eff_mod,1,0,0,-0,0,0,0,0,3,3,0.164269900140899,0
test_id,DS05_id,2,69,fan_eff_mod,2,0,0,-4.01287320515359e-05,0,0,0,0,3,3,0.164269900140899,0
test_id,DS05_id,2,69,fan_flow_mod,3,0,0,-0.000332421010269838,0,0,0,0,3,3,0.164269900140899,0
test_id,DS05_id,2,69,HPC_eff_mod,4,0,-0.456316786541628,-0.439868894151311,1,1,3,3,3,3,0.164269900140899,0
test_id,DS05_id,2,69,HPC_flow_mod,5,0,-0.12593334389989,-0.115737918563998,1,1,2,2,3,3,0.164269900140899,0
test_id,DS05_id,2,69,LPT_eff_mod,6,0,0,-0.00673724347312669,0,0,0,0,3,3,0.164269900140899,0
test_id,DS05_id,2,69,LPT_flow_mod,7,0,0,-0.00550423893989264,0,0,0,0,3,3,0.164269900140899,0
test_id,DS05_id,2,69,LPC_eff_mod,8,0,0,-0.00522561962316908,0,1,0,1,3,3,0.164269900140899,0
test_id,DS05_id,2,69,LPC_flow_mod,9,0,0,-0,0,0,0,0,3,3,0.164269900140899,0
test_id,DS05_id,2,70,HPT_eff_mod,1,0,0,-0,0,0,0,0,3,3,0.311157627590695,0
test_id,DS05_id,2,70,fan_eff_mod,2,0,0,-4.01287320515359e-05,0,0,0,0,3,3,0.311157627590695,0
test_id,DS05_id,2,70,fan_flow_mod,3,0,0,-0.000605522827514342,0,0,0,0,3,3,0.311157627590695,0
test_id,DS05_id,2,70,HPC_eff_mod,4,0,-0.486953509686087,-0.444687774878043,1,1,3,3,3,3,0.311157627590695,0
test_id,DS05_id,2,70,HPC_flow_mod,5,0,-0.12943980998202,-0.115737918563998,1,1,2,2,3,3,0.311157627590695,0
test_id,DS05_id,2,70,LPT_eff_mod,6,0,0,-0.00673724347312669,0,0,0,0,3,3,0.311157627590695,0
test_id,DS05_id,2,70,LPT_flow_mod,7,0,0,-0.00550423893989264,0,0,0,0,3,3,0.311157627590695,0
test_id,DS05_id,2,70,LPC_eff_mod,8,0,0,-0.00522561962316908,0,1,0,1,3,3,0.311157627590695,0
test_id,DS05_id,2,70,LPC_flow_mod,9,0,0,-0,0,0,0,0,3,3,0.311157627590695,0
test_id,DS05_id,2,71,HPT_eff_mod,1,0,0,-0,0,0,0,0,3,3,0.0580782291813098,0
test_id,DS05_id,2,71,fan_eff_mod,2,0,0,-4.01287320515359e-05,0,0,0,0,3,3,0.0580782291813098,0
test_id,DS05_id,2,71,fan_flow_mod,3,0,0,-0.000605522827514342,0,0,0,0,3,3,0.0580782291813098,0
test_id,DS05_id,2,71,HPC_eff_mod,4,0,-0.523370549897156,-0.498373729171768,1,1,3,3,3,3,0.0580782291813098,0
test_id,DS05_id,2,71,HPC_flow_mod,5,0,-0.145456196730913,-0.134916638084833,1,1,3,3,3,3,0.0580782291813098,0
test_id,DS05_id,2,71,LPT_eff_mod,6,0,0,-0.00673724347312669,0,0,0,0,3,3,0.0580782291813098,0
test_id,DS05_id,2,71,LPT_flow_mod,7,0,0,-0.00550423893989264,0,0,0,0,3,3,0.0580782291813098,0
test_id,DS05_id,2,71,LPC_eff_mod,8,0,0,-0.00522561962316908,0,1,0,1,3,3,0.0580782291813098,0
test_id,DS05_id,2,71,LPC_flow_mod,9,0,0,-0,0,0,0,0,3,3,0.0580782291813098,0
test_id,DS05_id,2,72,HPT_eff_mod,1,0,0,-0,0,0,0,0,3,3,0.206592543466876,0
test_id,DS05_id,2,72,fan_eff_mod,2,0,0,-4.01287320515359e-05,0,0,0,0,3,3,0.206592543466876,0
test_id,DS05_id,2,72,fan_flow_mod,3,0,0,-0.000605522827514342,0,0,0,0,3,3,0.206592543466876,0
test_id,DS05_id,2,72,HPC_eff_mod,4,0,-0.554462269752144,-0.565858859829401,1,1,3,3,3,3,0.206592543466876,0
test_id,DS05_id,2,72,HPC_flow_mod,5,0,-0.149946440892786,-0.148525360837848,1,1,3,3,3,3,0.206592543466876,0
test_id,DS05_id,2,72,LPT_eff_mod,6,0,0,-0.00673724347312669,0,0,0,0,3,3,0.206592543466876,0
test_id,DS05_id,2,72,LPT_flow_mod,7,0,0,-0.00550423893989264,0,0,0,0,3,3,0.206592543466876,0
test_id,DS05_id,2,72,LPC_eff_mod,8,0,0,-0.011499148746822,0,1,0,1,3,3,0.206592543466876,0
test_id,DS05_id,2,72,LPC_flow_mod,9,0,0,-0,0,0,0,0,3,3,0.206592543466876,0
test_id,DS05_id,2,73,HPT_eff_mod,1,0,0,-0,0,0,0,0,3,3,0.18615884746141,0
test_id,DS05_id,2,73,fan_eff_mod,2,0,0,-4.01287320515359e-05,0,0,0,0,3,3,0.18615884746141,0
test_id,DS05_id,2,73,fan_flow_mod,3,0,0,-0.000605522827514342,0,0,0,0,3,3,0.18615884746141,0
test_id,DS05_id,2,73,HPC_eff_mod,4,0,-0.589865969521036,-0.584287154488353,1,1,3,3,3,3,0.18615884746141,0
test_id,DS05_id,2,73,HPC_flow_mod,5,0,-0.157395732789729,-0.148525360837848,1,1,3,3,3,3,0.18615884746141,0
test_id,DS05_id,2,73,LPT_eff_mod,6,0,0,-0.00673724347312669,0,0,0,0,3,3,0.18615884746141,0
test_id,DS05_id,2,73,LPT_flow_mod,7,0,0,-0.00550423893989264,0,0,0,0,3,3,0.18615884746141,0
test_id,DS05_id,2,73,LPC_eff_mod,8,0,0,-0.011499148746822,0,1,0,1,3,3,0.18615884746141,0
test_id,DS05_id,2,73,LPC_flow_mod,9,0,0,-0,0,0,0,0,3,3,0.18615884746141,0
test_id,DS05_id,2,74,HPT_eff_mod,1,0,0,-0,0,0,0,0,3,3,0.112139229448441,0
test_id,DS05_id,2,74,fan_eff_mod,2,0,0,-4.01287320515359e-05,0,0,0,0,3,3,0.112139229448441,0
test_id,DS05_id,2,74,fan_flow_mod,3,0,0,-0.000605522827514342,0,0,0,0,3,3,0.112139229448441,0
test_id,DS05_id,2,74,HPC_eff_mod,4,0,-0.628527103830187,-0.611201118213383,1,1,3,3,3,3,0.112139229448441,0
test_id,DS05_id,2,74,HPC_flow_mod,5,0,-0.168630811539741,-0.158614681141855,1,1,3,3,3,3,0.112139229448441,0
test_id,DS05_id,2,74,LPT_eff_mod,6,0,0,-0.00673724347312669,0,0,0,0,3,3,0.112139229448441,0
test_id,DS05_id,2,74,LPT_flow_mod,7,0,0,-0.00550423893989264,0,0,0,0,3,3,0.112139229448441,0
test_id,DS05_id,2,74,LPC_eff_mod,8,0,0,-0.011499148746822,0,1,0,1,3,3,0.112139229448441,0
test_id,DS05_id,2,74,LPC_flow_mod,9,0,0,-0,0,0,0,0,3,3,0.112139229448441,0
test_id,DS05_id,2,75,HPT_eff_mod,1,0,0,-0,0,0,0,0,3,3,0.251789860517419,0
test_id,DS05_id,2,75,fan_eff_mod,2,0,0,-4.01287320515359e-05,0,0,0,0,3,3,0.251789860517419,0
test_id,DS05_id,2,75,fan_flow_mod,3,0,0,-0.000605522827514342,0,0,0,0,3,3,0.251789860517419,0
test_id,DS05_id,2,75,HPC_eff_mod,4,0,-0.668526989183115,-0.686798963454276,1,1,3,3,3,3,0.251789860517419,0
test_id,DS05_id,2,75,HPC_flow_mod,5,0,-0.178181916446591,-0.179773306389071,1,1,3,3,3,3,0.251789860517419,0
test_id,DS05_id,2,75,LPT_eff_mod,6,0,0,-0.00673724347312669,0,0,0,0,3,3,0.251789860517419,0
test_id,DS05_id,2,75,LPT_flow_mod,7,0,0,-0.00550423893989264,0,0,0,0,3,3,0.251789860517419,0
test_id,DS05_id,2,75,LPC_eff_mod,8,0,0,-0.011499148746822,0,1,0,1,3,3,0.251789860517419,0
test_id,DS05_id,2,75,LPC_flow_mod,9,0,0,-0,0,0,0,0,3,3,0.251789860517419,0
test_id,DS05_id,2,76,HPT_eff_mod,1,0,0,-0,0,0,0,0,3,3,0.0907500404883708,0
test_id,DS05_id,2,76,fan_eff_mod,2,0,0,-4.01287320515359e-05,0,0,0,0,3,3,0.0907500404883708,0
test_id,DS05_id,2,76,fan_flow_mod,3,0,0,-0.000605522827514342,0,0,0,0,3,3,0.0907500404883708,0
test_id,DS05_id,2,76,HPC_eff_mod,4,0,-0.714850854493812,-0.709751098939774,1,1,3,3,3,3,0.0907500404883708,0
test_id,DS05_id,2,76,HPC_flow_mod,5,0,-0.188587763807656,-0.179773306389071,1,1,3,3,3,3,0.0907500404883708,0
test_id,DS05_id,2,76,LPT_eff_mod,6,0,0,-0.00673724347312669,0,0,0,0,3,3,0.0907500404883708,0
test_id,DS05_id,2,76,LPT_flow_mod,7,0,0,-0.00550423893989264,0,0,0,0,3,3,0.0907500404883708,0
test_id,DS05_id,2,76,LPC_eff_mod,8,0,0,-0.011499148746822,0,1,0,1,3,3,0.0907500404883708,0
test_id,DS05_id,2,76,LPC_flow_mod,9,0,0,-0.00681581677667166,0,0,0,0,3,3,0.0907500404883708,0
test_id,DS05_id,2,77,HPT_eff_mod,1,0,0,-0,0,0,0,0,3,3,0.156175779718727,0
test_id,DS05_id,2,77,fan_eff_mod,2,0,0,-4.01287320515359e-05,0,0,0,0,3,3,0.156175779718727,0
test_id,DS05_id,2,77,fan_flow_mod,3,0,0,-0.000605522827514342,0,0,0,0,3,3,0.156175779718727,0
test_id,DS05_id,2,77,HPC_eff_mod,4,0,-0.763731055572798,-0.748687433092151,1,1,3,3,3,3,0.156175779718727,0
test_id,DS05_id,2,77,HPC_flow_mod,5,0,-0.199978906572798,-0.187655904138343,1,1,3,3,3,3,0.156175779718727,0
test_id,DS05_id,2,77,LPT_eff_mod,6,0,0,-0.00673724347312669,0,0,0,0,3,3,0.156175779718727,0
test_id,DS05_id,2,77,LPT_flow_mod,7,0,0,-0.00550423893989264,0,0,0,0,3,3,0.156175779718727,0
test_id,DS05_id,2,77,LPC_eff_mod,8,0,0,-0.011499148746822,0,1,0,1,3,3,0.156175779718727,0
test_id,DS05_id,2,77,LPC_flow_mod,9,0,0,-0.0116459716534777,0,0,0,0,3,3,0.156175779718727,0
test_id,DS05_id,2,78,HPT_eff_mod,1,0,0,-0,0,0,0,0,3,3,0.169790205985631,0
test_id,DS05_id,2,78,fan_eff_mod,2,0,0,-0.00216381260508251,0,0,0,0,3,3,0.169790205985631,0
test_id,DS05_id,2,78,fan_flow_mod,3,0,0,-0.000605522827514342,0,0,0,0,3,3,0.169790205985631,0
test_id,DS05_id,2,78,HPC_eff_mod,4,0,-0.815625340248902,-0.810496177485326,1,1,3,3,3,3,0.169790205985631,0
test_id,DS05_id,2,78,HPC_flow_mod,5,0,-0.21295787503051,-0.20730431034587,1,1,3,3,3,3,0.169790205985631,0
test_id,DS05_id,2,78,LPT_eff_mod,6,0,0,-0.00673724347312669,0,0,0,0,3,3,0.169790205985631,0
test_id,DS05_id,2,78,LPT_flow_mod,7,0,0,-0.00550423893989264,0,0,0,0,3,3,0.169790205985631,0
test_id,DS05_id,2,78,LPC_eff_mod,8,0,0,-0.011499148746822,0,1,0,1,3,3,0.169790205985631,0
test_id,DS05_id,2,78,LPC_flow_mod,9,0,0,-0.0116459716534777,0,0,0,0,3,3,0.169790205985631,0
test_id,DS05_id,2,79,HPT_eff_mod,1,0,0,-0,0,0,0,0,3,3,0.217880910298105,0
test_id,DS05_id,2,79,fan_eff_mod,2,0,0,-0.00216381260508251,0,0,0,0,3,3,0.217880910298105,0
test_id,DS05_id,2,79,fan_flow_mod,3,0,0,-0.000605522827514342,0,0,0,0,3,3,0.217880910298105,0
test_id,DS05_id,2,79,HPC_eff_mod,4,0,-0.858784374172179,-0.82355614062112,1,1,3,3,3,3,0.217880910298105,0
test_id,DS05_id,2,79,HPC_flow_mod,5,0,-0.217188501635588,-0.20730431034587,1,1,3,3,3,3,0.217880910298105,0
test_id,DS05_id,2,79,LPT_eff_mod,6,0,0,-0.00673724347312669,0,0,0,0,3,3,0.217880910298105,0
test_id,DS05_id,2,79,LPT_flow_mod,7,0,0,-0.00550423893989264,0,0,0,0,3,3,0.217880910298105,0
test_id,DS05_id,2,79,LPC_eff_mod,8,0,0,-0.011499148746822,0,1,0,1,3,3,0.217880910298105,0
test_id,DS05_id,2,79,LPC_flow_mod,9,0,0,-0.0277303183835484,0,0,0,0,3,3,0.217880910298105,0
test_id,DS05_id,2,80,HPT_eff_mod,1,0,0,-0,0,0,0,0,3,3,0.187885082475419,0
test_id,DS05_id,2,80,fan_eff_mod,2,0,0,-0.00216381260508251,0,0,0,0,3,3,0.187885082475419,0
test_id,DS05_id,2,80,fan_flow_mod,3,0,0,-0.000605522827514342,0,0,0,0,3,3,0.187885082475419,0
test_id,DS05_id,2,80,HPC_eff_mod,4,0,-0.924913454970418,-0.931685224265942,1,1,3,3,3,3,0.187885082475419,0
test_id,DS05_id,2,80,HPC_flow_mod,5,0,-0.234887070858839,-0.231412572526692,1,1,3,3,3,3,0.187885082475419,0
test_id,DS05_id,2,80,LPT_eff_mod,6,0,0,-0.00673724347312669,0,0,0,0,3,3,0.187885082475419,0
test_id,DS05_id,2,80,LPT_flow_mod,7,0,0,-0.0344086715833693,0,0,0,0,3,3,0.187885082475419,0
test_id,DS05_id,2,80,LPC_eff_mod,8,0,0,-0.0226789733980537,0,1,0,2,3,3,0.187885082475419,0
test_id,DS05_id,2,80,LPC_flow_mod,9,0,0,-0.0277303183835484,0,0,0,0,3,3,0.187885082475419,0
test_id,DS07_id,3,1,HPT_eff_mod,1,1,0,-0,0,0,0,0,0,0,0.0730325880469778,0
test_id,DS07_id,3,1,fan_eff_mod,2,1,0,-0,0,0,0,0,0,0,0.0730325880469778,0
test_id,DS07_id,3,1,fan_flow_mod,3,1,0,-0,0,0,0,0,0,0,0.0730325880469778,0
test_id,DS07_id,3,1,HPC_eff_mod,4,1,0,-0,0,0,0,0,0,0,0.0730325880469778,0
test_id,DS07_id,3,1,HPC_flow_mod,5,1,0,-0,0,0,0,0,0,0,0.0730325880469778,0
test_id,DS07_id,3,1,LPT_eff_mod,6,1,0.000452996782204649,-0,0,0,0,0,0,0,0.0730325880469778,0
test_id,DS07_id,3,1,LPT_flow_mod,7,1,0.00104894789560014,-0,0,0,0,0,0,0,0.0730325880469778,0
test_id,DS07_id,3,1,LPC_eff_mod,8,1,0,-0,0,0,0,0,0,0,0.0730325880469778,0
test_id,DS07_id,3,1,LPC_flow_mod,9,1,0,-0,0,0,0,0,0,0,0.0730325880469778,0
test_id,DS07_id,3,2,HPT_eff_mod,1,1,0,-0,0,0,0,0,0,0,0.0807668981526085,0
test_id,DS07_id,3,2,fan_eff_mod,2,1,0,-0,0,0,0,0,0,0,0.0807668981526085,0
test_id,DS07_id,3,2,fan_flow_mod,3,1,0,-0,0,0,0,0,0,0,0.0807668981526085,0
test_id,DS07_id,3,2,HPC_eff_mod,4,1,0,-0,0,0,0,0,0,0,0.0807668981526085,0
test_id,DS07_id,3,2,HPC_flow_mod,5,1,0,-0.0014430312724341,0,0,0,0,0,0,0.0807668981526085,0
test_id,DS07_id,3,2,LPT_eff_mod,6,1,0.000215159342096644,-0,0,0,0,0,0,0,0.0807668981526085,0
test_id,DS07_id,3,2,LPT_flow_mod,7,1,-0.00505521994861591,-0,0,0,0,0,0,0,0.0807668981526085,0
test_id,DS07_id,3,2,LPC_eff_mod,8,1,0,-0,0,0,0,0,0,0,0.0807668981526085,0
test_id,DS07_id,3,2,LPC_flow_mod,9,1,0,-0,0,0,0,0,0,0,0.0807668981526085,0
test_id,DS07_id,3,3,HPT_eff_mod,1,1,0,-0,0,0,0,0,0,0,0.0771146081508189,0
test_id,DS07_id,3,3,fan_eff_mod,2,1,0,-0,0,0,0,0,0,0,0.0771146081508189,0
test_id,DS07_id,3,3,fan_flow_mod,3,1,0,-0,0,0,0,0,0,0,0.0771146081508189,0
test_id,DS07_id,3,3,HPC_eff_mod,4,1,0,-0,0,0,0,0,0,0,0.0771146081508189,0
test_id,DS07_id,3,3,HPC_flow_mod,5,1,0,-0.0014430312724341,0,0,0,0,0,0,0.0771146081508189,0
test_id,DS07_id,3,3,LPT_eff_mod,6,1,-0.000668156124301624,-0,0,0,0,0,0,0,0.0771146081508189,0
test_id,DS07_id,3,3,LPT_flow_mod,7,1,0.00400627205301512,-0,0,0,0,0,0,0,0.0771146081508189,0
test_id,DS07_id,3,3,LPC_eff_mod,8,1,0,-0,0,0,0,0,0,0,0.0771146081508189,0
test_id,DS07_id,3,3,LPC_flow_mod,9,1,0,-0,0,0,0,0,0,0,0.0771146081508189,0
test_id,DS07_id,3,4,HPT_eff_mod,1,1,0,-0,0,0,0,0,0,0,0.10292988269319,0
test_id,DS07_id,3,4,fan_eff_mod,2,1,0,-0,0,0,0,0,0,0,0.10292988269319,0
test_id,DS07_id,3,4,fan_flow_mod,3,1,0,-0,0,0,0,0,0,0,0.10292988269319,0
test_id,DS07_id,3,4,HPC_eff_mod,4,1,0,-0,0,0,0,0,0,0,0.10292988269319,0
test_id,DS07_id,3,4,HPC_flow_mod,5,1,0,-0.0014430312724341,0,0,0,0,0,0,0.10292988269319,0
test_id,DS07_id,3,4,LPT_eff_mod,6,1,0.00650240119691084,-0,0,0,0,0,0,0,0.10292988269319,0
test_id,DS07_id,3,4,LPT_flow_mod,7,1,0.000877778643698691,-0,0,0,0,0,0,0,0.10292988269319,0
test_id,DS07_id,3,4,LPC_eff_mod,8,1,0,-0,0,0,0,0,0,0,0.10292988269319,0
test_id,DS07_id,3,4,LPC_flow_mod,9,1,0,-0,0,0,0,0,0,0,0.10292988269319,0
test_id,DS07_id,3,5,HPT_eff_mod,1,1,0,-0,0,0,0,0,0,0,0.0949965547583612,0
test_id,DS07_id,3,5,fan_eff_mod,2,1,0,-0,0,0,0,0,0,0,0.0949965547583612,0
test_id,DS07_id,3,5,fan_flow_mod,3,1,0,-0,0,0,0,0,0,0,0.0949965547583612,0
test_id,DS07_id,3,5,HPC_eff_mod,4,1,0,-0.000717676340651569,0,0,0,0,0,0,0.0949965547583612,0
test_id,DS07_id,3,5,HPC_flow_mod,5,1,0,-0.0014430312724341,0,0,0,0,0,0,0.0949965547583612,0
test_id,DS07_id,3,5,LPT_eff_mod,6,1,0.00296801345242341,-0,0,0,0,0,0,0,0.0949965547583612,0
test_id,DS07_id,3,5,LPT_flow_mod,7,1,-0.00735298443173342,-0,0,0,0,0,0,0,0.0949965547583612,0
test_id,DS07_id,3,5,LPC_eff_mod,8,1,0,-0,0,0,0,0,0,0,0.0949965547583612,0
test_id,DS07_id,3,5,LPC_flow_mod,9,1,0,-0,0,0,0,0,0,0,0.0949965547583612,0
test_id,DS07_id,3,6,HPT_eff_mod,1,1,0,-0,0,0,0,0,0,0,0.260588016006852,0
test_id,DS07_id,3,6,fan_eff_mod,2,1,0,-0,0,0,0,0,0,0,0.260588016006852,0
test_id,DS07_id,3,6,fan_flow_mod,3,1,0,-0,0,0,0,0,0,0,0.260588016006852,0
test_id,DS07_id,3,6,HPC_eff_mod,4,1,0,-0.000717676340651569,0,0,0,0,0,0,0.260588016006852,0
test_id,DS07_id,3,6,HPC_flow_mod,5,1,0,-0.0014430312724341,0,0,0,0,0,0,0.260588016006852,0
test_id,DS07_id,3,6,LPT_eff_mod,6,1,-0.00468515347419219,-0,0,0,0,0,0,0,0.260588016006852,0
test_id,DS07_id,3,6,LPT_flow_mod,7,1,0.00163943919169605,-0,0,0,0,0,0,0,0.260588016006852,0
test_id,DS07_id,3,6,LPC_eff_mod,8,1,0,-0,0,0,0,0,0,0,0.260588016006852,0
test_id,DS07_id,3,6,LPC_flow_mod,9,1,0,-0,0,0,0,0,0,0,0.260588016006852,0
test_id,DS07_id,3,7,HPT_eff_mod,1,1,0,-0,0,0,0,0,0,0,0.0824427866910836,0
test_id,DS07_id,3,7,fan_eff_mod,2,1,0,-0,0,0,0,0,0,0,0.0824427866910836,0
test_id,DS07_id,3,7,fan_flow_mod,3,1,0,-0,0,0,0,0,0,0,0.0824427866910836,0
test_id,DS07_id,3,7,HPC_eff_mod,4,1,0,-0.000717676340651569,0,0,0,0,0,0,0.0824427866910836,0
test_id,DS07_id,3,7,HPC_flow_mod,5,1,0,-0.0014430312724341,0,0,0,0,0,0,0.0824427866910836,0
test_id,DS07_id,3,7,LPT_eff_mod,6,1,0.000853673880894568,-0,0,0,0,0,0,0,0.0824427866910836,0
test_id,DS07_id,3,7,LPT_flow_mod,7,1,-0.00443694010294085,-0,0,0,0,0,0,0,0.0824427866910836,0
test_id,DS07_id,3,7,LPC_eff_mod,8,1,0,-0,0,0,0,0,0,0,0.0824427866910836,0
test_id,DS07_id,3,7,LPC_flow_mod,9,1,0,-0,0,0,0,0,0,0,0.0824427866910836,0
test_id,DS07_id,3,8,HPT_eff_mod,1,1,0,-0,0,0,0,0,0,0,0.111349336040776,0
test_id,DS07_id,3,8,fan_eff_mod,2,1,0,-0,0,0,0,0,0,0,0.111349336040776,0
test_id,DS07_id,3,8,fan_flow_mod,3,1,0,-0,0,0,0,0,0,0,0.111349336040776,0
test_id,DS07_id,3,8,HPC_eff_mod,4,1,0,-0.000717676340651569,0,0,0,0,0,0,0.111349336040776,0
test_id,DS07_id,3,8,HPC_flow_mod,5,1,0,-0.0014430312724341,0,0,0,0,0,0,0.111349336040776,0
test_id,DS07_id,3,8,LPT_eff_mod,6,1,0.00225348659576004,-0,0,0,0,0,0,0,0.111349336040776,0
test_id,DS07_id,3,8,LPT_flow_mod,7,1,-0.000668345888480686,-0,0,0,0,0,0,0,0.111349336040776,0
test_id,DS07_id,3,8,LPC_eff_mod,8,1,0,-0,0,0,0,0,0,0,0.111349336040776,0
test_id,DS07_id,3,8,LPC_flow_mod,9,1,0,-0,0,0,0,0,0,0,0.111349336040776,0
test_id,DS07_id,3,9,HPT_eff_mod,1,1,0,-0,0,0,0,0,0,0,0.114348941100702,0
test_id,DS07_id,3,9,fan_eff_mod,2,1,0,-0,0,0,0,0,0,0,0.114348941100702,0
test_id,DS07_id,3,9,fan_flow_mod,3,1,0,-0,0,0,0,0,0,0,0.114348941100702,0
test_id,DS07_id,3,9,HPC_eff_mod,4,1,0,-0.000717676340651569,0,0,0,0,0,0,0.114348941100702,0
test_id,DS07_id,3,9,HPC_flow_mod,5,1,0,-0.0014430312724341,0,0,0,0,0,0,0.114348941100702,0
test_id,DS07_id,3,9,LPT_eff_mod,6,1,-0.000339598251528239,-0,0,0,0,0,0,0,0.114348941100702,0
test_id,DS07_id,3,9,LPT_flow_mod,7,1,-0.00246717324991979,-0.00417022317760382,0,0,0,0,0,0,0.114348941100702,0
test_id,DS07_id,3,9,LPC_eff_mod,8,1,0,-0,0,0,0,0,0,0,0.114348941100702,0
test_id,DS07_id,3,9,LPC_flow_mod,9,1,0,-0,0,0,0,0,0,0,0.114348941100702,0
test_id,DS07_id,3,10,HPT_eff_mod,1,1,0,-0,0,0,0,0,0,0,0.158461350166046,0
test_id,DS07_id,3,10,fan_eff_mod,2,1,0,-0,0,0,0,0,0,0,0.158461350166046,0
test_id,DS07_id,3,10,fan_flow_mod,3,1,0,-0,0,0,0,0,0,0,0.158461350166046,0
test_id,DS07_id,3,10,HPC_eff_mod,4,1,0,-0.000717676340651569,0,0,0,0,0,0,0.158461350166046,0
test_id,DS07_id,3,10,HPC_flow_mod,5,1,0,-0.0014430312724341,0,0,0,0,0,0,0.158461350166046,0
test_id,DS07_id,3,10,LPT_eff_mod,6,1,-0.00262965110890532,-0,0,0,0,0,0,0,0.158461350166046,0
test_id,DS07_id,3,10,LPT_flow_mod,7,1,-0.00482005733816967,-0.00417022317760382,0,0,0,0,0,0,0.158461350166046,0
test_id,DS07_id,3,10,LPC_eff_mod,8,1,0,-0,0,0,0,0,0,0,0.158461350166046,0
test_id,DS07_id,3,10,LPC_flow_mod,9,1,0,-0,0,0,0,0,0,0,0.158461350166046,0
test_id,DS07_id,3,11,HPT_eff_mod,1,1,0,-0,0,0,0,0,0,0,0.180751213618714,0
test_id,DS07_id,3,11,fan_eff_mod,2,1,0,-0,0,0,0,0,0,0,0.180751213618714,0
test_id,DS07_id,3,11,fan_flow_mod,3,1,0,-0.000687526379606771,0,0,0,0,0,0,0.180751213618714,0
test_id,DS07_id,3,11,HPC_eff_mod,4,1,0,-0.000717676340651569,0,0,0,0,0,0,0.180751213618714,0
test_id,DS07_id,3,11,HPC_flow_mod,5,1,0,-0.0014430312724341,0,0,0,0,0,0,0.180751213618714,0
test_id,DS07_id,3,11,LPT_eff_mod,6,1,0.00164776976128853,-0,0,0,0,0,0,0,0.180751213618714,0
test_id,DS07_id,3,11,LPT_flow_mod,7,1,-0.00528116071581471,-0.00417022317760382,0,0,0,0,0,0,0.180751213618714,0
test_id,DS07_id,3,11,LPC_eff_mod,8,1,0,-0,0,0,0,0,0,0,0.180751213618714,0
test_id,DS07_id,3,11,LPC_flow_mod,9,1,0,-0,0,0,0,0,0,0,0.180751213618714,0
test_id,DS07_id,3,12,HPT_eff_mod,1,1,0,-0,0,0,0,0,0,0,0.433174608455682,0
test_id,DS07_id,3,12,fan_eff_mod,2,1,0,-0,0,0,0,0,0,0,0.433174608455682,0
test_id,DS07_id,3,12,fan_flow_mod,3,1,0,-0.000687526379606771,0,0,0,0,0,0,0.433174608455682,0
test_id,DS07_id,3,12,HPC_eff_mod,4,1,0,-0.000717676340651569,0,0,0,0,0,0,0.433174608455682,0
test_id,DS07_id,3,12,HPC_flow_mod,5,1,0,-0.0014430312724341,0,0,0,0,0,0,0.433174608455682,0
test_id,DS07_id,3,12,LPT_eff_mod,6,1,-0.00135881514131552,-0,0,0,0,0,0,0,0.433174608455682,0
test_id,DS07_id,3,12,LPT_flow_mod,7,1,-0.0133348011890521,-0.00417022317760382,0,0,0,0,0,0,0.433174608455682,0
test_id,DS07_id,3,12,LPC_eff_mod,8,1,0,-0,0,0,0,0,0,0,0.433174608455682,0
test_id,DS07_id,3,12,LPC_flow_mod,9,1,0,-0,0,0,0,0,0,0,0.433174608455682,0
test_id,DS07_id,3,13,HPT_eff_mod,1,1,0,-0,0,0,0,0,0,0,0.179057424743446,0
test_id,DS07_id,3,13,fan_eff_mod,2,1,0,-0.000405239830624277,0,0,0,0,0,0,0.179057424743446,0
test_id,DS07_id,3,13,fan_flow_mod,3,1,0,-0.000687526379606771,0,0,0,0,0,0,0.179057424743446,0
test_id,DS07_id,3,13,HPC_eff_mod,4,1,0,-0.000717676340651569,0,0,0,0,0,0,0.179057424743446,0
test_id,DS07_id,3,13,HPC_flow_mod,5,1,0,-0.0014430312724341,0,0,0,0,0,0,0.179057424743446,0
test_id,DS07_id,3,13,LPT_eff_mod,6,1,-0.000880938990339641,-0.00290128624569259,0,0,0,0,0,0,0.179057424743446,0
test_id,DS07_id,3,13,LPT_flow_mod,7,1,-0.010119289726752,-0.00417022317760382,0,0,0,0,0,0,0.179057424743446,0
test_id,DS07_id,3,13,LPC_eff_mod,8,1,0,-0,0,0,0,0,0,0,0.179057424743446,0
test_id,DS07_id,3,13,LPC_flow_mod,9,1,0,-0,0,0,0,0,0,0,0.179057424743446,0
test_id,DS07_id,3,14,HPT_eff_mod,1,1,0,-0,0,0,0,0,0,0,0.15241421814785,0
test_id,DS07_id,3,14,fan_eff_mod,2,1,0,-0.000405239830624277,0,0,0,0,0,0,0.15241421814785,0
test_id,DS07_id,3,14,fan_flow_mod,3,1,0,-0.000687526379606771,0,0,0,0,0,0,0.15241421814785,0
test_id,DS07_id,3,14,HPC_eff_mod,4,1,0,-0.000717676340651569,0,0,0,0,0,0,0.15241421814785,0
test_id,DS07_id,3,14,HPC_flow_mod,5,1,0,-0.0014430312724341,0,0,0,0,0,0,0.15241421814785,0
test_id,DS07_id,3,14,LPT_eff_mod,6,1,-0.00886203082397577,-0.00290128624569259,0,0,0,0,0,0,0.15241421814785,0
test_id,DS07_id,3,14,LPT_flow_mod,7,1,-0.0103172953487196,-0.00417022317760382,0,0,0,0,0,0,0.15241421814785,0
test_id,DS07_id,3,14,LPC_eff_mod,8,1,0,-0,0,0,0,0,0,0,0.15241421814785,0
test_id,DS07_id,3,14,LPC_flow_mod,9,1,0,-0,0,0,0,0,0,0,0.15241421814785,0
test_id,DS07_id,3,15,HPT_eff_mod,1,1,0,-0,0,0,0,0,0,0,0.142317269053546,0
test_id,DS07_id,3,15,fan_eff_mod,2,1,0,-0.000405239830624277,0,0,0,0,0,0,0.142317269053546,0
test_id,DS07_id,3,15,fan_flow_mod,3,1,0,-0.000687526379606771,0,0,0,0,0,0,0.142317269053546,0
test_id,DS07_id,3,15,HPC_eff_mod,4,1,0,-0.000717676340651569,0,0,0,0,0,0,0.142317269053546,0
test_id,DS07_id,3,15,HPC_flow_mod,5,1,0,-0.0014430312724341,0,0,0,0,0,0,0.142317269053546,0
test_id,DS07_id,3,15,LPT_eff_mod,6,1,-0.00831286498030972,-0.00290128624569259,0,0,0,0,0,0,0.142317269053546,0
test_id,DS07_id,3,15,LPT_flow_mod,7,1,-0.00366946027117256,-0.00417022317760382,0,0,0,0,0,0,0.142317269053546,0
test_id,DS07_id,3,15,LPC_eff_mod,8,1,0,-0,0,0,0,0,0,0,0.142317269053546,0
test_id,DS07_id,3,15,LPC_flow_mod,9,1,0,-0,0,0,0,0,0,0,0.142317269053546,0
test_id,DS07_id,3,16,HPT_eff_mod,1,1,0,-0,0,0,0,0,0,0,0.085937429499261,0
test_id,DS07_id,3,16,fan_eff_mod,2,1,0,-0.000405239830624277,0,0,0,0,0,0,0.085937429499261,0
test_id,DS07_id,3,16,fan_flow_mod,3,1,0,-0.000687526379606771,0,0,0,0,0,0,0.085937429499261,0
test_id,DS07_id,3,16,HPC_eff_mod,4,1,0,-0.000717676340651569,0,0,0,0,0,0,0.085937429499261,0
test_id,DS07_id,3,16,HPC_flow_mod,5,1,0,-0.0014430312724341,0,0,0,0,0,0,0.085937429499261,0
test_id,DS07_id,3,16,LPT_eff_mod,6,1,-0.00267688612236064,-0.00290128624569259,0,0,0,0,0,0,0.085937429499261,0
test_id,DS07_id,3,16,LPT_flow_mod,7,1,-0.00378723194829702,-0.00417022317760382,0,0,0,0,0,0,0.085937429499261,0
test_id,DS07_id,3,16,LPC_eff_mod,8,1,0,-0,0,0,0,0,0,0,0.085937429499261,0
test_id,DS07_id,3,16,LPC_flow_mod,9,1,0,-0,0,0,0,0,0,0,0.085937429499261,0
test_id,DS07_id,3,17,HPT_eff_mod,1,1,0,-0,0,0,0,0,0,0,0.135567399027949,0
test_id,DS07_id,3,17,fan_eff_mod,2,1,0,-0.000405239830624277,0,0,0,0,0,0,0.135567399027949,0
test_id,DS07_id,3,17,fan_flow_mod,3,1,0,-0.000687526379606771,0,0,0,0,0,0,0.135567399027949,0
test_id,DS07_id,3,17,HPC_eff_mod,4,1,0,-0.000717676340651569,0,0,0,0,0,0,0.135567399027949,0
test_id,DS07_id,3,17,HPC_flow_mod,5,1,0,-0.0014430312724341,0,0,0,0,0,0,0.135567399027949,0
test_id,DS07_id,3,17,LPT_eff_mod,6,1,-0.010056455912516,-0.00290128624569259,0,0,0,0,0,0,0.135567399027949,0
test_id,DS07_id,3,17,LPT_flow_mod,7,1,-0.00887277941411981,-0.00417022317760382,0,0,0,0,0,0,0.135567399027949,0
test_id,DS07_id,3,17,LPC_eff_mod,8,1,0,-0,0,0,0,0,0,0,0.135567399027949,0
test_id,DS07_id,3,17,LPC_flow_mod,9,1,0,-0,0,0,0,0,0,0,0.135567399027949,0
test_id,DS07_id,3,18,HPT_eff_mod,1,1,0,-0,0,0,0,0,0,0,0.0980026990708986,0
test_id,DS07_id,3,18,fan_eff_mod,2,1,0,-0.000405239830624277,0,0,0,0,0,0,0.0980026990708986,0
test_id,DS07_id,3,18,fan_flow_mod,3,1,0,-0.000687526379606771,0,0,0,0,0,0,0.0980026990708986,0
test_id,DS07_id,3,18,HPC_eff_mod,4,1,0,-0.000717676340651569,0,0,0,0,0,0,0.0980026990708986,0
test_id,DS07_id,3,18,HPC_flow_mod,5,1,0,-0.0014430312724341,0,0,0,0,0,0,0.0980026990708986,0
test_id,DS07_id,3,18,LPT_eff_mod,6,1,-0.00557780769538711,-0.00290128624569259,0,0,0,0,0,0,0.0980026990708986,0
test_id,DS07_id,3,18,LPT_flow_mod,7,1,-0.00617896567529529,-0.00417022317760382,0,0,0,0,0,0,0.0980026990708986,0
test_id,DS07_id,3,18,LPC_eff_mod,8,1,0,-0,0,0,0,0,0,0,0.0980026990708986,0
test_id,DS07_id,3,18,LPC_flow_mod,9,1,0,-0,0,0,0,0,0,0,0.0980026990708986,0
test_id,DS07_id,3,19,HPT_eff_mod,1,1,0,-0,0,0,0,0,0,0,0.234539779240286,0
test_id,DS07_id,3,19,fan_eff_mod,2,1,0,-0.000405239830624277,0,0,0,0,0,0,0.234539779240286,0
test_id,DS07_id,3,19,fan_flow_mod,3,1,0,-0.000687526379606771,0,0,0,0,0,0,0.234539779240286,0
test_id,DS07_id,3,19,HPC_eff_mod,4,1,0,-0.000717676340651569,0,0,0,0,0,0,0.234539779240286,0
test_id,DS07_id,3,19,HPC_flow_mod,5,1,0,-0.0014430312724341,0,0,0,0,0,0,0.234539779240286,0
test_id,DS07_id,3,19,LPT_eff_mod,6,1,-0.0126503986452458,-0.00290128624569259,0,0,0,0,0,0,0.234539779240286,0
test_id,DS07_id,3,19,LPT_flow_mod,7,1,-0.00688188252569836,-0.00417022317760382,0,0,0,0,0,0,0.234539779240286,0
test_id,DS07_id,3,19,LPC_eff_mod,8,1,0,-0,0,0,0,0,0,0,0.234539779240286,0
test_id,DS07_id,3,19,LPC_flow_mod,9,1,0,-0,0,0,0,0,0,0,0.234539779240286,0
test_id,DS07_id,3,20,HPT_eff_mod,1,1,0,-0,0,0,0,0,0,0,0.158663004491461,0
test_id,DS07_id,3,20,fan_eff_mod,2,1,0,-0.000405239830624277,0,0,0,0,0,0,0.158663004491461,0
test_id,DS07_id,3,20,fan_flow_mod,3,1,0,-0.000687526379606771,0,0,0,0,0,0,0.158663004491461,0
test_id,DS07_id,3,20,HPC_eff_mod,4,1,0,-0.000717676340651569,0,0,0,0,0,0,0.158663004491461,0
test_id,DS07_id,3,20,HPC_flow_mod,5,1,0,-0.0014430312724341,0,0,0,0,0,0,0.158663004491461,0
test_id,DS07_id,3,20,LPT_eff_mod,6,1,-0.00913559576071415,-0.00290128624569259,0,0,0,0,0,0,0.158663004491461,0
test_id,DS07_id,3,20,LPT_flow_mod,7,1,-0.0121794935228157,-0.00727805872382998,0,0,0,0,0,0,0.158663004491461,0
test_id,DS07_id,3,20,LPC_eff_mod,8,1,0,-0,0,0,0,0,0,0,0.158663004491461,0
test_id,DS07_id,3,20,LPC_flow_mod,9,1,0,-0,0,0,0,0,0,0,0.158663004491461,0
test_id,DS07_id,3,21,HPT_eff_mod,1,1,0,-0,0,0,0,0,0,0,0.44332146143383,0
test_id,DS07_id,3,21,fan_eff_mod,2,1,0,-0.000405239830624277,0,0,0,0,0,0,0.44332146143383,0
test_id,DS07_id,3,21,fan_flow_mod,3,1,0,-0.000687526379606771,0,0,0,0,0,0,0.44332146143383,0
test_id,DS07_id,3,21,HPC_eff_mod,4,1,0,-0.000717676340651569,0,0,0,0,0,0,0.44332146143383,0
test_id,DS07_id,3,21,HPC_flow_mod,5,1,0,-0.0014430312724341,0,0,0,0,0,0,0.44332146143383,0
test_id,DS07_id,3,21,LPT_eff_mod,6,1,-0.00669940066556684,-0.00290128624569259,0,0,0,0,0,0,0.44332146143383,0
test_id,DS07_id,3,21,LPT_flow_mod,7,1,-0.00901421477241061,-0.00727805872382998,0,0,0,0,0,0,0.44332146143383,0
test_id,DS07_id,3,21,LPC_eff_mod,8,1,0,-0,0,0,0,0,0,0,0.44332146143383,0
test_id,DS07_id,3,21,LPC_flow_mod,9,1,0,-0,0,0,0,0,0,0,0.44332146143383,0
test_id,DS07_id,3,22,HPT_eff_mod,1,1,0,-0,0,0,0,0,0,0,0.233764926026129,0
test_id,DS07_id,3,22,fan_eff_mod,2,1,0,-0.000405239830624277,0,0,0,0,0,0,0.233764926026129,0
test_id,DS07_id,3,22,fan_flow_mod,3,1,0,-0.000687526379606771,0,0,0,0,0,0,0.233764926026129,0
test_id,DS07_id,3,22,HPC_eff_mod,4,1,0,-0.00208518353444056,0,0,0,0,0,0,0.233764926026129,0
test_id,DS07_id,3,22,HPC_flow_mod,5,1,0,-0.0014430312724341,0,0,0,0,0,0,0.233764926026129,0
test_id,DS07_id,3,22,LPT_eff_mod,6,1,-0.0120880477512344,-0.00695240205211615,0,0,0,0,0,0,0.233764926026129,0
test_id,DS07_id,3,22,LPT_flow_mod,7,1,-0.0138871978799015,-0.00727805872382998,0,0,0,0,0,0,0.233764926026129,0
test_id,DS07_id,3,22,LPC_eff_mod,8,1,0,-0,0,0,0,0,0,0,0.233764926026129,0
test_id,DS07_id,3,22,LPC_flow_mod,9,1,0,-0,0,0,0,0,0,0,0.233764926026129,0
test_id,DS07_id,3,23,HPT_eff_mod,1,1,0,-0,0,0,0,0,0,0,0.109704226863293,0
test_id,DS07_id,3,23,fan_eff_mod,2,1,0,-0.000405239830624277,0,0,0,0,0,0,0.109704226863293,0
test_id,DS07_id,3,23,fan_flow_mod,3,1,0,-0.000687526379606771,0,0,0,0,0,0,0.109704226863293,0
test_id,DS07_id,3,23,HPC_eff_mod,4,1,0,-0.00208518353444056,0,0,0,0,0,0,0.109704226863293,0
test_id,DS07_id,3,23,HPC_flow_mod,5,1,0,-0.0014430312724341,0,0,0,0,0,0,0.109704226863293,0
test_id,DS07_id,3,23,LPT_eff_mod,6,1,-0.0131047323947692,-0.00695240205211615,0,0,0,0,0,0,0.109704226863293,0
test_id,DS07_id,3,23,LPT_flow_mod,7,1,-0.0109179129886609,-0.00727805872382998,0,0,0,0,0,0,0.109704226863293,0
test_id,DS07_id,3,23,LPC_eff_mod,8,1,0,-0,0,0,0,0,0,0,0.109704226863293,0
test_id,DS07_id,3,23,LPC_flow_mod,9,1,0,-0,0,0,0,0,0,0,0.109704226863293,0
test_id,DS07_id,3,24,HPT_eff_mod,1,1,0,-0,0,0,0,0,0,0,0.20926715630726,0
test_id,DS07_id,3,24,fan_eff_mod,2,1,0,-0.000405239830624277,0,0,0,0,0,0,0.20926715630726,0
test_id,DS07_id,3,24,fan_flow_mod,3,1,0,-0.000687526379606771,0,0,0,0,0,0,0.20926715630726,0
test_id,DS07_id,3,24,HPC_eff_mod,4,1,0,-0.00208518353444056,0,0,0,0,0,0,0.20926715630726,0
test_id,DS07_id,3,24,HPC_flow_mod,5,1,0,-0.0014430312724341,0,0,0,0,0,0,0.20926715630726,0
test_id,DS07_id,3,24,LPT_eff_mod,6,1,-0.0147344106903113,-0.00695240205211615,0,0,0,0,0,0,0.20926715630726,0
test_id,DS07_id,3,24,LPT_flow_mod,7,1,-0.0162539239326333,-0.00727805872382998,0,0,0,0,0,0,0.20926715630726,0
test_id,DS07_id,3,24,LPC_eff_mod,8,1,0,-0,0,0,0,0,0,0,0.20926715630726,0
test_id,DS07_id,3,24,LPC_flow_mod,9,1,0,-0,0,0,0,0,0,0,0.20926715630726,0
test_id,DS07_id,3,25,HPT_eff_mod,1,1,0,-0,0,0,0,0,0,0,0.162617108213409,0
test_id,DS07_id,3,25,fan_eff_mod,2,1,0,-0.000405239830624277,0,0,0,0,0,0,0.162617108213409,0
test_id,DS07_id,3,25,fan_flow_mod,3,1,0,-0.000687526379606771,0,0,0,0,0,0,0.162617108213409,0
test_id,DS07_id,3,25,HPC_eff_mod,4,1,0,-0.00208518353444056,0,0,0,0,0,0,0.162617108213409,0
test_id,DS07_id,3,25,HPC_flow_mod,5,1,0,-0.0014430312724341,0,0,0,0,0,0,0.162617108213409,0
test_id,DS07_id,3,25,LPT_eff_mod,6,1,-0.0159907516460998,-0.00695240205211615,0,0,0,0,0,0,0.162617108213409,0
test_id,DS07_id,3,25,LPT_flow_mod,7,1,-0.017104087447802,-0.00727805872382998,0,0,0,0,0,0,0.162617108213409,0
test_id,DS07_id,3,25,LPC_eff_mod,8,1,0,-0,0,0,0,0,0,0,0.162617108213409,0
test_id,DS07_id,3,25,LPC_flow_mod,9,1,0,-0,0,0,0,0,0,0,0.162617108213409,0
test_id,DS07_id,3,26,HPT_eff_mod,1,0,0,-0,0,0,0,0,2,0,0.138642965911361,0
test_id,DS07_id,3,26,fan_eff_mod,2,0,0,-0.000405239830624277,0,0,0,0,2,0,0.138642965911361,0
test_id,DS07_id,3,26,fan_flow_mod,3,0,0,-0.000687526379606771,0,0,0,0,2,0,0.138642965911361,0
test_id,DS07_id,3,26,HPC_eff_mod,4,0,0,-0.00208518353444056,0,0,0,0,2,0,0.138642965911361,0
test_id,DS07_id,3,26,HPC_flow_mod,5,0,0,-0.0014430312724341,0,0,0,0,2,0,0.138642965911361,0
test_id,DS07_id,3,26,LPT_eff_mod,6,0,-0.0066475113755775,-0.00695240205211615,1,0,1,0,2,0,0.138642965911361,0
test_id,DS07_id,3,26,LPT_flow_mod,7,0,-0.0206155225808532,-0.0151361469428833,1,0,2,0,2,0,0.138642965911361,0
test_id,DS07_id,3,26,LPC_eff_mod,8,0,0,-0,0,0,0,0,2,0,0.138642965911361,0
test_id,DS07_id,3,26,LPC_flow_mod,9,0,0,-0,0,0,0,0,2,0,0.138642965911361,0
test_id,DS07_id,3,27,HPT_eff_mod,1,0,0,-0,0,0,0,0,2,0,0.0938993891047769,0
test_id,DS07_id,3,27,fan_eff_mod,2,0,0,-0.000405239830624277,0,0,0,0,2,0,0.0938993891047769,0
test_id,DS07_id,3,27,fan_flow_mod,3,0,0,-0.000687526379606771,0,0,0,0,2,0,0.0938993891047769,0
test_id,DS07_id,3,27,HPC_eff_mod,4,0,0,-0.00208518353444056,0,0,0,0,2,0,0.0938993891047769,0
test_id,DS07_id,3,27,HPC_flow_mod,5,0,0,-0.0014430312724341,0,0,0,0,2,0,0.0938993891047769,0
test_id,DS07_id,3,27,LPT_eff_mod,6,0,-0.00595597938805437,-0.00695240205211615,1,0,1,0,2,0,0.0938993891047769,0
test_id,DS07_id,3,27,LPT_flow_mod,7,0,-0.0242371887622155,-0.0151361469428833,1,0,2,0,2,0,0.0938993891047769,0
test_id,DS07_id,3,27,LPC_eff_mod,8,0,0,-0,0,0,0,0,2,0,0.0938993891047769,0
test_id,DS07_id,3,27,LPC_flow_mod,9,0,0,-0,0,0,0,0,2,0,0.0938993891047769,0
test_id,DS07_id,3,28,HPT_eff_mod,1,0,0,-0,0,0,0,0,2,0,0.60586860282211,1
test_id,DS07_id,3,28,fan_eff_mod,2,0,0,-0.000405239830624277,0,0,0,0,2,0,0.60586860282211,1
test_id,DS07_id,3,28,fan_flow_mod,3,0,0,-0.000822238923962612,0,0,0,0,2,0,0.60586860282211,1
test_id,DS07_id,3,28,HPC_eff_mod,4,0,0,-0.00208518353444056,0,0,0,0,2,0,0.60586860282211,1
test_id,DS07_id,3,28,HPC_flow_mod,5,0,0,-0.0014430312724341,0,0,0,0,2,0,0.60586860282211,1
test_id,DS07_id,3,28,LPT_eff_mod,6,0,-0.0064892228438744,-0.00695240205211615,1,0,1,0,2,0,0.60586860282211,1
test_id,DS07_id,3,28,LPT_flow_mod,7,0,-0.0229539465903934,-0.0152066018045949,1,0,2,0,2,0,0.60586860282211,1
test_id,DS07_id,3,28,LPC_eff_mod,8,0,0,-0,0,0,0,0,2,0,0.60586860282211,1
test_id,DS07_id,3,28,LPC_flow_mod,9,0,0,-0,0,0,0,0,2,0,0.60586860282211,1
test_id,DS07_id,3,29,HPT_eff_mod,1,0,0,-0,0,0,0,0,2,0,0.08892168565091,0
test_id,DS07_id,3,29,fan_eff_mod,2,0,0,-0.000405239830624277,0,0,0,0,2,0,0.08892168565091,0
test_id,DS07_id,3,29,fan_flow_mod,3,0,0,-0.000822238923962612,0,0,0,0,2,0,0.08892168565091,0
test_id,DS07_id,3,29,HPC_eff_mod,4,0,0,-0.00208518353444056,0,0,0,0,2,0,0.08892168565091,0
test_id,DS07_id,3,29,HPC_flow_mod,5,0,0,-0.00214599663242218,0,0,0,0,2,0,0.08892168565091,0
test_id,DS07_id,3,29,LPT_eff_mod,6,0,-0.01261696878028,-0.00695240205211615,1,0,1,0,2,0,0.08892168565091,0
test_id,DS07_id,3,29,LPT_flow_mod,7,0,-0.0162039998860428,-0.0152066018045949,1,0,2,0,2,0,0.08892168565091,0
test_id,DS07_id,3,29,LPC_eff_mod,8,0,0,-0,0,0,0,0,2,0,0.08892168565091,0
test_id,DS07_id,3,29,LPC_flow_mod,9,0,0,-0,0,0,0,0,2,0,0.08892168565091,0
test_id,DS07_id,3,30,HPT_eff_mod,1,0,0,-0,0,0,0,0,2,1,0.201762280611355,0
test_id,DS07_id,3,30,fan_eff_mod,2,0,0,-0.000405239830624277,0,0,0,0,2,1,0.201762280611355,0
test_id,DS07_id,3,30,fan_flow_mod,3,0,0,-0.000822238923962612,0,0,0,0,2,1,0.201762280611355,0
test_id,DS07_id,3,30,HPC_eff_mod,4,0,0,-0.00208518353444056,0,0,0,0,2,1,0.201762280611355,0
test_id,DS07_id,3,30,HPC_flow_mod,5,0,0,-0.00214599663242218,0,0,0,0,2,1,0.201762280611355,0
test_id,DS07_id,3,30,LPT_eff_mod,6,0,-0.013096709793185,-0.00695240205211615,1,0,1,0,2,1,0.201762280611355,0
test_id,DS07_id,3,30,LPT_flow_mod,7,0,-0.0147749402570411,-0.0152066018045949,1,1,2,1,2,1,0.201762280611355,0
test_id,DS07_id,3,30,LPC_eff_mod,8,0,0,-0,0,0,0,0,2,1,0.201762280611355,0
test_id,DS07_id,3,30,LPC_flow_mod,9,0,0,-0,0,0,0,0,2,1,0.201762280611355,0
test_id,DS07_id,3,31,HPT_eff_mod,1,0,0,-0,0,0,0,0,2,1,0.597089326888276,0
test_id,DS07_id,3,31,fan_eff_mod,2,0,0,-0.000569374707737707,0,0,0,0,2,1,0.597089326888276,0
test_id,DS07_id,3,31,fan_flow_mod,3,0,0,-0.000822238923962612,0,0,0,0,2,1,0.597089326888276,0
test_id,DS07_id,3,31,HPC_eff_mod,4,0,0,-0.00208518353444056,0,0,0,0,2,1,0.597089326888276,0
test_id,DS07_id,3,31,HPC_flow_mod,5,0,0,-0.00231779474205085,0,0,0,0,2,1,0.597089326888276,0
test_id,DS07_id,3,31,LPT_eff_mod,6,0,-0.0135974805752441,-0.0134779013287028,1,0,1,0,2,1,0.597089326888276,0
test_id,DS07_id,3,31,LPT_flow_mod,7,0,-0.0150427331716138,-0.0152066018045949,1,1,2,1,2,1,0.597089326888276,0
test_id,DS07_id,3,31,LPC_eff_mod,8,0,0,-0,0,0,0,0,2,1,0.597089326888276,0
test_id,DS07_id,3,31,LPC_flow_mod,9,0,0,-0,0,0,0,0,2,1,0.597089326888276,0
test_id,DS07_id,3,32,HPT_eff_mod,1,0,0,-0,0,0,0,0,2,1,0.106740836197739,0
test_id,DS07_id,3,32,fan_eff_mod,2,0,0,-0.000569374707737707,0,0,0,0,2,1,0.106740836197739,0
test_id,DS07_id,3,32,fan_flow_mod,3,0,0,-0.000822238923962612,0,0,0,0,2,1,0.106740836197739,0
test_id,DS07_id,3,32,HPC_eff_mod,4,0,0,-0.00208518353444056,0,0,0,0,2,1,0.106740836197739,0
test_id,DS07_id,3,32,HPC_flow_mod,5,0,0,-0.00231779474205085,0,0,0,0,2,1,0.106740836197739,0
test_id,DS07_id,3,32,LPT_eff_mod,6,0,-0.0139443401568414,-0.0134779013287028,1,0,1,0,2,1,0.106740836197739,0
test_id,DS07_id,3,32,LPT_flow_mod,7,0,-0.0224271000887555,-0.0193147179946409,1,1,2,1,2,1,0.106740836197739,0
test_id,DS07_id,3,32,LPC_eff_mod,8,0,0,-0,0,0,0,0,2,1,0.106740836197739,0
test_id,DS07_id,3,32,LPC_flow_mod,9,0,0,-0,0,0,0,0,2,1,0.106740836197739,0
test_id,DS07_id,3,33,HPT_eff_mod,1,0,0,-0,0,0,0,0,2,1,0.130245670385125,0
test_id,DS07_id,3,33,fan_eff_mod,2,0,0,-0.000569374707737707,0,0,0,0,2,1,0.130245670385125,0
test_id,DS07_id,3,33,fan_flow_mod,3,0,0,-0.000822238923962612,0,0,0,0,2,1,0.130245670385125,0
test_id,DS07_id,3,33,HPC_eff_mod,4,0,0,-0.00208518353444056,0,0,0,0,2,1,0.130245670385125,0
test_id,DS07_id,3,33,HPC_flow_mod,5,0,0,-0.00231779474205085,0,0,0,0,2,1,0.130245670385125,0
test_id,DS07_id,3,33,LPT_eff_mod,6,0,-0.0110983938417572,-0.0134779013287028,1,0,1,0,2,1,0.130245670385125,0
test_id,DS07_id,3,33,LPT_flow_mod,7,0,-0.0203712601232551,-0.0193147179946409,1,1,2,1,2,1,0.130245670385125,0
test_id,DS07_id,3,33,LPC_eff_mod,8,0,0,-0,0,0,0,0,2,1,0.130245670385125,0
test_id,DS07_id,3,33,LPC_flow_mod,9,0,0,-0,0,0,0,0,2,1,0.130245670385125,0
test_id,DS07_id,3,34,HPT_eff_mod,1,0,0,-0,0,0,0,0,2,1,0.188100702771557,0
test_id,DS07_id,3,34,fan_eff_mod,2,0,0,-0.000569374707737707,0,0,0,0,2,1,0.188100702771557,0
test_id,DS07_id,3,34,fan_flow_mod,3,0,0,-0.000822238923962612,0,0,0,0,2,1,0.188100702771557,0
test_id,DS07_id,3,34,HPC_eff_mod,4,0,0,-0.00208518353444056,0,0,0,0,2,1,0.188100702771557,0
test_id,DS07_id,3,34,HPC_flow_mod,5,0,0,-0.00231779474205085,0,0,0,0,2,1,0.188100702771557,0
test_id,DS07_id,3,34,LPT_eff_mod,6,0,-0.0140452145373472,-0.0134779013287028,1,0,1,0,2,1,0.188100702771557,0
test_id,DS07_id,3,34,LPT_flow_mod,7,0,-0.0249982914458693,-0.0193147179946409,1,1,2,1,2,1,0.188100702771557,0
test_id,DS07_id,3,34,LPC_eff_mod,8,0,0,-0,0,0,0,0,2,1,0.188100702771557,0
test_id,DS07_id,3,34,LPC_flow_mod,9,0,0,-0,0,0,0,0,2,1,0.188100702771557,0
test_id,DS07_id,3,35,HPT_eff_mod,1,0,0,-0,0,0,0,0,2,1,0.0989165790782067,0
test_id,DS07_id,3,35,fan_eff_mod,2,0,0,-0.000569374707737707,0,0,0,0,2,1,0.0989165790782067,0
test_id,DS07_id,3,35,fan_flow_mod,3,0,0,-0.000822238923962612,0,0,0,0,2,1,0.0989165790782067,0
test_id,DS07_id,3,35,HPC_eff_mod,4,0,0,-0.00208518353444056,0,0,0,0,2,1,0.0989165790782067,0
test_id,DS07_id,3,35,HPC_flow_mod,5,0,0,-0.00231779474205085,0,0,0,0,2,1,0.0989165790782067,0
test_id,DS07_id,3,35,LPT_eff_mod,6,0,-0.0153509754857044,-0.0134779013287028,1,1,1,1,2,1,0.0989165790782067,0
test_id,DS07_id,3,35,LPT_flow_mod,7,0,-0.0278784597503087,-0.0193147179946409,1,1,2,1,2,1,0.0989165790782067,0
test_id,DS07_id,3,35,LPC_eff_mod,8,0,0,-0,0,0,0,0,2,1,0.0989165790782067,0
test_id,DS07_id,3,35,LPC_flow_mod,9,0,0,-0,0,0,0,0,2,1,0.0989165790782067,0
test_id,DS07_id,3,36,HPT_eff_mod,1,0,0,-0,0,0,0,0,2,2,0.227293485435307,0
test_id,DS07_id,3,36,fan_eff_mod,2,0,0,-0.000569374707737707,0,0,0,0,2,2,0.227293485435307,0
test_id,DS07_id,3,36,fan_flow_mod,3,0,0,-0.000822238923962612,0,0,0,0,2,2,0.227293485435307,0
test_id,DS07_id,3,36,HPC_eff_mod,4,0,0,-0.00208518353444056,0,0,0,0,2,2,0.227293485435307,0
test_id,DS07_id,3,36,HPC_flow_mod,5,0,0,-0.00231779474205085,0,0,0,0,2,2,0.227293485435307,0
test_id,DS07_id,3,36,LPT_eff_mod,6,0,-0.0164490030619613,-0.0134779013287028,1,1,1,1,2,2,0.227293485435307,0
test_id,DS07_id,3,36,LPT_flow_mod,7,0,-0.0340177133216026,-0.022880132703497,1,1,2,2,2,2,0.227293485435307,0
test_id,DS07_id,3,36,LPC_eff_mod,8,0,0,-0,0,0,0,0,2,2,0.227293485435307,0
test_id,DS07_id,3,36,LPC_flow_mod,9,0,0,-0,0,0,0,0,2,2,0.227293485435307,0
test_id,DS07_id,3,37,HPT_eff_mod,1,0,0,-0,0,0,0,0,2,2,0.469375754113835,0
test_id,DS07_id,3,37,fan_eff_mod,2,0,0,-0.000569374707737707,0,0,0,0,2,2,0.469375754113835,0
test_id,DS07_id,3,37,fan_flow_mod,3,0,0,-0.00162931081001525,0,0,0,0,2,2,0.469375754113835,0
test_id,DS07_id,3,37,HPC_eff_mod,4,0,0,-0.00208518353444056,0,0,0,0,2,2,0.469375754113835,0
test_id,DS07_id,3,37,HPC_flow_mod,5,0,0,-0.00231779474205085,0,0,0,0,2,2,0.469375754113835,0
test_id,DS07_id,3,37,LPT_eff_mod,6,0,-0.0235235326509216,-0.0134779013287028,1,1,2,1,2,2,0.469375754113835,0
test_id,DS07_id,3,37,LPT_flow_mod,7,0,-0.0299088516645836,-0.0353353802235524,1,1,2,2,2,2,0.469375754113835,0
test_id,DS07_id,3,37,LPC_eff_mod,8,0,0,-0,0,0,0,0,2,2,0.469375754113835,0
test_id,DS07_id,3,37,LPC_flow_mod,9,0,0,-0.000668657758981433,0,0,0,0,2,2,0.469375754113835,0
test_id,DS07_id,3,38,HPT_eff_mod,1,0,0,-0,0,0,0,0,2,2,0.135188558159841,0
test_id,DS07_id,3,38,fan_eff_mod,2,0,0,-0.000569374707737707,0,0,0,0,2,2,0.135188558159841,0
test_id,DS07_id,3,38,fan_flow_mod,3,0,0,-0.00162931081001525,0,0,0,0,2,2,0.135188558159841,0
test_id,DS07_id,3,38,HPC_eff_mod,4,0,0,-0.00208518353444056,0,0,0,0,2,2,0.135188558159841,0
test_id,DS07_id,3,38,HPC_flow_mod,5,0,0,-0.00231779474205085,0,0,0,0,2,2,0.135188558159841,0
test_id,DS07_id,3,38,LPT_eff_mod,6,0,-0.0149477101842561,-0.0134779013287028,1,1,2,1,2,2,0.135188558159841,0
test_id,DS07_id,3,38,LPT_flow_mod,7,0,-0.0404262254764874,-0.0353353802235524,1,1,2,2,2,2,0.135188558159841,0
test_id,DS07_id,3,38,LPC_eff_mod,8,0,0,-0,0,0,0,0,2,2,0.135188558159841,0
test_id,DS07_id,3,38,LPC_flow_mod,9,0,0,-0.000668657758981433,0,0,0,0,2,2,0.135188558159841,0
test_id,DS07_id,3,39,HPT_eff_mod,1,0,0,-0,0,0,0,0,2,2,0.207508107583688,0
test_id,DS07_id,3,39,fan_eff_mod,2,0,0,-0.000569374707737707,0,0,0,0,2,2,0.207508107583688,0
test_id,DS07_id,3,39,fan_flow_mod,3,0,0,-0.00162931081001525,0,0,0,0,2,2,0.207508107583688,0
test_id,DS07_id,3,39,HPC_eff_mod,4,0,0,-0.00208518353444056,0,0,0,0,2,2,0.207508107583688,0
test_id,DS07_id,3,39,HPC_flow_mod,5,0,0,-0.00231779474205085,0,0,0,0,2,2,0.207508107583688,0
test_id,DS07_id,3,39,LPT_eff_mod,6,0,-0.0141259947319182,-0.0134779013287028,1,1,2,1,2,2,0.207508107583688,0
test_id,DS07_id,3,39,LPT_flow_mod,7,0,-0.0375013423864737,-0.0382574676671057,1,1,2,2,2,2,0.207508107583688,0
test_id,DS07_id,3,39,LPC_eff_mod,8,0,0,-0,0,0,0,0,2,2,0.207508107583688,0
test_id,DS07_id,3,39,LPC_flow_mod,9,0,0,-0.000668657758981433,0,0,0,0,2,2,0.207508107583688,0
test_id,DS07_id,3,40,HPT_eff_mod,1,0,0,-0,0,0,0,0,2,2,0.193192607600977,0
test_id,DS07_id,3,40,fan_eff_mod,2,0,0,-0.000569374707737707,0,0,0,0,2,2,0.193192607600977,0
test_id,DS07_id,3,40,fan_flow_mod,3,0,0,-0.00162931081001525,0,0,0,0,2,2,0.193192607600977,0
test_id,DS07_id,3,40,HPC_eff_mod,4,0,0,-0.00208518353444056,0,0,0,0,2,2,0.193192607600977,0
test_id,DS07_id,3,40,HPC_flow_mod,5,0,0,-0.00231779474205085,0,0,0,0,2,2,0.193192607600977,0
test_id,DS07_id,3,40,LPT_eff_mod,6,0,-0.0214619265995457,-0.0134779013287028,1,1,2,1,2,2,0.193192607600977,0
test_id,DS07_id,3,40,LPT_flow_mod,7,0,-0.0394390010127473,-0.0382574676671057,1,1,2,2,2,2,0.193192607600977,0
test_id,DS07_id,3,40,LPC_eff_mod,8,0,0,-0,0,0,0,0,2,2,0.193192607600977,0
test_id,DS07_id,3,40,LPC_flow_mod,9,0,0,-0.000668657758981433,0,0,0,0,2,2,0.193192607600977,0
test_id,DS07_id,3,41,HPT_eff_mod,1,0,0,-0,0,0,0,0,2,2,0.4477519542616,0
test_id,DS07_id,3,41,fan_eff_mod,2,0,0,-0.000569374707737707,0,0,0,0,2,2,0.4477519542616,0
test_id,DS07_id,3,41,fan_flow_mod,3,0,0,-0.00162931081001525,0,0,0,0,2,2,0.4477519542616,0
test_id,DS07_id,3,41,HPC_eff_mod,4,0,0,-0.00208518353444056,0,0,0,0,2,2,0.4477519542616,0
test_id,DS07_id,3,41,HPC_flow_mod,5,0,0,-0.00231779474205085,0,0,0,0,2,2,0.4477519542616,0
test_id,DS07_id,3,41,LPT_eff_mod,6,0,-0.0212527663816435,-0.0134779013287028,1,1,2,1,2,2,0.4477519542616,0
test_id,DS07_id,3,41,LPT_flow_mod,7,0,-0.060253840195934,-0.0636711644704585,1,1,2,2,2,2,0.4477519542616,0
test_id,DS07_id,3,41,LPC_eff_mod,8,0,0,-0,0,0,0,0,2,2,0.4477519542616,0
test_id,DS07_id,3,41,LPC_flow_mod,9,0,0,-0.000668657758981433,0,0,0,0,2,2,0.4477519542616,0
test_id,DS07_id,3,42,HPT_eff_mod,1,0,0,-0,0,0,0,0,2,2,0.265109533796818,0
test_id,DS07_id,3,42,fan_eff_mod,2,0,0,-0.000569374707737707,0,0,0,0,2,2,0.265109533796818,0
test_id,DS07_id,3,42,fan_flow_mod,3,0,0,-0.00162931081001525,0,0,0,0,2,2,0.265109533796818,0
test_id,DS07_id,3,42,HPC_eff_mod,4,0,0,-0.00208518353444056,0,0,0,0,2,2,0.265109533796818,0
test_id,DS07_id,3,42,HPC_flow_mod,5,0,0,-0.00231779474205085,0,0,0,0,2,2,0.265109533796818,0
test_id,DS07_id,3,42,LPT_eff_mod,6,0,-0.0257074187415457,-0.0226940802603379,1,1,2,2,2,2,0.265109533796818,0
test_id,DS07_id,3,42,LPT_flow_mod,7,0,-0.0558998170354093,-0.0636711644704585,1,1,2,2,2,2,0.265109533796818,0
test_id,DS07_id,3,42,LPC_eff_mod,8,0,0,-0,0,0,0,0,2,2,0.265109533796818,0
test_id,DS07_id,3,42,LPC_flow_mod,9,0,0,-0.000668657758981433,0,0,0,0,2,2,0.265109533796818,0
test_id,DS07_id,3,43,HPT_eff_mod,1,0,0,-0,0,0,0,0,2,2,0.157636173423627,0
test_id,DS07_id,3,43,fan_eff_mod,2,0,0,-0.000569374707737707,0,0,0,0,2,2,0.157636173423627,0
test_id,DS07_id,3,43,fan_flow_mod,3,0,0,-0.00162931081001525,0,0,0,0,2,2,0.157636173423627,0
test_id,DS07_id,3,43,HPC_eff_mod,4,0,0,-0.00208518353444056,0,0,0,0,2,2,0.157636173423627,0
test_id,DS07_id,3,43,HPC_flow_mod,5,0,0,-0.00231779474205085,0,0,0,0,2,2,0.157636173423627,0
test_id,DS07_id,3,43,LPT_eff_mod,6,0,-0.0257060345722583,-0.0226940802603379,1,1,2,2,2,2,0.157636173423627,0
test_id,DS07_id,3,43,LPT_flow_mod,7,0,-0.0638495039441509,-0.0636711644704585,1,1,2,2,2,2,0.157636173423627,0
test_id,DS07_id,3,43,LPC_eff_mod,8,0,0,-0,0,0,0,0,2,2,0.157636173423627,0
test_id,DS07_id,3,43,LPC_flow_mod,9,0,0,-0.000668657758981433,0,0,0,0,2,2,0.157636173423627,0
test_id,DS07_id,3,44,HPT_eff_mod,1,0,0,-0,0,0,0,0,2,2,0.132145595494082,0
test_id,DS07_id,3,44,fan_eff_mod,2,0,0,-0.000569374707737707,0,0,0,0,2,2,0.132145595494082,0
test_id,DS07_id,3,44,fan_flow_mod,3,0,0,-0.00162931081001525,0,0,0,0,2,2,0.132145595494082,0
test_id,DS07_id,3,44,HPC_eff_mod,4,0,0,-0.00208518353444056,0,0,0,0,2,2,0.132145595494082,0
test_id,DS07_id,3,44,HPC_flow_mod,5,0,0,-0.00231779474205085,0,0,0,0,2,2,0.132145595494082,0
test_id,DS07_id,3,44,LPT_eff_mod,6,0,-0.0285379726399966,-0.0226940802603379,1,1,2,2,2,2,0.132145595494082,0
test_id,DS07_id,3,44,LPT_flow_mod,7,0,-0.0853947077786768,-0.0657805088924807,1,1,2,2,2,2,0.132145595494082,0
test_id,DS07_id,3,44,LPC_eff_mod,8,0,0,-0,0,0,0,0,2,2,0.132145595494082,0
test_id,DS07_id,3,44,LPC_flow_mod,9,0,0,-0.000668657758981433,0,0,0,0,2,2,0.132145595494082,0
test_id,DS07_id,3,45,HPT_eff_mod,1,0,0,-0,0,0,0,0,2,2,0.257398243988172,0
test_id,DS07_id,3,45,fan_eff_mod,2,0,0,-0.000569374707737707,0,0,0,0,2,2,0.257398243988172,0
test_id,DS07_id,3,45,fan_flow_mod,3,0,0,-0.00162931081001525,0,0,0,0,2,2,0.257398243988172,0
test_id,DS07_id,3,45,HPC_eff_mod,4,0,0,-0.00208518353444056,0,0,0,0,2,2,0.257398243988172,0
test_id,DS07_id,3,45,HPC_flow_mod,5,0,0,-0.00231779474205085,0,0,0,0,2,2,0.257398243988172,0
test_id,DS07_id,3,45,LPT_eff_mod,6,0,-0.0331289054470292,-0.0226940802603379,1,1,2,2,2,2,0.257398243988172,0
test_id,DS07_id,3,45,LPT_flow_mod,7,0,-0.0733683302652588,-0.0657805088924807,1,1,2,2,2,2,0.257398243988172,0
test_id,DS07_id,3,45,LPC_eff_mod,8,0,0,-0,0,0,0,0,2,2,0.257398243988172,0
test_id,DS07_id,3,45,LPC_flow_mod,9,0,0,-0.000668657758981433,0,0,0,0,2,2,0.257398243988172,0
test_id,DS07_id,3,46,HPT_eff_mod,1,0,0,-0,0,0,0,0,2,2,0.206080670712497,0
test_id,DS07_id,3,46,fan_eff_mod,2,0,0,-0.000569374707737707,0,0,0,0,2,2,0.206080670712497,0
test_id,DS07_id,3,46,fan_flow_mod,3,0,0,-0.00162931081001525,0,0,0,0,2,2,0.206080670712497,0
test_id,DS07_id,3,46,HPC_eff_mod,4,0,0,-0.00208518353444056,0,0,0,0,2,2,0.206080670712497,0
test_id,DS07_id,3,46,HPC_flow_mod,5,0,0,-0.00231779474205085,0,0,0,0,2,2,0.206080670712497,0
test_id,DS07_id,3,46,LPT_eff_mod,6,0,-0.0315317171045871,-0.0226940802603379,1,1,2,2,2,2,0.206080670712497,0
test_id,DS07_id,3,46,LPT_flow_mod,7,0,-0.0766606528413503,-0.0657805088924807,1,1,2,2,2,2,0.206080670712497,0
test_id,DS07_id,3,46,LPC_eff_mod,8,0,0,-0,0,0,0,0,2,2,0.206080670712497,0
test_id,DS07_id,3,46,LPC_flow_mod,9,0,0,-0.000668657758981433,0,0,0,0,2,2,0.206080670712497,0
test_id,DS07_id,3,47,HPT_eff_mod,1,0,0,-0,0,0,0,0,2,2,0.130233511267899,0
test_id,DS07_id,3,47,fan_eff_mod,2,0,0,-0.000569374707737707,0,0,0,0,2,2,0.130233511267899,0
test_id,DS07_id,3,47,fan_flow_mod,3,0,0,-0.00162931081001525,0,0,0,0,2,2,0.130233511267899,0
test_id,DS07_id,3,47,HPC_eff_mod,4,0,0,-0.00208518353444056,0,0,0,0,2,2,0.130233511267899,0
test_id,DS07_id,3,47,HPC_flow_mod,5,0,0,-0.00231779474205085,0,0,0,0,2,2,0.130233511267899,0
test_id,DS07_id,3,47,LPT_eff_mod,6,0,-0.0325892422261446,-0.0226940802603379,1,1,2,2,2,2,0.130233511267899,0
test_id,DS07_id,3,47,LPT_flow_mod,7,0,-0.0857829595261021,-0.08151782012689,1,1,2,2,2,2,0.130233511267899,0
test_id,DS07_id,3,47,LPC_eff_mod,8,0,0,-0,0,0,0,0,2,2,0.130233511267899,0
test_id,DS07_id,3,47,LPC_flow_mod,9,0,0,-0.00144590555220602,0,0,0,0,2,2,0.130233511267899,0
test_id,DS07_id,3,48,HPT_eff_mod,1,0,0,-0,0,0,0,0,2,2,0.18041110025876,0
test_id,DS07_id,3,48,fan_eff_mod,2,0,0,-0.000569374707737707,0,0,0,0,2,2,0.18041110025876,0
test_id,DS07_id,3,48,fan_flow_mod,3,0,0,-0.00162931081001525,0,0,0,0,2,2,0.18041110025876,0
test_id,DS07_id,3,48,HPC_eff_mod,4,0,0,-0.00208518353444056,0,0,0,0,2,2,0.18041110025876,0
test_id,DS07_id,3,48,HPC_flow_mod,5,0,0,-0.00231779474205085,0,0,0,0,2,2,0.18041110025876,0
test_id,DS07_id,3,48,LPT_eff_mod,6,0,-0.0371348786695915,-0.0226940802603379,1,1,2,2,2,2,0.18041110025876,0
test_id,DS07_id,3,48,LPT_flow_mod,7,0,-0.0898172646638783,-0.08151782012689,1,1,2,2,2,2,0.18041110025876,0
test_id,DS07_id,3,48,LPC_eff_mod,8,0,0,-0,0,0,0,0,2,2,0.18041110025876,0
test_id,DS07_id,3,48,LPC_flow_mod,9,0,0,-0.00144590555220602,0,0,0,0,2,2,0.18041110025876,0
test_id,DS07_id,3,49,HPT_eff_mod,1,0,0,-0,0,0,0,0,2,2,0.628555863272744,1
test_id,DS07_id,3,49,fan_eff_mod,2,0,0,-0.000569374707737707,0,0,0,0,2,2,0.628555863272744,1
test_id,DS07_id,3,49,fan_flow_mod,3,0,0,-0.00202070255490732,0,0,0,0,2,2,0.628555863272744,1
test_id,DS07_id,3,49,HPC_eff_mod,4,0,0,-0.00208518353444056,0,0,0,0,2,2,0.628555863272744,1
test_id,DS07_id,3,49,HPC_flow_mod,5,0,0,-0.00231779474205085,0,0,0,0,2,2,0.628555863272744,1
test_id,DS07_id,3,49,LPT_eff_mod,6,0,-0.0354500665340312,-0.0226940802603379,1,1,2,2,2,2,0.628555863272744,1
test_id,DS07_id,3,49,LPT_flow_mod,7,0,-0.0917973988264464,-0.0944137119728128,1,1,2,2,2,2,0.628555863272744,1
test_id,DS07_id,3,49,LPC_eff_mod,8,0,0,-0,0,0,0,0,2,2,0.628555863272744,1
test_id,DS07_id,3,49,LPC_flow_mod,9,0,0,-0.00144590555220602,0,0,0,0,2,2,0.628555863272744,1
test_id,DS07_id,3,50,HPT_eff_mod,1,0,0,-0,0,0,0,0,2,2,0.303798652670981,0
test_id,DS07_id,3,50,fan_eff_mod,2,0,0,-0.000569374707737707,0,0,0,0,2,2,0.303798652670981,0
test_id,DS07_id,3,50,fan_flow_mod,3,0,0,-0.00202070255490732,0,0,0,0,2,2,0.303798652670981,0
test_id,DS07_id,3,50,HPC_eff_mod,4,0,0,-0.00208518353444056,0,0,0,0,2,2,0.303798652670981,0
test_id,DS07_id,3,50,HPC_flow_mod,5,0,0,-0.00231779474205085,0,0,0,0,2,2,0.303798652670981,0
test_id,DS07_id,3,50,LPT_eff_mod,6,0,-0.0376449753538627,-0.0226940802603379,1,1,2,2,2,2,0.303798652670981,0
test_id,DS07_id,3,50,LPT_flow_mod,7,0,-0.0977413454226467,-0.0944137119728128,1,1,2,2,2,2,0.303798652670981,0
test_id,DS07_id,3,50,LPC_eff_mod,8,0,0,-0,0,0,0,0,2,2,0.303798652670981,0
test_id,DS07_id,3,50,LPC_flow_mod,9,0,0,-0.00144590555220602,0,0,0,0,2,2,0.303798652670981,0
test_id,DS07_id,3,51,HPT_eff_mod,1,0,0,-0,0,0,0,0,2,2,0.698440798010716,1
test_id,DS07_id,3,51,fan_eff_mod,2,0,0,-0.000569374707737707,0,0,0,0,2,2,0.698440798010716,1
test_id,DS07_id,3,51,fan_flow_mod,3,0,0,-0.00202070255490732,0,0,0,0,2,2,0.698440798010716,1
test_id,DS07_id,3,51,HPC_eff_mod,4,0,0,-0.00208518353444056,0,0,0,0,2,2,0.698440798010716,1
test_id,DS07_id,3,51,HPC_flow_mod,5,0,0,-0.00231779474205085,0,0,0,0,2,2,0.698440798010716,1
test_id,DS07_id,3,51,LPT_eff_mod,6,0,-0.0316479510206362,-0.0226940802603379,1,1,2,2,2,2,0.698440798010716,1
test_id,DS07_id,3,51,LPT_flow_mod,7,0,-0.118366997677542,-0.126507057911219,1,1,2,2,2,2,0.698440798010716,1
test_id,DS07_id,3,51,LPC_eff_mod,8,0,0,-0,0,0,0,0,2,2,0.698440798010716,1
test_id,DS07_id,3,51,LPC_flow_mod,9,0,0,-0.00144590555220602,0,0,0,0,2,2,0.698440798010716,1
test_id,DS07_id,3,52,HPT_eff_mod,1,0,0,-0,0,0,0,0,2,2,0.15590614924669,0
test_id,DS07_id,3,52,fan_eff_mod,2,0,0,-0.000569374707737707,0,0,0,0,2,2,0.15590614924669,0
test_id,DS07_id,3,52,fan_flow_mod,3,0,0,-0.00202070255490732,0,0,0,0,2,2,0.15590614924669,0
test_id,DS07_id,3,52,HPC_eff_mod,4,0,0,-0.00208518353444056,0,0,0,0,2,2,0.15590614924669,0
test_id,DS07_id,3,52,HPC_flow_mod,5,0,0,-0.00231779474205085,0,0,0,0,2,2,0.15590614924669,0
test_id,DS07_id,3,52,LPT_eff_mod,6,0,-0.0309498939407984,-0.0375657768708008,1,1,2,2,2,2,0.15590614924669,0
test_id,DS07_id,3,52,LPT_flow_mod,7,0,-0.127411954834786,-0.126507057911219,1,1,2,2,2,2,0.15590614924669,0
test_id,DS07_id,3,52,LPC_eff_mod,8,0,0,-0,0,0,0,0,2,2,0.15590614924669,0
test_id,DS07_id,3,52,LPC_flow_mod,9,0,0,-0.00144590555220602,0,0,0,0,2,2,0.15590614924669,0
test_id,DS07_id,3,53,HPT_eff_mod,1,0,0,-0.00218088754532165,0,0,0,0,3,2,0.0917637092803393,0
test_id,DS07_id,3,53,fan_eff_mod,2,0,0,-0.000569374707737707,0,0,0,0,3,2,0.0917637092803393,0
test_id,DS07_id,3,53,fan_flow_mod,3,0,0,-0.00202070255490732,0,0,0,0,3,2,0.0917637092803393,0
test_id,DS07_id,3,53,HPC_eff_mod,4,0,0,-0.00208518353444056,0,0,0,0,3,2,0.0917637092803393,0
test_id,DS07_id,3,53,HPC_flow_mod,5,0,0,-0.00231779474205085,0,0,0,0,3,2,0.0917637092803393,0
test_id,DS07_id,3,53,LPT_eff_mod,6,0,-0.0432963617616386,-0.0375657768708008,1,1,2,2,3,2,0.0917637092803393,0
test_id,DS07_id,3,53,LPT_flow_mod,7,0,-0.140803310307669,-0.126507057911219,1,1,3,2,3,2,0.0917637092803393,0
test_id,DS07_id,3,53,LPC_eff_mod,8,0,0,-0,0,0,0,0,3,2,0.0917637092803393,0
test_id,DS07_id,3,53,LPC_flow_mod,9,0,0,-0.00144590555220602,0,0,0,0,3,2,0.0917637092803393,0
test_id,DS07_id,3,54,HPT_eff_mod,1,0,0,-0.0069991573132438,0,0,0,0,3,2,0.0813413742731867,0
test_id,DS07_id,3,54,fan_eff_mod,2,0,0,-0.000569374707737707,0,0,0,0,3,2,0.0813413742731867,0
test_id,DS07_id,3,54,fan_flow_mod,3,0,0,-0.00202070255490732,0,0,0,0,3,2,0.0813413742731867,0
test_id,DS07_id,3,54,HPC_eff_mod,4,0,0,-0.00208518353444056,0,0,0,0,3,2,0.0813413742731867,0
test_id,DS07_id,3,54,HPC_flow_mod,5,0,0,-0.00231779474205085,0,0,0,0,3,2,0.0813413742731867,0
test_id,DS07_id,3,54,LPT_eff_mod,6,0,-0.042835676750406,-0.0395173128083062,1,1,2,2,3,2,0.0813413742731867,0
test_id,DS07_id,3,54,LPT_flow_mod,7,0,-0.135672479009266,-0.126507057911219,1,1,3,2,3,2,0.0813413742731867,0
test_id,DS07_id,3,54,LPC_eff_mod,8,0,0,-0,0,0,0,0,3,2,0.0813413742731867,0
test_id,DS07_id,3,54,LPC_flow_mod,9,0,0,-0.00144590555220602,0,0,0,0,3,2,0.0813413742731867,0
test_id,DS07_id,3,55,HPT_eff_mod,1,0,0,-0.0069991573132438,0,0,0,0,3,3,0.106790417163039,0
test_id,DS07_id,3,55,fan_eff_mod,2,0,0,-0.000569374707737707,0,0,0,0,3,3,0.106790417163039,0
test_id,DS07_id,3,55,fan_flow_mod,3,0,0,-0.00202070255490732,0,0,0,0,3,3,0.106790417163039,0
test_id,DS07_id,3,55,HPC_eff_mod,4,0,0,-0.00208518353444056,0,0,0,0,3,3,0.106790417163039,0
test_id,DS07_id,3,55,HPC_flow_mod,5,0,0,-0.00231779474205085,0,0,0,0,3,3,0.106790417163039,0
test_id,DS07_id,3,55,LPT_eff_mod,6,0,-0.0466812016077191,-0.0395173128083062,1,1,2,2,3,3,0.106790417163039,0
test_id,DS07_id,3,55,LPT_flow_mod,7,0,-0.15093161700823,-0.143003774147257,1,1,3,3,3,3,0.106790417163039,0
test_id,DS07_id,3,55,LPC_eff_mod,8,0,0,-0,0,0,0,0,3,3,0.106790417163039,0
test_id,DS07_id,3,55,LPC_flow_mod,9,0,0,-0.00144590555220602,0,0,0,0,3,3,0.106790417163039,0
test_id,DS07_id,3,56,HPT_eff_mod,1,0,0,-0.0192961117908323,0,0,0,0,3,3,0.11167100634815,0
test_id,DS07_id,3,56,fan_eff_mod,2,0,0,-0.000569374707737707,0,0,0,0,3,3,0.11167100634815,0
test_id,DS07_id,3,56,fan_flow_mod,3,0,0,-0.00202070255490732,0,0,0,0,3,3,0.11167100634815,0
test_id,DS07_id,3,56,HPC_eff_mod,4,0,0,-0.00208518353444056,0,0,0,0,3,3,0.11167100634815,0
test_id,DS07_id,3,56,HPC_flow_mod,5,0,0,-0.00231779474205085,0,0,0,0,3,3,0.11167100634815,0
test_id,DS07_id,3,56,LPT_eff_mod,6,0,-0.0504759447057923,-0.0401568597983411,1,1,2,2,3,3,0.11167100634815,0
test_id,DS07_id,3,56,LPT_flow_mod,7,0,-0.18002802991147,-0.143003774147257,1,1,3,3,3,3,0.11167100634815,0
test_id,DS07_id,3,56,LPC_eff_mod,8,0,0,-0,0,0,0,0,3,3,0.11167100634815,0
test_id,DS07_id,3,56,LPC_flow_mod,9,0,0,-0.00144590555220602,0,0,0,0,3,3,0.11167100634815,0
test_id,DS07_id,3,57,HPT_eff_mod,1,0,0,-0.0192961117908323,0,1,0,1,3,3,0.123561483528788,0
test_id,DS07_id,3,57,fan_eff_mod,2,0,0,-0.000569374707737707,0,0,0,0,3,3,0.123561483528788,0
test_id,DS07_id,3,57,fan_flow_mod,3,0,0,-0.00202070255490732,0,0,0,0,3,3,0.123561483528788,0
test_id,DS07_id,3,57,HPC_eff_mod,4,0,0,-0.00208518353444056,0,0,0,0,3,3,0.123561483528788,0
test_id,DS07_id,3,57,HPC_flow_mod,5,0,0,-0.00231779474205085,0,0,0,0,3,3,0.123561483528788,0
test_id,DS07_id,3,57,LPT_eff_mod,6,0,-0.0523592356221887,-0.0401568597983411,1,1,2,2,3,3,0.123561483528788,0
test_id,DS07_id,3,57,LPT_flow_mod,7,0,-0.181480635442335,-0.143003774147257,1,1,3,3,3,3,0.123561483528788,0
test_id,DS07_id,3,57,LPC_eff_mod,8,0,0,-0,0,0,0,0,3,3,0.123561483528788,0
test_id,DS07_id,3,57,LPC_flow_mod,9,0,0,-0.00144590555220602,0,0,0,0,3,3,0.123561483528788,0
test_id,DS07_id,3,58,HPT_eff_mod,1,0,0,-0.0192961117908323,0,1,0,1,3,3,0.12849358064261,0
test_id,DS07_id,3,58,fan_eff_mod,2,0,0,-0.000569374707737707,0,0,0,0,3,3,0.12849358064261,0
test_id,DS07_id,3,58,fan_flow_mod,3,0,0,-0.00202070255490732,0,0,0,0,3,3,0.12849358064261,0
test_id,DS07_id,3,58,HPC_eff_mod,4,0,0,-0.00208518353444056,0,0,0,0,3,3,0.12849358064261,0
test_id,DS07_id,3,58,HPC_flow_mod,5,0,0,-0.00231779474205085,0,0,0,0,3,3,0.12849358064261,0
test_id,DS07_id,3,58,LPT_eff_mod,6,0,-0.0494351276750408,-0.0401568597983411,1,1,2,2,3,3,0.12849358064261,0
test_id,DS07_id,3,58,LPT_flow_mod,7,0,-0.193865418822188,-0.163970433597189,1,1,3,3,3,3,0.12849358064261,0
test_id,DS07_id,3,58,LPC_eff_mod,8,0,0,-0,0,0,0,0,3,3,0.12849358064261,0
test_id,DS07_id,3,58,LPC_flow_mod,9,0,0,-0.00144590555220602,0,0,0,0,3,3,0.12849358064261,0
test_id,DS07_id,3,59,HPT_eff_mod,1,0,0,-0.0192961117908323,0,1,0,1,3,3,0.187536318574077,0
test_id,DS07_id,3,59,fan_eff_mod,2,0,0,-0.000569374707737707,0,0,0,0,3,3,0.187536318574077,0
test_id,DS07_id,3,59,fan_flow_mod,3,0,0,-0.00202070255490732,0,0,0,0,3,3,0.187536318574077,0
test_id,DS07_id,3,59,HPC_eff_mod,4,0,0,-0.00208518353444056,0,0,0,0,3,3,0.187536318574077,0
test_id,DS07_id,3,59,HPC_flow_mod,5,0,0,-0.00231779474205085,0,0,0,0,3,3,0.187536318574077,0
test_id,DS07_id,3,59,LPT_eff_mod,6,0,-0.0559283261822597,-0.0401568597983411,1,1,2,2,3,3,0.187536318574077,0
test_id,DS07_id,3,59,LPT_flow_mod,7,0,-0.20333160700936,-0.180590919832431,1,1,3,3,3,3,0.187536318574077,0
test_id,DS07_id,3,59,LPC_eff_mod,8,0,0,-0,0,0,0,0,3,3,0.187536318574077,0
test_id,DS07_id,3,59,LPC_flow_mod,9,0,0,-0.00144590555220602,0,0,0,0,3,3,0.187536318574077,0
test_id,DS07_id,3,60,HPT_eff_mod,1,0,0,-0.0192961117908323,0,1,0,1,3,3,0.223523556016749,0
test_id,DS07_id,3,60,fan_eff_mod,2,0,0,-0.000569374707737707,0,0,0,0,3,3,0.223523556016749,0
test_id,DS07_id,3,60,fan_flow_mod,3,0,0,-0.00202070255490732,0,0,0,0,3,3,0.223523556016749,0
test_id,DS07_id,3,60,HPC_eff_mod,4,0,0,-0.00208518353444056,0,0,0,0,3,3,0.223523556016749,0
test_id,DS07_id,3,60,HPC_flow_mod,5,0,0,-0.00231779474205085,0,0,0,0,3,3,0.223523556016749,0
test_id,DS07_id,3,60,LPT_eff_mod,6,0,-0.057444630140758,-0.0401568597983411,1,1,2,2,3,3,0.223523556016749,0
test_id,DS07_id,3,60,LPT_flow_mod,7,0,-0.223017238751473,-0.200158496511326,1,1,3,3,3,3,0.223523556016749,0
test_id,DS07_id,3,60,LPC_eff_mod,8,0,0,-0,0,0,0,0,3,3,0.223523556016749,0
test_id,DS07_id,3,60,LPC_flow_mod,9,0,0,-0.00144590555220602,0,0,0,0,3,3,0.223523556016749,0
test_id,DS07_id,3,61,HPT_eff_mod,1,0,0,-0.0204994779998568,0,1,0,2,3,3,0.112675889577417,0
test_id,DS07_id,3,61,fan_eff_mod,2,0,0,-0.000569374707737707,0,0,0,0,3,3,0.112675889577417,0
test_id,DS07_id,3,61,fan_flow_mod,3,0,0,-0.00202070255490732,0,0,0,0,3,3,0.112675889577417,0
test_id,DS07_id,3,61,HPC_eff_mod,4,0,0,-0.00208518353444056,0,0,0,0,3,3,0.112675889577417,0
test_id,DS07_id,3,61,HPC_flow_mod,5,0,0,-0.00231779474205085,0,0,0,0,3,3,0.112675889577417,0
test_id,DS07_id,3,61,LPT_eff_mod,6,0,-0.0628581330075992,-0.0460626905397184,1,1,2,2,3,3,0.112675889577417,0
test_id,DS07_id,3,61,LPT_flow_mod,7,0,-0.239317168764259,-0.201963787428144,1,1,3,3,3,3,0.112675889577417,0
test_id,DS07_id,3,61,LPC_eff_mod,8,0,0,-0,0,0,0,0,3,3,0.112675889577417,0
test_id,DS07_id,3,61,LPC_flow_mod,9,0,0,-0.00144590555220602,0,0,0,0,3,3,0.112675889577417,0
test_id,DS07_id,3,62,HPT_eff_mod,1,0,0,-0.0204994779998568,0,1,0,2,3,3,0.12109421290798,0
test_id,DS07_id,3,62,fan_eff_mod,2,0,0,-0.000569374707737707,0,0,0,0,3,3,0.12109421290798,0
test_id,DS07_id,3,62,fan_flow_mod,3,0,0,-0.00202070255490732,0,0,0,0,3,3,0.12109421290798,0
test_id,DS07_id,3,62,HPC_eff_mod,4,0,0,-0.00208518353444056,0,0,0,0,3,3,0.12109421290798,0
test_id,DS07_id,3,62,HPC_flow_mod,5,0,0,-0.00231779474205085,0,0,0,0,3,3,0.12109421290798,0
test_id,DS07_id,3,62,LPT_eff_mod,6,0,-0.0658780347369135,-0.047792775742863,1,1,2,2,3,3,0.12109421290798,0
test_id,DS07_id,3,62,LPT_flow_mod,7,0,-0.262612608941724,-0.241037886628854,1,1,3,3,3,3,0.12109421290798,0
test_id,DS07_id,3,62,LPC_eff_mod,8,0,0,-0,0,0,0,0,3,3,0.12109421290798,0
test_id,DS07_id,3,62,LPC_flow_mod,9,0,0,-0.00144590555220602,0,0,0,0,3,3,0.12109421290798,0
test_id,DS07_id,3,63,HPT_eff_mod,1,0,0,-0.0204994779998568,0,1,0,2,3,3,0.0743877722465443,0
test_id,DS07_id,3,63,fan_eff_mod,2,0,0,-0.00218808718626159,0,0,0,0,3,3,0.0743877722465443,0
test_id,DS07_id,3,63,fan_flow_mod,3,0,0,-0.00202070255490732,0,0,0,0,3,3,0.0743877722465443,0
test_id,DS07_id,3,63,HPC_eff_mod,4,0,0,-0.00208518353444056,0,0,0,0,3,3,0.0743877722465443,0
test_id,DS07_id,3,63,HPC_flow_mod,5,0,0,-0.00231779474205085,0,0,0,0,3,3,0.0743877722465443,0
test_id,DS07_id,3,63,LPT_eff_mod,6,0,-0.0691364748548372,-0.0526796897936868,1,1,2,2,3,3,0.0743877722465443,0
test_id,DS07_id,3,63,LPT_flow_mod,7,0,-0.2879393027433,-0.26793504559633,1,1,3,3,3,3,0.0743877722465443,0
test_id,DS07_id,3,63,LPC_eff_mod,8,0,0,-0,0,0,0,0,3,3,0.0743877722465443,0
test_id,DS07_id,3,63,LPC_flow_mod,9,0,0,-0.00144590555220602,0,0,0,0,3,3,0.0743877722465443,0
test_id,DS07_id,3,64,HPT_eff_mod,1,0,0,-0.0204994779998568,0,1,0,2,3,3,0.169846821685872,0
test_id,DS07_id,3,64,fan_eff_mod,2,0,0,-0.0025761191989616,0,0,0,0,3,3,0.169846821685872,0
test_id,DS07_id,3,64,fan_flow_mod,3,0,0,-0.00202070255490732,0,0,0,0,3,3,0.169846821685872,0
test_id,DS07_id,3,64,HPC_eff_mod,4,0,0,-0.00208518353444056,0,0,0,0,3,3,0.169846821685872,0
test_id,DS07_id,3,64,HPC_flow_mod,5,0,0,-0.00231779474205085,0,0,0,0,3,3,0.169846821685872,0
test_id,DS07_id,3,64,LPT_eff_mod,6,0,-0.0705968460760155,-0.0559219454567242,1,1,2,2,3,3,0.169846821685872,0
test_id,DS07_id,3,64,LPT_flow_mod,7,0,-0.311635724605756,-0.275452511446827,1,1,3,3,3,3,0.169846821685872,0
test_id,DS07_id,3,64,LPC_eff_mod,8,0,0,-0,0,0,0,0,3,3,0.169846821685872,0
test_id,DS07_id,3,64,LPC_flow_mod,9,0,0,-0.00144590555220602,0,0,0,0,3,3,0.169846821685872,0
test_id,DS07_id,3,65,HPT_eff_mod,1,0,0,-0.0204994779998568,0,1,0,2,3,3,0.140389997269521,0
test_id,DS07_id,3,65,fan_eff_mod,2,0,0,-0.0025761191989616,0,0,0,0,3,3,0.140389997269521,0
test_id,DS07_id,3,65,fan_flow_mod,3,0,0,-0.00202070255490732,0,0,0,0,3,3,0.140389997269521,0
test_id,DS07_id,3,65,HPC_eff_mod,4,0,0,-0.00208518353444056,0,0,0,0,3,3,0.140389997269521,0
test_id,DS07_id,3,65,HPC_flow_mod,5,0,0,-0.00231779474205085,0,0,0,0,3,3,0.140389997269521,0
test_id,DS07_id,3,65,LPT_eff_mod,6,0,-0.0726863187362065,-0.0559219454567242,1,1,2,2,3,3,0.140389997269521,0
test_id,DS07_id,3,65,LPT_flow_mod,7,0,-0.324014492392853,-0.289594689315671,1,1,3,3,3,3,0.140389997269521,0
test_id,DS07_id,3,65,LPC_eff_mod,8,0,0,-0,0,0,0,0,3,3,0.140389997269521,0
test_id,DS07_id,3,65,LPC_flow_mod,9,0,0,-0.00144590555220602,0,0,0,0,3,3,0.140389997269521,0
test_id,DS07_id,3,66,HPT_eff_mod,1,0,0,-0.0204994779998568,0,1,0,2,3,3,0.105816956885731,0
test_id,DS07_id,3,66,fan_eff_mod,2,0,0,-0.0025761191989616,0,0,0,0,3,3,0.105816956885731,0
test_id,DS07_id,3,66,fan_flow_mod,3,0,0,-0.00202070255490732,0,0,0,0,3,3,0.105816956885731,0
test_id,DS07_id,3,66,HPC_eff_mod,4,0,0,-0.00208518353444056,0,0,0,0,3,3,0.105816956885731,0
test_id,DS07_id,3,66,HPC_flow_mod,5,0,0,-0.00231779474205085,0,0,0,0,3,3,0.105816956885731,0
test_id,DS07_id,3,66,LPT_eff_mod,6,0,-0.078645349684418,-0.0559219454567242,1,1,2,2,3,3,0.105816956885731,0
test_id,DS07_id,3,66,LPT_flow_mod,7,0,-0.350453129078076,-0.315483995569131,1,1,3,3,3,3,0.105816956885731,0
test_id,DS07_id,3,66,LPC_eff_mod,8,0,0,-0,0,0,0,0,3,3,0.105816956885731,0
test_id,DS07_id,3,66,LPC_flow_mod,9,0,0,-0.00144590555220602,0,0,0,0,3,3,0.105816956885731,0
test_id,DS07_id,3,67,HPT_eff_mod,1,0,0,-0.0415975223169054,0,1,0,2,3,3,0.191781629397847,0
test_id,DS07_id,3,67,fan_eff_mod,2,0,0,-0.00258279557303085,0,0,0,0,3,3,0.191781629397847,0
test_id,DS07_id,3,67,fan_flow_mod,3,0,0,-0.00202070255490732,0,0,0,0,3,3,0.191781629397847,0
test_id,DS07_id,3,67,HPC_eff_mod,4,0,0,-0.00208518353444056,0,0,0,0,3,3,0.191781629397847,0
test_id,DS07_id,3,67,HPC_flow_mod,5,0,0,-0.00231779474205085,0,0,0,0,3,3,0.191781629397847,0
test_id,DS07_id,3,67,LPT_eff_mod,6,0,-0.0762204044204245,-0.0559219454567242,1,1,2,2,3,3,0.191781629397847,0
test_id,DS07_id,3,67,LPT_flow_mod,7,0,-0.386010823206473,-0.339343548671275,1,1,3,3,3,3,0.191781629397847,0
test_id,DS07_id,3,67,LPC_eff_mod,8,0,0,-0,0,0,0,0,3,3,0.191781629397847,0
test_id,DS07_id,3,67,LPC_flow_mod,9,0,0,-0.00144590555220602,0,0,0,0,3,3,0.191781629397847,0
test_id,DS07_id,3,68,HPT_eff_mod,1,0,0,-0.0415975223169054,0,1,0,2,3,3,0.428913144234741,0
test_id,DS07_id,3,68,fan_eff_mod,2,0,0,-0.00258279557303085,0,1,0,1,3,3,0.428913144234741,0
test_id,DS07_id,3,68,fan_flow_mod,3,0,0,-0.00202070255490732,0,0,0,0,3,3,0.428913144234741,0
test_id,DS07_id,3,68,HPC_eff_mod,4,0,0,-0.00208518353444056,0,0,0,0,3,3,0.428913144234741,0
test_id,DS07_id,3,68,HPC_flow_mod,5,0,0,-0.00231779474205085,0,0,0,0,3,3,0.428913144234741,0
test_id,DS07_id,3,68,LPT_eff_mod,6,0,-0.0807825034687768,-0.0587311899574687,1,1,2,2,3,3,0.428913144234741,0
test_id,DS07_id,3,68,LPT_flow_mod,7,0,-0.408499193336323,-0.339343548671275,1,1,3,3,3,3,0.428913144234741,0
test_id,DS07_id,3,68,LPC_eff_mod,8,0,0,-0,0,0,0,0,3,3,0.428913144234741,0
test_id,DS07_id,3,68,LPC_flow_mod,9,0,0,-0.00144590555220602,0,0,0,0,3,3,0.428913144234741,0
test_id,DS07_id,3,69,HPT_eff_mod,1,0,0,-0.0415975223169054,0,1,0,2,3,3,0.246023748619759,0
test_id,DS07_id,3,69,fan_eff_mod,2,0,0,-0.00258279557303085,0,1,0,1,3,3,0.246023748619759,0
test_id,DS07_id,3,69,fan_flow_mod,3,0,0,-0.00202070255490732,0,0,0,0,3,3,0.246023748619759,0
test_id,DS07_id,3,69,HPC_eff_mod,4,0,0,-0.00208518353444056,0,0,0,0,3,3,0.246023748619759,0
test_id,DS07_id,3,69,HPC_flow_mod,5,0,0,-0.00231779474205085,0,0,0,0,3,3,0.246023748619759,0
test_id,DS07_id,3,69,LPT_eff_mod,6,0,-0.0862620189436381,-0.0587311899574687,1,1,2,2,3,3,0.246023748619759,0
test_id,DS07_id,3,69,LPT_flow_mod,7,0,-0.42867848050021,-0.36660574715187,1,1,3,3,3,3,0.246023748619759,0
test_id,DS07_id,3,69,LPC_eff_mod,8,0,0,-0,0,0,0,0,3,3,0.246023748619759,0
test_id,DS07_id,3,69,LPC_flow_mod,9,0,0,-0.00144590555220602,0,0,0,0,3,3,0.246023748619759,0
test_id,DS07_id,3,70,HPT_eff_mod,1,0,0,-0.0603927026116675,0,1,0,2,3,3,0.115404319554312,0
test_id,DS07_id,3,70,fan_eff_mod,2,0,0,-0.00258279557303085,0,1,0,1,3,3,0.115404319554312,0
test_id,DS07_id,3,70,fan_flow_mod,3,0,0,-0.00202070255490732,0,0,0,0,3,3,0.115404319554312,0
test_id,DS07_id,3,70,HPC_eff_mod,4,0,0,-0.00208518353444056,0,0,0,0,3,3,0.115404319554312,0
test_id,DS07_id,3,70,HPC_flow_mod,5,0,0,-0.00231779474205085,0,0,0,0,3,3,0.115404319554312,0
test_id,DS07_id,3,70,LPT_eff_mod,6,0,-0.0931099074503696,-0.0587311899574687,1,1,2,2,3,3,0.115404319554312,0
test_id,DS07_id,3,70,LPT_flow_mod,7,0,-0.460303994825745,-0.385265103569739,1,1,3,3,3,3,0.115404319554312,0
test_id,DS07_id,3,70,LPC_eff_mod,8,0,0,-0,0,0,0,0,3,3,0.115404319554312,0
test_id,DS07_id,3,70,LPC_flow_mod,9,0,0,-0.00144590555220602,0,0,0,0,3,3,0.115404319554312,0
test_id,DS07_id,3,71,HPT_eff_mod,1,0,0,-0.0603927026116675,0,1,0,2,3,3,0.16405337696398,0
test_id,DS07_id,3,71,fan_eff_mod,2,0,0,-0.00258279557303085,0,1,0,1,3,3,0.16405337696398,0
test_id,DS07_id,3,71,fan_flow_mod,3,0,0,-0.00202070255490732,0,0,0,0,3,3,0.16405337696398,0
test_id,DS07_id,3,71,HPC_eff_mod,4,0,0,-0.00208518353444056,0,0,0,0,3,3,0.16405337696398,0
test_id,DS07_id,3,71,HPC_flow_mod,5,0,0,-0.00231779474205085,0,0,0,0,3,3,0.16405337696398,0
test_id,DS07_id,3,71,LPT_eff_mod,6,0,-0.0966513417360885,-0.0587311899574687,1,1,2,2,3,3,0.16405337696398,0
test_id,DS07_id,3,71,LPT_flow_mod,7,0,-0.507145170732637,-0.427939512650753,1,1,3,3,3,3,0.16405337696398,0
test_id,DS07_id,3,71,LPC_eff_mod,8,0,0,-0,0,0,0,0,3,3,0.16405337696398,0
test_id,DS07_id,3,71,LPC_flow_mod,9,0,0,-0.00144590555220602,0,0,0,0,3,3,0.16405337696398,0
test_id,DS07_id,3,72,HPT_eff_mod,1,0,0,-0.0964318697683137,0,1,0,2,3,3,0.147629114059572,0
test_id,DS07_id,3,72,fan_eff_mod,2,0,0,-0.00258279557303085,0,1,0,1,3,3,0.147629114059572,0
test_id,DS07_id,3,72,fan_flow_mod,3,0,0,-0.00202070255490732,0,0,0,0,3,3,0.147629114059572,0
test_id,DS07_id,3,72,HPC_eff_mod,4,0,0,-0.00208518353444056,0,0,0,0,3,3,0.147629114059572,0
test_id,DS07_id,3,72,HPC_flow_mod,5,0,0,-0.00231779474205085,0,0,0,0,3,3,0.147629114059572,0
test_id,DS07_id,3,72,LPT_eff_mod,6,0,-0.104886313852842,-0.0587311899574687,1,1,2,2,3,3,0.147629114059572,0
test_id,DS07_id,3,72,LPT_flow_mod,7,0,-0.546155228422056,-0.43286514904138,1,1,3,3,3,3,0.147629114059572,0
test_id,DS07_id,3,72,LPC_eff_mod,8,0,0,-0,0,0,0,0,3,3,0.147629114059572,0
test_id,DS07_id,3,72,LPC_flow_mod,9,0,0,-0.00144590555220602,0,0,0,0,3,3,0.147629114059572,0
test_id,DS07_id,3,73,HPT_eff_mod,1,0,0,-0.0964318697683137,0,1,0,2,3,3,0.194788069626583,0
test_id,DS07_id,3,73,fan_eff_mod,2,0,0,-0.00258279557303085,0,1,0,1,3,3,0.194788069626583,0
test_id,DS07_id,3,73,fan_flow_mod,3,0,0,-0.00202070255490732,0,0,0,0,3,3,0.194788069626583,0
test_id,DS07_id,3,73,HPC_eff_mod,4,0,0,-0.00208518353444056,0,0,0,0,3,3,0.194788069626583,0
test_id,DS07_id,3,73,HPC_flow_mod,5,0,0,-0.00231779474205085,0,0,0,0,3,3,0.194788069626583,0
test_id,DS07_id,3,73,LPT_eff_mod,6,0,-0.104588538745717,-0.0587311899574687,1,1,2,2,3,3,0.194788069626583,0
test_id,DS07_id,3,73,LPT_flow_mod,7,0,-0.589017113523697,-0.477802100095379,1,1,3,3,3,3,0.194788069626583,0
test_id,DS07_id,3,73,LPC_eff_mod,8,0,0,-0,0,0,0,0,3,3,0.194788069626583,0
test_id,DS07_id,3,73,LPC_flow_mod,9,0,0,-0.00144590555220602,0,0,0,0,3,3,0.194788069626583,0
test_id,DS07_id,3,74,HPT_eff_mod,1,0,0,-0.126395311791919,0,1,0,2,3,3,0.154372445693751,0
test_id,DS07_id,3,74,fan_eff_mod,2,0,0,-0.00258279557303085,0,1,0,1,3,3,0.154372445693751,0
test_id,DS07_id,3,74,fan_flow_mod,3,0,0,-0.00202070255490732,0,0,0,0,3,3,0.154372445693751,0
test_id,DS07_id,3,74,HPC_eff_mod,4,0,0,-0.00208518353444056,0,0,0,0,3,3,0.154372445693751,0
test_id,DS07_id,3,74,HPC_flow_mod,5,0,0,-0.00364940323909992,0,0,0,0,3,3,0.154372445693751,0
test_id,DS07_id,3,74,LPT_eff_mod,6,0,-0.116425668527572,-0.0587311899574687,1,1,2,2,3,3,0.154372445693751,0
test_id,DS07_id,3,74,LPT_flow_mod,7,0,-0.645886089983862,-0.50521038700217,1,1,3,3,3,3,0.154372445693751,0
test_id,DS07_id,3,74,LPC_eff_mod,8,0,0,-0,0,0,0,0,3,3,0.154372445693751,0
test_id,DS07_id,3,74,LPC_flow_mod,9,0,0,-0.00144590555220602,0,0,0,0,3,3,0.154372445693751,0
test_id,DS07_id,3,75,HPT_eff_mod,1,0,0,-0.128037848386518,0,1,0,2,3,3,0.235180461516064,0
test_id,DS07_id,3,75,fan_eff_mod,2,0,0,-0.00258279557303085,0,1,0,1,3,3,0.235180461516064,0
test_id,DS07_id,3,75,fan_flow_mod,3,0,0,-0.00202070255490732,0,0,0,0,3,3,0.235180461516064,0
test_id,DS07_id,3,75,HPC_eff_mod,4,0,0,-0.00208518353444056,0,0,0,0,3,3,0.235180461516064,0
test_id,DS07_id,3,75,HPC_flow_mod,5,0,0,-0.00364940323909992,0,0,0,0,3,3,0.235180461516064,0
test_id,DS07_id,3,75,LPT_eff_mod,6,0,-0.118294829429694,-0.0587311899574687,1,1,2,2,3,3,0.235180461516064,0
test_id,DS07_id,3,75,LPT_flow_mod,7,0,-0.693715322807254,-0.573439756667662,1,1,3,3,3,3,0.235180461516064,0
test_id,DS07_id,3,75,LPC_eff_mod,8,0,0,-0,0,0,0,0,3,3,0.235180461516064,0
test_id,DS07_id,3,75,LPC_flow_mod,9,0,0,-0.00144590555220602,0,0,0,0,3,3,0.235180461516064,0
test_id,DS07_id,3,76,HPT_eff_mod,1,0,0,-0.128037848386518,0,1,0,2,3,3,0.242209073207661,0
test_id,DS07_id,3,76,fan_eff_mod,2,0,0,-0.00258279557303085,0,1,0,1,3,3,0.242209073207661,0
test_id,DS07_id,3,76,fan_flow_mod,3,0,0,-0.00202070255490732,0,0,0,0,3,3,0.242209073207661,0
test_id,DS07_id,3,76,HPC_eff_mod,4,0,0,-0.00208518353444056,0,0,0,0,3,3,0.242209073207661,0
test_id,DS07_id,3,76,HPC_flow_mod,5,0,0,-0.00364940323909992,0,0,0,0,3,3,0.242209073207661,0
test_id,DS07_id,3,76,LPT_eff_mod,6,0,-0.128251524503988,-0.0587311899574687,1,1,2,2,3,3,0.242209073207661,0
test_id,DS07_id,3,76,LPT_flow_mod,7,0,-0.746461910654185,-0.600088834040934,1,1,3,3,3,3,0.242209073207661,0
test_id,DS07_id,3,76,LPC_eff_mod,8,0,0,-0,0,0,0,0,3,3,0.242209073207661,0
test_id,DS07_id,3,76,LPC_flow_mod,9,0,0,-0.02547357256382,0,0,0,0,3,3,0.242209073207661,0
test_id,DS07_id,3,77,HPT_eff_mod,1,0,0,-0.128037848386518,0,1,0,2,3,3,0.095925334804725,0
test_id,DS07_id,3,77,fan_eff_mod,2,0,0,-0.00362387903446233,0,1,0,1,3,3,0.095925334804725,0
test_id,DS07_id,3,77,fan_flow_mod,3,0,0,-0.00202070255490732,0,0,0,0,3,3,0.095925334804725,0
test_id,DS07_id,3,77,HPC_eff_mod,4,0,0,-0.00914011360496154,0,0,0,0,3,3,0.095925334804725,0
test_id,DS07_id,3,77,HPC_flow_mod,5,0,0,-0.00779410523835942,0,0,0,0,3,3,0.095925334804725,0
test_id,DS07_id,3,77,LPT_eff_mod,6,0,-0.134978518679624,-0.071365679996001,1,1,3,2,3,3,0.095925334804725,0
test_id,DS07_id,3,77,LPT_flow_mod,7,0,-0.801432941168367,-0.646636672446934,1,1,3,3,3,3,0.095925334804725,0
test_id,DS07_id,3,77,LPC_eff_mod,8,0,0,-0,0,0,0,0,3,3,0.095925334804725,0
test_id,DS07_id,3,77,LPC_flow_mod,9,0,0,-0.02547357256382,0,0,0,0,3,3,0.095925334804725,0
test_id,DS07_id,3,78,HPT_eff_mod,1,0,0,-0.128037848386518,0,1,0,2,3,3,0.299856016049145,0
test_id,DS07_id,3,78,fan_eff_mod,2,0,0,-0.00479675312922469,0,1,0,1,3,3,0.299856016049145,0
test_id,DS07_id,3,78,fan_flow_mod,3,0,0,-0.00202070255490732,0,0,0,0,3,3,0.299856016049145,0
test_id,DS07_id,3,78,HPC_eff_mod,4,0,0,-0.0267971739497348,0,0,0,0,3,3,0.299856016049145,0
test_id,DS07_id,3,78,HPC_flow_mod,5,0,0,-0.0109292193998481,0,0,0,0,3,3,0.299856016049145,0
test_id,DS07_id,3,78,LPT_eff_mod,6,0,-0.137464080609442,-0.071365679996001,1,1,3,2,3,3,0.299856016049145,0
test_id,DS07_id,3,78,LPT_flow_mod,7,0,-0.868720890056519,-0.692139728161176,1,1,3,3,3,3,0.299856016049145,0
test_id,DS07_id,3,78,LPC_eff_mod,8,0,0,-0.00897368438603779,0,0,0,0,3,3,0.299856016049145,0
test_id,DS07_id,3,78,LPC_flow_mod,9,0,0,-0.02547357256382,0,0,0,0,3,3,0.299856016049145,0
test_id,DS06_id,4,1,HPT_eff_mod,1,1,0,-0,0,0,0,0,0,0,0.19256477544335,0
test_id,DS06_id,4,1,fan_eff_mod,2,1,0,-0,0,0,0,0,0,0,0.19256477544335,0
test_id,DS06_id,4,1,fan_flow_mod,3,1,0,-0,0,0,0,0,0,0,0.19256477544335,0
test_id,DS06_id,4,1,HPC_eff_mod,4,1,-0.00219553352138212,-0,0,0,0,0,0,0,0.19256477544335,0
test_id,DS06_id,4,1,HPC_flow_mod,5,1,0.00129817064444481,-0,0,0,0,0,0,0,0.19256477544335,0
test_id,DS06_id,4,1,LPT_eff_mod,6,1,0,-0,0,0,0,0,0,0,0.19256477544335,0
test_id,DS06_id,4,1,LPT_flow_mod,7,1,0,-0,0,0,0,0,0,0,0.19256477544335,0
test_id,DS06_id,4,1,LPC_eff_mod,8,1,-0.000248585832941498,-0,0,0,0,0,0,0,0.19256477544335,0
test_id,DS06_id,4,1,LPC_flow_mod,9,1,-9.07092543850317e-05,-0,0,0,0,0,0,0,0.19256477544335,0
test_id,DS06_id,4,2,HPT_eff_mod,1,1,0,-0,0,0,0,0,0,0,0.109742562867707,0
test_id,DS06_id,4,2,fan_eff_mod,2,1,0,-0.000679854981399995,0,0,0,0,0,0,0.109742562867707,0
test_id,DS06_id,4,2,fan_flow_mod,3,1,0,-0,0,0,0,0,0,0,0.109742562867707,0
test_id,DS06_id,4,2,HPC_eff_mod,4,1,-0.00471441787194085,-0,0,0,0,0,0,0,0.109742562867707,0
test_id,DS06_id,4,2,HPC_flow_mod,5,1,-0.00044324320710042,-0,0,0,0,0,0,0,0.109742562867707,0
test_id,DS06_id,4,2,LPT_eff_mod,6,1,0,-0,0,0,0,0,0,0,0.109742562867707,0
test_id,DS06_id,4,2,LPT_flow_mod,7,1,0,-0,0,0,0,0,0,0,0.109742562867707,0
test_id,DS06_id,4,2,LPC_eff_mod,8,1,-0.000537798459091353,-0.00173981697242255,0,0,0,0,0,0,0.109742562867707,0
test_id,DS06_id,4,2,LPC_flow_mod,9,1,-0.000857109799827536,-0,0,0,0,0,0,0,0.109742562867707,0
test_id,DS06_id,4,3,HPT_eff_mod,1,1,0,-0,0,0,0,0,0,0,0.128614526401855,0
test_id,DS06_id,4,3,fan_eff_mod,2,1,0,-0.000679854981399995,0,0,0,0,0,0,0.128614526401855,0
test_id,DS06_id,4,3,fan_flow_mod,3,1,0,-0,0,0,0,0,0,0,0.128614526401855,0
test_id,DS06_id,4,3,HPC_eff_mod,4,1,0.00690995139332324,-0,0,0,0,0,0,0,0.128614526401855,0
test_id,DS06_id,4,3,HPC_flow_mod,5,1,-0.000854927437344282,-0,0,0,0,0,0,0,0.128614526401855,0
test_id,DS06_id,4,3,LPT_eff_mod,6,1,0,-0,0,0,0,0,0,0,0.128614526401855,0
test_id,DS06_id,4,3,LPT_flow_mod,7,1,0,-0,0,0,0,0,0,0,0.128614526401855,0
test_id,DS06_id,4,3,LPC_eff_mod,8,1,0.000786384292033033,-0.00173981697242255,0,0,0,0,0,0,0.128614526401855,0
test_id,DS06_id,4,3,LPC_flow_mod,9,1,0.000947819054212151,-0,0,0,0,0,0,0,0.128614526401855,0
test_id,DS06_id,4,4,HPT_eff_mod,1,1,0,-0,0,0,0,0,0,0,0.265619798985414,0
test_id,DS06_id,4,4,fan_eff_mod,2,1,0,-0.000812864244614648,0,0,0,0,0,0,0.265619798985414,0
test_id,DS06_id,4,4,fan_flow_mod,3,1,0,-0,0,0,0,0,0,0,0.265619798985414,0
test_id,DS06_id,4,4,HPC_eff_mod,4,1,0.00131318197860875,-0,0,0,0,0,0,0,0.265619798985414,0
test_id,DS06_id,4,4,HPC_flow_mod,5,1,8.29343643157961e-06,-0.00255650265063693,0,0,0,0,0,0,0.265619798985414,0
test_id,DS06_id,4,4,LPT_eff_mod,6,1,0,-9.20861382390337e-05,0,0,0,0,0,0,0.265619798985414,0
test_id,DS06_id,4,4,LPT_flow_mod,7,1,0,-0,0,0,0,0,0,0,0.265619798985414,0
test_id,DS06_id,4,4,LPC_eff_mod,8,1,0.0020124816738266,-0.00306375389982243,0,0,0,0,0,0,0.265619798985414,0
test_id,DS06_id,4,4,LPC_flow_mod,9,1,0.00372574146701032,-0,0,0,0,0,0,0,0.265619798985414,0
test_id,DS06_id,4,5,HPT_eff_mod,1,1,0,-0,0,0,0,0,0,0,0.157583104314102,0
test_id,DS06_id,4,5,fan_eff_mod,2,1,0,-0.000812864244614648,0,0,0,0,0,0,0.157583104314102,0
test_id,DS06_id,4,5,fan_flow_mod,3,1,0,-0,0,0,0,0,0,0,0.157583104314102,0
test_id,DS06_id,4,5,HPC_eff_mod,4,1,0.00157898496734121,-0,0,0,0,0,0,0,0.157583104314102,0
test_id,DS06_id,4,5,HPC_flow_mod,5,1,0.00122087744795706,-0.00255650265063693,0,0,0,0,0,0,0.157583104314102,0
test_id,DS06_id,4,5,LPT_eff_mod,6,1,0,-9.20861382390337e-05,0,0,0,0,0,0,0.157583104314102,0
test_id,DS06_id,4,5,LPT_flow_mod,7,1,0,-0,0,0,0,0,0,0,0.157583104314102,0
test_id,DS06_id,4,5,LPC_eff_mod,8,1,-0.000847646038273702,-0.00306375389982243,0,0,0,0,0,0,0.157583104314102,0
test_id,DS06_id,4,5,LPC_flow_mod,9,1,0.00575612032013126,-0,0,0,0,0,0,0,0.157583104314102,0
test_id,DS06_id,4,6,HPT_eff_mod,1,1,0,-0,0,0,0,0,0,0,0.130071173957909,0
test_id,DS06_id,4,6,fan_eff_mod,2,1,0,-0.000812864244614648,0,0,0,0,0,0,0.130071173957909,0
test_id,DS06_id,4,6,fan_flow_mod,3,1,0,-0,0,0,0,0,0,0,0.130071173957909,0
test_id,DS06_id,4,6,HPC_eff_mod,4,1,-0.000440566456330831,-0,0,0,0,0,0,0,0.130071173957909,0
test_id,DS06_id,4,6,HPC_flow_mod,5,1,-0.00080755518779339,-0.00255650265063693,0,0,0,0,0,0,0.130071173957909,0
test_id,DS06_id,4,6,LPT_eff_mod,6,1,0,-9.20861382390337e-05,0,0,0,0,0,0,0.130071173957909,0
test_id,DS06_id,4,6,LPT_flow_mod,7,1,0,-0,0,0,0,0,0,0,0.130071173957909,0
test_id,DS06_id,4,6,LPC_eff_mod,8,1,-0.00104102918082357,-0.00306375389982243,0,0,0,0,0,0,0.130071173957909,0
test_id,DS06_id,4,6,LPC_flow_mod,9,1,0.0009281949659414,-0,0,0,0,0,0,0,0.130071173957909,0
test_id,DS06_id,4,7,HPT_eff_mod,1,1,0,-0,0,0,0,0,0,0,0.122010101527697,0
test_id,DS06_id,4,7,fan_eff_mod,2,1,0,-0.000812864244614648,0,0,0,0,0,0,0.122010101527697,0
test_id,DS06_id,4,7,fan_flow_mod,3,1,0,-0,0,0,0,0,0,0,0.122010101527697,0
test_id,DS06_id,4,7,HPC_eff_mod,4,1,-0.00238179963325284,-0,0,0,0,0,0,0,0.122010101527697,0
test_id,DS06_id,4,7,HPC_flow_mod,5,1,-0.00271883511815193,-0.00255650265063693,0,0,0,0,0,0,0.122010101527697,0
test_id,DS06_id,4,7,LPT_eff_mod,6,1,0,-9.20861382390337e-05,0,0,0,0,0,0,0.122010101527697,0
test_id,DS06_id,4,7,LPT_flow_mod,7,1,0,-0,0,0,0,0,0,0,0.122010101527697,0
test_id,DS06_id,4,7,LPC_eff_mod,8,1,-0.000450151380983123,-0.00306375389982243,0,0,0,0,0,0,0.122010101527697,0
test_id,DS06_id,4,7,LPC_flow_mod,9,1,0.00481727048679833,-0,0,0,0,0,0,0,0.122010101527697,0
test_id,DS06_id,4,8,HPT_eff_mod,1,1,0,-0,0,0,0,0,0,0,0.114727165745426,0
test_id,DS06_id,4,8,fan_eff_mod,2,1,0,-0.000812864244614648,0,0,0,0,0,0,0.114727165745426,0
test_id,DS06_id,4,8,fan_flow_mod,3,1,0,-0,0,0,0,0,0,0,0.114727165745426,0
test_id,DS06_id,4,8,HPC_eff_mod,4,1,-0.00453519078962598,-0,0,0,0,0,0,0,0.114727165745426,0
test_id,DS06_id,4,8,HPC_flow_mod,5,1,-0.000235990837330882,-0.00255650265063693,0,0,0,0,0,0,0.114727165745426,0
test_id,DS06_id,4,8,LPT_eff_mod,6,1,0,-9.20861382390337e-05,0,0,0,0,0,0,0.114727165745426,0
test_id,DS06_id,4,8,LPT_flow_mod,7,1,0,-0,0,0,0,0,0,0,0.114727165745426,0
test_id,DS06_id,4,8,LPC_eff_mod,8,1,-0.00150491679554533,-0.00306375389982243,0,0,0,0,0,0,0.114727165745426,0
test_id,DS06_id,4,8,LPC_flow_mod,9,1,-0.00200990482414431,-0,0,0,0,0,0,0,0.114727165745426,0
test_id,DS06_id,4,9,HPT_eff_mod,1,1,0,-0,0,0,0,0,0,0,0.175994610858322,0
test_id,DS06_id,4,9,fan_eff_mod,2,1,0,-0.000812864244614648,0,0,0,0,0,0,0.175994610858322,0
test_id,DS06_id,4,9,fan_flow_mod,3,1,0,-0,0,0,0,0,0,0,0.175994610858322,0
test_id,DS06_id,4,9,HPC_eff_mod,4,1,0.00273416676679791,-0,0,0,0,0,0,0,0.175994610858322,0
test_id,DS06_id,4,9,HPC_flow_mod,5,1,0.000393438656812358,-0.00255650265063693,0,0,0,0,0,0,0.175994610858322,0
test_id,DS06_id,4,9,LPT_eff_mod,6,1,0,-9.20861382390337e-05,0,0,0,0,0,0,0.175994610858322,0
test_id,DS06_id,4,9,LPT_flow_mod,7,1,0,-0,0,0,0,0,0,0,0.175994610858322,0
test_id,DS06_id,4,9,LPC_eff_mod,8,1,-0.000414189181214334,-0.00306375389982243,0,0,0,0,0,0,0.175994610858322,0
test_id,DS06_id,4,9,LPC_flow_mod,9,1,0.00350193711147218,-0,0,0,0,0,0,0,0.175994610858322,0
test_id,DS06_id,4,10,HPT_eff_mod,1,1,0,-0,0,0,0,0,0,0,0.159172910915106,0
test_id,DS06_id,4,10,fan_eff_mod,2,1,0,-0.000812864244614648,0,0,0,0,0,0,0.159172910915106,0
test_id,DS06_id,4,10,fan_flow_mod,3,1,0,-0,0,0,0,0,0,0,0.159172910915106,0
test_id,DS06_id,4,10,HPC_eff_mod,4,1,-0.0106141880077828,-0,0,0,0,0,0,0,0.159172910915106,0
test_id,DS06_id,4,10,HPC_flow_mod,5,1,-0.0018693178136569,-0.00255650265063693,0,0,0,0,0,0,0.159172910915106,0
test_id,DS06_id,4,10,LPT_eff_mod,6,1,0,-9.20861382390337e-05,0,0,0,0,0,0,0.159172910915106,0
test_id,DS06_id,4,10,LPT_flow_mod,7,1,0,-0,0,0,0,0,0,0,0.159172910915106,0
test_id,DS06_id,4,10,LPC_eff_mod,8,1,-5.87528602805729e-05,-0.00306375389982243,0,0,0,0,0,0,0.159172910915106,0
test_id,DS06_id,4,10,LPC_flow_mod,9,1,-0.00012047030060295,-0,0,0,0,0,0,0,0.159172910915106,0
test_id,DS06_id,4,11,HPT_eff_mod,1,1,0,-0,0,0,0,0,0,0,0.168815250047547,0
test_id,DS06_id,4,11,fan_eff_mod,2,1,0,-0.000812864244614648,0,0,0,0,0,0,0.168815250047547,0
test_id,DS06_id,4,11,fan_flow_mod,3,1,0,-0,0,0,0,0,0,0,0.168815250047547,0
test_id,DS06_id,4,11,HPC_eff_mod,4,1,0.00247537407974791,-0,0,0,0,0,0,0,0.168815250047547,0
test_id,DS06_id,4,11,HPC_flow_mod,5,1,-0.00105305734401485,-0.00255650265063693,0,0,0,0,0,0,0.168815250047547,0
test_id,DS06_id,4,11,LPT_eff_mod,6,1,0,-9.20861382390337e-05,0,0,0,0,0,0,0.168815250047547,0
test_id,DS06_id,4,11,LPT_flow_mod,7,1,0,-0,0,0,0,0,0,0,0.168815250047547,0
test_id,DS06_id,4,11,LPC_eff_mod,8,1,0.000858012126769196,-0.00306375389982243,0,0,0,0,0,0,0.168815250047547,0
test_id,DS06_id,4,11,LPC_flow_mod,9,1,-0.00290822897090348,-0,0,0,0,0,0,0,0.168815250047547,0
test_id,DS06_id,4,12,HPT_eff_mod,1,1,0,-0,0,0,0,0,0,0,0.104700515614424,0
test_id,DS06_id,4,12,fan_eff_mod,2,1,0,-0.000812864244614648,0,0,0,0,0,0,0.104700515614424,0
test_id,DS06_id,4,12,fan_flow_mod,3,1,0,-0,0,0,0,0,0,0,0.104700515614424,0
test_id,DS06_id,4,12,HPC_eff_mod,4,1,-0.00962794722044774,-0.00321646781154785,0,0,0,0,0,0,0.104700515614424,0
test_id,DS06_id,4,12,HPC_flow_mod,5,1,-0.000775414048154396,-0.00255650265063693,0,0,0,0,0,0,0.104700515614424,0
test_id,DS06_id,4,12,LPT_eff_mod,6,1,0,-9.20861382390337e-05,0,0,0,0,0,0,0.104700515614424,0
test_id,DS06_id,4,12,LPT_flow_mod,7,1,0,-0,0,0,0,0,0,0,0.104700515614424,0
test_id,DS06_id,4,12,LPC_eff_mod,8,1,-0.00205400056893575,-0.00306375389982243,0,0,0,0,0,0,0.104700515614424,0
test_id,DS06_id,4,12,LPC_flow_mod,9,1,-0.00191107748691442,-0,0,0,0,0,0,0,0.104700515614424,0
test_id,DS06_id,4,13,HPT_eff_mod,1,1,0,-0,0,0,0,0,0,0,0.154357566757379,0
test_id,DS06_id,4,13,fan_eff_mod,2,1,0,-0.000812864244614648,0,0,0,0,0,0,0.154357566757379,0
test_id,DS06_id,4,13,fan_flow_mod,3,1,0,-0,0,0,0,0,0,0,0.154357566757379,0
test_id,DS06_id,4,13,HPC_eff_mod,4,1,-0.0052742577500759,-0.00694883840915891,0,0,0,0,0,0,0.154357566757379,0
test_id,DS06_id,4,13,HPC_flow_mod,5,1,-0.00408999630478557,-0.0039067163457331,0,0,0,0,0,0,0.154357566757379,0
test_id,DS06_id,4,13,LPT_eff_mod,6,1,0,-0.000531902932012091,0,0,0,0,0,0,0.154357566757379,0
test_id,DS06_id,4,13,LPT_flow_mod,7,1,0,-0,0,0,0,0,0,0,0.154357566757379,0
test_id,DS06_id,4,13,LPC_eff_mod,8,1,-0.00213016747764516,-0.00306375389982243,0,0,0,0,0,0,0.154357566757379,0
test_id,DS06_id,4,13,LPC_flow_mod,9,1,-0.00374828466242794,-0,0,0,0,0,0,0,0.154357566757379,0
test_id,DS06_id,4,14,HPT_eff_mod,1,1,0,-0,0,0,0,0,0,0,0.124745856693759,0
test_id,DS06_id,4,14,fan_eff_mod,2,1,0,-0.000812864244614648,0,0,0,0,0,0,0.124745856693759,0
test_id,DS06_id,4,14,fan_flow_mod,3,1,0,-0,0,0,0,0,0,0,0.124745856693759,0
test_id,DS06_id,4,14,HPC_eff_mod,4,1,-0.014614148164234,-0.00694883840915891,0,0,0,0,0,0,0.124745856693759,0
test_id,DS06_id,4,14,HPC_flow_mod,5,1,-0.00360772254693776,-0.0039067163457331,0,0,0,0,0,0,0.124745856693759,0
test_id,DS06_id,4,14,LPT_eff_mod,6,1,0,-0.000531902932012091,0,0,0,0,0,0,0.124745856693759,0
test_id,DS06_id,4,14,LPT_flow_mod,7,1,0,-0,0,0,0,0,0,0,0.124745856693759,0
test_id,DS06_id,4,14,LPC_eff_mod,8,1,-0.00102617383516408,-0.00306375389982243,0,0,0,0,0,0,0.124745856693759,0
test_id,DS06_id,4,14,LPC_flow_mod,9,1,-0.00336764954644293,-0,0,0,0,0,0,0,0.124745856693759,0
test_id,DS06_id,4,15,HPT_eff_mod,1,1,0,-0,0,0,0,0,0,0,0.13613145206281,0
test_id,DS06_id,4,15,fan_eff_mod,2,1,0,-0.000812864244614648,0,0,0,0,0,0,0.13613145206281,0
test_id,DS06_id,4,15,fan_flow_mod,3,1,0,-0,0,0,0,0,0,0,0.13613145206281,0
test_id,DS06_id,4,15,HPC_eff_mod,4,1,-0.00413300191751885,-0.00694883840915891,0,0,0,0,0,0,0.13613145206281,0
test_id,DS06_id,4,15,HPC_flow_mod,5,1,-0.00195382572726542,-0.0039067163457331,0,0,0,0,0,0,0.13613145206281,0
test_id,DS06_id,4,15,LPT_eff_mod,6,1,0,-0.000531902932012091,0,0,0,0,0,0,0.13613145206281,0
test_id,DS06_id,4,15,LPT_flow_mod,7,1,0,-0,0,0,0,0,0,0,0.13613145206281,0
test_id,DS06_id,4,15,LPC_eff_mod,8,1,-0.00223680133112601,-0.00306375389982243,0,0,0,0,0,0,0.13613145206281,0
test_id,DS06_id,4,15,LPC_flow_mod,9,1,-0.00232291221811487,-0,0,0,0,0,0,0,0.13613145206281,0
test_id,DS06_id,4,16,HPT_eff_mod,1,1,0,-0,0,0,0,0,0,0,0.142358016455547,0
test_id,DS06_id,4,16,fan_eff_mod,2,1,0,-0.000812864244614648,0,0,0,0,0,0,0.142358016455547,0
test_id,DS06_id,4,16,fan_flow_mod,3,1,0,-0,0,0,0,0,0,0,0.142358016455547,0
test_id,DS06_id,4,16,HPC_eff_mod,4,1,-0.0147043610082098,-0.00743879783955968,0,0,0,0,0,0,0.142358016455547,0
test_id,DS06_id,4,16,HPC_flow_mod,5,1,-0.00154833799453976,-0.0039067163457331,0,0,0,0,0,0,0.142358016455547,0
test_id,DS06_id,4,16,LPT_eff_mod,6,1,0,-0.000531902932012091,0,0,0,0,0,0,0.142358016455547,0
test_id,DS06_id,4,16,LPT_flow_mod,7,1,0,-0,0,0,0,0,0,0,0.142358016455547,0
test_id,DS06_id,4,16,LPC_eff_mod,8,1,-0.000168156677448726,-0.00306375389982243,0,0,0,0,0,0,0.142358016455547,0
test_id,DS06_id,4,16,LPC_flow_mod,9,1,-0.0056691414750473,-0,0,0,0,0,0,0,0.142358016455547,0
test_id,DS06_id,4,17,HPT_eff_mod,1,1,0,-0,0,0,0,0,0,0,0.165100661346375,0
test_id,DS06_id,4,17,fan_eff_mod,2,1,0,-0.00089335469567426,0,0,0,0,0,0,0.165100661346375,0
test_id,DS06_id,4,17,fan_flow_mod,3,1,0,-0,0,0,0,0,0,0,0.165100661346375,0
test_id,DS06_id,4,17,HPC_eff_mod,4,1,-0.00762004345338474,-0.00743879783955968,0,0,0,0,0,0,0.165100661346375,0
test_id,DS06_id,4,17,HPC_flow_mod,5,1,-0.00595688394426824,-0.00641761258779261,0,0,0,0,0,0,0.165100661346375,0
test_id,DS06_id,4,17,LPT_eff_mod,6,1,0,-0.000966556608836682,0,0,0,0,0,0,0.165100661346375,0
test_id,DS06_id,4,17,LPT_flow_mod,7,1,0,-0,0,0,0,0,0,0,0.165100661346375,0
test_id,DS06_id,4,17,LPC_eff_mod,8,1,-0.00128611624462513,-0.00428074637187428,0,0,0,0,0,0,0.165100661346375,0
test_id,DS06_id,4,17,LPC_flow_mod,9,1,-0.00613809529831488,-0,0,0,0,0,0,0,0.165100661346375,0
test_id,DS06_id,4,18,HPT_eff_mod,1,1,0,-0,0,0,0,0,0,0,0.290276735808637,0
test_id,DS06_id,4,18,fan_eff_mod,2,1,0,-0.00089335469567426,0,0,0,0,0,0,0.290276735808637,0
test_id,DS06_id,4,18,fan_flow_mod,3,1,0,-0,0,0,0,0,0,0,0.290276735808637,0
test_id,DS06_id,4,18,HPC_eff_mod,4,1,-0.0144135255493721,-0.00894748038609453,0,0,0,0,0,0,0.290276735808637,0
test_id,DS06_id,4,18,HPC_flow_mod,5,1,-0.00361272202076107,-0.00641761258779261,0,0,0,0,0,0,0.290276735808637,0
test_id,DS06_id,4,18,LPT_eff_mod,6,1,0,-0.000966556608836682,0,0,0,0,0,0,0.290276735808637,0
test_id,DS06_id,4,18,LPT_flow_mod,7,1,0,-0,0,0,0,0,0,0,0.290276735808637,0
test_id,DS06_id,4,18,LPC_eff_mod,8,1,-0.000197939628209205,-0.00428074637187428,0,0,0,0,0,0,0.290276735808637,0
test_id,DS06_id,4,18,LPC_flow_mod,9,1,-0.0052680816353424,-0,0,0,0,0,0,0,0.290276735808637,0
test_id,DS06_id,4,19,HPT_eff_mod,1,1,0,-0,0,0,0,0,0,0,0.130526735722749,0
test_id,DS06_id,4,19,fan_eff_mod,2,1,0,-0.00089335469567426,0,0,0,0,0,0,0.130526735722749,0
test_id,DS06_id,4,19,fan_flow_mod,3,1,0,-0,0,0,0,0,0,0,0.130526735722749,0
test_id,DS06_id,4,19,HPC_eff_mod,4,1,-0.0190666253574722,-0.00894748038609453,0,0,0,0,0,0,0.130526735722749,0
test_id,DS06_id,4,19,HPC_flow_mod,5,1,-0.00540417492363204,-0.00641761258779261,0,0,0,0,0,0,0.130526735722749,0
test_id,DS06_id,4,19,LPT_eff_mod,6,1,0,-0.000966556608836682,0,0,0,0,0,0,0.130526735722749,0
test_id,DS06_id,4,19,LPT_flow_mod,7,1,0,-0,0,0,0,0,0,0,0.130526735722749,0
test_id,DS06_id,4,19,LPC_eff_mod,8,1,-0.00203826177321059,-0.00428074637187428,0,0,0,0,0,0,0.130526735722749,0
test_id,DS06_id,4,19,LPC_flow_mod,9,1,-0.00713196689428193,-0,0,0,0,0,0,0,0.130526735722749,0
test_id,DS06_id,4,20,HPT_eff_mod,1,1,0,-0,0,0,0,0,0,0,0.161068627961856,0
test_id,DS06_id,4,20,fan_eff_mod,2,1,0,-0.00089335469567426,0,0,0,0,0,0,0.161068627961856,0
test_id,DS06_id,4,20,fan_flow_mod,3,1,0,-0,0,0,0,0,0,0,0.161068627961856,0
test_id,DS06_id,4,20,HPC_eff_mod,4,1,-0.0074658269391822,-0.00894748038609453,0,0,0,0,0,0,0.161068627961856,0
test_id,DS06_id,4,20,HPC_flow_mod,5,1,-0.00324898262093119,-0.00641761258779261,0,0,0,0,0,0,0.161068627961856,0
test_id,DS06_id,4,20,LPT_eff_mod,6,1,0,-0.000966556608836682,0,0,0,0,0,0,0.161068627961856,0
test_id,DS06_id,4,20,LPT_flow_mod,7,1,0,-0,0,0,0,0,0,0,0.161068627961856,0
test_id,DS06_id,4,20,LPC_eff_mod,8,1,-0.00365765393298157,-0.00428074637187428,0,0,0,0,0,0,0.161068627961856,0
test_id,DS06_id,4,20,LPC_flow_mod,9,1,-0.00114832158293592,-0,0,0,0,0,0,0,0.161068627961856,0
test_id,DS06_id,4,21,HPT_eff_mod,1,1,0,-0,0,0,0,0,0,0,0.0588150623115176,0
test_id,DS06_id,4,21,fan_eff_mod,2,1,0,-0.00089335469567426,0,0,0,0,0,0,0.0588150623115176,0
test_id,DS06_id,4,21,fan_flow_mod,3,1,0,-0,0,0,0,0,0,0,0.0588150623115176,0
test_id,DS06_id,4,21,HPC_eff_mod,4,1,-0.0158255638080866,-0.00894748038609453,0,0,0,0,0,0,0.0588150623115176,0
test_id,DS06_id,4,21,HPC_flow_mod,5,1,-0.00734042116964346,-0.00675154838614735,0,0,0,0,0,0,0.0588150623115176,0
test_id,DS06_id,4,21,LPT_eff_mod,6,1,0,-0.000966556608836682,0,0,0,0,0,0,0.0588150623115176,0
test_id,DS06_id,4,21,LPT_flow_mod,7,1,0,-0,0,0,0,0,0,0,0.0588150623115176,0
test_id,DS06_id,4,21,LPC_eff_mod,8,1,-0.00324614566856267,-0.00428074637187428,0,0,0,0,0,0,0.0588150623115176,0
test_id,DS06_id,4,21,LPC_flow_mod,9,1,-0.00925696970367635,-0,0,0,0,0,0,0,0.0588150623115176,0
test_id,DS06_id,4,22,HPT_eff_mod,1,1,0,-0,0,0,0,0,0,0,0.178023758744876,0
test_id,DS06_id,4,22,fan_eff_mod,2,1,0,-0.00089335469567426,0,0,0,0,0,0,0.178023758744876,0
test_id,DS06_id,4,22,fan_flow_mod,3,1,0,-0,0,0,0,0,0,0,0.178023758744876,0
test_id,DS06_id,4,22,HPC_eff_mod,4,1,-0.0170745009700221,-0.00894748038609453,0,0,0,0,0,0,0.178023758744876,0
test_id,DS06_id,4,22,HPC_flow_mod,5,1,-0.00837493697794952,-0.00675154838614735,0,0,0,0,0,0,0.178023758744876,0
test_id,DS06_id,4,22,LPT_eff_mod,6,1,0,-0.000966556608836682,0,0,0,0,0,0,0.178023758744876,0
test_id,DS06_id,4,22,LPT_flow_mod,7,1,0,-0,0,0,0,0,0,0,0.178023758744876,0
test_id,DS06_id,4,22,LPC_eff_mod,8,1,-0.00297074470490677,-0.00428074637187428,0,0,0,0,0,0,0.178023758744876,0
test_id,DS06_id,4,22,LPC_flow_mod,9,1,-0.0038546265946723,-0,0,0,0,0,0,0,0.178023758744876,0
test_id,DS06_id,4,23,HPT_eff_mod,1,1,0,-0,0,0,0,0,0,0,0.229952213974936,0
test_id,DS06_id,4,23,fan_eff_mod,2,1,0,-0.00089335469567426,0,0,0,0,0,0,0.229952213974936,0
test_id,DS06_id,4,23,fan_flow_mod,3,1,0,-0,0,0,0,0,0,0,0.229952213974936,0
test_id,DS06_id,4,23,HPC_eff_mod,4,1,-0.00875521070382699,-0.00894748038609453,0,0,0,0,0,0,0.229952213974936,0
test_id,DS06_id,4,23,HPC_flow_mod,5,1,-0.00871193372836491,-0.00675154838614735,0,0,0,0,0,0,0.229952213974936,0
test_id,DS06_id,4,23,LPT_eff_mod,6,1,0,-0.000966556608836682,0,0,0,0,0,0,0.229952213974936,0
test_id,DS06_id,4,23,LPT_flow_mod,7,1,0,-0,0,0,0,0,0,0,0.229952213974936,0
test_id,DS06_id,4,23,LPC_eff_mod,8,1,-0.0039557574852034,-0.00428074637187428,0,0,0,0,0,0,0.229952213974936,0
test_id,DS06_id,4,23,LPC_flow_mod,9,1,-0.00515681439252018,-0,0,0,0,0,0,0,0.229952213974936,0
test_id,DS06_id,4,24,HPT_eff_mod,1,1,0,-0,0,0,0,0,0,0,0.265027452028974,0
test_id,DS06_id,4,24,fan_eff_mod,2,1,0,-0.000917745865505105,0,0,0,0,0,0,0.265027452028974,0
test_id,DS06_id,4,24,fan_flow_mod,3,1,0,-0,0,0,0,0,0,0,0.265027452028974,0
test_id,DS06_id,4,24,HPC_eff_mod,4,1,-0.0141845463448026,-0.0154572852416989,0,0,0,0,0,0,0.265027452028974,0
test_id,DS06_id,4,24,HPC_flow_mod,5,1,-0.00372934535504177,-0.0081597597292395,0,0,0,0,0,0,0.265027452028974,0
test_id,DS06_id,4,24,LPT_eff_mod,6,1,0,-0.0010945332890004,0,0,0,0,0,0,0.265027452028974,0
test_id,DS06_id,4,24,LPT_flow_mod,7,1,0,-0,0,0,0,0,0,0,0.265027452028974,0
test_id,DS06_id,4,24,LPC_eff_mod,8,1,-0.00186020207213681,-0.00428074637187428,0,0,0,0,0,0,0.265027452028974,0
test_id,DS06_id,4,24,LPC_flow_mod,9,1,-0.00300781996322579,-0,0,0,0,0,0,0,0.265027452028974,0
test_id,DS06_id,4,25,HPT_eff_mod,1,1,0,-0,0,0,0,0,0,0,0.153296771091115,0
test_id,DS06_id,4,25,fan_eff_mod,2,1,0,-0.000917745865505105,0,0,0,0,0,0,0.153296771091115,0
test_id,DS06_id,4,25,fan_flow_mod,3,1,0,-0,0,0,0,0,0,0,0.153296771091115,0
test_id,DS06_id,4,25,HPC_eff_mod,4,1,-0.015506355627445,-0.0154572852416989,0,0,0,0,0,0,0.153296771091115,0
test_id,DS06_id,4,25,HPC_flow_mod,5,1,-0.00576470819534097,-0.0081597597292395,0,0,0,0,0,0,0.153296771091115,0
test_id,DS06_id,4,25,LPT_eff_mod,6,1,0,-0.0010945332890004,0,0,0,0,0,0,0.153296771091115,0
test_id,DS06_id,4,25,LPT_flow_mod,7,1,0,-0,0,0,0,0,0,0,0.153296771091115,0
test_id,DS06_id,4,25,LPC_eff_mod,8,1,-0.00137691609912806,-0.00428074637187428,0,0,0,0,0,0,0.153296771091115,0
test_id,DS06_id,4,25,LPC_flow_mod,9,1,-0.00568040679906444,-0,0,0,0,0,0,0,0.153296771091115,0
test_id,DS06_id,4,26,HPT_eff_mod,1,1,0,-0,0,0,0,0,0,0,0.131571206776594,0
test_id,DS06_id,4,26,fan_eff_mod,2,1,0,-0.000917745865505105,0,0,0,0,0,0,0.131571206776594,0
test_id,DS06_id,4,26,fan_flow_mod,3,1,0,-0,0,0,0,0,0,0,0.131571206776594,0
test_id,DS06_id,4,26,HPC_eff_mod,4,1,-0.0239980655797919,-0.0154572852416989,0,0,0,0,0,0,0.131571206776594,0
test_id,DS06_id,4,26,HPC_flow_mod,5,1,-0.00519666354682114,-0.0081597597292395,0,0,0,0,0,0,0.131571206776594,0
test_id,DS06_id,4,26,LPT_eff_mod,6,1,0,-0.0010945332890004,0,0,0,0,0,0,0.131571206776594,0
test_id,DS06_id,4,26,LPT_flow_mod,7,1,0,-0,0,0,0,0,0,0,0.131571206776594,0
test_id,DS06_id,4,26,LPC_eff_mod,8,1,-0.00451517171645914,-0.00428074637187428,0,0,0,0,0,0,0.131571206776594,0
test_id,DS06_id,4,26,LPC_flow_mod,9,1,-0.0101177557573176,-0,0,0,0,0,0,0,0.131571206776594,0
test_id,DS06_id,4,27,HPT_eff_mod,1,1,0,-0,0,0,0,0,0,0,0.128840102834653,0
test_id,DS06_id,4,27,fan_eff_mod,2,1,0,-0.000917745865505105,0,0,0,0,0,0,0.128840102834653,0
test_id,DS06_id,4,27,fan_flow_mod,3,1,0,-0,0,0,0,0,0,0,0.128840102834653,0
test_id,DS06_id,4,27,HPC_eff_mod,4,1,-0.0228192939876288,-0.0154572852416989,0,0,0,0,0,0,0.128840102834653,0
test_id,DS06_id,4,27,HPC_flow_mod,5,1,-0.0072079902840397,-0.0081597597292395,0,0,0,0,0,0,0.128840102834653,0
test_id,DS06_id,4,27,LPT_eff_mod,6,1,0,-0.0010945332890004,0,0,0,0,0,0,0.128840102834653,0
test_id,DS06_id,4,27,LPT_flow_mod,7,1,0,-0,0,0,0,0,0,0,0.128840102834653,0
test_id,DS06_id,4,27,LPC_eff_mod,8,1,-0.00318619063416515,-0.00428074637187428,0,0,0,0,0,0,0.128840102834653,0
test_id,DS06_id,4,27,LPC_flow_mod,9,1,-0.0103102155535005,-0,0,0,0,0,0,0,0.128840102834653,0
test_id,DS06_id,4,28,HPT_eff_mod,1,1,0,-0,0,0,0,0,0,0,0.0715071438388258,0
test_id,DS06_id,4,28,fan_eff_mod,2,1,0,-0.000917745865505105,0,0,0,0,0,0,0.0715071438388258,0
test_id,DS06_id,4,28,fan_flow_mod,3,1,0,-0,0,0,0,0,0,0,0.0715071438388258,0
test_id,DS06_id,4,28,HPC_eff_mod,4,1,-0.0170128363650595,-0.0154572852416989,0,0,0,0,0,0,0.0715071438388258,0
test_id,DS06_id,4,28,HPC_flow_mod,5,1,-0.00678748902437413,-0.0081597597292395,0,0,0,0,0,0,0.0715071438388258,0
test_id,DS06_id,4,28,LPT_eff_mod,6,1,0,-0.0010945332890004,0,0,0,0,0,0,0.0715071438388258,0
test_id,DS06_id,4,28,LPT_flow_mod,7,1,0,-0,0,0,0,0,0,0,0.0715071438388258,0
test_id,DS06_id,4,28,LPC_eff_mod,8,1,-0.00436710767216401,-0.00428074637187428,0,0,0,0,0,0,0.0715071438388258,0
test_id,DS06_id,4,28,LPC_flow_mod,9,1,-0.0106688017530922,-0,0,0,0,0,0,0,0.0715071438388258,0
test_id,DS06_id,4,29,HPT_eff_mod,1,1,0,-0,0,0,0,0,0,0,0.0893950919728552,0
test_id,DS06_id,4,29,fan_eff_mod,2,1,0,-0.000917745865505105,0,0,0,0,0,0,0.0893950919728552,0
test_id,DS06_id,4,29,fan_flow_mod,3,1,0,-0,0,0,0,0,0,0,0.0893950919728552,0
test_id,DS06_id,4,29,HPC_eff_mod,4,1,-0.020166052277132,-0.0175702894639233,0,0,0,0,0,0,0.0893950919728552,0
test_id,DS06_id,4,29,HPC_flow_mod,5,1,-0.00832827866833759,-0.00917825404437764,0,0,0,0,0,0,0.0893950919728552,0
test_id,DS06_id,4,29,LPT_eff_mod,6,1,0,-0.0010945332890004,0,0,0,0,0,0,0.0893950919728552,0
test_id,DS06_id,4,29,LPT_flow_mod,7,1,0,-0,0,0,0,0,0,0,0.0893950919728552,0
test_id,DS06_id,4,29,LPC_eff_mod,8,1,-0.00448204559863685,-0.00428074637187428,0,0,0,0,0,0,0.0893950919728552,0
test_id,DS06_id,4,29,LPC_flow_mod,9,1,-0.00639206766506721,-0,0,0,0,0,0,0,0.0893950919728552,0
test_id,DS06_id,4,30,HPT_eff_mod,1,1,0,-0,0,0,0,0,0,0,0.292459605428364,0
test_id,DS06_id,4,30,fan_eff_mod,2,1,0,-0.000917745865505105,0,0,0,0,0,0,0.292459605428364,0
test_id,DS06_id,4,30,fan_flow_mod,3,1,0,-0,0,0,0,0,0,0,0.292459605428364,0
test_id,DS06_id,4,30,HPC_eff_mod,4,1,-0.0259410563864904,-0.0175702894639233,0,0,0,0,0,0,0.292459605428364,0
test_id,DS06_id,4,30,HPC_flow_mod,5,1,-0.0087605740064993,-0.0107278402562883,0,0,0,0,0,0,0.292459605428364,0
test_id,DS06_id,4,30,LPT_eff_mod,6,1,0,-0.0010945332890004,0,0,0,0,0,0,0.292459605428364,0
test_id,DS06_id,4,30,LPT_flow_mod,7,1,0,-0,0,0,0,0,0,0,0.292459605428364,0
test_id,DS06_id,4,30,LPC_eff_mod,8,1,-0.00384006122193617,-0.00428074637187428,0,0,0,0,0,0,0.292459605428364,0
test_id,DS06_id,4,30,LPC_flow_mod,9,1,-0.0104238177155602,-0,0,0,0,0,0,0,0.292459605428364,0
test_id,DS06_id,4,31,HPT_eff_mod,1,1,0,-0,0,0,0,0,0,0,0.208339070505744,0
test_id,DS06_id,4,31,fan_eff_mod,2,1,0,-0.000917745865505105,0,0,0,0,0,0,0.208339070505744,0
test_id,DS06_id,4,31,fan_flow_mod,3,1,0,-0,0,0,0,0,0,0,0.208339070505744,0
test_id,DS06_id,4,31,HPC_eff_mod,4,1,-0.0234486929369912,-0.0175702894639233,0,0,0,0,0,0,0.208339070505744,0
test_id,DS06_id,4,31,HPC_flow_mod,5,1,-0.00749780458341981,-0.0107278402562883,0,0,0,0,0,0,0.208339070505744,0
test_id,DS06_id,4,31,LPT_eff_mod,6,1,0,-0.0010945332890004,0,0,0,0,0,0,0.208339070505744,0
test_id,DS06_id,4,31,LPT_flow_mod,7,1,0,-0,0,0,0,0,0,0,0.208339070505744,0
test_id,DS06_id,4,31,LPC_eff_mod,8,1,-0.00546310345167843,-0.00428074637187428,0,0,0,0,0,0,0.208339070505744,0
test_id,DS06_id,4,31,LPC_flow_mod,9,1,-0.00644930652160975,-0.00831028483283907,0,0,0,0,0,0,0.208339070505744,0
test_id,DS06_id,4,32,HPT_eff_mod,1,1,0,-0,0,0,0,0,0,0,0.148005679635558,0
test_id,DS06_id,4,32,fan_eff_mod,2,1,0,-0.000917745865505105,0,0,0,0,0,0,0.148005679635558,0
test_id,DS06_id,4,32,fan_flow_mod,3,1,0,-0,0,0,0,0,0,0,0.148005679635558,0
test_id,DS06_id,4,32,HPC_eff_mod,4,1,-0.0180350369331843,-0.0175702894639233,0,0,0,0,0,0,0.148005679635558,0
test_id,DS06_id,4,32,HPC_flow_mod,5,1,-0.00908818119734888,-0.010781049552615,0,0,0,0,0,0,0.148005679635558,0
test_id,DS06_id,4,32,LPT_eff_mod,6,1,0,-0.0010945332890004,0,0,0,0,0,0,0.148005679635558,0
test_id,DS06_id,4,32,LPT_flow_mod,7,1,0,-0,0,0,0,0,0,0,0.148005679635558,0
test_id,DS06_id,4,32,LPC_eff_mod,8,1,-0.00563914197090785,-0.00428074637187428,0,0,0,0,0,0,0.148005679635558,0
test_id,DS06_id,4,32,LPC_flow_mod,9,1,-0.010738761781624,-0.00831028483283907,0,0,0,0,0,0,0.148005679635558,0
test_id,DS06_id,4,33,HPT_eff_mod,1,0,0,-0,0,0,0,0,2,0,0.136723142654312,0
test_id,DS06_id,4,33,fan_eff_mod,2,0,0,-0.000917745865505105,0,0,0,0,2,0,0.136723142654312,0
test_id,DS06_id,4,33,fan_flow_mod,3,0,0,-0,0,0,0,0,2,0,0.136723142654312,0
test_id,DS06_id,4,33,HPC_eff_mod,4,0,-0.0297719379106571,-0.022747603227,1,0,2,0,2,0,0.136723142654312,0
test_id,DS06_id,4,33,HPC_flow_mod,5,0,-0.00750704131084332,-0.010781049552615,1,0,1,0,2,0,0.136723142654312,0
test_id,DS06_id,4,33,LPT_eff_mod,6,0,0,-0.0010945332890004,0,0,0,0,2,0,0.136723142654312,0
test_id,DS06_id,4,33,LPT_flow_mod,7,0,0,-0,0,0,0,0,2,0,0.136723142654312,0
test_id,DS06_id,4,33,LPC_eff_mod,8,0,-0.00302240922350571,-0.00428074637187428,1,0,1,0,2,0,0.136723142654312,0
test_id,DS06_id,4,33,LPC_flow_mod,9,0,-0.0118394945875913,-0.00831028483283907,1,0,1,0,2,0,0.136723142654312,0
test_id,DS06_id,4,34,HPT_eff_mod,1,0,0,-0,0,0,0,0,2,1,0.0972519296131694,0
test_id,DS06_id,4,34,fan_eff_mod,2,0,0,-0.000917745865505105,0,0,0,0,2,1,0.0972519296131694,0
test_id,DS06_id,4,34,fan_flow_mod,3,0,0,-0,0,0,0,0,2,1,0.0972519296131694,0
test_id,DS06_id,4,34,HPC_eff_mod,4,0,-0.0186067438075388,-0.022747603227,1,0,2,0,2,1,0.0972519296131694,0
test_id,DS06_id,4,34,HPC_flow_mod,5,0,-0.0109354430328575,-0.010781049552615,1,1,1,1,2,1,0.0972519296131694,0
test_id,DS06_id,4,34,LPT_eff_mod,6,0,0,-0.0010945332890004,0,0,0,0,2,1,0.0972519296131694,0
test_id,DS06_id,4,34,LPT_flow_mod,7,0,0,-0,0,0,0,0,2,1,0.0972519296131694,0
test_id,DS06_id,4,34,LPC_eff_mod,8,0,-0.0048509078922557,-0.00428074637187428,1,0,1,0,2,1,0.0972519296131694,0
test_id,DS06_id,4,34,LPC_flow_mod,9,0,-0.0132078097409648,-0.00831028483283907,1,0,1,0,2,1,0.0972519296131694,0
test_id,DS06_id,4,35,HPT_eff_mod,1,0,0,-0,0,0,0,0,2,1,0.132005218845101,0
test_id,DS06_id,4,35,fan_eff_mod,2,0,0,-0.000917745865505105,0,0,0,0,2,1,0.132005218845101,0
test_id,DS06_id,4,35,fan_flow_mod,3,0,0,-0,0,0,0,0,2,1,0.132005218845101,0
test_id,DS06_id,4,35,HPC_eff_mod,4,0,-0.0289666351324731,-0.022747603227,1,0,2,0,2,1,0.132005218845101,0
test_id,DS06_id,4,35,HPC_flow_mod,5,0,-0.0106715602326993,-0.010781049552615,1,1,1,1,2,1,0.132005218845101,0
test_id,DS06_id,4,35,LPT_eff_mod,6,0,0,-0.0010945332890004,0,0,0,0,2,1,0.132005218845101,0
test_id,DS06_id,4,35,LPT_flow_mod,7,0,0,-0,0,0,0,0,2,1,0.132005218845101,0
test_id,DS06_id,4,35,LPC_eff_mod,8,0,-0.00436758990366207,-0.00428074637187428,1,0,1,0,2,1,0.132005218845101,0
test_id,DS06_id,4,35,LPC_flow_mod,9,0,-0.0074629321547942,-0.00831028483283907,1,0,1,0,2,1,0.132005218845101,0
test_id,DS06_id,4,36,HPT_eff_mod,1,0,0,-0,0,0,0,0,2,1,0.0779419732423691,0
test_id,DS06_id,4,36,fan_eff_mod,2,0,0,-0.000917745865505105,0,0,0,0,2,1,0.0779419732423691,0
test_id,DS06_id,4,36,fan_flow_mod,3,0,0,-0,0,0,0,0,2,1,0.0779419732423691,0
test_id,DS06_id,4,36,HPC_eff_mod,4,0,-0.0301904405342178,-0.0234715124524527,1,0,2,0,2,1,0.0779419732423691,0
test_id,DS06_id,4,36,HPC_flow_mod,5,0,-0.0126076022507818,-0.010781049552615,1,1,1,1,2,1,0.0779419732423691,0
test_id,DS06_id,4,36,LPT_eff_mod,6,0,0,-0.0010945332890004,0,0,0,0,2,1,0.0779419732423691,0
test_id,DS06_id,4,36,LPT_flow_mod,7,0,0,-0,0,0,0,0,2,1,0.0779419732423691,0
test_id,DS06_id,4,36,LPC_eff_mod,8,0,-0.00389047183385084,-0.00428074637187428,1,0,1,0,2,1,0.0779419732423691,0
test_id,DS06_id,4,36,LPC_flow_mod,9,0,-0.00684602101102083,-0.00831028483283907,1,0,1,0,2,1,0.0779419732423691,0
test_id,DS06_id,4,37,HPT_eff_mod,1,0,0,-0,0,0,0,0,2,1,0.167496314764229,0
test_id,DS06_id,4,37,fan_eff_mod,2,0,0,-0.000917745865505105,0,0,0,0,2,1,0.167496314764229,0
test_id,DS06_id,4,37,fan_flow_mod,3,0,0,-0,0,0,0,0,2,1,0.167496314764229,0
test_id,DS06_id,4,37,HPC_eff_mod,4,0,-0.0301552111068631,-0.0250163963364086,1,0,2,0,2,1,0.167496314764229,0
test_id,DS06_id,4,37,HPC_flow_mod,5,0,-0.00788268980863012,-0.010781049552615,1,1,1,1,2,1,0.167496314764229,0
test_id,DS06_id,4,37,LPT_eff_mod,6,0,0,-0.0010945332890004,0,0,0,0,2,1,0.167496314764229,0
test_id,DS06_id,4,37,LPT_flow_mod,7,0,0,-0,0,0,0,0,2,1,0.167496314764229,0
test_id,DS06_id,4,37,LPC_eff_mod,8,0,-0.00616641687394834,-0.00532120117484497,1,0,1,0,2,1,0.167496314764229,0
test_id,DS06_id,4,37,LPC_flow_mod,9,0,-0.00700568790407213,-0.00831028483283907,1,0,1,0,2,1,0.167496314764229,0
test_id,DS06_id,4,38,HPT_eff_mod,1,0,0,-0,0,0,0,0,2,1,0.110540074997842,0
test_id,DS06_id,4,38,fan_eff_mod,2,0,0,-0.000917745865505105,0,0,0,0,2,1,0.110540074997842,0
test_id,DS06_id,4,38,fan_flow_mod,3,0,0,-0,0,0,0,0,2,1,0.110540074997842,0
test_id,DS06_id,4,38,HPC_eff_mod,4,0,-0.0280957475958791,-0.0250163963364086,1,0,2,0,2,1,0.110540074997842,0
test_id,DS06_id,4,38,HPC_flow_mod,5,0,-0.00513799135230495,-0.010781049552615,1,1,1,1,2,1,0.110540074997842,0
test_id,DS06_id,4,38,LPT_eff_mod,6,0,0,-0.0010945332890004,0,0,0,0,2,1,0.110540074997842,0
test_id,DS06_id,4,38,LPT_flow_mod,7,0,0,-0,0,0,0,0,2,1,0.110540074997842,0
test_id,DS06_id,4,38,LPC_eff_mod,8,0,-0.00660486566370282,-0.00532120117484497,1,0,1,0,2,1,0.110540074997842,0
test_id,DS06_id,4,38,LPC_flow_mod,9,0,-0.00785514576394309,-0.0115109043759125,1,0,1,0,2,1,0.110540074997842,0
test_id,DS06_id,4,39,HPT_eff_mod,1,0,0,-0,0,0,0,0,2,1,0.12362760363415,0
test_id,DS06_id,4,39,fan_eff_mod,2,0,0,-0.000917745865505105,0,0,0,0,2,1,0.12362760363415,0
test_id,DS06_id,4,39,fan_flow_mod,3,0,0,-0,0,0,0,0,2,1,0.12362760363415,0
test_id,DS06_id,4,39,HPC_eff_mod,4,0,-0.0289209328670428,-0.0250163963364086,1,0,2,0,2,1,0.12362760363415,0
test_id,DS06_id,4,39,HPC_flow_mod,5,0,-0.00645227348982362,-0.010781049552615,1,1,1,1,2,1,0.12362760363415,0
test_id,DS06_id,4,39,LPT_eff_mod,6,0,0,-0.0010945332890004,0,0,0,0,2,1,0.12362760363415,0
test_id,DS06_id,4,39,LPT_flow_mod,7,0,0,-0,0,0,0,0,2,1,0.12362760363415,0
test_id,DS06_id,4,39,LPC_eff_mod,8,0,-0.00630937039363142,-0.00532120117484497,1,0,1,0,2,1,0.12362760363415,0
test_id,DS06_id,4,39,LPC_flow_mod,9,0,-0.0159452501713712,-0.0115109043759125,1,0,1,0,2,1,0.12362760363415,0
test_id,DS06_id,4,40,HPT_eff_mod,1,0,0,-0,0,0,0,0,2,1,0.0467959580678154,0
test_id,DS06_id,4,40,fan_eff_mod,2,0,0,-0.000917745865505105,0,0,0,0,2,1,0.0467959580678154,0
test_id,DS06_id,4,40,fan_flow_mod,3,0,0,-0,0,0,0,0,2,1,0.0467959580678154,0
test_id,DS06_id,4,40,HPC_eff_mod,4,0,-0.0268575635995166,-0.0250163963364086,1,0,2,0,2,1,0.0467959580678154,0
test_id,DS06_id,4,40,HPC_flow_mod,5,0,-0.00891188652352157,-0.010781049552615,1,1,1,1,2,1,0.0467959580678154,0
test_id,DS06_id,4,40,LPT_eff_mod,6,0,0,-0.0010945332890004,0,0,0,0,2,1,0.0467959580678154,0
test_id,DS06_id,4,40,LPT_flow_mod,7,0,0,-0,0,0,0,0,2,1,0.0467959580678154,0
test_id,DS06_id,4,40,LPC_eff_mod,8,0,-0.00705923921617093,-0.00532120117484497,1,0,1,0,2,1,0.0467959580678154,0
test_id,DS06_id,4,40,LPC_flow_mod,9,0,-0.0114716362655754,-0.0115109043759125,1,0,1,0,2,1,0.0467959580678154,0
test_id,DS06_id,4,41,HPT_eff_mod,1,0,0,-0,0,0,0,0,2,2,0.108184470060744,0
test_id,DS06_id,4,41,fan_eff_mod,2,0,0,-0.000917745865505105,0,0,0,0,2,2,0.108184470060744,0
test_id,DS06_id,4,41,fan_flow_mod,3,0,0,-0,0,0,0,0,2,2,0.108184470060744,0
test_id,DS06_id,4,41,HPC_eff_mod,4,0,-0.0387951869854422,-0.0328188288294518,1,1,2,2,2,2,0.108184470060744,0
test_id,DS06_id,4,41,HPC_flow_mod,5,0,-0.010698105483646,-0.0141552663322913,1,1,1,1,2,2,0.108184470060744,0
test_id,DS06_id,4,41,LPT_eff_mod,6,0,0,-0.0010945332890004,0,0,0,0,2,2,0.108184470060744,0
test_id,DS06_id,4,41,LPT_flow_mod,7,0,0,-0,0,0,0,0,2,2,0.108184470060744,0
test_id,DS06_id,4,41,LPC_eff_mod,8,0,-0.00808625159745428,-0.00532120117484497,1,1,1,1,2,2,0.108184470060744,0
test_id,DS06_id,4,41,LPC_flow_mod,9,0,-0.0177676930847907,-0.0115109043759125,1,0,1,0,2,2,0.108184470060744,0
test_id,DS06_id,4,42,HPT_eff_mod,1,0,0,-0,0,0,0,0,2,2,0.125963140190411,0
test_id,DS06_id,4,42,fan_eff_mod,2,0,0,-0.000917745865505105,0,0,0,0,2,2,0.125963140190411,0
test_id,DS06_id,4,42,fan_flow_mod,3,0,0,-0,0,0,0,0,2,2,0.125963140190411,0
test_id,DS06_id,4,42,HPC_eff_mod,4,0,-0.0395666544089167,-0.0328188288294518,1,1,2,2,2,2,0.125963140190411,0
test_id,DS06_id,4,42,HPC_flow_mod,5,0,-0.0101750384092134,-0.0150222902801587,1,1,1,1,2,2,0.125963140190411,0
test_id,DS06_id,4,42,LPT_eff_mod,6,0,0,-0.0010945332890004,0,0,0,0,2,2,0.125963140190411,0
test_id,DS06_id,4,42,LPT_flow_mod,7,0,0,-0,0,0,0,0,2,2,0.125963140190411,0
test_id,DS06_id,4,42,LPC_eff_mod,8,0,-0.00781175825396341,-0.00532120117484497,1,1,1,1,2,2,0.125963140190411,0
test_id,DS06_id,4,42,LPC_flow_mod,9,0,-0.0260655109940598,-0.0115109043759125,1,0,2,0,2,2,0.125963140190411,0
test_id,DS06_id,4,43,HPT_eff_mod,1,0,0,-0,0,0,0,0,2,2,0.162057514471957,0
test_id,DS06_id,4,43,fan_eff_mod,2,0,0,-0.000917745865505105,0,0,0,0,2,2,0.162057514471957,0
test_id,DS06_id,4,43,fan_flow_mod,3,0,0,-0.000232128346504428,0,0,0,0,2,2,0.162057514471957,0
test_id,DS06_id,4,43,HPC_eff_mod,4,0,-0.0289808770699606,-0.0328188288294518,1,1,2,2,2,2,0.162057514471957,0
test_id,DS06_id,4,43,HPC_flow_mod,5,0,-0.0132517241241214,-0.0177470582707541,1,1,1,1,2,2,0.162057514471957,0
test_id,DS06_id,4,43,LPT_eff_mod,6,0,0,-0.0010945332890004,0,0,0,0,2,2,0.162057514471957,0
test_id,DS06_id,4,43,LPT_flow_mod,7,0,0,-0,0,0,0,0,2,2,0.162057514471957,0
test_id,DS06_id,4,43,LPC_eff_mod,8,0,-0.00924868275678112,-0.00532120117484497,1,1,1,1,2,2,0.162057514471957,0
test_id,DS06_id,4,43,LPC_flow_mod,9,0,-0.0213672023129907,-0.0205222339251667,1,0,2,0,2,2,0.162057514471957,0
test_id,DS06_id,4,44,HPT_eff_mod,1,0,0,-0,0,0,0,0,2,2,0.120561178784866,0
test_id,DS06_id,4,44,fan_eff_mod,2,0,0,-0.000917745865505105,0,0,0,0,2,2,0.120561178784866,0
test_id,DS06_id,4,44,fan_flow_mod,3,0,0,-0.00060929492949133,0,0,0,0,2,2,0.120561178784866,0
test_id,DS06_id,4,44,HPC_eff_mod,4,0,-0.0401967284745773,-0.0328188288294518,1,1,2,2,2,2,0.120561178784866,0
test_id,DS06_id,4,44,HPC_flow_mod,5,0,-0.0161903952074334,-0.0177470582707541,1,1,1,1,2,2,0.120561178784866,0
test_id,DS06_id,4,44,LPT_eff_mod,6,0,0,-0.0010945332890004,0,0,0,0,2,2,0.120561178784866,0
test_id,DS06_id,4,44,LPT_flow_mod,7,0,0,-0,0,0,0,0,2,2,0.120561178784866,0
test_id,DS06_id,4,44,LPC_eff_mod,8,0,-0.0112289412070219,-0.00532120117484497,1,1,1,1,2,2,0.120561178784866,0
test_id,DS06_id,4,44,LPC_flow_mod,9,0,-0.0281028606922556,-0.0238404959890491,1,0,2,0,2,2,0.120561178784866,0
test_id,DS06_id,4,45,HPT_eff_mod,1,0,0,-0,0,0,0,0,2,2,0.0840281650801706,0
test_id,DS06_id,4,45,fan_eff_mod,2,0,0,-0.000917745865505105,0,0,0,0,2,2,0.0840281650801706,0
test_id,DS06_id,4,45,fan_flow_mod,3,0,0,-0.00060929492949133,0,0,0,0,2,2,0.0840281650801706,0
test_id,DS06_id,4,45,HPC_eff_mod,4,0,-0.0427130706746023,-0.0352203043317135,1,1,2,2,2,2,0.0840281650801706,0
test_id,DS06_id,4,45,HPC_flow_mod,5,0,-0.0150035472643498,-0.0177470582707541,1,1,1,1,2,2,0.0840281650801706,0
test_id,DS06_id,4,45,LPT_eff_mod,6,0,0,-0.0010945332890004,0,0,0,0,2,2,0.0840281650801706,0
test_id,DS06_id,4,45,LPT_flow_mod,7,0,0,-0,0,0,0,0,2,2,0.0840281650801706,0
test_id,DS06_id,4,45,LPC_eff_mod,8,0,-0.0132864223347465,-0.00698818028610619,1,1,1,1,2,2,0.0840281650801706,0
test_id,DS06_id,4,45,LPC_flow_mod,9,0,-0.0344286010651666,-0.0238404959890491,1,0,2,0,2,2,0.0840281650801706,0
test_id,DS06_id,4,46,HPT_eff_mod,1,0,0,-0,0,0,0,0,2,2,0.0719834282530989,0
test_id,DS06_id,4,46,fan_eff_mod,2,0,0,-0.000917745865505105,0,0,0,0,2,2,0.0719834282530989,0
test_id,DS06_id,4,46,fan_flow_mod,3,0,0,-0.00060929492949133,0,0,0,0,2,2,0.0719834282530989,0
test_id,DS06_id,4,46,HPC_eff_mod,4,0,-0.0390927926039175,-0.0352203043317135,1,1,2,2,2,2,0.0719834282530989,0
test_id,DS06_id,4,46,HPC_flow_mod,5,0,-0.0114406154084769,-0.0177470582707541,1,1,1,1,2,2,0.0719834282530989,0
test_id,DS06_id,4,46,LPT_eff_mod,6,0,0,-0.0010945332890004,0,0,0,0,2,2,0.0719834282530989,0
test_id,DS06_id,4,46,LPT_flow_mod,7,0,0,-0,0,0,0,0,2,2,0.0719834282530989,0
test_id,DS06_id,4,46,LPC_eff_mod,8,0,-0.0116849757542234,-0.00698818028610619,1,1,1,1,2,2,0.0719834282530989,0
test_id,DS06_id,4,46,LPC_flow_mod,9,0,-0.0290894162607084,-0.0238404959890491,1,0,2,0,2,2,0.0719834282530989,0
test_id,DS06_id,4,47,HPT_eff_mod,1,0,0,-0,0,0,0,0,2,2,0.111906535460933,0
test_id,DS06_id,4,47,fan_eff_mod,2,0,0,-0.000917745865505105,0,0,0,0,2,2,0.111906535460933,0
test_id,DS06_id,4,47,fan_flow_mod,3,0,0,-0.000612038003147956,0,0,0,0,2,2,0.111906535460933,0
test_id,DS06_id,4,47,HPC_eff_mod,4,0,-0.0343537797002311,-0.0352203043317135,1,1,2,2,2,2,0.111906535460933,0
test_id,DS06_id,4,47,HPC_flow_mod,5,0,-0.0129075773362055,-0.0185294658220983,1,1,1,1,2,2,0.111906535460933,0
test_id,DS06_id,4,47,LPT_eff_mod,6,0,0,-0.0010945332890004,0,0,0,0,2,2,0.111906535460933,0
test_id,DS06_id,4,47,LPT_flow_mod,7,0,0,-0,0,0,0,0,2,2,0.111906535460933,0
test_id,DS06_id,4,47,LPC_eff_mod,8,0,-0.0155654050941611,-0.00698818028610619,1,1,1,1,2,2,0.111906535460933,0
test_id,DS06_id,4,47,LPC_flow_mod,9,0,-0.0364699336875512,-0.0269950369190693,1,1,2,2,2,2,0.111906535460933,0
test_id,DS06_id,4,48,HPT_eff_mod,1,0,0,-0,0,0,0,0,2,2,0.104976657235325,0
test_id,DS06_id,4,48,fan_eff_mod,2,0,0,-0.000917745865505105,0,0,0,0,2,2,0.104976657235325,0
test_id,DS06_id,4,48,fan_flow_mod,3,0,0,-0.000612038003147956,0,0,0,0,2,2,0.104976657235325,0
test_id,DS06_id,4,48,HPC_eff_mod,4,0,-0.0482019910330221,-0.0450042230533507,1,1,2,2,2,2,0.104976657235325,0
test_id,DS06_id,4,48,HPC_flow_mod,5,0,-0.014915346074779,-0.0189901447231495,1,1,1,1,2,2,0.104976657235325,0
test_id,DS06_id,4,48,LPT_eff_mod,6,0,0,-0.0010945332890004,0,0,0,0,2,2,0.104976657235325,0
test_id,DS06_id,4,48,LPT_flow_mod,7,0,0,-0,0,0,0,0,2,2,0.104976657235325,0
test_id,DS06_id,4,48,LPC_eff_mod,8,0,-0.0157194611891985,-0.0113845133075078,1,1,1,1,2,2,0.104976657235325,0
test_id,DS06_id,4,48,LPC_flow_mod,9,0,-0.03413826854155,-0.0269950369190693,1,1,2,2,2,2,0.104976657235325,0
test_id,DS06_id,4,49,HPT_eff_mod,1,0,0,-0,0,0,0,0,2,2,0.115066390256556,0
test_id,DS06_id,4,49,fan_eff_mod,2,0,0,-0.000917745865505105,0,0,0,0,2,2,0.115066390256556,0
test_id,DS06_id,4,49,fan_flow_mod,3,0,0,-0.000612038003147956,0,0,0,0,2,2,0.115066390256556,0
test_id,DS06_id,4,49,HPC_eff_mod,4,0,-0.0447764204752378,-0.0450042230533507,1,1,2,2,2,2,0.115066390256556,0
test_id,DS06_id,4,49,HPC_flow_mod,5,0,-0.013871516222965,-0.0205614960240649,1,1,1,2,2,2,0.115066390256556,0
test_id,DS06_id,4,49,LPT_eff_mod,6,0,0,-0.0010945332890004,0,0,0,0,2,2,0.115066390256556,0
test_id,DS06_id,4,49,LPT_flow_mod,7,0,0,-0,0,0,0,0,2,2,0.115066390256556,0
test_id,DS06_id,4,49,LPC_eff_mod,8,0,-0.0186687076495032,-0.0113845133075078,1,1,1,1,2,2,0.115066390256556,0
test_id,DS06_id,4,49,LPC_flow_mod,9,0,-0.0460820088636437,-0.039834532356308,1,1,2,2,2,2,0.115066390256556,0
test_id,DS06_id,4,50,HPT_eff_mod,1,0,0,-0,0,0,0,0,2,2,0.0893501433302191,0
test_id,DS06_id,4,50,fan_eff_mod,2,0,0,-0.000917745865505105,0,0,0,0,2,2,0.0893501433302191,0
test_id,DS06_id,4,50,fan_flow_mod,3,0,0,-0.000612038003147956,0,0,0,0,2,2,0.0893501433302191,0
test_id,DS06_id,4,50,HPC_eff_mod,4,0,-0.0477116310324606,-0.0465578160182707,1,1,2,2,2,2,0.0893501433302191,0
test_id,DS06_id,4,50,HPC_flow_mod,5,0,-0.0183743292853529,-0.0211254156294105,1,1,1,2,2,2,0.0893501433302191,0
test_id,DS06_id,4,50,LPT_eff_mod,6,0,0,-0.0010945332890004,0,0,0,0,2,2,0.0893501433302191,0
test_id,DS06_id,4,50,LPT_flow_mod,7,0,0,-0,0,0,0,0,2,2,0.0893501433302191,0
test_id,DS06_id,4,50,LPC_eff_mod,8,0,-0.0180060212201919,-0.0129609307891731,1,1,1,1,2,2,0.0893501433302191,0
test_id,DS06_id,4,50,LPC_flow_mod,9,0,-0.0495095472909026,-0.039834532356308,1,1,2,2,2,2,0.0893501433302191,0
test_id,DS06_id,4,51,HPT_eff_mod,1,0,0,-0,0,0,0,0,2,2,0.097408239544369,0
test_id,DS06_id,4,51,fan_eff_mod,2,0,0,-0.000917745865505105,0,0,0,0,2,2,0.097408239544369,0
test_id,DS06_id,4,51,fan_flow_mod,3,0,0,-0.000612038003147956,0,0,0,0,2,2,0.097408239544369,0
test_id,DS06_id,4,51,HPC_eff_mod,4,0,-0.0463752101758474,-0.0465578160182707,1,1,2,2,2,2,0.097408239544369,0
test_id,DS06_id,4,51,HPC_flow_mod,5,0,-0.0123935165402775,-0.0211254156294105,1,1,1,2,2,2,0.097408239544369,0
test_id,DS06_id,4,51,LPT_eff_mod,6,0,0,-0.0010945332890004,0,0,0,0,2,2,0.097408239544369,0
test_id,DS06_id,4,51,LPT_flow_mod,7,0,0,-0,0,0,0,0,2,2,0.097408239544369,0
test_id,DS06_id,4,51,LPC_eff_mod,8,0,-0.020388123000988,-0.0129609307891731,1,1,2,1,2,2,0.097408239544369,0
test_id,DS06_id,4,51,LPC_flow_mod,9,0,-0.0471548997383526,-0.0401161503965393,1,1,2,2,2,2,0.097408239544369,0
test_id,DS06_id,4,52,HPT_eff_mod,1,0,0,-0,0,0,0,0,2,2,0.125615527927988,0
test_id,DS06_id,4,52,fan_eff_mod,2,0,0,-0.000917745865505105,0,0,0,0,2,2,0.125615527927988,0
test_id,DS06_id,4,52,fan_flow_mod,3,0,0,-0.000612038003147956,0,0,0,0,2,2,0.125615527927988,0
test_id,DS06_id,4,52,HPC_eff_mod,4,0,-0.0572185075575295,-0.0490896227969478,1,1,2,2,2,2,0.125615527927988,0
test_id,DS06_id,4,52,HPC_flow_mod,5,0,-0.0153678781146135,-0.0224308445144884,1,1,1,2,2,2,0.125615527927988,0
test_id,DS06_id,4,52,LPT_eff_mod,6,0,0,-0.0010945332890004,0,0,0,0,2,2,0.125615527927988,0
test_id,DS06_id,4,52,LPT_flow_mod,7,0,0,-0,0,0,0,0,2,2,0.125615527927988,0
test_id,DS06_id,4,52,LPC_eff_mod,8,0,-0.0231755287876715,-0.0129609307891731,1,1,2,1,2,2,0.125615527927988,0
test_id,DS06_id,4,52,LPC_flow_mod,9,0,-0.0557898297958302,-0.0430609523691287,1,1,2,2,2,2,0.125615527927988,0
test_id,DS06_id,4,53,HPT_eff_mod,1,0,0,-0,0,0,0,0,2,2,0.106298746952053,0
test_id,DS06_id,4,53,fan_eff_mod,2,0,0,-0.000917745865505105,0,0,0,0,2,2,0.106298746952053,0
test_id,DS06_id,4,53,fan_flow_mod,3,0,0,-0.000612038003147956,0,0,0,0,2,2,0.106298746952053,0
test_id,DS06_id,4,53,HPC_eff_mod,4,0,-0.0468315027770683,-0.0490896227969478,1,1,2,2,2,2,0.106298746952053,0
test_id,DS06_id,4,53,HPC_flow_mod,5,0,-0.0223261851407828,-0.0258452012554024,1,1,2,2,2,2,0.106298746952053,0
test_id,DS06_id,4,53,LPT_eff_mod,6,0,0,-0.0010945332890004,0,0,0,0,2,2,0.106298746952053,0
test_id,DS06_id,4,53,LPT_flow_mod,7,0,0,-0,0,0,0,0,2,2,0.106298746952053,0
test_id,DS06_id,4,53,LPC_eff_mod,8,0,-0.0279388459978942,-0.0174587865065489,1,1,2,1,2,2,0.106298746952053,0
test_id,DS06_id,4,53,LPC_flow_mod,9,0,-0.0550198750063262,-0.0430609523691287,1,1,2,2,2,2,0.106298746952053,0
test_id,DS06_id,4,54,HPT_eff_mod,1,0,0,-0,0,0,0,0,2,2,0.124546285436905,0
test_id,DS06_id,4,54,fan_eff_mod,2,0,0,-0.000917745865505105,0,0,0,0,2,2,0.124546285436905,0
test_id,DS06_id,4,54,fan_flow_mod,3,0,0,-0.000612038003147956,0,0,0,0,2,2,0.124546285436905,0
test_id,DS06_id,4,54,HPC_eff_mod,4,0,-0.0561607225097503,-0.0571541318563115,1,1,2,2,2,2,0.124546285436905,0
test_id,DS06_id,4,54,HPC_flow_mod,5,0,-0.0152591470289463,-0.0258452012554024,1,1,2,2,2,2,0.124546285436905,0
test_id,DS06_id,4,54,LPT_eff_mod,6,0,0,-0.0010945332890004,0,0,0,0,2,2,0.124546285436905,0
test_id,DS06_id,4,54,LPT_flow_mod,7,0,0,-0,0,0,0,0,2,2,0.124546285436905,0
test_id,DS06_id,4,54,LPC_eff_mod,8,0,-0.0303420103318558,-0.0231393553624507,1,1,2,2,2,2,0.124546285436905,0
test_id,DS06_id,4,54,LPC_flow_mod,9,0,-0.0648818659655399,-0.0461858808551422,1,1,2,2,2,2,0.124546285436905,0
test_id,DS06_id,4,55,HPT_eff_mod,1,0,0,-0,0,0,0,0,2,2,0.109133411141372,0
test_id,DS06_id,4,55,fan_eff_mod,2,0,0,-0.000917745865505105,0,0,0,0,2,2,0.109133411141372,0
test_id,DS06_id,4,55,fan_flow_mod,3,0,0,-0.000612038003147956,0,0,0,0,2,2,0.109133411141372,0
test_id,DS06_id,4,55,HPC_eff_mod,4,0,-0.0655951739756928,-0.0646649109182674,1,1,2,2,2,2,0.109133411141372,0
test_id,DS06_id,4,55,HPC_flow_mod,5,0,-0.02412840390878,-0.0340073452050958,1,1,2,2,2,2,0.109133411141372,0
test_id,DS06_id,4,55,LPT_eff_mod,6,0,0,-0.0010945332890004,0,0,0,0,2,2,0.109133411141372,0
test_id,DS06_id,4,55,LPT_flow_mod,7,0,0,-0,0,0,0,0,2,2,0.109133411141372,0
test_id,DS06_id,4,55,LPC_eff_mod,8,0,-0.0332399065538183,-0.0231393553624507,1,1,2,2,2,2,0.109133411141372,0
test_id,DS06_id,4,55,LPC_flow_mod,9,0,-0.0820781191049191,-0.0612967966995262,1,1,2,2,2,2,0.109133411141372,0
test_id,DS06_id,4,56,HPT_eff_mod,1,0,0,-0,0,0,0,0,2,2,0.127122682880587,0
test_id,DS06_id,4,56,fan_eff_mod,2,0,0,-0.000917745865505105,0,0,0,0,2,2,0.127122682880587,0
test_id,DS06_id,4,56,fan_flow_mod,3,0,0,-0.00156219276731703,0,0,0,0,2,2,0.127122682880587,0
test_id,DS06_id,4,56,HPC_eff_mod,4,0,-0.0660179291331243,-0.0646649109182674,1,1,2,2,2,2,0.127122682880587,0
test_id,DS06_id,4,56,HPC_flow_mod,5,0,-0.0267364326489092,-0.0340073452050958,1,1,2,2,2,2,0.127122682880587,0
test_id,DS06_id,4,56,LPT_eff_mod,6,0,0,-0.0010945332890004,0,0,0,0,2,2,0.127122682880587,0
test_id,DS06_id,4,56,LPT_flow_mod,7,0,0,-0,0,0,0,0,2,2,0.127122682880587,0
test_id,DS06_id,4,56,LPC_eff_mod,8,0,-0.0363830697034206,-0.0231393553624507,1,1,2,2,2,2,0.127122682880587,0
test_id,DS06_id,4,56,LPC_flow_mod,9,0,-0.0734608354393189,-0.0731609714510524,1,1,2,2,2,2,0.127122682880587,0
test_id,DS06_id,4,57,HPT_eff_mod,1,0,0,-0,0,0,0,0,2,2,0.186677803781803,0
test_id,DS06_id,4,57,fan_eff_mod,2,0,0,-0.000917745865505105,0,0,0,0,2,2,0.186677803781803,0
test_id,DS06_id,4,57,fan_flow_mod,3,0,0,-0.00156219276731703,0,0,0,0,2,2,0.186677803781803,0
test_id,DS06_id,4,57,HPC_eff_mod,4,0,-0.0728015370104625,-0.0708571181534392,1,1,2,2,2,2,0.186677803781803,0
test_id,DS06_id,4,57,HPC_flow_mod,5,0,-0.0226999533978628,-0.0340073452050958,1,1,2,2,2,2,0.186677803781803,0
test_id,DS06_id,4,57,LPT_eff_mod,6,0,0,-0.0010945332890004,0,0,0,0,2,2,0.186677803781803,0
test_id,DS06_id,4,57,LPT_flow_mod,7,0,0,-0,0,0,0,0,2,2,0.186677803781803,0
test_id,DS06_id,4,57,LPC_eff_mod,8,0,-0.0406001849867263,-0.0231393553624507,1,1,2,2,2,2,0.186677803781803,0
test_id,DS06_id,4,57,LPC_flow_mod,9,0,-0.0778104130934031,-0.0817314255454814,1,1,2,2,2,2,0.186677803781803,0
test_id,DS06_id,4,58,HPT_eff_mod,1,0,0,-0,0,0,0,0,2,2,0.136663271921497,0
test_id,DS06_id,4,58,fan_eff_mod,2,0,0,-0.00154211195285089,0,0,0,0,2,2,0.136663271921497,0
test_id,DS06_id,4,58,fan_flow_mod,3,0,0,-0.00156219276731703,0,0,0,0,2,2,0.136663271921497,0
test_id,DS06_id,4,58,HPC_eff_mod,4,0,-0.0712675525936853,-0.0708571181534392,1,1,2,2,2,2,0.136663271921497,0
test_id,DS06_id,4,58,HPC_flow_mod,5,0,-0.0263209478919812,-0.0378235390572164,1,1,2,2,2,2,0.136663271921497,0
test_id,DS06_id,4,58,LPT_eff_mod,6,0,0,-0.00358587687249126,0,0,0,0,2,2,0.136663271921497,0
test_id,DS06_id,4,58,LPT_flow_mod,7,0,0,-0,0,0,0,0,2,2,0.136663271921497,0
test_id,DS06_id,4,58,LPC_eff_mod,8,0,-0.044484262255184,-0.0345758072292045,1,1,2,2,2,2,0.136663271921497,0
test_id,DS06_id,4,58,LPC_flow_mod,9,0,-0.101486732030454,-0.0817314255454814,1,1,2,2,2,2,0.136663271921497,0
test_id,DS06_id,4,59,HPT_eff_mod,1,0,0,-0,0,0,0,0,2,2,0.066484693533294,0
test_id,DS06_id,4,59,fan_eff_mod,2,0,0,-0.00154211195285089,0,0,0,0,2,2,0.066484693533294,0
test_id,DS06_id,4,59,fan_flow_mod,3,0,0,-0.00156219276731703,0,0,0,0,2,2,0.066484693533294,0
test_id,DS06_id,4,59,HPC_eff_mod,4,0,-0.0817747127121607,-0.0782782322814932,1,1,2,2,2,2,0.066484693533294,0
test_id,DS06_id,4,59,HPC_flow_mod,5,0,-0.0328858304669257,-0.0427482210275117,1,1,2,2,2,2,0.066484693533294,0
test_id,DS06_id,4,59,LPT_eff_mod,6,0,0,-0.00358587687249126,0,0,0,0,2,2,0.066484693533294,0
test_id,DS06_id,4,59,LPT_flow_mod,7,0,0,-0,0,0,0,0,2,2,0.066484693533294,0
test_id,DS06_id,4,59,LPC_eff_mod,8,0,-0.0490706905085785,-0.035679321951483,1,1,2,2,2,2,0.066484693533294,0
test_id,DS06_id,4,59,LPC_flow_mod,9,0,-0.105936519462256,-0.0950570416762249,1,1,2,2,2,2,0.066484693533294,0
test_id,DS06_id,4,60,HPT_eff_mod,1,0,0,-0,0,0,0,0,2,2,0.137875285852128,0
test_id,DS06_id,4,60,fan_eff_mod,2,0,0,-0.00154211195285089,0,0,0,0,2,2,0.137875285852128,0
test_id,DS06_id,4,60,fan_flow_mod,3,0,0,-0.00156219276731703,0,0,0,0,2,2,0.137875285852128,0
test_id,DS06_id,4,60,HPC_eff_mod,4,0,-0.0831309865628486,-0.079633802678769,1,1,2,2,2,2,0.137875285852128,0
test_id,DS06_id,4,60,HPC_flow_mod,5,0,-0.0307772307408979,-0.0427482210275117,1,1,2,2,2,2,0.137875285852128,0
test_id,DS06_id,4,60,LPT_eff_mod,6,0,0,-0.00358587687249126,0,0,0,0,2,2,0.137875285852128,0
test_id,DS06_id,4,60,LPT_flow_mod,7,0,0,-0,0,0,0,0,2,2,0.137875285852128,0
test_id,DS06_id,4,60,LPC_eff_mod,8,0,-0.0549103615525164,-0.045886303643247,1,1,2,2,2,2,0.137875285852128,0
test_id,DS06_id,4,60,LPC_flow_mod,9,0,-0.113179074069426,-0.0950570416762249,1,1,2,2,2,2,0.137875285852128,0
test_id,DS06_id,4,61,HPT_eff_mod,1,0,0,-0,0,0,0,0,2,2,0.0731564799857188,0
test_id,DS06_id,4,61,fan_eff_mod,2,0,0,-0.00154211195285089,0,0,0,0,2,2,0.0731564799857188,0
test_id,DS06_id,4,61,fan_flow_mod,3,0,0,-0.00156219276731703,0,0,0,0,2,2,0.0731564799857188,0
test_id,DS06_id,4,61,HPC_eff_mod,4,0,-0.0880511605829927,-0.0860739110495469,1,1,2,2,2,2,0.0731564799857188,0
test_id,DS06_id,4,61,HPC_flow_mod,5,0,-0.0357770634432779,-0.0482603896193226,1,1,2,2,2,2,0.0731564799857188,0
test_id,DS06_id,4,61,LPT_eff_mod,6,0,0,-0.00358587687249126,0,0,0,0,2,2,0.0731564799857188,0
test_id,DS06_id,4,61,LPT_flow_mod,7,0,0,-0,0,0,0,0,2,2,0.0731564799857188,0
test_id,DS06_id,4,61,LPC_eff_mod,8,0,-0.0603409141557868,-0.0462365375431262,1,1,2,2,2,2,0.0731564799857188,0
test_id,DS06_id,4,61,LPC_flow_mod,9,0,-0.125494307244387,-0.117311960455426,1,1,2,2,2,2,0.0731564799857188,0
test_id,DS06_id,4,62,HPT_eff_mod,1,0,0,-0,0,0,0,0,2,2,0.0858166176217493,0
test_id,DS06_id,4,62,fan_eff_mod,2,0,0,-0.00154211195285089,0,0,0,0,2,2,0.0858166176217493,0
test_id,DS06_id,4,62,fan_flow_mod,3,0,0,-0.00156219276731703,0,0,0,0,2,2,0.0858166176217493,0
test_id,DS06_id,4,62,HPC_eff_mod,4,0,-0.0962949653051642,-0.091778830323477,1,1,2,2,2,2,0.0858166176217493,0
test_id,DS06_id,4,62,HPC_flow_mod,5,0,-0.0393152201116604,-0.0521979517654455,1,1,2,2,2,2,0.0858166176217493,0
test_id,DS06_id,4,62,LPT_eff_mod,6,0,0,-0.00358587687249126,0,0,0,0,2,2,0.0858166176217493,0
test_id,DS06_id,4,62,LPT_flow_mod,7,0,0,-0,0,0,0,0,2,2,0.0858166176217493,0
test_id,DS06_id,4,62,LPC_eff_mod,8,0,-0.0681853822572207,-0.0573286887713339,1,1,2,2,2,2,0.0858166176217493,0
test_id,DS06_id,4,62,LPC_flow_mod,9,0,-0.129619251202284,-0.121053003957899,1,1,2,2,2,2,0.0858166176217493,0
test_id,DS06_id,4,63,HPT_eff_mod,1,0,0,-0,0,0,0,0,3,2,0.138992037383966,0
test_id,DS06_id,4,63,fan_eff_mod,2,0,0,-0.00154211195285089,0,0,0,0,3,2,0.138992037383966,0
test_id,DS06_id,4,63,fan_flow_mod,3,0,0,-0.00156219276731703,0,0,0,0,3,2,0.138992037383966,0
test_id,DS06_id,4,63,HPC_eff_mod,4,0,-0.0948068373887969,-0.091778830323477,1,1,2,2,3,2,0.138992037383966,0
test_id,DS06_id,4,63,HPC_flow_mod,5,0,-0.039547486633381,-0.0533634487449027,1,1,2,2,3,2,0.138992037383966,0
test_id,DS06_id,4,63,LPT_eff_mod,6,0,0,-0.00358587687249126,0,0,0,0,3,2,0.138992037383966,0
test_id,DS06_id,4,63,LPT_flow_mod,7,0,0,-0,0,0,0,0,3,2,0.138992037383966,0
test_id,DS06_id,4,63,LPC_eff_mod,8,0,-0.073496919683658,-0.0580120445577885,1,1,2,2,3,2,0.138992037383966,0
test_id,DS06_id,4,63,LPC_flow_mod,9,0,-0.142758657414179,-0.121053003957899,1,1,3,2,3,2,0.138992037383966,0
test_id,DS06_id,4,64,HPT_eff_mod,1,0,0,-0,0,0,0,0,3,2,0.106576480358877,0
test_id,DS06_id,4,64,fan_eff_mod,2,0,0,-0.00154211195285089,0,0,0,0,3,2,0.106576480358877,0
test_id,DS06_id,4,64,fan_flow_mod,3,0,0,-0.00156219276731703,0,0,0,0,3,2,0.106576480358877,0
test_id,DS06_id,4,64,HPC_eff_mod,4,0,-0.106232629123845,-0.104348045362872,1,1,2,2,3,2,0.106576480358877,0
test_id,DS06_id,4,64,HPC_flow_mod,5,0,-0.0406513725705037,-0.0577227431641598,1,1,2,2,3,2,0.106576480358877,0
test_id,DS06_id,4,64,LPT_eff_mod,6,0,0,-0.00358587687249126,0,0,0,0,3,2,0.106576480358877,0
test_id,DS06_id,4,64,LPT_flow_mod,7,0,0,-0,0,0,0,0,3,2,0.106576480358877,0
test_id,DS06_id,4,64,LPC_eff_mod,8,0,-0.0817776427532412,-0.0615311517828946,1,1,2,2,3,2,0.106576480358877,0
test_id,DS06_id,4,64,LPC_flow_mod,9,0,-0.159734721792543,-0.131962378988452,1,1,3,2,3,2,0.106576480358877,0
test_id,DS06_id,4,65,HPT_eff_mod,1,0,0,-0,0,0,0,0,3,3,0.0918941269958577,0
test_id,DS06_id,4,65,fan_eff_mod,2,0,0,-0.00154211195285089,0,0,0,0,3,3,0.0918941269958577,0
test_id,DS06_id,4,65,fan_flow_mod,3,0,0,-0.00156219276731703,0,0,0,0,3,3,0.0918941269958577,0
test_id,DS06_id,4,65,HPC_eff_mod,4,0,-0.112848950047127,-0.115947506617271,1,1,2,2,3,3,0.0918941269958577,0
test_id,DS06_id,4,65,HPC_flow_mod,5,0,-0.0410586166157401,-0.0601876175729088,1,1,2,2,3,3,0.0918941269958577,0
test_id,DS06_id,4,65,LPT_eff_mod,6,0,0,-0.00358587687249126,0,0,0,0,3,3,0.0918941269958577,0
test_id,DS06_id,4,65,LPT_flow_mod,7,0,0,-0,0,0,0,0,3,3,0.0918941269958577,0
test_id,DS06_id,4,65,LPC_eff_mod,8,0,-0.0898568690595233,-0.0743726860319667,1,1,2,2,3,3,0.0918941269958577,0
test_id,DS06_id,4,65,LPC_flow_mod,9,0,-0.167037057701717,-0.155085976953834,1,1,3,3,3,3,0.0918941269958577,0
test_id,DS06_id,4,66,HPT_eff_mod,1,0,0,-0,0,0,0,0,3,3,0.124332419395394,0
test_id,DS06_id,4,66,fan_eff_mod,2,0,0,-0.00154211195285089,0,0,0,0,3,3,0.124332419395394,0
test_id,DS06_id,4,66,fan_flow_mod,3,0,0,-0.00184643676158123,0,0,0,0,3,3,0.124332419395394,0
test_id,DS06_id,4,66,HPC_eff_mod,4,0,-0.120958048077804,-0.120919174344694,1,1,2,2,3,3,0.124332419395394,0
test_id,DS06_id,4,66,HPC_flow_mod,5,0,-0.0437997454770477,-0.0601876175729088,1,1,2,2,3,3,0.124332419395394,0
test_id,DS06_id,4,66,LPT_eff_mod,6,0,0,-0.00358587687249126,0,0,0,0,3,3,0.124332419395394,0
test_id,DS06_id,4,66,LPT_flow_mod,7,0,0,-0,0,0,0,0,3,3,0.124332419395394,0
test_id,DS06_id,4,66,LPC_eff_mod,8,0,-0.102819265928512,-0.0750289296012818,1,1,2,2,3,3,0.124332419395394,0
test_id,DS06_id,4,66,LPC_flow_mod,9,0,-0.188027324804565,-0.156035577832261,1,1,3,3,3,3,0.124332419395394,0
test_id,DS06_id,4,67,HPT_eff_mod,1,0,0,-0,0,0,0,0,3,3,0.122297846719027,0
test_id,DS06_id,4,67,fan_eff_mod,2,0,0,-0.00154211195285089,0,0,0,0,3,3,0.122297846719027,0
test_id,DS06_id,4,67,fan_flow_mod,3,0,0,-0.00184643676158123,0,0,0,0,3,3,0.122297846719027,0
test_id,DS06_id,4,67,HPC_eff_mod,4,0,-0.124203881823655,-0.123006104402569,1,1,2,2,3,3,0.122297846719027,0
test_id,DS06_id,4,67,HPC_flow_mod,5,0,-0.0484799392244783,-0.0696794690766074,1,1,2,2,3,3,0.122297846719027,0
test_id,DS06_id,4,67,LPT_eff_mod,6,0,0,-0.00358587687249126,0,0,0,0,3,3,0.122297846719027,0
test_id,DS06_id,4,67,LPT_flow_mod,7,0,0,-0,0,0,0,0,3,3,0.122297846719027,0
test_id,DS06_id,4,67,LPC_eff_mod,8,0,-0.112843428276613,-0.0912695313395086,1,1,2,2,3,3,0.122297846719027,0
test_id,DS06_id,4,67,LPC_flow_mod,9,0,-0.203805296920031,-0.182666721063006,1,1,3,3,3,3,0.122297846719027,0
test_id,DS06_id,4,68,HPT_eff_mod,1,0,0,-0,0,0,0,0,3,3,0.191099576470578,0
test_id,DS06_id,4,68,fan_eff_mod,2,0,0,-0.00154211195285089,0,0,0,0,3,3,0.191099576470578,0
test_id,DS06_id,4,68,fan_flow_mod,3,0,0,-0.00184643676158123,0,0,0,0,3,3,0.191099576470578,0
test_id,DS06_id,4,68,HPC_eff_mod,4,0,-0.131664819817679,-0.129039339013312,1,1,2,2,3,3,0.191099576470578,0
test_id,DS06_id,4,68,HPC_flow_mod,5,0,-0.0519028341278281,-0.0782104509968082,1,1,2,2,3,3,0.191099576470578,0
test_id,DS06_id,4,68,LPT_eff_mod,6,0,0,-0.00358587687249126,0,0,0,0,3,3,0.191099576470578,0
test_id,DS06_id,4,68,LPT_flow_mod,7,0,0,-0,0,0,0,0,3,3,0.191099576470578,0
test_id,DS06_id,4,68,LPC_eff_mod,8,0,-0.126409692034185,-0.103530994916119,1,1,2,2,3,3,0.191099576470578,0
test_id,DS06_id,4,68,LPC_flow_mod,9,0,-0.222512165898146,-0.21025875876082,1,1,3,3,3,3,0.191099576470578,0
test_id,DS06_id,4,69,HPT_eff_mod,1,0,0,-0,0,0,0,0,3,3,0.110833458839994,0
test_id,DS06_id,4,69,fan_eff_mod,2,0,0,-0.00154211195285089,0,0,0,0,3,3,0.110833458839994,0
test_id,DS06_id,4,69,fan_flow_mod,3,0,0,-0.00184643676158123,0,0,0,0,3,3,0.110833458839994,0
test_id,DS06_id,4,69,HPC_eff_mod,4,0,-0.137957615930703,-0.141508244253429,1,1,3,3,3,3,0.110833458839994,0
test_id,DS06_id,4,69,HPC_flow_mod,5,0,-0.0535299550426438,-0.0798305360909182,1,1,2,2,3,3,0.110833458839994,0
test_id,DS06_id,4,69,LPT_eff_mod,6,0,0,-0.00615259188541595,0,0,0,0,3,3,0.110833458839994,0
test_id,DS06_id,4,69,LPT_flow_mod,7,0,0,-0,0,0,0,0,3,3,0.110833458839994,0
test_id,DS06_id,4,69,LPC_eff_mod,8,0,-0.140205313311198,-0.11462924726955,1,1,3,2,3,3,0.110833458839994,0
test_id,DS06_id,4,69,LPC_flow_mod,9,0,-0.233198977032792,-0.218904891056452,1,1,3,3,3,3,0.110833458839994,0
test_id,DS06_id,4,70,HPT_eff_mod,1,0,0,-0,0,0,0,0,3,3,0.103463753131124,0
test_id,DS06_id,4,70,fan_eff_mod,2,0,0,-0.00154211195285089,0,0,0,0,3,3,0.103463753131124,0
test_id,DS06_id,4,70,fan_flow_mod,3,0,0,-0.00184643676158123,0,0,0,0,3,3,0.103463753131124,0
test_id,DS06_id,4,70,HPC_eff_mod,4,0,-0.15498366190922,-0.155974399851119,1,1,3,3,3,3,0.103463753131124,0
test_id,DS06_id,4,70,HPC_flow_mod,5,0,-0.0622854919966731,-0.0890914078224276,1,1,2,2,3,3,0.103463753131124,0
test_id,DS06_id,4,70,LPT_eff_mod,6,0,0,-0.00615259188541595,0,0,0,0,3,3,0.103463753131124,0
test_id,DS06_id,4,70,LPT_flow_mod,7,0,0,-0,0,0,0,0,3,3,0.103463753131124,0
test_id,DS06_id,4,70,LPC_eff_mod,8,0,-0.155238582580932,-0.128968435693096,1,1,3,2,3,3,0.103463753131124,0
test_id,DS06_id,4,70,LPC_flow_mod,9,0,-0.257273438278008,-0.235533862812145,1,1,3,3,3,3,0.103463753131124,0
test_id,DS06_id,4,71,HPT_eff_mod,1,0,0,-0,0,0,0,0,3,3,0.119805934121294,0
test_id,DS06_id,4,71,fan_eff_mod,2,0,0,-0.00154211195285089,0,0,0,0,3,3,0.119805934121294,0
test_id,DS06_id,4,71,fan_flow_mod,3,0,0,-0.00184643676158123,0,0,0,0,3,3,0.119805934121294,0
test_id,DS06_id,4,71,HPC_eff_mod,4,0,-0.157132850455748,-0.15774705273376,1,1,3,3,3,3,0.119805934121294,0
test_id,DS06_id,4,71,HPC_flow_mod,5,0,-0.0597887623563723,-0.0892525159094233,1,1,2,2,3,3,0.119805934121294,0
test_id,DS06_id,4,71,LPT_eff_mod,6,0,0,-0.00615259188541595,0,0,0,0,3,3,0.119805934121294,0
test_id,DS06_id,4,71,LPT_flow_mod,7,0,0,-0,0,0,0,0,3,3,0.119805934121294,0
test_id,DS06_id,4,71,LPC_eff_mod,8,0,-0.173300291550468,-0.145344993750931,1,1,3,3,3,3,0.119805934121294,0
test_id,DS06_id,4,71,LPC_flow_mod,9,0,-0.279433976574474,-0.253718316283506,1,1,3,3,3,3,0.119805934121294,0
test_id,DS06_id,4,72,HPT_eff_mod,1,0,0,-0,0,0,0,0,3,3,0.107910104737409,0
test_id,DS06_id,4,72,fan_eff_mod,2,0,0,-0.00154211195285089,0,0,0,0,3,3,0.107910104737409,0
test_id,DS06_id,4,72,fan_flow_mod,3,0,0,-0.0047557330228095,0,0,0,0,3,3,0.107910104737409,0
test_id,DS06_id,4,72,HPC_eff_mod,4,0,-0.169897299353972,-0.172272576699092,1,1,3,3,3,3,0.107910104737409,0
test_id,DS06_id,4,72,HPC_flow_mod,5,0,-0.0633813710690178,-0.0933823973797036,1,1,2,2,3,3,0.107910104737409,0
test_id,DS06_id,4,72,LPT_eff_mod,6,0,0,-0.00615259188541595,0,0,0,0,3,3,0.107910104737409,0
test_id,DS06_id,4,72,LPT_flow_mod,7,0,0,-0,0,0,0,0,3,3,0.107910104737409,0
test_id,DS06_id,4,72,LPC_eff_mod,8,0,-0.193545920920928,-0.160408933269301,1,1,3,3,3,3,0.107910104737409,0
test_id,DS06_id,4,72,LPC_flow_mod,9,0,-0.307265355992386,-0.280740712178205,1,1,3,3,3,3,0.107910104737409,0
test_id,DS06_id,4,73,HPT_eff_mod,1,0,0,-0,0,0,0,0,3,3,0.170803340527669,0
test_id,DS06_id,4,73,fan_eff_mod,2,0,0,-0.00316593476889643,0,0,0,0,3,3,0.170803340527669,0
test_id,DS06_id,4,73,fan_flow_mod,3,0,0,-0.0047557330228095,0,0,0,0,3,3,0.170803340527669,0
test_id,DS06_id,4,73,HPC_eff_mod,4,0,-0.174160730826564,-0.179198121208178,1,1,3,3,3,3,0.170803340527669,0
test_id,DS06_id,4,73,HPC_flow_mod,5,0,-0.0686398401248076,-0.10412160086748,1,1,2,2,3,3,0.170803340527669,0
test_id,DS06_id,4,73,LPT_eff_mod,6,0,0,-0.00615259188541595,0,0,0,0,3,3,0.170803340527669,0
test_id,DS06_id,4,73,LPT_flow_mod,7,0,0,-0,0,0,0,0,3,3,0.170803340527669,0
test_id,DS06_id,4,73,LPC_eff_mod,8,0,-0.216065326821116,-0.180267420892292,1,1,3,3,3,3,0.170803340527669,0
test_id,DS06_id,4,73,LPC_flow_mod,9,0,-0.332042663836189,-0.320630280096312,1,1,3,3,3,3,0.170803340527669,0
test_id,DS06_id,4,74,HPT_eff_mod,1,0,0,-0,0,0,0,0,3,3,0.208284363558767,0
test_id,DS06_id,4,74,fan_eff_mod,2,0,0,-0.0037857669797017,0,0,0,0,3,3,0.208284363558767,0
test_id,DS06_id,4,74,fan_flow_mod,3,0,0,-0.00710932916845746,0,0,0,0,3,3,0.208284363558767,0
test_id,DS06_id,4,74,HPC_eff_mod,4,0,-0.182277767275463,-0.182984554230008,1,1,3,3,3,3,0.208284363558767,0
test_id,DS06_id,4,74,HPC_flow_mod,5,0,-0.0791637051830145,-0.118117203954856,1,1,2,2,3,3,0.208284363558767,0
test_id,DS06_id,4,74,LPT_eff_mod,6,0,0,-0.00615259188541595,0,0,0,0,3,3,0.208284363558767,0
test_id,DS06_id,4,74,LPT_flow_mod,7,0,0,-0,0,0,0,0,3,3,0.208284363558767,0
test_id,DS06_id,4,74,LPC_eff_mod,8,0,-0.24019714857334,-0.188668613750829,1,1,3,3,3,3,0.208284363558767,0
test_id,DS06_id,4,74,LPC_flow_mod,9,0,-0.361339086819396,-0.335669081315426,1,1,3,3,3,3,0.208284363558767,0
test_id,DS06_id,4,75,HPT_eff_mod,1,0,0,-0,0,0,0,0,3,3,0.22352163081825,0
test_id,DS06_id,4,75,fan_eff_mod,2,0,0,-0.0037857669797017,0,0,0,0,3,3,0.22352163081825,0
test_id,DS06_id,4,75,fan_flow_mod,3,0,0,-0.00710932916845746,0,0,0,0,3,3,0.22352163081825,0
test_id,DS06_id,4,75,HPC_eff_mod,4,0,-0.202368446624974,-0.204740454788141,1,1,3,3,3,3,0.22352163081825,0
test_id,DS06_id,4,75,HPC_flow_mod,5,0,-0.0744029917928666,-0.118117203954856,1,1,2,2,3,3,0.22352163081825,0
test_id,DS06_id,4,75,LPT_eff_mod,6,0,0,-0.0111576827045533,0,0,0,0,3,3,0.22352163081825,0
test_id,DS06_id,4,75,LPT_flow_mod,7,0,0,-0,0,0,0,0,3,3,0.22352163081825,0
test_id,DS06_id,4,75,LPC_eff_mod,8,0,-0.269210438144253,-0.197272032111006,1,1,3,3,3,3,0.22352163081825,0
test_id,DS06_id,4,75,LPC_flow_mod,9,0,-0.385891926401133,-0.351420214059905,1,1,3,3,3,3,0.22352163081825,0
test_id,DS06_id,4,76,HPT_eff_mod,1,0,0,-0,0,0,0,0,3,3,0.138270752134991,0
test_id,DS06_id,4,76,fan_eff_mod,2,0,0,-0.00445137860274668,0,0,0,0,3,3,0.138270752134991,0
test_id,DS06_id,4,76,fan_flow_mod,3,0,0,-0.00710932916845746,0,1,0,1,3,3,0.138270752134991,0
test_id,DS06_id,4,76,HPC_eff_mod,4,0,-0.212600022969091,-0.205757456541861,1,1,3,3,3,3,0.138270752134991,0
test_id,DS06_id,4,76,HPC_flow_mod,5,0,-0.0816866248878922,-0.122742578107839,1,1,2,2,3,3,0.138270752134991,0
test_id,DS06_id,4,76,LPT_eff_mod,6,0,0,-0.0123343830230269,0,0,0,0,3,3,0.138270752134991,0
test_id,DS06_id,4,76,LPT_flow_mod,7,0,0,-0,0,0,0,0,3,3,0.138270752134991,0
test_id,DS06_id,4,76,LPC_eff_mod,8,0,-0.302339548818825,-0.251709308148568,1,1,3,3,3,3,0.138270752134991,0
test_id,DS06_id,4,76,LPC_flow_mod,9,0,-0.419598980096474,-0.386226243869946,1,1,3,3,3,3,0.138270752134991,0
test_id,DS06_id,4,77,HPT_eff_mod,1,0,0,-0,0,0,0,0,3,3,0.209063885394831,0
test_id,DS06_id,4,77,fan_eff_mod,2,0,0,-0.00445137860274668,0,1,0,1,3,3,0.209063885394831,0
test_id,DS06_id,4,77,fan_flow_mod,3,0,0,-0.00710932916845746,0,1,0,1,3,3,0.209063885394831,0
test_id,DS06_id,4,77,HPC_eff_mod,4,0,-0.230401352405514,-0.234786079155192,1,1,3,3,3,3,0.209063885394831,0
test_id,DS06_id,4,77,HPC_flow_mod,5,0,-0.0869942709544091,-0.133692670309362,1,1,2,3,3,3,0.209063885394831,0
test_id,DS06_id,4,77,LPT_eff_mod,6,0,0,-0.0123343830230269,0,0,0,0,3,3,0.209063885394831,0
test_id,DS06_id,4,77,LPT_flow_mod,7,0,0,-0,0,0,0,0,3,3,0.209063885394831,0
test_id,DS06_id,4,77,LPC_eff_mod,8,0,-0.339458625948872,-0.282156022144132,1,1,3,3,3,3,0.209063885394831,0
test_id,DS06_id,4,77,LPC_flow_mod,9,0,-0.463941869352802,-0.434435009404498,1,1,3,3,3,3,0.209063885394831,0
test_id,DS06_id,4,78,HPT_eff_mod,1,0,0,-0,0,0,0,0,3,3,0.284606428092798,0
test_id,DS06_id,4,78,fan_eff_mod,2,0,0,-0.00445137860274668,0,1,0,1,3,3,0.284606428092798,0
test_id,DS06_id,4,78,fan_flow_mod,3,0,0,-0.00966743791686776,0,1,0,1,3,3,0.284606428092798,0
test_id,DS06_id,4,78,HPC_eff_mod,4,0,-0.242897291059572,-0.241601416269026,1,1,3,3,3,3,0.284606428092798,0
test_id,DS06_id,4,78,HPC_flow_mod,5,0,-0.0977860615728738,-0.149998524817357,1,1,2,3,3,3,0.284606428092798,0
test_id,DS06_id,4,78,LPT_eff_mod,6,0,0,-0.0123343830230269,0,0,0,0,3,3,0.284606428092798,0
test_id,DS06_id,4,78,LPT_flow_mod,7,0,0,-0,0,0,0,0,3,3,0.284606428092798,0
test_id,DS06_id,4,78,LPC_eff_mod,8,0,-0.379619533690307,-0.308584577918324,1,1,3,3,3,3,0.284606428092798,0
test_id,DS06_id,4,78,LPC_flow_mod,9,0,-0.49721147785655,-0.470878115648886,1,1,3,3,3,3,0.284606428092798,0
test_id,DS06_id,4,79,HPT_eff_mod,1,0,0,-0,0,0,0,0,3,3,0.295546272612358,0
test_id,DS06_id,4,79,fan_eff_mod,2,0,0,-0.00445137860274668,0,1,0,1,3,3,0.295546272612358,0
test_id,DS06_id,4,79,fan_flow_mod,3,0,0,-0.00966743791686776,0,1,0,1,3,3,0.295546272612358,0
test_id,DS06_id,4,79,HPC_eff_mod,4,0,-0.26013630228619,-0.263830972232686,1,1,3,3,3,3,0.295546272612358,0
test_id,DS06_id,4,79,HPC_flow_mod,5,0,-0.0957468654370535,-0.149998524817357,1,1,2,3,3,3,0.295546272612358,0
test_id,DS06_id,4,79,LPT_eff_mod,6,0,0,-0.0173197797072722,0,1,0,1,3,3,0.295546272612358,0
test_id,DS06_id,4,79,LPT_flow_mod,7,0,0,-0,0,0,0,0,3,3,0.295546272612358,0
test_id,DS06_id,4,79,LPC_eff_mod,8,0,-0.426920439208733,-0.364586964825658,1,1,3,3,3,3,0.295546272612358,0
test_id,DS06_id,4,79,LPC_flow_mod,9,0,-0.541563239675949,-0.529625868066184,1,1,3,3,3,3,0.295546272612358,0
test_id,DS06_id,4,80,HPT_eff_mod,1,0,0,-0,0,0,0,0,3,3,0.27468856712779,0
test_id,DS06_id,4,80,fan_eff_mod,2,0,0,-0.00445137860274668,0,1,0,1,3,3,0.27468856712779,0
test_id,DS06_id,4,80,fan_flow_mod,3,0,0,-0.00966743791686776,0,1,0,1,3,3,0.27468856712779,0
test_id,DS06_id,4,80,HPC_eff_mod,4,0,-0.27561151344926,-0.275627668516718,1,1,3,3,3,3,0.27468856712779,0
test_id,DS06_id,4,80,HPC_flow_mod,5,0,-0.103884266494775,-0.158899721055866,1,1,2,3,3,3,0.27468856712779,0
test_id,DS06_id,4,80,LPT_eff_mod,6,0,0,-0.0217803914077887,0,1,0,2,3,3,0.27468856712779,0
test_id,DS06_id,4,80,LPT_flow_mod,7,0,0,-0,0,0,0,0,3,3,0.27468856712779,0
test_id,DS06_id,4,80,LPC_eff_mod,8,0,-0.478718236509556,-0.404929688268598,1,1,3,3,3,3,0.27468856712779,0
test_id,DS06_id,4,80,LPC_flow_mod,9,0,-0.582719657916785,-0.546819485595355,1,1,3,3,3,3,0.27468856712779,0
test_id,DS06_id,4,81,HPT_eff_mod,1,0,0,-0,0,0,0,0,3,3,0.318029177958072,0
test_id,DS06_id,4,81,fan_eff_mod,2,0,0,-0.00445137860274668,0,1,0,1,3,3,0.318029177958072,0
test_id,DS06_id,4,81,fan_flow_mod,3,0,0,-0.0110567068596718,0,1,0,1,3,3,0.318029177958072,0
test_id,DS06_id,4,81,HPC_eff_mod,4,0,-0.281285616758544,-0.277393162078905,1,1,3,3,3,3,0.318029177958072,0
test_id,DS06_id,4,81,HPC_flow_mod,5,0,-0.100108202788271,-0.159975285270839,1,1,2,3,3,3,0.318029177958072,0
test_id,DS06_id,4,81,LPT_eff_mod,6,0,0,-0.0242396913005805,0,1,0,2,3,3,0.318029177958072,0
test_id,DS06_id,4,81,LPT_flow_mod,7,0,0,-0,0,0,0,0,3,3,0.318029177958072,0
test_id,DS06_id,4,81,LPC_eff_mod,8,0,-0.539587526802757,-0.456907941514186,1,1,3,3,3,3,0.318029177958072,0
test_id,DS06_id,4,81,LPC_flow_mod,9,0,-0.643339774123341,-0.621007848832516,1,1,3,3,3,3,0.318029177958072,0
test_id,DS06_id,4,82,HPT_eff_mod,1,0,0,-0,0,0,0,0,3,3,0.34760158641218,0
test_id,DS06_id,4,82,fan_eff_mod,2,0,0,-0.00445137860274668,0,1,0,1,3,3,0.34760158641218,0
test_id,DS06_id,4,82,fan_flow_mod,3,0,0,-0.0110567068596718,0,1,0,1,3,3,0.34760158641218,0
test_id,DS06_id,4,82,HPC_eff_mod,4,0,-0.310594365626517,-0.293879846685454,1,1,3,3,3,3,0.34760158641218,0
test_id,DS06_id,4,82,HPC_flow_mod,5,0,-0.111877811335102,-0.16941125401836,1,1,2,3,3,3,0.34760158641218,0
test_id,DS06_id,4,82,LPT_eff_mod,6,0,0,-0.029291138948449,0,1,0,2,3,3,0.34760158641218,0
test_id,DS06_id,4,82,LPT_flow_mod,7,0,0,-0,0,0,0,0,3,3,0.34760158641218,0
test_id,DS06_id,4,82,LPC_eff_mod,8,0,-0.608825001630292,-0.494471096367908,1,1,3,3,3,3,0.34760158641218,0
test_id,DS06_id,4,82,LPC_flow_mod,9,0,-0.692960990451758,-0.621007848832516,1,1,3,3,3,3,0.34760158641218,0
test_id,DS06_id,4,83,HPT_eff_mod,1,0,0,-0,0,0,0,0,3,3,0.390191990406603,0
test_id,DS06_id,4,83,fan_eff_mod,2,0,0,-0.00445137860274668,0,1,0,1,3,3,0.390191990406603,0
test_id,DS06_id,4,83,fan_flow_mod,3,0,0,-0.0134775471558208,0,1,0,1,3,3,0.390191990406603,0
test_id,DS06_id,4,83,HPC_eff_mod,4,0,-0.326027049006038,-0.314496755592502,1,1,3,3,3,3,0.390191990406603,0
test_id,DS06_id,4,83,HPC_flow_mod,5,0,-0.112656673229727,-0.178275249233224,1,1,2,3,3,3,0.390191990406603,0
test_id,DS06_id,4,83,LPT_eff_mod,6,0,0,-0.0359309678702934,0,1,0,2,3,3,0.390191990406603,0
test_id,DS06_id,4,83,LPT_flow_mod,7,0,0,-0,0,0,0,0,3,3,0.390191990406603,0
test_id,DS06_id,4,83,LPC_eff_mod,8,0,-0.685049125617856,-0.578221546248029,1,1,3,3,3,3,0.390191990406603,0
test_id,DS06_id,4,83,LPC_flow_mod,9,0,-0.761698500418589,-0.727286523515568,1,1,3,3,3,3,0.390191990406603,0
test_id,DS06_id,4,84,HPT_eff_mod,1,0,0,-0,0,0,0,0,3,3,0.429793478618851,0
test_id,DS06_id,4,84,fan_eff_mod,2,0,0,-0.00456379947551466,0,1,0,1,3,3,0.429793478618851,0
test_id,DS06_id,4,84,fan_flow_mod,3,0,0,-0.0146851926416863,0,1,0,1,3,3,0.429793478618851,0
test_id,DS06_id,4,84,HPC_eff_mod,4,0,-0.345794448675724,-0.330669543586648,1,1,3,3,3,3,0.429793478618851,0
test_id,DS06_id,4,84,HPC_flow_mod,5,0,-0.120245816651175,-0.1891098541458,1,1,2,3,3,3,0.429793478618851,0
test_id,DS06_id,4,84,LPT_eff_mod,6,0,0,-0.0387987993729365,0,1,0,2,3,3,0.429793478618851,0
test_id,DS06_id,4,84,LPT_flow_mod,7,0,0,-0,0,0,0,0,3,3,0.429793478618851,0
test_id,DS06_id,4,84,LPC_eff_mod,8,0,-0.774998452710148,-0.664735834890154,1,1,3,3,3,3,0.429793478618851,0
test_id,DS06_id,4,84,LPC_flow_mod,9,0,-0.819351621988121,-0.790619636329979,1,1,3,3,3,3,0.429793478618851,0
test_id,DS06_id,4,85,HPT_eff_mod,1,0,0,-0,0,0,0,0,3,3,0.527401945468837,0
test_id,DS06_id,4,85,fan_eff_mod,2,0,0,-0.0052530407324106,0,1,0,1,3,3,0.527401945468837,0
test_id,DS06_id,4,85,fan_flow_mod,3,0,0,-0.0158167164320348,0,1,0,1,3,3,0.527401945468837,0
test_id,DS06_id,4,85,HPC_eff_mod,4,0,-0.368783677891227,-0.359677446949637,1,1,3,3,3,3,0.527401945468837,0
test_id,DS06_id,4,85,HPC_flow_mod,5,0,-0.134257553308993,-0.21628813892118,1,1,3,3,3,3,0.527401945468837,0
test_id,DS06_id,4,85,LPT_eff_mod,6,0,0,-0.0387987993729365,0,1,0,2,3,3,0.527401945468837,0
test_id,DS06_id,4,85,LPT_flow_mod,7,0,0,-0,0,0,0,0,3,3,0.527401945468837,0
test_id,DS06_id,4,85,LPC_eff_mod,8,0,-0.875310004452095,-0.730452370075597,1,1,3,3,3,3,0.527401945468837,0
test_id,DS06_id,4,85,LPC_flow_mod,9,0,-0.902373946866868,-0.872482500950302,1,1,3,3,3,3,0.527401945468837,0
test_id,DS06_id,4,86,HPT_eff_mod,1,0,0,-0,0,0,0,0,3,3,0.567369432984768,0
test_id,DS06_id,4,86,fan_eff_mod,2,0,0,-0.0052530407324106,0,1,0,1,3,3,0.567369432984768,0
test_id,DS06_id,4,86,fan_flow_mod,3,0,0,-0.021251151241746,0,1,0,2,3,3,0.567369432984768,0
test_id,DS06_id,4,86,HPC_eff_mod,4,0,-0.3983408619981,-0.37546935728858,1,1,3,3,3,3,0.567369432984768,0
test_id,DS06_id,4,86,HPC_flow_mod,5,0,-0.140175234709222,-0.221309068737081,1,1,3,3,3,3,0.567369432984768,0
test_id,DS06_id,4,86,LPT_eff_mod,6,0,0,-0.0583708146145334,0,1,0,2,3,3,0.567369432984768,0
test_id,DS06_id,4,86,LPT_flow_mod,7,0,0,-0,0,0,0,0,3,3,0.567369432984768,0
test_id,DS06_id,4,86,LPC_eff_mod,8,0,-0.990663334529776,-0.837661845486033,1,1,3,3,3,3,0.567369432984768,0
test_id,DS06_id,4,86,LPC_flow_mod,9,0,-0.974644865703234,-0.919053418944019,1,1,3,3,3,3,0.567369432984768,0
test_id,DS06_id,4,87,HPT_eff_mod,1,0,0,-0,0,0,0,0,3,3,0.555840897915066,0
test_id,DS06_id,4,87,fan_eff_mod,2,0,0,-0.0052530407324106,0,1,0,1,3,3,0.555840897915066,0
test_id,DS06_id,4,87,fan_flow_mod,3,0,0,-0.0227373203888344,0,1,0,2,3,3,0.555840897915066,0
test_id,DS06_id,4,87,HPC_eff_mod,4,0,-0.417581243595497,-0.390785524034318,1,1,3,3,3,3,0.555840897915066,0
test_id,DS06_id,4,87,HPC_flow_mod,5,0,-0.142743249450373,-0.223757554120509,1,1,3,3,3,3,0.555840897915066,0
test_id,DS06_id,4,87,LPT_eff_mod,6,0,0,-0.0583708146145334,0,1,0,2,3,3,0.555840897915066,0
test_id,DS06_id,4,87,LPT_flow_mod,7,0,0,-0,0,0,0,0,3,3,0.555840897915066,0
test_id,DS06_id,4,87,LPC_eff_mod,8,0,-1.12184891038788,-1.01756276112879,1,1,3,3,3,3,0.555840897915066,0
test_id,DS06_id,4,87,LPC_flow_mod,9,0,-1.06043895194038,-1.03535856226009,1,1,3,3,3,3,0.555840897915066,0
ood_combo,DS02,11,1,HPT_eff_mod,1,1,-0.00443683234291347,-0.000230149545046026,0,0,0,0,0,0,0.16625348892787,0
ood_combo,DS02,11,1,fan_eff_mod,2,1,0,-0,0,0,0,0,0,0,0.16625348892787,0
ood_combo,DS02,11,1,fan_flow_mod,3,1,0,-0,0,0,0,0,0,0,0.16625348892787,0
ood_combo,DS02,11,1,HPC_eff_mod,4,1,0,-0,0,0,0,0,0,0,0.16625348892787,0
ood_combo,DS02,11,1,HPC_flow_mod,5,1,0,-0,0,0,0,0,0,0,0.16625348892787,0
ood_combo,DS02,11,1,LPT_eff_mod,6,1,-0.00169828788019301,-0.000432941315631812,0,0,0,0,0,0,0.16625348892787,0
ood_combo,DS02,11,1,LPT_flow_mod,7,1,0.00142161148231883,-0,0,0,0,0,0,0,0.16625348892787,0
ood_combo,DS02,11,1,LPC_eff_mod,8,1,0,-0,0,0,0,0,0,0,0.16625348892787,0
ood_combo,DS02,11,1,LPC_flow_mod,9,1,0,-0,0,0,0,0,0,0,0.16625348892787,0
ood_combo,DS02,11,2,HPT_eff_mod,1,1,0.00779835251880204,-0.000230149545046026,0,0,0,0,0,0,0.191163732911879,0
ood_combo,DS02,11,2,fan_eff_mod,2,1,0,-0,0,0,0,0,0,0,0.191163732911879,0
ood_combo,DS02,11,2,fan_flow_mod,3,1,0,-0.00107371766901122,0,0,0,0,0,0,0.191163732911879,0
ood_combo,DS02,11,2,HPC_eff_mod,4,1,0,-0,0,0,0,0,0,0,0.191163732911879,0
ood_combo,DS02,11,2,HPC_flow_mod,5,1,0,-0,0,0,0,0,0,0,0.191163732911879,0
ood_combo,DS02,11,2,LPT_eff_mod,6,1,0.00305546695619007,-0.000432941315631812,0,0,0,0,0,0,0.191163732911879,0
ood_combo,DS02,11,2,LPT_flow_mod,7,1,-0.00426735718455123,-0,0,0,0,0,0,0,0.191163732911879,0
ood_combo,DS02,11,2,LPC_eff_mod,8,1,0,-0,0,0,0,0,0,0,0.191163732911879,0
ood_combo,DS02,11,2,LPC_flow_mod,9,1,0,-0,0,0,0,0,0,0,0.191163732911879,0
ood_combo,DS02,11,3,HPT_eff_mod,1,1,-0.00336152017588771,-0.000230149545046026,0,0,0,0,0,0,0.147460669154962,0
ood_combo,DS02,11,3,fan_eff_mod,2,1,0,-0,0,0,0,0,0,0,0.147460669154962,0
ood_combo,DS02,11,3,fan_flow_mod,3,1,0,-0.00107371766901122,0,0,0,0,0,0,0.147460669154962,0
ood_combo,DS02,11,3,HPC_eff_mod,4,1,0,-0,0,0,0,0,0,0,0.147460669154962,0
ood_combo,DS02,11,3,HPC_flow_mod,5,1,0,-0,0,0,0,0,0,0,0.147460669154962,0
ood_combo,DS02,11,3,LPT_eff_mod,6,1,-0.00135717907599673,-0.000432941315631812,0,0,0,0,0,0,0.147460669154962,0
ood_combo,DS02,11,3,LPT_flow_mod,7,1,0.0028457457022318,-0,0,0,0,0,0,0,0.147460669154962,0
ood_combo,DS02,11,3,LPC_eff_mod,8,1,0,-0,0,0,0,0,0,0,0.147460669154962,0
ood_combo,DS02,11,3,LPC_flow_mod,9,1,0,-0,0,0,0,0,0,0,0.147460669154962,0
ood_combo,DS02,11,4,HPT_eff_mod,1,1,-0.00533339064244089,-0.000230149545046026,0,0,0,0,0,0,0.118050137961086,0
ood_combo,DS02,11,4,fan_eff_mod,2,1,0,-0,0,0,0,0,0,0,0.118050137961086,0
ood_combo,DS02,11,4,fan_flow_mod,3,1,0,-0.00107371766901122,0,0,0,0,0,0,0.118050137961086,0
ood_combo,DS02,11,4,HPC_eff_mod,4,1,0,-0,0,0,0,0,0,0,0.118050137961086,0
ood_combo,DS02,11,4,HPC_flow_mod,5,1,0,-0,0,0,0,0,0,0,0.118050137961086,0
ood_combo,DS02,11,4,LPT_eff_mod,6,1,-0.00244712083544048,-0.000432941315631812,0,0,0,0,0,0,0.118050137961086,0
ood_combo,DS02,11,4,LPT_flow_mod,7,1,-0.00908879396050109,-0.026050914499762,0,0,0,0,0,0,0.118050137961086,0
ood_combo,DS02,11,4,LPC_eff_mod,8,1,0,-0,0,0,0,0,0,0,0.118050137961086,0
ood_combo,DS02,11,4,LPC_flow_mod,9,1,0,-0,0,0,0,0,0,0,0.118050137961086,0
ood_combo,DS02,11,5,HPT_eff_mod,1,1,-0.0106269585910242,-0.000230149545046026,0,0,0,0,0,0,0.122901491811135,0
ood_combo,DS02,11,5,fan_eff_mod,2,1,0,-0,0,0,0,0,0,0,0.122901491811135,0
ood_combo,DS02,11,5,fan_flow_mod,3,1,0,-0.00107371766901122,0,0,0,0,0,0,0.122901491811135,0
ood_combo,DS02,11,5,HPC_eff_mod,4,1,0,-0,0,0,0,0,0,0,0.122901491811135,0
ood_combo,DS02,11,5,HPC_flow_mod,5,1,0,-0,0,0,0,0,0,0,0.122901491811135,0
ood_combo,DS02,11,5,LPT_eff_mod,6,1,0.0055632238440038,-0.000432941315631812,0,0,0,0,0,0,0.122901491811135,0
ood_combo,DS02,11,5,LPT_flow_mod,7,1,-0.00598035254951349,-0.026050914499762,0,0,0,0,0,0,0.122901491811135,0
ood_combo,DS02,11,5,LPC_eff_mod,8,1,0,-0,0,0,0,0,0,0,0.122901491811135,0
ood_combo,DS02,11,5,LPC_flow_mod,9,1,0,-0,0,0,0,0,0,0,0.122901491811135,0
ood_combo,DS02,11,6,HPT_eff_mod,1,1,2.57016340230523e-05,-0.000230149545046026,0,0,0,0,0,0,0.141467675811666,0
ood_combo,DS02,11,6,fan_eff_mod,2,1,0,-0,0,0,0,0,0,0,0.141467675811666,0
ood_combo,DS02,11,6,fan_flow_mod,3,1,0,-0.00107371766901122,0,0,0,0,0,0,0.141467675811666,0
ood_combo,DS02,11,6,HPC_eff_mod,4,1,0,-0,0,0,0,0,0,0,0.141467675811666,0
ood_combo,DS02,11,6,HPC_flow_mod,5,1,0,-0,0,0,0,0,0,0,0.141467675811666,0
ood_combo,DS02,11,6,LPT_eff_mod,6,1,0.00445366212889056,-0.000800774147742639,0,0,0,0,0,0,0.141467675811666,0
ood_combo,DS02,11,6,LPT_flow_mod,7,1,-0.00147936273726544,-0.026050914499762,0,0,0,0,0,0,0.141467675811666,0
ood_combo,DS02,11,6,LPC_eff_mod,8,1,0,-0,0,0,0,0,0,0,0.141467675811666,0
ood_combo,DS02,11,6,LPC_flow_mod,9,1,0,-0,0,0,0,0,0,0,0.141467675811666,0
ood_combo,DS02,11,7,HPT_eff_mod,1,1,-0.0170178940115712,-0.00146809979813949,0,0,0,0,0,0,0.149969954770243,0
ood_combo,DS02,11,7,fan_eff_mod,2,1,0,-0,0,0,0,0,0,0,0.149969954770243,0
ood_combo,DS02,11,7,fan_flow_mod,3,1,0,-0.00107371766901122,0,0,0,0,0,0,0.149969954770243,0
ood_combo,DS02,11,7,HPC_eff_mod,4,1,0,-0,0,0,0,0,0,0,0.149969954770243,0
ood_combo,DS02,11,7,HPC_flow_mod,5,1,0,-0,0,0,0,0,0,0,0.149969954770243,0
ood_combo,DS02,11,7,LPT_eff_mod,6,1,-0.00103131012265579,-0.0066305368117086,0,0,0,0,0,0,0.149969954770243,0
ood_combo,DS02,11,7,LPT_flow_mod,7,1,-0.00946060088455968,-0.026050914499762,0,0,0,0,0,0,0.149969954770243,0
ood_combo,DS02,11,7,LPC_eff_mod,8,1,0,-0,0,0,0,0,0,0,0.149969954770243,0
ood_combo,DS02,11,7,LPC_flow_mod,9,1,0,-0,0,0,0,0,0,0,0.149969954770243,0
ood_combo,DS02,11,8,HPT_eff_mod,1,1,-0.0121704483773328,-0.00146809979813949,0,0,0,0,0,2,0.204411537790129,0
ood_combo,DS02,11,8,fan_eff_mod,2,1,0,-0,0,0,0,0,0,2,0.204411537790129,0
ood_combo,DS02,11,8,fan_flow_mod,3,1,0,-0.00107371766901122,0,0,0,0,0,2,0.204411537790129,0
ood_combo,DS02,11,8,HPC_eff_mod,4,1,0,-0,0,0,0,0,0,2,0.204411537790129,0
ood_combo,DS02,11,8,HPC_flow_mod,5,1,0,-0,0,0,0,0,0,2,0.204411537790129,0
ood_combo,DS02,11,8,LPT_eff_mod,6,1,-0.00619404922987989,-0.0066305368117086,0,0,0,0,0,2,0.204411537790129,0
ood_combo,DS02,11,8,LPT_flow_mod,7,1,-0.00817953682021547,-0.0317718659525159,0,1,0,2,0,2,0.204411537790129,0
ood_combo,DS02,11,8,LPC_eff_mod,8,1,0,-0,0,0,0,0,0,2,0.204411537790129,0
ood_combo,DS02,11,8,LPC_flow_mod,9,1,0,-0.0011250895355157,0,0,0,0,0,2,0.204411537790129,0
ood_combo,DS02,11,9,HPT_eff_mod,1,1,-0.0180410731498191,-0.00146809979813949,0,0,0,0,0,2,0.257546063016629,0
ood_combo,DS02,11,9,fan_eff_mod,2,1,0,-0,0,0,0,0,0,2,0.257546063016629,0
ood_combo,DS02,11,9,fan_flow_mod,3,1,0,-0.00107371766901122,0,0,0,0,0,2,0.257546063016629,0
ood_combo,DS02,11,9,HPC_eff_mod,4,1,0,-0,0,0,0,0,0,2,0.257546063016629,0
ood_combo,DS02,11,9,HPC_flow_mod,5,1,0,-0,0,0,0,0,0,2,0.257546063016629,0
ood_combo,DS02,11,9,LPT_eff_mod,6,1,0.000975888557650641,-0.0066305368117086,0,0,0,0,0,2,0.257546063016629,0
ood_combo,DS02,11,9,LPT_flow_mod,7,1,-0.00248784946456271,-0.0317718659525159,0,1,0,2,0,2,0.257546063016629,0
ood_combo,DS02,11,9,LPC_eff_mod,8,1,0,-0,0,0,0,0,0,2,0.257546063016629,0
ood_combo,DS02,11,9,LPC_flow_mod,9,1,0,-0.0011250895355157,0,0,0,0,0,2,0.257546063016629,0
ood_combo,DS02,11,10,HPT_eff_mod,1,1,-0.00440830270879996,-0.00146809979813949,0,0,0,0,0,2,0.15899686613861,0
ood_combo,DS02,11,10,fan_eff_mod,2,1,0,-0,0,0,0,0,0,2,0.15899686613861,0
ood_combo,DS02,11,10,fan_flow_mod,3,1,0,-0.00107371766901122,0,0,0,0,0,2,0.15899686613861,0
ood_combo,DS02,11,10,HPC_eff_mod,4,1,0,-0,0,0,0,0,0,2,0.15899686613861,0
ood_combo,DS02,11,10,HPC_flow_mod,5,1,0,-0,0,0,0,0,0,2,0.15899686613861,0
ood_combo,DS02,11,10,LPT_eff_mod,6,1,-0.00434389127774663,-0.0066305368117086,0,0,0,0,0,2,0.15899686613861,0
ood_combo,DS02,11,10,LPT_flow_mod,7,1,-0.0124789300412306,-0.0318085078103471,0,1,0,2,0,2,0.15899686613861,0
ood_combo,DS02,11,10,LPC_eff_mod,8,1,0,-0,0,0,0,0,0,2,0.15899686613861,0
ood_combo,DS02,11,10,LPC_flow_mod,9,1,0,-0.0011250895355157,0,0,0,0,0,2,0.15899686613861,0
ood_combo,DS02,11,11,HPT_eff_mod,1,1,-0.0198279421705293,-0.00146809979813949,0,1,0,1,0,2,0.131885959449503,0
ood_combo,DS02,11,11,fan_eff_mod,2,1,0,-0,0,0,0,0,0,2,0.131885959449503,0
ood_combo,DS02,11,11,fan_flow_mod,3,1,0,-0.00107371766901122,0,0,0,0,0,2,0.131885959449503,0
ood_combo,DS02,11,11,HPC_eff_mod,4,1,0,-0,0,0,0,0,0,2,0.131885959449503,0
ood_combo,DS02,11,11,HPC_flow_mod,5,1,0,-0,0,0,0,0,0,2,0.131885959449503,0
ood_combo,DS02,11,11,LPT_eff_mod,6,1,-0.00381746411890683,-0.0066305368117086,0,0,0,0,0,2,0.131885959449503,0
ood_combo,DS02,11,11,LPT_flow_mod,7,1,-0.00741683501412613,-0.0376109180067458,0,1,0,2,0,2,0.131885959449503,0
ood_combo,DS02,11,11,LPC_eff_mod,8,1,0,-0,0,0,0,0,0,2,0.131885959449503,0
ood_combo,DS02,11,11,LPC_flow_mod,9,1,0,-0.0011250895355157,0,0,0,0,0,2,0.131885959449503,0
ood_combo,DS02,11,12,HPT_eff_mod,1,1,-0.00933083729440753,-0.00146809979813949,0,1,0,1,0,2,0.284810322003571,0
ood_combo,DS02,11,12,fan_eff_mod,2,1,0,-0,0,0,0,0,0,2,0.284810322003571,0
ood_combo,DS02,11,12,fan_flow_mod,3,1,0,-0.00107371766901122,0,0,0,0,0,2,0.284810322003571,0
ood_combo,DS02,11,12,HPC_eff_mod,4,1,0,-0,0,0,0,0,0,2,0.284810322003571,0
ood_combo,DS02,11,12,HPC_flow_mod,5,1,0,-0,0,0,0,0,0,2,0.284810322003571,0
ood_combo,DS02,11,12,LPT_eff_mod,6,1,-0.00351580549120779,-0.0066305368117086,0,0,0,0,0,2,0.284810322003571,0
ood_combo,DS02,11,12,LPT_flow_mod,7,1,-0.00784200948615315,-0.0376109180067458,0,1,0,2,0,2,0.284810322003571,0
ood_combo,DS02,11,12,LPC_eff_mod,8,1,0,-0,0,0,0,0,0,2,0.284810322003571,0
ood_combo,DS02,11,12,LPC_flow_mod,9,1,0,-0.0011250895355157,0,0,0,0,0,2,0.284810322003571,0
ood_combo,DS02,11,13,HPT_eff_mod,1,1,-0.0119628214806164,-0.00146809979813949,0,1,0,1,0,2,0.212958919766817,0
ood_combo,DS02,11,13,fan_eff_mod,2,1,0,-0,0,0,0,0,0,2,0.212958919766817,0
ood_combo,DS02,11,13,fan_flow_mod,3,1,0,-0.00107371766901122,0,0,0,0,0,2,0.212958919766817,0
ood_combo,DS02,11,13,HPC_eff_mod,4,1,0,-0,0,0,0,0,0,2,0.212958919766817,0
ood_combo,DS02,11,13,HPC_flow_mod,5,1,0,-0,0,0,0,0,0,2,0.212958919766817,0
ood_combo,DS02,11,13,LPT_eff_mod,6,1,-0.00164564316895242,-0.0066305368117086,0,0,0,0,0,2,0.212958919766817,0
ood_combo,DS02,11,13,LPT_flow_mod,7,1,-0.00943082340608867,-0.0376109180067458,0,1,0,2,0,2,0.212958919766817,0
ood_combo,DS02,11,13,LPC_eff_mod,8,1,0,-0,0,0,0,0,0,2,0.212958919766817,0
ood_combo,DS02,11,13,LPC_flow_mod,9,1,0,-0.0011250895355157,0,0,0,0,0,2,0.212958919766817,0
ood_combo,DS02,11,14,HPT_eff_mod,1,1,-0.0126819635193693,-0.00146809979813949,0,1,0,1,0,2,0.106376989277607,0
ood_combo,DS02,11,14,fan_eff_mod,2,1,0,-0,0,0,0,0,0,2,0.106376989277607,0
ood_combo,DS02,11,14,fan_flow_mod,3,1,0,-0.00107371766901122,0,0,0,0,0,2,0.106376989277607,0
ood_combo,DS02,11,14,HPC_eff_mod,4,1,0,-0,0,0,0,0,0,2,0.106376989277607,0
ood_combo,DS02,11,14,HPC_flow_mod,5,1,0,-0,0,0,0,0,0,2,0.106376989277607,0
ood_combo,DS02,11,14,LPT_eff_mod,6,1,-0.000660926795472749,-0.0111909980641344,0,0,0,0,0,2,0.106376989277607,0
ood_combo,DS02,11,14,LPT_flow_mod,7,1,-0.00616954987752631,-0.0376109180067458,0,1,0,2,0,2,0.106376989277607,0
ood_combo,DS02,11,14,LPC_eff_mod,8,1,0,-0,0,0,0,0,0,2,0.106376989277607,0
ood_combo,DS02,11,14,LPC_flow_mod,9,1,0,-0.0011250895355157,0,0,0,0,0,2,0.106376989277607,0
ood_combo,DS02,11,15,HPT_eff_mod,1,1,-0.0109376792147225,-0.00146809979813949,0,1,0,1,0,2,0.17992767472164,0
ood_combo,DS02,11,15,fan_eff_mod,2,1,0,-0,0,0,0,0,0,2,0.17992767472164,0
ood_combo,DS02,11,15,fan_flow_mod,3,1,0,-0.00107371766901122,0,0,0,0,0,2,0.17992767472164,0
ood_combo,DS02,11,15,HPC_eff_mod,4,1,0,-0,0,0,0,0,0,2,0.17992767472164,0
ood_combo,DS02,11,15,HPC_flow_mod,5,1,0,-0,0,0,0,0,0,2,0.17992767472164,0
ood_combo,DS02,11,15,LPT_eff_mod,6,1,-0.00950334039418842,-0.0151376884855163,0,0,0,0,0,2,0.17992767472164,0
ood_combo,DS02,11,15,LPT_flow_mod,7,1,-0.013457798955717,-0.0376109180067458,0,1,0,2,0,2,0.17992767472164,0
ood_combo,DS02,11,15,LPC_eff_mod,8,1,0,-0,0,0,0,0,0,2,0.17992767472164,0
ood_combo,DS02,11,15,LPC_flow_mod,9,1,0,-0.0011250895355157,0,0,0,0,0,2,0.17992767472164,0
ood_combo,DS02,11,16,HPT_eff_mod,1,1,-0.0260877053736371,-0.00146809979813949,0,1,0,1,0,2,0.208641440894395,0
ood_combo,DS02,11,16,fan_eff_mod,2,1,0,-0,0,0,0,0,0,2,0.208641440894395,0
ood_combo,DS02,11,16,fan_flow_mod,3,1,0,-0.00107371766901122,0,0,0,0,0,2,0.208641440894395,0
ood_combo,DS02,11,16,HPC_eff_mod,4,1,0,-0,0,0,0,0,0,2,0.208641440894395,0
ood_combo,DS02,11,16,HPC_flow_mod,5,1,0,-0,0,0,0,0,0,2,0.208641440894395,0
ood_combo,DS02,11,16,LPT_eff_mod,6,1,-0.0111927484254285,-0.0151376884855163,0,0,0,0,0,2,0.208641440894395,0
ood_combo,DS02,11,16,LPT_flow_mod,7,1,-0.0142404767084475,-0.0376109180067458,0,1,0,2,0,2,0.208641440894395,0
ood_combo,DS02,11,16,LPC_eff_mod,8,1,0,-0,0,0,0,0,0,2,0.208641440894395,0
ood_combo,DS02,11,16,LPC_flow_mod,9,1,0,-0.0011250895355157,0,0,0,0,0,2,0.208641440894395,0
ood_combo,DS02,11,17,HPT_eff_mod,1,1,-0.0116424359894976,-0.00146809979813949,0,1,0,1,0,2,0.126261037462825,0
ood_combo,DS02,11,17,fan_eff_mod,2,1,0,-0,0,0,0,0,0,2,0.126261037462825,0
ood_combo,DS02,11,17,fan_flow_mod,3,1,0,-0.00107371766901122,0,0,0,0,0,2,0.126261037462825,0
ood_combo,DS02,11,17,HPC_eff_mod,4,1,0,-0,0,0,0,0,0,2,0.126261037462825,0
ood_combo,DS02,11,17,HPC_flow_mod,5,1,0,-0,0,0,0,0,0,2,0.126261037462825,0
ood_combo,DS02,11,17,LPT_eff_mod,6,1,-0.00768001827401154,-0.0151376884855163,0,0,0,0,0,2,0.126261037462825,0
ood_combo,DS02,11,17,LPT_flow_mod,7,1,-0.00561208072973286,-0.0376109180067458,0,1,0,2,0,2,0.126261037462825,0
ood_combo,DS02,11,17,LPC_eff_mod,8,1,0,-0,0,0,0,0,0,2,0.126261037462825,0
ood_combo,DS02,11,17,LPC_flow_mod,9,1,0,-0.0011250895355157,0,0,0,0,0,2,0.126261037462825,0
ood_combo,DS02,11,18,HPT_eff_mod,1,1,-0.00901657615141224,-0.00146809979813949,0,1,0,1,0,2,0.12675814020103,0
ood_combo,DS02,11,18,fan_eff_mod,2,1,0,-0,0,0,0,0,0,2,0.12675814020103,0
ood_combo,DS02,11,18,fan_flow_mod,3,1,0,-0.00107371766901122,0,0,0,0,0,2,0.12675814020103,0
ood_combo,DS02,11,18,HPC_eff_mod,4,1,0,-0,0,0,0,0,0,2,0.12675814020103,0
ood_combo,DS02,11,18,HPC_flow_mod,5,1,0,-0,0,0,0,0,0,2,0.12675814020103,0
ood_combo,DS02,11,18,LPT_eff_mod,6,1,-0.00664322183439749,-0.0151376884855163,0,1,0,1,0,2,0.12675814020103,0
ood_combo,DS02,11,18,LPT_flow_mod,7,1,-0.0105317012967368,-0.0376109180067458,0,1,0,2,0,2,0.12675814020103,0
ood_combo,DS02,11,18,LPC_eff_mod,8,1,0,-0,0,0,0,0,0,2,0.12675814020103,0
ood_combo,DS02,11,18,LPC_flow_mod,9,1,0,-0.0011250895355157,0,0,0,0,0,2,0.12675814020103,0
ood_combo,DS02,11,19,HPT_eff_mod,1,0,-0.0144140751191917,-0.00146809979813949,1,1,1,1,1,2,0.140214954391667,0
ood_combo,DS02,11,19,fan_eff_mod,2,0,0,-0,0,0,0,0,1,2,0.140214954391667,0
ood_combo,DS02,11,19,fan_flow_mod,3,0,0,-0.00107371766901122,0,0,0,0,1,2,0.140214954391667,0
ood_combo,DS02,11,19,HPC_eff_mod,4,0,0,-0,0,0,0,0,1,2,0.140214954391667,0
ood_combo,DS02,11,19,HPC_flow_mod,5,0,0,-0,0,0,0,0,1,2,0.140214954391667,0
ood_combo,DS02,11,19,LPT_eff_mod,6,0,-0.00722527295134372,-0.0151376884855163,1,1,1,1,1,2,0.140214954391667,0
ood_combo,DS02,11,19,LPT_flow_mod,7,0,-0.0133725297197665,-0.0376109180067458,1,1,1,2,1,2,0.140214954391667,0
ood_combo,DS02,11,19,LPC_eff_mod,8,0,0,-0,0,0,0,0,1,2,0.140214954391667,0
ood_combo,DS02,11,19,LPC_flow_mod,9,0,0,-0.0011250895355157,0,0,0,0,1,2,0.140214954391667,0
ood_combo,DS02,11,20,HPT_eff_mod,1,0,-0.0329914482987715,-0.00146809979813949,1,1,2,1,2,2,0.365012253675482,0
ood_combo,DS02,11,20,fan_eff_mod,2,0,0,-0,0,0,0,0,2,2,0.365012253675482,0
ood_combo,DS02,11,20,fan_flow_mod,3,0,0,-0.00107371766901122,0,0,0,0,2,2,0.365012253675482,0
ood_combo,DS02,11,20,HPC_eff_mod,4,0,0,-0,0,0,0,0,2,2,0.365012253675482,0
ood_combo,DS02,11,20,HPC_flow_mod,5,0,0,-0,0,0,0,0,2,2,0.365012253675482,0
ood_combo,DS02,11,20,LPT_eff_mod,6,0,2.17813308918402e-05,-0.0151376884855163,1,1,1,1,2,2,0.365012253675482,0
ood_combo,DS02,11,20,LPT_flow_mod,7,0,-0.016214273628652,-0.0616788426498874,1,1,1,2,2,2,0.365012253675482,0
ood_combo,DS02,11,20,LPC_eff_mod,8,0,0,-0,0,0,0,0,2,2,0.365012253675482,0
ood_combo,DS02,11,20,LPC_flow_mod,9,0,0,-0.0011250895355157,0,0,0,0,2,2,0.365012253675482,0
ood_combo,DS02,11,21,HPT_eff_mod,1,0,-0.0318110873515918,-0.00146809979813949,1,1,2,1,2,2,0.139202346428655,0
ood_combo,DS02,11,21,fan_eff_mod,2,0,0,-0,0,0,0,0,2,2,0.139202346428655,0
ood_combo,DS02,11,21,fan_flow_mod,3,0,0,-0.00107371766901122,0,0,0,0,2,2,0.139202346428655,0
ood_combo,DS02,11,21,HPC_eff_mod,4,0,0,-0,0,0,0,0,2,2,0.139202346428655,0
ood_combo,DS02,11,21,HPC_flow_mod,5,0,0,-0,0,0,0,0,2,2,0.139202346428655,0
ood_combo,DS02,11,21,LPT_eff_mod,6,0,-0.00737622790196955,-0.018048993908392,1,1,1,1,2,2,0.139202346428655,0
ood_combo,DS02,11,21,LPT_flow_mod,7,0,-0.0209927806428288,-0.0616788426498874,1,1,2,2,2,2,0.139202346428655,0
ood_combo,DS02,11,21,LPC_eff_mod,8,0,0,-0,0,0,0,0,2,2,0.139202346428655,0
ood_combo,DS02,11,21,LPC_flow_mod,9,0,0,-0.0011250895355157,0,0,0,0,2,2,0.139202346428655,0
ood_combo,DS02,11,22,HPT_eff_mod,1,0,-0.0335366365228839,-0.00146809979813949,1,1,2,1,2,2,0.248706098772119,0
ood_combo,DS02,11,22,fan_eff_mod,2,0,0,-0,0,0,0,0,2,2,0.248706098772119,0
ood_combo,DS02,11,22,fan_flow_mod,3,0,0,-0.00107371766901122,0,0,0,0,2,2,0.248706098772119,0
ood_combo,DS02,11,22,HPC_eff_mod,4,0,0,-0,0,0,0,0,2,2,0.248706098772119,0
ood_combo,DS02,11,22,HPC_flow_mod,5,0,0,-0,0,0,0,0,2,2,0.248706098772119,0
ood_combo,DS02,11,22,LPT_eff_mod,6,0,-0.00587492998906017,-0.018048993908392,1,1,1,1,2,2,0.248706098772119,0
ood_combo,DS02,11,22,LPT_flow_mod,7,0,-0.0282192745737173,-0.0616788426498874,1,1,2,2,2,2,0.248706098772119,0
ood_combo,DS02,11,22,LPC_eff_mod,8,0,0,-0,0,0,0,0,2,2,0.248706098772119,0
ood_combo,DS02,11,22,LPC_flow_mod,9,0,0,-0.0011250895355157,0,0,0,0,2,2,0.248706098772119,0
ood_combo,DS02,11,23,HPT_eff_mod,1,0,-0.0333877075100009,-0.00146809979813949,1,1,2,1,2,2,0.108813467961985,0
ood_combo,DS02,11,23,fan_eff_mod,2,0,0,-0,0,0,0,0,2,2,0.108813467961985,0
ood_combo,DS02,11,23,fan_flow_mod,3,0,0,-0.00107371766901122,0,0,0,0,2,2,0.108813467961985,0
ood_combo,DS02,11,23,HPC_eff_mod,4,0,0,-0,0,0,0,0,2,2,0.108813467961985,0
ood_combo,DS02,11,23,HPC_flow_mod,5,0,0,-0,0,0,0,0,2,2,0.108813467961985,0
ood_combo,DS02,11,23,LPT_eff_mod,6,0,-0.00689852651704149,-0.0293063137584101,1,1,1,2,2,2,0.108813467961985,0
ood_combo,DS02,11,23,LPT_flow_mod,7,0,-0.014974929441647,-0.0616788426498874,1,1,2,2,2,2,0.108813467961985,0
ood_combo,DS02,11,23,LPC_eff_mod,8,0,0,-0,0,0,0,0,2,2,0.108813467961985,0
ood_combo,DS02,11,23,LPC_flow_mod,9,0,0,-0.0011250895355157,0,0,0,0,2,2,0.108813467961985,0
ood_combo,DS02,11,24,HPT_eff_mod,1,0,-0.0390477235086665,-0.00146809979813949,1,1,2,1,2,2,0.190631179768925,0
ood_combo,DS02,11,24,fan_eff_mod,2,0,0,-0,0,0,0,0,2,2,0.190631179768925,0
ood_combo,DS02,11,24,fan_flow_mod,3,0,0,-0.00107371766901122,0,0,0,0,2,2,0.190631179768925,0
ood_combo,DS02,11,24,HPC_eff_mod,4,0,0,-0,0,0,0,0,2,2,0.190631179768925,0
ood_combo,DS02,11,24,HPC_flow_mod,5,0,0,-0,0,0,0,0,2,2,0.190631179768925,0
ood_combo,DS02,11,24,LPT_eff_mod,6,0,-0.00858739164918134,-0.0293063137584101,1,1,1,2,2,2,0.190631179768925,0
ood_combo,DS02,11,24,LPT_flow_mod,7,0,-0.0121961593477769,-0.0616788426498874,1,1,2,2,2,2,0.190631179768925,0
ood_combo,DS02,11,24,LPC_eff_mod,8,0,0,-0,0,0,0,0,2,2,0.190631179768925,0
ood_combo,DS02,11,24,LPC_flow_mod,9,0,0,-0.0011250895355157,0,0,0,0,2,2,0.190631179768925,0
ood_combo,DS02,11,25,HPT_eff_mod,1,0,-0.0432404313718158,-0.00146809979813949,1,1,2,1,2,2,0.249013122727985,0
ood_combo,DS02,11,25,fan_eff_mod,2,0,0,-0,0,0,0,0,2,2,0.249013122727985,0
ood_combo,DS02,11,25,fan_flow_mod,3,0,0,-0.00107371766901122,0,0,0,0,2,2,0.249013122727985,0
ood_combo,DS02,11,25,HPC_eff_mod,4,0,0,-0,0,0,0,0,2,2,0.249013122727985,0
ood_combo,DS02,11,25,HPC_flow_mod,5,0,0,-0,0,0,0,0,2,2,0.249013122727985,0
ood_combo,DS02,11,25,LPT_eff_mod,6,0,-0.00456357152486547,-0.0293063137584101,1,1,1,2,2,2,0.249013122727985,0
ood_combo,DS02,11,25,LPT_flow_mod,7,0,-0.0222203567542865,-0.078070662649213,1,1,2,2,2,2,0.249013122727985,0
ood_combo,DS02,11,25,LPC_eff_mod,8,0,0,-0,0,0,0,0,2,2,0.249013122727985,0
ood_combo,DS02,11,25,LPC_flow_mod,9,0,0,-0.0011250895355157,0,0,0,0,2,2,0.249013122727985,0
ood_combo,DS02,11,26,HPT_eff_mod,1,0,-0.0471720854827521,-0.00146809979813949,1,1,2,1,2,2,0.401138351113883,0
ood_combo,DS02,11,26,fan_eff_mod,2,0,0,-0,0,0,0,0,2,2,0.401138351113883,0
ood_combo,DS02,11,26,fan_flow_mod,3,0,0,-0.00107371766901122,0,0,0,0,2,2,0.401138351113883,0
ood_combo,DS02,11,26,HPC_eff_mod,4,0,0,-0,0,0,0,0,2,2,0.401138351113883,0
ood_combo,DS02,11,26,HPC_flow_mod,5,0,0,-0,0,0,0,0,2,2,0.401138351113883,0
ood_combo,DS02,11,26,LPT_eff_mod,6,0,-0.0119577132839259,-0.0416439908807822,1,1,1,2,2,2,0.401138351113883,0
ood_combo,DS02,11,26,LPT_flow_mod,7,0,-0.0274298208633141,-0.078070662649213,1,1,2,2,2,2,0.401138351113883,0
ood_combo,DS02,11,26,LPC_eff_mod,8,0,0,-0,0,0,0,0,2,2,0.401138351113883,0
ood_combo,DS02,11,26,LPC_flow_mod,9,0,0,-0.0011250895355157,0,0,0,0,2,2,0.401138351113883,0
ood_combo,DS02,11,27,HPT_eff_mod,1,0,-0.0496706003624977,-0.00146809979813949,1,1,2,1,2,2,0.109713088484993,0
ood_combo,DS02,11,27,fan_eff_mod,2,0,0,-0,0,0,0,0,2,2,0.109713088484993,0
ood_combo,DS02,11,27,fan_flow_mod,3,0,0,-0.00107371766901122,0,0,0,0,2,2,0.109713088484993,0
ood_combo,DS02,11,27,HPC_eff_mod,4,0,0,-0,0,0,0,0,2,2,0.109713088484993,0
ood_combo,DS02,11,27,HPC_flow_mod,5,0,0,-0,0,0,0,0,2,2,0.109713088484993,0
ood_combo,DS02,11,27,LPT_eff_mod,6,0,-0.0124638976024284,-0.0416439908807822,1,1,1,2,2,2,0.109713088484993,0
ood_combo,DS02,11,27,LPT_flow_mod,7,0,-0.0340669115615078,-0.100539158508826,1,1,2,2,2,2,0.109713088484993,0
ood_combo,DS02,11,27,LPC_eff_mod,8,0,0,-0,0,0,0,0,2,2,0.109713088484993,0
ood_combo,DS02,11,27,LPC_flow_mod,9,0,0,-0.0011250895355157,0,0,0,0,2,2,0.109713088484993,0
ood_combo,DS02,11,28,HPT_eff_mod,1,0,-0.0517877746647384,-0.00146809979813949,1,1,2,1,2,2,0.144091903559992,0
ood_combo,DS02,11,28,fan_eff_mod,2,0,0,-0,0,0,0,0,2,2,0.144091903559992,0
ood_combo,DS02,11,28,fan_flow_mod,3,0,0,-0.00107371766901122,0,0,0,0,2,2,0.144091903559992,0
ood_combo,DS02,11,28,HPC_eff_mod,4,0,0,-0,0,0,0,0,2,2,0.144091903559992,0
ood_combo,DS02,11,28,HPC_flow_mod,5,0,0,-0,0,0,0,0,2,2,0.144091903559992,0
ood_combo,DS02,11,28,LPT_eff_mod,6,0,-0.0147076219611225,-0.0416439908807822,1,1,1,2,2,2,0.144091903559992,0
ood_combo,DS02,11,28,LPT_flow_mod,7,0,-0.0203287147405345,-0.100539158508826,1,1,2,2,2,2,0.144091903559992,0
ood_combo,DS02,11,28,LPC_eff_mod,8,0,0,-0,0,0,0,0,2,2,0.144091903559992,0
ood_combo,DS02,11,28,LPC_flow_mod,9,0,0,-0.0011250895355157,0,0,0,0,2,2,0.144091903559992,0
ood_combo,DS02,11,29,HPT_eff_mod,1,0,-0.0520592217038519,-0.00146809979813949,1,1,2,1,2,2,0.143475595800349,0
ood_combo,DS02,11,29,fan_eff_mod,2,0,0,-0,0,0,0,0,2,2,0.143475595800349,0
ood_combo,DS02,11,29,fan_flow_mod,3,0,0,-0.00107371766901122,0,0,0,0,2,2,0.143475595800349,0
ood_combo,DS02,11,29,HPC_eff_mod,4,0,0,-0,0,0,0,0,2,2,0.143475595800349,0
ood_combo,DS02,11,29,HPC_flow_mod,5,0,0,-0,0,0,0,0,2,2,0.143475595800349,0
ood_combo,DS02,11,29,LPT_eff_mod,6,0,-0.00954914066519572,-0.0416439908807822,1,1,1,2,2,2,0.143475595800349,0
ood_combo,DS02,11,29,LPT_flow_mod,7,0,-0.0401963025171192,-0.115145602177623,1,1,2,2,2,2,0.143475595800349,0
ood_combo,DS02,11,29,LPC_eff_mod,8,0,0,-0,0,0,0,0,2,2,0.143475595800349,0
ood_combo,DS02,11,29,LPC_flow_mod,9,0,0,-0.0011250895355157,0,0,0,0,2,2,0.143475595800349,0
ood_combo,DS02,11,30,HPT_eff_mod,1,0,-0.0572259771203459,-0.00322371522913037,1,1,2,1,2,2,0.330407438735829,0
ood_combo,DS02,11,30,fan_eff_mod,2,0,0,-0,0,0,0,0,2,2,0.330407438735829,0
ood_combo,DS02,11,30,fan_flow_mod,3,0,0,-0.00107371766901122,0,0,0,0,2,2,0.330407438735829,0
ood_combo,DS02,11,30,HPC_eff_mod,4,0,0,-0,0,0,0,0,2,2,0.330407438735829,0
ood_combo,DS02,11,30,HPC_flow_mod,5,0,0,-0,0,0,0,0,2,2,0.330407438735829,0
ood_combo,DS02,11,30,LPT_eff_mod,6,0,-0.0199487685352499,-0.048342229980011,1,1,1,2,2,2,0.330407438735829,0
ood_combo,DS02,11,30,LPT_flow_mod,7,0,-0.0416090517923517,-0.115145602177623,1,1,2,2,2,2,0.330407438735829,0
ood_combo,DS02,11,30,LPC_eff_mod,8,0,0,-0,0,0,0,0,2,2,0.330407438735829,0
ood_combo,DS02,11,30,LPC_flow_mod,9,0,0,-0.0011250895355157,0,0,0,0,2,2,0.330407438735829,0
ood_combo,DS02,11,31,HPT_eff_mod,1,0,-0.0687269152289521,-0.00322371522913037,1,1,2,1,2,2,0.475886175479805,0
ood_combo,DS02,11,31,fan_eff_mod,2,0,0,-0,0,0,0,0,2,2,0.475886175479805,0
ood_combo,DS02,11,31,fan_flow_mod,3,0,0,-0.00107371766901122,0,0,0,0,2,2,0.475886175479805,0
ood_combo,DS02,11,31,HPC_eff_mod,4,0,0,-0,0,0,0,0,2,2,0.475886175479805,0
ood_combo,DS02,11,31,HPC_flow_mod,5,0,0,-0,0,0,0,0,2,2,0.475886175479805,0
ood_combo,DS02,11,31,LPT_eff_mod,6,0,-0.0224533891797836,-0.0541672973614829,1,1,2,2,2,2,0.475886175479805,0
ood_combo,DS02,11,31,LPT_flow_mod,7,0,-0.0342880536222921,-0.115145602177623,1,1,2,2,2,2,0.475886175479805,0
ood_combo,DS02,11,31,LPC_eff_mod,8,0,0,-0,0,0,0,0,2,2,0.475886175479805,0
ood_combo,DS02,11,31,LPC_flow_mod,9,0,0,-0.0011250895355157,0,0,0,0,2,2,0.475886175479805,0
ood_combo,DS02,11,32,HPT_eff_mod,1,0,-0.0799270933975871,-0.00322371522913037,1,1,2,1,2,3,0.178015247711196,0
ood_combo,DS02,11,32,fan_eff_mod,2,0,0,-0,0,0,0,0,2,3,0.178015247711196,0
ood_combo,DS02,11,32,fan_flow_mod,3,0,0,-0.00107371766901122,0,0,0,0,2,3,0.178015247711196,0
ood_combo,DS02,11,32,HPC_eff_mod,4,0,0,-0,0,0,0,0,2,3,0.178015247711196,0
ood_combo,DS02,11,32,HPC_flow_mod,5,0,0,-0,0,0,0,0,2,3,0.178015247711196,0
ood_combo,DS02,11,32,LPT_eff_mod,6,0,-0.0163171375557829,-0.0541672973614829,1,1,2,2,2,3,0.178015247711196,0
ood_combo,DS02,11,32,LPT_flow_mod,7,0,-0.0509300563491351,-0.150297331628013,1,1,2,3,2,3,0.178015247711196,0
ood_combo,DS02,11,32,LPC_eff_mod,8,0,0,-0,0,0,0,0,2,3,0.178015247711196,0
ood_combo,DS02,11,32,LPC_flow_mod,9,0,0,-0.0011250895355157,0,0,0,0,2,3,0.178015247711196,0
ood_combo,DS02,11,33,HPT_eff_mod,1,0,-0.0779840998048252,-0.00322371522913037,1,1,2,1,2,3,0.375012622980164,0
ood_combo,DS02,11,33,fan_eff_mod,2,0,0,-0,0,0,0,0,2,3,0.375012622980164,0
ood_combo,DS02,11,33,fan_flow_mod,3,0,0,-0.00107371766901122,0,0,0,0,2,3,0.375012622980164,0
ood_combo,DS02,11,33,HPC_eff_mod,4,0,0,-0,0,0,0,0,2,3,0.375012622980164,0
ood_combo,DS02,11,33,HPC_flow_mod,5,0,0,-0,0,0,0,0,2,3,0.375012622980164,0
ood_combo,DS02,11,33,LPT_eff_mod,6,0,-0.0196385432908366,-0.0541672973614829,1,1,2,2,2,3,0.375012622980164,0
ood_combo,DS02,11,33,LPT_flow_mod,7,0,-0.0473583081914686,-0.150297331628013,1,1,2,3,2,3,0.375012622980164,0
ood_combo,DS02,11,33,LPC_eff_mod,8,0,0,-0,0,0,0,0,2,3,0.375012622980164,0
ood_combo,DS02,11,33,LPC_flow_mod,9,0,0,-0.0011250895355157,0,0,0,0,2,3,0.375012622980164,0
ood_combo,DS02,11,34,HPT_eff_mod,1,0,-0.085731592954176,-0.0107697735208314,1,1,2,1,2,3,0.151781202422305,0
ood_combo,DS02,11,34,fan_eff_mod,2,0,0,-0,0,0,0,0,2,3,0.151781202422305,0
ood_combo,DS02,11,34,fan_flow_mod,3,0,0,-0.00107371766901122,0,0,0,0,2,3,0.151781202422305,0
ood_combo,DS02,11,34,HPC_eff_mod,4,0,0,-0,0,0,0,0,2,3,0.151781202422305,0
ood_combo,DS02,11,34,HPC_flow_mod,5,0,0,-0,0,0,0,0,2,3,0.151781202422305,0
ood_combo,DS02,11,34,LPT_eff_mod,6,0,-0.016339859540774,-0.0563311247629851,1,1,2,2,2,3,0.151781202422305,0
ood_combo,DS02,11,34,LPT_flow_mod,7,0,-0.0483928870206655,-0.150297331628013,1,1,2,3,2,3,0.151781202422305,0
ood_combo,DS02,11,34,LPC_eff_mod,8,0,0,-0,0,0,0,0,2,3,0.151781202422305,0
ood_combo,DS02,11,34,LPC_flow_mod,9,0,0,-0.0011250895355157,0,0,0,0,2,3,0.151781202422305,0
ood_combo,DS02,11,35,HPT_eff_mod,1,0,-0.0865878293178625,-0.0107697735208314,1,1,2,1,2,3,0.141298289027426,0
ood_combo,DS02,11,35,fan_eff_mod,2,0,0,-0,0,0,0,0,2,3,0.141298289027426,0
ood_combo,DS02,11,35,fan_flow_mod,3,0,0,-0.00107371766901122,0,0,0,0,2,3,0.141298289027426,0
ood_combo,DS02,11,35,HPC_eff_mod,4,0,0,-0,0,0,0,0,2,3,0.141298289027426,0
ood_combo,DS02,11,35,HPC_flow_mod,5,0,0,-0,0,0,0,0,2,3,0.141298289027426,0
ood_combo,DS02,11,35,LPT_eff_mod,6,0,-0.0218309139843484,-0.0563311247629851,1,1,2,2,2,3,0.141298289027426,0
ood_combo,DS02,11,35,LPT_flow_mod,7,0,-0.051405472164497,-0.150297331628013,1,1,2,3,2,3,0.141298289027426,0
ood_combo,DS02,11,35,LPC_eff_mod,8,0,0,-0,0,0,0,0,2,3,0.141298289027426,0
ood_combo,DS02,11,35,LPC_flow_mod,9,0,0,-0.0011250895355157,0,0,0,0,2,3,0.141298289027426,0
ood_combo,DS02,11,36,HPT_eff_mod,1,0,-0.0980042979293088,-0.0190722050253047,1,1,2,1,2,3,0.235166647567179,0
ood_combo,DS02,11,36,fan_eff_mod,2,0,0,-0,0,0,0,0,2,3,0.235166647567179,0
ood_combo,DS02,11,36,fan_flow_mod,3,0,0,-0.00107371766901122,0,0,0,0,2,3,0.235166647567179,0
ood_combo,DS02,11,36,HPC_eff_mod,4,0,0,-0,0,0,0,0,2,3,0.235166647567179,0
ood_combo,DS02,11,36,HPC_flow_mod,5,0,0,-0,0,0,0,0,2,3,0.235166647567179,0
ood_combo,DS02,11,36,LPT_eff_mod,6,0,-0.0246907573590699,-0.0563311247629851,1,1,2,2,2,3,0.235166647567179,0
ood_combo,DS02,11,36,LPT_flow_mod,7,0,-0.0695996548337419,-0.182472125228943,1,1,2,3,2,3,0.235166647567179,0
ood_combo,DS02,11,36,LPC_eff_mod,8,0,0,-0,0,0,0,0,2,3,0.235166647567179,0
ood_combo,DS02,11,36,LPC_flow_mod,9,0,0,-0.0011250895355157,0,0,0,0,2,3,0.235166647567179,0
ood_combo,DS02,11,37,HPT_eff_mod,1,0,-0.107580830763497,-0.0190722050253047,1,1,2,1,2,3,0.155307869068602,0
ood_combo,DS02,11,37,fan_eff_mod,2,0,0,-0,0,0,0,0,2,3,0.155307869068602,0
ood_combo,DS02,11,37,fan_flow_mod,3,0,0,-0.00107371766901122,0,0,0,0,2,3,0.155307869068602,0
ood_combo,DS02,11,37,HPC_eff_mod,4,0,0,-0,0,0,0,0,2,3,0.155307869068602,0
ood_combo,DS02,11,37,HPC_flow_mod,5,0,0,-0,0,0,0,0,2,3,0.155307869068602,0
ood_combo,DS02,11,37,LPT_eff_mod,6,0,-0.025738730951104,-0.0617422965048487,1,1,2,2,2,3,0.155307869068602,0
ood_combo,DS02,11,37,LPT_flow_mod,7,0,-0.0692531519609465,-0.182472125228943,1,1,2,3,2,3,0.155307869068602,0
ood_combo,DS02,11,37,LPC_eff_mod,8,0,0,-0,0,0,0,0,2,3,0.155307869068602,0
ood_combo,DS02,11,37,LPC_flow_mod,9,0,0,-0.0011250895355157,0,0,0,0,2,3,0.155307869068602,0
ood_combo,DS02,11,38,HPT_eff_mod,1,0,-0.116021214992828,-0.0221804346647981,1,1,2,2,2,3,0.187313069375984,0
ood_combo,DS02,11,38,fan_eff_mod,2,0,0,-0,0,0,0,0,2,3,0.187313069375984,0
ood_combo,DS02,11,38,fan_flow_mod,3,0,0,-0.00107371766901122,0,0,0,0,2,3,0.187313069375984,0
ood_combo,DS02,11,38,HPC_eff_mod,4,0,0,-0,0,0,0,0,2,3,0.187313069375984,0
ood_combo,DS02,11,38,HPC_flow_mod,5,0,0,-0,0,0,0,0,2,3,0.187313069375984,0
ood_combo,DS02,11,38,LPT_eff_mod,6,0,-0.0292854935938597,-0.0617422965048487,1,1,2,2,2,3,0.187313069375984,0
ood_combo,DS02,11,38,LPT_flow_mod,7,0,-0.081047057408648,-0.192760703344123,1,1,2,3,2,3,0.187313069375984,0
ood_combo,DS02,11,38,LPC_eff_mod,8,0,0,-0,0,0,0,0,2,3,0.187313069375984,0
ood_combo,DS02,11,38,LPC_flow_mod,9,0,0,-0.0011250895355157,0,0,0,0,2,3,0.187313069375984,0
ood_combo,DS02,11,39,HPT_eff_mod,1,0,-0.129241159771123,-0.0492990563052849,1,1,2,2,2,3,0.16219736236688,0
ood_combo,DS02,11,39,fan_eff_mod,2,0,0,-0,0,0,0,0,2,3,0.16219736236688,0
ood_combo,DS02,11,39,fan_flow_mod,3,0,0,-0.00107371766901122,0,0,0,0,2,3,0.16219736236688,0
ood_combo,DS02,11,39,HPC_eff_mod,4,0,0,-0,0,0,0,0,2,3,0.16219736236688,0
ood_combo,DS02,11,39,HPC_flow_mod,5,0,0,-0,0,0,0,0,2,3,0.16219736236688,0
ood_combo,DS02,11,39,LPT_eff_mod,6,0,-0.0332676744383402,-0.0617422965048487,1,1,2,2,2,3,0.16219736236688,0
ood_combo,DS02,11,39,LPT_flow_mod,7,0,-0.0887776212111106,-0.19299397558589,1,1,2,3,2,3,0.16219736236688,0
ood_combo,DS02,11,39,LPC_eff_mod,8,0,0,-0,0,0,0,0,2,3,0.16219736236688,0
ood_combo,DS02,11,39,LPC_flow_mod,9,0,0,-0.0011250895355157,0,0,0,0,2,3,0.16219736236688,0
ood_combo,DS02,11,40,HPT_eff_mod,1,0,-0.139629132903844,-0.0685808464272943,1,1,3,2,3,3,0.13837369728715,0
ood_combo,DS02,11,40,fan_eff_mod,2,0,0,-0,0,0,0,0,3,3,0.13837369728715,0
ood_combo,DS02,11,40,fan_flow_mod,3,0,0,-0.00107371766901122,0,0,0,0,3,3,0.13837369728715,0
ood_combo,DS02,11,40,HPC_eff_mod,4,0,0,-0,0,0,0,0,3,3,0.13837369728715,0
ood_combo,DS02,11,40,HPC_flow_mod,5,0,0,-0.000465924921282397,0,0,0,0,3,3,0.13837369728715,0
ood_combo,DS02,11,40,LPT_eff_mod,6,0,-0.0263851125840243,-0.0617422965048487,1,1,2,2,3,3,0.13837369728715,0
ood_combo,DS02,11,40,LPT_flow_mod,7,0,-0.0893167416242117,-0.19299397558589,1,1,2,3,3,3,0.13837369728715,0
ood_combo,DS02,11,40,LPC_eff_mod,8,0,0,-0.000135381639742731,0,0,0,0,3,3,0.13837369728715,0
ood_combo,DS02,11,40,LPC_flow_mod,9,0,0,-0.0011250895355157,0,0,0,0,3,3,0.13837369728715,0
ood_combo,DS02,11,41,HPT_eff_mod,1,0,-0.149935875625837,-0.0839794930754222,1,1,3,2,3,3,0.118270262204714,0
ood_combo,DS02,11,41,fan_eff_mod,2,0,0,-0,0,0,0,0,3,3,0.118270262204714,0
ood_combo,DS02,11,41,fan_flow_mod,3,0,0,-0.00107371766901122,0,0,0,0,3,3,0.118270262204714,0
ood_combo,DS02,11,41,HPC_eff_mod,4,0,0,-0,0,0,0,0,3,3,0.118270262204714,0
ood_combo,DS02,11,41,HPC_flow_mod,5,0,0,-0.000465924921282397,0,0,0,0,3,3,0.118270262204714,0
ood_combo,DS02,11,41,LPT_eff_mod,6,0,-0.0363488595470536,-0.0693394703276868,1,1,2,2,3,3,0.118270262204714,0
ood_combo,DS02,11,41,LPT_flow_mod,7,0,-0.0939860017550744,-0.19299397558589,1,1,2,3,3,3,0.118270262204714,0
ood_combo,DS02,11,41,LPC_eff_mod,8,0,0,-0.000135381639742731,0,0,0,0,3,3,0.118270262204714,0
ood_combo,DS02,11,41,LPC_flow_mod,9,0,0,-0.0011250895355157,0,0,0,0,3,3,0.118270262204714,0
ood_combo,DS02,11,42,HPT_eff_mod,1,0,-0.157210185751311,-0.0875792816458831,1,1,3,2,3,3,0.126538909274555,0
ood_combo,DS02,11,42,fan_eff_mod,2,0,0,-0,0,0,0,0,3,3,0.126538909274555,0
ood_combo,DS02,11,42,fan_flow_mod,3,0,0,-0.00107371766901122,0,0,0,0,3,3,0.126538909274555,0
ood_combo,DS02,11,42,HPC_eff_mod,4,0,0,-0,0,0,0,0,3,3,0.126538909274555,0
ood_combo,DS02,11,42,HPC_flow_mod,5,0,0,-0.000465924921282397,0,0,0,0,3,3,0.126538909274555,0
ood_combo,DS02,11,42,LPT_eff_mod,6,0,-0.0382911030393703,-0.0763663909138008,1,1,2,2,3,3,0.126538909274555,0
ood_combo,DS02,11,42,LPT_flow_mod,7,0,-0.098754480837139,-0.19299397558589,1,1,2,3,3,3,0.126538909274555,0
ood_combo,DS02,11,42,LPC_eff_mod,8,0,0,-0.000135381639742731,0,0,0,0,3,3,0.126538909274555,0
ood_combo,DS02,11,42,LPC_flow_mod,9,0,0,-0.0011250895355157,0,0,0,0,3,3,0.126538909274555,0
ood_combo,DS02,11,43,HPT_eff_mod,1,0,-0.179825859966429,-0.11087485679795,1,1,3,2,3,3,0.256926583625545,0
ood_combo,DS02,11,43,fan_eff_mod,2,0,0,-0,0,0,0,0,3,3,0.256926583625545,0
ood_combo,DS02,11,43,fan_flow_mod,3,0,0,-0.00107371766901122,0,0,0,0,3,3,0.256926583625545,0
ood_combo,DS02,11,43,HPC_eff_mod,4,0,0,-0,0,0,0,0,3,3,0.256926583625545,0
ood_combo,DS02,11,43,HPC_flow_mod,5,0,0,-0.000465924921282397,0,0,0,0,3,3,0.256926583625545,0
ood_combo,DS02,11,43,LPT_eff_mod,6,0,-0.0472051703152243,-0.0763663909138008,1,1,2,2,3,3,0.256926583625545,0
ood_combo,DS02,11,43,LPT_flow_mod,7,0,-0.116703127153838,-0.215672054651915,1,1,2,3,3,3,0.256926583625545,0
ood_combo,DS02,11,43,LPC_eff_mod,8,0,0,-0.000135381639742731,0,0,0,0,3,3,0.256926583625545,0
ood_combo,DS02,11,43,LPC_flow_mod,9,0,0,-0.0011250895355157,0,0,0,0,3,3,0.256926583625545,0
ood_combo,DS02,11,44,HPT_eff_mod,1,0,-0.192553830619329,-0.11087485679795,1,1,3,2,3,3,0.269846631924697,0
ood_combo,DS02,11,44,fan_eff_mod,2,0,0,-0,0,0,0,0,3,3,0.269846631924697,0
ood_combo,DS02,11,44,fan_flow_mod,3,0,0,-0.00107371766901122,0,0,0,0,3,3,0.269846631924697,0
ood_combo,DS02,11,44,HPC_eff_mod,4,0,0,-0,0,0,0,0,3,3,0.269846631924697,0
ood_combo,DS02,11,44,HPC_flow_mod,5,0,0,-0.000465924921282397,0,0,0,0,3,3,0.269846631924697,0
ood_combo,DS02,11,44,LPT_eff_mod,6,0,-0.043021955556885,-0.0763663909138008,1,1,2,2,3,3,0.269846631924697,0
ood_combo,DS02,11,44,LPT_flow_mod,7,0,-0.115020660698305,-0.215672054651915,1,1,2,3,3,3,0.269846631924697,0
ood_combo,DS02,11,44,LPC_eff_mod,8,0,0,-0.000135381639742731,0,0,0,0,3,3,0.269846631924697,0
ood_combo,DS02,11,44,LPC_flow_mod,9,0,0,-0.0011250895355157,0,0,0,0,3,3,0.269846631924697,0
ood_combo,DS02,11,45,HPT_eff_mod,1,0,-0.206672785422448,-0.151519065153904,1,1,3,3,3,3,0.192851028112283,0
ood_combo,DS02,11,45,fan_eff_mod,2,0,0,-0,0,0,0,0,3,3,0.192851028112283,0
ood_combo,DS02,11,45,fan_flow_mod,3,0,0,-0.00107371766901122,0,0,0,0,3,3,0.192851028112283,0
ood_combo,DS02,11,45,HPC_eff_mod,4,0,0,-0,0,0,0,0,3,3,0.192851028112283,0
ood_combo,DS02,11,45,HPC_flow_mod,5,0,0,-0.00158010904360741,0,0,0,0,3,3,0.192851028112283,0
ood_combo,DS02,11,45,LPT_eff_mod,6,0,-0.0510047070685157,-0.0851963321508214,1,1,2,2,3,3,0.192851028112283,0
ood_combo,DS02,11,45,LPT_flow_mod,7,0,-0.12268061638929,-0.215672054651915,1,1,2,3,3,3,0.192851028112283,0
ood_combo,DS02,11,45,LPC_eff_mod,8,0,0,-0.000135381639742731,0,0,0,0,3,3,0.192851028112283,0
ood_combo,DS02,11,45,LPC_flow_mod,9,0,0,-0.0011250895355157,0,0,0,0,3,3,0.192851028112283,0
ood_combo,DS02,11,46,HPT_eff_mod,1,0,-0.222025698635169,-0.173778947860609,1,1,3,3,3,3,0.207463955499513,0
ood_combo,DS02,11,46,fan_eff_mod,2,0,0,-0,0,0,0,0,3,3,0.207463955499513,0
ood_combo,DS02,11,46,fan_flow_mod,3,0,0,-0.00107371766901122,0,0,0,0,3,3,0.207463955499513,0
ood_combo,DS02,11,46,HPC_eff_mod,4,0,0,-0,0,0,0,0,3,3,0.207463955499513,0
ood_combo,DS02,11,46,HPC_flow_mod,5,0,0,-0.00158010904360741,0,0,0,0,3,3,0.207463955499513,0
ood_combo,DS02,11,46,LPT_eff_mod,6,0,-0.0537588871435671,-0.0851963321508214,1,1,2,2,3,3,0.207463955499513,0
ood_combo,DS02,11,46,LPT_flow_mod,7,0,-0.136163843296056,-0.224588708725898,1,1,3,3,3,3,0.207463955499513,0
ood_combo,DS02,11,46,LPC_eff_mod,8,0,0,-0.000135381639742731,0,0,0,0,3,3,0.207463955499513,0
ood_combo,DS02,11,46,LPC_flow_mod,9,0,0,-0.0011250895355157,0,0,0,0,3,3,0.207463955499513,0
ood_combo,DS02,11,47,HPT_eff_mod,1,0,-0.238716898498371,-0.201142982591554,1,1,3,3,3,3,0.240451683756993,0
ood_combo,DS02,11,47,fan_eff_mod,2,0,0,-0,0,0,0,0,3,3,0.240451683756993,0
ood_combo,DS02,11,47,fan_flow_mod,3,0,0,-0.00107371766901122,0,0,0,0,3,3,0.240451683756993,0
ood_combo,DS02,11,47,HPC_eff_mod,4,0,0,-0,0,0,0,0,3,3,0.240451683756993,0
ood_combo,DS02,11,47,HPC_flow_mod,5,0,0,-0.00158010904360741,0,0,0,0,3,3,0.240451683756993,0
ood_combo,DS02,11,47,LPT_eff_mod,6,0,-0.0598311217729753,-0.0851963321508214,1,1,2,2,3,3,0.240451683756993,0
ood_combo,DS02,11,47,LPT_flow_mod,7,0,-0.150440821961287,-0.224588708725898,1,1,3,3,3,3,0.240451683756993,0
ood_combo,DS02,11,47,LPC_eff_mod,8,0,0,-0.000135381639742731,0,0,0,0,3,3,0.240451683756993,0
ood_combo,DS02,11,47,LPC_flow_mod,9,0,0,-0.0011250895355157,0,0,0,0,3,3,0.240451683756993,0
ood_combo,DS02,11,48,HPT_eff_mod,1,0,-0.258938870864051,-0.217778569169341,1,1,3,3,3,3,0.208806645509866,0
ood_combo,DS02,11,48,fan_eff_mod,2,0,0,-0,0,0,0,0,3,3,0.208806645509866,0
ood_combo,DS02,11,48,fan_flow_mod,3,0,0,-0.00107371766901122,0,0,0,0,3,3,0.208806645509866,0
ood_combo,DS02,11,48,HPC_eff_mod,4,0,0,-0,0,0,0,0,3,3,0.208806645509866,0
ood_combo,DS02,11,48,HPC_flow_mod,5,0,0,-0.00158010904360741,0,0,0,0,3,3,0.208806645509866,0
ood_combo,DS02,11,48,LPT_eff_mod,6,0,-0.058631067146969,-0.0851963321508214,1,1,2,2,3,3,0.208806645509866,0
ood_combo,DS02,11,48,LPT_flow_mod,7,0,-0.150284161514574,-0.226771286179619,1,1,3,3,3,3,0.208806645509866,0
ood_combo,DS02,11,48,LPC_eff_mod,8,0,0,-0.000135381639742731,0,0,0,0,3,3,0.208806645509866,0
ood_combo,DS02,11,48,LPC_flow_mod,9,0,0,-0.0011250895355157,0,0,0,0,3,3,0.208806645509866,0
ood_combo,DS02,11,49,HPT_eff_mod,1,0,-0.291942507620674,-0.262262902170215,1,1,3,3,3,3,0.283281408308662,0
ood_combo,DS02,11,49,fan_eff_mod,2,0,0,-0,0,0,0,0,3,3,0.283281408308662,0
ood_combo,DS02,11,49,fan_flow_mod,3,0,0,-0.00107371766901122,0,0,0,0,3,3,0.283281408308662,0
ood_combo,DS02,11,49,HPC_eff_mod,4,0,0,-0,0,0,0,0,3,3,0.283281408308662,0
ood_combo,DS02,11,49,HPC_flow_mod,5,0,0,-0.00158010904360741,0,0,0,0,3,3,0.283281408308662,0
ood_combo,DS02,11,49,LPT_eff_mod,6,0,-0.061741481904488,-0.0851963321508214,1,1,2,2,3,3,0.283281408308662,0
ood_combo,DS02,11,49,LPT_flow_mod,7,0,-0.168911947135404,-0.24197514360304,1,1,3,3,3,3,0.283281408308662,0
ood_combo,DS02,11,49,LPC_eff_mod,8,0,0,-0.000135381639742731,0,0,0,0,3,3,0.283281408308662,0
ood_combo,DS02,11,49,LPC_flow_mod,9,0,0,-0.0011250895355157,0,0,0,0,3,3,0.283281408308662,0
ood_combo,DS02,11,50,HPT_eff_mod,1,0,-0.317077767661756,-0.262262902170215,1,1,3,3,3,3,0.280681825699239,0
ood_combo,DS02,11,50,fan_eff_mod,2,0,0,-0,0,0,0,0,3,3,0.280681825699239,0
ood_combo,DS02,11,50,fan_flow_mod,3,0,0,-0.00107371766901122,0,0,0,0,3,3,0.280681825699239,0
ood_combo,DS02,11,50,HPC_eff_mod,4,0,0,-0,0,0,0,0,3,3,0.280681825699239,0
ood_combo,DS02,11,50,HPC_flow_mod,5,0,0,-0.00158010904360741,0,0,0,0,3,3,0.280681825699239,0
ood_combo,DS02,11,50,LPT_eff_mod,6,0,-0.0638980609839285,-0.0851963321508214,1,1,2,2,3,3,0.280681825699239,0
ood_combo,DS02,11,50,LPT_flow_mod,7,0,-0.186013394497328,-0.28378215635715,1,1,3,3,3,3,0.280681825699239,0
ood_combo,DS02,11,50,LPC_eff_mod,8,0,0,-0.000135381639742731,0,0,0,0,3,3,0.280681825699239,0
ood_combo,DS02,11,50,LPC_flow_mod,9,0,0,-0.0011250895355157,0,0,0,0,3,3,0.280681825699239,0
ood_combo,DS02,11,51,HPT_eff_mod,1,0,-0.333764204367177,-0.279703452229229,1,1,3,3,3,3,0.231205329026804,0
ood_combo,DS02,11,51,fan_eff_mod,2,0,0,-0,0,0,0,0,3,3,0.231205329026804,0
ood_combo,DS02,11,51,fan_flow_mod,3,0,0,-0.00107371766901122,0,0,0,0,3,3,0.231205329026804,0
ood_combo,DS02,11,51,HPC_eff_mod,4,0,0,-0,0,0,0,0,3,3,0.231205329026804,0
ood_combo,DS02,11,51,HPC_flow_mod,5,0,0,-0.00158010904360741,0,0,0,0,3,3,0.231205329026804,0
ood_combo,DS02,11,51,LPT_eff_mod,6,0,-0.0733147783532109,-0.0941984876310351,1,1,2,2,3,3,0.231205329026804,0
ood_combo,DS02,11,51,LPT_flow_mod,7,0,-0.199835072945806,-0.28378215635715,1,1,3,3,3,3,0.231205329026804,0
ood_combo,DS02,11,51,LPC_eff_mod,8,0,0,-0.000135381639742731,0,0,0,0,3,3,0.231205329026804,0
ood_combo,DS02,11,51,LPC_flow_mod,9,0,0,-0.0011250895355157,0,0,0,0,3,3,0.231205329026804,0
ood_combo,DS02,11,52,HPT_eff_mod,1,0,-0.359199361763858,-0.279703452229229,1,1,3,3,3,3,0.264799957413242,0
ood_combo,DS02,11,52,fan_eff_mod,2,0,0,-0,0,0,0,0,3,3,0.264799957413242,0
ood_combo,DS02,11,52,fan_flow_mod,3,0,0,-0.00107371766901122,0,0,0,0,3,3,0.264799957413242,0
ood_combo,DS02,11,52,HPC_eff_mod,4,0,0,-0,0,0,0,0,3,3,0.264799957413242,0
ood_combo,DS02,11,52,HPC_flow_mod,5,0,0,-0.00158010904360741,0,0,0,0,3,3,0.264799957413242,0
ood_combo,DS02,11,52,LPT_eff_mod,6,0,-0.0790640105648825,-0.0941984876310351,1,1,2,2,3,3,0.264799957413242,0
ood_combo,DS02,11,52,LPT_flow_mod,7,0,-0.201130274139069,-0.28378215635715,1,1,3,3,3,3,0.264799957413242,0
ood_combo,DS02,11,52,LPC_eff_mod,8,0,0,-0.000135381639742731,0,0,0,0,3,3,0.264799957413242,0
ood_combo,DS02,11,52,LPC_flow_mod,9,0,0,-0.0011250895355157,0,0,0,0,3,3,0.264799957413242,0
ood_combo,DS02,11,53,HPT_eff_mod,1,0,-0.385147253792971,-0.370753165298475,1,1,3,3,3,3,0.280263892659163,0
ood_combo,DS02,11,53,fan_eff_mod,2,0,0,-0,0,0,0,0,3,3,0.280263892659163,0
ood_combo,DS02,11,53,fan_flow_mod,3,0,0,-0.00107371766901122,0,0,0,0,3,3,0.280263892659163,0
ood_combo,DS02,11,53,HPC_eff_mod,4,0,0,-0,0,0,0,0,3,3,0.280263892659163,0
ood_combo,DS02,11,53,HPC_flow_mod,5,0,0,-0.0056023142657271,0,0,0,0,3,3,0.280263892659163,0
ood_combo,DS02,11,53,LPT_eff_mod,6,0,-0.0793667601782154,-0.0941984876310351,1,1,2,2,3,3,0.280263892659163,0
ood_combo,DS02,11,53,LPT_flow_mod,7,0,-0.226526459228174,-0.285539722149367,1,1,3,3,3,3,0.280263892659163,0
ood_combo,DS02,11,53,LPC_eff_mod,8,0,0,-0.000944586138912306,0,0,0,0,3,3,0.280263892659163,0
ood_combo,DS02,11,53,LPC_flow_mod,9,0,0,-0.0011250895355157,0,0,0,0,3,3,0.280263892659163,0
ood_combo,DS02,11,54,HPT_eff_mod,1,0,-0.4080183137408,-0.413909939080874,1,1,3,3,3,3,0.116557179596167,0
ood_combo,DS02,11,54,fan_eff_mod,2,0,0,-0,0,0,0,0,3,3,0.116557179596167,0
ood_combo,DS02,11,54,fan_flow_mod,3,0,0,-0.00107371766901122,0,0,0,0,3,3,0.116557179596167,0
ood_combo,DS02,11,54,HPC_eff_mod,4,0,0,-0,0,0,0,0,3,3,0.116557179596167,0
ood_combo,DS02,11,54,HPC_flow_mod,5,0,0,-0.0056023142657271,0,0,0,0,3,3,0.116557179596167,0
ood_combo,DS02,11,54,LPT_eff_mod,6,0,-0.0933215564946847,-0.0941984876310351,1,1,2,2,3,3,0.116557179596167,0
ood_combo,DS02,11,54,LPT_flow_mod,7,0,-0.256733254782167,-0.297944767900599,1,1,3,3,3,3,0.116557179596167,0
ood_combo,DS02,11,54,LPC_eff_mod,8,0,0,-0.000944586138912306,0,0,0,0,3,3,0.116557179596167,0
ood_combo,DS02,11,54,LPC_flow_mod,9,0,0,-0.0011250895355157,0,0,0,0,3,3,0.116557179596167,0
ood_combo,DS02,11,55,HPT_eff_mod,1,0,-0.459781839373904,-0.46716789926614,1,1,3,3,3,3,0.225963794839311,0
ood_combo,DS02,11,55,fan_eff_mod,2,0,0,-0,0,0,0,0,3,3,0.225963794839311,0
ood_combo,DS02,11,55,fan_flow_mod,3,0,0,-0.00107371766901122,0,0,0,0,3,3,0.225963794839311,0
ood_combo,DS02,11,55,HPC_eff_mod,4,0,0,-0,0,0,0,0,3,3,0.225963794839311,0
ood_combo,DS02,11,55,HPC_flow_mod,5,0,0,-0.0056023142657271,0,0,0,0,3,3,0.225963794839311,0
ood_combo,DS02,11,55,LPT_eff_mod,6,0,-0.0910551747786704,-0.0941984876310351,1,1,2,2,3,3,0.225963794839311,0
ood_combo,DS02,11,55,LPT_flow_mod,7,0,-0.260122547287119,-0.307265133525202,1,1,3,3,3,3,0.225963794839311,0
ood_combo,DS02,11,55,LPC_eff_mod,8,0,0,-0.000944586138912306,0,0,0,0,3,3,0.225963794839311,0
ood_combo,DS02,11,55,LPC_flow_mod,9,0,0,-0.0011250895355157,0,0,0,0,3,3,0.225963794839311,0
ood_combo,DS02,11,56,HPT_eff_mod,1,0,-0.493718571774099,-0.502876705322772,1,1,3,3,3,3,0.215608264721116,0
ood_combo,DS02,11,56,fan_eff_mod,2,0,0,-0,0,0,0,0,3,3,0.215608264721116,0
ood_combo,DS02,11,56,fan_flow_mod,3,0,0,-0.00107371766901122,0,0,0,0,3,3,0.215608264721116,0
ood_combo,DS02,11,56,HPC_eff_mod,4,0,0,-0,0,0,0,0,3,3,0.215608264721116,0
ood_combo,DS02,11,56,HPC_flow_mod,5,0,0,-0.0056023142657271,0,0,0,0,3,3,0.215608264721116,0
ood_combo,DS02,11,56,LPT_eff_mod,6,0,-0.10155041008764,-0.103964210885893,1,1,2,2,3,3,0.215608264721116,0
ood_combo,DS02,11,56,LPT_flow_mod,7,0,-0.273343771096757,-0.307265133525202,1,1,3,3,3,3,0.215608264721116,0
ood_combo,DS02,11,56,LPC_eff_mod,8,0,0,-0.000944586138912306,0,0,0,0,3,3,0.215608264721116,0
ood_combo,DS02,11,56,LPC_flow_mod,9,0,0,-0.0011250895355157,0,0,0,0,3,3,0.215608264721116,0
ood_combo,DS02,11,57,HPT_eff_mod,1,0,-0.534082891915378,-0.532797069104158,1,1,3,3,3,3,0.139835906862928,0
ood_combo,DS02,11,57,fan_eff_mod,2,0,0,-0.00317601001081333,0,0,0,0,3,3,0.139835906862928,0
ood_combo,DS02,11,57,fan_flow_mod,3,0,0,-0.00107371766901122,0,0,0,0,3,3,0.139835906862928,0
ood_combo,DS02,11,57,HPC_eff_mod,4,0,0,-0,0,0,0,0,3,3,0.139835906862928,0
ood_combo,DS02,11,57,HPC_flow_mod,5,0,0,-0.00735677426438151,0,0,0,0,3,3,0.139835906862928,0
ood_combo,DS02,11,57,LPT_eff_mod,6,0,-0.108013424821375,-0.103964210885893,1,1,2,2,3,3,0.139835906862928,0
ood_combo,DS02,11,57,LPT_flow_mod,7,0,-0.306119078043672,-0.339180113676765,1,1,3,3,3,3,0.139835906862928,0
ood_combo,DS02,11,57,LPC_eff_mod,8,0,0,-0.000944586138912306,0,0,0,0,3,3,0.139835906862928,0
ood_combo,DS02,11,57,LPC_flow_mod,9,0,0,-0.0011250895355157,0,0,0,0,3,3,0.139835906862928,0
ood_combo,DS02,11,58,HPT_eff_mod,1,0,-0.579716646843228,-0.593631291850048,1,1,3,3,3,3,0.328467670747052,0
ood_combo,DS02,11,58,fan_eff_mod,2,0,0,-0.00317601001081333,0,0,0,0,3,3,0.328467670747052,0
ood_combo,DS02,11,58,fan_flow_mod,3,0,0,-0.00107371766901122,0,0,0,0,3,3,0.328467670747052,0
ood_combo,DS02,11,58,HPC_eff_mod,4,0,0,-0,0,0,0,0,3,3,0.328467670747052,0
ood_combo,DS02,11,58,HPC_flow_mod,5,0,0,-0.00749634810565519,0,0,0,0,3,3,0.328467670747052,0
ood_combo,DS02,11,58,LPT_eff_mod,6,0,-0.114079350336754,-0.103964210885893,1,1,2,2,3,3,0.328467670747052,0
ood_combo,DS02,11,58,LPT_flow_mod,7,0,-0.320106596344902,-0.367240769526774,1,1,3,3,3,3,0.328467670747052,0
ood_combo,DS02,11,58,LPC_eff_mod,8,0,0,-0.00295273886833948,0,0,0,0,3,3,0.328467670747052,0
ood_combo,DS02,11,58,LPC_flow_mod,9,0,0,-0.0011250895355157,0,0,0,0,3,3,0.328467670747052,0
ood_combo,DS02,11,59,HPT_eff_mod,1,0,-0.633325864533655,-0.606145846488084,1,1,3,3,3,3,0.236808651189381,0
ood_combo,DS02,11,59,fan_eff_mod,2,0,0,-0.00317601001081333,0,0,0,0,3,3,0.236808651189381,0
ood_combo,DS02,11,59,fan_flow_mod,3,0,0,-0.00475531941512069,0,0,0,0,3,3,0.236808651189381,0
ood_combo,DS02,11,59,HPC_eff_mod,4,0,0,-0,0,0,0,0,3,3,0.236808651189381,0
ood_combo,DS02,11,59,HPC_flow_mod,5,0,0,-0.00749634810565519,0,0,0,0,3,3,0.236808651189381,0
ood_combo,DS02,11,59,LPT_eff_mod,6,0,-0.121719777852029,-0.107438116940232,1,1,2,2,3,3,0.236808651189381,0
ood_combo,DS02,11,59,LPT_flow_mod,7,0,-0.351087939350381,-0.367240769526774,1,1,3,3,3,3,0.236808651189381,0
ood_combo,DS02,11,59,LPC_eff_mod,8,0,0,-0.00295273886833948,0,0,0,0,3,3,0.236808651189381,0
ood_combo,DS02,11,59,LPC_flow_mod,9,0,0,-0.027922604934158,0,0,0,0,3,3,0.236808651189381,0
ood_combo,DS02,14,1,HPT_eff_mod,1,1,-0.00124471493296571,-0,0,0,0,0,0,0,0.118687260250081,0
ood_combo,DS02,14,1,fan_eff_mod,2,1,0,-0,0,0,0,0,0,0,0.118687260250081,0
ood_combo,DS02,14,1,fan_flow_mod,3,1,0,-0,0,0,0,0,0,0,0.118687260250081,0
ood_combo,DS02,14,1,HPC_eff_mod,4,1,0,-0,0,0,0,0,0,0,0.118687260250081,0
ood_combo,DS02,14,1,HPC_flow_mod,5,1,0,-0,0,0,0,0,0,0,0.118687260250081,0
ood_combo,DS02,14,1,LPT_eff_mod,6,1,0.00108970190566666,-0,0,0,0,0,0,0,0.118687260250081,0
ood_combo,DS02,14,1,LPT_flow_mod,7,1,-0.00370688783967513,-0,0,0,0,0,0,0,0.118687260250081,0
ood_combo,DS02,14,1,LPC_eff_mod,8,1,0,-0,0,0,0,0,0,0,0.118687260250081,0
ood_combo,DS02,14,1,LPC_flow_mod,9,1,0,-0,0,0,0,0,0,0,0.118687260250081,0
ood_combo,DS02,14,2,HPT_eff_mod,1,1,-0.00460150648652801,-0,0,0,0,0,0,0,0.0763861367256204,0
ood_combo,DS02,14,2,fan_eff_mod,2,1,0,-0,0,0,0,0,0,0,0.0763861367256204,0
ood_combo,DS02,14,2,fan_flow_mod,3,1,0,-0.000512169970607593,0,0,0,0,0,0,0.0763861367256204,0
ood_combo,DS02,14,2,HPC_eff_mod,4,1,0,-0,0,0,0,0,0,0,0.0763861367256204,0
ood_combo,DS02,14,2,HPC_flow_mod,5,1,0,-0,0,0,0,0,0,0,0.0763861367256204,0
ood_combo,DS02,14,2,LPT_eff_mod,6,1,-0.00253798751690675,-0,0,0,0,0,0,0,0.0763861367256204,0
ood_combo,DS02,14,2,LPT_flow_mod,7,1,0.00275207771038021,-0.000767195953516883,0,0,0,0,0,0,0.0763861367256204,0
ood_combo,DS02,14,2,LPC_eff_mod,8,1,0,-0,0,0,0,0,0,0,0.0763861367256204,0
ood_combo,DS02,14,2,LPC_flow_mod,9,1,0,-0.000829371693646878,0,0,0,0,0,0,0.0763861367256204,0
ood_combo,DS02,14,3,HPT_eff_mod,1,1,0.00584622141949299,-0,0,0,0,0,0,0,0.0735007477285152,0
ood_combo,DS02,14,3,fan_eff_mod,2,1,0,-0,0,0,0,0,0,0,0.0735007477285152,0
ood_combo,DS02,14,3,fan_flow_mod,3,1,0,-0.000512169970607593,0,0,0,0,0,0,0.0735007477285152,0
ood_combo,DS02,14,3,HPC_eff_mod,4,1,0,-0,0,0,0,0,0,0,0.0735007477285152,0
ood_combo,DS02,14,3,HPC_flow_mod,5,1,0,-0,0,0,0,0,0,0,0.0735007477285152,0
ood_combo,DS02,14,3,LPT_eff_mod,6,1,0.0014482856112409,-0,0,0,0,0,0,0,0.0735007477285152,0
ood_combo,DS02,14,3,LPT_flow_mod,7,1,0.000954810129294695,-0.000767195953516883,0,0,0,0,0,0,0.0735007477285152,0
ood_combo,DS02,14,3,LPC_eff_mod,8,1,0,-0,0,0,0,0,0,0,0.0735007477285152,0
ood_combo,DS02,14,3,LPC_flow_mod,9,1,0,-0.00181175776124622,0,0,0,0,0,0,0.0735007477285152,0
ood_combo,DS02,14,4,HPT_eff_mod,1,1,0.0023901841496012,-0,0,0,0,0,0,0,0.138189170646501,0
ood_combo,DS02,14,4,fan_eff_mod,2,1,0,-0,0,0,0,0,0,0,0.138189170646501,0
ood_combo,DS02,14,4,fan_flow_mod,3,1,0,-0.000512169970607593,0,0,0,0,0,0,0.138189170646501,0
ood_combo,DS02,14,4,HPC_eff_mod,4,1,0,-0,0,0,0,0,0,0,0.138189170646501,0
ood_combo,DS02,14,4,HPC_flow_mod,5,1,0,-0,0,0,0,0,0,0,0.138189170646501,0
ood_combo,DS02,14,4,LPT_eff_mod,6,1,-0.00343800969460278,-0,0,0,0,0,0,0,0.138189170646501,0
ood_combo,DS02,14,4,LPT_flow_mod,7,1,-0.00933017338640988,-0.00603125007483154,0,0,0,0,0,0,0.138189170646501,0
ood_combo,DS02,14,4,LPC_eff_mod,8,1,0,-0,0,0,0,0,0,0,0.138189170646501,0
ood_combo,DS02,14,4,LPC_flow_mod,9,1,0,-0.00181175776124622,0,0,0,0,0,0,0.138189170646501,0
ood_combo,DS02,14,5,HPT_eff_mod,1,1,0.00533653718662707,-0,0,0,0,0,0,0,0.171037905211696,0
ood_combo,DS02,14,5,fan_eff_mod,2,1,0,-0,0,0,0,0,0,0,0.171037905211696,0
ood_combo,DS02,14,5,fan_flow_mod,3,1,0,-0.000512169970607593,0,0,0,0,0,0,0.171037905211696,0
ood_combo,DS02,14,5,HPC_eff_mod,4,1,0,-0,0,0,0,0,0,0,0.171037905211696,0
ood_combo,DS02,14,5,HPC_flow_mod,5,1,0,-0,0,0,0,0,0,0,0.171037905211696,0
ood_combo,DS02,14,5,LPT_eff_mod,6,1,-0.00434663472556904,-0,0,0,0,0,0,0,0.171037905211696,0
ood_combo,DS02,14,5,LPT_flow_mod,7,1,-0.00937983150402389,-0.00603125007483154,0,0,0,0,0,0,0.171037905211696,0
ood_combo,DS02,14,5,LPC_eff_mod,8,1,0,-0,0,0,0,0,0,0,0.171037905211696,0
ood_combo,DS02,14,5,LPC_flow_mod,9,1,0,-0.00181175776124622,0,0,0,0,0,0,0.171037905211696,0
ood_combo,DS02,14,6,HPT_eff_mod,1,1,-0.0083049316727261,-0,0,0,0,0,0,0,0.152146818642432,0
ood_combo,DS02,14,6,fan_eff_mod,2,1,0,-0,0,0,0,0,0,0,0.152146818642432,0
ood_combo,DS02,14,6,fan_flow_mod,3,1,0,-0.000512169970607593,0,0,0,0,0,0,0.152146818642432,0
ood_combo,DS02,14,6,HPC_eff_mod,4,1,0,-0,0,0,0,0,0,0,0.152146818642432,0
ood_combo,DS02,14,6,HPC_flow_mod,5,1,0,-0,0,0,0,0,0,0,0.152146818642432,0
ood_combo,DS02,14,6,LPT_eff_mod,6,1,-0.000395024311490378,-0,0,0,0,0,0,0,0.152146818642432,0
ood_combo,DS02,14,6,LPT_flow_mod,7,1,-0.00586665617947873,-0.00603125007483154,0,0,0,0,0,0,0.152146818642432,0
ood_combo,DS02,14,6,LPC_eff_mod,8,1,0,-0,0,0,0,0,0,0,0.152146818642432,0
ood_combo,DS02,14,6,LPC_flow_mod,9,1,0,-0.00181175776124622,0,0,0,0,0,0,0.152146818642432,0
ood_combo,DS02,14,7,HPT_eff_mod,1,1,-0.000778805186035188,-0,0,0,0,0,0,0,0.143761035495808,0
ood_combo,DS02,14,7,fan_eff_mod,2,1,0,-0,0,0,0,0,0,0,0.143761035495808,0
ood_combo,DS02,14,7,fan_flow_mod,3,1,0,-0.000512169970607593,0,0,0,0,0,0,0.143761035495808,0
ood_combo,DS02,14,7,HPC_eff_mod,4,1,0,-0,0,0,0,0,0,0,0.143761035495808,0
ood_combo,DS02,14,7,HPC_flow_mod,5,1,0,-0,0,0,0,0,0,0,0.143761035495808,0
ood_combo,DS02,14,7,LPT_eff_mod,6,1,-0.00039277768846117,-0,0,0,0,0,0,0,0.143761035495808,0
ood_combo,DS02,14,7,LPT_flow_mod,7,1,-0.00733562805419397,-0.00603125007483154,0,0,0,0,0,0,0.143761035495808,0
ood_combo,DS02,14,7,LPC_eff_mod,8,1,0,-0,0,0,0,0,0,0,0.143761035495808,0
ood_combo,DS02,14,7,LPC_flow_mod,9,1,0,-0.00181175776124622,0,0,0,0,0,0,0.143761035495808,0
ood_combo,DS02,14,8,HPT_eff_mod,1,1,0.00568199188357565,-0,0,0,0,0,0,0,0.183556560801274,0
ood_combo,DS02,14,8,fan_eff_mod,2,1,0,-0,0,0,0,0,0,0,0.183556560801274,0
ood_combo,DS02,14,8,fan_flow_mod,3,1,0,-0.000512169970607593,0,0,0,0,0,0,0.183556560801274,0
ood_combo,DS02,14,8,HPC_eff_mod,4,1,0,-0,0,0,0,0,0,0,0.183556560801274,0
ood_combo,DS02,14,8,HPC_flow_mod,5,1,0,-0,0,0,0,0,0,0,0.183556560801274,0
ood_combo,DS02,14,8,LPT_eff_mod,6,1,-0.00102726190000118,-0,0,0,0,0,0,0,0.183556560801274,0
ood_combo,DS02,14,8,LPT_flow_mod,7,1,-0.00634570663464398,-0.00603125007483154,0,0,0,0,0,0,0.183556560801274,0
ood_combo,DS02,14,8,LPC_eff_mod,8,1,0,-0,0,0,0,0,0,0,0.183556560801274,0
ood_combo,DS02,14,8,LPC_flow_mod,9,1,0,-0.00181175776124622,0,0,0,0,0,0,0.183556560801274,0
ood_combo,DS02,14,9,HPT_eff_mod,1,1,-0.0032614373661238,-0,0,0,0,0,0,0,0.256629129320448,0
ood_combo,DS02,14,9,fan_eff_mod,2,1,0,-0,0,0,0,0,0,0,0.256629129320448,0
ood_combo,DS02,14,9,fan_flow_mod,3,1,0,-0.000512169970607593,0,0,0,0,0,0,0.256629129320448,0
ood_combo,DS02,14,9,HPC_eff_mod,4,1,0,-0,0,0,0,0,0,0,0.256629129320448,0
ood_combo,DS02,14,9,HPC_flow_mod,5,1,0,-0,0,0,0,0,0,0,0.256629129320448,0
ood_combo,DS02,14,9,LPT_eff_mod,6,1,0.000997804774404493,-0,0,0,0,0,0,0,0.256629129320448,0
ood_combo,DS02,14,9,LPT_flow_mod,7,1,-0.00904147562283376,-0.0149979787843672,0,0,0,0,0,0,0.256629129320448,0
ood_combo,DS02,14,9,LPC_eff_mod,8,1,0,-0,0,0,0,0,0,0,0.256629129320448,0
ood_combo,DS02,14,9,LPC_flow_mod,9,1,0,-0.00181175776124622,0,0,0,0,0,0,0.256629129320448,0
ood_combo,DS02,14,10,HPT_eff_mod,1,1,-0.00986623039643919,-0,0,0,0,0,0,0,0.219617762160434,0
ood_combo,DS02,14,10,fan_eff_mod,2,1,0,-0,0,0,0,0,0,0,0.219617762160434,0
ood_combo,DS02,14,10,fan_flow_mod,3,1,0,-0.000512169970607593,0,0,0,0,0,0,0.219617762160434,0
ood_combo,DS02,14,10,HPC_eff_mod,4,1,0,-0,0,0,0,0,0,0,0.219617762160434,0
ood_combo,DS02,14,10,HPC_flow_mod,5,1,0,-0,0,0,0,0,0,0,0.219617762160434,0
ood_combo,DS02,14,10,LPT_eff_mod,6,1,-0.0055700466592523,-0,0,0,0,0,0,0,0.219617762160434,0
ood_combo,DS02,14,10,LPT_flow_mod,7,1,-0.00326289998337946,-0.0149979787843672,0,0,0,0,0,0,0.219617762160434,0
ood_combo,DS02,14,10,LPC_eff_mod,8,1,0,-0,0,0,0,0,0,0,0.219617762160434,0
ood_combo,DS02,14,10,LPC_flow_mod,9,1,0,-0.00181175776124622,0,0,0,0,0,0,0.219617762160434,0
ood_combo,DS02,14,11,HPT_eff_mod,1,1,-0.00370130368309186,-0,0,0,0,0,0,0,0.263866686053806,0
ood_combo,DS02,14,11,fan_eff_mod,2,1,0,-0,0,0,0,0,0,0,0.263866686053806,0
ood_combo,DS02,14,11,fan_flow_mod,3,1,0,-0.000512169970607593,0,0,0,0,0,0,0.263866686053806,0
ood_combo,DS02,14,11,HPC_eff_mod,4,1,0,-0,0,0,0,0,0,0,0.263866686053806,0
ood_combo,DS02,14,11,HPC_flow_mod,5,1,0,-0,0,0,0,0,0,0,0.263866686053806,0
ood_combo,DS02,14,11,LPT_eff_mod,6,1,-0.00482504269598383,-0.0079226940495388,0,0,0,0,0,0,0.263866686053806,0
ood_combo,DS02,14,11,LPT_flow_mod,7,1,-0.00632837218381425,-0.0149979787843672,0,0,0,0,0,0,0.263866686053806,0
ood_combo,DS02,14,11,LPC_eff_mod,8,1,0,-0,0,0,0,0,0,0,0.263866686053806,0
ood_combo,DS02,14,11,LPC_flow_mod,9,1,0,-0.00181175776124622,0,0,0,0,0,0,0.263866686053806,0
ood_combo,DS02,14,12,HPT_eff_mod,1,1,-0.00362569653738782,-0,0,0,0,0,0,0,0.17995612658824,0
ood_combo,DS02,14,12,fan_eff_mod,2,1,0,-0,0,0,0,0,0,0,0.17995612658824,0
ood_combo,DS02,14,12,fan_flow_mod,3,1,0,-0.000512169970607593,0,0,0,0,0,0,0.17995612658824,0
ood_combo,DS02,14,12,HPC_eff_mod,4,1,0,-0,0,0,0,0,0,0,0.17995612658824,0
ood_combo,DS02,14,12,HPC_flow_mod,5,1,0,-0,0,0,0,0,0,0,0.17995612658824,0
ood_combo,DS02,14,12,LPT_eff_mod,6,1,-0.00596022581411427,-0.0079226940495388,0,0,0,0,0,0,0.17995612658824,0
ood_combo,DS02,14,12,LPT_flow_mod,7,1,-0.00876468154472454,-0.0149979787843672,0,0,0,0,0,0,0.17995612658824,0
ood_combo,DS02,14,12,LPC_eff_mod,8,1,0,-0,0,0,0,0,0,0,0.17995612658824,0
ood_combo,DS02,14,12,LPC_flow_mod,9,1,0,-0.00181175776124622,0,0,0,0,0,0,0.17995612658824,0
ood_combo,DS02,14,13,HPT_eff_mod,1,1,-0.0180482525181469,-0,0,0,0,0,0,2,0.12471490298063,0
ood_combo,DS02,14,13,fan_eff_mod,2,1,0,-0,0,0,0,0,0,2,0.12471490298063,0
ood_combo,DS02,14,13,fan_flow_mod,3,1,0,-0.000512169970607593,0,0,0,0,0,2,0.12471490298063,0
ood_combo,DS02,14,13,HPC_eff_mod,4,1,0,-0,0,0,0,0,0,2,0.12471490298063,0
ood_combo,DS02,14,13,HPC_flow_mod,5,1,0,-0,0,0,0,0,0,2,0.12471490298063,0
ood_combo,DS02,14,13,LPT_eff_mod,6,1,-0.00677226992623382,-0.0079226940495388,0,0,0,0,0,2,0.12471490298063,0
ood_combo,DS02,14,13,LPT_flow_mod,7,1,-0.00929559644088505,-0.0293901743244034,0,1,0,2,0,2,0.12471490298063,0
ood_combo,DS02,14,13,LPC_eff_mod,8,1,0,-0,0,0,0,0,0,2,0.12471490298063,0
ood_combo,DS02,14,13,LPC_flow_mod,9,1,0,-0.00181175776124622,0,0,0,0,0,2,0.12471490298063,0
ood_combo,DS02,14,14,HPT_eff_mod,1,1,-0.0163742732151059,-0,0,0,0,0,0,2,0.158036686756389,0
ood_combo,DS02,14,14,fan_eff_mod,2,1,0,-0,0,0,0,0,0,2,0.158036686756389,0
ood_combo,DS02,14,14,fan_flow_mod,3,1,0,-0.000512169970607593,0,0,0,0,0,2,0.158036686756389,0
ood_combo,DS02,14,14,HPC_eff_mod,4,1,0,-0,0,0,0,0,0,2,0.158036686756389,0
ood_combo,DS02,14,14,HPC_flow_mod,5,1,0,-0,0,0,0,0,0,2,0.158036686756389,0
ood_combo,DS02,14,14,LPT_eff_mod,6,1,-0.00777974715421744,-0.0141796090589271,0,0,0,0,0,2,0.158036686756389,0
ood_combo,DS02,14,14,LPT_flow_mod,7,1,-0.0131708954643859,-0.0293901743244034,0,1,0,2,0,2,0.158036686756389,0
ood_combo,DS02,14,14,LPC_eff_mod,8,1,0,-0,0,0,0,0,0,2,0.158036686756389,0
ood_combo,DS02,14,14,LPC_flow_mod,9,1,0,-0.00181175776124622,0,0,0,0,0,2,0.158036686756389,0
ood_combo,DS02,14,15,HPT_eff_mod,1,1,-0.0173701957335005,-0,0,0,0,0,0,2,0.197206748270095,0
ood_combo,DS02,14,15,fan_eff_mod,2,1,0,-0,0,0,0,0,0,2,0.197206748270095,0
ood_combo,DS02,14,15,fan_flow_mod,3,1,0,-0.000512169970607593,0,0,0,0,0,2,0.197206748270095,0
ood_combo,DS02,14,15,HPC_eff_mod,4,1,0,-0,0,0,0,0,0,2,0.197206748270095,0
ood_combo,DS02,14,15,HPC_flow_mod,5,1,0,-0,0,0,0,0,0,2,0.197206748270095,0
ood_combo,DS02,14,15,LPT_eff_mod,6,1,-0.00599931618537318,-0.0141796090589271,0,0,0,0,0,2,0.197206748270095,0
ood_combo,DS02,14,15,LPT_flow_mod,7,1,-0.0152738368553827,-0.0293901743244034,0,1,0,2,0,2,0.197206748270095,0
ood_combo,DS02,14,15,LPC_eff_mod,8,1,0,-0,0,0,0,0,0,2,0.197206748270095,0
ood_combo,DS02,14,15,LPC_flow_mod,9,1,0,-0.00181175776124622,0,0,0,0,0,2,0.197206748270095,0
ood_combo,DS02,14,16,HPT_eff_mod,1,1,-0.000720363288097589,-0,0,0,0,0,0,2,0.120391549826398,0
ood_combo,DS02,14,16,fan_eff_mod,2,1,0,-0,0,0,0,0,0,2,0.120391549826398,0
ood_combo,DS02,14,16,fan_flow_mod,3,1,0,-0.000512169970607593,0,0,0,0,0,2,0.120391549826398,0
ood_combo,DS02,14,16,HPC_eff_mod,4,1,0,-0,0,0,0,0,0,2,0.120391549826398,0
ood_combo,DS02,14,16,HPC_flow_mod,5,1,0,-0,0,0,0,0,0,2,0.120391549826398,0
ood_combo,DS02,14,16,LPT_eff_mod,6,1,-0.00942429965840067,-0.0141796090589271,0,0,0,0,0,2,0.120391549826398,0
ood_combo,DS02,14,16,LPT_flow_mod,7,1,-0.013908050987317,-0.0293901743244034,0,1,0,2,0,2,0.120391549826398,0
ood_combo,DS02,14,16,LPC_eff_mod,8,1,0,-0,0,0,0,0,0,2,0.120391549826398,0
ood_combo,DS02,14,16,LPC_flow_mod,9,1,0,-0.00181175776124622,0,0,0,0,0,2,0.120391549826398,0
ood_combo,DS02,14,17,HPT_eff_mod,1,1,-0.0085422872553468,-0,0,0,0,0,0,2,0.203212788968672,0
ood_combo,DS02,14,17,fan_eff_mod,2,1,0,-0,0,0,0,0,0,2,0.203212788968672,0
ood_combo,DS02,14,17,fan_flow_mod,3,1,0,-0.000512169970607593,0,0,0,0,0,2,0.203212788968672,0
ood_combo,DS02,14,17,HPC_eff_mod,4,1,0,-0,0,0,0,0,0,2,0.203212788968672,0
ood_combo,DS02,14,17,HPC_flow_mod,5,1,0,-0,0,0,0,0,0,2,0.203212788968672,0
ood_combo,DS02,14,17,LPT_eff_mod,6,1,-0.0054069188722286,-0.0141796090589271,0,0,0,0,0,2,0.203212788968672,0
ood_combo,DS02,14,17,LPT_flow_mod,7,1,-0.0156977578616591,-0.0293901743244034,0,1,0,2,0,2,0.203212788968672,0
ood_combo,DS02,14,17,LPC_eff_mod,8,1,0,-0,0,0,0,0,0,2,0.203212788968672,0
ood_combo,DS02,14,17,LPC_flow_mod,9,1,0,-0.00181175776124622,0,0,0,0,0,2,0.203212788968672,0
ood_combo,DS02,14,18,HPT_eff_mod,1,1,-0.0189029774291353,-0,0,0,0,0,0,2,0.19780789147089,0
ood_combo,DS02,14,18,fan_eff_mod,2,1,0,-0,0,0,0,0,0,2,0.19780789147089,0
ood_combo,DS02,14,18,fan_flow_mod,3,1,0,-0.000512169970607593,0,0,0,0,0,2,0.19780789147089,0
ood_combo,DS02,14,18,HPC_eff_mod,4,1,0,-0,0,0,0,0,0,2,0.19780789147089,0
ood_combo,DS02,14,18,HPC_flow_mod,5,1,0,-0,0,0,0,0,0,2,0.19780789147089,0
ood_combo,DS02,14,18,LPT_eff_mod,6,1,-0.0135256731597075,-0.0148883323171046,0,1,0,1,0,2,0.19780789147089,0
ood_combo,DS02,14,18,LPT_flow_mod,7,1,-0.00775106861749539,-0.0293901743244034,0,1,0,2,0,2,0.19780789147089,0
ood_combo,DS02,14,18,LPC_eff_mod,8,1,0,-0,0,0,0,0,0,2,0.19780789147089,0
ood_combo,DS02,14,18,LPC_flow_mod,9,1,0,-0.00181175776124622,0,0,0,0,0,2,0.19780789147089,0
ood_combo,DS02,14,19,HPT_eff_mod,1,1,-0.0175829948621013,-0,0,0,0,0,0,2,0.256943789811183,0
ood_combo,DS02,14,19,fan_eff_mod,2,1,0,-0,0,0,0,0,0,2,0.256943789811183,0
ood_combo,DS02,14,19,fan_flow_mod,3,1,0,-0.000512169970607593,0,0,0,0,0,2,0.256943789811183,0
ood_combo,DS02,14,19,HPC_eff_mod,4,1,0,-0,0,0,0,0,0,2,0.256943789811183,0
ood_combo,DS02,14,19,HPC_flow_mod,5,1,0,-0,0,0,0,0,0,2,0.256943789811183,0
ood_combo,DS02,14,19,LPT_eff_mod,6,1,-0.00583703428771873,-0.0148883323171046,0,1,0,1,0,2,0.256943789811183,0
ood_combo,DS02,14,19,LPT_flow_mod,7,1,-0.00814199675235794,-0.0352890750226733,0,1,0,2,0,2,0.256943789811183,0
ood_combo,DS02,14,19,LPC_eff_mod,8,1,0,-0,0,0,0,0,0,2,0.256943789811183,0
ood_combo,DS02,14,19,LPC_flow_mod,9,1,0,-0.00181175776124622,0,0,0,0,0,2,0.256943789811183,0
ood_combo,DS02,14,20,HPT_eff_mod,1,1,-0.0168936331461585,-0,0,0,0,0,0,2,0.182216704731221,0
ood_combo,DS02,14,20,fan_eff_mod,2,1,0,-0,0,0,0,0,0,2,0.182216704731221,0
ood_combo,DS02,14,20,fan_flow_mod,3,1,0,-0.000512169970607593,0,0,0,0,0,2,0.182216704731221,0
ood_combo,DS02,14,20,HPC_eff_mod,4,1,0,-0,0,0,0,0,0,2,0.182216704731221,0
ood_combo,DS02,14,20,HPC_flow_mod,5,1,0,-0,0,0,0,0,0,2,0.182216704731221,0
ood_combo,DS02,14,20,LPT_eff_mod,6,1,-0.0138386807772064,-0.0152485383192857,0,1,0,1,0,2,0.182216704731221,0
ood_combo,DS02,14,20,LPT_flow_mod,7,1,-0.0161833701523215,-0.0352890750226733,0,1,0,2,0,2,0.182216704731221,0
ood_combo,DS02,14,20,LPC_eff_mod,8,1,0,-0,0,0,0,0,0,2,0.182216704731221,0
ood_combo,DS02,14,20,LPC_flow_mod,9,1,0,-0.00181175776124622,0,0,0,0,0,2,0.182216704731221,0
ood_combo,DS02,14,21,HPT_eff_mod,1,1,-0.0202325249759994,-0,0,0,0,0,0,2,0.231697570188906,0
ood_combo,DS02,14,21,fan_eff_mod,2,1,0,-0,0,0,0,0,0,2,0.231697570188906,0
ood_combo,DS02,14,21,fan_flow_mod,3,1,0,-0.000512169970607593,0,0,0,0,0,2,0.231697570188906,0
ood_combo,DS02,14,21,HPC_eff_mod,4,1,0,-0,0,0,0,0,0,2,0.231697570188906,0
ood_combo,DS02,14,21,HPC_flow_mod,5,1,0,-0,0,0,0,0,0,2,0.231697570188906,0
ood_combo,DS02,14,21,LPT_eff_mod,6,1,-0.0072685809449888,-0.0152485383192857,0,1,0,1,0,2,0.231697570188906,0
ood_combo,DS02,14,21,LPT_flow_mod,7,1,-0.00989445425926571,-0.0352890750226733,0,1,0,2,0,2,0.231697570188906,0
ood_combo,DS02,14,21,LPC_eff_mod,8,1,0,-0,0,0,0,0,0,2,0.231697570188906,0
ood_combo,DS02,14,21,LPC_flow_mod,9,1,0,-0.00181175776124622,0,0,0,0,0,2,0.231697570188906,0
ood_combo,DS02,14,22,HPT_eff_mod,1,1,-0.020663720087885,-0,0,0,0,0,0,2,0.075641154280386,0
ood_combo,DS02,14,22,fan_eff_mod,2,1,0,-0,0,0,0,0,0,2,0.075641154280386,0
ood_combo,DS02,14,22,fan_flow_mod,3,1,0,-0.000512169970607593,0,0,0,0,0,2,0.075641154280386,0
ood_combo,DS02,14,22,HPC_eff_mod,4,1,0,-0,0,0,0,0,0,2,0.075641154280386,0
ood_combo,DS02,14,22,HPC_flow_mod,5,1,0,-0,0,0,0,0,0,2,0.075641154280386,0
ood_combo,DS02,14,22,LPT_eff_mod,6,1,-0.0118466456377351,-0.0153960542330691,0,1,0,1,0,2,0.075641154280386,0
ood_combo,DS02,14,22,LPT_flow_mod,7,1,-0.0142182041024512,-0.0352890750226733,0,1,0,2,0,2,0.075641154280386,0
ood_combo,DS02,14,22,LPC_eff_mod,8,1,0,-0,0,0,0,0,0,2,0.075641154280386,0
ood_combo,DS02,14,22,LPC_flow_mod,9,1,0,-0.00181175776124622,0,0,0,0,0,2,0.075641154280386,0
ood_combo,DS02,14,23,HPT_eff_mod,1,1,-0.0088493181776611,-0,0,0,0,0,0,2,0.157686292373615,0
ood_combo,DS02,14,23,fan_eff_mod,2,1,0,-0,0,0,0,0,0,2,0.157686292373615,0
ood_combo,DS02,14,23,fan_flow_mod,3,1,0,-0.000512169970607593,0,0,0,0,0,2,0.157686292373615,0
ood_combo,DS02,14,23,HPC_eff_mod,4,1,0,-0,0,0,0,0,0,2,0.157686292373615,0
ood_combo,DS02,14,23,HPC_flow_mod,5,1,0,-0,0,0,0,0,0,2,0.157686292373615,0
ood_combo,DS02,14,23,LPT_eff_mod,6,1,-0.00846439503975639,-0.0156636528851367,0,1,0,1,0,2,0.157686292373615,0
ood_combo,DS02,14,23,LPT_flow_mod,7,1,-0.0164750863665394,-0.0352890750226733,0,1,0,2,0,2,0.157686292373615,0
ood_combo,DS02,14,23,LPC_eff_mod,8,1,0,-0,0,0,0,0,0,2,0.157686292373615,0
ood_combo,DS02,14,23,LPC_flow_mod,9,1,0,-0.00181175776124622,0,0,0,0,0,2,0.157686292373615,0
ood_combo,DS02,14,24,HPT_eff_mod,1,1,-0.0243016867984576,-0,0,0,0,0,0,2,0.176821638686909,0
ood_combo,DS02,14,24,fan_eff_mod,2,1,0,-0,0,0,0,0,0,2,0.176821638686909,0
ood_combo,DS02,14,24,fan_flow_mod,3,1,0,-0.000512169970607593,0,0,0,0,0,2,0.176821638686909,0
ood_combo,DS02,14,24,HPC_eff_mod,4,1,0,-0,0,0,0,0,0,2,0.176821638686909,0
ood_combo,DS02,14,24,HPC_flow_mod,5,1,0,-0,0,0,0,0,0,2,0.176821638686909,0
ood_combo,DS02,14,24,LPT_eff_mod,6,1,-0.00679767642615817,-0.0156636528851367,0,1,0,1,0,2,0.176821638686909,0
ood_combo,DS02,14,24,LPT_flow_mod,7,1,-0.010138063687865,-0.0384815181234605,0,1,0,2,0,2,0.176821638686909,0
ood_combo,DS02,14,24,LPC_eff_mod,8,1,0,-0,0,0,0,0,0,2,0.176821638686909,0
ood_combo,DS02,14,24,LPC_flow_mod,9,1,0,-0.00181175776124622,0,0,0,0,0,2,0.176821638686909,0
ood_combo,DS02,14,25,HPT_eff_mod,1,1,-0.0311807102249393,-0,0,0,0,0,0,2,0.0961781703907526,0
ood_combo,DS02,14,25,fan_eff_mod,2,1,0,-0,0,0,0,0,0,2,0.0961781703907526,0
ood_combo,DS02,14,25,fan_flow_mod,3,1,0,-0.000512169970607593,0,0,0,0,0,2,0.0961781703907526,0
ood_combo,DS02,14,25,HPC_eff_mod,4,1,0,-0,0,0,0,0,0,2,0.0961781703907526,0
ood_combo,DS02,14,25,HPC_flow_mod,5,1,0,-0,0,0,0,0,0,2,0.0961781703907526,0
ood_combo,DS02,14,25,LPT_eff_mod,6,1,-0.00676015578359918,-0.0245590521906633,0,1,0,2,0,2,0.0961781703907526,0
ood_combo,DS02,14,25,LPT_flow_mod,7,1,-0.0174207908693515,-0.0386817251188315,0,1,0,2,0,2,0.0961781703907526,0
ood_combo,DS02,14,25,LPC_eff_mod,8,1,0,-0,0,0,0,0,0,2,0.0961781703907526,0
ood_combo,DS02,14,25,LPC_flow_mod,9,1,0,-0.00181175776124622,0,0,0,0,0,2,0.0961781703907526,0
ood_combo,DS02,14,26,HPT_eff_mod,1,1,-0.0230612348067001,-0,0,0,0,0,0,2,0.218229393329264,0
ood_combo,DS02,14,26,fan_eff_mod,2,1,0,-0,0,0,0,0,0,2,0.218229393329264,0
ood_combo,DS02,14,26,fan_flow_mod,3,1,0,-0.000512169970607593,0,0,0,0,0,2,0.218229393329264,0
ood_combo,DS02,14,26,HPC_eff_mod,4,1,0,-0,0,0,0,0,0,2,0.218229393329264,0
ood_combo,DS02,14,26,HPC_flow_mod,5,1,0,-0,0,0,0,0,0,2,0.218229393329264,0
ood_combo,DS02,14,26,LPT_eff_mod,6,1,-0.0121703534335944,-0.0245590521906633,0,1,0,2,0,2,0.218229393329264,0
ood_combo,DS02,14,26,LPT_flow_mod,7,1,-0.0148955589324262,-0.0386817251188315,0,1,0,2,0,2,0.218229393329264,0
ood_combo,DS02,14,26,LPC_eff_mod,8,1,0,-0,0,0,0,0,0,2,0.218229393329264,0
ood_combo,DS02,14,26,LPC_flow_mod,9,1,0,-0.00181175776124622,0,0,0,0,0,2,0.218229393329264,0
ood_combo,DS02,14,27,HPT_eff_mod,1,1,-0.019749223143801,-0,0,0,0,0,0,2,0.0792499386720923,0
ood_combo,DS02,14,27,fan_eff_mod,2,1,0,-0,0,0,0,0,0,2,0.0792499386720923,0
ood_combo,DS02,14,27,fan_flow_mod,3,1,0,-0.000512169970607593,0,0,0,0,0,2,0.0792499386720923,0
ood_combo,DS02,14,27,HPC_eff_mod,4,1,0,-0,0,0,0,0,0,2,0.0792499386720923,0
ood_combo,DS02,14,27,HPC_flow_mod,5,1,0,-0,0,0,0,0,0,2,0.0792499386720923,0
ood_combo,DS02,14,27,LPT_eff_mod,6,1,-0.0186084681362275,-0.0245590521906633,0,1,0,2,0,2,0.0792499386720923,0
ood_combo,DS02,14,27,LPT_flow_mod,7,1,-0.012026964684104,-0.0386817251188315,0,1,0,2,0,2,0.0792499386720923,0
ood_combo,DS02,14,27,LPC_eff_mod,8,1,0,-0,0,0,0,0,0,2,0.0792499386720923,0
ood_combo,DS02,14,27,LPC_flow_mod,9,1,0,-0.00181175776124622,0,0,0,0,0,2,0.0792499386720923,0
ood_combo,DS02,14,28,HPT_eff_mod,1,1,-0.0247884466440313,-0,0,0,0,0,0,2,0.161770675218012,0
ood_combo,DS02,14,28,fan_eff_mod,2,1,0,-0,0,0,0,0,0,2,0.161770675218012,0
ood_combo,DS02,14,28,fan_flow_mod,3,1,0,-0.000512169970607593,0,0,0,0,0,2,0.161770675218012,0
ood_combo,DS02,14,28,HPC_eff_mod,4,1,0,-0,0,0,0,0,0,2,0.161770675218012,0
ood_combo,DS02,14,28,HPC_flow_mod,5,1,0,-0,0,0,0,0,0,2,0.161770675218012,0
ood_combo,DS02,14,28,LPT_eff_mod,6,1,-0.0173436821648441,-0.0245590521906633,0,1,0,2,0,2,0.161770675218012,0
ood_combo,DS02,14,28,LPT_flow_mod,7,1,-0.024201308541545,-0.0508151689676876,0,1,0,2,0,2,0.161770675218012,0
ood_combo,DS02,14,28,LPC_eff_mod,8,1,0,-0,0,0,0,0,0,2,0.161770675218012,0
ood_combo,DS02,14,28,LPC_flow_mod,9,1,0,-0.00181175776124622,0,0,0,0,0,2,0.161770675218012,0
ood_combo,DS02,14,29,HPT_eff_mod,1,1,-0.0340447687014135,-0,0,0,0,0,0,2,0.0843475316763506,0
ood_combo,DS02,14,29,fan_eff_mod,2,1,0,-0,0,0,0,0,0,2,0.0843475316763506,0
ood_combo,DS02,14,29,fan_flow_mod,3,1,0,-0.000512169970607593,0,0,0,0,0,2,0.0843475316763506,0
ood_combo,DS02,14,29,HPC_eff_mod,4,1,0,-0,0,0,0,0,0,2,0.0843475316763506,0
ood_combo,DS02,14,29,HPC_flow_mod,5,1,0,-0,0,0,0,0,0,2,0.0843475316763506,0
ood_combo,DS02,14,29,LPT_eff_mod,6,1,-0.0114136253186159,-0.0245590521906633,0,1,0,2,0,2,0.0843475316763506,0
ood_combo,DS02,14,29,LPT_flow_mod,7,1,-0.0236072379375621,-0.0546732772083359,0,1,0,2,0,2,0.0843475316763506,0
ood_combo,DS02,14,29,LPC_eff_mod,8,1,0,-0,0,0,0,0,0,2,0.0843475316763506,0
ood_combo,DS02,14,29,LPC_flow_mod,9,1,0,-0.00181175776124622,0,0,0,0,0,2,0.0843475316763506,0
ood_combo,DS02,14,30,HPT_eff_mod,1,1,-0.018016211190378,-0,0,0,0,0,0,2,0.0879007891571844,0
ood_combo,DS02,14,30,fan_eff_mod,2,1,0,-0,0,0,0,0,0,2,0.0879007891571844,0
ood_combo,DS02,14,30,fan_flow_mod,3,1,0,-0.000512169970607593,0,0,0,0,0,2,0.0879007891571844,0
ood_combo,DS02,14,30,HPC_eff_mod,4,1,0,-0,0,0,0,0,0,2,0.0879007891571844,0
ood_combo,DS02,14,30,HPC_flow_mod,5,1,0,-0,0,0,0,0,0,2,0.0879007891571844,0
ood_combo,DS02,14,30,LPT_eff_mod,6,1,-0.0121152939508642,-0.0245590521906633,0,1,0,2,0,2,0.0879007891571844,0
ood_combo,DS02,14,30,LPT_flow_mod,7,1,-0.0244134004069935,-0.0546732772083359,0,1,0,2,0,2,0.0879007891571844,0
ood_combo,DS02,14,30,LPC_eff_mod,8,1,0,-0,0,0,0,0,0,2,0.0879007891571844,0
ood_combo,DS02,14,30,LPC_flow_mod,9,1,0,-0.00181175776124622,0,0,0,0,0,2,0.0879007891571844,0
ood_combo,DS02,14,31,HPT_eff_mod,1,1,-0.0290705690569604,-0,0,0,0,0,0,2,0.153326419243409,0
ood_combo,DS02,14,31,fan_eff_mod,2,1,0,-0,0,0,0,0,0,2,0.153326419243409,0
ood_combo,DS02,14,31,fan_flow_mod,3,1,0,-0.000512169970607593,0,0,0,0,0,2,0.153326419243409,0
ood_combo,DS02,14,31,HPC_eff_mod,4,1,0,-0,0,0,0,0,0,2,0.153326419243409,0
ood_combo,DS02,14,31,HPC_flow_mod,5,1,0,-0,0,0,0,0,0,2,0.153326419243409,0
ood_combo,DS02,14,31,LPT_eff_mod,6,1,-0.0132902339826358,-0.0245590521906633,0,1,0,2,0,2,0.153326419243409,0
ood_combo,DS02,14,31,LPT_flow_mod,7,1,-0.025184129480623,-0.0546732772083359,0,1,0,2,0,2,0.153326419243409,0
ood_combo,DS02,14,31,LPC_eff_mod,8,1,0,-0,0,0,0,0,0,2,0.153326419243409,0
ood_combo,DS02,14,31,LPC_flow_mod,9,1,0,-0.00181175776124622,0,0,0,0,0,2,0.153326419243409,0
ood_combo,DS02,14,32,HPT_eff_mod,1,1,-0.0269631532484791,-0,0,0,0,0,0,2,0.202927169020394,0
ood_combo,DS02,14,32,fan_eff_mod,2,1,0,-0,0,0,0,0,0,2,0.202927169020394,0
ood_combo,DS02,14,32,fan_flow_mod,3,1,0,-0.000512169970607593,0,0,0,0,0,2,0.202927169020394,0
ood_combo,DS02,14,32,HPC_eff_mod,4,1,0,-0,0,0,0,0,0,2,0.202927169020394,0
ood_combo,DS02,14,32,HPC_flow_mod,5,1,0,-0,0,0,0,0,0,2,0.202927169020394,0
ood_combo,DS02,14,32,LPT_eff_mod,6,1,-0.0160913365050784,-0.0245590521906633,0,1,0,2,0,2,0.202927169020394,0
ood_combo,DS02,14,32,LPT_flow_mod,7,1,-0.016352864947632,-0.0546732772083359,0,1,0,2,0,2,0.202927169020394,0
ood_combo,DS02,14,32,LPC_eff_mod,8,1,0,-0,0,0,0,0,0,2,0.202927169020394,0
ood_combo,DS02,14,32,LPC_flow_mod,9,1,0,-0.00181175776124622,0,0,0,0,0,2,0.202927169020394,0
ood_combo,DS02,14,33,HPT_eff_mod,1,1,-0.0240140121682503,-0,0,0,0,0,0,2,0.0551822441955963,0
ood_combo,DS02,14,33,fan_eff_mod,2,1,0,-0,0,0,0,0,0,2,0.0551822441955963,0
ood_combo,DS02,14,33,fan_flow_mod,3,1,0,-0.000512169970607593,0,0,0,0,0,2,0.0551822441955963,0
ood_combo,DS02,14,33,HPC_eff_mod,4,1,0,-0,0,0,0,0,0,2,0.0551822441955963,0
ood_combo,DS02,14,33,HPC_flow_mod,5,1,0,-0,0,0,0,0,0,2,0.0551822441955963,0
ood_combo,DS02,14,33,LPT_eff_mod,6,1,-0.0188211550591097,-0.0263516102838277,0,1,0,2,0,2,0.0551822441955963,0
ood_combo,DS02,14,33,LPT_flow_mod,7,1,-0.0254653638491842,-0.0546732772083359,0,1,0,2,0,2,0.0551822441955963,0
ood_combo,DS02,14,33,LPC_eff_mod,8,1,0,-0,0,0,0,0,0,2,0.0551822441955963,0
ood_combo,DS02,14,33,LPC_flow_mod,9,1,0,-0.00181175776124622,0,0,0,0,0,2,0.0551822441955963,0
ood_combo,DS02,14,34,HPT_eff_mod,1,1,-0.0359969902211601,-0,0,0,0,0,0,2,0.33157817367165,0
ood_combo,DS02,14,34,fan_eff_mod,2,1,0,-0,0,0,0,0,0,2,0.33157817367165,0
ood_combo,DS02,14,34,fan_flow_mod,3,1,0,-0.000512169970607593,0,0,0,0,0,2,0.33157817367165,0
ood_combo,DS02,14,34,HPC_eff_mod,4,1,0,-0,0,0,0,0,0,2,0.33157817367165,0
ood_combo,DS02,14,34,HPC_flow_mod,5,1,0,-0,0,0,0,0,0,2,0.33157817367165,0
ood_combo,DS02,14,34,LPT_eff_mod,6,1,-0.021275570384373,-0.0263516102838277,0,1,0,2,0,2,0.33157817367165,0
ood_combo,DS02,14,34,LPT_flow_mod,7,1,-0.0220800007029,-0.0546732772083359,0,1,0,2,0,2,0.33157817367165,0
ood_combo,DS02,14,34,LPC_eff_mod,8,1,0,-0,0,0,0,0,0,2,0.33157817367165,0
ood_combo,DS02,14,34,LPC_flow_mod,9,1,0,-0.00181175776124622,0,0,0,0,0,2,0.33157817367165,0
ood_combo,DS02,14,35,HPT_eff_mod,1,1,-0.0264064026298648,-0,0,0,0,0,0,2,0.266089725844708,0
ood_combo,DS02,14,35,fan_eff_mod,2,1,0,-0,0,0,0,0,0,2,0.266089725844708,0
ood_combo,DS02,14,35,fan_flow_mod,3,1,0,-0.000512169970607593,0,0,0,0,0,2,0.266089725844708,0
ood_combo,DS02,14,35,HPC_eff_mod,4,1,0,-0,0,0,0,0,0,2,0.266089725844708,0
ood_combo,DS02,14,35,HPC_flow_mod,5,1,0,-0,0,0,0,0,0,2,0.266089725844708,0
ood_combo,DS02,14,35,LPT_eff_mod,6,1,-0.0150719967152439,-0.0263516102838277,0,1,0,2,0,2,0.266089725844708,0
ood_combo,DS02,14,35,LPT_flow_mod,7,1,-0.0213335377206534,-0.0604237733971035,0,1,0,2,0,2,0.266089725844708,0
ood_combo,DS02,14,35,LPC_eff_mod,8,1,0,-0,0,0,0,0,0,2,0.266089725844708,0
ood_combo,DS02,14,35,LPC_flow_mod,9,1,0,-0.00181175776124622,0,0,0,0,0,2,0.266089725844708,0
ood_combo,DS02,14,36,HPT_eff_mod,1,0,-0.0225301667120552,-0,1,0,2,0,2,2,0.236375765577112,0
ood_combo,DS02,14,36,fan_eff_mod,2,0,0,-0,0,0,0,0,2,2,0.236375765577112,0
ood_combo,DS02,14,36,fan_flow_mod,3,0,0,-0.000512169970607593,0,0,0,0,2,2,0.236375765577112,0
ood_combo,DS02,14,36,HPC_eff_mod,4,0,0,-0,0,0,0,0,2,2,0.236375765577112,0
ood_combo,DS02,14,36,HPC_flow_mod,5,0,0,-0,0,0,0,0,2,2,0.236375765577112,0
ood_combo,DS02,14,36,LPT_eff_mod,6,0,-0.0200052492130701,-0.0263516102838277,1,1,1,2,2,2,0.236375765577112,0
ood_combo,DS02,14,36,LPT_flow_mod,7,0,-0.028147629306861,-0.0604237733971035,1,1,2,2,2,2,0.236375765577112,0
ood_combo,DS02,14,36,LPC_eff_mod,8,0,0,-0,0,0,0,0,2,2,0.236375765577112,0
ood_combo,DS02,14,36,LPC_flow_mod,9,0,0,-0.00181175776124622,0,0,0,0,2,2,0.236375765577112,0
ood_combo,DS02,14,37,HPT_eff_mod,1,0,-0.0268669817111178,-0,1,0,2,0,2,2,0.0810780842706175,0
ood_combo,DS02,14,37,fan_eff_mod,2,0,0,-0,0,0,0,0,2,2,0.0810780842706175,0
ood_combo,DS02,14,37,fan_flow_mod,3,0,0,-0.000512169970607593,0,0,0,0,2,2,0.0810780842706175,0
ood_combo,DS02,14,37,HPC_eff_mod,4,0,0,-0,0,0,0,0,2,2,0.0810780842706175,0
ood_combo,DS02,14,37,HPC_flow_mod,5,0,0,-0,0,0,0,0,2,2,0.0810780842706175,0
ood_combo,DS02,14,37,LPT_eff_mod,6,0,-0.0231622797711913,-0.0285083642911308,1,1,2,2,2,2,0.0810780842706175,0
ood_combo,DS02,14,37,LPT_flow_mod,7,0,-0.0309375891310646,-0.0604237733971035,1,1,2,2,2,2,0.0810780842706175,0
ood_combo,DS02,14,37,LPC_eff_mod,8,0,0,-0,0,0,0,0,2,2,0.0810780842706175,0
ood_combo,DS02,14,37,LPC_flow_mod,9,0,0,-0.00181175776124622,0,0,0,0,2,2,0.0810780842706175,0
ood_combo,DS02,14,38,HPT_eff_mod,1,0,-0.0365352335233087,-0,1,0,2,0,2,2,0.215419322433277,0
ood_combo,DS02,14,38,fan_eff_mod,2,0,0,-0,0,0,0,0,2,2,0.215419322433277,0
ood_combo,DS02,14,38,fan_flow_mod,3,0,0,-0.000512169970607593,0,0,0,0,2,2,0.215419322433277,0
ood_combo,DS02,14,38,HPC_eff_mod,4,0,0,-0,0,0,0,0,2,2,0.215419322433277,0
ood_combo,DS02,14,38,HPC_flow_mod,5,0,0,-0,0,0,0,0,2,2,0.215419322433277,0
ood_combo,DS02,14,38,LPT_eff_mod,6,0,-0.0258217993413579,-0.0285083642911308,1,1,2,2,2,2,0.215419322433277,0
ood_combo,DS02,14,38,LPT_flow_mod,7,0,-0.0164206153406876,-0.0610361077031216,1,1,2,2,2,2,0.215419322433277,0
ood_combo,DS02,14,38,LPC_eff_mod,8,0,0,-0,0,0,0,0,2,2,0.215419322433277,0
ood_combo,DS02,14,38,LPC_flow_mod,9,0,0,-0.00181175776124622,0,0,0,0,2,2,0.215419322433277,0
ood_combo,DS02,14,39,HPT_eff_mod,1,0,-0.0315614334354128,-0,1,0,2,0,2,2,0.190608264366818,0
ood_combo,DS02,14,39,fan_eff_mod,2,0,0,-0,0,0,0,0,2,2,0.190608264366818,0
ood_combo,DS02,14,39,fan_flow_mod,3,0,0,-0.000512169970607593,0,0,0,0,2,2,0.190608264366818,0
ood_combo,DS02,14,39,HPC_eff_mod,4,0,0,-0,0,0,0,0,2,2,0.190608264366818,0
ood_combo,DS02,14,39,HPC_flow_mod,5,0,0,-0,0,0,0,0,2,2,0.190608264366818,0
ood_combo,DS02,14,39,LPT_eff_mod,6,0,-0.0246824735205766,-0.0384313038624369,1,1,2,2,2,2,0.190608264366818,0
ood_combo,DS02,14,39,LPT_flow_mod,7,0,-0.0258680855647998,-0.0620590908597894,1,1,2,2,2,2,0.190608264366818,0
ood_combo,DS02,14,39,LPC_eff_mod,8,0,0,-0,0,0,0,0,2,2,0.190608264366818,0
ood_combo,DS02,14,39,LPC_flow_mod,9,0,0,-0.00181175776124622,0,0,0,0,2,2,0.190608264366818,0
ood_combo,DS02,14,40,HPT_eff_mod,1,0,-0.0331335360309683,-0,1,0,2,0,2,2,0.226819505258998,0
ood_combo,DS02,14,40,fan_eff_mod,2,0,0,-0,0,0,0,0,2,2,0.226819505258998,0
ood_combo,DS02,14,40,fan_flow_mod,3,0,0,-0.000512169970607593,0,0,0,0,2,2,0.226819505258998,0
ood_combo,DS02,14,40,HPC_eff_mod,4,0,0,-0,0,0,0,0,2,2,0.226819505258998,0
ood_combo,DS02,14,40,HPC_flow_mod,5,0,0,-0,0,0,0,0,2,2,0.226819505258998,0
ood_combo,DS02,14,40,LPT_eff_mod,6,0,-0.0183521971713587,-0.0384313038624369,1,1,2,2,2,2,0.226819505258998,0
ood_combo,DS02,14,40,LPT_flow_mod,7,0,-0.0383667307726007,-0.0773428466770043,1,1,2,2,2,2,0.226819505258998,0
ood_combo,DS02,14,40,LPC_eff_mod,8,0,0,-0,0,0,0,0,2,2,0.226819505258998,0
ood_combo,DS02,14,40,LPC_flow_mod,9,0,0,-0.00181175776124622,0,0,0,0,2,2,0.226819505258998,0
ood_combo,DS02,14,41,HPT_eff_mod,1,0,-0.037775025451985,-0,1,0,2,0,2,2,0.0965412136602869,0
ood_combo,DS02,14,41,fan_eff_mod,2,0,0,-0,0,0,0,0,2,2,0.0965412136602869,0
ood_combo,DS02,14,41,fan_flow_mod,3,0,0,-0.000512169970607593,0,0,0,0,2,2,0.0965412136602869,0
ood_combo,DS02,14,41,HPC_eff_mod,4,0,0,-0,0,0,0,0,2,2,0.0965412136602869,0
ood_combo,DS02,14,41,HPC_flow_mod,5,0,0,-0,0,0,0,0,2,2,0.0965412136602869,0
ood_combo,DS02,14,41,LPT_eff_mod,6,0,-0.0289413927640277,-0.0384313038624369,1,1,2,2,2,2,0.0965412136602869,0
ood_combo,DS02,14,41,LPT_flow_mod,7,0,-0.0429151739003392,-0.0773428466770043,1,1,2,2,2,2,0.0965412136602869,0
ood_combo,DS02,14,41,LPC_eff_mod,8,0,0,-0,0,0,0,0,2,2,0.0965412136602869,0
ood_combo,DS02,14,41,LPC_flow_mod,9,0,0,-0.00181175776124622,0,0,0,0,2,2,0.0965412136602869,0
ood_combo,DS02,14,42,HPT_eff_mod,1,0,-0.0375806204666042,-0,1,0,2,0,2,2,0.198217174385695,0
ood_combo,DS02,14,42,fan_eff_mod,2,0,0,-0,0,0,0,0,2,2,0.198217174385695,0
ood_combo,DS02,14,42,fan_flow_mod,3,0,0,-0.000512169970607593,0,0,0,0,2,2,0.198217174385695,0
ood_combo,DS02,14,42,HPC_eff_mod,4,0,0,-0,0,0,0,0,2,2,0.198217174385695,0
ood_combo,DS02,14,42,HPC_flow_mod,5,0,0,-0.000363656382073003,0,0,0,0,2,2,0.198217174385695,0
ood_combo,DS02,14,42,LPT_eff_mod,6,0,-0.0277252059349306,-0.0492414422884898,1,1,2,2,2,2,0.198217174385695,0
ood_combo,DS02,14,42,LPT_flow_mod,7,0,-0.0408584352643653,-0.0773428466770043,1,1,2,2,2,2,0.198217174385695,0
ood_combo,DS02,14,42,LPC_eff_mod,8,0,0,-0.00423896427957565,0,0,0,0,2,2,0.198217174385695,0
ood_combo,DS02,14,42,LPC_flow_mod,9,0,0,-0.00181175776124622,0,0,0,0,2,2,0.198217174385695,0
ood_combo,DS02,14,43,HPT_eff_mod,1,0,-0.0366178577926868,-0,1,0,2,0,2,2,0.247945002970309,0
ood_combo,DS02,14,43,fan_eff_mod,2,0,0,-0,0,0,0,0,2,2,0.247945002970309,0
ood_combo,DS02,14,43,fan_flow_mod,3,0,0,-0.000512169970607593,0,0,0,0,2,2,0.247945002970309,0
ood_combo,DS02,14,43,HPC_eff_mod,4,0,0,-0,0,0,0,0,2,2,0.247945002970309,0
ood_combo,DS02,14,43,HPC_flow_mod,5,0,0,-0.000363656382073003,0,0,0,0,2,2,0.247945002970309,0
ood_combo,DS02,14,43,LPT_eff_mod,6,0,-0.0304394793481256,-0.0492414422884898,1,1,2,2,2,2,0.247945002970309,0
ood_combo,DS02,14,43,LPT_flow_mod,7,0,-0.041259934437786,-0.0773428466770043,1,1,2,2,2,2,0.247945002970309,0
ood_combo,DS02,14,43,LPC_eff_mod,8,0,0,-0.00423896427957565,0,0,0,0,2,2,0.247945002970309,0
ood_combo,DS02,14,43,LPC_flow_mod,9,0,0,-0.00181175776124622,0,0,0,0,2,2,0.247945002970309,0
ood_combo,DS02,14,44,HPT_eff_mod,1,0,-0.0372751436011408,-0,1,0,2,0,2,2,0.190801929103317,0
ood_combo,DS02,14,44,fan_eff_mod,2,0,0,-0,0,0,0,0,2,2,0.190801929103317,0
ood_combo,DS02,14,44,fan_flow_mod,3,0,0,-0.000512169970607593,0,0,0,0,2,2,0.190801929103317,0
ood_combo,DS02,14,44,HPC_eff_mod,4,0,0,-0,0,0,0,0,2,2,0.190801929103317,0
ood_combo,DS02,14,44,HPC_flow_mod,5,0,0,-0.000363656382073003,0,0,0,0,2,2,0.190801929103317,0
ood_combo,DS02,14,44,LPT_eff_mod,6,0,-0.0336051368789885,-0.0531030218306274,1,1,2,2,2,2,0.190801929103317,0
ood_combo,DS02,14,44,LPT_flow_mod,7,0,-0.040923862414354,-0.0773428466770043,1,1,2,2,2,2,0.190801929103317,0
ood_combo,DS02,14,44,LPC_eff_mod,8,0,0,-0.00423896427957565,0,0,0,0,2,2,0.190801929103317,0
ood_combo,DS02,14,44,LPC_flow_mod,9,0,0,-0.00181175776124622,0,0,0,0,2,2,0.190801929103317,0
ood_combo,DS02,14,45,HPT_eff_mod,1,0,-0.0507085022507364,-0,1,0,2,0,2,2,0.257198266523799,0
ood_combo,DS02,14,45,fan_eff_mod,2,0,0,-0,0,0,0,0,2,2,0.257198266523799,0
ood_combo,DS02,14,45,fan_flow_mod,3,0,0,-0.000512169970607593,0,0,0,0,2,2,0.257198266523799,0
ood_combo,DS02,14,45,HPC_eff_mod,4,0,0,-0,0,0,0,0,2,2,0.257198266523799,0
ood_combo,DS02,14,45,HPC_flow_mod,5,0,0,-0.000363656382073003,0,0,0,0,2,2,0.257198266523799,0
ood_combo,DS02,14,45,LPT_eff_mod,6,0,-0.0317247068055857,-0.0531361463959898,1,1,2,2,2,2,0.257198266523799,0
ood_combo,DS02,14,45,LPT_flow_mod,7,0,-0.04510669516671,-0.0954689602636383,1,1,2,2,2,2,0.257198266523799,0
ood_combo,DS02,14,45,LPC_eff_mod,8,0,0,-0.00423896427957565,0,0,0,0,2,2,0.257198266523799,0
ood_combo,DS02,14,45,LPC_flow_mod,9,0,0,-0.00181175776124622,0,0,0,0,2,2,0.257198266523799,0
ood_combo,DS02,14,46,HPT_eff_mod,1,0,-0.0527508056503882,-0,1,0,2,0,2,2,0.185190993931616,0
ood_combo,DS02,14,46,fan_eff_mod,2,0,0,-0,0,0,0,0,2,2,0.185190993931616,0
ood_combo,DS02,14,46,fan_flow_mod,3,0,0,-0.000512169970607593,0,0,0,0,2,2,0.185190993931616,0
ood_combo,DS02,14,46,HPC_eff_mod,4,0,0,-0,0,0,0,0,2,2,0.185190993931616,0
ood_combo,DS02,14,46,HPC_flow_mod,5,0,0,-0.000363656382073003,0,0,0,0,2,2,0.185190993931616,0
ood_combo,DS02,14,46,LPT_eff_mod,6,0,-0.0365351300883944,-0.0610582829844792,1,1,2,2,2,2,0.185190993931616,0
ood_combo,DS02,14,46,LPT_flow_mod,7,0,-0.0570647196714271,-0.103593170848194,1,1,2,2,2,2,0.185190993931616,0
ood_combo,DS02,14,46,LPC_eff_mod,8,0,0,-0.00423896427957565,0,0,0,0,2,2,0.185190993931616,0
ood_combo,DS02,14,46,LPC_flow_mod,9,0,0,-0.00181175776124622,0,0,0,0,2,2,0.185190993931616,0
ood_combo,DS02,14,47,HPT_eff_mod,1,0,-0.0545773574926493,-0,1,0,2,0,2,2,0.206055397956632,0
ood_combo,DS02,14,47,fan_eff_mod,2,0,0,-0,0,0,0,0,2,2,0.206055397956632,0
ood_combo,DS02,14,47,fan_flow_mod,3,0,0,-0.000512169970607593,0,0,0,0,2,2,0.206055397956632,0
ood_combo,DS02,14,47,HPC_eff_mod,4,0,0,-0,0,0,0,0,2,2,0.206055397956632,0
ood_combo,DS02,14,47,HPC_flow_mod,5,0,0,-0.000363656382073003,0,0,0,0,2,2,0.206055397956632,0
ood_combo,DS02,14,47,LPT_eff_mod,6,0,-0.0406812743245388,-0.0671670121694023,1,1,2,2,2,2,0.206055397956632,0
ood_combo,DS02,14,47,LPT_flow_mod,7,0,-0.0554272905108078,-0.103593170848194,1,1,2,2,2,2,0.206055397956632,0
ood_combo,DS02,14,47,LPC_eff_mod,8,0,0,-0.00423896427957565,0,0,0,0,2,2,0.206055397956632,0
ood_combo,DS02,14,47,LPC_flow_mod,9,0,0,-0.00181175776124622,0,0,0,0,2,2,0.206055397956632,0
ood_combo,DS02,14,48,HPT_eff_mod,1,0,-0.0589859989617467,-0,1,0,2,0,2,2,0.333182504241906,0
ood_combo,DS02,14,48,fan_eff_mod,2,0,0,-0,0,0,0,0,2,2,0.333182504241906,0
ood_combo,DS02,14,48,fan_flow_mod,3,0,0,-0.000512169970607593,0,0,0,0,2,2,0.333182504241906,0
ood_combo,DS02,14,48,HPC_eff_mod,4,0,0,-0,0,0,0,0,2,2,0.333182504241906,0
ood_combo,DS02,14,48,HPC_flow_mod,5,0,0,-0.000363656382073003,0,0,0,0,2,2,0.333182504241906,0
ood_combo,DS02,14,48,LPT_eff_mod,6,0,-0.0410649725270608,-0.0671670121694023,1,1,2,2,2,2,0.333182504241906,0
ood_combo,DS02,14,48,LPT_flow_mod,7,0,-0.0544340901582139,-0.103593170848194,1,1,2,2,2,2,0.333182504241906,0
ood_combo,DS02,14,48,LPC_eff_mod,8,0,0,-0.00423896427957565,0,0,0,0,2,2,0.333182504241906,0
ood_combo,DS02,14,48,LPC_flow_mod,9,0,0,-0.00181175776124622,0,0,0,0,2,2,0.333182504241906,0
ood_combo,DS02,14,49,HPT_eff_mod,1,0,-0.0696519450559459,-0,1,0,2,0,2,3,0.0784433762842148,0
ood_combo,DS02,14,49,fan_eff_mod,2,0,0,-0,0,0,0,0,2,3,0.0784433762842148,0
ood_combo,DS02,14,49,fan_flow_mod,3,0,0,-0.000512169970607593,0,0,0,0,2,3,0.0784433762842148,0
ood_combo,DS02,14,49,HPC_eff_mod,4,0,0,-0,0,0,0,0,2,3,0.0784433762842148,0
ood_combo,DS02,14,49,HPC_flow_mod,5,0,0,-0.000363656382073003,0,0,0,0,2,3,0.0784433762842148,0
ood_combo,DS02,14,49,LPT_eff_mod,6,0,-0.0406737055847806,-0.0671670121694023,1,1,2,2,2,3,0.0784433762842148,0
ood_combo,DS02,14,49,LPT_flow_mod,7,0,-0.0612599144194802,-0.138889551632841,1,1,2,3,2,3,0.0784433762842148,0
ood_combo,DS02,14,49,LPC_eff_mod,8,0,0,-0.00423896427957565,0,0,0,0,2,3,0.0784433762842148,0
ood_combo,DS02,14,49,LPC_flow_mod,9,0,0,-0.00214304415523393,0,0,0,0,2,3,0.0784433762842148,0
ood_combo,DS02,14,50,HPT_eff_mod,1,0,-0.0675063975996522,-0,1,0,2,0,2,3,0.186103648308896,0
ood_combo,DS02,14,50,fan_eff_mod,2,0,0,-0,0,0,0,0,2,3,0.186103648308896,0
ood_combo,DS02,14,50,fan_flow_mod,3,0,0,-0.000512169970607593,0,0,0,0,2,3,0.186103648308896,0
ood_combo,DS02,14,50,HPC_eff_mod,4,0,0,-0,0,0,0,0,2,3,0.186103648308896,0
ood_combo,DS02,14,50,HPC_flow_mod,5,0,0,-0.000363656382073003,0,0,0,0,2,3,0.186103648308896,0
ood_combo,DS02,14,50,LPT_eff_mod,6,0,-0.0407176645298883,-0.0671670121694023,1,1,2,2,2,3,0.186103648308896,0
ood_combo,DS02,14,50,LPT_flow_mod,7,0,-0.0721895664082118,-0.146308700191567,1,1,2,3,2,3,0.186103648308896,0
ood_combo,DS02,14,50,LPC_eff_mod,8,0,0,-0.00423896427957565,0,0,0,0,2,3,0.186103648308896,0
ood_combo,DS02,14,50,LPC_flow_mod,9,0,0,-0.00214304415523393,0,0,0,0,2,3,0.186103648308896,0
ood_combo,DS02,14,51,HPT_eff_mod,1,0,-0.071609155637052,-0,1,0,2,0,2,3,0.203539394002966,0
ood_combo,DS02,14,51,fan_eff_mod,2,0,0,-0,0,0,0,0,2,3,0.203539394002966,0
ood_combo,DS02,14,51,fan_flow_mod,3,0,0,-0.000512169970607593,0,0,0,0,2,3,0.203539394002966,0
ood_combo,DS02,14,51,HPC_eff_mod,4,0,0,-0,0,0,0,0,2,3,0.203539394002966,0
ood_combo,DS02,14,51,HPC_flow_mod,5,0,0,-0.000363656382073003,0,0,0,0,2,3,0.203539394002966,0
ood_combo,DS02,14,51,LPT_eff_mod,6,0,-0.0442509654485663,-0.0671670121694023,1,1,2,2,2,3,0.203539394002966,0
ood_combo,DS02,14,51,LPT_flow_mod,7,0,-0.0823199298240301,-0.170377108833675,1,1,2,3,2,3,0.203539394002966,0
ood_combo,DS02,14,51,LPC_eff_mod,8,0,0,-0.00423896427957565,0,0,0,0,2,3,0.203539394002966,0
ood_combo,DS02,14,51,LPC_flow_mod,9,0,0,-0.00214304415523393,0,0,0,0,2,3,0.203539394002966,0
ood_combo,DS02,14,52,HPT_eff_mod,1,0,-0.0754286078943318,-0,1,0,2,0,2,3,0.17746811160837,0
ood_combo,DS02,14,52,fan_eff_mod,2,0,0,-0,0,0,0,0,2,3,0.17746811160837,0
ood_combo,DS02,14,52,fan_flow_mod,3,0,0,-0.000512169970607593,0,0,0,0,2,3,0.17746811160837,0
ood_combo,DS02,14,52,HPC_eff_mod,4,0,0,-0,0,0,0,0,2,3,0.17746811160837,0
ood_combo,DS02,14,52,HPC_flow_mod,5,0,0,-0.000363656382073003,0,0,0,0,2,3,0.17746811160837,0
ood_combo,DS02,14,52,LPT_eff_mod,6,0,-0.049268902196356,-0.0718686736714069,1,1,2,2,2,3,0.17746811160837,0
ood_combo,DS02,14,52,LPT_flow_mod,7,0,-0.0883488596017851,-0.170377108833675,1,1,2,3,2,3,0.17746811160837,0
ood_combo,DS02,14,52,LPC_eff_mod,8,0,0,-0.00423896427957565,0,0,0,0,2,3,0.17746811160837,0
ood_combo,DS02,14,52,LPC_flow_mod,9,0,0,-0.00214304415523393,0,0,0,0,2,3,0.17746811160837,0
ood_combo,DS02,14,53,HPT_eff_mod,1,0,-0.0848042495038647,-0,1,0,2,0,2,3,0.0965163583198703,0
ood_combo,DS02,14,53,fan_eff_mod,2,0,0,-0,0,0,0,0,2,3,0.0965163583198703,0
ood_combo,DS02,14,53,fan_flow_mod,3,0,0,-0.000512169970607593,0,0,0,0,2,3,0.0965163583198703,0
ood_combo,DS02,14,53,HPC_eff_mod,4,0,0,-0,0,0,0,0,2,3,0.0965163583198703,0
ood_combo,DS02,14,53,HPC_flow_mod,5,0,0,-0.000363656382073003,0,0,0,0,2,3,0.0965163583198703,0
ood_combo,DS02,14,53,LPT_eff_mod,6,0,-0.049464418041159,-0.0771044710664808,1,1,2,2,2,3,0.0965163583198703,0
ood_combo,DS02,14,53,LPT_flow_mod,7,0,-0.0914453799801314,-0.186641350362394,1,1,2,3,2,3,0.0965163583198703,0
ood_combo,DS02,14,53,LPC_eff_mod,8,0,0,-0.00423896427957565,0,0,0,0,2,3,0.0965163583198703,0
ood_combo,DS02,14,53,LPC_flow_mod,9,0,0,-0.00214304415523393,0,0,0,0,2,3,0.0965163583198703,0
ood_combo,DS02,14,54,HPT_eff_mod,1,0,-0.0891348480407214,-0,1,0,2,0,2,3,0.220558424949282,0
ood_combo,DS02,14,54,fan_eff_mod,2,0,0,-0,0,0,0,0,2,3,0.220558424949282,0
ood_combo,DS02,14,54,fan_flow_mod,3,0,0,-0.000512169970607593,0,0,0,0,2,3,0.220558424949282,0
ood_combo,DS02,14,54,HPC_eff_mod,4,0,0,-0,0,0,0,0,2,3,0.220558424949282,0
ood_combo,DS02,14,54,HPC_flow_mod,5,0,0,-0.000363656382073003,0,0,0,0,2,3,0.220558424949282,0
ood_combo,DS02,14,54,LPT_eff_mod,6,0,-0.0533762404609039,-0.0771044710664808,1,1,2,2,2,3,0.220558424949282,0
ood_combo,DS02,14,54,LPT_flow_mod,7,0,-0.0955878494934427,-0.197131206517114,1,1,2,3,2,3,0.220558424949282,0
ood_combo,DS02,14,54,LPC_eff_mod,8,0,0,-0.00423896427957565,0,0,0,0,2,3,0.220558424949282,0
ood_combo,DS02,14,54,LPC_flow_mod,9,0,0,-0.00214304415523393,0,0,0,0,2,3,0.220558424949282,0
ood_combo,DS02,14,55,HPT_eff_mod,1,0,-0.0963051273769754,-0,1,0,2,0,2,3,0.165966983358209,0
ood_combo,DS02,14,55,fan_eff_mod,2,0,0,-0,0,0,0,0,2,3,0.165966983358209,0
ood_combo,DS02,14,55,fan_flow_mod,3,0,0,-0.000512169970607593,0,0,0,0,2,3,0.165966983358209,0
ood_combo,DS02,14,55,HPC_eff_mod,4,0,0,-0,0,0,0,0,2,3,0.165966983358209,0
ood_combo,DS02,14,55,HPC_flow_mod,5,0,0,-0.000363656382073003,0,0,0,0,2,3,0.165966983358209,0
ood_combo,DS02,14,55,LPT_eff_mod,6,0,-0.0601733647818453,-0.093057100188689,1,1,2,2,2,3,0.165966983358209,0
ood_combo,DS02,14,55,LPT_flow_mod,7,0,-0.101973636286502,-0.202162963174314,1,1,2,3,2,3,0.165966983358209,0
ood_combo,DS02,14,55,LPC_eff_mod,8,0,0,-0.00423896427957565,0,0,0,0,2,3,0.165966983358209,0
ood_combo,DS02,14,55,LPC_flow_mod,9,0,0,-0.00214304415523393,0,0,0,0,2,3,0.165966983358209,0
ood_combo,DS02,14,56,HPT_eff_mod,1,0,-0.0989868204810321,-0,1,0,2,0,2,3,0.118097119637414,0
ood_combo,DS02,14,56,fan_eff_mod,2,0,0,-0,0,0,0,0,2,3,0.118097119637414,0
ood_combo,DS02,14,56,fan_flow_mod,3,0,0,-0.000512169970607593,0,0,0,0,2,3,0.118097119637414,0
ood_combo,DS02,14,56,HPC_eff_mod,4,0,0,-0,0,0,0,0,2,3,0.118097119637414,0
ood_combo,DS02,14,56,HPC_flow_mod,5,0,0,-0.000363656382073003,0,0,0,0,2,3,0.118097119637414,0
ood_combo,DS02,14,56,LPT_eff_mod,6,0,-0.0600057079237669,-0.093057100188689,1,1,2,2,2,3,0.118097119637414,0
ood_combo,DS02,14,56,LPT_flow_mod,7,0,-0.115856213932594,-0.222373523117933,1,1,2,3,2,3,0.118097119637414,0
ood_combo,DS02,14,56,LPC_eff_mod,8,0,0,-0.00423896427957565,0,0,0,0,2,3,0.118097119637414,0
ood_combo,DS02,14,56,LPC_flow_mod,9,0,0,-0.00214304415523393,0,0,0,0,2,3,0.118097119637414,0
ood_combo,DS02,14,57,HPT_eff_mod,1,0,-0.110164653164181,-0,1,0,2,0,2,3,0.0829760902586603,0
ood_combo,DS02,14,57,fan_eff_mod,2,0,0,-0,0,0,0,0,2,3,0.0829760902586603,0
ood_combo,DS02,14,57,fan_flow_mod,3,0,0,-0.000512169970607593,0,0,0,0,2,3,0.0829760902586603,0
ood_combo,DS02,14,57,HPC_eff_mod,4,0,0,-0,0,0,0,0,2,3,0.0829760902586603,0
ood_combo,DS02,14,57,HPC_flow_mod,5,0,0,-0.000363656382073003,0,0,0,0,2,3,0.0829760902586603,0
ood_combo,DS02,14,57,LPT_eff_mod,6,0,-0.0664190471552848,-0.108622417544753,1,1,2,2,2,3,0.0829760902586603,0
ood_combo,DS02,14,57,LPT_flow_mod,7,0,-0.126364162602827,-0.248209016240689,1,1,2,3,2,3,0.0829760902586603,0
ood_combo,DS02,14,57,LPC_eff_mod,8,0,0,-0.00423896427957565,0,0,0,0,2,3,0.0829760902586603,0
ood_combo,DS02,14,57,LPC_flow_mod,9,0,0,-0.00214304415523393,0,0,0,0,2,3,0.0829760902586603,0
ood_combo,DS02,14,58,HPT_eff_mod,1,0,-0.117254853431807,-0,1,0,2,0,2,3,0.203307501134265,0
ood_combo,DS02,14,58,fan_eff_mod,2,0,0,-0,0,0,0,0,2,3,0.203307501134265,0
ood_combo,DS02,14,58,fan_flow_mod,3,0,0,-0.000512169970607593,0,0,0,0,2,3,0.203307501134265,0
ood_combo,DS02,14,58,HPC_eff_mod,4,0,0,-0,0,0,0,0,2,3,0.203307501134265,0
ood_combo,DS02,14,58,HPC_flow_mod,5,0,0,-0.000363656382073003,0,0,0,0,2,3,0.203307501134265,0
ood_combo,DS02,14,58,LPT_eff_mod,6,0,-0.0745426484410134,-0.125964728107649,1,1,2,2,2,3,0.203307501134265,0
ood_combo,DS02,14,58,LPT_flow_mod,7,0,-0.129786270014708,-0.248209016240689,1,1,2,3,2,3,0.203307501134265,0
ood_combo,DS02,14,58,LPC_eff_mod,8,0,0,-0.00575716284058413,0,0,0,0,2,3,0.203307501134265,0
ood_combo,DS02,14,58,LPC_flow_mod,9,0,0,-0.00214304415523393,0,0,0,0,2,3,0.203307501134265,0
ood_combo,DS02,14,59,HPT_eff_mod,1,0,-0.105633291913312,-0,1,0,2,0,3,3,0.299430359676774,0
ood_combo,DS02,14,59,fan_eff_mod,2,0,0,-0,0,0,0,0,3,3,0.299430359676774,0
ood_combo,DS02,14,59,fan_flow_mod,3,0,0,-0.000512169970607593,0,0,0,0,3,3,0.299430359676774,0
ood_combo,DS02,14,59,HPC_eff_mod,4,0,0,-0,0,0,0,0,3,3,0.299430359676774,0
ood_combo,DS02,14,59,HPC_flow_mod,5,0,0,-0.000363656382073003,0,0,0,0,3,3,0.299430359676774,0
ood_combo,DS02,14,59,LPT_eff_mod,6,0,-0.0792865254442208,-0.1342884989766,1,1,2,3,3,3,0.299430359676774,0
ood_combo,DS02,14,59,LPT_flow_mod,7,0,-0.141360718418368,-0.248209016240689,1,1,3,3,3,3,0.299430359676774,0
ood_combo,DS02,14,59,LPC_eff_mod,8,0,0,-0.00575716284058413,0,0,0,0,3,3,0.299430359676774,0
ood_combo,DS02,14,59,LPC_flow_mod,9,0,0,-0.00214304415523393,0,0,0,0,3,3,0.299430359676774,0
ood_combo,DS02,14,60,HPT_eff_mod,1,0,-0.134831850157438,-0,1,0,3,0,3,3,0.25198692023808,0
ood_combo,DS02,14,60,fan_eff_mod,2,0,0,-0,0,0,0,0,3,3,0.25198692023808,0
ood_combo,DS02,14,60,fan_flow_mod,3,0,0,-0.000512169970607593,0,0,0,0,3,3,0.25198692023808,0
ood_combo,DS02,14,60,HPC_eff_mod,4,0,0,-0,0,0,0,0,3,3,0.25198692023808,0
ood_combo,DS02,14,60,HPC_flow_mod,5,0,0,-0.000363656382073003,0,0,0,0,3,3,0.25198692023808,0
ood_combo,DS02,14,60,LPT_eff_mod,6,0,-0.0838783173400433,-0.134865114349584,1,1,2,3,3,3,0.25198692023808,0
ood_combo,DS02,14,60,LPT_flow_mod,7,0,-0.169149196513923,-0.306621926938206,1,1,3,3,3,3,0.25198692023808,0
ood_combo,DS02,14,60,LPC_eff_mod,8,0,0,-0.00575716284058413,0,0,0,0,3,3,0.25198692023808,0
ood_combo,DS02,14,60,LPC_flow_mod,9,0,0,-0.00214304415523393,0,0,0,0,3,3,0.25198692023808,0
ood_combo,DS02,14,61,HPT_eff_mod,1,0,-0.142169490820523,-0,1,0,3,0,3,3,0.188936186912655,0
ood_combo,DS02,14,61,fan_eff_mod,2,0,0,-0,0,0,0,0,3,3,0.188936186912655,0
ood_combo,DS02,14,61,fan_flow_mod,3,0,0,-0.000512169970607593,0,0,0,0,3,3,0.188936186912655,0
ood_combo,DS02,14,61,HPC_eff_mod,4,0,0,-0,0,0,0,0,3,3,0.188936186912655,0
ood_combo,DS02,14,61,HPC_flow_mod,5,0,0,-0.000363656382073003,0,0,0,0,3,3,0.188936186912655,0
ood_combo,DS02,14,61,LPT_eff_mod,6,0,-0.090186221728726,-0.134865114349584,1,1,2,3,3,3,0.188936186912655,0
ood_combo,DS02,14,61,LPT_flow_mod,7,0,-0.176690003526992,-0.341001190106454,1,1,3,3,3,3,0.188936186912655,0
ood_combo,DS02,14,61,LPC_eff_mod,8,0,0,-0.00575716284058413,0,0,0,0,3,3,0.188936186912655,0
ood_combo,DS02,14,61,LPC_flow_mod,9,0,0,-0.00214304415523393,0,0,0,0,3,3,0.188936186912655,0
ood_combo,DS02,14,62,HPT_eff_mod,1,0,-0.162287714434393,-0.0230448255344648,1,0,3,0,3,3,0.199810276992558,0
ood_combo,DS02,14,62,fan_eff_mod,2,0,0,-0,0,0,0,0,3,3,0.199810276992558,0
ood_combo,DS02,14,62,fan_flow_mod,3,0,0,-0.000512169970607593,0,0,0,0,3,3,0.199810276992558,0
ood_combo,DS02,14,62,HPC_eff_mod,4,0,0,-0,0,0,0,0,3,3,0.199810276992558,0
ood_combo,DS02,14,62,HPC_flow_mod,5,0,0,-0.000363656382073003,0,0,0,0,3,3,0.199810276992558,0
ood_combo,DS02,14,62,LPT_eff_mod,6,0,-0.0973333949145443,-0.15728785380802,1,1,2,3,3,3,0.199810276992558,0
ood_combo,DS02,14,62,LPT_flow_mod,7,0,-0.193118428430609,-0.341001190106454,1,1,3,3,3,3,0.199810276992558,0
ood_combo,DS02,14,62,LPC_eff_mod,8,0,0,-0.00575716284058413,0,1,0,1,3,3,0.199810276992558,0
ood_combo,DS02,14,62,LPC_flow_mod,9,0,0,-0.00214304415523393,0,0,0,0,3,3,0.199810276992558,0
ood_combo,DS02,14,63,HPT_eff_mod,1,0,-0.162208638025448,-0.0294877185903547,1,0,3,0,3,3,0.19008744088327,0
ood_combo,DS02,14,63,fan_eff_mod,2,0,0,-0,0,0,0,0,3,3,0.19008744088327,0
ood_combo,DS02,14,63,fan_flow_mod,3,0,0,-0.000512169970607593,0,0,0,0,3,3,0.19008744088327,0
ood_combo,DS02,14,63,HPC_eff_mod,4,0,0,-0,0,0,0,0,3,3,0.19008744088327,0
ood_combo,DS02,14,63,HPC_flow_mod,5,0,0,-0.000363656382073003,0,0,0,0,3,3,0.19008744088327,0
ood_combo,DS02,14,63,LPT_eff_mod,6,0,-0.100210513480089,-0.15728785380802,1,1,2,3,3,3,0.19008744088327,0
ood_combo,DS02,14,63,LPT_flow_mod,7,0,-0.205121809463188,-0.351170924118595,1,1,3,3,3,3,0.19008744088327,0
ood_combo,DS02,14,63,LPC_eff_mod,8,0,0,-0.00575716284058413,0,1,0,1,3,3,0.19008744088327,0
ood_combo,DS02,14,63,LPC_flow_mod,9,0,0,-0.00214304415523393,0,0,0,0,3,3,0.19008744088327,0
ood_combo,DS02,14,64,HPT_eff_mod,1,0,-0.165228282727751,-0.046109253142182,1,0,3,0,3,3,0.193894070743323,0
ood_combo,DS02,14,64,fan_eff_mod,2,0,0,-0,0,0,0,0,3,3,0.193894070743323,0
ood_combo,DS02,14,64,fan_flow_mod,3,0,0,-0.000512169970607593,0,0,0,0,3,3,0.193894070743323,0
ood_combo,DS02,14,64,HPC_eff_mod,4,0,0,-0,0,0,0,0,3,3,0.193894070743323,0
ood_combo,DS02,14,64,HPC_flow_mod,5,0,0,-0.000363656382073003,0,0,0,0,3,3,0.193894070743323,0
ood_combo,DS02,14,64,LPT_eff_mod,6,0,-0.109867315442832,-0.1602184319703,1,1,2,3,3,3,0.193894070743323,0
ood_combo,DS02,14,64,LPT_flow_mod,7,0,-0.225904908888512,-0.351170924118595,1,1,3,3,3,3,0.193894070743323,0
ood_combo,DS02,14,64,LPC_eff_mod,8,0,0,-0.00575716284058413,0,1,0,1,3,3,0.193894070743323,0
ood_combo,DS02,14,64,LPC_flow_mod,9,0,0,-0.00214304415523393,0,0,0,0,3,3,0.193894070743323,0
ood_combo,DS02,14,65,HPT_eff_mod,1,0,-0.175253924834673,-0.0573808367426794,1,0,3,0,3,3,0.217295067621716,0
ood_combo,DS02,14,65,fan_eff_mod,2,0,0,-0,0,0,0,0,3,3,0.217295067621716,0
ood_combo,DS02,14,65,fan_flow_mod,3,0,0,-0.000512169970607593,0,0,0,0,3,3,0.217295067621716,0
ood_combo,DS02,14,65,HPC_eff_mod,4,0,0,-0,0,0,0,0,3,3,0.217295067621716,0
ood_combo,DS02,14,65,HPC_flow_mod,5,0,0,-0.000363656382073003,0,0,0,0,3,3,0.217295067621716,0
ood_combo,DS02,14,65,LPT_eff_mod,6,0,-0.115967633457747,-0.165986481183812,1,1,2,3,3,3,0.217295067621716,0
ood_combo,DS02,14,65,LPT_flow_mod,7,0,-0.257133226637376,-0.382473019731756,1,1,3,3,3,3,0.217295067621716,0
ood_combo,DS02,14,65,LPC_eff_mod,8,0,0,-0.00575716284058413,0,1,0,1,3,3,0.217295067621716,0
ood_combo,DS02,14,65,LPC_flow_mod,9,0,0,-0.00214304415523393,0,0,0,0,3,3,0.217295067621716,0
ood_combo,DS02,14,66,HPT_eff_mod,1,0,-0.19858698332596,-0.0573808367426794,1,1,3,2,3,3,0.0972257613300236,0
ood_combo,DS02,14,66,fan_eff_mod,2,0,0,-0,0,0,0,0,3,3,0.0972257613300236,0
ood_combo,DS02,14,66,fan_flow_mod,3,0,0,-0.000512169970607593,0,0,0,0,3,3,0.0972257613300236,0
ood_combo,DS02,14,66,HPC_eff_mod,4,0,0,-0.00656303934303884,0,0,0,0,3,3,0.0972257613300236,0
ood_combo,DS02,14,66,HPC_flow_mod,5,0,0,-0.000363656382073003,0,0,0,0,3,3,0.0972257613300236,0
ood_combo,DS02,14,66,LPT_eff_mod,6,0,-0.125285115961829,-0.177356135736878,1,1,2,3,3,3,0.0972257613300236,0
ood_combo,DS02,14,66,LPT_flow_mod,7,0,-0.267538771599546,-0.426839342267382,1,1,3,3,3,3,0.0972257613300236,0
ood_combo,DS02,14,66,LPC_eff_mod,8,0,0,-0.00575716284058413,0,1,0,1,3,3,0.0972257613300236,0
ood_combo,DS02,14,66,LPC_flow_mod,9,0,0,-0.00214304415523393,0,0,0,0,3,3,0.0972257613300236,0
ood_combo,DS02,14,67,HPT_eff_mod,1,0,-0.211447375056257,-0.0588999068023074,1,1,3,2,3,3,0.168483793016231,0
ood_combo,DS02,14,67,fan_eff_mod,2,0,0,-0,0,0,0,0,3,3,0.168483793016231,0
ood_combo,DS02,14,67,fan_flow_mod,3,0,0,-0.000512169970607593,0,0,0,0,3,3,0.168483793016231,0
ood_combo,DS02,14,67,HPC_eff_mod,4,0,0,-0.00656303934303884,0,0,0,0,3,3,0.168483793016231,0
ood_combo,DS02,14,67,HPC_flow_mod,5,0,0,-0.000363656382073003,0,0,0,0,3,3,0.168483793016231,0
ood_combo,DS02,14,67,LPT_eff_mod,6,0,-0.130589719737373,-0.177356135736878,1,1,2,3,3,3,0.168483793016231,0
ood_combo,DS02,14,67,LPT_flow_mod,7,0,-0.300312947827186,-0.457913371299363,1,1,3,3,3,3,0.168483793016231,0
ood_combo,DS02,14,67,LPC_eff_mod,8,0,0,-0.00575716284058413,0,1,0,1,3,3,0.168483793016231,0
ood_combo,DS02,14,67,LPC_flow_mod,9,0,0,-0.00630138371815924,0,0,0,0,3,3,0.168483793016231,0
ood_combo,DS02,14,68,HPT_eff_mod,1,0,-0.214195165152019,-0.0762507632508785,1,1,3,2,3,3,0.214097647959704,0
ood_combo,DS02,14,68,fan_eff_mod,2,0,0,-0,0,0,0,0,3,3,0.214097647959704,0
ood_combo,DS02,14,68,fan_flow_mod,3,0,0,-0.000512169970607593,0,0,0,0,3,3,0.214097647959704,0
ood_combo,DS02,14,68,HPC_eff_mod,4,0,0,-0.00656303934303884,0,0,0,0,3,3,0.214097647959704,0
ood_combo,DS02,14,68,HPC_flow_mod,5,0,0,-0.000363656382073003,0,0,0,0,3,3,0.214097647959704,0
ood_combo,DS02,14,68,LPT_eff_mod,6,0,-0.144030624430443,-0.202603037783562,1,1,3,3,3,3,0.214097647959704,0
ood_combo,DS02,14,68,LPT_flow_mod,7,0,-0.323089940079374,-0.458144745531577,1,1,3,3,3,3,0.214097647959704,0
ood_combo,DS02,14,68,LPC_eff_mod,8,0,0,-0.00575716284058413,0,1,0,1,3,3,0.214097647959704,0
ood_combo,DS02,14,68,LPC_flow_mod,9,0,0,-0.00630138371815924,0,0,0,0,3,3,0.214097647959704,0
ood_combo,DS02,14,69,HPT_eff_mod,1,0,-0.245833081628698,-0.0903764900822129,1,1,3,2,3,3,0.148274519215258,0
ood_combo,DS02,14,69,fan_eff_mod,2,0,0,-0,0,0,0,0,3,3,0.148274519215258,0
ood_combo,DS02,14,69,fan_flow_mod,3,0,0,-0.00209261822964595,0,0,0,0,3,3,0.148274519215258,0
ood_combo,DS02,14,69,HPC_eff_mod,4,0,0,-0.00656303934303884,0,0,0,0,3,3,0.148274519215258,0
ood_combo,DS02,14,69,HPC_flow_mod,5,0,0,-0.000363656382073003,0,0,0,0,3,3,0.148274519215258,0
ood_combo,DS02,14,69,LPT_eff_mod,6,0,-0.149319553364963,-0.202603037783562,1,1,3,3,3,3,0.148274519215258,0
ood_combo,DS02,14,69,LPT_flow_mod,7,0,-0.346872131775305,-0.503159525729865,1,1,3,3,3,3,0.148274519215258,0
ood_combo,DS02,14,69,LPC_eff_mod,8,0,0,-0.00575716284058413,0,1,0,1,3,3,0.148274519215258,0
ood_combo,DS02,14,69,LPC_flow_mod,9,0,0,-0.00643049388805456,0,0,0,0,3,3,0.148274519215258,0
ood_combo,DS02,14,70,HPT_eff_mod,1,0,-0.253487820195179,-0.125572985647617,1,1,3,2,3,3,0.182009910478127,0
ood_combo,DS02,14,70,fan_eff_mod,2,0,0,-0,0,0,0,0,3,3,0.182009910478127,0
ood_combo,DS02,14,70,fan_flow_mod,3,0,0,-0.00209261822964595,0,0,0,0,3,3,0.182009910478127,0
ood_combo,DS02,14,70,HPC_eff_mod,4,0,0,-0.00656303934303884,0,0,0,0,3,3,0.182009910478127,0
ood_combo,DS02,14,70,HPC_flow_mod,5,0,0,-0.000363656382073003,0,0,0,0,3,3,0.182009910478127,0
ood_combo,DS02,14,70,LPT_eff_mod,6,0,-0.165103280266851,-0.207979332493546,1,1,3,3,3,3,0.182009910478127,0
ood_combo,DS02,14,70,LPT_flow_mod,7,0,-0.379736828215006,-0.503159525729865,1,1,3,3,3,3,0.182009910478127,0
ood_combo,DS02,14,70,LPC_eff_mod,8,0,0,-0.00575716284058413,0,1,0,1,3,3,0.182009910478127,0
ood_combo,DS02,14,70,LPC_flow_mod,9,0,0,-0.00643049388805456,0,0,0,0,3,3,0.182009910478127,0
ood_combo,DS02,14,71,HPT_eff_mod,1,0,-0.259779064455679,-0.152050277984363,1,1,3,3,3,3,0.191143543194729,0
ood_combo,DS02,14,71,fan_eff_mod,2,0,0,-0,0,0,0,0,3,3,0.191143543194729,0
ood_combo,DS02,14,71,fan_flow_mod,3,0,0,-0.00209261822964595,0,0,0,0,3,3,0.191143543194729,0
ood_combo,DS02,14,71,HPC_eff_mod,4,0,0,-0.0146623572173142,0,0,0,0,3,3,0.191143543194729,0
ood_combo,DS02,14,71,HPC_flow_mod,5,0,0,-0.0013489640370264,0,0,0,0,3,3,0.191143543194729,0
ood_combo,DS02,14,71,LPT_eff_mod,6,0,-0.180465713496919,-0.227182077401271,1,1,3,3,3,3,0.191143543194729,0
ood_combo,DS02,14,71,LPT_flow_mod,7,0,-0.400825016576897,-0.503159525729865,1,1,3,3,3,3,0.191143543194729,0
ood_combo,DS02,14,71,LPC_eff_mod,8,0,0,-0.00575716284058413,0,1,0,1,3,3,0.191143543194729,0
ood_combo,DS02,14,71,LPC_flow_mod,9,0,0,-0.00643049388805456,0,0,0,0,3,3,0.191143543194729,0
ood_combo,DS02,14,72,HPT_eff_mod,1,0,-0.263945490052377,-0.152050277984363,1,1,3,3,3,3,0.189885241022081,0
ood_combo,DS02,14,72,fan_eff_mod,2,0,0,-0,0,0,0,0,3,3,0.189885241022081,0
ood_combo,DS02,14,72,fan_flow_mod,3,0,0,-0.00338194343916753,0,0,0,0,3,3,0.189885241022081,0
ood_combo,DS02,14,72,HPC_eff_mod,4,0,0,-0.0146623572173142,0,0,0,0,3,3,0.189885241022081,0
ood_combo,DS02,14,72,HPC_flow_mod,5,0,0,-0.0013489640370264,0,0,0,0,3,3,0.189885241022081,0
ood_combo,DS02,14,72,LPT_eff_mod,6,0,-0.190861120927371,-0.227182077401271,1,1,3,3,3,3,0.189885241022081,0
ood_combo,DS02,14,72,LPT_flow_mod,7,0,-0.462873477169124,-0.558849190275134,1,1,3,3,3,3,0.189885241022081,0
ood_combo,DS02,14,72,LPC_eff_mod,8,0,0,-0.00575716284058413,0,1,0,1,3,3,0.189885241022081,0
ood_combo,DS02,14,72,LPC_flow_mod,9,0,0,-0.0125011363969058,0,0,0,0,3,3,0.189885241022081,0
ood_combo,DS02,14,73,HPT_eff_mod,1,0,-0.297816739624107,-0.213790003128356,1,1,3,3,3,3,0.189554778730847,0
ood_combo,DS02,14,73,fan_eff_mod,2,0,0,-0,0,0,0,0,3,3,0.189554778730847,0
ood_combo,DS02,14,73,fan_flow_mod,3,0,0,-0.00338194343916753,0,0,0,0,3,3,0.189554778730847,0
ood_combo,DS02,14,73,HPC_eff_mod,4,0,0,-0.0293104284782331,0,0,0,0,3,3,0.189554778730847,0
ood_combo,DS02,14,73,HPC_flow_mod,5,0,0,-0.0013489640370264,0,0,0,0,3,3,0.189554778730847,0
ood_combo,DS02,14,73,LPT_eff_mod,6,0,-0.202741959641353,-0.227182077401271,1,1,3,3,3,3,0.189554778730847,0
ood_combo,DS02,14,73,LPT_flow_mod,7,0,-0.491945508572573,-0.575801266351774,1,1,3,3,3,3,0.189554778730847,0
ood_combo,DS02,14,73,LPC_eff_mod,8,0,0,-0.00575716284058413,0,1,0,1,3,3,0.189554778730847,0
ood_combo,DS02,14,73,LPC_flow_mod,9,0,0,-0.0125011363969058,0,0,0,0,3,3,0.189554778730847,0
ood_combo,DS02,14,74,HPT_eff_mod,1,0,-0.31415090652141,-0.213790003128356,1,1,3,3,3,3,0.073559512606463,0
ood_combo,DS02,14,74,fan_eff_mod,2,0,0,-0.00206025675829644,0,0,0,0,3,3,0.073559512606463,0
ood_combo,DS02,14,74,fan_flow_mod,3,0,0,-0.00338194343916753,0,0,0,0,3,3,0.073559512606463,0
ood_combo,DS02,14,74,HPC_eff_mod,4,0,0,-0.0293104284782331,0,0,0,0,3,3,0.073559512606463,0
ood_combo,DS02,14,74,HPC_flow_mod,5,0,0,-0.00213687879148749,0,0,0,0,3,3,0.073559512606463,0
ood_combo,DS02,14,74,LPT_eff_mod,6,0,-0.215865487061243,-0.248217019763202,1,1,3,3,3,3,0.073559512606463,0
ood_combo,DS02,14,74,LPT_flow_mod,7,0,-0.54669554864268,-0.651340785416813,1,1,3,3,3,3,0.073559512606463,0
ood_combo,DS02,14,74,LPC_eff_mod,8,0,0,-0.0107824841593799,0,1,0,1,3,3,0.073559512606463,0
ood_combo,DS02,14,74,LPC_flow_mod,9,0,0,-0.0125011363969058,0,0,0,0,3,3,0.073559512606463,0
ood_combo,DS02,14,75,HPT_eff_mod,1,0,-0.335027162464039,-0.213790003128356,1,1,3,3,3,3,0.238177394321239,0
ood_combo,DS02,14,75,fan_eff_mod,2,0,0,-0.00206025675829644,0,0,0,0,3,3,0.238177394321239,0
ood_combo,DS02,14,75,fan_flow_mod,3,0,0,-0.00338194343916753,0,0,0,0,3,3,0.238177394321239,0
ood_combo,DS02,14,75,HPC_eff_mod,4,0,0,-0.0293104284782331,0,0,0,0,3,3,0.238177394321239,0
ood_combo,DS02,14,75,HPC_flow_mod,5,0,0,-0.00213687879148749,0,0,0,0,3,3,0.238177394321239,0
ood_combo,DS02,14,75,LPT_eff_mod,6,0,-0.232615662663726,-0.274171829380221,1,1,3,3,3,3,0.238177394321239,0
ood_combo,DS02,14,75,LPT_flow_mod,7,0,-0.576823763454851,-0.682908341378048,1,1,3,3,3,3,0.238177394321239,0
ood_combo,DS02,14,75,LPC_eff_mod,8,0,0,-0.0107824841593799,0,1,0,1,3,3,0.238177394321239,0
ood_combo,DS02,14,75,LPC_flow_mod,9,0,0,-0.0125011363969058,0,0,0,0,3,3,0.238177394321239,0
ood_combo,DS02,14,76,HPT_eff_mod,1,0,-0.359692704613322,-0.258552732805477,1,1,3,3,3,3,0.127858332101873,0
ood_combo,DS02,14,76,fan_eff_mod,2,0,0,-0.00253898977709222,0,0,0,0,3,3,0.127858332101873,0
ood_combo,DS02,14,76,fan_flow_mod,3,0,0,-0.00534207062422664,0,1,0,1,3,3,0.127858332101873,0
ood_combo,DS02,14,76,HPC_eff_mod,4,0,0,-0.0534762237722907,0,0,0,0,3,3,0.127858332101873,0
ood_combo,DS02,14,76,HPC_flow_mod,5,0,0,-0.0100296548289971,0,0,0,0,3,3,0.127858332101873,0
ood_combo,DS02,14,76,LPT_eff_mod,6,0,-0.248807199989344,-0.274171829380221,1,1,3,3,3,3,0.127858332101873,0
ood_combo,DS02,14,76,LPT_flow_mod,7,0,-0.641647893363712,-0.716935243486177,1,1,3,3,3,3,0.127858332101873,0
ood_combo,DS02,14,76,LPC_eff_mod,8,0,0,-0.0107824841593799,0,1,0,1,3,3,0.127858332101873,0
ood_combo,DS02,14,76,LPC_flow_mod,9,0,0,-0.0335074809002077,0,0,0,0,3,3,0.127858332101873,0
ood_combo,DS02,15,1,HPT_eff_mod,1,1,-0.00562252585471435,-0,0,0,0,0,0,0,0.107433965091973,0
ood_combo,DS02,15,1,fan_eff_mod,2,1,0,-0,0,0,0,0,0,0,0.107433965091973,0
ood_combo,DS02,15,1,fan_flow_mod,3,1,0,-0,0,0,0,0,0,0,0.107433965091973,0
ood_combo,DS02,15,1,HPC_eff_mod,4,1,0,-0.000295127722070832,0,0,0,0,0,0,0.107433965091973,0
ood_combo,DS02,15,1,HPC_flow_mod,5,1,0,-0,0,0,0,0,0,0,0.107433965091973,0
ood_combo,DS02,15,1,LPT_eff_mod,6,1,0.0024095855732834,-0.00102253149569746,0,0,0,0,0,0,0.107433965091973,0
ood_combo,DS02,15,1,LPT_flow_mod,7,1,0.00329697073569559,-0,0,0,0,0,0,0,0.107433965091973,0
ood_combo,DS02,15,1,LPC_eff_mod,8,1,0,-0,0,0,0,0,0,0,0.107433965091973,0
ood_combo,DS02,15,1,LPC_flow_mod,9,1,0,-0,0,0,0,0,0,0,0.107433965091973,0
ood_combo,DS02,15,2,HPT_eff_mod,1,1,-0.0029150684956068,-0,0,0,0,0,0,0,0.0672408328744782,0
ood_combo,DS02,15,2,fan_eff_mod,2,1,0,-0,0,0,0,0,0,0,0.0672408328744782,0
ood_combo,DS02,15,2,fan_flow_mod,3,1,0,-0,0,0,0,0,0,0,0.0672408328744782,0
ood_combo,DS02,15,2,HPC_eff_mod,4,1,0,-0.000295127722070832,0,0,0,0,0,0,0.0672408328744782,0
ood_combo,DS02,15,2,HPC_flow_mod,5,1,0,-9.31849179024157e-05,0,0,0,0,0,0,0.0672408328744782,0
ood_combo,DS02,15,2,LPT_eff_mod,6,1,0.00151032441575901,-0.00102253149569746,0,0,0,0,0,0,0.0672408328744782,0
ood_combo,DS02,15,2,LPT_flow_mod,7,1,-0.000676283223975973,-0,0,0,0,0,0,0,0.0672408328744782,0
ood_combo,DS02,15,2,LPC_eff_mod,8,1,0,-0,0,0,0,0,0,0,0.0672408328744782,0
ood_combo,DS02,15,2,LPC_flow_mod,9,1,0,-0,0,0,0,0,0,0,0.0672408328744782,0
ood_combo,DS02,15,3,HPT_eff_mod,1,1,0.00853759435032249,-0,0,0,0,0,0,0,0.112566607713616,0
ood_combo,DS02,15,3,fan_eff_mod,2,1,0,-0,0,0,0,0,0,0,0.112566607713616,0
ood_combo,DS02,15,3,fan_flow_mod,3,1,0,-0.001306778573964,0,0,0,0,0,0,0.112566607713616,0
ood_combo,DS02,15,3,HPC_eff_mod,4,1,0,-0.000295127722070832,0,0,0,0,0,0,0.112566607713616,0
ood_combo,DS02,15,3,HPC_flow_mod,5,1,0,-0.00150329686088227,0,0,0,0,0,0,0.112566607713616,0
ood_combo,DS02,15,3,LPT_eff_mod,6,1,-0.00391990998904187,-0.00102253149569746,0,0,0,0,0,0,0.112566607713616,0
ood_combo,DS02,15,3,LPT_flow_mod,7,1,-0.0026206875117192,-0,0,0,0,0,0,0,0.112566607713616,0
ood_combo,DS02,15,3,LPC_eff_mod,8,1,0,-0,0,0,0,0,0,0,0.112566607713616,0
ood_combo,DS02,15,3,LPC_flow_mod,9,1,0,-0,0,0,0,0,0,0,0.112566607713616,0
ood_combo,DS02,15,4,HPT_eff_mod,1,1,-0.00946996861824425,-0,0,0,0,0,0,0,0.0785380634551005,0
ood_combo,DS02,15,4,fan_eff_mod,2,1,0,-0,0,0,0,0,0,0,0.0785380634551005,0
ood_combo,DS02,15,4,fan_flow_mod,3,1,0,-0.00137642798324692,0,0,0,0,0,0,0.0785380634551005,0
ood_combo,DS02,15,4,HPC_eff_mod,4,1,0,-0.00932803855632686,0,0,0,0,0,0,0.0785380634551005,0
ood_combo,DS02,15,4,HPC_flow_mod,5,1,0,-0.00150329686088227,0,0,0,0,0,0,0.0785380634551005,0
ood_combo,DS02,15,4,LPT_eff_mod,6,1,-0.00026907555640367,-0.00102253149569746,0,0,0,0,0,0,0.0785380634551005,0
ood_combo,DS02,15,4,LPT_flow_mod,7,1,-0.00317903879385893,-0,0,0,0,0,0,0,0.0785380634551005,0
ood_combo,DS02,15,4,LPC_eff_mod,8,1,0,-0,0,0,0,0,0,0,0.0785380634551005,0
ood_combo,DS02,15,4,LPC_flow_mod,9,1,0,-0,0,0,0,0,0,0,0.0785380634551005,0
ood_combo,DS02,15,5,HPT_eff_mod,1,1,-0.00901758431534105,-0,0,0,0,0,0,0,0.102209133008366,0
ood_combo,DS02,15,5,fan_eff_mod,2,1,0,-0,0,0,0,0,0,0,0.102209133008366,0
ood_combo,DS02,15,5,fan_flow_mod,3,1,0,-0.00137642798324692,0,0,0,0,0,0,0.102209133008366,0
ood_combo,DS02,15,5,HPC_eff_mod,4,1,0,-0.00932803855632686,0,0,0,0,0,0,0.102209133008366,0
ood_combo,DS02,15,5,HPC_flow_mod,5,1,0,-0.00150329686088227,0,0,0,0,0,0,0.102209133008366,0
ood_combo,DS02,15,5,LPT_eff_mod,6,1,-0.00990435169138961,-0.00235933625604599,0,0,0,0,0,0,0.102209133008366,0
ood_combo,DS02,15,5,LPT_flow_mod,7,1,0.00218166228530301,-0,0,0,0,0,0,0,0.102209133008366,0
ood_combo,DS02,15,5,LPC_eff_mod,8,1,0,-0,0,0,0,0,0,0,0.102209133008366,0
ood_combo,DS02,15,5,LPC_flow_mod,9,1,0,-0,0,0,0,0,0,0,0.102209133008366,0
ood_combo,DS02,15,6,HPT_eff_mod,1,1,-0.00898433130069325,-0,0,0,0,0,0,0,0.159393765008943,0
ood_combo,DS02,15,6,fan_eff_mod,2,1,0,-0,0,0,0,0,0,0,0.159393765008943,0
ood_combo,DS02,15,6,fan_flow_mod,3,1,0,-0.00137642798324692,0,0,0,0,0,0,0.159393765008943,0
ood_combo,DS02,15,6,HPC_eff_mod,4,1,0,-0.00932803855632686,0,0,0,0,0,0,0.159393765008943,0
ood_combo,DS02,15,6,HPC_flow_mod,5,1,0,-0.00150329686088227,0,0,0,0,0,0,0.159393765008943,0
ood_combo,DS02,15,6,LPT_eff_mod,6,1,-0.00282312238363893,-0.00235933625604599,0,0,0,0,0,0,0.159393765008943,0
ood_combo,DS02,15,6,LPT_flow_mod,7,1,0.00232034680279627,-0.00416301000745067,0,0,0,0,0,0,0.159393765008943,0
ood_combo,DS02,15,6,LPC_eff_mod,8,1,0,-0,0,0,0,0,0,0,0.159393765008943,0
ood_combo,DS02,15,6,LPC_flow_mod,9,1,0,-0,0,0,0,0,0,0,0.159393765008943,0
ood_combo,DS02,15,7,HPT_eff_mod,1,1,-0.00882378903938545,-0,0,0,0,0,0,0,0.196014241617745,0
ood_combo,DS02,15,7,fan_eff_mod,2,1,0,-4.57363011720504e-05,0,0,0,0,0,0,0.196014241617745,0
ood_combo,DS02,15,7,fan_flow_mod,3,1,0,-0.00137642798324692,0,0,0,0,0,0,0.196014241617745,0
ood_combo,DS02,15,7,HPC_eff_mod,4,1,0,-0.0097960634741516,0,0,0,0,0,0,0.196014241617745,0
ood_combo,DS02,15,7,HPC_flow_mod,5,1,0,-0.00168456361139951,0,0,0,0,0,0,0.196014241617745,0
ood_combo,DS02,15,7,LPT_eff_mod,6,1,-0.0085274068287955,-0.00629630108216162,0,0,0,0,0,0,0.196014241617745,0
ood_combo,DS02,15,7,LPT_flow_mod,7,1,-0.00182594959612074,-0.00416301000745067,0,0,0,0,0,0,0.196014241617745,0
ood_combo,DS02,15,7,LPC_eff_mod,8,1,0,-0,0,0,0,0,0,0,0.196014241617745,0
ood_combo,DS02,15,7,LPC_flow_mod,9,1,0,-0,0,0,0,0,0,0,0.196014241617745,0
ood_combo,DS02,15,8,HPT_eff_mod,1,1,-0.0140566529215242,-0,0,0,0,0,0,0,0.194493512373667,0
ood_combo,DS02,15,8,fan_eff_mod,2,1,0,-0.000135300879189434,0,0,0,0,0,0,0.194493512373667,0
ood_combo,DS02,15,8,fan_flow_mod,3,1,0,-0.00137642798324692,0,0,0,0,0,0,0.194493512373667,0
ood_combo,DS02,15,8,HPC_eff_mod,4,1,0,-0.0097960634741516,0,0,0,0,0,0,0.194493512373667,0
ood_combo,DS02,15,8,HPC_flow_mod,5,1,0,-0.00193353467266624,0,0,0,0,0,0,0.194493512373667,0
ood_combo,DS02,15,8,LPT_eff_mod,6,1,-0.00267862492254941,-0.00629630108216162,0,0,0,0,0,0,0.194493512373667,0
ood_combo,DS02,15,8,LPT_flow_mod,7,1,0.00226651474562242,-0.00416301000745067,0,0,0,0,0,0,0.194493512373667,0
ood_combo,DS02,15,8,LPC_eff_mod,8,1,0,-0,0,0,0,0,0,0,0.194493512373667,0
ood_combo,DS02,15,8,LPC_flow_mod,9,1,0,-0,0,0,0,0,0,0,0.194493512373667,0
ood_combo,DS02,15,9,HPT_eff_mod,1,1,-0.0159479792511537,-0,0,0,0,0,0,0,0.168508060567463,0
ood_combo,DS02,15,9,fan_eff_mod,2,1,0,-0.000135300879189434,0,0,0,0,0,0,0.168508060567463,0
ood_combo,DS02,15,9,fan_flow_mod,3,1,0,-0.00137642798324692,0,0,0,0,0,0,0.168508060567463,0
ood_combo,DS02,15,9,HPC_eff_mod,4,1,0,-0.0097960634741516,0,0,0,0,0,0,0.168508060567463,0
ood_combo,DS02,15,9,HPC_flow_mod,5,1,0,-0.00193353467266624,0,0,0,0,0,0,0.168508060567463,0
ood_combo,DS02,15,9,LPT_eff_mod,6,1,-0.0109205651030153,-0.0101066000602332,0,0,0,0,0,0,0.168508060567463,0
ood_combo,DS02,15,9,LPT_flow_mod,7,1,-0.00634216454542702,-0.00416301000745067,0,0,0,0,0,0,0.168508060567463,0
ood_combo,DS02,15,9,LPC_eff_mod,8,1,0,-0,0,0,0,0,0,0,0.168508060567463,0
ood_combo,DS02,15,9,LPC_flow_mod,9,1,0,-0,0,0,0,0,0,0,0.168508060567463,0
ood_combo,DS02,15,10,HPT_eff_mod,1,1,-0.0100483610396198,-0,0,0,0,0,0,0,0.103803118760844,0
ood_combo,DS02,15,10,fan_eff_mod,2,1,0,-0.000135300879189434,0,0,0,0,0,0,0.103803118760844,0
ood_combo,DS02,15,10,fan_flow_mod,3,1,0,-0.00137642798324692,0,0,0,0,0,0,0.103803118760844,0
ood_combo,DS02,15,10,HPC_eff_mod,4,1,0,-0.0097960634741516,0,0,0,0,0,0,0.103803118760844,0
ood_combo,DS02,15,10,HPC_flow_mod,5,1,0,-0.00193353467266624,0,0,0,0,0,0,0.103803118760844,0
ood_combo,DS02,15,10,LPT_eff_mod,6,1,-0.0121076820910706,-0.0101066000602332,0,0,0,0,0,0,0.103803118760844,0
ood_combo,DS02,15,10,LPT_flow_mod,7,1,-0.000500821580594245,-0.00416301000745067,0,0,0,0,0,0,0.103803118760844,0
ood_combo,DS02,15,10,LPC_eff_mod,8,1,0,-0,0,0,0,0,0,0,0.103803118760844,0
ood_combo,DS02,15,10,LPC_flow_mod,9,1,0,-0,0,0,0,0,0,0,0.103803118760844,0
ood_combo,DS02,15,11,HPT_eff_mod,1,1,-0.00976598838038252,-0,0,0,0,0,0,0,0.187472334914336,0
ood_combo,DS02,15,11,fan_eff_mod,2,1,0,-0.000135300879189434,0,0,0,0,0,0,0.187472334914336,0
ood_combo,DS02,15,11,fan_flow_mod,3,1,0,-0.00137642798324692,0,0,0,0,0,0,0.187472334914336,0
ood_combo,DS02,15,11,HPC_eff_mod,4,1,0,-0.0097960634741516,0,0,0,0,0,0,0.187472334914336,0
ood_combo,DS02,15,11,HPC_flow_mod,5,1,0,-0.00193353467266624,0,0,0,0,0,0,0.187472334914336,0
ood_combo,DS02,15,11,LPT_eff_mod,6,1,-0.0100614741929313,-0.0101066000602332,0,0,0,0,0,0,0.187472334914336,0
ood_combo,DS02,15,11,LPT_flow_mod,7,1,-0.000742964983424563,-0.00416301000745067,0,0,0,0,0,0,0.187472334914336,0
ood_combo,DS02,15,11,LPC_eff_mod,8,1,0,-0,0,0,0,0,0,0,0.187472334914336,0
ood_combo,DS02,15,11,LPC_flow_mod,9,1,0,-0,0,0,0,0,0,0,0.187472334914336,0
ood_combo,DS02,15,12,HPT_eff_mod,1,1,-0.00445233684980531,-0,0,0,0,0,0,0,0.220876120578233,0
ood_combo,DS02,15,12,fan_eff_mod,2,1,0,-0.000135300879189434,0,0,0,0,0,0,0.220876120578233,0
ood_combo,DS02,15,12,fan_flow_mod,3,1,0,-0.00187176583594812,0,0,0,0,0,0,0.220876120578233,0
ood_combo,DS02,15,12,HPC_eff_mod,4,1,0,-0.0097960634741516,0,0,0,0,0,0,0.220876120578233,0
ood_combo,DS02,15,12,HPC_flow_mod,5,1,0,-0.00193353467266624,0,0,0,0,0,0,0.220876120578233,0
ood_combo,DS02,15,12,LPT_eff_mod,6,1,-0.0111864120740992,-0.0101066000602332,0,0,0,0,0,0,0.220876120578233,0
ood_combo,DS02,15,12,LPT_flow_mod,7,1,-0.00879877386378498,-0.00416301000745067,0,0,0,0,0,0,0.220876120578233,0
ood_combo,DS02,15,12,LPC_eff_mod,8,1,0,-0,0,0,0,0,0,0,0.220876120578233,0
ood_combo,DS02,15,12,LPC_flow_mod,9,1,0,-0.00057318336070392,0,0,0,0,0,0,0.220876120578233,0
ood_combo,DS02,15,13,HPT_eff_mod,1,1,-0.00350794464377827,-0,0,0,0,0,0,1,0.173227330819063,0
ood_combo,DS02,15,13,fan_eff_mod,2,1,0,-0.000135300879189434,0,0,0,0,0,1,0.173227330819063,0
ood_combo,DS02,15,13,fan_flow_mod,3,1,0,-0.00187176583594812,0,0,0,0,0,1,0.173227330819063,0
ood_combo,DS02,15,13,HPC_eff_mod,4,1,0,-0.0097960634741516,0,0,0,0,0,1,0.173227330819063,0
ood_combo,DS02,15,13,HPC_flow_mod,5,1,0,-0.00193353467266624,0,0,0,0,0,1,0.173227330819063,0
ood_combo,DS02,15,13,LPT_eff_mod,6,1,-0.00538503264183393,-0.0101066000602332,0,1,0,1,0,1,0.173227330819063,0
ood_combo,DS02,15,13,LPT_flow_mod,7,1,-0.000682579444356925,-0.00416301000745067,0,0,0,0,0,1,0.173227330819063,0
ood_combo,DS02,15,13,LPC_eff_mod,8,1,0,-0,0,0,0,0,0,1,0.173227330819063,0
ood_combo,DS02,15,13,LPC_flow_mod,9,1,0,-0.00057318336070392,0,0,0,0,0,1,0.173227330819063,0
ood_combo,DS02,15,14,HPT_eff_mod,1,1,-0.00770445941700594,-0,0,0,0,0,0,1,0.211975829052389,0
ood_combo,DS02,15,14,fan_eff_mod,2,1,0,-0.000135300879189434,0,0,0,0,0,1,0.211975829052389,0
ood_combo,DS02,15,14,fan_flow_mod,3,1,0,-0.00187176583594812,0,0,0,0,0,1,0.211975829052389,0
ood_combo,DS02,15,14,HPC_eff_mod,4,1,0,-0.0097960634741516,0,0,0,0,0,1,0.211975829052389,0
ood_combo,DS02,15,14,HPC_flow_mod,5,1,0,-0.00193353467266624,0,0,0,0,0,1,0.211975829052389,0
ood_combo,DS02,15,14,LPT_eff_mod,6,1,-0.00536739995585762,-0.0157106918916781,0,1,0,1,0,1,0.211975829052389,0
ood_combo,DS02,15,14,LPT_flow_mod,7,1,-0.00478448979464825,-0.00416301000745067,0,0,0,0,0,1,0.211975829052389,0
ood_combo,DS02,15,14,LPC_eff_mod,8,1,0,-0,0,0,0,0,0,1,0.211975829052389,0
ood_combo,DS02,15,14,LPC_flow_mod,9,1,0,-0.00057318336070392,0,0,0,0,0,1,0.211975829052389,0
ood_combo,DS02,15,15,HPT_eff_mod,1,1,-0.0121775663702942,-0,0,0,0,0,0,1,0.136349189725923,0
ood_combo,DS02,15,15,fan_eff_mod,2,1,0,-0.000135300879189434,0,0,0,0,0,1,0.136349189725923,0
ood_combo,DS02,15,15,fan_flow_mod,3,1,0,-0.00187176583594812,0,0,0,0,0,1,0.136349189725923,0
ood_combo,DS02,15,15,HPC_eff_mod,4,1,0,-0.0097960634741516,0,0,0,0,0,1,0.136349189725923,0
ood_combo,DS02,15,15,HPC_flow_mod,5,1,0,-0.00193353467266624,0,0,0,0,0,1,0.136349189725923,0
ood_combo,DS02,15,15,LPT_eff_mod,6,1,-0.00987693014275528,-0.0157106918916781,0,1,0,1,0,1,0.136349189725923,0
ood_combo,DS02,15,15,LPT_flow_mod,7,1,-0.0122583255164908,-0.013989767533611,0,0,0,0,0,1,0.136349189725923,0
ood_combo,DS02,15,15,LPC_eff_mod,8,1,0,-0,0,0,0,0,0,1,0.136349189725923,0
ood_combo,DS02,15,15,LPC_flow_mod,9,1,0,-0.00057318336070392,0,0,0,0,0,1,0.136349189725923,0
ood_combo,DS02,15,16,HPT_eff_mod,1,1,-0.0197318845650738,-0,0,0,0,0,0,1,0.0944347778395033,0
ood_combo,DS02,15,16,fan_eff_mod,2,1,0,-0.000135300879189434,0,0,0,0,0,1,0.0944347778395033,0
ood_combo,DS02,15,16,fan_flow_mod,3,1,0,-0.00199280779707074,0,0,0,0,0,1,0.0944347778395033,0
ood_combo,DS02,15,16,HPC_eff_mod,4,1,0,-0.0097960634741516,0,0,0,0,0,1,0.0944347778395033,0
ood_combo,DS02,15,16,HPC_flow_mod,5,1,0,-0.00193353467266624,0,0,0,0,0,1,0.0944347778395033,0
ood_combo,DS02,15,16,LPT_eff_mod,6,1,-0.00620630011131112,-0.0157106918916781,0,1,0,1,0,1,0.0944347778395033,0
ood_combo,DS02,15,16,LPT_flow_mod,7,1,-0.00219823353808161,-0.0152427986794323,0,0,0,0,0,1,0.0944347778395033,0
ood_combo,DS02,15,16,LPC_eff_mod,8,1,0,-0,0,0,0,0,0,1,0.0944347778395033,0
ood_combo,DS02,15,16,LPC_flow_mod,9,1,0,-0.00057318336070392,0,0,0,0,0,1,0.0944347778395033,0
ood_combo,DS02,15,17,HPT_eff_mod,1,1,-0.00858966476657771,-0,0,0,0,0,0,1,0.235379434331149,0
ood_combo,DS02,15,17,fan_eff_mod,2,1,0,-0.000135300879189434,0,0,0,0,0,1,0.235379434331149,0
ood_combo,DS02,15,17,fan_flow_mod,3,1,0,-0.00199280779707074,0,0,0,0,0,1,0.235379434331149,0
ood_combo,DS02,15,17,HPC_eff_mod,4,1,0,-0.0097960634741516,0,0,0,0,0,1,0.235379434331149,0
ood_combo,DS02,15,17,HPC_flow_mod,5,1,0,-0.00193353467266624,0,0,0,0,0,1,0.235379434331149,0
ood_combo,DS02,15,17,LPT_eff_mod,6,1,-0.0104124396702537,-0.0157106918916781,0,1,0,1,0,1,0.235379434331149,0
ood_combo,DS02,15,17,LPT_flow_mod,7,1,-0.00867924445242633,-0.0152427986794323,0,0,0,0,0,1,0.235379434331149,0
ood_combo,DS02,15,17,LPC_eff_mod,8,1,0,-0,0,0,0,0,0,1,0.235379434331149,0
ood_combo,DS02,15,17,LPC_flow_mod,9,1,0,-0.00057318336070392,0,0,0,0,0,1,0.235379434331149,0
ood_combo,DS02,15,18,HPT_eff_mod,1,1,-0.0151642187674121,-0,0,0,0,0,0,1,0.121845148570593,0
ood_combo,DS02,15,18,fan_eff_mod,2,1,0,-0.000821852062302422,0,0,0,0,0,1,0.121845148570593,0
ood_combo,DS02,15,18,fan_flow_mod,3,1,0,-0.00199280779707074,0,0,0,0,0,1,0.121845148570593,0
ood_combo,DS02,15,18,HPC_eff_mod,4,1,0,-0.0108457563019769,0,0,0,0,0,1,0.121845148570593,0
ood_combo,DS02,15,18,HPC_flow_mod,5,1,0,-0.002535187946455,0,0,0,0,0,1,0.121845148570593,0
ood_combo,DS02,15,18,LPT_eff_mod,6,1,-0.0150273744738617,-0.0174831167433192,0,1,0,1,0,1,0.121845148570593,0
ood_combo,DS02,15,18,LPT_flow_mod,7,1,-0.00393227840204988,-0.0152427986794323,0,0,0,0,0,1,0.121845148570593,0
ood_combo,DS02,15,18,LPC_eff_mod,8,1,0,-0,0,0,0,0,0,1,0.121845148570593,0
ood_combo,DS02,15,18,LPC_flow_mod,9,1,0,-0.00057318336070392,0,0,0,0,0,1,0.121845148570593,0
ood_combo,DS02,15,19,HPT_eff_mod,1,1,-0.0127590908752954,-0,0,0,0,0,0,1,0.205721798153851,0
ood_combo,DS02,15,19,fan_eff_mod,2,1,0,-0.000821852062302422,0,0,0,0,0,1,0.205721798153851,0
ood_combo,DS02,15,19,fan_flow_mod,3,1,0,-0.00199280779707074,0,0,0,0,0,1,0.205721798153851,0
ood_combo,DS02,15,19,HPC_eff_mod,4,1,0,-0.0108457563019769,0,0,0,0,0,1,0.205721798153851,0
ood_combo,DS02,15,19,HPC_flow_mod,5,1,0,-0.002535187946455,0,0,0,0,0,1,0.205721798153851,0
ood_combo,DS02,15,19,LPT_eff_mod,6,1,-0.0159519357791253,-0.0174831167433192,0,1,0,1,0,1,0.205721798153851,0
ood_combo,DS02,15,19,LPT_flow_mod,7,1,-0.014621566533191,-0.0152427986794323,0,0,0,0,0,1,0.205721798153851,0
ood_combo,DS02,15,19,LPC_eff_mod,8,1,0,-0,0,0,0,0,0,1,0.205721798153851,0
ood_combo,DS02,15,19,LPC_flow_mod,9,1,0,-0.00057318336070392,0,0,0,0,0,1,0.205721798153851,0
ood_combo,DS02,15,20,HPT_eff_mod,1,1,-0.013259249663074,-0,0,0,0,0,0,2,0.182860145534497,0
ood_combo,DS02,15,20,fan_eff_mod,2,1,0,-0.000821852062302422,0,0,0,0,0,2,0.182860145534497,0
ood_combo,DS02,15,20,fan_flow_mod,3,1,0,-0.00199280779707074,0,0,0,0,0,2,0.182860145534497,0
ood_combo,DS02,15,20,HPC_eff_mod,4,1,0,-0.0108457563019769,0,0,0,0,0,2,0.182860145534497,0
ood_combo,DS02,15,20,HPC_flow_mod,5,1,0,-0.002535187946455,0,0,0,0,0,2,0.182860145534497,0
ood_combo,DS02,15,20,LPT_eff_mod,6,1,-0.00829233480063526,-0.0174831167433192,0,1,0,1,0,2,0.182860145534497,0
ood_combo,DS02,15,20,LPT_flow_mod,7,1,-0.0141819021228859,-0.0215267819938119,0,1,0,2,0,2,0.182860145534497,0
ood_combo,DS02,15,20,LPC_eff_mod,8,1,0,-0,0,0,0,0,0,2,0.182860145534497,0
ood_combo,DS02,15,20,LPC_flow_mod,9,1,0,-0.00057318336070392,0,0,0,0,0,2,0.182860145534497,0
ood_combo,DS02,15,21,HPT_eff_mod,1,1,-0.0177204306494042,-0,0,0,0,0,0,2,0.133697605791623,0
ood_combo,DS02,15,21,fan_eff_mod,2,1,0,-0.000821852062302422,0,0,0,0,0,2,0.133697605791623,0
ood_combo,DS02,15,21,fan_flow_mod,3,1,0,-0.00199280779707074,0,0,0,0,0,2,0.133697605791623,0
ood_combo,DS02,15,21,HPC_eff_mod,4,1,0,-0.0108457563019769,0,0,0,0,0,2,0.133697605791623,0
ood_combo,DS02,15,21,HPC_flow_mod,5,1,0,-0.002535187946455,0,0,0,0,0,2,0.133697605791623,0
ood_combo,DS02,15,21,LPT_eff_mod,6,1,-0.00955275507098394,-0.0174831167433192,0,1,0,1,0,2,0.133697605791623,0
ood_combo,DS02,15,21,LPT_flow_mod,7,1,-0.0132668415630375,-0.0215267819938119,0,1,0,2,0,2,0.133697605791623,0
ood_combo,DS02,15,21,LPC_eff_mod,8,1,0,-0,0,0,0,0,0,2,0.133697605791623,0
ood_combo,DS02,15,21,LPC_flow_mod,9,1,0,-0.00057318336070392,0,0,0,0,0,2,0.133697605791623,0
ood_combo,DS02,15,22,HPT_eff_mod,1,1,-0.029815206406045,-0,0,0,0,0,0,2,0.18415968899056,0
ood_combo,DS02,15,22,fan_eff_mod,2,1,0,-0.000821852062302422,0,0,0,0,0,2,0.18415968899056,0
ood_combo,DS02,15,22,fan_flow_mod,3,1,0,-0.00199280779707074,0,0,0,0,0,2,0.18415968899056,0
ood_combo,DS02,15,22,HPC_eff_mod,4,1,0,-0.0108457563019769,0,0,0,0,0,2,0.18415968899056,0
ood_combo,DS02,15,22,HPC_flow_mod,5,1,0,-0.002535187946455,0,0,0,0,0,2,0.18415968899056,0
ood_combo,DS02,15,22,LPT_eff_mod,6,1,-0.0118954191535483,-0.0177531040821124,0,1,0,1,0,2,0.18415968899056,0
ood_combo,DS02,15,22,LPT_flow_mod,7,1,-0.0151072546386976,-0.0215267819938119,0,1,0,2,0,2,0.18415968899056,0
ood_combo,DS02,15,22,LPC_eff_mod,8,1,0,-0,0,0,0,0,0,2,0.18415968899056,0
ood_combo,DS02,15,22,LPC_flow_mod,9,1,0,-0.00057318336070392,0,0,0,0,0,2,0.18415968899056,0
ood_combo,DS02,15,23,HPT_eff_mod,1,1,-0.0147893580057328,-0,0,0,0,0,0,2,0.340742220481732,0
ood_combo,DS02,15,23,fan_eff_mod,2,1,0,-0.000821852062302422,0,0,0,0,0,2,0.340742220481732,0
ood_combo,DS02,15,23,fan_flow_mod,3,1,0,-0.00199280779707074,0,0,0,0,0,2,0.340742220481732,0
ood_combo,DS02,15,23,HPC_eff_mod,4,1,0,-0.0108457563019769,0,0,0,0,0,2,0.340742220481732,0
ood_combo,DS02,15,23,HPC_flow_mod,5,1,0,-0.002535187946455,0,0,0,0,0,2,0.340742220481732,0
ood_combo,DS02,15,23,LPT_eff_mod,6,1,-0.00932924118257975,-0.0177531040821124,0,1,0,1,0,2,0.340742220481732,0
ood_combo,DS02,15,23,LPT_flow_mod,7,1,-0.00883417432860953,-0.0215267819938119,0,1,0,2,0,2,0.340742220481732,0
ood_combo,DS02,15,23,LPC_eff_mod,8,1,0,-0,0,0,0,0,0,2,0.340742220481732,0
ood_combo,DS02,15,23,LPC_flow_mod,9,1,0,-0.00057318336070392,0,0,0,0,0,2,0.340742220481732,0
ood_combo,DS02,15,24,HPT_eff_mod,1,0,-0.0329885490800427,-0,1,0,2,0,2,2,0.595006653868354,0
ood_combo,DS02,15,24,fan_eff_mod,2,0,0,-0.000821852062302422,0,0,0,0,2,2,0.595006653868354,0
ood_combo,DS02,15,24,fan_flow_mod,3,0,0,-0.00225682953550333,0,0,0,0,2,2,0.595006653868354,0
ood_combo,DS02,15,24,HPC_eff_mod,4,0,0,-0.0108457563019769,0,0,0,0,2,2,0.595006653868354,0
ood_combo,DS02,15,24,HPC_flow_mod,5,0,0,-0.002535187946455,0,0,0,0,2,2,0.595006653868354,0
ood_combo,DS02,15,24,LPT_eff_mod,6,0,-0.0180972092337468,-0.0177531040821124,1,1,1,1,2,2,0.595006653868354,0
ood_combo,DS02,15,24,LPT_flow_mod,7,0,-0.0104250708030637,-0.0357019048890414,1,1,1,2,2,2,0.595006653868354,0
ood_combo,DS02,15,24,LPC_eff_mod,8,0,0,-0,0,0,0,0,2,2,0.595006653868354,0
ood_combo,DS02,15,24,LPC_flow_mod,9,0,0,-0.00436565225703263,0,0,0,0,2,2,0.595006653868354,0
ood_combo,DS02,15,25,HPT_eff_mod,1,0,-0.0212037239309893,-0,1,0,2,0,2,2,0.12942025108356,0
ood_combo,DS02,15,25,fan_eff_mod,2,0,0,-0.000821852062302422,0,0,0,0,2,2,0.12942025108356,0
ood_combo,DS02,15,25,fan_flow_mod,3,0,0,-0.00225682953550333,0,0,0,0,2,2,0.12942025108356,0
ood_combo,DS02,15,25,HPC_eff_mod,4,0,0,-0.0108457563019769,0,0,0,0,2,2,0.12942025108356,0
ood_combo,DS02,15,25,HPC_flow_mod,5,0,0,-0.002535187946455,0,0,0,0,2,2,0.12942025108356,0
ood_combo,DS02,15,25,LPT_eff_mod,6,0,-0.0152117945066519,-0.0299805729795197,1,1,1,2,2,2,0.12942025108356,0
ood_combo,DS02,15,25,LPT_flow_mod,7,0,-0.00917393329815062,-0.0357019048890414,1,1,1,2,2,2,0.12942025108356,0
ood_combo,DS02,15,25,LPC_eff_mod,8,0,0,-0,0,0,0,0,2,2,0.12942025108356,0
ood_combo,DS02,15,25,LPC_flow_mod,9,0,0,-0.00436565225703263,0,0,0,0,2,2,0.12942025108356,0
ood_combo,DS02,15,26,HPT_eff_mod,1,0,-0.0373603499529107,-0,1,0,2,0,2,2,0.245233162358023,0
ood_combo,DS02,15,26,fan_eff_mod,2,0,0,-0.000821852062302422,0,0,0,0,2,2,0.245233162358023,0
ood_combo,DS02,15,26,fan_flow_mod,3,0,0,-0.00225682953550333,0,0,0,0,2,2,0.245233162358023,0
ood_combo,DS02,15,26,HPC_eff_mod,4,0,0,-0.0108457563019769,0,0,0,0,2,2,0.245233162358023,0
ood_combo,DS02,15,26,HPC_flow_mod,5,0,0,-0.002535187946455,0,0,0,0,2,2,0.245233162358023,0
ood_combo,DS02,15,26,LPT_eff_mod,6,0,-0.0263485369020006,-0.0326883310769698,1,1,2,2,2,2,0.245233162358023,0
ood_combo,DS02,15,26,LPT_flow_mod,7,0,-0.0208981756313146,-0.0448413188872328,1,1,2,2,2,2,0.245233162358023,0
ood_combo,DS02,15,26,LPC_eff_mod,8,0,0,-0,0,0,0,0,2,2,0.245233162358023,0
ood_combo,DS02,15,26,LPC_flow_mod,9,0,0,-0.00436565225703263,0,0,0,0,2,2,0.245233162358023,0
ood_combo,DS02,15,27,HPT_eff_mod,1,0,-0.0401610804492649,-0,1,0,2,0,2,2,0.238767012134897,0
ood_combo,DS02,15,27,fan_eff_mod,2,0,0,-0.000821852062302422,0,0,0,0,2,2,0.238767012134897,0
ood_combo,DS02,15,27,fan_flow_mod,3,0,0,-0.00225682953550333,0,0,0,0,2,2,0.238767012134897,0
ood_combo,DS02,15,27,HPC_eff_mod,4,0,0,-0.0108457563019769,0,0,0,0,2,2,0.238767012134897,0
ood_combo,DS02,15,27,HPC_flow_mod,5,0,0,-0.002535187946455,0,0,0,0,2,2,0.238767012134897,0
ood_combo,DS02,15,27,LPT_eff_mod,6,0,-0.0199784291428922,-0.0326883310769698,1,1,2,2,2,2,0.238767012134897,0
ood_combo,DS02,15,27,LPT_flow_mod,7,0,-0.0250477727884697,-0.0499124387346086,1,1,2,2,2,2,0.238767012134897,0
ood_combo,DS02,15,27,LPC_eff_mod,8,0,0,-0,0,0,0,0,2,2,0.238767012134897,0
ood_combo,DS02,15,27,LPC_flow_mod,9,0,0,-0.00436565225703263,0,0,0,0,2,2,0.238767012134897,0
ood_combo,DS02,15,28,HPT_eff_mod,1,0,-0.032434913056,-0,1,0,2,0,2,2,0.141973948894024,0
ood_combo,DS02,15,28,fan_eff_mod,2,0,0,-0.000821852062302422,0,0,0,0,2,2,0.141973948894024,0
ood_combo,DS02,15,28,fan_flow_mod,3,0,0,-0.00225682953550333,0,0,0,0,2,2,0.141973948894024,0
ood_combo,DS02,15,28,HPC_eff_mod,4,0,0,-0.0108457563019769,0,0,0,0,2,2,0.141973948894024,0
ood_combo,DS02,15,28,HPC_flow_mod,5,0,0,-0.002535187946455,0,0,0,0,2,2,0.141973948894024,0
ood_combo,DS02,15,28,LPT_eff_mod,6,0,-0.0235760991339106,-0.0363205150556133,1,1,2,2,2,2,0.141973948894024,0
ood_combo,DS02,15,28,LPT_flow_mod,7,0,-0.0247807786454907,-0.0499124387346086,1,1,2,2,2,2,0.141973948894024,0
ood_combo,DS02,15,28,LPC_eff_mod,8,0,0,-0,0,0,0,0,2,2,0.141973948894024,0
ood_combo,DS02,15,28,LPC_flow_mod,9,0,0,-0.00436565225703263,0,0,0,0,2,2,0.141973948894024,0
ood_combo,DS02,15,29,HPT_eff_mod,1,0,-0.0437525085458789,-0,1,0,2,0,2,2,0.334028799403657,0
ood_combo,DS02,15,29,fan_eff_mod,2,0,0,-0.000821852062302422,0,0,0,0,2,2,0.334028799403657,0
ood_combo,DS02,15,29,fan_flow_mod,3,0,0,-0.00225682953550333,0,0,0,0,2,2,0.334028799403657,0
ood_combo,DS02,15,29,HPC_eff_mod,4,0,0,-0.0108457563019769,0,0,0,0,2,2,0.334028799403657,0
ood_combo,DS02,15,29,HPC_flow_mod,5,0,0,-0.002535187946455,0,0,0,0,2,2,0.334028799403657,0
ood_combo,DS02,15,29,LPT_eff_mod,6,0,-0.0245468575052014,-0.0447972090382393,1,1,2,2,2,2,0.334028799403657,0
ood_combo,DS02,15,29,LPT_flow_mod,7,0,-0.0314196093070882,-0.0499124387346086,1,1,2,2,2,2,0.334028799403657,0
ood_combo,DS02,15,29,LPC_eff_mod,8,0,0,-0,0,0,0,0,2,2,0.334028799403657,0
ood_combo,DS02,15,29,LPC_flow_mod,9,0,0,-0.00436565225703263,0,0,0,0,2,2,0.334028799403657,0
ood_combo,DS02,15,30,HPT_eff_mod,1,0,-0.0373884040213905,-0,1,0,2,0,2,2,0.323727662583698,0
ood_combo,DS02,15,30,fan_eff_mod,2,0,0,-0.000821852062302422,0,0,0,0,2,2,0.323727662583698,0
ood_combo,DS02,15,30,fan_flow_mod,3,0,0,-0.00225682953550333,0,0,0,0,2,2,0.323727662583698,0
ood_combo,DS02,15,30,HPC_eff_mod,4,0,0,-0.0108457563019769,0,0,0,0,2,2,0.323727662583698,0
ood_combo,DS02,15,30,HPC_flow_mod,5,0,0,-0.002535187946455,0,0,0,0,2,2,0.323727662583698,0
ood_combo,DS02,15,30,LPT_eff_mod,6,0,-0.0234294398821725,-0.0447972090382393,1,1,2,2,2,2,0.323727662583698,0
ood_combo,DS02,15,30,LPT_flow_mod,7,0,-0.00969716335575819,-0.0499124387346086,1,1,2,2,2,2,0.323727662583698,0
ood_combo,DS02,15,30,LPC_eff_mod,8,0,0,-0,0,0,0,0,2,2,0.323727662583698,0
ood_combo,DS02,15,30,LPC_flow_mod,9,0,0,-0.00436565225703263,0,0,0,0,2,2,0.323727662583698,0
ood_combo,DS02,15,31,HPT_eff_mod,1,0,-0.0535714871219647,-0,1,0,2,0,2,2,0.364535952444288,0
ood_combo,DS02,15,31,fan_eff_mod,2,0,0,-0.000821852062302422,0,0,0,0,2,2,0.364535952444288,0
ood_combo,DS02,15,31,fan_flow_mod,3,0,0,-0.00225682953550333,0,0,0,0,2,2,0.364535952444288,0
ood_combo,DS02,15,31,HPC_eff_mod,4,0,0,-0.0108457563019769,0,0,0,0,2,2,0.364535952444288,0
ood_combo,DS02,15,31,HPC_flow_mod,5,0,0,-0.002535187946455,0,0,0,0,2,2,0.364535952444288,0
ood_combo,DS02,15,31,LPT_eff_mod,6,0,-0.0211681116412922,-0.0447972090382393,1,1,2,2,2,2,0.364535952444288,0
ood_combo,DS02,15,31,LPT_flow_mod,7,0,-0.019402914330921,-0.0669780628622838,1,1,2,2,2,2,0.364535952444288,0
ood_combo,DS02,15,31,LPC_eff_mod,8,0,0,-0,0,0,0,0,2,2,0.364535952444288,0
ood_combo,DS02,15,31,LPC_flow_mod,9,0,0,-0.00436565225703263,0,0,0,0,2,2,0.364535952444288,0
ood_combo,DS02,15,32,HPT_eff_mod,1,0,-0.0494279804069503,-0,1,0,2,0,2,2,0.101035334643733,0
ood_combo,DS02,15,32,fan_eff_mod,2,0,0,-0.000821852062302422,0,0,0,0,2,2,0.101035334643733,0
ood_combo,DS02,15,32,fan_flow_mod,3,0,0,-0.00225682953550333,0,0,0,0,2,2,0.101035334643733,0
ood_combo,DS02,15,32,HPC_eff_mod,4,0,0,-0.0108457563019769,0,0,0,0,2,2,0.101035334643733,0
ood_combo,DS02,15,32,HPC_flow_mod,5,0,0,-0.00323735695379579,0,0,0,0,2,2,0.101035334643733,0
ood_combo,DS02,15,32,LPT_eff_mod,6,0,-0.0283710991031608,-0.0474032683005624,1,1,2,2,2,2,0.101035334643733,0
ood_combo,DS02,15,32,LPT_flow_mod,7,0,-0.0311794311926553,-0.0769093327093374,1,1,2,2,2,2,0.101035334643733,0
ood_combo,DS02,15,32,LPC_eff_mod,8,0,0,-0,0,0,0,0,2,2,0.101035334643733,0
ood_combo,DS02,15,32,LPC_flow_mod,9,0,0,-0.00436565225703263,0,0,0,0,2,2,0.101035334643733,0
ood_combo,DS02,15,33,HPT_eff_mod,1,0,-0.0475438326840142,-0,1,0,2,0,2,2,0.0902386475155917,0
ood_combo,DS02,15,33,fan_eff_mod,2,0,0,-0.000821852062302422,0,0,0,0,2,2,0.0902386475155917,0
ood_combo,DS02,15,33,fan_flow_mod,3,0,0,-0.00225682953550333,0,0,0,0,2,2,0.0902386475155917,0
ood_combo,DS02,15,33,HPC_eff_mod,4,0,0,-0.0108457563019769,0,0,0,0,2,2,0.0902386475155917,0
ood_combo,DS02,15,33,HPC_flow_mod,5,0,0,-0.00323735695379579,0,0,0,0,2,2,0.0902386475155917,0
ood_combo,DS02,15,33,LPT_eff_mod,6,0,-0.0204552960833641,-0.0474032683005624,1,1,2,2,2,2,0.0902386475155917,0
ood_combo,DS02,15,33,LPT_flow_mod,7,0,-0.0273301784159773,-0.0770674539027329,1,1,2,2,2,2,0.0902386475155917,0
ood_combo,DS02,15,33,LPC_eff_mod,8,0,0,-0,0,0,0,0,2,2,0.0902386475155917,0
ood_combo,DS02,15,33,LPC_flow_mod,9,0,0,-0.00436565225703263,0,0,0,0,2,2,0.0902386475155917,0
ood_combo,DS02,15,34,HPT_eff_mod,1,0,-0.0545083728858864,-0,1,0,2,0,2,2,0.101112219749405,0
ood_combo,DS02,15,34,fan_eff_mod,2,0,0,-0.000821852062302422,0,0,0,0,2,2,0.101112219749405,0
ood_combo,DS02,15,34,fan_flow_mod,3,0,0,-0.00225682953550333,0,0,0,0,2,2,0.101112219749405,0
ood_combo,DS02,15,34,HPC_eff_mod,4,0,0,-0.0108457563019769,0,0,0,0,2,2,0.101112219749405,0
ood_combo,DS02,15,34,HPC_flow_mod,5,0,0,-0.00401054718161506,0,0,0,0,2,2,0.101112219749405,0
ood_combo,DS02,15,34,LPT_eff_mod,6,0,-0.0305663040094367,-0.0474032683005624,1,1,2,2,2,2,0.101112219749405,0
ood_combo,DS02,15,34,LPT_flow_mod,7,0,-0.028232897805014,-0.0770851170593905,1,1,2,2,2,2,0.101112219749405,0
ood_combo,DS02,15,34,LPC_eff_mod,8,0,0,-0,0,0,0,0,2,2,0.101112219749405,0
ood_combo,DS02,15,34,LPC_flow_mod,9,0,0,-0.00436565225703263,0,0,0,0,2,2,0.101112219749405,0
ood_combo,DS02,15,35,HPT_eff_mod,1,0,-0.0484388219708034,-0,1,0,2,0,2,2,0.170853155717734,0
ood_combo,DS02,15,35,fan_eff_mod,2,0,0,-0.000821852062302422,0,0,0,0,2,2,0.170853155717734,0
ood_combo,DS02,15,35,fan_flow_mod,3,0,0,-0.00225682953550333,0,0,0,0,2,2,0.170853155717734,0
ood_combo,DS02,15,35,HPC_eff_mod,4,0,0,-0.0108457563019769,0,0,0,0,2,2,0.170853155717734,0
ood_combo,DS02,15,35,HPC_flow_mod,5,0,0,-0.00401054718161506,0,0,0,0,2,2,0.170853155717734,0
ood_combo,DS02,15,35,LPT_eff_mod,6,0,-0.0290706829641601,-0.0474032683005624,1,1,2,2,2,2,0.170853155717734,0
ood_combo,DS02,15,35,LPT_flow_mod,7,0,-0.0289101628432439,-0.0770851170593905,1,1,2,2,2,2,0.170853155717734,0
ood_combo,DS02,15,35,LPC_eff_mod,8,0,0,-0,0,0,0,0,2,2,0.170853155717734,0
ood_combo,DS02,15,35,LPC_flow_mod,9,0,0,-0.00436565225703263,0,0,0,0,2,2,0.170853155717734,0
ood_combo,DS02,15,36,HPT_eff_mod,1,0,-0.0535787048318871,-0,1,0,2,0,2,2,0.326984590945461,0
ood_combo,DS02,15,36,fan_eff_mod,2,0,0,-0.000821852062302422,0,0,0,0,2,2,0.326984590945461,0
ood_combo,DS02,15,36,fan_flow_mod,3,0,0,-0.00225682953550333,0,0,0,0,2,2,0.326984590945461,0
ood_combo,DS02,15,36,HPC_eff_mod,4,0,0,-0.0108457563019769,0,0,0,0,2,2,0.326984590945461,0
ood_combo,DS02,15,36,HPC_flow_mod,5,0,0,-0.00401054718161506,0,0,0,0,2,2,0.326984590945461,0
ood_combo,DS02,15,36,LPT_eff_mod,6,0,-0.0299290950003609,-0.0474032683005624,1,1,2,2,2,2,0.326984590945461,0
ood_combo,DS02,15,36,LPT_flow_mod,7,0,-0.0385262932628464,-0.0849489404290299,1,1,2,2,2,2,0.326984590945461,0
ood_combo,DS02,15,36,LPC_eff_mod,8,0,0,-0,0,0,0,0,2,2,0.326984590945461,0
ood_combo,DS02,15,36,LPC_flow_mod,9,0,0,-0.00436565225703263,0,0,0,0,2,2,0.326984590945461,0
ood_combo,DS02,15,37,HPT_eff_mod,1,0,-0.0576456024647974,-0,1,0,2,0,2,2,0.164321094505025,0
ood_combo,DS02,15,37,fan_eff_mod,2,0,0,-0.000821852062302422,0,0,0,0,2,2,0.164321094505025,0
ood_combo,DS02,15,37,fan_flow_mod,3,0,0,-0.00225682953550333,0,0,0,0,2,2,0.164321094505025,0
ood_combo,DS02,15,37,HPC_eff_mod,4,0,0,-0.0108457563019769,0,0,0,0,2,2,0.164321094505025,0
ood_combo,DS02,15,37,HPC_flow_mod,5,0,0,-0.00401054718161506,0,0,0,0,2,2,0.164321094505025,0
ood_combo,DS02,15,37,LPT_eff_mod,6,0,-0.0344028514528806,-0.0474032683005624,1,1,2,2,2,2,0.164321094505025,0
ood_combo,DS02,15,37,LPT_flow_mod,7,0,-0.0380674017021144,-0.0868207095133971,1,1,2,2,2,2,0.164321094505025,0
ood_combo,DS02,15,37,LPC_eff_mod,8,0,0,-0,0,0,0,0,2,2,0.164321094505025,0
ood_combo,DS02,15,37,LPC_flow_mod,9,0,0,-0.00436565225703263,0,0,0,0,2,2,0.164321094505025,0
ood_combo,DS02,15,38,HPT_eff_mod,1,0,-0.0680036648625015,-0,1,0,2,0,2,2,0.177872640437416,0
ood_combo,DS02,15,38,fan_eff_mod,2,0,0,-0.000821852062302422,0,0,0,0,2,2,0.177872640437416,0
ood_combo,DS02,15,38,fan_flow_mod,3,0,0,-0.00225682953550333,0,0,0,0,2,2,0.177872640437416,0
ood_combo,DS02,15,38,HPC_eff_mod,4,0,0,-0.0108457563019769,0,0,0,0,2,2,0.177872640437416,0
ood_combo,DS02,15,38,HPC_flow_mod,5,0,0,-0.00401054718161506,0,0,0,0,2,2,0.177872640437416,0
ood_combo,DS02,15,38,LPT_eff_mod,6,0,-0.0360031238255949,-0.0601314286361453,1,1,2,2,2,2,0.177872640437416,0
ood_combo,DS02,15,38,LPT_flow_mod,7,0,-0.0402646350451759,-0.104191047424952,1,1,2,2,2,2,0.177872640437416,0
ood_combo,DS02,15,38,LPC_eff_mod,8,0,0,-0,0,0,0,0,2,2,0.177872640437416,0
ood_combo,DS02,15,38,LPC_flow_mod,9,0,0,-0.00436565225703263,0,0,0,0,2,2,0.177872640437416,0
ood_combo,DS02,15,39,HPT_eff_mod,1,0,-0.0667182410706335,-0,1,0,2,0,2,2,0.0632390261134471,0
ood_combo,DS02,15,39,fan_eff_mod,2,0,0,-0.000821852062302422,0,0,0,0,2,2,0.0632390261134471,0
ood_combo,DS02,15,39,fan_flow_mod,3,0,0,-0.00225682953550333,0,0,0,0,2,2,0.0632390261134471,0
ood_combo,DS02,15,39,HPC_eff_mod,4,0,0,-0.0108457563019769,0,0,0,0,2,2,0.0632390261134471,0
ood_combo,DS02,15,39,HPC_flow_mod,5,0,0,-0.00401054718161506,0,0,0,0,2,2,0.0632390261134471,0
ood_combo,DS02,15,39,LPT_eff_mod,6,0,-0.0413770728947149,-0.0690282624907916,1,1,2,2,2,2,0.0632390261134471,0
ood_combo,DS02,15,39,LPT_flow_mod,7,0,-0.0437036889172782,-0.116670917391974,1,1,2,2,2,2,0.0632390261134471,0
ood_combo,DS02,15,39,LPC_eff_mod,8,0,0,-0,0,0,0,0,2,2,0.0632390261134471,0
ood_combo,DS02,15,39,LPC_flow_mod,9,0,0,-0.00436565225703263,0,0,0,0,2,2,0.0632390261134471,0
ood_combo,DS02,15,40,HPT_eff_mod,1,0,-0.0856852229259095,-0,1,0,2,0,2,3,0.237002298693063,0
ood_combo,DS02,15,40,fan_eff_mod,2,0,0,-0.000821852062302422,0,0,0,0,2,3,0.237002298693063,0
ood_combo,DS02,15,40,fan_flow_mod,3,0,0,-0.00225682953550333,0,0,0,0,2,3,0.237002298693063,0
ood_combo,DS02,15,40,HPC_eff_mod,4,0,0,-0.0108457563019769,0,0,0,0,2,3,0.237002298693063,0
ood_combo,DS02,15,40,HPC_flow_mod,5,0,0,-0.00401054718161506,0,0,0,0,2,3,0.237002298693063,0
ood_combo,DS02,15,40,LPT_eff_mod,6,0,-0.0413011753013588,-0.0690282624907916,1,1,2,2,2,3,0.237002298693063,0
ood_combo,DS02,15,40,LPT_flow_mod,7,0,-0.0601988924725574,-0.138277403912375,1,1,2,3,2,3,0.237002298693063,0
ood_combo,DS02,15,40,LPC_eff_mod,8,0,0,-0,0,0,0,0,2,3,0.237002298693063,0
ood_combo,DS02,15,40,LPC_flow_mod,9,0,0,-0.00436565225703263,0,0,0,0,2,3,0.237002298693063,0
ood_combo,DS02,15,41,HPT_eff_mod,1,0,-0.0744429160566599,-0,1,0,2,0,2,3,0.34694621989747,0
ood_combo,DS02,15,41,fan_eff_mod,2,0,0,-0.000821852062302422,0,0,0,0,2,3,0.34694621989747,0
ood_combo,DS02,15,41,fan_flow_mod,3,0,0,-0.00225682953550333,0,0,0,0,2,3,0.34694621989747,0
ood_combo,DS02,15,41,HPC_eff_mod,4,0,0,-0.0108457563019769,0,0,0,0,2,3,0.34694621989747,0
ood_combo,DS02,15,41,HPC_flow_mod,5,0,0,-0.00401054718161506,0,0,0,0,2,3,0.34694621989747,0
ood_combo,DS02,15,41,LPT_eff_mod,6,0,-0.047182424487152,-0.0690282624907916,1,1,2,2,2,3,0.34694621989747,0
ood_combo,DS02,15,41,LPT_flow_mod,7,0,-0.0548217164006488,-0.138277403912375,1,1,2,3,2,3,0.34694621989747,0
ood_combo,DS02,15,41,LPC_eff_mod,8,0,0,-0,0,0,0,0,2,3,0.34694621989747,0
ood_combo,DS02,15,41,LPC_flow_mod,9,0,0,-0.00436565225703263,0,0,0,0,2,3,0.34694621989747,0
ood_combo,DS02,15,42,HPT_eff_mod,1,0,-0.0834207100642076,-0,1,0,2,0,2,3,0.112576078938598,0
ood_combo,DS02,15,42,fan_eff_mod,2,0,0,-0.000821852062302422,0,0,0,0,2,3,0.112576078938598,0
ood_combo,DS02,15,42,fan_flow_mod,3,0,0,-0.00225682953550333,0,0,0,0,2,3,0.112576078938598,0
ood_combo,DS02,15,42,HPC_eff_mod,4,0,0,-0.0108457563019769,0,0,0,0,2,3,0.112576078938598,0
ood_combo,DS02,15,42,HPC_flow_mod,5,0,0,-0.00401054718161506,0,0,0,0,2,3,0.112576078938598,0
ood_combo,DS02,15,42,LPT_eff_mod,6,0,-0.0462173889206791,-0.0740974874239453,1,1,2,2,2,3,0.112576078938598,0
ood_combo,DS02,15,42,LPT_flow_mod,7,0,-0.0572674782502926,-0.138277403912375,1,1,2,3,2,3,0.112576078938598,0
ood_combo,DS02,15,42,LPC_eff_mod,8,0,0,-0,0,0,0,0,2,3,0.112576078938598,0
ood_combo,DS02,15,42,LPC_flow_mod,9,0,0,-0.00436565225703263,0,0,0,0,2,3,0.112576078938598,0
ood_combo,DS02,15,43,HPT_eff_mod,1,0,-0.102396294696953,-0,1,0,2,0,2,3,0.101809739689225,0
ood_combo,DS02,15,43,fan_eff_mod,2,0,0,-0.000821852062302422,0,0,0,0,2,3,0.101809739689225,0
ood_combo,DS02,15,43,fan_flow_mod,3,0,0,-0.00225682953550333,0,0,0,0,2,3,0.101809739689225,0
ood_combo,DS02,15,43,HPC_eff_mod,4,0,0,-0.0108457563019769,0,0,0,0,2,3,0.101809739689225,0
ood_combo,DS02,15,43,HPC_flow_mod,5,0,0,-0.0041894504448862,0,0,0,0,2,3,0.101809739689225,0
ood_combo,DS02,15,43,LPT_eff_mod,6,0,-0.0565939970894632,-0.10489818773777,1,1,2,2,2,3,0.101809739689225,0
ood_combo,DS02,15,43,LPT_flow_mod,7,0,-0.0731397017441519,-0.193033078287868,1,1,2,3,2,3,0.101809739689225,0
ood_combo,DS02,15,43,LPC_eff_mod,8,0,0,-0,0,0,0,0,2,3,0.101809739689225,0
ood_combo,DS02,15,43,LPC_flow_mod,9,0,0,-0.00436565225703263,0,0,0,0,2,3,0.101809739689225,0
ood_combo,DS02,15,44,HPT_eff_mod,1,0,-0.108888560359148,-0,1,0,2,0,2,3,0.163148313012188,0
ood_combo,DS02,15,44,fan_eff_mod,2,0,0,-0.000821852062302422,0,0,0,0,2,3,0.163148313012188,0
ood_combo,DS02,15,44,fan_flow_mod,3,0,0,-0.00225682953550333,0,0,0,0,2,3,0.163148313012188,0
ood_combo,DS02,15,44,HPC_eff_mod,4,0,0,-0.0108457563019769,0,0,0,0,2,3,0.163148313012188,0
ood_combo,DS02,15,44,HPC_flow_mod,5,0,0,-0.0041894504448862,0,0,0,0,2,3,0.163148313012188,0
ood_combo,DS02,15,44,LPT_eff_mod,6,0,-0.0513733984695961,-0.10489818773777,1,1,2,2,2,3,0.163148313012188,0
ood_combo,DS02,15,44,LPT_flow_mod,7,0,-0.0618756375252741,-0.196725283295191,1,1,2,3,2,3,0.163148313012188,0
ood_combo,DS02,15,44,LPC_eff_mod,8,0,0,-0,0,0,0,0,2,3,0.163148313012188,0
ood_combo,DS02,15,44,LPC_flow_mod,9,0,0,-0.00436565225703263,0,0,0,0,2,3,0.163148313012188,0
ood_combo,DS02,15,45,HPT_eff_mod,1,0,-0.110273157537116,-0,1,0,2,0,2,3,0.132219529041682,0
ood_combo,DS02,15,45,fan_eff_mod,2,0,0,-0.000821852062302422,0,0,0,0,2,3,0.132219529041682,0
ood_combo,DS02,15,45,fan_flow_mod,3,0,0,-0.00225682953550333,0,0,0,0,2,3,0.132219529041682,0
ood_combo,DS02,15,45,HPC_eff_mod,4,0,0,-0.0108457563019769,0,0,0,0,2,3,0.132219529041682,0
ood_combo,DS02,15,45,HPC_flow_mod,5,0,0,-0.0041894504448862,0,0,0,0,2,3,0.132219529041682,0
ood_combo,DS02,15,45,LPT_eff_mod,6,0,-0.0623843042796721,-0.10662493760824,1,1,2,2,2,3,0.132219529041682,0
ood_combo,DS02,15,45,LPT_flow_mod,7,0,-0.063098614729498,-0.197590243539421,1,1,2,3,2,3,0.132219529041682,0
ood_combo,DS02,15,45,LPC_eff_mod,8,0,0,-0,0,0,0,0,2,3,0.132219529041682,0
ood_combo,DS02,15,45,LPC_flow_mod,9,0,0,-0.00436565225703263,0,0,0,0,2,3,0.132219529041682,0
ood_combo,DS02,15,46,HPT_eff_mod,1,0,-0.122630790767993,-0,1,0,2,0,2,3,0.193061711702417,0
ood_combo,DS02,15,46,fan_eff_mod,2,0,0,-0.000821852062302422,0,0,0,0,2,3,0.193061711702417,0
ood_combo,DS02,15,46,fan_flow_mod,3,0,0,-0.00225682953550333,0,0,0,0,2,3,0.193061711702417,0
ood_combo,DS02,15,46,HPC_eff_mod,4,0,0,-0.0108457563019769,0,0,0,0,2,3,0.193061711702417,0
ood_combo,DS02,15,46,HPC_flow_mod,5,0,0,-0.0041894504448862,0,0,0,0,2,3,0.193061711702417,0
ood_combo,DS02,15,46,LPT_eff_mod,6,0,-0.0682185200705289,-0.126495476597335,1,1,2,2,2,3,0.193061711702417,0
ood_combo,DS02,15,46,LPT_flow_mod,7,0,-0.0801513313728096,-0.213281410663047,1,1,2,3,2,3,0.193061711702417,0
ood_combo,DS02,15,46,LPC_eff_mod,8,0,0,-0,0,0,0,0,2,3,0.193061711702417,0
ood_combo,DS02,15,46,LPC_flow_mod,9,0,0,-0.00436565225703263,0,0,0,0,2,3,0.193061711702417,0
ood_combo,DS02,15,47,HPT_eff_mod,1,0,-0.121111395926823,-0,1,0,2,0,2,3,0.103282115160041,0
ood_combo,DS02,15,47,fan_eff_mod,2,0,0,-0.000821852062302422,0,0,0,0,2,3,0.103282115160041,0
ood_combo,DS02,15,47,fan_flow_mod,3,0,0,-0.00225682953550333,0,0,0,0,2,3,0.103282115160041,0
ood_combo,DS02,15,47,HPC_eff_mod,4,0,0,-0.0108457563019769,0,0,0,0,2,3,0.103282115160041,0
ood_combo,DS02,15,47,HPC_flow_mod,5,0,0,-0.0041894504448862,0,0,0,0,2,3,0.103282115160041,0
ood_combo,DS02,15,47,LPT_eff_mod,6,0,-0.0687637902328273,-0.126495476597335,1,1,2,2,2,3,0.103282115160041,0
ood_combo,DS02,15,47,LPT_flow_mod,7,0,-0.0888110403663896,-0.219277547300726,1,1,2,3,2,3,0.103282115160041,0
ood_combo,DS02,15,47,LPC_eff_mod,8,0,0,-0,0,0,0,0,2,3,0.103282115160041,0
ood_combo,DS02,15,47,LPC_flow_mod,9,0,0,-0.00436565225703263,0,0,0,0,2,3,0.103282115160041,0
ood_combo,DS02,15,48,HPT_eff_mod,1,0,-0.132360524326733,-0,1,0,2,0,2,3,0.0978312931191821,0
ood_combo,DS02,15,48,fan_eff_mod,2,0,0,-0.000821852062302422,0,0,0,0,2,3,0.0978312931191821,0
ood_combo,DS02,15,48,fan_flow_mod,3,0,0,-0.00225682953550333,0,0,0,0,2,3,0.0978312931191821,0
ood_combo,DS02,15,48,HPC_eff_mod,4,0,0,-0.0108457563019769,0,0,0,0,2,3,0.0978312931191821,0
ood_combo,DS02,15,48,HPC_flow_mod,5,0,0,-0.0041894504448862,0,0,0,0,2,3,0.0978312931191821,0
ood_combo,DS02,15,48,LPT_eff_mod,6,0,-0.0799874021196301,-0.144793772620759,1,1,2,3,2,3,0.0978312931191821,0
ood_combo,DS02,15,48,LPT_flow_mod,7,0,-0.0906840359488699,-0.237435388639126,1,1,2,3,2,3,0.0978312931191821,0
ood_combo,DS02,15,48,LPC_eff_mod,8,0,0,-0,0,0,0,0,2,3,0.0978312931191821,0
ood_combo,DS02,15,48,LPC_flow_mod,9,0,0,-0.00436565225703263,0,0,0,0,2,3,0.0978312931191821,0
ood_combo,DS02,15,49,HPT_eff_mod,1,0,-0.143528260729186,-0,1,0,3,0,3,3,0.0702986089843044,0
ood_combo,DS02,15,49,fan_eff_mod,2,0,0,-0.000821852062302422,0,0,0,0,3,3,0.0702986089843044,0
ood_combo,DS02,15,49,fan_flow_mod,3,0,0,-0.00225682953550333,0,0,0,0,3,3,0.0702986089843044,0
ood_combo,DS02,15,49,HPC_eff_mod,4,0,0,-0.0108457563019769,0,0,0,0,3,3,0.0702986089843044,0
ood_combo,DS02,15,49,HPC_flow_mod,5,0,0,-0.0041894504448862,0,0,0,0,3,3,0.0702986089843044,0
ood_combo,DS02,15,49,LPT_eff_mod,6,0,-0.0791312507612044,-0.144793772620759,1,1,2,3,3,3,0.0702986089843044,0
ood_combo,DS02,15,49,LPT_flow_mod,7,0,-0.0882543758919539,-0.252762686818915,1,1,2,3,3,3,0.0702986089843044,0
ood_combo,DS02,15,49,LPC_eff_mod,8,0,0,-0,0,0,0,0,3,3,0.0702986089843044,0
ood_combo,DS02,15,49,LPC_flow_mod,9,0,0,-0.00436565225703263,0,0,0,0,3,3,0.0702986089843044,0
ood_combo,DS02,15,50,HPT_eff_mod,1,0,-0.159184121746407,-0,1,0,3,0,3,3,0.249426555252089,0
ood_combo,DS02,15,50,fan_eff_mod,2,0,0,-0.000821852062302422,0,0,0,0,3,3,0.249426555252089,0
ood_combo,DS02,15,50,fan_flow_mod,3,0,0,-0.00225682953550333,0,0,0,0,3,3,0.249426555252089,0
ood_combo,DS02,15,50,HPC_eff_mod,4,0,0,-0.0108457563019769,0,0,0,0,3,3,0.249426555252089,0
ood_combo,DS02,15,50,HPC_flow_mod,5,0,0,-0.0041894504448862,0,0,0,0,3,3,0.249426555252089,0
ood_combo,DS02,15,50,LPT_eff_mod,6,0,-0.0886011736386863,-0.144793772620759,1,1,2,3,3,3,0.249426555252089,0
ood_combo,DS02,15,50,LPT_flow_mod,7,0,-0.114240516991087,-0.290892168323355,1,1,2,3,3,3,0.249426555252089,0
ood_combo,DS02,15,50,LPC_eff_mod,8,0,0,-0,0,0,0,0,3,3,0.249426555252089,0
ood_combo,DS02,15,50,LPC_flow_mod,9,0,0,-0.00436565225703263,0,0,0,0,3,3,0.249426555252089,0
ood_combo,DS02,15,51,HPT_eff_mod,1,0,-0.180153230358218,-0,1,0,3,0,3,3,0.0633921359720767,0
ood_combo,DS02,15,51,fan_eff_mod,2,0,0,-0.000821852062302422,0,0,0,0,3,3,0.0633921359720767,0
ood_combo,DS02,15,51,fan_flow_mod,3,0,0,-0.00225682953550333,0,0,0,0,3,3,0.0633921359720767,0
ood_combo,DS02,15,51,HPC_eff_mod,4,0,0,-0.0108457563019769,0,0,0,0,3,3,0.0633921359720767,0
ood_combo,DS02,15,51,HPC_flow_mod,5,0,0,-0.0041894504448862,0,0,0,0,3,3,0.0633921359720767,0
ood_combo,DS02,15,51,LPT_eff_mod,6,0,-0.0924179962896955,-0.166379250840233,1,1,2,3,3,3,0.0633921359720767,0
ood_combo,DS02,15,51,LPT_flow_mod,7,0,-0.124154672896512,-0.318853843950767,1,1,2,3,3,3,0.0633921359720767,0
ood_combo,DS02,15,51,LPC_eff_mod,8,0,0,-0,0,0,0,0,3,3,0.0633921359720767,0
ood_combo,DS02,15,51,LPC_flow_mod,9,0,0,-0.00436565225703263,0,0,0,0,3,3,0.0633921359720767,0
ood_combo,DS02,15,52,HPT_eff_mod,1,0,-0.186637027442039,-0,1,0,3,0,3,3,0.232359470009542,0
ood_combo,DS02,15,52,fan_eff_mod,2,0,0,-0.000821852062302422,0,0,0,0,3,3,0.232359470009542,0
ood_combo,DS02,15,52,fan_flow_mod,3,0,0,-0.00225682953550333,0,0,0,0,3,3,0.232359470009542,0
ood_combo,DS02,15,52,HPC_eff_mod,4,0,0,-0.0108457563019769,0,0,0,0,3,3,0.232359470009542,0
ood_combo,DS02,15,52,HPC_flow_mod,5,0,0,-0.0041894504448862,0,0,0,0,3,3,0.232359470009542,0
ood_combo,DS02,15,52,LPT_eff_mod,6,0,-0.101783667602723,-0.18874719630238,1,1,2,3,3,3,0.232359470009542,0
ood_combo,DS02,15,52,LPT_flow_mod,7,0,-0.116941321434133,-0.318853843950767,1,1,2,3,3,3,0.232359470009542,0
ood_combo,DS02,15,52,LPC_eff_mod,8,0,0,-0,0,0,0,0,3,3,0.232359470009542,0
ood_combo,DS02,15,52,LPC_flow_mod,9,0,0,-0.00436565225703263,0,0,0,0,3,3,0.232359470009542,0
ood_combo,DS02,15,53,HPT_eff_mod,1,0,-0.201391718803892,-0,1,0,3,0,3,3,0.102956887106839,0
ood_combo,DS02,15,53,fan_eff_mod,2,0,0,-0.000821852062302422,0,0,0,0,3,3,0.102956887106839,0
ood_combo,DS02,15,53,fan_flow_mod,3,0,0,-0.00225682953550333,0,0,0,0,3,3,0.102956887106839,0
ood_combo,DS02,15,53,HPC_eff_mod,4,0,0,-0.0108457563019769,0,0,0,0,3,3,0.102956887106839,0
ood_combo,DS02,15,53,HPC_flow_mod,5,0,0,-0.0041894504448862,0,0,0,0,3,3,0.102956887106839,0
ood_combo,DS02,15,53,LPT_eff_mod,6,0,-0.111863206873954,-0.197689185221454,1,1,2,3,3,3,0.102956887106839,0
ood_combo,DS02,15,53,LPT_flow_mod,7,0,-0.129377336018228,-0.363712116276931,1,1,2,3,3,3,0.102956887106839,0
ood_combo,DS02,15,53,LPC_eff_mod,8,0,0,-0,0,0,0,0,3,3,0.102956887106839,0
ood_combo,DS02,15,53,LPC_flow_mod,9,0,0,-0.00436565225703263,0,0,0,0,3,3,0.102956887106839,0
ood_combo,DS02,15,54,HPT_eff_mod,1,0,-0.220670241026306,-0,1,0,3,0,3,3,0.238248605246951,0
ood_combo,DS02,15,54,fan_eff_mod,2,0,0,-0.000821852062302422,0,0,0,0,3,3,0.238248605246951,0
ood_combo,DS02,15,54,fan_flow_mod,3,0,0,-0.00225682953550333,0,0,0,0,3,3,0.238248605246951,0
ood_combo,DS02,15,54,HPC_eff_mod,4,0,0,-0.0108457563019769,0,0,0,0,3,3,0.238248605246951,0
ood_combo,DS02,15,54,HPC_flow_mod,5,0,0,-0.0041894504448862,0,0,0,0,3,3,0.238248605246951,0
ood_combo,DS02,15,54,LPT_eff_mod,6,0,-0.117724203753064,-0.21595961176039,1,1,2,3,3,3,0.238248605246951,0
ood_combo,DS02,15,54,LPT_flow_mod,7,0,-0.139452239913643,-0.38286283537318,1,1,3,3,3,3,0.238248605246951,0
ood_combo,DS02,15,54,LPC_eff_mod,8,0,0,-0,0,0,0,0,3,3,0.238248605246951,0
ood_combo,DS02,15,54,LPC_flow_mod,9,0,0,-0.00436565225703263,0,0,0,0,3,3,0.238248605246951,0
ood_combo,DS02,15,55,HPT_eff_mod,1,0,-0.225249368899309,-0,1,0,3,0,3,3,0.199950341381853,0
ood_combo,DS02,15,55,fan_eff_mod,2,0,0,-0.000821852062302422,0,0,0,0,3,3,0.199950341381853,0
ood_combo,DS02,15,55,fan_flow_mod,3,0,0,-0.00225682953550333,0,0,0,0,3,3,0.199950341381853,0
ood_combo,DS02,15,55,HPC_eff_mod,4,0,0,-0.0108457563019769,0,0,0,0,3,3,0.199950341381853,0
ood_combo,DS02,15,55,HPC_flow_mod,5,0,0,-0.0041894504448862,0,0,0,0,3,3,0.199950341381853,0
ood_combo,DS02,15,55,LPT_eff_mod,6,0,-0.131096628288764,-0.21595961176039,1,1,2,3,3,3,0.199950341381853,0
ood_combo,DS02,15,55,LPT_flow_mod,7,0,-0.143534294690569,-0.393726758211429,1,1,3,3,3,3,0.199950341381853,0
ood_combo,DS02,15,55,LPC_eff_mod,8,0,0,-0,0,0,0,0,3,3,0.199950341381853,0
ood_combo,DS02,15,55,LPC_flow_mod,9,0,0,-0.00436565225703263,0,0,0,0,3,3,0.199950341381853,0
ood_combo,DS02,15,56,HPT_eff_mod,1,0,-0.249463337323734,-0,1,0,3,0,3,3,0.415394828080777,0
ood_combo,DS02,15,56,fan_eff_mod,2,0,0,-0.00290732445481732,0,0,0,0,3,3,0.415394828080777,0
ood_combo,DS02,15,56,fan_flow_mod,3,0,0,-0.00225682953550333,0,0,0,0,3,3,0.415394828080777,0
ood_combo,DS02,15,56,HPC_eff_mod,4,0,0,-0.0108457563019769,0,0,0,0,3,3,0.415394828080777,0
ood_combo,DS02,15,56,HPC_flow_mod,5,0,0,-0.00483439826077267,0,0,0,0,3,3,0.415394828080777,0
ood_combo,DS02,15,56,LPT_eff_mod,6,0,-0.133276655841725,-0.24743349576894,1,1,3,3,3,3,0.415394828080777,0
ood_combo,DS02,15,56,LPT_flow_mod,7,0,-0.168821324966323,-0.432523390753461,1,1,3,3,3,3,0.415394828080777,0
ood_combo,DS02,15,56,LPC_eff_mod,8,0,0,-0,0,0,0,0,3,3,0.415394828080777,0
ood_combo,DS02,15,56,LPC_flow_mod,9,0,0,-0.00436565225703263,0,0,0,0,3,3,0.415394828080777,0
ood_combo,DS02,15,57,HPT_eff_mod,1,0,-0.260069805313046,-0,1,0,3,0,3,3,0.289179668692128,0
ood_combo,DS02,15,57,fan_eff_mod,2,0,0,-0.00290732445481732,0,0,0,0,3,3,0.289179668692128,0
ood_combo,DS02,15,57,fan_flow_mod,3,0,0,-0.00225682953550333,0,0,0,0,3,3,0.289179668692128,0
ood_combo,DS02,15,57,HPC_eff_mod,4,0,0,-0.0108457563019769,0,0,0,0,3,3,0.289179668692128,0
ood_combo,DS02,15,57,HPC_flow_mod,5,0,0,-0.00483439826077267,0,0,0,0,3,3,0.289179668692128,0
ood_combo,DS02,15,57,LPT_eff_mod,6,0,-0.148780003910977,-0.274274277379646,1,1,3,3,3,3,0.289179668692128,0
ood_combo,DS02,15,57,LPT_flow_mod,7,0,-0.160540019360919,-0.445319631428628,1,1,3,3,3,3,0.289179668692128,0
ood_combo,DS02,15,57,LPC_eff_mod,8,0,0,-0,0,0,0,0,3,3,0.289179668692128,0
ood_combo,DS02,15,57,LPC_flow_mod,9,0,0,-0.00436565225703263,0,0,0,0,3,3,0.289179668692128,0
ood_combo,DS02,15,58,HPT_eff_mod,1,0,-0.279122833545675,-0,1,0,3,0,3,3,0.164306640419348,0
ood_combo,DS02,15,58,fan_eff_mod,2,0,0,-0.00290732445481732,0,0,0,0,3,3,0.164306640419348,0
ood_combo,DS02,15,58,fan_flow_mod,3,0,0,-0.00225682953550333,0,0,0,0,3,3,0.164306640419348,0
ood_combo,DS02,15,58,HPC_eff_mod,4,0,0,-0.0108457563019769,0,0,0,0,3,3,0.164306640419348,0
ood_combo,DS02,15,58,HPC_flow_mod,5,0,0,-0.00483439826077267,0,0,0,0,3,3,0.164306640419348,0
ood_combo,DS02,15,58,LPT_eff_mod,6,0,-0.162171574881276,-0.274274277379646,1,1,3,3,3,3,0.164306640419348,0
ood_combo,DS02,15,58,LPT_flow_mod,7,0,-0.176127589522394,-0.478179781372332,1,1,3,3,3,3,0.164306640419348,0
ood_combo,DS02,15,58,LPC_eff_mod,8,0,0,-0,0,0,0,0,3,3,0.164306640419348,0
ood_combo,DS02,15,58,LPC_flow_mod,9,0,0,-0.00436565225703263,0,0,0,0,3,3,0.164306640419348,0
ood_combo,DS02,15,59,HPT_eff_mod,1,0,-0.306671711239249,-0,1,0,3,0,3,3,0.137193909771725,0
ood_combo,DS02,15,59,fan_eff_mod,2,0,0,-0.00290732445481732,0,0,0,0,3,3,0.137193909771725,0
ood_combo,DS02,15,59,fan_flow_mod,3,0,0,-0.00225682953550333,0,0,0,0,3,3,0.137193909771725,0
ood_combo,DS02,15,59,HPC_eff_mod,4,0,0,-0.0108457563019769,0,0,0,0,3,3,0.137193909771725,0
ood_combo,DS02,15,59,HPC_flow_mod,5,0,0,-0.00624054175227997,0,0,0,0,3,3,0.137193909771725,0
ood_combo,DS02,15,59,LPT_eff_mod,6,0,-0.17275529191654,-0.315016390066625,1,1,3,3,3,3,0.137193909771725,0
ood_combo,DS02,15,59,LPT_flow_mod,7,0,-0.194788616298012,-0.555072339161104,1,1,3,3,3,3,0.137193909771725,0
ood_combo,DS02,15,59,LPC_eff_mod,8,0,0,-0,0,0,0,0,3,3,0.137193909771725,0
ood_combo,DS02,15,59,LPC_flow_mod,9,0,0,-0.00436565225703263,0,0,0,0,3,3,0.137193909771725,0
ood_combo,DS02,15,60,HPT_eff_mod,1,0,-0.330189758948735,-0,1,0,3,0,3,3,0.0863183571329167,0
ood_combo,DS02,15,60,fan_eff_mod,2,0,0,-0.00290732445481732,0,1,0,1,3,3,0.0863183571329167,0
ood_combo,DS02,15,60,fan_flow_mod,3,0,0,-0.00225682953550333,0,0,0,0,3,3,0.0863183571329167,0
ood_combo,DS02,15,60,HPC_eff_mod,4,0,0,-0.0108457563019769,0,0,0,0,3,3,0.0863183571329167,0
ood_combo,DS02,15,60,HPC_flow_mod,5,0,0,-0.00624054175227997,0,0,0,0,3,3,0.0863183571329167,0
ood_combo,DS02,15,60,LPT_eff_mod,6,0,-0.179930529081992,-0.323256738450631,1,1,3,3,3,3,0.0863183571329167,0
ood_combo,DS02,15,60,LPT_flow_mod,7,0,-0.202378818738924,-0.583346043411157,1,1,3,3,3,3,0.0863183571329167,0
ood_combo,DS02,15,60,LPC_eff_mod,8,0,0,-0,0,0,0,0,3,3,0.0863183571329167,0
ood_combo,DS02,15,60,LPC_flow_mod,9,0,0,-0.00436565225703263,0,0,0,0,3,3,0.0863183571329167,0
ood_combo,DS02,15,61,HPT_eff_mod,1,0,-0.363478228129932,-0,1,0,3,0,3,3,0.179607911398993,0
ood_combo,DS02,15,61,fan_eff_mod,2,0,0,-0.00290732445481732,0,1,0,1,3,3,0.179607911398993,0
ood_combo,DS02,15,61,fan_flow_mod,3,0,0,-0.00225682953550333,0,0,0,0,3,3,0.179607911398993,0
ood_combo,DS02,15,61,HPC_eff_mod,4,0,0,-0.0108457563019769,0,0,0,0,3,3,0.179607911398993,0
ood_combo,DS02,15,61,HPC_flow_mod,5,0,0,-0.00624054175227997,0,0,0,0,3,3,0.179607911398993,0
ood_combo,DS02,15,61,LPT_eff_mod,6,0,-0.196797683834351,-0.374496349513383,1,1,3,3,3,3,0.179607911398993,0
ood_combo,DS02,15,61,LPT_flow_mod,7,0,-0.209436379022725,-0.646917053503206,1,1,3,3,3,3,0.179607911398993,0
ood_combo,DS02,15,61,LPC_eff_mod,8,0,0,-0,0,0,0,0,3,3,0.179607911398993,0
ood_combo,DS02,15,61,LPC_flow_mod,9,0,0,-0.00436565225703263,0,0,0,0,3,3,0.179607911398993,0
ood_combo,DS02,15,62,HPT_eff_mod,1,0,-0.37921539067527,-0,1,0,3,0,3,3,0.437665956016581,0
ood_combo,DS02,15,62,fan_eff_mod,2,0,0,-0.00290732445481732,0,1,0,1,3,3,0.437665956016581,0
ood_combo,DS02,15,62,fan_flow_mod,3,0,0,-0.00225682953550333,0,0,0,0,3,3,0.437665956016581,0
ood_combo,DS02,15,62,HPC_eff_mod,4,0,0,-0.0108457563019769,0,0,0,0,3,3,0.437665956016581,0
ood_combo,DS02,15,62,HPC_flow_mod,5,0,0,-0.00624054175227997,0,0,0,0,3,3,0.437665956016581,0
ood_combo,DS02,15,62,LPT_eff_mod,6,0,-0.207277283520703,-0.38339748566433,1,1,3,3,3,3,0.437665956016581,0
ood_combo,DS02,15,62,LPT_flow_mod,7,0,-0.212063170079107,-0.646917053503206,1,1,3,3,3,3,0.437665956016581,0
ood_combo,DS02,15,62,LPC_eff_mod,8,0,0,-0,0,0,0,0,3,3,0.437665956016581,0
ood_combo,DS02,15,62,LPC_flow_mod,9,0,0,-0.00436565225703263,0,0,0,0,3,3,0.437665956016581,0
ood_combo,DS02,15,63,HPT_eff_mod,1,0,-0.408637697385644,-0,1,0,3,0,3,3,0.317334796199151,0
ood_combo,DS02,15,63,fan_eff_mod,2,0,0,-0.00290732445481732,0,1,0,1,3,3,0.317334796199151,0
ood_combo,DS02,15,63,fan_flow_mod,3,0,0,-0.00260168756252141,0,0,0,0,3,3,0.317334796199151,0
ood_combo,DS02,15,63,HPC_eff_mod,4,0,0,-0.0108457563019769,0,0,0,0,3,3,0.317334796199151,0
ood_combo,DS02,15,63,HPC_flow_mod,5,0,0,-0.00624054175227997,0,0,0,0,3,3,0.317334796199151,0
ood_combo,DS02,15,63,LPT_eff_mod,6,0,-0.227736759174216,-0.38339748566433,1,1,3,3,3,3,0.317334796199151,0
ood_combo,DS02,15,63,LPT_flow_mod,7,0,-0.244654293234916,-0.685284410602312,1,1,3,3,3,3,0.317334796199151,0
ood_combo,DS02,15,63,LPC_eff_mod,8,0,0,-0,0,0,0,0,3,3,0.317334796199151,0
ood_combo,DS02,15,63,LPC_flow_mod,9,0,0,-0.0211563618766695,0,0,0,0,3,3,0.317334796199151,0
ood_combo,DS02,15,64,HPT_eff_mod,1,0,-0.442942462790818,-0.0624213171232981,1,0,3,0,3,3,0.0943195026410528,0
ood_combo,DS02,15,64,fan_eff_mod,2,0,0,-0.00290732445481732,0,1,0,1,3,3,0.0943195026410528,0
ood_combo,DS02,15,64,fan_flow_mod,3,0,0,-0.00260168756252141,0,0,0,0,3,3,0.0943195026410528,0
ood_combo,DS02,15,64,HPC_eff_mod,4,0,0,-0.0108457563019769,0,0,0,0,3,3,0.0943195026410528,0
ood_combo,DS02,15,64,HPC_flow_mod,5,0,0,-0.00737168491379306,0,0,0,0,3,3,0.0943195026410528,0
ood_combo,DS02,15,64,LPT_eff_mod,6,0,-0.246081894444997,-0.402279656968811,1,1,3,3,3,3,0.0943195026410528,0
ood_combo,DS02,15,64,LPT_flow_mod,7,0,-0.253304064493808,-0.685284410602312,1,1,3,3,3,3,0.0943195026410528,0
ood_combo,DS02,15,64,LPC_eff_mod,8,0,0,-0,0,0,0,0,3,3,0.0943195026410528,0
ood_combo,DS02,15,64,LPC_flow_mod,9,0,0,-0.0211563618766695,0,0,0,0,3,3,0.0943195026410528,0
ood_combo,DS02,15,65,HPT_eff_mod,1,0,-0.466017258714758,-0.10755585184812,1,0,3,0,3,3,0.177529592360202,0
ood_combo,DS02,15,65,fan_eff_mod,2,0,0,-0.00290732445481732,0,1,0,1,3,3,0.177529592360202,0
ood_combo,DS02,15,65,fan_flow_mod,3,0,0,-0.00260168756252141,0,0,0,0,3,3,0.177529592360202,0
ood_combo,DS02,15,65,HPC_eff_mod,4,0,0,-0.0108457563019769,0,0,0,0,3,3,0.177529592360202,0
ood_combo,DS02,15,65,HPC_flow_mod,5,0,0,-0.00737168491379306,0,0,0,0,3,3,0.177529592360202,0
ood_combo,DS02,15,65,LPT_eff_mod,6,0,-0.258311467228099,-0.408684854491274,1,1,3,3,3,3,0.177529592360202,0
ood_combo,DS02,15,65,LPT_flow_mod,7,0,-0.273903847111142,-0.704739288109853,1,1,3,3,3,3,0.177529592360202,0
ood_combo,DS02,15,65,LPC_eff_mod,8,0,0,-0,0,0,0,0,3,3,0.177529592360202,0
ood_combo,DS02,15,65,LPC_flow_mod,9,0,0,-0.0211563618766695,0,0,0,0,3,3,0.177529592360202,0
ood_combo,DS02,15,66,HPT_eff_mod,1,0,-0.513102154800182,-0.10755585184812,1,0,3,0,3,3,0.116267816789217,0
ood_combo,DS02,15,66,fan_eff_mod,2,0,0,-0.00626701040381949,0,1,0,1,3,3,0.116267816789217,0
ood_combo,DS02,15,66,fan_flow_mod,3,0,0,-0.00260168756252141,0,0,0,0,3,3,0.116267816789217,0
ood_combo,DS02,15,66,HPC_eff_mod,4,0,0,-0.0108457563019769,0,0,0,0,3,3,0.116267816789217,0
ood_combo,DS02,15,66,HPC_flow_mod,5,0,0,-0.0128721736502701,0,0,0,0,3,3,0.116267816789217,0
ood_combo,DS02,15,66,LPT_eff_mod,6,0,-0.282284303116589,-0.478640430477596,1,1,3,3,3,3,0.116267816789217,0
ood_combo,DS02,15,66,LPT_flow_mod,7,0,-0.286299969686178,-0.797440504484096,1,1,3,3,3,3,0.116267816789217,0
ood_combo,DS02,15,66,LPC_eff_mod,8,0,0,-0,0,0,0,0,3,3,0.116267816789217,0
ood_combo,DS02,15,66,LPC_flow_mod,9,0,0,-0.0211563618766695,0,0,0,0,3,3,0.116267816789217,0
ood_combo,DS02,15,67,HPT_eff_mod,1,0,-0.542179203589859,-0.10755585184812,1,0,3,0,3,3,0.208532508863754,0
ood_combo,DS02,15,67,fan_eff_mod,2,0,0,-0.00745274208203772,0,1,0,1,3,3,0.208532508863754,0
ood_combo,DS02,15,67,fan_flow_mod,3,0,0,-0.00260168756252141,0,1,0,1,3,3,0.208532508863754,0
ood_combo,DS02,15,67,HPC_eff_mod,4,0,0,-0.0143510627230357,0,0,0,0,3,3,0.208532508863754,0
ood_combo,DS02,15,67,HPC_flow_mod,5,0,0,-0.0128721736502701,0,0,0,0,3,3,0.208532508863754,0
ood_combo,DS02,15,67,LPT_eff_mod,6,0,-0.302228826915884,-0.505049713878735,1,1,3,3,3,3,0.208532508863754,0
ood_combo,DS02,15,67,LPT_flow_mod,7,0,-0.31294890812343,-0.823547125230992,1,1,3,3,3,3,0.208532508863754,0
ood_combo,DS02,15,67,LPC_eff_mod,8,0,0,-0.00507775393461281,0,0,0,0,3,3,0.208532508863754,0
ood_combo,DS02,15,67,LPC_flow_mod,9,0,0,-0.0211563618766695,0,1,0,2,3,3,0.208532508863754,0
ood_combo,DS03,10,1,HPT_eff_mod,1,1,-0.00809942791078644,-0,0,0,0,0,0,0,0.089737114170737,0
ood_combo,DS03,10,1,fan_eff_mod,2,1,0,-0,0,0,0,0,0,0,0.089737114170737,0
ood_combo,DS03,10,1,fan_flow_mod,3,1,0,-0,0,0,0,0,0,0,0.089737114170737,0
ood_combo,DS03,10,1,HPC_eff_mod,4,1,0,-0.000734462652250839,0,0,0,0,0,0,0.089737114170737,0
ood_combo,DS03,10,1,HPC_flow_mod,5,1,0,-0,0,0,0,0,0,0,0.089737114170737,0
ood_combo,DS03,10,1,LPT_eff_mod,6,1,-0.000666057654510968,-0,0,0,0,0,0,0,0.089737114170737,0
ood_combo,DS03,10,1,LPT_flow_mod,7,1,0.00051765644504034,-0,0,0,0,0,0,0,0.089737114170737,0
ood_combo,DS03,10,1,LPC_eff_mod,8,1,0,-0,0,0,0,0,0,0,0.089737114170737,0
ood_combo,DS03,10,1,LPC_flow_mod,9,1,0,-0,0,0,0,0,0,0,0.089737114170737,0
ood_combo,DS03,10,2,HPT_eff_mod,1,1,0.009038505051144,-0,0,0,0,0,0,0,0.166975591799126,0
ood_combo,DS03,10,2,fan_eff_mod,2,1,0,-0,0,0,0,0,0,0,0.166975591799126,0
ood_combo,DS03,10,2,fan_flow_mod,3,1,0,-0,0,0,0,0,0,0,0.166975591799126,0
ood_combo,DS03,10,2,HPC_eff_mod,4,1,0,-0.000734462652250839,0,0,0,0,0,0,0.166975591799126,0
ood_combo,DS03,10,2,HPC_flow_mod,5,1,0,-0,0,0,0,0,0,0,0.166975591799126,0
ood_combo,DS03,10,2,LPT_eff_mod,6,1,-2.08117885456779e-05,-0.000588073909548023,0,0,0,0,0,0,0.166975591799126,0
ood_combo,DS03,10,2,LPT_flow_mod,7,1,-0.00279831030190964,-0,0,0,0,0,0,0,0.166975591799126,0
ood_combo,DS03,10,2,LPC_eff_mod,8,1,0,-0,0,0,0,0,0,0,0.166975591799126,0
ood_combo,DS03,10,2,LPC_flow_mod,9,1,0,-0,0,0,0,0,0,0,0.166975591799126,0
ood_combo,DS03,10,3,HPT_eff_mod,1,1,-0.00093907714035779,-0,0,0,0,0,0,0,0.0778042501024071,0
ood_combo,DS03,10,3,fan_eff_mod,2,1,0,-0,0,0,0,0,0,0,0.0778042501024071,0
ood_combo,DS03,10,3,fan_flow_mod,3,1,0,-0.00130629387084762,0,0,0,0,0,0,0.0778042501024071,0
ood_combo,DS03,10,3,HPC_eff_mod,4,1,0,-0.000734462652250839,0,0,0,0,0,0,0.0778042501024071,0
ood_combo,DS03,10,3,HPC_flow_mod,5,1,0,-0,0,0,0,0,0,0,0.0778042501024071,0
ood_combo,DS03,10,3,LPT_eff_mod,6,1,0.000686869443056599,-0.000588073909548023,0,0,0,0,0,0,0.0778042501024071,0
ood_combo,DS03,10,3,LPT_flow_mod,7,1,0.00228065385686795,-0,0,0,0,0,0,0,0.0778042501024071,0
ood_combo,DS03,10,3,LPC_eff_mod,8,1,0,-0,0,0,0,0,0,0,0.0778042501024071,0
ood_combo,DS03,10,3,LPC_flow_mod,9,1,0,-0,0,0,0,0,0,0,0.0778042501024071,0
ood_combo,DS03,10,4,HPT_eff_mod,1,1,0.00791242623016339,-0,0,0,0,0,0,0,0.065289462104235,0
ood_combo,DS03,10,4,fan_eff_mod,2,1,0,-0,0,0,0,0,0,0,0.065289462104235,0
ood_combo,DS03,10,4,fan_flow_mod,3,1,0,-0.00130629387084762,0,0,0,0,0,0,0.065289462104235,0
ood_combo,DS03,10,4,HPC_eff_mod,4,1,0,-0.00263602843698425,0,0,0,0,0,0,0.065289462104235,0
ood_combo,DS03,10,4,HPC_flow_mod,5,1,0,-0,0,0,0,0,0,0,0.065289462104235,0
ood_combo,DS03,10,4,LPT_eff_mod,6,1,-0.00303238748252892,-0.000588073909548023,0,0,0,0,0,0,0.065289462104235,0
ood_combo,DS03,10,4,LPT_flow_mod,7,1,-0.00964210224577827,-0,0,0,0,0,0,0,0.065289462104235,0
ood_combo,DS03,10,4,LPC_eff_mod,8,1,0,-0,0,0,0,0,0,0,0.065289462104235,0
ood_combo,DS03,10,4,LPC_flow_mod,9,1,0,-0,0,0,0,0,0,0,0.065289462104235,0
ood_combo,DS03,10,5,HPT_eff_mod,1,1,0.0052098485260684,-0,0,0,0,0,0,0,0.065058682245743,0
ood_combo,DS03,10,5,fan_eff_mod,2,1,0,-0,0,0,0,0,0,0,0.065058682245743,0
ood_combo,DS03,10,5,fan_flow_mod,3,1,0,-0.00130629387084762,0,0,0,0,0,0,0.065058682245743,0
ood_combo,DS03,10,5,HPC_eff_mod,4,1,0,-0.00263602843698425,0,0,0,0,0,0,0.065058682245743,0
ood_combo,DS03,10,5,HPC_flow_mod,5,1,0,-0,0,0,0,0,0,0,0.065058682245743,0
ood_combo,DS03,10,5,LPT_eff_mod,6,1,-0.0050211185279258,-0.000588073909548023,0,0,0,0,0,0,0.065058682245743,0
ood_combo,DS03,10,5,LPT_flow_mod,7,1,-0.0056327801941732,-0,0,0,0,0,0,0,0.065058682245743,0
ood_combo,DS03,10,5,LPC_eff_mod,8,1,0,-0,0,0,0,0,0,0,0.065058682245743,0
ood_combo,DS03,10,5,LPC_flow_mod,9,1,0,-0,0,0,0,0,0,0,0.065058682245743,0
ood_combo,DS03,10,6,HPT_eff_mod,1,1,-0.0122106448933769,-0,0,0,0,0,0,0,0.104616370591239,0
ood_combo,DS03,10,6,fan_eff_mod,2,1,0,-0,0,0,0,0,0,0,0.104616370591239,0
ood_combo,DS03,10,6,fan_flow_mod,3,1,0,-0.00131948100476295,0,0,0,0,0,0,0.104616370591239,0
ood_combo,DS03,10,6,HPC_eff_mod,4,1,0,-0.00263602843698425,0,0,0,0,0,0,0.104616370591239,0
ood_combo,DS03,10,6,HPC_flow_mod,5,1,0,-0,0,0,0,0,0,0,0.104616370591239,0
ood_combo,DS03,10,6,LPT_eff_mod,6,1,-0.00271861091910225,-0.000588073909548023,0,0,0,0,0,0,0.104616370591239,0
ood_combo,DS03,10,6,LPT_flow_mod,7,1,-0.00501227534160058,-0.00841198582706248,0,0,0,0,0,0,0.104616370591239,0
ood_combo,DS03,10,6,LPC_eff_mod,8,1,0,-0,0,0,0,0,0,0,0.104616370591239,0
ood_combo,DS03,10,6,LPC_flow_mod,9,1,0,-0,0,0,0,0,0,0,0.104616370591239,0
ood_combo,DS03,10,7,HPT_eff_mod,1,1,-0.0129589136461895,-0,0,0,0,0,0,0,0.0483956535131427,0
ood_combo,DS03,10,7,fan_eff_mod,2,1,0,-0,0,0,0,0,0,0,0.0483956535131427,0
ood_combo,DS03,10,7,fan_flow_mod,3,1,0,-0.00131948100476295,0,0,0,0,0,0,0.0483956535131427,0
ood_combo,DS03,10,7,HPC_eff_mod,4,1,0,-0.00263602843698425,0,0,0,0,0,0,0.0483956535131427,0
ood_combo,DS03,10,7,HPC_flow_mod,5,1,0,-0,0,0,0,0,0,0,0.0483956535131427,0
ood_combo,DS03,10,7,LPT_eff_mod,6,1,-0.000378836860502588,-0.000588073909548023,0,0,0,0,0,0,0.0483956535131427,0
ood_combo,DS03,10,7,LPT_flow_mod,7,1,-0.00464679760086457,-0.00841198582706248,0,0,0,0,0,0,0.0483956535131427,0
ood_combo,DS03,10,7,LPC_eff_mod,8,1,0,-0,0,0,0,0,0,0,0.0483956535131427,0
ood_combo,DS03,10,7,LPC_flow_mod,9,1,0,-0,0,0,0,0,0,0,0.0483956535131427,0
ood_combo,DS03,10,8,HPT_eff_mod,1,1,-0.0120795949072815,-0,0,0,0,0,0,0,0.271872746807559,0
ood_combo,DS03,10,8,fan_eff_mod,2,1,0,-0,0,0,0,0,0,0,0.271872746807559,0
ood_combo,DS03,10,8,fan_flow_mod,3,1,0,-0.00161554905102103,0,0,0,0,0,0,0.271872746807559,0
ood_combo,DS03,10,8,HPC_eff_mod,4,1,0,-0.00263602843698425,0,0,0,0,0,0,0.271872746807559,0
ood_combo,DS03,10,8,HPC_flow_mod,5,1,0,-0,0,0,0,0,0,0,0.271872746807559,0
ood_combo,DS03,10,8,LPT_eff_mod,6,1,-0.00895530135938157,-0.000588073909548023,0,0,0,0,0,0,0.271872746807559,0
ood_combo,DS03,10,8,LPT_flow_mod,7,1,-0.00381774485571386,-0.00841198582706248,0,0,0,0,0,0,0.271872746807559,0
ood_combo,DS03,10,8,LPC_eff_mod,8,1,0,-0,0,0,0,0,0,0,0.271872746807559,0
ood_combo,DS03,10,8,LPC_flow_mod,9,1,0,-0,0,0,0,0,0,0,0.271872746807559,0
ood_combo,DS03,10,9,HPT_eff_mod,1,1,-0.00663901811367593,-0,0,0,0,0,0,0,0.187091100719669,0
ood_combo,DS03,10,9,fan_eff_mod,2,1,0,-0,0,0,0,0,0,0,0.187091100719669,0
ood_combo,DS03,10,9,fan_flow_mod,3,1,0,-0.00161554905102103,0,0,0,0,0,0,0.187091100719669,0
ood_combo,DS03,10,9,HPC_eff_mod,4,1,0,-0.00263602843698425,0,0,0,0,0,0,0.187091100719669,0
ood_combo,DS03,10,9,HPC_flow_mod,5,1,0,-0,0,0,0,0,0,0,0.187091100719669,0
ood_combo,DS03,10,9,LPT_eff_mod,6,1,-0.00925243346973704,-0.00921084714845377,0,0,0,0,0,0,0.187091100719669,0
ood_combo,DS03,10,9,LPT_flow_mod,7,1,-0.000850801353324469,-0.00841198582706248,0,0,0,0,0,0,0.187091100719669,0
ood_combo,DS03,10,9,LPC_eff_mod,8,1,0,-0,0,0,0,0,0,0,0.187091100719669,0
ood_combo,DS03,10,9,LPC_flow_mod,9,1,0,-0,0,0,0,0,0,0,0.187091100719669,0
ood_combo,DS03,10,10,HPT_eff_mod,1,1,-0.00704256730300194,-0,0,0,0,0,0,0,0.216634170034738,0
ood_combo,DS03,10,10,fan_eff_mod,2,1,0,-0,0,0,0,0,0,0,0.216634170034738,0
ood_combo,DS03,10,10,fan_flow_mod,3,1,0,-0.00215028201013018,0,0,0,0,0,0,0.216634170034738,0
ood_combo,DS03,10,10,HPC_eff_mod,4,1,0,-0.00263602843698425,0,0,0,0,0,0,0.216634170034738,0
ood_combo,DS03,10,10,HPC_flow_mod,5,1,0,-0,0,0,0,0,0,0,0.216634170034738,0
ood_combo,DS03,10,10,LPT_eff_mod,6,1,-0.0116552873952108,-0.00921084714845377,0,0,0,0,0,0,0.216634170034738,0
ood_combo,DS03,10,10,LPT_flow_mod,7,1,-0.0121697873174283,-0.0173856500127218,0,0,0,0,0,0,0.216634170034738,0
ood_combo,DS03,10,10,LPC_eff_mod,8,1,0,-0,0,0,0,0,0,0,0.216634170034738,0
ood_combo,DS03,10,10,LPC_flow_mod,9,1,0,-0,0,0,0,0,0,0,0.216634170034738,0
ood_combo,DS03,10,11,HPT_eff_mod,1,1,-0.00503405750423651,-0,0,0,0,0,0,0,0.172600625451743,0
ood_combo,DS03,10,11,fan_eff_mod,2,1,0,-0,0,0,0,0,0,0,0.172600625451743,0
ood_combo,DS03,10,11,fan_flow_mod,3,1,0,-0.00215028201013018,0,0,0,0,0,0,0.172600625451743,0
ood_combo,DS03,10,11,HPC_eff_mod,4,1,0,-0.00263602843698425,0,0,0,0,0,0,0.172600625451743,0
ood_combo,DS03,10,11,HPC_flow_mod,5,1,0,-0,0,0,0,0,0,0,0.172600625451743,0
ood_combo,DS03,10,11,LPT_eff_mod,6,1,-0.00524922924846641,-0.00921084714845377,0,0,0,0,0,0,0.172600625451743,0
ood_combo,DS03,10,11,LPT_flow_mod,7,1,-0.0097281476404981,-0.0173856500127218,0,0,0,0,0,0,0.172600625451743,0
ood_combo,DS03,10,11,LPC_eff_mod,8,1,0,-0,0,0,0,0,0,0,0.172600625451743,0
ood_combo,DS03,10,11,LPC_flow_mod,9,1,0,-0,0,0,0,0,0,0,0.172600625451743,0
ood_combo,DS03,10,12,HPT_eff_mod,1,1,-0.0181464073974941,-0.000388696137092573,0,0,0,0,0,0,0.158156613827131,0
ood_combo,DS03,10,12,fan_eff_mod,2,1,0,-0,0,0,0,0,0,0,0.158156613827131,0
ood_combo,DS03,10,12,fan_flow_mod,3,1,0,-0.00215028201013018,0,0,0,0,0,0,0.158156613827131,0
ood_combo,DS03,10,12,HPC_eff_mod,4,1,0,-0.00263602843698425,0,0,0,0,0,0,0.158156613827131,0
ood_combo,DS03,10,12,HPC_flow_mod,5,1,0,-0,0,0,0,0,0,0,0.158156613827131,0
ood_combo,DS03,10,12,LPT_eff_mod,6,1,-0.00444300942194823,-0.016399605962568,0,0,0,0,0,0,0.158156613827131,0
ood_combo,DS03,10,12,LPT_flow_mod,7,1,-0.00958126102922425,-0.0173856500127218,0,0,0,0,0,0,0.158156613827131,0
ood_combo,DS03,10,12,LPC_eff_mod,8,1,0,-0,0,0,0,0,0,0,0.158156613827131,0
ood_combo,DS03,10,12,LPC_flow_mod,9,1,0,-0,0,0,0,0,0,0,0.158156613827131,0
ood_combo,DS03,10,13,HPT_eff_mod,1,1,-0.0159828004649724,-0.000388696137092573,0,0,0,0,0,0,0.178672504877971,0
ood_combo,DS03,10,13,fan_eff_mod,2,1,0,-0,0,0,0,0,0,0,0.178672504877971,0
ood_combo,DS03,10,13,fan_flow_mod,3,1,0,-0.00215028201013018,0,0,0,0,0,0,0.178672504877971,0
ood_combo,DS03,10,13,HPC_eff_mod,4,1,0,-0.00263602843698425,0,0,0,0,0,0,0.178672504877971,0
ood_combo,DS03,10,13,HPC_flow_mod,5,1,0,-0,0,0,0,0,0,0,0.178672504877971,0
ood_combo,DS03,10,13,LPT_eff_mod,6,1,-0.00719453451713028,-0.016399605962568,0,0,0,0,0,0,0.178672504877971,0
ood_combo,DS03,10,13,LPT_flow_mod,7,1,-0.0149958739020682,-0.0173856500127218,0,0,0,0,0,0,0.178672504877971,0
ood_combo,DS03,10,13,LPC_eff_mod,8,1,0,-0.000736679643815477,0,0,0,0,0,0,0.178672504877971,0
ood_combo,DS03,10,13,LPC_flow_mod,9,1,0,-0,0,0,0,0,0,0,0.178672504877971,0
ood_combo,DS03,10,14,HPT_eff_mod,1,1,-0.0118336585243178,-0.000388696137092573,0,0,0,0,0,1,0.0633265835488442,0
ood_combo,DS03,10,14,fan_eff_mod,2,1,0,-0,0,0,0,0,0,1,0.0633265835488442,0
ood_combo,DS03,10,14,fan_flow_mod,3,1,0,-0.00215028201013018,0,0,0,0,0,1,0.0633265835488442,0
ood_combo,DS03,10,14,HPC_eff_mod,4,1,0,-0.00263602843698425,0,0,0,0,0,1,0.0633265835488442,0
ood_combo,DS03,10,14,HPC_flow_mod,5,1,0,-0,0,0,0,0,0,1,0.0633265835488442,0
ood_combo,DS03,10,14,LPT_eff_mod,6,1,-0.00805970322165139,-0.016399605962568,0,0,0,0,0,1,0.0633265835488442,0
ood_combo,DS03,10,14,LPT_flow_mod,7,1,-0.0109793095001824,-0.0173856500127218,0,1,0,1,0,1,0.0633265835488442,0
ood_combo,DS03,10,14,LPC_eff_mod,8,1,0,-0.000736679643815477,0,0,0,0,0,1,0.0633265835488442,0
ood_combo,DS03,10,14,LPC_flow_mod,9,1,0,-0,0,0,0,0,0,1,0.0633265835488442,0
ood_combo,DS03,10,15,HPT_eff_mod,1,1,-0.00619327747495078,-0.000388696137092573,0,0,0,0,0,1,0.0986193092375164,0
ood_combo,DS03,10,15,fan_eff_mod,2,1,0,-0,0,0,0,0,0,1,0.0986193092375164,0
ood_combo,DS03,10,15,fan_flow_mod,3,1,0,-0.00215028201013018,0,0,0,0,0,1,0.0986193092375164,0
ood_combo,DS03,10,15,HPC_eff_mod,4,1,0,-0.00263602843698425,0,0,0,0,0,1,0.0986193092375164,0
ood_combo,DS03,10,15,HPC_flow_mod,5,1,0,-0,0,0,0,0,0,1,0.0986193092375164,0
ood_combo,DS03,10,15,LPT_eff_mod,6,1,-0.00880812248039723,-0.016399605962568,0,0,0,0,0,1,0.0986193092375164,0
ood_combo,DS03,10,15,LPT_flow_mod,7,1,-0.00882376205277263,-0.0173856500127218,0,1,0,1,0,1,0.0986193092375164,0
ood_combo,DS03,10,15,LPC_eff_mod,8,1,0,-0.000736679643815477,0,0,0,0,0,1,0.0986193092375164,0
ood_combo,DS03,10,15,LPC_flow_mod,9,1,0,-0,0,0,0,0,0,1,0.0986193092375164,0
ood_combo,DS03,10,16,HPT_eff_mod,1,1,-0.0102191641555617,-0.000388696137092573,0,0,0,0,0,1,0.103700544054283,0
ood_combo,DS03,10,16,fan_eff_mod,2,1,0,-0,0,0,0,0,0,1,0.103700544054283,0
ood_combo,DS03,10,16,fan_flow_mod,3,1,0,-0.00215028201013018,0,0,0,0,0,1,0.103700544054283,0
ood_combo,DS03,10,16,HPC_eff_mod,4,1,0,-0.00263602843698425,0,0,0,0,0,1,0.103700544054283,0
ood_combo,DS03,10,16,HPC_flow_mod,5,1,0,-0,0,0,0,0,0,1,0.103700544054283,0
ood_combo,DS03,10,16,LPT_eff_mod,6,1,-0.00725921522322748,-0.016399605962568,0,1,0,1,0,1,0.103700544054283,0
ood_combo,DS03,10,16,LPT_flow_mod,7,1,-0.0121119243432129,-0.0190574957629661,0,1,0,1,0,1,0.103700544054283,0
ood_combo,DS03,10,16,LPC_eff_mod,8,1,0,-0.000736679643815477,0,0,0,0,0,1,0.103700544054283,0
ood_combo,DS03,10,16,LPC_flow_mod,9,1,0,-0,0,0,0,0,0,1,0.103700544054283,0
ood_combo,DS03,10,17,HPT_eff_mod,1,1,-0.0199443615928578,-0.000388696137092573,0,0,0,0,0,2,0.1285237533213,0
ood_combo,DS03,10,17,fan_eff_mod,2,1,0,-0,0,0,0,0,0,2,0.1285237533213,0
ood_combo,DS03,10,17,fan_flow_mod,3,1,0,-0.00215028201013018,0,0,0,0,0,2,0.1285237533213,0
ood_combo,DS03,10,17,HPC_eff_mod,4,1,0,-0.00263602843698425,0,0,0,0,0,2,0.1285237533213,0
ood_combo,DS03,10,17,HPC_flow_mod,5,1,0,-0,0,0,0,0,0,2,0.1285237533213,0
ood_combo,DS03,10,17,LPT_eff_mod,6,1,-0.00658962014001819,-0.016399605962568,0,1,0,1,0,2,0.1285237533213,0
ood_combo,DS03,10,17,LPT_flow_mod,7,1,-0.016826102953192,-0.0218899794807052,0,1,0,2,0,2,0.1285237533213,0
ood_combo,DS03,10,17,LPC_eff_mod,8,1,0,-0.000736679643815477,0,0,0,0,0,2,0.1285237533213,0
ood_combo,DS03,10,17,LPC_flow_mod,9,1,0,-0,0,0,0,0,0,2,0.1285237533213,0
ood_combo,DS03,10,18,HPT_eff_mod,1,0,-0.00699320488454576,-0.000388696137092573,1,0,1,0,1,2,0.103665813307426,0
ood_combo,DS03,10,18,fan_eff_mod,2,0,0,-0,0,0,0,0,1,2,0.103665813307426,0
ood_combo,DS03,10,18,fan_flow_mod,3,0,0,-0.00215028201013018,0,0,0,0,1,2,0.103665813307426,0
ood_combo,DS03,10,18,HPC_eff_mod,4,0,0,-0.00263602843698425,0,0,0,0,1,2,0.103665813307426,0
ood_combo,DS03,10,18,HPC_flow_mod,5,0,0,-0,0,0,0,0,1,2,0.103665813307426,0
ood_combo,DS03,10,18,LPT_eff_mod,6,0,-0.0118264891110377,-0.016399605962568,1,1,1,1,1,2,0.103665813307426,0
ood_combo,DS03,10,18,LPT_flow_mod,7,0,-0.0129530207529999,-0.0218899794807052,1,1,1,2,1,2,0.103665813307426,0
ood_combo,DS03,10,18,LPC_eff_mod,8,0,0,-0.000736679643815477,0,0,0,0,1,2,0.103665813307426,0
ood_combo,DS03,10,18,LPC_flow_mod,9,0,0,-0,0,0,0,0,1,2,0.103665813307426,0
ood_combo,DS03,10,19,HPT_eff_mod,1,0,-0.0158308740350522,-0.000388696137092573,1,0,1,0,1,2,0.143649561236341,0
ood_combo,DS03,10,19,fan_eff_mod,2,0,0,-0,0,0,0,0,1,2,0.143649561236341,0
ood_combo,DS03,10,19,fan_flow_mod,3,0,0,-0.00215028201013018,0,0,0,0,1,2,0.143649561236341,0
ood_combo,DS03,10,19,HPC_eff_mod,4,0,0,-0.00263602843698425,0,0,0,0,1,2,0.143649561236341,0
ood_combo,DS03,10,19,HPC_flow_mod,5,0,0,-0,0,0,0,0,1,2,0.143649561236341,0
ood_combo,DS03,10,19,LPT_eff_mod,6,0,-0.0189608371678716,-0.0222648367562945,1,1,1,2,1,2,0.143649561236341,0
ood_combo,DS03,10,19,LPT_flow_mod,7,0,-0.0102456627084706,-0.0218899794807052,1,1,1,2,1,2,0.143649561236341,0
ood_combo,DS03,10,19,LPC_eff_mod,8,0,0,-0.000736679643815477,0,0,0,0,1,2,0.143649561236341,0
ood_combo,DS03,10,19,LPC_flow_mod,9,0,0,-0,0,0,0,0,1,2,0.143649561236341,0
ood_combo,DS03,10,20,HPT_eff_mod,1,0,-0.0170490834636708,-0.000388696137092573,1,0,1,0,1,2,0.0990972230434214,0
ood_combo,DS03,10,20,fan_eff_mod,2,0,0,-0,0,0,0,0,1,2,0.0990972230434214,0
ood_combo,DS03,10,20,fan_flow_mod,3,0,0,-0.00215028201013018,0,0,0,0,1,2,0.0990972230434214,0
ood_combo,DS03,10,20,HPC_eff_mod,4,0,0,-0.00263602843698425,0,0,0,0,1,2,0.0990972230434214,0
ood_combo,DS03,10,20,HPC_flow_mod,5,0,0,-0,0,0,0,0,1,2,0.0990972230434214,0
ood_combo,DS03,10,20,LPT_eff_mod,6,0,-0.0144016996169364,-0.0222648367562945,1,1,1,2,1,2,0.0990972230434214,0
ood_combo,DS03,10,20,LPT_flow_mod,7,0,-0.003223067520506,-0.0218899794807052,1,1,1,2,1,2,0.0990972230434214,0
ood_combo,DS03,10,20,LPC_eff_mod,8,0,0,-0.000736679643815477,0,0,0,0,1,2,0.0990972230434214,0
ood_combo,DS03,10,20,LPC_flow_mod,9,0,0,-0,0,0,0,0,1,2,0.0990972230434214,0
ood_combo,DS03,10,21,HPT_eff_mod,1,0,-0.0305955627808622,-0.00348558832936786,1,0,2,0,2,2,0.143819758170893,0
ood_combo,DS03,10,21,fan_eff_mod,2,0,0,-0,0,0,0,0,2,2,0.143819758170893,0
ood_combo,DS03,10,21,fan_flow_mod,3,0,0,-0.00215028201013018,0,0,0,0,2,2,0.143819758170893,0
ood_combo,DS03,10,21,HPC_eff_mod,4,0,0,-0.00263602843698425,0,0,0,0,2,2,0.143819758170893,0
ood_combo,DS03,10,21,HPC_flow_mod,5,0,0,-0,0,0,0,0,2,2,0.143819758170893,0
ood_combo,DS03,10,21,LPT_eff_mod,6,0,-0.0209765027074106,-0.0222648367562945,1,1,2,2,2,2,0.143819758170893,0
ood_combo,DS03,10,21,LPT_flow_mod,7,0,-0.0138704995718036,-0.0320432539140805,1,1,1,2,2,2,0.143819758170893,0
ood_combo,DS03,10,21,LPC_eff_mod,8,0,0,-0.000736679643815477,0,0,0,0,2,2,0.143819758170893,0
ood_combo,DS03,10,21,LPC_flow_mod,9,0,0,-0,0,0,0,0,2,2,0.143819758170893,0
ood_combo,DS03,10,22,HPT_eff_mod,1,0,-0.0275009502777227,-0.00348558832936786,1,0,2,0,2,2,0.109222201804304,0
ood_combo,DS03,10,22,fan_eff_mod,2,0,0,-0,0,0,0,0,2,2,0.109222201804304,0
ood_combo,DS03,10,22,fan_flow_mod,3,0,0,-0.00215028201013018,0,0,0,0,2,2,0.109222201804304,0
ood_combo,DS03,10,22,HPC_eff_mod,4,0,0,-0.00263602843698425,0,0,0,0,2,2,0.109222201804304,0
ood_combo,DS03,10,22,HPC_flow_mod,5,0,0,-0,0,0,0,0,2,2,0.109222201804304,0
ood_combo,DS03,10,22,LPT_eff_mod,6,0,-0.0168133056339237,-0.0243178308383321,1,1,2,2,2,2,0.109222201804304,0
ood_combo,DS03,10,22,LPT_flow_mod,7,0,-0.00966709712390639,-0.0320432539140805,1,1,1,2,2,2,0.109222201804304,0
ood_combo,DS03,10,22,LPC_eff_mod,8,0,0,-0.000736679643815477,0,0,0,0,2,2,0.109222201804304,0
ood_combo,DS03,10,22,LPC_flow_mod,9,0,0,-0,0,0,0,0,2,2,0.109222201804304,0
ood_combo,DS03,10,23,HPT_eff_mod,1,0,-0.0220113271257272,-0.00348558832936786,1,0,2,0,2,2,0.088134292598728,0
ood_combo,DS03,10,23,fan_eff_mod,2,0,0,-0,0,0,0,0,2,2,0.088134292598728,0
ood_combo,DS03,10,23,fan_flow_mod,3,0,0,-0.00215028201013018,0,0,0,0,2,2,0.088134292598728,0
ood_combo,DS03,10,23,HPC_eff_mod,4,0,0,-0.00263602843698425,0,0,0,0,2,2,0.088134292598728,0
ood_combo,DS03,10,23,HPC_flow_mod,5,0,0,-0,0,0,0,0,2,2,0.088134292598728,0
ood_combo,DS03,10,23,LPT_eff_mod,6,0,-0.0190441271310995,-0.0290472480695239,1,1,2,2,2,2,0.088134292598728,0
ood_combo,DS03,10,23,LPT_flow_mod,7,0,-0.0100633743930677,-0.0320432539140805,1,1,1,2,2,2,0.088134292598728,0
ood_combo,DS03,10,23,LPC_eff_mod,8,0,0,-0.000736679643815477,0,0,0,0,2,2,0.088134292598728,0
ood_combo,DS03,10,23,LPC_flow_mod,9,0,0,-0,0,0,0,0,2,2,0.088134292598728,0
ood_combo,DS03,10,24,HPT_eff_mod,1,0,-0.0390768269992976,-0.00348558832936786,1,0,2,0,2,2,0.138938948512407,0
ood_combo,DS03,10,24,fan_eff_mod,2,0,0,-0,0,0,0,0,2,2,0.138938948512407,0
ood_combo,DS03,10,24,fan_flow_mod,3,0,0,-0.00215028201013018,0,0,0,0,2,2,0.138938948512407,0
ood_combo,DS03,10,24,HPC_eff_mod,4,0,0,-0.00263602843698425,0,0,0,0,2,2,0.138938948512407,0
ood_combo,DS03,10,24,HPC_flow_mod,5,0,0,-0,0,0,0,0,2,2,0.138938948512407,0
ood_combo,DS03,10,24,LPT_eff_mod,6,0,-0.0204101262178892,-0.0290472480695239,1,1,2,2,2,2,0.138938948512407,0
ood_combo,DS03,10,24,LPT_flow_mod,7,0,-0.0175905266017947,-0.0440397691379819,1,1,1,2,2,2,0.138938948512407,0
ood_combo,DS03,10,24,LPC_eff_mod,8,0,0,-0.000736679643815477,0,0,0,0,2,2,0.138938948512407,0
ood_combo,DS03,10,24,LPC_flow_mod,9,0,0,-0,0,0,0,0,2,2,0.138938948512407,0
ood_combo,DS03,10,25,HPT_eff_mod,1,0,-0.0274659474638493,-0.00348558832936786,1,1,2,1,2,2,0.196791356569058,0
ood_combo,DS03,10,25,fan_eff_mod,2,0,0,-0,0,0,0,0,2,2,0.196791356569058,0
ood_combo,DS03,10,25,fan_flow_mod,3,0,0,-0.00215028201013018,0,0,0,0,2,2,0.196791356569058,0
ood_combo,DS03,10,25,HPC_eff_mod,4,0,0,-0.00263602843698425,0,0,0,0,2,2,0.196791356569058,0
ood_combo,DS03,10,25,HPC_flow_mod,5,0,0,-0,0,0,0,0,2,2,0.196791356569058,0
ood_combo,DS03,10,25,LPT_eff_mod,6,0,-0.0256256091989082,-0.0290472480695239,1,1,2,2,2,2,0.196791356569058,0
ood_combo,DS03,10,25,LPT_flow_mod,7,0,-0.0108797810883816,-0.0440397691379819,1,1,1,2,2,2,0.196791356569058,0
ood_combo,DS03,10,25,LPC_eff_mod,8,0,0,-0.000736679643815477,0,0,0,0,2,2,0.196791356569058,0
ood_combo,DS03,10,25,LPC_flow_mod,9,0,0,-0,0,0,0,0,2,2,0.196791356569058,0
ood_combo,DS03,10,26,HPT_eff_mod,1,0,-0.0396727909027252,-0.00348558832936786,1,1,2,1,2,2,0.13625998054183,0
ood_combo,DS03,10,26,fan_eff_mod,2,0,0,-0,0,0,0,0,2,2,0.13625998054183,0
ood_combo,DS03,10,26,fan_flow_mod,3,0,0,-0.00215028201013018,0,0,0,0,2,2,0.13625998054183,0
ood_combo,DS03,10,26,HPC_eff_mod,4,0,0,-0.00263602843698425,0,0,0,0,2,2,0.13625998054183,0
ood_combo,DS03,10,26,HPC_flow_mod,5,0,0,-0,0,0,0,0,2,2,0.13625998054183,0
ood_combo,DS03,10,26,LPT_eff_mod,6,0,-0.0268559817713619,-0.0363554663779803,1,1,2,2,2,2,0.13625998054183,0
ood_combo,DS03,10,26,LPT_flow_mod,7,0,-0.00858811577900819,-0.0440397691379819,1,1,1,2,2,2,0.13625998054183,0
ood_combo,DS03,10,26,LPC_eff_mod,8,0,0,-0.000736679643815477,0,0,0,0,2,2,0.13625998054183,0
ood_combo,DS03,10,26,LPC_flow_mod,9,0,0,-0,0,0,0,0,2,2,0.13625998054183,0
ood_combo,DS03,10,27,HPT_eff_mod,1,0,-0.0281252504079518,-0.00348558832936786,1,1,2,1,2,2,0.171839032059258,0
ood_combo,DS03,10,27,fan_eff_mod,2,0,0,-0,0,0,0,0,2,2,0.171839032059258,0
ood_combo,DS03,10,27,fan_flow_mod,3,0,0,-0.00215028201013018,0,0,0,0,2,2,0.171839032059258,0
ood_combo,DS03,10,27,HPC_eff_mod,4,0,0,-0.00263602843698425,0,0,0,0,2,2,0.171839032059258,0
ood_combo,DS03,10,27,HPC_flow_mod,5,0,0,-0,0,0,0,0,2,2,0.171839032059258,0
ood_combo,DS03,10,27,LPT_eff_mod,6,0,-0.02615290271916,-0.0363554663779803,1,1,2,2,2,2,0.171839032059258,0
ood_combo,DS03,10,27,LPT_flow_mod,7,0,-0.0255022568049943,-0.0493550660723977,1,1,2,2,2,2,0.171839032059258,0
ood_combo,DS03,10,27,LPC_eff_mod,8,0,0,-0.000736679643815477,0,0,0,0,2,2,0.171839032059258,0
ood_combo,DS03,10,27,LPC_flow_mod,9,0,0,-0,0,0,0,0,2,2,0.171839032059258,0
ood_combo,DS03,10,28,HPT_eff_mod,1,0,-0.0450612440379781,-0.00348558832936786,1,1,2,1,2,2,0.112494131310014,0
ood_combo,DS03,10,28,fan_eff_mod,2,0,0,-0,0,0,0,0,2,2,0.112494131310014,0
ood_combo,DS03,10,28,fan_flow_mod,3,0,0,-0.00215028201013018,0,0,0,0,2,2,0.112494131310014,0
ood_combo,DS03,10,28,HPC_eff_mod,4,0,0,-0.00263602843698425,0,0,0,0,2,2,0.112494131310014,0
ood_combo,DS03,10,28,HPC_flow_mod,5,0,0,-0,0,0,0,0,2,2,0.112494131310014,0
ood_combo,DS03,10,28,LPT_eff_mod,6,0,-0.0289639087369373,-0.0553296467549104,1,1,2,2,2,2,0.112494131310014,0
ood_combo,DS03,10,28,LPT_flow_mod,7,0,-0.0110957057860433,-0.0493550660723977,1,1,2,2,2,2,0.112494131310014,0
ood_combo,DS03,10,28,LPC_eff_mod,8,0,0,-0.000736679643815477,0,0,0,0,2,2,0.112494131310014,0
ood_combo,DS03,10,28,LPC_flow_mod,9,0,0,-0,0,0,0,0,2,2,0.112494131310014,0
ood_combo,DS03,10,29,HPT_eff_mod,1,0,-0.0511270819006275,-0.00372734501759673,1,1,2,1,2,2,0.124019032730212,0
ood_combo,DS03,10,29,fan_eff_mod,2,0,0,-0,0,0,0,0,2,2,0.124019032730212,0
ood_combo,DS03,10,29,fan_flow_mod,3,0,0,-0.00215028201013018,0,0,0,0,2,2,0.124019032730212,0
ood_combo,DS03,10,29,HPC_eff_mod,4,0,0,-0.00263602843698425,0,0,0,0,2,2,0.124019032730212,0
ood_combo,DS03,10,29,HPC_flow_mod,5,0,0,-0,0,0,0,0,2,2,0.124019032730212,0
ood_combo,DS03,10,29,LPT_eff_mod,6,0,-0.0374239059637236,-0.0553296467549104,1,1,2,2,2,2,0.124019032730212,0
ood_combo,DS03,10,29,LPT_flow_mod,7,0,-0.019494017627751,-0.0677116162099167,1,1,2,2,2,2,0.124019032730212,0
ood_combo,DS03,10,29,LPC_eff_mod,8,0,0,-0.000736679643815477,0,0,0,0,2,2,0.124019032730212,0
ood_combo,DS03,10,29,LPC_flow_mod,9,0,0,-0,0,0,0,0,2,2,0.124019032730212,0
ood_combo,DS03,10,30,HPT_eff_mod,1,0,-0.0432508401492283,-0.00372734501759673,1,1,2,1,2,2,0.0769639133887427,0
ood_combo,DS03,10,30,fan_eff_mod,2,0,0,-0,0,0,0,0,2,2,0.0769639133887427,0
ood_combo,DS03,10,30,fan_flow_mod,3,0,0,-0.00215028201013018,0,0,0,0,2,2,0.0769639133887427,0
ood_combo,DS03,10,30,HPC_eff_mod,4,0,0,-0.00263602843698425,0,0,0,0,2,2,0.0769639133887427,0
ood_combo,DS03,10,30,HPC_flow_mod,5,0,0,-0,0,0,0,0,2,2,0.0769639133887427,0
ood_combo,DS03,10,30,LPT_eff_mod,6,0,-0.0344334446710149,-0.0588045878087582,1,1,2,2,2,2,0.0769639133887427,0
ood_combo,DS03,10,30,LPT_flow_mod,7,0,-0.0233547788177672,-0.0677116162099167,1,1,2,2,2,2,0.0769639133887427,0
ood_combo,DS03,10,30,LPC_eff_mod,8,0,0,-0.000736679643815477,0,0,0,0,2,2,0.0769639133887427,0
ood_combo,DS03,10,30,LPC_flow_mod,9,0,0,-0,0,0,0,0,2,2,0.0769639133887427,0
ood_combo,DS03,10,31,HPT_eff_mod,1,0,-0.050963507064014,-0.0125654706120846,1,1,2,1,2,2,0.123699045646662,0
ood_combo,DS03,10,31,fan_eff_mod,2,0,0,-0,0,0,0,0,2,2,0.123699045646662,0
ood_combo,DS03,10,31,fan_flow_mod,3,0,0,-0.00215028201013018,0,0,0,0,2,2,0.123699045646662,0
ood_combo,DS03,10,31,HPC_eff_mod,4,0,0,-0.00263602843698425,0,0,0,0,2,2,0.123699045646662,0
ood_combo,DS03,10,31,HPC_flow_mod,5,0,0,-0,0,0,0,0,2,2,0.123699045646662,0
ood_combo,DS03,10,31,LPT_eff_mod,6,0,-0.0390196571908762,-0.0624486435914824,1,1,2,2,2,2,0.123699045646662,0
ood_combo,DS03,10,31,LPT_flow_mod,7,0,-0.0216837349006698,-0.0677116162099167,1,1,2,2,2,2,0.123699045646662,0
ood_combo,DS03,10,31,LPC_eff_mod,8,0,0,-0.000736679643815477,0,0,0,0,2,2,0.123699045646662,0
ood_combo,DS03,10,31,LPC_flow_mod,9,0,0,-0,0,0,0,0,2,2,0.123699045646662,0
ood_combo,DS03,10,32,HPT_eff_mod,1,0,-0.0507330060662778,-0.0125654706120846,1,1,2,1,2,2,0.0787968302745422,0
ood_combo,DS03,10,32,fan_eff_mod,2,0,0,-0,0,0,0,0,2,2,0.0787968302745422,0
ood_combo,DS03,10,32,fan_flow_mod,3,0,0,-0.00215028201013018,0,0,0,0,2,2,0.0787968302745422,0
ood_combo,DS03,10,32,HPC_eff_mod,4,0,0,-0.00263602843698425,0,0,0,0,2,2,0.0787968302745422,0
ood_combo,DS03,10,32,HPC_flow_mod,5,0,0,-0,0,0,0,0,2,2,0.0787968302745422,0
ood_combo,DS03,10,32,LPT_eff_mod,6,0,-0.0385067342897686,-0.0624486435914824,1,1,2,2,2,2,0.0787968302745422,0
ood_combo,DS03,10,32,LPT_flow_mod,7,0,-0.0281188978574116,-0.0677116162099167,1,1,2,2,2,2,0.0787968302745422,0
ood_combo,DS03,10,32,LPC_eff_mod,8,0,0,-0.000736679643815477,0,0,0,0,2,2,0.0787968302745422,0
ood_combo,DS03,10,32,LPC_flow_mod,9,0,0,-0,0,0,0,0,2,2,0.0787968302745422,0
ood_combo,DS03,10,33,HPT_eff_mod,1,0,-0.0498448960414015,-0.0125654706120846,1,1,2,1,2,2,0.114624640233747,0
ood_combo,DS03,10,33,fan_eff_mod,2,0,0,-0,0,0,0,0,2,2,0.114624640233747,0
ood_combo,DS03,10,33,fan_flow_mod,3,0,0,-0.00215028201013018,0,0,0,0,2,2,0.114624640233747,0
ood_combo,DS03,10,33,HPC_eff_mod,4,0,0,-0.00263602843698425,0,0,0,0,2,2,0.114624640233747,0
ood_combo,DS03,10,33,HPC_flow_mod,5,0,0,-0,0,0,0,0,2,2,0.114624640233747,0
ood_combo,DS03,10,33,LPT_eff_mod,6,0,-0.0452246685698426,-0.0624486435914824,1,1,2,2,2,2,0.114624640233747,0
ood_combo,DS03,10,33,LPT_flow_mod,7,0,-0.0306953295150991,-0.0677116162099167,1,1,2,2,2,2,0.114624640233747,0
ood_combo,DS03,10,33,LPC_eff_mod,8,0,0,-0.000736679643815477,0,0,0,0,2,2,0.114624640233747,0
ood_combo,DS03,10,33,LPC_flow_mod,9,0,0,-0,0,0,0,0,2,2,0.114624640233747,0
ood_combo,DS03,10,34,HPT_eff_mod,1,0,-0.0632588081558894,-0.0289082441357401,1,1,2,2,2,2,0.0486073173779893,0
ood_combo,DS03,10,34,fan_eff_mod,2,0,0,-0,0,0,0,0,2,2,0.0486073173779893,0
ood_combo,DS03,10,34,fan_flow_mod,3,0,0,-0.00215028201013018,0,0,0,0,2,2,0.0486073173779893,0
ood_combo,DS03,10,34,HPC_eff_mod,4,0,0,-0.00263602843698425,0,0,0,0,2,2,0.0486073173779893,0
ood_combo,DS03,10,34,HPC_flow_mod,5,0,0,-0,0,0,0,0,2,2,0.0486073173779893,0
ood_combo,DS03,10,34,LPT_eff_mod,6,0,-0.0494334731316324,-0.0646526169017292,1,1,2,2,2,2,0.0486073173779893,0
ood_combo,DS03,10,34,LPT_flow_mod,7,0,-0.0393101140878529,-0.0677116162099167,1,1,2,2,2,2,0.0486073173779893,0
ood_combo,DS03,10,34,LPC_eff_mod,8,0,0,-0.000736679643815477,0,0,0,0,2,2,0.0486073173779893,0
ood_combo,DS03,10,34,LPC_flow_mod,9,0,0,-0,0,0,0,0,2,2,0.0486073173779893,0
ood_combo,DS03,10,35,HPT_eff_mod,1,0,-0.0674288284776625,-0.0289082441357401,1,1,2,2,2,2,0.0690267657937793,0
ood_combo,DS03,10,35,fan_eff_mod,2,0,0,-0,0,0,0,0,2,2,0.0690267657937793,0
ood_combo,DS03,10,35,fan_flow_mod,3,0,0,-0.00215028201013018,0,0,0,0,2,2,0.0690267657937793,0
ood_combo,DS03,10,35,HPC_eff_mod,4,0,0,-0.00263602843698425,0,0,0,0,2,2,0.0690267657937793,0
ood_combo,DS03,10,35,HPC_flow_mod,5,0,0,-0,0,0,0,0,2,2,0.0690267657937793,0
ood_combo,DS03,10,35,LPT_eff_mod,6,0,-0.053166080862774,-0.0730724996099455,1,1,2,2,2,2,0.0690267657937793,0
ood_combo,DS03,10,35,LPT_flow_mod,7,0,-0.0263403788143725,-0.0677116162099167,1,1,2,2,2,2,0.0690267657937793,0
ood_combo,DS03,10,35,LPC_eff_mod,8,0,0,-0.000736679643815477,0,0,0,0,2,2,0.0690267657937793,0
ood_combo,DS03,10,35,LPC_flow_mod,9,0,0,-0,0,0,0,0,2,2,0.0690267657937793,0
ood_combo,DS03,10,36,HPT_eff_mod,1,0,-0.0650505230265901,-0.0289082441357401,1,1,2,2,2,2,0.140198847810177,0
ood_combo,DS03,10,36,fan_eff_mod,2,0,0,-0,0,0,0,0,2,2,0.140198847810177,0
ood_combo,DS03,10,36,fan_flow_mod,3,0,0,-0.00215028201013018,0,0,0,0,2,2,0.140198847810177,0
ood_combo,DS03,10,36,HPC_eff_mod,4,0,0,-0.00263602843698425,0,0,0,0,2,2,0.140198847810177,0
ood_combo,DS03,10,36,HPC_flow_mod,5,0,0,-0,0,0,0,0,2,2,0.140198847810177,0
ood_combo,DS03,10,36,LPT_eff_mod,6,0,-0.0563215443385587,-0.0730724996099455,1,1,2,2,2,2,0.140198847810177,0
ood_combo,DS03,10,36,LPT_flow_mod,7,0,-0.0274596506257907,-0.0677116162099167,1,1,2,2,2,2,0.140198847810177,0
ood_combo,DS03,10,36,LPC_eff_mod,8,0,0,-0.000736679643815477,0,0,0,0,2,2,0.140198847810177,0
ood_combo,DS03,10,36,LPC_flow_mod,9,0,0,-0,0,0,0,0,2,2,0.140198847810177,0
ood_combo,DS03,10,37,HPT_eff_mod,1,0,-0.0816053659964872,-0.0434662139795322,1,1,2,2,2,2,0.0955977926755352,0
ood_combo,DS03,10,37,fan_eff_mod,2,0,0,-0,0,0,0,0,2,2,0.0955977926755352,0
ood_combo,DS03,10,37,fan_flow_mod,3,0,0,-0.00215028201013018,0,0,0,0,2,2,0.0955977926755352,0
ood_combo,DS03,10,37,HPC_eff_mod,4,0,0,-0.00263602843698425,0,0,0,0,2,2,0.0955977926755352,0
ood_combo,DS03,10,37,HPC_flow_mod,5,0,0,-0,0,0,0,0,2,2,0.0955977926755352,0
ood_combo,DS03,10,37,LPT_eff_mod,6,0,-0.0619041834532824,-0.0743425366991396,1,1,2,2,2,2,0.0955977926755352,0
ood_combo,DS03,10,37,LPT_flow_mod,7,0,-0.0360508259555662,-0.0677116162099167,1,1,2,2,2,2,0.0955977926755352,0
ood_combo,DS03,10,37,LPC_eff_mod,8,0,0,-0.000736679643815477,0,0,0,0,2,2,0.0955977926755352,0
ood_combo,DS03,10,37,LPC_flow_mod,9,0,0,-0,0,0,0,0,2,2,0.0955977926755352,0
ood_combo,DS03,10,38,HPT_eff_mod,1,0,-0.0766075906452209,-0.0434662139795322,1,1,2,2,2,2,0.114499997160738,0
ood_combo,DS03,10,38,fan_eff_mod,2,0,0,-0,0,0,0,0,2,2,0.114499997160738,0
ood_combo,DS03,10,38,fan_flow_mod,3,0,0,-0.00215028201013018,0,0,0,0,2,2,0.114499997160738,0
ood_combo,DS03,10,38,HPC_eff_mod,4,0,0,-0.00263602843698425,0,0,0,0,2,2,0.114499997160738,0
ood_combo,DS03,10,38,HPC_flow_mod,5,0,0,-0,0,0,0,0,2,2,0.114499997160738,0
ood_combo,DS03,10,38,LPT_eff_mod,6,0,-0.0678966312945064,-0.092285903774054,1,1,2,2,2,2,0.114499997160738,0
ood_combo,DS03,10,38,LPT_flow_mod,7,0,-0.028604823131507,-0.0677116162099167,1,1,2,2,2,2,0.114499997160738,0
ood_combo,DS03,10,38,LPC_eff_mod,8,0,0,-0.000736679643815477,0,0,0,0,2,2,0.114499997160738,0
ood_combo,DS03,10,38,LPC_flow_mod,9,0,0,-0,0,0,0,0,2,2,0.114499997160738,0
ood_combo,DS03,10,39,HPT_eff_mod,1,0,-0.080913718878548,-0.0434662139795322,1,1,2,2,2,2,0.127222811893391,0
ood_combo,DS03,10,39,fan_eff_mod,2,0,0,-0,0,0,0,0,2,2,0.127222811893391,0
ood_combo,DS03,10,39,fan_flow_mod,3,0,0,-0.00215028201013018,0,0,0,0,2,2,0.127222811893391,0
ood_combo,DS03,10,39,HPC_eff_mod,4,0,0,-0.00263602843698425,0,0,0,0,2,2,0.127222811893391,0
ood_combo,DS03,10,39,HPC_flow_mod,5,0,0,-0,0,0,0,0,2,2,0.127222811893391,0
ood_combo,DS03,10,39,LPT_eff_mod,6,0,-0.0725835404270938,-0.092285903774054,1,1,2,2,2,2,0.127222811893391,0
ood_combo,DS03,10,39,LPT_flow_mod,7,0,-0.0426957603159734,-0.0825875119878086,1,1,2,2,2,2,0.127222811893391,0
ood_combo,DS03,10,39,LPC_eff_mod,8,0,0,-0.000736679643815477,0,0,0,0,2,2,0.127222811893391,0
ood_combo,DS03,10,39,LPC_flow_mod,9,0,0,-0,0,0,0,0,2,2,0.127222811893391,0
ood_combo,DS03,10,40,HPT_eff_mod,1,0,-0.0990604621942299,-0.0560561628611743,1,1,2,2,2,2,0.0617374253300321,0
ood_combo,DS03,10,40,fan_eff_mod,2,0,0,-0,0,0,0,0,2,2,0.0617374253300321,0
ood_combo,DS03,10,40,fan_flow_mod,3,0,0,-0.00215028201013018,0,0,0,0,2,2,0.0617374253300321,0
ood_combo,DS03,10,40,HPC_eff_mod,4,0,0,-0.00263602843698425,0,0,0,0,2,2,0.0617374253300321,0
ood_combo,DS03,10,40,HPC_flow_mod,5,0,0,-0,0,0,0,0,2,2,0.0617374253300321,0
ood_combo,DS03,10,40,LPT_eff_mod,6,0,-0.0764252473713583,-0.0970701191648337,1,1,2,2,2,2,0.0617374253300321,0
ood_combo,DS03,10,40,LPT_flow_mod,7,0,-0.0347869403659427,-0.0825875119878086,1,1,2,2,2,2,0.0617374253300321,0
ood_combo,DS03,10,40,LPC_eff_mod,8,0,0,-0.000736679643815477,0,0,0,0,2,2,0.0617374253300321,0
ood_combo,DS03,10,40,LPC_flow_mod,9,0,0,-0,0,0,0,0,2,2,0.0617374253300321,0
ood_combo,DS03,10,41,HPT_eff_mod,1,0,-0.0991287567630744,-0.0585073901545139,1,1,2,2,2,2,0.0841250481357368,0
ood_combo,DS03,10,41,fan_eff_mod,2,0,0,-0,0,0,0,0,2,2,0.0841250481357368,0
ood_combo,DS03,10,41,fan_flow_mod,3,0,0,-0.00215028201013018,0,0,0,0,2,2,0.0841250481357368,0
ood_combo,DS03,10,41,HPC_eff_mod,4,0,0,-0.00263602843698425,0,0,0,0,2,2,0.0841250481357368,0
ood_combo,DS03,10,41,HPC_flow_mod,5,0,0,-0,0,0,0,0,2,2,0.0841250481357368,0
ood_combo,DS03,10,41,LPT_eff_mod,6,0,-0.0821794298828942,-0.0991298009063883,1,1,2,2,2,2,0.0841250481357368,0
ood_combo,DS03,10,41,LPT_flow_mod,7,0,-0.0392689209619704,-0.0825875119878086,1,1,2,2,2,2,0.0841250481357368,0
ood_combo,DS03,10,41,LPC_eff_mod,8,0,0,-0.000736679643815477,0,0,0,0,2,2,0.0841250481357368,0
ood_combo,DS03,10,41,LPC_flow_mod,9,0,0,-0,0,0,0,0,2,2,0.0841250481357368,0
ood_combo,DS03,10,42,HPT_eff_mod,1,0,-0.100358917256975,-0.0585073901545139,1,1,2,2,2,2,0.0947700922401015,0
ood_combo,DS03,10,42,fan_eff_mod,2,0,0,-0,0,0,0,0,2,2,0.0947700922401015,0
ood_combo,DS03,10,42,fan_flow_mod,3,0,0,-0.00215028201013018,0,0,0,0,2,2,0.0947700922401015,0
ood_combo,DS03,10,42,HPC_eff_mod,4,0,0,-0.00263602843698425,0,0,0,0,2,2,0.0947700922401015,0
ood_combo,DS03,10,42,HPC_flow_mod,5,0,0,-0,0,0,0,0,2,2,0.0947700922401015,0
ood_combo,DS03,10,42,LPT_eff_mod,6,0,-0.0923404839099283,-0.101200395401626,1,1,2,2,2,2,0.0947700922401015,0
ood_combo,DS03,10,42,LPT_flow_mod,7,0,-0.0501020663389921,-0.0825875119878086,1,1,2,2,2,2,0.0947700922401015,0
ood_combo,DS03,10,42,LPC_eff_mod,8,0,0,-0.000736679643815477,0,0,0,0,2,2,0.0947700922401015,0
ood_combo,DS03,10,42,LPC_flow_mod,9,0,0,-0,0,0,0,0,2,2,0.0947700922401015,0
ood_combo,DS03,10,43,HPT_eff_mod,1,0,-0.114722127908765,-0.0809599547526157,1,1,2,2,2,2,0.089421066710686,0
ood_combo,DS03,10,43,fan_eff_mod,2,0,0,-0,0,0,0,0,2,2,0.089421066710686,0
ood_combo,DS03,10,43,fan_flow_mod,3,0,0,-0.00215028201013018,0,0,0,0,2,2,0.089421066710686,0
ood_combo,DS03,10,43,HPC_eff_mod,4,0,0,-0.00263602843698425,0,0,0,0,2,2,0.089421066710686,0
ood_combo,DS03,10,43,HPC_flow_mod,5,0,0,-0,0,0,0,0,2,2,0.089421066710686,0
ood_combo,DS03,10,43,LPT_eff_mod,6,0,-0.100385216577383,-0.115706735511951,1,1,2,2,2,2,0.089421066710686,0
ood_combo,DS03,10,43,LPT_flow_mod,7,0,-0.0572091999879729,-0.0825875119878086,1,1,2,2,2,2,0.089421066710686,0
ood_combo,DS03,10,43,LPC_eff_mod,8,0,0,-0.000736679643815477,0,0,0,0,2,2,0.089421066710686,0
ood_combo,DS03,10,43,LPC_flow_mod,9,0,0,-0,0,0,0,0,2,2,0.089421066710686,0
ood_combo,DS03,10,44,HPT_eff_mod,1,0,-0.117196047085845,-0.0809599547526157,1,1,2,2,2,2,0.255791691030307,0
ood_combo,DS03,10,44,fan_eff_mod,2,0,0,-0,0,0,0,0,2,2,0.255791691030307,0
ood_combo,DS03,10,44,fan_flow_mod,3,0,0,-0.00215028201013018,0,0,0,0,2,2,0.255791691030307,0
ood_combo,DS03,10,44,HPC_eff_mod,4,0,0,-0.00263602843698425,0,0,0,0,2,2,0.255791691030307,0
ood_combo,DS03,10,44,HPC_flow_mod,5,0,0,-0,0,0,0,0,2,2,0.255791691030307,0
ood_combo,DS03,10,44,LPT_eff_mod,6,0,-0.109027039979134,-0.115706735511951,1,1,2,2,2,2,0.255791691030307,0
ood_combo,DS03,10,44,LPT_flow_mod,7,0,-0.0523020326198946,-0.0825875119878086,1,1,2,2,2,2,0.255791691030307,0
ood_combo,DS03,10,44,LPC_eff_mod,8,0,0,-0.000736679643815477,0,0,0,0,2,2,0.255791691030307,0
ood_combo,DS03,10,44,LPC_flow_mod,9,0,0,-0,0,0,0,0,2,2,0.255791691030307,0
ood_combo,DS03,10,45,HPT_eff_mod,1,0,-0.126663194776681,-0.0929639212248505,1,1,2,2,2,2,0.115526107189089,0
ood_combo,DS03,10,45,fan_eff_mod,2,0,0,-0,0,0,0,0,2,2,0.115526107189089,0
ood_combo,DS03,10,45,fan_flow_mod,3,0,0,-0.00215028201013018,0,0,0,0,2,2,0.115526107189089,0
ood_combo,DS03,10,45,HPC_eff_mod,4,0,0,-0.00263602843698425,0,0,0,0,2,2,0.115526107189089,0
ood_combo,DS03,10,45,HPC_flow_mod,5,0,0,-0,0,0,0,0,2,2,0.115526107189089,0
ood_combo,DS03,10,45,LPT_eff_mod,6,0,-0.115005366122738,-0.115706735511951,1,1,2,2,2,2,0.115526107189089,0
ood_combo,DS03,10,45,LPT_flow_mod,7,0,-0.0552993855121083,-0.0831354697581146,1,1,2,2,2,2,0.115526107189089,0
ood_combo,DS03,10,45,LPC_eff_mod,8,0,0,-0.000736679643815477,0,0,0,0,2,2,0.115526107189089,0
ood_combo,DS03,10,45,LPC_flow_mod,9,0,0,-0,0,0,0,0,2,2,0.115526107189089,0
ood_combo,DS03,10,46,HPT_eff_mod,1,0,-0.133711844451468,-0.0958218187020538,1,1,3,2,3,2,0.092146633043726,0
ood_combo,DS03,10,46,fan_eff_mod,2,0,0,-0,0,0,0,0,3,2,0.092146633043726,0
ood_combo,DS03,10,46,fan_flow_mod,3,0,0,-0.00215028201013018,0,0,0,0,3,2,0.092146633043726,0
ood_combo,DS03,10,46,HPC_eff_mod,4,0,0,-0.00263602843698425,0,0,0,0,3,2,0.092146633043726,0
ood_combo,DS03,10,46,HPC_flow_mod,5,0,0,-0,0,0,0,0,3,2,0.092146633043726,0
ood_combo,DS03,10,46,LPT_eff_mod,6,0,-0.129122908826677,-0.13086046457819,1,1,2,2,3,2,0.092146633043726,0
ood_combo,DS03,10,46,LPT_flow_mod,7,0,-0.0610060225793704,-0.0831354697581146,1,1,2,2,3,2,0.092146633043726,0
ood_combo,DS03,10,46,LPC_eff_mod,8,0,0,-0.000736679643815477,0,0,0,0,3,2,0.092146633043726,0
ood_combo,DS03,10,46,LPC_flow_mod,9,0,0,-0,0,0,0,0,3,2,0.092146633043726,0
ood_combo,DS03,10,47,HPT_eff_mod,1,0,-0.13250915919219,-0.0958218187020538,1,1,3,2,3,3,0.144695597253419,0
ood_combo,DS03,10,47,fan_eff_mod,2,0,0,-0,0,0,0,0,3,3,0.144695597253419,0
ood_combo,DS03,10,47,fan_flow_mod,3,0,0,-0.00215028201013018,0,0,0,0,3,3,0.144695597253419,0
ood_combo,DS03,10,47,HPC_eff_mod,4,0,0,-0.00263602843698425,0,0,0,0,3,3,0.144695597253419,0
ood_combo,DS03,10,47,HPC_flow_mod,5,0,0,-0,0,0,0,0,3,3,0.144695597253419,0
ood_combo,DS03,10,47,LPT_eff_mod,6,0,-0.138588124828822,-0.163010731406969,1,1,3,3,3,3,0.144695597253419,0
ood_combo,DS03,10,47,LPT_flow_mod,7,0,-0.0503174404025438,-0.0831354697581146,1,1,2,2,3,3,0.144695597253419,0
ood_combo,DS03,10,47,LPC_eff_mod,8,0,0,-0.000736679643815477,0,0,0,0,3,3,0.144695597253419,0
ood_combo,DS03,10,47,LPC_flow_mod,9,0,0,-0,0,0,0,0,3,3,0.144695597253419,0
ood_combo,DS03,10,48,HPT_eff_mod,1,0,-0.150541670923357,-0.0958218187020538,1,1,3,2,3,3,0.168800957866748,0
ood_combo,DS03,10,48,fan_eff_mod,2,0,0,-0,0,0,0,0,3,3,0.168800957866748,0
ood_combo,DS03,10,48,fan_flow_mod,3,0,0,-0.00232843675863517,0,0,0,0,3,3,0.168800957866748,0
ood_combo,DS03,10,48,HPC_eff_mod,4,0,0,-0.00263602843698425,0,0,0,0,3,3,0.168800957866748,0
ood_combo,DS03,10,48,HPC_flow_mod,5,0,0,-0,0,0,0,0,3,3,0.168800957866748,0
ood_combo,DS03,10,48,LPT_eff_mod,6,0,-0.147899678906572,-0.163010731406969,1,1,3,3,3,3,0.168800957866748,0
ood_combo,DS03,10,48,LPT_flow_mod,7,0,-0.071167512816424,-0.122201470813216,1,1,2,2,3,3,0.168800957866748,0
ood_combo,DS03,10,48,LPC_eff_mod,8,0,0,-0.000736679643815477,0,0,0,0,3,3,0.168800957866748,0
ood_combo,DS03,10,48,LPC_flow_mod,9,0,0,-0,0,0,0,0,3,3,0.168800957866748,0
ood_combo,DS03,10,49,HPT_eff_mod,1,0,-0.158617718555167,-0.0995333265151275,1,1,3,2,3,3,0.105556509367245,0
ood_combo,DS03,10,49,fan_eff_mod,2,0,0,-0,0,0,0,0,3,3,0.105556509367245,0
ood_combo,DS03,10,49,fan_flow_mod,3,0,0,-0.00232843675863517,0,0,0,0,3,3,0.105556509367245,0
ood_combo,DS03,10,49,HPC_eff_mod,4,0,0,-0.00263602843698425,0,0,0,0,3,3,0.105556509367245,0
ood_combo,DS03,10,49,HPC_flow_mod,5,0,0,-0,0,0,0,0,3,3,0.105556509367245,0
ood_combo,DS03,10,49,LPT_eff_mod,6,0,-0.162767727646418,-0.192945374064016,1,1,3,3,3,3,0.105556509367245,0
ood_combo,DS03,10,49,LPT_flow_mod,7,0,-0.0600843828035749,-0.122201470813216,1,1,2,2,3,3,0.105556509367245,0
ood_combo,DS03,10,49,LPC_eff_mod,8,0,0,-0.000736679643815477,0,0,0,0,3,3,0.105556509367245,0
ood_combo,DS03,10,49,LPC_flow_mod,9,0,0,-0,0,0,0,0,3,3,0.105556509367245,0
ood_combo,DS03,10,50,HPT_eff_mod,1,0,-0.163966064594538,-0.0995333265151275,1,1,3,2,3,3,0.173850932732073,0
ood_combo,DS03,10,50,fan_eff_mod,2,0,0,-0,0,0,0,0,3,3,0.173850932732073,0
ood_combo,DS03,10,50,fan_flow_mod,3,0,0,-0.00232843675863517,0,0,0,0,3,3,0.173850932732073,0
ood_combo,DS03,10,50,HPC_eff_mod,4,0,0,-0.00263602843698425,0,0,0,0,3,3,0.173850932732073,0
ood_combo,DS03,10,50,HPC_flow_mod,5,0,0,-0,0,0,0,0,3,3,0.173850932732073,0
ood_combo,DS03,10,50,LPT_eff_mod,6,0,-0.170792057393373,-0.192945374064016,1,1,3,3,3,3,0.173850932732073,0
ood_combo,DS03,10,50,LPT_flow_mod,7,0,-0.0667494789495476,-0.145389809008833,1,1,2,3,3,3,0.173850932732073,0
ood_combo,DS03,10,50,LPC_eff_mod,8,0,0,-0.000736679643815477,0,0,0,0,3,3,0.173850932732073,0
ood_combo,DS03,10,50,LPC_flow_mod,9,0,0,-0,0,0,0,0,3,3,0.173850932732073,0
ood_combo,DS03,10,51,HPT_eff_mod,1,0,-0.179907685636783,-0.103332394619803,1,1,3,2,3,3,0.164641720572079,0
ood_combo,DS03,10,51,fan_eff_mod,2,0,0,-0,0,0,0,0,3,3,0.164641720572079,0
ood_combo,DS03,10,51,fan_flow_mod,3,0,0,-0.00232843675863517,0,0,0,0,3,3,0.164641720572079,0
ood_combo,DS03,10,51,HPC_eff_mod,4,0,0,-0.00263602843698425,0,0,0,0,3,3,0.164641720572079,0
ood_combo,DS03,10,51,HPC_flow_mod,5,0,0,-0,0,0,0,0,3,3,0.164641720572079,0
ood_combo,DS03,10,51,LPT_eff_mod,6,0,-0.181646321236168,-0.197374777325615,1,1,3,3,3,3,0.164641720572079,0
ood_combo,DS03,10,51,LPT_flow_mod,7,0,-0.081153616502594,-0.145389809008833,1,1,2,3,3,3,0.164641720572079,0
ood_combo,DS03,10,51,LPC_eff_mod,8,0,0,-0.000736679643815477,0,0,0,0,3,3,0.164641720572079,0
ood_combo,DS03,10,51,LPC_flow_mod,9,0,0,-0,0,0,0,0,3,3,0.164641720572079,0
ood_combo,DS03,10,52,HPT_eff_mod,1,0,-0.172501410753035,-0.108707005438519,1,1,3,2,3,3,0.122243700571714,0
ood_combo,DS03,10,52,fan_eff_mod,2,0,0,-0,0,0,0,0,3,3,0.122243700571714,0
ood_combo,DS03,10,52,fan_flow_mod,3,0,0,-0.00232843675863517,0,0,0,0,3,3,0.122243700571714,0
ood_combo,DS03,10,52,HPC_eff_mod,4,0,0,-0.00263602843698425,0,0,0,0,3,3,0.122243700571714,0
ood_combo,DS03,10,52,HPC_flow_mod,5,0,0,-0,0,0,0,0,3,3,0.122243700571714,0
ood_combo,DS03,10,52,LPT_eff_mod,6,0,-0.204768381481032,-0.23599570319274,1,1,3,3,3,3,0.122243700571714,0
ood_combo,DS03,10,52,LPT_flow_mod,7,0,-0.0738195128662517,-0.145389809008833,1,1,2,3,3,3,0.122243700571714,0
ood_combo,DS03,10,52,LPC_eff_mod,8,0,0,-0.000736679643815477,0,0,0,0,3,3,0.122243700571714,0
ood_combo,DS03,10,52,LPC_flow_mod,9,0,0,-0,0,0,0,0,3,3,0.122243700571714,0
ood_combo,DS03,10,53,HPT_eff_mod,1,0,-0.197429915486186,-0.123836441663518,1,1,3,2,3,3,0.107928697297941,0
ood_combo,DS03,10,53,fan_eff_mod,2,0,0,-0,0,0,0,0,3,3,0.107928697297941,0
ood_combo,DS03,10,53,fan_flow_mod,3,0,0,-0.00232843675863517,0,0,0,0,3,3,0.107928697297941,0
ood_combo,DS03,10,53,HPC_eff_mod,4,0,0,-0.00263602843698425,0,0,0,0,3,3,0.107928697297941,0
ood_combo,DS03,10,53,HPC_flow_mod,5,0,0,-0,0,0,0,0,3,3,0.107928697297941,0
ood_combo,DS03,10,53,LPT_eff_mod,6,0,-0.216534581665724,-0.248621007221971,1,1,3,3,3,3,0.107928697297941,0
ood_combo,DS03,10,53,LPT_flow_mod,7,0,-0.0916365967926715,-0.170681440445686,1,1,2,3,3,3,0.107928697297941,0
ood_combo,DS03,10,53,LPC_eff_mod,8,0,0,-0.000736679643815477,0,0,0,0,3,3,0.107928697297941,0
ood_combo,DS03,10,53,LPC_flow_mod,9,0,0,-0,0,0,0,0,3,3,0.107928697297941,0
ood_combo,DS03,10,54,HPT_eff_mod,1,0,-0.205140063164313,-0.123836441663518,1,1,3,2,3,3,0.0744820148932467,0
ood_combo,DS03,10,54,fan_eff_mod,2,0,0,-0,0,0,0,0,3,3,0.0744820148932467,0
ood_combo,DS03,10,54,fan_flow_mod,3,0,0,-0.00232843675863517,0,0,0,0,3,3,0.0744820148932467,0
ood_combo,DS03,10,54,HPC_eff_mod,4,0,0,-0.00263602843698425,0,0,0,0,3,3,0.0744820148932467,0
ood_combo,DS03,10,54,HPC_flow_mod,5,0,0,-0,0,0,0,0,3,3,0.0744820148932467,0
ood_combo,DS03,10,54,LPT_eff_mod,6,0,-0.235463303407616,-0.278473784750471,1,1,3,3,3,3,0.0744820148932467,0
ood_combo,DS03,10,54,LPT_flow_mod,7,0,-0.0875233639679926,-0.170681440445686,1,1,2,3,3,3,0.0744820148932467,0
ood_combo,DS03,10,54,LPC_eff_mod,8,0,0,-0.00118094413260785,0,0,0,0,3,3,0.0744820148932467,0
ood_combo,DS03,10,54,LPC_flow_mod,9,0,0,-0,0,0,0,0,3,3,0.0744820148932467,0
ood_combo,DS03,10,55,HPT_eff_mod,1,0,-0.219287913865469,-0.123836441663518,1,1,3,2,3,3,0.115367802984646,0
ood_combo,DS03,10,55,fan_eff_mod,2,0,0,-0,0,0,0,0,3,3,0.115367802984646,0
ood_combo,DS03,10,55,fan_flow_mod,3,0,0,-0.00232843675863517,0,0,0,0,3,3,0.115367802984646,0
ood_combo,DS03,10,55,HPC_eff_mod,4,0,0,-0.00263602843698425,0,0,0,0,3,3,0.115367802984646,0
ood_combo,DS03,10,55,HPC_flow_mod,5,0,0,-0,0,0,0,0,3,3,0.115367802984646,0
ood_combo,DS03,10,55,LPT_eff_mod,6,0,-0.25707671333229,-0.291619547289818,1,1,3,3,3,3,0.115367802984646,0
ood_combo,DS03,10,55,LPT_flow_mod,7,0,-0.100776423855938,-0.196519483027248,1,1,2,3,3,3,0.115367802984646,0
ood_combo,DS03,10,55,LPC_eff_mod,8,0,0,-0.00118094413260785,0,0,0,0,3,3,0.115367802984646,0
ood_combo,DS03,10,55,LPC_flow_mod,9,0,0,-0,0,0,0,0,3,3,0.115367802984646,0
ood_combo,DS03,10,56,HPT_eff_mod,1,0,-0.238619171908034,-0.123836441663518,1,1,3,2,3,3,0.0962661300798063,0
ood_combo,DS03,10,56,fan_eff_mod,2,0,0,-0,0,0,0,0,3,3,0.0962661300798063,0
ood_combo,DS03,10,56,fan_flow_mod,3,0,0,-0.00232843675863517,0,0,0,0,3,3,0.0962661300798063,0
ood_combo,DS03,10,56,HPC_eff_mod,4,0,0,-0.00263602843698425,0,0,0,0,3,3,0.0962661300798063,0
ood_combo,DS03,10,56,HPC_flow_mod,5,0,0,-0,0,0,0,0,3,3,0.0962661300798063,0
ood_combo,DS03,10,56,LPT_eff_mod,6,0,-0.276283310343062,-0.343953360290717,1,1,3,3,3,3,0.0962661300798063,0
ood_combo,DS03,10,56,LPT_flow_mod,7,0,-0.0906817842021861,-0.225733294523601,1,1,2,3,3,3,0.0962661300798063,0
ood_combo,DS03,10,56,LPC_eff_mod,8,0,0,-0.00118094413260785,0,0,0,0,3,3,0.0962661300798063,0
ood_combo,DS03,10,56,LPC_flow_mod,9,0,0,-0,0,0,0,0,3,3,0.0962661300798063,0
ood_combo,DS03,10,57,HPT_eff_mod,1,0,-0.242323103715511,-0.123836441663518,1,1,3,2,3,3,0.0576015077605805,0
ood_combo,DS03,10,57,fan_eff_mod,2,0,0,-0,0,0,0,0,3,3,0.0576015077605805,0
ood_combo,DS03,10,57,fan_flow_mod,3,0,0,-0.00232843675863517,0,0,0,0,3,3,0.0576015077605805,0
ood_combo,DS03,10,57,HPC_eff_mod,4,0,0,-0.00263602843698425,0,0,0,0,3,3,0.0576015077605805,0
ood_combo,DS03,10,57,HPC_flow_mod,5,0,0,-0,0,0,0,0,3,3,0.0576015077605805,0
ood_combo,DS03,10,57,LPT_eff_mod,6,0,-0.303614938450736,-0.353564886970533,1,1,3,3,3,3,0.0576015077605805,0
ood_combo,DS03,10,57,LPT_flow_mod,7,0,-0.115112125240914,-0.23971070733139,1,1,2,3,3,3,0.0576015077605805,0
ood_combo,DS03,10,57,LPC_eff_mod,8,0,0,-0.00118094413260785,0,0,0,0,3,3,0.0576015077605805,0
ood_combo,DS03,10,57,LPC_flow_mod,9,0,0,-0,0,0,0,0,3,3,0.0576015077605805,0
ood_combo,DS03,10,58,HPT_eff_mod,1,0,-0.260522977961393,-0.123836441663518,1,1,3,2,3,3,0.0531360333868677,0
ood_combo,DS03,10,58,fan_eff_mod,2,0,0,-0,0,0,0,0,3,3,0.0531360333868677,0
ood_combo,DS03,10,58,fan_flow_mod,3,0,0,-0.00232843675863517,0,0,0,0,3,3,0.0531360333868677,0
ood_combo,DS03,10,58,HPC_eff_mod,4,0,0,-0.00263602843698425,0,0,0,0,3,3,0.0531360333868677,0
ood_combo,DS03,10,58,HPC_flow_mod,5,0,0,-0,0,0,0,0,3,3,0.0531360333868677,0
ood_combo,DS03,10,58,LPT_eff_mod,6,0,-0.330517477482391,-0.390492120870616,1,1,3,3,3,3,0.0531360333868677,0
ood_combo,DS03,10,58,LPT_flow_mod,7,0,-0.112694602051378,-0.259844430565526,1,1,2,3,3,3,0.0531360333868677,0
ood_combo,DS03,10,58,LPC_eff_mod,8,0,0,-0.00118094413260785,0,0,0,0,3,3,0.0531360333868677,0
ood_combo,DS03,10,58,LPC_flow_mod,9,0,0,-0,0,0,0,0,3,3,0.0531360333868677,0
ood_combo,DS03,10,59,HPT_eff_mod,1,0,-0.280913476091722,-0.123836441663518,1,1,3,2,3,3,0.133033817633818,0
ood_combo,DS03,10,59,fan_eff_mod,2,0,0,-0,0,0,0,0,3,3,0.133033817633818,0
ood_combo,DS03,10,59,fan_flow_mod,3,0,0,-0.00232843675863517,0,0,0,0,3,3,0.133033817633818,0
ood_combo,DS03,10,59,HPC_eff_mod,4,0,0,-0.00263602843698425,0,0,0,0,3,3,0.133033817633818,0
ood_combo,DS03,10,59,HPC_flow_mod,5,0,0,-0,0,0,0,0,3,3,0.133033817633818,0
ood_combo,DS03,10,59,LPT_eff_mod,6,0,-0.360121210166554,-0.437779975442731,1,1,3,3,3,3,0.133033817633818,0
ood_combo,DS03,10,59,LPT_flow_mod,7,0,-0.122551281028528,-0.295600370457826,1,1,2,3,3,3,0.133033817633818,0
ood_combo,DS03,10,59,LPC_eff_mod,8,0,0,-0.00118094413260785,0,0,0,0,3,3,0.133033817633818,0
ood_combo,DS03,10,59,LPC_flow_mod,9,0,0,-0,0,0,0,0,3,3,0.133033817633818,0
ood_combo,DS03,10,60,HPT_eff_mod,1,0,-0.281166957365067,-0.123836441663518,1,1,3,2,3,3,0.17239926118914,0
ood_combo,DS03,10,60,fan_eff_mod,2,0,0,-0,0,0,0,0,3,3,0.17239926118914,0
ood_combo,DS03,10,60,fan_flow_mod,3,0,0,-0.00232843675863517,0,0,0,0,3,3,0.17239926118914,0
ood_combo,DS03,10,60,HPC_eff_mod,4,0,0,-0.00263602843698425,0,0,0,0,3,3,0.17239926118914,0
ood_combo,DS03,10,60,HPC_flow_mod,5,0,0,-0,0,0,0,0,3,3,0.17239926118914,0
ood_combo,DS03,10,60,LPT_eff_mod,6,0,-0.381345675325832,-0.469258371971613,1,1,3,3,3,3,0.17239926118914,0
ood_combo,DS03,10,60,LPT_flow_mod,7,0,-0.129103003188509,-0.295600370457826,1,1,2,3,3,3,0.17239926118914,0
ood_combo,DS03,10,60,LPC_eff_mod,8,0,0,-0.00118094413260785,0,0,0,0,3,3,0.17239926118914,0
ood_combo,DS03,10,60,LPC_flow_mod,9,0,0,-0,0,0,0,0,3,3,0.17239926118914,0
ood_combo,DS03,10,61,HPT_eff_mod,1,0,-0.305900112280059,-0.123836441663518,1,1,3,2,3,3,0.296348277897078,0
ood_combo,DS03,10,61,fan_eff_mod,2,0,0,-0,0,0,0,0,3,3,0.296348277897078,0
ood_combo,DS03,10,61,fan_flow_mod,3,0,0,-0.002610937052038,0,0,0,0,3,3,0.296348277897078,0
ood_combo,DS03,10,61,HPC_eff_mod,4,0,0,-0.00263602843698425,0,0,0,0,3,3,0.296348277897078,0
ood_combo,DS03,10,61,HPC_flow_mod,5,0,0,-0,0,0,0,0,3,3,0.296348277897078,0
ood_combo,DS03,10,61,LPT_eff_mod,6,0,-0.418561657732683,-0.469258371971613,1,1,3,3,3,3,0.296348277897078,0
ood_combo,DS03,10,61,LPT_flow_mod,7,0,-0.134075983031598,-0.30818640411821,1,1,3,3,3,3,0.296348277897078,0
ood_combo,DS03,10,61,LPC_eff_mod,8,0,0,-0.00118094413260785,0,0,0,0,3,3,0.296348277897078,0
ood_combo,DS03,10,61,LPC_flow_mod,9,0,0,-0,0,0,0,0,3,3,0.296348277897078,0
ood_combo,DS03,10,62,HPT_eff_mod,1,0,-0.317740976939363,-0.123836441663518,1,1,3,2,3,3,0.258537146563848,0
ood_combo,DS03,10,62,fan_eff_mod,2,0,0,-0,0,0,0,0,3,3,0.258537146563848,0
ood_combo,DS03,10,62,fan_flow_mod,3,0,0,-0.002610937052038,0,0,0,0,3,3,0.258537146563848,0
ood_combo,DS03,10,62,HPC_eff_mod,4,0,0,-0.00263602843698425,0,0,0,0,3,3,0.258537146563848,0
ood_combo,DS03,10,62,HPC_flow_mod,5,0,0,-0,0,0,0,0,3,3,0.258537146563848,0
ood_combo,DS03,10,62,LPT_eff_mod,6,0,-0.457846648342088,-0.557622136901616,1,1,3,3,3,3,0.258537146563848,0
ood_combo,DS03,10,62,LPT_flow_mod,7,0,-0.154155727451505,-0.361509302972588,1,1,3,3,3,3,0.258537146563848,0
ood_combo,DS03,10,62,LPC_eff_mod,8,0,0,-0.00118094413260785,0,0,0,0,3,3,0.258537146563848,0
ood_combo,DS03,10,62,LPC_flow_mod,9,0,0,-0,0,0,0,0,3,3,0.258537146563848,0
ood_combo,DS03,10,63,HPT_eff_mod,1,0,-0.342407012707295,-0.123836441663518,1,1,3,2,3,3,0.305380735200444,0
ood_combo,DS03,10,63,fan_eff_mod,2,0,0,-0,0,0,0,0,3,3,0.305380735200444,0
ood_combo,DS03,10,63,fan_flow_mod,3,0,0,-0.0030217320202265,0,0,0,0,3,3,0.305380735200444,0
ood_combo,DS03,10,63,HPC_eff_mod,4,0,0,-0.00263602843698425,0,0,0,0,3,3,0.305380735200444,0
ood_combo,DS03,10,63,HPC_flow_mod,5,0,0,-0,0,0,0,0,3,3,0.305380735200444,0
ood_combo,DS03,10,63,LPT_eff_mod,6,0,-0.497528719383612,-0.557622136901616,1,1,3,3,3,3,0.305380735200444,0
ood_combo,DS03,10,63,LPT_flow_mod,7,0,-0.150498729870734,-0.361509302972588,1,1,3,3,3,3,0.305380735200444,0
ood_combo,DS03,10,63,LPC_eff_mod,8,0,0,-0.00118094413260785,0,0,0,0,3,3,0.305380735200444,0
ood_combo,DS03,10,63,LPC_flow_mod,9,0,0,-0.00520799984244934,0,0,0,0,3,3,0.305380735200444,0
ood_combo,DS03,10,64,HPT_eff_mod,1,0,-0.366448624987376,-0.123836441663518,1,1,3,2,3,3,0.170166987942958,0
ood_combo,DS03,10,64,fan_eff_mod,2,0,0,-0,0,0,0,0,3,3,0.170166987942958,0
ood_combo,DS03,10,64,fan_flow_mod,3,0,0,-0.0030217320202265,0,0,0,0,3,3,0.170166987942958,0
ood_combo,DS03,10,64,HPC_eff_mod,4,0,0,-0.00263602843698425,0,0,0,0,3,3,0.170166987942958,0
ood_combo,DS03,10,64,HPC_flow_mod,5,0,0,-0,0,0,0,0,3,3,0.170166987942958,0
ood_combo,DS03,10,64,LPT_eff_mod,6,0,-0.536660438487673,-0.669564028720783,1,1,3,3,3,3,0.170166987942958,0
ood_combo,DS03,10,64,LPT_flow_mod,7,0,-0.154837903885139,-0.428274009124647,1,1,3,3,3,3,0.170166987942958,0
ood_combo,DS03,10,64,LPC_eff_mod,8,0,0,-0.00118094413260785,0,0,0,0,3,3,0.170166987942958,0
ood_combo,DS03,10,64,LPC_flow_mod,9,0,0,-0.00520799984244934,0,0,0,0,3,3,0.170166987942958,0
ood_combo,DS03,10,65,HPT_eff_mod,1,0,-0.384689209295406,-0.123836441663518,1,1,3,2,3,3,0.286497837333147,0
ood_combo,DS03,10,65,fan_eff_mod,2,0,0,-0,0,0,0,0,3,3,0.286497837333147,0
ood_combo,DS03,10,65,fan_flow_mod,3,0,0,-0.0030217320202265,0,1,0,1,3,3,0.286497837333147,0
ood_combo,DS03,10,65,HPC_eff_mod,4,0,0,-0.00802068922695759,0,0,0,0,3,3,0.286497837333147,0
ood_combo,DS03,10,65,HPC_flow_mod,5,0,0,-0,0,0,0,0,3,3,0.286497837333147,0
ood_combo,DS03,10,65,LPT_eff_mod,6,0,-0.590261325669632,-0.733203966388853,1,1,3,3,3,3,0.286497837333147,0
ood_combo,DS03,10,65,LPT_flow_mod,7,0,-0.161897715223118,-0.455507033122792,1,1,3,3,3,3,0.286497837333147,0
ood_combo,DS03,10,65,LPC_eff_mod,8,0,0,-0.00818975489715561,0,0,0,0,3,3,0.286497837333147,0
ood_combo,DS03,10,65,LPC_flow_mod,9,0,0,-0.00520799984244934,0,0,0,0,3,3,0.286497837333147,0
ood_combo,DS03,10,66,HPT_eff_mod,1,0,-0.404220874790027,-0.123836441663518,1,1,3,2,3,3,0.0753488090031933,0
ood_combo,DS03,10,66,fan_eff_mod,2,0,0,-0,0,0,0,0,3,3,0.0753488090031933,0
ood_combo,DS03,10,66,fan_flow_mod,3,0,0,-0.00325532822497848,0,1,0,1,3,3,0.0753488090031933,0
ood_combo,DS03,10,66,HPC_eff_mod,4,0,0,-0.0179057432953729,0,0,0,0,3,3,0.0753488090031933,0
ood_combo,DS03,10,66,HPC_flow_mod,5,0,0,-0.000216866928987175,0,0,0,0,3,3,0.0753488090031933,0
ood_combo,DS03,10,66,LPT_eff_mod,6,0,-0.641913670396056,-0.775693605631055,1,1,3,3,3,3,0.0753488090031933,0
ood_combo,DS03,10,66,LPT_flow_mod,7,0,-0.168591532824246,-0.470077857010361,1,1,3,3,3,3,0.0753488090031933,0
ood_combo,DS03,10,66,LPC_eff_mod,8,0,0,-0.00818975489715561,0,0,0,0,3,3,0.0753488090031933,0
ood_combo,DS03,10,66,LPC_flow_mod,9,0,0,-0.0236063707075868,0,0,0,0,3,3,0.0753488090031933,0
ood_combo,DS03,11,1,HPT_eff_mod,1,1,-0.00443683234291347,-0,0,0,0,0,0,0,0.0986296880359521,0
ood_combo,DS03,11,1,fan_eff_mod,2,1,0,-0,0,0,0,0,0,0,0.0986296880359521,0
ood_combo,DS03,11,1,fan_flow_mod,3,1,0,-0,0,0,0,0,0,0,0.0986296880359521,0
ood_combo,DS03,11,1,HPC_eff_mod,4,1,0,-0,0,0,0,0,0,0,0.0986296880359521,0
ood_combo,DS03,11,1,HPC_flow_mod,5,1,0,-0,0,0,0,0,0,0,0.0986296880359521,0
ood_combo,DS03,11,1,LPT_eff_mod,6,1,-0.00169828788019301,-0,0,0,0,0,0,0,0.0986296880359521,0
ood_combo,DS03,11,1,LPT_flow_mod,7,1,0.00142161148231883,-0,0,0,0,0,0,0,0.0986296880359521,0
ood_combo,DS03,11,1,LPC_eff_mod,8,1,0,-0,0,0,0,0,0,0,0.0986296880359521,0
ood_combo,DS03,11,1,LPC_flow_mod,9,1,0,-0,0,0,0,0,0,0,0.0986296880359521,0
ood_combo,DS03,11,2,HPT_eff_mod,1,1,0.00779835251880203,-0,0,0,0,0,0,0,0.189891948117537,0
ood_combo,DS03,11,2,fan_eff_mod,2,1,0,-0,0,0,0,0,0,0,0.189891948117537,0
ood_combo,DS03,11,2,fan_flow_mod,3,1,0,-0.000584247806841174,0,0,0,0,0,0,0.189891948117537,0
ood_combo,DS03,11,2,HPC_eff_mod,4,1,0,-0,0,0,0,0,0,0,0.189891948117537,0
ood_combo,DS03,11,2,HPC_flow_mod,5,1,0,-0,0,0,0,0,0,0,0.189891948117537,0
ood_combo,DS03,11,2,LPT_eff_mod,6,1,0.00305546695619007,-0,0,0,0,0,0,0,0.189891948117537,0
ood_combo,DS03,11,2,LPT_flow_mod,7,1,-0.00426735718455123,-0,0,0,0,0,0,0,0.189891948117537,0
ood_combo,DS03,11,2,LPC_eff_mod,8,1,0,-0,0,0,0,0,0,0,0.189891948117537,0
ood_combo,DS03,11,2,LPC_flow_mod,9,1,0,-0,0,0,0,0,0,0,0.189891948117537,0
ood_combo,DS03,11,3,HPT_eff_mod,1,1,-0.00336152017588771,-0,0,0,0,0,0,0,0.179452054232384,0
ood_combo,DS03,11,3,fan_eff_mod,2,1,0,-0,0,0,0,0,0,0,0.179452054232384,0
ood_combo,DS03,11,3,fan_flow_mod,3,1,0,-0.000584247806841174,0,0,0,0,0,0,0.179452054232384,0
ood_combo,DS03,11,3,HPC_eff_mod,4,1,0,-0,0,0,0,0,0,0,0.179452054232384,0
ood_combo,DS03,11,3,HPC_flow_mod,5,1,0,-0,0,0,0,0,0,0,0.179452054232384,0
ood_combo,DS03,11,3,LPT_eff_mod,6,1,-0.00135717907599673,-0.000982496434628281,0,0,0,0,0,0,0.179452054232384,0
ood_combo,DS03,11,3,LPT_flow_mod,7,1,0.0028457457022318,-0,0,0,0,0,0,0,0.179452054232384,0
ood_combo,DS03,11,3,LPC_eff_mod,8,1,0,-0,0,0,0,0,0,0,0.179452054232384,0
ood_combo,DS03,11,3,LPC_flow_mod,9,1,0,-0,0,0,0,0,0,0,0.179452054232384,0
ood_combo,DS03,11,4,HPT_eff_mod,1,1,-0.00533339064244089,-0,0,0,0,0,0,0,0.102724635487917,0
ood_combo,DS03,11,4,fan_eff_mod,2,1,0,-0,0,0,0,0,0,0,0.102724635487917,0
ood_combo,DS03,11,4,fan_flow_mod,3,1,0,-0.000873074689697792,0,0,0,0,0,0,0.102724635487917,0
ood_combo,DS03,11,4,HPC_eff_mod,4,1,0,-0,0,0,0,0,0,0,0.102724635487917,0
ood_combo,DS03,11,4,HPC_flow_mod,5,1,0,-0,0,0,0,0,0,0,0.102724635487917,0
ood_combo,DS03,11,4,LPT_eff_mod,6,1,-0.00244712083544048,-0.000982496434628281,0,0,0,0,0,0,0.102724635487917,0
ood_combo,DS03,11,4,LPT_flow_mod,7,1,-0.00908879396050109,-0.0226713347604477,0,0,0,0,0,0,0.102724635487917,0
ood_combo,DS03,11,4,LPC_eff_mod,8,1,0,-0,0,0,0,0,0,0,0.102724635487917,0
ood_combo,DS03,11,4,LPC_flow_mod,9,1,0,-0,0,0,0,0,0,0,0.102724635487917,0
ood_combo,DS03,11,5,HPT_eff_mod,1,1,-0.0106269585910242,-0,0,0,0,0,0,0,0.123456709842483,0
ood_combo,DS03,11,5,fan_eff_mod,2,1,0,-0,0,0,0,0,0,0,0.123456709842483,0
ood_combo,DS03,11,5,fan_flow_mod,3,1,0,-0.000873074689697792,0,0,0,0,0,0,0.123456709842483,0
ood_combo,DS03,11,5,HPC_eff_mod,4,1,0,-0,0,0,0,0,0,0,0.123456709842483,0
ood_combo,DS03,11,5,HPC_flow_mod,5,1,0,-0,0,0,0,0,0,0,0.123456709842483,0
ood_combo,DS03,11,5,LPT_eff_mod,6,1,0.0055632238440038,-0.000982496434628281,0,0,0,0,0,0,0.123456709842483,0
ood_combo,DS03,11,5,LPT_flow_mod,7,1,-0.00598035254951349,-0.0226713347604477,0,0,0,0,0,0,0.123456709842483,0
ood_combo,DS03,11,5,LPC_eff_mod,8,1,0,-0,0,0,0,0,0,0,0.123456709842483,0
ood_combo,DS03,11,5,LPC_flow_mod,9,1,0,-0,0,0,0,0,0,0,0.123456709842483,0
ood_combo,DS03,11,6,HPT_eff_mod,1,1,2.57016340230523e-05,-0,0,0,0,0,0,0,0.165306967992867,0
ood_combo,DS03,11,6,fan_eff_mod,2,1,0,-0,0,0,0,0,0,0,0.165306967992867,0
ood_combo,DS03,11,6,fan_flow_mod,3,1,0,-0.000873074689697792,0,0,0,0,0,0,0.165306967992867,0
ood_combo,DS03,11,6,HPC_eff_mod,4,1,0,-0,0,0,0,0,0,0,0.165306967992867,0
ood_combo,DS03,11,6,HPC_flow_mod,5,1,0,-0,0,0,0,0,0,0,0.165306967992867,0
ood_combo,DS03,11,6,LPT_eff_mod,6,1,0.00445366212889056,-0.000982496434628281,0,0,0,0,0,0,0.165306967992867,0
ood_combo,DS03,11,6,LPT_flow_mod,7,1,-0.00147936273726543,-0.0226713347604477,0,0,0,0,0,0,0.165306967992867,0
ood_combo,DS03,11,6,LPC_eff_mod,8,1,0,-0,0,0,0,0,0,0,0.165306967992867,0
ood_combo,DS03,11,6,LPC_flow_mod,9,1,0,-0,0,0,0,0,0,0,0.165306967992867,0
ood_combo,DS03,11,7,HPT_eff_mod,1,1,-0.0170178940115712,-0.00585877273381187,0,0,0,0,0,0,0.0963264385775822,0
ood_combo,DS03,11,7,fan_eff_mod,2,1,0,-0,0,0,0,0,0,0,0.0963264385775822,0
ood_combo,DS03,11,7,fan_flow_mod,3,1,0,-0.000873074689697792,0,0,0,0,0,0,0.0963264385775822,0
ood_combo,DS03,11,7,HPC_eff_mod,4,1,0,-0,0,0,0,0,0,0,0.0963264385775822,0
ood_combo,DS03,11,7,HPC_flow_mod,5,1,0,-0,0,0,0,0,0,0,0.0963264385775822,0
ood_combo,DS03,11,7,LPT_eff_mod,6,1,-0.00103131012265579,-0.00497014649845826,0,0,0,0,0,0,0.0963264385775822,0
ood_combo,DS03,11,7,LPT_flow_mod,7,1,-0.00946060088455968,-0.0226713347604477,0,0,0,0,0,0,0.0963264385775822,0
ood_combo,DS03,11,7,LPC_eff_mod,8,1,0,-0,0,0,0,0,0,0,0.0963264385775822,0
ood_combo,DS03,11,7,LPC_flow_mod,9,1,0,-0,0,0,0,0,0,0,0.0963264385775822,0
ood_combo,DS03,11,8,HPT_eff_mod,1,1,-0.0121704483773328,-0.00585877273381187,0,0,0,0,0,2,0.232360695833825,0
ood_combo,DS03,11,8,fan_eff_mod,2,1,0,-0,0,0,0,0,0,2,0.232360695833825,0
ood_combo,DS03,11,8,fan_flow_mod,3,1,0,-0.000873074689697792,0,0,0,0,0,2,0.232360695833825,0
ood_combo,DS03,11,8,HPC_eff_mod,4,1,0,-0,0,0,0,0,0,2,0.232360695833825,0
ood_combo,DS03,11,8,HPC_flow_mod,5,1,0,-0,0,0,0,0,0,2,0.232360695833825,0
ood_combo,DS03,11,8,LPT_eff_mod,6,1,-0.00619404922987989,-0.00497014649845826,0,0,0,0,0,2,0.232360695833825,0
ood_combo,DS03,11,8,LPT_flow_mod,7,1,-0.00817953682021547,-0.0226713347604477,0,1,0,2,0,2,0.232360695833825,0
ood_combo,DS03,11,8,LPC_eff_mod,8,1,0,-0,0,0,0,0,0,2,0.232360695833825,0
ood_combo,DS03,11,8,LPC_flow_mod,9,1,0,-0,0,0,0,0,0,2,0.232360695833825,0
ood_combo,DS03,11,9,HPT_eff_mod,1,1,-0.0180410731498191,-0.00585877273381187,0,0,0,0,0,2,0.216228100669045,0
ood_combo,DS03,11,9,fan_eff_mod,2,1,0,-0,0,0,0,0,0,2,0.216228100669045,0
ood_combo,DS03,11,9,fan_flow_mod,3,1,0,-0.000873074689697792,0,0,0,0,0,2,0.216228100669045,0
ood_combo,DS03,11,9,HPC_eff_mod,4,1,0,-0,0,0,0,0,0,2,0.216228100669045,0
ood_combo,DS03,11,9,HPC_flow_mod,5,1,0,-0,0,0,0,0,0,2,0.216228100669045,0
ood_combo,DS03,11,9,LPT_eff_mod,6,1,0.000975888557650641,-0.00497014649845826,0,0,0,0,0,2,0.216228100669045,0
ood_combo,DS03,11,9,LPT_flow_mod,7,1,-0.00248784946456271,-0.0226713347604477,0,1,0,2,0,2,0.216228100669045,0
ood_combo,DS03,11,9,LPC_eff_mod,8,1,0,-0,0,0,0,0,0,2,0.216228100669045,0
ood_combo,DS03,11,9,LPC_flow_mod,9,1,0,-0.00118449728773965,0,0,0,0,0,2,0.216228100669045,0
ood_combo,DS03,11,10,HPT_eff_mod,1,1,-0.00440830270879996,-0.00585877273381187,0,0,0,0,0,2,0.149393933682505,0
ood_combo,DS03,11,10,fan_eff_mod,2,1,0,-0,0,0,0,0,0,2,0.149393933682505,0
ood_combo,DS03,11,10,fan_flow_mod,3,1,0,-0.000873074689697792,0,0,0,0,0,2,0.149393933682505,0
ood_combo,DS03,11,10,HPC_eff_mod,4,1,0,-0,0,0,0,0,0,2,0.149393933682505,0
ood_combo,DS03,11,10,HPC_flow_mod,5,1,0,-0,0,0,0,0,0,2,0.149393933682505,0
ood_combo,DS03,11,10,LPT_eff_mod,6,1,-0.00434389127774664,-0.00497014649845826,0,0,0,0,0,2,0.149393933682505,0
ood_combo,DS03,11,10,LPT_flow_mod,7,1,-0.0124789300412306,-0.0238115356993813,0,1,0,2,0,2,0.149393933682505,0
ood_combo,DS03,11,10,LPC_eff_mod,8,1,0,-0,0,0,0,0,0,2,0.149393933682505,0
ood_combo,DS03,11,10,LPC_flow_mod,9,1,0,-0.00118449728773965,0,0,0,0,0,2,0.149393933682505,0
ood_combo,DS03,11,11,HPT_eff_mod,1,1,-0.0198279421705293,-0.00585877273381187,0,1,0,1,0,2,0.12718362644751,0
ood_combo,DS03,11,11,fan_eff_mod,2,1,0,-0,0,0,0,0,0,2,0.12718362644751,0
ood_combo,DS03,11,11,fan_flow_mod,3,1,0,-0.000873074689697792,0,0,0,0,0,2,0.12718362644751,0
ood_combo,DS03,11,11,HPC_eff_mod,4,1,0,-0,0,0,0,0,0,2,0.12718362644751,0
ood_combo,DS03,11,11,HPC_flow_mod,5,1,0,-0,0,0,0,0,0,2,0.12718362644751,0
ood_combo,DS03,11,11,LPT_eff_mod,6,1,-0.00381746411890683,-0.00497014649845826,0,0,0,0,0,2,0.12718362644751,0
ood_combo,DS03,11,11,LPT_flow_mod,7,1,-0.00741683501412613,-0.029138843727523,0,1,0,2,0,2,0.12718362644751,0
ood_combo,DS03,11,11,LPC_eff_mod,8,1,0,-0,0,0,0,0,0,2,0.12718362644751,0
ood_combo,DS03,11,11,LPC_flow_mod,9,1,0,-0.00118449728773965,0,0,0,0,0,2,0.12718362644751,0
ood_combo,DS03,11,12,HPT_eff_mod,1,1,-0.00933083729440753,-0.00585877273381187,0,1,0,1,0,2,0.246738175084008,0
ood_combo,DS03,11,12,fan_eff_mod,2,1,0,-0,0,0,0,0,0,2,0.246738175084008,0
ood_combo,DS03,11,12,fan_flow_mod,3,1,0,-0.000873074689697792,0,0,0,0,0,2,0.246738175084008,0
ood_combo,DS03,11,12,HPC_eff_mod,4,1,0,-0,0,0,0,0,0,2,0.246738175084008,0
ood_combo,DS03,11,12,HPC_flow_mod,5,1,0,-0,0,0,0,0,0,2,0.246738175084008,0
ood_combo,DS03,11,12,LPT_eff_mod,6,1,-0.00351580549120779,-0.00497014649845826,0,0,0,0,0,2,0.246738175084008,0
ood_combo,DS03,11,12,LPT_flow_mod,7,1,-0.00784200948615315,-0.029138843727523,0,1,0,2,0,2,0.246738175084008,0
ood_combo,DS03,11,12,LPC_eff_mod,8,1,0,-0,0,0,0,0,0,2,0.246738175084008,0
ood_combo,DS03,11,12,LPC_flow_mod,9,1,0,-0.00118449728773965,0,0,0,0,0,2,0.246738175084008,0
ood_combo,DS03,11,13,HPT_eff_mod,1,1,-0.0119628214806164,-0.00585877273381187,0,1,0,1,0,2,0.192973772710868,0
ood_combo,DS03,11,13,fan_eff_mod,2,1,0,-0,0,0,0,0,0,2,0.192973772710868,0
ood_combo,DS03,11,13,fan_flow_mod,3,1,0,-0.000873074689697792,0,0,0,0,0,2,0.192973772710868,0
ood_combo,DS03,11,13,HPC_eff_mod,4,1,0,-0,0,0,0,0,0,2,0.192973772710868,0
ood_combo,DS03,11,13,HPC_flow_mod,5,1,0,-0,0,0,0,0,0,2,0.192973772710868,0
ood_combo,DS03,11,13,LPT_eff_mod,6,1,-0.00164564316895242,-0.00497014649845826,0,0,0,0,0,2,0.192973772710868,0
ood_combo,DS03,11,13,LPT_flow_mod,7,1,-0.00943082340608867,-0.029138843727523,0,1,0,2,0,2,0.192973772710868,0
ood_combo,DS03,11,13,LPC_eff_mod,8,1,0,-0,0,0,0,0,0,2,0.192973772710868,0
ood_combo,DS03,11,13,LPC_flow_mod,9,1,0,-0.00118449728773965,0,0,0,0,0,2,0.192973772710868,0
ood_combo,DS03,11,14,HPT_eff_mod,1,1,-0.0126819635193693,-0.00585877273381187,0,1,0,1,0,2,0.0936425239735036,0
ood_combo,DS03,11,14,fan_eff_mod,2,1,0,-0,0,0,0,0,0,2,0.0936425239735036,0
ood_combo,DS03,11,14,fan_flow_mod,3,1,0,-0.000873074689697792,0,0,0,0,0,2,0.0936425239735036,0
ood_combo,DS03,11,14,HPC_eff_mod,4,1,0,-0,0,0,0,0,0,2,0.0936425239735036,0
ood_combo,DS03,11,14,HPC_flow_mod,5,1,0,-0,0,0,0,0,0,2,0.0936425239735036,0
ood_combo,DS03,11,14,LPT_eff_mod,6,1,-0.000660926795472749,-0.0068106095657947,0,0,0,0,0,2,0.0936425239735036,0
ood_combo,DS03,11,14,LPT_flow_mod,7,1,-0.00616954987752631,-0.029138843727523,0,1,0,2,0,2,0.0936425239735036,0
ood_combo,DS03,11,14,LPC_eff_mod,8,1,0,-0,0,0,0,0,0,2,0.0936425239735036,0
ood_combo,DS03,11,14,LPC_flow_mod,9,1,0,-0.00118449728773965,0,0,0,0,0,2,0.0936425239735036,0
ood_combo,DS03,11,15,HPT_eff_mod,1,1,-0.0109376792147226,-0.00585877273381187,0,1,0,1,0,2,0.101503355611245,0
ood_combo,DS03,11,15,fan_eff_mod,2,1,0,-0,0,0,0,0,0,2,0.101503355611245,0
ood_combo,DS03,11,15,fan_flow_mod,3,1,0,-0.000873074689697792,0,0,0,0,0,2,0.101503355611245,0
ood_combo,DS03,11,15,HPC_eff_mod,4,1,0,-0,0,0,0,0,0,2,0.101503355611245,0
ood_combo,DS03,11,15,HPC_flow_mod,5,1,0,-0,0,0,0,0,0,2,0.101503355611245,0
ood_combo,DS03,11,15,LPT_eff_mod,6,1,-0.00950334039418842,-0.0126356156038501,0,0,0,0,0,2,0.101503355611245,0
ood_combo,DS03,11,15,LPT_flow_mod,7,1,-0.013457798955717,-0.029138843727523,0,1,0,2,0,2,0.101503355611245,0
ood_combo,DS03,11,15,LPC_eff_mod,8,1,0,-0,0,0,0,0,0,2,0.101503355611245,0
ood_combo,DS03,11,15,LPC_flow_mod,9,1,0,-0.00118449728773965,0,0,0,0,0,2,0.101503355611245,0
ood_combo,DS03,11,16,HPT_eff_mod,1,1,-0.0260877053736371,-0.00585877273381187,0,1,0,1,0,2,0.169699664927934,0
ood_combo,DS03,11,16,fan_eff_mod,2,1,0,-0,0,0,0,0,0,2,0.169699664927934,0
ood_combo,DS03,11,16,fan_flow_mod,3,1,0,-0.000873074689697792,0,0,0,0,0,2,0.169699664927934,0
ood_combo,DS03,11,16,HPC_eff_mod,4,1,0,-0,0,0,0,0,0,2,0.169699664927934,0
ood_combo,DS03,11,16,HPC_flow_mod,5,1,0,-0,0,0,0,0,0,2,0.169699664927934,0
ood_combo,DS03,11,16,LPT_eff_mod,6,1,-0.0111927484254285,-0.0126356156038501,0,0,0,0,0,2,0.169699664927934,0
ood_combo,DS03,11,16,LPT_flow_mod,7,1,-0.0142404767084475,-0.030944678575483,0,1,0,2,0,2,0.169699664927934,0
ood_combo,DS03,11,16,LPC_eff_mod,8,1,0,-0,0,0,0,0,0,2,0.169699664927934,0
ood_combo,DS03,11,16,LPC_flow_mod,9,1,0,-0.00118449728773965,0,0,0,0,0,2,0.169699664927934,0
ood_combo,DS03,11,17,HPT_eff_mod,1,1,-0.0116424359894976,-0.00585877273381187,0,1,0,1,0,2,0.107310032171968,0
ood_combo,DS03,11,17,fan_eff_mod,2,1,0,-0,0,0,0,0,0,2,0.107310032171968,0
ood_combo,DS03,11,17,fan_flow_mod,3,1,0,-0.000873074689697792,0,0,0,0,0,2,0.107310032171968,0
ood_combo,DS03,11,17,HPC_eff_mod,4,1,0,-0,0,0,0,0,0,2,0.107310032171968,0
ood_combo,DS03,11,17,HPC_flow_mod,5,1,0,-0,0,0,0,0,0,2,0.107310032171968,0
ood_combo,DS03,11,17,LPT_eff_mod,6,1,-0.00768001827401154,-0.0126356156038501,0,0,0,0,0,2,0.107310032171968,0
ood_combo,DS03,11,17,LPT_flow_mod,7,1,-0.00561208072973286,-0.030944678575483,0,1,0,2,0,2,0.107310032171968,0
ood_combo,DS03,11,17,LPC_eff_mod,8,1,0,-0,0,0,0,0,0,2,0.107310032171968,0
ood_combo,DS03,11,17,LPC_flow_mod,9,1,0,-0.00118449728773965,0,0,0,0,0,2,0.107310032171968,0
ood_combo,DS03,11,18,HPT_eff_mod,1,1,-0.00901657615141224,-0.00585877273381187,0,1,0,1,0,2,0.12845721450046,0
ood_combo,DS03,11,18,fan_eff_mod,2,1,0,-0,0,0,0,0,0,2,0.12845721450046,0
ood_combo,DS03,11,18,fan_flow_mod,3,1,0,-0.000873074689697792,0,0,0,0,0,2,0.12845721450046,0
ood_combo,DS03,11,18,HPC_eff_mod,4,1,0,-0,0,0,0,0,0,2,0.12845721450046,0
ood_combo,DS03,11,18,HPC_flow_mod,5,1,0,-0,0,0,0,0,0,2,0.12845721450046,0
ood_combo,DS03,11,18,LPT_eff_mod,6,1,-0.00664322183439749,-0.0126356156038501,0,0,0,0,0,2,0.12845721450046,0
ood_combo,DS03,11,18,LPT_flow_mod,7,1,-0.0105317012967368,-0.030944678575483,0,1,0,2,0,2,0.12845721450046,0
ood_combo,DS03,11,18,LPC_eff_mod,8,1,0,-0,0,0,0,0,0,2,0.12845721450046,0
ood_combo,DS03,11,18,LPC_flow_mod,9,1,0,-0.00118449728773965,0,0,0,0,0,2,0.12845721450046,0
ood_combo,DS03,11,19,HPT_eff_mod,1,0,-0.0144140751191917,-0.00585877273381187,1,1,1,1,1,2,0.136922027885109,0
ood_combo,DS03,11,19,fan_eff_mod,2,0,0,-0,0,0,0,0,1,2,0.136922027885109,0
ood_combo,DS03,11,19,fan_flow_mod,3,0,0,-0.000873074689697792,0,0,0,0,1,2,0.136922027885109,0
ood_combo,DS03,11,19,HPC_eff_mod,4,0,0,-0,0,0,0,0,1,2,0.136922027885109,0
ood_combo,DS03,11,19,HPC_flow_mod,5,0,0,-0,0,0,0,0,1,2,0.136922027885109,0
ood_combo,DS03,11,19,LPT_eff_mod,6,0,-0.00722527295134372,-0.0126356156038501,1,1,1,1,1,2,0.136922027885109,0
ood_combo,DS03,11,19,LPT_flow_mod,7,0,-0.0133725297197665,-0.030944678575483,1,1,1,2,1,2,0.136922027885109,0
ood_combo,DS03,11,19,LPC_eff_mod,8,0,0,-0,0,0,0,0,1,2,0.136922027885109,0
ood_combo,DS03,11,19,LPC_flow_mod,9,0,0,-0.00118449728773965,0,0,0,0,1,2,0.136922027885109,0
ood_combo,DS03,11,20,HPT_eff_mod,1,0,-0.0329914482987715,-0.00585877273381187,1,1,2,1,2,2,0.242197424303095,0
ood_combo,DS03,11,20,fan_eff_mod,2,0,0,-0,0,0,0,0,2,2,0.242197424303095,0
ood_combo,DS03,11,20,fan_flow_mod,3,0,0,-0.000873074689697792,0,0,0,0,2,2,0.242197424303095,0
ood_combo,DS03,11,20,HPC_eff_mod,4,0,0,-0,0,0,0,0,2,2,0.242197424303095,0
ood_combo,DS03,11,20,HPC_flow_mod,5,0,0,-0,0,0,0,0,2,2,0.242197424303095,0
ood_combo,DS03,11,20,LPT_eff_mod,6,0,2.17813308918402e-05,-0.0126356156038501,1,1,1,1,2,2,0.242197424303095,0
ood_combo,DS03,11,20,LPT_flow_mod,7,0,-0.016214273628652,-0.0536744273121669,1,1,1,2,2,2,0.242197424303095,0
ood_combo,DS03,11,20,LPC_eff_mod,8,0,0,-0,0,0,0,0,2,2,0.242197424303095,0
ood_combo,DS03,11,20,LPC_flow_mod,9,0,0,-0.00118449728773965,0,0,0,0,2,2,0.242197424303095,0
ood_combo,DS03,11,21,HPT_eff_mod,1,0,-0.0318110873515918,-0.00585877273381187,1,1,2,1,2,2,0.166080169657162,0
ood_combo,DS03,11,21,fan_eff_mod,2,0,0,-0,0,0,0,0,2,2,0.166080169657162,0
ood_combo,DS03,11,21,fan_flow_mod,3,0,0,-0.000873074689697792,0,0,0,0,2,2,0.166080169657162,0
ood_combo,DS03,11,21,HPC_eff_mod,4,0,0,-0,0,0,0,0,2,2,0.166080169657162,0
ood_combo,DS03,11,21,HPC_flow_mod,5,0,0,-0,0,0,0,0,2,2,0.166080169657162,0
ood_combo,DS03,11,21,LPT_eff_mod,6,0,-0.00737622790196955,-0.013429338186521,1,1,1,1,2,2,0.166080169657162,0
ood_combo,DS03,11,21,LPT_flow_mod,7,0,-0.0209927806428288,-0.0536744273121669,1,1,2,2,2,2,0.166080169657162,0
ood_combo,DS03,11,21,LPC_eff_mod,8,0,0,-0,0,0,0,0,2,2,0.166080169657162,0
ood_combo,DS03,11,21,LPC_flow_mod,9,0,0,-0.00118449728773965,0,0,0,0,2,2,0.166080169657162,0
ood_combo,DS03,11,22,HPT_eff_mod,1,0,-0.0335366365228839,-0.00585877273381187,1,1,2,1,2,2,0.264796826607611,0
ood_combo,DS03,11,22,fan_eff_mod,2,0,0,-0,0,0,0,0,2,2,0.264796826607611,0
ood_combo,DS03,11,22,fan_flow_mod,3,0,0,-0.000873074689697792,0,0,0,0,2,2,0.264796826607611,0
ood_combo,DS03,11,22,HPC_eff_mod,4,0,0,-0,0,0,0,0,2,2,0.264796826607611,0
ood_combo,DS03,11,22,HPC_flow_mod,5,0,0,-0,0,0,0,0,2,2,0.264796826607611,0
ood_combo,DS03,11,22,LPT_eff_mod,6,0,-0.00587492998906017,-0.013429338186521,1,1,1,1,2,2,0.264796826607611,0
ood_combo,DS03,11,22,LPT_flow_mod,7,0,-0.0282192745737173,-0.0537147445883921,1,1,2,2,2,2,0.264796826607611,0
ood_combo,DS03,11,22,LPC_eff_mod,8,0,0,-0,0,0,0,0,2,2,0.264796826607611,0
ood_combo,DS03,11,22,LPC_flow_mod,9,0,0,-0.00118449728773965,0,0,0,0,2,2,0.264796826607611,0
ood_combo,DS03,11,23,HPT_eff_mod,1,0,-0.0333877075100009,-0.00585877273381187,1,1,2,1,2,2,0.082432438367864,0
ood_combo,DS03,11,23,fan_eff_mod,2,0,0,-0,0,0,0,0,2,2,0.082432438367864,0
ood_combo,DS03,11,23,fan_flow_mod,3,0,0,-0.000873074689697792,0,0,0,0,2,2,0.082432438367864,0
ood_combo,DS03,11,23,HPC_eff_mod,4,0,0,-0,0,0,0,0,2,2,0.082432438367864,0
ood_combo,DS03,11,23,HPC_flow_mod,5,0,0,-0,0,0,0,0,2,2,0.082432438367864,0
ood_combo,DS03,11,23,LPT_eff_mod,6,0,-0.00689852651704149,-0.0271908380246249,1,1,1,2,2,2,0.082432438367864,0
ood_combo,DS03,11,23,LPT_flow_mod,7,0,-0.014974929441647,-0.0537147445883921,1,1,2,2,2,2,0.082432438367864,0
ood_combo,DS03,11,23,LPC_eff_mod,8,0,0,-0,0,0,0,0,2,2,0.082432438367864,0
ood_combo,DS03,11,23,LPC_flow_mod,9,0,0,-0.00118449728773965,0,0,0,0,2,2,0.082432438367864,0
ood_combo,DS03,11,24,HPT_eff_mod,1,0,-0.0390477235086665,-0.00585877273381187,1,1,2,1,2,2,0.140434956603795,0
ood_combo,DS03,11,24,fan_eff_mod,2,0,0,-0,0,0,0,0,2,2,0.140434956603795,0
ood_combo,DS03,11,24,fan_flow_mod,3,0,0,-0.000873074689697792,0,0,0,0,2,2,0.140434956603795,0
ood_combo,DS03,11,24,HPC_eff_mod,4,0,0,-0,0,0,0,0,2,2,0.140434956603795,0
ood_combo,DS03,11,24,HPC_flow_mod,5,0,0,-0,0,0,0,0,2,2,0.140434956603795,0
ood_combo,DS03,11,24,LPT_eff_mod,6,0,-0.00858739164918135,-0.0271908380246249,1,1,1,2,2,2,0.140434956603795,0
ood_combo,DS03,11,24,LPT_flow_mod,7,0,-0.0121961593477769,-0.0537147445883921,1,1,2,2,2,2,0.140434956603795,0
ood_combo,DS03,11,24,LPC_eff_mod,8,0,0,-0,0,0,0,0,2,2,0.140434956603795,0
ood_combo,DS03,11,24,LPC_flow_mod,9,0,0,-0.00118449728773965,0,0,0,0,2,2,0.140434956603795,0
ood_combo,DS03,11,25,HPT_eff_mod,1,0,-0.0432404313718158,-0.00585877273381187,1,1,2,1,2,2,0.141389983337886,0
ood_combo,DS03,11,25,fan_eff_mod,2,0,0,-0,0,0,0,0,2,2,0.141389983337886,0
ood_combo,DS03,11,25,fan_flow_mod,3,0,0,-0.000873074689697792,0,0,0,0,2,2,0.141389983337886,0
ood_combo,DS03,11,25,HPC_eff_mod,4,0,0,-0,0,0,0,0,2,2,0.141389983337886,0
ood_combo,DS03,11,25,HPC_flow_mod,5,0,0,-0,0,0,0,0,2,2,0.141389983337886,0
ood_combo,DS03,11,25,LPT_eff_mod,6,0,-0.00456357152486547,-0.0271908380246249,1,1,1,2,2,2,0.141389983337886,0
ood_combo,DS03,11,25,LPT_flow_mod,7,0,-0.0222203567542865,-0.0695219329748064,1,1,2,2,2,2,0.141389983337886,0
ood_combo,DS03,11,25,LPC_eff_mod,8,0,0,-0,0,0,0,0,2,2,0.141389983337886,0
ood_combo,DS03,11,25,LPC_flow_mod,9,0,0,-0.00118449728773965,0,0,0,0,2,2,0.141389983337886,0
ood_combo,DS03,11,26,HPT_eff_mod,1,0,-0.0471720854827521,-0.00585877273381187,1,1,2,1,2,2,0.30005325529419,0
ood_combo,DS03,11,26,fan_eff_mod,2,0,0,-0,0,0,0,0,2,2,0.30005325529419,0
ood_combo,DS03,11,26,fan_flow_mod,3,0,0,-0.000873074689697792,0,0,0,0,2,2,0.30005325529419,0
ood_combo,DS03,11,26,HPC_eff_mod,4,0,0,-0,0,0,0,0,2,2,0.30005325529419,0
ood_combo,DS03,11,26,HPC_flow_mod,5,0,0,-0,0,0,0,0,2,2,0.30005325529419,0
ood_combo,DS03,11,26,LPT_eff_mod,6,0,-0.0119577132839259,-0.0375181419667259,1,1,1,2,2,2,0.30005325529419,0
ood_combo,DS03,11,26,LPT_flow_mod,7,0,-0.0274298208633141,-0.0695219329748064,1,1,2,2,2,2,0.30005325529419,0
ood_combo,DS03,11,26,LPC_eff_mod,8,0,0,-0,0,0,0,0,2,2,0.30005325529419,0
ood_combo,DS03,11,26,LPC_flow_mod,9,0,0,-0.00118449728773965,0,0,0,0,2,2,0.30005325529419,0
ood_combo,DS03,11,27,HPT_eff_mod,1,0,-0.0496706003624977,-0.00585877273381187,1,1,2,1,2,2,0.120287974724697,0
ood_combo,DS03,11,27,fan_eff_mod,2,0,0,-0,0,0,0,0,2,2,0.120287974724697,0
ood_combo,DS03,11,27,fan_flow_mod,3,0,0,-0.000873074689697792,0,0,0,0,2,2,0.120287974724697,0
ood_combo,DS03,11,27,HPC_eff_mod,4,0,0,-0,0,0,0,0,2,2,0.120287974724697,0
ood_combo,DS03,11,27,HPC_flow_mod,5,0,0,-0,0,0,0,0,2,2,0.120287974724697,0
ood_combo,DS03,11,27,LPT_eff_mod,6,0,-0.0124638976024284,-0.0375181419667259,1,1,1,2,2,2,0.120287974724697,0
ood_combo,DS03,11,27,LPT_flow_mod,7,0,-0.0340669115615078,-0.0895665138797039,1,1,2,2,2,2,0.120287974724697,0
ood_combo,DS03,11,27,LPC_eff_mod,8,0,0,-0,0,0,0,0,2,2,0.120287974724697,0
ood_combo,DS03,11,27,LPC_flow_mod,9,0,0,-0.00118449728773965,0,0,0,0,2,2,0.120287974724697,0
ood_combo,DS03,11,28,HPT_eff_mod,1,0,-0.0517877746647384,-0.00585877273381187,1,1,2,1,2,2,0.0977264749034257,0
ood_combo,DS03,11,28,fan_eff_mod,2,0,0,-0,0,0,0,0,2,2,0.0977264749034257,0
ood_combo,DS03,11,28,fan_flow_mod,3,0,0,-0.000873074689697792,0,0,0,0,2,2,0.0977264749034257,0
ood_combo,DS03,11,28,HPC_eff_mod,4,0,0,-0,0,0,0,0,2,2,0.0977264749034257,0
ood_combo,DS03,11,28,HPC_flow_mod,5,0,0,-0,0,0,0,0,2,2,0.0977264749034257,0
ood_combo,DS03,11,28,LPT_eff_mod,6,0,-0.0147076219611225,-0.0375181419667259,1,1,1,2,2,2,0.0977264749034257,0
ood_combo,DS03,11,28,LPT_flow_mod,7,0,-0.0203287147405345,-0.0895665138797039,1,1,2,2,2,2,0.0977264749034257,0
ood_combo,DS03,11,28,LPC_eff_mod,8,0,0,-0,0,0,0,0,2,2,0.0977264749034257,0
ood_combo,DS03,11,28,LPC_flow_mod,9,0,0,-0.00118449728773965,0,0,0,0,2,2,0.0977264749034257,0
ood_combo,DS03,11,29,HPT_eff_mod,1,0,-0.0520592217038519,-0.00585877273381187,1,1,2,1,2,2,0.130712223629406,0
ood_combo,DS03,11,29,fan_eff_mod,2,0,0,-0,0,0,0,0,2,2,0.130712223629406,0
ood_combo,DS03,11,29,fan_flow_mod,3,0,0,-0.000873074689697792,0,0,0,0,2,2,0.130712223629406,0
ood_combo,DS03,11,29,HPC_eff_mod,4,0,0,-0,0,0,0,0,2,2,0.130712223629406,0
ood_combo,DS03,11,29,HPC_flow_mod,5,0,0,-0,0,0,0,0,2,2,0.130712223629406,0
ood_combo,DS03,11,29,LPT_eff_mod,6,0,-0.00954914066519572,-0.0375181419667259,1,1,1,2,2,2,0.130712223629406,0
ood_combo,DS03,11,29,LPT_flow_mod,7,0,-0.0401963025171192,-0.106683788072261,1,1,2,2,2,2,0.130712223629406,0
ood_combo,DS03,11,29,LPC_eff_mod,8,0,0,-0,0,0,0,0,2,2,0.130712223629406,0
ood_combo,DS03,11,29,LPC_flow_mod,9,0,0,-0.00118449728773965,0,0,0,0,2,2,0.130712223629406,0
ood_combo,DS03,11,30,HPT_eff_mod,1,0,-0.0572259771203459,-0.00886477001352016,1,1,2,1,2,2,0.285602411073588,0
ood_combo,DS03,11,30,fan_eff_mod,2,0,0,-0,0,0,0,0,2,2,0.285602411073588,0
ood_combo,DS03,11,30,fan_flow_mod,3,0,0,-0.000873074689697792,0,0,0,0,2,2,0.285602411073588,0
ood_combo,DS03,11,30,HPC_eff_mod,4,0,0,-0,0,0,0,0,2,2,0.285602411073588,0
ood_combo,DS03,11,30,HPC_flow_mod,5,0,0,-0,0,0,0,0,2,2,0.285602411073588,0
ood_combo,DS03,11,30,LPT_eff_mod,6,0,-0.0199487685352499,-0.0452861149621675,1,1,1,2,2,2,0.285602411073588,0
ood_combo,DS03,11,30,LPT_flow_mod,7,0,-0.0416090517923517,-0.106683788072261,1,1,2,2,2,2,0.285602411073588,0
ood_combo,DS03,11,30,LPC_eff_mod,8,0,0,-0,0,0,0,0,2,2,0.285602411073588,0
ood_combo,DS03,11,30,LPC_flow_mod,9,0,0,-0.00118449728773965,0,0,0,0,2,2,0.285602411073588,0
ood_combo,DS03,11,31,HPT_eff_mod,1,0,-0.0687269152289521,-0.00886477001352016,1,1,2,1,2,2,0.342997043008527,0
ood_combo,DS03,11,31,fan_eff_mod,2,0,0,-0,0,0,0,0,2,2,0.342997043008527,0
ood_combo,DS03,11,31,fan_flow_mod,3,0,0,-0.000873074689697792,0,0,0,0,2,2,0.342997043008527,0
ood_combo,DS03,11,31,HPC_eff_mod,4,0,0,-0,0,0,0,0,2,2,0.342997043008527,0
ood_combo,DS03,11,31,HPC_flow_mod,5,0,0,-0,0,0,0,0,2,2,0.342997043008527,0
ood_combo,DS03,11,31,LPT_eff_mod,6,0,-0.0224533891797836,-0.0499166961084439,1,1,2,2,2,2,0.342997043008527,0
ood_combo,DS03,11,31,LPT_flow_mod,7,0,-0.0342880536222921,-0.106683788072261,1,1,2,2,2,2,0.342997043008527,0
ood_combo,DS03,11,31,LPC_eff_mod,8,0,0,-0,0,0,0,0,2,2,0.342997043008527,0
ood_combo,DS03,11,31,LPC_flow_mod,9,0,0,-0.00118449728773965,0,0,0,0,2,2,0.342997043008527,0
ood_combo,DS03,11,32,HPT_eff_mod,1,0,-0.0799270933975871,-0.00886477001352016,1,1,2,1,2,3,0.162170795822253,0
ood_combo,DS03,11,32,fan_eff_mod,2,0,0,-0,0,0,0,0,2,3,0.162170795822253,0
ood_combo,DS03,11,32,fan_flow_mod,3,0,0,-0.0011146652935973,0,0,0,0,2,3,0.162170795822253,0
ood_combo,DS03,11,32,HPC_eff_mod,4,0,0,-0,0,0,0,0,2,3,0.162170795822253,0
ood_combo,DS03,11,32,HPC_flow_mod,5,0,0,-0,0,0,0,0,2,3,0.162170795822253,0
ood_combo,DS03,11,32,LPT_eff_mod,6,0,-0.0163171375557829,-0.0499166961084439,1,1,2,2,2,3,0.162170795822253,0
ood_combo,DS03,11,32,LPT_flow_mod,7,0,-0.0509300563491351,-0.14154230706552,1,1,2,3,2,3,0.162170795822253,0
ood_combo,DS03,11,32,LPC_eff_mod,8,0,0,-0,0,0,0,0,2,3,0.162170795822253,0
ood_combo,DS03,11,32,LPC_flow_mod,9,0,0,-0.00118449728773965,0,0,0,0,2,3,0.162170795822253,0
ood_combo,DS03,11,33,HPT_eff_mod,1,0,-0.0779840998048252,-0.00886477001352016,1,1,2,1,2,3,0.296615383441895,0
ood_combo,DS03,11,33,fan_eff_mod,2,0,0,-0,0,0,0,0,2,3,0.296615383441895,0
ood_combo,DS03,11,33,fan_flow_mod,3,0,0,-0.0011146652935973,0,0,0,0,2,3,0.296615383441895,0
ood_combo,DS03,11,33,HPC_eff_mod,4,0,0,-0,0,0,0,0,2,3,0.296615383441895,0
ood_combo,DS03,11,33,HPC_flow_mod,5,0,0,-0,0,0,0,0,2,3,0.296615383441895,0
ood_combo,DS03,11,33,LPT_eff_mod,6,0,-0.0196385432908366,-0.0499166961084439,1,1,2,2,2,3,0.296615383441895,0
ood_combo,DS03,11,33,LPT_flow_mod,7,0,-0.0473583081914686,-0.14154230706552,1,1,2,3,2,3,0.296615383441895,0
ood_combo,DS03,11,33,LPC_eff_mod,8,0,0,-0,0,0,0,0,2,3,0.296615383441895,0
ood_combo,DS03,11,33,LPC_flow_mod,9,0,0,-0.00118449728773965,0,0,0,0,2,3,0.296615383441895,0
ood_combo,DS03,11,34,HPT_eff_mod,1,0,-0.085731592954176,-0.0131318008805174,1,1,2,1,2,3,0.140777830913005,0
ood_combo,DS03,11,34,fan_eff_mod,2,0,0,-0,0,0,0,0,2,3,0.140777830913005,0
ood_combo,DS03,11,34,fan_flow_mod,3,0,0,-0.0011146652935973,0,0,0,0,2,3,0.140777830913005,0
ood_combo,DS03,11,34,HPC_eff_mod,4,0,0,-0,0,0,0,0,2,3,0.140777830913005,0
ood_combo,DS03,11,34,HPC_flow_mod,5,0,0,-0,0,0,0,0,2,3,0.140777830913005,0
ood_combo,DS03,11,34,LPT_eff_mod,6,0,-0.016339859540774,-0.0539130663317579,1,1,2,2,2,3,0.140777830913005,0
ood_combo,DS03,11,34,LPT_flow_mod,7,0,-0.0483928870206655,-0.14154230706552,1,1,2,3,2,3,0.140777830913005,0
ood_combo,DS03,11,34,LPC_eff_mod,8,0,0,-0,0,0,0,0,2,3,0.140777830913005,0
ood_combo,DS03,11,34,LPC_flow_mod,9,0,0,-0.00118449728773965,0,0,0,0,2,3,0.140777830913005,0
ood_combo,DS03,11,35,HPT_eff_mod,1,0,-0.0865878293178625,-0.0131318008805174,1,1,2,1,2,3,0.128822039801662,0
ood_combo,DS03,11,35,fan_eff_mod,2,0,0,-0,0,0,0,0,2,3,0.128822039801662,0
ood_combo,DS03,11,35,fan_flow_mod,3,0,0,-0.0011146652935973,0,0,0,0,2,3,0.128822039801662,0
ood_combo,DS03,11,35,HPC_eff_mod,4,0,0,-0,0,0,0,0,2,3,0.128822039801662,0
ood_combo,DS03,11,35,HPC_flow_mod,5,0,0,-0,0,0,0,0,2,3,0.128822039801662,0
ood_combo,DS03,11,35,LPT_eff_mod,6,0,-0.0218309139843484,-0.0539130663317579,1,1,2,2,2,3,0.128822039801662,0
ood_combo,DS03,11,35,LPT_flow_mod,7,0,-0.051405472164497,-0.14154230706552,1,1,2,3,2,3,0.128822039801662,0
ood_combo,DS03,11,35,LPC_eff_mod,8,0,0,-0,0,0,0,0,2,3,0.128822039801662,0
ood_combo,DS03,11,35,LPC_flow_mod,9,0,0,-0.00118449728773965,0,0,0,0,2,3,0.128822039801662,0
ood_combo,DS03,11,36,HPT_eff_mod,1,0,-0.0980042979293088,-0.0207393107282352,1,1,2,2,2,3,0.203202913622429,0
ood_combo,DS03,11,36,fan_eff_mod,2,0,0,-0,0,0,0,0,2,3,0.203202913622429,0
ood_combo,DS03,11,36,fan_flow_mod,3,0,0,-0.0011146652935973,0,0,0,0,2,3,0.203202913622429,0
ood_combo,DS03,11,36,HPC_eff_mod,4,0,0,-0,0,0,0,0,2,3,0.203202913622429,0
ood_combo,DS03,11,36,HPC_flow_mod,5,0,0,-0,0,0,0,0,2,3,0.203202913622429,0
ood_combo,DS03,11,36,LPT_eff_mod,6,0,-0.0246907573590699,-0.0539130663317579,1,1,2,2,2,3,0.203202913622429,0
ood_combo,DS03,11,36,LPT_flow_mod,7,0,-0.0695996548337419,-0.173824822983359,1,1,2,3,2,3,0.203202913622429,0
ood_combo,DS03,11,36,LPC_eff_mod,8,0,0,-0,0,0,0,0,2,3,0.203202913622429,0
ood_combo,DS03,11,36,LPC_flow_mod,9,0,0,-0.00118449728773965,0,0,0,0,2,3,0.203202913622429,0
ood_combo,DS03,11,37,HPT_eff_mod,1,0,-0.107580830763497,-0.0207393107282352,1,1,2,2,2,3,0.133800577774052,0
ood_combo,DS03,11,37,fan_eff_mod,2,0,0,-0,0,0,0,0,2,3,0.133800577774052,0
ood_combo,DS03,11,37,fan_flow_mod,3,0,0,-0.0011146652935973,0,0,0,0,2,3,0.133800577774052,0
ood_combo,DS03,11,37,HPC_eff_mod,4,0,0,-0,0,0,0,0,2,3,0.133800577774052,0
ood_combo,DS03,11,37,HPC_flow_mod,5,0,0,-0,0,0,0,0,2,3,0.133800577774052,0
ood_combo,DS03,11,37,LPT_eff_mod,6,0,-0.025738730951104,-0.06169338724462,1,1,2,2,2,3,0.133800577774052,0
ood_combo,DS03,11,37,LPT_flow_mod,7,0,-0.0692531519609465,-0.173824822983359,1,1,2,3,2,3,0.133800577774052,0
ood_combo,DS03,11,37,LPC_eff_mod,8,0,0,-0,0,0,0,0,2,3,0.133800577774052,0
ood_combo,DS03,11,37,LPC_flow_mod,9,0,0,-0.00118449728773965,0,0,0,0,2,3,0.133800577774052,0
ood_combo,DS03,11,38,HPT_eff_mod,1,0,-0.116021214992828,-0.0348206856086411,1,1,2,2,2,3,0.155368408681025,0
ood_combo,DS03,11,38,fan_eff_mod,2,0,0,-0,0,0,0,0,2,3,0.155368408681025,0
ood_combo,DS03,11,38,fan_flow_mod,3,0,0,-0.0011146652935973,0,0,0,0,2,3,0.155368408681025,0
ood_combo,DS03,11,38,HPC_eff_mod,4,0,0,-0,0,0,0,0,2,3,0.155368408681025,0
ood_combo,DS03,11,38,HPC_flow_mod,5,0,0,-0,0,0,0,0,2,3,0.155368408681025,0
ood_combo,DS03,11,38,LPT_eff_mod,6,0,-0.0292854935938597,-0.06169338724462,1,1,2,2,2,3,0.155368408681025,0
ood_combo,DS03,11,38,LPT_flow_mod,7,0,-0.081047057408648,-0.173824822983359,1,1,2,3,2,3,0.155368408681025,0
ood_combo,DS03,11,38,LPC_eff_mod,8,0,0,-0,0,0,0,0,2,3,0.155368408681025,0
ood_combo,DS03,11,38,LPC_flow_mod,9,0,0,-0.00118449728773965,0,0,0,0,2,3,0.155368408681025,0
ood_combo,DS03,11,39,HPT_eff_mod,1,0,-0.129241159771123,-0.0430598671136585,1,1,2,2,2,3,0.129290326735476,0
ood_combo,DS03,11,39,fan_eff_mod,2,0,0,-0,0,0,0,0,2,3,0.129290326735476,0
ood_combo,DS03,11,39,fan_flow_mod,3,0,0,-0.0011146652935973,0,0,0,0,2,3,0.129290326735476,0
ood_combo,DS03,11,39,HPC_eff_mod,4,0,0,-0,0,0,0,0,2,3,0.129290326735476,0
ood_combo,DS03,11,39,HPC_flow_mod,5,0,0,-0,0,0,0,0,2,3,0.129290326735476,0
ood_combo,DS03,11,39,LPT_eff_mod,6,0,-0.0332676744383402,-0.06169338724462,1,1,2,2,2,3,0.129290326735476,0
ood_combo,DS03,11,39,LPT_flow_mod,7,0,-0.0887776212111106,-0.196214643865492,1,1,2,3,2,3,0.129290326735476,0
ood_combo,DS03,11,39,LPC_eff_mod,8,0,0,-0,0,0,0,0,2,3,0.129290326735476,0
ood_combo,DS03,11,39,LPC_flow_mod,9,0,0,-0.00118449728773965,0,0,0,0,2,3,0.129290326735476,0
ood_combo,DS03,11,40,HPT_eff_mod,1,0,-0.139629132903844,-0.0605465577049662,1,1,3,2,3,3,0.145535864890839,0
ood_combo,DS03,11,40,fan_eff_mod,2,0,0,-0,0,0,0,0,3,3,0.145535864890839,0
ood_combo,DS03,11,40,fan_flow_mod,3,0,0,-0.0011146652935973,0,0,0,0,3,3,0.145535864890839,0
ood_combo,DS03,11,40,HPC_eff_mod,4,0,0,-0,0,0,0,0,3,3,0.145535864890839,0
ood_combo,DS03,11,40,HPC_flow_mod,5,0,0,-0.000696601774280945,0,0,0,0,3,3,0.145535864890839,0
ood_combo,DS03,11,40,LPT_eff_mod,6,0,-0.0263851125840243,-0.0688406473389025,1,1,2,2,3,3,0.145535864890839,0
ood_combo,DS03,11,40,LPT_flow_mod,7,0,-0.0893167416242117,-0.196214643865492,1,1,2,3,3,3,0.145535864890839,0
ood_combo,DS03,11,40,LPC_eff_mod,8,0,0,-0,0,0,0,0,3,3,0.145535864890839,0
ood_combo,DS03,11,40,LPC_flow_mod,9,0,0,-0.00118449728773965,0,0,0,0,3,3,0.145535864890839,0
ood_combo,DS03,11,41,HPT_eff_mod,1,0,-0.149935875625837,-0.0777713877234154,1,1,3,2,3,3,0.113881131356281,0
ood_combo,DS03,11,41,fan_eff_mod,2,0,0,-0,0,0,0,0,3,3,0.113881131356281,0
ood_combo,DS03,11,41,fan_flow_mod,3,0,0,-0.0011146652935973,0,0,0,0,3,3,0.113881131356281,0
ood_combo,DS03,11,41,HPC_eff_mod,4,0,0,-0,0,0,0,0,3,3,0.113881131356281,0
ood_combo,DS03,11,41,HPC_flow_mod,5,0,0,-0.000696601774280945,0,0,0,0,3,3,0.113881131356281,0
ood_combo,DS03,11,41,LPT_eff_mod,6,0,-0.0363488595470536,-0.0709415243855004,1,1,2,2,3,3,0.113881131356281,0
ood_combo,DS03,11,41,LPT_flow_mod,7,0,-0.0939860017550744,-0.196214643865492,1,1,2,3,3,3,0.113881131356281,0
ood_combo,DS03,11,41,LPC_eff_mod,8,0,0,-0,0,0,0,0,3,3,0.113881131356281,0
ood_combo,DS03,11,41,LPC_flow_mod,9,0,0,-0.00118449728773965,0,0,0,0,3,3,0.113881131356281,0
ood_combo,DS03,11,42,HPT_eff_mod,1,0,-0.157210185751311,-0.0798773326846547,1,1,3,2,3,3,0.118509528216482,0
ood_combo,DS03,11,42,fan_eff_mod,2,0,0,-0,0,0,0,0,3,3,0.118509528216482,0
ood_combo,DS03,11,42,fan_flow_mod,3,0,0,-0.0011146652935973,0,0,0,0,3,3,0.118509528216482,0
ood_combo,DS03,11,42,HPC_eff_mod,4,0,0,-0,0,0,0,0,3,3,0.118509528216482,0
ood_combo,DS03,11,42,HPC_flow_mod,5,0,0,-0.000696601774280945,0,0,0,0,3,3,0.118509528216482,0
ood_combo,DS03,11,42,LPT_eff_mod,6,0,-0.0382911030393703,-0.0780685829915413,1,1,2,2,3,3,0.118509528216482,0
ood_combo,DS03,11,42,LPT_flow_mod,7,0,-0.098754480837139,-0.196214643865492,1,1,2,3,3,3,0.118509528216482,0
ood_combo,DS03,11,42,LPC_eff_mod,8,0,0,-0,0,0,0,0,3,3,0.118509528216482,0
ood_combo,DS03,11,42,LPC_flow_mod,9,0,0,-0.00118449728773965,0,0,0,0,3,3,0.118509528216482,0
ood_combo,DS03,11,43,HPT_eff_mod,1,0,-0.179825859966429,-0.111234994118373,1,1,3,2,3,3,0.153030647452609,0
ood_combo,DS03,11,43,fan_eff_mod,2,0,0,-0,0,0,0,0,3,3,0.153030647452609,0
ood_combo,DS03,11,43,fan_flow_mod,3,0,0,-0.0011146652935973,0,0,0,0,3,3,0.153030647452609,0
ood_combo,DS03,11,43,HPC_eff_mod,4,0,0,-0,0,0,0,0,3,3,0.153030647452609,0
ood_combo,DS03,11,43,HPC_flow_mod,5,0,0,-0.000696601774280945,0,0,0,0,3,3,0.153030647452609,0
ood_combo,DS03,11,43,LPT_eff_mod,6,0,-0.0472051703152243,-0.0780685829915413,1,1,2,2,3,3,0.153030647452609,0
ood_combo,DS03,11,43,LPT_flow_mod,7,0,-0.116703127153838,-0.208952163543347,1,1,2,3,3,3,0.153030647452609,0
ood_combo,DS03,11,43,LPC_eff_mod,8,0,0,-0,0,0,0,0,3,3,0.153030647452609,0
ood_combo,DS03,11,43,LPC_flow_mod,9,0,0,-0.00118449728773965,0,0,0,0,3,3,0.153030647452609,0
ood_combo,DS03,11,44,HPT_eff_mod,1,0,-0.192553830619329,-0.111234994118373,1,1,3,2,3,3,0.151153545834572,0
ood_combo,DS03,11,44,fan_eff_mod,2,0,0,-0,0,0,0,0,3,3,0.151153545834572,0
ood_combo,DS03,11,44,fan_flow_mod,3,0,0,-0.0011146652935973,0,0,0,0,3,3,0.151153545834572,0
ood_combo,DS03,11,44,HPC_eff_mod,4,0,0,-0,0,0,0,0,3,3,0.151153545834572,0
ood_combo,DS03,11,44,HPC_flow_mod,5,0,0,-0.000696601774280945,0,0,0,0,3,3,0.151153545834572,0
ood_combo,DS03,11,44,LPT_eff_mod,6,0,-0.043021955556885,-0.0780685829915413,1,1,2,2,3,3,0.151153545834572,0
ood_combo,DS03,11,44,LPT_flow_mod,7,0,-0.115020660698305,-0.208952163543347,1,1,2,3,3,3,0.151153545834572,0
ood_combo,DS03,11,44,LPC_eff_mod,8,0,0,-0,0,0,0,0,3,3,0.151153545834572,0
ood_combo,DS03,11,44,LPC_flow_mod,9,0,0,-0.00118449728773965,0,0,0,0,3,3,0.151153545834572,0
ood_combo,DS03,11,45,HPT_eff_mod,1,0,-0.206672785422448,-0.14452011246461,1,1,3,3,3,3,0.131841677671635,0
ood_combo,DS03,11,45,fan_eff_mod,2,0,0,-0,0,0,0,0,3,3,0.131841677671635,0
ood_combo,DS03,11,45,fan_flow_mod,3,0,0,-0.0011146652935973,0,0,0,0,3,3,0.131841677671635,0
ood_combo,DS03,11,45,HPC_eff_mod,4,0,0,-0,0,0,0,0,3,3,0.131841677671635,0
ood_combo,DS03,11,45,HPC_flow_mod,5,0,0,-0.000696601774280945,0,0,0,0,3,3,0.131841677671635,0
ood_combo,DS03,11,45,LPT_eff_mod,6,0,-0.0510047070685157,-0.0814810569059259,1,1,2,2,3,3,0.131841677671635,0
ood_combo,DS03,11,45,LPT_flow_mod,7,0,-0.12268061638929,-0.208952163543347,1,1,2,3,3,3,0.131841677671635,0
ood_combo,DS03,11,45,LPC_eff_mod,8,0,0,-0,0,0,0,0,3,3,0.131841677671635,0
ood_combo,DS03,11,45,LPC_flow_mod,9,0,0,-0.00118449728773965,0,0,0,0,3,3,0.131841677671635,0
ood_combo,DS03,11,46,HPT_eff_mod,1,0,-0.222025698635169,-0.17328996186357,1,1,3,3,3,3,0.159786142854615,0
ood_combo,DS03,11,46,fan_eff_mod,2,0,0,-0,0,0,0,0,3,3,0.159786142854615,0
ood_combo,DS03,11,46,fan_flow_mod,3,0,0,-0.0011146652935973,0,0,0,0,3,3,0.159786142854615,0
ood_combo,DS03,11,46,HPC_eff_mod,4,0,0,-0,0,0,0,0,3,3,0.159786142854615,0
ood_combo,DS03,11,46,HPC_flow_mod,5,0,0,-0.000696601774280945,0,0,0,0,3,3,0.159786142854615,0
ood_combo,DS03,11,46,LPT_eff_mod,6,0,-0.0537588871435671,-0.0814810569059259,1,1,2,2,3,3,0.159786142854615,0
ood_combo,DS03,11,46,LPT_flow_mod,7,0,-0.136163843296056,-0.21711407797021,1,1,3,3,3,3,0.159786142854615,0
ood_combo,DS03,11,46,LPC_eff_mod,8,0,0,-0,0,0,0,0,3,3,0.159786142854615,0
ood_combo,DS03,11,46,LPC_flow_mod,9,0,0,-0.00118449728773965,0,0,0,0,3,3,0.159786142854615,0
ood_combo,DS03,11,47,HPT_eff_mod,1,0,-0.238716898498371,-0.200126493667443,1,1,3,3,3,3,0.201361949605071,0
ood_combo,DS03,11,47,fan_eff_mod,2,0,0,-0,0,0,0,0,3,3,0.201361949605071,0
ood_combo,DS03,11,47,fan_flow_mod,3,0,0,-0.0011146652935973,0,0,0,0,3,3,0.201361949605071,0
ood_combo,DS03,11,47,HPC_eff_mod,4,0,0,-0,0,0,0,0,3,3,0.201361949605071,0
ood_combo,DS03,11,47,HPC_flow_mod,5,0,0,-0.000696601774280945,0,0,0,0,3,3,0.201361949605071,0
ood_combo,DS03,11,47,LPT_eff_mod,6,0,-0.0598311217729753,-0.0835471741655007,1,1,2,2,3,3,0.201361949605071,0
ood_combo,DS03,11,47,LPT_flow_mod,7,0,-0.150440821961287,-0.21711407797021,1,1,3,3,3,3,0.201361949605071,0
ood_combo,DS03,11,47,LPC_eff_mod,8,0,0,-0,0,0,0,0,3,3,0.201361949605071,0
ood_combo,DS03,11,47,LPC_flow_mod,9,0,0,-0.00118449728773965,0,0,0,0,3,3,0.201361949605071,0
ood_combo,DS03,11,48,HPT_eff_mod,1,0,-0.258938870864051,-0.217167377586009,1,1,3,3,3,3,0.0638261353539827,0
ood_combo,DS03,11,48,fan_eff_mod,2,0,0,-0,0,0,0,0,3,3,0.0638261353539827,0
ood_combo,DS03,11,48,fan_flow_mod,3,0,0,-0.0011146652935973,0,0,0,0,3,3,0.0638261353539827,0
ood_combo,DS03,11,48,HPC_eff_mod,4,0,0,-0,0,0,0,0,3,3,0.0638261353539827,0
ood_combo,DS03,11,48,HPC_flow_mod,5,0,0,-0.000696601774280945,0,0,0,0,3,3,0.0638261353539827,0
ood_combo,DS03,11,48,LPT_eff_mod,6,0,-0.058631067146969,-0.0843579342755258,1,1,2,2,3,3,0.0638261353539827,0
ood_combo,DS03,11,48,LPT_flow_mod,7,0,-0.150284161514574,-0.21711407797021,1,1,3,3,3,3,0.0638261353539827,0
ood_combo,DS03,11,48,LPC_eff_mod,8,0,0,-0,0,0,0,0,3,3,0.0638261353539827,0
ood_combo,DS03,11,48,LPC_flow_mod,9,0,0,-0.00118449728773965,0,0,0,0,3,3,0.0638261353539827,0
ood_combo,DS03,11,49,HPT_eff_mod,1,0,-0.291942507620674,-0.262483651034689,1,1,3,3,3,3,0.254005771693488,0
ood_combo,DS03,11,49,fan_eff_mod,2,0,0,-0,0,0,0,0,3,3,0.254005771693488,0
ood_combo,DS03,11,49,fan_flow_mod,3,0,0,-0.0011146652935973,0,0,0,0,3,3,0.254005771693488,0
ood_combo,DS03,11,49,HPC_eff_mod,4,0,0,-0,0,0,0,0,3,3,0.254005771693488,0
ood_combo,DS03,11,49,HPC_flow_mod,5,0,0,-0.000696601774280945,0,0,0,0,3,3,0.254005771693488,0
ood_combo,DS03,11,49,LPT_eff_mod,6,0,-0.061741481904488,-0.0843579342755258,1,1,2,2,3,3,0.254005771693488,0
ood_combo,DS03,11,49,LPT_flow_mod,7,0,-0.168911947135404,-0.234767932959116,1,1,3,3,3,3,0.254005771693488,0
ood_combo,DS03,11,49,LPC_eff_mod,8,0,0,-0,0,0,0,0,3,3,0.254005771693488,0
ood_combo,DS03,11,49,LPC_flow_mod,9,0,0,-0.00118449728773965,0,0,0,0,3,3,0.254005771693488,0
ood_combo,DS03,11,50,HPT_eff_mod,1,0,-0.317077767661756,-0.262483651034689,1,1,3,3,3,3,0.270633710759049,0
ood_combo,DS03,11,50,fan_eff_mod,2,0,0,-0,0,0,0,0,3,3,0.270633710759049,0
ood_combo,DS03,11,50,fan_flow_mod,3,0,0,-0.00162140399596775,0,0,0,0,3,3,0.270633710759049,0
ood_combo,DS03,11,50,HPC_eff_mod,4,0,0,-0,0,0,0,0,3,3,0.270633710759049,0
ood_combo,DS03,11,50,HPC_flow_mod,5,0,0,-0.000696601774280945,0,0,0,0,3,3,0.270633710759049,0
ood_combo,DS03,11,50,LPT_eff_mod,6,0,-0.0638980609839285,-0.0843579342755258,1,1,2,2,3,3,0.270633710759049,0
ood_combo,DS03,11,50,LPT_flow_mod,7,0,-0.186013394497328,-0.276293059117611,1,1,3,3,3,3,0.270633710759049,0
ood_combo,DS03,11,50,LPC_eff_mod,8,0,0,-0,0,0,0,0,3,3,0.270633710759049,0
ood_combo,DS03,11,50,LPC_flow_mod,9,0,0,-0.00136585496797545,0,0,0,0,3,3,0.270633710759049,0
ood_combo,DS03,11,51,HPT_eff_mod,1,0,-0.333764204367177,-0.278958043769114,1,1,3,3,3,3,0.210958911366471,0
ood_combo,DS03,11,51,fan_eff_mod,2,0,0,-0,0,0,0,0,3,3,0.210958911366471,0
ood_combo,DS03,11,51,fan_flow_mod,3,0,0,-0.00162140399596775,0,0,0,0,3,3,0.210958911366471,0
ood_combo,DS03,11,51,HPC_eff_mod,4,0,0,-0,0,0,0,0,3,3,0.210958911366471,0
ood_combo,DS03,11,51,HPC_flow_mod,5,0,0,-0.000696601774280945,0,0,0,0,3,3,0.210958911366471,0
ood_combo,DS03,11,51,LPT_eff_mod,6,0,-0.0733147783532109,-0.0979338836927005,1,1,2,2,3,3,0.210958911366471,0
ood_combo,DS03,11,51,LPT_flow_mod,7,0,-0.199835072945806,-0.276293059117611,1,1,3,3,3,3,0.210958911366471,0
ood_combo,DS03,11,51,LPC_eff_mod,8,0,0,-0,0,0,0,0,3,3,0.210958911366471,0
ood_combo,DS03,11,51,LPC_flow_mod,9,0,0,-0.00136585496797545,0,0,0,0,3,3,0.210958911366471,0
ood_combo,DS03,11,52,HPT_eff_mod,1,0,-0.359199361763858,-0.278958043769114,1,1,3,3,3,3,0.201242051734033,0
ood_combo,DS03,11,52,fan_eff_mod,2,0,0,-0,0,0,0,0,3,3,0.201242051734033,0
ood_combo,DS03,11,52,fan_flow_mod,3,0,0,-0.00162140399596775,0,0,0,0,3,3,0.201242051734033,0
ood_combo,DS03,11,52,HPC_eff_mod,4,0,0,-0,0,0,0,0,3,3,0.201242051734033,0
ood_combo,DS03,11,52,HPC_flow_mod,5,0,0,-0.000696601774280945,0,0,0,0,3,3,0.201242051734033,0
ood_combo,DS03,11,52,LPT_eff_mod,6,0,-0.0790640105648825,-0.0979338836927005,1,1,2,2,3,3,0.201242051734033,0
ood_combo,DS03,11,52,LPT_flow_mod,7,0,-0.201130274139069,-0.276293059117611,1,1,3,3,3,3,0.201242051734033,0
ood_combo,DS03,11,52,LPC_eff_mod,8,0,0,-0,0,0,0,0,3,3,0.201242051734033,0
ood_combo,DS03,11,52,LPC_flow_mod,9,0,0,-0.00136585496797545,0,0,0,0,3,3,0.201242051734033,0
ood_combo,DS03,11,53,HPT_eff_mod,1,0,-0.385147253792971,-0.368046554993537,1,1,3,3,3,3,0.239632824267873,0
ood_combo,DS03,11,53,fan_eff_mod,2,0,0,-0,0,0,0,0,3,3,0.239632824267873,0
ood_combo,DS03,11,53,fan_flow_mod,3,0,0,-0.00162140399596775,0,0,0,0,3,3,0.239632824267873,0
ood_combo,DS03,11,53,HPC_eff_mod,4,0,0,-0,0,0,0,0,3,3,0.239632824267873,0
ood_combo,DS03,11,53,HPC_flow_mod,5,0,0,-0.00281515794385091,0,0,0,0,3,3,0.239632824267873,0
ood_combo,DS03,11,53,LPT_eff_mod,6,0,-0.0793667601782154,-0.0979338836927005,1,1,2,2,3,3,0.239632824267873,0
ood_combo,DS03,11,53,LPT_flow_mod,7,0,-0.226526459228174,-0.276293059117611,1,1,3,3,3,3,0.239632824267873,0
ood_combo,DS03,11,53,LPC_eff_mod,8,0,0,-0.00184723570283984,0,0,0,0,3,3,0.239632824267873,0
ood_combo,DS03,11,53,LPC_flow_mod,9,0,0,-0.00136585496797545,0,0,0,0,3,3,0.239632824267873,0
ood_combo,DS03,11,54,HPT_eff_mod,1,0,-0.4080183137408,-0.403299588517853,1,1,3,3,3,3,0.0594913883406995,0
ood_combo,DS03,11,54,fan_eff_mod,2,0,0,-0,0,0,0,0,3,3,0.0594913883406995,0
ood_combo,DS03,11,54,fan_flow_mod,3,0,0,-0.00162140399596775,0,0,0,0,3,3,0.0594913883406995,0
ood_combo,DS03,11,54,HPC_eff_mod,4,0,0,-0,0,0,0,0,3,3,0.0594913883406995,0
ood_combo,DS03,11,54,HPC_flow_mod,5,0,0,-0.00281515794385091,0,0,0,0,3,3,0.0594913883406995,0
ood_combo,DS03,11,54,LPT_eff_mod,6,0,-0.0933215564946847,-0.0979338836927005,1,1,2,2,3,3,0.0594913883406995,0
ood_combo,DS03,11,54,LPT_flow_mod,7,0,-0.256733254782167,-0.289281350205321,1,1,3,3,3,3,0.0594913883406995,0
ood_combo,DS03,11,54,LPC_eff_mod,8,0,0,-0.00184723570283984,0,0,0,0,3,3,0.0594913883406995,0
ood_combo,DS03,11,54,LPC_flow_mod,9,0,0,-0.00136585496797545,0,0,0,0,3,3,0.0594913883406995,0
ood_combo,DS03,11,55,HPT_eff_mod,1,0,-0.459781839373904,-0.465032175646962,1,1,3,3,3,3,0.20961386975001,0
ood_combo,DS03,11,55,fan_eff_mod,2,0,0,-0,0,0,0,0,3,3,0.20961386975001,0
ood_combo,DS03,11,55,fan_flow_mod,3,0,0,-0.00162140399596775,0,0,0,0,3,3,0.20961386975001,0
ood_combo,DS03,11,55,HPC_eff_mod,4,0,0,-0,0,0,0,0,3,3,0.20961386975001,0
ood_combo,DS03,11,55,HPC_flow_mod,5,0,0,-0.00281515794385091,0,0,0,0,3,3,0.20961386975001,0
ood_combo,DS03,11,55,LPT_eff_mod,6,0,-0.0910551747786704,-0.0979338836927005,1,1,2,2,3,3,0.20961386975001,0
ood_combo,DS03,11,55,LPT_flow_mod,7,0,-0.260122547287119,-0.297475738946423,1,1,3,3,3,3,0.20961386975001,0
ood_combo,DS03,11,55,LPC_eff_mod,8,0,0,-0.00184723570283984,0,0,0,0,3,3,0.20961386975001,0
ood_combo,DS03,11,55,LPC_flow_mod,9,0,0,-0.00136585496797545,0,0,0,0,3,3,0.20961386975001,0
ood_combo,DS03,11,56,HPT_eff_mod,1,0,-0.493718571774099,-0.494767078939403,1,1,3,3,3,3,0.146269703867288,0
ood_combo,DS03,11,56,fan_eff_mod,2,0,0,-0,0,0,0,0,3,3,0.146269703867288,0
ood_combo,DS03,11,56,fan_flow_mod,3,0,0,-0.00162140399596775,0,0,0,0,3,3,0.146269703867288,0
ood_combo,DS03,11,56,HPC_eff_mod,4,0,0,-0,0,0,0,0,3,3,0.146269703867288,0
ood_combo,DS03,11,56,HPC_flow_mod,5,0,0,-0.00281515794385091,0,0,0,0,3,3,0.146269703867288,0
ood_combo,DS03,11,56,LPT_eff_mod,6,0,-0.10155041008764,-0.105025363315018,1,1,2,2,3,3,0.146269703867288,0
ood_combo,DS03,11,56,LPT_flow_mod,7,0,-0.273343771096757,-0.297475738946423,1,1,3,3,3,3,0.146269703867288,0
ood_combo,DS03,11,56,LPC_eff_mod,8,0,0,-0.00184723570283984,0,0,0,0,3,3,0.146269703867288,0
ood_combo,DS03,11,56,LPC_flow_mod,9,0,0,-0.00136585496797545,0,0,0,0,3,3,0.146269703867288,0
ood_combo,DS03,11,57,HPT_eff_mod,1,0,-0.534082891915378,-0.549600739503707,1,1,3,3,3,3,0.0882610245858072,0
ood_combo,DS03,11,57,fan_eff_mod,2,0,0,-0.00159126272022,0,0,0,0,3,3,0.0882610245858072,0
ood_combo,DS03,11,57,fan_flow_mod,3,0,0,-0.00162140399596775,0,0,0,0,3,3,0.0882610245858072,0
ood_combo,DS03,11,57,HPC_eff_mod,4,0,0,-0,0,0,0,0,3,3,0.0882610245858072,0
ood_combo,DS03,11,57,HPC_flow_mod,5,0,0,-0.00281515794385091,0,0,0,0,3,3,0.0882610245858072,0
ood_combo,DS03,11,57,LPT_eff_mod,6,0,-0.108013424821375,-0.106043275024526,1,1,2,2,3,3,0.0882610245858072,0
ood_combo,DS03,11,57,LPT_flow_mod,7,0,-0.306119078043672,-0.297475738946423,1,1,3,3,3,3,0.0882610245858072,0
ood_combo,DS03,11,57,LPC_eff_mod,8,0,0,-0.00184723570283984,0,0,0,0,3,3,0.0882610245858072,0
ood_combo,DS03,11,57,LPC_flow_mod,9,0,0,-0.00136585496797545,0,0,0,0,3,3,0.0882610245858072,0
ood_combo,DS03,11,58,HPT_eff_mod,1,0,-0.579716646843228,-0.603330293199686,1,1,3,3,3,3,0.245833891714318,0
ood_combo,DS03,11,58,fan_eff_mod,2,0,0,-0.00165747975309922,0,0,0,0,3,3,0.245833891714318,0
ood_combo,DS03,11,58,fan_flow_mod,3,0,0,-0.00162140399596775,0,0,0,0,3,3,0.245833891714318,0
ood_combo,DS03,11,58,HPC_eff_mod,4,0,0,-0,0,0,0,0,3,3,0.245833891714318,0
ood_combo,DS03,11,58,HPC_flow_mod,5,0,0,-0.00666278304157506,0,0,0,0,3,3,0.245833891714318,0
ood_combo,DS03,11,58,LPT_eff_mod,6,0,-0.114079350336754,-0.106043275024526,1,1,2,2,3,3,0.245833891714318,0
ood_combo,DS03,11,58,LPT_flow_mod,7,0,-0.320106596344902,-0.339570487249758,1,1,3,3,3,3,0.245833891714318,0
ood_combo,DS03,11,58,LPC_eff_mod,8,0,0,-0.00457590784948175,0,0,0,0,3,3,0.245833891714318,0
ood_combo,DS03,11,58,LPC_flow_mod,9,0,0,-0.00136585496797545,0,0,0,0,3,3,0.245833891714318,0
ood_combo,DS03,11,59,HPT_eff_mod,1,0,-0.633325864533655,-0.626433536505341,1,1,3,3,3,3,0.193586556246475,0
ood_combo,DS03,11,59,fan_eff_mod,2,0,0,-0.00165747975309922,0,0,0,0,3,3,0.193586556246475,0
ood_combo,DS03,11,59,fan_flow_mod,3,0,0,-0.00426988345735113,0,0,0,0,3,3,0.193586556246475,0
ood_combo,DS03,11,59,HPC_eff_mod,4,0,0,-0,0,0,0,0,3,3,0.193586556246475,0
ood_combo,DS03,11,59,HPC_flow_mod,5,0,0,-0.00666278304157506,0,0,0,0,3,3,0.193586556246475,0
ood_combo,DS03,11,59,LPT_eff_mod,6,0,-0.121719777852029,-0.106043275024526,1,1,2,2,3,3,0.193586556246475,0
ood_combo,DS03,11,59,LPT_flow_mod,7,0,-0.351087939350381,-0.340149037646857,1,1,3,3,3,3,0.193586556246475,0
ood_combo,DS03,11,59,LPC_eff_mod,8,0,0,-0.00457590784948175,0,0,0,0,3,3,0.193586556246475,0
ood_combo,DS03,11,59,LPC_flow_mod,9,0,0,-0.0269289733625834,0,0,0,0,3,3,0.193586556246475,0
ood_combo,DS03,12,1,HPT_eff_mod,1,1,-0.00112136820954058,-0,0,0,0,0,0,0,0.0844671402890119,0
ood_combo,DS03,12,1,fan_eff_mod,2,1,0,-0,0,0,0,0,0,0,0.0844671402890119,0
ood_combo,DS03,12,1,fan_flow_mod,3,1,0,-0,0,0,0,0,0,0,0.0844671402890119,0
ood_combo,DS03,12,1,HPC_eff_mod,4,1,0,-0.000248031237373001,0,0,0,0,0,0,0.0844671402890119,0
ood_combo,DS03,12,1,HPC_flow_mod,5,1,0,-0,0,0,0,0,0,0,0.0844671402890119,0
ood_combo,DS03,12,1,LPT_eff_mod,6,1,0.000139262101247505,-0,0,0,0,0,0,0,0.0844671402890119,0
ood_combo,DS03,12,1,LPT_flow_mod,7,1,-0.00169150239000154,-0,0,0,0,0,0,0,0.0844671402890119,0
ood_combo,DS03,12,1,LPC_eff_mod,8,1,0,-0,0,0,0,0,0,0,0.0844671402890119,0
ood_combo,DS03,12,1,LPC_flow_mod,9,1,0,-0,0,0,0,0,0,0,0.0844671402890119,0
ood_combo,DS03,12,2,HPT_eff_mod,1,1,0.00259064435749483,-0,0,0,0,0,0,0,0.0728892161420674,0
ood_combo,DS03,12,2,fan_eff_mod,2,1,0,-0,0,0,0,0,0,0,0.0728892161420674,0
ood_combo,DS03,12,2,fan_flow_mod,3,1,0,-0,0,0,0,0,0,0,0.0728892161420674,0
ood_combo,DS03,12,2,HPC_eff_mod,4,1,0,-0.000248031237373001,0,0,0,0,0,0,0.0728892161420674,0
ood_combo,DS03,12,2,HPC_flow_mod,5,1,0,-0,0,0,0,0,0,0,0.0728892161420674,0
ood_combo,DS03,12,2,LPT_eff_mod,6,1,0.00149199162458399,-0,0,0,0,0,0,0,0.0728892161420674,0
ood_combo,DS03,12,2,LPT_flow_mod,7,1,-0.00127565845189488,-0,0,0,0,0,0,0,0.0728892161420674,0
ood_combo,DS03,12,2,LPC_eff_mod,8,1,0,-0,0,0,0,0,0,0,0.0728892161420674,0
ood_combo,DS03,12,2,LPC_flow_mod,9,1,0,-0.00132514110254279,0,0,0,0,0,0,0.0728892161420674,0
ood_combo,DS03,12,3,HPT_eff_mod,1,1,-0.00146927614795316,-0,0,0,0,0,0,0,0.0639083611637123,0
ood_combo,DS03,12,3,fan_eff_mod,2,1,0,-0,0,0,0,0,0,0,0.0639083611637123,0
ood_combo,DS03,12,3,fan_flow_mod,3,1,0,-0,0,0,0,0,0,0,0.0639083611637123,0
ood_combo,DS03,12,3,HPC_eff_mod,4,1,0,-0.000248031237373001,0,0,0,0,0,0,0.0639083611637123,0
ood_combo,DS03,12,3,HPC_flow_mod,5,1,0,-0,0,0,0,0,0,0,0.0639083611637123,0
ood_combo,DS03,12,3,LPT_eff_mod,6,1,-0.00163125372583154,-0,0,0,0,0,0,0,0.0639083611637123,0
ood_combo,DS03,12,3,LPT_flow_mod,7,1,0.00296716084189614,-0,0,0,0,0,0,0,0.0639083611637123,0
ood_combo,DS03,12,3,LPC_eff_mod,8,1,0,-0,0,0,0,0,0,0,0.0639083611637123,0
ood_combo,DS03,12,3,LPC_flow_mod,9,1,0,-0.00132514110254279,0,0,0,0,0,0,0.0639083611637123,0
ood_combo,DS03,12,4,HPT_eff_mod,1,1,0.00182148257909596,-0,0,0,0,0,0,0,0.187457807433492,0
ood_combo,DS03,12,4,fan_eff_mod,2,1,0,-0,0,0,0,0,0,0,0.187457807433492,0
ood_combo,DS03,12,4,fan_flow_mod,3,1,0,-0,0,0,0,0,0,0,0.187457807433492,0
ood_combo,DS03,12,4,HPC_eff_mod,4,1,0,-0.000339907026063164,0,0,0,0,0,0,0.187457807433492,0
ood_combo,DS03,12,4,HPC_flow_mod,5,1,0,-0,0,0,0,0,0,0,0.187457807433492,0
ood_combo,DS03,12,4,LPT_eff_mod,6,1,-0.00313845217689885,-0,0,0,0,0,0,0,0.187457807433492,0
ood_combo,DS03,12,4,LPT_flow_mod,7,1,4.56722442964425e-05,-0,0,0,0,0,0,0,0.187457807433492,0
ood_combo,DS03,12,4,LPC_eff_mod,8,1,0,-0,0,0,0,0,0,0,0.187457807433492,0
ood_combo,DS03,12,4,LPC_flow_mod,9,1,0,-0.00132514110254279,0,0,0,0,0,0,0.187457807433492,0
ood_combo,DS03,12,5,HPT_eff_mod,1,1,-0.00525704348204749,-0.00318017905166822,0,0,0,0,0,0,0.0750739767787683,0
ood_combo,DS03,12,5,fan_eff_mod,2,1,0,-0,0,0,0,0,0,0,0.0750739767787683,0
ood_combo,DS03,12,5,fan_flow_mod,3,1,0,-0,0,0,0,0,0,0,0.0750739767787683,0
ood_combo,DS03,12,5,HPC_eff_mod,4,1,0,-0.000339907026063164,0,0,0,0,0,0,0.0750739767787683,0
ood_combo,DS03,12,5,HPC_flow_mod,5,1,0,-0,0,0,0,0,0,0,0.0750739767787683,0
ood_combo,DS03,12,5,LPT_eff_mod,6,1,0.000753904624048656,-0,0,0,0,0,0,0,0.0750739767787683,0
ood_combo,DS03,12,5,LPT_flow_mod,7,1,0.000243180526779152,-0,0,0,0,0,0,0,0.0750739767787683,0
ood_combo,DS03,12,5,LPC_eff_mod,8,1,0,-0,0,0,0,0,0,0,0.0750739767787683,0
ood_combo,DS03,12,5,LPC_flow_mod,9,1,0,-0.00424099058597691,0,0,0,0,0,0,0.0750739767787683,0
ood_combo,DS03,12,6,HPT_eff_mod,1,1,-0.00398527460567295,-0.00318017905166822,0,0,0,0,0,0,0.218494386979132,0
ood_combo,DS03,12,6,fan_eff_mod,2,1,0,-0,0,0,0,0,0,0,0.218494386979132,0
ood_combo,DS03,12,6,fan_flow_mod,3,1,0,-8.22121200964771e-05,0,0,0,0,0,0,0.218494386979132,0
ood_combo,DS03,12,6,HPC_eff_mod,4,1,0,-0.000339907026063164,0,0,0,0,0,0,0.218494386979132,0
ood_combo,DS03,12,6,HPC_flow_mod,5,1,0,-0,0,0,0,0,0,0,0.218494386979132,0
ood_combo,DS03,12,6,LPT_eff_mod,6,1,-0.00499487751864295,-0,0,0,0,0,0,0,0.218494386979132,0
ood_combo,DS03,12,6,LPT_flow_mod,7,1,-0.00471989171244718,-0.00644577996868838,0,0,0,0,0,0,0.218494386979132,0
ood_combo,DS03,12,6,LPC_eff_mod,8,1,0,-0,0,0,0,0,0,0,0.218494386979132,0
ood_combo,DS03,12,6,LPC_flow_mod,9,1,0,-0.00424099058597691,0,0,0,0,0,0,0.218494386979132,0
ood_combo,DS03,12,7,HPT_eff_mod,1,1,-0.0143921207276164,-0.00662874600866751,0,0,0,0,0,0,0.236567389747911,0
ood_combo,DS03,12,7,fan_eff_mod,2,1,0,-0,0,0,0,0,0,0,0.236567389747911,0
ood_combo,DS03,12,7,fan_flow_mod,3,1,0,-8.22121200964771e-05,0,0,0,0,0,0,0.236567389747911,0
ood_combo,DS03,12,7,HPC_eff_mod,4,1,0,-0.000339907026063164,0,0,0,0,0,0,0.236567389747911,0
ood_combo,DS03,12,7,HPC_flow_mod,5,1,0,-0,0,0,0,0,0,0,0.236567389747911,0
ood_combo,DS03,12,7,LPT_eff_mod,6,1,-0.00519864164926314,-0,0,0,0,0,0,0,0.236567389747911,0
ood_combo,DS03,12,7,LPT_flow_mod,7,1,-0.000151399243787367,-0.00644577996868838,0,0,0,0,0,0,0.236567389747911,0
ood_combo,DS03,12,7,LPC_eff_mod,8,1,0,-0,0,0,0,0,0,0,0.236567389747911,0
ood_combo,DS03,12,7,LPC_flow_mod,9,1,0,-0.00424099058597691,0,0,0,0,0,0,0.236567389747911,0
ood_combo,DS03,12,8,HPT_eff_mod,1,1,-0.0157790644913468,-0.00662874600866751,0,0,0,0,0,0,0.142429173277656,0
ood_combo,DS03,12,8,fan_eff_mod,2,1,0,-0,0,0,0,0,0,0,0.142429173277656,0
ood_combo,DS03,12,8,fan_flow_mod,3,1,0,-8.22121200964771e-05,0,0,0,0,0,0,0.142429173277656,0
ood_combo,DS03,12,8,HPC_eff_mod,4,1,0,-0.000339907026063164,0,0,0,0,0,0,0.142429173277656,0
ood_combo,DS03,12,8,HPC_flow_mod,5,1,0,-0,0,0,0,0,0,0,0.142429173277656,0
ood_combo,DS03,12,8,LPT_eff_mod,6,1,0.00146920245935398,-0.00168449441267014,0,0,0,0,0,0,0.142429173277656,0
ood_combo,DS03,12,8,LPT_flow_mod,7,1,-0.00724712431942918,-0.00644577996868838,0,0,0,0,0,0,0.142429173277656,0
ood_combo,DS03,12,8,LPC_eff_mod,8,1,0,-0,0,0,0,0,0,0,0.142429173277656,0
ood_combo,DS03,12,8,LPC_flow_mod,9,1,0,-0.00424099058597691,0,0,0,0,0,0,0.142429173277656,0
ood_combo,DS03,12,9,HPT_eff_mod,1,1,-0.00489825454233354,-0.00662874600866751,0,1,0,1,0,1,0.124632263087445,0
ood_combo,DS03,12,9,fan_eff_mod,2,1,0,-0,0,0,0,0,0,1,0.124632263087445,0
ood_combo,DS03,12,9,fan_flow_mod,3,1,0,-8.22121200964771e-05,0,0,0,0,0,1,0.124632263087445,0
ood_combo,DS03,12,9,HPC_eff_mod,4,1,0,-0.000339907026063164,0,0,0,0,0,1,0.124632263087445,0
ood_combo,DS03,12,9,HPC_flow_mod,5,1,0,-0,0,0,0,0,0,1,0.124632263087445,0
ood_combo,DS03,12,9,LPT_eff_mod,6,1,6.8742890284277e-05,-0.00168449441267014,0,0,0,0,0,1,0.124632263087445,0
ood_combo,DS03,12,9,LPT_flow_mod,7,1,-0.00207748611054432,-0.00644577996868838,0,0,0,0,0,1,0.124632263087445,0
ood_combo,DS03,12,9,LPC_eff_mod,8,1,0,-0,0,0,0,0,0,1,0.124632263087445,0
ood_combo,DS03,12,9,LPC_flow_mod,9,1,0,-0.00424099058597691,0,0,0,0,0,1,0.124632263087445,0
ood_combo,DS03,12,10,HPT_eff_mod,1,1,-0.0133769846216323,-0.00662874600866751,0,1,0,1,0,1,0.0623693181767357,0
ood_combo,DS03,12,10,fan_eff_mod,2,1,0,-0,0,0,0,0,0,1,0.0623693181767357,0
ood_combo,DS03,12,10,fan_flow_mod,3,1,0,-8.22121200964771e-05,0,0,0,0,0,1,0.0623693181767357,0
ood_combo,DS03,12,10,HPC_eff_mod,4,1,0,-0.000339907026063164,0,0,0,0,0,1,0.0623693181767357,0
ood_combo,DS03,12,10,HPC_flow_mod,5,1,0,-0,0,0,0,0,0,1,0.0623693181767357,0
ood_combo,DS03,12,10,LPT_eff_mod,6,1,-0.000878995610427882,-0.00787052292941843,0,0,0,0,0,1,0.0623693181767357,0
ood_combo,DS03,12,10,LPT_flow_mod,7,1,-0.00338578007890184,-0.00644577996868838,0,0,0,0,0,1,0.0623693181767357,0
ood_combo,DS03,12,10,LPC_eff_mod,8,1,0,-0,0,0,0,0,0,1,0.0623693181767357,0
ood_combo,DS03,12,10,LPC_flow_mod,9,1,0,-0.00424099058597691,0,0,0,0,0,1,0.0623693181767357,0
ood_combo,DS03,12,11,HPT_eff_mod,1,1,-0.00422327059486836,-0.00662874600866751,0,1,0,1,0,1,0.146859486924575,0
ood_combo,DS03,12,11,fan_eff_mod,2,1,0,-0,0,0,0,0,0,1,0.146859486924575,0
ood_combo,DS03,12,11,fan_flow_mod,3,1,0,-8.22121200964771e-05,0,0,0,0,0,1,0.146859486924575,0
ood_combo,DS03,12,11,HPC_eff_mod,4,1,0,-0.000339907026063164,0,0,0,0,0,1,0.146859486924575,0
ood_combo,DS03,12,11,HPC_flow_mod,5,1,0,-0.0013867845226108,0,0,0,0,0,1,0.146859486924575,0
ood_combo,DS03,12,11,LPT_eff_mod,6,1,-0.00127688592978129,-0.00950223342491179,0,0,0,0,0,1,0.146859486924575,0
ood_combo,DS03,12,11,LPT_flow_mod,7,1,-0.00258225640940469,-0.00644577996868838,0,0,0,0,0,1,0.146859486924575,0
ood_combo,DS03,12,11,LPC_eff_mod,8,1,0,-0,0,0,0,0,0,1,0.146859486924575,0
ood_combo,DS03,12,11,LPC_flow_mod,9,1,0,-0.00424099058597691,0,0,0,0,0,1,0.146859486924575,0
ood_combo,DS03,12,12,HPT_eff_mod,1,1,-0.0211035009905063,-0.00662874600866751,0,1,0,1,0,1,0.285018751959759,0
ood_combo,DS03,12,12,fan_eff_mod,2,1,0,-0,0,0,0,0,0,1,0.285018751959759,0
ood_combo,DS03,12,12,fan_flow_mod,3,1,0,-8.22121200964771e-05,0,0,0,0,0,1,0.285018751959759,0
ood_combo,DS03,12,12,HPC_eff_mod,4,1,0,-0.000339907026063164,0,0,0,0,0,1,0.285018751959759,0
ood_combo,DS03,12,12,HPC_flow_mod,5,1,0,-0.0013867845226108,0,0,0,0,0,1,0.285018751959759,0
ood_combo,DS03,12,12,LPT_eff_mod,6,1,-0.00827807629421625,-0.0133052559363228,0,0,0,0,0,1,0.285018751959759,0
ood_combo,DS03,12,12,LPT_flow_mod,7,1,0.000835431627996911,-0.00644577996868838,0,0,0,0,0,1,0.285018751959759,0
ood_combo,DS03,12,12,LPC_eff_mod,8,1,0,-0,0,0,0,0,0,1,0.285018751959759,0
ood_combo,DS03,12,12,LPC_flow_mod,9,1,0,-0.00424099058597691,0,0,0,0,0,1,0.285018751959759,0
ood_combo,DS03,12,13,HPT_eff_mod,1,1,-0.0186366580734922,-0.00662874600866751,0,1,0,1,0,1,0.159632860340069,0
ood_combo,DS03,12,13,fan_eff_mod,2,1,0,-0,0,0,0,0,0,1,0.159632860340069,0
ood_combo,DS03,12,13,fan_flow_mod,3,1,0,-0.000213284473162468,0,0,0,0,0,1,0.159632860340069,0
ood_combo,DS03,12,13,HPC_eff_mod,4,1,0,-0.000339907026063164,0,0,0,0,0,1,0.159632860340069,0
ood_combo,DS03,12,13,HPC_flow_mod,5,1,0,-0.0013867845226108,0,0,0,0,0,1,0.159632860340069,0
ood_combo,DS03,12,13,LPT_eff_mod,6,1,-0.00242407205042844,-0.0133052559363228,0,0,0,0,0,1,0.159632860340069,0
ood_combo,DS03,12,13,LPT_flow_mod,7,1,0.00024298387550846,-0.00685121867614836,0,0,0,0,0,1,0.159632860340069,0
ood_combo,DS03,12,13,LPC_eff_mod,8,1,0,-0,0,0,0,0,0,1,0.159632860340069,0
ood_combo,DS03,12,13,LPC_flow_mod,9,1,0,-0.00585391706059967,0,0,0,0,0,1,0.159632860340069,0
ood_combo,DS03,12,14,HPT_eff_mod,1,1,-0.00623887872037084,-0.00662874600866751,0,1,0,1,0,1,0.121373254025253,0
ood_combo,DS03,12,14,fan_eff_mod,2,1,0,-0,0,0,0,0,0,1,0.121373254025253,0
ood_combo,DS03,12,14,fan_flow_mod,3,1,0,-0.000213284473162468,0,0,0,0,0,1,0.121373254025253,0
ood_combo,DS03,12,14,HPC_eff_mod,4,1,0,-0.000339907026063164,0,0,0,0,0,1,0.121373254025253,0
ood_combo,DS03,12,14,HPC_flow_mod,5,1,0,-0.0013867845226108,0,0,0,0,0,1,0.121373254025253,0
ood_combo,DS03,12,14,LPT_eff_mod,6,1,-0.00664561849185785,-0.0133052559363228,0,0,0,0,0,1,0.121373254025253,0
ood_combo,DS03,12,14,LPT_flow_mod,7,1,0.000291909239398638,-0.00685121867614836,0,0,0,0,0,1,0.121373254025253,0
ood_combo,DS03,12,14,LPC_eff_mod,8,1,0,-0,0,0,0,0,0,1,0.121373254025253,0
ood_combo,DS03,12,14,LPC_flow_mod,9,1,0,-0.00585391706059967,0,0,0,0,0,1,0.121373254025253,0
ood_combo,DS03,12,15,HPT_eff_mod,1,1,-0.0204080238210549,-0.00662874600866751,0,1,0,1,0,1,0.234969041173162,0
ood_combo,DS03,12,15,fan_eff_mod,2,1,0,-0,0,0,0,0,0,1,0.234969041173162,0
ood_combo,DS03,12,15,fan_flow_mod,3,1,0,-0.000213284473162468,0,0,0,0,0,1,0.234969041173162,0
ood_combo,DS03,12,15,HPC_eff_mod,4,1,0,-0.000339907026063164,0,0,0,0,0,1,0.234969041173162,0
ood_combo,DS03,12,15,HPC_flow_mod,5,1,0,-0.0013867845226108,0,0,0,0,0,1,0.234969041173162,0
ood_combo,DS03,12,15,LPT_eff_mod,6,1,-0.0052530410323747,-0.0133052559363228,0,0,0,0,0,1,0.234969041173162,0
ood_combo,DS03,12,15,LPT_flow_mod,7,1,-0.00616015434878788,-0.0206081079965534,0,0,0,0,0,1,0.234969041173162,0
ood_combo,DS03,12,15,LPC_eff_mod,8,1,0,-0,0,0,0,0,0,1,0.234969041173162,0
ood_combo,DS03,12,15,LPC_flow_mod,9,1,0,-0.00585391706059967,0,0,0,0,0,1,0.234969041173162,0
ood_combo,DS03,12,16,HPT_eff_mod,1,1,-0.0154813139473196,-0.00662874600866751,0,1,0,1,0,1,0.0723602729712617,0
ood_combo,DS03,12,16,fan_eff_mod,2,1,0,-0,0,0,0,0,0,1,0.0723602729712617,0
ood_combo,DS03,12,16,fan_flow_mod,3,1,0,-0.000213284473162468,0,0,0,0,0,1,0.0723602729712617,0
ood_combo,DS03,12,16,HPC_eff_mod,4,1,0,-0.000339907026063164,0,0,0,0,0,1,0.0723602729712617,0
ood_combo,DS03,12,16,HPC_flow_mod,5,1,0,-0.0013867845226108,0,0,0,0,0,1,0.0723602729712617,0
ood_combo,DS03,12,16,LPT_eff_mod,6,1,-0.00441591648479648,-0.0133052559363228,0,1,0,1,0,1,0.0723602729712617,0
ood_combo,DS03,12,16,LPT_flow_mod,7,1,-0.00985832932307593,-0.0206081079965534,0,0,0,0,0,1,0.0723602729712617,0
ood_combo,DS03,12,16,LPC_eff_mod,8,1,0,-0,0,0,0,0,0,1,0.0723602729712617,0
ood_combo,DS03,12,16,LPC_flow_mod,9,1,0,-0.00585391706059967,0,0,0,0,0,1,0.0723602729712617,0
ood_combo,DS03,12,17,HPT_eff_mod,1,1,-0.0271581786379153,-0.00704325964651765,0,1,0,1,0,1,0.132025082443955,0
ood_combo,DS03,12,17,fan_eff_mod,2,1,0,-0,0,0,0,0,0,1,0.132025082443955,0
ood_combo,DS03,12,17,fan_flow_mod,3,1,0,-0.000213284473162468,0,0,0,0,0,1,0.132025082443955,0
ood_combo,DS03,12,17,HPC_eff_mod,4,1,0,-0.000339907026063164,0,0,0,0,0,1,0.132025082443955,0
ood_combo,DS03,12,17,HPC_flow_mod,5,1,0,-0.0013867845226108,0,0,0,0,0,1,0.132025082443955,0
ood_combo,DS03,12,17,LPT_eff_mod,6,1,-0.00151530625042542,-0.0133052559363228,0,1,0,1,0,1,0.132025082443955,0
ood_combo,DS03,12,17,LPT_flow_mod,7,1,-0.00290273945541077,-0.0206081079965534,0,0,0,0,0,1,0.132025082443955,0
ood_combo,DS03,12,17,LPC_eff_mod,8,1,0,-0,0,0,0,0,0,1,0.132025082443955,0
ood_combo,DS03,12,17,LPC_flow_mod,9,1,0,-0.00585391706059967,0,0,0,0,0,1,0.132025082443955,0
ood_combo,DS03,12,18,HPT_eff_mod,1,1,-0.0245162976320839,-0.00704325964651765,0,1,0,1,0,1,0.146686018517766,0
ood_combo,DS03,12,18,fan_eff_mod,2,1,0,-0,0,0,0,0,0,1,0.146686018517766,0
ood_combo,DS03,12,18,fan_flow_mod,3,1,0,-0.000213284473162468,0,0,0,0,0,1,0.146686018517766,0
ood_combo,DS03,12,18,HPC_eff_mod,4,1,0,-0.000339907026063164,0,0,0,0,0,1,0.146686018517766,0
ood_combo,DS03,12,18,HPC_flow_mod,5,1,0,-0.0013867845226108,0,0,0,0,0,1,0.146686018517766,0
ood_combo,DS03,12,18,LPT_eff_mod,6,1,-0.00796936650487602,-0.0136099591426497,0,1,0,1,0,1,0.146686018517766,0
ood_combo,DS03,12,18,LPT_flow_mod,7,1,-0.00902131239669322,-0.0206081079965534,0,0,0,0,0,1,0.146686018517766,0
ood_combo,DS03,12,18,LPC_eff_mod,8,1,0,-0,0,0,0,0,0,1,0.146686018517766,0
ood_combo,DS03,12,18,LPC_flow_mod,9,1,0,-0.00585391706059967,0,0,0,0,0,1,0.146686018517766,0
ood_combo,DS03,12,19,HPT_eff_mod,1,1,-0.0200343960694243,-0.00704325964651765,0,1,0,1,0,2,0.0977638575706592,0
ood_combo,DS03,12,19,fan_eff_mod,2,1,0,-0,0,0,0,0,0,2,0.0977638575706592,0
ood_combo,DS03,12,19,fan_flow_mod,3,1,0,-0.000213284473162468,0,0,0,0,0,2,0.0977638575706592,0
ood_combo,DS03,12,19,HPC_eff_mod,4,1,0,-0.000339907026063164,0,0,0,0,0,2,0.0977638575706592,0
ood_combo,DS03,12,19,HPC_flow_mod,5,1,0,-0.0013867845226108,0,0,0,0,0,2,0.0977638575706592,0
ood_combo,DS03,12,19,LPT_eff_mod,6,1,-0.0112498376781744,-0.0136099591426497,0,1,0,1,0,2,0.0977638575706592,0
ood_combo,DS03,12,19,LPT_flow_mod,7,1,-0.0107047589525287,-0.0206081079965534,0,1,0,2,0,2,0.0977638575706592,0
ood_combo,DS03,12,19,LPC_eff_mod,8,1,0,-0,0,0,0,0,0,2,0.0977638575706592,0
ood_combo,DS03,12,19,LPC_flow_mod,9,1,0,-0.00585391706059967,0,0,0,0,0,2,0.0977638575706592,0
ood_combo,DS03,12,20,HPT_eff_mod,1,1,-0.0114549886161513,-0.00704325964651765,0,1,0,1,0,2,0.209268902200174,0
ood_combo,DS03,12,20,fan_eff_mod,2,1,0,-0,0,0,0,0,0,2,0.209268902200174,0
ood_combo,DS03,12,20,fan_flow_mod,3,1,0,-0.000213284473162468,0,0,0,0,0,2,0.209268902200174,0
ood_combo,DS03,12,20,HPC_eff_mod,4,1,0,-0.000339907026063164,0,0,0,0,0,2,0.209268902200174,0
ood_combo,DS03,12,20,HPC_flow_mod,5,1,0,-0.0013867845226108,0,0,0,0,0,2,0.209268902200174,0
ood_combo,DS03,12,20,LPT_eff_mod,6,1,-0.00568088448493551,-0.0136099591426497,0,1,0,1,0,2,0.209268902200174,0
ood_combo,DS03,12,20,LPT_flow_mod,7,1,-0.00408159108046866,-0.0206081079965534,0,1,0,2,0,2,0.209268902200174,0
ood_combo,DS03,12,20,LPC_eff_mod,8,1,0,-0,0,0,0,0,0,2,0.209268902200174,0
ood_combo,DS03,12,20,LPC_flow_mod,9,1,0,-0.00585391706059967,0,0,0,0,0,2,0.209268902200174,0
ood_combo,DS03,12,21,HPT_eff_mod,1,1,-0.0231223893523309,-0.00962286869354051,0,1,0,1,0,2,0.117610754337033,0
ood_combo,DS03,12,21,fan_eff_mod,2,1,0,-0,0,0,0,0,0,2,0.117610754337033,0
ood_combo,DS03,12,21,fan_flow_mod,3,1,0,-0.000213284473162468,0,0,0,0,0,2,0.117610754337033,0
ood_combo,DS03,12,21,HPC_eff_mod,4,1,0,-0.000339907026063164,0,0,0,0,0,2,0.117610754337033,0
ood_combo,DS03,12,21,HPC_flow_mod,5,1,0,-0.0013867845226108,0,0,0,0,0,2,0.117610754337033,0
ood_combo,DS03,12,21,LPT_eff_mod,6,1,-0.00604966378297046,-0.0136099591426497,0,1,0,1,0,2,0.117610754337033,0
ood_combo,DS03,12,21,LPT_flow_mod,7,1,-0.011336647257083,-0.0206081079965534,0,1,0,2,0,2,0.117610754337033,0
ood_combo,DS03,12,21,LPC_eff_mod,8,1,0,-0,0,0,0,0,0,2,0.117610754337033,0
ood_combo,DS03,12,21,LPC_flow_mod,9,1,0,-0.00585391706059967,0,0,0,0,0,2,0.117610754337033,0
ood_combo,DS03,12,22,HPT_eff_mod,1,1,-0.0160372939294104,-0.00962286869354051,0,1,0,1,0,2,0.0820377278646994,0
ood_combo,DS03,12,22,fan_eff_mod,2,1,0,-0,0,0,0,0,0,2,0.0820377278646994,0
ood_combo,DS03,12,22,fan_flow_mod,3,1,0,-0.000213284473162468,0,0,0,0,0,2,0.0820377278646994,0
ood_combo,DS03,12,22,HPC_eff_mod,4,1,0,-0.000339907026063164,0,0,0,0,0,2,0.0820377278646994,0
ood_combo,DS03,12,22,HPC_flow_mod,5,1,0,-0.0013867845226108,0,0,0,0,0,2,0.0820377278646994,0
ood_combo,DS03,12,22,LPT_eff_mod,6,1,-0.0114047204301142,-0.0136099591426497,0,1,0,1,0,2,0.0820377278646994,0
ood_combo,DS03,12,22,LPT_flow_mod,7,1,-0.0141147284436228,-0.0206081079965534,0,1,0,2,0,2,0.0820377278646994,0
ood_combo,DS03,12,22,LPC_eff_mod,8,1,0,-0,0,0,0,0,0,2,0.0820377278646994,0
ood_combo,DS03,12,22,LPC_flow_mod,9,1,0,-0.00585391706059967,0,0,0,0,0,2,0.0820377278646994,0
ood_combo,DS03,12,23,HPT_eff_mod,1,1,-0.0278938569781258,-0.00962286869354051,0,1,0,1,0,2,0.288716664614718,0
ood_combo,DS03,12,23,fan_eff_mod,2,1,0,-0,0,0,0,0,0,2,0.288716664614718,0
ood_combo,DS03,12,23,fan_flow_mod,3,1,0,-0.000213284473162468,0,0,0,0,0,2,0.288716664614718,0
ood_combo,DS03,12,23,HPC_eff_mod,4,1,0,-0.000339907026063164,0,0,0,0,0,2,0.288716664614718,0
ood_combo,DS03,12,23,HPC_flow_mod,5,1,0,-0.0013867845226108,0,0,0,0,0,2,0.288716664614718,0
ood_combo,DS03,12,23,LPT_eff_mod,6,1,-0.0132727139020783,-0.0136099591426497,0,1,0,1,0,2,0.288716664614718,0
ood_combo,DS03,12,23,LPT_flow_mod,7,1,-0.0132260828860841,-0.0206262685454326,0,1,0,2,0,2,0.288716664614718,0
ood_combo,DS03,12,23,LPC_eff_mod,8,1,0,-0,0,0,0,0,0,2,0.288716664614718,0
ood_combo,DS03,12,23,LPC_flow_mod,9,1,0,-0.00585391706059967,0,0,0,0,0,2,0.288716664614718,0
ood_combo,DS03,12,24,HPT_eff_mod,1,1,-0.0142700197136401,-0.00962286869354051,0,1,0,1,0,2,0.121970966581721,0
ood_combo,DS03,12,24,fan_eff_mod,2,1,0,-0,0,0,0,0,0,2,0.121970966581721,0
ood_combo,DS03,12,24,fan_flow_mod,3,1,0,-0.000213284473162468,0,0,0,0,0,2,0.121970966581721,0
ood_combo,DS03,12,24,HPC_eff_mod,4,1,0,-0.000339907026063164,0,0,0,0,0,2,0.121970966581721,0
ood_combo,DS03,12,24,HPC_flow_mod,5,1,0,-0.0013867845226108,0,0,0,0,0,2,0.121970966581721,0
ood_combo,DS03,12,24,LPT_eff_mod,6,1,-0.012991052929353,-0.0174619196328373,0,1,0,1,0,2,0.121970966581721,0
ood_combo,DS03,12,24,LPT_flow_mod,7,1,-0.00628255262971009,-0.0206262685454326,0,1,0,2,0,2,0.121970966581721,0
ood_combo,DS03,12,24,LPC_eff_mod,8,1,0,-0,0,0,0,0,0,2,0.121970966581721,0
ood_combo,DS03,12,24,LPC_flow_mod,9,1,0,-0.00585391706059967,0,0,0,0,0,2,0.121970966581721,0
ood_combo,DS03,12,25,HPT_eff_mod,1,1,-0.0292944337850441,-0.0136698787473448,0,1,0,1,0,2,0.0837725347426453,0
ood_combo,DS03,12,25,fan_eff_mod,2,1,0,-0,0,0,0,0,0,2,0.0837725347426453,0
ood_combo,DS03,12,25,fan_flow_mod,3,1,0,-0.000213284473162468,0,0,0,0,0,2,0.0837725347426453,0
ood_combo,DS03,12,25,HPC_eff_mod,4,1,0,-0.000339907026063164,0,0,0,0,0,2,0.0837725347426453,0
ood_combo,DS03,12,25,HPC_flow_mod,5,1,0,-0.0013867845226108,0,0,0,0,0,2,0.0837725347426453,0
ood_combo,DS03,12,25,LPT_eff_mod,6,1,-0.00747221819220984,-0.0174619196328373,0,1,0,1,0,2,0.0837725347426453,0
ood_combo,DS03,12,25,LPT_flow_mod,7,1,-0.00927866468353813,-0.0206262685454326,0,1,0,2,0,2,0.0837725347426453,0
ood_combo,DS03,12,25,LPC_eff_mod,8,1,0,-0,0,0,0,0,0,2,0.0837725347426453,0
ood_combo,DS03,12,25,LPC_flow_mod,9,1,0,-0.00585391706059967,0,0,0,0,0,2,0.0837725347426453,0
ood_combo,DS03,12,26,HPT_eff_mod,1,1,-0.0173163269815606,-0.0136698787473448,0,1,0,1,0,2,0.0707827812862892,0
ood_combo,DS03,12,26,fan_eff_mod,2,1,0,-0,0,0,0,0,0,2,0.0707827812862892,0
ood_combo,DS03,12,26,fan_flow_mod,3,1,0,-0.000213284473162468,0,0,0,0,0,2,0.0707827812862892,0
ood_combo,DS03,12,26,HPC_eff_mod,4,1,0,-0.000339907026063164,0,0,0,0,0,2,0.0707827812862892,0
ood_combo,DS03,12,26,HPC_flow_mod,5,1,0,-0.0013867845226108,0,0,0,0,0,2,0.0707827812862892,0
ood_combo,DS03,12,26,LPT_eff_mod,6,1,-0.0149881370189612,-0.0182630075642146,0,1,0,1,0,2,0.0707827812862892,0
ood_combo,DS03,12,26,LPT_flow_mod,7,1,-0.0142243377876381,-0.0206262685454326,0,1,0,2,0,2,0.0707827812862892,0
ood_combo,DS03,12,26,LPC_eff_mod,8,1,0,-0,0,0,0,0,0,2,0.0707827812862892,0
ood_combo,DS03,12,26,LPC_flow_mod,9,1,0,-0.00585391706059967,0,0,0,0,0,2,0.0707827812862892,0
ood_combo,DS03,12,27,HPT_eff_mod,1,1,-0.0360838868814331,-0.0211027821285211,0,1,0,2,0,2,0.0623658556399446,0
ood_combo,DS03,12,27,fan_eff_mod,2,1,0,-0,0,0,0,0,0,2,0.0623658556399446,0
ood_combo,DS03,12,27,fan_flow_mod,3,1,0,-0.000213284473162468,0,0,0,0,0,2,0.0623658556399446,0
ood_combo,DS03,12,27,HPC_eff_mod,4,1,0,-0.00238848849085439,0,0,0,0,0,2,0.0623658556399446,0
ood_combo,DS03,12,27,HPC_flow_mod,5,1,0,-0.0013867845226108,0,0,0,0,0,2,0.0623658556399446,0
ood_combo,DS03,12,27,LPT_eff_mod,6,1,-0.0144232942520559,-0.0182630075642146,0,1,0,1,0,2,0.0623658556399446,0
ood_combo,DS03,12,27,LPT_flow_mod,7,1,-0.0170416891020811,-0.0206262685454326,0,1,0,2,0,2,0.0623658556399446,0
ood_combo,DS03,12,27,LPC_eff_mod,8,1,0,-0,0,0,0,0,0,2,0.0623658556399446,0
ood_combo,DS03,12,27,LPC_flow_mod,9,1,0,-0.00585391706059967,0,0,0,0,0,2,0.0623658556399446,0
ood_combo,DS03,12,28,HPT_eff_mod,1,1,-0.0273248664229142,-0.0211027821285211,0,1,0,2,0,2,0.0946220065666286,0
ood_combo,DS03,12,28,fan_eff_mod,2,1,0,-0,0,0,0,0,0,2,0.0946220065666286,0
ood_combo,DS03,12,28,fan_flow_mod,3,1,0,-0.000213284473162468,0,0,0,0,0,2,0.0946220065666286,0
ood_combo,DS03,12,28,HPC_eff_mod,4,1,0,-0.00238848849085439,0,0,0,0,0,2,0.0946220065666286,0
ood_combo,DS03,12,28,HPC_flow_mod,5,1,0,-0.0013867845226108,0,0,0,0,0,2,0.0946220065666286,0
ood_combo,DS03,12,28,LPT_eff_mod,6,1,-0.015072455203373,-0.0182630075642146,0,1,0,1,0,2,0.0946220065666286,0
ood_combo,DS03,12,28,LPT_flow_mod,7,1,-0.015015623599624,-0.0206262685454326,0,1,0,2,0,2,0.0946220065666286,0
ood_combo,DS03,12,28,LPC_eff_mod,8,1,0,-0,0,0,0,0,0,2,0.0946220065666286,0
ood_combo,DS03,12,28,LPC_flow_mod,9,1,0,-0.00585391706059967,0,0,0,0,0,2,0.0946220065666286,0
ood_combo,DS03,12,29,HPT_eff_mod,1,1,-0.0375190623583406,-0.0237452859243106,0,1,0,2,0,2,0.127738862519884,0
ood_combo,DS03,12,29,fan_eff_mod,2,1,0,-0,0,0,0,0,0,2,0.127738862519884,0
ood_combo,DS03,12,29,fan_flow_mod,3,1,0,-0.000213284473162468,0,0,0,0,0,2,0.127738862519884,0
ood_combo,DS03,12,29,HPC_eff_mod,4,1,0,-0.00238848849085439,0,0,0,0,0,2,0.127738862519884,0
ood_combo,DS03,12,29,HPC_flow_mod,5,1,0,-0.0013867845226108,0,0,0,0,0,2,0.127738862519884,0
ood_combo,DS03,12,29,LPT_eff_mod,6,1,-0.0181343874995624,-0.0227100988347142,0,1,0,2,0,2,0.127738862519884,0
ood_combo,DS03,12,29,LPT_flow_mod,7,1,-0.011526709232147,-0.0206262685454326,0,1,0,2,0,2,0.127738862519884,0
ood_combo,DS03,12,29,LPC_eff_mod,8,1,0,-0,0,0,0,0,0,2,0.127738862519884,0
ood_combo,DS03,12,29,LPC_flow_mod,9,1,0,-0.00585391706059967,0,0,0,0,0,2,0.127738862519884,0
ood_combo,DS03,12,30,HPT_eff_mod,1,1,-0.035699398781822,-0.0237452859243106,0,1,0,2,0,2,0.0764818621469767,0
ood_combo,DS03,12,30,fan_eff_mod,2,1,0,-0,0,0,0,0,0,2,0.0764818621469767,0
ood_combo,DS03,12,30,fan_flow_mod,3,1,0,-0.000213284473162468,0,0,0,0,0,2,0.0764818621469767,0
ood_combo,DS03,12,30,HPC_eff_mod,4,1,0,-0.00238848849085439,0,0,0,0,0,2,0.0764818621469767,0
ood_combo,DS03,12,30,HPC_flow_mod,5,1,0,-0.0013867845226108,0,0,0,0,0,2,0.0764818621469767,0
ood_combo,DS03,12,30,LPT_eff_mod,6,1,-0.0159157192794489,-0.0227100988347142,0,1,0,2,0,2,0.0764818621469767,0
ood_combo,DS03,12,30,LPT_flow_mod,7,1,-0.0192394484173252,-0.0206262685454326,0,1,0,2,0,2,0.0764818621469767,0
ood_combo,DS03,12,30,LPC_eff_mod,8,1,0,-0,0,0,0,0,0,2,0.0764818621469767,0
ood_combo,DS03,12,30,LPC_flow_mod,9,1,0,-0.00585391706059967,0,0,0,0,0,2,0.0764818621469767,0
ood_combo,DS03,12,31,HPT_eff_mod,1,1,-0.0336112989999198,-0.0237452859243106,0,1,0,2,0,2,0.132665847127863,0
ood_combo,DS03,12,31,fan_eff_mod,2,1,0,-0,0,0,0,0,0,2,0.132665847127863,0
ood_combo,DS03,12,31,fan_flow_mod,3,1,0,-0.000213284473162468,0,0,0,0,0,2,0.132665847127863,0
ood_combo,DS03,12,31,HPC_eff_mod,4,1,0,-0.00238848849085439,0,0,0,0,0,2,0.132665847127863,0
ood_combo,DS03,12,31,HPC_flow_mod,5,1,0,-0.0013867845226108,0,0,0,0,0,2,0.132665847127863,0
ood_combo,DS03,12,31,LPT_eff_mod,6,1,-0.0128835049588026,-0.0227100988347142,0,1,0,2,0,2,0.132665847127863,0
ood_combo,DS03,12,31,LPT_flow_mod,7,1,-0.0101933643666837,-0.0206262685454326,0,1,0,2,0,2,0.132665847127863,0
ood_combo,DS03,12,31,LPC_eff_mod,8,1,0,-0,0,0,0,0,0,2,0.132665847127863,0
ood_combo,DS03,12,31,LPC_flow_mod,9,1,0,-0.00585391706059967,0,0,0,0,0,2,0.132665847127863,0
ood_combo,DS03,12,32,HPT_eff_mod,1,1,-0.0319567640260217,-0.0237452859243106,0,1,0,2,0,2,0.0989755121282652,0
ood_combo,DS03,12,32,fan_eff_mod,2,1,0,-0,0,0,0,0,0,2,0.0989755121282652,0
ood_combo,DS03,12,32,fan_flow_mod,3,1,0,-0.000213284473162468,0,0,0,0,0,2,0.0989755121282652,0
ood_combo,DS03,12,32,HPC_eff_mod,4,1,0,-0.00238848849085439,0,0,0,0,0,2,0.0989755121282652,0
ood_combo,DS03,12,32,HPC_flow_mod,5,1,0,-0.0013867845226108,0,0,0,0,0,2,0.0989755121282652,0
ood_combo,DS03,12,32,LPT_eff_mod,6,1,-0.013277650401833,-0.0227100988347142,0,1,0,2,0,2,0.0989755121282652,0
ood_combo,DS03,12,32,LPT_flow_mod,7,1,-0.0105881209390302,-0.0206262685454326,0,1,0,2,0,2,0.0989755121282652,0
ood_combo,DS03,12,32,LPC_eff_mod,8,1,0,-0,0,0,0,0,0,2,0.0989755121282652,0
ood_combo,DS03,12,32,LPC_flow_mod,9,1,0,-0.00585391706059967,0,0,0,0,0,2,0.0989755121282652,0
ood_combo,DS03,12,33,HPT_eff_mod,1,1,-0.0337182982915423,-0.0237452859243106,0,1,0,2,0,2,0.157092314463853,0
ood_combo,DS03,12,33,fan_eff_mod,2,1,0,-0,0,0,0,0,0,2,0.157092314463853,0
ood_combo,DS03,12,33,fan_flow_mod,3,1,0,-0.000213284473162468,0,0,0,0,0,2,0.157092314463853,0
ood_combo,DS03,12,33,HPC_eff_mod,4,1,0,-0.00238848849085439,0,0,0,0,0,2,0.157092314463853,0
ood_combo,DS03,12,33,HPC_flow_mod,5,1,0,-0.0013867845226108,0,0,0,0,0,2,0.157092314463853,0
ood_combo,DS03,12,33,LPT_eff_mod,6,1,-0.0133246596046003,-0.0227100988347142,0,1,0,2,0,2,0.157092314463853,0
ood_combo,DS03,12,33,LPT_flow_mod,7,1,-0.018187472384036,-0.0206262685454326,0,1,0,2,0,2,0.157092314463853,0
ood_combo,DS03,12,33,LPC_eff_mod,8,1,0,-0,0,0,0,0,0,2,0.157092314463853,0
ood_combo,DS03,12,33,LPC_flow_mod,9,1,0,-0.00585391706059967,0,0,0,0,0,2,0.157092314463853,0
ood_combo,DS03,12,34,HPT_eff_mod,1,1,-0.0254200057777974,-0.0237452859243106,0,1,0,2,0,2,0.125281425474589,0
ood_combo,DS03,12,34,fan_eff_mod,2,1,0,-0,0,0,0,0,0,2,0.125281425474589,0
ood_combo,DS03,12,34,fan_flow_mod,3,1,0,-0.000213284473162468,0,0,0,0,0,2,0.125281425474589,0
ood_combo,DS03,12,34,HPC_eff_mod,4,1,0,-0.00238848849085439,0,0,0,0,0,2,0.125281425474589,0
ood_combo,DS03,12,34,HPC_flow_mod,5,1,0,-0.0013867845226108,0,0,0,0,0,2,0.125281425474589,0
ood_combo,DS03,12,34,LPT_eff_mod,6,1,-0.0129309227663835,-0.0227100988347142,0,1,0,2,0,2,0.125281425474589,0
ood_combo,DS03,12,34,LPT_flow_mod,7,1,-0.0155056882124562,-0.0206262685454326,0,1,0,2,0,2,0.125281425474589,0
ood_combo,DS03,12,34,LPC_eff_mod,8,1,0,-0,0,0,0,0,0,2,0.125281425474589,0
ood_combo,DS03,12,34,LPC_flow_mod,9,1,0,-0.00585391706059967,0,0,0,0,0,2,0.125281425474589,0
ood_combo,DS03,12,35,HPT_eff_mod,1,1,-0.0333788509888452,-0.0287285187976076,0,1,0,2,0,2,0.0983809866984674,0
ood_combo,DS03,12,35,fan_eff_mod,2,1,0,-0,0,0,0,0,0,2,0.0983809866984674,0
ood_combo,DS03,12,35,fan_flow_mod,3,1,0,-0.000213284473162468,0,0,0,0,0,2,0.0983809866984674,0
ood_combo,DS03,12,35,HPC_eff_mod,4,1,0,-0.00238848849085439,0,0,0,0,0,2,0.0983809866984674,0
ood_combo,DS03,12,35,HPC_flow_mod,5,1,0,-0.0013867845226108,0,0,0,0,0,2,0.0983809866984674,0
ood_combo,DS03,12,35,LPT_eff_mod,6,1,-0.0188365617555518,-0.0248548188978727,0,1,0,2,0,2,0.0983809866984674,0
ood_combo,DS03,12,35,LPT_flow_mod,7,1,-0.016560850988188,-0.0206262685454326,0,1,0,2,0,2,0.0983809866984674,0
ood_combo,DS03,12,35,LPC_eff_mod,8,1,0,-0,0,0,0,0,0,2,0.0983809866984674,0
ood_combo,DS03,12,35,LPC_flow_mod,9,1,0,-0.00585391706059967,0,0,0,0,0,2,0.0983809866984674,0
ood_combo,DS03,12,36,HPT_eff_mod,1,1,-0.0407012225330342,-0.0287285187976076,0,1,0,2,0,2,0.142655246190896,0
ood_combo,DS03,12,36,fan_eff_mod,2,1,0,-0,0,0,0,0,0,2,0.142655246190896,0
ood_combo,DS03,12,36,fan_flow_mod,3,1,0,-0.000213284473162468,0,0,0,0,0,2,0.142655246190896,0
ood_combo,DS03,12,36,HPC_eff_mod,4,1,0,-0.00238848849085439,0,0,0,0,0,2,0.142655246190896,0
ood_combo,DS03,12,36,HPC_flow_mod,5,1,0,-0.0013867845226108,0,0,0,0,0,2,0.142655246190896,0
ood_combo,DS03,12,36,LPT_eff_mod,6,1,-0.0184287186704546,-0.0248548188978727,0,1,0,2,0,2,0.142655246190896,0
ood_combo,DS03,12,36,LPT_flow_mod,7,1,-0.0233752423635052,-0.0240281805972869,0,1,0,2,0,2,0.142655246190896,0
ood_combo,DS03,12,36,LPC_eff_mod,8,1,0,-0,0,0,0,0,0,2,0.142655246190896,0
ood_combo,DS03,12,36,LPC_flow_mod,9,1,0,-0.00585391706059967,0,0,0,0,0,2,0.142655246190896,0
ood_combo,DS03,12,37,HPT_eff_mod,1,0,-0.0381683594828007,-0.0287285187976076,1,1,2,2,2,2,0.0935092923185592,0
ood_combo,DS03,12,37,fan_eff_mod,2,0,0,-0,0,0,0,0,2,2,0.0935092923185592,0
ood_combo,DS03,12,37,fan_flow_mod,3,0,0,-0.000213284473162468,0,0,0,0,2,2,0.0935092923185592,0
ood_combo,DS03,12,37,HPC_eff_mod,4,0,0,-0.00238848849085439,0,0,0,0,2,2,0.0935092923185592,0
ood_combo,DS03,12,37,HPC_flow_mod,5,0,0,-0.0013867845226108,0,0,0,0,2,2,0.0935092923185592,0
ood_combo,DS03,12,37,LPT_eff_mod,6,0,-0.0171793689451595,-0.0248548188978727,1,1,1,2,2,2,0.0935092923185592,0
ood_combo,DS03,12,37,LPT_flow_mod,7,0,-0.0225426122803567,-0.0240281805972869,1,1,2,2,2,2,0.0935092923185592,0
ood_combo,DS03,12,37,LPC_eff_mod,8,0,0,-0,0,0,0,0,2,2,0.0935092923185592,0
ood_combo,DS03,12,37,LPC_flow_mod,9,0,0,-0.00585391706059967,0,0,0,0,2,2,0.0935092923185592,0
ood_combo,DS03,12,38,HPT_eff_mod,1,0,-0.0444311265592556,-0.0287285187976076,1,1,2,2,2,2,0.0657571056277936,0
ood_combo,DS03,12,38,fan_eff_mod,2,0,0,-0,0,0,0,0,2,2,0.0657571056277936,0
ood_combo,DS03,12,38,fan_flow_mod,3,0,0,-0.000213284473162468,0,0,0,0,2,2,0.0657571056277936,0
ood_combo,DS03,12,38,HPC_eff_mod,4,0,0,-0.00238848849085439,0,0,0,0,2,2,0.0657571056277936,0
ood_combo,DS03,12,38,HPC_flow_mod,5,0,0,-0.0013867845226108,0,0,0,0,2,2,0.0657571056277936,0
ood_combo,DS03,12,38,LPT_eff_mod,6,0,-0.0149580093832733,-0.0248548188978727,1,1,1,2,2,2,0.0657571056277936,0
ood_combo,DS03,12,38,LPT_flow_mod,7,0,-0.0146735473559006,-0.0240281805972869,1,1,2,2,2,2,0.0657571056277936,0
ood_combo,DS03,12,38,LPC_eff_mod,8,0,0,-0,0,0,0,0,2,2,0.0657571056277936,0
ood_combo,DS03,12,38,LPC_flow_mod,9,0,0,-0.00585391706059967,0,0,0,0,2,2,0.0657571056277936,0
ood_combo,DS03,12,39,HPT_eff_mod,1,0,-0.0364777678180738,-0.0287285187976076,1,1,2,2,2,2,0.157139545961111,0
ood_combo,DS03,12,39,fan_eff_mod,2,0,0,-0,0,0,0,0,2,2,0.157139545961111,0
ood_combo,DS03,12,39,fan_flow_mod,3,0,0,-0.000213284473162468,0,0,0,0,2,2,0.157139545961111,0
ood_combo,DS03,12,39,HPC_eff_mod,4,0,0,-0.00238848849085439,0,0,0,0,2,2,0.157139545961111,0
ood_combo,DS03,12,39,HPC_flow_mod,5,0,0,-0.0013867845226108,0,0,0,0,2,2,0.157139545961111,0
ood_combo,DS03,12,39,LPT_eff_mod,6,0,-0.0167864790265921,-0.0248548188978727,1,1,1,2,2,2,0.157139545961111,0
ood_combo,DS03,12,39,LPT_flow_mod,7,0,-0.0105993064918154,-0.0240281805972869,1,1,2,2,2,2,0.157139545961111,0
ood_combo,DS03,12,39,LPC_eff_mod,8,0,0,-0,0,0,0,0,2,2,0.157139545961111,0
ood_combo,DS03,12,39,LPC_flow_mod,9,0,0,-0.00585391706059967,0,0,0,0,2,2,0.157139545961111,0
ood_combo,DS03,12,40,HPT_eff_mod,1,0,-0.0487944579708385,-0.0300352841108018,1,1,2,2,2,2,0.103691330308743,0
ood_combo,DS03,12,40,fan_eff_mod,2,0,0,-0,0,0,0,0,2,2,0.103691330308743,0
ood_combo,DS03,12,40,fan_flow_mod,3,0,0,-0.000213284473162468,0,0,0,0,2,2,0.103691330308743,0
ood_combo,DS03,12,40,HPC_eff_mod,4,0,0,-0.00337676835609249,0,0,0,0,2,2,0.103691330308743,0
ood_combo,DS03,12,40,HPC_flow_mod,5,0,0,-0.0013867845226108,0,0,0,0,2,2,0.103691330308743,0
ood_combo,DS03,12,40,LPT_eff_mod,6,0,-0.0180452313327646,-0.0248548188978727,1,1,1,2,2,2,0.103691330308743,0
ood_combo,DS03,12,40,LPT_flow_mod,7,0,-0.0122845352011792,-0.0282963762385799,1,1,2,2,2,2,0.103691330308743,0
ood_combo,DS03,12,40,LPC_eff_mod,8,0,0,-0,0,0,0,0,2,2,0.103691330308743,0
ood_combo,DS03,12,40,LPC_flow_mod,9,0,0,-0.00585391706059967,0,0,0,0,2,2,0.103691330308743,0
ood_combo,DS03,12,41,HPT_eff_mod,1,0,-0.0462841073008904,-0.0300352841108018,1,1,2,2,2,2,0.160066125117376,0
ood_combo,DS03,12,41,fan_eff_mod,2,0,0,-0,0,0,0,0,2,2,0.160066125117376,0
ood_combo,DS03,12,41,fan_flow_mod,3,0,0,-0.000213284473162468,0,0,0,0,2,2,0.160066125117376,0
ood_combo,DS03,12,41,HPC_eff_mod,4,0,0,-0.00337676835609249,0,0,0,0,2,2,0.160066125117376,0
ood_combo,DS03,12,41,HPC_flow_mod,5,0,0,-0.0013867845226108,0,0,0,0,2,2,0.160066125117376,0
ood_combo,DS03,12,41,LPT_eff_mod,6,0,-0.0218290104034957,-0.0248548188978727,1,1,2,2,2,2,0.160066125117376,0
ood_combo,DS03,12,41,LPT_flow_mod,7,0,-0.023447073123988,-0.0289723060616844,1,1,2,2,2,2,0.160066125117376,0
ood_combo,DS03,12,41,LPC_eff_mod,8,0,0,-0,0,0,0,0,2,2,0.160066125117376,0
ood_combo,DS03,12,41,LPC_flow_mod,9,0,0,-0.00585391706059967,0,0,0,0,2,2,0.160066125117376,0
ood_combo,DS03,12,42,HPT_eff_mod,1,0,-0.0379766572343273,-0.0300352841108018,1,1,2,2,2,2,0.320423632514624,0
ood_combo,DS03,12,42,fan_eff_mod,2,0,0,-0,0,0,0,0,2,2,0.320423632514624,0
ood_combo,DS03,12,42,fan_flow_mod,3,0,0,-0.000818139861933673,0,0,0,0,2,2,0.320423632514624,0
ood_combo,DS03,12,42,HPC_eff_mod,4,0,0,-0.00337676835609249,0,0,0,0,2,2,0.320423632514624,0
ood_combo,DS03,12,42,HPC_flow_mod,5,0,0,-0.0013867845226108,0,0,0,0,2,2,0.320423632514624,0
ood_combo,DS03,12,42,LPT_eff_mod,6,0,-0.0190422590878063,-0.0248548188978727,1,1,2,2,2,2,0.320423632514624,0
ood_combo,DS03,12,42,LPT_flow_mod,7,0,-0.0149173661542833,-0.0289723060616844,1,1,2,2,2,2,0.320423632514624,0
ood_combo,DS03,12,42,LPC_eff_mod,8,0,0,-0,0,0,0,0,2,2,0.320423632514624,0
ood_combo,DS03,12,42,LPC_flow_mod,9,0,0,-0.00851267390354927,0,0,0,0,2,2,0.320423632514624,0
ood_combo,DS03,12,43,HPT_eff_mod,1,0,-0.059233293887595,-0.0324293499113803,1,1,2,2,2,2,0.202014908881321,0
ood_combo,DS03,12,43,fan_eff_mod,2,0,0,-0,0,0,0,0,2,2,0.202014908881321,0
ood_combo,DS03,12,43,fan_flow_mod,3,0,0,-0.000818139861933673,0,0,0,0,2,2,0.202014908881321,0
ood_combo,DS03,12,43,HPC_eff_mod,4,0,0,-0.00352551271584099,0,0,0,0,2,2,0.202014908881321,0
ood_combo,DS03,12,43,HPC_flow_mod,5,0,0,-0.0013867845226108,0,0,0,0,2,2,0.202014908881321,0
ood_combo,DS03,12,43,LPT_eff_mod,6,0,-0.0223875524375922,-0.0248548188978727,1,1,2,2,2,2,0.202014908881321,0
ood_combo,DS03,12,43,LPT_flow_mod,7,0,-0.0195354798931171,-0.0289723060616844,1,1,2,2,2,2,0.202014908881321,0
ood_combo,DS03,12,43,LPC_eff_mod,8,0,0,-0,0,0,0,0,2,2,0.202014908881321,0
ood_combo,DS03,12,43,LPC_flow_mod,9,0,0,-0.00851267390354927,0,0,0,0,2,2,0.202014908881321,0
ood_combo,DS03,12,44,HPT_eff_mod,1,0,-0.0428204392698335,-0.0324293499113803,1,1,2,2,2,2,0.127744796862044,0
ood_combo,DS03,12,44,fan_eff_mod,2,0,0,-0,0,0,0,0,2,2,0.127744796862044,0
ood_combo,DS03,12,44,fan_flow_mod,3,0,0,-0.000818139861933673,0,0,0,0,2,2,0.127744796862044,0
ood_combo,DS03,12,44,HPC_eff_mod,4,0,0,-0.00352551271584099,0,0,0,0,2,2,0.127744796862044,0
ood_combo,DS03,12,44,HPC_flow_mod,5,0,0,-0.0013867845226108,0,0,0,0,2,2,0.127744796862044,0
ood_combo,DS03,12,44,LPT_eff_mod,6,0,-0.0186119292033636,-0.0248548188978727,1,1,2,2,2,2,0.127744796862044,0
ood_combo,DS03,12,44,LPT_flow_mod,7,0,-0.0146696686469055,-0.0289723060616844,1,1,2,2,2,2,0.127744796862044,0
ood_combo,DS03,12,44,LPC_eff_mod,8,0,0,-0,0,0,0,0,2,2,0.127744796862044,0
ood_combo,DS03,12,44,LPC_flow_mod,9,0,0,-0.00851267390354927,0,0,0,0,2,2,0.127744796862044,0
ood_combo,DS03,12,45,HPT_eff_mod,1,0,-0.0508282667470448,-0.0324293499113803,1,1,2,2,2,2,0.121059332869446,0
ood_combo,DS03,12,45,fan_eff_mod,2,0,0,-0,0,0,0,0,2,2,0.121059332869446,0
ood_combo,DS03,12,45,fan_flow_mod,3,0,0,-0.000818139861933673,0,0,0,0,2,2,0.121059332869446,0
ood_combo,DS03,12,45,HPC_eff_mod,4,0,0,-0.00352551271584099,0,0,0,0,2,2,0.121059332869446,0
ood_combo,DS03,12,45,HPC_flow_mod,5,0,0,-0.0013867845226108,0,0,0,0,2,2,0.121059332869446,0
ood_combo,DS03,12,45,LPT_eff_mod,6,0,-0.0260912352670493,-0.0248548188978727,1,1,2,2,2,2,0.121059332869446,0
ood_combo,DS03,12,45,LPT_flow_mod,7,0,-0.0149350534346145,-0.0289723060616844,1,1,2,2,2,2,0.121059332869446,0
ood_combo,DS03,12,45,LPC_eff_mod,8,0,0,-0,0,0,0,0,2,2,0.121059332869446,0
ood_combo,DS03,12,45,LPC_flow_mod,9,0,0,-0.00851267390354927,0,0,0,0,2,2,0.121059332869446,0
ood_combo,DS03,12,46,HPT_eff_mod,1,0,-0.0554140974165965,-0.0324293499113803,1,1,2,2,2,2,0.266314241958212,0
ood_combo,DS03,12,46,fan_eff_mod,2,0,0,-0,0,0,0,0,2,2,0.266314241958212,0
ood_combo,DS03,12,46,fan_flow_mod,3,0,0,-0.000818139861933673,0,0,0,0,2,2,0.266314241958212,0
ood_combo,DS03,12,46,HPC_eff_mod,4,0,0,-0.00352551271584099,0,0,0,0,2,2,0.266314241958212,0
ood_combo,DS03,12,46,HPC_flow_mod,5,0,0,-0.0013867845226108,0,0,0,0,2,2,0.266314241958212,0
ood_combo,DS03,12,46,LPT_eff_mod,6,0,-0.0201391888216067,-0.0248548188978727,1,1,2,2,2,2,0.266314241958212,0
ood_combo,DS03,12,46,LPT_flow_mod,7,0,-0.0184785153937762,-0.0385538701252151,1,1,2,2,2,2,0.266314241958212,0
ood_combo,DS03,12,46,LPC_eff_mod,8,0,0,-0,0,0,0,0,2,2,0.266314241958212,0
ood_combo,DS03,12,46,LPC_flow_mod,9,0,0,-0.00851267390354927,0,0,0,0,2,2,0.266314241958212,0
ood_combo,DS03,12,47,HPT_eff_mod,1,0,-0.0570194493378392,-0.0324293499113803,1,1,2,2,2,2,0.0972224484664055,0
ood_combo,DS03,12,47,fan_eff_mod,2,0,0,-0,0,0,0,0,2,2,0.0972224484664055,0
ood_combo,DS03,12,47,fan_flow_mod,3,0,0,-0.000818139861933673,0,0,0,0,2,2,0.0972224484664055,0
ood_combo,DS03,12,47,HPC_eff_mod,4,0,0,-0.00352551271584099,0,0,0,0,2,2,0.0972224484664055,0
ood_combo,DS03,12,47,HPC_flow_mod,5,0,0,-0.0013867845226108,0,0,0,0,2,2,0.0972224484664055,0
ood_combo,DS03,12,47,LPT_eff_mod,6,0,-0.0293688990298617,-0.0309338447474049,1,1,2,2,2,2,0.0972224484664055,0
ood_combo,DS03,12,47,LPT_flow_mod,7,0,-0.0271265784571511,-0.0385538701252151,1,1,2,2,2,2,0.0972224484664055,0
ood_combo,DS03,12,47,LPC_eff_mod,8,0,0,-0,0,0,0,0,2,2,0.0972224484664055,0
ood_combo,DS03,12,47,LPC_flow_mod,9,0,0,-0.00851267390354927,0,0,0,0,2,2,0.0972224484664055,0
ood_combo,DS03,12,48,HPT_eff_mod,1,0,-0.0521205815729555,-0.0324293499113803,1,1,2,2,2,2,0.0573532097763596,0
ood_combo,DS03,12,48,fan_eff_mod,2,0,0,-0,0,0,0,0,2,2,0.0573532097763596,0
ood_combo,DS03,12,48,fan_flow_mod,3,0,0,-0.000818139861933673,0,0,0,0,2,2,0.0573532097763596,0
ood_combo,DS03,12,48,HPC_eff_mod,4,0,0,-0.00352551271584099,0,0,0,0,2,2,0.0573532097763596,0
ood_combo,DS03,12,48,HPC_flow_mod,5,0,0,-0.0013867845226108,0,0,0,0,2,2,0.0573532097763596,0
ood_combo,DS03,12,48,LPT_eff_mod,6,0,-0.022624261007506,-0.0309338447474049,1,1,2,2,2,2,0.0573532097763596,0
ood_combo,DS03,12,48,LPT_flow_mod,7,0,-0.0293199999590379,-0.0385538701252151,1,1,2,2,2,2,0.0573532097763596,0
ood_combo,DS03,12,48,LPC_eff_mod,8,0,0,-0,0,0,0,0,2,2,0.0573532097763596,0
ood_combo,DS03,12,48,LPC_flow_mod,9,0,0,-0.00851267390354927,0,0,0,0,2,2,0.0573532097763596,0
ood_combo,DS03,12,49,HPT_eff_mod,1,0,-0.0626549633673973,-0.0324293499113803,1,1,2,2,2,2,0.263332762476991,0
ood_combo,DS03,12,49,fan_eff_mod,2,0,0,-0,0,0,0,0,2,2,0.263332762476991,0
ood_combo,DS03,12,49,fan_flow_mod,3,0,0,-0.000818139861933673,0,0,0,0,2,2,0.263332762476991,0
ood_combo,DS03,12,49,HPC_eff_mod,4,0,0,-0.00352551271584099,0,0,0,0,2,2,0.263332762476991,0
ood_combo,DS03,12,49,HPC_flow_mod,5,0,0,-0.0013867845226108,0,0,0,0,2,2,0.263332762476991,0
ood_combo,DS03,12,49,LPT_eff_mod,6,0,-0.0265528543233136,-0.0309338447474049,1,1,2,2,2,2,0.263332762476991,0
ood_combo,DS03,12,49,LPT_flow_mod,7,0,-0.030960041118624,-0.0580873384107238,1,1,2,2,2,2,0.263332762476991,0
ood_combo,DS03,12,49,LPC_eff_mod,8,0,0,-0,0,0,0,0,2,2,0.263332762476991,0
ood_combo,DS03,12,49,LPC_flow_mod,9,0,0,-0.00851267390354927,0,0,0,0,2,2,0.263332762476991,0
ood_combo,DS03,12,50,HPT_eff_mod,1,0,-0.0664321566166731,-0.0353746769871112,1,1,2,2,2,2,0.168862477641699,0
ood_combo,DS03,12,50,fan_eff_mod,2,0,0,-0,0,0,0,0,2,2,0.168862477641699,0
ood_combo,DS03,12,50,fan_flow_mod,3,0,0,-0.000818139861933673,0,0,0,0,2,2,0.168862477641699,0
ood_combo,DS03,12,50,HPC_eff_mod,4,0,0,-0.00427851082520057,0,0,0,0,2,2,0.168862477641699,0
ood_combo,DS03,12,50,HPC_flow_mod,5,0,0,-0.00140244767048071,0,0,0,0,2,2,0.168862477641699,0
ood_combo,DS03,12,50,LPT_eff_mod,6,0,-0.024385309777246,-0.04111644964371,1,1,2,2,2,2,0.168862477641699,0
ood_combo,DS03,12,50,LPT_flow_mod,7,0,-0.0352564407819903,-0.0580873384107238,1,1,2,2,2,2,0.168862477641699,0
ood_combo,DS03,12,50,LPC_eff_mod,8,0,0,-0.000265279175316942,0,0,0,0,2,2,0.168862477641699,0
ood_combo,DS03,12,50,LPC_flow_mod,9,0,0,-0.00851267390354927,0,0,0,0,2,2,0.168862477641699,0
ood_combo,DS03,12,51,HPT_eff_mod,1,0,-0.0686032818133283,-0.0353746769871112,1,1,2,2,2,2,0.171482072719265,0
ood_combo,DS03,12,51,fan_eff_mod,2,0,0,-0,0,0,0,0,2,2,0.171482072719265,0
ood_combo,DS03,12,51,fan_flow_mod,3,0,0,-0.000818139861933673,0,0,0,0,2,2,0.171482072719265,0
ood_combo,DS03,12,51,HPC_eff_mod,4,0,0,-0.00427851082520057,0,0,0,0,2,2,0.171482072719265,0
ood_combo,DS03,12,51,HPC_flow_mod,5,0,0,-0.00140244767048071,0,0,0,0,2,2,0.171482072719265,0
ood_combo,DS03,12,51,LPT_eff_mod,6,0,-0.0276487301808519,-0.04111644964371,1,1,2,2,2,2,0.171482072719265,0
ood_combo,DS03,12,51,LPT_flow_mod,7,0,-0.0272986779829588,-0.0580873384107238,1,1,2,2,2,2,0.171482072719265,0
ood_combo,DS03,12,51,LPC_eff_mod,8,0,0,-0.000265279175316942,0,0,0,0,2,2,0.171482072719265,0
ood_combo,DS03,12,51,LPC_flow_mod,9,0,0,-0.00851267390354927,0,0,0,0,2,2,0.171482072719265,0
ood_combo,DS03,12,52,HPT_eff_mod,1,0,-0.0808608115295019,-0.0433143823547377,1,1,2,2,2,2,0.0946050454046631,0
ood_combo,DS03,12,52,fan_eff_mod,2,0,0,-0,0,0,0,0,2,2,0.0946050454046631,0
ood_combo,DS03,12,52,fan_flow_mod,3,0,0,-0.000818139861933673,0,0,0,0,2,2,0.0946050454046631,0
ood_combo,DS03,12,52,HPC_eff_mod,4,0,0,-0.00427851082520057,0,0,0,0,2,2,0.0946050454046631,0
ood_combo,DS03,12,52,HPC_flow_mod,5,0,0,-0.00140244767048071,0,0,0,0,2,2,0.0946050454046631,0
ood_combo,DS03,12,52,LPT_eff_mod,6,0,-0.0297196893125958,-0.04111644964371,1,1,2,2,2,2,0.0946050454046631,0
ood_combo,DS03,12,52,LPT_flow_mod,7,0,-0.0294142053072924,-0.0580873384107238,1,1,2,2,2,2,0.0946050454046631,0
ood_combo,DS03,12,52,LPC_eff_mod,8,0,0,-0.000265279175316942,0,0,0,0,2,2,0.0946050454046631,0
ood_combo,DS03,12,52,LPC_flow_mod,9,0,0,-0.00851267390354927,0,0,0,0,2,2,0.0946050454046631,0
ood_combo,DS03,12,53,HPT_eff_mod,1,0,-0.0725437999331612,-0.0433143823547377,1,1,2,2,2,2,0.0947845760644903,0
ood_combo,DS03,12,53,fan_eff_mod,2,0,0,-0,0,0,0,0,2,2,0.0947845760644903,0
ood_combo,DS03,12,53,fan_flow_mod,3,0,0,-0.000818139861933673,0,0,0,0,2,2,0.0947845760644903,0
ood_combo,DS03,12,53,HPC_eff_mod,4,0,0,-0.00427851082520057,0,0,0,0,2,2,0.0947845760644903,0
ood_combo,DS03,12,53,HPC_flow_mod,5,0,0,-0.00140244767048071,0,0,0,0,2,2,0.0947845760644903,0
ood_combo,DS03,12,53,LPT_eff_mod,6,0,-0.0320202645606383,-0.04111644964371,1,1,2,2,2,2,0.0947845760644903,0
ood_combo,DS03,12,53,LPT_flow_mod,7,0,-0.0357605354729995,-0.0580873384107238,1,1,2,2,2,2,0.0947845760644903,0
ood_combo,DS03,12,53,LPC_eff_mod,8,0,0,-0.000265279175316942,0,0,0,0,2,2,0.0947845760644903,0
ood_combo,DS03,12,53,LPC_flow_mod,9,0,0,-0.00851267390354927,0,0,0,0,2,2,0.0947845760644903,0
ood_combo,DS03,12,54,HPT_eff_mod,1,0,-0.074574782853421,-0.0433143823547377,1,1,2,2,2,2,0.101728363047475,0
ood_combo,DS03,12,54,fan_eff_mod,2,0,0,-0,0,0,0,0,2,2,0.101728363047475,0
ood_combo,DS03,12,54,fan_flow_mod,3,0,0,-0.000818139861933673,0,0,0,0,2,2,0.101728363047475,0
ood_combo,DS03,12,54,HPC_eff_mod,4,0,0,-0.00427851082520057,0,0,0,0,2,2,0.101728363047475,0
ood_combo,DS03,12,54,HPC_flow_mod,5,0,0,-0.00140244767048071,0,0,0,0,2,2,0.101728363047475,0
ood_combo,DS03,12,54,LPT_eff_mod,6,0,-0.0332171039484098,-0.04111644964371,1,1,2,2,2,2,0.101728363047475,0
ood_combo,DS03,12,54,LPT_flow_mod,7,0,-0.038139977455542,-0.0651902160530066,1,1,2,2,2,2,0.101728363047475,0
ood_combo,DS03,12,54,LPC_eff_mod,8,0,0,-0.000265279175316942,0,0,0,0,2,2,0.101728363047475,0
ood_combo,DS03,12,54,LPC_flow_mod,9,0,0,-0.00851267390354927,0,0,0,0,2,2,0.101728363047475,0
ood_combo,DS03,12,55,HPT_eff_mod,1,0,-0.0770741707654715,-0.0433143823547377,1,1,2,2,2,2,0.247994466928352,0
ood_combo,DS03,12,55,fan_eff_mod,2,0,0,-0,0,0,0,0,2,2,0.247994466928352,0
ood_combo,DS03,12,55,fan_flow_mod,3,0,0,-0.000818139861933673,0,0,0,0,2,2,0.247994466928352,0
ood_combo,DS03,12,55,HPC_eff_mod,4,0,0,-0.00427851082520057,0,0,0,0,2,2,0.247994466928352,0
ood_combo,DS03,12,55,HPC_flow_mod,5,0,0,-0.00140244767048071,0,0,0,0,2,2,0.247994466928352,0
ood_combo,DS03,12,55,LPT_eff_mod,6,0,-0.0384367763116526,-0.04111644964371,1,1,2,2,2,2,0.247994466928352,0
ood_combo,DS03,12,55,LPT_flow_mod,7,0,-0.0510242196533061,-0.0782189620297908,1,1,2,2,2,2,0.247994466928352,0
ood_combo,DS03,12,55,LPC_eff_mod,8,0,0,-0.000265279175316942,0,0,0,0,2,2,0.247994466928352,0
ood_combo,DS03,12,55,LPC_flow_mod,9,0,0,-0.00851267390354927,0,0,0,0,2,2,0.247994466928352,0
ood_combo,DS03,12,56,HPT_eff_mod,1,0,-0.0918181299500259,-0.046260053209492,1,1,2,2,2,2,0.268122673852741,0
ood_combo,DS03,12,56,fan_eff_mod,2,0,0,-0,0,0,0,0,2,2,0.268122673852741,0
ood_combo,DS03,12,56,fan_flow_mod,3,0,0,-0.000818139861933673,0,0,0,0,2,2,0.268122673852741,0
ood_combo,DS03,12,56,HPC_eff_mod,4,0,0,-0.00427851082520057,0,0,0,0,2,2,0.268122673852741,0
ood_combo,DS03,12,56,HPC_flow_mod,5,0,0,-0.00140244767048071,0,0,0,0,2,2,0.268122673852741,0
ood_combo,DS03,12,56,LPT_eff_mod,6,0,-0.0379648420467777,-0.0573861866779141,1,1,2,2,2,2,0.268122673852741,0
ood_combo,DS03,12,56,LPT_flow_mod,7,0,-0.0447918962961228,-0.0782189620297908,1,1,2,2,2,2,0.268122673852741,0
ood_combo,DS03,12,56,LPC_eff_mod,8,0,0,-0.000265279175316942,0,0,0,0,2,2,0.268122673852741,0
ood_combo,DS03,12,56,LPC_flow_mod,9,0,0,-0.00851267390354927,0,0,0,0,2,2,0.268122673852741,0
ood_combo,DS03,12,57,HPT_eff_mod,1,0,-0.0878925977752016,-0.046260053209492,1,1,2,2,2,2,0.155423342117752,0
ood_combo,DS03,12,57,fan_eff_mod,2,0,0,-0,0,0,0,0,2,2,0.155423342117752,0
ood_combo,DS03,12,57,fan_flow_mod,3,0,0,-0.000818139861933673,0,0,0,0,2,2,0.155423342117752,0
ood_combo,DS03,12,57,HPC_eff_mod,4,0,0,-0.00427851082520057,0,0,0,0,2,2,0.155423342117752,0
ood_combo,DS03,12,57,HPC_flow_mod,5,0,0,-0.00140244767048071,0,0,0,0,2,2,0.155423342117752,0
ood_combo,DS03,12,57,LPT_eff_mod,6,0,-0.0368826222379696,-0.0573861866779141,1,1,2,2,2,2,0.155423342117752,0
ood_combo,DS03,12,57,LPT_flow_mod,7,0,-0.0527168622336431,-0.0841092865050353,1,1,2,2,2,2,0.155423342117752,0
ood_combo,DS03,12,57,LPC_eff_mod,8,0,0,-0.000265279175316942,0,0,0,0,2,2,0.155423342117752,0
ood_combo,DS03,12,57,LPC_flow_mod,9,0,0,-0.00851267390354927,0,0,0,0,2,2,0.155423342117752,0
ood_combo,DS03,12,58,HPT_eff_mod,1,0,-0.0856631649172992,-0.046260053209492,1,1,2,2,2,2,0.1061302181121,0
ood_combo,DS03,12,58,fan_eff_mod,2,0,0,-0,0,0,0,0,2,2,0.1061302181121,0
ood_combo,DS03,12,58,fan_flow_mod,3,0,0,-0.000818139861933673,0,0,0,0,2,2,0.1061302181121,0
ood_combo,DS03,12,58,HPC_eff_mod,4,0,0,-0.00427851082520057,0,0,0,0,2,2,0.1061302181121,0
ood_combo,DS03,12,58,HPC_flow_mod,5,0,0,-0.00140244767048071,0,0,0,0,2,2,0.1061302181121,0
ood_combo,DS03,12,58,LPT_eff_mod,6,0,-0.0400586010774425,-0.0573861866779141,1,1,2,2,2,2,0.1061302181121,0
ood_combo,DS03,12,58,LPT_flow_mod,7,0,-0.0470220091583353,-0.0841092865050353,1,1,2,2,2,2,0.1061302181121,0
ood_combo,DS03,12,58,LPC_eff_mod,8,0,0,-0.000265279175316942,0,0,0,0,2,2,0.1061302181121,0
ood_combo,DS03,12,58,LPC_flow_mod,9,0,0,-0.00851267390354927,0,0,0,0,2,2,0.1061302181121,0
ood_combo,DS03,12,59,HPT_eff_mod,1,0,-0.0967092081347612,-0.0465055889304513,1,1,2,2,2,2,0.0740550041671563,0
ood_combo,DS03,12,59,fan_eff_mod,2,0,0,-0,0,0,0,0,2,2,0.0740550041671563,0
ood_combo,DS03,12,59,fan_flow_mod,3,0,0,-0.000818139861933673,0,0,0,0,2,2,0.0740550041671563,0
ood_combo,DS03,12,59,HPC_eff_mod,4,0,0,-0.00427851082520057,0,0,0,0,2,2,0.0740550041671563,0
ood_combo,DS03,12,59,HPC_flow_mod,5,0,0,-0.00140244767048071,0,0,0,0,2,2,0.0740550041671563,0
ood_combo,DS03,12,59,LPT_eff_mod,6,0,-0.0414341473733001,-0.0606088291904236,1,1,2,2,2,2,0.0740550041671563,0
ood_combo,DS03,12,59,LPT_flow_mod,7,0,-0.0443988735524863,-0.0841092865050353,1,1,2,2,2,2,0.0740550041671563,0
ood_combo,DS03,12,59,LPC_eff_mod,8,0,0,-0.000265279175316942,0,0,0,0,2,2,0.0740550041671563,0
ood_combo,DS03,12,59,LPC_flow_mod,9,0,0,-0.00851267390354927,0,0,0,0,2,2,0.0740550041671563,0
ood_combo,DS03,12,60,HPT_eff_mod,1,0,-0.108235054700182,-0.0626045524881659,1,1,2,2,2,2,0.120250409329834,0
ood_combo,DS03,12,60,fan_eff_mod,2,0,0,-0,0,0,0,0,2,2,0.120250409329834,0
ood_combo,DS03,12,60,fan_flow_mod,3,0,0,-0.000818139861933673,0,0,0,0,2,2,0.120250409329834,0
ood_combo,DS03,12,60,HPC_eff_mod,4,0,0,-0.00427851082520057,0,0,0,0,2,2,0.120250409329834,0
ood_combo,DS03,12,60,HPC_flow_mod,5,0,0,-0.00140244767048071,0,0,0,0,2,2,0.120250409329834,0
ood_combo,DS03,12,60,LPT_eff_mod,6,0,-0.0511842560429882,-0.0653005021565627,1,1,2,2,2,2,0.120250409329834,0
ood_combo,DS03,12,60,LPT_flow_mod,7,0,-0.044582116209215,-0.0841092865050353,1,1,2,2,2,2,0.120250409329834,0
ood_combo,DS03,12,60,LPC_eff_mod,8,0,0,-0.000265279175316942,0,0,0,0,2,2,0.120250409329834,0
ood_combo,DS03,12,60,LPC_flow_mod,9,0,0,-0.00851267390354927,0,0,0,0,2,2,0.120250409329834,0
ood_combo,DS03,12,61,HPT_eff_mod,1,0,-0.112408114334124,-0.0665945436497552,1,1,2,2,2,2,0.0751982218427877,0
ood_combo,DS03,12,61,fan_eff_mod,2,0,0,-0,0,0,0,0,2,2,0.0751982218427877,0
ood_combo,DS03,12,61,fan_flow_mod,3,0,0,-0.000818139861933673,0,0,0,0,2,2,0.0751982218427877,0
ood_combo,DS03,12,61,HPC_eff_mod,4,0,0,-0.00427851082520057,0,0,0,0,2,2,0.0751982218427877,0
ood_combo,DS03,12,61,HPC_flow_mod,5,0,0,-0.00140244767048071,0,0,0,0,2,2,0.0751982218427877,0
ood_combo,DS03,12,61,LPT_eff_mod,6,0,-0.0499867725077707,-0.065408490006395,1,1,2,2,2,2,0.0751982218427877,0
ood_combo,DS03,12,61,LPT_flow_mod,7,0,-0.0487078067522103,-0.0841092865050353,1,1,2,2,2,2,0.0751982218427877,0
ood_combo,DS03,12,61,LPC_eff_mod,8,0,0,-0.000265279175316942,0,0,0,0,2,2,0.0751982218427877,0
ood_combo,DS03,12,61,LPC_flow_mod,9,0,0,-0.00851267390354927,0,0,0,0,2,2,0.0751982218427877,0
ood_combo,DS03,12,62,HPT_eff_mod,1,0,-0.110598696942599,-0.0768514081595648,1,1,2,2,2,2,0.0977170780931546,0
ood_combo,DS03,12,62,fan_eff_mod,2,0,0,-0,0,0,0,0,2,2,0.0977170780931546,0
ood_combo,DS03,12,62,fan_flow_mod,3,0,0,-0.000818139861933673,0,0,0,0,2,2,0.0977170780931546,0
ood_combo,DS03,12,62,HPC_eff_mod,4,0,0,-0.00427851082520057,0,0,0,0,2,2,0.0977170780931546,0
ood_combo,DS03,12,62,HPC_flow_mod,5,0,0,-0.00140244767048071,0,0,0,0,2,2,0.0977170780931546,0
ood_combo,DS03,12,62,LPT_eff_mod,6,0,-0.051415890019587,-0.0663146867914408,1,1,2,2,2,2,0.0977170780931546,0
ood_combo,DS03,12,62,LPT_flow_mod,7,0,-0.0582270241490834,-0.0841092865050353,1,1,2,2,2,2,0.0977170780931546,0
ood_combo,DS03,12,62,LPC_eff_mod,8,0,0,-0.000265279175316942,0,0,0,0,2,2,0.0977170780931546,0
ood_combo,DS03,12,62,LPC_flow_mod,9,0,0,-0.00851267390354927,0,0,0,0,2,2,0.0977170780931546,0
ood_combo,DS03,12,63,HPT_eff_mod,1,0,-0.126599989757137,-0.0768514081595648,1,1,2,2,2,2,0.0834067221086692,0
ood_combo,DS03,12,63,fan_eff_mod,2,0,0,-0,0,0,0,0,2,2,0.0834067221086692,0
ood_combo,DS03,12,63,fan_flow_mod,3,0,0,-0.000818139861933673,0,0,0,0,2,2,0.0834067221086692,0
ood_combo,DS03,12,63,HPC_eff_mod,4,0,0,-0.00427851082520057,0,0,0,0,2,2,0.0834067221086692,0
ood_combo,DS03,12,63,HPC_flow_mod,5,0,0,-0.00140244767048071,0,0,0,0,2,2,0.0834067221086692,0
ood_combo,DS03,12,63,LPT_eff_mod,6,0,-0.0493452833808397,-0.0663146867914408,1,1,2,2,2,2,0.0834067221086692,0
ood_combo,DS03,12,63,LPT_flow_mod,7,0,-0.0635645847592934,-0.107552593812554,1,1,2,2,2,2,0.0834067221086692,0
ood_combo,DS03,12,63,LPC_eff_mod,8,0,0,-0.000265279175316942,0,0,0,0,2,2,0.0834067221086692,0
ood_combo,DS03,12,63,LPC_flow_mod,9,0,0,-0.00851267390354927,0,0,0,0,2,2,0.0834067221086692,0
ood_combo,DS03,12,64,HPT_eff_mod,1,0,-0.128933347207887,-0.0768514081595648,1,1,2,2,2,2,0.0682058822301552,0
ood_combo,DS03,12,64,fan_eff_mod,2,0,0,-0,0,0,0,0,2,2,0.0682058822301552,0
ood_combo,DS03,12,64,fan_flow_mod,3,0,0,-0.000818139861933673,0,0,0,0,2,2,0.0682058822301552,0
ood_combo,DS03,12,64,HPC_eff_mod,4,0,0,-0.00427851082520057,0,0,0,0,2,2,0.0682058822301552,0
ood_combo,DS03,12,64,HPC_flow_mod,5,0,0,-0.00140244767048071,0,0,0,0,2,2,0.0682058822301552,0
ood_combo,DS03,12,64,LPT_eff_mod,6,0,-0.0540531104078309,-0.0742595090752126,1,1,2,2,2,2,0.0682058822301552,0
ood_combo,DS03,12,64,LPT_flow_mod,7,0,-0.0657236025627993,-0.107552593812554,1,1,2,2,2,2,0.0682058822301552,0
ood_combo,DS03,12,64,LPC_eff_mod,8,0,0,-0.000265279175316942,0,0,0,0,2,2,0.0682058822301552,0
ood_combo,DS03,12,64,LPC_flow_mod,9,0,0,-0.00851267390354927,0,0,0,0,2,2,0.0682058822301552,0
ood_combo,DS03,12,65,HPT_eff_mod,1,0,-0.133096553148086,-0.0768514081595648,1,1,3,2,3,2,0.0757993372775911,0
ood_combo,DS03,12,65,fan_eff_mod,2,0,0,-0,0,0,0,0,3,2,0.0757993372775911,0
ood_combo,DS03,12,65,fan_flow_mod,3,0,0,-0.000818139861933673,0,0,0,0,3,2,0.0757993372775911,0
ood_combo,DS03,12,65,HPC_eff_mod,4,0,0,-0.00427851082520057,0,0,0,0,3,2,0.0757993372775911,0
ood_combo,DS03,12,65,HPC_flow_mod,5,0,0,-0.00140244767048071,0,0,0,0,3,2,0.0757993372775911,0
ood_combo,DS03,12,65,LPT_eff_mod,6,0,-0.058231260226426,-0.080650146021562,1,1,2,2,3,2,0.0757993372775911,0
ood_combo,DS03,12,65,LPT_flow_mod,7,0,-0.0573358263668265,-0.107552593812554,1,1,2,2,3,2,0.0757993372775911,0
ood_combo,DS03,12,65,LPC_eff_mod,8,0,0,-0.000265279175316942,0,0,0,0,3,2,0.0757993372775911,0
ood_combo,DS03,12,65,LPC_flow_mod,9,0,0,-0.00851267390354927,0,0,0,0,3,2,0.0757993372775911,0
ood_combo,DS03,12,66,HPT_eff_mod,1,0,-0.141391552954921,-0.0868914509677803,1,1,3,2,3,2,0.122949229255794,0
ood_combo,DS03,12,66,fan_eff_mod,2,0,0,-0,0,0,0,0,3,2,0.122949229255794,0
ood_combo,DS03,12,66,fan_flow_mod,3,0,0,-0.000818139861933673,0,0,0,0,3,2,0.122949229255794,0
ood_combo,DS03,12,66,HPC_eff_mod,4,0,0,-0.00427851082520057,0,0,0,0,3,2,0.122949229255794,0
ood_combo,DS03,12,66,HPC_flow_mod,5,0,0,-0.00140244767048071,0,0,0,0,3,2,0.122949229255794,0
ood_combo,DS03,12,66,LPT_eff_mod,6,0,-0.0557830639008226,-0.080650146021562,1,1,2,2,3,2,0.122949229255794,0
ood_combo,DS03,12,66,LPT_flow_mod,7,0,-0.0692280713460924,-0.11061755220318,1,1,2,2,3,2,0.122949229255794,0
ood_combo,DS03,12,66,LPC_eff_mod,8,0,0,-0.000265279175316942,0,0,0,0,3,2,0.122949229255794,0
ood_combo,DS03,12,66,LPC_flow_mod,9,0,0,-0.00851267390354927,0,0,0,0,3,2,0.122949229255794,0
ood_combo,DS03,12,67,HPT_eff_mod,1,0,-0.145165404667287,-0.0942153641729151,1,1,3,2,3,2,0.113517821944098,0
ood_combo,DS03,12,67,fan_eff_mod,2,0,0,-0,0,0,0,0,3,2,0.113517821944098,0
ood_combo,DS03,12,67,fan_flow_mod,3,0,0,-0.000818139861933673,0,0,0,0,3,2,0.113517821944098,0
ood_combo,DS03,12,67,HPC_eff_mod,4,0,0,-0.00733423978814911,0,0,0,0,3,2,0.113517821944098,0
ood_combo,DS03,12,67,HPC_flow_mod,5,0,0,-0.00140244767048071,0,0,0,0,3,2,0.113517821944098,0
ood_combo,DS03,12,67,LPT_eff_mod,6,0,-0.0606861534252305,-0.080650146021562,1,1,2,2,3,2,0.113517821944098,0
ood_combo,DS03,12,67,LPT_flow_mod,7,0,-0.0754914827875057,-0.111110128519964,1,1,2,2,3,2,0.113517821944098,0
ood_combo,DS03,12,67,LPC_eff_mod,8,0,0,-0.000265279175316942,0,0,0,0,3,2,0.113517821944098,0
ood_combo,DS03,12,67,LPC_flow_mod,9,0,0,-0.00851267390354927,0,0,0,0,3,2,0.113517821944098,0
ood_combo,DS03,12,68,HPT_eff_mod,1,0,-0.157000830414315,-0.108340983197579,1,1,3,2,3,2,0.132686021108022,0
ood_combo,DS03,12,68,fan_eff_mod,2,0,0,-0,0,0,0,0,3,2,0.132686021108022,0
ood_combo,DS03,12,68,fan_flow_mod,3,0,0,-0.00182207251588668,0,0,0,0,3,2,0.132686021108022,0
ood_combo,DS03,12,68,HPC_eff_mod,4,0,0,-0.00733423978814911,0,0,0,0,3,2,0.132686021108022,0
ood_combo,DS03,12,68,HPC_flow_mod,5,0,0,-0.00140244767048071,0,0,0,0,3,2,0.132686021108022,0
ood_combo,DS03,12,68,LPT_eff_mod,6,0,-0.0662273922483678,-0.080650146021562,1,1,2,2,3,2,0.132686021108022,0
ood_combo,DS03,12,68,LPT_flow_mod,7,0,-0.085722311960357,-0.115663529604486,1,1,2,2,3,2,0.132686021108022,0
ood_combo,DS03,12,68,LPC_eff_mod,8,0,0,-0.000265279175316942,0,0,0,0,3,2,0.132686021108022,0
ood_combo,DS03,12,68,LPC_flow_mod,9,0,0,-0.00896241986596847,0,0,0,0,3,2,0.132686021108022,0
ood_combo,DS03,12,69,HPT_eff_mod,1,0,-0.169173949575356,-0.109321864579748,1,1,3,2,3,2,0.0904200991937271,0
ood_combo,DS03,12,69,fan_eff_mod,2,0,0,-0,0,0,0,0,3,2,0.0904200991937271,0
ood_combo,DS03,12,69,fan_flow_mod,3,0,0,-0.00182207251588668,0,0,0,0,3,2,0.0904200991937271,0
ood_combo,DS03,12,69,HPC_eff_mod,4,0,0,-0.00733423978814911,0,0,0,0,3,2,0.0904200991937271,0
ood_combo,DS03,12,69,HPC_flow_mod,5,0,0,-0.00140244767048071,0,0,0,0,3,2,0.0904200991937271,0
ood_combo,DS03,12,69,LPT_eff_mod,6,0,-0.0687260619457781,-0.0918530617391466,1,1,2,2,3,2,0.0904200991937271,0
ood_combo,DS03,12,69,LPT_flow_mod,7,0,-0.0686510632062385,-0.115663529604486,1,1,2,2,3,2,0.0904200991937271,0
ood_combo,DS03,12,69,LPC_eff_mod,8,0,0,-0.000265279175316942,0,0,0,0,3,2,0.0904200991937271,0
ood_combo,DS03,12,69,LPC_flow_mod,9,0,0,-0.00896241986596847,0,0,0,0,3,2,0.0904200991937271,0
ood_combo,DS03,12,70,HPT_eff_mod,1,0,-0.180796426074358,-0.109321864579748,1,1,3,2,3,3,0.11465701825184,0
ood_combo,DS03,12,70,fan_eff_mod,2,0,0,-0,0,0,0,0,3,3,0.11465701825184,0
ood_combo,DS03,12,70,fan_flow_mod,3,0,0,-0.00182207251588668,0,0,0,0,3,3,0.11465701825184,0
ood_combo,DS03,12,70,HPC_eff_mod,4,0,0,-0.00733423978814911,0,0,0,0,3,3,0.11465701825184,0
ood_combo,DS03,12,70,HPC_flow_mod,5,0,0,-0.00140244767048071,0,0,0,0,3,3,0.11465701825184,0
ood_combo,DS03,12,70,LPT_eff_mod,6,0,-0.0717791515373919,-0.0918530617391466,1,1,2,2,3,3,0.11465701825184,0
ood_combo,DS03,12,70,LPT_flow_mod,7,0,-0.083673523656113,-0.140502697585038,1,1,2,3,3,3,0.11465701825184,0
ood_combo,DS03,12,70,LPC_eff_mod,8,0,0,-0.000265279175316942,0,0,0,0,3,3,0.11465701825184,0
ood_combo,DS03,12,70,LPC_flow_mod,9,0,0,-0.00941863129086196,0,0,0,0,3,3,0.11465701825184,0
ood_combo,DS03,12,71,HPT_eff_mod,1,0,-0.186192248107221,-0.109321864579748,1,1,3,2,3,3,0.22779964149599,0
ood_combo,DS03,12,71,fan_eff_mod,2,0,0,-0,0,0,0,0,3,3,0.22779964149599,0
ood_combo,DS03,12,71,fan_flow_mod,3,0,0,-0.00182207251588668,0,0,0,0,3,3,0.22779964149599,0
ood_combo,DS03,12,71,HPC_eff_mod,4,0,0,-0.00733423978814911,0,0,0,0,3,3,0.22779964149599,0
ood_combo,DS03,12,71,HPC_flow_mod,5,0,0,-0.00140244767048071,0,0,0,0,3,3,0.22779964149599,0
ood_combo,DS03,12,71,LPT_eff_mod,6,0,-0.0741858323429948,-0.0918530617391466,1,1,2,2,3,3,0.22779964149599,0
ood_combo,DS03,12,71,LPT_flow_mod,7,0,-0.0841670001112744,-0.146801498938851,1,1,2,3,3,3,0.22779964149599,0
ood_combo,DS03,12,71,LPC_eff_mod,8,0,0,-0.000265279175316942,0,0,0,0,3,3,0.22779964149599,0
ood_combo,DS03,12,71,LPC_flow_mod,9,0,0,-0.00941863129086196,0,0,0,0,3,3,0.22779964149599,0
ood_combo,DS03,12,72,HPT_eff_mod,1,0,-0.188546465708909,-0.118565317513325,1,1,3,2,3,3,0.111530262508235,0
ood_combo,DS03,12,72,fan_eff_mod,2,0,0,-0,0,0,0,0,3,3,0.111530262508235,0
ood_combo,DS03,12,72,fan_flow_mod,3,0,0,-0.00182207251588668,0,0,0,0,3,3,0.111530262508235,0
ood_combo,DS03,12,72,HPC_eff_mod,4,0,0,-0.00733423978814911,0,0,0,0,3,3,0.111530262508235,0
ood_combo,DS03,12,72,HPC_flow_mod,5,0,0,-0.00140244767048071,0,0,0,0,3,3,0.111530262508235,0
ood_combo,DS03,12,72,LPT_eff_mod,6,0,-0.079070514258128,-0.0990741992330083,1,1,2,2,3,3,0.111530262508235,0
ood_combo,DS03,12,72,LPT_flow_mod,7,0,-0.093381644283105,-0.146801498938851,1,1,2,3,3,3,0.111530262508235,0
ood_combo,DS03,12,72,LPC_eff_mod,8,0,0,-0.000265279175316942,0,0,0,0,3,3,0.111530262508235,0
ood_combo,DS03,12,72,LPC_flow_mod,9,0,0,-0.00941863129086196,0,0,0,0,3,3,0.111530262508235,0
ood_combo,DS03,12,73,HPT_eff_mod,1,0,-0.196638380319263,-0.13259413657261,1,1,3,3,3,3,0.0850424667115953,0
ood_combo,DS03,12,73,fan_eff_mod,2,0,0,-0,0,0,0,0,3,3,0.0850424667115953,0
ood_combo,DS03,12,73,fan_flow_mod,3,0,0,-0.00182207251588668,0,0,0,0,3,3,0.0850424667115953,0
ood_combo,DS03,12,73,HPC_eff_mod,4,0,0,-0.00733423978814911,0,0,0,0,3,3,0.0850424667115953,0
ood_combo,DS03,12,73,HPC_flow_mod,5,0,0,-0.00140244767048071,0,0,0,0,3,3,0.0850424667115953,0
ood_combo,DS03,12,73,LPT_eff_mod,6,0,-0.0788697940984346,-0.100895950279728,1,1,2,2,3,3,0.0850424667115953,0
ood_combo,DS03,12,73,LPT_flow_mod,7,0,-0.101208547976524,-0.146801498938851,1,1,2,3,3,3,0.0850424667115953,0
ood_combo,DS03,12,73,LPC_eff_mod,8,0,0,-0.000265279175316942,0,0,0,0,3,3,0.0850424667115953,0
ood_combo,DS03,12,73,LPC_flow_mod,9,0,0,-0.00941863129086196,0,0,0,0,3,3,0.0850424667115953,0
ood_combo,DS03,12,74,HPT_eff_mod,1,0,-0.22205966148286,-0.139839212929871,1,1,3,3,3,3,0.251796228305718,0
ood_combo,DS03,12,74,fan_eff_mod,2,0,0,-0,0,0,0,0,3,3,0.251796228305718,0
ood_combo,DS03,12,74,fan_flow_mod,3,0,0,-0.00182207251588668,0,0,0,0,3,3,0.251796228305718,0
ood_combo,DS03,12,74,HPC_eff_mod,4,0,0,-0.00733423978814911,0,0,0,0,3,3,0.251796228305718,0
ood_combo,DS03,12,74,HPC_flow_mod,5,0,0,-0.00140244767048071,0,0,0,0,3,3,0.251796228305718,0
ood_combo,DS03,12,74,LPT_eff_mod,6,0,-0.0867500882636153,-0.100895950279728,1,1,2,2,3,3,0.251796228305718,0
ood_combo,DS03,12,74,LPT_flow_mod,7,0,-0.0938868408027743,-0.160214724728299,1,1,2,3,3,3,0.251796228305718,0
ood_combo,DS03,12,74,LPC_eff_mod,8,0,0,-0.000265279175316942,0,0,0,0,3,3,0.251796228305718,0
ood_combo,DS03,12,74,LPC_flow_mod,9,0,0,-0.00941863129086196,0,0,0,0,3,3,0.251796228305718,0
ood_combo,DS03,12,75,HPT_eff_mod,1,0,-0.233974322506021,-0.161999866311111,1,1,3,3,3,3,0.122328591749138,0
ood_combo,DS03,12,75,fan_eff_mod,2,0,0,-0,0,0,0,0,3,3,0.122328591749138,0
ood_combo,DS03,12,75,fan_flow_mod,3,0,0,-0.00182207251588668,0,0,0,0,3,3,0.122328591749138,0
ood_combo,DS03,12,75,HPC_eff_mod,4,0,0,-0.00733423978814911,0,0,0,0,3,3,0.122328591749138,0
ood_combo,DS03,12,75,HPC_flow_mod,5,0,0,-0.00140244767048071,0,0,0,0,3,3,0.122328591749138,0
ood_combo,DS03,12,75,LPT_eff_mod,6,0,-0.0875024294110428,-0.112012128900004,1,1,2,2,3,3,0.122328591749138,0
ood_combo,DS03,12,75,LPT_flow_mod,7,0,-0.113815117902912,-0.160214724728299,1,1,2,3,3,3,0.122328591749138,0
ood_combo,DS03,12,75,LPC_eff_mod,8,0,0,-0.000265279175316942,0,0,0,0,3,3,0.122328591749138,0
ood_combo,DS03,12,75,LPC_flow_mod,9,0,0,-0.00941863129086196,0,0,0,0,3,3,0.122328591749138,0
ood_combo,DS03,12,76,HPT_eff_mod,1,0,-0.235166082200984,-0.161999866311111,1,1,3,3,3,3,0.218107068090993,0
ood_combo,DS03,12,76,fan_eff_mod,2,0,0,-0,0,0,0,0,3,3,0.218107068090993,0
ood_combo,DS03,12,76,fan_flow_mod,3,0,0,-0.00182207251588668,0,0,0,0,3,3,0.218107068090993,0
ood_combo,DS03,12,76,HPC_eff_mod,4,0,0,-0.00733423978814911,0,0,0,0,3,3,0.218107068090993,0
ood_combo,DS03,12,76,HPC_flow_mod,5,0,0,-0.00200810338919378,0,0,0,0,3,3,0.218107068090993,0
ood_combo,DS03,12,76,LPT_eff_mod,6,0,-0.0933231255673436,-0.115938962772573,1,1,2,2,3,3,0.218107068090993,0
ood_combo,DS03,12,76,LPT_flow_mod,7,0,-0.100530188845326,-0.160214724728299,1,1,2,3,3,3,0.218107068090993,0
ood_combo,DS03,12,76,LPC_eff_mod,8,0,0,-0.000265279175316942,0,0,0,0,3,3,0.218107068090993,0
ood_combo,DS03,12,76,LPC_flow_mod,9,0,0,-0.00941863129086196,0,0,0,0,3,3,0.218107068090993,0
ood_combo,DS03,12,77,HPT_eff_mod,1,0,-0.251273135648836,-0.170960096929595,1,1,3,3,3,3,0.130263051952612,0
ood_combo,DS03,12,77,fan_eff_mod,2,0,0,-0,0,0,0,0,3,3,0.130263051952612,0
ood_combo,DS03,12,77,fan_flow_mod,3,0,0,-0.00182207251588668,0,0,0,0,3,3,0.130263051952612,0
ood_combo,DS03,12,77,HPC_eff_mod,4,0,0,-0.00733423978814911,0,0,0,0,3,3,0.130263051952612,0
ood_combo,DS03,12,77,HPC_flow_mod,5,0,0,-0.00200810338919378,0,0,0,0,3,3,0.130263051952612,0
ood_combo,DS03,12,77,LPT_eff_mod,6,0,-0.0983025949082349,-0.130406606249792,1,1,2,2,3,3,0.130263051952612,0
ood_combo,DS03,12,77,LPT_flow_mod,7,0,-0.101602219124268,-0.160214724728299,1,1,2,3,3,3,0.130263051952612,0
ood_combo,DS03,12,77,LPC_eff_mod,8,0,0,-0.000265279175316942,0,0,0,0,3,3,0.130263051952612,0
ood_combo,DS03,12,77,LPC_flow_mod,9,0,0,-0.00941863129086196,0,0,0,0,3,3,0.130263051952612,0
ood_combo,DS03,12,78,HPT_eff_mod,1,0,-0.266006486341893,-0.176042866619731,1,1,3,3,3,3,0.187335331013644,0
ood_combo,DS03,12,78,fan_eff_mod,2,0,0,-0,0,0,0,0,3,3,0.187335331013644,0
ood_combo,DS03,12,78,fan_flow_mod,3,0,0,-0.00182207251588668,0,0,0,0,3,3,0.187335331013644,0
ood_combo,DS03,12,78,HPC_eff_mod,4,0,0,-0.00733423978814911,0,0,0,0,3,3,0.187335331013644,0
ood_combo,DS03,12,78,HPC_flow_mod,5,0,0,-0.00200810338919378,0,0,0,0,3,3,0.187335331013644,0
ood_combo,DS03,12,78,LPT_eff_mod,6,0,-0.108431509452646,-0.130406606249792,1,1,2,2,3,3,0.187335331013644,0
ood_combo,DS03,12,78,LPT_flow_mod,7,0,-0.121356038198042,-0.200269770270259,1,1,2,3,3,3,0.187335331013644,0
ood_combo,DS03,12,78,LPC_eff_mod,8,0,0,-0.000265279175316942,0,0,0,0,3,3,0.187335331013644,0
ood_combo,DS03,12,78,LPC_flow_mod,9,0,0,-0.00941863129086196,0,0,0,0,3,3,0.187335331013644,0
ood_combo,DS03,12,79,HPT_eff_mod,1,0,-0.280075745846054,-0.176042866619731,1,1,3,3,3,3,0.163257676284852,0
ood_combo,DS03,12,79,fan_eff_mod,2,0,0,-0,0,0,0,0,3,3,0.163257676284852,0
ood_combo,DS03,12,79,fan_flow_mod,3,0,0,-0.00182207251588668,0,0,0,0,3,3,0.163257676284852,0
ood_combo,DS03,12,79,HPC_eff_mod,4,0,0,-0.00733423978814911,0,0,0,0,3,3,0.163257676284852,0
ood_combo,DS03,12,79,HPC_flow_mod,5,0,0,-0.00200810338919378,0,0,0,0,3,3,0.163257676284852,0
ood_combo,DS03,12,79,LPT_eff_mod,6,0,-0.105673207491876,-0.137277899181636,1,1,2,3,3,3,0.163257676284852,0
ood_combo,DS03,12,79,LPT_flow_mod,7,0,-0.117047382719906,-0.200269770270259,1,1,2,3,3,3,0.163257676284852,0
ood_combo,DS03,12,79,LPC_eff_mod,8,0,0,-0.000265279175316942,0,0,0,0,3,3,0.163257676284852,0
ood_combo,DS03,12,79,LPC_flow_mod,9,0,0,-0.00941863129086196,0,0,0,0,3,3,0.163257676284852,0
ood_combo,DS03,12,80,HPT_eff_mod,1,0,-0.289983091596294,-0.205657976703422,1,1,3,3,3,3,0.165838326333951,0
ood_combo,DS03,12,80,fan_eff_mod,2,0,0,-0,0,0,0,0,3,3,0.165838326333951,0
ood_combo,DS03,12,80,fan_flow_mod,3,0,0,-0.00182207251588668,0,0,0,0,3,3,0.165838326333951,0
ood_combo,DS03,12,80,HPC_eff_mod,4,0,0,-0.0086999613637313,0,0,0,0,3,3,0.165838326333951,0
ood_combo,DS03,12,80,HPC_flow_mod,5,0,0,-0.00200810338919378,0,0,0,0,3,3,0.165838326333951,0
ood_combo,DS03,12,80,LPT_eff_mod,6,0,-0.112594251134938,-0.145430266617695,1,1,2,3,3,3,0.165838326333951,0
ood_combo,DS03,12,80,LPT_flow_mod,7,0,-0.128637067114875,-0.200269770270259,1,1,2,3,3,3,0.165838326333951,0
ood_combo,DS03,12,80,LPC_eff_mod,8,0,0,-0.00111676893633799,0,0,0,0,3,3,0.165838326333951,0
ood_combo,DS03,12,80,LPC_flow_mod,9,0,0,-0.00941863129086196,0,0,0,0,3,3,0.165838326333951,0
ood_combo,DS03,12,81,HPT_eff_mod,1,0,-0.313533904861202,-0.228933342523277,1,1,3,3,3,3,0.0971831544945783,0
ood_combo,DS03,12,81,fan_eff_mod,2,0,0,-0,0,0,0,0,3,3,0.0971831544945783,0
ood_combo,DS03,12,81,fan_flow_mod,3,0,0,-0.00182207251588668,0,0,0,0,3,3,0.0971831544945783,0
ood_combo,DS03,12,81,HPC_eff_mod,4,0,0,-0.0086999613637313,0,0,0,0,3,3,0.0971831544945783,0
ood_combo,DS03,12,81,HPC_flow_mod,5,0,0,-0.00200810338919378,0,0,0,0,3,3,0.0971831544945783,0
ood_combo,DS03,12,81,LPT_eff_mod,6,0,-0.118149300611271,-0.150582321042028,1,1,2,3,3,3,0.0971831544945783,0
ood_combo,DS03,12,81,LPT_flow_mod,7,0,-0.138495394701793,-0.200269770270259,1,1,3,3,3,3,0.0971831544945783,0
ood_combo,DS03,12,81,LPC_eff_mod,8,0,0,-0.00111676893633799,0,0,0,0,3,3,0.0971831544945783,0
ood_combo,DS03,12,81,LPC_flow_mod,9,0,0,-0.00941863129086196,0,0,0,0,3,3,0.0971831544945783,0
ood_combo,DS03,12,82,HPT_eff_mod,1,0,-0.334378853263132,-0.238401218999955,1,1,3,3,3,3,0.112044280667161,0
ood_combo,DS03,12,82,fan_eff_mod,2,0,0,-0,0,0,0,0,3,3,0.112044280667161,0
ood_combo,DS03,12,82,fan_flow_mod,3,0,0,-0.00182207251588668,0,0,0,0,3,3,0.112044280667161,0
ood_combo,DS03,12,82,HPC_eff_mod,4,0,0,-0.0086999613637313,0,0,0,0,3,3,0.112044280667161,0
ood_combo,DS03,12,82,HPC_flow_mod,5,0,0,-0.00200810338919378,0,0,0,0,3,3,0.112044280667161,0
ood_combo,DS03,12,82,LPT_eff_mod,6,0,-0.119443058460526,-0.154340634386309,1,1,2,3,3,3,0.112044280667161,0
ood_combo,DS03,12,82,LPT_flow_mod,7,0,-0.124382675947669,-0.200269770270259,1,1,3,3,3,3,0.112044280667161,0
ood_combo,DS03,12,82,LPC_eff_mod,8,0,0,-0.00111676893633799,0,0,0,0,3,3,0.112044280667161,0
ood_combo,DS03,12,82,LPC_flow_mod,9,0,0,-0.00941863129086196,0,0,0,0,3,3,0.112044280667161,0
ood_combo,DS03,12,83,HPT_eff_mod,1,0,-0.35258666894747,-0.264887365837067,1,1,3,3,3,3,0.122469390385481,0
ood_combo,DS03,12,83,fan_eff_mod,2,0,0,-0,0,0,0,0,3,3,0.122469390385481,0
ood_combo,DS03,12,83,fan_flow_mod,3,0,0,-0.00182207251588668,0,0,0,0,3,3,0.122469390385481,0
ood_combo,DS03,12,83,HPC_eff_mod,4,0,0,-0.0086999613637313,0,0,0,0,3,3,0.122469390385481,0
ood_combo,DS03,12,83,HPC_flow_mod,5,0,0,-0.00200810338919378,0,0,0,0,3,3,0.122469390385481,0
ood_combo,DS03,12,83,LPT_eff_mod,6,0,-0.127455069702252,-0.154340634386309,1,1,2,3,3,3,0.122469390385481,0
ood_combo,DS03,12,83,LPT_flow_mod,7,0,-0.139198727523672,-0.204689413539317,1,1,3,3,3,3,0.122469390385481,0
ood_combo,DS03,12,83,LPC_eff_mod,8,0,0,-0.00111676893633799,0,0,0,0,3,3,0.122469390385481,0
ood_combo,DS03,12,83,LPC_flow_mod,9,0,0,-0.00941863129086196,0,0,0,0,3,3,0.122469390385481,0
ood_combo,DS03,12,84,HPT_eff_mod,1,0,-0.367666800014287,-0.302423145595416,1,1,3,3,3,3,0.162159204268526,0
ood_combo,DS03,12,84,fan_eff_mod,2,0,0,-0,0,0,0,0,3,3,0.162159204268526,0
ood_combo,DS03,12,84,fan_flow_mod,3,0,0,-0.00182207251588668,0,0,0,0,3,3,0.162159204268526,0
ood_combo,DS03,12,84,HPC_eff_mod,4,0,0,-0.0086999613637313,0,0,0,0,3,3,0.162159204268526,0
ood_combo,DS03,12,84,HPC_flow_mod,5,0,0,-0.00200810338919378,0,0,0,0,3,3,0.162159204268526,0
ood_combo,DS03,12,84,LPT_eff_mod,6,0,-0.135900737408961,-0.158821220123101,1,1,3,3,3,3,0.162159204268526,0
ood_combo,DS03,12,84,LPT_flow_mod,7,0,-0.158273276100864,-0.204689413539317,1,1,3,3,3,3,0.162159204268526,0
ood_combo,DS03,12,84,LPC_eff_mod,8,0,0,-0.00111676893633799,0,0,0,0,3,3,0.162159204268526,0
ood_combo,DS03,12,84,LPC_flow_mod,9,0,0,-0.00941863129086196,0,0,0,0,3,3,0.162159204268526,0
ood_combo,DS03,12,85,HPT_eff_mod,1,0,-0.386289785741422,-0.305470208437389,1,1,3,3,3,3,0.122660374359903,0
ood_combo,DS03,12,85,fan_eff_mod,2,0,0,-0,0,0,0,0,3,3,0.122660374359903,0
ood_combo,DS03,12,85,fan_flow_mod,3,0,0,-0.00182207251588668,0,0,0,0,3,3,0.122660374359903,0
ood_combo,DS03,12,85,HPC_eff_mod,4,0,0,-0.0086999613637313,0,0,0,0,3,3,0.122660374359903,0
ood_combo,DS03,12,85,HPC_flow_mod,5,0,0,-0.00200810338919378,0,0,0,0,3,3,0.122660374359903,0
ood_combo,DS03,12,85,LPT_eff_mod,6,0,-0.136038159678384,-0.158821220123101,1,1,3,3,3,3,0.122660374359903,0
ood_combo,DS03,12,85,LPT_flow_mod,7,0,-0.16057464851972,-0.216198539604232,1,1,3,3,3,3,0.122660374359903,0
ood_combo,DS03,12,85,LPC_eff_mod,8,0,0,-0.00111676893633799,0,0,0,0,3,3,0.122660374359903,0
ood_combo,DS03,12,85,LPC_flow_mod,9,0,0,-0.00941863129086196,0,0,0,0,3,3,0.122660374359903,0
ood_combo,DS03,12,86,HPT_eff_mod,1,0,-0.410085238405015,-0.32354228151805,1,1,3,3,3,3,0.1989564958961,0
ood_combo,DS03,12,86,fan_eff_mod,2,0,0,-0,0,0,0,0,3,3,0.1989564958961,0
ood_combo,DS03,12,86,fan_flow_mod,3,0,0,-0.00182207251588668,0,0,0,0,3,3,0.1989564958961,0
ood_combo,DS03,12,86,HPC_eff_mod,4,0,0,-0.0159653444541402,0,0,0,0,3,3,0.1989564958961,0
ood_combo,DS03,12,86,HPC_flow_mod,5,0,0,-0.00200810338919378,0,0,0,0,3,3,0.1989564958961,0
ood_combo,DS03,12,86,LPT_eff_mod,6,0,-0.143155868907008,-0.158821220123101,1,1,3,3,3,3,0.1989564958961,0
ood_combo,DS03,12,86,LPT_flow_mod,7,0,-0.175390957131044,-0.242969183844306,1,1,3,3,3,3,0.1989564958961,0
ood_combo,DS03,12,86,LPC_eff_mod,8,0,0,-0.00111676893633799,0,0,0,0,3,3,0.1989564958961,0
ood_combo,DS03,12,86,LPC_flow_mod,9,0,0,-0.00941863129086196,0,0,0,0,3,3,0.1989564958961,0
ood_combo,DS03,12,87,HPT_eff_mod,1,0,-0.436826657197074,-0.33322984913693,1,1,3,3,3,3,0.235006357700239,0
ood_combo,DS03,12,87,fan_eff_mod,2,0,0,-0,0,0,0,0,3,3,0.235006357700239,0
ood_combo,DS03,12,87,fan_flow_mod,3,0,0,-0.00182207251588668,0,0,0,0,3,3,0.235006357700239,0
ood_combo,DS03,12,87,HPC_eff_mod,4,0,0,-0.0210413954100013,0,0,0,0,3,3,0.235006357700239,0
ood_combo,DS03,12,87,HPC_flow_mod,5,0,0,-0.00200810338919378,0,0,0,0,3,3,0.235006357700239,0
ood_combo,DS03,12,87,LPT_eff_mod,6,0,-0.155344001520171,-0.192016986289623,1,1,3,3,3,3,0.235006357700239,0
ood_combo,DS03,12,87,LPT_flow_mod,7,0,-0.172064654100316,-0.242969183844306,1,1,3,3,3,3,0.235006357700239,0
ood_combo,DS03,12,87,LPC_eff_mod,8,0,0,-0.00184836502357757,0,0,0,0,3,3,0.235006357700239,0
ood_combo,DS03,12,87,LPC_flow_mod,9,0,0,-0.00941863129086196,0,0,0,0,3,3,0.235006357700239,0
ood_combo,DS03,12,88,HPT_eff_mod,1,0,-0.45715569044767,-0.333699503348745,1,1,3,3,3,3,0.184793180030524,0
ood_combo,DS03,12,88,fan_eff_mod,2,0,0,-0,0,0,0,0,3,3,0.184793180030524,0
ood_combo,DS03,12,88,fan_flow_mod,3,0,0,-0.00182207251588668,0,0,0,0,3,3,0.184793180030524,0
ood_combo,DS03,12,88,HPC_eff_mod,4,0,0,-0.0210413954100013,0,0,0,0,3,3,0.184793180030524,0
ood_combo,DS03,12,88,HPC_flow_mod,5,0,0,-0.00200810338919378,0,0,0,0,3,3,0.184793180030524,0
ood_combo,DS03,12,88,LPT_eff_mod,6,0,-0.157498719037227,-0.192016986289623,1,1,3,3,3,3,0.184793180030524,0
ood_combo,DS03,12,88,LPT_flow_mod,7,0,-0.183753944077126,-0.278716627862758,1,1,3,3,3,3,0.184793180030524,0
ood_combo,DS03,12,88,LPC_eff_mod,8,0,0,-0.00184836502357757,0,0,0,0,3,3,0.184793180030524,0
ood_combo,DS03,12,88,LPC_flow_mod,9,0,0,-0.00941863129086196,0,0,0,0,3,3,0.184793180030524,0
ood_combo,DS03,12,89,HPT_eff_mod,1,0,-0.4848812970519,-0.365908973256557,1,1,3,3,3,3,0.139918711244704,0
ood_combo,DS03,12,89,fan_eff_mod,2,0,0,-0,0,0,0,0,3,3,0.139918711244704,0
ood_combo,DS03,12,89,fan_flow_mod,3,0,0,-0.00182207251588668,0,0,0,0,3,3,0.139918711244704,0
ood_combo,DS03,12,89,HPC_eff_mod,4,0,0,-0.0210413954100013,0,0,0,0,3,3,0.139918711244704,0
ood_combo,DS03,12,89,HPC_flow_mod,5,0,0,-0.00200810338919378,0,0,0,0,3,3,0.139918711244704,0
ood_combo,DS03,12,89,LPT_eff_mod,6,0,-0.167852601891362,-0.199936024996768,1,1,3,3,3,3,0.139918711244704,0
ood_combo,DS03,12,89,LPT_flow_mod,7,0,-0.193089239550393,-0.278716627862758,1,1,3,3,3,3,0.139918711244704,0
ood_combo,DS03,12,89,LPC_eff_mod,8,0,0,-0.00184836502357757,0,0,0,0,3,3,0.139918711244704,0
ood_combo,DS03,12,89,LPC_flow_mod,9,0,0,-0.00941863129086196,0,0,0,0,3,3,0.139918711244704,0
ood_combo,DS03,12,90,HPT_eff_mod,1,0,-0.517699021754315,-0.398956202746509,1,1,3,3,3,3,0.158879434392949,0
ood_combo,DS03,12,90,fan_eff_mod,2,0,0,-0,0,0,0,0,3,3,0.158879434392949,0
ood_combo,DS03,12,90,fan_flow_mod,3,0,0,-0.00182207251588668,0,0,0,0,3,3,0.158879434392949,0
ood_combo,DS03,12,90,HPC_eff_mod,4,0,0,-0.0210413954100013,0,0,0,0,3,3,0.158879434392949,0
ood_combo,DS03,12,90,HPC_flow_mod,5,0,0,-0.00200810338919378,0,0,0,0,3,3,0.158879434392949,0
ood_combo,DS03,12,90,LPT_eff_mod,6,0,-0.1710775018486,-0.204619007636535,1,1,3,3,3,3,0.158879434392949,0
ood_combo,DS03,12,90,LPT_flow_mod,7,0,-0.195828441979062,-0.278716627862758,1,1,3,3,3,3,0.158879434392949,0
ood_combo,DS03,12,90,LPC_eff_mod,8,0,0,-0.00184836502357757,0,0,0,0,3,3,0.158879434392949,0
ood_combo,DS03,12,90,LPC_flow_mod,9,0,0,-0.00941863129086196,0,0,0,0,3,3,0.158879434392949,0
ood_combo,DS03,12,91,HPT_eff_mod,1,0,-0.541863391005204,-0.398956202746509,1,1,3,3,3,3,0.133670993365571,0
ood_combo,DS03,12,91,fan_eff_mod,2,0,0,-0,0,0,0,0,3,3,0.133670993365571,0
ood_combo,DS03,12,91,fan_flow_mod,3,0,0,-0.00182207251588668,0,0,0,0,3,3,0.133670993365571,0
ood_combo,DS03,12,91,HPC_eff_mod,4,0,0,-0.0239091555410655,0,0,0,0,3,3,0.133670993365571,0
ood_combo,DS03,12,91,HPC_flow_mod,5,0,0,-0.00200810338919378,0,0,0,0,3,3,0.133670993365571,0
ood_combo,DS03,12,91,LPT_eff_mod,6,0,-0.186014420476335,-0.243529420294755,1,1,3,3,3,3,0.133670993365571,0
ood_combo,DS03,12,91,LPT_flow_mod,7,0,-0.200222291566302,-0.319892768294434,1,1,3,3,3,3,0.133670993365571,0
ood_combo,DS03,12,91,LPC_eff_mod,8,0,0,-0.00184836502357757,0,0,0,0,3,3,0.133670993365571,0
ood_combo,DS03,12,91,LPC_flow_mod,9,0,0,-0.00941863129086196,0,0,0,0,3,3,0.133670993365571,0
ood_combo,DS03,12,92,HPT_eff_mod,1,0,-0.56929697617534,-0.398956202746509,1,1,3,3,3,3,0.147318450123061,0
ood_combo,DS03,12,92,fan_eff_mod,2,0,0,-0,0,0,0,0,3,3,0.147318450123061,0
ood_combo,DS03,12,92,fan_flow_mod,3,0,0,-0.00182207251588668,0,0,0,0,3,3,0.147318450123061,0
ood_combo,DS03,12,92,HPC_eff_mod,4,0,0,-0.0239091555410655,0,0,0,0,3,3,0.147318450123061,0
ood_combo,DS03,12,92,HPC_flow_mod,5,0,0,-0.00200810338919378,0,0,0,0,3,3,0.147318450123061,0
ood_combo,DS03,12,92,LPT_eff_mod,6,0,-0.193252342074056,-0.26419165543798,1,1,3,3,3,3,0.147318450123061,0
ood_combo,DS03,12,92,LPT_flow_mod,7,0,-0.211383346668997,-0.363090826000538,1,1,3,3,3,3,0.147318450123061,0
ood_combo,DS03,12,92,LPC_eff_mod,8,0,0,-0.00274264731424171,0,0,0,0,3,3,0.147318450123061,0
ood_combo,DS03,12,92,LPC_flow_mod,9,0,0,-0.00941863129086196,0,0,0,0,3,3,0.147318450123061,0
ood_combo,DS03,12,93,HPT_eff_mod,1,0,-0.598486837375174,-0.398956202746509,1,1,3,3,3,3,0.262004863467085,0
ood_combo,DS03,12,93,fan_eff_mod,2,0,0,-0,0,0,0,0,3,3,0.262004863467085,0
ood_combo,DS03,12,93,fan_flow_mod,3,0,0,-0.00182207251588668,0,0,0,0,3,3,0.262004863467085,0
ood_combo,DS03,12,93,HPC_eff_mod,4,0,0,-0.0239091555410655,0,0,0,0,3,3,0.262004863467085,0
ood_combo,DS03,12,93,HPC_flow_mod,5,0,0,-0.00200810338919378,0,0,0,0,3,3,0.262004863467085,0
ood_combo,DS03,12,93,LPT_eff_mod,6,0,-0.198052277923237,-0.278664299070318,1,1,3,3,3,3,0.262004863467085,0
ood_combo,DS03,12,93,LPT_flow_mod,7,0,-0.233906333596091,-0.40693064912406,1,1,3,3,3,3,0.262004863467085,0
ood_combo,DS03,12,93,LPC_eff_mod,8,0,0,-0.013881308338871,0,0,0,0,3,3,0.262004863467085,0
ood_combo,DS03,12,93,LPC_flow_mod,9,0,0,-0.00941863129086196,0,0,0,0,3,3,0.262004863467085,0
ood_combo,DS03,13,1,HPT_eff_mod,1,1,-0.00787697763759579,-0,0,0,0,0,0,0,0.126354630159134,0
ood_combo,DS03,13,1,fan_eff_mod,2,1,0,-0,0,0,0,0,0,0,0.126354630159134,0
ood_combo,DS03,13,1,fan_flow_mod,3,1,0,-0,0,0,0,0,0,0,0.126354630159134,0
ood_combo,DS03,13,1,HPC_eff_mod,4,1,0,-0,0,0,0,0,0,0,0.126354630159134,0
ood_combo,DS03,13,1,HPC_flow_mod,5,1,0,-0,0,0,0,0,0,0,0.126354630159134,0
ood_combo,DS03,13,1,LPT_eff_mod,6,1,-0.000601613849059789,-0,0,0,0,0,0,0,0.126354630159134,0
ood_combo,DS03,13,1,LPT_flow_mod,7,1,-0.00177274106531826,-0,0,0,0,0,0,0,0.126354630159134,0
ood_combo,DS03,13,1,LPC_eff_mod,8,1,0,-0,0,0,0,0,0,0,0.126354630159134,0
ood_combo,DS03,13,1,LPC_flow_mod,9,1,0,-0,0,0,0,0,0,0,0.126354630159134,0
ood_combo,DS03,13,2,HPT_eff_mod,1,1,0.00482449849422166,-0,0,0,0,0,0,0,0.078007477464583,0
ood_combo,DS03,13,2,fan_eff_mod,2,1,0,-0,0,0,0,0,0,0,0.078007477464583,0
ood_combo,DS03,13,2,fan_flow_mod,3,1,0,-0,0,0,0,0,0,0,0.078007477464583,0
ood_combo,DS03,13,2,HPC_eff_mod,4,1,0,-0,0,0,0,0,0,0,0.078007477464583,0
ood_combo,DS03,13,2,HPC_flow_mod,5,1,0,-0,0,0,0,0,0,0,0.078007477464583,0
ood_combo,DS03,13,2,LPT_eff_mod,6,1,0.00230269949119492,-0,0,0,0,0,0,0,0.078007477464583,0
ood_combo,DS03,13,2,LPT_flow_mod,7,1,0.00345758124289185,-0,0,0,0,0,0,0,0.078007477464583,0
ood_combo,DS03,13,2,LPC_eff_mod,8,1,0,-0,0,0,0,0,0,0,0.078007477464583,0
ood_combo,DS03,13,2,LPC_flow_mod,9,1,0,-0,0,0,0,0,0,0,0.078007477464583,0
ood_combo,DS03,13,3,HPT_eff_mod,1,1,0.00305247914337272,-0,0,0,0,0,0,0,0.102340334693225,0
ood_combo,DS03,13,3,fan_eff_mod,2,1,0,-0,0,0,0,0,0,0,0.102340334693225,0
ood_combo,DS03,13,3,fan_flow_mod,3,1,0,-0,0,0,0,0,0,0,0.102340334693225,0
ood_combo,DS03,13,3,HPC_eff_mod,4,1,0,-0,0,0,0,0,0,0,0.102340334693225,0
ood_combo,DS03,13,3,HPC_flow_mod,5,1,0,-0,0,0,0,0,0,0,0.102340334693225,0
ood_combo,DS03,13,3,LPT_eff_mod,6,1,-0.00170108564213491,-0.000240203626386976,0,0,0,0,0,0,0.102340334693225,0
ood_combo,DS03,13,3,LPT_flow_mod,7,1,-0.00168484017757427,-0,0,0,0,0,0,0,0.102340334693225,0
ood_combo,DS03,13,3,LPC_eff_mod,8,1,0,-0,0,0,0,0,0,0,0.102340334693225,0
ood_combo,DS03,13,3,LPC_flow_mod,9,1,0,-0,0,0,0,0,0,0,0.102340334693225,0
ood_combo,DS03,13,4,HPT_eff_mod,1,1,0.00323988128768384,-0,0,0,0,0,0,0,0.0955075701314694,0
ood_combo,DS03,13,4,fan_eff_mod,2,1,0,-0,0,0,0,0,0,0,0.0955075701314694,0
ood_combo,DS03,13,4,fan_flow_mod,3,1,0,-0,0,0,0,0,0,0,0.0955075701314694,0
ood_combo,DS03,13,4,HPC_eff_mod,4,1,0,-0,0,0,0,0,0,0,0.0955075701314694,0
ood_combo,DS03,13,4,HPC_flow_mod,5,1,0,-0,0,0,0,0,0,0,0.0955075701314694,0
ood_combo,DS03,13,4,LPT_eff_mod,6,1,-0.00785991544674037,-0.000240203626386976,0,0,0,0,0,0,0.0955075701314694,0
ood_combo,DS03,13,4,LPT_flow_mod,7,1,-0.00436695166516698,-0,0,0,0,0,0,0,0.0955075701314694,0
ood_combo,DS03,13,4,LPC_eff_mod,8,1,0,-0,0,0,0,0,0,0,0.0955075701314694,0
ood_combo,DS03,13,4,LPC_flow_mod,9,1,0,-0,0,0,0,0,0,0,0.0955075701314694,0
ood_combo,DS03,13,5,HPT_eff_mod,1,1,-0.00980498289100976,-0,0,0,0,0,0,0,0.225557347576133,0
ood_combo,DS03,13,5,fan_eff_mod,2,1,0,-0,0,0,0,0,0,0,0.225557347576133,0
ood_combo,DS03,13,5,fan_flow_mod,3,1,0,-0,0,0,0,0,0,0,0.225557347576133,0
ood_combo,DS03,13,5,HPC_eff_mod,4,1,0,-0,0,0,0,0,0,0,0.225557347576133,0
ood_combo,DS03,13,5,HPC_flow_mod,5,1,0,-0,0,0,0,0,0,0,0.225557347576133,0
ood_combo,DS03,13,5,LPT_eff_mod,6,1,-0.00169902583579839,-0.000240203626386976,0,0,0,0,0,0,0.225557347576133,0
ood_combo,DS03,13,5,LPT_flow_mod,7,1,-0.00160963002945822,-0.00750578150988989,0,0,0,0,0,0,0.225557347576133,0
ood_combo,DS03,13,5,LPC_eff_mod,8,1,0,-0,0,0,0,0,0,0,0.225557347576133,0
ood_combo,DS03,13,5,LPC_flow_mod,9,1,0,-0,0,0,0,0,0,0,0.225557347576133,0
ood_combo,DS03,13,6,HPT_eff_mod,1,1,0.00373973239082729,-0,0,0,0,0,0,0,0.204479638272382,0
ood_combo,DS03,13,6,fan_eff_mod,2,1,0,-0,0,0,0,0,0,0,0.204479638272382,0
ood_combo,DS03,13,6,fan_flow_mod,3,1,0,-0,0,0,0,0,0,0,0.204479638272382,0
ood_combo,DS03,13,6,HPC_eff_mod,4,1,0,-0,0,0,0,0,0,0,0.204479638272382,0
ood_combo,DS03,13,6,HPC_flow_mod,5,1,0,-0,0,0,0,0,0,0,0.204479638272382,0
ood_combo,DS03,13,6,LPT_eff_mod,6,1,-0.0087019757422759,-0.00120625599160997,0,0,0,0,0,0,0.204479638272382,0
ood_combo,DS03,13,6,LPT_flow_mod,7,1,-0.00126663054110019,-0.00750578150988989,0,0,0,0,0,0,0.204479638272382,0
ood_combo,DS03,13,6,LPC_eff_mod,8,1,0,-0,0,0,0,0,0,0,0.204479638272382,0
ood_combo,DS03,13,6,LPC_flow_mod,9,1,0,-0,0,0,0,0,0,0,0.204479638272382,0
ood_combo,DS03,13,7,HPT_eff_mod,1,1,-0.0129420044731295,-0,0,0,0,0,0,0,0.232173548294808,0
ood_combo,DS03,13,7,fan_eff_mod,2,1,0,-0,0,0,0,0,0,0,0.232173548294808,0
ood_combo,DS03,13,7,fan_flow_mod,3,1,0,-0,0,0,0,0,0,0,0.232173548294808,0
ood_combo,DS03,13,7,HPC_eff_mod,4,1,0,-0,0,0,0,0,0,0,0.232173548294808,0
ood_combo,DS03,13,7,HPC_flow_mod,5,1,0,-0,0,0,0,0,0,0,0.232173548294808,0
ood_combo,DS03,13,7,LPT_eff_mod,6,1,-0.00162564905168191,-0.00120625599160997,0,0,0,0,0,0,0.232173548294808,0
ood_combo,DS03,13,7,LPT_flow_mod,7,1,-0.000132223897699256,-0.015928948453862,0,0,0,0,0,0,0.232173548294808,0
ood_combo,DS03,13,7,LPC_eff_mod,8,1,0,-0,0,0,0,0,0,0,0.232173548294808,0
ood_combo,DS03,13,7,LPC_flow_mod,9,1,0,-0,0,0,0,0,0,0,0.232173548294808,0
ood_combo,DS03,13,8,HPT_eff_mod,1,1,-0.0112074617731124,-0,0,0,0,0,0,0,0.156779766584777,0
ood_combo,DS03,13,8,fan_eff_mod,2,1,0,-0,0,0,0,0,0,0,0.156779766584777,0
ood_combo,DS03,13,8,fan_flow_mod,3,1,0,-0,0,0,0,0,0,0,0.156779766584777,0
ood_combo,DS03,13,8,HPC_eff_mod,4,1,0,-0,0,0,0,0,0,0,0.156779766584777,0
ood_combo,DS03,13,8,HPC_flow_mod,5,1,0,-0,0,0,0,0,0,0,0.156779766584777,0
ood_combo,DS03,13,8,LPT_eff_mod,6,1,-0.00919571750648221,-0.00120625599160997,0,0,0,0,0,0,0.156779766584777,0
ood_combo,DS03,13,8,LPT_flow_mod,7,1,-0.00636702283103838,-0.015928948453862,0,0,0,0,0,0,0.156779766584777,0
ood_combo,DS03,13,8,LPC_eff_mod,8,1,0,-0,0,0,0,0,0,0,0.156779766584777,0
ood_combo,DS03,13,8,LPC_flow_mod,9,1,0,-0,0,0,0,0,0,0,0.156779766584777,0
ood_combo,DS03,13,9,HPT_eff_mod,1,1,0.000534113773950119,-0,0,0,0,0,0,0,0.130432511227975,0
ood_combo,DS03,13,9,fan_eff_mod,2,1,0,-0,0,0,0,0,0,0,0.130432511227975,0
ood_combo,DS03,13,9,fan_flow_mod,3,1,0,-0,0,0,0,0,0,0,0.130432511227975,0
ood_combo,DS03,13,9,HPC_eff_mod,4,1,0,-0,0,0,0,0,0,0,0.130432511227975,0
ood_combo,DS03,13,9,HPC_flow_mod,5,1,0,-0,0,0,0,0,0,0,0.130432511227975,0
ood_combo,DS03,13,9,LPT_eff_mod,6,1,-0.000345241352039949,-0.00436011407392222,0,0,0,0,0,0,0.130432511227975,0
ood_combo,DS03,13,9,LPT_flow_mod,7,1,-0.00645558060050645,-0.015928948453862,0,0,0,0,0,0,0.130432511227975,0
ood_combo,DS03,13,9,LPC_eff_mod,8,1,0,-0,0,0,0,0,0,0,0.130432511227975,0
ood_combo,DS03,13,9,LPC_flow_mod,9,1,0,-0,0,0,0,0,0,0,0.130432511227975,0
ood_combo,DS03,13,10,HPT_eff_mod,1,1,-0.014147713600201,-0.00109285765655933,0,0,0,0,0,0,0.0982297217870659,0
ood_combo,DS03,13,10,fan_eff_mod,2,1,0,-0,0,0,0,0,0,0,0.0982297217870659,0
ood_combo,DS03,13,10,fan_flow_mod,3,1,0,-0,0,0,0,0,0,0,0.0982297217870659,0
ood_combo,DS03,13,10,HPC_eff_mod,4,1,0,-0,0,0,0,0,0,0,0.0982297217870659,0
ood_combo,DS03,13,10,HPC_flow_mod,5,1,0,-0,0,0,0,0,0,0,0.0982297217870659,0
ood_combo,DS03,13,10,LPT_eff_mod,6,1,-0.00120125341401434,-0.00436011407392222,0,0,0,0,0,0,0.0982297217870659,0
ood_combo,DS03,13,10,LPT_flow_mod,7,1,-0.0033280497806204,-0.0196746204938929,0,0,0,0,0,0,0.0982297217870659,0
ood_combo,DS03,13,10,LPC_eff_mod,8,1,0,-0,0,0,0,0,0,0,0.0982297217870659,0
ood_combo,DS03,13,10,LPC_flow_mod,9,1,0,-0,0,0,0,0,0,0,0.0982297217870659,0
ood_combo,DS03,13,11,HPT_eff_mod,1,1,-0.00108095868959964,-0.00109285765655933,0,0,0,0,0,1,0.0876346037717975,0
ood_combo,DS03,13,11,fan_eff_mod,2,1,0,-0,0,0,0,0,0,1,0.0876346037717975,0
ood_combo,DS03,13,11,fan_flow_mod,3,1,0,-0,0,0,0,0,0,1,0.0876346037717975,0
ood_combo,DS03,13,11,HPC_eff_mod,4,1,0,-0,0,0,0,0,0,1,0.0876346037717975,0
ood_combo,DS03,13,11,HPC_flow_mod,5,1,0,-0,0,0,0,0,0,1,0.0876346037717975,0
ood_combo,DS03,13,11,LPT_eff_mod,6,1,-0.00635276896879613,-0.00436011407392222,0,0,0,0,0,1,0.0876346037717975,0
ood_combo,DS03,13,11,LPT_flow_mod,7,1,-0.00988547418740617,-0.0196746204938929,0,1,0,1,0,1,0.0876346037717975,0
ood_combo,DS03,13,11,LPC_eff_mod,8,1,0,-0,0,0,0,0,0,1,0.0876346037717975,0
ood_combo,DS03,13,11,LPC_flow_mod,9,1,0,-0,0,0,0,0,0,1,0.0876346037717975,0
ood_combo,DS03,13,12,HPT_eff_mod,1,1,-0.0197615913112491,-0.00124495854358458,0,0,0,0,0,1,0.178146754834422,0
ood_combo,DS03,13,12,fan_eff_mod,2,1,0,-0,0,0,0,0,0,1,0.178146754834422,0
ood_combo,DS03,13,12,fan_flow_mod,3,1,0,-0,0,0,0,0,0,1,0.178146754834422,0
ood_combo,DS03,13,12,HPC_eff_mod,4,1,0,-0,0,0,0,0,0,1,0.178146754834422,0
ood_combo,DS03,13,12,HPC_flow_mod,5,1,0,-0,0,0,0,0,0,1,0.178146754834422,0
ood_combo,DS03,13,12,LPT_eff_mod,6,1,-0.0123637044091028,-0.0109120558761587,0,0,0,0,0,1,0.178146754834422,0
ood_combo,DS03,13,12,LPT_flow_mod,7,1,-0.0100868276465842,-0.0196746204938929,0,1,0,1,0,1,0.178146754834422,0
ood_combo,DS03,13,12,LPC_eff_mod,8,1,0,-0,0,0,0,0,0,1,0.178146754834422,0
ood_combo,DS03,13,12,LPC_flow_mod,9,1,0,-0,0,0,0,0,0,1,0.178146754834422,0
ood_combo,DS03,13,13,HPT_eff_mod,1,1,-0.0116035990344266,-0.00124495854358458,0,0,0,0,0,1,0.166587997640989,0
ood_combo,DS03,13,13,fan_eff_mod,2,1,0,-0,0,0,0,0,0,1,0.166587997640989,0
ood_combo,DS03,13,13,fan_flow_mod,3,1,0,-0,0,0,0,0,0,1,0.166587997640989,0
ood_combo,DS03,13,13,HPC_eff_mod,4,1,0,-0,0,0,0,0,0,1,0.166587997640989,0
ood_combo,DS03,13,13,HPC_flow_mod,5,1,0,-0,0,0,0,0,0,1,0.166587997640989,0
ood_combo,DS03,13,13,LPT_eff_mod,6,1,-0.0125425685894763,-0.0109120558761587,0,0,0,0,0,1,0.166587997640989,0
ood_combo,DS03,13,13,LPT_flow_mod,7,1,-0.00250420674905759,-0.0196746204938929,0,1,0,1,0,1,0.166587997640989,0
ood_combo,DS03,13,13,LPC_eff_mod,8,1,0,-0,0,0,0,0,0,1,0.166587997640989,0
ood_combo,DS03,13,13,LPC_flow_mod,9,1,0,-0,0,0,0,0,0,1,0.166587997640989,0
ood_combo,DS03,13,14,HPT_eff_mod,1,1,-0.0150094414146202,-0.00124495854358458,0,0,0,0,0,1,0.178286959960306,0
ood_combo,DS03,13,14,fan_eff_mod,2,1,0,-0,0,0,0,0,0,1,0.178286959960306,0
ood_combo,DS03,13,14,fan_flow_mod,3,1,0,-0,0,0,0,0,0,1,0.178286959960306,0
ood_combo,DS03,13,14,HPC_eff_mod,4,1,0,-0,0,0,0,0,0,1,0.178286959960306,0
ood_combo,DS03,13,14,HPC_flow_mod,5,1,0,-0,0,0,0,0,0,1,0.178286959960306,0
ood_combo,DS03,13,14,LPT_eff_mod,6,1,-0.00884533628589705,-0.0109120558761587,0,0,0,0,0,1,0.178286959960306,0
ood_combo,DS03,13,14,LPT_flow_mod,7,1,-0.00465325240865261,-0.0196746204938929,0,1,0,1,0,1,0.178286959960306,0
ood_combo,DS03,13,14,LPC_eff_mod,8,1,0,-0,0,0,0,0,0,1,0.178286959960306,0
ood_combo,DS03,13,14,LPC_flow_mod,9,1,0,-0,0,0,0,0,0,1,0.178286959960306,0
ood_combo,DS03,13,15,HPT_eff_mod,1,1,-0.00930536785612091,-0.00124495854358458,0,0,0,0,0,2,0.236420249492155,0
ood_combo,DS03,13,15,fan_eff_mod,2,1,0,-0,0,0,0,0,0,2,0.236420249492155,0
ood_combo,DS03,13,15,fan_flow_mod,3,1,0,-0.000199916097858105,0,0,0,0,0,2,0.236420249492155,0
ood_combo,DS03,13,15,HPC_eff_mod,4,1,0,-0,0,0,0,0,0,2,0.236420249492155,0
ood_combo,DS03,13,15,HPC_flow_mod,5,1,0,-0,0,0,0,0,0,2,0.236420249492155,0
ood_combo,DS03,13,15,LPT_eff_mod,6,1,-0.0127796946264813,-0.0109120558761587,0,0,0,0,0,2,0.236420249492155,0
ood_combo,DS03,13,15,LPT_flow_mod,7,1,-0.00921142234395008,-0.0261728686163994,0,1,0,2,0,2,0.236420249492155,0
ood_combo,DS03,13,15,LPC_eff_mod,8,1,0,-0,0,0,0,0,0,2,0.236420249492155,0
ood_combo,DS03,13,15,LPC_flow_mod,9,1,0,-0.00400498817612378,0,0,0,0,0,2,0.236420249492155,0
ood_combo,DS03,13,16,HPT_eff_mod,1,1,-0.00543900584757811,-0.00124495854358458,0,1,0,1,0,2,0.207488313519992,0
ood_combo,DS03,13,16,fan_eff_mod,2,1,0,-0,0,0,0,0,0,2,0.207488313519992,0
ood_combo,DS03,13,16,fan_flow_mod,3,1,0,-0.000199916097858105,0,0,0,0,0,2,0.207488313519992,0
ood_combo,DS03,13,16,HPC_eff_mod,4,1,0,-0,0,0,0,0,0,2,0.207488313519992,0
ood_combo,DS03,13,16,HPC_flow_mod,5,1,0,-0,0,0,0,0,0,2,0.207488313519992,0
ood_combo,DS03,13,16,LPT_eff_mod,6,1,-0.00801362888526251,-0.0109120558761587,0,1,0,1,0,2,0.207488313519992,0
ood_combo,DS03,13,16,LPT_flow_mod,7,1,-0.0142851660084508,-0.0299706355290275,0,1,0,2,0,2,0.207488313519992,0
ood_combo,DS03,13,16,LPC_eff_mod,8,1,0,-0,0,0,0,0,0,2,0.207488313519992,0
ood_combo,DS03,13,16,LPC_flow_mod,9,1,0,-0.00400498817612378,0,0,0,0,0,2,0.207488313519992,0
ood_combo,DS03,13,17,HPT_eff_mod,1,1,-0.0104911638947204,-0.00124495854358458,0,1,0,1,0,2,0.155480912012455,0
ood_combo,DS03,13,17,fan_eff_mod,2,1,0,-0,0,0,0,0,0,2,0.155480912012455,0
ood_combo,DS03,13,17,fan_flow_mod,3,1,0,-0.000199916097858105,0,0,0,0,0,2,0.155480912012455,0
ood_combo,DS03,13,17,HPC_eff_mod,4,1,0,-0,0,0,0,0,0,2,0.155480912012455,0
ood_combo,DS03,13,17,HPC_flow_mod,5,1,0,-0,0,0,0,0,0,2,0.155480912012455,0
ood_combo,DS03,13,17,LPT_eff_mod,6,1,-0.0108773593907359,-0.0147207019494755,0,1,0,1,0,2,0.155480912012455,0
ood_combo,DS03,13,17,LPT_flow_mod,7,1,-0.00330830825835733,-0.0299706355290275,0,1,0,2,0,2,0.155480912012455,0
ood_combo,DS03,13,17,LPC_eff_mod,8,1,0,-0,0,0,0,0,0,2,0.155480912012455,0
ood_combo,DS03,13,17,LPC_flow_mod,9,1,0,-0.00400498817612378,0,0,0,0,0,2,0.155480912012455,0
ood_combo,DS03,13,18,HPT_eff_mod,1,1,-0.0135615176450949,-0.00124495854358458,0,1,0,1,0,2,0.129554585709718,0
ood_combo,DS03,13,18,fan_eff_mod,2,1,0,-0,0,0,0,0,0,2,0.129554585709718,0
ood_combo,DS03,13,18,fan_flow_mod,3,1,0,-0.000199916097858105,0,0,0,0,0,2,0.129554585709718,0
ood_combo,DS03,13,18,HPC_eff_mod,4,1,0,-0,0,0,0,0,0,2,0.129554585709718,0
ood_combo,DS03,13,18,HPC_flow_mod,5,1,0,-0,0,0,0,0,0,2,0.129554585709718,0
ood_combo,DS03,13,18,LPT_eff_mod,6,1,-0.00641930379709587,-0.0152495321105309,0,1,0,1,0,2,0.129554585709718,0
ood_combo,DS03,13,18,LPT_flow_mod,7,1,-0.0128942454599471,-0.0299706355290275,0,1,0,2,0,2,0.129554585709718,0
ood_combo,DS03,13,18,LPC_eff_mod,8,1,0,-0,0,0,0,0,0,2,0.129554585709718,0
ood_combo,DS03,13,18,LPC_flow_mod,9,1,0,-0.00400498817612378,0,0,0,0,0,2,0.129554585709718,0
ood_combo,DS03,13,19,HPT_eff_mod,1,0,-0.0273811612468582,-0.00124495854358458,1,1,2,1,2,2,0.108461758111471,0
ood_combo,DS03,13,19,fan_eff_mod,2,0,0,-0,0,0,0,0,2,2,0.108461758111471,0
ood_combo,DS03,13,19,fan_flow_mod,3,0,0,-0.000199916097858105,0,0,0,0,2,2,0.108461758111471,0
ood_combo,DS03,13,19,HPC_eff_mod,4,0,0,-0,0,0,0,0,2,2,0.108461758111471,0
ood_combo,DS03,13,19,HPC_flow_mod,5,0,0,-0,0,0,0,0,2,2,0.108461758111471,0
ood_combo,DS03,13,19,LPT_eff_mod,6,0,-0.0178631712887875,-0.0152495321105309,1,1,1,1,2,2,0.108461758111471,0
ood_combo,DS03,13,19,LPT_flow_mod,7,0,-0.0164827954268305,-0.0378328692584437,1,1,1,2,2,2,0.108461758111471,0
ood_combo,DS03,13,19,LPC_eff_mod,8,0,0,-0,0,0,0,0,2,2,0.108461758111471,0
ood_combo,DS03,13,19,LPC_flow_mod,9,0,0,-0.00400498817612378,0,0,0,0,2,2,0.108461758111471,0
ood_combo,DS03,13,20,HPT_eff_mod,1,0,-0.0158409256431996,-0.00124495854358458,1,1,2,1,2,2,0.162778730063818,0
ood_combo,DS03,13,20,fan_eff_mod,2,0,0,-0,0,0,0,0,2,2,0.162778730063818,0
ood_combo,DS03,13,20,fan_flow_mod,3,0,0,-0.000199916097858105,0,0,0,0,2,2,0.162778730063818,0
ood_combo,DS03,13,20,HPC_eff_mod,4,0,0,-0,0,0,0,0,2,2,0.162778730063818,0
ood_combo,DS03,13,20,HPC_flow_mod,5,0,0,-0,0,0,0,0,2,2,0.162778730063818,0
ood_combo,DS03,13,20,LPT_eff_mod,6,0,-0.0149044347341787,-0.0152495321105309,1,1,1,1,2,2,0.162778730063818,0
ood_combo,DS03,13,20,LPT_flow_mod,7,0,-0.012157736448731,-0.0378328692584437,1,1,1,2,2,2,0.162778730063818,0
ood_combo,DS03,13,20,LPC_eff_mod,8,0,0,-0,0,0,0,0,2,2,0.162778730063818,0
ood_combo,DS03,13,20,LPC_flow_mod,9,0,0,-0.00400498817612378,0,0,0,0,2,2,0.162778730063818,0
ood_combo,DS03,13,21,HPT_eff_mod,1,0,-0.0185489375056317,-0.00124495854358458,1,1,2,1,2,2,0.126870406237515,0
ood_combo,DS03,13,21,fan_eff_mod,2,0,0,-0,0,0,0,0,2,2,0.126870406237515,0
ood_combo,DS03,13,21,fan_flow_mod,3,0,0,-0.000199916097858105,0,0,0,0,2,2,0.126870406237515,0
ood_combo,DS03,13,21,HPC_eff_mod,4,0,0,-0,0,0,0,0,2,2,0.126870406237515,0
ood_combo,DS03,13,21,HPC_flow_mod,5,0,0,-0,0,0,0,0,2,2,0.126870406237515,0
ood_combo,DS03,13,21,LPT_eff_mod,6,0,-0.0210127536971314,-0.0204344241757485,1,1,2,2,2,2,0.126870406237515,0
ood_combo,DS03,13,21,LPT_flow_mod,7,0,-0.00378511292044913,-0.0378328692584437,1,1,1,2,2,2,0.126870406237515,0
ood_combo,DS03,13,21,LPC_eff_mod,8,0,0,-0,0,0,0,0,2,2,0.126870406237515,0
ood_combo,DS03,13,21,LPC_flow_mod,9,0,0,-0.00400498817612378,0,0,0,0,2,2,0.126870406237515,0
ood_combo,DS03,13,22,HPT_eff_mod,1,0,-0.024028073393725,-0.00124495854358458,1,1,2,1,2,2,0.0809435023726607,0
ood_combo,DS03,13,22,fan_eff_mod,2,0,0,-0,0,0,0,0,2,2,0.0809435023726607,0
ood_combo,DS03,13,22,fan_flow_mod,3,0,0,-0.000199916097858105,0,0,0,0,2,2,0.0809435023726607,0
ood_combo,DS03,13,22,HPC_eff_mod,4,0,0,-0,0,0,0,0,2,2,0.0809435023726607,0
ood_combo,DS03,13,22,HPC_flow_mod,5,0,0,-0,0,0,0,0,2,2,0.0809435023726607,0
ood_combo,DS03,13,22,LPT_eff_mod,6,0,-0.0153049215256635,-0.0204344241757485,1,1,2,2,2,2,0.0809435023726607,0
ood_combo,DS03,13,22,LPT_flow_mod,7,0,-0.0169919768032955,-0.0382178830167799,1,1,1,2,2,2,0.0809435023726607,0
ood_combo,DS03,13,22,LPC_eff_mod,8,0,0,-0,0,0,0,0,2,2,0.0809435023726607,0
ood_combo,DS03,13,22,LPC_flow_mod,9,0,0,-0.00400498817612378,0,0,0,0,2,2,0.0809435023726607,0
ood_combo,DS03,13,23,HPT_eff_mod,1,0,-0.0208689398161199,-0.00124495854358458,1,1,2,1,2,2,0.0683643197158715,0
ood_combo,DS03,13,23,fan_eff_mod,2,0,0,-0,0,0,0,0,2,2,0.0683643197158715,0
ood_combo,DS03,13,23,fan_flow_mod,3,0,0,-0.000199916097858105,0,0,0,0,2,2,0.0683643197158715,0
ood_combo,DS03,13,23,HPC_eff_mod,4,0,0,-0,0,0,0,0,2,2,0.0683643197158715,0
ood_combo,DS03,13,23,HPC_flow_mod,5,0,0,-0,0,0,0,0,2,2,0.0683643197158715,0
ood_combo,DS03,13,23,LPT_eff_mod,6,0,-0.0197313854080399,-0.0204344241757485,1,1,2,2,2,2,0.0683643197158715,0
ood_combo,DS03,13,23,LPT_flow_mod,7,0,-0.0111175543337094,-0.0382178830167799,1,1,1,2,2,2,0.0683643197158715,0
ood_combo,DS03,13,23,LPC_eff_mod,8,0,0,-0,0,0,0,0,2,2,0.0683643197158715,0
ood_combo,DS03,13,23,LPC_flow_mod,9,0,0,-0.00400498817612378,0,0,0,0,2,2,0.0683643197158715,0
ood_combo,DS03,13,24,HPT_eff_mod,1,0,-0.0178153599198494,-0.00124495854358458,1,1,2,1,2,2,0.199514653904934,0
ood_combo,DS03,13,24,fan_eff_mod,2,0,0,-0,0,0,0,0,2,2,0.199514653904934,0
ood_combo,DS03,13,24,fan_flow_mod,3,0,0,-0.000199916097858105,0,0,0,0,2,2,0.199514653904934,0
ood_combo,DS03,13,24,HPC_eff_mod,4,0,0,-0,0,0,0,0,2,2,0.199514653904934,0
ood_combo,DS03,13,24,HPC_flow_mod,5,0,0,-0,0,0,0,0,2,2,0.199514653904934,0
ood_combo,DS03,13,24,LPT_eff_mod,6,0,-0.0204889585630048,-0.0204344241757485,1,1,2,2,2,2,0.199514653904934,0
ood_combo,DS03,13,24,LPT_flow_mod,7,0,-0.0234417248283244,-0.040559569307338,1,1,2,2,2,2,0.199514653904934,0
ood_combo,DS03,13,24,LPC_eff_mod,8,0,0,-0,0,0,0,0,2,2,0.199514653904934,0
ood_combo,DS03,13,24,LPC_flow_mod,9,0,0,-0.00400498817612378,0,0,0,0,2,2,0.199514653904934,0
ood_combo,DS03,13,25,HPT_eff_mod,1,0,-0.0170995962925804,-0.00124495854358458,1,1,2,1,2,2,0.1851868844802,0
ood_combo,DS03,13,25,fan_eff_mod,2,0,0,-0,0,0,0,0,2,2,0.1851868844802,0
ood_combo,DS03,13,25,fan_flow_mod,3,0,0,-0.000199916097858105,0,0,0,0,2,2,0.1851868844802,0
ood_combo,DS03,13,25,HPC_eff_mod,4,0,0,-0,0,0,0,0,2,2,0.1851868844802,0
ood_combo,DS03,13,25,HPC_flow_mod,5,0,0,-0,0,0,0,0,2,2,0.1851868844802,0
ood_combo,DS03,13,25,LPT_eff_mod,6,0,-0.0245238516015391,-0.0204344241757485,1,1,2,2,2,2,0.1851868844802,0
ood_combo,DS03,13,25,LPT_flow_mod,7,0,-0.0175111419642676,-0.0490438903935306,1,1,2,2,2,2,0.1851868844802,0
ood_combo,DS03,13,25,LPC_eff_mod,8,0,0,-0,0,0,0,0,2,2,0.1851868844802,0
ood_combo,DS03,13,25,LPC_flow_mod,9,0,0,-0.00400498817612378,0,0,0,0,2,2,0.1851868844802,0
ood_combo,DS03,13,26,HPT_eff_mod,1,0,-0.023576162237803,-0.00124495854358458,1,1,2,1,2,2,0.115596444534301,0
ood_combo,DS03,13,26,fan_eff_mod,2,0,0,-0,0,0,0,0,2,2,0.115596444534301,0
ood_combo,DS03,13,26,fan_flow_mod,3,0,0,-0.000199916097858105,0,0,0,0,2,2,0.115596444534301,0
ood_combo,DS03,13,26,HPC_eff_mod,4,0,0,-0,0,0,0,0,2,2,0.115596444534301,0
ood_combo,DS03,13,26,HPC_flow_mod,5,0,0,-0,0,0,0,0,2,2,0.115596444534301,0
ood_combo,DS03,13,26,LPT_eff_mod,6,0,-0.0271354998254776,-0.0204344241757485,1,1,2,2,2,2,0.115596444534301,0
ood_combo,DS03,13,26,LPT_flow_mod,7,0,-0.0268304808516014,-0.0490438903935306,1,1,2,2,2,2,0.115596444534301,0
ood_combo,DS03,13,26,LPC_eff_mod,8,0,0,-0,0,0,0,0,2,2,0.115596444534301,0
ood_combo,DS03,13,26,LPC_flow_mod,9,0,0,-0.00400498817612378,0,0,0,0,2,2,0.115596444534301,0
ood_combo,DS03,13,27,HPT_eff_mod,1,0,-0.021240704705917,-0.00124495854358458,1,1,2,1,2,2,0.140421083995409,0
ood_combo,DS03,13,27,fan_eff_mod,2,0,0,-0,0,0,0,0,2,2,0.140421083995409,0
ood_combo,DS03,13,27,fan_flow_mod,3,0,0,-0.000199916097858105,0,0,0,0,2,2,0.140421083995409,0
ood_combo,DS03,13,27,HPC_eff_mod,4,0,0,-0,0,0,0,0,2,2,0.140421083995409,0
ood_combo,DS03,13,27,HPC_flow_mod,5,0,0,-0,0,0,0,0,2,2,0.140421083995409,0
ood_combo,DS03,13,27,LPT_eff_mod,6,0,-0.0282253881530899,-0.035648107044768,1,1,2,2,2,2,0.140421083995409,0
ood_combo,DS03,13,27,LPT_flow_mod,7,0,-0.0223674644012197,-0.0490438903935306,1,1,2,2,2,2,0.140421083995409,0
ood_combo,DS03,13,27,LPC_eff_mod,8,0,0,-0,0,0,0,0,2,2,0.140421083995409,0
ood_combo,DS03,13,27,LPC_flow_mod,9,0,0,-0.00400498817612378,0,0,0,0,2,2,0.140421083995409,0
ood_combo,DS03,13,28,HPT_eff_mod,1,0,-0.0246028088657236,-0.00124495854358458,1,1,2,1,2,2,0.0891629319267381,0
ood_combo,DS03,13,28,fan_eff_mod,2,0,0,-0,0,0,0,0,2,2,0.0891629319267381,0
ood_combo,DS03,13,28,fan_flow_mod,3,0,0,-0.000199916097858105,0,0,0,0,2,2,0.0891629319267381,0
ood_combo,DS03,13,28,HPC_eff_mod,4,0,0,-0,0,0,0,0,2,2,0.0891629319267381,0
ood_combo,DS03,13,28,HPC_flow_mod,5,0,0,-0,0,0,0,0,2,2,0.0891629319267381,0
ood_combo,DS03,13,28,LPT_eff_mod,6,0,-0.0284758885990826,-0.035648107044768,1,1,2,2,2,2,0.0891629319267381,0
ood_combo,DS03,13,28,LPT_flow_mod,7,0,-0.0179963501089309,-0.0490438903935306,1,1,2,2,2,2,0.0891629319267381,0
ood_combo,DS03,13,28,LPC_eff_mod,8,0,0,-0,0,0,0,0,2,2,0.0891629319267381,0
ood_combo,DS03,13,28,LPC_flow_mod,9,0,0,-0.00400498817612378,0,0,0,0,2,2,0.0891629319267381,0
ood_combo,DS03,13,29,HPT_eff_mod,1,0,-0.0293255530070489,-0.00124495854358458,1,1,2,1,2,2,0.0791201265638911,0
ood_combo,DS03,13,29,fan_eff_mod,2,0,0,-0,0,0,0,0,2,2,0.0791201265638911,0
ood_combo,DS03,13,29,fan_flow_mod,3,0,0,-0.000199916097858105,0,0,0,0,2,2,0.0791201265638911,0
ood_combo,DS03,13,29,HPC_eff_mod,4,0,0,-0,0,0,0,0,2,2,0.0791201265638911,0
ood_combo,DS03,13,29,HPC_flow_mod,5,0,0,-0,0,0,0,0,2,2,0.0791201265638911,0
ood_combo,DS03,13,29,LPT_eff_mod,6,0,-0.0292346263932164,-0.035648107044768,1,1,2,2,2,2,0.0791201265638911,0
ood_combo,DS03,13,29,LPT_flow_mod,7,0,-0.0295338039417946,-0.0619468723580343,1,1,2,2,2,2,0.0791201265638911,0
ood_combo,DS03,13,29,LPC_eff_mod,8,0,0,-0,0,0,0,0,2,2,0.0791201265638911,0
ood_combo,DS03,13,29,LPC_flow_mod,9,0,0,-0.00400498817612378,0,0,0,0,2,2,0.0791201265638911,0
ood_combo,DS03,13,30,HPT_eff_mod,1,0,-0.033632105798042,-0.00124495854358458,1,1,2,1,2,2,0.135013802610884,0
ood_combo,DS03,13,30,fan_eff_mod,2,0,0,-0,0,0,0,0,2,2,0.135013802610884,0
ood_combo,DS03,13,30,fan_flow_mod,3,0,0,-0.000199916097858105,0,0,0,0,2,2,0.135013802610884,0
ood_combo,DS03,13,30,HPC_eff_mod,4,0,0,-0,0,0,0,0,2,2,0.135013802610884,0
ood_combo,DS03,13,30,HPC_flow_mod,5,0,0,-0,0,0,0,0,2,2,0.135013802610884,0
ood_combo,DS03,13,30,LPT_eff_mod,6,0,-0.0309939549437568,-0.035648107044768,1,1,2,2,2,2,0.135013802610884,0
ood_combo,DS03,13,30,LPT_flow_mod,7,0,-0.0216386799839099,-0.0619468723580343,1,1,2,2,2,2,0.135013802610884,0
ood_combo,DS03,13,30,LPC_eff_mod,8,0,0,-0,0,0,0,0,2,2,0.135013802610884,0
ood_combo,DS03,13,30,LPC_flow_mod,9,0,0,-0.00400498817612378,0,0,0,0,2,2,0.135013802610884,0
ood_combo,DS03,13,31,HPT_eff_mod,1,0,-0.0382457459568892,-0.00124495854358458,1,1,2,1,2,2,0.0423538086003114,0
ood_combo,DS03,13,31,fan_eff_mod,2,0,0,-0,0,0,0,0,2,2,0.0423538086003114,0
ood_combo,DS03,13,31,fan_flow_mod,3,0,0,-0.000199916097858105,0,0,0,0,2,2,0.0423538086003114,0
ood_combo,DS03,13,31,HPC_eff_mod,4,0,0,-0,0,0,0,0,2,2,0.0423538086003114,0
ood_combo,DS03,13,31,HPC_flow_mod,5,0,0,-0,0,0,0,0,2,2,0.0423538086003114,0
ood_combo,DS03,13,31,LPT_eff_mod,6,0,-0.0317256177715139,-0.0407987597480503,1,1,2,2,2,2,0.0423538086003114,0
ood_combo,DS03,13,31,LPT_flow_mod,7,0,-0.02041401208383,-0.0619468723580343,1,1,2,2,2,2,0.0423538086003114,0
ood_combo,DS03,13,31,LPC_eff_mod,8,0,0,-0,0,0,0,0,2,2,0.0423538086003114,0
ood_combo,DS03,13,31,LPC_flow_mod,9,0,0,-0.00400498817612378,0,0,0,0,2,2,0.0423538086003114,0
ood_combo,DS03,13,32,HPT_eff_mod,1,0,-0.0400225336242039,-0.00254620238793924,1,1,2,1,2,2,0.192038563146181,0
ood_combo,DS03,13,32,fan_eff_mod,2,0,0,-0,0,0,0,0,2,2,0.192038563146181,0
ood_combo,DS03,13,32,fan_flow_mod,3,0,0,-0.000199916097858105,0,0,0,0,2,2,0.192038563146181,0
ood_combo,DS03,13,32,HPC_eff_mod,4,0,0,-0,0,0,0,0,2,2,0.192038563146181,0
ood_combo,DS03,13,32,HPC_flow_mod,5,0,0,-0,0,0,0,0,2,2,0.192038563146181,0
ood_combo,DS03,13,32,LPT_eff_mod,6,0,-0.0330268252495774,-0.0495965283265744,1,1,2,2,2,2,0.192038563146181,0
ood_combo,DS03,13,32,LPT_flow_mod,7,0,-0.0248528145000154,-0.0619468723580343,1,1,2,2,2,2,0.192038563146181,0
ood_combo,DS03,13,32,LPC_eff_mod,8,0,0,-0,0,0,0,0,2,2,0.192038563146181,0
ood_combo,DS03,13,32,LPC_flow_mod,9,0,0,-0.00400498817612378,0,0,0,0,2,2,0.192038563146181,0
ood_combo,DS03,13,33,HPT_eff_mod,1,0,-0.0425629078714644,-0.00254620238793924,1,1,2,1,2,2,0.10747507029853,0
ood_combo,DS03,13,33,fan_eff_mod,2,0,0,-0,0,0,0,0,2,2,0.10747507029853,0
ood_combo,DS03,13,33,fan_flow_mod,3,0,0,-0.000199916097858105,0,0,0,0,2,2,0.10747507029853,0
ood_combo,DS03,13,33,HPC_eff_mod,4,0,0,-0,0,0,0,0,2,2,0.10747507029853,0
ood_combo,DS03,13,33,HPC_flow_mod,5,0,0,-0,0,0,0,0,2,2,0.10747507029853,0
ood_combo,DS03,13,33,LPT_eff_mod,6,0,-0.0400543673826696,-0.0495965283265744,1,1,2,2,2,2,0.10747507029853,0
ood_combo,DS03,13,33,LPT_flow_mod,7,0,-0.0360201653744685,-0.0782298891664855,1,1,2,2,2,2,0.10747507029853,0
ood_combo,DS03,13,33,LPC_eff_mod,8,0,0,-0,0,0,0,0,2,2,0.10747507029853,0
ood_combo,DS03,13,33,LPC_flow_mod,9,0,0,-0.00400498817612378,0,0,0,0,2,2,0.10747507029853,0
ood_combo,DS03,13,34,HPT_eff_mod,1,0,-0.0488805575539596,-0.00254620238793924,1,1,2,1,2,2,0.112321853146249,0
ood_combo,DS03,13,34,fan_eff_mod,2,0,0,-0,0,0,0,0,2,2,0.112321853146249,0
ood_combo,DS03,13,34,fan_flow_mod,3,0,0,-0.000199916097858105,0,0,0,0,2,2,0.112321853146249,0
ood_combo,DS03,13,34,HPC_eff_mod,4,0,0,-0,0,0,0,0,2,2,0.112321853146249,0
ood_combo,DS03,13,34,HPC_flow_mod,5,0,0,-0,0,0,0,0,2,2,0.112321853146249,0
ood_combo,DS03,13,34,LPT_eff_mod,6,0,-0.046185757510826,-0.0575889724925283,1,1,2,2,2,2,0.112321853146249,0
ood_combo,DS03,13,34,LPT_flow_mod,7,0,-0.0328985576889188,-0.0782298891664855,1,1,2,2,2,2,0.112321853146249,0
ood_combo,DS03,13,34,LPC_eff_mod,8,0,0,-0,0,0,0,0,2,2,0.112321853146249,0
ood_combo,DS03,13,34,LPC_flow_mod,9,0,0,-0.00400498817612378,0,0,0,0,2,2,0.112321853146249,0
ood_combo,DS03,13,35,HPT_eff_mod,1,0,-0.0473986526839993,-0.00254620238793924,1,1,2,1,2,2,0.0875032473489394,0
ood_combo,DS03,13,35,fan_eff_mod,2,0,0,-0,0,0,0,0,2,2,0.0875032473489394,0
ood_combo,DS03,13,35,fan_flow_mod,3,0,0,-0.000199916097858105,0,0,0,0,2,2,0.0875032473489394,0
ood_combo,DS03,13,35,HPC_eff_mod,4,0,0,-0,0,0,0,0,2,2,0.0875032473489394,0
ood_combo,DS03,13,35,HPC_flow_mod,5,0,0,-0,0,0,0,0,2,2,0.0875032473489394,0
ood_combo,DS03,13,35,LPT_eff_mod,6,0,-0.0472647495818822,-0.0604316230257127,1,1,2,2,2,2,0.0875032473489394,0
ood_combo,DS03,13,35,LPT_flow_mod,7,0,-0.0245708193349419,-0.0782298891664855,1,1,2,2,2,2,0.0875032473489394,0
ood_combo,DS03,13,35,LPC_eff_mod,8,0,0,-0,0,0,0,0,2,2,0.0875032473489394,0
ood_combo,DS03,13,35,LPC_flow_mod,9,0,0,-0.00400498817612378,0,0,0,0,2,2,0.0875032473489394,0
ood_combo,DS03,13,36,HPT_eff_mod,1,0,-0.0428424156844696,-0.00254620238793924,1,1,2,1,2,2,0.0910842818853745,0
ood_combo,DS03,13,36,fan_eff_mod,2,0,0,-0,0,0,0,0,2,2,0.0910842818853745,0
ood_combo,DS03,13,36,fan_flow_mod,3,0,0,-0.000199916097858105,0,0,0,0,2,2,0.0910842818853745,0
ood_combo,DS03,13,36,HPC_eff_mod,4,0,0,-0,0,0,0,0,2,2,0.0910842818853745,0
ood_combo,DS03,13,36,HPC_flow_mod,5,0,0,-0,0,0,0,0,2,2,0.0910842818853745,0
ood_combo,DS03,13,36,LPT_eff_mod,6,0,-0.0492417330769104,-0.0640759156504525,1,1,2,2,2,2,0.0910842818853745,0
ood_combo,DS03,13,36,LPT_flow_mod,7,0,-0.0239647159993949,-0.0782298891664855,1,1,2,2,2,2,0.0910842818853745,0
ood_combo,DS03,13,36,LPC_eff_mod,8,0,0,-0,0,0,0,0,2,2,0.0910842818853745,0
ood_combo,DS03,13,36,LPC_flow_mod,9,0,0,-0.00400498817612378,0,0,0,0,2,2,0.0910842818853745,0
ood_combo,DS03,13,37,HPT_eff_mod,1,0,-0.0546410843684861,-0.00277188487400034,1,1,2,1,2,2,0.0996422137776281,0
ood_combo,DS03,13,37,fan_eff_mod,2,0,0,-0,0,0,0,0,2,2,0.0996422137776281,0
ood_combo,DS03,13,37,fan_flow_mod,3,0,0,-0.000199916097858105,0,0,0,0,2,2,0.0996422137776281,0
ood_combo,DS03,13,37,HPC_eff_mod,4,0,0,-0,0,0,0,0,2,2,0.0996422137776281,0
ood_combo,DS03,13,37,HPC_flow_mod,5,0,0,-0,0,0,0,0,2,2,0.0996422137776281,0
ood_combo,DS03,13,37,LPT_eff_mod,6,0,-0.0510566548097764,-0.0698090807310132,1,1,2,2,2,2,0.0996422137776281,0
ood_combo,DS03,13,37,LPT_flow_mod,7,0,-0.0228112492932414,-0.0782298891664855,1,1,2,2,2,2,0.0996422137776281,0
ood_combo,DS03,13,37,LPC_eff_mod,8,0,0,-0,0,0,0,0,2,2,0.0996422137776281,0
ood_combo,DS03,13,37,LPC_flow_mod,9,0,0,-0.00400498817612378,0,0,0,0,2,2,0.0996422137776281,0
ood_combo,DS03,13,38,HPT_eff_mod,1,0,-0.0465406360455227,-0.00277188487400034,1,1,2,1,2,2,0.121967735683134,0
ood_combo,DS03,13,38,fan_eff_mod,2,0,0,-0,0,0,0,0,2,2,0.121967735683134,0
ood_combo,DS03,13,38,fan_flow_mod,3,0,0,-0.000199916097858105,0,0,0,0,2,2,0.121967735683134,0
ood_combo,DS03,13,38,HPC_eff_mod,4,0,0,-0,0,0,0,0,2,2,0.121967735683134,0
ood_combo,DS03,13,38,HPC_flow_mod,5,0,0,-0,0,0,0,0,2,2,0.121967735683134,0
ood_combo,DS03,13,38,LPT_eff_mod,6,0,-0.0505924949989591,-0.0698090807310132,1,1,2,2,2,2,0.121967735683134,0
ood_combo,DS03,13,38,LPT_flow_mod,7,0,-0.0324145334282204,-0.0782298891664855,1,1,2,2,2,2,0.121967735683134,0
ood_combo,DS03,13,38,LPC_eff_mod,8,0,0,-0,0,0,0,0,2,2,0.121967735683134,0
ood_combo,DS03,13,38,LPC_flow_mod,9,0,0,-0.00400498817612378,0,0,0,0,2,2,0.121967735683134,0
ood_combo,DS03,13,39,HPT_eff_mod,1,0,-0.0529709809421657,-0.00277188487400034,1,1,2,1,2,2,0.117460627447034,0
ood_combo,DS03,13,39,fan_eff_mod,2,0,0,-0,0,0,0,0,2,2,0.117460627447034,0
ood_combo,DS03,13,39,fan_flow_mod,3,0,0,-0.000199916097858105,0,0,0,0,2,2,0.117460627447034,0
ood_combo,DS03,13,39,HPC_eff_mod,4,0,0,-0,0,0,0,0,2,2,0.117460627447034,0
ood_combo,DS03,13,39,HPC_flow_mod,5,0,0,-0,0,0,0,0,2,2,0.117460627447034,0
ood_combo,DS03,13,39,LPT_eff_mod,6,0,-0.059102592940075,-0.0811188496092429,1,1,2,2,2,2,0.117460627447034,0
ood_combo,DS03,13,39,LPT_flow_mod,7,0,-0.0221258317422848,-0.0782298891664855,1,1,2,2,2,2,0.117460627447034,0
ood_combo,DS03,13,39,LPC_eff_mod,8,0,0,-0,0,0,0,0,2,2,0.117460627447034,0
ood_combo,DS03,13,39,LPC_flow_mod,9,0,0,-0.00400498817612378,0,0,0,0,2,2,0.117460627447034,0
ood_combo,DS03,13,40,HPT_eff_mod,1,0,-0.0601430081765507,-0.00277188487400034,1,1,2,1,2,2,0.0496243358027986,0
ood_combo,DS03,13,40,fan_eff_mod,2,0,0,-0,0,0,0,0,2,2,0.0496243358027986,0
ood_combo,DS03,13,40,fan_flow_mod,3,0,0,-0.000199916097858105,0,0,0,0,2,2,0.0496243358027986,0
ood_combo,DS03,13,40,HPC_eff_mod,4,0,0,-0,0,0,0,0,2,2,0.0496243358027986,0
ood_combo,DS03,13,40,HPC_flow_mod,5,0,0,-0,0,0,0,0,2,2,0.0496243358027986,0
ood_combo,DS03,13,40,LPT_eff_mod,6,0,-0.0574606241003038,-0.0811188496092429,1,1,2,2,2,2,0.0496243358027986,0
ood_combo,DS03,13,40,LPT_flow_mod,7,0,-0.0427899096367761,-0.111319573592016,1,1,2,2,2,2,0.0496243358027986,0
ood_combo,DS03,13,40,LPC_eff_mod,8,0,0,-0,0,0,0,0,2,2,0.0496243358027986,0
ood_combo,DS03,13,40,LPC_flow_mod,9,0,0,-0.00400498817612378,0,0,0,0,2,2,0.0496243358027986,0
ood_combo,DS03,13,41,HPT_eff_mod,1,0,-0.0666572024719508,-0.00277188487400034,1,1,2,1,2,2,0.16329255043732,0
ood_combo,DS03,13,41,fan_eff_mod,2,0,0,-0,0,0,0,0,2,2,0.16329255043732,0
ood_combo,DS03,13,41,fan_flow_mod,3,0,0,-0.000199916097858105,0,0,0,0,2,2,0.16329255043732,0
ood_combo,DS03,13,41,HPC_eff_mod,4,0,0,-0,0,0,0,0,2,2,0.16329255043732,0
ood_combo,DS03,13,41,HPC_flow_mod,5,0,0,-0,0,0,0,0,2,2,0.16329255043732,0
ood_combo,DS03,13,41,LPT_eff_mod,6,0,-0.0657704336918165,-0.0811188496092429,1,1,2,2,2,2,0.16329255043732,0
ood_combo,DS03,13,41,LPT_flow_mod,7,0,-0.031666818174546,-0.118195416708672,1,1,2,2,2,2,0.16329255043732,0
ood_combo,DS03,13,41,LPC_eff_mod,8,0,0,-0,0,0,0,0,2,2,0.16329255043732,0
ood_combo,DS03,13,41,LPC_flow_mod,9,0,0,-0.00400498817612378,0,0,0,0,2,2,0.16329255043732,0
ood_combo,DS03,13,42,HPT_eff_mod,1,0,-0.0697600222712957,-0.0103955925222429,1,1,2,1,2,2,0.0669585601779865,0
ood_combo,DS03,13,42,fan_eff_mod,2,0,0,-0,0,0,0,0,2,2,0.0669585601779865,0
ood_combo,DS03,13,42,fan_flow_mod,3,0,0,-0.000199916097858105,0,0,0,0,2,2,0.0669585601779865,0
ood_combo,DS03,13,42,HPC_eff_mod,4,0,0,-0,0,0,0,0,2,2,0.0669585601779865,0
ood_combo,DS03,13,42,HPC_flow_mod,5,0,0,-0,0,0,0,0,2,2,0.0669585601779865,0
ood_combo,DS03,13,42,LPT_eff_mod,6,0,-0.0662800835626484,-0.0935379245850096,1,1,2,2,2,2,0.0669585601779865,0
ood_combo,DS03,13,42,LPT_flow_mod,7,0,-0.0424311941149784,-0.118195416708672,1,1,2,2,2,2,0.0669585601779865,0
ood_combo,DS03,13,42,LPC_eff_mod,8,0,0,-0,0,0,0,0,2,2,0.0669585601779865,0
ood_combo,DS03,13,42,LPC_flow_mod,9,0,0,-0.00400498817612378,0,0,0,0,2,2,0.0669585601779865,0
ood_combo,DS03,13,43,HPT_eff_mod,1,0,-0.0782356470383259,-0.0103955925222429,1,1,2,1,2,2,0.139797670804803,0
ood_combo,DS03,13,43,fan_eff_mod,2,0,0,-0,0,0,0,0,2,2,0.139797670804803,0
ood_combo,DS03,13,43,fan_flow_mod,3,0,0,-0.000199916097858105,0,0,0,0,2,2,0.139797670804803,0
ood_combo,DS03,13,43,HPC_eff_mod,4,0,0,-0,0,0,0,0,2,2,0.139797670804803,0
ood_combo,DS03,13,43,HPC_flow_mod,5,0,0,-0,0,0,0,0,2,2,0.139797670804803,0
ood_combo,DS03,13,43,LPT_eff_mod,6,0,-0.0773221173258633,-0.0935379245850096,1,1,2,2,2,2,0.139797670804803,0
ood_combo,DS03,13,43,LPT_flow_mod,7,0,-0.0519977125946265,-0.128529577142003,1,1,2,2,2,2,0.139797670804803,0
ood_combo,DS03,13,43,LPC_eff_mod,8,0,0,-0,0,0,0,0,2,2,0.139797670804803,0
ood_combo,DS03,13,43,LPC_flow_mod,9,0,0,-0.00400498817612378,0,0,0,0,2,2,0.139797670804803,0
ood_combo,DS03,13,44,HPT_eff_mod,1,0,-0.0728633382248997,-0.0103955925222429,1,1,2,1,2,2,0.0647371279801611,0
ood_combo,DS03,13,44,fan_eff_mod,2,0,0,-0,0,0,0,0,2,2,0.0647371279801611,0
ood_combo,DS03,13,44,fan_flow_mod,3,0,0,-0.000199916097858105,0,0,0,0,2,2,0.0647371279801611,0
ood_combo,DS03,13,44,HPC_eff_mod,4,0,0,-0,0,0,0,0,2,2,0.0647371279801611,0
ood_combo,DS03,13,44,HPC_flow_mod,5,0,0,-0,0,0,0,0,2,2,0.0647371279801611,0
ood_combo,DS03,13,44,LPT_eff_mod,6,0,-0.084147256645409,-0.115460168216336,1,1,2,2,2,2,0.0647371279801611,0
ood_combo,DS03,13,44,LPT_flow_mod,7,0,-0.0495971958190531,-0.128529577142003,1,1,2,2,2,2,0.0647371279801611,0
ood_combo,DS03,13,44,LPC_eff_mod,8,0,0,-0,0,0,0,0,2,2,0.0647371279801611,0
ood_combo,DS03,13,44,LPC_flow_mod,9,0,0,-0.00400498817612378,0,0,0,0,2,2,0.0647371279801611,0
ood_combo,DS03,13,45,HPT_eff_mod,1,0,-0.0780230059573563,-0.0103955925222429,1,1,2,1,2,2,0.122628976818892,0
ood_combo,DS03,13,45,fan_eff_mod,2,0,0,-0,0,0,0,0,2,2,0.122628976818892,0
ood_combo,DS03,13,45,fan_flow_mod,3,0,0,-0.000199916097858105,0,0,0,0,2,2,0.122628976818892,0
ood_combo,DS03,13,45,HPC_eff_mod,4,0,0,-0,0,0,0,0,2,2,0.122628976818892,0
ood_combo,DS03,13,45,HPC_flow_mod,5,0,0,-0,0,0,0,0,2,2,0.122628976818892,0
ood_combo,DS03,13,45,LPT_eff_mod,6,0,-0.0796341799726442,-0.115460168216336,1,1,2,2,2,2,0.122628976818892,0
ood_combo,DS03,13,45,LPT_flow_mod,7,0,-0.0464575684980208,-0.131587731003161,1,1,2,2,2,2,0.122628976818892,0
ood_combo,DS03,13,45,LPC_eff_mod,8,0,0,-0,0,0,0,0,2,2,0.122628976818892,0
ood_combo,DS03,13,45,LPC_flow_mod,9,0,0,-0.00400498817612378,0,0,0,0,2,2,0.122628976818892,0
ood_combo,DS03,13,46,HPT_eff_mod,1,0,-0.0809010688653791,-0.0103955925222429,1,1,2,1,2,2,0.116621449917972,0
ood_combo,DS03,13,46,fan_eff_mod,2,0,0,-0,0,0,0,0,2,2,0.116621449917972,0
ood_combo,DS03,13,46,fan_flow_mod,3,0,0,-0.000199916097858105,0,0,0,0,2,2,0.116621449917972,0
ood_combo,DS03,13,46,HPC_eff_mod,4,0,0,-0,0,0,0,0,2,2,0.116621449917972,0
ood_combo,DS03,13,46,HPC_flow_mod,5,0,0,-0,0,0,0,0,2,2,0.116621449917972,0
ood_combo,DS03,13,46,LPT_eff_mod,6,0,-0.0912645591239577,-0.120085788636879,1,1,2,2,2,2,0.116621449917972,0
ood_combo,DS03,13,46,LPT_flow_mod,7,0,-0.0440770785514461,-0.131587731003161,1,1,2,2,2,2,0.116621449917972,0
ood_combo,DS03,13,46,LPC_eff_mod,8,0,0,-0,0,0,0,0,2,2,0.116621449917972,0
ood_combo,DS03,13,46,LPC_flow_mod,9,0,0,-0.00400498817612378,0,0,0,0,2,2,0.116621449917972,0
ood_combo,DS03,13,47,HPT_eff_mod,1,0,-0.0974936220850797,-0.0219137509369218,1,1,2,2,2,3,0.150440130695021,0
ood_combo,DS03,13,47,fan_eff_mod,2,0,0,-0,0,0,0,0,2,3,0.150440130695021,0
ood_combo,DS03,13,47,fan_flow_mod,3,0,0,-0.000199916097858105,0,0,0,0,2,3,0.150440130695021,0
ood_combo,DS03,13,47,HPC_eff_mod,4,0,0,-0,0,0,0,0,2,3,0.150440130695021,0
ood_combo,DS03,13,47,HPC_flow_mod,5,0,0,-0,0,0,0,0,2,3,0.150440130695021,0
ood_combo,DS03,13,47,LPT_eff_mod,6,0,-0.089231462127145,-0.120085788636879,1,1,2,2,2,3,0.150440130695021,0
ood_combo,DS03,13,47,LPT_flow_mod,7,0,-0.0653511675444159,-0.142257102005222,1,1,2,3,2,3,0.150440130695021,0
ood_combo,DS03,13,47,LPC_eff_mod,8,0,0,-0,0,0,0,0,2,3,0.150440130695021,0
ood_combo,DS03,13,47,LPC_flow_mod,9,0,0,-0.00400498817612378,0,0,0,0,2,3,0.150440130695021,0
ood_combo,DS03,13,48,HPT_eff_mod,1,0,-0.105095108633189,-0.0354931332110451,1,1,2,2,2,3,0.196223255213722,0
ood_combo,DS03,13,48,fan_eff_mod,2,0,0,-0,0,0,0,0,2,3,0.196223255213722,0
ood_combo,DS03,13,48,fan_flow_mod,3,0,0,-0.000199916097858105,0,0,0,0,2,3,0.196223255213722,0
ood_combo,DS03,13,48,HPC_eff_mod,4,0,0,-0,0,0,0,0,2,3,0.196223255213722,0
ood_combo,DS03,13,48,HPC_flow_mod,5,0,0,-0,0,0,0,0,2,3,0.196223255213722,0
ood_combo,DS03,13,48,LPT_eff_mod,6,0,-0.10048584003673,-0.14155676848699,1,1,2,3,2,3,0.196223255213722,0
ood_combo,DS03,13,48,LPT_flow_mod,7,0,-0.0626570767492819,-0.142257102005222,1,1,2,3,2,3,0.196223255213722,0
ood_combo,DS03,13,48,LPC_eff_mod,8,0,0,-0,0,0,0,0,2,3,0.196223255213722,0
ood_combo,DS03,13,48,LPC_flow_mod,9,0,0,-0.00400498817612378,0,0,0,0,2,3,0.196223255213722,0
ood_combo,DS03,13,49,HPT_eff_mod,1,0,-0.107666597696355,-0.0354931332110451,1,1,2,2,2,3,0.104836988668489,0
ood_combo,DS03,13,49,fan_eff_mod,2,0,0,-0,0,0,0,0,2,3,0.104836988668489,0
ood_combo,DS03,13,49,fan_flow_mod,3,0,0,-0.000199916097858105,0,0,0,0,2,3,0.104836988668489,0
ood_combo,DS03,13,49,HPC_eff_mod,4,0,0,-0,0,0,0,0,2,3,0.104836988668489,0
ood_combo,DS03,13,49,HPC_flow_mod,5,0,0,-0,0,0,0,0,2,3,0.104836988668489,0
ood_combo,DS03,13,49,LPT_eff_mod,6,0,-0.109014349739732,-0.14155676848699,1,1,2,3,2,3,0.104836988668489,0
ood_combo,DS03,13,49,LPT_flow_mod,7,0,-0.0460518176591585,-0.142257102005222,1,1,2,3,2,3,0.104836988668489,0
ood_combo,DS03,13,49,LPC_eff_mod,8,0,0,-0,0,0,0,0,2,3,0.104836988668489,0
ood_combo,DS03,13,49,LPC_flow_mod,9,0,0,-0.00400498817612378,0,0,0,0,2,3,0.104836988668489,0
ood_combo,DS03,13,50,HPT_eff_mod,1,0,-0.114493385375549,-0.04336984976839,1,1,2,2,2,3,0.219208466650526,0
ood_combo,DS03,13,50,fan_eff_mod,2,0,0,-0,0,0,0,0,2,3,0.219208466650526,0
ood_combo,DS03,13,50,fan_flow_mod,3,0,0,-0.000199916097858105,0,0,0,0,2,3,0.219208466650526,0
ood_combo,DS03,13,50,HPC_eff_mod,4,0,0,-0,0,0,0,0,2,3,0.219208466650526,0
ood_combo,DS03,13,50,HPC_flow_mod,5,0,0,-0,0,0,0,0,2,3,0.219208466650526,0
ood_combo,DS03,13,50,LPT_eff_mod,6,0,-0.113910950176776,-0.14155676848699,1,1,2,3,2,3,0.219208466650526,0
ood_combo,DS03,13,50,LPT_flow_mod,7,0,-0.0773733350355232,-0.15162530963779,1,1,2,3,2,3,0.219208466650526,0
ood_combo,DS03,13,50,LPC_eff_mod,8,0,0,-0,0,0,0,0,2,3,0.219208466650526,0
ood_combo,DS03,13,50,LPC_flow_mod,9,0,0,-0.00400498817612378,0,0,0,0,2,3,0.219208466650526,0
ood_combo,DS03,13,51,HPT_eff_mod,1,0,-0.117096749387093,-0.04336984976839,1,1,2,2,2,3,0.121405821054411,0
ood_combo,DS03,13,51,fan_eff_mod,2,0,0,-0,0,0,0,0,2,3,0.121405821054411,0
ood_combo,DS03,13,51,fan_flow_mod,3,0,0,-0.000199916097858105,0,0,0,0,2,3,0.121405821054411,0
ood_combo,DS03,13,51,HPC_eff_mod,4,0,0,-0,0,0,0,0,2,3,0.121405821054411,0
ood_combo,DS03,13,51,HPC_flow_mod,5,0,0,-0,0,0,0,0,2,3,0.121405821054411,0
ood_combo,DS03,13,51,LPT_eff_mod,6,0,-0.118980359708458,-0.144691704382747,1,1,2,3,2,3,0.121405821054411,0
ood_combo,DS03,13,51,LPT_flow_mod,7,0,-0.0647268511294235,-0.15162530963779,1,1,2,3,2,3,0.121405821054411,0
ood_combo,DS03,13,51,LPC_eff_mod,8,0,0,-0,0,0,0,0,2,3,0.121405821054411,0
ood_combo,DS03,13,51,LPC_flow_mod,9,0,0,-0.00400498817612378,0,0,0,0,2,3,0.121405821054411,0
ood_combo,DS03,13,52,HPT_eff_mod,1,0,-0.11358666552487,-0.04336984976839,1,1,2,2,2,3,0.171971423296573,0
ood_combo,DS03,13,52,fan_eff_mod,2,0,0,-0,0,0,0,0,2,3,0.171971423296573,0
ood_combo,DS03,13,52,fan_flow_mod,3,0,0,-0.000199916097858105,0,0,0,0,2,3,0.171971423296573,0
ood_combo,DS03,13,52,HPC_eff_mod,4,0,0,-0,0,0,0,0,2,3,0.171971423296573,0
ood_combo,DS03,13,52,HPC_flow_mod,5,0,0,-0,0,0,0,0,2,3,0.171971423296573,0
ood_combo,DS03,13,52,LPT_eff_mod,6,0,-0.124487789981143,-0.144691704382747,1,1,2,3,2,3,0.171971423296573,0
ood_combo,DS03,13,52,LPT_flow_mod,7,0,-0.0605690319560167,-0.15162530963779,1,1,2,3,2,3,0.171971423296573,0
ood_combo,DS03,13,52,LPC_eff_mod,8,0,0,-0,0,0,0,0,2,3,0.171971423296573,0
ood_combo,DS03,13,52,LPC_flow_mod,9,0,0,-0.00400498817612378,0,0,0,0,2,3,0.171971423296573,0
ood_combo,DS03,13,53,HPT_eff_mod,1,0,-0.126644163143442,-0.0521527287576426,1,1,2,2,3,3,0.18812529779437,0
ood_combo,DS03,13,53,fan_eff_mod,2,0,0,-0,0,0,0,0,3,3,0.18812529779437,0
ood_combo,DS03,13,53,fan_flow_mod,3,0,0,-0.000199916097858105,0,0,0,0,3,3,0.18812529779437,0
ood_combo,DS03,13,53,HPC_eff_mod,4,0,0,-0,0,0,0,0,3,3,0.18812529779437,0
ood_combo,DS03,13,53,HPC_flow_mod,5,0,0,-0,0,0,0,0,3,3,0.18812529779437,0
ood_combo,DS03,13,53,LPT_eff_mod,6,0,-0.132919342865938,-0.155708990998179,1,1,3,3,3,3,0.18812529779437,0
ood_combo,DS03,13,53,LPT_flow_mod,7,0,-0.0623858140453722,-0.15162530963779,1,1,2,3,3,3,0.18812529779437,0
ood_combo,DS03,13,53,LPC_eff_mod,8,0,0,-0,0,0,0,0,3,3,0.18812529779437,0
ood_combo,DS03,13,53,LPC_flow_mod,9,0,0,-0.00400498817612378,0,0,0,0,3,3,0.18812529779437,0
ood_combo,DS03,13,54,HPT_eff_mod,1,0,-0.126223330837229,-0.0521527287576426,1,1,2,2,3,3,0.202893766561361,0
ood_combo,DS03,13,54,fan_eff_mod,2,0,0,-0,0,0,0,0,3,3,0.202893766561361,0
ood_combo,DS03,13,54,fan_flow_mod,3,0,0,-0.000199916097858105,0,0,0,0,3,3,0.202893766561361,0
ood_combo,DS03,13,54,HPC_eff_mod,4,0,0,-0,0,0,0,0,3,3,0.202893766561361,0
ood_combo,DS03,13,54,HPC_flow_mod,5,0,0,-0,0,0,0,0,3,3,0.202893766561361,0
ood_combo,DS03,13,54,LPT_eff_mod,6,0,-0.145411377373281,-0.188480797927125,1,1,3,3,3,3,0.202893766561361,0
ood_combo,DS03,13,54,LPT_flow_mod,7,0,-0.0614013358561577,-0.15162530963779,1,1,2,3,3,3,0.202893766561361,0
ood_combo,DS03,13,54,LPC_eff_mod,8,0,0,-0,0,0,0,0,3,3,0.202893766561361,0
ood_combo,DS03,13,54,LPC_flow_mod,9,0,0,-0.00400498817612378,0,0,0,0,3,3,0.202893766561361,0
ood_combo,DS03,13,55,HPT_eff_mod,1,0,-0.151830013196298,-0.0521527287576426,1,1,3,2,3,3,0.234612390259349,0
ood_combo,DS03,13,55,fan_eff_mod,2,0,0,-0,0,0,0,0,3,3,0.234612390259349,0
ood_combo,DS03,13,55,fan_flow_mod,3,0,0,-0.000210965471889944,0,0,0,0,3,3,0.234612390259349,0
ood_combo,DS03,13,55,HPC_eff_mod,4,0,0,-0,0,0,0,0,3,3,0.234612390259349,0
ood_combo,DS03,13,55,HPC_flow_mod,5,0,0,-0,0,0,0,0,3,3,0.234612390259349,0
ood_combo,DS03,13,55,LPT_eff_mod,6,0,-0.146078893025963,-0.188480797927125,1,1,3,3,3,3,0.234612390259349,0
ood_combo,DS03,13,55,LPT_flow_mod,7,0,-0.0839957637539807,-0.181467769379996,1,1,2,3,3,3,0.234612390259349,0
ood_combo,DS03,13,55,LPC_eff_mod,8,0,0,-0,0,0,0,0,3,3,0.234612390259349,0
ood_combo,DS03,13,55,LPC_flow_mod,9,0,0,-0.00522780680079424,0,0,0,0,3,3,0.234612390259349,0
ood_combo,DS03,13,56,HPT_eff_mod,1,0,-0.142573991785972,-0.0521527287576426,1,1,3,2,3,3,0.120202412461202,0
ood_combo,DS03,13,56,fan_eff_mod,2,0,0,-0,0,0,0,0,3,3,0.120202412461202,0
ood_combo,DS03,13,56,fan_flow_mod,3,0,0,-0.000210965471889944,0,0,0,0,3,3,0.120202412461202,0
ood_combo,DS03,13,56,HPC_eff_mod,4,0,0,-0,0,0,0,0,3,3,0.120202412461202,0
ood_combo,DS03,13,56,HPC_flow_mod,5,0,0,-0,0,0,0,0,3,3,0.120202412461202,0
ood_combo,DS03,13,56,LPT_eff_mod,6,0,-0.165596752660128,-0.192889542146498,1,1,3,3,3,3,0.120202412461202,0
ood_combo,DS03,13,56,LPT_flow_mod,7,0,-0.0729152410398647,-0.181467769379996,1,1,2,3,3,3,0.120202412461202,0
ood_combo,DS03,13,56,LPC_eff_mod,8,0,0,-0,0,0,0,0,3,3,0.120202412461202,0
ood_combo,DS03,13,56,LPC_flow_mod,9,0,0,-0.00522780680079424,0,0,0,0,3,3,0.120202412461202,0
ood_combo,DS03,13,57,HPT_eff_mod,1,0,-0.159504070836647,-0.0789208534713504,1,1,3,2,3,3,0.145477555864141,0
ood_combo,DS03,13,57,fan_eff_mod,2,0,0,-0,0,0,0,0,3,3,0.145477555864141,0
ood_combo,DS03,13,57,fan_flow_mod,3,0,0,-0.000210965471889944,0,0,0,0,3,3,0.145477555864141,0
ood_combo,DS03,13,57,HPC_eff_mod,4,0,0,-0,0,0,0,0,3,3,0.145477555864141,0
ood_combo,DS03,13,57,HPC_flow_mod,5,0,0,-0,0,0,0,0,3,3,0.145477555864141,0
ood_combo,DS03,13,57,LPT_eff_mod,6,0,-0.168813701598812,-0.210230917106322,1,1,3,3,3,3,0.145477555864141,0
ood_combo,DS03,13,57,LPT_flow_mod,7,0,-0.081838008485842,-0.181467769379996,1,1,2,3,3,3,0.145477555864141,0
ood_combo,DS03,13,57,LPC_eff_mod,8,0,0,-0,0,0,0,0,3,3,0.145477555864141,0
ood_combo,DS03,13,57,LPC_flow_mod,9,0,0,-0.00522780680079424,0,0,0,0,3,3,0.145477555864141,0
ood_combo,DS03,13,58,HPT_eff_mod,1,0,-0.160270439793005,-0.0789208534713504,1,1,3,2,3,3,0.0828192305469126,0
ood_combo,DS03,13,58,fan_eff_mod,2,0,0,-0,0,0,0,0,3,3,0.0828192305469126,0
ood_combo,DS03,13,58,fan_flow_mod,3,0,0,-0.000210965471889944,0,0,0,0,3,3,0.0828192305469126,0
ood_combo,DS03,13,58,HPC_eff_mod,4,0,0,-0,0,0,0,0,3,3,0.0828192305469126,0
ood_combo,DS03,13,58,HPC_flow_mod,5,0,0,-0,0,0,0,0,3,3,0.0828192305469126,0
ood_combo,DS03,13,58,LPT_eff_mod,6,0,-0.182253567484993,-0.219529933434977,1,1,3,3,3,3,0.0828192305469126,0
ood_combo,DS03,13,58,LPT_flow_mod,7,0,-0.0874170615404044,-0.181467769379996,1,1,2,3,3,3,0.0828192305469126,0
ood_combo,DS03,13,58,LPC_eff_mod,8,0,0,-0,0,0,0,0,3,3,0.0828192305469126,0
ood_combo,DS03,13,58,LPC_flow_mod,9,0,0,-0.00522780680079424,0,0,0,0,3,3,0.0828192305469126,0
ood_combo,DS03,13,59,HPT_eff_mod,1,0,-0.17006228748946,-0.0789208534713504,1,1,3,2,3,3,0.120696932186925,0
ood_combo,DS03,13,59,fan_eff_mod,2,0,0,-0,0,0,0,0,3,3,0.120696932186925,0
ood_combo,DS03,13,59,fan_flow_mod,3,0,0,-0.000210965471889944,0,0,0,0,3,3,0.120696932186925,0
ood_combo,DS03,13,59,HPC_eff_mod,4,0,0,-0,0,0,0,0,3,3,0.120696932186925,0
ood_combo,DS03,13,59,HPC_flow_mod,5,0,0,-0,0,0,0,0,3,3,0.120696932186925,0
ood_combo,DS03,13,59,LPT_eff_mod,6,0,-0.198755472287799,-0.219529933434977,1,1,3,3,3,3,0.120696932186925,0
ood_combo,DS03,13,59,LPT_flow_mod,7,0,-0.0806424533821307,-0.181467769379996,1,1,2,3,3,3,0.120696932186925,0
ood_combo,DS03,13,59,LPC_eff_mod,8,0,0,-0,0,0,0,0,3,3,0.120696932186925,0
ood_combo,DS03,13,59,LPC_flow_mod,9,0,0,-0.00522780680079424,0,0,0,0,3,3,0.120696932186925,0
ood_combo,DS03,13,60,HPT_eff_mod,1,0,-0.188444114710804,-0.0819288241068032,1,1,3,2,3,3,0.153527280144703,0
ood_combo,DS03,13,60,fan_eff_mod,2,0,0,-0,0,0,0,0,3,3,0.153527280144703,0
ood_combo,DS03,13,60,fan_flow_mod,3,0,0,-0.000210965471889944,0,0,0,0,3,3,0.153527280144703,0
ood_combo,DS03,13,60,HPC_eff_mod,4,0,0,-0,0,0,0,0,3,3,0.153527280144703,0
ood_combo,DS03,13,60,HPC_flow_mod,5,0,0,-0,0,0,0,0,3,3,0.153527280144703,0
ood_combo,DS03,13,60,LPT_eff_mod,6,0,-0.209799551880258,-0.247171741185319,1,1,3,3,3,3,0.153527280144703,0
ood_combo,DS03,13,60,LPT_flow_mod,7,0,-0.0777276597311355,-0.181467769379996,1,1,2,3,3,3,0.153527280144703,0
ood_combo,DS03,13,60,LPC_eff_mod,8,0,0,-0,0,0,0,0,3,3,0.153527280144703,0
ood_combo,DS03,13,60,LPC_flow_mod,9,0,0,-0.00522780680079424,0,0,0,0,3,3,0.153527280144703,0
ood_combo,DS03,13,61,HPT_eff_mod,1,0,-0.188071759848739,-0.0833860216138447,1,1,3,2,3,3,0.125358956620624,0
ood_combo,DS03,13,61,fan_eff_mod,2,0,0,-0,0,0,0,0,3,3,0.125358956620624,0
ood_combo,DS03,13,61,fan_flow_mod,3,0,0,-0.000210965471889944,0,0,0,0,3,3,0.125358956620624,0
ood_combo,DS03,13,61,HPC_eff_mod,4,0,0,-0,0,0,0,0,3,3,0.125358956620624,0
ood_combo,DS03,13,61,HPC_flow_mod,5,0,0,-0,0,0,0,0,3,3,0.125358956620624,0
ood_combo,DS03,13,61,LPT_eff_mod,6,0,-0.223330029953556,-0.247171741185319,1,1,3,3,3,3,0.125358956620624,0
ood_combo,DS03,13,61,LPT_flow_mod,7,0,-0.0854735882139482,-0.205083241616624,1,1,2,3,3,3,0.125358956620624,0
ood_combo,DS03,13,61,LPC_eff_mod,8,0,0,-0,0,0,0,0,3,3,0.125358956620624,0
ood_combo,DS03,13,61,LPC_flow_mod,9,0,0,-0.00522780680079424,0,0,0,0,3,3,0.125358956620624,0
ood_combo,DS03,13,62,HPT_eff_mod,1,0,-0.205742751762687,-0.0845763952125281,1,1,3,2,3,3,0.0561078856195919,0
ood_combo,DS03,13,62,fan_eff_mod,2,0,0,-0,0,0,0,0,3,3,0.0561078856195919,0
ood_combo,DS03,13,62,fan_flow_mod,3,0,0,-0.000210965471889944,0,0,0,0,3,3,0.0561078856195919,0
ood_combo,DS03,13,62,HPC_eff_mod,4,0,0,-0,0,0,0,0,3,3,0.0561078856195919,0
ood_combo,DS03,13,62,HPC_flow_mod,5,0,0,-0,0,0,0,0,3,3,0.0561078856195919,0
ood_combo,DS03,13,62,LPT_eff_mod,6,0,-0.237519280354201,-0.285101106822398,1,1,3,3,3,3,0.0561078856195919,0
ood_combo,DS03,13,62,LPT_flow_mod,7,0,-0.0841561374723659,-0.223070515963426,1,1,2,3,3,3,0.0561078856195919,0
ood_combo,DS03,13,62,LPC_eff_mod,8,0,0,-0,0,0,0,0,3,3,0.0561078856195919,0
ood_combo,DS03,13,62,LPC_flow_mod,9,0,0,-0.00522780680079424,0,0,0,0,3,3,0.0561078856195919,0
ood_combo,DS03,13,63,HPT_eff_mod,1,0,-0.204250428568835,-0.0845763952125281,1,1,3,2,3,3,0.117155828971555,0
ood_combo,DS03,13,63,fan_eff_mod,2,0,0,-0,0,0,0,0,3,3,0.117155828971555,0
ood_combo,DS03,13,63,fan_flow_mod,3,0,0,-0.000210965471889944,0,0,0,0,3,3,0.117155828971555,0
ood_combo,DS03,13,63,HPC_eff_mod,4,0,0,-0,0,0,0,0,3,3,0.117155828971555,0
ood_combo,DS03,13,63,HPC_flow_mod,5,0,0,-0,0,0,0,0,3,3,0.117155828971555,0
ood_combo,DS03,13,63,LPT_eff_mod,6,0,-0.255843724577629,-0.292055315224164,1,1,3,3,3,3,0.117155828971555,0
ood_combo,DS03,13,63,LPT_flow_mod,7,0,-0.101490702305041,-0.225413518326476,1,1,2,3,3,3,0.117155828971555,0
ood_combo,DS03,13,63,LPC_eff_mod,8,0,0,-0,0,0,0,0,3,3,0.117155828971555,0
ood_combo,DS03,13,63,LPC_flow_mod,9,0,0,-0.00522780680079424,0,0,0,0,3,3,0.117155828971555,0
ood_combo,DS03,13,64,HPT_eff_mod,1,0,-0.220880765278113,-0.0845763952125281,1,1,3,2,3,3,0.1559093559192,0
ood_combo,DS03,13,64,fan_eff_mod,2,0,0,-0,0,0,0,0,3,3,0.1559093559192,0
ood_combo,DS03,13,64,fan_flow_mod,3,0,0,-0.000210965471889944,0,0,0,0,3,3,0.1559093559192,0
ood_combo,DS03,13,64,HPC_eff_mod,4,0,0,-0,0,0,0,0,3,3,0.1559093559192,0
ood_combo,DS03,13,64,HPC_flow_mod,5,0,0,-0,0,0,0,0,3,3,0.1559093559192,0
ood_combo,DS03,13,64,LPT_eff_mod,6,0,-0.262997141444644,-0.292055315224164,1,1,3,3,3,3,0.1559093559192,0
ood_combo,DS03,13,64,LPT_flow_mod,7,0,-0.0990805995346456,-0.237415156390807,1,1,2,3,3,3,0.1559093559192,0
ood_combo,DS03,13,64,LPC_eff_mod,8,0,0,-0,0,0,0,0,3,3,0.1559093559192,0
ood_combo,DS03,13,64,LPC_flow_mod,9,0,0,-0.00522780680079424,0,0,0,0,3,3,0.1559093559192,0
ood_combo,DS03,13,65,HPT_eff_mod,1,0,-0.233062003915944,-0.0845763952125281,1,1,3,2,3,3,0.124559424562705,0
ood_combo,DS03,13,65,fan_eff_mod,2,0,0,-0,0,0,0,0,3,3,0.124559424562705,0
ood_combo,DS03,13,65,fan_flow_mod,3,0,0,-0.000210965471889944,0,0,0,0,3,3,0.124559424562705,0
ood_combo,DS03,13,65,HPC_eff_mod,4,0,0,-0,0,0,0,0,3,3,0.124559424562705,0
ood_combo,DS03,13,65,HPC_flow_mod,5,0,0,-0,0,0,0,0,3,3,0.124559424562705,0
ood_combo,DS03,13,65,LPT_eff_mod,6,0,-0.283994023550485,-0.359989283614144,1,1,3,3,3,3,0.124559424562705,0
ood_combo,DS03,13,65,LPT_flow_mod,7,0,-0.110299742999214,-0.283686887194361,1,1,2,3,3,3,0.124559424562705,0
ood_combo,DS03,13,65,LPC_eff_mod,8,0,0,-0.00072279269406044,0,0,0,0,3,3,0.124559424562705,0
ood_combo,DS03,13,65,LPC_flow_mod,9,0,0,-0.00522780680079424,0,0,0,0,3,3,0.124559424562705,0
ood_combo,DS03,13,66,HPT_eff_mod,1,0,-0.240169018221643,-0.0845763952125281,1,1,3,2,3,3,0.107428003926231,0
ood_combo,DS03,13,66,fan_eff_mod,2,0,0,-0,0,0,0,0,3,3,0.107428003926231,0
ood_combo,DS03,13,66,fan_flow_mod,3,0,0,-0.000210965471889944,0,0,0,0,3,3,0.107428003926231,0
ood_combo,DS03,13,66,HPC_eff_mod,4,0,0,-0,0,0,0,0,3,3,0.107428003926231,0
ood_combo,DS03,13,66,HPC_flow_mod,5,0,0,-0,0,0,0,0,3,3,0.107428003926231,0
ood_combo,DS03,13,66,LPT_eff_mod,6,0,-0.301065379815813,-0.359989283614144,1,1,3,3,3,3,0.107428003926231,0
ood_combo,DS03,13,66,LPT_flow_mod,7,0,-0.116375439243545,-0.283686887194361,1,1,2,3,3,3,0.107428003926231,0
ood_combo,DS03,13,66,LPC_eff_mod,8,0,0,-0.00072279269406044,0,0,0,0,3,3,0.107428003926231,0
ood_combo,DS03,13,66,LPC_flow_mod,9,0,0,-0.00522780680079424,0,0,0,0,3,3,0.107428003926231,0
ood_combo,DS03,13,67,HPT_eff_mod,1,0,-0.257124651669645,-0.0845763952125281,1,1,3,2,3,3,0.18509950942369,0
ood_combo,DS03,13,67,fan_eff_mod,2,0,0,-0,0,0,0,0,3,3,0.18509950942369,0
ood_combo,DS03,13,67,fan_flow_mod,3,0,0,-0.000210965471889944,0,0,0,0,3,3,0.18509950942369,0
ood_combo,DS03,13,67,HPC_eff_mod,4,0,0,-0.00242724549275589,0,0,0,0,3,3,0.18509950942369,0
ood_combo,DS03,13,67,HPC_flow_mod,5,0,0,-0,0,0,0,0,3,3,0.18509950942369,0
ood_combo,DS03,13,67,LPT_eff_mod,6,0,-0.318769150358414,-0.409275218592537,1,1,3,3,3,3,0.18509950942369,0
ood_combo,DS03,13,67,LPT_flow_mod,7,0,-0.118267468891564,-0.318448101447436,1,1,2,3,3,3,0.18509950942369,0
ood_combo,DS03,13,67,LPC_eff_mod,8,0,0,-0.00072279269406044,0,0,0,0,3,3,0.18509950942369,0
ood_combo,DS03,13,67,LPC_flow_mod,9,0,0,-0.00522780680079424,0,0,0,0,3,3,0.18509950942369,0
ood_combo,DS03,13,68,HPT_eff_mod,1,0,-0.264826027507172,-0.0845763952125281,1,1,3,2,3,3,0.170701295543624,0
ood_combo,DS03,13,68,fan_eff_mod,2,0,0,-0,0,0,0,0,3,3,0.170701295543624,0
ood_combo,DS03,13,68,fan_flow_mod,3,0,0,-0.00144345655851532,0,0,0,0,3,3,0.170701295543624,0
ood_combo,DS03,13,68,HPC_eff_mod,4,0,0,-0.00242724549275589,0,0,0,0,3,3,0.170701295543624,0
ood_combo,DS03,13,68,HPC_flow_mod,5,0,0,-0,0,0,0,0,3,3,0.170701295543624,0
ood_combo,DS03,13,68,LPT_eff_mod,6,0,-0.33824488672558,-0.409275218592537,1,1,3,3,3,3,0.170701295543624,0
ood_combo,DS03,13,68,LPT_flow_mod,7,0,-0.130246984003383,-0.326873580937858,1,1,2,3,3,3,0.170701295543624,0
ood_combo,DS03,13,68,LPC_eff_mod,8,0,0,-0.00072279269406044,0,0,0,0,3,3,0.170701295543624,0
ood_combo,DS03,13,68,LPC_flow_mod,9,0,0,-0.00522780680079424,0,0,0,0,3,3,0.170701295543624,0
ood_combo,DS03,13,69,HPT_eff_mod,1,0,-0.279679752866153,-0.0845763952125281,1,1,3,2,3,3,0.0992867914142498,0
ood_combo,DS03,13,69,fan_eff_mod,2,0,0,-0,0,0,0,0,3,3,0.0992867914142498,0
ood_combo,DS03,13,69,fan_flow_mod,3,0,0,-0.00144345655851532,0,0,0,0,3,3,0.0992867914142498,0
ood_combo,DS03,13,69,HPC_eff_mod,4,0,0,-0.00242724549275589,0,0,0,0,3,3,0.0992867914142498,0
ood_combo,DS03,13,69,HPC_flow_mod,5,0,0,-0,0,0,0,0,3,3,0.0992867914142498,0
ood_combo,DS03,13,69,LPT_eff_mod,6,0,-0.35953266909418,-0.460309253555844,1,1,3,3,3,3,0.0992867914142498,0
ood_combo,DS03,13,69,LPT_flow_mod,7,0,-0.120050198035654,-0.346950637185687,1,1,2,3,3,3,0.0992867914142498,0
ood_combo,DS03,13,69,LPC_eff_mod,8,0,0,-0.00072279269406044,0,0,0,0,3,3,0.0992867914142498,0
ood_combo,DS03,13,69,LPC_flow_mod,9,0,0,-0.00522780680079424,0,0,0,0,3,3,0.0992867914142498,0
ood_combo,DS03,13,70,HPT_eff_mod,1,0,-0.306079280525232,-0.0845763952125281,1,1,3,2,3,3,0.156047862241357,0
ood_combo,DS03,13,70,fan_eff_mod,2,0,0,-0,0,0,0,0,3,3,0.156047862241357,0
ood_combo,DS03,13,70,fan_flow_mod,3,0,0,-0.00144345655851532,0,0,0,0,3,3,0.156047862241357,0
ood_combo,DS03,13,70,HPC_eff_mod,4,0,0,-0.00627915295264548,0,0,0,0,3,3,0.156047862241357,0
ood_combo,DS03,13,70,HPC_flow_mod,5,0,0,-0,0,0,0,0,3,3,0.156047862241357,0
ood_combo,DS03,13,70,LPT_eff_mod,6,0,-0.382341782024315,-0.477801272183709,1,1,3,3,3,3,0.156047862241357,0
ood_combo,DS03,13,70,LPT_flow_mod,7,0,-0.141090878415833,-0.371952977579089,1,1,3,3,3,3,0.156047862241357,0
ood_combo,DS03,13,70,LPC_eff_mod,8,0,0,-0.00072279269406044,0,0,0,0,3,3,0.156047862241357,0
ood_combo,DS03,13,70,LPC_flow_mod,9,0,0,-0.00522780680079424,0,0,0,0,3,3,0.156047862241357,0
ood_combo,DS03,13,71,HPT_eff_mod,1,0,-0.307045503943274,-0.0845763952125281,1,1,3,2,3,3,0.316308181410829,0
ood_combo,DS03,13,71,fan_eff_mod,2,0,0,-0,0,0,0,0,3,3,0.316308181410829,0
ood_combo,DS03,13,71,fan_flow_mod,3,0,0,-0.0020694220947806,0,0,0,0,3,3,0.316308181410829,0
ood_combo,DS03,13,71,HPC_eff_mod,4,0,0,-0.00627915295264548,0,0,0,0,3,3,0.316308181410829,0
ood_combo,DS03,13,71,HPC_flow_mod,5,0,0,-0,0,0,0,0,3,3,0.316308181410829,0
ood_combo,DS03,13,71,LPT_eff_mod,6,0,-0.406718249315587,-0.477801272183709,1,1,3,3,3,3,0.316308181410829,0
ood_combo,DS03,13,71,LPT_flow_mod,7,0,-0.130060692782696,-0.371952977579089,1,1,3,3,3,3,0.316308181410829,0
ood_combo,DS03,13,71,LPC_eff_mod,8,0,0,-0.00072279269406044,0,0,0,0,3,3,0.316308181410829,0
ood_combo,DS03,13,71,LPC_flow_mod,9,0,0,-0.00778609154354945,0,0,0,0,3,3,0.316308181410829,0
ood_combo,DS03,13,72,HPT_eff_mod,1,0,-0.329462903218569,-0.0845763952125281,1,1,3,2,3,3,0.171909621039937,0
ood_combo,DS03,13,72,fan_eff_mod,2,0,0,-0,0,0,0,0,3,3,0.171909621039937,0
ood_combo,DS03,13,72,fan_flow_mod,3,0,0,-0.0020694220947806,0,0,0,0,3,3,0.171909621039937,0
ood_combo,DS03,13,72,HPC_eff_mod,4,0,0,-0.00627915295264548,0,0,0,0,3,3,0.171909621039937,0
ood_combo,DS03,13,72,HPC_flow_mod,5,0,0,-0,0,0,0,0,3,3,0.171909621039937,0
ood_combo,DS03,13,72,LPT_eff_mod,6,0,-0.434463174479092,-0.486376185368408,1,1,3,3,3,3,0.171909621039937,0
ood_combo,DS03,13,72,LPT_flow_mod,7,0,-0.138496910841689,-0.399738525817535,1,1,3,3,3,3,0.171909621039937,0
ood_combo,DS03,13,72,LPC_eff_mod,8,0,0,-0.00072279269406044,0,0,0,0,3,3,0.171909621039937,0
ood_combo,DS03,13,72,LPC_flow_mod,9,0,0,-0.00832165325036741,0,0,0,0,3,3,0.171909621039937,0
ood_combo,DS03,13,73,HPT_eff_mod,1,0,-0.342471703797115,-0.0845763952125281,1,1,3,2,3,3,0.204862948097804,0
ood_combo,DS03,13,73,fan_eff_mod,2,0,0,-0,0,0,0,0,3,3,0.204862948097804,0
ood_combo,DS03,13,73,fan_flow_mod,3,0,0,-0.0020694220947806,0,0,0,0,3,3,0.204862948097804,0
ood_combo,DS03,13,73,HPC_eff_mod,4,0,0,-0.00627915295264548,0,0,0,0,3,3,0.204862948097804,0
ood_combo,DS03,13,73,HPC_flow_mod,5,0,0,-0,0,0,0,0,3,3,0.204862948097804,0
ood_combo,DS03,13,73,LPT_eff_mod,6,0,-0.457972724616529,-0.614949387470724,1,1,3,3,3,3,0.204862948097804,0
ood_combo,DS03,13,73,LPT_flow_mod,7,0,-0.135867765261282,-0.439198608217278,1,1,3,3,3,3,0.204862948097804,0
ood_combo,DS03,13,73,LPC_eff_mod,8,0,0,-0.00072279269406044,0,0,0,0,3,3,0.204862948097804,0
ood_combo,DS03,13,73,LPC_flow_mod,9,0,0,-0.00832165325036741,0,0,0,0,3,3,0.204862948097804,0
ood_combo,DS03,13,74,HPT_eff_mod,1,0,-0.353575271211188,-0.0845763952125281,1,1,3,2,3,3,0.0820531304712628,0
ood_combo,DS03,13,74,fan_eff_mod,2,0,0,-0.00152991920378896,0,0,0,0,3,3,0.0820531304712628,0
ood_combo,DS03,13,74,fan_flow_mod,3,0,0,-0.0020694220947806,0,0,0,0,3,3,0.0820531304712628,0
ood_combo,DS03,13,74,HPC_eff_mod,4,0,0,-0.00627915295264548,0,0,0,0,3,3,0.0820531304712628,0
ood_combo,DS03,13,74,HPC_flow_mod,5,0,0,-0,0,0,0,0,3,3,0.0820531304712628,0
ood_combo,DS03,13,74,LPT_eff_mod,6,0,-0.491627218363816,-0.629368105925832,1,1,3,3,3,3,0.0820531304712628,0
ood_combo,DS03,13,74,LPT_flow_mod,7,0,-0.152208181056541,-0.459580658021289,1,1,3,3,3,3,0.0820531304712628,0
ood_combo,DS03,13,74,LPC_eff_mod,8,0,0,-0.00072279269406044,0,0,0,0,3,3,0.0820531304712628,0
ood_combo,DS03,13,74,LPC_flow_mod,9,0,0,-0.00832165325036741,0,0,0,0,3,3,0.0820531304712628,0
ood_combo,DS03,13,75,HPT_eff_mod,1,0,-0.370938380241049,-0.0845763952125281,1,1,3,2,3,3,0.234442073348828,0
ood_combo,DS03,13,75,fan_eff_mod,2,0,0,-0.00152991920378896,0,0,0,0,3,3,0.234442073348828,0
ood_combo,DS03,13,75,fan_flow_mod,3,0,0,-0.0020694220947806,0,0,0,0,3,3,0.234442073348828,0
ood_combo,DS03,13,75,HPC_eff_mod,4,0,0,-0.00627915295264548,0,0,0,0,3,3,0.234442073348828,0
ood_combo,DS03,13,75,HPC_flow_mod,5,0,0,-0,0,0,0,0,3,3,0.234442073348828,0
ood_combo,DS03,13,75,LPT_eff_mod,6,0,-0.52542564069602,-0.695478921737022,1,1,3,3,3,3,0.234442073348828,0
ood_combo,DS03,13,75,LPT_flow_mod,7,0,-0.151886203050501,-0.490898612436234,1,1,3,3,3,3,0.234442073348828,0
ood_combo,DS03,13,75,LPC_eff_mod,8,0,0,-0.00072279269406044,0,0,0,0,3,3,0.234442073348828,0
ood_combo,DS03,13,75,LPC_flow_mod,9,0,0,-0.00832165325036741,0,0,0,0,3,3,0.234442073348828,0
ood_combo,DS03,13,76,HPT_eff_mod,1,0,-0.393316595495088,-0.0845763952125281,1,1,3,2,3,3,0.121198642236413,0
ood_combo,DS03,13,76,fan_eff_mod,2,0,0,-0.00152991920378896,0,0,0,0,3,3,0.121198642236413,0
ood_combo,DS03,13,76,fan_flow_mod,3,0,0,-0.00275415768626848,0,0,0,0,3,3,0.121198642236413,0
ood_combo,DS03,13,76,HPC_eff_mod,4,0,0,-0.00627915295264548,0,0,0,0,3,3,0.121198642236413,0
ood_combo,DS03,13,76,HPC_flow_mod,5,0,0,-0,0,0,0,0,3,3,0.121198642236413,0
ood_combo,DS03,13,76,LPT_eff_mod,6,0,-0.555393251236657,-0.695478921737022,1,1,3,3,3,3,0.121198642236413,0
ood_combo,DS03,13,76,LPT_flow_mod,7,0,-0.170173911205978,-0.515998477091381,1,1,3,3,3,3,0.121198642236413,0
ood_combo,DS03,13,76,LPC_eff_mod,8,0,0,-0.00072279269406044,0,0,0,0,3,3,0.121198642236413,0
ood_combo,DS03,13,76,LPC_flow_mod,9,0,0,-0.00832165325036741,0,0,0,0,3,3,0.121198642236413,0
ood_combo,DS03,13,77,HPT_eff_mod,1,0,-0.415138802530215,-0.0845763952125281,1,1,3,2,3,3,0.090152406358163,0
ood_combo,DS03,13,77,fan_eff_mod,2,0,0,-0.00152991920378896,0,0,0,0,3,3,0.090152406358163,0
ood_combo,DS03,13,77,fan_flow_mod,3,0,0,-0.00275415768626848,0,0,0,0,3,3,0.090152406358163,0
ood_combo,DS03,13,77,HPC_eff_mod,4,0,0,-0.00627915295264548,0,0,0,0,3,3,0.090152406358163,0
ood_combo,DS03,13,77,HPC_flow_mod,5,0,0,-0,0,0,0,0,3,3,0.090152406358163,0
ood_combo,DS03,13,77,LPT_eff_mod,6,0,-0.589685010014352,-0.748517714460006,1,1,3,3,3,3,0.090152406358163,0
ood_combo,DS03,13,77,LPT_flow_mod,7,0,-0.158137492590228,-0.53685898811399,1,1,3,3,3,3,0.090152406358163,0
ood_combo,DS03,13,77,LPC_eff_mod,8,0,0,-0.00072279269406044,0,0,0,0,3,3,0.090152406358163,0
ood_combo,DS03,13,77,LPC_flow_mod,9,0,0,-0.00832165325036741,0,0,0,0,3,3,0.090152406358163,0
ood_combo,DS03,14,1,HPT_eff_mod,1,1,-0.00124471493296571,-0,0,0,0,0,0,0,0.0553726535574835,0
ood_combo,DS03,14,1,fan_eff_mod,2,1,0,-0,0,0,0,0,0,0,0.0553726535574835,0
ood_combo,DS03,14,1,fan_flow_mod,3,1,0,-0,0,0,0,0,0,0,0.0553726535574835,0
ood_combo,DS03,14,1,HPC_eff_mod,4,1,0,-0,0,0,0,0,0,0,0.0553726535574835,0
ood_combo,DS03,14,1,HPC_flow_mod,5,1,0,-0,0,0,0,0,0,0,0.0553726535574835,0
ood_combo,DS03,14,1,LPT_eff_mod,6,1,0.00108970190566666,-0,0,0,0,0,0,0,0.0553726535574835,0
ood_combo,DS03,14,1,LPT_flow_mod,7,1,-0.00370688783967513,-0,0,0,0,0,0,0,0.0553726535574835,0
ood_combo,DS03,14,1,LPC_eff_mod,8,1,0,-0,0,0,0,0,0,0,0.0553726535574835,0
ood_combo,DS03,14,1,LPC_flow_mod,9,1,0,-0,0,0,0,0,0,0,0.0553726535574835,0
ood_combo,DS03,14,2,HPT_eff_mod,1,1,-0.00460150648652801,-0,0,0,0,0,0,0,0.0641482096147039,0
ood_combo,DS03,14,2,fan_eff_mod,2,1,0,-0,0,0,0,0,0,0,0.0641482096147039,0
ood_combo,DS03,14,2,fan_flow_mod,3,1,0,-0,0,0,0,0,0,0,0.0641482096147039,0
ood_combo,DS03,14,2,HPC_eff_mod,4,1,0,-0,0,0,0,0,0,0,0.0641482096147039,0
ood_combo,DS03,14,2,HPC_flow_mod,5,1,0,-0,0,0,0,0,0,0,0.0641482096147039,0
ood_combo,DS03,14,2,LPT_eff_mod,6,1,-0.00253798751690675,-0,0,0,0,0,0,0,0.0641482096147039,0
ood_combo,DS03,14,2,LPT_flow_mod,7,1,0.00275207771038021,-0,0,0,0,0,0,0,0.0641482096147039,0
ood_combo,DS03,14,2,LPC_eff_mod,8,1,0,-0,0,0,0,0,0,0,0.0641482096147039,0
ood_combo,DS03,14,2,LPC_flow_mod,9,1,0,-0,0,0,0,0,0,0,0.0641482096147039,0
ood_combo,DS03,14,3,HPT_eff_mod,1,1,0.00584622141949299,-0,0,0,0,0,0,0,0.0832242291851948,0
ood_combo,DS03,14,3,fan_eff_mod,2,1,0,-0,0,0,0,0,0,0,0.0832242291851948,0
ood_combo,DS03,14,3,fan_flow_mod,3,1,0,-0,0,0,0,0,0,0,0.0832242291851948,0
ood_combo,DS03,14,3,HPC_eff_mod,4,1,0,-0,0,0,0,0,0,0,0.0832242291851948,0
ood_combo,DS03,14,3,HPC_flow_mod,5,1,0,-0,0,0,0,0,0,0,0.0832242291851948,0
ood_combo,DS03,14,3,LPT_eff_mod,6,1,0.0014482856112409,-0,0,0,0,0,0,0,0.0832242291851948,0
ood_combo,DS03,14,3,LPT_flow_mod,7,1,0.000954810129294695,-0,0,0,0,0,0,0,0.0832242291851948,0
ood_combo,DS03,14,3,LPC_eff_mod,8,1,0,-0,0,0,0,0,0,0,0.0832242291851948,0
ood_combo,DS03,14,3,LPC_flow_mod,9,1,0,-0,0,0,0,0,0,0,0.0832242291851948,0
ood_combo,DS03,14,4,HPT_eff_mod,1,1,0.0023901841496012,-0,0,0,0,0,0,0,0.188413641595144,0
ood_combo,DS03,14,4,fan_eff_mod,2,1,0,-0,0,0,0,0,0,0,0.188413641595144,0
ood_combo,DS03,14,4,fan_flow_mod,3,1,0,-0.000524967380059485,0,0,0,0,0,0,0.188413641595144,0
ood_combo,DS03,14,4,HPC_eff_mod,4,1,0,-0,0,0,0,0,0,0,0.188413641595144,0
ood_combo,DS03,14,4,HPC_flow_mod,5,1,0,-0,0,0,0,0,0,0,0.188413641595144,0
ood_combo,DS03,14,4,LPT_eff_mod,6,1,-0.00343800969460278,-0,0,0,0,0,0,0,0.188413641595144,0
ood_combo,DS03,14,4,LPT_flow_mod,7,1,-0.00933017338640988,-0.00676047837701316,0,0,0,0,0,0,0.188413641595144,0
ood_combo,DS03,14,4,LPC_eff_mod,8,1,0,-0,0,0,0,0,0,0,0.188413641595144,0
ood_combo,DS03,14,4,LPC_flow_mod,9,1,0,-0,0,0,0,0,0,0,0.188413641595144,0
ood_combo,DS03,14,5,HPT_eff_mod,1,1,0.00533653718662707,-0,0,0,0,0,0,0,0.123902138114011,0
ood_combo,DS03,14,5,fan_eff_mod,2,1,0,-0,0,0,0,0,0,0,0.123902138114011,0
ood_combo,DS03,14,5,fan_flow_mod,3,1,0,-0.000524967380059485,0,0,0,0,0,0,0.123902138114011,0
ood_combo,DS03,14,5,HPC_eff_mod,4,1,0,-0,0,0,0,0,0,0,0.123902138114011,0
ood_combo,DS03,14,5,HPC_flow_mod,5,1,0,-0.000731594074480005,0,0,0,0,0,0,0.123902138114011,0
ood_combo,DS03,14,5,LPT_eff_mod,6,1,-0.00434663472556904,-0,0,0,0,0,0,0,0.123902138114011,0
ood_combo,DS03,14,5,LPT_flow_mod,7,1,-0.00937983150402389,-0.00676047837701316,0,0,0,0,0,0,0.123902138114011,0
ood_combo,DS03,14,5,LPC_eff_mod,8,1,0,-0,0,0,0,0,0,0,0.123902138114011,0
ood_combo,DS03,14,5,LPC_flow_mod,9,1,0,-0,0,0,0,0,0,0,0.123902138114011,0
ood_combo,DS03,14,6,HPT_eff_mod,1,1,-0.0083049316727261,-0,0,0,0,0,0,0,0.135700126691299,0
ood_combo,DS03,14,6,fan_eff_mod,2,1,0,-0,0,0,0,0,0,0,0.135700126691299,0
ood_combo,DS03,14,6,fan_flow_mod,3,1,0,-0.000524967380059485,0,0,0,0,0,0,0.135700126691299,0
ood_combo,DS03,14,6,HPC_eff_mod,4,1,0,-0,0,0,0,0,0,0,0.135700126691299,0
ood_combo,DS03,14,6,HPC_flow_mod,5,1,0,-0.000731594074480005,0,0,0,0,0,0,0.135700126691299,0
ood_combo,DS03,14,6,LPT_eff_mod,6,1,-0.000395024311490378,-0,0,0,0,0,0,0,0.135700126691299,0
ood_combo,DS03,14,6,LPT_flow_mod,7,1,-0.00586665617947873,-0.00779926615828352,0,0,0,0,0,0,0.135700126691299,0
ood_combo,DS03,14,6,LPC_eff_mod,8,1,0,-0,0,0,0,0,0,0,0.135700126691299,0
ood_combo,DS03,14,6,LPC_flow_mod,9,1,0,-0,0,0,0,0,0,0,0.135700126691299,0
ood_combo,DS03,14,7,HPT_eff_mod,1,1,-0.000778805186035188,-0,0,0,0,0,0,0,0.191912012870521,0
ood_combo,DS03,14,7,fan_eff_mod,2,1,0,-0,0,0,0,0,0,0,0.191912012870521,0
ood_combo,DS03,14,7,fan_flow_mod,3,1,0,-0.000524967380059485,0,0,0,0,0,0,0.191912012870521,0
ood_combo,DS03,14,7,HPC_eff_mod,4,1,0,-0,0,0,0,0,0,0,0.191912012870521,0
ood_combo,DS03,14,7,HPC_flow_mod,5,1,0,-0.000731594074480005,0,0,0,0,0,0,0.191912012870521,0
ood_combo,DS03,14,7,LPT_eff_mod,6,1,-0.000392777688461174,-0,0,0,0,0,0,0,0.191912012870521,0
ood_combo,DS03,14,7,LPT_flow_mod,7,1,-0.00733562805419397,-0.00779926615828352,0,0,0,0,0,0,0.191912012870521,0
ood_combo,DS03,14,7,LPC_eff_mod,8,1,0,-0,0,0,0,0,0,0,0.191912012870521,0
ood_combo,DS03,14,7,LPC_flow_mod,9,1,0,-0,0,0,0,0,0,0,0.191912012870521,0
ood_combo,DS03,14,8,HPT_eff_mod,1,1,0.00568199188357565,-0,0,0,0,0,0,0,0.0845991666898894,0
ood_combo,DS03,14,8,fan_eff_mod,2,1,0,-0,0,0,0,0,0,0,0.0845991666898894,0
ood_combo,DS03,14,8,fan_flow_mod,3,1,0,-0.000524967380059485,0,0,0,0,0,0,0.0845991666898894,0
ood_combo,DS03,14,8,HPC_eff_mod,4,1,0,-0,0,0,0,0,0,0,0.0845991666898894,0
ood_combo,DS03,14,8,HPC_flow_mod,5,1,0,-0.000731594074480005,0,0,0,0,0,0,0.0845991666898894,0
ood_combo,DS03,14,8,LPT_eff_mod,6,1,-0.00102726190000118,-0.00294063041361398,0,0,0,0,0,0,0.0845991666898894,0
ood_combo,DS03,14,8,LPT_flow_mod,7,1,-0.00634570663464398,-0.00779926615828352,0,0,0,0,0,0,0.0845991666898894,0
ood_combo,DS03,14,8,LPC_eff_mod,8,1,0,-0,0,0,0,0,0,0,0.0845991666898894,0
ood_combo,DS03,14,8,LPC_flow_mod,9,1,0,-0,0,0,0,0,0,0,0.0845991666898894,0
ood_combo,DS03,14,9,HPT_eff_mod,1,1,-0.00326143736612379,-0.00471342656015379,0,0,0,0,0,0,0.0773346124041462,0
ood_combo,DS03,14,9,fan_eff_mod,2,1,0,-0,0,0,0,0,0,0,0.0773346124041462,0
ood_combo,DS03,14,9,fan_flow_mod,3,1,0,-0.000524967380059485,0,0,0,0,0,0,0.0773346124041462,0
ood_combo,DS03,14,9,HPC_eff_mod,4,1,0,-0,0,0,0,0,0,0,0.0773346124041462,0
ood_combo,DS03,14,9,HPC_flow_mod,5,1,0,-0.000731594074480005,0,0,0,0,0,0,0.0773346124041462,0
ood_combo,DS03,14,9,LPT_eff_mod,6,1,0.000997804774404493,-0.00518313579210355,0,0,0,0,0,0,0.0773346124041462,0
ood_combo,DS03,14,9,LPT_flow_mod,7,1,-0.00904147562283376,-0.00779926615828352,0,0,0,0,0,0,0.0773346124041462,0
ood_combo,DS03,14,9,LPC_eff_mod,8,1,0,-0,0,0,0,0,0,0,0.0773346124041462,0
ood_combo,DS03,14,9,LPC_flow_mod,9,1,0,-0,0,0,0,0,0,0,0.0773346124041462,0
ood_combo,DS03,14,10,HPT_eff_mod,1,1,-0.00986623039643919,-0.00471342656015379,0,0,0,0,0,0,0.0845145008357729,0
ood_combo,DS03,14,10,fan_eff_mod,2,1,0,-0,0,0,0,0,0,0,0.0845145008357729,0
ood_combo,DS03,14,10,fan_flow_mod,3,1,0,-0.000524967380059485,0,0,0,0,0,0,0.0845145008357729,0
ood_combo,DS03,14,10,HPC_eff_mod,4,1,0,-0,0,0,0,0,0,0,0.0845145008357729,0
ood_combo,DS03,14,10,HPC_flow_mod,5,1,0,-0.000731594074480005,0,0,0,0,0,0,0.0845145008357729,0
ood_combo,DS03,14,10,LPT_eff_mod,6,1,-0.0055700466592523,-0.00757293509043963,0,0,0,0,0,0,0.0845145008357729,0
ood_combo,DS03,14,10,LPT_flow_mod,7,1,-0.00326289998337946,-0.00779926615828352,0,0,0,0,0,0,0.0845145008357729,0
ood_combo,DS03,14,10,LPC_eff_mod,8,1,0,-0,0,0,0,0,0,0,0.0845145008357729,0
ood_combo,DS03,14,10,LPC_flow_mod,9,1,0,-0,0,0,0,0,0,0,0.0845145008357729,0
ood_combo,DS03,14,11,HPT_eff_mod,1,1,-0.00370130368309186,-0.00471342656015379,0,0,0,0,0,0,0.154802589625058,0
ood_combo,DS03,14,11,fan_eff_mod,2,1,0,-0,0,0,0,0,0,0,0.154802589625058,0
ood_combo,DS03,14,11,fan_flow_mod,3,1,0,-0.000524967380059485,0,0,0,0,0,0,0.154802589625058,0
ood_combo,DS03,14,11,HPC_eff_mod,4,1,0,-0,0,0,0,0,0,0,0.154802589625058,0
ood_combo,DS03,14,11,HPC_flow_mod,5,1,0,-0.000731594074480005,0,0,0,0,0,0,0.154802589625058,0
ood_combo,DS03,14,11,LPT_eff_mod,6,1,-0.00482504269598383,-0.00757293509043963,0,0,0,0,0,0,0.154802589625058,0
ood_combo,DS03,14,11,LPT_flow_mod,7,1,-0.00632837218381425,-0.00779926615828352,0,0,0,0,0,0,0.154802589625058,0
ood_combo,DS03,14,11,LPC_eff_mod,8,1,0,-0,0,0,0,0,0,0,0.154802589625058,0
ood_combo,DS03,14,11,LPC_flow_mod,9,1,0,-0,0,0,0,0,0,0,0.154802589625058,0
ood_combo,DS03,14,12,HPT_eff_mod,1,1,-0.00362569653738782,-0.00471342656015379,0,0,0,0,0,0,0.137859620895054,0
ood_combo,DS03,14,12,fan_eff_mod,2,1,0,-0,0,0,0,0,0,0,0.137859620895054,0
ood_combo,DS03,14,12,fan_flow_mod,3,1,0,-0.000524967380059485,0,0,0,0,0,0,0.137859620895054,0
ood_combo,DS03,14,12,HPC_eff_mod,4,1,0,-0,0,0,0,0,0,0,0.137859620895054,0
ood_combo,DS03,14,12,HPC_flow_mod,5,1,0,-0.000731594074480005,0,0,0,0,0,0,0.137859620895054,0
ood_combo,DS03,14,12,LPT_eff_mod,6,1,-0.00596022581411427,-0.00757293509043963,0,0,0,0,0,0,0.137859620895054,0
ood_combo,DS03,14,12,LPT_flow_mod,7,1,-0.00876468154472454,-0.00779926615828352,0,0,0,0,0,0,0.137859620895054,0
ood_combo,DS03,14,12,LPC_eff_mod,8,1,0,-0,0,0,0,0,0,0,0.137859620895054,0
ood_combo,DS03,14,12,LPC_flow_mod,9,1,0,-0,0,0,0,0,0,0,0.137859620895054,0
ood_combo,DS03,14,13,HPT_eff_mod,1,1,-0.0180482525181469,-0.00471342656015379,0,1,0,1,0,1,0.191229390681964,0
ood_combo,DS03,14,13,fan_eff_mod,2,1,0,-0,0,0,0,0,0,1,0.191229390681964,0
ood_combo,DS03,14,13,fan_flow_mod,3,1,0,-0.000524967380059485,0,0,0,0,0,1,0.191229390681964,0
ood_combo,DS03,14,13,HPC_eff_mod,4,1,0,-0,0,0,0,0,0,1,0.191229390681964,0
ood_combo,DS03,14,13,HPC_flow_mod,5,1,0,-0.000731594074480005,0,0,0,0,0,1,0.191229390681964,0
ood_combo,DS03,14,13,LPT_eff_mod,6,1,-0.00677226992623382,-0.00757293509043963,0,0,0,0,0,1,0.191229390681964,0
ood_combo,DS03,14,13,LPT_flow_mod,7,1,-0.00929559644088505,-0.0226856563735474,0,0,0,0,0,1,0.191229390681964,0
ood_combo,DS03,14,13,LPC_eff_mod,8,1,0,-0,0,0,0,0,0,1,0.191229390681964,0
ood_combo,DS03,14,13,LPC_flow_mod,9,1,0,-0,0,0,0,0,0,1,0.191229390681964,0
ood_combo,DS03,14,14,HPT_eff_mod,1,1,-0.0163742732151059,-0.00471342656015379,0,1,0,1,0,1,0.0952677004045952,0
ood_combo,DS03,14,14,fan_eff_mod,2,1,0,-0,0,0,0,0,0,1,0.0952677004045952,0
ood_combo,DS03,14,14,fan_flow_mod,3,1,0,-0.000524967380059485,0,0,0,0,0,1,0.0952677004045952,0
ood_combo,DS03,14,14,HPC_eff_mod,4,1,0,-0,0,0,0,0,0,1,0.0952677004045952,0
ood_combo,DS03,14,14,HPC_flow_mod,5,1,0,-0.000731594074480005,0,0,0,0,0,1,0.0952677004045952,0
ood_combo,DS03,14,14,LPT_eff_mod,6,1,-0.00777974715421744,-0.0149981399180526,0,0,0,0,0,1,0.0952677004045952,0
ood_combo,DS03,14,14,LPT_flow_mod,7,1,-0.0131708954643859,-0.0226856563735474,0,0,0,0,0,1,0.0952677004045952,0
ood_combo,DS03,14,14,LPC_eff_mod,8,1,0,-0,0,0,0,0,0,1,0.0952677004045952,0
ood_combo,DS03,14,14,LPC_flow_mod,9,1,0,-0,0,0,0,0,0,1,0.0952677004045952,0
ood_combo,DS03,14,15,HPT_eff_mod,1,1,-0.0173701957335005,-0.00471342656015379,0,1,0,1,0,1,0.161441424617535,0
ood_combo,DS03,14,15,fan_eff_mod,2,1,0,-0,0,0,0,0,0,1,0.161441424617535,0
ood_combo,DS03,14,15,fan_flow_mod,3,1,0,-0.000524967380059485,0,0,0,0,0,1,0.161441424617535,0
ood_combo,DS03,14,15,HPC_eff_mod,4,1,0,-0,0,0,0,0,0,1,0.161441424617535,0
ood_combo,DS03,14,15,HPC_flow_mod,5,1,0,-0.000731594074480005,0,0,0,0,0,1,0.161441424617535,0
ood_combo,DS03,14,15,LPT_eff_mod,6,1,-0.00599931618537318,-0.0149981399180526,0,0,0,0,0,1,0.161441424617535,0
ood_combo,DS03,14,15,LPT_flow_mod,7,1,-0.0152738368553827,-0.0226856563735474,0,0,0,0,0,1,0.161441424617535,0
ood_combo,DS03,14,15,LPC_eff_mod,8,1,0,-0,0,0,0,0,0,1,0.161441424617535,0
ood_combo,DS03,14,15,LPC_flow_mod,9,1,0,-0,0,0,0,0,0,1,0.161441424617535,0
ood_combo,DS03,14,16,HPT_eff_mod,1,1,-0.000720363288097589,-0.00471342656015379,0,1,0,1,0,1,0.124125835848782,0
ood_combo,DS03,14,16,fan_eff_mod,2,1,0,-0,0,0,0,0,0,1,0.124125835848782,0
ood_combo,DS03,14,16,fan_flow_mod,3,1,0,-0.000524967380059485,0,0,0,0,0,1,0.124125835848782,0
ood_combo,DS03,14,16,HPC_eff_mod,4,1,0,-0,0,0,0,0,0,1,0.124125835848782,0
ood_combo,DS03,14,16,HPC_flow_mod,5,1,0,-0.000731594074480005,0,0,0,0,0,1,0.124125835848782,0
ood_combo,DS03,14,16,LPT_eff_mod,6,1,-0.00942429965840067,-0.0149981399180526,0,0,0,0,0,1,0.124125835848782,0
ood_combo,DS03,14,16,LPT_flow_mod,7,1,-0.013908050987317,-0.0226856563735474,0,0,0,0,0,1,0.124125835848782,0
ood_combo,DS03,14,16,LPC_eff_mod,8,1,0,-0,0,0,0,0,0,1,0.124125835848782,0
ood_combo,DS03,14,16,LPC_flow_mod,9,1,0,-0,0,0,0,0,0,1,0.124125835848782,0
ood_combo,DS03,14,17,HPT_eff_mod,1,1,-0.00854228725534679,-0.00471342656015379,0,1,0,1,0,2,0.166947704929739,0
ood_combo,DS03,14,17,fan_eff_mod,2,1,0,-0,0,0,0,0,0,2,0.166947704929739,0
ood_combo,DS03,14,17,fan_flow_mod,3,1,0,-0.000524967380059485,0,0,0,0,0,2,0.166947704929739,0
ood_combo,DS03,14,17,HPC_eff_mod,4,1,0,-0,0,0,0,0,0,2,0.166947704929739,0
ood_combo,DS03,14,17,HPC_flow_mod,5,1,0,-0.000731594074480005,0,0,0,0,0,2,0.166947704929739,0
ood_combo,DS03,14,17,LPT_eff_mod,6,1,-0.0054069188722286,-0.0149981399180526,0,0,0,0,0,2,0.166947704929739,0
ood_combo,DS03,14,17,LPT_flow_mod,7,1,-0.0156977578616591,-0.0226856563735474,0,1,0,2,0,2,0.166947704929739,0
ood_combo,DS03,14,17,LPC_eff_mod,8,1,0,-0,0,0,0,0,0,2,0.166947704929739,0
ood_combo,DS03,14,17,LPC_flow_mod,9,1,0,-0,0,0,0,0,0,2,0.166947704929739,0
ood_combo,DS03,14,18,HPT_eff_mod,1,1,-0.0189029774291353,-0.00471342656015379,0,1,0,1,0,2,0.0842720593255044,0
ood_combo,DS03,14,18,fan_eff_mod,2,1,0,-0,0,0,0,0,0,2,0.0842720593255044,0
ood_combo,DS03,14,18,fan_flow_mod,3,1,0,-0.000524967380059485,0,0,0,0,0,2,0.0842720593255044,0
ood_combo,DS03,14,18,HPC_eff_mod,4,1,0,-0,0,0,0,0,0,2,0.0842720593255044,0
ood_combo,DS03,14,18,HPC_flow_mod,5,1,0,-0.000731594074480005,0,0,0,0,0,2,0.0842720593255044,0
ood_combo,DS03,14,18,LPT_eff_mod,6,1,-0.0135256731597075,-0.0164516767302832,0,1,0,1,0,2,0.0842720593255044,0
ood_combo,DS03,14,18,LPT_flow_mod,7,1,-0.00775106861749539,-0.0226856563735474,0,1,0,2,0,2,0.0842720593255044,0
ood_combo,DS03,14,18,LPC_eff_mod,8,1,0,-0,0,0,0,0,0,2,0.0842720593255044,0
ood_combo,DS03,14,18,LPC_flow_mod,9,1,0,-0,0,0,0,0,0,2,0.0842720593255044,0
ood_combo,DS03,14,19,HPT_eff_mod,1,1,-0.0175829948621013,-0.00471342656015379,0,1,0,1,0,2,0.0722973062261197,0
ood_combo,DS03,14,19,fan_eff_mod,2,1,0,-0,0,0,0,0,0,2,0.0722973062261197,0
ood_combo,DS03,14,19,fan_flow_mod,3,1,0,-0.000524967380059485,0,0,0,0,0,2,0.0722973062261197,0
ood_combo,DS03,14,19,HPC_eff_mod,4,1,0,-0,0,0,0,0,0,2,0.0722973062261197,0
ood_combo,DS03,14,19,HPC_flow_mod,5,1,0,-0.000731594074480005,0,0,0,0,0,2,0.0722973062261197,0
ood_combo,DS03,14,19,LPT_eff_mod,6,1,-0.00583703428771873,-0.0164516767302832,0,1,0,1,0,2,0.0722973062261197,0
ood_combo,DS03,14,19,LPT_flow_mod,7,1,-0.00814199675235794,-0.0263373286593694,0,1,0,2,0,2,0.0722973062261197,0
ood_combo,DS03,14,19,LPC_eff_mod,8,1,0,-0,0,0,0,0,0,2,0.0722973062261197,0
ood_combo,DS03,14,19,LPC_flow_mod,9,1,0,-0,0,0,0,0,0,2,0.0722973062261197,0
ood_combo,DS03,14,20,HPT_eff_mod,1,1,-0.0168936331461585,-0.00471342656015379,0,1,0,1,0,2,0.0861832432051058,0
ood_combo,DS03,14,20,fan_eff_mod,2,1,0,-0,0,0,0,0,0,2,0.0861832432051058,0
ood_combo,DS03,14,20,fan_flow_mod,3,1,0,-0.000524967380059485,0,0,0,0,0,2,0.0861832432051058,0
ood_combo,DS03,14,20,HPC_eff_mod,4,1,0,-0,0,0,0,0,0,2,0.0861832432051058,0
ood_combo,DS03,14,20,HPC_flow_mod,5,1,0,-0.000731594074480005,0,0,0,0,0,2,0.0861832432051058,0
ood_combo,DS03,14,20,LPT_eff_mod,6,1,-0.0138386807772064,-0.0164516767302832,0,1,0,1,0,2,0.0861832432051058,0
ood_combo,DS03,14,20,LPT_flow_mod,7,1,-0.0161833701523215,-0.0287258608938055,0,1,0,2,0,2,0.0861832432051058,0
ood_combo,DS03,14,20,LPC_eff_mod,8,1,0,-0,0,0,0,0,0,2,0.0861832432051058,0
ood_combo,DS03,14,20,LPC_flow_mod,9,1,0,-0,0,0,0,0,0,2,0.0861832432051058,0
ood_combo,DS03,14,21,HPT_eff_mod,1,1,-0.0202325249759994,-0.00471342656015379,0,1,0,1,0,2,0.0687720132720072,0
ood_combo,DS03,14,21,fan_eff_mod,2,1,0,-0,0,0,0,0,0,2,0.0687720132720072,0
ood_combo,DS03,14,21,fan_flow_mod,3,1,0,-0.000524967380059485,0,0,0,0,0,2,0.0687720132720072,0
ood_combo,DS03,14,21,HPC_eff_mod,4,1,0,-0,0,0,0,0,0,2,0.0687720132720072,0
ood_combo,DS03,14,21,HPC_flow_mod,5,1,0,-0.000731594074480005,0,0,0,0,0,2,0.0687720132720072,0
ood_combo,DS03,14,21,LPT_eff_mod,6,1,-0.0072685809449888,-0.0164516767302832,0,1,0,1,0,2,0.0687720132720072,0
ood_combo,DS03,14,21,LPT_flow_mod,7,1,-0.00989445425926571,-0.0287258608938055,0,1,0,2,0,2,0.0687720132720072,0
ood_combo,DS03,14,21,LPC_eff_mod,8,1,0,-0,0,0,0,0,0,2,0.0687720132720072,0
ood_combo,DS03,14,21,LPC_flow_mod,9,1,0,-0,0,0,0,0,0,2,0.0687720132720072,0
ood_combo,DS03,14,22,HPT_eff_mod,1,1,-0.020663720087885,-0.00471342656015379,0,1,0,1,0,2,0.087465835206434,0
ood_combo,DS03,14,22,fan_eff_mod,2,1,0,-0,0,0,0,0,0,2,0.087465835206434,0
ood_combo,DS03,14,22,fan_flow_mod,3,1,0,-0.000524967380059485,0,0,0,0,0,2,0.087465835206434,0
ood_combo,DS03,14,22,HPC_eff_mod,4,1,0,-0,0,0,0,0,0,2,0.087465835206434,0
ood_combo,DS03,14,22,HPC_flow_mod,5,1,0,-0.000731594074480005,0,0,0,0,0,2,0.087465835206434,0
ood_combo,DS03,14,22,LPT_eff_mod,6,1,-0.0118466456377351,-0.0164516767302832,0,1,0,1,0,2,0.087465835206434,0
ood_combo,DS03,14,22,LPT_flow_mod,7,1,-0.0142182041024512,-0.0287258608938055,0,1,0,2,0,2,0.087465835206434,0
ood_combo,DS03,14,22,LPC_eff_mod,8,1,0,-0,0,0,0,0,0,2,0.087465835206434,0
ood_combo,DS03,14,22,LPC_flow_mod,9,1,0,-0,0,0,0,0,0,2,0.087465835206434,0
ood_combo,DS03,14,23,HPT_eff_mod,1,1,-0.00884931817766112,-0.00471342656015379,0,1,0,1,0,2,0.106042671220955,0
ood_combo,DS03,14,23,fan_eff_mod,2,1,0,-0,0,0,0,0,0,2,0.106042671220955,0
ood_combo,DS03,14,23,fan_flow_mod,3,1,0,-0.000524967380059485,0,0,0,0,0,2,0.106042671220955,0
ood_combo,DS03,14,23,HPC_eff_mod,4,1,0,-0,0,0,0,0,0,2,0.106042671220955,0
ood_combo,DS03,14,23,HPC_flow_mod,5,1,0,-0.000731594074480005,0,0,0,0,0,2,0.106042671220955,0
ood_combo,DS03,14,23,LPT_eff_mod,6,1,-0.00846439503975639,-0.0164516767302832,0,1,0,1,0,2,0.106042671220955,0
ood_combo,DS03,14,23,LPT_flow_mod,7,1,-0.0164750863665394,-0.0287258608938055,0,1,0,2,0,2,0.106042671220955,0
ood_combo,DS03,14,23,LPC_eff_mod,8,1,0,-0,0,0,0,0,0,2,0.106042671220955,0
ood_combo,DS03,14,23,LPC_flow_mod,9,1,0,-0,0,0,0,0,0,2,0.106042671220955,0
ood_combo,DS03,14,24,HPT_eff_mod,1,1,-0.0243016867984576,-0.00471342656015379,0,1,0,1,0,2,0.138363710514871,0
ood_combo,DS03,14,24,fan_eff_mod,2,1,0,-0,0,0,0,0,0,2,0.138363710514871,0
ood_combo,DS03,14,24,fan_flow_mod,3,1,0,-0.000524967380059485,0,0,0,0,0,2,0.138363710514871,0
ood_combo,DS03,14,24,HPC_eff_mod,4,1,0,-0,0,0,0,0,0,2,0.138363710514871,0
ood_combo,DS03,14,24,HPC_flow_mod,5,1,0,-0.000731594074480005,0,0,0,0,0,2,0.138363710514871,0
ood_combo,DS03,14,24,LPT_eff_mod,6,1,-0.00679767642615817,-0.0164516767302832,0,1,0,1,0,2,0.138363710514871,0
ood_combo,DS03,14,24,LPT_flow_mod,7,1,-0.010138063687865,-0.0295478417855827,0,1,0,2,0,2,0.138363710514871,0
ood_combo,DS03,14,24,LPC_eff_mod,8,1,0,-0,0,0,0,0,0,2,0.138363710514871,0
ood_combo,DS03,14,24,LPC_flow_mod,9,1,0,-0,0,0,0,0,0,2,0.138363710514871,0
ood_combo,DS03,14,25,HPT_eff_mod,1,1,-0.0311807102249393,-0.00471342656015379,0,1,0,1,0,2,0.0698589161714238,0
ood_combo,DS03,14,25,fan_eff_mod,2,1,0,-0,0,0,0,0,0,2,0.0698589161714238,0
ood_combo,DS03,14,25,fan_flow_mod,3,1,0,-0.000524967380059485,0,0,0,0,0,2,0.0698589161714238,0
ood_combo,DS03,14,25,HPC_eff_mod,4,1,0,-0,0,0,0,0,0,2,0.0698589161714238,0
ood_combo,DS03,14,25,HPC_flow_mod,5,1,0,-0.000731594074480005,0,0,0,0,0,2,0.0698589161714238,0
ood_combo,DS03,14,25,LPT_eff_mod,6,1,-0.00676015578359918,-0.0186174977562277,0,1,0,1,0,2,0.0698589161714238,0
ood_combo,DS03,14,25,LPT_flow_mod,7,1,-0.0174207908693515,-0.0348387360577785,0,1,0,2,0,2,0.0698589161714238,0
ood_combo,DS03,14,25,LPC_eff_mod,8,1,0,-0,0,0,0,0,0,2,0.0698589161714238,0
ood_combo,DS03,14,25,LPC_flow_mod,9,1,0,-0,0,0,0,0,0,2,0.0698589161714238,0
ood_combo,DS03,14,26,HPT_eff_mod,1,1,-0.0230612348067001,-0.00471342656015379,0,1,0,1,0,2,0.154553514293773,0
ood_combo,DS03,14,26,fan_eff_mod,2,1,0,-0,0,0,0,0,0,2,0.154553514293773,0
ood_combo,DS03,14,26,fan_flow_mod,3,1,0,-0.000524967380059485,0,0,0,0,0,2,0.154553514293773,0
ood_combo,DS03,14,26,HPC_eff_mod,4,1,0,-0,0,0,0,0,0,2,0.154553514293773,0
ood_combo,DS03,14,26,HPC_flow_mod,5,1,0,-0.000731594074480005,0,0,0,0,0,2,0.154553514293773,0
ood_combo,DS03,14,26,LPT_eff_mod,6,1,-0.0121703534335944,-0.0229788810584149,0,1,0,2,0,2,0.154553514293773,0
ood_combo,DS03,14,26,LPT_flow_mod,7,1,-0.0148955589324262,-0.0348387360577785,0,1,0,2,0,2,0.154553514293773,0
ood_combo,DS03,14,26,LPC_eff_mod,8,1,0,-0,0,0,0,0,0,2,0.154553514293773,0
ood_combo,DS03,14,26,LPC_flow_mod,9,1,0,-0,0,0,0,0,0,2,0.154553514293773,0
ood_combo,DS03,14,27,HPT_eff_mod,1,1,-0.019749223143801,-0.00471342656015379,0,1,0,1,0,2,0.0886779458768178,0
ood_combo,DS03,14,27,fan_eff_mod,2,1,0,-0,0,0,0,0,0,2,0.0886779458768178,0
ood_combo,DS03,14,27,fan_flow_mod,3,1,0,-0.000524967380059485,0,0,0,0,0,2,0.0886779458768178,0
ood_combo,DS03,14,27,HPC_eff_mod,4,1,0,-0,0,0,0,0,0,2,0.0886779458768178,0
ood_combo,DS03,14,27,HPC_flow_mod,5,1,0,-0.000731594074480005,0,0,0,0,0,2,0.0886779458768178,0
ood_combo,DS03,14,27,LPT_eff_mod,6,1,-0.0186084681362275,-0.0229788810584149,0,1,0,2,0,2,0.0886779458768178,0
ood_combo,DS03,14,27,LPT_flow_mod,7,1,-0.012026964684104,-0.0348387360577785,0,1,0,2,0,2,0.0886779458768178,0
ood_combo,DS03,14,27,LPC_eff_mod,8,1,0,-0,0,0,0,0,0,2,0.0886779458768178,0
ood_combo,DS03,14,27,LPC_flow_mod,9,1,0,-0,0,0,0,0,0,2,0.0886779458768178,0
ood_combo,DS03,14,28,HPT_eff_mod,1,1,-0.0247884466440313,-0.00471342656015379,0,1,0,1,0,2,0.106496225994111,0
ood_combo,DS03,14,28,fan_eff_mod,2,1,0,-0,0,0,0,0,0,2,0.106496225994111,0
ood_combo,DS03,14,28,fan_flow_mod,3,1,0,-0.000524967380059485,0,0,0,0,0,2,0.106496225994111,0
ood_combo,DS03,14,28,HPC_eff_mod,4,1,0,-0,0,0,0,0,0,2,0.106496225994111,0
ood_combo,DS03,14,28,HPC_flow_mod,5,1,0,-0.000731594074480005,0,0,0,0,0,2,0.106496225994111,0
ood_combo,DS03,14,28,LPT_eff_mod,6,1,-0.0173436821648441,-0.0229788810584149,0,1,0,2,0,2,0.106496225994111,0
ood_combo,DS03,14,28,LPT_flow_mod,7,1,-0.024201308541545,-0.046218391619396,0,1,0,2,0,2,0.106496225994111,0
ood_combo,DS03,14,28,LPC_eff_mod,8,1,0,-0,0,0,0,0,0,2,0.106496225994111,0
ood_combo,DS03,14,28,LPC_flow_mod,9,1,0,-0,0,0,0,0,0,2,0.106496225994111,0
ood_combo,DS03,14,29,HPT_eff_mod,1,1,-0.0340447687014135,-0.00471342656015379,0,1,0,1,0,2,0.110390370794169,0
ood_combo,DS03,14,29,fan_eff_mod,2,1,0,-0,0,0,0,0,0,2,0.110390370794169,0
ood_combo,DS03,14,29,fan_flow_mod,3,1,0,-0.000524967380059485,0,0,0,0,0,2,0.110390370794169,0
ood_combo,DS03,14,29,HPC_eff_mod,4,1,0,-0,0,0,0,0,0,2,0.110390370794169,0
ood_combo,DS03,14,29,HPC_flow_mod,5,1,0,-0.000731594074480005,0,0,0,0,0,2,0.110390370794169,0
ood_combo,DS03,14,29,LPT_eff_mod,6,1,-0.0114136253186159,-0.0229788810584149,0,1,0,2,0,2,0.110390370794169,0
ood_combo,DS03,14,29,LPT_flow_mod,7,1,-0.0236072379375621,-0.0475806167317832,0,1,0,2,0,2,0.110390370794169,0
ood_combo,DS03,14,29,LPC_eff_mod,8,1,0,-0,0,0,0,0,0,2,0.110390370794169,0
ood_combo,DS03,14,29,LPC_flow_mod,9,1,0,-0,0,0,0,0,0,2,0.110390370794169,0
ood_combo,DS03,14,30,HPT_eff_mod,1,1,-0.018016211190378,-0.00471342656015379,0,1,0,1,0,2,0.0886362359940606,0
ood_combo,DS03,14,30,fan_eff_mod,2,1,0,-0,0,0,0,0,0,2,0.0886362359940606,0
ood_combo,DS03,14,30,fan_flow_mod,3,1,0,-0.000524967380059485,0,0,0,0,0,2,0.0886362359940606,0
ood_combo,DS03,14,30,HPC_eff_mod,4,1,0,-0,0,0,0,0,0,2,0.0886362359940606,0
ood_combo,DS03,14,30,HPC_flow_mod,5,1,0,-0.000731594074480005,0,0,0,0,0,2,0.0886362359940606,0
ood_combo,DS03,14,30,LPT_eff_mod,6,1,-0.0121152939508643,-0.0229788810584149,0,1,0,2,0,2,0.0886362359940606,0
ood_combo,DS03,14,30,LPT_flow_mod,7,1,-0.0244134004069935,-0.0475806167317832,0,1,0,2,0,2,0.0886362359940606,0
ood_combo,DS03,14,30,LPC_eff_mod,8,1,0,-0,0,0,0,0,0,2,0.0886362359940606,0
ood_combo,DS03,14,30,LPC_flow_mod,9,1,0,-0,0,0,0,0,0,2,0.0886362359940606,0
ood_combo,DS03,14,31,HPT_eff_mod,1,1,-0.0290705690569604,-0.00471342656015379,0,1,0,1,0,2,0.0911015310133408,0
ood_combo,DS03,14,31,fan_eff_mod,2,1,0,-0,0,0,0,0,0,2,0.0911015310133408,0
ood_combo,DS03,14,31,fan_flow_mod,3,1,0,-0.000524967380059485,0,0,0,0,0,2,0.0911015310133408,0
ood_combo,DS03,14,31,HPC_eff_mod,4,1,0,-0,0,0,0,0,0,2,0.0911015310133408,0
ood_combo,DS03,14,31,HPC_flow_mod,5,1,0,-0.000731594074480005,0,0,0,0,0,2,0.0911015310133408,0
ood_combo,DS03,14,31,LPT_eff_mod,6,1,-0.0132902339826358,-0.0229788810584149,0,1,0,2,0,2,0.0911015310133408,0
ood_combo,DS03,14,31,LPT_flow_mod,7,1,-0.025184129480623,-0.0475806167317832,0,1,0,2,0,2,0.0911015310133408,0
ood_combo,DS03,14,31,LPC_eff_mod,8,1,0,-0,0,0,0,0,0,2,0.0911015310133408,0
ood_combo,DS03,14,31,LPC_flow_mod,9,1,0,-0,0,0,0,0,0,2,0.0911015310133408,0
ood_combo,DS03,14,32,HPT_eff_mod,1,1,-0.0269631532484791,-0.00471342656015379,0,1,0,1,0,2,0.263564578306396,0
ood_combo,DS03,14,32,fan_eff_mod,2,1,0,-0,0,0,0,0,0,2,0.263564578306396,0
ood_combo,DS03,14,32,fan_flow_mod,3,1,0,-0.000524967380059485,0,0,0,0,0,2,0.263564578306396,0
ood_combo,DS03,14,32,HPC_eff_mod,4,1,0,-0,0,0,0,0,0,2,0.263564578306396,0
ood_combo,DS03,14,32,HPC_flow_mod,5,1,0,-0.000731594074480005,0,0,0,0,0,2,0.263564578306396,0
ood_combo,DS03,14,32,LPT_eff_mod,6,1,-0.0160913365050784,-0.0229788810584149,0,1,0,2,0,2,0.263564578306396,0
ood_combo,DS03,14,32,LPT_flow_mod,7,1,-0.016352864947632,-0.0475806167317832,0,1,0,2,0,2,0.263564578306396,0
ood_combo,DS03,14,32,LPC_eff_mod,8,1,0,-0,0,0,0,0,0,2,0.263564578306396,0
ood_combo,DS03,14,32,LPC_flow_mod,9,1,0,-0,0,0,0,0,0,2,0.263564578306396,0
ood_combo,DS03,14,33,HPT_eff_mod,1,1,-0.0240140121682503,-0.00471342656015379,0,1,0,1,0,2,0.0485388579107901,0
ood_combo,DS03,14,33,fan_eff_mod,2,1,0,-0,0,0,0,0,0,2,0.0485388579107901,0
ood_combo,DS03,14,33,fan_flow_mod,3,1,0,-0.000524967380059485,0,0,0,0,0,2,0.0485388579107901,0
ood_combo,DS03,14,33,HPC_eff_mod,4,1,0,-0,0,0,0,0,0,2,0.0485388579107901,0
ood_combo,DS03,14,33,HPC_flow_mod,5,1,0,-0.000731594074480005,0,0,0,0,0,2,0.0485388579107901,0
ood_combo,DS03,14,33,LPT_eff_mod,6,1,-0.0188211550591097,-0.0305583956090883,0,1,0,2,0,2,0.0485388579107901,0
ood_combo,DS03,14,33,LPT_flow_mod,7,1,-0.0254653638491842,-0.0475806167317832,0,1,0,2,0,2,0.0485388579107901,0
ood_combo,DS03,14,33,LPC_eff_mod,8,1,0,-0,0,0,0,0,0,2,0.0485388579107901,0
ood_combo,DS03,14,33,LPC_flow_mod,9,1,0,-0,0,0,0,0,0,2,0.0485388579107901,0
ood_combo,DS03,14,34,HPT_eff_mod,1,1,-0.0359969902211601,-0.00471342656015379,0,1,0,1,0,2,0.113907123968327,0
ood_combo,DS03,14,34,fan_eff_mod,2,1,0,-0,0,0,0,0,0,2,0.113907123968327,0
ood_combo,DS03,14,34,fan_flow_mod,3,1,0,-0.000524967380059485,0,0,0,0,0,2,0.113907123968327,0
ood_combo,DS03,14,34,HPC_eff_mod,4,1,0,-0.000837935261192634,0,0,0,0,0,2,0.113907123968327,0
ood_combo,DS03,14,34,HPC_flow_mod,5,1,0,-0.00136315095588227,0,0,0,0,0,2,0.113907123968327,0
ood_combo,DS03,14,34,LPT_eff_mod,6,1,-0.021275570384373,-0.0305583956090883,0,1,0,2,0,2,0.113907123968327,0
ood_combo,DS03,14,34,LPT_flow_mod,7,1,-0.0220800007029,-0.0503357283890531,0,1,0,2,0,2,0.113907123968327,0
ood_combo,DS03,14,34,LPC_eff_mod,8,1,0,-0,0,0,0,0,0,2,0.113907123968327,0
ood_combo,DS03,14,34,LPC_flow_mod,9,1,0,-0,0,0,0,0,0,2,0.113907123968327,0
ood_combo,DS03,14,35,HPT_eff_mod,1,1,-0.0264064026298648,-0.00471342656015379,0,1,0,1,0,2,0.0857029372769506,0
ood_combo,DS03,14,35,fan_eff_mod,2,1,0,-0,0,0,0,0,0,2,0.0857029372769506,0
ood_combo,DS03,14,35,fan_flow_mod,3,1,0,-0.000524967380059485,0,0,0,0,0,2,0.0857029372769506,0
ood_combo,DS03,14,35,HPC_eff_mod,4,1,0,-0.000837935261192634,0,0,0,0,0,2,0.0857029372769506,0
ood_combo,DS03,14,35,HPC_flow_mod,5,1,0,-0.00136315095588227,0,0,0,0,0,2,0.0857029372769506,0
ood_combo,DS03,14,35,LPT_eff_mod,6,1,-0.0150719967152439,-0.0305583956090883,0,1,0,2,0,2,0.0857029372769506,0
ood_combo,DS03,14,35,LPT_flow_mod,7,1,-0.0213335377206534,-0.0503357283890531,0,1,0,2,0,2,0.0857029372769506,0
ood_combo,DS03,14,35,LPC_eff_mod,8,1,0,-0,0,0,0,0,0,2,0.0857029372769506,0
ood_combo,DS03,14,35,LPC_flow_mod,9,1,0,-0,0,0,0,0,0,2,0.0857029372769506,0
ood_combo,DS03,14,36,HPT_eff_mod,1,0,-0.0225301667120552,-0.00471342656015379,1,1,2,1,2,2,0.0690203805356701,0
ood_combo,DS03,14,36,fan_eff_mod,2,0,0,-0,0,0,0,0,2,2,0.0690203805356701,0
ood_combo,DS03,14,36,fan_flow_mod,3,0,0,-0.000524967380059485,0,0,0,0,2,2,0.0690203805356701,0
ood_combo,DS03,14,36,HPC_eff_mod,4,0,0,-0.000837935261192634,0,0,0,0,2,2,0.0690203805356701,0
ood_combo,DS03,14,36,HPC_flow_mod,5,0,0,-0.00136315095588227,0,0,0,0,2,2,0.0690203805356701,0
ood_combo,DS03,14,36,LPT_eff_mod,6,0,-0.0200052492130701,-0.0305583956090883,1,1,1,2,2,2,0.0690203805356701,0
ood_combo,DS03,14,36,LPT_flow_mod,7,0,-0.028147629306861,-0.0503357283890531,1,1,2,2,2,2,0.0690203805356701,0
ood_combo,DS03,14,36,LPC_eff_mod,8,0,0,-0,0,0,0,0,2,2,0.0690203805356701,0
ood_combo,DS03,14,36,LPC_flow_mod,9,0,0,-0,0,0,0,0,2,2,0.0690203805356701,0
ood_combo,DS03,14,37,HPT_eff_mod,1,0,-0.0268669817111178,-0.00471342656015379,1,1,2,1,2,2,0.0588119916706795,0
ood_combo,DS03,14,37,fan_eff_mod,2,0,0,-0,0,0,0,0,2,2,0.0588119916706795,0
ood_combo,DS03,14,37,fan_flow_mod,3,0,0,-0.000524967380059485,0,0,0,0,2,2,0.0588119916706795,0
ood_combo,DS03,14,37,HPC_eff_mod,4,0,0,-0.000837935261192634,0,0,0,0,2,2,0.0588119916706795,0
ood_combo,DS03,14,37,HPC_flow_mod,5,0,0,-0.00136315095588227,0,0,0,0,2,2,0.0588119916706795,0
ood_combo,DS03,14,37,LPT_eff_mod,6,0,-0.0231622797711913,-0.0305583956090883,1,1,2,2,2,2,0.0588119916706795,0
ood_combo,DS03,14,37,LPT_flow_mod,7,0,-0.0309375891310646,-0.0539709713424919,1,1,2,2,2,2,0.0588119916706795,0
ood_combo,DS03,14,37,LPC_eff_mod,8,0,0,-0,0,0,0,0,2,2,0.0588119916706795,0
ood_combo,DS03,14,37,LPC_flow_mod,9,0,0,-0,0,0,0,0,2,2,0.0588119916706795,0
ood_combo,DS03,14,38,HPT_eff_mod,1,0,-0.0365352335233087,-0.00471342656015379,1,1,2,1,2,2,0.0793260658304843,0
ood_combo,DS03,14,38,fan_eff_mod,2,0,0,-0,0,0,0,0,2,2,0.0793260658304843,0
ood_combo,DS03,14,38,fan_flow_mod,3,0,0,-0.000524967380059485,0,0,0,0,2,2,0.0793260658304843,0
ood_combo,DS03,14,38,HPC_eff_mod,4,0,0,-0.000837935261192634,0,0,0,0,2,2,0.0793260658304843,0
ood_combo,DS03,14,38,HPC_flow_mod,5,0,0,-0.00136315095588227,0,0,0,0,2,2,0.0793260658304843,0
ood_combo,DS03,14,38,LPT_eff_mod,6,0,-0.0258217993413579,-0.039182117171538,1,1,2,2,2,2,0.0793260658304843,0
ood_combo,DS03,14,38,LPT_flow_mod,7,0,-0.0164206153406876,-0.0539709713424919,1,1,2,2,2,2,0.0793260658304843,0
ood_combo,DS03,14,38,LPC_eff_mod,8,0,0,-0,0,0,0,0,2,2,0.0793260658304843,0
ood_combo,DS03,14,38,LPC_flow_mod,9,0,0,-0,0,0,0,0,2,2,0.0793260658304843,0
ood_combo,DS03,14,39,HPT_eff_mod,1,0,-0.0315614334354128,-0.00471342656015379,1,1,2,1,2,2,0.107743928730244,0
ood_combo,DS03,14,39,fan_eff_mod,2,0,0,-0,0,0,0,0,2,2,0.107743928730244,0
ood_combo,DS03,14,39,fan_flow_mod,3,0,0,-0.000524967380059485,0,0,0,0,2,2,0.107743928730244,0
ood_combo,DS03,14,39,HPC_eff_mod,4,0,0,-0.000837935261192634,0,0,0,0,2,2,0.107743928730244,0
ood_combo,DS03,14,39,HPC_flow_mod,5,0,0,-0.00136315095588227,0,0,0,0,2,2,0.107743928730244,0
ood_combo,DS03,14,39,LPT_eff_mod,6,0,-0.0246824735205766,-0.039182117171538,1,1,2,2,2,2,0.107743928730244,0
ood_combo,DS03,14,39,LPT_flow_mod,7,0,-0.0258680855647998,-0.0544829143493157,1,1,2,2,2,2,0.107743928730244,0
ood_combo,DS03,14,39,LPC_eff_mod,8,0,0,-0,0,0,0,0,2,2,0.107743928730244,0
ood_combo,DS03,14,39,LPC_flow_mod,9,0,0,-0,0,0,0,0,2,2,0.107743928730244,0
ood_combo,DS03,14,40,HPT_eff_mod,1,0,-0.0331335360309683,-0.00471342656015379,1,1,2,1,2,2,0.148479772260723,0
ood_combo,DS03,14,40,fan_eff_mod,2,0,0,-0,0,0,0,0,2,2,0.148479772260723,0
ood_combo,DS03,14,40,fan_flow_mod,3,0,0,-0.000524967380059485,0,0,0,0,2,2,0.148479772260723,0
ood_combo,DS03,14,40,HPC_eff_mod,4,0,0,-0.000837935261192634,0,0,0,0,2,2,0.148479772260723,0
ood_combo,DS03,14,40,HPC_flow_mod,5,0,0,-0.00136315095588227,0,0,0,0,2,2,0.148479772260723,0
ood_combo,DS03,14,40,LPT_eff_mod,6,0,-0.0183521971713587,-0.039182117171538,1,1,2,2,2,2,0.148479772260723,0
ood_combo,DS03,14,40,LPT_flow_mod,7,0,-0.0383667307726007,-0.0705152864778412,1,1,2,2,2,2,0.148479772260723,0
ood_combo,DS03,14,40,LPC_eff_mod,8,0,0,-0,0,0,0,0,2,2,0.148479772260723,0
ood_combo,DS03,14,40,LPC_flow_mod,9,0,0,-0,0,0,0,0,2,2,0.148479772260723,0
ood_combo,DS03,14,41,HPT_eff_mod,1,0,-0.037775025451985,-0.00471342656015379,1,1,2,1,2,2,0.0762679453174824,0
ood_combo,DS03,14,41,fan_eff_mod,2,0,0,-0,0,0,0,0,2,2,0.0762679453174824,0
ood_combo,DS03,14,41,fan_flow_mod,3,0,0,-0.000524967380059485,0,0,0,0,2,2,0.0762679453174824,0
ood_combo,DS03,14,41,HPC_eff_mod,4,0,0,-0.000837935261192634,0,0,0,0,2,2,0.0762679453174824,0
ood_combo,DS03,14,41,HPC_flow_mod,5,0,0,-0.00136315095588227,0,0,0,0,2,2,0.0762679453174824,0
ood_combo,DS03,14,41,LPT_eff_mod,6,0,-0.0289413927640277,-0.039182117171538,1,1,2,2,2,2,0.0762679453174824,0
ood_combo,DS03,14,41,LPT_flow_mod,7,0,-0.0429151739003392,-0.0736341778393527,1,1,2,2,2,2,0.0762679453174824,0
ood_combo,DS03,14,41,LPC_eff_mod,8,0,0,-0.00016502992505971,0,0,0,0,2,2,0.0762679453174824,0
ood_combo,DS03,14,41,LPC_flow_mod,9,0,0,-0,0,0,0,0,2,2,0.0762679453174824,0
ood_combo,DS03,14,42,HPT_eff_mod,1,0,-0.0375806204666042,-0.00471342656015379,1,1,2,1,2,2,0.100709012283602,0
ood_combo,DS03,14,42,fan_eff_mod,2,0,0,-0,0,0,0,0,2,2,0.100709012283602,0
ood_combo,DS03,14,42,fan_flow_mod,3,0,0,-0.000524967380059485,0,0,0,0,2,2,0.100709012283602,0
ood_combo,DS03,14,42,HPC_eff_mod,4,0,0,-0.000837935261192634,0,0,0,0,2,2,0.100709012283602,0
ood_combo,DS03,14,42,HPC_flow_mod,5,0,0,-0.00166639233827365,0,0,0,0,2,2,0.100709012283602,0
ood_combo,DS03,14,42,LPT_eff_mod,6,0,-0.0277252059349306,-0.0414619914331793,1,1,2,2,2,2,0.100709012283602,0
ood_combo,DS03,14,42,LPT_flow_mod,7,0,-0.0408584352643653,-0.0736341778393527,1,1,2,2,2,2,0.100709012283602,0
ood_combo,DS03,14,42,LPC_eff_mod,8,0,0,-0.00016502992505971,0,0,0,0,2,2,0.100709012283602,0
ood_combo,DS03,14,42,LPC_flow_mod,9,0,0,-0,0,0,0,0,2,2,0.100709012283602,0
ood_combo,DS03,14,43,HPT_eff_mod,1,0,-0.0366178577926868,-0.00471342656015379,1,1,2,1,2,2,0.14748796613997,0
ood_combo,DS03,14,43,fan_eff_mod,2,0,0,-0,0,0,0,0,2,2,0.14748796613997,0
ood_combo,DS03,14,43,fan_flow_mod,3,0,0,-0.000524967380059485,0,0,0,0,2,2,0.14748796613997,0
ood_combo,DS03,14,43,HPC_eff_mod,4,0,0,-0.000837935261192634,0,0,0,0,2,2,0.14748796613997,0
ood_combo,DS03,14,43,HPC_flow_mod,5,0,0,-0.00166639233827365,0,0,0,0,2,2,0.14748796613997,0
ood_combo,DS03,14,43,LPT_eff_mod,6,0,-0.0304394793481256,-0.043144364316714,1,1,2,2,2,2,0.14748796613997,0
ood_combo,DS03,14,43,LPT_flow_mod,7,0,-0.041259934437786,-0.0736341778393527,1,1,2,2,2,2,0.14748796613997,0
ood_combo,DS03,14,43,LPC_eff_mod,8,0,0,-0.00016502992505971,0,0,0,0,2,2,0.14748796613997,0
ood_combo,DS03,14,43,LPC_flow_mod,9,0,0,-0,0,0,0,0,2,2,0.14748796613997,0
ood_combo,DS03,14,44,HPT_eff_mod,1,0,-0.0372751436011408,-0.00471342656015379,1,1,2,1,2,2,0.100228923161241,0
ood_combo,DS03,14,44,fan_eff_mod,2,0,0,-0,0,0,0,0,2,2,0.100228923161241,0
ood_combo,DS03,14,44,fan_flow_mod,3,0,0,-0.000524967380059485,0,0,0,0,2,2,0.100228923161241,0
ood_combo,DS03,14,44,HPC_eff_mod,4,0,0,-0.000837935261192634,0,0,0,0,2,2,0.100228923161241,0
ood_combo,DS03,14,44,HPC_flow_mod,5,0,0,-0.00166639233827365,0,0,0,0,2,2,0.100228923161241,0
ood_combo,DS03,14,44,LPT_eff_mod,6,0,-0.0336051368789885,-0.0447779146661271,1,1,2,2,2,2,0.100228923161241,0
ood_combo,DS03,14,44,LPT_flow_mod,7,0,-0.040923862414354,-0.0736341778393527,1,1,2,2,2,2,0.100228923161241,0
ood_combo,DS03,14,44,LPC_eff_mod,8,0,0,-0.00016502992505971,0,0,0,0,2,2,0.100228923161241,0
ood_combo,DS03,14,44,LPC_flow_mod,9,0,0,-0,0,0,0,0,2,2,0.100228923161241,0
ood_combo,DS03,14,45,HPT_eff_mod,1,0,-0.0507085022507364,-0.00471342656015379,1,1,2,1,2,2,0.113650426278796,0
ood_combo,DS03,14,45,fan_eff_mod,2,0,0,-0,0,0,0,0,2,2,0.113650426278796,0
ood_combo,DS03,14,45,fan_flow_mod,3,0,0,-0.000524967380059485,0,0,0,0,2,2,0.113650426278796,0
ood_combo,DS03,14,45,HPC_eff_mod,4,0,0,-0.000837935261192634,0,0,0,0,2,2,0.113650426278796,0
ood_combo,DS03,14,45,HPC_flow_mod,5,0,0,-0.00166639233827365,0,0,0,0,2,2,0.113650426278796,0
ood_combo,DS03,14,45,LPT_eff_mod,6,0,-0.0317247068055857,-0.0507482677907624,1,1,2,2,2,2,0.113650426278796,0
ood_combo,DS03,14,45,LPT_flow_mod,7,0,-0.04510669516671,-0.093587226998175,1,1,2,2,2,2,0.113650426278796,0
ood_combo,DS03,14,45,LPC_eff_mod,8,0,0,-0.00016502992505971,0,0,0,0,2,2,0.113650426278796,0
ood_combo,DS03,14,45,LPC_flow_mod,9,0,0,-0,0,0,0,0,2,2,0.113650426278796,0
ood_combo,DS03,14,46,HPT_eff_mod,1,0,-0.0527508056503882,-0.011392166813683,1,1,2,1,2,2,0.112844245663853,0
ood_combo,DS03,14,46,fan_eff_mod,2,0,0,-0,0,0,0,0,2,2,0.112844245663853,0
ood_combo,DS03,14,46,fan_flow_mod,3,0,0,-0.000524967380059485,0,0,0,0,2,2,0.112844245663853,0
ood_combo,DS03,14,46,HPC_eff_mod,4,0,0,-0.00108892561338088,0,0,0,0,2,2,0.112844245663853,0
ood_combo,DS03,14,46,HPC_flow_mod,5,0,0,-0.00166639233827365,0,0,0,0,2,2,0.112844245663853,0
ood_combo,DS03,14,46,LPT_eff_mod,6,0,-0.0365351300883944,-0.0507857949212971,1,1,2,2,2,2,0.112844245663853,0
ood_combo,DS03,14,46,LPT_flow_mod,7,0,-0.0570647196714271,-0.093587226998175,1,1,2,2,2,2,0.112844245663853,0
ood_combo,DS03,14,46,LPC_eff_mod,8,0,0,-0.00016502992505971,0,0,0,0,2,2,0.112844245663853,0
ood_combo,DS03,14,46,LPC_flow_mod,9,0,0,-0,0,0,0,0,2,2,0.112844245663853,0
ood_combo,DS03,14,47,HPT_eff_mod,1,0,-0.0545773574926493,-0.011392166813683,1,1,2,1,2,2,0.236287648100318,0
ood_combo,DS03,14,47,fan_eff_mod,2,0,0,-0,0,0,0,0,2,2,0.236287648100318,0
ood_combo,DS03,14,47,fan_flow_mod,3,0,0,-0.000524967380059485,0,0,0,0,2,2,0.236287648100318,0
ood_combo,DS03,14,47,HPC_eff_mod,4,0,0,-0.00134236004694387,0,0,0,0,2,2,0.236287648100318,0
ood_combo,DS03,14,47,HPC_flow_mod,5,0,0,-0.00166639233827365,0,0,0,0,2,2,0.236287648100318,0
ood_combo,DS03,14,47,LPT_eff_mod,6,0,-0.0406812743245388,-0.0616641526169541,1,1,2,2,2,2,0.236287648100318,0
ood_combo,DS03,14,47,LPT_flow_mod,7,0,-0.0554272905108078,-0.093587226998175,1,1,2,2,2,2,0.236287648100318,0
ood_combo,DS03,14,47,LPC_eff_mod,8,0,0,-0.00016502992505971,0,0,0,0,2,2,0.236287648100318,0
ood_combo,DS03,14,47,LPC_flow_mod,9,0,0,-0,0,0,0,0,2,2,0.236287648100318,0
ood_combo,DS03,14,48,HPT_eff_mod,1,0,-0.0589859989617467,-0.011392166813683,1,1,2,1,2,2,0.108466427035312,0
ood_combo,DS03,14,48,fan_eff_mod,2,0,0,-0,0,0,0,0,2,2,0.108466427035312,0
ood_combo,DS03,14,48,fan_flow_mod,3,0,0,-0.000524967380059485,0,0,0,0,2,2,0.108466427035312,0
ood_combo,DS03,14,48,HPC_eff_mod,4,0,0,-0.00134236004694387,0,0,0,0,2,2,0.108466427035312,0
ood_combo,DS03,14,48,HPC_flow_mod,5,0,0,-0.00166639233827365,0,0,0,0,2,2,0.108466427035312,0
ood_combo,DS03,14,48,LPT_eff_mod,6,0,-0.0410649725270608,-0.0616641526169541,1,1,2,2,2,2,0.108466427035312,0
ood_combo,DS03,14,48,LPT_flow_mod,7,0,-0.0544340901582139,-0.100307549544032,1,1,2,2,2,2,0.108466427035312,0
ood_combo,DS03,14,48,LPC_eff_mod,8,0,0,-0.00016502992505971,0,0,0,0,2,2,0.108466427035312,0
ood_combo,DS03,14,48,LPC_flow_mod,9,0,0,-0,0,0,0,0,2,2,0.108466427035312,0
ood_combo,DS03,14,49,HPT_eff_mod,1,0,-0.0696519450559459,-0.011392166813683,1,1,2,1,2,2,0.0578226997084907,0
ood_combo,DS03,14,49,fan_eff_mod,2,0,0,-0,0,0,0,0,2,2,0.0578226997084907,0
ood_combo,DS03,14,49,fan_flow_mod,3,0,0,-0.000524967380059485,0,0,0,0,2,2,0.0578226997084907,0
ood_combo,DS03,14,49,HPC_eff_mod,4,0,0,-0.00134236004694387,0,0,0,0,2,2,0.0578226997084907,0
ood_combo,DS03,14,49,HPC_flow_mod,5,0,0,-0.00166639233827365,0,0,0,0,2,2,0.0578226997084907,0
ood_combo,DS03,14,49,LPT_eff_mod,6,0,-0.0406737055847806,-0.0616641526169541,1,1,2,2,2,2,0.0578226997084907,0
ood_combo,DS03,14,49,LPT_flow_mod,7,0,-0.0612599144194802,-0.119522549082497,1,1,2,2,2,2,0.0578226997084907,0
ood_combo,DS03,14,49,LPC_eff_mod,8,0,0,-0.00016502992505971,0,0,0,0,2,2,0.0578226997084907,0
ood_combo,DS03,14,49,LPC_flow_mod,9,0,0,-0,0,0,0,0,2,2,0.0578226997084907,0
ood_combo,DS03,14,50,HPT_eff_mod,1,0,-0.0675063975996522,-0.011392166813683,1,1,2,1,2,2,0.133254550704155,0
ood_combo,DS03,14,50,fan_eff_mod,2,0,0,-0,0,0,0,0,2,2,0.133254550704155,0
ood_combo,DS03,14,50,fan_flow_mod,3,0,0,-0.000524967380059485,0,0,0,0,2,2,0.133254550704155,0
ood_combo,DS03,14,50,HPC_eff_mod,4,0,0,-0.00134236004694387,0,0,0,0,2,2,0.133254550704155,0
ood_combo,DS03,14,50,HPC_flow_mod,5,0,0,-0.00166639233827365,0,0,0,0,2,2,0.133254550704155,0
ood_combo,DS03,14,50,LPT_eff_mod,6,0,-0.0407176645298883,-0.0616641526169541,1,1,2,2,2,2,0.133254550704155,0
ood_combo,DS03,14,50,LPT_flow_mod,7,0,-0.0721895664082118,-0.127675225924168,1,1,2,2,2,2,0.133254550704155,0
ood_combo,DS03,14,50,LPC_eff_mod,8,0,0,-0.00016502992505971,0,0,0,0,2,2,0.133254550704155,0
ood_combo,DS03,14,50,LPC_flow_mod,9,0,0,-0,0,0,0,0,2,2,0.133254550704155,0
ood_combo,DS03,14,51,HPT_eff_mod,1,0,-0.071609155637052,-0.011392166813683,1,1,2,1,2,3,0.24710459951701,0
ood_combo,DS03,14,51,fan_eff_mod,2,0,0,-0,0,0,0,0,2,3,0.24710459951701,0
ood_combo,DS03,14,51,fan_flow_mod,3,0,0,-0.000990481480345734,0,0,0,0,2,3,0.24710459951701,0
ood_combo,DS03,14,51,HPC_eff_mod,4,0,0,-0.00134236004694387,0,0,0,0,2,3,0.24710459951701,0
ood_combo,DS03,14,51,HPC_flow_mod,5,0,0,-0.00166639233827365,0,0,0,0,2,3,0.24710459951701,0
ood_combo,DS03,14,51,LPT_eff_mod,6,0,-0.0442509654485663,-0.0616641526169541,1,1,2,2,2,3,0.24710459951701,0
ood_combo,DS03,14,51,LPT_flow_mod,7,0,-0.0823199298240301,-0.146343035532934,1,1,2,3,2,3,0.24710459951701,0
ood_combo,DS03,14,51,LPC_eff_mod,8,0,0,-0.00016502992505971,0,0,0,0,2,3,0.24710459951701,0
ood_combo,DS03,14,51,LPC_flow_mod,9,0,0,-0,0,0,0,0,2,3,0.24710459951701,0
ood_combo,DS03,14,52,HPT_eff_mod,1,0,-0.0754286078943318,-0.0146266323602477,1,1,2,1,2,3,0.135448217970099,0
ood_combo,DS03,14,52,fan_eff_mod,2,0,0,-0,0,0,0,0,2,3,0.135448217970099,0
ood_combo,DS03,14,52,fan_flow_mod,3,0,0,-0.000990481480345734,0,0,0,0,2,3,0.135448217970099,0
ood_combo,DS03,14,52,HPC_eff_mod,4,0,0,-0.00134236004694387,0,0,0,0,2,3,0.135448217970099,0
ood_combo,DS03,14,52,HPC_flow_mod,5,0,0,-0.00166639233827365,0,0,0,0,2,3,0.135448217970099,0
ood_combo,DS03,14,52,LPT_eff_mod,6,0,-0.049268902196356,-0.071221649191255,1,1,2,2,2,3,0.135448217970099,0
ood_combo,DS03,14,52,LPT_flow_mod,7,0,-0.0883488596017851,-0.146343035532934,1,1,2,3,2,3,0.135448217970099,0
ood_combo,DS03,14,52,LPC_eff_mod,8,0,0,-0.00016502992505971,0,0,0,0,2,3,0.135448217970099,0
ood_combo,DS03,14,52,LPC_flow_mod,9,0,0,-0,0,0,0,0,2,3,0.135448217970099,0
ood_combo,DS03,14,53,HPT_eff_mod,1,0,-0.0848042495038647,-0.0146266323602477,1,1,2,1,2,3,0.0706253745175517,0
ood_combo,DS03,14,53,fan_eff_mod,2,0,0,-0,0,0,0,0,2,3,0.0706253745175517,0
ood_combo,DS03,14,53,fan_flow_mod,3,0,0,-0.000990481480345734,0,0,0,0,2,3,0.0706253745175517,0
ood_combo,DS03,14,53,HPC_eff_mod,4,0,0,-0.00134236004694387,0,0,0,0,2,3,0.0706253745175517,0
ood_combo,DS03,14,53,HPC_flow_mod,5,0,0,-0.00166639233827365,0,0,0,0,2,3,0.0706253745175517,0
ood_combo,DS03,14,53,LPT_eff_mod,6,0,-0.049464418041159,-0.0712774960587829,1,1,2,2,2,3,0.0706253745175517,0
ood_combo,DS03,14,53,LPT_flow_mod,7,0,-0.0914453799801314,-0.166706732428207,1,1,2,3,2,3,0.0706253745175517,0
ood_combo,DS03,14,53,LPC_eff_mod,8,0,0,-0.00016502992505971,0,0,0,0,2,3,0.0706253745175517,0
ood_combo,DS03,14,53,LPC_flow_mod,9,0,0,-0,0,0,0,0,2,3,0.0706253745175517,0
ood_combo,DS03,14,54,HPT_eff_mod,1,0,-0.0891348480407214,-0.0146266323602477,1,1,2,1,2,3,0.0682636408406369,0
ood_combo,DS03,14,54,fan_eff_mod,2,0,0,-0,0,0,0,0,2,3,0.0682636408406369,0
ood_combo,DS03,14,54,fan_flow_mod,3,0,0,-0.000990481480345734,0,0,0,0,2,3,0.0682636408406369,0
ood_combo,DS03,14,54,HPC_eff_mod,4,0,0,-0.00134236004694387,0,0,0,0,2,3,0.0682636408406369,0
ood_combo,DS03,14,54,HPC_flow_mod,5,0,0,-0.00166639233827365,0,0,0,0,2,3,0.0682636408406369,0
ood_combo,DS03,14,54,LPT_eff_mod,6,0,-0.053376240460904,-0.0879061798505839,1,1,2,2,2,3,0.0682636408406369,0
ood_combo,DS03,14,54,LPT_flow_mod,7,0,-0.0955878494934427,-0.176513589520065,1,1,2,3,2,3,0.0682636408406369,0
ood_combo,DS03,14,54,LPC_eff_mod,8,0,0,-0.00016502992505971,0,0,0,0,2,3,0.0682636408406369,0
ood_combo,DS03,14,54,LPC_flow_mod,9,0,0,-0,0,0,0,0,2,3,0.0682636408406369,0
ood_combo,DS03,14,55,HPT_eff_mod,1,0,-0.0963051273769754,-0.0146266323602477,1,1,2,1,2,3,0.167666371466431,0
ood_combo,DS03,14,55,fan_eff_mod,2,0,0,-0,0,0,0,0,2,3,0.167666371466431,0
ood_combo,DS03,14,55,fan_flow_mod,3,0,0,-0.000990481480345734,0,0,0,0,2,3,0.167666371466431,0
ood_combo,DS03,14,55,HPC_eff_mod,4,0,0,-0.00134236004694387,0,0,0,0,2,3,0.167666371466431,0
ood_combo,DS03,14,55,HPC_flow_mod,5,0,0,-0.00166639233827365,0,0,0,0,2,3,0.167666371466431,0
ood_combo,DS03,14,55,LPT_eff_mod,6,0,-0.0601733647818453,-0.0879061798505839,1,1,2,2,2,3,0.167666371466431,0
ood_combo,DS03,14,55,LPT_flow_mod,7,0,-0.101973636286502,-0.18355749771174,1,1,2,3,2,3,0.167666371466431,0
ood_combo,DS03,14,55,LPC_eff_mod,8,0,0,-0.00016502992505971,0,0,0,0,2,3,0.167666371466431,0
ood_combo,DS03,14,55,LPC_flow_mod,9,0,0,-0,0,0,0,0,2,3,0.167666371466431,0
ood_combo,DS03,14,56,HPT_eff_mod,1,0,-0.0989868204810321,-0.0146266323602477,1,1,2,1,2,3,0.0931426384680981,0
ood_combo,DS03,14,56,fan_eff_mod,2,0,0,-0,0,0,0,0,2,3,0.0931426384680981,0
ood_combo,DS03,14,56,fan_flow_mod,3,0,0,-0.000990481480345734,0,0,0,0,2,3,0.0931426384680981,0
ood_combo,DS03,14,56,HPC_eff_mod,4,0,0,-0.00134236004694387,0,0,0,0,2,3,0.0931426384680981,0
ood_combo,DS03,14,56,HPC_flow_mod,5,0,0,-0.00166639233827365,0,0,0,0,2,3,0.0931426384680981,0
ood_combo,DS03,14,56,LPT_eff_mod,6,0,-0.0600057079237669,-0.0909317602349565,1,1,2,2,2,3,0.0931426384680981,0
ood_combo,DS03,14,56,LPT_flow_mod,7,0,-0.115856213932594,-0.204957543847763,1,1,2,3,2,3,0.0931426384680981,0
ood_combo,DS03,14,56,LPC_eff_mod,8,0,0,-0.00016502992505971,0,0,0,0,2,3,0.0931426384680981,0
ood_combo,DS03,14,56,LPC_flow_mod,9,0,0,-0,0,0,0,0,2,3,0.0931426384680981,0
ood_combo,DS03,14,57,HPT_eff_mod,1,0,-0.110164653164181,-0.0146266323602477,1,1,2,1,2,3,0.0702730060703165,0
ood_combo,DS03,14,57,fan_eff_mod,2,0,0,-0,0,0,0,0,2,3,0.0702730060703165,0
ood_combo,DS03,14,57,fan_flow_mod,3,0,0,-0.000990481480345734,0,0,0,0,2,3,0.0702730060703165,0
ood_combo,DS03,14,57,HPC_eff_mod,4,0,0,-0.00134236004694387,0,0,0,0,2,3,0.0702730060703165,0
ood_combo,DS03,14,57,HPC_flow_mod,5,0,0,-0.00166639233827365,0,0,0,0,2,3,0.0702730060703165,0
ood_combo,DS03,14,57,LPT_eff_mod,6,0,-0.0664190471552848,-0.10858633980952,1,1,2,2,2,3,0.0702730060703165,0
ood_combo,DS03,14,57,LPT_flow_mod,7,0,-0.126364162602827,-0.223020801233278,1,1,2,3,2,3,0.0702730060703165,0
ood_combo,DS03,14,57,LPC_eff_mod,8,0,0,-0.00016502992505971,0,0,0,0,2,3,0.0702730060703165,0
ood_combo,DS03,14,57,LPC_flow_mod,9,0,0,-0,0,0,0,0,2,3,0.0702730060703165,0
ood_combo,DS03,14,58,HPT_eff_mod,1,0,-0.117254853431807,-0.0146266323602477,1,1,2,1,2,3,0.154202486437951,0
ood_combo,DS03,14,58,fan_eff_mod,2,0,0,-0,0,0,0,0,2,3,0.154202486437951,0
ood_combo,DS03,14,58,fan_flow_mod,3,0,0,-0.000990481480345734,0,0,0,0,2,3,0.154202486437951,0
ood_combo,DS03,14,58,HPC_eff_mod,4,0,0,-0.00134236004694387,0,0,0,0,2,3,0.154202486437951,0
ood_combo,DS03,14,58,HPC_flow_mod,5,0,0,-0.00166639233827365,0,0,0,0,2,3,0.154202486437951,0
ood_combo,DS03,14,58,LPT_eff_mod,6,0,-0.0745426484410134,-0.119577893824191,1,1,2,2,2,3,0.154202486437951,0
ood_combo,DS03,14,58,LPT_flow_mod,7,0,-0.129786270014708,-0.235966599696224,1,1,2,3,2,3,0.154202486437951,0
ood_combo,DS03,14,58,LPC_eff_mod,8,0,0,-0.00016502992505971,0,0,0,0,2,3,0.154202486437951,0
ood_combo,DS03,14,58,LPC_flow_mod,9,0,0,-0,0,0,0,0,2,3,0.154202486437951,0
ood_combo,DS03,14,59,HPT_eff_mod,1,0,-0.105633291913312,-0.0146266323602477,1,1,2,1,3,3,0.0972698177699504,0
ood_combo,DS03,14,59,fan_eff_mod,2,0,0,-0,0,0,0,0,3,3,0.0972698177699504,0
ood_combo,DS03,14,59,fan_flow_mod,3,0,0,-0.000990481480345734,0,0,0,0,3,3,0.0972698177699504,0
ood_combo,DS03,14,59,HPC_eff_mod,4,0,0,-0.00134236004694387,0,0,0,0,3,3,0.0972698177699504,0
ood_combo,DS03,14,59,HPC_flow_mod,5,0,0,-0.00166639233827365,0,0,0,0,3,3,0.0972698177699504,0
ood_combo,DS03,14,59,LPT_eff_mod,6,0,-0.0792865254442208,-0.119577893824191,1,1,2,2,3,3,0.0972698177699504,0
ood_combo,DS03,14,59,LPT_flow_mod,7,0,-0.141360718418368,-0.235966599696224,1,1,3,3,3,3,0.0972698177699504,0
ood_combo,DS03,14,59,LPC_eff_mod,8,0,0,-0.00016502992505971,0,0,0,0,3,3,0.0972698177699504,0
ood_combo,DS03,14,59,LPC_flow_mod,9,0,0,-0,0,0,0,0,3,3,0.0972698177699504,0
ood_combo,DS03,14,60,HPT_eff_mod,1,0,-0.134831850157438,-0.0306937632176645,1,1,3,2,3,3,0.0977646488770761,0
ood_combo,DS03,14,60,fan_eff_mod,2,0,0,-0,0,0,0,0,3,3,0.0977646488770761,0
ood_combo,DS03,14,60,fan_flow_mod,3,0,0,-0.000990481480345734,0,0,0,0,3,3,0.0977646488770761,0
ood_combo,DS03,14,60,HPC_eff_mod,4,0,0,-0.00134236004694387,0,0,0,0,3,3,0.0977646488770761,0
ood_combo,DS03,14,60,HPC_flow_mod,5,0,0,-0.00166639233827365,0,0,0,0,3,3,0.0977646488770761,0
ood_combo,DS03,14,60,LPT_eff_mod,6,0,-0.0838783173400433,-0.121776909727161,1,1,2,2,3,3,0.0977646488770761,0
ood_combo,DS03,14,60,LPT_flow_mod,7,0,-0.169149196513923,-0.274376930146747,1,1,3,3,3,3,0.0977646488770761,0
ood_combo,DS03,14,60,LPC_eff_mod,8,0,0,-0.00016502992505971,0,0,0,0,3,3,0.0977646488770761,0
ood_combo,DS03,14,60,LPC_flow_mod,9,0,0,-0,0,0,0,0,3,3,0.0977646488770761,0
ood_combo,DS03,14,61,HPT_eff_mod,1,0,-0.142169490820523,-0.0306937632176645,1,1,3,2,3,3,0.277498119048451,0
ood_combo,DS03,14,61,fan_eff_mod,2,0,0,-0,0,0,0,0,3,3,0.277498119048451,0
ood_combo,DS03,14,61,fan_flow_mod,3,0,0,-0.000990481480345734,0,0,0,0,3,3,0.277498119048451,0
ood_combo,DS03,14,61,HPC_eff_mod,4,0,0,-0.00134236004694387,0,0,0,0,3,3,0.277498119048451,0
ood_combo,DS03,14,61,HPC_flow_mod,5,0,0,-0.00166639233827365,0,0,0,0,3,3,0.277498119048451,0
ood_combo,DS03,14,61,LPT_eff_mod,6,0,-0.090186221728726,-0.121776909727161,1,1,2,2,3,3,0.277498119048451,0
ood_combo,DS03,14,61,LPT_flow_mod,7,0,-0.176690003526992,-0.289705637072814,1,1,3,3,3,3,0.277498119048451,0
ood_combo,DS03,14,61,LPC_eff_mod,8,0,0,-0.00016502992505971,0,0,0,0,3,3,0.277498119048451,0
ood_combo,DS03,14,61,LPC_flow_mod,9,0,0,-0,0,0,0,0,3,3,0.277498119048451,0
ood_combo,DS03,14,62,HPT_eff_mod,1,0,-0.162287714434393,-0.0651575868444888,1,1,3,2,3,3,0.134807597742748,0
ood_combo,DS03,14,62,fan_eff_mod,2,0,0,-0,0,0,0,0,3,3,0.134807597742748,0
ood_combo,DS03,14,62,fan_flow_mod,3,0,0,-0.000990481480345734,0,0,0,0,3,3,0.134807597742748,0
ood_combo,DS03,14,62,HPC_eff_mod,4,0,0,-0.00134236004694387,0,0,0,0,3,3,0.134807597742748,0
ood_combo,DS03,14,62,HPC_flow_mod,5,0,0,-0.00166639233827365,0,0,0,0,3,3,0.134807597742748,0
ood_combo,DS03,14,62,LPT_eff_mod,6,0,-0.0973333949145443,-0.13689754719419,1,1,2,3,3,3,0.134807597742748,0
ood_combo,DS03,14,62,LPT_flow_mod,7,0,-0.193118428430609,-0.289705637072814,1,1,3,3,3,3,0.134807597742748,0
ood_combo,DS03,14,62,LPC_eff_mod,8,0,0,-0.00016502992505971,0,0,0,0,3,3,0.134807597742748,0
ood_combo,DS03,14,62,LPC_flow_mod,9,0,0,-0,0,0,0,0,3,3,0.134807597742748,0
ood_combo,DS03,14,63,HPT_eff_mod,1,0,-0.162208638025448,-0.0651575868444888,1,1,3,2,3,3,0.103918989419056,0
ood_combo,DS03,14,63,fan_eff_mod,2,0,0,-0,0,0,0,0,3,3,0.103918989419056,0
ood_combo,DS03,14,63,fan_flow_mod,3,0,0,-0.000990481480345734,0,0,0,0,3,3,0.103918989419056,0
ood_combo,DS03,14,63,HPC_eff_mod,4,0,0,-0.00134236004694387,0,0,0,0,3,3,0.103918989419056,0
ood_combo,DS03,14,63,HPC_flow_mod,5,0,0,-0.00166639233827365,0,0,0,0,3,3,0.103918989419056,0
ood_combo,DS03,14,63,LPT_eff_mod,6,0,-0.100210513480089,-0.13689754719419,1,1,2,3,3,3,0.103918989419056,0
ood_combo,DS03,14,63,LPT_flow_mod,7,0,-0.205121809463188,-0.298028642671329,1,1,3,3,3,3,0.103918989419056,0
ood_combo,DS03,14,63,LPC_eff_mod,8,0,0,-0.00016502992505971,0,0,0,0,3,3,0.103918989419056,0
ood_combo,DS03,14,63,LPC_flow_mod,9,0,0,-0,0,0,0,0,3,3,0.103918989419056,0
ood_combo,DS03,14,64,HPT_eff_mod,1,0,-0.165228282727751,-0.0651575868444888,1,1,3,2,3,3,0.117635506537124,0
ood_combo,DS03,14,64,fan_eff_mod,2,0,0,-0,0,0,0,0,3,3,0.117635506537124,0
ood_combo,DS03,14,64,fan_flow_mod,3,0,0,-0.000990481480345734,0,0,0,0,3,3,0.117635506537124,0
ood_combo,DS03,14,64,HPC_eff_mod,4,0,0,-0.00406264341489913,0,0,0,0,3,3,0.117635506537124,0
ood_combo,DS03,14,64,HPC_flow_mod,5,0,0,-0.00166639233827365,0,0,0,0,3,3,0.117635506537124,0
ood_combo,DS03,14,64,LPT_eff_mod,6,0,-0.109867315442832,-0.15083986019333,1,1,2,3,3,3,0.117635506537124,0
ood_combo,DS03,14,64,LPT_flow_mod,7,0,-0.225904908888512,-0.324478601864132,1,1,3,3,3,3,0.117635506537124,0
ood_combo,DS03,14,64,LPC_eff_mod,8,0,0,-0.000789141871379895,0,0,0,0,3,3,0.117635506537124,0
ood_combo,DS03,14,64,LPC_flow_mod,9,0,0,-0,0,0,0,0,3,3,0.117635506537124,0
ood_combo,DS03,14,65,HPT_eff_mod,1,0,-0.175253924834673,-0.0845411421046614,1,1,3,2,3,3,0.0991745199901641,0
ood_combo,DS03,14,65,fan_eff_mod,2,0,0,-0,0,0,0,0,3,3,0.0991745199901641,0
ood_combo,DS03,14,65,fan_flow_mod,3,0,0,-0.000990481480345734,0,0,0,0,3,3,0.0991745199901641,0
ood_combo,DS03,14,65,HPC_eff_mod,4,0,0,-0.00406264341489913,0,0,0,0,3,3,0.0991745199901641,0
ood_combo,DS03,14,65,HPC_flow_mod,5,0,0,-0.00166639233827365,0,0,0,0,3,3,0.0991745199901641,0
ood_combo,DS03,14,65,LPT_eff_mod,6,0,-0.115967633457747,-0.15083986019333,1,1,2,3,3,3,0.0991745199901641,0
ood_combo,DS03,14,65,LPT_flow_mod,7,0,-0.257133226637376,-0.345015977048646,1,1,3,3,3,3,0.0991745199901641,0
ood_combo,DS03,14,65,LPC_eff_mod,8,0,0,-0.000789141871379895,0,0,0,0,3,3,0.0991745199901641,0
ood_combo,DS03,14,65,LPC_flow_mod,9,0,0,-0,0,0,0,0,3,3,0.0991745199901641,0
ood_combo,DS03,14,66,HPT_eff_mod,1,0,-0.19858698332596,-0.111974491483672,1,1,3,2,3,3,0.0697975127619175,0
ood_combo,DS03,14,66,fan_eff_mod,2,0,0,-0,0,0,0,0,3,3,0.0697975127619175,0
ood_combo,DS03,14,66,fan_flow_mod,3,0,0,-0.000990481480345734,0,0,0,0,3,3,0.0697975127619175,0
ood_combo,DS03,14,66,HPC_eff_mod,4,0,0,-0.00406264341489913,0,0,0,0,3,3,0.0697975127619175,0
ood_combo,DS03,14,66,HPC_flow_mod,5,0,0,-0.00166639233827365,0,0,0,0,3,3,0.0697975127619175,0
ood_combo,DS03,14,66,LPT_eff_mod,6,0,-0.125285115961829,-0.15083986019333,1,1,2,3,3,3,0.0697975127619175,0
ood_combo,DS03,14,66,LPT_flow_mod,7,0,-0.267538771599546,-0.357088101692428,1,1,3,3,3,3,0.0697975127619175,0
ood_combo,DS03,14,66,LPC_eff_mod,8,0,0,-0.000789141871379895,0,0,0,0,3,3,0.0697975127619175,0
ood_combo,DS03,14,66,LPC_flow_mod,9,0,0,-0,0,0,0,0,3,3,0.0697975127619175,0
ood_combo,DS03,14,67,HPT_eff_mod,1,0,-0.211447375056257,-0.119610157448986,1,1,3,2,3,3,0.123541839241784,0
ood_combo,DS03,14,67,fan_eff_mod,2,0,0,-0,0,0,0,0,3,3,0.123541839241784,0
ood_combo,DS03,14,67,fan_flow_mod,3,0,0,-0.000990481480345734,0,0,0,0,3,3,0.123541839241784,0
ood_combo,DS03,14,67,HPC_eff_mod,4,0,0,-0.011483363929229,0,0,0,0,3,3,0.123541839241784,0
ood_combo,DS03,14,67,HPC_flow_mod,5,0,0,-0.00166639233827365,0,0,0,0,3,3,0.123541839241784,0
ood_combo,DS03,14,67,LPT_eff_mod,6,0,-0.130589719737373,-0.15083986019333,1,1,2,3,3,3,0.123541839241784,0
ood_combo,DS03,14,67,LPT_flow_mod,7,0,-0.300312947827186,-0.379067956496118,1,1,3,3,3,3,0.123541839241784,0
ood_combo,DS03,14,67,LPC_eff_mod,8,0,0,-0.000789141871379895,0,0,0,0,3,3,0.123541839241784,0
ood_combo,DS03,14,67,LPC_flow_mod,9,0,0,-0,0,0,0,0,3,3,0.123541839241784,0
ood_combo,DS03,14,68,HPT_eff_mod,1,0,-0.214195165152019,-0.140271485706879,1,1,3,3,3,3,0.233869332238852,0
ood_combo,DS03,14,68,fan_eff_mod,2,0,0,-0,0,0,0,0,3,3,0.233869332238852,0
ood_combo,DS03,14,68,fan_flow_mod,3,0,0,-0.000990481480345734,0,0,0,0,3,3,0.233869332238852,0
ood_combo,DS03,14,68,HPC_eff_mod,4,0,0,-0.011483363929229,0,0,0,0,3,3,0.233869332238852,0
ood_combo,DS03,14,68,HPC_flow_mod,5,0,0,-0.00194914008702423,0,0,0,0,3,3,0.233869332238852,0
ood_combo,DS03,14,68,LPT_eff_mod,6,0,-0.144030624430443,-0.173814309441998,1,1,3,3,3,3,0.233869332238852,0
ood_combo,DS03,14,68,LPT_flow_mod,7,0,-0.323089940079374,-0.379067956496118,1,1,3,3,3,3,0.233869332238852,0
ood_combo,DS03,14,68,LPC_eff_mod,8,0,0,-0.000789141871379895,0,0,0,0,3,3,0.233869332238852,0
ood_combo,DS03,14,68,LPC_flow_mod,9,0,0,-0,0,0,0,0,3,3,0.233869332238852,0
ood_combo,DS03,14,69,HPT_eff_mod,1,0,-0.245833081628698,-0.153568421528302,1,1,3,3,3,3,0.137821440288172,0
ood_combo,DS03,14,69,fan_eff_mod,2,0,0,-0,0,0,0,0,3,3,0.137821440288172,0
ood_combo,DS03,14,69,fan_flow_mod,3,0,0,-0.00141828942720307,0,0,0,0,3,3,0.137821440288172,0
ood_combo,DS03,14,69,HPC_eff_mod,4,0,0,-0.011483363929229,0,0,0,0,3,3,0.137821440288172,0
ood_combo,DS03,14,69,HPC_flow_mod,5,0,0,-0.00194914008702423,0,0,0,0,3,3,0.137821440288172,0
ood_combo,DS03,14,69,LPT_eff_mod,6,0,-0.149319553364963,-0.173814309441998,1,1,3,3,3,3,0.137821440288172,0
ood_combo,DS03,14,69,LPT_flow_mod,7,0,-0.346872131775305,-0.424928976184533,1,1,3,3,3,3,0.137821440288172,0
ood_combo,DS03,14,69,LPC_eff_mod,8,0,0,-0.000789141871379895,0,0,0,0,3,3,0.137821440288172,0
ood_combo,DS03,14,69,LPC_flow_mod,9,0,0,-0.00741635846526877,0,0,0,0,3,3,0.137821440288172,0
ood_combo,DS03,14,70,HPT_eff_mod,1,0,-0.253487820195179,-0.172216272258557,1,1,3,3,3,3,0.206293622940213,0
ood_combo,DS03,14,70,fan_eff_mod,2,0,0,-0,0,0,0,0,3,3,0.206293622940213,0
ood_combo,DS03,14,70,fan_flow_mod,3,0,0,-0.00270258064397314,0,0,0,0,3,3,0.206293622940213,0
ood_combo,DS03,14,70,HPC_eff_mod,4,0,0,-0.011483363929229,0,0,0,0,3,3,0.206293622940213,0
ood_combo,DS03,14,70,HPC_flow_mod,5,0,0,-0.00194914008702423,0,0,0,0,3,3,0.206293622940213,0
ood_combo,DS03,14,70,LPT_eff_mod,6,0,-0.165103280266851,-0.180736431944701,1,1,3,3,3,3,0.206293622940213,0
ood_combo,DS03,14,70,LPT_flow_mod,7,0,-0.379736828215006,-0.424928976184533,1,1,3,3,3,3,0.206293622940213,0
ood_combo,DS03,14,70,LPC_eff_mod,8,0,0,-0.000789141871379895,0,0,0,0,3,3,0.206293622940213,0
ood_combo,DS03,14,70,LPC_flow_mod,9,0,0,-0.00998793969454469,0,0,0,0,3,3,0.206293622940213,0
ood_combo,DS03,14,71,HPT_eff_mod,1,0,-0.259779064455679,-0.210521530753962,1,1,3,3,3,3,0.104106870649082,0
ood_combo,DS03,14,71,fan_eff_mod,2,0,0,-0,0,0,0,0,3,3,0.104106870649082,0
ood_combo,DS03,14,71,fan_flow_mod,3,0,0,-0.00270258064397314,0,0,0,0,3,3,0.104106870649082,0
ood_combo,DS03,14,71,HPC_eff_mod,4,0,0,-0.011483363929229,0,0,0,0,3,3,0.104106870649082,0
ood_combo,DS03,14,71,HPC_flow_mod,5,0,0,-0.00194914008702423,0,0,0,0,3,3,0.104106870649082,0
ood_combo,DS03,14,71,LPT_eff_mod,6,0,-0.180465713496919,-0.192002625504838,1,1,3,3,3,3,0.104106870649082,0
ood_combo,DS03,14,71,LPT_flow_mod,7,0,-0.400825016576897,-0.424928976184533,1,1,3,3,3,3,0.104106870649082,0
ood_combo,DS03,14,71,LPC_eff_mod,8,0,0,-0.000789141871379895,0,0,0,0,3,3,0.104106870649082,0
ood_combo,DS03,14,71,LPC_flow_mod,9,0,0,-0.00998793969454469,0,0,0,0,3,3,0.104106870649082,0
ood_combo,DS03,14,72,HPT_eff_mod,1,0,-0.263945490052377,-0.216458707162695,1,1,3,3,3,3,0.193578122837209,0
ood_combo,DS03,14,72,fan_eff_mod,2,0,0,-0,0,0,0,0,3,3,0.193578122837209,0
ood_combo,DS03,14,72,fan_flow_mod,3,0,0,-0.00270258064397314,0,0,0,0,3,3,0.193578122837209,0
ood_combo,DS03,14,72,HPC_eff_mod,4,0,0,-0.011483363929229,0,0,0,0,3,3,0.193578122837209,0
ood_combo,DS03,14,72,HPC_flow_mod,5,0,0,-0.00194914008702423,0,0,0,0,3,3,0.193578122837209,0
ood_combo,DS03,14,72,LPT_eff_mod,6,0,-0.190861120927371,-0.192002625504838,1,1,3,3,3,3,0.193578122837209,0
ood_combo,DS03,14,72,LPT_flow_mod,7,0,-0.462873477169124,-0.469074109271334,1,1,3,3,3,3,0.193578122837209,0
ood_combo,DS03,14,72,LPC_eff_mod,8,0,0,-0.000789141871379895,0,0,0,0,3,3,0.193578122837209,0
ood_combo,DS03,14,72,LPC_flow_mod,9,0,0,-0.00998793969454469,0,0,0,0,3,3,0.193578122837209,0
ood_combo,DS03,14,73,HPT_eff_mod,1,0,-0.297816739624107,-0.242269167950089,1,1,3,3,3,3,0.159268065683254,0
ood_combo,DS03,14,73,fan_eff_mod,2,0,0,-0,0,0,0,0,3,3,0.159268065683254,0
ood_combo,DS03,14,73,fan_flow_mod,3,0,0,-0.00270258064397314,0,0,0,0,3,3,0.159268065683254,0
ood_combo,DS03,14,73,HPC_eff_mod,4,0,0,-0.0234275965711787,0,0,0,0,3,3,0.159268065683254,0
ood_combo,DS03,14,73,HPC_flow_mod,5,0,0,-0.00194914008702423,0,0,0,0,3,3,0.159268065683254,0
ood_combo,DS03,14,73,LPT_eff_mod,6,0,-0.202741959641353,-0.216278485819337,1,1,3,3,3,3,0.159268065683254,0
ood_combo,DS03,14,73,LPT_flow_mod,7,0,-0.491945508572573,-0.523252937675739,1,1,3,3,3,3,0.159268065683254,0
ood_combo,DS03,14,73,LPC_eff_mod,8,0,0,-0.000789141871379895,0,0,0,0,3,3,0.159268065683254,0
ood_combo,DS03,14,73,LPC_flow_mod,9,0,0,-0.00998793969454469,0,0,0,0,3,3,0.159268065683254,0
ood_combo,DS03,14,74,HPT_eff_mod,1,0,-0.31415090652141,-0.242269167950089,1,1,3,3,3,3,0.0905427592296401,0
ood_combo,DS03,14,74,fan_eff_mod,2,0,0,-0,0,0,0,0,3,3,0.0905427592296401,0
ood_combo,DS03,14,74,fan_flow_mod,3,0,0,-0.00270258064397314,0,1,0,1,3,3,0.0905427592296401,0
ood_combo,DS03,14,74,HPC_eff_mod,4,0,0,-0.0234275965711787,0,0,0,0,3,3,0.0905427592296401,0
ood_combo,DS03,14,74,HPC_flow_mod,5,0,0,-0.00286434345888232,0,0,0,0,3,3,0.0905427592296401,0
ood_combo,DS03,14,74,LPT_eff_mod,6,0,-0.215865487061243,-0.232906663264679,1,1,3,3,3,3,0.0905427592296401,0
ood_combo,DS03,14,74,LPT_flow_mod,7,0,-0.54669554864268,-0.60005431287899,1,1,3,3,3,3,0.0905427592296401,0
ood_combo,DS03,14,74,LPC_eff_mod,8,0,0,-0.00396094162257716,0,0,0,0,3,3,0.0905427592296401,0
ood_combo,DS03,14,74,LPC_flow_mod,9,0,0,-0.00998793969454469,0,0,0,0,3,3,0.0905427592296401,0
ood_combo,DS03,14,75,HPT_eff_mod,1,0,-0.335027162464039,-0.242269167950089,1,1,3,3,3,3,0.240699670568695,0
ood_combo,DS03,14,75,fan_eff_mod,2,0,0,-0,0,0,0,0,3,3,0.240699670568695,0
ood_combo,DS03,14,75,fan_flow_mod,3,0,0,-0.00270258064397314,0,1,0,1,3,3,0.240699670568695,0
ood_combo,DS03,14,75,HPC_eff_mod,4,0,0,-0.0234275965711787,0,0,0,0,3,3,0.240699670568695,0
ood_combo,DS03,14,75,HPC_flow_mod,5,0,0,-0.00286434345888232,0,0,0,0,3,3,0.240699670568695,0
ood_combo,DS03,14,75,LPT_eff_mod,6,0,-0.232615662663726,-0.268944724304931,1,1,3,3,3,3,0.240699670568695,0
ood_combo,DS03,14,75,LPT_flow_mod,7,0,-0.576823763454851,-0.65027773677574,1,1,3,3,3,3,0.240699670568695,0
ood_combo,DS03,14,75,LPC_eff_mod,8,0,0,-0.0124262549577144,0,0,0,0,3,3,0.240699670568695,0
ood_combo,DS03,14,75,LPC_flow_mod,9,0,0,-0.00998793969454469,0,0,0,0,3,3,0.240699670568695,0
ood_combo,DS03,14,76,HPT_eff_mod,1,0,-0.359692704613322,-0.289346544410366,1,1,3,3,3,3,0.177200017506564,0
ood_combo,DS03,14,76,fan_eff_mod,2,0,0,-0,0,0,0,0,3,3,0.177200017506564,0
ood_combo,DS03,14,76,fan_flow_mod,3,0,0,-0.0062973223935545,0,1,0,1,3,3,0.177200017506564,0
ood_combo,DS03,14,76,HPC_eff_mod,4,0,0,-0.0382299003293197,0,0,0,0,3,3,0.177200017506564,0
ood_combo,DS03,14,76,HPC_flow_mod,5,0,0,-0.00838635806104747,0,0,0,0,3,3,0.177200017506564,0
ood_combo,DS03,14,76,LPT_eff_mod,6,0,-0.248807199989344,-0.268944724304931,1,1,3,3,3,3,0.177200017506564,0
ood_combo,DS03,14,76,LPT_flow_mod,7,0,-0.641647893363712,-0.666392998085244,1,1,3,3,3,3,0.177200017506564,0
ood_combo,DS03,14,76,LPC_eff_mod,8,0,0,-0.0124262549577144,0,0,0,0,3,3,0.177200017506564,0
ood_combo,DS03,14,76,LPC_flow_mod,9,0,0,-0.036119178645263,0,0,0,0,3,3,0.177200017506564,0
ood_combo,DS03,15,1,HPT_eff_mod,1,1,-0.00562252585471436,-0,0,0,0,0,0,0,0.0860783538070487,0
ood_combo,DS03,15,1,fan_eff_mod,2,1,0,-0,0,0,0,0,0,0,0.0860783538070487,0
ood_combo,DS03,15,1,fan_flow_mod,3,1,0,-0,0,0,0,0,0,0,0.0860783538070487,0
ood_combo,DS03,15,1,HPC_eff_mod,4,1,0,-0,0,0,0,0,0,0,0.0860783538070487,0
ood_combo,DS03,15,1,HPC_flow_mod,5,1,0,-0,0,0,0,0,0,0,0.0860783538070487,0
ood_combo,DS03,15,1,LPT_eff_mod,6,1,0.00240958557328336,-0.000592330762420689,0,0,0,0,0,0,0.0860783538070487,0
ood_combo,DS03,15,1,LPT_flow_mod,7,1,0.00329697073569559,-0,0,0,0,0,0,0,0.0860783538070487,0
ood_combo,DS03,15,1,LPC_eff_mod,8,1,0,-0,0,0,0,0,0,0,0.0860783538070487,0
ood_combo,DS03,15,1,LPC_flow_mod,9,1,0,-0,0,0,0,0,0,0,0.0860783538070487,0
ood_combo,DS03,15,2,HPT_eff_mod,1,1,-0.0029150684956068,-0,0,0,0,0,0,0,0.0758603800244768,0
ood_combo,DS03,15,2,fan_eff_mod,2,1,0,-0,0,0,0,0,0,0,0.0758603800244768,0
ood_combo,DS03,15,2,fan_flow_mod,3,1,0,-0,0,0,0,0,0,0,0.0758603800244768,0
ood_combo,DS03,15,2,HPC_eff_mod,4,1,0,-0,0,0,0,0,0,0,0.0758603800244768,0
ood_combo,DS03,15,2,HPC_flow_mod,5,1,0,-0,0,0,0,0,0,0,0.0758603800244768,0
ood_combo,DS03,15,2,LPT_eff_mod,6,1,0.00151032441575897,-0.00144768436120361,0,0,0,0,0,0,0.0758603800244768,0
ood_combo,DS03,15,2,LPT_flow_mod,7,1,-0.000676283223975976,-0,0,0,0,0,0,0,0.0758603800244768,0
ood_combo,DS03,15,2,LPC_eff_mod,8,1,0,-0,0,0,0,0,0,0,0.0758603800244768,0
ood_combo,DS03,15,2,LPC_flow_mod,9,1,0,-0,0,0,0,0,0,0,0.0758603800244768,0
ood_combo,DS03,15,3,HPT_eff_mod,1,1,0.00853759435032249,-0,0,0,0,0,0,0,0.091669023594898,0
ood_combo,DS03,15,3,fan_eff_mod,2,1,0,-0,0,0,0,0,0,0,0.091669023594898,0
ood_combo,DS03,15,3,fan_flow_mod,3,1,0,-0.000815570643146291,0,0,0,0,0,0,0.091669023594898,0
ood_combo,DS03,15,3,HPC_eff_mod,4,1,0,-0,0,0,0,0,0,0,0.091669023594898,0
ood_combo,DS03,15,3,HPC_flow_mod,5,1,0,-0,0,0,0,0,0,0,0.091669023594898,0
ood_combo,DS03,15,3,LPT_eff_mod,6,1,-0.00391990998904191,-0.00144768436120361,0,0,0,0,0,0,0.091669023594898,0
ood_combo,DS03,15,3,LPT_flow_mod,7,1,-0.0026206875117192,-0,0,0,0,0,0,0,0.091669023594898,0
ood_combo,DS03,15,3,LPC_eff_mod,8,1,0,-0,0,0,0,0,0,0,0.091669023594898,0
ood_combo,DS03,15,3,LPC_flow_mod,9,1,0,-0,0,0,0,0,0,0,0.091669023594898,0
ood_combo,DS03,15,4,HPT_eff_mod,1,1,-0.00946996861824425,-0,0,0,0,0,0,0,0.0716380491889879,0
ood_combo,DS03,15,4,fan_eff_mod,2,1,0,-0,0,0,0,0,0,0,0.0716380491889879,0
ood_combo,DS03,15,4,fan_flow_mod,3,1,0,-0.000815570643146291,0,0,0,0,0,0,0.0716380491889879,0
ood_combo,DS03,15,4,HPC_eff_mod,4,1,0,-0.00293692142748065,0,0,0,0,0,0,0.0716380491889879,0
ood_combo,DS03,15,4,HPC_flow_mod,5,1,0,-0,0,0,0,0,0,0,0.0716380491889879,0
ood_combo,DS03,15,4,LPT_eff_mod,6,1,-0.000269075556403708,-0.0017841217448659,0,0,0,0,0,0,0.0716380491889879,0
ood_combo,DS03,15,4,LPT_flow_mod,7,1,-0.00317903879385893,-0.0054378947990751,0,0,0,0,0,0,0.0716380491889879,0
ood_combo,DS03,15,4,LPC_eff_mod,8,1,0,-0,0,0,0,0,0,0,0.0716380491889879,0
ood_combo,DS03,15,4,LPC_flow_mod,9,1,0,-0,0,0,0,0,0,0,0.0716380491889879,0
ood_combo,DS03,15,5,HPT_eff_mod,1,1,-0.00901758431534105,-0,0,0,0,0,0,0,0.100882323755268,0
ood_combo,DS03,15,5,fan_eff_mod,2,1,0,-0,0,0,0,0,0,0,0.100882323755268,0
ood_combo,DS03,15,5,fan_flow_mod,3,1,0,-0.000815570643146291,0,0,0,0,0,0,0.100882323755268,0
ood_combo,DS03,15,5,HPC_eff_mod,4,1,0,-0.00293692142748065,0,0,0,0,0,0,0.100882323755268,0
ood_combo,DS03,15,5,HPC_flow_mod,5,1,0,-0,0,0,0,0,0,0,0.100882323755268,0
ood_combo,DS03,15,5,LPT_eff_mod,6,1,-0.00990435169138965,-0.00428716148713094,0,0,0,0,0,0,0.100882323755268,0
ood_combo,DS03,15,5,LPT_flow_mod,7,1,0.00218166228530301,-0.0054378947990751,0,0,0,0,0,0,0.100882323755268,0
ood_combo,DS03,15,5,LPC_eff_mod,8,1,0,-0,0,0,0,0,0,0,0.100882323755268,0
ood_combo,DS03,15,5,LPC_flow_mod,9,1,0,-0,0,0,0,0,0,0,0.100882323755268,0
ood_combo,DS03,15,6,HPT_eff_mod,1,1,-0.00898433130069325,-0,0,0,0,0,0,0,0.150059870479868,0
ood_combo,DS03,15,6,fan_eff_mod,2,1,0,-0,0,0,0,0,0,0,0.150059870479868,0
ood_combo,DS03,15,6,fan_flow_mod,3,1,0,-0.000815570643146291,0,0,0,0,0,0,0.150059870479868,0
ood_combo,DS03,15,6,HPC_eff_mod,4,1,0,-0.00293692142748065,0,0,0,0,0,0,0.150059870479868,0
ood_combo,DS03,15,6,HPC_flow_mod,5,1,0,-0,0,0,0,0,0,0,0.150059870479868,0
ood_combo,DS03,15,6,LPT_eff_mod,6,1,-0.00282312238363897,-0.00428716148713094,0,0,0,0,0,0,0.150059870479868,0
ood_combo,DS03,15,6,LPT_flow_mod,7,1,0.00232034680279627,-0.00925099900850708,0,0,0,0,0,0,0.150059870479868,0
ood_combo,DS03,15,6,LPC_eff_mod,8,1,0,-0,0,0,0,0,0,0,0.150059870479868,0
ood_combo,DS03,15,6,LPC_flow_mod,9,1,0,-0,0,0,0,0,0,0,0.150059870479868,0
ood_combo,DS03,15,7,HPT_eff_mod,1,1,-0.00882378903938545,-0,0,0,0,0,0,0,0.201549848881586,0
ood_combo,DS03,15,7,fan_eff_mod,2,1,0,-0,0,0,0,0,0,0,0.201549848881586,0
ood_combo,DS03,15,7,fan_flow_mod,3,1,0,-0.000815570643146291,0,0,0,0,0,0,0.201549848881586,0
ood_combo,DS03,15,7,HPC_eff_mod,4,1,0,-0.00366852419659454,0,0,0,0,0,0,0.201549848881586,0
ood_combo,DS03,15,7,HPC_flow_mod,5,1,0,-0.000588724928779238,0,0,0,0,0,0,0.201549848881586,0
ood_combo,DS03,15,7,LPT_eff_mod,6,1,-0.00852740682879554,-0.00548646014467194,0,0,0,0,0,0,0.201549848881586,0
ood_combo,DS03,15,7,LPT_flow_mod,7,1,-0.00182594959612074,-0.00925099900850708,0,0,0,0,0,0,0.201549848881586,0
ood_combo,DS03,15,7,LPC_eff_mod,8,1,0,-0,0,0,0,0,0,0,0.201549848881586,0
ood_combo,DS03,15,7,LPC_flow_mod,9,1,0,-0,0,0,0,0,0,0,0.201549848881586,0
ood_combo,DS03,15,8,HPT_eff_mod,1,1,-0.0140566529215242,-0,0,0,0,0,0,0,0.139152104672491,0
ood_combo,DS03,15,8,fan_eff_mod,2,1,0,-0,0,0,0,0,0,0,0.139152104672491,0
ood_combo,DS03,15,8,fan_flow_mod,3,1,0,-0.000815570643146291,0,0,0,0,0,0,0.139152104672491,0
ood_combo,DS03,15,8,HPC_eff_mod,4,1,0,-0.00366852419659454,0,0,0,0,0,0,0.139152104672491,0
ood_combo,DS03,15,8,HPC_flow_mod,5,1,0,-0.000588724928779238,0,0,0,0,0,0,0.139152104672491,0
ood_combo,DS03,15,8,LPT_eff_mod,6,1,-0.00267862492254945,-0.00548646014467194,0,0,0,0,0,0,0.139152104672491,0
ood_combo,DS03,15,8,LPT_flow_mod,7,1,0.00226651474562242,-0.00925099900850708,0,0,0,0,0,0,0.139152104672491,0
ood_combo,DS03,15,8,LPC_eff_mod,8,1,0,-0,0,0,0,0,0,0,0.139152104672491,0
ood_combo,DS03,15,8,LPC_flow_mod,9,1,0,-0,0,0,0,0,0,0,0.139152104672491,0
ood_combo,DS03,15,9,HPT_eff_mod,1,1,-0.0159479792511537,-0,0,0,0,0,0,0,0.162629215641228,0
ood_combo,DS03,15,9,fan_eff_mod,2,1,0,-0,0,0,0,0,0,0,0.162629215641228,0
ood_combo,DS03,15,9,fan_flow_mod,3,1,0,-0.000815570643146291,0,0,0,0,0,0,0.162629215641228,0
ood_combo,DS03,15,9,HPC_eff_mod,4,1,0,-0.00366852419659454,0,0,0,0,0,0,0.162629215641228,0
ood_combo,DS03,15,9,HPC_flow_mod,5,1,0,-0.000588724928779238,0,0,0,0,0,0,0.162629215641228,0
ood_combo,DS03,15,9,LPT_eff_mod,6,1,-0.0109205651030153,-0.0124095717121758,0,0,0,0,0,0,0.162629215641228,0
ood_combo,DS03,15,9,LPT_flow_mod,7,1,-0.00634216454542702,-0.00925099900850708,0,0,0,0,0,0,0.162629215641228,0
ood_combo,DS03,15,9,LPC_eff_mod,8,1,0,-0,0,0,0,0,0,0,0.162629215641228,0
ood_combo,DS03,15,9,LPC_flow_mod,9,1,0,-0,0,0,0,0,0,0,0.162629215641228,0
ood_combo,DS03,15,10,HPT_eff_mod,1,1,-0.0100483610396198,-0,0,0,0,0,0,0,0.119278711128298,0
ood_combo,DS03,15,10,fan_eff_mod,2,1,0,-0,0,0,0,0,0,0,0.119278711128298,0
ood_combo,DS03,15,10,fan_flow_mod,3,1,0,-0.000815570643146291,0,0,0,0,0,0,0.119278711128298,0
ood_combo,DS03,15,10,HPC_eff_mod,4,1,0,-0.00366852419659454,0,0,0,0,0,0,0.119278711128298,0
ood_combo,DS03,15,10,HPC_flow_mod,5,1,0,-0.000588724928779238,0,0,0,0,0,0,0.119278711128298,0
ood_combo,DS03,15,10,LPT_eff_mod,6,1,-0.0121076820910706,-0.0124095717121758,0,0,0,0,0,0,0.119278711128298,0
ood_combo,DS03,15,10,LPT_flow_mod,7,1,-0.000500821580594245,-0.00925099900850708,0,0,0,0,0,0,0.119278711128298,0
ood_combo,DS03,15,10,LPC_eff_mod,8,1,0,-0,0,0,0,0,0,0,0.119278711128298,0
ood_combo,DS03,15,10,LPC_flow_mod,9,1,0,-0,0,0,0,0,0,0,0.119278711128298,0
ood_combo,DS03,15,11,HPT_eff_mod,1,1,-0.00976598838038251,-0,0,0,0,0,0,0,0.114429976045983,0
ood_combo,DS03,15,11,fan_eff_mod,2,1,0,-0,0,0,0,0,0,0,0.114429976045983,0
ood_combo,DS03,15,11,fan_flow_mod,3,1,0,-0.000815570643146291,0,0,0,0,0,0,0.114429976045983,0
ood_combo,DS03,15,11,HPC_eff_mod,4,1,0,-0.00366852419659454,0,0,0,0,0,0,0.114429976045983,0
ood_combo,DS03,15,11,HPC_flow_mod,5,1,0,-0.000588724928779238,0,0,0,0,0,0,0.114429976045983,0
ood_combo,DS03,15,11,LPT_eff_mod,6,1,-0.0100614741929314,-0.0124095717121758,0,0,0,0,0,0,0.114429976045983,0
ood_combo,DS03,15,11,LPT_flow_mod,7,1,-0.000742964983424563,-0.00925099900850708,0,0,0,0,0,0,0.114429976045983,0
ood_combo,DS03,15,11,LPC_eff_mod,8,1,0,-0,0,0,0,0,0,0,0.114429976045983,0
ood_combo,DS03,15,11,LPC_flow_mod,9,1,0,-0,0,0,0,0,0,0,0.114429976045983,0
ood_combo,DS03,15,12,HPT_eff_mod,1,1,-0.00445233684980531,-0,0,0,0,0,0,0,0.169675559769204,0
ood_combo,DS03,15,12,fan_eff_mod,2,1,0,-0,0,0,0,0,0,0,0.169675559769204,0
ood_combo,DS03,15,12,fan_flow_mod,3,1,0,-0.00125290481763257,0,0,0,0,0,0,0.169675559769204,0
ood_combo,DS03,15,12,HPC_eff_mod,4,1,0,-0.00366852419659454,0,0,0,0,0,0,0.169675559769204,0
ood_combo,DS03,15,12,HPC_flow_mod,5,1,0,-0.000588724928779238,0,0,0,0,0,0,0.169675559769204,0
ood_combo,DS03,15,12,LPT_eff_mod,6,1,-0.0111864120740992,-0.0124095717121758,0,0,0,0,0,0,0.169675559769204,0
ood_combo,DS03,15,12,LPT_flow_mod,7,1,-0.00879877386378499,-0.00925099900850708,0,0,0,0,0,0,0.169675559769204,0
ood_combo,DS03,15,12,LPC_eff_mod,8,1,0,-0,0,0,0,0,0,0,0.169675559769204,0
ood_combo,DS03,15,12,LPC_flow_mod,9,1,0,-0.0018483654909025,0,0,0,0,0,0,0.169675559769204,0
ood_combo,DS03,15,13,HPT_eff_mod,1,1,-0.00350794464377827,-0,0,0,0,0,0,1,0.141648125196191,0
ood_combo,DS03,15,13,fan_eff_mod,2,1,0,-0,0,0,0,0,0,1,0.141648125196191,0
ood_combo,DS03,15,13,fan_flow_mod,3,1,0,-0.00125290481763257,0,0,0,0,0,1,0.141648125196191,0
ood_combo,DS03,15,13,HPC_eff_mod,4,1,0,-0.00366852419659454,0,0,0,0,0,1,0.141648125196191,0
ood_combo,DS03,15,13,HPC_flow_mod,5,1,0,-0.000588724928779238,0,0,0,0,0,1,0.141648125196191,0
ood_combo,DS03,15,13,LPT_eff_mod,6,1,-0.00538503264183397,-0.0124095717121758,0,1,0,1,0,1,0.141648125196191,0
ood_combo,DS03,15,13,LPT_flow_mod,7,1,-0.000682579444356922,-0.00925099900850708,0,0,0,0,0,1,0.141648125196191,0
ood_combo,DS03,15,13,LPC_eff_mod,8,1,0,-0,0,0,0,0,0,1,0.141648125196191,0
ood_combo,DS03,15,13,LPC_flow_mod,9,1,0,-0.0018483654909025,0,0,0,0,0,1,0.141648125196191,0
ood_combo,DS03,15,14,HPT_eff_mod,1,1,-0.00770445941700593,-0,0,0,0,0,0,1,0.15708912872259,0
ood_combo,DS03,15,14,fan_eff_mod,2,1,0,-0,0,0,0,0,0,1,0.15708912872259,0
ood_combo,DS03,15,14,fan_flow_mod,3,1,0,-0.00125290481763257,0,0,0,0,0,1,0.15708912872259,0
ood_combo,DS03,15,14,HPC_eff_mod,4,1,0,-0.00366852419659454,0,0,0,0,0,1,0.15708912872259,0
ood_combo,DS03,15,14,HPC_flow_mod,5,1,0,-0.000588724928779238,0,0,0,0,0,1,0.15708912872259,0
ood_combo,DS03,15,14,LPT_eff_mod,6,1,-0.00536739995585765,-0.015201975390214,0,1,0,1,0,1,0.15708912872259,0
ood_combo,DS03,15,14,LPT_flow_mod,7,1,-0.00478448979464825,-0.00925099900850708,0,0,0,0,0,1,0.15708912872259,0
ood_combo,DS03,15,14,LPC_eff_mod,8,1,0,-0,0,0,0,0,0,1,0.15708912872259,0
ood_combo,DS03,15,14,LPC_flow_mod,9,1,0,-0.0018483654909025,0,0,0,0,0,1,0.15708912872259,0
ood_combo,DS03,15,15,HPT_eff_mod,1,1,-0.0121775663702942,-0,0,0,0,0,0,1,0.0936502091348005,0
ood_combo,DS03,15,15,fan_eff_mod,2,1,0,-0,0,0,0,0,0,1,0.0936502091348005,0
ood_combo,DS03,15,15,fan_flow_mod,3,1,0,-0.00125290481763257,0,0,0,0,0,1,0.0936502091348005,0
ood_combo,DS03,15,15,HPC_eff_mod,4,1,0,-0.00459161988412205,0,0,0,0,0,1,0.0936502091348005,0
ood_combo,DS03,15,15,HPC_flow_mod,5,1,0,-0.000588724928779238,0,0,0,0,0,1,0.0936502091348005,0
ood_combo,DS03,15,15,LPT_eff_mod,6,1,-0.00987693014275532,-0.015201975390214,0,1,0,1,0,1,0.0936502091348005,0
ood_combo,DS03,15,15,LPT_flow_mod,7,1,-0.0122583255164908,-0.0161434887987074,0,0,0,0,0,1,0.0936502091348005,0
ood_combo,DS03,15,15,LPC_eff_mod,8,1,0,-0,0,0,0,0,0,1,0.0936502091348005,0
ood_combo,DS03,15,15,LPC_flow_mod,9,1,0,-0.0018483654909025,0,0,0,0,0,1,0.0936502091348005,0
ood_combo,DS03,15,16,HPT_eff_mod,1,1,-0.0197318845650738,-0,0,0,0,0,0,1,0.126250712375364,0
ood_combo,DS03,15,16,fan_eff_mod,2,1,0,-0,0,0,0,0,0,1,0.126250712375364,0
ood_combo,DS03,15,16,fan_flow_mod,3,1,0,-0.00125290481763257,0,0,0,0,0,1,0.126250712375364,0
ood_combo,DS03,15,16,HPC_eff_mod,4,1,0,-0.00459161988412205,0,0,0,0,0,1,0.126250712375364,0
ood_combo,DS03,15,16,HPC_flow_mod,5,1,0,-0.000588724928779238,0,0,0,0,0,1,0.126250712375364,0
ood_combo,DS03,15,16,LPT_eff_mod,6,1,-0.00620630011131115,-0.015201975390214,0,1,0,1,0,1,0.126250712375364,0
ood_combo,DS03,15,16,LPT_flow_mod,7,1,-0.00219823353808161,-0.0161434887987074,0,0,0,0,0,1,0.126250712375364,0
ood_combo,DS03,15,16,LPC_eff_mod,8,1,0,-0,0,0,0,0,0,1,0.126250712375364,0
ood_combo,DS03,15,16,LPC_flow_mod,9,1,0,-0.0018483654909025,0,0,0,0,0,1,0.126250712375364,0
ood_combo,DS03,15,17,HPT_eff_mod,1,1,-0.00858966476657771,-0,0,0,0,0,0,1,0.219726374295422,0
ood_combo,DS03,15,17,fan_eff_mod,2,1,0,-0,0,0,0,0,0,1,0.219726374295422,0
ood_combo,DS03,15,17,fan_flow_mod,3,1,0,-0.00125290481763257,0,0,0,0,0,1,0.219726374295422,0
ood_combo,DS03,15,17,HPC_eff_mod,4,1,0,-0.00459161988412205,0,0,0,0,0,1,0.219726374295422,0
ood_combo,DS03,15,17,HPC_flow_mod,5,1,0,-0.000588724928779238,0,0,0,0,0,1,0.219726374295422,0
ood_combo,DS03,15,17,LPT_eff_mod,6,1,-0.0104124396702538,-0.015201975390214,0,1,0,1,0,1,0.219726374295422,0
ood_combo,DS03,15,17,LPT_flow_mod,7,1,-0.00867924445242633,-0.0161434887987074,0,0,0,0,0,1,0.219726374295422,0
ood_combo,DS03,15,17,LPC_eff_mod,8,1,0,-0,0,0,0,0,0,1,0.219726374295422,0
ood_combo,DS03,15,17,LPC_flow_mod,9,1,0,-0.0018483654909025,0,0,0,0,0,1,0.219726374295422,0
ood_combo,DS03,15,18,HPT_eff_mod,1,1,-0.0151642187674121,-0,0,0,0,0,0,1,0.127522567958004,0
ood_combo,DS03,15,18,fan_eff_mod,2,1,0,-0.000281969619623885,0,0,0,0,0,1,0.127522567958004,0
ood_combo,DS03,15,18,fan_flow_mod,3,1,0,-0.00125290481763257,0,0,0,0,0,1,0.127522567958004,0
ood_combo,DS03,15,18,HPC_eff_mod,4,1,0,-0.00829313421790011,0,0,0,0,0,1,0.127522567958004,0
ood_combo,DS03,15,18,HPC_flow_mod,5,1,0,-0.00175702822844034,0,0,0,0,0,1,0.127522567958004,0
ood_combo,DS03,15,18,LPT_eff_mod,6,1,-0.0150273744738617,-0.0173956336547601,0,1,0,1,0,1,0.127522567958004,0
ood_combo,DS03,15,18,LPT_flow_mod,7,1,-0.00393227840204988,-0.0161434887987074,0,0,0,0,0,1,0.127522567958004,0
ood_combo,DS03,15,18,LPC_eff_mod,8,1,0,-0,0,0,0,0,0,1,0.127522567958004,0
ood_combo,DS03,15,18,LPC_flow_mod,9,1,0,-0.0018483654909025,0,0,0,0,0,1,0.127522567958004,0
ood_combo,DS03,15,19,HPT_eff_mod,1,1,-0.0127590908752954,-0,0,0,0,0,0,1,0.141627264066114,0
ood_combo,DS03,15,19,fan_eff_mod,2,1,0,-0.000281969619623885,0,0,0,0,0,1,0.141627264066114,0
ood_combo,DS03,15,19,fan_flow_mod,3,1,0,-0.00125290481763257,0,0,0,0,0,1,0.141627264066114,0
ood_combo,DS03,15,19,HPC_eff_mod,4,1,0,-0.00829313421790011,0,0,0,0,0,1,0.141627264066114,0
ood_combo,DS03,15,19,HPC_flow_mod,5,1,0,-0.00175702822844034,0,0,0,0,0,1,0.141627264066114,0
ood_combo,DS03,15,19,LPT_eff_mod,6,1,-0.0159519357791253,-0.0173956336547601,0,1,0,1,0,1,0.141627264066114,0
ood_combo,DS03,15,19,LPT_flow_mod,7,1,-0.014621566533191,-0.0161434887987074,0,1,0,1,0,1,0.141627264066114,0
ood_combo,DS03,15,19,LPC_eff_mod,8,1,0,-0,0,0,0,0,0,1,0.141627264066114,0
ood_combo,DS03,15,19,LPC_flow_mod,9,1,0,-0.0018483654909025,0,0,0,0,0,1,0.141627264066114,0
ood_combo,DS03,15,20,HPT_eff_mod,1,1,-0.013259249663074,-0,0,0,0,0,0,2,0.12261810406334,0
ood_combo,DS03,15,20,fan_eff_mod,2,1,0,-0.000281969619623885,0,0,0,0,0,2,0.12261810406334,0
ood_combo,DS03,15,20,fan_flow_mod,3,1,0,-0.00125290481763257,0,0,0,0,0,2,0.12261810406334,0
ood_combo,DS03,15,20,HPC_eff_mod,4,1,0,-0.00829313421790011,0,0,0,0,0,2,0.12261810406334,0
ood_combo,DS03,15,20,HPC_flow_mod,5,1,0,-0.00175702822844034,0,0,0,0,0,2,0.12261810406334,0
ood_combo,DS03,15,20,LPT_eff_mod,6,1,-0.0082923348006353,-0.0173956336547601,0,1,0,1,0,2,0.12261810406334,0
ood_combo,DS03,15,20,LPT_flow_mod,7,1,-0.0141819021228859,-0.0234582220841845,0,1,0,2,0,2,0.12261810406334,0
ood_combo,DS03,15,20,LPC_eff_mod,8,1,0,-0,0,0,0,0,0,2,0.12261810406334,0
ood_combo,DS03,15,20,LPC_flow_mod,9,1,0,-0.0018483654909025,0,0,0,0,0,2,0.12261810406334,0
ood_combo,DS03,15,21,HPT_eff_mod,1,1,-0.0177204306494042,-0,0,0,0,0,0,2,0.120336970148509,0
ood_combo,DS03,15,21,fan_eff_mod,2,1,0,-0.000281969619623885,0,0,0,0,0,2,0.120336970148509,0
ood_combo,DS03,15,21,fan_flow_mod,3,1,0,-0.00125290481763257,0,0,0,0,0,2,0.120336970148509,0
ood_combo,DS03,15,21,HPC_eff_mod,4,1,0,-0.00829313421790011,0,0,0,0,0,2,0.120336970148509,0
ood_combo,DS03,15,21,HPC_flow_mod,5,1,0,-0.00175702822844034,0,0,0,0,0,2,0.120336970148509,0
ood_combo,DS03,15,21,LPT_eff_mod,6,1,-0.00955275507098397,-0.0173956336547601,0,1,0,1,0,2,0.120336970148509,0
ood_combo,DS03,15,21,LPT_flow_mod,7,1,-0.0132668415630375,-0.0234582220841845,0,1,0,2,0,2,0.120336970148509,0
ood_combo,DS03,15,21,LPC_eff_mod,8,1,0,-0,0,0,0,0,0,2,0.120336970148509,0
ood_combo,DS03,15,21,LPC_flow_mod,9,1,0,-0.0018483654909025,0,0,0,0,0,2,0.120336970148509,0
ood_combo,DS03,15,22,HPT_eff_mod,1,1,-0.029815206406045,-0,0,0,0,0,0,2,0.157336644041668,0
ood_combo,DS03,15,22,fan_eff_mod,2,1,0,-0.000281969619623885,0,0,0,0,0,2,0.157336644041668,0
ood_combo,DS03,15,22,fan_flow_mod,3,1,0,-0.00125290481763257,0,0,0,0,0,2,0.157336644041668,0
ood_combo,DS03,15,22,HPC_eff_mod,4,1,0,-0.00829313421790011,0,0,0,0,0,2,0.157336644041668,0
ood_combo,DS03,15,22,HPC_flow_mod,5,1,0,-0.00175702822844034,0,0,0,0,0,2,0.157336644041668,0
ood_combo,DS03,15,22,LPT_eff_mod,6,1,-0.0118954191535484,-0.0201780609692018,0,1,0,2,0,2,0.157336644041668,0
ood_combo,DS03,15,22,LPT_flow_mod,7,1,-0.0151072546386976,-0.0234582220841845,0,1,0,2,0,2,0.157336644041668,0
ood_combo,DS03,15,22,LPC_eff_mod,8,1,0,-0,0,0,0,0,0,2,0.157336644041668,0
ood_combo,DS03,15,22,LPC_flow_mod,9,1,0,-0.0018483654909025,0,0,0,0,0,2,0.157336644041668,0
ood_combo,DS03,15,23,HPT_eff_mod,1,1,-0.0147893580057328,-0,0,0,0,0,0,2,0.260481312858306,0
ood_combo,DS03,15,23,fan_eff_mod,2,1,0,-0.000281969619623885,0,0,0,0,0,2,0.260481312858306,0
ood_combo,DS03,15,23,fan_flow_mod,3,1,0,-0.00125290481763257,0,0,0,0,0,2,0.260481312858306,0
ood_combo,DS03,15,23,HPC_eff_mod,4,1,0,-0.00829313421790011,0,0,0,0,0,2,0.260481312858306,0
ood_combo,DS03,15,23,HPC_flow_mod,5,1,0,-0.00175702822844034,0,0,0,0,0,2,0.260481312858306,0
ood_combo,DS03,15,23,LPT_eff_mod,6,1,-0.00932924118257979,-0.0208404877993937,0,1,0,2,0,2,0.260481312858306,0
ood_combo,DS03,15,23,LPT_flow_mod,7,1,-0.00883417432860953,-0.0234582220841845,0,1,0,2,0,2,0.260481312858306,0
ood_combo,DS03,15,23,LPC_eff_mod,8,1,0,-0,0,0,0,0,0,2,0.260481312858306,0
ood_combo,DS03,15,23,LPC_flow_mod,9,1,0,-0.0018483654909025,0,0,0,0,0,2,0.260481312858306,0
ood_combo,DS03,15,24,HPT_eff_mod,1,1,-0.0329885490800427,-0,0,0,0,0,0,2,0.463965869046081,0
ood_combo,DS03,15,24,fan_eff_mod,2,1,0,-0.000281969619623885,0,0,0,0,0,2,0.463965869046081,0
ood_combo,DS03,15,24,fan_flow_mod,3,1,0,-0.00126116041687158,0,0,0,0,0,2,0.463965869046081,0
ood_combo,DS03,15,24,HPC_eff_mod,4,1,0,-0.00829313421790011,0,0,0,0,0,2,0.463965869046081,0
ood_combo,DS03,15,24,HPC_flow_mod,5,1,0,-0.00175702822844034,0,0,0,0,0,2,0.463965869046081,0
ood_combo,DS03,15,24,LPT_eff_mod,6,1,-0.0180972092337468,-0.0208404877993937,0,1,0,2,0,2,0.463965869046081,0
ood_combo,DS03,15,24,LPT_flow_mod,7,1,-0.0104250708030637,-0.0342335105288946,0,1,0,2,0,2,0.463965869046081,0
ood_combo,DS03,15,24,LPC_eff_mod,8,1,0,-0,0,0,0,0,0,2,0.463965869046081,0
ood_combo,DS03,15,24,LPC_flow_mod,9,1,0,-0.00384906521329129,0,0,0,0,0,2,0.463965869046081,0
ood_combo,DS03,15,25,HPT_eff_mod,1,0,-0.0212037239309893,-0,1,0,2,0,2,2,0.107031333408522,0
ood_combo,DS03,15,25,fan_eff_mod,2,0,0,-0.000281969619623885,0,0,0,0,2,2,0.107031333408522,0
ood_combo,DS03,15,25,fan_flow_mod,3,0,0,-0.00126116041687158,0,0,0,0,2,2,0.107031333408522,0
ood_combo,DS03,15,25,HPC_eff_mod,4,0,0,-0.00829313421790011,0,0,0,0,2,2,0.107031333408522,0
ood_combo,DS03,15,25,HPC_flow_mod,5,0,0,-0.00175702822844034,0,0,0,0,2,2,0.107031333408522,0
ood_combo,DS03,15,25,LPT_eff_mod,6,0,-0.015211794506652,-0.0284494872293126,1,1,1,2,2,2,0.107031333408522,0
ood_combo,DS03,15,25,LPT_flow_mod,7,0,-0.00917393329815062,-0.0342335105288946,1,1,1,2,2,2,0.107031333408522,0
ood_combo,DS03,15,25,LPC_eff_mod,8,0,0,-0,0,0,0,0,2,2,0.107031333408522,0
ood_combo,DS03,15,25,LPC_flow_mod,9,0,0,-0.00384906521329129,0,0,0,0,2,2,0.107031333408522,0
ood_combo,DS03,15,26,HPT_eff_mod,1,0,-0.0373603499529107,-0,1,0,2,0,2,2,0.169890702081736,0
ood_combo,DS03,15,26,fan_eff_mod,2,0,0,-0.000281969619623885,0,0,0,0,2,2,0.169890702081736,0
ood_combo,DS03,15,26,fan_flow_mod,3,0,0,-0.00126116041687158,0,0,0,0,2,2,0.169890702081736,0
ood_combo,DS03,15,26,HPC_eff_mod,4,0,0,-0.00829313421790011,0,0,0,0,2,2,0.169890702081736,0
ood_combo,DS03,15,26,HPC_flow_mod,5,0,0,-0.00175702822844034,0,0,0,0,2,2,0.169890702081736,0
ood_combo,DS03,15,26,LPT_eff_mod,6,0,-0.0263485369020007,-0.033613282404766,1,1,2,2,2,2,0.169890702081736,0
ood_combo,DS03,15,26,LPT_flow_mod,7,0,-0.0208981756313146,-0.0477986427861073,1,1,2,2,2,2,0.169890702081736,0
ood_combo,DS03,15,26,LPC_eff_mod,8,0,0,-0,0,0,0,0,2,2,0.169890702081736,0
ood_combo,DS03,15,26,LPC_flow_mod,9,0,0,-0.00384906521329129,0,0,0,0,2,2,0.169890702081736,0
ood_combo,DS03,15,27,HPT_eff_mod,1,0,-0.0401610804492649,-0,1,0,2,0,2,2,0.189396484110317,0
ood_combo,DS03,15,27,fan_eff_mod,2,0,0,-0.000281969619623885,0,0,0,0,2,2,0.189396484110317,0
ood_combo,DS03,15,27,fan_flow_mod,3,0,0,-0.00126116041687158,0,0,0,0,2,2,0.189396484110317,0
ood_combo,DS03,15,27,HPC_eff_mod,4,0,0,-0.00829313421790011,0,0,0,0,2,2,0.189396484110317,0
ood_combo,DS03,15,27,HPC_flow_mod,5,0,0,-0.00175702822844034,0,0,0,0,2,2,0.189396484110317,0
ood_combo,DS03,15,27,LPT_eff_mod,6,0,-0.0199784291428922,-0.033613282404766,1,1,2,2,2,2,0.189396484110317,0
ood_combo,DS03,15,27,LPT_flow_mod,7,0,-0.0250477727884697,-0.0522998955585905,1,1,2,2,2,2,0.189396484110317,0
ood_combo,DS03,15,27,LPC_eff_mod,8,0,0,-0,0,0,0,0,2,2,0.189396484110317,0
ood_combo,DS03,15,27,LPC_flow_mod,9,0,0,-0.00384906521329129,0,0,0,0,2,2,0.189396484110317,0
ood_combo,DS03,15,28,HPT_eff_mod,1,0,-0.032434913056,-0,1,0,2,0,2,2,0.101284650648592,0
ood_combo,DS03,15,28,fan_eff_mod,2,0,0,-0.000281969619623885,0,0,0,0,2,2,0.101284650648592,0
ood_combo,DS03,15,28,fan_flow_mod,3,0,0,-0.00126116041687158,0,0,0,0,2,2,0.101284650648592,0
ood_combo,DS03,15,28,HPC_eff_mod,4,0,0,-0.00829313421790011,0,0,0,0,2,2,0.101284650648592,0
ood_combo,DS03,15,28,HPC_flow_mod,5,0,0,-0.00175702822844034,0,0,0,0,2,2,0.101284650648592,0
ood_combo,DS03,15,28,LPT_eff_mod,6,0,-0.0235760991339106,-0.038136442287593,1,1,2,2,2,2,0.101284650648592,0
ood_combo,DS03,15,28,LPT_flow_mod,7,0,-0.0247807786454907,-0.0522998955585905,1,1,2,2,2,2,0.101284650648592,0
ood_combo,DS03,15,28,LPC_eff_mod,8,0,0,-0,0,0,0,0,2,2,0.101284650648592,0
ood_combo,DS03,15,28,LPC_flow_mod,9,0,0,-0.00384906521329129,0,0,0,0,2,2,0.101284650648592,0
ood_combo,DS03,15,29,HPT_eff_mod,1,0,-0.0437525085458789,-0,1,0,2,0,2,2,0.25492774599146,0
ood_combo,DS03,15,29,fan_eff_mod,2,0,0,-0.000281969619623885,0,0,0,0,2,2,0.25492774599146,0
ood_combo,DS03,15,29,fan_flow_mod,3,0,0,-0.00126116041687158,0,0,0,0,2,2,0.25492774599146,0
ood_combo,DS03,15,29,HPC_eff_mod,4,0,0,-0.00829313421790011,0,0,0,0,2,2,0.25492774599146,0
ood_combo,DS03,15,29,HPC_flow_mod,5,0,0,-0.00175702822844034,0,0,0,0,2,2,0.25492774599146,0
ood_combo,DS03,15,29,LPT_eff_mod,6,0,-0.0245468575052015,-0.0472305620681973,1,1,2,2,2,2,0.25492774599146,0
ood_combo,DS03,15,29,LPT_flow_mod,7,0,-0.0314196093070882,-0.0522998955585905,1,1,2,2,2,2,0.25492774599146,0
ood_combo,DS03,15,29,LPC_eff_mod,8,0,0,-0,0,0,0,0,2,2,0.25492774599146,0
ood_combo,DS03,15,29,LPC_flow_mod,9,0,0,-0.00384906521329129,0,0,0,0,2,2,0.25492774599146,0
ood_combo,DS03,15,30,HPT_eff_mod,1,0,-0.0373884040213905,-0,1,0,2,0,2,2,0.304650906302088,0
ood_combo,DS03,15,30,fan_eff_mod,2,0,0,-0.000281969619623885,0,0,0,0,2,2,0.304650906302088,0
ood_combo,DS03,15,30,fan_flow_mod,3,0,0,-0.00126116041687158,0,0,0,0,2,2,0.304650906302088,0
ood_combo,DS03,15,30,HPC_eff_mod,4,0,0,-0.00829313421790011,0,0,0,0,2,2,0.304650906302088,0
ood_combo,DS03,15,30,HPC_flow_mod,5,0,0,-0.00175702822844034,0,0,0,0,2,2,0.304650906302088,0
ood_combo,DS03,15,30,LPT_eff_mod,6,0,-0.0234294398821725,-0.0472305620681973,1,1,2,2,2,2,0.304650906302088,0
ood_combo,DS03,15,30,LPT_flow_mod,7,0,-0.00969716335575819,-0.0522998955585905,1,1,2,2,2,2,0.304650906302088,0
ood_combo,DS03,15,30,LPC_eff_mod,8,0,0,-0,0,0,0,0,2,2,0.304650906302088,0
ood_combo,DS03,15,30,LPC_flow_mod,9,0,0,-0.00384906521329129,0,0,0,0,2,2,0.304650906302088,0
ood_combo,DS03,15,31,HPT_eff_mod,1,0,-0.0535714871219647,-0,1,0,2,0,2,2,0.192481955656987,0
ood_combo,DS03,15,31,fan_eff_mod,2,0,0,-0.000281969619623885,0,0,0,0,2,2,0.192481955656987,0
ood_combo,DS03,15,31,fan_flow_mod,3,0,0,-0.00126116041687158,0,0,0,0,2,2,0.192481955656987,0
ood_combo,DS03,15,31,HPC_eff_mod,4,0,0,-0.00829313421790011,0,0,0,0,2,2,0.192481955656987,0
ood_combo,DS03,15,31,HPC_flow_mod,5,0,0,-0.00175702822844034,0,0,0,0,2,2,0.192481955656987,0
ood_combo,DS03,15,31,LPT_eff_mod,6,0,-0.0211681116412923,-0.0472305620681973,1,1,2,2,2,2,0.192481955656987,0
ood_combo,DS03,15,31,LPT_flow_mod,7,0,-0.019402914330921,-0.0706588096701307,1,1,2,2,2,2,0.192481955656987,0
ood_combo,DS03,15,31,LPC_eff_mod,8,0,0,-0,0,0,0,0,2,2,0.192481955656987,0
ood_combo,DS03,15,31,LPC_flow_mod,9,0,0,-0.00384906521329129,0,0,0,0,2,2,0.192481955656987,0
ood_combo,DS03,15,32,HPT_eff_mod,1,0,-0.0494279804069503,-0,1,0,2,0,2,2,0.0573569160123498,0
ood_combo,DS03,15,32,fan_eff_mod,2,0,0,-0.000281969619623885,0,0,0,0,2,2,0.0573569160123498,0
ood_combo,DS03,15,32,fan_flow_mod,3,0,0,-0.00126116041687158,0,0,0,0,2,2,0.0573569160123498,0
ood_combo,DS03,15,32,HPC_eff_mod,4,0,0,-0.00829313421790011,0,0,0,0,2,2,0.0573569160123498,0
ood_combo,DS03,15,32,HPC_flow_mod,5,0,0,-0.00175702822844034,0,0,0,0,2,2,0.0573569160123498,0
ood_combo,DS03,15,32,LPT_eff_mod,6,0,-0.0283710991031608,-0.0472305620681973,1,1,2,2,2,2,0.0573569160123498,0
ood_combo,DS03,15,32,LPT_flow_mod,7,0,-0.0311794311926553,-0.0783513445598412,1,1,2,2,2,2,0.0573569160123498,0
ood_combo,DS03,15,32,LPC_eff_mod,8,0,0,-0,0,0,0,0,2,2,0.0573569160123498,0
ood_combo,DS03,15,32,LPC_flow_mod,9,0,0,-0.00384906521329129,0,0,0,0,2,2,0.0573569160123498,0
ood_combo,DS03,15,33,HPT_eff_mod,1,0,-0.0475438326840142,-0,1,0,2,0,2,2,0.0606315356966623,0
ood_combo,DS03,15,33,fan_eff_mod,2,0,0,-0.000281969619623885,0,0,0,0,2,2,0.0606315356966623,0
ood_combo,DS03,15,33,fan_flow_mod,3,0,0,-0.00126116041687158,0,0,0,0,2,2,0.0606315356966623,0
ood_combo,DS03,15,33,HPC_eff_mod,4,0,0,-0.00829313421790011,0,0,0,0,2,2,0.0606315356966623,0
ood_combo,DS03,15,33,HPC_flow_mod,5,0,0,-0.00175702822844034,0,0,0,0,2,2,0.0606315356966623,0
ood_combo,DS03,15,33,LPT_eff_mod,6,0,-0.0204552960833641,-0.0472305620681973,1,1,2,2,2,2,0.0606315356966623,0
ood_combo,DS03,15,33,LPT_flow_mod,7,0,-0.0273301784159773,-0.0783513445598412,1,1,2,2,2,2,0.0606315356966623,0
ood_combo,DS03,15,33,LPC_eff_mod,8,0,0,-0,0,0,0,0,2,2,0.0606315356966623,0
ood_combo,DS03,15,33,LPC_flow_mod,9,0,0,-0.00384906521329129,0,0,0,0,2,2,0.0606315356966623,0
ood_combo,DS03,15,34,HPT_eff_mod,1,0,-0.0545083728858864,-0,1,0,2,0,2,2,0.0768374841396196,0
ood_combo,DS03,15,34,fan_eff_mod,2,0,0,-0.000281969619623885,0,0,0,0,2,2,0.0768374841396196,0
ood_combo,DS03,15,34,fan_flow_mod,3,0,0,-0.00126116041687158,0,0,0,0,2,2,0.0768374841396196,0
ood_combo,DS03,15,34,HPC_eff_mod,4,0,0,-0.00829313421790011,0,0,0,0,2,2,0.0768374841396196,0
ood_combo,DS03,15,34,HPC_flow_mod,5,0,0,-0.00264742031901736,0,0,0,0,2,2,0.0768374841396196,0
ood_combo,DS03,15,34,LPT_eff_mod,6,0,-0.0305663040094367,-0.0504858833958747,1,1,2,2,2,2,0.0768374841396196,0
ood_combo,DS03,15,34,LPT_flow_mod,7,0,-0.028232897805014,-0.0783513445598412,1,1,2,2,2,2,0.0768374841396196,0
ood_combo,DS03,15,34,LPC_eff_mod,8,0,0,-0,0,0,0,0,2,2,0.0768374841396196,0
ood_combo,DS03,15,34,LPC_flow_mod,9,0,0,-0.00384906521329129,0,0,0,0,2,2,0.0768374841396196,0
ood_combo,DS03,15,35,HPT_eff_mod,1,0,-0.0484388219708034,-0,1,0,2,0,2,2,0.140783616945658,0
ood_combo,DS03,15,35,fan_eff_mod,2,0,0,-0.000281969619623885,0,0,0,0,2,2,0.140783616945658,0
ood_combo,DS03,15,35,fan_flow_mod,3,0,0,-0.00126116041687158,0,0,0,0,2,2,0.140783616945658,0
ood_combo,DS03,15,35,HPC_eff_mod,4,0,0,-0.00829313421790011,0,0,0,0,2,2,0.140783616945658,0
ood_combo,DS03,15,35,HPC_flow_mod,5,0,0,-0.00264742031901736,0,0,0,0,2,2,0.140783616945658,0
ood_combo,DS03,15,35,LPT_eff_mod,6,0,-0.0290706829641601,-0.0504858833958747,1,1,2,2,2,2,0.140783616945658,0
ood_combo,DS03,15,35,LPT_flow_mod,7,0,-0.0289101628432439,-0.0783513445598412,1,1,2,2,2,2,0.140783616945658,0
ood_combo,DS03,15,35,LPC_eff_mod,8,0,0,-0,0,0,0,0,2,2,0.140783616945658,0
ood_combo,DS03,15,35,LPC_flow_mod,9,0,0,-0.00384906521329129,0,0,0,0,2,2,0.140783616945658,0
ood_combo,DS03,15,36,HPT_eff_mod,1,0,-0.0535787048318871,-0,1,0,2,0,2,2,0.237508007353076,0
ood_combo,DS03,15,36,fan_eff_mod,2,0,0,-0.000281969619623885,0,0,0,0,2,2,0.237508007353076,0
ood_combo,DS03,15,36,fan_flow_mod,3,0,0,-0.00126116041687158,0,0,0,0,2,2,0.237508007353076,0
ood_combo,DS03,15,36,HPC_eff_mod,4,0,0,-0.00829313421790011,0,0,0,0,2,2,0.237508007353076,0
ood_combo,DS03,15,36,HPC_flow_mod,5,0,0,-0.00264742031901736,0,0,0,0,2,2,0.237508007353076,0
ood_combo,DS03,15,36,LPT_eff_mod,6,0,-0.0299290950003609,-0.0504858833958747,1,1,2,2,2,2,0.237508007353076,0
ood_combo,DS03,15,36,LPT_flow_mod,7,0,-0.0385262932628464,-0.0852198187288247,1,1,2,2,2,2,0.237508007353076,0
ood_combo,DS03,15,36,LPC_eff_mod,8,0,0,-0,0,0,0,0,2,2,0.237508007353076,0
ood_combo,DS03,15,36,LPC_flow_mod,9,0,0,-0.00384906521329129,0,0,0,0,2,2,0.237508007353076,0
ood_combo,DS03,15,37,HPT_eff_mod,1,0,-0.0576456024647974,-0,1,0,2,0,2,2,0.089206379016479,0
ood_combo,DS03,15,37,fan_eff_mod,2,0,0,-0.000281969619623885,0,0,0,0,2,2,0.089206379016479,0
ood_combo,DS03,15,37,fan_flow_mod,3,0,0,-0.00126116041687158,0,0,0,0,2,2,0.089206379016479,0
ood_combo,DS03,15,37,HPC_eff_mod,4,0,0,-0.00829313421790011,0,0,0,0,2,2,0.089206379016479,0
ood_combo,DS03,15,37,HPC_flow_mod,5,0,0,-0.00264742031901736,0,0,0,0,2,2,0.089206379016479,0
ood_combo,DS03,15,37,LPT_eff_mod,6,0,-0.0344028514528806,-0.0568111176161871,1,1,2,2,2,2,0.089206379016479,0
ood_combo,DS03,15,37,LPT_flow_mod,7,0,-0.0380674017021144,-0.0927652384243369,1,1,2,2,2,2,0.089206379016479,0
ood_combo,DS03,15,37,LPC_eff_mod,8,0,0,-0,0,0,0,0,2,2,0.089206379016479,0
ood_combo,DS03,15,37,LPC_flow_mod,9,0,0,-0.00384906521329129,0,0,0,0,2,2,0.089206379016479,0
ood_combo,DS03,15,38,HPT_eff_mod,1,0,-0.0680036648625015,-0,1,0,2,0,2,2,0.123734958694142,0
ood_combo,DS03,15,38,fan_eff_mod,2,0,0,-0.000281969619623885,0,0,0,0,2,2,0.123734958694142,0
ood_combo,DS03,15,38,fan_flow_mod,3,0,0,-0.00126116041687158,0,0,0,0,2,2,0.123734958694142,0
ood_combo,DS03,15,38,HPC_eff_mod,4,0,0,-0.00829313421790011,0,0,0,0,2,2,0.123734958694142,0
ood_combo,DS03,15,38,HPC_flow_mod,5,0,0,-0.00264742031901736,0,0,0,0,2,2,0.123734958694142,0
ood_combo,DS03,15,38,LPT_eff_mod,6,0,-0.0360031238255949,-0.0609572989098621,1,1,2,2,2,2,0.123734958694142,0
ood_combo,DS03,15,38,LPT_flow_mod,7,0,-0.0402646350451759,-0.102709550084853,1,1,2,2,2,2,0.123734958694142,0
ood_combo,DS03,15,38,LPC_eff_mod,8,0,0,-0,0,0,0,0,2,2,0.123734958694142,0
ood_combo,DS03,15,38,LPC_flow_mod,9,0,0,-0.00384906521329129,0,0,0,0,2,2,0.123734958694142,0
ood_combo,DS03,15,39,HPT_eff_mod,1,0,-0.0667182410706336,-0,1,0,2,0,2,2,0.118486182860203,0
ood_combo,DS03,15,39,fan_eff_mod,2,0,0,-0.000281969619623885,0,0,0,0,2,2,0.118486182860203,0
ood_combo,DS03,15,39,fan_flow_mod,3,0,0,-0.00126116041687158,0,0,0,0,2,2,0.118486182860203,0
ood_combo,DS03,15,39,HPC_eff_mod,4,0,0,-0.00829313421790011,0,0,0,0,2,2,0.118486182860203,0
ood_combo,DS03,15,39,HPC_flow_mod,5,0,0,-0.00264742031901736,0,0,0,0,2,2,0.118486182860203,0
ood_combo,DS03,15,39,LPT_eff_mod,6,0,-0.0413770728947149,-0.0686195977947913,1,1,2,2,2,2,0.118486182860203,0
ood_combo,DS03,15,39,LPT_flow_mod,7,0,-0.0437036889172782,-0.108937083725128,1,1,2,2,2,2,0.118486182860203,0
ood_combo,DS03,15,39,LPC_eff_mod,8,0,0,-0,0,0,0,0,2,2,0.118486182860203,0
ood_combo,DS03,15,39,LPC_flow_mod,9,0,0,-0.00384906521329129,0,0,0,0,2,2,0.118486182860203,0
ood_combo,DS03,15,40,HPT_eff_mod,1,0,-0.0856852229259095,-0,1,0,2,0,2,3,0.115543993239694,0
ood_combo,DS03,15,40,fan_eff_mod,2,0,0,-0.000281969619623885,0,0,0,0,2,3,0.115543993239694,0
ood_combo,DS03,15,40,fan_flow_mod,3,0,0,-0.00126116041687158,0,0,0,0,2,3,0.115543993239694,0
ood_combo,DS03,15,40,HPC_eff_mod,4,0,0,-0.00829313421790011,0,0,0,0,2,3,0.115543993239694,0
ood_combo,DS03,15,40,HPC_flow_mod,5,0,0,-0.00264742031901736,0,0,0,0,2,3,0.115543993239694,0
ood_combo,DS03,15,40,LPT_eff_mod,6,0,-0.0413011753013588,-0.0686195977947913,1,1,2,2,2,3,0.115543993239694,0
ood_combo,DS03,15,40,LPT_flow_mod,7,0,-0.0601988924725574,-0.138577580916346,1,1,2,3,2,3,0.115543993239694,0
ood_combo,DS03,15,40,LPC_eff_mod,8,0,0,-0,0,0,0,0,2,3,0.115543993239694,0
ood_combo,DS03,15,40,LPC_flow_mod,9,0,0,-0.00384906521329129,0,0,0,0,2,3,0.115543993239694,0
ood_combo,DS03,15,41,HPT_eff_mod,1,0,-0.0744429160566599,-0,1,0,2,0,2,3,0.260410135574791,0
ood_combo,DS03,15,41,fan_eff_mod,2,0,0,-0.000281969619623885,0,0,0,0,2,3,0.260410135574791,0
ood_combo,DS03,15,41,fan_flow_mod,3,0,0,-0.00126116041687158,0,0,0,0,2,3,0.260410135574791,0
ood_combo,DS03,15,41,HPC_eff_mod,4,0,0,-0.00829313421790011,0,0,0,0,2,3,0.260410135574791,0
ood_combo,DS03,15,41,HPC_flow_mod,5,0,0,-0.00264742031901736,0,0,0,0,2,3,0.260410135574791,0
ood_combo,DS03,15,41,LPT_eff_mod,6,0,-0.0471824244871521,-0.0686195977947913,1,1,2,2,2,3,0.260410135574791,0
ood_combo,DS03,15,41,LPT_flow_mod,7,0,-0.0548217164006488,-0.138577580916346,1,1,2,3,2,3,0.260410135574791,0
ood_combo,DS03,15,41,LPC_eff_mod,8,0,0,-0,0,0,0,0,2,3,0.260410135574791,0
ood_combo,DS03,15,41,LPC_flow_mod,9,0,0,-0.00384906521329129,0,0,0,0,2,3,0.260410135574791,0
ood_combo,DS03,15,42,HPT_eff_mod,1,0,-0.0834207100642076,-0,1,0,2,0,2,3,0.10992356939639,0
ood_combo,DS03,15,42,fan_eff_mod,2,0,0,-0.000281969619623885,0,0,0,0,2,3,0.10992356939639,0
ood_combo,DS03,15,42,fan_flow_mod,3,0,0,-0.00126116041687158,0,0,0,0,2,3,0.10992356939639,0
ood_combo,DS03,15,42,HPC_eff_mod,4,0,0,-0.00829313421790011,0,0,0,0,2,3,0.10992356939639,0
ood_combo,DS03,15,42,HPC_flow_mod,5,0,0,-0.00264742031901736,0,0,0,0,2,3,0.10992356939639,0
ood_combo,DS03,15,42,LPT_eff_mod,6,0,-0.0462173889206792,-0.0786735184441564,1,1,2,2,2,3,0.10992356939639,0
ood_combo,DS03,15,42,LPT_flow_mod,7,0,-0.0572674782502926,-0.138577580916346,1,1,2,3,2,3,0.10992356939639,0
ood_combo,DS03,15,42,LPC_eff_mod,8,0,0,-0,0,0,0,0,2,3,0.10992356939639,0
ood_combo,DS03,15,42,LPC_flow_mod,9,0,0,-0.00384906521329129,0,0,0,0,2,3,0.10992356939639,0
ood_combo,DS03,15,43,HPT_eff_mod,1,0,-0.102396294696953,-0,1,0,2,0,2,3,0.118906424098609,0
ood_combo,DS03,15,43,fan_eff_mod,2,0,0,-0.000281969619623885,0,0,0,0,2,3,0.118906424098609,0
ood_combo,DS03,15,43,fan_flow_mod,3,0,0,-0.00126116041687158,0,0,0,0,2,3,0.118906424098609,0
ood_combo,DS03,15,43,HPC_eff_mod,4,0,0,-0.00829313421790011,0,0,0,0,2,3,0.118906424098609,0
ood_combo,DS03,15,43,HPC_flow_mod,5,0,0,-0.00264742031901736,0,0,0,0,2,3,0.118906424098609,0
ood_combo,DS03,15,43,LPT_eff_mod,6,0,-0.0565939970894632,-0.101999154848369,1,1,2,2,2,3,0.118906424098609,0
ood_combo,DS03,15,43,LPT_flow_mod,7,0,-0.0731397017441519,-0.186533437964246,1,1,2,3,2,3,0.118906424098609,0
ood_combo,DS03,15,43,LPC_eff_mod,8,0,0,-0,0,0,0,0,2,3,0.118906424098609,0
ood_combo,DS03,15,43,LPC_flow_mod,9,0,0,-0.00384906521329129,0,0,0,0,2,3,0.118906424098609,0
ood_combo,DS03,15,44,HPT_eff_mod,1,0,-0.108888560359148,-0,1,0,2,0,2,3,0.13357358531672,0
ood_combo,DS03,15,44,fan_eff_mod,2,0,0,-0.000281969619623885,0,0,0,0,2,3,0.13357358531672,0
ood_combo,DS03,15,44,fan_flow_mod,3,0,0,-0.00126116041687158,0,0,0,0,2,3,0.13357358531672,0
ood_combo,DS03,15,44,HPC_eff_mod,4,0,0,-0.00829313421790011,0,0,0,0,2,3,0.13357358531672,0
ood_combo,DS03,15,44,HPC_flow_mod,5,0,0,-0.00264742031901736,0,0,0,0,2,3,0.13357358531672,0
ood_combo,DS03,15,44,LPT_eff_mod,6,0,-0.0513733984695961,-0.101999154848369,1,1,2,2,2,3,0.13357358531672,0
ood_combo,DS03,15,44,LPT_flow_mod,7,0,-0.0618756375252741,-0.188523183473641,1,1,2,3,2,3,0.13357358531672,0
ood_combo,DS03,15,44,LPC_eff_mod,8,0,0,-0,0,0,0,0,2,3,0.13357358531672,0
ood_combo,DS03,15,44,LPC_flow_mod,9,0,0,-0.00384906521329129,0,0,0,0,2,3,0.13357358531672,0
ood_combo,DS03,15,45,HPT_eff_mod,1,0,-0.110273157537116,-0,1,0,2,0,2,3,0.12146578739547,0
ood_combo,DS03,15,45,fan_eff_mod,2,0,0,-0.000281969619623885,0,0,0,0,2,3,0.12146578739547,0
ood_combo,DS03,15,45,fan_flow_mod,3,0,0,-0.00126116041687158,0,0,0,0,2,3,0.12146578739547,0
ood_combo,DS03,15,45,HPC_eff_mod,4,0,0,-0.00829313421790011,0,0,0,0,2,3,0.12146578739547,0
ood_combo,DS03,15,45,HPC_flow_mod,5,0,0,-0.00264742031901736,0,0,0,0,2,3,0.12146578739547,0
ood_combo,DS03,15,45,LPT_eff_mod,6,0,-0.0623843042796721,-0.105708892814156,1,1,2,2,2,3,0.12146578739547,0
ood_combo,DS03,15,45,LPT_flow_mod,7,0,-0.063098614729498,-0.194998111511326,1,1,2,3,2,3,0.12146578739547,0
ood_combo,DS03,15,45,LPC_eff_mod,8,0,0,-0,0,0,0,0,2,3,0.12146578739547,0
ood_combo,DS03,15,45,LPC_flow_mod,9,0,0,-0.00384906521329129,0,0,0,0,2,3,0.12146578739547,0
ood_combo,DS03,15,46,HPT_eff_mod,1,0,-0.122630790767993,-0,1,0,2,0,2,3,0.154563039088149,0
ood_combo,DS03,15,46,fan_eff_mod,2,0,0,-0.000281969619623885,0,0,0,0,2,3,0.154563039088149,0
ood_combo,DS03,15,46,fan_flow_mod,3,0,0,-0.00126116041687158,0,0,0,0,2,3,0.154563039088149,0
ood_combo,DS03,15,46,HPC_eff_mod,4,0,0,-0.00829313421790011,0,0,0,0,2,3,0.154563039088149,0
ood_combo,DS03,15,46,HPC_flow_mod,5,0,0,-0.00264742031901736,0,0,0,0,2,3,0.154563039088149,0
ood_combo,DS03,15,46,LPT_eff_mod,6,0,-0.0682185200705289,-0.121050718363525,1,1,2,2,2,3,0.154563039088149,0
ood_combo,DS03,15,46,LPT_flow_mod,7,0,-0.0801513313728096,-0.210513662237514,1,1,2,3,2,3,0.154563039088149,0
ood_combo,DS03,15,46,LPC_eff_mod,8,0,0,-0,0,0,0,0,2,3,0.154563039088149,0
ood_combo,DS03,15,46,LPC_flow_mod,9,0,0,-0.00384906521329129,0,0,0,0,2,3,0.154563039088149,0
ood_combo,DS03,15,47,HPT_eff_mod,1,0,-0.121111395926823,-0,1,0,2,0,2,3,0.0676468729985654,0
ood_combo,DS03,15,47,fan_eff_mod,2,0,0,-0.000281969619623885,0,0,0,0,2,3,0.0676468729985654,0
ood_combo,DS03,15,47,fan_flow_mod,3,0,0,-0.00126116041687158,0,0,0,0,2,3,0.0676468729985654,0
ood_combo,DS03,15,47,HPC_eff_mod,4,0,0,-0.00829313421790011,0,0,0,0,2,3,0.0676468729985654,0
ood_combo,DS03,15,47,HPC_flow_mod,5,0,0,-0.00264742031901736,0,0,0,0,2,3,0.0676468729985654,0
ood_combo,DS03,15,47,LPT_eff_mod,6,0,-0.0687637902328273,-0.121050718363525,1,1,2,2,2,3,0.0676468729985654,0
ood_combo,DS03,15,47,LPT_flow_mod,7,0,-0.0888110403663896,-0.21601193540887,1,1,2,3,2,3,0.0676468729985654,0
ood_combo,DS03,15,47,LPC_eff_mod,8,0,0,-0,0,0,0,0,2,3,0.0676468729985654,0
ood_combo,DS03,15,47,LPC_flow_mod,9,0,0,-0.00384906521329129,0,0,0,0,2,3,0.0676468729985654,0
ood_combo,DS03,15,48,HPT_eff_mod,1,0,-0.132360524326733,-0,1,0,2,0,2,3,0.0547882214757924,0
ood_combo,DS03,15,48,fan_eff_mod,2,0,0,-0.000281969619623885,0,0,0,0,2,3,0.0547882214757924,0
ood_combo,DS03,15,48,fan_flow_mod,3,0,0,-0.00126116041687158,0,0,0,0,2,3,0.0547882214757924,0
ood_combo,DS03,15,48,HPC_eff_mod,4,0,0,-0.00829313421790011,0,0,0,0,2,3,0.0547882214757924,0
ood_combo,DS03,15,48,HPC_flow_mod,5,0,0,-0.00264742031901736,0,0,0,0,2,3,0.0547882214757924,0
ood_combo,DS03,15,48,LPT_eff_mod,6,0,-0.0799874021196301,-0.140463767213948,1,1,2,3,2,3,0.0547882214757924,0
ood_combo,DS03,15,48,LPT_flow_mod,7,0,-0.0906840359488699,-0.235862880915491,1,1,2,3,2,3,0.0547882214757924,0
ood_combo,DS03,15,48,LPC_eff_mod,8,0,0,-0,0,0,0,0,2,3,0.0547882214757924,0
ood_combo,DS03,15,48,LPC_flow_mod,9,0,0,-0.00384906521329129,0,0,0,0,2,3,0.0547882214757924,0
ood_combo,DS03,15,49,HPT_eff_mod,1,0,-0.143528260729186,-0,1,0,3,0,3,3,0.0437171944117058,0
ood_combo,DS03,15,49,fan_eff_mod,2,0,0,-0.000281969619623885,0,0,0,0,3,3,0.0437171944117058,0
ood_combo,DS03,15,49,fan_flow_mod,3,0,0,-0.00126116041687158,0,0,0,0,3,3,0.0437171944117058,0
ood_combo,DS03,15,49,HPC_eff_mod,4,0,0,-0.00829313421790011,0,0,0,0,3,3,0.0437171944117058,0
ood_combo,DS03,15,49,HPC_flow_mod,5,0,0,-0.00264742031901736,0,0,0,0,3,3,0.0437171944117058,0
ood_combo,DS03,15,49,LPT_eff_mod,6,0,-0.0791312507612044,-0.142753230099252,1,1,2,3,3,3,0.0437171944117058,0
ood_combo,DS03,15,49,LPT_flow_mod,7,0,-0.0882543758919539,-0.249715029914026,1,1,2,3,3,3,0.0437171944117058,0
ood_combo,DS03,15,49,LPC_eff_mod,8,0,0,-0,0,0,0,0,3,3,0.0437171944117058,0
ood_combo,DS03,15,49,LPC_flow_mod,9,0,0,-0.00384906521329129,0,0,0,0,3,3,0.0437171944117058,0
ood_combo,DS03,15,50,HPT_eff_mod,1,0,-0.159184121746407,-0,1,0,3,0,3,3,0.225344607036238,0
ood_combo,DS03,15,50,fan_eff_mod,2,0,0,-0.000281969619623885,0,0,0,0,3,3,0.225344607036238,0
ood_combo,DS03,15,50,fan_flow_mod,3,0,0,-0.00126116041687158,0,0,0,0,3,3,0.225344607036238,0
ood_combo,DS03,15,50,HPC_eff_mod,4,0,0,-0.00829313421790011,0,0,0,0,3,3,0.225344607036238,0
ood_combo,DS03,15,50,HPC_flow_mod,5,0,0,-0.00264742031901736,0,0,0,0,3,3,0.225344607036238,0
ood_combo,DS03,15,50,LPT_eff_mod,6,0,-0.0886011736386863,-0.142785518015908,1,1,2,3,3,3,0.225344607036238,0
ood_combo,DS03,15,50,LPT_flow_mod,7,0,-0.114240516991087,-0.288703886548223,1,1,2,3,3,3,0.225344607036238,0
ood_combo,DS03,15,50,LPC_eff_mod,8,0,0,-0,0,0,0,0,3,3,0.225344607036238,0
ood_combo,DS03,15,50,LPC_flow_mod,9,0,0,-0.00384906521329129,0,0,0,0,3,3,0.225344607036238,0
ood_combo,DS03,15,51,HPT_eff_mod,1,0,-0.180153230358218,-0,1,0,3,0,3,3,0.0549264483132727,0
ood_combo,DS03,15,51,fan_eff_mod,2,0,0,-0.000281969619623885,0,0,0,0,3,3,0.0549264483132727,0
ood_combo,DS03,15,51,fan_flow_mod,3,0,0,-0.00126116041687158,0,0,0,0,3,3,0.0549264483132727,0
ood_combo,DS03,15,51,HPC_eff_mod,4,0,0,-0.00829313421790011,0,0,0,0,3,3,0.0549264483132727,0
ood_combo,DS03,15,51,HPC_flow_mod,5,0,0,-0.00264742031901736,0,0,0,0,3,3,0.0549264483132727,0
ood_combo,DS03,15,51,LPT_eff_mod,6,0,-0.0924179962896956,-0.164989054381535,1,1,2,3,3,3,0.0549264483132727,0
ood_combo,DS03,15,51,LPT_flow_mod,7,0,-0.124154672896512,-0.31464764774099,1,1,2,3,3,3,0.0549264483132727,0
ood_combo,DS03,15,51,LPC_eff_mod,8,0,0,-0,0,0,0,0,3,3,0.0549264483132727,0
ood_combo,DS03,15,51,LPC_flow_mod,9,0,0,-0.00384906521329129,0,0,0,0,3,3,0.0549264483132727,0
ood_combo,DS03,15,52,HPT_eff_mod,1,0,-0.186637027442039,-0,1,0,3,0,3,3,0.116669894445233,0
ood_combo,DS03,15,52,fan_eff_mod,2,0,0,-0.000281969619623885,0,0,0,0,3,3,0.116669894445233,0
ood_combo,DS03,15,52,fan_flow_mod,3,0,0,-0.00126116041687158,0,0,0,0,3,3,0.116669894445233,0
ood_combo,DS03,15,52,HPC_eff_mod,4,0,0,-0.00829313421790011,0,0,0,0,3,3,0.116669894445233,0
ood_combo,DS03,15,52,HPC_flow_mod,5,0,0,-0.00264742031901736,0,0,0,0,3,3,0.116669894445233,0
ood_combo,DS03,15,52,LPT_eff_mod,6,0,-0.101783667602723,-0.175291921283155,1,1,2,3,3,3,0.116669894445233,0
ood_combo,DS03,15,52,LPT_flow_mod,7,0,-0.116941321434133,-0.31464764774099,1,1,2,3,3,3,0.116669894445233,0
ood_combo,DS03,15,52,LPC_eff_mod,8,0,0,-0,0,0,0,0,3,3,0.116669894445233,0
ood_combo,DS03,15,52,LPC_flow_mod,9,0,0,-0.00384906521329129,0,0,0,0,3,3,0.116669894445233,0
ood_combo,DS03,15,53,HPT_eff_mod,1,0,-0.201391718803892,-0,1,0,3,0,3,3,0.150086014849135,0
ood_combo,DS03,15,53,fan_eff_mod,2,0,0,-0.000281969619623885,0,0,0,0,3,3,0.150086014849135,0
ood_combo,DS03,15,53,fan_flow_mod,3,0,0,-0.00126116041687158,0,0,0,0,3,3,0.150086014849135,0
ood_combo,DS03,15,53,HPC_eff_mod,4,0,0,-0.00829313421790011,0,0,0,0,3,3,0.150086014849135,0
ood_combo,DS03,15,53,HPC_flow_mod,5,0,0,-0.00264742031901736,0,0,0,0,3,3,0.150086014849135,0
ood_combo,DS03,15,53,LPT_eff_mod,6,0,-0.111863206873954,-0.190007448832577,1,1,2,3,3,3,0.150086014849135,0
ood_combo,DS03,15,53,LPT_flow_mod,7,0,-0.129377336018228,-0.358290390921165,1,1,2,3,3,3,0.150086014849135,0
ood_combo,DS03,15,53,LPC_eff_mod,8,0,0,-0,0,0,0,0,3,3,0.150086014849135,0
ood_combo,DS03,15,53,LPC_flow_mod,9,0,0,-0.00384906521329129,0,0,0,0,3,3,0.150086014849135,0
ood_combo,DS03,15,54,HPT_eff_mod,1,0,-0.220670241026306,-0,1,0,3,0,3,3,0.17580573939029,0
ood_combo,DS03,15,54,fan_eff_mod,2,0,0,-0.000281969619623885,0,0,0,0,3,3,0.17580573939029,0
ood_combo,DS03,15,54,fan_flow_mod,3,0,0,-0.00126116041687158,0,0,0,0,3,3,0.17580573939029,0
ood_combo,DS03,15,54,HPC_eff_mod,4,0,0,-0.00829313421790011,0,0,0,0,3,3,0.17580573939029,0
ood_combo,DS03,15,54,HPC_flow_mod,5,0,0,-0.00264742031901736,0,0,0,0,3,3,0.17580573939029,0
ood_combo,DS03,15,54,LPT_eff_mod,6,0,-0.117724203753064,-0.21286883969788,1,1,2,3,3,3,0.17580573939029,0
ood_combo,DS03,15,54,LPT_flow_mod,7,0,-0.139452239913643,-0.37899317800878,1,1,3,3,3,3,0.17580573939029,0
ood_combo,DS03,15,54,LPC_eff_mod,8,0,0,-0,0,0,0,0,3,3,0.17580573939029,0
ood_combo,DS03,15,54,LPC_flow_mod,9,0,0,-0.00384906521329129,0,0,0,0,3,3,0.17580573939029,0
ood_combo,DS03,15,55,HPT_eff_mod,1,0,-0.225249368899309,-0,1,0,3,0,3,3,0.156779060633785,0
ood_combo,DS03,15,55,fan_eff_mod,2,0,0,-0.000281969619623885,0,0,0,0,3,3,0.156779060633785,0
ood_combo,DS03,15,55,fan_flow_mod,3,0,0,-0.00126116041687158,0,0,0,0,3,3,0.156779060633785,0
ood_combo,DS03,15,55,HPC_eff_mod,4,0,0,-0.00829313421790011,0,0,0,0,3,3,0.156779060633785,0
ood_combo,DS03,15,55,HPC_flow_mod,5,0,0,-0.00264742031901736,0,0,0,0,3,3,0.156779060633785,0
ood_combo,DS03,15,55,LPT_eff_mod,6,0,-0.131096628288764,-0.21631537247112,1,1,2,3,3,3,0.156779060633785,0
ood_combo,DS03,15,55,LPT_flow_mod,7,0,-0.143534294690569,-0.390952588715057,1,1,3,3,3,3,0.156779060633785,0
ood_combo,DS03,15,55,LPC_eff_mod,8,0,0,-0,0,0,0,0,3,3,0.156779060633785,0
ood_combo,DS03,15,55,LPC_flow_mod,9,0,0,-0.00384906521329129,0,0,0,0,3,3,0.156779060633785,0
ood_combo,DS03,15,56,HPT_eff_mod,1,0,-0.249463337323734,-0,1,0,3,0,3,3,0.432734775811976,0
ood_combo,DS03,15,56,fan_eff_mod,2,0,0,-0.00126827308742681,0,0,0,0,3,3,0.432734775811976,0
ood_combo,DS03,15,56,fan_flow_mod,3,0,0,-0.00126116041687158,0,0,0,0,3,3,0.432734775811976,0
ood_combo,DS03,15,56,HPC_eff_mod,4,0,0,-0.0122301751496947,0,0,0,0,3,3,0.432734775811976,0
ood_combo,DS03,15,56,HPC_flow_mod,5,0,0,-0.00422435601122225,0,0,0,0,3,3,0.432734775811976,0
ood_combo,DS03,15,56,LPT_eff_mod,6,0,-0.133276655841725,-0.256570266723938,1,1,3,3,3,3,0.432734775811976,0
ood_combo,DS03,15,56,LPT_flow_mod,7,0,-0.168821324966323,-0.434041821059615,1,1,3,3,3,3,0.432734775811976,0
ood_combo,DS03,15,56,LPC_eff_mod,8,0,0,-0.00183893749027828,0,0,0,0,3,3,0.432734775811976,0
ood_combo,DS03,15,56,LPC_flow_mod,9,0,0,-0.00384906521329129,0,0,0,0,3,3,0.432734775811976,0
ood_combo,DS03,15,57,HPT_eff_mod,1,0,-0.260069805313046,-0,1,0,3,0,3,3,0.20062091098858,0
ood_combo,DS03,15,57,fan_eff_mod,2,0,0,-0.00126827308742681,0,0,0,0,3,3,0.20062091098858,0
ood_combo,DS03,15,57,fan_flow_mod,3,0,0,-0.00126116041687158,0,0,0,0,3,3,0.20062091098858,0
ood_combo,DS03,15,57,HPC_eff_mod,4,0,0,-0.0122301751496947,0,0,0,0,3,3,0.20062091098858,0
ood_combo,DS03,15,57,HPC_flow_mod,5,0,0,-0.00422435601122225,0,0,0,0,3,3,0.20062091098858,0
ood_combo,DS03,15,57,LPT_eff_mod,6,0,-0.148780003910977,-0.267838168933952,1,1,3,3,3,3,0.20062091098858,0
ood_combo,DS03,15,57,LPT_flow_mod,7,0,-0.160540019360919,-0.436594467629847,1,1,3,3,3,3,0.20062091098858,0
ood_combo,DS03,15,57,LPC_eff_mod,8,0,0,-0.00183893749027828,0,0,0,0,3,3,0.20062091098858,0
ood_combo,DS03,15,57,LPC_flow_mod,9,0,0,-0.00384906521329129,0,0,0,0,3,3,0.20062091098858,0
ood_combo,DS03,15,58,HPT_eff_mod,1,0,-0.279122833545675,-0,1,0,3,0,3,3,0.14151351873365,0
ood_combo,DS03,15,58,fan_eff_mod,2,0,0,-0.00126827308742681,0,0,0,0,3,3,0.14151351873365,0
ood_combo,DS03,15,58,fan_flow_mod,3,0,0,-0.00126116041687158,0,0,0,0,3,3,0.14151351873365,0
ood_combo,DS03,15,58,HPC_eff_mod,4,0,0,-0.0122301751496947,0,0,0,0,3,3,0.14151351873365,0
ood_combo,DS03,15,58,HPC_flow_mod,5,0,0,-0.00422435601122225,0,0,0,0,3,3,0.14151351873365,0
ood_combo,DS03,15,58,LPT_eff_mod,6,0,-0.162171574881277,-0.267838168933952,1,1,3,3,3,3,0.14151351873365,0
ood_combo,DS03,15,58,LPT_flow_mod,7,0,-0.176127589522394,-0.464950086498519,1,1,3,3,3,3,0.14151351873365,0
ood_combo,DS03,15,58,LPC_eff_mod,8,0,0,-0.00183893749027828,0,0,0,0,3,3,0.14151351873365,0
ood_combo,DS03,15,58,LPC_flow_mod,9,0,0,-0.00384906521329129,0,0,0,0,3,3,0.14151351873365,0
ood_combo,DS03,15,59,HPT_eff_mod,1,0,-0.306671711239249,-0,1,0,3,0,3,3,0.120764332333463,0
ood_combo,DS03,15,59,fan_eff_mod,2,0,0,-0.00126827308742681,0,0,0,0,3,3,0.120764332333463,0
ood_combo,DS03,15,59,fan_flow_mod,3,0,0,-0.00126116041687158,0,0,0,0,3,3,0.120764332333463,0
ood_combo,DS03,15,59,HPC_eff_mod,4,0,0,-0.0122301751496947,0,0,0,0,3,3,0.120764332333463,0
ood_combo,DS03,15,59,HPC_flow_mod,5,0,0,-0.00422435601122225,0,0,0,0,3,3,0.120764332333463,0
ood_combo,DS03,15,59,LPT_eff_mod,6,0,-0.17275529191654,-0.307694969637351,1,1,3,3,3,3,0.120764332333463,0
ood_combo,DS03,15,59,LPT_flow_mod,7,0,-0.194788616298012,-0.542855513833888,1,1,3,3,3,3,0.120764332333463,0
ood_combo,DS03,15,59,LPC_eff_mod,8,0,0,-0.00183893749027828,0,0,0,0,3,3,0.120764332333463,0
ood_combo,DS03,15,59,LPC_flow_mod,9,0,0,-0.00384906521329129,0,0,0,0,3,3,0.120764332333463,0
ood_combo,DS03,15,60,HPT_eff_mod,1,0,-0.330189758948735,-0,1,0,3,0,3,3,0.0604313081201344,0
ood_combo,DS03,15,60,fan_eff_mod,2,0,0,-0.00126827308742681,0,0,0,0,3,3,0.0604313081201344,0
ood_combo,DS03,15,60,fan_flow_mod,3,0,0,-0.00126116041687158,0,0,0,0,3,3,0.0604313081201344,0
ood_combo,DS03,15,60,HPC_eff_mod,4,0,0,-0.0122301751496947,0,0,0,0,3,3,0.0604313081201344,0
ood_combo,DS03,15,60,HPC_flow_mod,5,0,0,-0.00422435601122225,0,0,0,0,3,3,0.0604313081201344,0
ood_combo,DS03,15,60,LPT_eff_mod,6,0,-0.179930529081992,-0.317390220554204,1,1,3,3,3,3,0.0604313081201344,0
ood_combo,DS03,15,60,LPT_flow_mod,7,0,-0.202378818738924,-0.573742031528233,1,1,3,3,3,3,0.0604313081201344,0
ood_combo,DS03,15,60,LPC_eff_mod,8,0,0,-0.00183893749027828,0,0,0,0,3,3,0.0604313081201344,0
ood_combo,DS03,15,60,LPC_flow_mod,9,0,0,-0.00384906521329129,0,0,0,0,3,3,0.0604313081201344,0
ood_combo,DS03,15,61,HPT_eff_mod,1,0,-0.363478228129932,-0,1,0,3,0,3,3,0.123473634916775,0
ood_combo,DS03,15,61,fan_eff_mod,2,0,0,-0.00126827308742681,0,0,0,0,3,3,0.123473634916775,0
ood_combo,DS03,15,61,fan_flow_mod,3,0,0,-0.00126116041687158,0,0,0,0,3,3,0.123473634916775,0
ood_combo,DS03,15,61,HPC_eff_mod,4,0,0,-0.0122301751496947,0,0,0,0,3,3,0.123473634916775,0
ood_combo,DS03,15,61,HPC_flow_mod,5,0,0,-0.00548347210858801,0,0,0,0,3,3,0.123473634916775,0
ood_combo,DS03,15,61,LPT_eff_mod,6,0,-0.196797683834351,-0.362953626514522,1,1,3,3,3,3,0.123473634916775,0
ood_combo,DS03,15,61,LPT_flow_mod,7,0,-0.209436379022725,-0.630346616012529,1,1,3,3,3,3,0.123473634916775,0
ood_combo,DS03,15,61,LPC_eff_mod,8,0,0,-0.00183893749027828,0,0,0,0,3,3,0.123473634916775,0
ood_combo,DS03,15,61,LPC_flow_mod,9,0,0,-0.00384906521329129,0,0,0,0,3,3,0.123473634916775,0
ood_combo,DS03,15,62,HPT_eff_mod,1,0,-0.37921539067527,-0,1,0,3,0,3,3,0.400008043990203,0
ood_combo,DS03,15,62,fan_eff_mod,2,0,0,-0.00126827308742681,0,0,0,0,3,3,0.400008043990203,0
ood_combo,DS03,15,62,fan_flow_mod,3,0,0,-0.00126116041687158,0,0,0,0,3,3,0.400008043990203,0
ood_combo,DS03,15,62,HPC_eff_mod,4,0,0,-0.0135675393933904,0,0,0,0,3,3,0.400008043990203,0
ood_combo,DS03,15,62,HPC_flow_mod,5,0,0,-0.00726624056047309,0,0,0,0,3,3,0.400008043990203,0
ood_combo,DS03,15,62,LPT_eff_mod,6,0,-0.207277283520703,-0.38532617875804,1,1,3,3,3,3,0.400008043990203,0
ood_combo,DS03,15,62,LPT_flow_mod,7,0,-0.212063170079108,-0.630346616012529,1,1,3,3,3,3,0.400008043990203,0
ood_combo,DS03,15,62,LPC_eff_mod,8,0,0,-0.00183893749027828,0,0,0,0,3,3,0.400008043990203,0
ood_combo,DS03,15,62,LPC_flow_mod,9,0,0,-0.00384906521329129,0,0,0,0,3,3,0.400008043990203,0
ood_combo,DS03,15,63,HPT_eff_mod,1,0,-0.408637697385644,-0,1,0,3,0,3,3,0.192472206855529,0
ood_combo,DS03,15,63,fan_eff_mod,2,0,0,-0.00126827308742681,0,0,0,0,3,3,0.192472206855529,0
ood_combo,DS03,15,63,fan_flow_mod,3,0,0,-0.00305094782907938,0,0,0,0,3,3,0.192472206855529,0
ood_combo,DS03,15,63,HPC_eff_mod,4,0,0,-0.0135675393933904,0,0,0,0,3,3,0.192472206855529,0
ood_combo,DS03,15,63,HPC_flow_mod,5,0,0,-0.00726624056047309,0,0,0,0,3,3,0.192472206855529,0
ood_combo,DS03,15,63,LPT_eff_mod,6,0,-0.227736759174217,-0.38532617875804,1,1,3,3,3,3,0.192472206855529,0
ood_combo,DS03,15,63,LPT_flow_mod,7,0,-0.244654293234916,-0.6809482809112,1,1,3,3,3,3,0.192472206855529,0
ood_combo,DS03,15,63,LPC_eff_mod,8,0,0,-0.00183893749027828,0,0,0,0,3,3,0.192472206855529,0
ood_combo,DS03,15,63,LPC_flow_mod,9,0,0,-0.0245546649952626,0,0,0,0,3,3,0.192472206855529,0
ood_combo,DS03,15,64,HPT_eff_mod,1,0,-0.442942462790818,-0.0544244744015898,1,0,3,0,3,3,0.153163376158239,0
ood_combo,DS03,15,64,fan_eff_mod,2,0,0,-0.00126827308742681,0,0,0,0,3,3,0.153163376158239,0
ood_combo,DS03,15,64,fan_flow_mod,3,0,0,-0.00305094782907938,0,0,0,0,3,3,0.153163376158239,0
ood_combo,DS03,15,64,HPC_eff_mod,4,0,0,-0.0135675393933904,0,0,0,0,3,3,0.153163376158239,0
ood_combo,DS03,15,64,HPC_flow_mod,5,0,0,-0.00726624056047309,0,0,0,0,3,3,0.153163376158239,0
ood_combo,DS03,15,64,LPT_eff_mod,6,0,-0.246081894444997,-0.401915673720433,1,1,3,3,3,3,0.153163376158239,0
ood_combo,DS03,15,64,LPT_flow_mod,7,0,-0.253304064493808,-0.6809482809112,1,1,3,3,3,3,0.153163376158239,0
ood_combo,DS03,15,64,LPC_eff_mod,8,0,0,-0.00183893749027828,0,0,0,0,3,3,0.153163376158239,0
ood_combo,DS03,15,64,LPC_flow_mod,9,0,0,-0.0245546649952626,0,0,0,0,3,3,0.153163376158239,0
ood_combo,DS03,15,65,HPT_eff_mod,1,0,-0.466017258714758,-0.11353379958539,1,0,3,0,3,3,0.151858665376871,0
ood_combo,DS03,15,65,fan_eff_mod,2,0,0,-0.00126827308742681,0,0,0,0,3,3,0.151858665376871,0
ood_combo,DS03,15,65,fan_flow_mod,3,0,0,-0.00305094782907938,0,0,0,0,3,3,0.151858665376871,0
ood_combo,DS03,15,65,HPC_eff_mod,4,0,0,-0.0135675393933904,0,0,0,0,3,3,0.151858665376871,0
ood_combo,DS03,15,65,HPC_flow_mod,5,0,0,-0.00726624056047309,0,0,0,0,3,3,0.151858665376871,0
ood_combo,DS03,15,65,LPT_eff_mod,6,0,-0.258311467228099,-0.41010401145635,1,1,3,3,3,3,0.151858665376871,0
ood_combo,DS03,15,65,LPT_flow_mod,7,0,-0.273903847111142,-0.6809482809112,1,1,3,3,3,3,0.151858665376871,0
ood_combo,DS03,15,65,LPC_eff_mod,8,0,0,-0.00183893749027828,0,0,0,0,3,3,0.151858665376871,0
ood_combo,DS03,15,65,LPC_flow_mod,9,0,0,-0.0245546649952626,0,0,0,0,3,3,0.151858665376871,0
ood_combo,DS03,15,66,HPT_eff_mod,1,0,-0.513102154800182,-0.11353379958539,1,0,3,0,3,3,0.123694721685903,0
ood_combo,DS03,15,66,fan_eff_mod,2,0,0,-0.00544445704300128,0,0,0,0,3,3,0.123694721685903,0
ood_combo,DS03,15,66,fan_flow_mod,3,0,0,-0.00305094782907938,0,0,0,0,3,3,0.123694721685903,0
ood_combo,DS03,15,66,HPC_eff_mod,4,0,0,-0.0135675393933904,0,0,0,0,3,3,0.123694721685903,0
ood_combo,DS03,15,66,HPC_flow_mod,5,0,0,-0.0109565853063761,0,0,0,0,3,3,0.123694721685903,0
ood_combo,DS03,15,66,LPT_eff_mod,6,0,-0.282284303116589,-0.470464760199807,1,1,3,3,3,3,0.123694721685903,0
ood_combo,DS03,15,66,LPT_flow_mod,7,0,-0.286299969686178,-0.77218191050841,1,1,3,3,3,3,0.123694721685903,0
ood_combo,DS03,15,66,LPC_eff_mod,8,0,0,-0.00183893749027828,0,0,0,0,3,3,0.123694721685903,0
ood_combo,DS03,15,66,LPC_flow_mod,9,0,0,-0.0245546649952626,0,0,0,0,3,3,0.123694721685903,0
ood_combo,DS03,15,67,HPT_eff_mod,1,0,-0.542179203589859,-0.11353379958539,1,0,3,0,3,3,0.20093928659923,0
ood_combo,DS03,15,67,fan_eff_mod,2,0,0,-0.00594200298459814,0,0,0,0,3,3,0.20093928659923,0
ood_combo,DS03,15,67,fan_flow_mod,3,0,0,-0.00305094782907938,0,1,0,1,3,3,0.20093928659923,0
ood_combo,DS03,15,67,HPC_eff_mod,4,0,0,-0.0135675393933904,0,0,0,0,3,3,0.20093928659923,0
ood_combo,DS03,15,67,HPC_flow_mod,5,0,0,-0.0109565853063761,0,0,0,0,3,3,0.20093928659923,0
ood_combo,DS03,15,67,LPT_eff_mod,6,0,-0.302228826915884,-0.500810457559435,1,1,3,3,3,3,0.20093928659923,0
ood_combo,DS03,15,67,LPT_flow_mod,7,0,-0.31294890812343,-0.806572670136766,1,1,3,3,3,3,0.20093928659923,0
ood_combo,DS03,15,67,LPC_eff_mod,8,0,0,-0.00737197513891035,0,0,0,0,3,3,0.20093928659923,0
ood_combo,DS03,15,67,LPC_flow_mod,9,0,0,-0.0245546649952626,0,1,0,2,3,3,0.20093928659923,0
