subset,unit,N,method,lam,skill,rmse,false_alarm,detect_corr
DS02,11,1,Z_全零哨兵,,0.0,0.08344252482394354,0.0,0.0
DS02,11,1,B_岭回归,1e-06,-426.9854126101383,1.726242958336805,0.02633796042767515,0.13970777814214802
DS02,11,1,D_约束+收缩★,1e-06,-1.1301393408478453,0.12178433899152219,0.0024331915847703956,0.988037219630102
DS02,11,1,B_岭回归,3.162277660168379e-06,-426.9304099349478,1.7261320304538645,0.02633759736182366,0.13970990745092157
DS02,11,1,D_约束+收缩★,3.162277660168379e-06,-1.130139326329163,0.12178433857649108,0.002433191600049804,0.9880372196224785
DS02,11,1,B_岭回归,1e-05,-426.7565460137667,1.7257813395872368,0.026336449553466014,0.13971664091419958
DS02,11,1,D_约束+收缩★,1e-05,-1.1301392804170667,0.12178433726404776,0.002433191648367511,0.9880372195983698
DS02,11,1,B_岭回归,3.1622776601683795e-05,-426.20743737108876,1.7246732960358147,0.026332822929381244,0.13973793396479509
DS02,11,1,D_约束+收缩★,3.1622776601683795e-05,-1.1301391352302805,0.12178433311373772,0.002433191801161504,0.9880372195221323
DS02,11,1,B_岭回归,0.0001,-424.47795021304836,1.7211787111566563,0.026321385095518738,0.13980526820301087
DS02,11,1,D_约束+收缩★,0.0001,-1.130138676109477,0.12178431998930773,0.002433192284338234,0.9880372192810477
DS02,11,1,B_岭回归,0.00031622776601683794,-419.0774657150632,1.7102205839078257,0.026285686801568568,0.1400181947534056
DS02,11,1,D_约束+收缩★,0.00031622776601683794,-1.130137224243326,0.12178427848624411,0.0024331938122742593,0.9880372185186712
DS02,11,1,B_岭回归,0.001,-402.6605321331154,1.6764692069257825,0.026176185016268325,0.14069149729012842
DS02,11,1,D_约束+收缩★,0.001,-1.1301326330524604,0.12178414724231253,0.0024331986440027284,0.988037216107818
DS02,11,1,B_岭回归,0.0031622776601683794,-356.63433269715506,1.5780001446400975,0.02586426462400318,0.14282035500556575
DS02,11,1,D_约束+收缩★,0.0031622776601683794,-1.1301181145624697,0.12178373221535409,0.002433213922974958,0.9880372084839719
DS02,11,1,B_岭回归,0.01,-253.39558490585745,1.3308901826398383,0.02518767920935688,0.14954900463373366
DS02,11,1,D_约束+收缩★,0.01,-1.1300722043690947,0.12178241981282012,0.0024332622363795044,0.9880371843746538
DS02,11,1,B_岭回归,0.03162277660168379,-112.8923387724101,0.8905015756337952,0.024645443240032996,0.17078415020145044
DS02,11,1,D_约束+收缩★,0.03162277660168379,-1.1299270366208218,0.1217782699110355,0.002433414987303451,0.9880371081283038
DS02,11,1,B_岭回归,0.1,-26.37060130909034,0.43654559058784614,0.02433005562096856,0.23720592601933746
DS02,11,1,D_约束+收缩★,0.1,-1.1294681061628422,0.12176514956300312,0.002433897733496687,0.9880368669562818
DS02,11,1,B_岭回归,0.31622776601683794,-3.2066527983216977,0.17114167208758904,0.02430545386653498,0.4292004418902205
DS02,11,1,D_约束+收缩★,0.31622776601683794,-0.7789734929334802,0.11129410853546207,0.0024122419074812606,0.9468213256355781
DS02,11,1,B_岭回归,1.0,0.3152827697468562,0.06904672194886455,0.024102626154847526,0.736662760320133
DS02,11,1,D_约束+收缩★,1.0,0.244373954891141,0.07253387775768154,0.002341107995275795,0.9822597717800794
DS02,11,1,B_岭回归,3.1622776601683795,0.7410839945406581,0.042458718854734144,0.023389316015051138,0.8616244826602877
DS02,11,1,D_约束+收缩★,3.1622776601683795,0.6727555878390139,0.04773353041482961,0.0022887716846557117,0.9838788987657364
DS02,11,1,B_岭回归,10.0,0.8175915545284903,0.035637719702593045,0.021503323531702173,0.8846465958211995
DS02,11,1,D_约束+收缩★,10.0,0.8712005541920391,0.029946387073944983,0.0022910044550413598,0.9810096719457536
DS02,11,1,B_岭回归,31.622776601683793,0.874721299345721,0.02953425748371048,0.017978795845856425,0.9009379058883313
DS02,11,1,D_约束+收缩★,31.622776601683793,0.9360295236403401,0.021104605038121827,0.0025286035873093807,0.9775308552255537
DS02,11,1,B_岭回归,100.0,0.9130290157923797,0.0246079042913472,0.015080093918626542,0.9256115020636507
DS02,11,1,D_约束+收缩★,100.0,0.9533260412301731,0.01802705383632883,0.004039975771866911,0.9756099077657888
DS02,11,1,B_岭回归,316.22776601683796,0.8725216140229983,0.029792415394066206,0.013935904773774193,0.9498629694820059
DS02,11,1,D_约束+收缩★,316.22776601683796,0.8933793813866755,0.02724633145678354,0.006387966494412895,0.9747675464976934
DS02,11,1,B_岭回归,1000.0,0.7304272111899364,0.04332369227250398,0.012529634231691096,0.9638725659786799
DS02,11,1,D_约束+收缩★,1000.0,0.7417752257954218,0.04240200469398206,0.007561411500045984,0.979340396544267
DS02,11,1,B_岭回归,3162.2776601683795,0.5001389512833052,0.05899457606133671,0.008959450145394034,0.9702325054709445
DS02,11,1,D_约束+收缩★,3162.2776601683795,0.5063058458332015,0.058629532198364684,0.005884355518565642,0.9864673967495431
DS02,11,1,B_岭回归,10000.0,0.2501757169429317,0.07225488049470084,0.004977383830224211,0.9714253109421088
DS02,11,1,D_约束+收缩★,10000.0,0.2525230737042855,0.07214169335503572,0.0031792932731550707,0.9883965741606131
DS02,11,10,Z_全零哨兵,,0.0,0.08344252482394354,0.0,0.0
DS02,11,10,B_岭回归,1e-06,-43.65193596391721,0.5575805080177666,0.01261663382852526,0.04677006260444616
DS02,11,10,D_约束+收缩★,1e-06,0.10250525855919279,0.0790502764270266,0.0008319291382371336,0.9894831245411227
DS02,11,10,B_岭回归,3.162277660168379e-06,-43.64615948375233,0.5575444406351326,0.012616473913780004,0.046777095210872
DS02,11,10,D_约束+收缩★,3.162277660168379e-06,0.1025130770310384,0.07904993210539543,0.0008319283602904302,0.9894834600716145
DS02,11,10,B_岭回归,1e-05,-43.627899998536385,0.5574304160951733,0.012615968354015884,0.046799334108745844
DS02,11,10,D_约束+收缩★,1e-05,0.10253779772624627,0.0790488434083434,0.000831925900452441,0.9894845199769069
DS02,11,10,B_岭回归,3.1622776601683795e-05,-43.570231848927584,0.5570701440220657,0.012614370983440095,0.04686965808500617
DS02,11,10,D_约束+收缩★,3.1622776601683795e-05,0.10261593661297852,0.0790454020806421,0.0008319181242157151,0.989487860349997
DS02,11,10,B_岭回归,0.0001,-43.38860046214148,0.5559339067611059,0.012609333113148564,0.04709202607755832
DS02,11,10,D_约束+收缩★,0.0001,0.1028626858956112,0.0790345339707681,0.0008318935581041264,0.989498310466033
DS02,11,10,B_岭回归,0.00031622776601683794,-42.82145680019552,0.5523709650787477,0.012593630852053388,0.04779505569607198
DS02,11,10,D_约束+收缩★,0.00031622776601683794,0.10363951823965079,0.07900030850833262,0.0008318161173236523,0.9895302367943609
DS02,11,10,B_岭回归,0.001,-41.09756161763138,0.5413970776958436,0.012546084849074457,0.0500166253787954
DS02,11,10,D_约束+收缩★,0.001,0.1111050735656246,0.07867063402995013,0.0008311912999454792,0.9898302604528376
DS02,11,10,B_岭回归,0.0031622776601683794,-36.2659239434037,0.5093817524935399,0.012412768005621903,0.05702554394144948
DS02,11,10,D_约束+收缩★,0.0031622776601683794,0.14661654650420475,0.0770831662937665,0.0008282689386693052,0.9909520986295449
DS02,11,10,B_岭回归,0.01,-25.43819445936085,0.4290454818488898,0.012080721366905694,0.07901911680128304
DS02,11,10,D_约束+收缩★,0.01,0.24088142197045714,0.07270131170887506,0.0008198418536546922,0.991747929817799
DS02,11,10,B_岭回归,0.03162277660168379,-10.741206229627538,0.28591951255883263,0.011516085604198959,0.1466567168662842
DS02,11,10,D_约束+收缩★,0.03162277660168379,0.4180726828786844,0.06365342971521473,0.0008003897531395353,0.9914283870168782
DS02,11,10,B_岭回归,0.1,-1.759556938827184,0.13861400642488125,0.011016741210393397,0.3374419891595953
DS02,11,10,D_约束+收缩★,0.1,0.6547572711878662,0.04902862423491145,0.0007667568554761713,0.9888246673592543
DS02,11,10,B_岭回归,0.31622776601683794,0.5902599358683318,0.05341234581375037,0.010725271263333794,0.7026296777227193
DS02,11,10,D_约束+收缩★,0.31622776601683794,0.8216055075333152,0.03524342911588646,0.0007382792013618718,0.9864928164372387
DS02,11,10,B_岭回归,1.0,0.922028668417033,0.02329994587388201,0.010527740402011355,0.9254305105809352
DS02,11,10,D_约束+收缩★,1.0,0.8750698730645814,0.029493141009146434,0.0007271586003666272,0.9857263338545335
DS02,11,10,B_岭回归,3.1622776601683795,0.9537781444653366,0.017939532635777616,0.010196895596124715,0.9630930260583545
DS02,11,10,D_约束+收缩★,3.1622776601683795,0.9260854934455791,0.022685704857103736,0.0007208581521065541,0.9853968407753854
DS02,11,10,B_岭回归,10.0,0.9596281604213769,0.016765893612990322,0.009417409805771635,0.9708108100822272
DS02,11,10,D_约束+收缩★,10.0,0.960840948566969,0.016512145931347647,0.0007388547592723522,0.9879737520536235
DS02,11,10,B_岭回归,31.622776601683793,0.9677129700931072,0.014993446854194608,0.0079749337636162,0.9788106723260825
DS02,11,10,D_约束+收缩★,31.622776601683793,0.9746453701959488,0.013286667704322986,0.0010205368568290412,0.9906950281997308
DS02,11,10,B_岭回归,100.0,0.9627193968022015,0.0161112375799207,0.007371307025565668,0.9875303570946165
DS02,11,10,D_约束+收缩★,100.0,0.9676231552199881,0.015014286481227615,0.002401711648553179,0.9921356955876662
DS02,11,10,B_岭回归,316.22776601683796,0.894814327480827,0.027062363964164844,0.008577341842404574,0.9927861011772668
DS02,11,10,D_约束+收缩★,316.22776601683796,0.897164087571033,0.02675838138991043,0.005042442138575053,0.9926663165010569
DS02,11,10,B_岭回归,1000.0,0.7362984365914296,0.042849305659768314,0.009403073209162368,0.994735051232614
DS02,11,10,D_约束+收缩★,1000.0,0.7388245896941696,0.04264357235412556,0.006659935835283415,0.9935408048052322
DS02,11,10,B_岭回归,3162.2776601683795,0.49725535795749565,0.05916449501176933,0.007214761067240008,0.9954115362352386
DS02,11,10,D_约束+收缩★,3162.2776601683795,0.49949703855524563,0.05903244380414629,0.005293289766740629,0.9948070306489644
DS02,11,10,B_岭回归,10000.0,0.24688579810346267,0.0724132192696397,0.003935742615453711,0.9953850733157524
DS02,11,10,D_约束+收缩★,10000.0,0.24760412492309714,0.07237867685449352,0.002871218717571162,0.9953197351487582
DS02,11,100,Z_全零哨兵,,0.0,0.08344252482394354,0.0,0.0
DS02,11,100,B_岭回归,1e-06,-32.30257969397426,0.4815333543177787,0.00998083207328125,0.11505811090303159
DS02,11,100,D_约束+收缩★,1e-06,0.045162316002042124,0.08153652755651766,0.000738752596669786,0.9618247381298225
DS02,11,100,B_岭回归,3.162277660168379e-06,-32.29826553165502,0.48150216333564755,0.009980675802037637,0.1150668825086013
DS02,11,100,D_约束+收缩★,3.162277660168379e-06,0.04521484911777851,0.08153428454347593,0.0007387486501120859,0.9618282722500316
DS02,11,100,B_岭回归,1e-05,-32.28462844347533,0.4814035551981356,0.009980181761016492,0.1150946204571145
DS02,11,100,D_约束+收缩★,1e-05,0.0453809398117786,0.08152719254226737,0.0007387361717568724,0.9618394438589232
DS02,11,100,B_岭回归,3.1622776601683795e-05,-32.24155903608834,0.4810919927985823,0.009978620785727678,0.11518233247726893
DS02,11,100,D_约束+收缩★,3.1622776601683795e-05,0.04590582886929728,0.08150477594859046,0.0007386967292848645,0.9618747290256624
DS02,11,100,B_岭回归,0.0001,-32.105908029563544,0.4801093775203679,0.009973697706546701,0.11545967146955029
DS02,11,100,D_约束+收缩★,0.0001,0.04756232208111533,0.08143399113251597,0.0007385721764911044,0.9619858862444747
DS02,11,100,B_岭回归,0.00031622776601683794,-31.682340352077077,0.4770281530445661,0.009958259956666061,0.11633638608314534
DS02,11,100,D_约束+收缩★,0.00031622776601683794,0.052767303920460584,0.08121117176354214,0.0007381800501842688,0.9623331957500795
DS02,11,100,B_岭回归,0.001,-30.394882409069627,0.4675379485973378,0.00991098475032516,0.1191056995014404
DS02,11,100,D_约束+收缩★,0.001,0.06792096390561153,0.08055895179008075,0.0007370779420306241,0.9634731830382955
DS02,11,100,B_岭回归,0.0031622776601683794,-26.786662056827403,0.43985104306572376,0.00978264549159698,0.12783143823234458
DS02,11,100,D_约束+收缩★,0.0031622776601683794,0.11000255860917407,0.07871940732686075,0.0007341204411117956,0.9668852728316231
DS02,11,100,B_岭回归,0.01,-18.70195169856057,0.370375338675285,0.009466890899111277,0.15509123951040032
DS02,11,100,D_约束+收缩★,0.01,0.15784250842561687,0.07657448678602499,0.0007308172000748274,0.9682953870888538
DS02,11,100,B_岭回归,0.03162277660168379,-7.733490590869252,0.24659335247429548,0.008966496051408973,0.23750945531857992
DS02,11,100,D_约束+收缩★,0.03162277660168379,0.3693143775322072,0.06626647999203679,0.000714326521764213,0.9714563929070973
DS02,11,100,B_岭回归,0.1,-1.0397804457106585,0.11917335027257304,0.00853760652526092,0.45411154228889905
DS02,11,100,D_约束+收缩★,0.1,0.6599095726006798,0.048661404597869024,0.0006863677906760722,0.9759845378783001
DS02,11,100,B_岭回归,0.31622776601683794,0.7039110519811524,0.04540446210744033,0.008341756304995365,0.7934984637262353
DS02,11,100,D_约束+收缩★,0.31622776601683794,0.7723331715765405,0.039814137811140245,0.0006742513257797415,0.9733722593222928
DS02,11,100,B_岭回归,1.0,0.9463954473461766,0.019319161571449615,0.008206002875894508,0.9606245449028618
DS02,11,100,D_约束+收缩★,1.0,0.8375798587237971,0.03362849090389173,0.0006716460462132367,0.9728846822505529
DS02,11,100,B_岭回归,3.1622776601683795,0.9679592022169188,0.014936164810757152,0.007933857626447863,0.9847621891214454
DS02,11,100,D_约束+收缩★,3.1622776601683795,0.9239482182829158,0.023011351858426315,0.0006732628775031997,0.982973811656386
DS02,11,100,B_岭回归,10.0,0.971095676318748,0.01418629029473899,0.007235752235410076,0.9881068867791362
DS02,11,100,D_约束+收缩★,10.0,0.9676904765315968,0.014998668723487743,0.0006900347992479088,0.992504481548543
DS02,11,100,B_岭回归,31.622776601683793,0.9757752304618845,0.01298725188455239,0.0059900581002602,0.991364945299757
DS02,11,100,D_约束+收缩★,31.622776601683793,0.9789995574105569,0.012092098061397768,0.0009285972980218303,0.9950027624249952
DS02,11,100,B_岭回归,100.0,0.9673391925171206,0.01507998451122629,0.0058341241954493386,0.9945614637064285
DS02,11,100,D_约束+收缩★,100.0,0.9694121640394099,0.01459357897947014,0.002184062079843593,0.9948373659638142
DS02,11,100,B_岭回归,316.22776601683796,0.8966484934067018,0.02682537751584977,0.007547443111118128,0.9960347874590392
DS02,11,100,D_约束+收缩★,316.22776601683796,0.8979256861137809,0.026659111514547796,0.0048640375848475964,0.9942547818016179
DS02,11,100,B_岭回归,1000.0,0.7362909201272154,0.04284991633680294,0.008747317497721388,0.9963857738713985
DS02,11,100,D_约束+收缩★,1000.0,0.7384119657652002,0.04267724477004877,0.006537223961241466,0.9956018056819779
DS02,11,100,B_岭回归,3162.2776601683795,0.4967774625133087,0.059192608415893015,0.00682422829734283,0.9965152601684322
DS02,11,100,D_约束+收缩★,3162.2776601683795,0.49887230608216926,0.059069274738523345,0.005191523934038915,0.9964134949627438
DS02,11,100,B_岭回归,10000.0,0.24654388887594525,0.07242965498307996,0.0037423764383437935,0.9966145556420845
DS02,11,100,D_约束+收缩★,10000.0,0.24723230191422518,0.07239655888590332,0.002830428258861502,0.9964159368043339
DS02,11,1000,Z_全零哨兵,,0.0,0.08344252482394354,0.0,0.0
DS02,11,1000,B_岭回归,1e-06,-24.38900217469468,0.4204460270256675,0.009402439803551236,0.12105827232543691
DS02,11,1000,D_约束+收缩★,1e-06,0.08167162494186386,0.07996251375113558,0.0006575039901226432,0.9635289813410246
DS02,11,1000,B_岭回归,3.162277660168379e-06,-24.38570452986571,0.42041872137023095,0.009402293613745751,0.12106836621837219
DS02,11,1000,D_约束+收缩★,3.162277660168379e-06,0.08171553266783338,0.07996060211788696,0.000657500855926079,0.9635303981401172
DS02,11,1000,B_岭回归,1e-05,-24.375280662383542,0.4203323964270034,0.009401831444512097,0.1211002854512004
DS02,11,1000,D_约束+收缩★,1e-05,0.0818543498837545,0.07995455806068587,0.0006574909462699046,0.9635348751395248
DS02,11,1000,B_岭回归,3.1622776601683795e-05,-24.342359466332038,0.420059644047667,0.009400371171546039,0.1212012182898074
DS02,11,1000,D_约束+收缩★,3.1622776601683795e-05,0.08229301663126143,0.0799354556469099,0.00065745962461333,0.9635489995736713
DS02,11,1000,B_岭回归,0.0001,-24.238671567647224,0.4191994292655037,0.009395765692327088,0.12152034954254294
DS02,11,1000,D_约束+收缩★,0.0001,0.08367709120361566,0.07987515405811822,0.0006573607308572411,0.9635933356051175
DS02,11,1000,B_岭回归,0.00031622776601683794,-23.914911982745025,0.4165020230688206,0.009381323870868746,0.1225290664182595
DS02,11,1000,D_约束+收缩★,0.00031622776601683794,0.08802301955700453,0.07968551333994418,0.0006570495333911608,0.9637302904651831
DS02,11,1000,B_岭回归,0.001,-22.930863695069203,0.40819400600717404,0.009336840520297101,0.12571424027553932
DS02,11,1000,D_约束+收缩★,0.001,0.10146371395421605,0.07909613213607702,0.0006560805080866174,0.9641322812735771
DS02,11,1000,B_岭回归,0.0031622776601683794,-20.173303227732646,0.3839562533741735,0.009208650083411337,0.1357392943550562
DS02,11,1000,D_约束+收缩★,0.0031622776601683794,0.14108512556957442,0.07733257981742193,0.0006531641777766121,0.9651246324049434
DS02,11,1000,B_岭回归,0.01,-13.996839887880991,0.3231374652754331,0.008888806982040675,0.16694863013848382
DS02,11,1000,D_约束+收缩★,0.01,0.20385488459738366,0.07445323181619298,0.0006488247898775454,0.9620713867396319
DS02,11,1000,B_岭回归,0.03162277660168379,-5.626131511643928,0.2147916836430954,0.00838952300829677,0.26026274077410105
DS02,11,1000,D_约束+收缩★,0.03162277660168379,0.4280776696598353,0.06310386552172044,0.0006289488062849438,0.9684811195313485
DS02,11,1000,B_岭回归,0.1,-0.5333719522504081,0.10332637520006961,0.007983065893480312,0.4975582673724139
DS02,11,1000,D_约束+收缩★,0.1,0.6878002256806452,0.04662337722365895,0.0005994954256236097,0.9752070819922553
DS02,11,1000,B_岭回归,0.31622776601683794,0.7807100779538864,0.03907480084400913,0.007748046136519349,0.8344018665742645
DS02,11,1000,D_约束+收缩★,0.31622776601683794,0.7478780492364798,0.04189794921274494,0.0005905042645737125,0.97442708067586
DS02,11,1000,B_岭回归,1.0,0.957431279377478,0.017216019090218408,0.007599037078571581,0.9717747301619291
DS02,11,1000,D_约束+收缩★,1.0,0.8426986317126808,0.03309433713476218,0.0005710763863920493,0.9767286040891013
DS02,11,1000,B_岭回归,3.1622776601683795,0.9709624199555176,0.014218953913827057,0.007350050201004655,0.9892470818915581
DS02,11,1000,D_约束+收缩★,3.1622776601683795,0.9378052207701296,0.02080963208243897,0.0005589144899809453,0.9883309911539776
DS02,11,1000,B_岭回归,10.0,0.972845777503747,0.013750108423195514,0.006715338511548147,0.9915025531823628
DS02,11,1000,D_约束+收缩★,10.0,0.97155328476718,0.014073544777291523,0.0005642335733232045,0.9948787143338725
DS02,11,1000,B_岭回归,31.622776601683793,0.9769363476824996,0.01267218422176425,0.0056116924385496815,0.9936465535919194
DS02,11,1000,D_约束+收缩★,31.622776601683793,0.9800949406669321,0.011772512895529698,0.0008100293691054622,0.9961939033607076
DS02,11,1000,B_岭回归,100.0,0.9682137155983754,0.014876724451273405,0.005570621602973821,0.9957837547574894
DS02,11,1000,D_约束+收缩★,100.0,0.9701108734791536,0.014425937567156325,0.0020607545526377617,0.9957791647667995
DS02,11,1000,B_岭回归,316.22776601683796,0.8974312520953732,0.02672360006081352,0.007379222840991591,0.996756559293389
DS02,11,1000,D_约束+收缩★,316.22776601683796,0.8985511750978178,0.02657730540846548,0.00480076429957951,0.9952840730423415
DS02,11,1000,B_岭回归,1000.0,0.7368552087708705,0.042804046338560164,0.008640132627442558,0.996950430161171
DS02,11,1000,D_约束+收缩★,1000.0,0.7388704278492281,0.04263983006373702,0.0065030886726689845,0.9959265948498374
DS02,11,1000,B_岭回归,3162.2776601683795,0.49706294442980536,0.05917581582875309,0.006781750279978521,0.9970344774608048
DS02,11,1000,D_约束+收缩★,3162.2776601683795,0.49911339106127917,0.059055064360410484,0.005164004257280605,0.996697108054681
DS02,11,1000,B_岭回归,10000.0,0.24665933929348371,0.07242410565237904,0.0037181857987233745,0.9971814942799284
DS02,11,1000,D_约束+收缩★,10000.0,0.24732832378452896,0.07239194134273223,0.0028306700700219322,0.9968072686503381
DS02,14,1,Z_全零哨兵,,0.0,0.07815581926593952,0.0,0.0
DS02,14,1,B_岭回归,1e-06,-309.44272980412626,1.377057474130238,0.025615310511187636,0.03807078538289519
DS02,14,1,D_约束+收缩★,1e-06,0.3979295728186796,0.06064359906750017,0.0021140133740695276,0.9907096962306634
DS02,14,1,B_岭回归,3.162277660168379e-06,-309.40275604824495,1.376968813765344,0.02561494432083315,0.038073133077723524
DS02,14,1,D_约束+收缩★,3.162277660168379e-06,0.3979295839255156,0.060643598508131634,0.0021140134221456284,0.9907096961031521
DS02,14,1,B_岭回归,1e-05,-309.27639871207026,1.376688520149562,0.025613786634579413,0.03808055713060728
DS02,14,1,D_约束+收缩★,1e-05,0.39792961904841406,0.06064359673925301,0.0021140135741757023,0.9907096956999248
DS02,14,1,B_岭回归,3.1622776601683795e-05,-308.87732897986257,1.375802904148026,0.025610128800328535,0.03810403393743638
DS02,14,1,D_约束+收缩★,3.1622776601683795e-05,0.3979297301167295,0.060643591145569394,0.0021140140549369265,0.9907096944248079
DS02,14,1,B_岭回归,0.0001,-307.6204127589639,1.3730098212983424,0.025598592535330297,0.038178273021050056
DS02,14,1,D_约束+收缩★,0.0001,0.39793008134522323,0.06064357345680336,0.002114015575237625,0.9907096903925297
DS02,14,1,B_岭回归,0.00031622776601683794,-303.6956183654074,1.3642514511115633,0.02556241710586771,0.0384130266161927
DS02,14,1,D_约束+收缩★,0.00031622776601683794,0.39793119202358584,0.060643517520163906,0.00211402038285207,0.9907096776412896
DS02,14,1,B_岭回归,0.001,-291.7650506267042,1.337275645537548,0.02545098933564293,0.03915527204867558
DS02,14,1,D_约束+收缩★,0.001,0.3979347042604179,0.060643340634479355,0.002114035585879812,0.9907096373177724
DS02,14,1,B_岭回归,0.0031622776601683794,-258.32037076513285,1.25857655352089,0.02513564702357003,0.04150133264598638
DS02,14,1,D_约束+收缩★,0.0031622776601683794,0.3979458105631357,0.06064278128783554,0.0021140836622339423,0.9907095097980556
DS02,14,1,B_岭回归,0.01,-183.32729672059935,1.061099590389023,0.024466885972064673,0.048908362821842966
DS02,14,1,D_约束+收缩★,0.01,0.3979809281228964,0.06064101262847792,0.00211423569460486,0.9907091064897217
DS02,14,1,B_岭回归,0.03162277660168379,-81.36348224792309,0.7092978931718609,0.02354631364471084,0.07219392811903742
DS02,14,1,D_约束+收缩★,0.03162277660168379,0.3980919430765528,0.06063542113652604,0.0021147164790310856,0.990707830561151
DS02,14,1,B_岭回归,0.1,-18.747327417097257,0.34730855684452483,0.023010505968039954,0.14390392936639856
DS02,14,1,D_约束+收缩★,0.1,0.39844263832352267,0.06061775427525092,0.0021162370099766827,0.9907037901702928
DS02,14,1,B_岭回归,0.31622776601683794,-2.121213066257344,0.13807753588888874,0.022820477337977894,0.33971502833534295
DS02,14,1,D_约束+收缩★,0.31622776601683794,0.801031526896566,0.03486209271095285,0.0020356540653392653,0.9717382536805056
DS02,14,1,B_岭回归,1.0,0.3431964152098316,0.0633401484889507,0.02259399014132768,0.648570748484174
DS02,14,1,D_约束+收缩★,1.0,0.9049487120679962,0.024095743022534248,0.0020021830837980066,0.9769641620413815
DS02,14,1,B_岭回归,3.1622776601683795,0.6221199017034689,0.04804390834181641,0.021924657101132342,0.79726094101603
DS02,14,1,D_约束+收缩★,3.1622776601683795,0.9607819470748377,0.015477625496151,0.001974836408905563,0.9793764637793058
DS02,14,1,B_岭回归,10.0,0.6764784325559018,0.04445421431822185,0.02018446848480346,0.8274789439379132
DS02,14,1,D_约束+收缩★,10.0,0.9403339891969331,0.019090830473819074,0.0019593648519707395,0.9795157244726869
DS02,14,1,B_岭回归,31.622776601683793,0.7282831474346838,0.04073986706649046,0.017009214943390943,0.8495590870485362
DS02,14,1,D_约束+收缩★,31.622776601683793,0.8891286334778782,0.026023818425613632,0.0021557018156438006,0.9794685379785976
DS02,14,1,B_岭回归,100.0,0.759102951497004,0.038359864058466336,0.013837874865794976,0.8846599159634003
DS02,14,1,D_约束+收缩★,100.0,0.8406585405809166,0.031197925396748094,0.0030953583013716545,0.9807143133958474
DS02,14,1,B_岭回归,316.22776601683796,0.7188928062243085,0.041437858186698914,0.012121979202456607,0.9212521723549618
DS02,14,1,D_约束+收缩★,316.22776601683796,0.7560575193826027,0.038601576150223464,0.004778068056677229,0.982957369324959
DS02,14,1,B_岭回归,1000.0,0.5951538038407642,0.0497286135895862,0.010452287158069376,0.943641083617516
DS02,14,1,D_约束+收缩★,1000.0,0.61197874568325,0.048684316545017564,0.005618175680504751,0.9861827027549318
DS02,14,1,B_岭回归,3162.2776601683795,0.40049752566647956,0.060514132226170025,0.007494369197402236,0.9550018631413303
DS02,14,1,D_约束+收缩★,3162.2776601683795,0.4081563517507768,0.060126346521148656,0.004410800678413459,0.9888664989041054
DS02,14,1,B_岭回归,10000.0,0.19784782001781476,0.06999865640240761,0.004211284609291432,0.9589809005919072
DS02,14,1,D_约束+收缩★,10000.0,0.20063281510829933,0.06987703645171411,0.00242990870863468,0.9893780596922478
DS02,14,10,Z_全零哨兵,,0.0,0.07815581926593952,0.0,0.0
DS02,14,10,B_岭回归,1e-06,-64.594224702477,0.6329860246082692,0.010263891354931639,0.08297794381834467
DS02,14,10,D_约束+收缩★,1e-06,0.4008257472270026,0.06049756451955083,0.0017879861721717995,0.782526226747284
DS02,14,10,B_岭回归,3.162277660168379e-06,-64.58578000364756,0.6329452775118646,0.01026371793708377,0.08298319695093163
DS02,14,10,D_约束+收缩★,3.162277660168379e-06,0.40082577738607617,0.06049756299699665,0.0017879862168287228,0.7825262261706029
DS02,14,10,B_岭回归,1e-05,-64.55908625256637,0.6328164584050968,0.010263169688281415,0.08299980875678792
DS02,14,10,D_约束+收缩★,1e-05,0.40082587275738424,0.06049755818226019,0.001787986358046265,0.782526224346976
DS02,14,10,B_岭回归,3.1622776601683795e-05,-64.4747803987746,0.6324094416410061,0.010261437438161252,0.08305233929965149
DS02,14,10,D_约束+收缩★,3.1622776601683795e-05,0.4008261743474142,0.060497542956750736,0.001787986804615422,0.7825262185801524
DS02,14,10,B_岭回归,0.0001,-64.20924976662444,0.6311257819141454,0.010255974188460616,0.08321844945878472
DS02,14,10,D_约束+收缩★,0.0001,0.4008271280535911,0.060497494809701506,0.0017879882167914402,0.782526200343765
DS02,14,10,B_岭回归,0.00031622776601683794,-63.38011871746302,0.6271005858762779,0.0102388426193207,0.0837436757123291
DS02,14,10,D_约束+收缩★,0.00031622776601683794,0.4008301438849359,0.060497342557756156,0.0017879926824878754,0.7825261426743512
DS02,14,10,B_岭回归,0.001,-60.85976794190804,0.6147031847145952,0.01018704227663535,0.0854039798600968
DS02,14,10,D_约束+收缩★,0.001,0.4008396802570766,0.06049686111876029,0.0017880068042975348,0.782525960298711
DS02,14,10,B_岭回归,0.0031622776601683794,-53.794852141740975,0.5785370804342292,0.010039297593746306,0.09064808826694404
DS02,14,10,D_约束+收缩★,0.0031622776601683794,0.4008698316752124,0.06049533891423173,0.0017880514617555545,0.7825253834869214
DS02,14,10,B_岭回归,0.01,-37.9553909519212,0.4878037150744253,0.009687542922396946,0.10716397340697713
DS02,14,10,D_约束+收缩★,0.01,0.4009651264787818,0.0604905276720378,0.0017881926847824197,0.78252355855505
DS02,14,10,B_岭回归,0.03162277660168379,-16.428171157084368,0.32627757671032076,0.009146253190024854,0.15856358668977263
DS02,14,10,D_约束+收缩★,0.03162277660168379,0.5322245523436872,0.05345397810785648,0.0017594899840896964,0.9265452396878523
DS02,14,10,B_岭回归,0.1,-3.223794088018769,0.16062483291455376,0.008724319213180079,0.30889103336417034
DS02,14,10,D_约束+收缩★,0.1,0.7212253389330936,0.04126558138105269,0.0017025032000192771,0.9516419504216026
DS02,14,10,B_岭回归,0.31622776601683794,0.26972231721127393,0.06678906048772443,0.008553302612575496,0.6267361729654062
DS02,14,10,D_约束+收缩★,0.31622776601683794,0.9153965180787942,0.02273293124814824,0.0015879125798314577,0.9651197199060896
DS02,14,10,B_岭回归,1.0,0.7810897289337847,0.03656742583937668,0.008469022894666575,0.8859671253335248
DS02,14,10,D_约束+收缩★,1.0,0.9430241214514293,0.0186554975011849,0.0015362097962199213,0.9766653048090345
DS02,14,10,B_岭回归,3.1622776601683795,0.8350670556680881,0.03174059224018372,0.008269213616971508,0.9486683612600926
DS02,14,10,D_约束+收缩★,3.1622776601683795,0.9070706353818738,0.02382526850945575,0.0015217100494311266,0.9771883045528377
DS02,14,10,B_岭回归,10.0,0.840762685957015,0.031187728268001817,0.007779032742278103,0.9599281632654346
DS02,14,10,D_约束+收缩★,10.0,0.8797480329576893,0.02710237902075326,0.0015650565537934365,0.9841826085695556
DS02,14,10,B_岭回归,31.622776601683793,0.8409194241758579,0.03117237535747951,0.0069690407056312706,0.9683571623657219
DS02,14,10,D_约束+收缩★,31.622776601683793,0.8618642568822146,0.029047874135462518,0.0017713268517423825,0.9892220753348161
DS02,14,10,B_岭回归,100.0,0.8229485437136312,0.03288600144671064,0.00675468021088867,0.9793665739626896
DS02,14,10,D_约束+收缩★,100.0,0.8343879061382897,0.0318058747186912,0.002674966577217811,0.9917240719320537
DS02,14,10,B_岭回归,316.22776601683796,0.7527314155197147,0.038863847316312566,0.007491995734308412,0.9877893286003033
DS02,14,10,D_约束+收缩★,316.22776601683796,0.758875250961605,0.0383779890180582,0.004347701299939868,0.9936614282426915
DS02,14,10,B_岭回归,1000.0,0.6142696395831639,0.048540386656298874,0.0077472395002272446,0.9914327875558584
DS02,14,10,D_约束+收缩★,1000.0,0.6182605692682275,0.048288624052650594,0.005248608367337612,0.9947502373689096
DS02,14,10,B_岭回归,3162.2776601683795,0.4120667889763032,0.059927383530483574,0.005969239358455013,0.9928053764750179
DS02,14,10,D_约束+收缩★,3162.2776601683795,0.4147076369001428,0.05979264269711229,0.004148356637448187,0.9957862739013623
DS02,14,10,B_岭回归,10000.0,0.2036333898881777,0.0697457648611901,0.003370313692659905,0.992998142638576
DS02,14,10,D_约束+收缩★,10000.0,0.20458444255192298,0.06970410583725908,0.002375288425879292,0.995882484091631
DS02,14,100,Z_全零哨兵,,0.0,0.07815581926593952,0.0,0.0
DS02,14,100,B_岭回归,1e-06,-25.593575638165532,0.4030414263186149,0.006787193440666004,0.10962794437958073
DS02,14,100,D_约束+收缩★,1e-06,0.5626948295760312,0.05168370346147865,0.001427497899020187,0.948119836866444
DS02,14,100,B_岭回归,3.162277660168379e-06,-25.590154459646826,0.40301550048903667,0.006787065436727248,0.10963616349129945
DS02,14,100,D_约束+收缩★,3.162277660168379e-06,0.5626954133354014,0.051683668965138006,0.0014274977168895371,0.9481198562651615
DS02,14,100,B_岭回归,1e-05,-25.57934009427223,0.40293353781911817,0.006786660760960391,0.1096621543855638
DS02,14,100,D_约束+收缩★,1e-05,0.5626972593353611,0.05168355987852604,0.0014274971409436502,0.9481199176068423
DS02,14,100,B_岭回归,3.1622776601683795e-05,-25.545185531843533,0.40267456896344217,0.006785382145342119,0.10974434258563721
DS02,14,100,D_约束+收缩★,3.1622776601683795e-05,0.5627030968071454,0.051683214920329706,0.0014274953196604986,0.9481201115617717
DS02,14,100,B_岭回归,0.0001,-25.43761229385296,0.4018578298711806,0.006781349591887647,0.11000422223412494
DS02,14,100,D_约束+收缩★,0.0001,0.5627215555873464,0.05168212410632555,0.0014274895604339574,0.9481207246561931
DS02,14,100,B_岭回归,0.00031622776601683794,-25.101713515829182,0.3992967995684615,0.006768704406416748,0.110825810713463
DS02,14,100,D_约束+收缩★,0.00031622776601683794,0.5627799181127493,0.0516786750454687,0.0014274713499252236,0.9481226609836737
DS02,14,100,B_岭回归,0.001,-24.080697656477106,0.391409287335532,0.006730241681298927,0.11342165371711245
DS02,14,100,D_约束+收缩★,0.001,0.5629643840343341,0.05166777211519497,0.0014274137808819782,0.9481287597748111
DS02,14,100,B_岭回归,0.0031622776601683794,-21.218921808560843,0.3684027049035219,0.006620581002407111,0.12160743151740194
DS02,14,100,D_约束+收缩★,0.0031622776601683794,0.5635467918723129,0.051633333563351896,0.0014272319078364201,0.9481478035613659
DS02,14,100,B_岭回归,0.01,-14.804781901810047,0.31071024506654343,0.006355714952605981,0.1472473164369397
DS02,14,100,D_约束+收缩★,0.01,0.5653793206637343,0.05152482353633826,0.0014266585321650017,0.94820565974455
DS02,14,100,B_岭回归,0.03162277660168379,-6.095062788475767,0.20818020961863762,0.005990615502596031,0.22543115605259226
DS02,14,100,D_约束+收缩★,0.03162277660168379,0.6701631474674273,0.044886000369637226,0.0014016467940314178,0.954353656234971
DS02,14,100,B_岭回归,0.1,-0.7661984839798421,0.10386783365605733,0.005846925321594526,0.43576488434978417
DS02,14,100,D_约束+收缩★,0.1,0.8013718446477963,0.03483226570793368,0.0013557215725078667,0.9473594725044046
DS02,14,100,B_岭回归,0.31622776601683794,0.6328302445420768,0.04735815450324308,0.005868753085003115,0.774460128611511
DS02,14,100,D_约束+收缩★,0.31622776601683794,0.9195683348231367,0.022165363093355445,0.001302118858522704,0.9644671635744985
DS02,14,100,B_岭回归,1.0,0.8323802882570245,0.031998075931841494,0.0058500097510279705,0.9462415316958386
DS02,14,100,D_约束+收缩★,1.0,0.9343353467950053,0.020027518768709653,0.0012662254351036716,0.9776437741029321
DS02,14,100,B_岭回归,3.1622776601683795,0.8512264256687521,0.03014561987266252,0.00572931215345052,0.9750556353866032
DS02,14,100,D_约束+收缩★,3.1622776601683795,0.9023333821244575,0.024424989981887964,0.0012654240819479424,0.9854418022634857
DS02,14,100,B_岭回归,10.0,0.8515917835506034,0.03010858133879438,0.005414927269630497,0.979945280238448
DS02,14,100,D_约束+收缩★,10.0,0.8768625397179372,0.027425617577775178,0.0013344462606394753,0.9901536153203404
DS02,14,100,B_岭回归,31.622776601683793,0.8473718975149637,0.030533639408067432,0.005007331630284176,0.9841382516039867
DS02,14,100,D_约束+收缩★,31.622776601683793,0.859478874531273,0.029297605692944123,0.00169912008868807,0.9922707026828949
DS02,14,100,B_岭回归,100.0,0.8246905754876647,0.032723816748270816,0.005305404706700917,0.9896392753086353
DS02,14,100,D_约束+收缩★,100.0,0.8309116407801775,0.032137950305588296,0.002734770904924542,0.992855734720253
DS02,14,100,B_岭回归,316.22776601683796,0.7517874277783678,0.03893796115404727,0.006321233695123198,0.9936829878889254
DS02,14,100,D_约束+收缩★,316.22776601683796,0.7551901288796714,0.03867014339928019,0.004358515792939429,0.9939021033551724
DS02,14,100,B_岭回归,1000.0,0.6133594564747337,0.04859762172604299,0.007006146402422461,0.9953606348250181
DS02,14,100,D_约束+收缩★,1000.0,0.616370764732386,0.04840800312530078,0.005322499822198848,0.994922323333861
DS02,14,100,B_岭回归,3162.2776601683795,0.4118869713244385,0.059936547137302065,0.005562240353157728,0.995998390846485
DS02,14,100,D_约束+收缩★,3162.2776601683795,0.41415048966146806,0.059821094616018804,0.004249709136886339,0.995557539872983
DS02,14,100,B_岭回归,10000.0,0.2037027832251187,0.06974272606176138,0.003174630179164638,0.9962960432518551
DS02,14,100,D_约束+收缩★,10000.0,0.20450727826617987,0.06970748679771956,0.002470088413785968,0.9961793949066893
DS02,14,1000,Z_全零哨兵,,0.0,0.07815581926593952,0.0,0.0
DS02,14,1000,B_岭回归,1e-06,-25.18527855837485,0.3999354662644876,0.005939253904969699,0.10144832563966134
DS02,14,1000,D_约束+收缩★,1e-06,0.5106752011218024,0.05467136699441106,0.0013417184184486796,0.9519530243307432
DS02,14,1000,B_岭回归,3.162277660168379e-06,-25.18190878393635,0.3999097316581215,0.0059391198573340315,0.10145666888398752
DS02,14,1000,D_约束+收缩★,3.162277660168379e-06,0.5106758485153652,0.054671330828348304,0.0013417182447202113,0.9519530851407291
DS02,14,1000,B_岭回归,1e-05,-25.17125690760789,0.3998283735266005,0.00593869607486908,0.10148305230478534
DS02,14,1000,D_约束+收缩★,1e-05,0.5106778957439692,0.05467121646159467,0.0013417176953441341,0.9519532774288764
DS02,14,1000,B_岭回归,3.1622776601683795e-05,-25.137615532072196,0.39957131476540475,0.005937357090040661,0.10156648162890149
DS02,14,1000,D_约束+收缩★,3.1622776601683795e-05,0.5106843695533344,0.05467085480594831,0.0013417159580805444,0.9519538853982789
DS02,14,1000,B_岭回归,0.0001,-25.031658672382246,0.3987605997308039,0.00593313414564842,0.10183028451824046
DS02,14,1000,D_约束+收缩★,0.0001,0.5107048405769241,0.0546697111882153,0.0013417104645316181,0.9519558069756333
DS02,14,1000,B_岭回归,0.00031622776601683794,-24.700807493958497,0.3962184587182953,0.005919891977507338,0.10266426400614627
DS02,14,1000,D_约束+收缩★,0.00031622776601683794,0.5107695660472711,0.05466609512975687,0.0013416930940134625,0.9519618736420069
DS02,14,1000,B_岭回归,0.001,-23.695138780705037,0.3883891200341788,0.005879366857392345,0.10529913750001686
DS02,14,1000,D_约束+收缩★,0.001,0.5109741500929068,0.054654663931320305,0.001341638179696244,0.9519809595648328
DS02,14,1000,B_岭回归,0.0031622776601683794,-20.876415664285567,0.3655522010736641,0.0057629714082745,0.11360681947609863
DS02,14,1000,D_约束+收缩★,0.0031622776601683794,0.5292968450371659,0.053620995738903374,0.001337834484400595,0.9538646806934347
DS02,14,1000,B_岭回归,0.01,-14.559020817073737,0.3082850402957307,0.005501069855687194,0.13961742893388698
DS02,14,1000,D_约束+收缩★,0.01,0.5872175707598126,0.05021366503956692,0.0013254464347881346,0.9556174981673503
DS02,14,1000,B_岭回归,0.03162277660168379,-5.981665900936884,0.20650988797234926,0.005180416138097258,0.21884397911421696
DS02,14,1000,D_约束+收缩★,0.03162277660168379,0.7111803185832248,0.042002458580601816,0.0012924167335373936,0.9533403428195628
DS02,14,1000,B_岭回归,0.1,-0.7355433679680727,0.10296249433504569,0.005066923879050648,0.43178336973800485
DS02,14,1000,D_约束+收缩★,0.1,0.7966332637226214,0.03524530550656817,0.0012574190606261723,0.9447213920038918
DS02,14,1000,B_岭回归,0.31622776601683794,0.6403392051909566,0.04687139397004863,0.005141062729660391,0.7755019325534227
DS02,14,1000,D_约束+收缩★,0.31622776601683794,0.9151222861075301,0.022769744466767203,0.0011913351528619954,0.9602022113102385
DS02,14,1000,B_岭回归,1.0,0.8358644869047757,0.0316637682683042,0.005166812850039036,0.9480283887453119
DS02,14,1000,D_约束+收缩★,1.0,0.931271504328043,0.020489423497886607,0.0011562361426242919,0.9751028256612182
DS02,14,1000,B_岭回归,3.1622776601683795,0.8539315562995073,0.02987029563430456,0.005094292743105125,0.9766974761491761
DS02,14,1000,D_约束+收缩★,3.1622776601683795,0.90590937456636,0.023973668602161647,0.0011567241866103804,0.9849633149525557
DS02,14,1000,B_岭回归,10.0,0.8538404008899628,0.02987961460249459,0.004882466874260118,0.9815956172860149
DS02,14,1000,D_约束+收缩★,10.0,0.8796716985290904,0.02711097977985998,0.0012304698335222249,0.9908509720146053
DS02,14,1000,B_岭回归,31.622776601683793,0.8491234141160844,0.030357936202081073,0.004619599611141312,0.9855938787244293
DS02,14,1000,D_约束+收缩★,31.622776601683793,0.8611629834966605,0.029121514426813384,0.0015698020692435073,0.9927976231904427
DS02,14,1000,B_岭回归,100.0,0.8261359939569163,0.032588634315697244,0.005018585446574256,0.990675858682978
DS02,14,1000,D_约束+收缩★,100.0,0.8320257556557473,0.03203189763662932,0.0026359341211260883,0.9932651021234724
DS02,14,1000,B_岭回归,316.22776601683796,0.7530048745186395,0.038842351239961714,0.00614706952274789,0.994315843861076
DS02,14,1000,D_约束+收缩★,316.22776601683796,0.7561084396663678,0.03859754711478949,0.004314962523676458,0.9942054539844295
DS02,14,1000,B_岭回归,1000.0,0.6142746888495632,0.04854006895490616,0.006930853524817659,0.9957710752088795
DS02,14,1000,D_约束+收缩★,1000.0,0.6171363797539688,0.0483596746864362,0.005324690603958224,0.9953457379796333
DS02,14,1000,B_岭回归,3162.2776601683795,0.41253122144070153,0.059903709309908466,0.005515175998335682,0.9962967408359739
DS02,14,1000,D_约束+收缩★,3162.2776601683795,0.41474497942234445,0.059790735236974896,0.004251398884783521,0.9961513701313155
DS02,14,1000,B_岭回归,10000.0,0.20404709865971293,0.06972764620657543,0.003147478210525668,0.9965433997318818
DS02,14,1000,D_约束+收缩★,10000.0,0.20483446803460825,0.06969314982043666,0.002472105447849987,0.9965565546785582
DS02,15,1,Z_全零哨兵,,0.0,0.07834294999233453,0.0,0.0
DS02,15,1,B_岭回归,1e-06,-359.4336673068744,1.4873480080493333,0.0268852877352959,0.10590826738469161
DS02,15,1,D_约束+收缩★,1e-06,-0.4955978579183553,0.09580922739796138,0.0031887092195338426,0.9924015389966685
DS02,15,1,B_岭回归,3.162277660168379e-06,-359.38734207750747,1.4872524232608741,0.0268849896237375,0.10591085626065817
DS02,15,1,D_约束+收缩★,3.162277660168379e-06,-0.4955978342996643,0.095809226641445,0.003188709368082764,0.9924015389815631
DS02,15,1,B_岭回归,1e-05,-359.240907640792,1.4869502385379436,0.026884047163873263,0.10591904299265013
DS02,15,1,D_约束+收缩★,1e-05,-0.49559775961082564,0.09580922424913078,0.0031887098378356443,0.9924015389337951
DS02,15,1,B_岭回归,3.1622776601683795e-05,-358.77842867436954,1.485995455156362,0.02688106935895556,0.10594493157842348
DS02,15,1,D_约束+收缩★,3.1622776601683795e-05,-0.4955975234240295,0.09580921668397015,0.003188711323324682,0.9924015387827392
DS02,15,1,B_岭回归,0.0001,-357.32179311554233,1.4829842279645884,0.026871682039985436,0.10602679713431573
DS02,15,1,D_约束+收缩★,0.0001,-0.49559677653648215,0.09580919276084957,0.0031887160208520244,0.9924015383050568
DS02,15,1,B_岭回归,0.00031622776601683794,-352.7733177590247,1.4735417934416692,0.026842715870420735,0.10628566532732275
DS02,15,1,D_约束+收缩★,0.00031622776601683794,-0.4955944146773865,0.09580911710947539,0.0031887308757231696,0.9924015367944707
DS02,15,1,B_岭回归,0.001,-338.9464513463001,1.4444588590263303,0.02675349244423341,0.10710414349644166
DS02,15,1,D_约束+收缩★,0.001,-0.4955869458902382,0.0958088778805812,0.0031887778508047546,0.9924015320173634
DS02,15,1,B_岭回归,0.0031622776601683794,-300.1821031096261,1.359610474052574,0.026504778072447766,0.10969102793185974
DS02,15,1,D_约束+收缩★,0.0031622776601683794,-0.4955633281825542,0.09580812138995695,0.003188926397600427,0.9924015169086821
DS02,15,1,B_岭回归,0.01,-213.23465313414087,1.1466867154307678,0.025998219239145855,0.11785709297424639
DS02,15,1,D_约束+收缩★,0.01,-0.4954886491431998,0.09580572933217768,0.003189396129258234,0.99240146910942
DS02,15,1,B_岭回归,0.03162277660168379,-94.91364507700288,0.767255691788902,0.025380302880442254,0.14351581237770014
DS02,15,1,D_约束+收缩★,0.03162277660168379,-0.4952525603678146,0.09579816673714125,0.0031908814055958776,0.992401317740764
DS02,15,1,B_岭回归,0.1,-22.070173241906232,0.376292314896395,0.025119954264649937,0.2224050316214269
DS02,15,1,D_约束+收缩★,0.1,-0.49450665236222635,0.09577426925816133,0.003195576804836733,0.9924008369317668
DS02,15,1,B_岭回归,0.31622776601683794,-2.582728297646124,0.14828829023415335,0.025185470230411143,0.43638159811778315
DS02,15,1,D_约束+收缩★,0.31622776601683794,-0.49215456871694285,0.09569887387767241,0.003210410358943108,0.992399295146815
DS02,15,1,B_岭回归,1.0,0.37421315751924145,0.06197451469648404,0.02505990565270481,0.7560875727427246
DS02,15,1,D_约束+收缩★,1.0,0.3497587993249174,0.06317382350575232,0.003093675979594625,0.973699248201036
DS02,15,1,B_岭回归,3.1622776601683795,0.7318667954682925,0.04056721746096261,0.024413529303854205,0.9000026092100325
DS02,15,1,D_约束+收缩★,3.1622776601683795,0.7581407337282753,0.038528427699942844,0.003059392764070355,0.975837571046745
DS02,15,1,B_岭回归,10.0,0.8008127410754335,0.03496477182247784,0.022656870116705287,0.9276258809357053
DS02,15,1,D_约束+收缩★,10.0,0.9230523988894838,0.021731888258550085,0.003151511800147268,0.980318831041609
DS02,15,1,B_岭回归,31.622776601683793,0.8528084311939671,0.030056706318243333,0.01935639948607437,0.9371466643667613
DS02,15,1,D_约束+收缩★,31.622776601683793,0.9725055675538307,0.012990393310201225,0.0032718893239609206,0.9885544569442462
DS02,15,1,B_岭回归,100.0,0.8741968642845048,0.027787255473719623,0.01611954398069709,0.9488345069875274
DS02,15,1,D_约束+收缩★,100.0,0.9542693899813393,0.016753417760947135,0.003978914595086419,0.9906917677661694
DS02,15,1,B_岭回归,316.22776601683796,0.8127851043984576,0.03389769134022015,0.014214932363409052,0.9607583926268292
DS02,15,1,D_约束+收缩★,316.22776601683796,0.8597067909902263,0.029343927800000915,0.005838123540395839,0.9917769238661028
DS02,15,1,B_岭回归,1000.0,0.6578794053144859,0.045823634254689063,0.012005162813793338,0.9680877489653134
DS02,15,1,D_约束+收缩★,1000.0,0.6798405831103027,0.04432850257184914,0.00632336563967259,0.9925672156234908
DS02,15,1,B_岭回归,3162.2776601683795,0.4344468608398695,0.05891645798408853,0.008647958636250789,0.9726021827507646
DS02,15,1,D_约束+收缩★,3162.2776601683795,0.4447228569264621,0.058378753710218306,0.005324920189639372,0.993048633422386
DS02,15,1,B_岭回归,10000.0,0.21362732499396386,0.06947269203196187,0.005163688663198011,0.9757061458666639
DS02,15,1,D_约束+收缩★,10000.0,0.21811072009922805,0.06927436446842931,0.0034371113694830332,0.993307553602624
DS02,15,10,Z_全零哨兵,,0.0,0.07834294999233453,0.0,0.0
DS02,15,10,B_岭回归,1e-06,-92.31742492464564,0.7568002969922695,0.012027691980826538,0.12532531411749398
DS02,15,10,D_约束+收缩★,1e-06,-0.534840145568402,0.09705803531041492,0.0017563386449715615,0.8658207665892664
DS02,15,10,B_岭回归,3.162277660168379e-06,-92.3054286509881,0.7567516507974669,0.012027509874036637,0.12533113758692901
DS02,15,10,D_约束+收缩★,3.162277660168379e-06,-0.5348034575642129,0.09705687529160259,0.0017563348026033993,0.8658209183067068
DS02,15,10,B_岭回归,1e-05,-92.26750832959952,0.756597859199088,0.012026934155667413,0.12534955290274855
DS02,15,10,D_约束+收缩★,1e-05,-0.5346874649321305,0.09705320769003357,0.0017563226537904038,0.8658213974439953
DS02,15,10,B_岭回归,3.1622776601683795e-05,-92.14774584855866,0.7561119389400073,0.012025115111923272,0.12540778611152828
DS02,15,10,D_约束+收缩★,3.1622776601683795e-05,-0.5343209140983396,0.09704161671158289,0.0017562842540815237,0.8658229062596999
DS02,15,10,B_岭回归,0.0001,-91.77053885309347,0.7545794271200831,0.01201937812232698,0.1255919243489695
DS02,15,10,D_约束+收缩★,0.0001,-0.5331642741692542,0.09700503265380205,0.0017561630053669884,0.8658276141983695
DS02,15,10,B_岭回归,0.00031622776601683794,-90.592675857409,0.7497738585258196,0.01200140434159964,0.12617410700648846
DS02,15,10,D_约束+收缩★,0.00031622776601683794,-0.5295314509754401,0.09689003808347661,0.0017557813926207136,0.8658418728209161
DS02,15,10,B_岭回归,0.001,-87.012098860111,0.7349725340225075,0.011946950723632941,0.12801398815195006
DS02,15,10,D_约束+收缩★,0.001,-0.518286353220083,0.09653321380498892,0.0017545924431961774,0.8658808065991387
DS02,15,10,B_岭回归,0.0031622776601683794,-76.97373972411583,0.6917897179895471,0.011794294961354245,0.1338205847296303
DS02,15,10,D_约束+收缩★,0.0031622776601683794,-0.48500539335744497,0.0954693435371604,0.001751002460398096,0.865946451756606
DS02,15,10,B_岭回归,0.01,-54.45779845386575,0.5834198931198853,0.011439224561311216,0.1520603628427424
DS02,15,10,D_约束+收缩★,0.01,-0.47035981369539726,0.09499740304236486,0.001749855415039845,0.8659498470366597
DS02,15,10,B_岭回归,0.03162277660168379,-23.81673337732991,0.39027634420960683,0.010905345004924504,0.2083388746497642
DS02,15,10,D_约束+收缩★,0.03162277660168379,-0.4691760222898216,0.09495915398514869,0.0017514580716677746,0.8659501962508523
DS02,15,10,B_岭回归,0.1,-4.951727589676544,0.19112673616086964,0.01068201999236691,0.3682683348735696
DS02,15,10,D_约束+收缩★,0.1,-0.32523737056318835,0.09018758502524844,0.001742374647426758,0.8875131488301354
DS02,15,10,B_岭回归,0.31622776601683794,0.09584040410545291,0.07449420139856944,0.010660606740031752,0.6811078960414946
DS02,15,10,D_约束+收缩★,0.31622776601683794,0.4494289501648212,0.05813084106622384,0.001667896147098946,0.987967435664448
DS02,15,10,B_岭回归,1.0,0.861595835323401,0.029145700653473387,0.01059503560141873,0.9195124866898964
DS02,15,10,D_约束+收缩★,1.0,0.8218173345755916,0.03306988208878305,0.0016231216784535851,0.9839458432829543
DS02,15,10,B_岭回归,3.1622776601683795,0.95271202465137,0.01703630006380987,0.01036539831210173,0.9796801776540933
DS02,15,10,D_约束+收缩★,3.1622776601683795,0.9415104152117519,0.01894694480650254,0.00161443287448842,0.9865037724438112
DS02,15,10,B_岭回归,10.0,0.9660775110909152,0.014429250576752187,0.009773776372404583,0.9880008149264315
DS02,15,10,D_约束+收缩★,10.0,0.9815963958055567,0.010627995527682782,0.0016816286952149287,0.9924899027681748
DS02,15,10,B_岭回归,31.622776601683793,0.9688444155858209,0.013828270676064786,0.008952100113736353,0.9902429406187596
DS02,15,10,D_约束+收缩★,31.622776601683793,0.9866172465346725,0.009063014181964625,0.0019497995066195717,0.9944093968663346
DS02,15,10,B_岭回归,100.0,0.945872174807939,0.01822679083395882,0.008774743699900334,0.9924233992290862
DS02,15,10,D_约束+收缩★,100.0,0.9632056916993363,0.015027621304172428,0.003328495161637627,0.995416514825085
DS02,15,10,B_岭回归,316.22776601683796,0.855160630745363,0.029815578022798276,0.009319347056249863,0.9942923771566866
DS02,15,10,D_约束+收缩★,316.22776601683796,0.8695049418845995,0.02830068538503947,0.005414010749034993,0.995953584823687
DS02,15,10,B_岭回归,1000.0,0.6828889575303475,0.0441169625327917,0.008893688221894328,0.9953046506000373
DS02,15,10,D_约束+收缩★,1000.0,0.6903578686151324,0.04359432372910851,0.006167033732027265,0.9964896444721586
DS02,15,10,B_岭回归,3162.2776601683795,0.4489368875882652,0.05815681194066438,0.006894233234340827,0.9958653561449117
DS02,15,10,D_约束+收缩★,3162.2776601683795,0.45302299498859466,0.057940795727480836,0.005173511267177973,0.9967720703199122
DS02,15,10,B_岭回归,10000.0,0.22066326997530805,0.06916119574526963,0.004235266308752715,0.9961815107912718
DS02,15,10,D_约束+收缩★,10000.0,0.22261334777132502,0.06907461302603841,0.0033342397187320566,0.9968212045737491
DS02,15,100,Z_全零哨兵,,0.0,0.07834294999233453,0.0,0.0
DS02,15,100,B_岭回归,1e-06,-44.75556963539652,0.5299341461550809,0.008759140085237087,0.21206144374630964
DS02,15,100,D_约束+收缩★,1e-06,-0.5591439517565624,0.09782346186940068,0.0009757717794681148,0.9967582283885958
DS02,15,100,B_岭回归,3.162277660168379e-06,-44.749693382816794,0.5299001161243548,0.008759029667202718,0.21206956481887276
DS02,15,100,D_约束+收缩★,3.162277660168379e-06,-0.5591439301834873,0.09782346119263415,0.0009757719556718963,0.9967582284306288
DS02,15,100,B_岭回归,1e-05,-44.73111849724243,0.5297925325257236,0.008758680587984857,0.21209524565098814
DS02,15,100,D_约束+收缩★,1e-05,-0.5591438619634359,0.09782345905251048,0.0009757725128771777,0.9967582285635475
DS02,15,100,B_岭回归,3.1622776601683795e-05,-44.67245403691216,0.5294526111780706,0.0087575776345896,0.2121764530063618
DS02,15,100,D_约束+收缩★,3.1622776601683795e-05,-0.5591436462327561,0.09782345228484698,0.0009757742749146422,0.9967582289838735
DS02,15,100,B_岭回归,0.0001,-44.48768272927032,0.528380555862979,0.008754099083122203,0.21243322753588503
DS02,15,100,D_约束+收缩★,0.0001,-0.5591429640330108,0.09782343088363045,0.0009757798469633684,0.9967582303130503
DS02,15,100,B_岭回归,0.00031622776601683794,-43.91071550030426,0.5250188639199188,0.008743191032938512,0.21324496274998986
DS02,15,100,D_约束+收缩★,0.00031622776601683794,-0.5591408067337473,0.09782336320719112,0.0009757974672983072,0.9967582345161765
DS02,15,100,B_岭回归,0.001,-42.15677708114138,0.5146647489254762,0.008710861841389457,0.2158093113987197
DS02,15,100,D_约束+收缩★,0.001,-0.5591339848119239,0.09782314919699289,0.0009758531873871882,0.9967582478066249
DS02,15,100,B_岭回归,0.0031622776601683794,-37.23933214949693,0.4844568155957249,0.00862421226984956,0.22389228023265148
DS02,15,100,D_约束+收缩★,0.0031622776601683794,-0.5591124125754248,0.09782247245226484,0.000976029386753061,0.9967582898246807
DS02,15,100,B_岭回归,0.01,-26.208356928996068,0.4086496007137549,0.008420176605711864,0.2491789816964418
DS02,15,100,D_约束+收缩★,0.01,-0.5590442009181062,0.09782033254692538,0.0009765865478088339,0.9967584225971191
DS02,15,100,B_岭回归,0.03162277660168379,-11.191993148237641,0.27355035062801636,0.00814343787965943,0.3260552918699973
DS02,15,100,D_约束+收缩★,0.03162277660168379,-0.5588285541449465,0.09781356706569237,0.000978348143184836,0.9967588414575798
DS02,15,100,B_岭回归,0.1,-1.93841564507471,0.13429397680715927,0.008137931898774422,0.5302771453520042
DS02,15,100,D_约束+收缩★,0.1,-0.2786625416780677,0.08858861096811667,0.0009691772712678413,0.8869905318322194
DS02,15,100,B_岭回归,0.31622776601683794,0.5441526915621955,0.05289439063364422,0.008226951257989123,0.827301173722485
DS02,15,100,D_约束+收缩★,0.31622776601683794,0.45835962372770833,0.057657450706048684,0.0009194621354405142,0.982269592848823
DS02,15,100,B_岭回归,1.0,0.9238990205153517,0.021612004240927872,0.008231142421351702,0.9627948210195476
DS02,15,100,D_约束+收缩★,1.0,0.8895092748220317,0.026041310318011823,0.0008678531785305198,0.9915434450766584
DS02,15,100,B_岭回归,3.1622776601683795,0.9701516816043508,0.013535049711330908,0.008081518597963078,0.9886253970753499
DS02,15,100,D_约束+收缩★,3.1622776601683795,0.9753823714970009,0.01229201347323407,0.0008792335585518833,0.994841679239653
DS02,15,100,B_岭回归,10.0,0.9768438658305876,0.011921556172329791,0.007675774155972463,0.9925778190025696
DS02,15,100,D_约束+收缩★,10.0,0.9920806648180723,0.006971789776211531,0.0010278019030715115,0.99630735234327
DS02,15,100,B_岭回归,31.622776601683793,0.9756147628899594,0.012233857350526916,0.007197119018779925,0.9940645979562673
DS02,15,100,D_约束+收缩★,31.622776601683793,0.9908663371671532,0.00748725127836619,0.001517762796414825,0.9966058245511583
DS02,15,100,B_岭回归,100.0,0.9496080875156685,0.017586537456822992,0.007293720022144527,0.9954963929310887
DS02,15,100,D_约束+收缩★,100.0,0.9658901677609251,0.01446903984257739,0.0031935167943132484,0.996708188532876
DS02,15,100,B_岭回归,316.22776601683796,0.8574021464908488,0.029583967378714333,0.008246619587386138,0.9966325949853378
DS02,15,100,D_约束+收缩★,316.22776601683796,0.8720007476712348,0.028028744017666817,0.005389493452759571,0.9968789023110004
DS02,15,100,B_岭回归,1000.0,0.6847824707445272,0.043985051127471676,0.008244452505948805,0.9971895659738843
DS02,15,100,D_约束+收缩★,1000.0,0.6922731577453267,0.04345928840552762,0.006277703276724344,0.9971731222019039
DS02,15,100,B_岭回归,3162.2776601683795,0.4507898429475582,0.05805895317072969,0.006656207599551622,0.9973935252789295
DS02,15,100,D_约束+收缩★,3162.2776601683795,0.45499983260818067,0.057835998614576466,0.005290062967937583,0.9973189271777713
DS02,15,100,B_岭回归,10000.0,0.2217918948379366,0.06911109844919174,0.004207467840267506,0.9973981477414223
DS02,15,100,D_约束+收缩★,10000.0,0.22385025808646697,0.06901963837860234,0.0034400507283138546,0.9973301286589377
DS02,15,1000,Z_全零哨兵,,0.0,0.07834294999233453,0.0,0.0
DS02,15,1000,B_岭回归,1e-06,-40.92390146592341,0.5072601743176081,0.00799700630537257,0.22575529197656866
DS02,15,1000,D_约束+收缩★,1e-06,-0.5459840004040186,0.09740974766555914,0.001144785913767008,0.9969564599300924
DS02,15,1000,B_岭回归,3.162277660168379e-06,-40.9185163577724,0.5072275945894652,0.007996910445940714,0.22576387985132462
DS02,15,1000,D_约束+收缩★,3.162277660168379e-06,-0.5459839794616337,0.09740974700578761,0.0011447860997392196,0.9969564599598033
DS02,15,1000,B_岭回归,1e-05,-40.9014939843116,0.5071245960219577,0.00799660739277238,0.22579103679976006
DS02,15,1000,D_约束+收缩★,1e-05,-0.5459839132359992,0.09740974491940688,0.0011447866878349744,0.996956460053757
DS02,15,1000,B_岭回归,3.1622776601683795e-05,-40.84773277553132,0.5067991615401002,0.007995649863669222,0.22587691162556203
DS02,15,1000,D_约束+收缩★,3.1622776601683795e-05,-0.5459837038122197,0.09740973832169346,0.0011447885475566583,0.9969564603508638
DS02,15,1000,B_岭回归,0.0001,-40.67840492048203,0.5057727953125555,0.007992629959160622,0.22614844179840032
DS02,15,1000,D_约束+收缩★,0.0001,-0.5459830415565945,0.09740971745790496,0.0011447944285094922,0.99695646129039
DS02,15,1000,B_岭回归,0.00031622776601683794,-40.149661716140656,0.5025543719524711,0.007983160138252317,0.2270067964590675
DS02,15,1000,D_约束+收缩★,0.00031622776601683794,-0.5459809473257948,0.0974096514809524,0.0011448130256800665,0.9969564642613555
DS02,15,1000,B_岭回归,0.001,-38.54232341658418,0.4926415213812796,0.007954079926387973,0.22971814712396543
DS02,15,1000,D_约束+收缩★,0.001,-0.5459743248401097,0.0974094428449034,0.0011448718347452569,0.9969564736555991
DS02,15,1000,B_岭回归,0.0031622776601683794,-34.03591786197118,0.46372090052315645,0.007869803749334816,0.23826170834363516
DS02,15,1000,D_约束+收缩★,0.0031622776601683794,-0.545953383237425,0.09740878309372734,0.0011450578018198188,0.996956503355066
DS02,15,1000,B_岭回归,0.01,-23.927154482388765,0.3911436403560861,0.007672168868879188,0.264960603522919
DS02,15,1000,D_约束+收缩★,0.01,-0.5458871654332258,0.0974066969167223,0.0011456458461619628,0.9969565971956257
DS02,15,1000,B_岭回归,0.03162277660168379,-10.166803565678567,0.2617968152682153,0.007425441044829699,0.3458104535061935
DS02,15,1000,D_约束+收缩★,0.03162277660168379,-0.5456778199177998,0.09740010123948302,0.0011475050538791067,0.9969568931717763
DS02,15,1000,B_岭回归,0.1,-1.6883077466296785,0.12845156874825703,0.007442716763933508,0.5567688602828285
DS02,15,1000,D_约束+收缩★,0.1,-0.2775886159321572,0.0885514011604099,0.001129869652736988,0.8865738833394333
DS02,15,1000,B_岭回归,0.31622776601683794,0.5854369371750008,0.050442339747621016,0.007516967795755909,0.8454185085839822
DS02,15,1000,D_约束+收缩★,0.31622776601683794,0.513751262736166,0.05462974383633044,0.0010501649767613987,0.9845999213144627
DS02,15,1000,B_岭回归,1.0,0.932762916103473,0.020314416650527148,0.007526495468456326,0.9680774282096664
DS02,15,1000,D_约束+收缩★,1.0,0.9015351110150578,0.024583324767785627,0.0009837941984225116,0.9923275194121709
DS02,15,1000,B_岭回归,3.1622776601683795,0.9746964983521307,0.012462071355032661,0.007421436413627058,0.9905836107843674
DS02,15,1000,D_约束+收缩★,3.1622776601683795,0.979246743257868,0.011286078072948014,0.000995486035593542,0.9948987341361457
DS02,15,1000,B_岭回归,10.0,0.9800943659796186,0.011053197453792837,0.007156724627117237,0.9939023151633714
DS02,15,1000,D_约束+收缩★,10.0,0.9924723590250248,0.00679718937073632,0.0011713821712491083,0.9962693618056545
DS02,15,1000,B_岭回归,31.622776601683793,0.9772682494471086,0.011811807529988684,0.0069068418272698025,0.9950889165387764
DS02,15,1000,D_约束+收缩★,31.622776601683793,0.9904083545687731,0.007672669278646662,0.0016391725352493496,0.9967897376656453
DS02,15,1000,B_岭回归,100.0,0.9494071071152922,0.017621573159220267,0.007116927391508545,0.9962287650312062
DS02,15,1000,D_约束+收缩★,100.0,0.9642942608485086,0.014803654300895752,0.003366905424614649,0.9970066852909593
DS02,15,1000,B_岭回归,316.22776601683796,0.8561443853471292,0.029714151225731764,0.008113317766492862,0.9971359968957412
DS02,15,1000,D_约束+收缩★,316.22776601683796,0.8698791740375494,0.028260076067389762,0.005481211825335974,0.9972099300431924
DS02,15,1000,B_岭回归,1000.0,0.6834597374392264,0.04407724077325421,0.008136219629552018,0.9975749070668085
DS02,15,1000,D_约束+收缩★,1000.0,0.6905228138055746,0.04358271091682118,0.006261056069979819,0.9974592072096488
DS02,15,1000,B_岭回归,3162.2776601683795,0.44973040009122456,0.05811492492147266,0.006570612569095425,0.9977342128212722
DS02,15,1000,D_约束+收缩★,3162.2776601683795,0.45370906276667067,0.057904447046126545,0.005256793030761886,0.9975354892471788
DS02,15,1000,B_岭回归,10000.0,0.22120070093330657,0.06913734483688366,0.004139526677566869,0.9977366920096667
DS02,15,1000,D_约束+收缩★,10000.0,0.22315451924051866,0.06905056597195619,0.0034139073201281643,0.9975198636956986
DS03,10,1,Z_全零哨兵,,0.0,0.08708803360725222,0.0,0.0
DS03,10,1,B_岭回归,1e-06,-310.4214068245369,1.5368543676656723,0.027384138807882367,0.09301896970046307
DS03,10,1,D_约束+收缩★,1e-06,-0.0017543313083721035,0.0871643907649598,0.0009919028654139632,0.9886506307253284
DS03,10,1,B_岭回归,3.162277660168379e-06,-310.3813733303472,1.5367555825043584,0.027383734700401216,0.09302256851899453
DS03,10,1,D_约束+收缩★,3.162277660168379e-06,-0.0017543209271220217,0.08716439031331447,0.0009919028543410946,0.9886506307144538
DS03,10,1,B_岭回归,1e-05,-310.25482712408046,1.5364432800226777,0.02738245714173741,0.0930339488578501
DS03,10,1,D_约束+收缩★,1e-05,-0.0017542880987275744,0.08716438888508653,0.0009919028193255855,0.9886506306800658
DS03,10,1,B_岭回归,3.1622776601683795e-05,-309.85516052340824,1.535456528559786,0.02737842055814374,0.09306993539431174
DS03,10,1,D_约束+收缩★,3.1622776601683795e-05,-0.001754184286258731,0.08716438436863437,0.000991902708596843,0.9886506305713201
DS03,10,1,B_岭回归,0.0001,-308.5963607424478,1.5323444794483732,0.027365689778377732,0.09318372226389639
DS03,10,1,D_约束+收缩★,0.0001,-0.0017538560026097993,0.08716437008636585,0.0009919023584421605,0.9886506302274352
DS03,10,1,B_岭回归,0.00031622776601683794,-304.66564879457087,1.5225858939491452,0.02732576863129129,0.09354342237033507
DS03,10,1,D_约束+收缩★,0.00031622776601683794,-0.001752817880617652,0.08716432492194126,0.000991901251159443,0.9886506291399673
DS03,10,1,B_岭回归,0.001,-292.7167481782033,1.4925292129956074,0.027207041352908003,0.094679636409381
DS03,10,1,D_约束+收缩★,0.001,-0.0017495350712335433,0.08716418210023259,0.0009918977496599505,0.9886506257010046
DS03,10,1,B_岭回归,0.0031622776601683794,-259.21766237836476,1.4048400185494836,0.02690106401176591,0.09826002699393327
DS03,10,1,D_约束+收缩★,0.0031622776601683794,-0.0017391541224578422,0.08716373046575612,0.0009918866773053817,0.9886506148251811
DS03,10,1,B_岭回归,0.01,-184.08201769712642,1.1847878647554084,0.026178705184484008,0.10945420785069708
DS03,10,1,D_约束+收缩★,0.01,-0.001706328739925489,0.08716230234635838,0.0009918516670356708,0.9886505804241195
DS03,10,1,B_岭回归,0.03162277660168379,-81.8426697310086,0.7926574169290158,0.025072452391383913,0.1435355657295946
DS03,10,1,D_约束+收缩★,0.03162277660168379,-0.001602546360128576,0.08715778697832065,0.0009917409907322663,0.9886504715515547
DS03,10,1,B_岭回归,0.1,-18.913405638469175,0.3886254650930555,0.02448820431972506,0.23810727614532723
DS03,10,1,D_约束+收缩★,0.1,-0.001274563452434485,0.08714351554645891,0.0009913913601761533,0.9886501263986016
DS03,10,1,B_岭回归,0.31622776601683794,-2.0891151251504696,0.15306487159875626,0.02437305983196596,0.4411643030841794
DS03,10,1,D_约束+收缩★,0.31622776601683794,0.1393056109598878,0.08079471818435031,0.0009713001464741671,0.9307605895703509
DS03,10,1,B_岭回归,1.0,0.4587544823896246,0.0640701352721115,0.02419323361181743,0.7101375279052963
DS03,10,1,D_约束+收缩★,1.0,0.5115603250666554,0.06086448496019325,0.0009164836412435496,0.9820862835651173
DS03,10,1,B_岭回归,3.1622776601683795,0.7654628103326777,0.04217589846319641,0.023592291419408367,0.8849337466066528
DS03,10,1,D_约束+收缩★,3.1622776601683795,0.833757813067397,0.03550823670291541,0.0008608807803702825,0.9850514335850962
DS03,10,1,B_岭回归,10.0,0.8242805299353367,0.03650635115708289,0.022191717814247402,0.9435189050825213
DS03,10,1,D_约束+收缩★,10.0,0.9491716603370938,0.019634120239719503,0.001017571750431346,0.9824086386890304
DS03,10,1,B_岭回归,31.622776601683793,0.8625667708974504,0.03228526533018203,0.019576852393150327,0.9566391180810173
DS03,10,1,D_约束+收缩★,31.622776601683793,0.9755748708767032,0.013610588967196273,0.0022917771707037554,0.9814097625497489
DS03,10,1,B_岭回归,100.0,0.8441768735238717,0.034377511934802915,0.01682487325512525,0.9651068496524183
DS03,10,1,D_约束+收缩★,100.0,0.9499116416486676,0.019490675164926037,0.004652765495110544,0.9839705144922762
DS03,10,1,B_岭回归,316.22776601683796,0.7161573718197509,0.046397789932185844,0.015630937818028785,0.9719464498986122
DS03,10,1,D_约束+收缩★,316.22776601683796,0.8112911723461141,0.03783158986963515,0.006978723265481316,0.9851149580718516
DS03,10,1,B_岭回归,1000.0,0.5192012486945775,0.06038654052691876,0.013676392456944677,0.9763838937317599
DS03,10,1,D_约束+收缩★,1000.0,0.5701119084068828,0.05710001100843666,0.007540951099864241,0.9864770390768882
DS03,10,1,B_岭回归,3162.2776601683795,0.31497016648064113,0.07207974265676449,0.009733712442125774,0.978549571465562
DS03,10,1,D_约束+收缩★,3162.2776601683795,0.3341849569544314,0.07106164981354522,0.006226508342425533,0.9875309893506946
DS03,10,1,B_岭回归,10000.0,0.15182209190013352,0.08020509597090378,0.0061763811452034256,0.9789002817679879
DS03,10,1,D_约束+收缩★,10000.0,0.16086212934648159,0.07977653058572104,0.004502289365033368,0.9879234896366972
DS03,10,10,Z_全零哨兵,,0.0,0.08708803360725222,0.0,0.0
DS03,10,10,B_岭回归,1e-06,-52.88435578299998,0.6392781076135808,0.010865730156954485,0.1459378576400598
DS03,10,10,D_约束+收缩★,1e-06,0.407896967655507,0.06701270166627987,0.002077717883098344,0.9483986971046315
DS03,10,10,B_岭回归,3.162277660168379e-06,-52.87742779423417,0.6392370098417838,0.010865594432630209,0.14594568802513466
DS03,10,10,D_约束+收缩★,3.162277660168379e-06,0.4078981103801729,0.06701263700092613,0.0020777171298700142,0.9483987184145296
DS03,10,10,B_岭回归,1e-05,-52.85552836482262,0.6391070820671653,0.010865165349129341,0.14597044927784744
DS03,10,10,D_约束+收缩★,1e-05,0.40790172396116553,0.06701243251250526,0.0020777147479708485,0.948398785793111
DS03,10,10,B_岭回归,3.1622776601683795e-05,-52.7863641419321,0.6386965620404584,0.010863809612149356,0.1460487452239401
DS03,10,10,D_约束+收缩★,3.1622776601683795e-05,0.4079131507904806,0.06701178587717983,0.0020777072159232487,0.9483989987705507
DS03,10,10,B_岭回归,0.0001,-52.56852283886542,0.6374018504767952,0.010859533804434223,0.1462962786211394
DS03,10,10,D_约束+收缩★,0.0001,0.40794928242659767,0.06700974117511807,0.0020776833992863473,0.9483996713412752
DS03,10,10,B_岭回归,0.00031622776601683794,-51.88829478102679,0.6333419675972741,0.010846159790394421,0.14707844603904333
DS03,10,10,D_约束+收缩★,0.00031622776601683794,0.40806350899151533,0.0670032766429828,0.0020776081023531293,0.9484017889766831
DS03,10,10,B_岭回归,0.001,-49.82048539875197,0.620837425008422,0.010805471233633726,0.1495458365572986
DS03,10,10,D_约束+收缩★,0.001,0.40842440836830496,0.06698284782326405,0.0020773701712847956,0.9484083936677089
DS03,10,10,B_岭回归,0.0031622776601683794,-44.02335451261353,0.5843558677029254,0.010687122709799976,0.15728738162349246
DS03,10,10,D_约束+收缩★,0.0031622776601683794,0.4230415681192681,0.0661501368377378,0.002071741377575115,0.9510843387920437
DS03,10,10,B_岭回归,0.01,-31.021094202859665,0.49280666028900383,0.010411558818964424,0.18114129374613427
DS03,10,10,D_约束+收缩★,0.01,0.44536468164881515,0.06485780479087813,0.002062986868801108,0.9590883412754355
DS03,10,10,B_岭回归,0.03162277660168379,-13.3293938082522,0.329664660310597,0.010057609880055779,0.25005453365494884
DS03,10,10,D_约束+收缩★,0.03162277660168379,0.5412657153153414,0.05898466052983979,0.002025501253740753,0.9781017660539977
DS03,10,10,B_岭回归,0.1,-2.4415211703168263,0.16155994895592202,0.009938505450139704,0.41032301500335916
DS03,10,10,D_约束+收缩★,0.1,0.7291567566701425,0.045322878806598944,0.0019371868281168859,0.9812896070361653
DS03,10,10,B_岭回归,0.31622776601683794,0.46813985873087727,0.06351220736015085,0.009984761008041632,0.6472165334881371
DS03,10,10,D_约束+收缩★,0.31622776601683794,0.9155863718059695,0.025302577755960138,0.0018227898815952486,0.9860449213529637
DS03,10,10,B_岭回归,1.0,0.9081102293270387,0.026399279154372807,0.009915417792330903,0.8533013016922663
DS03,10,10,D_约束+收缩★,1.0,0.9739248711925873,0.01406279726349637,0.00177489621104044,0.9776661898542764
DS03,10,10,B_岭回归,3.1622776601683795,0.9602362048979017,0.01736610402622553,0.009544849977622644,0.9589773065618914
DS03,10,10,D_约束+收缩★,3.1622776601683795,0.9863858274218692,0.010161413168165146,0.0018573427655270809,0.973110767105824
DS03,10,10,B_岭回归,10.0,0.9658874070875295,0.01608480685696301,0.008850043238080665,0.9804562131440067
DS03,10,10,D_约束+收缩★,10.0,0.987838761340684,0.009603894713193398,0.0020152687163531675,0.9791747951496502
DS03,10,10,B_岭回归,31.622776601683793,0.9489605989552757,0.019674842714200946,0.008401959136332258,0.9862336469482869
DS03,10,10,D_约束+收缩★,31.622776601683793,0.976355450534428,0.01339133905757503,0.002585693548899385,0.9882879909195564
DS03,10,10,B_岭回归,100.0,0.8693876334447382,0.031473905303049034,0.00929606403065149,0.9901451817497563
DS03,10,10,D_约束+收缩★,100.0,0.9226107439641577,0.02422695431807614,0.004458570847388696,0.9926804280174295
DS03,10,10,B_岭回归,316.22776601683796,0.7056599225447051,0.047247973330474737,0.010986239994930917,0.9924449263715331
DS03,10,10,D_约束+收缩★,316.22776601683796,0.7699796059651313,0.04176780533429555,0.006523818783121694,0.9942095491519932
DS03,10,10,B_岭回归,1000.0,0.5017058144574555,0.0614754044031802,0.010460891280157364,0.993567021565109
DS03,10,10,D_约束+收缩★,1000.0,0.5360718571542703,0.059317637252520775,0.007033276886163389,0.9950601094738527
DS03,10,10,B_岭回归,3162.2776601683795,0.3021532001553636,0.07275092677931665,0.007678817250829385,0.9941323460286231
DS03,10,10,D_约束+收缩★,3162.2776601683795,0.31496371706412085,0.07208008196402248,0.005774932741379018,0.9954345725501295
DS03,10,10,B_岭回归,10000.0,0.14537060251305156,0.0805095498422568,0.005016245882635598,0.99450280402501
DS03,10,10,D_约束+收缩★,10000.0,0.1519131569607738,0.08020079022448237,0.004163366349680215,0.9955508101874709
DS03,10,100,Z_全零哨兵,,0.0,0.08708803360725222,0.0,0.0
DS03,10,100,B_岭回归,1e-06,-16.16217557093782,0.36078182810777715,0.0061865234245094035,0.29524370769642755
DS03,10,100,D_约束+收缩★,1e-06,0.4898253770524509,0.062203942415700195,0.001050425074618814,0.9542230035860103
DS03,10,100,B_岭回归,3.162277660168379e-06,-16.15996797968678,0.36075862346166504,0.006186441148392584,0.29525485869915347
DS03,10,100,D_约束+收缩★,3.162277660168379e-06,0.4898582778002287,0.06220193664245668,0.0010504106462598914,0.9542216761466715
DS03,10,100,B_岭回归,1e-05,-16.152989766239834,0.3606852635734989,0.006186181037999998,0.2952901193272622
DS03,10,100,D_约束+收缩★,1e-05,0.4899622885728311,0.062195595266120916,0.0010503650286461507,0.9542174719922007
DS03,10,100,B_岭回归,3.1622776601683795e-05,-16.13095071867207,0.36045347556442003,0.006185359191601911,0.29540160381478814
DS03,10,100,D_约束+收缩★,3.1622776601683795e-05,0.49029089451327146,0.06217555641939623,0.0010502208616611625,0.9542041133562812
DS03,10,100,B_岭回归,0.0001,-16.06153606866212,0.3597224551505682,0.006182767214004467,0.29575395473663263
DS03,10,100,D_约束+收缩★,0.0001,0.49132699617635,0.06211233117261455,0.0010497658495571512,0.954161239550075
DS03,10,100,B_岭回归,0.00031622776601683794,-15.844783544387155,0.3574301652370073,0.006174639324888957,0.29686624978642273
DS03,10,100,D_约束+收缩★,0.00031622776601683794,0.49457328703853687,0.061913817172043896,0.0010483357568866838,0.9540196425089987
DS03,10,100,B_岭回归,0.001,-15.185888768662817,0.35036987671276465,0.006149604109953233,0.30036438021825057
DS03,10,100,D_约束+收缩★,0.001,0.504545630516634,0.061299977625644424,0.0010438994492715913,0.9535197884428485
DS03,10,100,B_岭回归,0.0031622776601683794,-13.338722420365592,0.32977195073162724,0.006080571243627828,0.3112373308537968
DS03,10,100,D_约束+收缩★,0.0031622776601683794,0.5260309314038542,0.05995611511275476,0.0010340481959204416,0.9521717681304693
DS03,10,100,B_岭回归,0.01,-9.196120369534974,0.2780839742139943,0.005919964218856077,0.34383789639203394
DS03,10,100,D_约束+收缩★,0.01,0.5643294799613406,0.057482754607267005,0.0010190363787040448,0.95597322136828
DS03,10,100,B_岭回归,0.03162277660168379,-3.5608932111828473,0.18598736282176082,0.005697734304364067,0.4321906008191066
DS03,10,100,D_约束+收缩★,0.03162277660168379,0.6726432940608242,0.049827500884484156,0.0009831205434802134,0.9802976008794969
DS03,10,100,B_岭回归,0.1,-0.09542300400307568,0.09114847628696925,0.005593498558887857,0.6198218496399296
DS03,10,100,D_约束+收缩★,0.1,0.8529748768413316,0.03339290950275718,0.0009012335813402831,0.9890153888174944
DS03,10,100,B_岭回归,0.31622776601683794,0.8286007868865873,0.03605478386318192,0.005621650603771902,0.834025275551061
DS03,10,100,D_约束+收缩★,0.31622776601683794,0.956398621780365,0.018184802691281875,0.0008219566626452449,0.982000092664025
DS03,10,100,B_岭回归,1.0,0.9672252941550038,0.015766231017376682,0.0056202189242945365,0.9500236672590116
DS03,10,100,D_约束+收缩★,1.0,0.9854419350408656,0.01050776402098775,0.0007972752159697056,0.981945014173531
DS03,10,100,B_岭回归,3.1622776601683795,0.982697886729417,0.011455342010183485,0.005552913336555391,0.9835061487290782
DS03,10,100,D_约束+收缩★,3.1622776601683795,0.9926785327590232,0.00745173747575477,0.0009105430866460289,0.9816469891652478
DS03,10,100,B_岭回归,10.0,0.981008032109744,0.01200171938592326,0.005585199932760449,0.9893969198483853
DS03,10,100,D_约束+收缩★,10.0,0.9912997336713587,0.008123155336570823,0.0011722272037089808,0.9842470248111216
DS03,10,100,B_岭回归,31.622776601683793,0.9589391477744028,0.017647064135231098,0.006296038661738679,0.992276856103766
DS03,10,100,D_约束+收缩★,31.622776601683793,0.980927706469747,0.012027072961698398,0.0022399552953934095,0.9904236431436192
DS03,10,100,B_岭回归,100.0,0.8762666342135513,0.030633872321478243,0.007917461172001154,0.9945261559830154
DS03,10,100,D_约束+收缩★,100.0,0.9293206211997366,0.023152870704423293,0.004296943022616214,0.9944657886397223
DS03,10,100,B_岭回归,316.22776601683796,0.710179513246981,0.046883823824251006,0.010257860529278353,0.995631607792502
DS03,10,100,D_约束+收缩★,316.22776601683796,0.7757592800265556,0.04123972153778309,0.006432148895343435,0.9960897659888923
DS03,10,100,B_岭回归,1000.0,0.5043917783779639,0.06130949454707701,0.010050819256219498,0.996040582957988
DS03,10,100,D_约束+收缩★,1000.0,0.5394967219573779,0.05909828085001448,0.0069970990810944355,0.9966543604092504
DS03,10,100,B_岭回归,3162.2776601683795,0.30385214429953633,0.07266231486601557,0.007460485301440397,0.9961893344766554
DS03,10,100,D_约束+收缩★,3162.2776601683795,0.3169337514416165,0.07197636302136175,0.005753504491263171,0.9967421654054207
DS03,10,100,B_岭回归,10000.0,0.14627526799534007,0.08046692698387498,0.004909497494211674,0.9962792434705937
DS03,10,100,D_约束+收缩★,10000.0,0.1529447357320931,0.08015199887307983,0.004168119854525329,0.996743511143498
DS03,10,1000,Z_全零哨兵,,0.0,0.08708803360725222,0.0,0.0
DS03,10,1000,B_岭回归,1e-06,-16.845657774733013,0.36789574483340043,0.005732684301422563,0.30129054394198795
DS03,10,1000,D_约束+收缩★,1e-06,0.59583584038019,0.055365265116569994,0.0010215782643496272,0.9479518196950302
DS03,10,1000,B_岭回归,3.162277660168379e-06,-16.84336108843908,0.36787207049445036,0.005732589575396402,0.3013011785922725
DS03,10,1000,D_约束+收缩★,3.162277660168379e-06,0.5958536977655218,0.05536404198758797,0.001021569619682747,0.9479507393838986
DS03,10,1000,B_岭回归,1e-05,-16.836101245237895,0.3677972257035779,0.00573229010548099,0.30133480656126005
DS03,10,1000,D_约束+收缩★,1e-05,0.5959101560278375,0.05536017474104763,0.0010215422866184272,0.947947323062963
DS03,10,1000,B_岭回归,3.1622776601683795e-05,-16.813172740093577,0.36756074598189675,0.0057313438987459065,0.30144113003603734
DS03,10,1000,D_约束+收缩★,3.1622776601683795e-05,0.5960885753187593,0.055347951699806275,0.0010214558895879433,0.947936518943008
DS03,10,1000,B_岭回归,0.0001,-16.740956673830766,0.36681492857687104,0.005728359710235713,0.301777179499374
DS03,10,1000,D_约束+收缩★,0.0001,0.5966516148556886,0.055309361614393156,0.0010211830547221165,0.9479023458971084
DS03,10,1000,B_岭回归,0.00031622776601683794,-16.515456890180396,0.36447623797096457,0.005719001956483272,0.30283811608353506
DS03,10,1000,D_约束+收缩★,0.00031622776601683794,0.5982535723262554,0.055199417706543394,0.0010204048561660104,0.9478047445540286
DS03,10,1000,B_岭回归,0.001,-15.82997537084275,0.35727302306735687,0.005690209923864207,0.30617575866140534
DS03,10,1000,D_约束+收缩★,0.001,0.5987739546479467,0.0551636562074934,0.001020141532003184,0.947781155079294
DS03,10,1000,B_岭回归,0.0031622776601683794,-13.908306356715984,0.3362580103399386,0.005606583386515655,0.3165606666458
DS03,10,1000,D_约束+收缩★,0.0031622776601683794,0.6004090754523195,0.055051136932917105,0.0010193130893432158,0.9477064262980606
DS03,10,1000,B_岭回归,0.01,-9.598833381900763,0.2835224917406254,0.005402875993762584,0.3478165133824471
DS03,10,1000,D_约束+收缩★,0.01,0.6079641649608063,0.05452822589132696,0.0010153171298561668,0.9473024637648684
DS03,10,1000,B_岭回归,0.03162277660168379,-3.7374617808266883,0.18955329765496245,0.005143557183027919,0.4337861881647003
DS03,10,1000,D_约束+收缩★,0.03162277660168379,0.6899269448304852,0.048494278110322794,0.0009757129817568284,0.9509993719571042
DS03,10,1000,B_岭回归,0.1,-0.13441890148624425,0.09275668338679598,0.005019522553287296,0.6236880044203245
DS03,10,1000,D_约束+收缩★,0.1,0.8201156633345232,0.03693645054922433,0.0009218319138326146,0.9738386984168838
DS03,10,1000,B_岭回归,0.31622776601683794,0.8250984355248793,0.03642129064853521,0.005048552577571674,0.8420395007151905
DS03,10,1000,D_约束+收缩★,0.31622776601683794,0.9592022813399789,0.017590428703018558,0.0008445998129857286,0.9851418280741718
DS03,10,1000,B_岭回归,1.0,0.9685193910865004,0.01545183445452332,0.00505988052812744,0.9537856419166452
DS03,10,1000,D_约束+收缩★,1.0,0.9912536716061386,0.008144630275364573,0.0008397822146398442,0.9849272394001986
DS03,10,1000,B_岭回归,3.1622776601683795,0.9844449916817861,0.01086159508352095,0.005025278887407806,0.9855113870773176
DS03,10,1000,D_约束+收缩★,3.1622776601683795,0.9944790078232124,0.006470935194424202,0.0009755321957826536,0.9871662938989963
DS03,10,1000,B_岭回归,10.0,0.983034664567256,0.011343307621415194,0.005151726456220809,0.9907706483486117
DS03,10,1000,D_约束+收缩★,10.0,0.992617462359693,0.007482751445856196,0.0011820293483361067,0.9888994845451352
DS03,10,1000,B_岭回归,31.622776601683793,0.9615276574635151,0.017081767247514142,0.0059149832345299315,0.993096806107086
DS03,10,1000,D_约束+收缩★,31.622776601683793,0.9830606213176108,0.011334626740564041,0.002319591251343274,0.9924763276813334
DS03,10,1000,B_岭回归,100.0,0.879423942929017,0.030240503899546193,0.0077056628224138005,0.9949110671940012
DS03,10,1000,D_约束+收缩★,100.0,0.933078120260837,0.022529032947371772,0.004339588454676843,0.9952747687564973
DS03,10,1000,B_岭回归,316.22776601683796,0.7132684919198504,0.046633304797798654,0.010215530770575406,0.9958223408059909
DS03,10,1000,D_约束+收缩★,316.22776601683796,0.7803345871213665,0.040816834931164565,0.0064594522439826345,0.9964897948672534
DS03,10,1000,B_岭回归,1000.0,0.5067954608565921,0.06116063939386961,0.010078992152751131,0.9961877545180892
DS03,10,1000,D_约束+收缩★,1000.0,0.5429151674351058,0.05887852066659396,0.007018225898926653,0.9968099804524293
DS03,10,1000,B_岭回归,3162.2776601683795,0.30542535900709744,0.07258016415737116,0.007489748119463503,0.9963389906515063
DS03,10,1000,D_约束+收缩★,3162.2776601683795,0.3188906249763104,0.07187318879625733,0.005755194046038988,0.9968311149892132
DS03,10,1000,B_岭回归,10000.0,0.1470707511609307,0.08042942953231134,0.004933873282384626,0.9964408826168946
DS03,10,1000,D_约束+收缩★,10000.0,0.1538797362662464,0.08010774978031317,0.004172846185490097,0.9968269768928822
DS03,11,1,Z_全零哨兵,,0.0,0.08344252482394354,0.0,0.0
DS03,11,1,B_岭回归,1e-06,-507.44217410198814,1.881517318492896,0.02937119345076301,0.040726177052778874
DS03,11,1,D_约束+收缩★,1e-06,-0.9893515237517447,0.11769098619749817,0.0033921359010804946,0.9857404879896194
DS03,11,1,B_岭回归,3.162277660168379e-06,-507.37679575915746,1.8813963465858092,0.0293707514707457,0.04072835071980322
DS03,11,1,D_约束+收缩★,3.162277660168379e-06,-0.9893515100586088,0.11769098579245194,0.00339213588503838,0.9857404879685094
DS03,11,1,B_岭回归,1e-05,-507.17013428025297,1.881013902228681,0.02936935418068443,0.04073522445231218
DS03,11,1,D_约束+收缩★,1e-05,-0.9893514667571144,0.11769098451158337,0.0033921358343087992,0.9857404879017531
DS03,11,1,B_岭回归,3.1622776601683795e-05,-506.5174423558168,1.8798055302928878,0.029364939293716776,0.040756961034598534
DS03,11,1,D_约束+收缩★,3.1622776601683795e-05,-0.9893513298257741,0.1176909804611215,0.003392135673887758,0.9857404876906513
DS03,11,1,B_岭回归,0.0001,-504.46170808206745,1.8759945264591755,0.02935101540995733,0.04082569745694378
DS03,11,1,D_约束+收缩★,0.0001,-0.9893508968109896,0.11769096765243947,0.0033921351665922982,0.9857404870230888
DS03,11,1,B_岭回归,0.00031622776601683794,-498.0425017914716,1.8640441906931695,0.029307353011421042,0.04104305423581465
DS03,11,1,D_约束+收缩★,0.00031622776601683794,-0.989349527499277,0.11769092714785868,0.0033921335623875153,0.9857404849120759
DS03,11,1,B_岭回归,0.001,-478.5289008216081,1.8272367866512076,0.0291751559602685,0.04173032756301421
DS03,11,1,D_约束+收缩★,0.001,-0.9893451973681815,0.11769079906141294,0.0033921284894884085,0.9857404782365142
DS03,11,1,B_岭回归,0.0031622776601683794,-423.8222130116816,1.7198518784676058,0.028795783854499157,0.04390297180517607
DS03,11,1,D_约束+收缩★,0.0031622776601683794,-0.9893315044188797,0.1176903940193619,0.0033921124479918347,0.9857404571270048
DS03,11,1,B_岭回归,0.01,-301.12141760661785,1.4503679476243025,0.027897051692337308,0.05076600967049505
DS03,11,1,D_约束+收缩★,0.01,-0.9892882047862672,0.11768911319247569,0.003392061724515152,0.985740390377572
DS03,11,1,B_岭回归,0.03162277660168379,-134.1655884941627,0.9701089390695392,0.02648284309452495,0.07238111018143979
DS03,11,1,D_约束+收缩★,0.03162277660168379,-0.9891512920747745,0.11768506314763612,0.0033919013646764155,0.9857401793443005
DS03,11,1,B_岭回归,0.1,-31.414914073351483,0.4750724806743178,0.02545765013807644,0.13946300591401828
DS03,11,1,D_约束+收缩★,0.1,-0.9887184635186794,0.11767225863462866,0.003391394680588718,0.9857395124677555
DS03,11,1,B_岭回归,0.31622776601683794,-3.9544732270172966,0.18573176231800634,0.025350244565929644,0.3292815065422746
DS03,11,1,D_约束+收缩★,0.31622776601683794,-0.9300330210710168,0.1159230519175664,0.0033835591293705203,0.9411733293776869
DS03,11,1,B_岭回归,1.0,0.19770368402457605,0.07474029980530107,0.0252407704526855,0.6619824149317544
DS03,11,1,D_约束+收缩★,1.0,0.2833424210286629,0.07063879556560368,0.003212477689821243,0.9625553743724801
DS03,11,1,B_岭回归,3.1622776601683795,0.6906463035989866,0.046410376482379855,0.024641041399478536,0.8538144831253396
DS03,11,1,D_约束+收缩★,3.1622776601683795,0.5847251534860978,0.05377188359424399,0.003127003797738656,0.9654431728896272
DS03,11,1,B_岭回归,10.0,0.7751438299627087,0.03956761207252821,0.02297999493941984,0.8957589472968195
DS03,11,1,D_约束+收缩★,10.0,0.8439518909247763,0.032962238075316265,0.002999045047604934,0.9678933343056606
DS03,11,1,B_岭回归,31.622776601683793,0.8376712457138773,0.03361902890320263,0.01990778854468661,0.9125786758686343
DS03,11,1,D_约束+收缩★,31.622776601683793,0.9236677893905844,0.023053738177730165,0.002939773614302006,0.9704344559877217
DS03,11,1,B_岭回归,100.0,0.8823171652197788,0.028624901257370338,0.01663503652594822,0.931023541394445
DS03,11,1,D_约束+收缩★,100.0,0.9386530946421481,0.020667301086386217,0.0036817082784644725,0.9731208580245688
DS03,11,1,B_岭回归,316.22776601683796,0.8486433775797283,0.03246296252897426,0.014851148127076323,0.9475271075665327
DS03,11,1,D_约束+收缩★,316.22776601683796,0.8821360499041082,0.02864691982470706,0.005701741044202671,0.9787108442037807
DS03,11,1,B_岭回归,1000.0,0.7077650954933105,0.04510799046878965,0.013007136317583748,0.957687569924969
DS03,11,1,D_约束+收缩★,1000.0,0.7263137494331724,0.043652983024999016,0.006922105369072858,0.9858155841932793
DS03,11,1,B_岭回归,3162.2776601683795,0.47784599091781743,0.060295756032023876,0.009146192303215034,0.9636254593738586
DS03,11,1,D_约束+收缩★,3162.2776601683795,0.48718342201009235,0.059754203907907776,0.005519585911041772,0.9877090894451003
DS03,11,1,B_岭回归,10000.0,0.23645883097320375,0.07291278145349701,0.005154559709487493,0.9644542221565756
DS03,11,1,D_约束+收缩★,10000.0,0.2401041981369414,0.07273851981970708,0.003061345739567195,0.9884805871391554
DS03,11,10,Z_全零哨兵,,0.0,0.08344252482394354,0.0,0.0
DS03,11,10,B_岭回归,1e-06,-74.33480616823583,0.7242446140626823,0.011553319177347473,0.10161752379877538
DS03,11,10,D_约束+收缩★,1e-06,-0.9718579110674199,0.11717237832871447,0.0011312087709503525,0.993608282619624
DS03,11,10,B_岭回归,3.162277660168379e-06,-74.32511647700228,0.7241980357762523,0.011553132322850533,0.10162269438704219
DS03,11,10,D_约束+收缩★,3.162277660168379e-06,-0.9718578906412705,0.11717237772182984,0.001131208810551919,0.9936082827455607
DS03,11,10,B_岭回归,1e-05,-74.29448728479572,0.7240507817311445,0.011552541594946474,0.10163904517641949
DS03,11,10,D_约束+收缩★,1e-05,-0.9718578260481443,0.117172375802693,0.0011312089357830596,0.9936082831438082
DS03,11,10,B_岭回归,3.1622776601683795e-05,-74.19775216222725,0.7235855175759037,0.011550675127211084,0.10169075042980512
DS03,11,10,D_约束+收缩★,3.1622776601683795e-05,-0.9718576217867774,0.11717236973385023,0.0011312093317986272,0.9936082844031751
DS03,11,10,B_岭回归,0.0001,-73.89307302074924,0.7221181520453015,0.011544788571892704,0.10185425196479077
DS03,11,10,D_约束+收缩★,0.0001,-0.971856975856056,0.11717235054249517,0.0011312105841095083,0.9936082883856328
DS03,11,10,B_岭回归,0.00031622776601683794,-72.94168769939868,0.7175168693467905,0.011526329568536465,0.10237124072407083
DS03,11,10,D_约束+收缩★,0.00031622776601683794,-0.9718549332480326,0.11717228985420787,0.001131214544261042,0.9936083009791651
DS03,11,10,B_岭回归,0.001,-70.04960609799622,0.7033447885086791,0.011469496581168232,0.10400561249301511
DS03,11,10,D_约束+收缩★,0.001,-0.9718484739971573,0.11717209794205884,0.0011312270673277112,0.9936083408023668
DS03,11,10,B_岭回归,0.0031622776601683794,-61.94172568396022,0.6619981252478557,0.01130914322861796,0.10916887983765368
DS03,11,10,D_约束+收缩★,0.0031622776601683794,-0.9667396249222429,0.1170202092924479,0.0011307589506856387,0.7953640378958599
DS03,11,10,B_岭回归,0.01,-43.75747586554834,0.5582390714019927,0.010928535203355148,0.12544060730896292
DS03,11,10,D_约束+收缩★,0.01,-0.9666395747025636,0.11701723278086486,0.0011308969237723732,0.7953645532156605
DS03,11,10,B_岭回归,0.03162277660168379,-19.0177750068397,0.3733321044582551,0.010384926562710742,0.17617597580885938
DS03,11,10,D_约束+收缩★,0.03162277660168379,-0.8721370276650424,0.11417111780510751,0.0011240186266930415,0.9525897219911834
DS03,11,10,B_岭回归,0.1,-3.797601944284523,0.1827677403719758,0.009959128394245124,0.32514634180069524
DS03,11,10,D_约束+收缩★,0.1,-0.04398264494574633,0.08525779101933031,0.0010472639296936854,0.9834480897462113
DS03,11,10,B_岭回归,0.31622776601683794,0.26559573523908575,0.07150806589889143,0.009775531901466102,0.6393679291635878
DS03,11,10,D_约束+收缩★,0.31622776601683794,0.6284692175284656,0.05086099331785807,0.0009477332906352231,0.987765007394218
DS03,11,10,B_岭回归,1.0,0.8778114669545285,0.029167732073636134,0.009663953479188645,0.8957737643285557
DS03,11,10,D_约束+收缩★,1.0,0.831086409378248,0.03429412555664544,0.0008951796116036339,0.9866881154819475
DS03,11,10,B_岭回归,3.1622776601683795,0.949502492465825,0.018750912530986527,0.009382530126641562,0.9589122857413804
DS03,11,10,D_约束+收缩★,3.1622776601683795,0.9152465201240073,0.02429216408850971,0.0008798676567868975,0.987228411310808
DS03,11,10,B_岭回归,10.0,0.9610081587599406,0.016476854565738705,0.008622268720794614,0.9695772318042112
DS03,11,10,D_约束+收缩★,10.0,0.9577595119910505,0.017149517278438265,0.0009054468526428452,0.9888901663301515
DS03,11,10,B_岭回归,31.622776601683793,0.9677990233128774,0.014973452831362864,0.007356550910036344,0.9769509219703544
DS03,11,10,D_约束+收缩★,31.622776601683793,0.9726616058662361,0.0137966592047862,0.00112864986776746,0.9899280079240153
DS03,11,10,B_岭回归,100.0,0.9586099959677564,0.016975992354322046,0.007102880850892149,0.9854419502976256
DS03,11,10,D_约束+收缩★,100.0,0.9620135562453727,0.01626304093959229,0.002343182735688936,0.9904388223809845
DS03,11,10,B_岭回归,316.22776601683796,0.8872591131798426,0.028017421251292744,0.008327497910059461,0.9911363017139455
DS03,11,10,D_约束+收缩★,316.22776601683796,0.8894206081610557,0.027747543131676003,0.00485073034271937,0.9910338393450644
DS03,11,10,B_岭回归,1000.0,0.7283988834363944,0.04348637554906137,0.009135929351697207,0.9935049294048065
DS03,11,10,D_约束+收缩★,1000.0,0.7309833344301238,0.0432789812483159,0.0064811339264761484,0.9927857574573276
DS03,11,10,B_岭回归,3162.2776601683795,0.4909497651433887,0.059534369376110494,0.007077629035394211,0.994541087637279
DS03,11,10,D_约束+收缩★,3162.2776601683795,0.49327143726436595,0.05939845229572988,0.005138113449312185,0.9942854426691142
DS03,11,10,B_岭回归,10000.0,0.24337121576057186,0.07258198915114063,0.003932912952719834,0.9949185455856963
DS03,11,10,D_约束+收缩★,10000.0,0.2441766913059441,0.07254334497970173,0.0028685168255948566,0.9946206756063029
DS03,11,100,Z_全零哨兵,,0.0,0.08344252482394354,0.0,0.0
DS03,11,100,B_岭回归,1e-06,-16.107660408429116,0.34513002826248707,0.007798137900196663,0.09301181710004809
DS03,11,100,D_约束+收缩★,1e-06,-0.015136442938918693,0.08407166453885201,0.0006774963173362739,0.9440538942429363
DS03,11,100,B_岭回归,3.162277660168379e-06,-16.105445839300963,0.3451076891750821,0.007798043298111058,0.09302152514629708
DS03,11,100,D_约束+收缩★,3.162277660168379e-06,-0.015123496493074873,0.08407112843716351,0.0006774950993196681,0.9440525845183414
DS03,11,100,B_岭回归,1e-05,-16.098445575371265,0.34503706569797793,0.0077977442199168665,0.09305222431169251
DS03,11,100,D_约束+收缩★,1e-05,-0.015082563390637294,0.08406943340852119,0.0006774912480980284,0.9440484428399998
DS03,11,100,B_岭回归,3.1622776601683795e-05,-16.076336953024484,0.3448139237279615,0.007796799249803357,0.09314929982927111
DS03,11,100,D_约束+收缩★,3.1622776601683795e-05,-0.014953193052077207,0.08406407599326687,0.0006774790743134642,0.944035346050355
DS03,11,100,B_岭回归,0.0001,-16.00670383095655,0.34411017217555806,0.0077938189508126665,0.09345624187716585
DS03,11,100,D_约束+收缩★,0.0001,-0.01454480184834206,0.08404716167465702,0.0006774406258379822,0.9439939339271336
DS03,11,100,B_岭回归,0.00031622776601683794,-15.789275639220566,0.34190339734996894,0.00778447328845231,0.09442650043212956
DS03,11,100,D_约束+收缩★,0.00031622776601683794,-0.013260453539285288,0.08399394568333868,0.0006773195231377238,0.9438630156930438
DS03,11,100,B_岭回归,0.001,-15.128389401295614,0.33510656556421015,0.007756111392154753,0.09749093720365953
DS03,11,100,D_约束+收缩★,0.001,-0.009268749228058981,0.08382833680610732,0.0006769413190859889,0.9434494841985971
DS03,11,100,B_岭回归,0.0031622776601683794,-13.276186209386234,0.3152779068751078,0.007673976682757543,0.10714314355063848
DS03,11,100,D_约束+收缩★,0.0031622776601683794,0.00269309761019898,0.08333008964108138,0.0006757909496160835,0.9421488162547783
DS03,11,100,B_岭回归,0.01,-9.126016120372096,0.2655258109000068,0.007495568287714204,0.1372677436713503
DS03,11,100,D_约束+收缩★,0.01,0.054193798505265844,0.08114999833411543,0.0006711043791868523,0.9455969999023792
DS03,11,100,B_岭回归,0.03162277660168379,-3.495290993500155,0.17691568636800967,0.007247927678014536,0.22818917406262765
DS03,11,100,D_约束+收缩★,0.03162277660168379,0.35237998475250765,0.06715023979280196,0.0006409301050342153,0.9622643736953592
DS03,11,100,B_岭回归,0.1,-0.058635962304972145,0.08585404429685417,0.00706469849227585,0.46728273063575426
DS03,11,100,D_约束+收缩★,0.1,0.6371882994942915,0.050260647449860384,0.0006022519633229928,0.9716694316437136
DS03,11,100,B_岭回归,0.31622776601683794,0.8369472333361495,0.03369391863169515,0.007011533684660636,0.8222756488842548
DS03,11,100,D_约束+收缩★,0.31622776601683794,0.8085218367920383,0.036512961817473516,0.0005694966559808316,0.9776216075491327
DS03,11,100,B_岭回归,1.0,0.9617388349153981,0.01632174287355967,0.006941837166693432,0.9633505960338805
DS03,11,100,D_约束+收缩★,1.0,0.8863658995904635,0.028128189269680866,0.0005525170129337168,0.979507634316652
DS03,11,100,B_岭回归,3.1622776601683795,0.9731673759944286,0.013668441839759883,0.00671475248513518,0.9818498968783537
DS03,11,100,D_约束+收缩★,3.1622776601683795,0.9537840225415196,0.017938391906018328,0.0005419856657236832,0.9908660494154531
DS03,11,100,B_岭回归,10.0,0.9753689222994215,0.013095712850051315,0.006126679861330387,0.9851847292967886
DS03,11,100,D_约束+收缩★,10.0,0.9756050691772066,0.013032785037116938,0.0005958933831442397,0.9942731263515112
DS03,11,100,B_岭回归,31.622776601683793,0.9775298914287369,0.012508061906152659,0.005277866106551034,0.9888165720338931
DS03,11,100,D_约束+收缩★,31.622776601683793,0.9804674351497383,0.011661839877190447,0.0008924268690262389,0.995442210527241
DS03,11,100,B_岭回归,100.0,0.9641912693102533,0.015789991638825326,0.005389431054296915,0.9928963085710399
DS03,11,100,D_约束+收缩★,100.0,0.9659836454456263,0.01538974136835183,0.0022374328802597593,0.9952259763236926
DS03,11,100,B_岭回归,316.22776601683796,0.8893667219031897,0.02775430311256678,0.007137608419978294,0.9953406172881683
DS03,11,100,D_约束+收缩★,316.22776601683796,0.8903302987753681,0.027633173686466502,0.0048397201147292864,0.9946302723583035
DS03,11,100,B_岭回归,1000.0,0.7279926486872398,0.04351888476030444,0.008398308164473362,0.9962101556644353
DS03,11,100,D_约束+收缩★,1000.0,0.7298214040441107,0.04337234531639533,0.0064316608080826464,0.9953763934629084
DS03,11,100,B_岭回归,3162.2776601683795,0.4895808047629724,0.05961436685714985,0.006641575445635481,0.9965454829981564
DS03,11,100,D_约束+收缩★,3162.2776601683795,0.4915360249717441,0.05950007741268803,0.005090390229931069,0.9963224125800085
DS03,11,100,B_岭回归,10000.0,0.24240465031803593,0.07262833476542262,0.00365720802747563,0.9967922287328591
DS03,11,100,D_约束+收缩★,10000.0,0.24304350437041367,0.07259770582097497,0.0028431477860356097,0.9964655189788395
DS03,11,1000,Z_全零哨兵,,0.0,0.08344252482394354,0.0,0.0
DS03,11,1000,B_岭回归,1e-06,-10.56380666561229,0.28375129199624843,0.007185284633146979,0.12917389030269424
DS03,11,1000,D_约束+收缩★,1e-06,-0.09512684951129935,0.0873211908904507,0.0006406832587341578,0.9497868442310478
DS03,11,1000,B_岭回归,3.162277660168379e-06,-10.562304862400612,0.2837328658650175,0.007185208433048987,0.12918555625992775
DS03,11,1000,D_约束+收缩★,3.162277660168379e-06,-0.09506784035923754,0.08731883827767002,0.0006406786447004563,0.9497916625404623
DS03,11,1000,B_岭回归,1e-05,-10.557557657428006,0.2836746129314,0.0071849675314982,0.12922244662755253
DS03,11,1000,D_约束+收缩★,1e-05,-0.09488128387711137,0.08731140011332053,0.0006406640563885836,0.9498068883017851
DS03,11,1000,B_岭回归,3.1622776601683795e-05,-10.542564795013606,0.283490556975167,0.00718420637668341,0.12933909787439865
DS03,11,1000,D_约束+收缩★,3.1622776601683795e-05,-0.09429180853885799,0.0872878930686676,0.0006406179495198757,0.9498549258691873
DS03,11,1000,B_岭回归,0.0001,-10.495343646636286,0.2829100764052844,0.007181805803158026,0.12970791809458987
DS03,11,1000,D_约束+收缩★,0.0001,-0.09243239298524619,0.08721370194791961,0.0006404724005633365,0.9500057348676387
DS03,11,1000,B_岭回归,0.00031622776601683794,-10.347898801970125,0.2810898499665637,0.00717428007957174,0.13087359523254483
DS03,11,1000,D_约束+收缩★,0.00031622776601683794,-0.08659873733592716,0.08698052699359263,0.0006400146570505964,0.950471831766882
DS03,11,1000,B_岭回归,0.001,-9.899753753119189,0.2754836191354687,0.007151170073983883,0.13455342012232366
DS03,11,1000,D_约束+收缩★,0.001,-0.06860334124747314,0.08625726834562238,0.0006385919083284591,0.9518433987774778
DS03,11,1000,B_岭回归,0.0031622776601683794,-8.643977201224647,0.2591287046779964,0.0070860771411397055,0.1461256814773859
DS03,11,1000,D_约束+收缩★,0.0031622776601683794,-0.04068804837302564,0.0851231566047912,0.0006363771380955754,0.9542676108861503
DS03,11,1000,B_岭回归,0.01,-5.831546296743247,0.21809562038771885,0.006953964024728116,0.18205773066050082
DS03,11,1000,D_约束+收缩★,0.01,0.05845457506519014,0.08096700508617953,0.000628254026865748,0.9634300125897143
DS03,11,1000,B_岭回归,0.03162277660168379,-2.0211399031024126,0.1450350119727667,0.006752089574260449,0.28863203749816385
DS03,11,1000,D_约束+收缩★,0.03162277660168379,0.33082090249788165,0.0682587954404907,0.0006025461461925162,0.9679584538212492
DS03,11,1000,B_岭回归,0.1,0.2950634065300549,0.07005876291550395,0.006587312473150716,0.5516185780836499
DS03,11,1000,D_约束+收缩★,0.1,0.6862798677899443,0.046736763164895494,0.0005591231860598639,0.9778671260905977
DS03,11,1000,B_岭回归,0.31622776601683794,0.8910697359668522,0.027539859149343277,0.006492000719064699,0.875062151278696
DS03,11,1000,D_约束+收缩★,0.31622776601683794,0.8285193522838252,0.034553734682054194,0.000533275602206092,0.9747661611361699
DS03,11,1000,B_岭回归,1.0,0.9704885913746785,0.014334495293413428,0.006403484820427656,0.9783942306306184
DS03,11,1000,D_约束+收缩★,1.0,0.896055719689578,0.02690219615055664,0.0005217092083960402,0.9791016253116799
DS03,11,1000,B_岭回归,3.1622776601683795,0.9764678621099744,0.01280024047978811,0.006194281696358466,0.9908793186911146
DS03,11,1000,D_约束+收缩★,3.1622776601683795,0.9514547674975237,0.018384877027966554,0.0005170936535345964,0.9891660600732303
DS03,11,1000,B_岭回归,10.0,0.9776477054195701,0.012475228033259017,0.005684855706427352,0.9927997765473405
DS03,11,1000,D_约束+收缩★,10.0,0.9751944649440211,0.01314200827194865,0.0005641870320704976,0.994850059387948
DS03,11,1000,B_岭回归,31.622776601683793,0.9790299174622352,0.012083354209919918,0.004798431616501412,0.9945374857556275
DS03,11,1000,D_约束+收缩★,31.622776601683793,0.980660122907545,0.011604175582553297,0.0008423196323677519,0.9962332797297425
DS03,11,1000,B_岭回归,100.0,0.9651127629514433,0.015585499468829181,0.005052705333731401,0.9961899952630701
DS03,11,1000,D_约束+收缩★,100.0,0.9663844603075227,0.015298803999102224,0.00217537551850404,0.9960945775995008
DS03,11,1000,B_岭回归,316.22776601683796,0.889973060922394,0.02767814321610831,0.006913919604248498,0.9969096656315557
DS03,11,1000,D_约束+收缩★,316.22776601683796,0.8906700960891449,0.027590331577166678,0.0048060894783060765,0.9954596117670625
DS03,11,1000,B_岭回归,1000.0,0.7283496284581652,0.043490318506673786,0.008273992604667544,0.9970258122642282
DS03,11,1000,D_约束+收缩★,1000.0,0.7301008515677367,0.04334990936047365,0.006407284983005715,0.9963768508424441
DS03,11,1000,B_岭回归,3162.2776601683795,0.4897691330922215,0.05960336794682969,0.006572426405991115,0.9970656547347053
DS03,11,1000,D_约束+收缩★,3162.2776601683795,0.4916811079846033,0.05949158805376075,0.005067668396740952,0.9967381645136545
DS03,11,1000,B_岭回归,10000.0,0.2424911898099429,0.07262418650956916,0.003618711400749859,0.9971695564980615
DS03,11,1000,D_约束+收缩★,10000.0,0.24310924447148052,0.07259455327246515,0.0028277719928122723,0.9967511582945702
DS03,12,1,Z_全零哨兵,,0.0,0.07436272189883715,0.0,0.0
DS03,12,1,B_岭回归,1e-06,-358.3865781427217,1.4097308530101345,0.02768014787137006,-0.020826499710594356
DS03,12,1,D_约束+收缩★,1e-06,-0.044003891790871164,0.0759812329660818,0.006180553988209946,0.9672952308507333
DS03,12,1,B_岭回归,3.162277660168379e-06,-358.3403089827301,1.4096401023172918,0.02767988661939097,-0.020823855503513063
DS03,12,1,D_约束+收缩★,3.162277660168379e-06,-0.043964445319532475,0.07597979752131769,0.006180545658010314,0.9672949603310071
DS03,12,1,B_岭回归,1e-05,-358.19405182400607,1.4093532002721991,0.027679060688437614,-0.020815493785740043
DS03,12,1,D_约束+收缩★,1e-05,-0.04383972831239391,0.07597525892997938,0.006180519319152108,0.9672941031718528
DS03,12,1,B_岭回归,3.1622776601683795e-05,-357.73213317261735,1.4084467042467819,0.02767645899298879,-0.020789051713091835
DS03,12,1,D_约束+收缩★,3.1622776601683795e-05,-0.04344557524740433,0.0759609134764689,0.006180436063811143,0.9672913756254818
DS03,12,1,B_岭回归,0.0001,-356.27726661777086,1.4055877691082184,0.027668258743071678,-0.02070543454570142
DS03,12,1,D_约束+收缩★,0.0001,-0.042201516808995976,0.0759156173912999,0.0061801731412180795,0.9672825817732117
DS03,12,1,B_岭回归,0.00031622776601683794,-351.73435675289187,1.396622901230192,0.027642544057492894,-0.020441013953884975
DS03,12,1,D_约束+收缩★,0.00031622776601683794,-0.038290949317316914,0.07577305755638013,0.006179345229898867,0.967253121979938
DS03,12,1,B_岭回归,0.001,-337.9248070384301,1.3690110595823548,0.027563986535501968,-0.019604844569050765
DS03,12,1,D_约束+收缩★,0.001,-0.026155232750515234,0.07532893196586235,0.006176761869208088,0.9671444909366991
DS03,12,1,B_岭回归,0.0031622776601683794,-299.2124882783562,1.2884561859855255,0.027338913085174745,-0.016960691513265156
DS03,12,1,D_约束+收缩★,0.0031622776601683794,0.010044704467589316,0.07398830351287135,0.006168924576686607,0.9666742008449409
DS03,12,1,B_岭回归,0.01,-212.40550181468174,1.0863207715609549,0.026819916263318463,-0.008600476238291008
DS03,12,1,D_约束+收缩★,0.01,0.040107304925705356,0.0728562176862854,0.0061625328768146375,0.9662926212634649
DS03,12,1,B_岭回归,0.03162277660168379,-94.36992401180675,0.7262079453639915,0.02607097231330446,0.017796107041809516
DS03,12,1,D_约束+收缩★,0.03162277660168379,0.19753699147721504,0.06661434910422724,0.006127467279367894,0.9631288255211969
DS03,12,1,B_岭回归,0.1,-21.867907691767282,0.35560551941640206,0.025586148970795995,0.1000028787006842
DS03,12,1,D_约束+收缩★,0.1,0.27833385224447893,0.06317182807052056,0.006106601396294078,0.9605656352257036
DS03,12,1,B_岭回归,0.31622776601683794,-2.6029999218201163,0.14115211964557253,0.025468231253292544,0.32624300467165807
DS03,12,1,D_约束+收缩★,0.31622776601683794,0.46494312538336047,0.05439453294646057,0.0060632029715498165,0.9707089058366988
DS03,12,1,B_岭回归,1.0,0.26231422306122,0.06386912742509541,0.02522164069539721,0.6746628917470079
DS03,12,1,D_约束+收缩★,1.0,0.6565934561930602,0.04357722402603318,0.005999141647592108,0.9717048336136728
DS03,12,1,B_岭回归,3.1622776601683795,0.5995061654639154,0.04706013787287949,0.02440703222228125,0.861918393419736
DS03,12,1,D_约束+收缩★,3.1622776601683795,0.8239239383358102,0.031203652714552766,0.005914652892448815,0.9770380964303843
DS03,12,1,B_岭回归,10.0,0.6886423679055282,0.04149397450305557,0.02229456336150464,0.9006388078125241
DS03,12,1,D_约束+收缩★,10.0,0.8899969210013343,0.024663669864673464,0.005814327503272907,0.980151424064953
DS03,12,1,B_岭回归,31.622776601683793,0.7823042460894449,0.03469606773943374,0.018413633957868734,0.9170682204482143
DS03,12,1,D_约束+收缩★,31.622776601683793,0.9148719412270673,0.02169659802699453,0.005796416251247496,0.9854726390587709
DS03,12,1,B_岭回归,100.0,0.8344213994036338,0.030259195813306196,0.014765727549078745,0.9355143020144508
DS03,12,1,D_约束+收缩★,100.0,0.9034477646839206,0.023106621172190856,0.005887558344107954,0.9875319715952209
DS03,12,1,B_岭回归,316.22776601683796,0.7907738630579605,0.03401443379853485,0.013183990580839524,0.9525223580647225
DS03,12,1,D_约束+收缩★,316.22776601683796,0.8265334289890878,0.030971566697825425,0.006704809688370868,0.9884244192904612
DS03,12,1,B_岭回归,1000.0,0.6504063864842518,0.043968031580176675,0.01102016319855452,0.9631762628784943
DS03,12,1,D_约束+收缩★,1000.0,0.6667321220892647,0.042929121969384455,0.006471683352642722,0.9899635165367919
DS03,12,1,B_岭回归,3162.2776601683795,0.43378350385476827,0.05595598393868676,0.007745603496347787,0.9695444355744893
DS03,12,1,D_约束+收缩★,3162.2776601683795,0.44072066415833344,0.055612147320058564,0.004777738009089034,0.9906044418931782
DS03,12,1,B_岭回归,10000.0,0.21380456595143393,0.06593568714183387,0.004460501934317027,0.972821864421075
DS03,12,1,D_约束+收缩★,10000.0,0.21641622778107783,0.0658260801935743,0.002820907312832543,0.9904941487355018
DS03,12,10,Z_全零哨兵,,0.0,0.07436272189883715,0.0,0.0
DS03,12,10,B_岭回归,1e-06,-54.66500899489104,0.5548127330665207,0.009151127987211424,0.0369909924967069
DS03,12,10,D_约束+收缩★,1e-06,0.6723585868934241,0.04256519948174794,0.0025671620743483088,0.9911630700945078
DS03,12,10,B_岭回归,3.162277660168379e-06,-54.65776711673257,0.5547766420196142,0.009151032486977607,0.036997802236124255
DS03,12,10,D_约束+收缩★,3.162277660168379e-06,0.6723600984135953,0.04256510129783523,0.0025671612927662467,0.9911630594583357
DS03,12,10,B_岭回归,1e-05,-54.63487551795201,0.5546625426669766,0.009150730569345211,0.03701933645923156
DS03,12,10,D_约束+收缩★,1e-05,0.6723648781508771,0.042564790818643596,0.0025671588212311633,0.9911630258212396
DS03,12,10,B_岭回归,3.1622776601683795e-05,-54.56257813677878,0.554302034217545,0.00914977662765014,0.037087432989737074
DS03,12,10,D_约束+收缩★,3.1622776601683795e-05,0.6723799919155852,0.04256380905324429,0.0025671510059965775,0.9911629194257423
DS03,12,10,B_岭回归,0.0001,-54.334872311012845,0.5531650514824269,0.009146768032905254,0.03730276649470704
DS03,12,10,D_约束+收缩★,0.0001,0.6724277749212769,0.04256070499848069,0.002567126296509021,0.9911625827171463
DS03,12,10,B_岭回归,0.00031622776601683794,-53.62387839411251,0.5495997723577907,0.009137333633555005,0.03798364421504948
DS03,12,10,D_约束+收缩★,0.00031622776601683794,0.6725787689846958,0.0425508947123354,0.002567048202765593,0.991161515389743
DS03,12,10,B_岭回归,0.001,-51.46289819405034,0.5386186873193209,0.00910827629425857,0.04013609323802775
DS03,12,10,D_约束+收缩★,0.001,0.6730551659776473,0.04251992772647437,0.0025668016930168996,0.9911581147037243
DS03,12,10,B_岭回归,0.0031622776601683794,-45.40765297287924,0.5065823803295465,0.009026434468731455,0.04693568839050422
DS03,12,10,D_约束+收缩★,0.0031622776601683794,0.6745508630581161,0.04242255681354814,0.0025660265785380364,0.991147109320837
DS03,12,10,B_岭回归,0.01,-31.847577132461936,0.4261936241917205,0.008846348716990656,0.06835824577703561
DS03,12,10,D_约束+收缩★,0.01,0.6791750940269992,0.042120092444819346,0.002563618830871743,0.9911099008599588
DS03,12,10,B_岭回归,0.03162277660168379,-13.480643528274618,0.2829757431701806,0.008671881621542445,0.1350234652523853
DS03,12,10,D_约束+收缩★,0.03162277660168379,0.6928169771458226,0.04121486510634999,0.002556414157215626,0.9909713417977959
DS03,12,10,B_岭回归,0.1,-2.3247084673998417,0.13559137430568657,0.008711712736006036,0.32752411025352623
DS03,12,10,D_约束+收缩★,0.1,0.7851758812331958,0.034466469317096536,0.0025222237372037625,0.9936855588289856
DS03,12,10,B_岭回归,0.31622776601683794,0.5387627415202692,0.05050303394392889,0.008783219400827305,0.6949592175667331
DS03,12,10,D_约束+收缩★,0.31622776601683794,0.8371545193101504,0.030008420242152088,0.00248768129500181,0.9931198290663764
DS03,12,10,B_岭回归,1.0,0.9161111820725892,0.021538096342578215,0.008762012473929891,0.9354130711386451
DS03,12,10,D_约束+收缩★,1.0,0.8881778857512175,0.024866755689649758,0.002454733392005162,0.9910513258583186
DS03,12,10,B_岭回归,3.1622776601683795,0.940579510166854,0.01812689385476336,0.008549509483135879,0.9796343709962829
DS03,12,10,D_约束+收缩★,3.1622776601683795,0.9241581125083983,0.02047905178948552,0.002459683348733155,0.9897795451270817
DS03,12,10,B_岭回归,10.0,0.9384077294127438,0.01845518423986594,0.007996821218939574,0.9848509131046678
DS03,12,10,D_约束+收缩★,10.0,0.9398240395620072,0.01824176233420209,0.002627972094814993,0.9906218042640779
DS03,12,10,B_岭回归,31.622776601683793,0.9332388433808294,0.01921397423181991,0.007326116071431731,0.986743903214355
DS03,12,10,D_约束+收缩★,31.622776601683793,0.9396390384835009,0.01826978146248529,0.0031247338412814982,0.9920008070583967
DS03,12,10,B_岭回归,100.0,0.9037693498734484,0.023068108625993237,0.007625947486317828,0.9889125876796646
DS03,12,10,D_约束+收缩★,100.0,0.9124076933463356,0.02200838929547635,0.004152112759712145,0.9934149751117879
DS03,12,10,B_岭回归,316.22776601683796,0.8152645693929725,0.031961737216185115,0.008398880218541049,0.9908656678055953
DS03,12,10,D_约束+收缩★,316.22776601683796,0.8234045635047926,0.031249639824392147,0.005611984341821024,0.9943016504670501
DS03,12,10,B_岭回归,1000.0,0.6544705941694413,0.04371170880690801,0.008027255716276103,0.9920720275121893
DS03,12,10,D_约束+收缩★,1000.0,0.6592134908710678,0.04341066860004166,0.005755997125802931,0.9947926984147027
DS03,12,10,B_岭回归,3162.2776601683795,0.4320076834889097,0.0560436624034518,0.00613154754985234,0.992808279305445
DS03,12,10,D_约束+收缩★,3162.2776601683795,0.4349367927959862,0.05589896836921592,0.004656356581299039,0.9949917968437295
DS03,12,10,B_岭回归,10000.0,0.21212081795726123,0.06600625464896306,0.0036702753884740175,0.9930966647227787
DS03,12,10,D_约束+收缩★,10000.0,0.21342986342211068,0.06595139781923685,0.002926852370284967,0.9950570978121388
DS03,12,100,Z_全零哨兵,,0.0,0.07436272189883715,0.0,0.0
DS03,12,100,B_岭回归,1e-06,-21.15190052434349,0.3499941409346903,0.005794205382683722,0.1331450060888459
DS03,12,100,D_约束+收缩★,1e-06,0.8386881233960298,0.029866783212442325,0.002515936348217822,0.9871070816873165
DS03,12,100,B_岭回归,3.162277660168379e-06,-21.148995292208806,0.34997118923433435,0.005794148297663246,0.13315769731959415
DS03,12,100,D_约束+收缩★,3.162277660168379e-06,0.8386904402059535,0.029866568733788783,0.002515935405125934,0.9871073525687363
DS03,12,100,B_岭回归,1e-05,-21.139811855561504,0.34989862902532953,0.005793967827144175,0.13319782993899576
DS03,12,100,D_约束+收缩★,1e-05,0.8386977657353709,0.02986589056284794,0.002515932423063147,0.9871082090177365
DS03,12,100,B_岭回归,3.1622776601683795e-05,-21.110808380816543,0.3496693677765791,0.005793397610591829,0.1333247346135232
DS03,12,100,D_约束+收缩★,3.1622776601683795e-05,0.8387209224288157,0.029863746698881442,0.002515922995509557,0.9871109158154955
DS03,12,100,B_岭回归,0.0001,-21.019460934218575,0.3489463172680326,0.005791599227092194,0.13372598425708848
DS03,12,100,D_约束+收缩★,0.0001,0.8387940637928594,0.02985697420580706,0.002515893208508017,0.9871194601678924
DS03,12,100,B_岭回归,0.00031622776601683794,-20.734246336323523,0.34667902812551604,0.0057860260156241405,0.13499426345071616
DS03,12,100,D_约束+收缩★,0.00031622776601683794,0.8390244954337707,0.029835627436308604,0.0025157992682750133,0.9871463276064613
DS03,12,100,B_岭回归,0.001,-19.867474084305968,0.3396958328478794,0.005769207418773799,0.1389990199644042
DS03,12,100,D_约束+收缩★,0.001,0.8397446813134498,0.029768812039854327,0.002515504721360668,0.9872297918534841
DS03,12,100,B_岭回归,0.0031622776601683794,-17.439608000482426,0.31932367591943084,0.005720587546691526,0.15160240084365786
DS03,12,100,D_约束+收缩★,0.0031622776601683794,0.8419405262378494,0.029564159980676775,0.002514597634755033,0.9874794646922757
DS03,12,100,B_岭回归,0.01,-12.008817928662397,0.26820952409565396,0.0056052719141068425,0.19079496385974293
DS03,12,100,D_约束+收缩★,0.01,0.8482256808204969,0.02897039552705724,0.0025118897063472045,0.9881458022226234
DS03,12,100,B_岭回归,0.03162277660168379,-4.677365139523634,0.17718570921259916,0.005469687351047456,0.30666355648314364
DS03,12,100,D_约束+收缩★,0.03162277660168379,0.8625196124660327,0.027572468656810067,0.002504965754497038,0.9893259502422888
DS03,12,100,B_岭回归,0.1,-0.2675863908902101,0.08372286120282638,0.005438821427187816,0.5770747735091243
DS03,12,100,D_约束+收缩★,0.1,0.8833210069244473,0.02540104677063333,0.0024932130342817144,0.9906932836912996
DS03,12,100,B_岭回归,0.31622776601683794,0.8292800911107145,0.030725387091836774,0.005463702063467925,0.8790249145627854
DS03,12,100,D_约束+收缩★,0.31622776601683794,0.9155338896180145,0.021612077970321032,0.0024732374032974368,0.9925501526228363
DS03,12,100,B_岭回归,1.0,0.9566550343493767,0.015481912529720447,0.005431935109195159,0.980015622214154
DS03,12,100,D_约束+收缩★,1.0,0.9368030481924514,0.018694047572956014,0.0024638318329262207,0.992403560401162
DS03,12,100,B_岭回归,3.1622776601683795,0.9577409433611523,0.015286750481335144,0.005272333986317129,0.9932162363826507
DS03,12,100,D_约束+收缩★,3.1622776601683795,0.9485129481599787,0.016873465592488278,0.0024883542764342994,0.9940652995700056
DS03,12,100,B_岭回归,10.0,0.9532956379669314,0.016070670617507807,0.004897901383080904,0.9947720974494977
DS03,12,100,D_约束+收缩★,10.0,0.9519791487007866,0.01629559435579452,0.002594776127219055,0.9948469722991193
DS03,12,100,B_岭回归,31.622776601683793,0.9453470031559527,0.017384502564057727,0.004745708446026445,0.9953108979352526
DS03,12,100,D_约束+收缩★,31.622776601683793,0.9461350703773478,0.017258709798945743,0.00302940499500246,0.9952153920537712
DS03,12,100,B_岭回归,100.0,0.9123859446871787,0.022011121403281642,0.005811589557328647,0.9958052428705475
DS03,12,100,D_约束+收缩★,100.0,0.9165543766953778,0.021481126833838265,0.004271833765580652,0.9954579413647354
DS03,12,100,B_岭回归,316.22776601683796,0.8204828621364452,0.031507085797918416,0.0072880054690941,0.9961671571953555
DS03,12,100,D_约束+收缩★,316.22776601683796,0.8262507794227925,0.03099678924279129,0.005653890200307273,0.9957395699623087
DS03,12,100,B_岭回归,1000.0,0.6567404297353507,0.04356789778498958,0.007223735548033855,0.9963701763563017
DS03,12,100,D_约束+收缩★,1000.0,0.6603996174039389,0.04333505611755014,0.005728876392926588,0.9960144606498206
DS03,12,100,B_岭回归,3162.2776601683795,0.4324979808885283,0.056019468419178715,0.005722127531651045,0.9965230990110902
DS03,12,100,D_约束+收缩★,3162.2776601683795,0.4349659024910405,0.0558975285100466,0.00454609305075458,0.9960910883616237
DS03,12,100,B_岭回归,10000.0,0.21211806242043973,0.06600637007434187,0.003458162836458329,0.9966312511965235
DS03,12,100,D_约束+收缩★,10000.0,0.21323875830407402,0.06595940911004615,0.0028559487829428617,0.9961087861904799
DS03,12,1000,Z_全零哨兵,,0.0,0.07436272189883715,0.0,0.0
DS03,12,1000,B_岭回归,1e-06,-16.004086606592644,0.30664220700269096,0.004976648862361726,0.11046481971021545
DS03,12,1000,D_约束+收缩★,1e-06,0.9449309540250146,0.017450547380483846,0.002321937641690882,0.9847245431625699
DS03,12,1000,B_岭回归,3.162277660168379e-06,-16.00184313156676,0.3066219775472048,0.004976621952765518,0.11047916225961962
DS03,12,1000,D_约束+收缩★,3.162277660168379e-06,0.9449309883891022,0.017450541935753315,0.002321937634768854,0.9847245488285971
DS03,12,1000,B_岭回归,1e-05,-15.994751514663587,0.3065580235283852,0.004976536879761008,0.11052451692851269
DS03,12,1000,D_约束+收缩★,1e-05,0.9449310970560255,0.01745052471828761,0.002321937612881851,0.9847245667461811
DS03,12,1000,B_岭回归,3.1622776601683795e-05,-15.972354563978321,0.3063559544207208,0.004976268081240238,0.11066793637500512
DS03,12,1000,D_约束+收缩★,3.1622776601683795e-05,0.9449314406723843,0.01745047027471966,0.0023219375436925793,0.984724623406907
DS03,12,1000,B_岭回归,0.0001,-15.901815193958978,0.30571866345441223,0.004975420318602764,0.11112142229984247
DS03,12,1000,D_约束+收缩★,0.0001,0.9449325270965067,0.017450298137427607,0.0023219373251314956,0.9847248025873322
DS03,12,1000,B_岭回归,0.00031622776601683794,-15.681575681544238,0.3037202949349045,0.004972761783634831,0.11255500610462459
DS03,12,1000,D_约束+收缩★,0.00031622776601683794,0.9449359608102801,0.01744975407520724,0.0023219366363259634,0.9847253692402779
DS03,12,1000,B_岭回归,0.001,-15.012320542257878,0.29756538918925907,0.0049645717706349735,0.11708366327872295
DS03,12,1000,D_约束+收缩★,0.001,0.9449468005932125,0.017448036430996187,0.0023219344815404172,0.9847271614985676
DS03,12,1000,B_岭回归,0.0031622776601683794,-13.138203880415105,0.2796098058438621,0.0049414333789575176,0.13135445840308815
DS03,12,1000,D_约束+收缩★,0.0031622776601683794,0.9449808944000384,0.01744263291115059,0.0023219279002320344,0.9847328324796091
DS03,12,1000,B_岭回归,0.01,-8.949458300549686,0.23456056331830913,0.004884594428270783,0.1758954100432226
DS03,12,1000,D_约束+收缩★,0.01,0.9450868977617334,0.017425821758423183,0.002321909373170111,0.9847507968304975
DS03,12,1000,B_岭回归,0.03162277660168379,-3.30821561287497,0.15434906144750135,0.004815072745824358,0.3083497449249036
DS03,12,1000,D_约束+收缩★,0.03162277660168379,0.9454050486242395,0.017375268306787848,0.0023218723743640497,0.9848078431886851
DS03,12,1000,B_岭回归,0.1,0.061008375228547074,0.07205865260913412,0.004796291339015513,0.6093464254833733
DS03,12,1000,D_约束+收缩★,0.1,0.9463277737672725,0.01722781036412087,0.002321855640979703,0.984992975598189
DS03,12,1000,B_岭回归,0.31622776601683794,0.8795126532214012,0.0258122580612883,0.004823616755917802,0.9053244445648132
DS03,12,1000,D_约束+收缩★,0.31622776601683794,0.9483534896014272,0.016899574472023688,0.0023229491855451534,0.9855618187418914
DS03,12,1000,B_岭回归,1.0,0.964667878675308,0.013977842235970688,0.004806591724526559,0.9845755628020187
DS03,12,1000,D_约束+收缩★,1.0,0.9506819375996172,0.016514228169864028,0.002333828587263919,0.9900041633297486
DS03,12,1000,B_岭回归,3.1622776601683795,0.9606883457009399,0.0147440209018188,0.004654921221991242,0.9938891166327831
DS03,12,1000,D_约束+收缩★,3.1622776601683795,0.9536553744959549,0.016008659464648422,0.0023695229521475724,0.9934880767790609
DS03,12,1000,B_岭回归,10.0,0.9553501789536109,0.015713218121888462,0.004293434770971094,0.9950480191176818
DS03,12,1000,D_约束+收缩★,10.0,0.9538488115362,0.01597521539519419,0.0025091657155050314,0.9949269193204456
DS03,12,1000,B_岭回归,31.622776601683793,0.9467538225363732,0.017159297168594625,0.004285392072713754,0.9954976752511132
DS03,12,1000,D_约束+收缩★,31.622776601683793,0.9469773504673556,0.017123241846880417,0.0030269393405868285,0.9953178304759575
DS03,12,1000,B_岭回归,100.0,0.9133115969563134,0.021894537678954454,0.005646211534512754,0.9958986677252675
DS03,12,1000,D_约束+收缩★,100.0,0.9170896240596054,0.021412122535255283,0.004297084825226141,0.9956120191546081
DS03,12,1000,B_岭回归,316.22776601683796,0.8212612466661253,0.03143870438631408,0.007233433186665028,0.9961769321987087
DS03,12,1000,D_约束+收缩★,316.22776601683796,0.8268498765476401,0.0309433037578266,0.00568309004776835,0.9958626079663384
DS03,12,1000,B_岭回归,1000.0,0.6574963569741477,0.04351989866792715,0.0071881055786167675,0.996342834296814
DS03,12,1000,D_约束+收缩★,1000.0,0.6610682882231306,0.0432923718821331,0.00575381466393984,0.9961033096095099
DS03,12,1000,B_岭回归,3162.2776601683795,0.4331256489045475,0.05598848055027757,0.005691856756850888,0.9964909812355881
DS03,12,1000,D_约束+收缩★,3162.2776601683795,0.435553847592983,0.05586843890995628,0.0045595816698428574,0.9961697707217997
DS03,12,1000,B_岭回归,10000.0,0.2124700005713258,0.06599162626980341,0.0034508148329415967,0.996631435308119
DS03,12,1000,D_约束+收缩★,10000.0,0.21357133456358335,0.06594546660047815,0.0028676688887965597,0.9961706927963356
DS03,13,1,Z_全零哨兵,,0.0,0.08676153315854795,0.0,0.0
DS03,13,1,B_岭回归,1e-06,-337.98507915199315,1.5974140837549042,0.03268302921543833,0.05776802581876563
DS03,13,1,D_约束+收缩★,1e-06,0.0713173839969593,0.08361051064088833,0.0029136058858148803,0.9818290470343194
DS03,13,1,B_岭回归,3.162277660168379e-06,-337.94149670266853,1.5973113927214742,0.03268265330926384,0.05777128872746052
DS03,13,1,D_约束+收缩★,3.162277660168379e-06,0.07131739127794479,0.08361051031313001,0.00291360595561685,0.9818290469997855
DS03,13,1,B_岭回归,1e-05,-337.8037322249444,1.596986742100561,0.03268146490687524,0.05778160690403502
DS03,13,1,D_约束+收缩★,1e-05,0.07131741430245109,0.08361050927666679,0.00291360617634999,0.9818290468905784
DS03,13,1,B_岭回归,3.1622776601683795e-05,-337.3686353861301,1.5959609754950017,0.03267771001948689,0.05781423536783279
DS03,13,1,D_约束+收缩★,3.1622776601683795e-05,0.07131748711231412,0.08361050599908307,0.002913606874369258,0.9818290465452366
DS03,13,1,B_岭回归,0.0001,-335.99824414140375,1.5927258797426607,0.03266586764131294,0.0579174108719944
DS03,13,1,D_约束+收缩★,0.0001,0.07131771735722758,0.08361049563445648,0.002913609081696634,0.9818290454531695
DS03,13,1,B_岭回归,0.00031622776601683794,-331.7190829405518,1.582581457541388,0.03262873208311214,0.05824363278008404
DS03,13,1,D_约束+收缩★,0.00031622776601683794,0.07131844545466748,0.08361046285866175,0.002913616061846763,0.9818290419997526
DS03,13,1,B_岭回归,0.001,-318.7109837381546,1.5513364481066299,0.03251434477416748,0.05927475697296425
DS03,13,1,D_约束+收缩★,0.001,0.07132074789185416,0.08361035921282252,0.002913638134698423,0.9818290310791002
DS03,13,1,B_岭回归,0.0031622776601683794,-282.2428067473682,1.4601808970933168,0.03218054063747351,0.06253055596923819
DS03,13,1,D_约束+收缩★,0.0031622776601683794,0.07132802874670785,0.08361003145914357,0.002913707931975045,0.9818289965450895
DS03,13,1,B_岭回归,0.01,-200.45048597092187,1.231434672507492,0.03139757079194615,0.07277413529853916
DS03,13,1,D_约束+收缩★,0.01,0.0713510519232583,0.08360899504343053,0.002913928618255941,0.9818288873401886
DS03,13,1,B_岭回归,0.03162277660168379,-89.16409256294061,0.8238421841904533,0.030113278534827665,0.10455334915381287
DS03,13,1,D_约束+收缩★,0.03162277660168379,0.07142384852077177,0.08360571793335743,0.002914626168793403,0.9818285420162768
DS03,13,1,B_岭回归,0.1,-20.685415517106172,0.40402765410129,0.029135797041275207,0.19678782006053372
DS03,13,1,D_约束+收缩★,0.1,0.07165396083777564,0.08359535804123602,0.002916828813446846,0.9818274501291132
DS03,13,1,B_岭回归,0.31622776601683794,-2.3925001853452246,0.15980382044995664,0.028756682353810535,0.3985417127210979
DS03,13,1,D_约束+收缩★,0.31622776601683794,0.30271335245366315,0.07244908289242429,0.002860805339299529,0.9552170288990398
DS03,13,1,B_岭回归,1.0,0.37155812931444876,0.06877962033281428,0.028430854010242902,0.6523329796452246
DS03,13,1,D_约束+收缩★,1.0,0.6647484392136757,0.05023571894473784,0.002751290009243253,0.9541274274833288
DS03,13,1,B_岭回归,3.1622776601683795,0.7044774583683583,0.047165291666765814,0.027604904453511495,0.8312150277411087
DS03,13,1,D_约束+收缩★,3.1622776601683795,0.8801678515515281,0.030034049395429262,0.0026657442044411947,0.9694405835958465
DS03,13,1,B_岭回归,10.0,0.7733122727203512,0.04130867091305062,0.025507902095983387,0.8988293212246846
DS03,13,1,D_约束+收缩★,10.0,0.9537275353474061,0.018663304162660228,0.0025707722575527554,0.9712953989264634
DS03,13,1,B_岭回归,31.622776601683793,0.8213157642118247,0.03667501814109185,0.02176333414559323,0.923501826857405
DS03,13,1,D_约束+收缩★,31.622776601683793,0.9647975604910497,0.016278470553059712,0.002402873729172795,0.9716208791653043
DS03,13,1,B_岭回归,100.0,0.8075339109798024,0.038063115123118565,0.018149500650747826,0.9418361926989801
DS03,13,1,D_约束+收缩★,100.0,0.9314473120948046,0.022716397615526573,0.0038228148544449288,0.9772383509679492
DS03,13,1,B_岭回归,316.22776601683796,0.6874014122494381,0.04850882148458056,0.01643401894705909,0.9528804142647385
DS03,13,1,D_约束+收缩★,316.22776601683796,0.7871832379396138,0.0400248887471492,0.006334546449614394,0.9803080769158052
DS03,13,1,B_岭回归,1000.0,0.5018284676939007,0.06123738981283135,0.013976676713112484,0.9572876108702578
DS03,13,1,D_约束+收缩★,1000.0,0.5526464931958293,0.05803000939398436,0.007255263568310549,0.9823733929804664
DS03,13,1,B_岭回归,3162.2776601683795,0.3058107563101279,0.07228799144614109,0.009950196468111946,0.9590132452118398
DS03,13,1,D_约束+收缩★,3162.2776601683795,0.32529325688279587,0.07126638719949102,0.006111036094083335,0.9833459078150525
DS03,13,1,B_岭回归,10000.0,0.1474798188203975,0.08010867565265516,0.006339922629781798,0.9598936350040481
DS03,13,1,D_约束+收缩★,10000.0,0.15664248219322374,0.07967701916618058,0.004500545753445451,0.9839055300652632
DS03,13,10,Z_全零哨兵,,0.0,0.08676153315854795,0.0,0.0
DS03,13,10,B_岭回归,1e-06,-52.390085890314865,0.6339536805414222,0.010151349228532745,0.17537115094546385
DS03,13,10,D_约束+收缩★,1e-06,0.103187668418257,0.08216332451617733,0.0006870297904697178,0.9925407075622799
DS03,13,10,B_岭回归,3.162277660168379e-06,-52.38321329433059,0.6339128766387375,0.010151211019529288,0.17537775890597604
DS03,13,10,D_约束+收缩★,3.162277660168379e-06,0.1031876824650868,0.0821633238727126,0.0006870298727614647,0.9925407076417005
DS03,13,10,B_岭回归,1e-05,-52.36148896539382,0.6337838779109783,0.010150774080927433,0.175398654570834
DS03,13,10,D_约束+收缩★,1e-05,0.10318772688504863,0.08216332183789901,0.0006870301329907321,0.9925407078928499
DS03,13,10,B_岭回归,3.1622776601683795e-05,-52.29287778942249,0.633376293293814,0.01014939352535028,0.17546472703895502
DS03,13,10,D_约束+收缩★,3.1622776601683795e-05,0.10318786735327223,0.08216331540325451,0.0006870309559078474,0.9925407086870537
DS03,13,10,B_岭回归,0.0001,-52.07677870570069,0.6320908394386122,0.010145039447866322,0.17567361226995837
DS03,13,10,D_约束+收缩★,0.0001,0.10318831155237995,0.0821632950551378,0.0006870335581986942,0.9925407111985387
DS03,13,10,B_岭回归,0.00031622776601683794,-51.401994123972756,0.6280599855289669,0.01013138582270519,0.1763336228496183
DS03,13,10,D_约束+收缩★,0.00031622776601683794,0.10318971622919959,0.08216323070889729,0.0006870417873501085,0.9925407191404736
DS03,13,10,B_岭回归,0.001,-49.35076331345616,0.6156448448288298,0.01008952222970157,0.17841533676192478
DS03,13,10,D_约束+收缩★,0.001,0.10319415816630428,0.08216302722976594,0.0006870678100632985,0.9925407442542857
DS03,13,10,B_岭回归,0.0031622776601683794,-43.6003823487813,0.5794240384393414,0.009971802037188192,0.18494415712692205
DS03,13,10,D_约束+收缩★,0.0031622776601683794,0.1032082043945951,0.08216238378772828,0.0006871500996227624,0.9925408236632351
DS03,13,10,B_岭回归,0.01,-30.704831166691175,0.4885285397769465,0.009726930528369173,0.20505302274643056
DS03,13,10,D_约束+收缩★,0.01,0.1032526183670297,0.08216034920007415,0.0006874103072086288,0.9925410746974093
DS03,13,10,B_岭回归,0.03162277660168379,-13.165688638895562,0.32654727479701556,0.009473632692827657,0.2635153279220117
DS03,13,10,D_约束+收缩★,0.03162277660168379,0.10339302667601269,0.08215391681592077,0.0006882330073743837,0.9925418677476385
DS03,13,10,B_岭回归,0.1,-2.3846726148077115,0.15961935501393745,0.009450381397398773,0.40821339580908306
DS03,13,10,D_约束+收缩★,0.1,0.10383662704755725,0.08213359128987033,0.0006908331298883709,0.9925443677034929
DS03,13,10,B_岭回归,0.31622776601683794,0.4860481398906443,0.06219972132433518,0.009566221628847611,0.6620651489537714
DS03,13,10,D_约束+收缩★,0.31622776601683794,0.6018113048390656,0.05474843141103154,0.0006537362606876787,0.9831124889640512
DS03,13,10,B_岭回归,1.0,0.9151487504980402,0.025272973315816374,0.009538343725266931,0.8684885925715259
DS03,13,10,D_约束+收缩★,1.0,0.9027537887144266,0.027055998296388495,0.0006204226610282751,0.9772042826939752
DS03,13,10,B_岭回归,3.1622776601683795,0.9639771603784393,0.0164670646322138,0.009308115777025014,0.9586409821837819
DS03,13,10,D_约束+收缩★,3.1622776601683795,0.9800390214312182,0.012257958085006331,0.0006015212369007417,0.9847773916427687
DS03,13,10,B_岭回归,10.0,0.968545753890041,0.015387457204353402,0.008796983674633321,0.9807857454076047
DS03,13,10,D_约束+收缩★,10.0,0.9917079733568253,0.007900554298787298,0.0006142194683213272,0.9898661393875866
DS03,13,10,B_岭回归,31.622776601683793,0.9532058285586053,0.018768220568823605,0.008663292362562799,0.986115283602341
DS03,13,10,D_约束+收缩★,31.622776601683793,0.9858699705803708,0.010313326118916208,0.0008535321471259293,0.9924599607606422
DS03,13,10,B_岭回归,100.0,0.879135964544035,0.030163085356129823,0.009365196536010407,0.9885361409313075
DS03,13,10,D_约束+收缩★,100.0,0.9410859479305829,0.021058947647222083,0.00291514095015034,0.9937329780516121
DS03,13,10,B_岭回归,316.22776601683796,0.7193391456490559,0.04596403421444839,0.010966439155284292,0.989892091316459
DS03,13,10,D_约束+收缩★,316.22776601683796,0.7898687418409438,0.03977155287023155,0.00572635595599657,0.993674861097482
DS03,13,10,B_岭回归,1000.0,0.5146844099899538,0.06044207133573515,0.010746091849858403,0.9906090389066667
DS03,13,10,D_约束+收缩★,1000.0,0.5528375500375673,0.05801761627067794,0.006931580332233873,0.9935830923400015
DS03,13,10,B_岭回归,3162.2776601683795,0.31171117671411785,0.0719801216812465,0.008054740743272054,0.9909822361314434
DS03,13,10,D_约束+收缩★,3162.2776601683795,0.32632278740610243,0.07121199398934397,0.005976865268963365,0.9936204143088259
DS03,13,10,B_岭回归,10000.0,0.15022978254445862,0.07997936851396542,0.005347548787644456,0.9912549061676259
DS03,13,10,D_约束+收缩★,10000.0,0.1575636218265697,0.07963349449823381,0.004415351130223695,0.9938786929450658
DS03,13,100,Z_全零哨兵,,0.0,0.08676153315854795,0.0,0.0
DS03,13,100,B_岭回归,1e-06,-15.802913608022937,0.3556472992375586,0.00663609613491466,0.28010890520778703
DS03,13,100,D_约束+收缩★,1e-06,0.09461765187602744,0.08255497102194428,0.000248349344423896,0.9937074115702724
DS03,13,100,B_岭回归,3.162277660168379e-06,-15.800744618978317,0.35562434429030637,0.006636001227610275,0.28011789644336305
DS03,13,100,D_约束+收缩★,3.162277660168379e-06,0.09461765900610442,0.08255497069687537,0.0002483494096157453,0.9937074115476198
DS03,13,100,B_岭回归,1e-05,-15.793888430697386,0.35555177380843583,0.006635701184413013,0.28014632803173617
DS03,13,100,D_约束+收缩★,1e-05,0.0946176815533859,0.0825549696689173,0.0002483496157704941,0.9937074114759847
DS03,13,100,B_岭回归,3.1622776601683795e-05,-15.772234802917058,0.3553224800054986,0.0066347531644627205,0.28023622464195713
DS03,13,100,D_约束+收缩★,3.1622776601683795e-05,0.09461775285414942,0.0825549664182284,0.0002483502676888803,0.9937074112494546
DS03,13,100,B_岭回归,0.0001,-15.704034397743765,0.35459932586979565,0.0066317940487162046,0.2805203831067116
DS03,13,100,D_约束+收缩★,0.0001,0.09461797832686236,0.08255495613865121,0.0002483523292342223,0.9937074105331034
DS03,13,100,B_岭回归,0.00031622776601683794,-15.491076585652731,0.35233170227075833,0.006622698330549846,0.28141777811680896
DS03,13,100,D_约束+收缩★,0.00031622776601683794,0.09461869133326783,0.0825549236318073,0.00024835884839700083,0.9937074082677986
DS03,13,100,B_岭回归,0.001,-14.843747208236495,0.34534738357636824,0.006594836991938805,0.28424374960705173
DS03,13,100,D_约束+收缩★,0.001,0.09462094604825588,0.082554820836478,0.0002483794636399268,0.9937074011042432
DS03,13,100,B_岭回归,0.0031622776601683794,-13.029266357984806,0.32497106836829437,0.006515923399310058,0.29306461956149904
DS03,13,100,D_约束+收缩★,0.0031622776601683794,0.0946280759907806,0.08255449577247084,0.0002484446531630941,0.9937073784507647
DS03,13,100,B_岭回归,0.01,-8.96176070851189,0.2738389812648028,0.006338972578310077,0.31988563020407507
DS03,13,100,D_约束+收缩★,0.01,0.09465062192558327,0.082553467863488,0.0002486507845472686,0.9937073068109069
DS03,13,100,B_岭回归,0.03162277660168379,-3.4358050388911963,0.18273150989153375,0.0061079632185334,0.39612907132421715
DS03,13,100,D_约束+收缩★,0.03162277660168379,0.09472190920161871,0.08255021766646742,0.0002493024693729803,0.9937070802330887
DS03,13,100,B_岭回归,0.1,-0.050054555926926536,0.08890642547664689,0.006003629589976223,0.5825327144967664
DS03,13,100,D_约束+收缩★,0.1,0.23373418729502682,0.07594810509317965,0.00023908277996497797,0.9551844027551394
DS03,13,100,B_岭回归,0.31622776601683794,0.8427617795305619,0.034403789189543114,0.006004731398512349,0.8295140442553331
DS03,13,100,D_约束+收缩★,0.31622776601683794,0.8193146573587804,0.036879810395773274,0.00017321198643793323,0.9905259263234022
DS03,13,100,B_岭回归,1.0,0.9721994680871424,0.014466176864994094,0.005948198108037237,0.9500634169534227
DS03,13,100,D_约束+收缩★,1.0,0.9693146436590008,0.015198222677368464,0.0001463345920645149,0.9890214921226699
DS03,13,100,B_岭回归,3.1622776601683795,0.9855666463114426,0.010423434576559972,0.00580872840211461,0.9861316902165003
DS03,13,100,D_约束+收缩★,3.1622776601683795,0.9935439276556767,0.006971262110310784,0.00017594207666873498,0.990929358762863
DS03,13,100,B_岭回归,10.0,0.9848163344330084,0.010690931146705725,0.005800684625458105,0.9927287965096747
DS03,13,100,D_约束+收缩★,10.0,0.9946502415214699,0.006345915803450484,0.0002607953702415603,0.9921117131244146
DS03,13,100,B_岭回归,31.622776601683793,0.9660621656216599,0.01598340414153768,0.006293895498418644,0.9944834628683461
DS03,13,100,D_约束+收缩★,31.622776601683793,0.9887242162689396,0.009212989720040742,0.0008012342536574869,0.9942187413865359
DS03,13,100,B_岭回归,100.0,0.8883648115579047,0.02898863544593224,0.007929962236210114,0.9951550532445923
DS03,13,100,D_约束+收缩★,100.0,0.9461481927608623,0.020133874587554917,0.002768579414985273,0.9956447074425854
DS03,13,100,B_岭回归,316.22776601683796,0.7257584520097644,0.04543534641815366,0.010321122315410852,0.9952368254012871
DS03,13,100,D_约束+收缩★,316.22776601683796,0.796893459649091,0.03910111772550371,0.005625669039350336,0.9959046959801553
DS03,13,100,B_岭回归,1000.0,0.518994335835558,0.06017308988480461,0.010335117725835993,0.9951921431377254
DS03,13,100,D_约束+收缩★,1000.0,0.5575244876279691,0.05771275921979316,0.0069061620703622035,0.9956649673647138
DS03,13,100,B_岭回归,3162.2776601683795,0.3141650409696427,0.0718516965555402,0.0077725189016682955,0.9951876485869159
DS03,13,100,D_约束+收缩★,3162.2776601683795,0.32872071912770073,0.07108514264112575,0.00598342461274797,0.9954628240601767
DS03,13,100,B_岭回归,10000.0,0.15136408870983653,0.07992597091090023,0.0051977874635920065,0.995292504535476
DS03,13,100,D_约束+收缩★,10000.0,0.15862262231463253,0.07958342636777939,0.004411787756492701,0.9955085583777348
DS03,13,1000,Z_全零哨兵,,0.0,0.08676153315854795,0.0,0.0
DS03,13,1000,B_岭回归,1e-06,-13.37503613826435,0.32895136312363593,0.005609054116928267,0.2851870168924046
DS03,13,1000,D_约束+收缩★,1e-06,0.09741741802822157,0.08242722743461313,0.00024287790812060653,0.9936677069761883
DS03,13,1000,B_岭回归,3.162277660168379e-06,-13.373180418373028,0.3289301297408397,0.005608969412397459,0.2851969145435906
DS03,13,1000,D_约束+收缩★,3.162277660168379e-06,0.09741742507132756,0.08242722711301169,0.00024287798219091875,0.9936677069612244
DS03,13,1000,B_岭回归,1e-05,-13.367314475936606,0.32886300186605094,0.00560870162461068,0.28522821223359107
DS03,13,1000,D_约束+收缩★,1e-05,0.09741744734359348,0.08242722609601824,0.0002428782164218174,0.9936677069139035
DS03,13,1000,B_岭回归,3.1622776601683795e-05,-13.348788302793373,0.32865090453105794,0.005607855519358465,0.2853271698890751
DS03,13,1000,D_约束+收缩★,3.1622776601683795e-05,0.0974175177746629,0.08242722288000338,0.0002428789571247513,0.9936677067642619
DS03,13,1000,B_岭回归,0.0001,-13.290438153046777,0.32798198515115684,0.005605187019970719,0.2856399582685958
DS03,13,1000,D_约束+收缩★,0.0001,0.09741774049717267,0.08242721271007462,0.0002428812994312614,0.9936677062910528
DS03,13,1000,B_岭回归,0.00031622776601683794,-13.108238100664748,0.3258844275121188,0.005596819044835862,0.28662765315422506
DS03,13,1000,D_约束+收缩★,0.00031622776601683794,0.09741844480668638,0.0824271805499691,0.0002428887064363656,0.9936677047946298
DS03,13,1000,B_岭回归,0.001,-12.554403701516533,0.31942391333695624,0.005571659305898124,0.28973683186682414
DS03,13,1000,D_约束+收缩★,0.001,0.09742067201992632,0.08242707885111428,0.0002429121292589533,0.9936677000624744
DS03,13,1000,B_岭回归,0.0031622776601683794,-11.001995147119953,0.30057575123281394,0.00549835142343178,0.29943021685673055
DS03,13,1000,D_约束+收缩★,0.0031622776601683794,0.09742771499652192,0.08242675725438493,0.0002429861968859434,0.9936676850975841
DS03,13,1000,B_岭回归,0.01,-7.521998390733124,0.2532782761950166,0.0053363839568186635,0.3287918050599066
DS03,13,1000,D_约束+收缩★,0.01,0.09744998594335519,0.08242574030910355,0.0002432204008724356,0.9936676377694303
DS03,13,1000,B_岭回归,0.03162277660168379,-2.794304327190947,0.16900256588987872,0.005182777228979839,0.41119523252573237
DS03,13,1000,D_约束+收缩★,0.03162277660168379,0.09752040385560279,0.08242252477440992,0.00024396083480234253,0.9936674880545311
DS03,13,1000,B_岭回归,0.1,0.10218103936027012,0.0822094237897489,0.00517495758084918,0.6033880096464673
DS03,13,1000,D_约束+收缩★,0.1,0.37319219706492524,0.06869014211769253,0.0002161695764265895,0.9783920250757366
DS03,13,1000,B_岭回归,0.31622776601683794,0.8658259425791933,0.03178055624966888,0.005206588621424315,0.8370460569465316
DS03,13,1000,D_约束+收缩★,0.31622776601683794,0.8373452993199516,0.034991336214370915,0.00015302291847466655,0.9864696546787979
DS03,13,1000,B_岭回归,1.0,0.9764024762283671,0.013327860362545227,0.005191207556571401,0.9527911833666204
DS03,13,1000,D_约束+收缩★,1.0,0.964403158889102,0.01636940703579828,0.00013211868581822434,0.9853179744018847
DS03,13,1000,B_岭回归,3.1622776601683795,0.9875470232261077,0.00968197165474966,0.005149004361594959,0.9871355925494187
DS03,13,1000,D_约束+收缩★,3.1622776601683795,0.9929553068756233,0.007282127147337586,0.0001622086768463287,0.9886191712712651
DS03,13,1000,B_岭回归,10.0,0.9859059606262025,0.010300183409767887,0.005298484861298282,0.9933122980051826
DS03,13,1000,D_约束+收缩★,10.0,0.994621648655451,0.006362851719392481,0.00029309939343047505,0.9926104539062615
DS03,13,1000,B_岭回归,31.622776601683793,0.9660092306327172,0.015995864448336724,0.005958378751206964,0.9948274533256196
DS03,13,1000,D_约束+收缩★,31.622776601683793,0.9880214403346909,0.009495755375350556,0.0008441250007880626,0.9943097529551429
DS03,13,1000,B_岭回归,100.0,0.8875516412599945,0.029094023031915012,0.007639744046320373,0.9952914655743473
DS03,13,1000,D_约束+收缩★,100.0,0.9446738884419078,0.020407616849774032,0.002844710631740607,0.9956696699524742
DS03,13,1000,B_岭回归,316.22776601683796,0.7249094715047102,0.04550562008054792,0.010146366647815376,0.9952756499072543
DS03,13,1000,D_约束+收缩★,316.22776601683796,0.7951894020749531,0.03926480369507108,0.005649703885357656,0.9958262832589382
DS03,13,1000,B_岭回归,1000.0,0.5183921110359562,0.06021074681306459,0.010229072046132971,0.995206028079612
DS03,13,1000,D_约束+收缩★,1000.0,0.5563360444490575,0.057790212479440446,0.006909937836455006,0.9955401255612416
DS03,13,1000,B_岭回归,3162.2776601683795,0.31377912866701674,0.07187190881926937,0.007700691052262514,0.9951963213637085
DS03,13,1000,D_约束+收缩★,3162.2776601683795,0.32806288851338494,0.07111996460994746,0.005979147229861005,0.9953607751870103
DS03,13,1000,B_岭回归,10000.0,0.15117297474880098,0.07993497012292865,0.005157926926107895,0.9952980822200431
DS03,13,1000,D_约束+收缩★,10000.0,0.1583108696702088,0.07959816888789191,0.004406209348948769,0.9954350808603034
DS03,14,1,Z_全零哨兵,,0.0,0.07815581926593952,0.0,0.0
DS03,14,1,B_岭回归,1e-06,-302.2778412046487,1.361073755583943,0.023094960741211274,0.06643735215200385
DS03,14,1,D_约束+收缩★,1e-06,0.39921160692137514,0.060578998157909326,0.0019036166638317954,0.9931993461567876
DS03,14,1,B_岭回归,3.162277660168379e-06,-302.23875076948525,1.360986036217877,0.023094639377482743,0.06643969565979187
DS03,14,1,D_约束+收缩★,3.162277660168379e-06,0.3992116197188226,0.06057899751270999,0.00190361676831603,0.9931993460757054
DS03,14,1,B_岭回归,1e-05,-302.11518562977886,1.3607087174970902,0.023093623407556437,0.06644710647384235
DS03,14,1,D_约束+收缩★,1e-05,0.3992116601879059,0.06057899547241043,0.0019036170987241378,0.9931993458193011
DS03,14,1,B_岭回归,3.1622776601683795e-05,-301.7249345198826,1.359832500897349,0.023090413340835583,0.06647054143445141
DS03,14,1,D_约束+收缩★,3.1622776601683795e-05,0.39921178816233704,0.06057898902041861,0.001903618143566036,0.9931993450084793
DS03,14,1,B_岭回归,0.0001,-300.49579487078285,1.3570690613749314,0.023080289263495833,0.06654464837485909
DS03,14,1,D_约束+收缩★,0.0001,0.39921219285258813,0.06057896861744638,0.0019036214476444318,0.9931993424444322
DS03,14,1,B_岭回归,0.00031622776601683794,-296.6577472856755,1.3484036369472865,0.023048542128482508,0.06677898596375148
DS03,14,1,D_约束+收缩★,0.00031622776601683794,0.3992134725911257,0.06057890409775984,0.0019036318960391188,0.9931993343361756
DS03,14,1,B_岭回归,0.001,-284.9909948529581,1.3217140272837506,0.022950753977715357,0.0675199346887056
DS03,14,1,D_约束+收缩★,0.001,0.3992175194357067,0.0605787000703629,0.001903664936577744,0.9931993086953286
DS03,14,1,B_岭回归,0.0031622776601683794,-252.28693628163734,1.2438491546941917,0.02268070240813701,0.06986208760440706
DS03,14,1,D_约束+收缩★,0.0031622776601683794,0.39923031624197536,0.06057805489674184,0.0019037694180705203,0.9931992276089759
DS03,14,1,B_岭回归,0.01,-178.96189239915898,1.0484593465855185,0.022036926405272578,0.0772588339099189
DS03,14,1,D_约束+收缩★,0.01,0.3992707788973633,0.06057601485519259,0.0019040997989177358,0.9931989711626773
DS03,14,1,B_岭回归,0.03162277660168379,-79.29512821331636,0.700335139733145,0.0211074713449118,0.10053687235700841
DS03,14,1,D_约束+收缩★,0.03162277660168379,0.3993986890690052,0.060569565442811765,0.0019051443684884957,0.9931981599209687
DS03,14,1,B_岭回归,0.1,-18.140978047545396,0.3419348627276757,0.020456232250473542,0.1725742086960782
DS03,14,1,D_约束+收缩★,0.1,0.3998027371416515,0.0605491882532291,0.0019084457244629132,0.9931955916788782
DS03,14,1,B_岭回归,0.31622776601683794,-1.9444826145878582,0.13411143735265493,0.020359296011321217,0.3731340058025594
DS03,14,1,D_约束+收缩★,0.31622776601683794,0.5029702716991079,0.0551001146699704,0.001888925608340144,0.9659111067797189
DS03,14,1,B_岭回归,1.0,0.43555515932674316,0.05871811075443981,0.020192293321279975,0.6926232081147486
DS03,14,1,D_约束+收缩★,1.0,0.7847344938409653,0.036261731868362616,0.0018347615108740686,0.9659304019328688
DS03,14,1,B_岭回归,3.1622776601683795,0.6941974487361564,0.0432197123498018,0.01960143135189582,0.8475298911750434
DS03,14,1,D_约束+收缩★,3.1622776601683795,0.9456558799141563,0.01821954808326836,0.0018185527730079079,0.9815960178249005
DS03,14,1,B_岭回归,10.0,0.734748966383624,0.04025222228961849,0.018042386726379003,0.8814050887359626
DS03,14,1,D_约束+收缩★,10.0,0.9509198974619582,0.01731466329659925,0.0018886335216898515,0.9867302452683173
DS03,14,1,B_岭回归,31.622776601683793,0.7687333815004878,0.03758528044328175,0.01528166405948007,0.9002226297372488
DS03,14,1,D_约束+收缩★,31.622776601683793,0.8948663597694454,0.025341491429014835,0.002192954901122948,0.98704828370602
DS03,14,1,B_岭回归,100.0,0.7823580176532116,0.036461342595140805,0.0126155797353143,0.9258915806774657
DS03,14,1,D_约束+收缩★,100.0,0.8429400204381938,0.030973771362997993,0.0030652390555458405,0.9870325717730144
DS03,14,1,B_岭回归,316.22776601683796,0.7297163694239794,0.04063227993520651,0.01133546174167401,0.9510263462932341
DS03,14,1,D_约束+收缩★,316.22776601683796,0.7565379797429177,0.03856354327401666,0.004667199541164551,0.9877593978302001
DS03,14,1,B_岭回归,1000.0,0.5974465900646897,0.04958759834763555,0.01002915310591361,0.9661116360834535
DS03,14,1,D_约束+收缩★,1000.0,0.6098507952596924,0.04881762904221439,0.0055353329727216615,0.9888818447902853
DS03,14,1,B_岭回归,3162.2776601683795,0.39893266168417263,0.060593059899285324,0.00715383951609729,0.9747405906426422
DS03,14,1,D_约束+收缩★,3162.2776601683795,0.4049809759552192,0.06028742651528256,0.004372000520624245,0.9901772170553377
DS03,14,1,B_岭回归,10000.0,0.19625343711597631,0.07006818763445793,0.004046662858704526,0.9796602630902956
DS03,14,1,D_约束+收缩★,10000.0,0.19858553935243717,0.0699664609899688,0.002430408743489995,0.9911363843785276
DS03,14,10,Z_全零哨兵,,0.0,0.07815581926593952,0.0,0.0
DS03,14,10,B_岭回归,1e-06,-40.94188767653252,0.5061570687103862,0.010064284954573021,0.0659423191508157
DS03,14,10,D_约束+收缩★,1e-06,0.6579299434528965,0.04571080290006921,0.002284560367461442,0.954571760181817
DS03,14,10,B_岭回归,3.162277660168379e-06,-40.93656616332189,0.5061249575308501,0.010064192388275602,0.0659488875772305
DS03,14,10,D_约束+收缩★,3.162277660168379e-06,0.6579306271281812,0.045710757220300983,0.0022845600787758016,0.9545717311091672
DS03,14,10,B_岭回归,1e-05,-40.91974479375355,0.5060234402912128,0.010063899746060189,0.06596965864657935
DS03,14,10,D_约束+收缩★,1e-05,0.657932789081014,0.04571061276910913,0.002284559165876288,0.9545716391733395
DS03,14,10,B_岭回归,3.1622776601683795e-05,-40.86661820944711,0.5057026866694128,0.010062975110807776,0.06603534132160661
DS03,14,10,D_约束+收缩★,3.1622776601683795e-05,0.6579396255937889,0.04571015598351322,0.0022845562790817188,0.9545713484463453
DS03,14,10,B_岭回归,0.0001,-40.69928719888229,0.5046910876209247,0.010060058941870917,0.06624303603179289
DS03,14,10,D_约束+收缩★,0.0001,0.6579612427217569,0.04570871159243886,0.002284547150706989,0.9545704290830698
DS03,14,10,B_岭回归,0.00031622776601683794,-40.1767597491316,0.5015190153297465,0.010050914348092785,0.06689970264243063
DS03,14,10,D_约束+收缩★,0.00031622776601683794,0.6580295838502198,0.04570414494477531,0.0022845182889630715,0.9545675217632413
DS03,14,10,B_岭回归,0.001,-38.58812939173343,0.49174936802583835,0.010022951599560707,0.068975038729628
DS03,14,10,D_约束+收缩★,0.001,0.6582455152791442,0.045689713112007424,0.0022844270672087563,0.9545583276342778
DS03,14,10,B_岭回归,0.0031622776601683794,-34.132535361646404,0.46325068049762885,0.009947517182372157,0.0755252923282464
DS03,14,10,D_约束+收缩★,0.0031622776601683794,0.6643564415605941,0.045279380706704654,0.0022826428654103186,0.9541752845091502
DS03,14,10,B_岭回归,0.01,-24.12656435852393,0.39176702165989,0.009779776093552038,0.09610519197333554
DS03,14,10,D_约束+收缩★,0.01,0.7054675157816137,0.042415825153641354,0.0022705568537085582,0.9499717965216607
DS03,14,10,B_岭回归,0.03162277660168379,-10.46173476436605,0.264597963356541,0.009549464341419294,0.15960162531496702
DS03,14,10,D_约束+收缩★,0.03162277660168379,0.7853619450121467,0.036208845852529536,0.002245881098510068,0.954750086762564
DS03,14,10,B_岭回归,0.1,-1.9639384077743407,0.13455378134618787,0.009444169627976052,0.3392081393071979
DS03,14,10,D_约束+收缩★,0.1,0.9042198386634911,0.024187952220284067,0.002200561232676855,0.9764292705011915
DS03,14,10,B_岭回归,0.31622776601683794,0.3773771157668404,0.061669987357690595,0.009426980319608714,0.6814094256578963
DS03,14,10,D_约束+收缩★,0.31622776601683794,0.9474785192280828,0.017911411059926326,0.0021455350919742456,0.9764065946675538
DS03,14,10,B_岭回归,1.0,0.7645185478810363,0.03792622983413086,0.009348880583816046,0.9123444250502262
DS03,14,10,D_约束+收缩★,1.0,0.9214961800988,0.021898114117608013,0.0021116531858904578,0.9739125465671062
DS03,14,10,B_岭回归,3.1622776601683795,0.822456361796875,0.032931679303474605,0.009097407214606343,0.9615560300678784
DS03,14,10,D_约束+收缩★,3.1622776601683795,0.8859907929607371,0.026389507334510464,0.002114821867207834,0.9762738252135601
DS03,14,10,B_岭回归,10.0,0.8347454468206055,0.031771523246447456,0.008477945466539705,0.9709317938976656
DS03,14,10,D_约束+收缩★,10.0,0.8680507957136254,0.028389955233319088,0.002196576552799676,0.9849617599412758
DS03,14,10,B_岭回归,31.622776601683793,0.8372534393909029,0.0315295105879101,0.007598167982296367,0.9769912893595469
DS03,14,10,D_约束+收缩★,31.622776601683793,0.8563401210100331,0.029623002011618223,0.0024490071601043608,0.990642142291818
DS03,14,10,B_岭回归,100.0,0.8189277408670979,0.033257322354460786,0.007362746868477917,0.9839222808965085
DS03,14,10,D_约束+收缩★,100.0,0.8298570365055729,0.03223801673447276,0.003285157188646556,0.9930464400235866
DS03,14,10,B_岭回归,316.22776601683796,0.7478040881673506,0.03924915769779067,0.007870988147274913,0.989162074690444
DS03,14,10,D_约束+收缩★,316.22776601683796,0.7538376552639481,0.03877681457394493,0.004828342865749745,0.9942481447181407
DS03,14,10,B_岭回归,1000.0,0.6090633580886469,0.048866868459521484,0.007868089473782688,0.9916825483446035
DS03,14,10,D_约束+收缩★,1000.0,0.6129062558368432,0.04862609523111015,0.005505422774313212,0.9952317850904383
DS03,14,10,B_岭回归,3162.2776601683795,0.40749251811722165,0.06016005703341943,0.0059722590749198765,0.9929205786267302
DS03,14,10,D_约束+收缩★,3162.2776601683795,0.40999172218473146,0.06003304501581958,0.004356339479240152,0.9955220782381756
DS03,14,10,B_岭回归,10000.0,0.20102635045931994,0.06985983380071063,0.0033749754437110936,0.9933356369891541
DS03,14,10,D_约束+收缩★,10000.0,0.20187071106160892,0.06982290987709214,0.002503132468932995,0.995532507580931
DS03,14,100,Z_全零哨兵,,0.0,0.07815581926593952,0.0,0.0
DS03,14,100,B_岭回归,1e-06,-10.548501125562895,0.2655975902760379,0.006030400698627115,0.14406391367402646
DS03,14,100,D_约束+收缩★,1e-06,0.7120550347511705,0.041938806253649215,0.0014080807237431972,0.9474036530617432
DS03,14,100,B_岭回归,3.162277660168379e-06,-10.54706913578576,0.265581122995097,0.006030343492394883,0.14407583900078105
DS03,14,100,D_约束+收缩★,3.162277660168379e-06,0.7120555088396837,0.04193877172845016,0.0014080806071111883,0.9474036645973299
DS03,14,100,B_岭回归,1e-05,-10.542542589524249,0.2655290628981559,0.006030162638678744,0.14411354953368927
DS03,14,100,D_约束+收缩★,1e-05,0.7120570080283544,0.0419386625507871,0.0014080802382905047,0.9474037010743347
DS03,14,100,B_岭回归,3.1622776601683795e-05,-10.52824640512641,0.2653645745040596,0.006029591211421925,0.1442327940432701
DS03,14,100,D_约束+收缩★,3.1622776601683795e-05,0.7120617487708074,0.041938317306725106,0.0014080790719981765,0.9474038164075225
DS03,14,100,B_岭回归,0.0001,-10.483217331537473,0.26484581338347335,0.00602778901001862,0.144609811591462
DS03,14,100,D_约束+收缩★,0.0001,0.7120767392309296,0.041937225609367905,0.0014080753840688496,0.9474041809508081
DS03,14,100,B_岭回归,0.00031622776601683794,-10.342595745177857,0.26321918911608866,0.006022137617115964,0.14580137763601939
DS03,14,100,D_约束+收缩★,0.00031622776601683794,0.7121241323917693,0.04193377396140312,0.0014080637239200567,0.9474053320159813
DS03,14,100,B_岭回归,0.001,-9.914985095465315,0.25820990234177454,0.006004827025507568,0.14956272362677486
DS03,14,100,D_约束+收缩★,0.001,0.7122738944268061,0.04192286491167201,0.0014080268723612613,0.947408954811313
DS03,14,100,B_岭回归,0.0031622776601683794,-8.714963282577564,0.24360259014392763,0.0059570898946763534,0.16138888576549903
DS03,14,100,D_约束+收缩★,0.0031622776601683794,0.7127464026107762,0.04188842758449724,0.0014079105479247677,0.9474202400163364
DS03,14,100,B_岭回归,0.01,-6.015201723097087,0.2070052699059969,0.005844552677984737,0.19807227937366087
DS03,14,100,D_约束+收缩★,0.01,0.7361278864616987,0.04014745941522485,0.001400945464565576,0.9435238507579106
DS03,14,100,B_岭回归,0.03162277660168379,-2.3089557135606924,0.14216961825023547,0.005701057262175718,0.30619765008491884
DS03,14,100,D_约束+收缩★,0.03162277660168379,0.8198724049053503,0.033170456260564016,0.001380793285958548,0.9561957871388037
DS03,14,100,B_岭回归,0.1,0.029661521957730974,0.07698798386022329,0.005620149229200749,0.5643790826836358
DS03,14,100,D_约束+收缩★,0.1,0.9237577335834197,0.021580386516358834,0.0013476837990118392,0.9745951229666859
DS03,14,100,B_岭回归,0.31622776601683794,0.7007049510596037,0.04275738006898033,0.005585156761181928,0.8660343692918162
DS03,14,100,D_约束+收缩★,0.31622776601683794,0.9494744244417205,0.017567782851068872,0.0013127263858158753,0.9816102766438055
DS03,14,100,B_岭回归,1.0,0.8238436243529348,0.0328027688063861,0.005531613360582809,0.9687476957974844
DS03,14,100,D_约束+收缩★,1.0,0.9181417987528747,0.02236106162750017,0.0013022156988770745,0.9830700230043616
DS03,14,100,B_岭回归,3.1622776601683795,0.8461742232157734,0.03065320420202704,0.005379791865129514,0.9850314592546243
DS03,14,100,D_约束+收缩★,3.1622776601683795,0.8865165846957935,0.02632858497589341,0.0013249409928753517,0.9876549725804611
DS03,14,100,B_岭回归,10.0,0.8509845234566589,0.03017011794061565,0.00501567853995348,0.9884749176941585
DS03,14,100,D_约束+收缩★,10.0,0.8685883565104913,0.02833206590220095,0.0014274990156283003,0.9920300986166907
DS03,14,100,B_岭回归,31.622776601683793,0.8480907723061997,0.030461648175195477,0.004537203553061423,0.9910196164101924
DS03,14,100,D_约束+收缩★,31.622776601683793,0.8566554159287025,0.02959047688213812,0.0018318676539425842,0.9938644072482049
DS03,14,100,B_岭回归,100.0,0.8244974134360766,0.032741839907551834,0.0048446252213722295,0.9937606557995404
DS03,14,100,D_约束+收缩★,100.0,0.8292633990254376,0.03229420780633878,0.0028866917377523703,0.9943976436845926
DS03,14,100,B_岭回归,316.22776601683796,0.7495877474170596,0.03911011629952158,0.006120902481476364,0.9954998618981179
DS03,14,100,D_约束+收缩★,316.22776601683796,0.7522371208263589,0.03890267271487385,0.0044840683021472524,0.9949802266736594
DS03,14,100,B_岭回归,1000.0,0.6092252421833448,0.04885674969981589,0.0068853133118770785,0.996125903056548
DS03,14,100,D_约束+收缩★,1000.0,0.6117839253035771,0.048696536889510575,0.005396441271514357,0.9962378519467542
DS03,14,100,B_岭回归,3162.2776601683795,0.4073865471931847,0.06016543665477434,0.005454905326476255,0.9964022117229826
DS03,14,100,D_约束+收缩★,3162.2776601683795,0.4094411258341887,0.060061049934424196,0.0043082043444486505,0.9966775947891349
DS03,14,100,B_岭回归,10000.0,0.20093317986984593,0.06986390695891538,0.0031396982416529444,0.9966177860035828
DS03,14,100,D_约束+收缩★,10000.0,0.20166667802117821,0.06983183403915308,0.002520819846930747,0.9967175286989814
DS03,14,1000,Z_全零哨兵,,0.0,0.07815581926593952,0.0,0.0
DS03,14,1000,B_岭回归,1e-06,-8.194372868957466,0.23698582826427309,0.004813725201623502,0.16763640195515228
DS03,14,1000,D_约束+收缩★,1e-06,0.8955504029625377,0.025258915749945626,0.0011883873954396111,0.9727111018662525
DS03,14,1000,B_岭回归,3.162277660168379e-06,-8.193245359218603,0.23697129698381056,0.004813695697247269,0.16764986159744844
DS03,14,1000,D_约束+收缩★,3.162277660168379e-06,0.8955578813749387,0.025258011486188628,0.0011883844829955845,0.9727118419790398
DS03,14,1000,B_岭回归,1e-05,-8.189681276002254,0.23692535742365115,0.004813602421070368,0.16769242380326002
DS03,14,1000,D_约束+收缩★,1e-05,0.8955815236826125,0.02525515252715585,0.0011883752742467817,0.9727141814198875
DS03,14,1000,B_岭回归,3.1622776601683795e-05,-8.178424797364903,0.23678020753580464,0.00481330770425661,0.167827008052709
DS03,14,1000,D_约束+收缩★,3.1622776601683795e-05,0.8956562221795638,0.02524611744297067,0.001188346165699507,0.9727215693787082
DS03,14,1000,B_岭回归,0.0001,-8.142969569352458,0.2363224373051461,0.0048123782042942785,0.16825250813822198
DS03,14,1000,D_约束+收缩★,0.0001,0.8958917904983926,0.025217603304519758,0.001188254236953855,0.9727448324467072
DS03,14,1000,B_岭回归,0.00031622776601683794,-8.032242295300511,0.23488706948883797,0.0048094634081760675,0.16959712935478535
DS03,14,1000,D_约束+收缩★,0.00031622776601683794,0.896630275462416,0.02512800439796195,0.001187964733015513,0.9728174095901405
DS03,14,1000,B_岭回归,0.001,-7.69549865401275,0.2304669031000169,0.004800484556225099,0.17383986885286704
DS03,14,1000,D_约束+收缩★,0.001,0.8989024363881806,0.02485030163878435,0.0011870610771892367,0.9730373526275601
DS03,14,1000,B_岭回归,0.0031622776601683794,-6.750153644635509,0.21757874935805627,0.004775989529413948,0.18716197781906305
DS03,14,1000,D_约束+收缩★,0.0031622776601683794,0.9054962737470514,0.0240262386410201,0.001184316783434524,0.9736460037947078
DS03,14,1000,B_岭回归,0.01,-4.6211229894838945,0.1852989096328618,0.0047201453860962455,0.22830586466250136
DS03,14,1000,D_约束+收缩★,0.01,0.9119701661789619,0.023188692468048454,0.0011789177758169081,0.971823194218633
DS03,14,1000,B_岭回归,0.03162277660168379,-1.6895516598121896,0.12817439174127565,0.004648954478900499,0.34775852719771344
DS03,14,1000,D_约束+收缩★,0.03162277660168379,0.9278558372888709,0.020992391570358152,0.0011687399640128754,0.9729881870627476
DS03,14,1000,B_岭回归,0.1,0.1756535666277762,0.07096042395751453,0.004605082155059043,0.618198201194906
DS03,14,1000,D_约束+收缩★,0.1,0.9540355790832803,0.016756071946014934,0.0011434610140640263,0.981078068571207
DS03,14,1000,B_岭回归,0.31622776601683794,0.7228440648550198,0.041145601116405486,0.0046007809876397405,0.8944332705296499
DS03,14,1000,D_约束+收缩★,0.31622776601683794,0.9259871701245579,0.021262524390096446,0.001118770821221654,0.9815879716162367
DS03,14,1000,B_岭回归,1.0,0.8284847208393336,0.03236776610745887,0.004566773593542513,0.9758501843421931
DS03,14,1000,D_约束+收缩★,1.0,0.8888202648468296,0.02605998356585032,0.0011180819824823272,0.9828471677542074
DS03,14,1000,B_岭回归,3.1622776601683795,0.8491013642406288,0.030360154453021863,0.004439420284599283,0.9880746730246788
DS03,14,1000,D_约束+收缩★,3.1622776601683795,0.8737548705667881,0.027769536811194803,0.001150545792118582,0.9900434137590882
DS03,14,1000,B_岭回归,10.0,0.853523086616207,0.02991203152166467,0.00414691976382591,0.9906535496790277
DS03,14,1000,D_约束+收缩★,10.0,0.8653641456289005,0.028677526201956547,0.0012780351767929013,0.9934511466383897
DS03,14,1000,B_岭回归,31.622776601683793,0.8501102246095397,0.030258495075771833,0.003857942262449957,0.9926501245372993
DS03,14,1000,D_约束+收缩★,31.622776601683793,0.8558619656985426,0.029672259428819885,0.0017171152677696703,0.9944819764545576
DS03,14,1000,B_岭回归,100.0,0.8261291798899465,0.03258927291527293,0.004419324061900078,0.9948666988468792
DS03,14,1000,D_约束+收缩★,100.0,0.8295465022030921,0.03226742272967464,0.0027857244523637734,0.994794876091535
DS03,14,1000,B_岭回归,316.22776601683796,0.7510803391348209,0.03899338342696749,0.005798661279354692,0.9962893209902056
DS03,14,1000,D_约束+收缩★,316.22776601683796,0.7531298623505447,0.038832522228985825,0.004446100652384795,0.9953213908494939
DS03,14,1000,B_岭回归,1000.0,0.6106726366529154,0.04876618526348091,0.006747614916195142,0.9967854121295018
DS03,14,1000,D_约束+收缩★,1000.0,0.6129407322884084,0.048623929744619744,0.005389631596804319,0.9962795659014677
DS03,14,1000,B_岭回归,3162.2776601683795,0.40860701805310573,0.06010345020501769,0.005385306489957429,0.996979726031665
DS03,14,1000,D_约束+收缩★,3162.2776601683795,0.4105423659667595,0.06000502461286205,0.004303629405943216,0.9968336285400644
DS03,14,1000,B_岭回归,10000.0,0.20162919427381576,0.06983347340959423,0.0030901772619227235,0.9971528328638509
DS03,14,1000,D_约束+收缩★,10000.0,0.20231109240949252,0.06980364423285908,0.0025139818011339606,0.9969585323835819
DS03,15,1,Z_全零哨兵,,0.0,0.07834294999233453,0.0,0.0
DS03,15,1,B_岭回归,1e-06,-474.109823628548,1.7076423855339553,0.023954291916527398,0.006593132904844863
DS03,15,1,D_约束+收缩★,1e-06,-0.49095393039722035,0.09566036484519568,0.0031750824642756974,0.9880296291127388
DS03,15,1,B_岭回归,3.162277660168379e-06,-474.0487240123603,1.70753257971243,0.023953927710164618,0.0065954122381274086
DS03,15,1,D_约束+收缩★,3.162277660168379e-06,-0.4909539075625038,0.09566036411265214,0.003175082522468709,0.9880296290229215
DS03,15,1,B_岭回归,1e-05,-473.85558762276025,1.7071854361592187,0.02395277629630118,0.006602620116406971
DS03,15,1,D_约束+收缩★,1e-05,-0.49095383535280135,0.09566036179614643,0.0031750827064911478,0.9880296287388948
DS03,15,1,B_岭回归,3.1622776601683795e-05,-473.2456115215922,1.7060886006447034,0.023949138281712554,0.006625413356270963
DS03,15,1,D_约束+收缩★,3.1622776601683795e-05,-0.4909536070057361,0.0956603544707138,0.003175083288421583,0.9880296278407232
DS03,15,1,B_岭回归,0.0001,-471.32441597243434,1.702629363432944,0.02393766453864712,0.006697491183081633
DS03,15,1,D_约束+收缩★,0.0001,-0.490952884909589,0.09566033130567989,0.0031750851286504156,0.988029625000453
DS03,15,1,B_岭回归,0.00031622776601683794,-465.32531772094273,1.6917820713468894,0.023902145000928597,0.0069254140040595725
DS03,15,1,D_约束+收缩★,0.00031622776601683794,-0.49095060144787817,0.09566025805159196,0.003175090947996998,0.9880296160187093
DS03,15,1,B_岭回归,0.001,-447.08878753958754,1.65837201026586,0.02379580024786304,0.007646095937144927
DS03,15,1,D_约束+收缩★,0.001,-0.4909433805758787,0.09566002640363713,0.003175109350707794,0.9880295876157374
DS03,15,1,B_岭回归,0.0031622776601683794,-395.9623336394758,1.5608981677978688,0.02348868721000358,0.009924343112532331
DS03,15,1,D_约束+收缩★,0.0031622776601683794,-0.49092054685320896,0.09565929388659289,0.0031751675483997037,0.9880294977956068
DS03,15,1,B_岭回归,0.01,-281.2912212307358,1.3162809836888312,0.022762931964844104,0.017120794762607566
DS03,15,1,D_约束+收缩★,0.01,-0.49084834707681635,0.09565697764537529,0.003175351617758988,0.9880292137389436
DS03,15,1,B_岭回归,0.03162277660168379,-125.25972251233222,0.8803033125119077,0.021808449269139326,0.03978221267506296
DS03,15,1,D_约束+收缩★,0.03162277660168379,-0.49062009926314487,0.09564965485771888,0.00317593401688084,0.9880283152682734
DS03,15,1,B_岭回归,0.1,-29.229801857376007,0.43074234802077394,0.021249450400315402,0.11001743840080502
DS03,15,1,D_约束+收缩★,0.1,-0.38249675715264897,0.09211534467073364,0.0031639880492279893,0.9402411146087237
DS03,15,1,B_岭回归,0.31622776601683794,-3.563909477892248,0.1673664605311335,0.021097851620211914,0.3071255115011136
DS03,15,1,D_约束+收缩★,0.31622776601683794,0.4594923346470089,0.05759713078968941,0.002996208169082017,0.9795837010862005
DS03,15,1,B_岭回归,1.0,0.3163222809872832,0.06477771643788066,0.020972866298744838,0.6517974024199681
DS03,15,1,D_约束+收缩★,1.0,0.7804560678341541,0.036707992983916256,0.0029063739095636586,0.9746238388195922
DS03,15,1,B_岭回归,3.1622776601683795,0.7726410609470802,0.03735561904707224,0.0204642602607301,0.8658034691664693
DS03,15,1,D_约束+收缩★,3.1622776601683795,0.8780373486680649,0.027359827144862382,0.0028755835902014803,0.9709679715883047
DS03,15,1,B_岭回归,10.0,0.8391529707437105,0.0314200189689979,0.019110876905953037,0.9142106059937932
DS03,15,1,D_约束+收缩★,10.0,0.9430834075880616,0.01869043315365679,0.0028306521881420643,0.9772849015217044
DS03,15,1,B_岭回归,31.622776601683793,0.8724722022758262,0.02797707781431963,0.016777598498457228,0.9312792195922571
DS03,15,1,D_约束+收缩★,31.622776601683793,0.9613255055945831,0.015406792845717384,0.003002516435700278,0.982013308773601
DS03,15,1,B_岭回归,100.0,0.8781211908842478,0.02735042138463649,0.014348862982467932,0.9482491314373761
DS03,15,1,D_约束+收缩★,100.0,0.9393744579629927,0.01928980058889972,0.0040598809555310875,0.9841610877758131
DS03,15,1,B_岭回归,316.22776601683796,0.8116309273696831,0.034002020170698345,0.013033090907640892,0.9624964587510499
DS03,15,1,D_约束+收缩★,316.22776601683796,0.8480156580387082,0.030542131631484358,0.005706528308892012,0.9864104688460952
DS03,15,1,B_岭回归,1000.0,0.6577762179802816,0.045830544189743735,0.011285156329432467,0.9702085494018413
DS03,15,1,D_约束+收缩★,1000.0,0.6747008246524875,0.044682905157679906,0.006364718132297215,0.9880393881959124
DS03,15,1,B_岭回归,3162.2776601683795,0.43570579954727284,0.058850846525383166,0.008137950121121083,0.9740806641623628
DS03,15,1,D_约束+收缩★,3162.2776601683795,0.44336051966427326,0.05845032412405199,0.00525637898070497,0.9888045199372649
DS03,15,1,B_岭回归,10000.0,0.21469356205237966,0.0694255772939964,0.0048188313211059465,0.9760433230924415
DS03,15,1,D_约束+收缩★,10000.0,0.21790980243335034,0.06928326441753391,0.003349170309380832,0.9887122824384672
DS03,15,10,Z_全零哨兵,,0.0,0.07834294999233453,0.0,0.0
DS03,15,10,B_岭回归,1e-06,-99.14178297383533,0.7839846880239472,0.010955285697149509,0.1534672401324059
DS03,15,10,D_约束+收缩★,1e-06,-0.5490642554775131,0.09750674011922003,0.002034993273262687,0.9958982881240543
DS03,15,10,B_岭回归,3.162277660168379e-06,-99.12891537584902,0.7839343178209435,0.010955116660930322,0.1534723523232025
DS03,15,10,D_约束+收缩★,3.162277660168379e-06,-0.5490642295279264,0.09750673930251419,0.0020349934491297682,0.9958982881280101
DS03,15,10,B_岭回归,1e-05,-99.08824078809988,0.7837750758878864,0.010954582264340198,0.1534885184114045
DS03,15,10,D_约束+收缩★,1e-05,-0.5490641474681386,0.09750673671986387,0.0020349940052700436,0.995898288140519
DS03,15,10,B_岭回归,3.1622776601683795e-05,-98.95977957115265,0.7832719347261095,0.010952893781657282,0.1535396392698214
DS03,15,10,D_约束+收缩★,3.1622776601683795e-05,-0.5490638879723913,0.09750672855280876,0.002034995763939775,0.9958982881800748
DS03,15,10,B_岭回归,0.0001,-98.55517452723176,0.7816851109011743,0.010947568566768396,0.15370128960249563
DS03,15,10,D_约束+收缩★,0.0001,-0.5490630673755612,0.09750670272633266,0.0020350013253388473,0.9958982883051586
DS03,15,10,B_岭回归,0.00031622776601683794,-97.29175582724329,0.7767092322649585,0.010930869835651313,0.15421239256875754
DS03,15,10,D_约束+收缩★,0.00031622776601683794,-0.5490604724283266,0.09750662105604437,0.00203501891199666,0.9958982887006889
DS03,15,10,B_岭回归,0.001,-93.4510717202599,0.7613833333443596,0.01087943511175669,0.15582783586126073
DS03,15,10,D_约束+收缩★,0.001,-0.5490522665624864,0.09750636279391556,0.0020350745255910707,0.9958982899512434
DS03,15,10,B_岭回归,0.0031622776601683794,-82.68325126713084,0.7166699475133991,0.010730731141696648,0.16092814367924557
DS03,15,10,D_约束+收缩★,0.0031622776601683794,-0.5490263181146,0.09750554611735017,0.00203525038820994,0.9958982939036494
DS03,15,10,B_岭回归,0.01,-58.5295266518635,0.6044580078117796,0.01038052639544853,0.176971570875357
DS03,15,10,D_约束+收缩★,0.01,-0.5489442697002567,0.09750296375922762,0.0020358064845594,0.9958983063803053
DS03,15,10,B_岭回归,0.03162277660168379,-25.653282164865665,0.40445971295465194,0.009925336823152414,0.22675041499441187
DS03,15,10,D_约束+收缩★,0.03162277660168379,-0.5486848876380832,0.09749479962473874,0.0020375647148467425,0.9958983456155239
DS03,15,10,B_岭回归,0.1,-5.400897633831489,0.19820762684569757,0.009684706739752046,0.3718987302843207
DS03,15,10,D_约束+收缩★,0.1,-0.4367665990406333,0.09390593310390806,0.002023344696979998,0.927079054056982
DS03,15,10,B_岭回归,0.31622776601683794,0.026805607959911937,0.07728580229631402,0.00962916043319408,0.677887399758092
DS03,15,10,D_约束+收缩★,0.31622776601683794,0.4908155185439328,0.05590330709129153,0.0018495429008572077,0.9796883779570794
DS03,15,10,B_岭回归,1.0,0.8542916469271178,0.02990488561081746,0.009578953298942152,0.9166268853757015
DS03,15,10,D_约束+收缩★,1.0,0.8898867162064416,0.025996793112122166,0.001763011003844445,0.992426681317829
DS03,15,10,B_岭回归,3.1622776601683795,0.9537919386124234,0.016840647870546965,0.009391808615414407,0.9770316078105884
DS03,15,10,D_约束+收缩★,3.1622776601683795,0.9680584082742609,0.01400161713401299,0.0017894905197231876,0.9924879362552859
DS03,15,10,B_岭回归,10.0,0.9675506559085295,0.014112465140160542,0.008979930120281608,0.9862346873339698
DS03,15,10,D_约束+收缩★,10.0,0.9850243621287444,0.009587217623855459,0.0019369716164378975,0.9933831315033657
DS03,15,10,B_岭回归,31.622776601683793,0.9682562070831019,0.013958197192863214,0.008431226396087363,0.9890666047949241
DS03,15,10,D_约束+收缩★,31.622776601683793,0.9858853887362683,0.00930752864744061,0.0021895184225523383,0.9946394086506635
DS03,15,10,B_岭回归,100.0,0.9420934611891362,0.01885227318186775,0.008479146538097651,0.9916631009919875
DS03,15,10,D_约束+收缩★,100.0,0.9599843003332125,0.01567166459233345,0.0035303192537862156,0.9954725086215331
DS03,15,10,B_岭回归,316.22776601683796,0.8503696263018107,0.030304686882574493,0.00911894764313657,0.9937175216135508
DS03,15,10,D_约束+收缩★,316.22776601683796,0.8659172408836309,0.028687082996290296,0.005593575003338099,0.9960828307340819
DS03,15,10,B_岭回归,1000.0,0.6809350228157931,0.044252670966058255,0.008818482697311395,0.9947835198229288
DS03,15,10,D_约束+收缩★,1000.0,0.6889168791401681,0.04369564399421208,0.006381439751886973,0.9965043146448211
DS03,15,10,B_岭回归,3162.2776601683795,0.4497568568243624,0.058113527833988966,0.006909821851818663,0.9952855946288789
DS03,15,10,D_约束+收缩★,3162.2776601683795,0.4543098543871633,0.05787259764660244,0.005366724549325676,0.9967199289159007
DS03,15,10,B_岭回归,10000.0,0.2216818923555588,0.06911598282632783,0.004296033886499251,0.9953654234223891
DS03,15,10,D_约束+收缩★,10000.0,0.22391660550844494,0.06901668832097078,0.00345742622434275,0.9967346190176509
DS03,15,100,Z_全零哨兵,,0.0,0.07834294999233453,0.0,0.0
DS03,15,100,B_岭回归,1e-06,-25.032625799890763,0.39972278874443273,0.006699199142225242,0.2028574703236666
DS03,15,100,D_约束+收缩★,1e-06,-0.506007809192353,0.09614208421378874,0.0014526440636030281,0.9967029570136907
DS03,15,100,B_岭回归,3.162277660168379e-06,-25.02928296683715,0.39969712384495465,0.006699092200508922,0.20286821936012112
DS03,15,100,D_约束+收缩★,3.162277660168379e-06,-0.5060077842844815,0.0961420834187415,0.0014526442291396286,0.9967029570369268
DS03,15,100,B_岭回归,1e-05,-25.018716242298517,0.3996159860330544,0.006698754111497396,0.2029022101941688
DS03,15,100,D_约束+收缩★,1e-05,-0.506007705518887,0.0961420809045817,0.0014526447526122988,0.9967029571104049
DS03,15,100,B_岭回归,3.1622776601683795e-05,-24.985343696676487,0.3993596228497301,0.0066976858834428875,0.20300969257673981
DS03,15,100,D_约束+收缩★,3.1622776601683795e-05,-0.5060074564402757,0.09614207295411209,0.0014526464079778825,0.9967029573427639
DS03,15,100,B_岭回归,0.0001,-24.8802325338348,0.3985510961184572,0.006694316856539465,0.20334952095508804
DS03,15,100,D_约束+收缩★,0.0001,-0.5060066687853093,0.09614204781253965,0.001452651642700681,0.9967029580775442
DS03,15,100,B_岭回归,0.00031622776601683794,-24.552012095558908,0.39601576308084796,0.006683752313250403,0.20442354405543495
DS03,15,100,D_约束+收缩★,0.00031622776601683794,-0.5060041780091584,0.09614196830810458,0.0014526681963189382,0.9967029604010942
DS03,15,100,B_岭回归,0.001,-23.554244628797914,0.3882068639665994,0.006651242172697974,0.20781378603203035
DS03,15,100,D_约束+收缩★,0.001,-0.5059963015589786,0.0961417168949861,0.001452720543169532,0.9967029677485131
DS03,15,100,B_岭回归,0.0031622776601683794,-20.75683455173917,0.36542459592938964,0.006564541131361642,0.21847252819361326
DS03,15,100,D_约束+收缩★,0.0031622776601683794,-0.505971394792395,0.09614092187669825,0.00145288607557953,0.9967029909801783
DS03,15,100,B_岭回归,0.01,-14.481519955401978,0.30825257932149247,0.00638184010775851,0.25152841537329973
DS03,15,100,D_约束+收缩★,0.01,-0.5058926402388997,0.09613840800611881,0.0014534095063608648,0.9967030644160286
DS03,15,100,B_岭回归,0.03162277660168379,-5.938708385899907,0.20636651906738895,0.006117228763460579,0.348866957337394
DS03,15,100,D_约束+收缩★,0.03162277660168379,-0.38569215588956274,0.09222173745932669,0.0014426994691644401,0.8895251913219017
DS03,15,100,B_岭回归,0.1,-0.6738493277452691,0.10135801621522963,0.005966043326865116,0.5797186415073566
DS03,15,100,D_约束+收缩★,0.1,0.18066573961079113,0.07091375432013754,0.001383517173147187,0.9777825573825446
DS03,15,100,B_岭回归,0.31622776601683794,0.7390009046771198,0.04002390156845616,0.005956604769459795,0.8568212530422591
DS03,15,100,D_约束+收缩★,0.31622776601683794,0.7958409873836046,0.035398446189363324,0.001279963192246034,0.99212957167392
DS03,15,100,B_岭回归,1.0,0.9552447870727807,0.01657378629369736,0.005961224080212962,0.9709741086022007
DS03,15,100,D_约束+收缩★,1.0,0.9456127003816618,0.018270425801435276,0.001250835255264037,0.9917017054723813
DS03,15,100,B_岭回归,3.1622776601683795,0.9814155407294088,0.010680089338272046,0.005884918314863291,0.9908825051635652
DS03,15,100,D_约束+收缩★,3.1622776601683795,0.9815680358330761,0.01063618125121665,0.0012845484599019847,0.9934997192505279
DS03,15,100,B_岭回归,10.0,0.9841849813005873,0.00985223530425321,0.005768209827493948,0.9938824377226064
DS03,15,100,D_约束+收缩★,10.0,0.9902449891313349,0.007737734066147493,0.0014032230293048332,0.9950554981077184
DS03,15,100,B_岭回归,31.622776601683793,0.9787016513660857,0.01143333389583617,0.005781459690178705,0.9950515298436556
DS03,15,100,D_约束+收缩★,31.622776601683793,0.9866371752585907,0.00905626364300262,0.0017187270291411313,0.9961431635969303
DS03,15,100,B_岭回归,100.0,0.946512658253155,0.018118632992096127,0.006472727992386177,0.9961674427661372
DS03,15,100,D_约束+收缩★,100.0,0.9586253496253445,0.015935551172359213,0.003218584135954469,0.9967754743719875
DS03,15,100,B_岭回归,316.22776601683796,0.8501030117774454,0.030331673628485538,0.00780433519646311,0.9970296129768448
DS03,15,100,D_约束+收缩★,316.22776601683796,0.8625562517044172,0.02904440045677266,0.005337941367287383,0.9970589981647268
DS03,15,100,B_岭回归,1000.0,0.6779548280920905,0.044458859452915736,0.008002389090518352,0.9974436590508219
DS03,15,100,D_约束+收缩★,1000.0,0.6845740849111592,0.043999587671809594,0.006231289297553029,0.9973356184334584
DS03,15,100,B_岭回归,3162.2776601683795,0.4462722506847575,0.0582972494893823,0.006498785427809581,0.9976159678437799
DS03,15,100,D_约束+收缩★,3162.2776601683795,0.4501654773304271,0.05809194574822594,0.005250960306518146,0.9974771081556134
DS03,15,100,B_岭回归,10000.0,0.21952753386324575,0.0692115720895598,0.004097065959584512,0.9976465166935263
DS03,15,100,D_约束+收缩★,10000.0,0.2214545962405039,0.06912607423204319,0.0033838552898733925,0.9974937216169378
DS03,15,1000,Z_全零哨兵,,0.0,0.07834294999233453,0.0,0.0
DS03,15,1000,B_岭回归,1e-06,-30.487911433469748,0.43961433794181376,0.006476317980801761,0.20303583202278822
DS03,15,1000,D_约束+收缩★,1e-06,-0.5046631870795906,0.09609915494081896,0.001366006555019981,0.9969768429085484
DS03,15,1000,B_岭回归,3.162277660168379e-06,-30.48386633748351,0.4395860994968298,0.006476221442839289,0.20304519730962065
DS03,15,1000,D_约束+收缩★,3.162277660168379e-06,-0.504663161911187,0.09609915413709678,0.0013660067218311286,0.9969768429315029
DS03,15,1000,B_岭回归,1e-05,-30.471079754081106,0.43949682559578557,0.006475916244603618,0.20307481253635387
DS03,15,1000,D_约束+收缩★,1e-05,-0.5046630823217129,0.09609915159550426,0.0013660072493342263,0.9969768430040907
DS03,15,1000,B_岭回归,3.1622776601683795e-05,-30.43069630400616,0.43921475558799444,0.006474951938549685,0.2031684599713288
DS03,15,1000,D_约束+收缩★,3.1622776601683795e-05,-0.5046628306377814,0.09609914355828532,0.0013660089174450769,0.9969768432336341
DS03,15,1000,B_岭回归,0.0001,-30.303503430286717,0.43832515360030483,0.006471953661703913,0.20346455779204078
DS03,15,1000,D_约束+收缩★,0.0001,-0.5046620347440656,0.09609911814238714,0.0013660141924720052,0.9969768439595111
DS03,15,1000,B_岭回归,0.00031622776601683794,-29.9063309925304,0.43553558712202367,0.006462617618779858,0.20440048696279808
DS03,15,1000,D_约束+收缩★,0.00031622776601683794,-0.5046595179148325,0.0960990377704613,0.0013660308735427853,0.9969768462549115
DS03,15,1000,B_岭回归,0.001,-28.698958212041106,0.4269436203583068,0.006433861235262835,0.2073559910729074
DS03,15,1000,D_约束+收缩★,0.001,-0.5046515590787424,0.09609878361412483,0.0013660836234304565,0.9969768535133563
DS03,15,1000,B_岭回归,0.0031622776601683794,-25.313919136390513,0.40187657164177476,0.006350808947964504,0.21665984599798627
DS03,15,1000,D_约束+收缩★,0.0031622776601683794,-0.5046263917969296,0.09609797992131372,0.0013662504303229926,0.9969768764640885
DS03,15,1000,B_岭回归,0.01,-17.720639592724574,0.3389692184320672,0.006156348281861114,0.24563949722920742
DS03,15,1000,D_约束+收缩★,0.01,-0.5045468135406086,0.09609543862241147,0.0013667778910476836,0.9969769490158267
DS03,15,1000,B_岭回归,0.03162277660168379,-7.384583579088522,0.2268509853049029,0.005865226706857089,0.33235757327248366
DS03,15,1000,D_约束+收缩★,0.03162277660168379,-0.402993909778536,0.09279569177979524,0.0013580368648639693,0.8896378501347529
DS03,15,1000,B_岭回归,0.1,-1.0162364966432915,0.11124247856834897,0.005648008135646399,0.550106621390744
DS03,15,1000,D_约束+收缩★,0.1,0.08405259671385867,0.07497823083161805,0.0013054154184866783,0.9690413056026826
DS03,15,1000,B_岭回归,0.31622776601683794,0.6913917254118234,0.04352148484951235,0.005583824041892823,0.8393305726970456
DS03,15,1000,D_约束+收缩★,0.31622776601683794,0.7532511520203,0.038915936643246336,0.00120381562218284,0.9915250886573929
DS03,15,1000,B_岭回归,1.0,0.9520713200354788,0.01715132414502899,0.005551916933124745,0.9680923602534582
DS03,15,1000,D_约束+收缩★,1.0,0.9508719010638234,0.017364604665069065,0.001154141652142837,0.9937323165389914
DS03,15,1000,B_岭回归,3.1622776601683795,0.9832481717590714,0.01013983823442166,0.00550487616570854,0.9916824326117295
DS03,15,1000,D_约束+收缩★,3.1622776601683795,0.9862354018146418,0.009191400492751047,0.0011850693501696177,0.99513459484082
DS03,15,1000,B_岭回归,10.0,0.9862865076948026,0.0091743214821421,0.005424906331599114,0.9950202392795623
DS03,15,1000,D_约束+收缩★,10.0,0.9922907518458276,0.006878693102599603,0.0013405574085232884,0.9962309491075407
DS03,15,1000,B_岭回归,31.622776601683793,0.9804573376439645,0.010951958391066283,0.005534390994087647,0.9960506706040704
DS03,15,1000,D_约束+收缩★,31.622776601683793,0.9878078708782734,0.008650469864811884,0.0017168048363953488,0.9967643863552339
DS03,15,1000,B_岭回归,100.0,0.947887343107172,0.017884282799550816,0.006278744482752381,0.9969441312799879
DS03,15,1000,D_约束+收缩★,100.0,0.9593617684453104,0.01579309766636231,0.0032234759299856184,0.9969963453778016
DS03,15,1000,B_岭回归,316.22776601683796,0.8509465357760715,0.030246209633355413,0.007671942242703412,0.9976246508223531
DS03,15,1000,D_约束+收缩★,316.22776601683796,0.863132343232702,0.028983467154002938,0.005338332097169483,0.9972515501254876
DS03,15,1000,B_岭回归,1000.0,0.67795871418183,0.04445859121160392,0.00789819737283166,0.9979444879783118
DS03,15,1000,D_约束+收缩★,1000.0,0.6844808106219927,0.04400609272848463,0.006218939503884902,0.9975342742366738
DS03,15,1000,B_岭回归,3162.2776601683795,0.4457247007801777,0.058326065786022424,0.006439308634974666,0.9980689833835764
DS03,15,1000,D_约束+收缩★,3162.2776601683795,0.4495410569714354,0.0581249224888368,0.005240609573827076,0.9976653300776448
DS03,15,1000,B_岭回归,10000.0,0.21909065718546905,0.06923094028819889,0.004060735801609691,0.9980971462687839
DS03,15,1000,D_约束+收缩★,10000.0,0.22098103399241587,0.0691470945363839,0.0033826287187059137,0.9976471367851675
