mode,subset,unit,N,arm,lambda,skill,rmse,rmse_early,false_alarm,detect_corr
full,DS02,11,1,Z_zero,NaN,0,0.0834425248239435,0.00529926525882133,0,0
full,DS02,11,1,H0,0.1,-1.00789395820623,0.118238203661763,0.00687036673503126,0.00447818531179415,0.989950513605841
full,DS02,11,1,H0,0.316227766016838,-0.276092138245382,0.0942602208873239,0.00687188418278255,0.00436626019723242,0.966657260640948
full,DS02,11,1,H0,1,0.499945352473371,0.0590059994099663,0.00686762189857507,0.00419228671196589,0.978799225106335
full,DS02,11,1,H0,3.16227766016838,0.720093586975645,0.0441462543360057,0.00684745880190016,0.0040618435143782,0.978921887570615
full,DS02,11,1,H0,10,0.845207142521699,0.0328293962050824,0.00675245794945825,0.00384966525834893,0.979987733743114
full,DS02,11,1,H0,31.6227766016838,0.929195783897268,0.0222032728591386,0.00590103149566141,0.00361927156831105,0.983666210612373
full,DS02,11,1,H0,100,0.948312525521636,0.0189705574503704,0.00492054095691398,0.00396755414292308,0.984158980744906
full,DS02,11,1,H0,316.227766016838,0.887095154708766,0.0280377866428943,0.00424833371313919,0.00569140371678324,0.984506848260099
full,DS02,11,1,H0,1000,0.729887784433669,0.0433670168964475,0.00399345368090522,0.00677683947617753,0.987087229143936
full,DS02,11,1,TRA4,0.1,-0.662789001035175,0.107598448256427,0.00657505092630608,0.00515771498230436,0.916616140096682
full,DS02,11,1,TRA4,0.316227766016838,-0.596236524028057,0.105423166969076,0.00657312283481125,0.00513907007783507,0.916992778649871
full,DS02,11,1,TRA4,1,0.0203274144477507,0.0825900852172313,0.00656722572483916,0.00498720655634085,0.970485454833109
full,DS02,11,1,TRA4,3.16227766016838,0.485523745223733,0.0598508198896063,0.00654138541408181,0.00478442136621269,0.982476081344915
full,DS02,11,1,TRA4,10,0.748243888626079,0.0418675403480695,0.00646387380824281,0.00446763434535494,0.982670916496086
full,DS02,11,1,TRA4,31.6227766016838,0.90408232042671,0.0258426335031287,0.00541767065029371,0.00400910970761281,0.983591916241525
full,DS02,11,1,TRA4,100,0.946815822146556,0.0192432606161088,0.00446482530367128,0.00428006561827728,0.984778491561157
full,DS02,11,1,TRA4,316.227766016838,0.890205238438651,0.0276489247523079,0.00379691565949866,0.00594122587596807,0.985595388667081
full,DS02,11,1,TRA4,1000,0.72955967874324,0.0433933478911921,0.00390124714649691,0.00680358227961992,0.987518649990679
full,DS02,11,1,MoE_K4,0.1,-0.604445926620099,0.105693913596647,0.0061937351572149,0.00485004352431855,0.908656516073636
full,DS02,11,1,MoE_K4,0.316227766016838,-0.583524229817193,0.105002537186438,0.0061922173002846,0.00483953176663567,0.911703722397333
full,DS02,11,1,MoE_K4,1,-0.35417244923594,0.0971011611952428,0.00618755890523552,0.00478040771750885,0.955761016620682
full,DS02,11,1,MoE_K4,3.16227766016838,0.332852441479313,0.0681551043579541,0.00616938047135133,0.00458164530565916,0.984769059681126
full,DS02,11,1,MoE_K4,10,0.714309981220251,0.0446000114701233,0.00610330729039099,0.00428181783178338,0.985428704868015
full,DS02,11,1,MoE_K4,31.6227766016838,0.895651831803411,0.0269544113219429,0.00501097535011288,0.00380197226946939,0.985495810045339
full,DS02,11,1,MoE_K4,100,0.941598563078955,0.0201650453460115,0.00425039740803283,0.00394794029834869,0.98579411109833
full,DS02,11,1,MoE_K4,316.227766016838,0.885837755066814,0.0281934800915453,0.003785785559797,0.00547643527548053,0.985801315301619
full,DS02,11,1,MoE_K4,1000,0.726244528210049,0.0436585030718256,0.00392180078575722,0.00651347762988506,0.987014341236626
full,DS02,11,1,FreeMLP,0.1,-0.768218508916312,0.110957178010301,0.00631947636423823,0.00511053351088287,0.827967183591992
full,DS02,11,1,FreeMLP,0.316227766016838,-0.658214384359812,0.107450335456696,0.00631783330704966,0.0050898121375553,0.860106837589392
full,DS02,11,1,FreeMLP,1,-0.182057978609248,0.0907207905320607,0.00631256838824649,0.00498764782714012,0.961620780143984
full,DS02,11,1,FreeMLP,3.16227766016838,0.428092897946084,0.0631030253987933,0.00629478510723414,0.0047994141028802,0.983435143371061
full,DS02,11,1,FreeMLP,10,0.729569907563082,0.043392527253698,0.00622331747275998,0.00449657577902559,0.984563382524392
full,DS02,11,1,FreeMLP,31.6227766016838,0.897938978741693,0.0266573756165827,0.0052366348404346,0.00397402726305241,0.98493408701833
full,DS02,11,1,FreeMLP,100,0.942607270493842,0.0199901418737425,0.004363680099979,0.00404680053987027,0.985423776536393
full,DS02,11,1,FreeMLP,316.227766016838,0.886594195765105,0.0280999196458066,0.003844859278295,0.00555427670704909,0.985277468895549
full,DS02,11,1,FreeMLP,1000,0.727033414715445,0.0435955519054595,0.0039278519269354,0.00655786891989953,0.986849924512058
full,DS02,11,1,MoE_dir,0.1,-0.571313168716298,0.104596899622229,0.00617318598281274,0.00441339190494396,0.914349766046108
full,DS02,11,1,MoE_dir,0.316227766016838,-0.550808763099208,0.103912204814144,0.00617146395702774,0.00440404425003199,0.916941256731136
full,DS02,11,1,MoE_dir,1,-0.349227147596075,0.0969236971876715,0.00616661058796187,0.00435682890671417,0.954215126480017
full,DS02,11,1,MoE_dir,3.16227766016838,0.351897013513593,0.0671752742184031,0.00614869765937472,0.00418631887856847,0.985005702399749
full,DS02,11,1,MoE_dir,10,0.71969625062345,0.0441775767535786,0.0060825775548841,0.00394454200420717,0.985567280172112
full,DS02,11,1,MoE_dir,31.6227766016838,0.897531305881589,0.0267105627087965,0.00497728412364657,0.00355910274643184,0.985738901516089
full,DS02,11,1,MoE_dir,100,0.940872781523884,0.020289958608706,0.00423405058754734,0.00381248477029838,0.985719062915589
full,DS02,11,1,MoE_dir,316.227766016838,0.884302906488224,0.028382370244996,0.00377460459152798,0.00542121951832661,0.985834707057519
full,DS02,11,1,MoE_dir,1000,0.72539344769835,0.0437263155366352,0.00391648630220397,0.00651411537296546,0.987090685943017
full,DS02,11,10,Z_zero,NaN,0,0.0834425248239435,0.00529926525882133,0,0
full,DS02,11,10,H0,0.1,0.272793432929881,0.0711567874707115,0.0074719363502033,0.000903625870470765,0.969981853773616
full,DS02,11,10,H0,0.316227766016838,0.654926623379516,0.0490165977347758,0.00569978429381348,0.000861557852576035,0.967376040067884
full,DS02,11,10,H0,1,0.82601415676294,0.034805220764556,0.00331226734724102,0.000834654226191792,0.965052689362744
full,DS02,11,10,H0,3.16227766016838,0.906176036755282,0.0255590274075542,0.0031914988176459,0.00083024220632595,0.971379185501652
full,DS02,11,10,H0,10,0.960435193879958,0.0165974724924525,0.00311776283552217,0.000853411869033357,0.985670052316065
full,DS02,11,10,H0,31.6227766016838,0.977170498484223,0.0126076937507183,0.00307473409962497,0.00106741038756041,0.99297873971167
full,DS02,11,10,H0,100,0.96895120900495,0.0147031295404066,0.00298925299379231,0.00239656853830728,0.993972531564227
full,DS02,11,10,H0,316.227766016838,0.897588112456847,0.0267031577840186,0.00288596339057739,0.00496273415186079,0.994378101057694
full,DS02,11,10,H0,1000,0.737835693176021,0.0427242274167441,0.0031346873823036,0.00654575970093607,0.99437661636466
full,DS02,11,10,TRA4,0.1,0.416060879444065,0.0637633641494097,0.0056192383630312,0.000789751746274696,0.95829504037191
full,DS02,11,10,TRA4,0.316227766016838,0.644299875152918,0.0497656230205598,0.00412648136760756,0.000766623938417382,0.962436332495098
full,DS02,11,10,TRA4,1,0.819935068048257,0.0354080497852416,0.00344677923834334,0.000744091386169132,0.966124340258962
full,DS02,11,10,TRA4,3.16227766016838,0.912458061076379,0.024688546216639,0.00332351849185681,0.000732233412693317,0.976056638640402
full,DS02,11,10,TRA4,10,0.96213589147446,0.0162368322838728,0.00325095069018623,0.000754117386972689,0.989158948450621
full,DS02,11,10,TRA4,31.6227766016838,0.976386455635852,0.0128223617766125,0.00317101130564609,0.000993948141914236,0.993963670900983
full,DS02,11,10,TRA4,100,0.969350734262858,0.0146082258254641,0.00304860008698476,0.00243110297706695,0.994492610603836
full,DS02,11,10,TRA4,316.227766016838,0.898182719609016,0.0266255251818145,0.00289169820663783,0.00510397587138906,0.994873871002775
full,DS02,11,10,TRA4,1000,0.736248316427589,0.0428533775206933,0.00313327127803805,0.00669812516527272,0.994753900531349
full,DS02,11,10,MoE_K4,0.1,0.532009993133107,0.0570828602768967,0.00485375201113165,0.000762165568346507,0.959284013534341
full,DS02,11,10,MoE_K4,0.316227766016838,0.694144503259287,0.0461472240558289,0.00374128568997098,0.000742846243026509,0.962336797505283
full,DS02,11,10,MoE_K4,1,0.837456007695894,0.0336413099097745,0.00331699295271839,0.000723091549381848,0.966530975545085
full,DS02,11,10,MoE_K4,3.16227766016838,0.918969267353002,0.023752663675581,0.0032116831431673,0.000711009720536939,0.976408117492346
full,DS02,11,10,MoE_K4,10,0.963214118552186,0.0160039807396706,0.0031505147272577,0.000725312351591062,0.988954061506189
full,DS02,11,10,MoE_K4,31.6227766016838,0.975288022949129,0.013117201275908,0.00310068129744397,0.000915673339068858,0.993878390486395
full,DS02,11,10,MoE_K4,100,0.96473572360303,0.0156694922884588,0.00300299688148773,0.00213376230046372,0.994402635603789
full,DS02,11,10,MoE_K4,316.227766016838,0.893217753052923,0.0272669752662596,0.00288933893244124,0.00462345114472382,0.994892213094924
full,DS02,11,10,MoE_K4,1000,0.732630048749064,0.04314631750555,0.00313815219047505,0.00636894286674058,0.994884839101923
full,DS02,11,10,FreeMLP,0.1,0.418464748175994,0.0636319833034232,0.00640222520523718,0.000780909434196858,0.963647077637903
full,DS02,11,10,FreeMLP,0.316227766016838,0.658565482163437,0.0487574685086528,0.00484891128814385,0.000754890371623724,0.966934042063727
full,DS02,11,10,FreeMLP,1,0.819391764143538,0.0354614273149735,0.00338301094505793,0.000731547430121757,0.968837529630752
full,DS02,11,10,FreeMLP,3.16227766016838,0.914401841162834,0.0244129155213467,0.00324598306651184,0.000717843576799277,0.97600110301396
full,DS02,11,10,FreeMLP,10,0.96332999290789,0.0159787548438401,0.00316433404560019,0.000729950964450957,0.988454033285652
full,DS02,11,10,FreeMLP,31.6227766016838,0.976732347975889,0.0127281040425177,0.00310224785065048,0.000917040908056561,0.993659041892569
full,DS02,11,10,FreeMLP,100,0.966719795672538,0.0152223053235754,0.00300300297765447,0.00214411698478357,0.994305444678585
full,DS02,11,10,FreeMLP,316.227766016838,0.894782928546594,0.0270664028506515,0.00288813324761742,0.00465190381105939,0.994802857001747
full,DS02,11,10,FreeMLP,1000,0.73282213421518,0.0431308160074493,0.00313774211638153,0.00640189468005099,0.994903399615806
full,DS02,11,10,MoE_dir,0.1,0.522014735892946,0.0576892231242664,0.00503986818054386,0.000537832334191267,0.958425170102316
full,DS02,11,10,MoE_dir,0.316227766016838,0.682543129803721,0.0470142813234915,0.00383009434276686,0.000520179595552014,0.961678365909029
full,DS02,11,10,MoE_dir,1,0.840227501866147,0.0333532723258885,0.0034060095618161,0.000499987251002391,0.966681299846392
full,DS02,11,10,MoE_dir,3.16227766016838,0.919853301752449,0.0236227391552901,0.0032600901691802,0.000491247699490872,0.97706183050399
full,DS02,11,10,MoE_dir,10,0.963719774300084,0.0158936054128744,0.00317527864022092,0.000519197718377434,0.989360286925129
full,DS02,11,10,MoE_dir,31.6227766016838,0.975443030370922,0.0130759973279365,0.00312801471621862,0.000721181018093614,0.994054686169365
full,DS02,11,10,MoE_dir,100,0.964189238063255,0.0157904394753957,0.00303244152891902,0.0019699736044697,0.994481294424237
full,DS02,11,10,MoE_dir,316.227766016838,0.892208545430813,0.0273955234411657,0.00291063772390468,0.00451057014655449,0.994911935499397
full,DS02,11,10,MoE_dir,1000,0.731934195047225,0.0432024270557872,0.00314524060366163,0.00631580448689051,0.994891033873762
full,DS02,11,100,Z_zero,NaN,0,0.0834425248239435,0.00529926525882133,0,0
full,DS02,11,100,H0,0.1,0.603506625555952,0.0525418552757357,0.00801232340249959,0.000629773754658192,0.977766376435855
full,DS02,11,100,H0,0.316227766016838,0.771157890678109,0.0399167714752633,0.00733791860008085,0.000607827608001022,0.971241273390068
full,DS02,11,100,H0,1,0.874820854134851,0.0295225202086284,0.0055544210404602,0.000593871484369958,0.978088852672239
full,DS02,11,100,H0,3.16227766016838,0.941490172877911,0.0201837493389216,0.00313238987481282,0.000586468537213173,0.987535987088182
full,DS02,11,100,H0,10,0.970511610273931,0.0143289037495577,0.00282089183171473,0.000604194855342046,0.993007580251193
full,DS02,11,100,H0,31.6227766016838,0.979808150762579,0.0118570181336743,0.0027477308427551,0.000807265196644921,0.995166268154226
full,DS02,11,100,H0,100,0.970483827466157,0.0143356522268133,0.00262302701997964,0.00202565993202679,0.994995606550368
full,DS02,11,100,H0,316.227766016838,0.899538376802774,0.026447676985667,0.00244396708391195,0.00475201563623425,0.99433548329018
full,DS02,11,100,H0,1000,0.739607414516608,0.0425796162969723,0.00281061759647004,0.00648670021605409,0.995126695498482
full,DS02,11,100,TRA4,0.1,0.490398919535414,0.0595665718747491,0.00835213868487935,0.000593632231717172,0.959244702913917
full,DS02,11,100,TRA4,0.316227766016838,0.738260646256546,0.0426895866305644,0.00814053229918944,0.000564866419670723,0.96911517859069
full,DS02,11,100,TRA4,1,0.849206907143345,0.0324024732736957,0.0064787525788918,0.000549054920548031,0.976294495405662
full,DS02,11,100,TRA4,3.16227766016838,0.930095718243167,0.0220617178236445,0.00357066620851168,0.000542175915344914,0.986128024945793
full,DS02,11,100,TRA4,10,0.966448531629533,0.0152842172614649,0.00295468016768454,0.000555067493772472,0.992808971487956
full,DS02,11,100,TRA4,31.6227766016838,0.978238090623508,0.0123093730961328,0.00285555003672442,0.000776171584221665,0.995284454405751
full,DS02,11,100,TRA4,100,0.970830273489074,0.0142512715450977,0.00269782041543262,0.00208131239686995,0.995159974926367
full,DS02,11,100,TRA4,316.227766016838,0.900048670578703,0.02638042111972,0.00247336056713449,0.00490092561397619,0.994539875494171
full,DS02,11,100,TRA4,1000,0.738169890576845,0.0426969870971112,0.00282144725060921,0.00665279172576652,0.995099413786893
full,DS02,11,100,MoE_K4,0.1,0.494443578477852,0.0593297136374945,0.00795063902368434,0.000578612644755569,0.960552705534509
full,DS02,11,100,MoE_K4,0.316227766016838,0.737428905990409,0.0427573610875222,0.00781610087655304,0.000549829202245068,0.968987824023117
full,DS02,11,100,MoE_K4,1,0.847464102399955,0.0325891825967492,0.00622596354725847,0.000533389652272058,0.97493038917025
full,DS02,11,100,MoE_K4,3.16227766016838,0.930710995311718,0.0219644128399502,0.00345445627540059,0.000523462922651166,0.985614313633006
full,DS02,11,100,MoE_K4,10,0.966529655513351,0.0152657282723267,0.00280769910219841,0.000536175152040806,0.992433762608932
full,DS02,11,100,MoE_K4,31.6227766016838,0.977014639491721,0.0126506574571201,0.00272811632310539,0.000708461369761174,0.995301947647926
full,DS02,11,100,MoE_K4,100,0.966418960977843,0.0152909511653132,0.002606156982765,0.00180664853712552,0.995264742911207
full,DS02,11,100,MoE_K4,316.227766016838,0.895172641626541,0.0270162307801991,0.00245187442627449,0.0044241544492427,0.994484171388542
full,DS02,11,100,MoE_K4,1000,0.734622392142044,0.0429852615986514,0.00282247608752468,0.00632562339288677,0.994860936323257
full,DS02,11,100,FreeMLP,0.1,0.486132844477864,0.0598153800750433,0.00801576945705961,0.000586730733789388,0.960261445935302
full,DS02,11,100,FreeMLP,0.316227766016838,0.753556338318994,0.0414234496469278,0.00765246050699598,0.000555377538131561,0.970270474150114
full,DS02,11,100,FreeMLP,1,0.854418672225922,0.0318375965221523,0.00596533804089349,0.000540655743102356,0.97540882562316
full,DS02,11,100,FreeMLP,3.16227766016838,0.933996031065516,0.0214374173107433,0.003316317463161,0.000532391711549712,0.985538491250066
full,DS02,11,100,FreeMLP,10,0.968631719910953,0.0147785828347459,0.00280526526074793,0.000545742939924311,0.992549302198781
full,DS02,11,100,FreeMLP,31.6227766016838,0.978727737319726,0.0121701037393738,0.00273417731809156,0.000717476678244337,0.995299773998715
full,DS02,11,100,FreeMLP,100,0.968190680045438,0.014882114063727,0.00261458354874778,0.0018189563515815,0.995279941964335
full,DS02,11,100,FreeMLP,316.227766016838,0.896548921791208,0.0268382965493203,0.00245708056342764,0.00444767794734538,0.994446639289749
full,DS02,11,100,FreeMLP,1000,0.73485555344514,0.0429663739801672,0.00282504321286912,0.00635855655627147,0.994784626805422
full,DS02,11,100,MoE_dir,0.1,0.480542168200841,0.060139883965388,0.00789153330314638,0.000377220706093471,0.962157694574086
full,DS02,11,100,MoE_dir,0.316227766016838,0.719302132371995,0.0442086235616119,0.00774014555866024,0.000353765825845946,0.969069852568342
full,DS02,11,100,MoE_dir,1,0.843839331533285,0.0329741239631631,0.00625543212830215,0.000338291764176615,0.975441101184969
full,DS02,11,100,MoE_dir,3.16227766016838,0.929197303698194,0.0222030345630484,0.00371645249500674,0.00033246519061929,0.985934489476267
full,DS02,11,100,MoE_dir,10,0.966493613178719,0.0152739454635701,0.00290623844732347,0.000350692018345241,0.992687700152149
full,DS02,11,100,MoE_dir,31.6227766016838,0.977109054997829,0.0126246485696248,0.00273010884165077,0.000552215870155008,0.995393027423209
full,DS02,11,100,MoE_dir,100,0.965885433272699,0.0154119420209345,0.00258168267136665,0.0016893763749337,0.995399481721403
full,DS02,11,100,MoE_dir,316.227766016838,0.894143966296201,0.0271484628837191,0.00243833382084189,0.00433734233805591,0.994605144287398
full,DS02,11,100,MoE_dir,1000,0.733922448291511,0.0430419119256967,0.002819843938057,0.00626944556884559,0.994689246894207
full,DS02,11,1000,Z_zero,NaN,0,0.0834425248239435,0.00529926525882133,0,0
full,DS02,11,1000,H0,0.1,0.54648335385493,0.0561932373220597,0.00772456884891369,0.000652194903841395,0.985371371029765
full,DS02,11,1000,H0,0.316227766016838,0.747166451630976,0.0419570346524085,0.00702049929268826,0.000624173230285193,0.974965096295399
full,DS02,11,1000,H0,1,0.862012459777495,0.0309961228193106,0.00535098598141931,0.000602039887989642,0.979123246238648
full,DS02,11,1000,H0,3.16227766016838,0.940586540108988,0.0203390122805174,0.0037856564980433,0.000594995327574012,0.989001757920644
full,DS02,11,1000,H0,10,0.971095867601422,0.0141862433537335,0.00331800006239811,0.000609866772806236,0.99429085697433
full,DS02,11,1000,H0,31.6227766016838,0.979923859485714,0.0118229961984473,0.00296633979279605,0.000831949274476204,0.995935996830594
full,DS02,11,1000,H0,100,0.970365654859121,0.0143643210718556,0.00269980513157446,0.00206390799235248,0.995590713515209
full,DS02,11,1000,H0,316.227766016838,0.899021230301425,0.0265156619865534,0.00246905188436844,0.00477159854185395,0.994795508121588
full,DS02,11,1000,H0,1000,0.739167404514218,0.0426155765163179,0.00284057456442951,0.0064752850570167,0.995820605586242
full,DS02,11,1000,TRA4,0.1,0.503953086748504,0.0587690692072279,0.00814835549451134,0.000595742493512457,0.967191454858727
full,DS02,11,1000,TRA4,0.316227766016838,0.741239351055403,0.0424459787609982,0.00756924356992894,0.000567271676538254,0.976048344435185
full,DS02,11,1000,TRA4,1,0.849797184017785,0.0323389916362813,0.00580987652030724,0.000552295263664726,0.979579252097665
full,DS02,11,1000,TRA4,3.16227766016838,0.932728907538812,0.0216422134923661,0.00410466477822854,0.0005471862973469,0.988328684152992
full,DS02,11,1000,TRA4,10,0.967482977509307,0.0150467540543265,0.00356154378718061,0.000560349089769496,0.994076243126774
full,DS02,11,1000,TRA4,31.6227766016838,0.978199573727602,0.0123202615993207,0.00311983291849467,0.000802318589833346,0.995791606901153
full,DS02,11,1000,TRA4,100,0.970529479727787,0.0143245615577846,0.00278185811490801,0.00212792807789938,0.995595654958346
full,DS02,11,1000,TRA4,316.227766016838,0.899411157839379,0.0264644176146626,0.00249862253697056,0.00493111569945862,0.994982092844749
full,DS02,11,1000,TRA4,1000,0.737681523485666,0.0427367878848564,0.00284818110394042,0.00664395430293766,0.995720708127259
full,DS02,11,1000,MoE_K4,0.1,0.50773972180741,0.0585443290349374,0.00776866385891334,0.000583821263282015,0.966006215653035
full,DS02,11,1000,MoE_K4,0.316227766016838,0.731991606758128,0.0431978004715236,0.0073847205269437,0.000556277062477394,0.974832697308236
full,DS02,11,1000,MoE_K4,1,0.842836353879916,0.0330798464092566,0.00570862392669115,0.000540636543810753,0.978838594822952
full,DS02,11,1000,MoE_K4,3.16227766016838,0.931576930306528,0.0218267318860759,0.00395359596144154,0.000533060958118861,0.987323802510277
full,DS02,11,1000,MoE_K4,10,0.96767733255806,0.0150017192491169,0.00337949520330343,0.000546238876909085,0.993976138148723
full,DS02,11,1000,MoE_K4,31.6227766016838,0.976985120713582,0.0126587781070721,0.00298083178639653,0.000737163578627983,0.995874543449854
full,DS02,11,1000,MoE_K4,100,0.966131293090163,0.0153563055381761,0.00269384190932497,0.00185864677989501,0.995742253331987
full,DS02,11,1000,MoE_K4,316.227766016838,0.894634003065618,0.0270855511299088,0.00247238100334215,0.0044661389641283,0.994943272667798
full,DS02,11,1000,MoE_K4,1000,0.734193665758425,0.0430199696487709,0.00284937490565131,0.00632658614803612,0.995445211258874
full,DS02,11,1000,FreeMLP,0.1,0.502578481559579,0.058850440925328,0.0078283950474655,0.000591205591965932,0.968111654783406
full,DS02,11,1000,FreeMLP,0.316227766016838,0.738230099435025,0.0426920776452318,0.00722227267180667,0.000562984339422858,0.976974681485369
full,DS02,11,1000,FreeMLP,1,0.84865680495043,0.0324615225460623,0.00543922398909385,0.000547569577303166,0.980259958366926
full,DS02,11,1000,FreeMLP,3.16227766016838,0.934731808177552,0.0213175959902726,0.00386432743138051,0.000540596102719172,0.987988907100125
full,DS02,11,1000,FreeMLP,10,0.969303406317158,0.014619500330829,0.00337779072281999,0.000554396164140331,0.993921424669983
full,DS02,11,1000,FreeMLP,31.6227766016838,0.978546205083974,0.0122219217534223,0.00297805598901415,0.000744543745877281,0.995794039954721
full,DS02,11,1000,FreeMLP,100,0.967857009356908,0.0149599650025193,0.00269431675974748,0.0018724276307101,0.995709633420119
full,DS02,11,1000,FreeMLP,316.227766016838,0.895987123840205,0.0269110714568027,0.00247065046398187,0.00448858126817404,0.994876879994773
full,DS02,11,1000,FreeMLP,1000,0.734476057969552,0.0429971114036142,0.0028488310685432,0.00635529409826031,0.995370877613866
full,DS02,11,1000,MoE_dir,0.1,0.509633868176636,0.05843158541884,0.00772869384504626,0.000384977447755739,0.966325955226146
full,DS02,11,1000,MoE_dir,0.316227766016838,0.732482492776565,0.0431582216456135,0.00736213096260413,0.000365030203604484,0.975121115537489
full,DS02,11,1000,MoE_dir,1,0.84214838658575,0.0331521691197648,0.00585220430125096,0.000352192235096089,0.978927872167019
full,DS02,11,1000,MoE_dir,3.16227766016838,0.931239145871573,0.0218805416133691,0.00420713485398143,0.000348610210337087,0.987510068575766
full,DS02,11,1000,MoE_dir,10,0.967800490104017,0.0149731117985694,0.00367095589219673,0.00036424051570875,0.994154046471861
full,DS02,11,1000,MoE_dir,31.6227766016838,0.977116303678775,0.0126226495412914,0.00316682116793317,0.000578166444108262,0.996023539146172
full,DS02,11,1000,MoE_dir,100,0.965572883378921,0.015482381403433,0.00277340461648249,0.00174299909046849,0.995900673371844
full,DS02,11,1000,MoE_dir,316.227766016838,0.893621153433831,0.0272154221446638,0.00248978899732835,0.00438038463326956,0.995133848612861
full,DS02,11,1000,MoE_dir,1000,0.733498456600995,0.0430761916847548,0.00285074329167769,0.00627105049320584,0.995391261604707
highTRA,DS02,11,1,Z_zero,NaN,0,0.0834457827592213,0.00530262475219288,0,0
highTRA,DS02,11,1,H0,0.1,-1.18649226966714,0.123389545922257,0.0107815861740876,0.00109366703328887,0.903316919479091
highTRA,DS02,11,1,H0,0.316227766016838,-0.141700464022598,0.0891621396196002,0.0107220869953607,0.00104927539714725,0.980237784111055
highTRA,DS02,11,1,H0,1,0.281829336081614,0.07071608731302,0.00864280041774198,0.0010367475473291,0.985711926009612
highTRA,DS02,11,1,H0,3.16227766016838,0.682087216323961,0.0470498657743566,0.00764281867783354,0.00103698018718346,0.983501945912431
highTRA,DS02,11,1,H0,10,0.868778205890733,0.0302278583585357,0.00677960026006197,0.00106472801212592,0.979783179338219
highTRA,DS02,11,1,H0,31.6227766016838,0.936826430598318,0.0209735574909004,0.00593783057689714,0.00124527447675141,0.979290731688705
highTRA,DS02,11,1,H0,100,0.961719605869571,0.0163264812229924,0.00503400817873507,0.00209524740921843,0.982032526744374
highTRA,DS02,11,1,H0,316.227766016838,0.921010257412352,0.0234525322676184,0.00389975279727947,0.00496289716503609,0.981300294566083
highTRA,DS02,11,1,H0,1000,0.773992396216838,0.0396703395987523,0.00305759125818242,0.00692497888993118,0.983878712469667
highTRA,DS02,11,1,TRA4,0.1,-0.99383331542687,0.11782808438925,0.0102076298329836,0.000938667090991869,0.827425430085758
highTRA,DS02,11,1,TRA4,0.316227766016838,-0.110040162713608,0.0879171779226657,0.010172748201308,0.000897023625223294,0.974523306257976
highTRA,DS02,11,1,TRA4,1,0.255529473631147,0.0719992789675272,0.00817850368537417,0.000880506663493855,0.984987255124866
highTRA,DS02,11,1,TRA4,3.16227766016838,0.675514091692649,0.0475337758021778,0.00736024277445034,0.000869188235521805,0.984771110385944
highTRA,DS02,11,1,TRA4,10,0.868708320185466,0.0302359066176787,0.00647750627555677,0.000882060058202702,0.981901306016462
highTRA,DS02,11,1,TRA4,31.6227766016838,0.938095542783129,0.0207618167210642,0.00575296433530169,0.00102124282338194,0.981486939823667
highTRA,DS02,11,1,TRA4,100,0.958922592881911,0.0169124257932811,0.00488586943167062,0.00169363234892818,0.983586320585567
highTRA,DS02,11,1,TRA4,316.227766016838,0.915765752107794,0.024218583816448,0.00380563573869518,0.00438594291086858,0.982245456658549
highTRA,DS02,11,1,TRA4,1000,0.768378006976675,0.0401600541772024,0.00305043134328765,0.00660678699900834,0.983833872458292
highTRA,DS02,11,1,MoE_K4,0.1,-0.270652456371098,0.0940627741559277,0.00969511812505559,0.000901204752045281,0.961827769504103
highTRA,DS02,11,1,MoE_K4,0.316227766016838,-0.00646720556304614,0.0837151784171284,0.00964144476688883,0.000888404413586047,0.97217398460118
highTRA,DS02,11,1,MoE_K4,1,0.293478851200849,0.0701401961559224,0.00767666527576305,0.00087741203337446,0.982920410899304
highTRA,DS02,11,1,MoE_K4,3.16227766016838,0.687276027207357,0.0466643241501809,0.00690321370884585,0.000862983563570496,0.984806462634654
highTRA,DS02,11,1,MoE_K4,10,0.872276872795039,0.0298221647142323,0.00612989198321004,0.000874415959290448,0.981929235803431
highTRA,DS02,11,1,MoE_K4,31.6227766016838,0.938522194166713,0.0206901468147637,0.00543636599542614,0.000989274591741905,0.981080648605523
highTRA,DS02,11,1,MoE_K4,100,0.956121152569985,0.0174796204661358,0.0046649965523676,0.00151453356707473,0.983266317082149
highTRA,DS02,11,1,MoE_K4,316.227766016838,0.91119029439307,0.0248676420897466,0.00372497143804832,0.00394052479780696,0.981942054646737
highTRA,DS02,11,1,MoE_K4,1000,0.764122971796269,0.0405272575778767,0.00304249934765418,0.00624739123329957,0.983170737242213
highTRA,DS02,11,1,FreeMLP,0.1,-0.868536145148472,0.114065719576998,0.00987461919096675,0.000925812132127006,0.830519701354467
highTRA,DS02,11,1,FreeMLP,0.316227766016838,-0.0838706030069718,0.0868746587377228,0.00984874938816579,0.00088719156756837,0.973965693911659
highTRA,DS02,11,1,FreeMLP,1,0.259050934249133,0.0718287932655586,0.00794707224168321,0.000873087358649303,0.983968046408674
highTRA,DS02,11,1,FreeMLP,3.16227766016838,0.677452399799849,0.0473915922669454,0.00709280204409569,0.000859723677977795,0.984606878799568
highTRA,DS02,11,1,FreeMLP,10,0.872620751140305,0.0297819914547322,0.00621309132567589,0.000870998440002168,0.981505379172615
highTRA,DS02,11,1,FreeMLP,31.6227766016838,0.941331875598149,0.020211823402089,0.00550471102746182,0.000987630525987,0.980429830204071
highTRA,DS02,11,1,FreeMLP,100,0.959145063096907,0.0168665658007261,0.00468206664452283,0.00152550764345728,0.982773147768417
highTRA,DS02,11,1,FreeMLP,316.227766016838,0.914106933326836,0.0244558885912486,0.00371085636853609,0.00397828924031844,0.981474025709381
highTRA,DS02,11,1,FreeMLP,1000,0.765922113585015,0.0403724017751048,0.00302557442279955,0.00629014906458616,0.98269880074579
highTRA,DS02,11,1,MoE_dir,0.1,-0.249495803087395,0.0932764037798819,0.00969520225300155,0.000716867988421721,0.963843466598976
highTRA,DS02,11,1,MoE_dir,0.316227766016838,-0.00407917764435628,0.0836158046340969,0.00964220201942216,0.000707125104772794,0.972190735547032
highTRA,DS02,11,1,MoE_dir,1,0.299957319985487,0.069817879168801,0.0080605929685557,0.000697088449048254,0.983093431493917
highTRA,DS02,11,1,MoE_dir,3.16227766016838,0.69166645174557,0.0463355991666292,0.00725744161424665,0.00068600188567912,0.984665503575004
highTRA,DS02,11,1,MoE_dir,10,0.872737229558035,0.0297683716828356,0.0063720278627091,0.000700674853171252,0.981543649904574
highTRA,DS02,11,1,MoE_dir,31.6227766016838,0.939136158098148,0.0205865738381022,0.00559313680220357,0.00082962290005429,0.980904430518545
highTRA,DS02,11,1,MoE_dir,100,0.956588307509821,0.0173863233315423,0.00476921116938771,0.00134751695770922,0.983408126078952
highTRA,DS02,11,1,MoE_dir,316.227766016838,0.91086615411078,0.024912982083306,0.00376822906692305,0.00383134696876097,0.982219335066344
highTRA,DS02,11,1,MoE_dir,1000,0.763693943769693,0.0405640976007534,0.00305270477201453,0.00620101579612768,0.983346937910135
highTRA,DS02,11,10,Z_zero,NaN,0,0.0834457827592213,0.00530262475219288,0,0
highTRA,DS02,11,10,H0,0.1,-1.28327270568916,0.126090766693491,0.0112977344499604,0.000931313678542991,0.896423839839844
highTRA,DS02,11,10,H0,0.316227766016838,0.00504129175807355,0.0832351797275837,0.0112937301707543,0.000901726883483843,0.974523363466101
highTRA,DS02,11,10,H0,1,0.685546298877836,0.0467932002579431,0.0112798966196294,0.000876637001162803,0.98824719273201
highTRA,DS02,11,10,H0,3.16227766016838,0.868327877854866,0.030279682041259,0.0102742604878666,0.000872732063532259,0.990029433813929
highTRA,DS02,11,10,H0,10,0.94201414826298,0.0200939544423571,0.00660397104798952,0.000895468910903452,0.990541205208787
highTRA,DS02,11,10,H0,31.6227766016838,0.963116177528262,0.0160258972672958,0.00567329867044644,0.000995947782543639,0.990761110518441
highTRA,DS02,11,10,H0,100,0.97182811716413,0.0140059421968261,0.00478680759486864,0.0019528975304896,0.991711554638785
highTRA,DS02,11,10,H0,316.227766016838,0.923316804107343,0.0231075815893227,0.00378200523084804,0.0047616525056418,0.991608266076221
highTRA,DS02,11,10,H0,1000,0.771894426386394,0.0398540389997429,0.00279240771272044,0.0067634943571368,0.992299416224349
highTRA,DS02,11,10,TRA4,0.1,-0.613352378137047,0.105991004892087,0.0105508405630932,0.000768068079566691,0.957118960607804
highTRA,DS02,11,10,TRA4,0.316227766016838,0.147630043110966,0.0770403877319486,0.0105475993592956,0.000743562355095466,0.980286683511082
highTRA,DS02,11,10,TRA4,1,0.7175933889393,0.0443447103474303,0.0105363707520944,0.000718148447268872,0.988412238372358
highTRA,DS02,11,10,TRA4,3.16227766016838,0.881022046787489,0.0287831048431974,0.0104999777797878,0.000710642615725956,0.990379299363658
highTRA,DS02,11,10,TRA4,10,0.948073718801252,0.0190150732756263,0.00619918959026528,0.000722477794079145,0.991338486482562
highTRA,DS02,11,10,TRA4,31.6227766016838,0.966571975832859,0.0152566697905238,0.00536721176771279,0.000781935199858316,0.991716630940618
highTRA,DS02,11,10,TRA4,100,0.970127258262555,0.0144225460736181,0.00460341485117256,0.00157388065377157,0.992654593239942
highTRA,DS02,11,10,TRA4,316.227766016838,0.918866385597619,0.0237686658252391,0.00370440348322856,0.00420188417784758,0.992006455750281
highTRA,DS02,11,10,TRA4,1000,0.767142222391204,0.0402670456463571,0.0028159585331284,0.00637815121953797,0.991582795390325
highTRA,DS02,11,10,MoE_K4,0.1,-0.12485666874852,0.0885019799149051,0.0100348572181038,0.000741929560426506,0.967057808907939
highTRA,DS02,11,10,MoE_K4,0.316227766016838,0.312796372420815,0.069174672958476,0.010032086631602,0.000725968658554682,0.983604177172417
highTRA,DS02,11,10,MoE_K4,1,0.739233261281196,0.0426118599183062,0.0100222943067492,0.000705208106194734,0.989613909896954
highTRA,DS02,11,10,MoE_K4,3.16227766016838,0.8895304964553,0.0277348354797062,0.00977833972563387,0.000697204302004818,0.990852834172374
highTRA,DS02,11,10,MoE_K4,10,0.950806846380599,0.0185078821419011,0.00581236085932744,0.000705643709098404,0.991503949793707
highTRA,DS02,11,10,MoE_K4,31.6227766016838,0.967156868482751,0.0151226072282837,0.00511853214562071,0.000755200443880674,0.991672372731323
highTRA,DS02,11,10,MoE_K4,100,0.966952359081449,0.0151696172980765,0.00439896377238047,0.00136559719446337,0.992646197762552
highTRA,DS02,11,10,MoE_K4,316.227766016838,0.91391024470672,0.0244838736462115,0.00358836044875295,0.00374353805684362,0.992064813133096
highTRA,DS02,11,10,MoE_K4,1000,0.762867389123381,0.0406349785082915,0.00280958062231318,0.00599405352259448,0.991478378856178
highTRA,DS02,11,10,FreeMLP,0.1,-0.73540155755223,0.109927002145191,0.01022907946133,0.000764325848817072,0.949570001338477
highTRA,DS02,11,10,FreeMLP,0.316227766016838,0.0707517401839007,0.0804396683100868,0.0102261373102018,0.000738898012634082,0.978012906926991
highTRA,DS02,11,10,FreeMLP,1,0.683072392069907,0.0469769081033505,0.0102157825053337,0.000712178879237377,0.988254049851345
highTRA,DS02,11,10,FreeMLP,3.16227766016838,0.874181433138933,0.0295989809994828,0.00971081628733097,0.00070246991742303,0.991216689169992
highTRA,DS02,11,10,FreeMLP,10,0.949198517933796,0.0188079986140101,0.00590575243831052,0.000711188054098377,0.991717375495057
highTRA,DS02,11,10,FreeMLP,31.6227766016838,0.968563365616196,0.0147952536451937,0.00516052839894124,0.000760684051734336,0.991590212133542
highTRA,DS02,11,10,FreeMLP,100,0.969477862055397,0.0145784673421222,0.00443394757282164,0.00138389979027668,0.992445979505145
highTRA,DS02,11,10,FreeMLP,316.227766016838,0.916580648398431,0.024101151783993,0.00359759112085495,0.00377786656193259,0.991853318821313
highTRA,DS02,11,10,FreeMLP,1000,0.764224509631033,0.0405185337675065,0.00279990326140294,0.00603284641649591,0.991248416389661
highTRA,DS02,11,10,MoE_dir,0.1,-0.130436569031526,0.088721217321639,0.010002267564617,0.000549358988327189,0.967241601150422
highTRA,DS02,11,10,MoE_dir,0.316227766016838,0.33809543548453,0.0678894172672002,0.00999951848385597,0.00053153451778297,0.984234646614649
highTRA,DS02,11,10,MoE_dir,1,0.749041115623279,0.0418028296587941,0.00998967410192766,0.000511189640387607,0.99014915729048
highTRA,DS02,11,10,MoE_dir,3.16227766016838,0.894238898805237,0.0271373461884381,0.0094180945409639,0.000506924313988333,0.991006705024466
highTRA,DS02,11,10,MoE_dir,10,0.952865749531588,0.0181164331399934,0.00574854984505259,0.000520203980331994,0.991591065860316
highTRA,DS02,11,10,MoE_dir,31.6227766016838,0.968582405925015,0.0147907724265084,0.00507384189434042,0.000577180023547809,0.991751373785894
highTRA,DS02,11,10,MoE_dir,100,0.967677011513099,0.0150023794822307,0.00436595937040809,0.00124428550875214,0.992688519514081
highTRA,DS02,11,10,MoE_dir,316.227766016838,0.913594507597376,0.0245287302757489,0.0035685596030888,0.00368587155189944,0.992119274129178
highTRA,DS02,11,10,MoE_dir,1000,0.76244422916103,0.0406712186349542,0.00280675253009855,0.00597807657657799,0.991573896638406
highTRA,DS02,11,100,Z_zero,NaN,0,0.0834457827592213,0.00530262475219288,0,0
highTRA,DS02,11,100,H0,0.1,-1.08251715411877,0.120420017678166,0.0109891022464914,0.000805206486942256,0.942382800045158
highTRA,DS02,11,100,H0,0.316227766016838,0.164974570357335,0.0762525275187881,0.0109852495691242,0.000763651932816758,0.977217622346737
highTRA,DS02,11,100,H0,1,0.626716290930121,0.0509828267449627,0.00939627918319874,0.00074113285917223,0.980258254543621
highTRA,DS02,11,100,H0,3.16227766016838,0.860458061286265,0.0311714330871557,0.00794610019262724,0.00073101846524173,0.98874150373263
highTRA,DS02,11,100,H0,10,0.939510524391546,0.0205231633896675,0.00708668181412372,0.000744969576675015,0.991773541952089
highTRA,DS02,11,100,H0,31.6227766016838,0.963337143799102,0.0159778206017228,0.00585025616635793,0.000836624676367824,0.992189739901676
highTRA,DS02,11,100,H0,100,0.972238975339203,0.0139034358964463,0.00470097646067022,0.00173767828898031,0.993491854313385
highTRA,DS02,11,100,H0,316.227766016838,0.923111140425034,0.0231385480094221,0.00353211285714692,0.00457165039566904,0.992950030680738
highTRA,DS02,11,100,H0,1000,0.771599327706612,0.0398798101214731,0.00260478568398437,0.00660809442081238,0.993342952309916
highTRA,DS02,11,100,TRA4,0.1,-0.748313046305241,0.110335175994858,0.0102819301522526,0.000677801710373104,0.897982187247612
highTRA,DS02,11,100,TRA4,0.316227766016838,0.209049503665373,0.0742128387574564,0.0102788006781471,0.000639880257421883,0.97678695495564
highTRA,DS02,11,100,TRA4,1,0.642512722457206,0.0498924336153287,0.00890700838718217,0.000614856331656453,0.972202545818523
highTRA,DS02,11,100,TRA4,3.16227766016838,0.867236171010977,0.0304049488760062,0.00754600102547832,0.000601098607253828,0.985029159704025
highTRA,DS02,11,100,TRA4,10,0.941529202225879,0.0201778041602,0.00672873610455091,0.000603319839904272,0.990906356932598
highTRA,DS02,11,100,TRA4,31.6227766016838,0.965055727464812,0.0155988432809022,0.00564504680113781,0.000667828154382359,0.993064760929074
highTRA,DS02,11,100,TRA4,100,0.969479169944068,0.0145781549915168,0.00458850087702534,0.0013926016289148,0.99415293780054
highTRA,DS02,11,100,TRA4,316.227766016838,0.918399976821389,0.0238368867950008,0.00348114813924882,0.00404587966735701,0.993427270548954
highTRA,DS02,11,100,TRA4,1000,0.766691997306107,0.0403059545451437,0.00261730811399684,0.00626363750307568,0.992912408617132
highTRA,DS02,11,100,MoE_K4,0.1,-0.314174827911627,0.0956601296314882,0.00976060353801241,0.000658277867933505,0.953544890665565
highTRA,DS02,11,100,MoE_K4,0.316227766016838,0.373590646471899,0.0660440214651238,0.00933223600822842,0.000624530806727997,0.978831782488334
highTRA,DS02,11,100,MoE_K4,1,0.697749883022529,0.0458762205245026,0.00789683213039124,0.000603627472521091,0.977183404242068
highTRA,DS02,11,100,MoE_K4,3.16227766016838,0.879352579107139,0.0289843399015696,0.00700147003608542,0.000591015972624533,0.987179698700388
highTRA,DS02,11,100,MoE_K4,10,0.945916537302572,0.0194060272853325,0.00630208974736828,0.000592175908891363,0.991969547678322
highTRA,DS02,11,100,MoE_K4,31.6227766016838,0.966019996168552,0.0153821167969855,0.0052994540020441,0.000639952010378789,0.993055797001481
highTRA,DS02,11,100,MoE_K4,100,0.966306672875242,0.0153170927494789,0.00435642427758397,0.00119826286111705,0.994216416764189
highTRA,DS02,11,100,MoE_K4,316.227766016838,0.913449808328938,0.0245492602473593,0.00336602708115122,0.00359395686494201,0.993420542068371
highTRA,DS02,11,100,MoE_K4,1000,0.762519980877408,0.040664733504626,0.00259310814771558,0.0059113752132089,0.992708558633116
highTRA,DS02,11,100,FreeMLP,0.1,-0.737975770248392,0.110008502194267,0.00995619284642798,0.000674843774291439,0.855041058917209
highTRA,DS02,11,100,FreeMLP,0.316227766016838,0.203455081499604,0.0744748313819512,0.00995336609959919,0.000636831533289299,0.977404680136881
highTRA,DS02,11,100,FreeMLP,1,0.641724500195943,0.0499474071424495,0.0085085632496119,0.000610282407369412,0.976030336797343
highTRA,DS02,11,100,FreeMLP,3.16227766016838,0.868457526387408,0.0302647712040193,0.00723553642868151,0.000595145004732474,0.988039960138841
highTRA,DS02,11,100,FreeMLP,10,0.945429963430502,0.0194931271358191,0.00649255532436991,0.0005950526038246,0.992347509616554
highTRA,DS02,11,100,FreeMLP,31.6227766016838,0.967644269349707,0.0150099760265339,0.00543659847998899,0.0006446808204087,0.99289270662327
highTRA,DS02,11,100,FreeMLP,100,0.968898290468952,0.0147162285297424,0.00442315737203803,0.0012145315569762,0.994086981562422
highTRA,DS02,11,100,FreeMLP,316.227766016838,0.916047480445821,0.0241780493772429,0.00337609872170894,0.00363182563013333,0.993039100838683
highTRA,DS02,11,100,FreeMLP,1000,0.763868270606924,0.0405491324415701,0.00257458829581739,0.00596160771162614,0.992368798214375
highTRA,DS02,11,100,MoE_dir,0.1,-0.321465902685699,0.0959251249840837,0.00973023820340181,0.000477457969791417,0.953079149829983
highTRA,DS02,11,100,MoE_dir,0.316227766016838,0.380127415687073,0.0656985231846497,0.00927007185290381,0.000444073615038009,0.979472179991827
highTRA,DS02,11,100,MoE_dir,1,0.704483821197177,0.0453622955805429,0.00782519965061171,0.000424014631284135,0.977608208421445
highTRA,DS02,11,100,MoE_dir,3.16227766016838,0.882544368270177,0.0285983722876967,0.00694491901630763,0.000412247456835154,0.987642675066295
highTRA,DS02,11,100,MoE_dir,10,0.94763682031449,0.0190949004353295,0.00623702725185067,0.000417135759730938,0.992290321778253
highTRA,DS02,11,100,MoE_dir,31.6227766016838,0.967304781286934,0.0150885156042936,0.00524620890429018,0.000480766744232448,0.993281744838954
highTRA,DS02,11,100,MoE_dir,100,0.966962183908219,0.0151673622212137,0.00431504992387702,0.0010923232455539,0.994288288303003
highTRA,DS02,11,100,MoE_dir,316.227766016838,0.913138047351303,0.024593434740076,0.00334282990330619,0.00353524120719777,0.993627615602161
highTRA,DS02,11,100,MoE_dir,1000,0.762099670442409,0.0407007033853243,0.00260502528378607,0.00587223547345497,0.992950251064772
highTRA,DS02,11,1000,Z_zero,NaN,0,0.0834457827592213,0.00530262475219288,0,0
highTRA,DS02,11,1000,H0,0.1,-1.20864342041395,0.124012994908215,0.0109871031822639,0.000821939394265397,0.877299265790917
highTRA,DS02,11,1000,H0,0.316227766016838,0.104371804398086,0.0789711153000982,0.0109832396068238,0.000780062676009081,0.977569148222951
highTRA,DS02,11,1000,H0,1,0.613821974952647,0.0518558994391834,0.0101784550706416,0.000755102735555453,0.977832714947474
highTRA,DS02,11,1000,H0,3.16227766016838,0.863065978465467,0.0308787758063469,0.00779185331362569,0.000744225959409696,0.987535381009692
highTRA,DS02,11,1000,H0,10,0.940473024433681,0.0203592277976119,0.00683666706590298,0.000759663931276505,0.991157044542095
highTRA,DS02,11,1000,H0,31.6227766016838,0.963979305007793,0.015837274232417,0.00567336211036491,0.000853798007502478,0.992303692709461
highTRA,DS02,11,1000,H0,100,0.972488183489185,0.013840890284606,0.00458682133236974,0.00175858692442829,0.99345343514346
highTRA,DS02,11,1000,H0,316.227766016838,0.922920194733774,0.0231672613134549,0.00349224142260504,0.00458665923295035,0.99285917549239
highTRA,DS02,11,1000,H0,1000,0.771163724868027,0.0399178211382686,0.00259621120088141,0.00661733234507599,0.993597894822496
highTRA,DS02,11,1000,TRA4,0.1,-0.796927249432428,0.111858667146998,0.0102845157677276,0.000688232840677772,0.878396502583465
highTRA,DS02,11,1000,TRA4,0.316227766016838,0.153087585830604,0.0767933551014348,0.0102813736630446,0.000651497383654907,0.975080298413292
highTRA,DS02,11,1000,TRA4,1,0.631310257545379,0.0506681351613227,0.00964098431036015,0.000623986641029014,0.971268120563008
highTRA,DS02,11,1000,TRA4,3.16227766016838,0.866537782976972,0.0304848147571098,0.00785820696614789,0.000610043489200734,0.98452199686729
highTRA,DS02,11,1000,TRA4,10,0.942256144911565,0.0200519808096931,0.00647267745742496,0.000613153149944238,0.990657107898597
highTRA,DS02,11,1000,TRA4,31.6227766016838,0.965581377198836,0.0154810758081732,0.00546286551781219,0.0006768761804685,0.993042189874782
highTRA,DS02,11,1000,TRA4,100,0.969700367584189,0.014525231834478,0.00446752677644421,0.00141209714591955,0.994090543396976
highTRA,DS02,11,1000,TRA4,316.227766016838,0.918267875241044,0.0238561736585096,0.0034388462196442,0.00405998773492407,0.993369005847704
highTRA,DS02,11,1000,TRA4,1000,0.76628238101296,0.0403413213891026,0.00262347647866233,0.00624596736717282,0.993045042189012
highTRA,DS02,11,1000,MoE_K4,0.1,-0.328487834404679,0.0961796481005747,0.00976247830450649,0.000667096337649886,0.951150899375802
highTRA,DS02,11,1000,MoE_K4,0.316227766016838,0.305601767791794,0.0695358385311221,0.0097598119081957,0.000636866864140512,0.97588675137332
highTRA,DS02,11,1000,MoE_K4,1,0.682691056049545,0.0470051615614365,0.00871864864740333,0.000612630254100099,0.976147474586982
highTRA,DS02,11,1000,MoE_K4,3.16227766016838,0.877449835930584,0.0292120033251333,0.00709282626116121,0.000599528871075543,0.986462247248742
highTRA,DS02,11,1000,MoE_K4,10,0.945343227905058,0.0195086125141635,0.0060466940976806,0.000601363041637532,0.991420306458655
highTRA,DS02,11,1000,MoE_K4,31.6227766016838,0.966216398111779,0.0153375986193453,0.00514055626888337,0.000648061155190655,0.992984699212332
highTRA,DS02,11,1000,MoE_K4,100,0.966355103500451,0.01530608043333,0.0042420602531669,0.00121583286884899,0.99411742412625
highTRA,DS02,11,1000,MoE_K4,316.227766016838,0.913220673851005,0.0245817348367105,0.00332229885422261,0.00360184340119123,0.993354673096546
highTRA,DS02,11,1000,MoE_K4,1000,0.76207590604014,0.0407027361772423,0.00260491989759272,0.0058841270847501,0.992824651538952
highTRA,DS02,11,1000,FreeMLP,0.1,-0.803613689018078,0.112066589236346,0.00995353544764733,0.000685648089357303,0.796818035054428
highTRA,DS02,11,1000,FreeMLP,0.316227766016838,0.127350335055161,0.0779514783557978,0.0099507019404225,0.000649359604217185,0.972914387729254
highTRA,DS02,11,1000,FreeMLP,1,0.625890412543162,0.0510391945291511,0.0092329974558826,0.000619722607543022,0.974513494025221
highTRA,DS02,11,1000,FreeMLP,3.16227766016838,0.867335368972344,0.0303935878277122,0.00749514382212851,0.000604084016770008,0.987370476279357
highTRA,DS02,11,1000,FreeMLP,10,0.94570878201098,0.019443264550151,0.00623381077462973,0.000604798094052228,0.99192195279759
highTRA,DS02,11,1000,FreeMLP,31.6227766016838,0.968004892846682,0.0149260941731624,0.00528326335906208,0.000653530314794428,0.992846514981508
highTRA,DS02,11,1000,FreeMLP,100,0.968997689813644,0.014692693584085,0.00430812052283821,0.00123263471321492,0.994045261361989
highTRA,DS02,11,1000,FreeMLP,316.227766016838,0.915891929492347,0.0242004380927131,0.00333541019768302,0.00363782870347931,0.993032381506914
highTRA,DS02,11,1000,FreeMLP,1000,0.76339729452981,0.0405895508937113,0.00258497605727499,0.00593452925604282,0.992506029875427
highTRA,DS02,11,1000,MoE_dir,0.1,-0.338706586052985,0.0965488472563904,0.00973159190635873,0.000486375871418446,0.950418322188034
highTRA,DS02,11,1000,MoE_dir,0.316227766016838,0.320331695675624,0.068794370599049,0.00972894499549071,0.0004555502009674,0.976961266059397
highTRA,DS02,11,1000,MoE_dir,1,0.690076139524556,0.0464549395657486,0.0086472671577036,0.000433193664837044,0.97663591968894
highTRA,DS02,11,1000,MoE_dir,3.16227766016838,0.88098461733808,0.0287876319468357,0.00693003198819871,0.000421689814358834,0.986900547993339
highTRA,DS02,11,1000,MoE_dir,10,0.947061280369621,0.0191995526408354,0.0059827218866984,0.000429395172697376,0.991720678071603
highTRA,DS02,11,1000,MoE_dir,31.6227766016838,0.967470962821353,0.0150501211989531,0.00508908769213237,0.000489889421940185,0.993167852956933
highTRA,DS02,11,1000,MoE_dir,100,0.966992208778455,0.0151604685815872,0.00420171989154921,0.00111075823032471,0.994189325078445
highTRA,DS02,11,1000,MoE_dir,316.227766016838,0.912926988475461,0.0246232954170615,0.00329933830860401,0.0035490014070184,0.993539812817582
highTRA,DS02,11,1000,MoE_dir,1000,0.761659350009745,0.0407383516444514,0.00261248715726727,0.00585229070204773,0.993064320210015
full,DS02,14,1,Z_zero,NaN,0,0.0781558192659395,0.00561213120189123,0,0
full,DS02,14,1,H0,0.1,0.303633952612441,0.0652198978092785,0.00933039552403873,0.00293499291629431,0.992373917050287
full,DS02,14,1,H0,0.316227766016838,0.687778988376548,0.0436709242282705,0.00931578187438326,0.00284608244258229,0.960831382989896
full,DS02,14,1,H0,1,0.855895136908908,0.0296688449192518,0.00928507825190583,0.00276630773816772,0.96911413502922
full,DS02,14,1,H0,3.16227766016838,0.962659486363009,0.0151025910864352,0.00848585220206437,0.00255663482327604,0.979417606255389
full,DS02,14,1,H0,10,0.947199089652945,0.0179589948158853,0.0080485324712826,0.00241017359673486,0.979327675789464
full,DS02,14,1,H0,31.6227766016838,0.89461203140138,0.0253721246642382,0.00690695201215938,0.00286575701653048,0.978526358685752
full,DS02,14,1,H0,100,0.848196274233665,0.0304510684334854,0.0051122659885146,0.00400085634996962,0.978797918342911
full,DS02,14,1,H0,316.227766016838,0.769918132031455,0.0374888844368428,0.00383856685758359,0.00545735991899971,0.979533508460536
full,DS02,14,1,H0,1000,0.629305958816913,0.047584895770877,0.00367332608530205,0.00579168443096004,0.981551909924478
full,DS02,14,1,TRA4,0.1,0.96194137573077,0.0152471215558758,0.00987870096478053,0.00280810445514311,0.985623050952178
full,DS02,14,1,TRA4,0.316227766016838,0.965703137308468,0.0144739983003312,0.00984073571589762,0.00279587407274139,0.98543955719361
full,DS02,14,1,TRA4,1,0.965786580672168,0.0144563801493392,0.00972476849778277,0.00277197463438323,0.984676063477489
full,DS02,14,1,TRA4,3.16227766016838,0.952829708620009,0.016974445625744,0.00944285543424577,0.00272791412430388,0.983608720664035
full,DS02,14,1,TRA4,10,0.915626680087105,0.0227019879559674,0.00872554050711792,0.0026527955413488,0.982137375067358
full,DS02,14,1,TRA4,31.6227766016838,0.877684445450141,0.0273339354350484,0.00678818173974425,0.0031297136970672,0.980654662008631
full,DS02,14,1,TRA4,100,0.843652578825339,0.030903429731804,0.00518817275783931,0.00449584933454279,0.978984856458333
full,DS02,14,1,TRA4,316.227766016838,0.768536831493091,0.0376012486324144,0.00386143136236369,0.00604848050161156,0.978125235136843
full,DS02,14,1,TRA4,1000,0.62708426295692,0.0477272790092859,0.00369094371869232,0.00623281936692095,0.979904501922001
full,DS02,14,1,MoE_K4,0.1,0.873654457149805,0.0277805783454024,0.00882175126741879,0.0029168233493015,0.983541490076557
full,DS02,14,1,MoE_K4,0.316227766016838,0.900076814069836,0.0247055459900333,0.00874212398699728,0.0028916745950064,0.98415664635383
full,DS02,14,1,MoE_K4,1,0.94470451751155,0.0183783342511489,0.00853409985688706,0.00282090618720296,0.984534134470819
full,DS02,14,1,MoE_K4,3.16227766016838,0.975862591714673,0.0121424587905889,0.00814915792866847,0.00270038906809395,0.983988295288167
full,DS02,14,1,MoE_K4,10,0.950957698792894,0.0173079941643157,0.00699603395783268,0.00254859062511533,0.982731025819764
full,DS02,14,1,MoE_K4,31.6227766016838,0.895884828755087,0.025218446444302,0.0056658487729882,0.00296751102062928,0.981207297665804
full,DS02,14,1,MoE_K4,100,0.850009660137999,0.0302686439312805,0.00468969043936769,0.00410113714385776,0.979547778263895
full,DS02,14,1,MoE_K4,316.227766016838,0.77078242226789,0.0374184056920772,0.00380241738744236,0.00555695569723846,0.978569329740499
full,DS02,14,1,MoE_K4,1000,0.628416732149679,0.0476419352808809,0.003697722931168,0.00586315435923831,0.980256068008691
full,DS02,14,1,FreeMLP,0.1,0.924425349017606,0.0214856944364913,0.00878241062193017,0.00297720267033612,0.985290334000267
full,DS02,14,1,FreeMLP,0.316227766016838,0.939029339104494,0.0192984207695763,0.00871231146990954,0.00295327968728492,0.985145623808067
full,DS02,14,1,FreeMLP,1,0.96740517804385,0.0141102798258523,0.00855068298445396,0.00289103824874144,0.984569170374025
full,DS02,14,1,FreeMLP,3.16227766016838,0.973511185771085,0.0127201601346657,0.00812737791245809,0.00276554617591317,0.983539444299065
full,DS02,14,1,FreeMLP,10,0.943040945931371,0.0186527428949758,0.0067785169556853,0.002624233175113,0.982590741177418
full,DS02,14,1,FreeMLP,31.6227766016838,0.892622951231147,0.0256104406873716,0.00563441084220802,0.00299499126652011,0.980865482953615
full,DS02,14,1,FreeMLP,100,0.848716400586827,0.0303988562983786,0.00469802127010614,0.00412233494234586,0.979559310197455
full,DS02,14,1,FreeMLP,316.227766016838,0.769872985561701,0.0374925622750524,0.0038134258282186,0.00558393697215082,0.978595430274219
full,DS02,14,1,FreeMLP,1000,0.627030506894738,0.0477307188455152,0.0036892639166904,0.00591104174233263,0.979928452018747
full,DS02,14,1,MoE_dir,0.1,0.841344046906063,0.031130744430235,0.00908181969087828,0.0027264745300929,0.981899235283264
full,DS02,14,1,MoE_dir,0.316227766016838,0.875614220121053,0.0275642821449882,0.00898201163825901,0.00269795130108599,0.983105129215394
full,DS02,14,1,MoE_dir,1,0.934112068135052,0.0200615395280008,0.00875694238935542,0.00262652851604815,0.984154532231229
full,DS02,14,1,MoE_dir,3.16227766016838,0.975627313791378,0.0122014942186988,0.0083406013781382,0.00251457103822774,0.983710202148234
full,DS02,14,1,MoE_dir,10,0.953455619763222,0.0168614510402518,0.00746817492992997,0.00250390626935323,0.982213387858412
full,DS02,14,1,MoE_dir,31.6227766016838,0.896243702915686,0.025174946246505,0.00601876114351955,0.00299709595402703,0.980616325589462
full,DS02,14,1,MoE_dir,100,0.849384982021823,0.0303316096971222,0.00486562845971207,0.00413815707410777,0.979131790558936
full,DS02,14,1,MoE_dir,316.227766016838,0.769656874938376,0.0375101626416505,0.00385045091764891,0.00559634639767155,0.978230889738369
full,DS02,14,1,MoE_dir,1000,0.627732289282384,0.0476857924505233,0.00369836539728372,0.00587776069020341,0.9799479900738
full,DS02,14,10,Z_zero,NaN,0,0.0781558192659395,0.00561213120189123,0,0
full,DS02,14,10,H0,0.1,0.792449157910317,0.0356060313434705,0.00535497554904629,0.00160776082168296,0.952977932291088
full,DS02,14,10,H0,0.316227766016838,0.921977815105837,0.0218308363408499,0.00535364057976326,0.00154038940196816,0.968325376894775
full,DS02,14,10,H0,1,0.934727436856834,0.0199676361076139,0.00362936464810491,0.00150522401534211,0.965236202382926
full,DS02,14,10,H0,3.16227766016838,0.916582618170089,0.0225730164109541,0.00298841962525592,0.00151095731474315,0.975161177748073
full,DS02,14,10,H0,10,0.883890391618345,0.0266314859943933,0.00264055989696424,0.00162116946427261,0.982746042639352
full,DS02,14,10,H0,31.6227766016838,0.860105579375706,0.0292322010466211,0.00263119614770848,0.00197801950709525,0.987969968707527
full,DS02,14,10,H0,100,0.829408269118366,0.0322805040729259,0.00268502229465204,0.00294327161403249,0.990408455439893
full,DS02,14,10,H0,316.227766016838,0.753345970967029,0.0388155216307695,0.00297387349063673,0.00450968834718747,0.991944114737557
full,DS02,14,10,H0,1000,0.615202463762984,0.0484816577364638,0.00369760100834963,0.00537437414432613,0.993533826393794
full,DS02,14,10,TRA4,0.1,0.863246018021722,0.0289022271786662,0.00580296330411567,0.00165722499978486,0.969373115628629
full,DS02,14,10,TRA4,0.316227766016838,0.899497457165891,0.0247770641325957,0.00580093074945147,0.00162894232194616,0.964637234635005
full,DS02,14,10,TRA4,1,0.923694358224576,0.0215893538563172,0.0042591926319449,0.00159348609269342,0.965572755546307
full,DS02,14,10,TRA4,3.16227766016838,0.906040108919664,0.0239570076888028,0.00319054615132002,0.00161418886974702,0.97558347298985
full,DS02,14,10,TRA4,10,0.876047314579237,0.0275162527498513,0.00265726553286282,0.00177885731385566,0.983472981472598
full,DS02,14,10,TRA4,31.6227766016838,0.85704792920686,0.0295499360517336,0.0025404891570093,0.00228856664056672,0.988177725360903
full,DS02,14,10,TRA4,100,0.829713795825774,0.0322515842186466,0.00257456864107263,0.00347549457867701,0.990813015876119
full,DS02,14,10,TRA4,316.227766016838,0.753625203888251,0.0387935442059218,0.00289059086394685,0.00520164073891635,0.992425981104082
full,DS02,14,10,TRA4,1000,0.613551011366549,0.0485855817762413,0.00368929784006522,0.00590009796790669,0.99409800786651
full,DS02,14,10,MoE_K4,0.1,0.887091336136232,0.026261828081233,0.00552327426397403,0.00155566005893003,0.960922937433039
full,DS02,14,10,MoE_K4,0.316227766016838,0.905869039711101,0.0239788065786603,0.00552169047315315,0.00153461726575261,0.957613163560795
full,DS02,14,10,MoE_K4,1,0.910211526758381,0.0234191761592213,0.00551669417536271,0.00150596984888779,0.958133037343887
full,DS02,14,10,MoE_K4,3.16227766016838,0.90158298059234,0.024518642649435,0.00348341655398499,0.00151730840833612,0.970788256600303
full,DS02,14,10,MoE_K4,10,0.878456011105554,0.0272475879137705,0.00282657259760419,0.00165719875474837,0.981289789039904
full,DS02,14,10,MoE_K4,31.6227766016838,0.858951479681317,0.0293525331483119,0.00261658232924766,0.00208303094326999,0.987206480851704
full,DS02,14,10,MoE_K4,100,0.830295148516292,0.0321964841142661,0.00268273259922482,0.00311671854417986,0.990522808880274
full,DS02,14,10,MoE_K4,316.227766016838,0.753668356635268,0.0387901466966502,0.00296321118407395,0.00476598979777227,0.992237951929181
full,DS02,14,10,MoE_K4,1000,0.61392473575681,0.0485620831910226,0.00368953718334685,0.00561441169212378,0.993897878580664
full,DS02,14,10,FreeMLP,0.1,0.891765804824792,0.0257124562633943,0.00551333640949327,0.0015944505611958,0.963434565725516
full,DS02,14,10,FreeMLP,0.316227766016838,0.909084495218023,0.0235656974200968,0.005511765012155,0.00157376298270557,0.960247706170419
full,DS02,14,10,FreeMLP,1,0.909026285105182,0.0235732403711392,0.00550680782001785,0.00154640239443812,0.957589972972263
full,DS02,14,10,FreeMLP,3.16227766016838,0.901702971321556,0.0245036914392404,0.00367501633557708,0.00155393008490196,0.971973943037368
full,DS02,14,10,FreeMLP,10,0.87893291172392,0.0271940798662149,0.00291325120763178,0.00169072125823823,0.982113622241135
full,DS02,14,10,FreeMLP,31.6227766016838,0.859771680042813,0.0292670658939087,0.00263773639630317,0.00211363669917748,0.987554629831229
full,DS02,14,10,FreeMLP,100,0.83127865022681,0.0321030533480237,0.00266900536943812,0.00315522477444048,0.990680937345518
full,DS02,14,10,FreeMLP,316.227766016838,0.754088664957029,0.0387570393340382,0.00295052568879317,0.00481068357934851,0.992305762482537
full,DS02,14,10,FreeMLP,1000,0.613165175850298,0.0486098299523803,0.00368248410853084,0.00566163558227729,0.993874168883446
full,DS02,14,10,MoE_dir,0.1,0.889908028982539,0.02593218692824,0.00551122924923348,0.00137034382259166,0.958013242242718
full,DS02,14,10,MoE_dir,0.316227766016838,0.907941053001374,0.0237134269913695,0.00550966059235334,0.00135930978261953,0.958642851433792
full,DS02,14,10,MoE_dir,1,0.907795553710942,0.023732159144484,0.00550471169595932,0.00135054278811627,0.956468036748082
full,DS02,14,10,MoE_dir,3.16227766016838,0.901088254383603,0.024580190994882,0.00344421163455242,0.00138564850505812,0.97036429641998
full,DS02,14,10,MoE_dir,10,0.878606095076566,0.027230759893603,0.00280380212255445,0.00153568540403876,0.981155325394563
full,DS02,14,10,MoE_dir,31.6227766016838,0.858877800861137,0.0293601985164278,0.00260561714051174,0.00199244300173102,0.987044561331144
full,DS02,14,10,MoE_dir,100,0.829665222002404,0.0322561837429081,0.00265619095833016,0.00312255275557155,0.990097528977126
full,DS02,14,10,MoE_dir,316.227766016838,0.752774402374296,0.0388604689915417,0.00296028200924923,0.00479232494953726,0.991987422376737
full,DS02,14,10,MoE_dir,1000,0.613341138755569,0.0485987729077522,0.00369146029987995,0.00559912924057613,0.99391422695887
full,DS02,14,100,Z_zero,NaN,0,0.0781558192659395,0.00561213120189123,0,0
full,DS02,14,100,H0,0.1,0.827908292502252,0.0324221112590364,0.0059628614391084,0.00119201882619016,0.968030228508792
full,DS02,14,100,H0,0.316227766016838,0.941688760278126,0.0188728486593,0.0059515725847261,0.00113010400016892,0.975195836269086
full,DS02,14,100,H0,1,0.940925018130176,0.0189960418820325,0.00498625004505169,0.00109487251581888,0.978680038439055
full,DS02,14,100,H0,3.16227766016838,0.911106024037001,0.0233022300552883,0.00269881866861231,0.00108908183550955,0.987527904279202
full,DS02,14,100,H0,10,0.881264536144676,0.0269309421207334,0.00239937800702662,0.00115645040236614,0.991435697833088
full,DS02,14,100,H0,31.6227766016838,0.862008331910826,0.0290327217750893,0.00236177786200743,0.00150385323176189,0.992683632945477
full,DS02,14,100,H0,100,0.832956167404783,0.0319430618799213,0.00235016293692448,0.00260610463140738,0.993077260762544
full,DS02,14,100,H0,316.227766016838,0.756940142735873,0.0385316794953663,0.00254903440288648,0.00435045702924572,0.993923662236228
full,DS02,14,100,H0,1000,0.617558299375246,0.0483330209134288,0.0033962654304852,0.00533015600048426,0.995042911012004
full,DS02,14,100,TRA4,0.1,0.815192574841951,0.0335985881349679,0.00653228314028948,0.00125737488105398,0.972490025064643
full,DS02,14,100,TRA4,0.316227766016838,0.919940618702218,0.0221140065907766,0.00652959436213106,0.00120266018396865,0.971545963318835
full,DS02,14,100,TRA4,1,0.934784288660156,0.0199589383994179,0.00605350065744434,0.00117393610184903,0.978295395404614
full,DS02,14,100,TRA4,3.16227766016838,0.907675438362469,0.023747612134615,0.00299302542764559,0.00117854111394348,0.986998233003208
full,DS02,14,100,TRA4,10,0.877442970430545,0.0273609034203433,0.00244642217618214,0.00127977999567151,0.990820321889467
full,DS02,14,100,TRA4,31.6227766016838,0.859566097766969,0.0292885115847504,0.00235046024579456,0.00177521595332213,0.992159440207291
full,DS02,14,100,TRA4,100,0.833652640292929,0.0318764005900195,0.00228461667328302,0.00315506172285832,0.992761673303122
full,DS02,14,100,TRA4,316.227766016838,0.757417812435213,0.0384937989757189,0.00250021881959369,0.00504834784942221,0.993887448500179
full,DS02,14,100,TRA4,1000,0.615985779104648,0.0484322866138009,0.0033997440642725,0.00583274877764084,0.99504142747613
full,DS02,14,100,MoE_K4,0.1,0.807265190846856,0.0343116338677073,0.00617314995582837,0.00121294059612179,0.956941821224315
full,DS02,14,100,MoE_K4,0.316227766016838,0.915310560963295,0.0227444766424638,0.00617099636893345,0.00115597043678105,0.96339705060238
full,DS02,14,100,MoE_K4,1,0.926527660602984,0.0211847456465347,0.00614447518334405,0.00112322502615932,0.972468371701668
full,DS02,14,100,MoE_K4,3.16227766016838,0.905241556347669,0.0240585960043086,0.00414636284958089,0.00112597146966854,0.983968060282245
full,DS02,14,100,MoE_K4,10,0.87953318189802,0.0271265797734596,0.00254748017713329,0.00120721702079057,0.989717369539965
full,DS02,14,100,MoE_K4,31.6227766016838,0.86182166609035,0.0290523518925775,0.00234965157659752,0.00160415953167158,0.991631945060398
full,DS02,14,100,MoE_K4,100,0.833964501209851,0.0318465063159283,0.0023377063209293,0.00279397520284992,0.992610851568417
full,DS02,14,100,MoE_K4,316.227766016838,0.757393660807305,0.0384957151608685,0.00256997806952086,0.00458016360926938,0.993518568982476
full,DS02,14,100,MoE_K4,1000,0.616362562876163,0.0484085205954557,0.0034169366926284,0.00553414225470717,0.994767247284787
full,DS02,14,100,FreeMLP,0.1,0.817209527504483,0.0334147408788468,0.00615745350540451,0.00124432302006504,0.958232215199894
full,DS02,14,100,FreeMLP,0.316227766016838,0.916151395390026,0.0226312863494875,0.00615532096608786,0.00119102923930768,0.964346913896594
full,DS02,14,100,FreeMLP,1,0.926911471465052,0.0211293398833229,0.00612547437250572,0.00115739362091596,0.972917039445117
full,DS02,14,100,FreeMLP,3.16227766016838,0.905325732939806,0.0240479076661561,0.00408491669753222,0.00115924631932622,0.984366714654825
full,DS02,14,100,FreeMLP,10,0.879561875230456,0.0271233490152437,0.00254128577682247,0.00123906556610365,0.989876000357241
full,DS02,14,100,FreeMLP,31.6227766016838,0.862233595682579,0.0290090149392413,0.00234266758550851,0.00163391653558254,0.991717553345042
full,DS02,14,100,FreeMLP,100,0.834626914256932,0.0317829156255585,0.00232866925336444,0.00282025219647401,0.992592175346066
full,DS02,14,100,FreeMLP,316.227766016838,0.757710144651712,0.038470597829063,0.00255568186233212,0.00461358782233398,0.993591515264087
full,DS02,14,100,FreeMLP,1000,0.615879033908821,0.0484390175555405,0.00340992153010987,0.00557033137757251,0.994779860610899
full,DS02,14,100,MoE_dir,0.1,0.789375318198976,0.0358687259568211,0.00616360653921345,0.0010391935625691,0.950656309312637
full,DS02,14,100,MoE_dir,0.316227766016838,0.912137485832235,0.0231666444348586,0.00616146698195613,0.000989347837901538,0.960820622937
full,DS02,14,100,MoE_dir,1,0.924221828573617,0.0215146051759327,0.00613513032278667,0.000965318578750017,0.971195208704462
full,DS02,14,100,MoE_dir,3.16227766016838,0.904338215030253,0.0241730004437086,0.00414739255085859,0.000976281460632077,0.983569880226446
full,DS02,14,100,MoE_dir,10,0.879189972810072,0.0271651940042712,0.00253635667348519,0.00107806553443686,0.989417220574175
full,DS02,14,100,MoE_dir,31.6227766016838,0.861368305448788,0.029099972986983,0.00234559503981004,0.00154455351435659,0.991395345193992
full,DS02,14,100,MoE_dir,100,0.833318119552026,0.0319084358493204,0.00229299436275264,0.00283164570407655,0.992127723100097
full,DS02,14,100,MoE_dir,316.227766016838,0.756502176667475,0.0385663787115335,0.00256722173654433,0.00460083173585185,0.993012136390166
full,DS02,14,100,MoE_dir,1000,0.615772552205875,0.0484457309507096,0.00341968076732328,0.00551010183407009,0.994598890795127
full,DS02,14,1000,Z_zero,NaN,0,0.0781558192659395,0.00561213120189123,0,0
full,DS02,14,1000,H0,0.1,0.846247942522936,0.0306458582167629,0.00603953867089816,0.00125655893058697,0.954835334297925
full,DS02,14,1000,H0,0.316227766016838,0.934115296264993,0.0200610480719189,0.00603708805287723,0.00119285880764501,0.968650680503499
full,DS02,14,1000,H0,1,0.926526029169337,0.0211849808460347,0.0060263218826542,0.0011673469607883,0.974795309012642
full,DS02,14,1000,H0,3.16227766016838,0.90261017844034,0.0243903540728292,0.00432376556378977,0.00116830181437886,0.985297134330966
full,DS02,14,1000,H0,10,0.877409841000483,0.0273646012493872,0.00257354131375531,0.00124492475083741,0.99092439357061
full,DS02,14,1000,H0,31.6227766016838,0.860178946051821,0.0292245347269786,0.00233551897135552,0.00159032676076566,0.992760622937176
full,DS02,14,1000,H0,100,0.831703809015183,0.032062579796357,0.00231208225968517,0.00262376917597014,0.993402856760184
full,DS02,14,1000,H0,316.227766016838,0.756149229350534,0.0385943193532657,0.00248213013291802,0.00431926648876167,0.994258659093761
full,DS02,14,1000,H0,1000,0.617349638614163,0.048346204399516,0.00334870944644587,0.00531621120579096,0.99538689449621
full,DS02,14,1000,TRA4,0.1,0.814779118826846,0.0336361509585456,0.00665123266589018,0.00131610507475646,0.953710606615834
full,DS02,14,1000,TRA4,0.316227766016838,0.91527688968151,0.0227489976286969,0.00664848476299869,0.00126856027699594,0.965405700445332
full,DS02,14,1000,TRA4,1,0.922457235060146,0.0217636614348739,0.00663697094146405,0.00124609281723923,0.973667817846957
full,DS02,14,1000,TRA4,3.16227766016838,0.897300933634658,0.0250463570642985,0.00478514167133275,0.00125676576402653,0.985053508930014
full,DS02,14,1000,TRA4,10,0.872662723752687,0.0278893952988327,0.00269661413623755,0.00136523877702529,0.990710085042361
full,DS02,14,1000,TRA4,31.6227766016838,0.857573463528981,0.0294955688621171,0.00236311226518303,0.00186059729692305,0.992494409644023
full,DS02,14,1000,TRA4,100,0.832140232433682,0.0320209806849797,0.00227205752973372,0.00316420958105939,0.993130254271313
full,DS02,14,1000,TRA4,316.227766016838,0.756469200516031,0.0385689900853696,0.00243031734064095,0.00501790555585233,0.994499349436727
full,DS02,14,1000,TRA4,1000,0.61574886420061,0.0484472242915024,0.0033540190907855,0.00581766085692381,0.995543352787352
full,DS02,14,1000,MoE_K4,0.1,0.803986620735095,0.0346022371195652,0.00626443896756838,0.00125987297622756,0.939015918564193
full,DS02,14,1000,MoE_K4,0.316227766016838,0.900262658679153,0.0246825606871676,0.00626225248628238,0.00120789189311477,0.951534997790802
full,DS02,14,1000,MoE_K4,1,0.915950754743279,0.0226583472815783,0.00625490020678219,0.00118240055343199,0.969216561498305
full,DS02,14,1000,MoE_K4,3.16227766016838,0.895619516243677,0.0252505575778072,0.0060498209639871,0.00119022263921771,0.982150740078627
full,DS02,14,1000,MoE_K4,10,0.875017653017128,0.0276303036564992,0.00306966886355112,0.00127938051460633,0.98964235160866
full,DS02,14,1000,MoE_K4,31.6227766016838,0.85993546296984,0.029249969325287,0.00237391554423022,0.00167939799618736,0.992125708218921
full,DS02,14,1000,MoE_K4,100,0.832635095158374,0.0319737457638117,0.00229024907100749,0.00280008815536045,0.99311250256413
full,DS02,14,1000,MoE_K4,316.227766016838,0.756479298959431,0.0385681904107453,0.00247413296910848,0.00456524866074351,0.994233145866665
full,DS02,14,1000,MoE_K4,1000,0.616128886267189,0.0484232613582439,0.00335671661323452,0.00552327277715476,0.995494684150896
full,DS02,14,1000,FreeMLP,0.1,0.805203149338694,0.0344946931132424,0.00625309528336325,0.00129317723463685,0.940104866762375
full,DS02,14,1000,FreeMLP,0.316227766016838,0.901660795177061,0.0245089477547722,0.00625092837341087,0.00124167638963628,0.953096295191982
full,DS02,14,1000,FreeMLP,1,0.917333229239639,0.0224712280084916,0.00624357947167601,0.00121561612168225,0.970035064135521
full,DS02,14,1000,FreeMLP,3.16227766016838,0.895854403280945,0.025222130956048,0.00605968391876547,0.00122219514827903,0.982439851656565
full,DS02,14,1000,FreeMLP,10,0.875379330939164,0.027590295962434,0.00309436765385583,0.0013087330034274,0.98983929696439
full,DS02,14,1000,FreeMLP,31.6227766016838,0.86052415243621,0.0291884359768493,0.00237424443723003,0.00170747117662471,0.992256983425388
full,DS02,14,1000,FreeMLP,100,0.833360717225886,0.0319043582855415,0.00227829231542355,0.0028284369914917,0.993157069478228
full,DS02,14,1000,FreeMLP,316.227766016838,0.756790863915058,0.0385435100807445,0.00246393600268164,0.00460014262085277,0.994297122661778
full,DS02,14,1000,FreeMLP,1000,0.615594520136415,0.0484569533333516,0.00335011227478439,0.00555848272569323,0.99546367213582
full,DS02,14,1000,MoE_dir,0.1,0.808732790065078,0.0341807494838662,0.00625734459564684,0.00109990262053599,0.93573920470755
full,DS02,14,1000,MoE_dir,0.316227766016838,0.898474228566391,0.0249028738726177,0.00625517025536651,0.00106349656656107,0.949862373485173
full,DS02,14,1000,MoE_dir,1,0.915054618770115,0.0227788190574078,0.00624783714035916,0.00104414810708031,0.968872107368017
full,DS02,14,1000,MoE_dir,3.16227766016838,0.895438281331303,0.0252724692307729,0.006046553684588,0.00106031745047252,0.981888352460823
full,DS02,14,1000,MoE_dir,10,0.874930497921239,0.0276399358251598,0.00306644459020178,0.00116237738298428,0.989394911583707
full,DS02,14,1000,MoE_dir,31.6227766016838,0.859470873603733,0.0292984397479053,0.00237267334132395,0.00160562079343762,0.991862543726862
full,DS02,14,1000,MoE_dir,100,0.832035494570829,0.03203096904054,0.00227892131542184,0.00285137787831653,0.992706143932118
full,DS02,14,1000,MoE_dir,316.227766016838,0.755639219486737,0.0386346579634998,0.00247120828378847,0.00459673287325245,0.993722120378266
full,DS02,14,1000,MoE_dir,1000,0.61553963650509,0.0484604124394002,0.00335955746103894,0.00550667176148374,0.99548766510503
highTRA,DS02,14,1,Z_zero,NaN,0,0.0781423876545179,0.00560320372503428,0,0
highTRA,DS02,14,1,H0,0.1,0.229901877525721,0.0685740357197568,0.00612629675568533,0.00191773345228108,0.823267878338793
highTRA,DS02,14,1,H0,0.316227766016838,0.635543364313683,0.0471747500701474,0.0057063766051323,0.00184305821185504,0.963606272292752
highTRA,DS02,14,1,H0,1,0.773254774901583,0.0372096643229647,0.00507487997288361,0.00180599369443829,0.9755524927379
highTRA,DS02,14,1,H0,3.16227766016838,0.957204456443496,0.0161653812063966,0.00428403544035887,0.00177169652365163,0.985251134651149
highTRA,DS02,14,1,H0,10,0.960257288381165,0.0155781336236123,0.00366695634580274,0.00175324632691024,0.982488720482582
highTRA,DS02,14,1,H0,31.6227766016838,0.904688462308971,0.0241245607782702,0.00332870175057396,0.00196781223253468,0.978298699888995
highTRA,DS02,14,1,H0,100,0.860977687081013,0.0291359331392893,0.00318082852953249,0.00308039832193685,0.978224375110617
highTRA,DS02,14,1,H0,316.227766016838,0.785315656254541,0.0362065266262359,0.00318300682305404,0.00480591311741299,0.980833751774659
highTRA,DS02,14,1,H0,1000,0.645442133099638,0.0465296986671066,0.00359605655899123,0.00582765172849091,0.985257455644432
highTRA,DS02,14,1,TRA4,0.1,0.834959024279989,0.0317455289885204,0.0041017878062546,0.00178522096664264,0.98699827769646
highTRA,DS02,14,1,TRA4,0.316227766016838,0.865854194545243,0.0286203688012835,0.00399917355283701,0.00177019439906832,0.987215782140287
highTRA,DS02,14,1,TRA4,1,0.919948300909259,0.0221091453147528,0.00375304206038808,0.00173626745165737,0.986888237777256
highTRA,DS02,14,1,TRA4,3.16227766016838,0.975704390379459,0.0121800922453835,0.00348651474828046,0.00166042336732391,0.986201211857546
highTRA,DS02,14,1,TRA4,10,0.954785363181888,0.0166159891683722,0.00326859126347883,0.00165944383891255,0.984175011184314
highTRA,DS02,14,1,TRA4,31.6227766016838,0.904472820759502,0.0241518361669611,0.00319280383723229,0.00196222822929938,0.980781081235054
highTRA,DS02,14,1,TRA4,100,0.86290583029122,0.0289331800651685,0.00316161869127534,0.00323240458774804,0.980060306361451
highTRA,DS02,14,1,TRA4,316.227766016838,0.788368875695274,0.0359481418407047,0.00315340755350272,0.00504397342000855,0.98104277370508
highTRA,DS02,14,1,TRA4,1000,0.645894897125383,0.0464999803820438,0.00358624390616441,0.00607840716826315,0.984357972176676
highTRA,DS02,14,1,MoE_K4,0.1,0.620933472665808,0.0481110012680151,0.0060328395406812,0.00171905921222601,0.967777030840298
highTRA,DS02,14,1,MoE_K4,0.316227766016838,0.670457202899755,0.0448582770471184,0.00603154265966404,0.0017025978544719,0.970546634330896
highTRA,DS02,14,1,MoE_K4,1,0.83201984738454,0.0320269559741974,0.00520679883140573,0.00164713219600836,0.985155373134517
highTRA,DS02,14,1,MoE_K4,3.16227766016838,0.957031634685971,0.016197988746247,0.0045174084203045,0.00156311374942154,0.987012618835088
highTRA,DS02,14,1,MoE_K4,10,0.966853080785846,0.0142268339279105,0.00394173755642151,0.00152114305468869,0.98541409023203
highTRA,DS02,14,1,MoE_K4,31.6227766016838,0.91366931680543,0.0229598616047662,0.00352519361162892,0.00165437578175019,0.983543887200788
highTRA,DS02,14,1,MoE_K4,100,0.865899241829895,0.0286155629180472,0.00326490085632255,0.00273514605916942,0.98358209431666
highTRA,DS02,14,1,MoE_K4,316.227766016838,0.788471040376925,0.0359394638312065,0.0031985744840088,0.00448386309175484,0.982368736796374
highTRA,DS02,14,1,MoE_K4,1000,0.645795358362894,0.0465065154831202,0.00358774794126319,0.00569411709200947,0.984102356487175
highTRA,DS02,14,1,FreeMLP,0.1,0.683987428234604,0.0439277396937725,0.00604125148971658,0.00167522466925068,0.962060507090642
highTRA,DS02,14,1,FreeMLP,0.316227766016838,0.738146520638425,0.0399867264344903,0.00562282147410973,0.00165527254110894,0.966046827948211
highTRA,DS02,14,1,FreeMLP,1,0.870394534309213,0.0281318527467727,0.00496080911327113,0.00160235443923752,0.980214742112161
highTRA,DS02,14,1,FreeMLP,3.16227766016838,0.965107267385335,0.0145966827248882,0.00435219235349014,0.0015490635960227,0.98434473275625
highTRA,DS02,14,1,FreeMLP,10,0.962065046712544,0.0152197126803021,0.00382511725409064,0.00153287200258561,0.984442615628307
highTRA,DS02,14,1,FreeMLP,31.6227766016838,0.911486495111329,0.023248313104876,0.00344119105641335,0.00168196941531408,0.982493214533987
highTRA,DS02,14,1,FreeMLP,100,0.865446279875336,0.0286638506177624,0.00323652764911457,0.00275542547568955,0.983179694068821
highTRA,DS02,14,1,FreeMLP,316.227766016838,0.788447669128214,0.035941449202263,0.00316273058092892,0.00448946111512372,0.982418983311514
highTRA,DS02,14,1,FreeMLP,1000,0.646012650699246,0.0464922482227038,0.00355490302064694,0.00569609163837547,0.984213911968386
highTRA,DS02,14,1,MoE_dir,0.1,0.620784811524509,0.0481204343552753,0.00601112565725738,0.00147648033114472,0.969275961540207
highTRA,DS02,14,1,MoE_dir,0.316227766016838,0.668128281593711,0.0450165075853661,0.00600988801658108,0.00146711844943875,0.97159459453449
highTRA,DS02,14,1,MoE_dir,1,0.833302017247447,0.0319044931219311,0.00517879313105652,0.00142845873326968,0.986203532136951
highTRA,DS02,14,1,MoE_dir,3.16227766016838,0.958368665796286,0.0159439837014523,0.00449471383161633,0.00138314598714078,0.987912977557387
highTRA,DS02,14,1,MoE_dir,10,0.968180171364421,0.013939127650661,0.00392128286373549,0.0013750087698642,0.986495910385519
highTRA,DS02,14,1,MoE_dir,31.6227766016838,0.914273979837364,0.0228793144937236,0.00350915933254639,0.00155353396546922,0.98477496420072
highTRA,DS02,14,1,MoE_dir,100,0.865050742371082,0.0287059501897965,0.0032530159813567,0.00262739826927261,0.983820810556533
highTRA,DS02,14,1,MoE_dir,316.227766016838,0.787117655823487,0.0360542527527047,0.00319666450347418,0.00441293622016271,0.982681914630519
highTRA,DS02,14,1,MoE_dir,1000,0.64492855721748,0.0465633855289984,0.00359123194792451,0.00567320679902453,0.984156732555863
highTRA,DS02,14,10,Z_zero,NaN,0,0.0781423876545179,0.00560320372503428,0,0
highTRA,DS02,14,10,H0,0.1,0.679309603387046,0.0442516689163135,0.00695884387653968,0.00149126771266003,0.970783987181771
highTRA,DS02,14,10,H0,0.316227766016838,0.937046060607447,0.0196064123785148,0.0069527424249401,0.001458044390885,0.983165407297428
highTRA,DS02,14,10,H0,1,0.938614840428358,0.0193605803538785,0.0069398370383957,0.00144257129885174,0.979118422605122
highTRA,DS02,14,10,H0,3.16227766016838,0.91779445004528,0.0224046026795734,0.00404371816580669,0.00144445543263009,0.987346973770257
highTRA,DS02,14,10,H0,10,0.885146208328171,0.0264825222359686,0.00265017591039971,0.00158954401397125,0.991518420684726
highTRA,DS02,14,10,H0,31.6227766016838,0.866064207600166,0.0285979566005673,0.00299616712543746,0.00204247755578094,0.992866865922993
highTRA,DS02,14,10,H0,100,0.842652974560558,0.0309967346601801,0.00280859401136642,0.00312989810037566,0.993042350070188
highTRA,DS02,14,10,H0,316.227766016838,0.773975202716948,0.0371505049643838,0.00280449577838031,0.00488572358344996,0.992758245880421
highTRA,DS02,14,10,H0,1000,0.638082774324866,0.0470101139714541,0.00343669836598683,0.00591885396295426,0.994464410030561
highTRA,DS02,14,10,TRA4,0.1,0.869838106440214,0.0281921765218983,0.00712711247655419,0.00137843616959672,0.983250588909366
highTRA,DS02,14,10,TRA4,0.316227766016838,0.946258558445582,0.0181151249060853,0.00712272955570541,0.00136186566830784,0.985859967288138
highTRA,DS02,14,10,TRA4,1,0.933429350397466,0.0201617429971185,0.00711109700509832,0.00135420208749451,0.982445163132032
highTRA,DS02,14,10,TRA4,3.16227766016838,0.906828047187882,0.0238522457955006,0.00616365721296402,0.0013795208059398,0.987804116860794
highTRA,DS02,14,10,TRA4,10,0.880608423840212,0.0270006065158525,0.00298464589528036,0.00154613340147369,0.991914894778021
highTRA,DS02,14,10,TRA4,31.6227766016838,0.865553001271637,0.0286524809842422,0.00264933396700346,0.00206019112271674,0.993481513032251
highTRA,DS02,14,10,TRA4,100,0.844981310692513,0.030766543472667,0.0026251155170086,0.00327598516685815,0.99334229166069
highTRA,DS02,14,10,TRA4,316.227766016838,0.776381639841754,0.0369522090534567,0.00266978784361601,0.00515162696030915,0.992775625792542
highTRA,DS02,14,10,TRA4,1000,0.637692686169827,0.047035441793143,0.00339365637992963,0.00615373191514046,0.993886592917866
highTRA,DS02,14,10,MoE_K4,0.1,0.705583545182433,0.0424001815805053,0.00666316231645012,0.00131673027003141,0.970467066255463
highTRA,DS02,14,10,MoE_K4,0.316227766016838,0.931648436334572,0.0204296489557383,0.00665775519224854,0.00128768647502933,0.980339467248079
highTRA,DS02,14,10,MoE_K4,1,0.940286235372827,0.0190951864377818,0.0066460092523375,0.00127415692435357,0.979657794447394
highTRA,DS02,14,10,MoE_K4,3.16227766016838,0.914647524790916,0.022829412591531,0.0062549049079301,0.00127113786124654,0.985925570357179
highTRA,DS02,14,10,MoE_K4,10,0.887751259129186,0.0261804686257963,0.0030750909583012,0.00140198204605341,0.99170401026033
highTRA,DS02,14,10,MoE_K4,31.6227766016838,0.86962548861286,0.0282151929105959,0.00275962744434155,0.00183782854900877,0.993483317522602
highTRA,DS02,14,10,MoE_K4,100,0.845690433974896,0.0306960929996963,0.00275576914520969,0.00288630015669677,0.993628553494236
highTRA,DS02,14,10,MoE_K4,316.227766016838,0.776054447877801,0.0369792328775984,0.00278256199433019,0.00462482604767398,0.993134284962278
highTRA,DS02,14,10,MoE_K4,1000,0.637715598603243,0.0470339545012417,0.00343743219493466,0.00581303106729022,0.993956282307245
highTRA,DS02,14,10,FreeMLP,0.1,0.734082665676539,0.0402958203192288,0.00666804839040982,0.00132156839290521,0.973428423700274
highTRA,DS02,14,10,FreeMLP,0.316227766016838,0.933366448735677,0.0201712660204807,0.00666310662355024,0.00129368616704189,0.981098361279867
highTRA,DS02,14,10,FreeMLP,1,0.943731936759356,0.0185360699838502,0.00665146586404927,0.00127964959934719,0.981463451970767
highTRA,DS02,14,10,FreeMLP,3.16227766016838,0.919130373978511,0.0222218081793347,0.00615809125632596,0.0012771592643528,0.986720419560668
highTRA,DS02,14,10,FreeMLP,10,0.890415995526217,0.0258678456159966,0.00303378280906783,0.00140319797058568,0.991873084693641
highTRA,DS02,14,10,FreeMLP,31.6227766016838,0.871098859203332,0.0280553090739018,0.00271580265780481,0.00184043538387523,0.993635196151923
highTRA,DS02,14,10,FreeMLP,100,0.846658395281268,0.0305996654951962,0.00272396190993796,0.00289262551398784,0.993800343277516
highTRA,DS02,14,10,FreeMLP,316.227766016838,0.776398346020269,0.036950828706756,0.0027574839169042,0.00464006192927924,0.993184181184967
highTRA,DS02,14,10,FreeMLP,1000,0.63758605272081,0.0470423629650403,0.00342560788820606,0.00582848808451101,0.993979834404296
highTRA,DS02,14,10,MoE_dir,0.1,0.672649168028404,0.0447088399579348,0.00664801906504151,0.00119907722228462,0.95583717580748
highTRA,DS02,14,10,MoE_dir,0.316227766016838,0.930247988575313,0.0206378781957989,0.00663778807461534,0.00116088507877162,0.978610881931471
highTRA,DS02,14,10,MoE_dir,1,0.938782949724612,0.019334051751997,0.00662621861602792,0.00115367844866679,0.978648028758729
highTRA,DS02,14,10,MoE_dir,3.16227766016838,0.913829907730219,0.0229384968850617,0.00613986175428289,0.00117846668931078,0.985475630374902
highTRA,DS02,14,10,MoE_dir,10,0.887365679208836,0.026225395672955,0.00296247159965727,0.0013134819833944,0.991574708949961
highTRA,DS02,14,10,MoE_dir,31.6227766016838,0.869290749133142,0.0282513912605267,0.00267889379232207,0.00175210393200121,0.993517893826839
highTRA,DS02,14,10,MoE_dir,100,0.844819385531254,0.0307826079138524,0.00270278766877922,0.00281186201657609,0.99365947792645
highTRA,DS02,14,10,MoE_dir,316.227766016838,0.774832121251645,0.0370800144968886,0.00277926807361324,0.0045913723423416,0.993237126125405
highTRA,DS02,14,10,MoE_dir,1000,0.636929525538926,0.0470849532346884,0.00344453666728432,0.00580236812342843,0.994033727939375
highTRA,DS02,14,100,Z_zero,NaN,0,0.0781423876545179,0.00560320372503428,0,0
highTRA,DS02,14,100,H0,0.1,0.649331079851041,0.0462738159658541,0.00667659072188617,0.00142363629299813,0.983115664052511
highTRA,DS02,14,100,H0,0.316227766016838,0.944041210075777,0.0184850587121942,0.00525486786767096,0.00139478561800172,0.983889567337193
highTRA,DS02,14,100,H0,1,0.957200915095709,0.0161660500383348,0.00261946314483543,0.00136909012150534,0.983693926789916
highTRA,DS02,14,100,H0,3.16227766016838,0.920333860683753,0.0220558379760869,0.00260195157387843,0.00139487365037051,0.988456055427018
highTRA,DS02,14,100,H0,10,0.886239631610049,0.0263561622192412,0.00260650937367586,0.00154849679203704,0.992671620272471
highTRA,DS02,14,100,H0,31.6227766016838,0.867707386449952,0.0284219895366945,0.00260684525867351,0.00201125016022286,0.994129729839513
highTRA,DS02,14,100,H0,100,0.843925073816551,0.0308711811477553,0.00260535873279819,0.00311690212876143,0.994258240440429
highTRA,DS02,14,100,H0,316.227766016838,0.774030195656548,0.037145985239592,0.00269665677813684,0.00488347773511466,0.993994579791953
highTRA,DS02,14,100,H0,1000,0.637505009588228,0.0470476224857835,0.00338835533784783,0.00587747012189549,0.994719119797693
highTRA,DS02,14,100,TRA4,0.1,0.841707213466719,0.031089750673766,0.00678174990512604,0.0012994790360801,0.979148416930649
highTRA,DS02,14,100,TRA4,0.316227766016838,0.935823383374107,0.019795892455741,0.00677742677175951,0.00128411783226836,0.984532043452543
highTRA,DS02,14,100,TRA4,1,0.962049456875721,0.0152228397233599,0.00322699347406212,0.00126104207881224,0.987521632764954
highTRA,DS02,14,100,TRA4,3.16227766016838,0.929013946092575,0.0208196389749098,0.00264287116967999,0.00129775570557971,0.990849967692458
highTRA,DS02,14,100,TRA4,10,0.890682015278252,0.0258364288997425,0.00262691827495284,0.00147546012788805,0.992107925620506
highTRA,DS02,14,100,TRA4,31.6227766016838,0.870299676804352,0.0281421456354825,0.00259997912380776,0.00200363985490984,0.993764405569993
highTRA,DS02,14,100,TRA4,100,0.847520490160669,0.0305135277611934,0.00257025823229714,0.00324093287320253,0.994261970875256
highTRA,DS02,14,100,TRA4,316.227766016838,0.776951792791797,0.0369050710243898,0.00259767053963991,0.00511979428373169,0.993822233461946
highTRA,DS02,14,100,TRA4,1000,0.637275720158283,0.0470624996806457,0.00336006455247831,0.00610430168372596,0.994445137963641
highTRA,DS02,14,100,MoE_K4,0.1,0.688035862476393,0.0436454537478657,0.00633780389714507,0.00125168392860782,0.958008101203366
highTRA,DS02,14,100,MoE_K4,0.316227766016838,0.916542975851809,0.0225744991956285,0.00634132481929142,0.00122734448968678,0.975435427934333
highTRA,DS02,14,100,MoE_K4,1,0.956100383255836,0.0163725769933503,0.00395107613440228,0.00120163720721316,0.982556323178595
highTRA,DS02,14,100,MoE_K4,3.16227766016838,0.928589438293903,0.0208817985448515,0.00256270432513883,0.00121169213406311,0.988070407103185
highTRA,DS02,14,100,MoE_K4,10,0.893985853019984,0.0254430158605,0.0025659568183555,0.00135708574944895,0.99196757286688
highTRA,DS02,14,100,MoE_K4,31.6227766016838,0.873003341437442,0.0278472827300184,0.00257288857462885,0.00180666618917843,0.993998406271072
highTRA,DS02,14,100,MoE_K4,100,0.84772643677695,0.030492914233644,0.00259056951285373,0.00287853013876302,0.994475068449707
highTRA,DS02,14,100,MoE_K4,316.227766016838,0.776446835883485,0.0369468219435081,0.00265920948007828,0.00463541805491268,0.994030814683873
highTRA,DS02,14,100,MoE_K4,1000,0.637248634772729,0.0470642567758065,0.00338936302688449,0.00578671714721593,0.994377455009331
highTRA,DS02,14,100,FreeMLP,0.1,0.775188187739717,0.037050684882191,0.00634695873510224,0.00124458844330988,0.973464908861668
highTRA,DS02,14,100,FreeMLP,0.316227766016838,0.922374291352621,0.0217715558529109,0.00634914069798141,0.00122495872351208,0.976658166478331
highTRA,DS02,14,100,FreeMLP,1,0.959197187333517,0.0157845326484133,0.0038248431611768,0.00119952404829382,0.983796405462006
highTRA,DS02,14,100,FreeMLP,3.16227766016838,0.930085230211916,0.0206619422338094,0.0025602909277894,0.0012062733881575,0.988825272705805
highTRA,DS02,14,100,FreeMLP,10,0.89512846695377,0.0253055327834932,0.00255793854514541,0.00135294572719095,0.992081896677206
highTRA,DS02,14,100,FreeMLP,31.6227766016838,0.873972596766273,0.0277408121152781,0.00255640636215654,0.00180417737681204,0.993999192730242
highTRA,DS02,14,100,FreeMLP,100,0.84846776887105,0.0304185974717767,0.00257310171586356,0.00288121903956362,0.994613606695198
highTRA,DS02,14,100,FreeMLP,316.227766016838,0.776862432974284,0.0369124629245914,0.00264059226885155,0.004642851768284,0.994127987589379
highTRA,DS02,14,100,FreeMLP,1000,0.637172961435004,0.0470691655425507,0.00337577461671761,0.00579964330012716,0.994377502819355
highTRA,DS02,14,100,MoE_dir,0.1,0.68990428236924,0.0435145564853845,0.00639043120826693,0.00116331241304812,0.957439294512945
highTRA,DS02,14,100,MoE_dir,0.316227766016838,0.920334335257393,0.0220557722823368,0.0063922707096478,0.00113687405462641,0.976368557122815
highTRA,DS02,14,100,MoE_dir,1,0.954786026480975,0.0166158672895774,0.00393911105450171,0.00111179222056396,0.98176880550273
highTRA,DS02,14,100,MoE_dir,3.16227766016838,0.927416349192374,0.0210526165964293,0.00256481807718373,0.00113202110473481,0.987782433271462
highTRA,DS02,14,100,MoE_dir,10,0.893596116508757,0.0254897406406134,0.00255337406425292,0.00127637039285411,0.991932686199962
highTRA,DS02,14,100,MoE_dir,31.6227766016838,0.872718157208288,0.027878532183832,0.00254878649835557,0.00172755883056077,0.994016244760132
highTRA,DS02,14,100,MoE_dir,100,0.846952132618485,0.0305703434699379,0.00256434876330879,0.00281061931668942,0.994465788389776
highTRA,DS02,14,100,MoE_dir,316.227766016838,0.775260256025656,0.0370447457072079,0.00265693256561898,0.00460571227936003,0.994084329743143
highTRA,DS02,14,100,MoE_dir,1000,0.636459630971966,0.047115412623746,0.00339362336549096,0.00577709475301224,0.994445882775519
highTRA,DS02,14,1000,Z_zero,NaN,0,0.0781423876545179,0.00560320372503428,0,0
highTRA,DS02,14,1000,H0,0.1,0.612468306018106,0.0486452332794837,0.00651023476473638,0.00141959389421896,0.971849571471335
highTRA,DS02,14,1000,H0,0.316227766016838,0.910419982818446,0.0233879549022924,0.0065182870836997,0.0013956269608055,0.974202698270332
highTRA,DS02,14,1000,H0,1,0.94761571012924,0.0178849284680661,0.00412481417987472,0.00137259076658834,0.977049104422752
highTRA,DS02,14,1000,H0,3.16227766016838,0.9226816196563,0.0217284151769981,0.00256488496253129,0.00136984995412177,0.985551315522278
highTRA,DS02,14,1000,H0,10,0.88737180054446,0.0262246830276935,0.00266422254787321,0.00151821614409928,0.991562354517826
highTRA,DS02,14,1000,H0,31.6227766016838,0.867941649071046,0.0283968136792729,0.00265961120762819,0.00198665802513246,0.993769058802623
highTRA,DS02,14,1000,H0,100,0.843777737899565,0.0308857490253811,0.0025615701399879,0.00309760672918825,0.994178049492483
highTRA,DS02,14,1000,H0,316.227766016838,0.773537816967982,0.037186432986947,0.00269612850660565,0.0048578160048351,0.994044812088247
highTRA,DS02,14,1000,H0,1000,0.636765834508835,0.0470955662100091,0.00341525675039857,0.00584456440096795,0.994646315696236
highTRA,DS02,14,1000,TRA4,0.1,0.818333910908899,0.0333060868682071,0.00662502545747234,0.00130147291085403,0.977048121418536
highTRA,DS02,14,1000,TRA4,0.316227766016838,0.908404935338009,0.0236495408713613,0.00662559849214237,0.0012885758697173,0.97799529467657
highTRA,DS02,14,1000,TRA4,1,0.954458763074516,0.0166758925492672,0.00568937359271074,0.0012702036504325,0.984054994779168
highTRA,DS02,14,1000,TRA4,3.16227766016838,0.933198271670922,0.0201967052057836,0.00278413152325645,0.00127454219384696,0.990041553995345
highTRA,DS02,14,1000,TRA4,10,0.893076639129874,0.025551886969629,0.0025096009932585,0.00145185297862052,0.992206252761873
highTRA,DS02,14,1000,TRA4,31.6227766016838,0.870690312092525,0.0280997340019333,0.00251144924900019,0.00198611556347978,0.993783649094402
highTRA,DS02,14,1000,TRA4,100,0.847340975288661,0.030531484340323,0.00248881904155315,0.00322921021336818,0.994327733286083
highTRA,DS02,14,1000,TRA4,316.227766016838,0.776427812039038,0.0369483939535571,0.00263266420409781,0.00510767220270377,0.994008355920077
highTRA,DS02,14,1000,TRA4,1000,0.636425073014364,0.0471176519537876,0.00339168983547162,0.00608137119177216,0.99441252225792
highTRA,DS02,14,1000,MoE_K4,0.1,0.695693075849138,0.0431064833383487,0.00619053903896934,0.00124724499984062,0.952672370389034
highTRA,DS02,14,1000,MoE_K4,0.316227766016838,0.910935194096359,0.0233206010757475,0.0061926197200615,0.00122321496004703,0.972659964293252
highTRA,DS02,14,1000,MoE_K4,1,0.940426039452459,0.0190728201596995,0.00618048244003358,0.00120833742641738,0.975483541591417
highTRA,DS02,14,1000,MoE_K4,3.16227766016838,0.928793260941992,0.0208519764516255,0.00289095523005878,0.00119980216546639,0.985859572408132
highTRA,DS02,14,1000,MoE_K4,10,0.894551348157547,0.0253750667220725,0.00247977955127093,0.00132808578101172,0.991447011087978
highTRA,DS02,14,1000,MoE_K4,31.6227766016838,0.87300428109733,0.0278471797075323,0.00251627390464277,0.00178070930403873,0.99378147252673
highTRA,DS02,14,1000,MoE_K4,100,0.84736316719986,0.0305292650918504,0.00253052721606541,0.00286234411665565,0.994428478692994
highTRA,DS02,14,1000,MoE_K4,316.227766016838,0.775888410044526,0.0369929389190784,0.00270044428018791,0.00461484035902688,0.994098319186044
highTRA,DS02,14,1000,MoE_K4,1000,0.636449856498776,0.0471160460131592,0.00342606343208219,0.00575460336338659,0.994371223869158
highTRA,DS02,14,1000,FreeMLP,0.1,0.77070124560308,0.0374185991621025,0.00620126441094004,0.0012431913602016,0.969709588031206
highTRA,DS02,14,1000,FreeMLP,0.316227766016838,0.919621859970099,0.0221541786329793,0.00620249856175512,0.00122214185095018,0.976518856552883
highTRA,DS02,14,1000,FreeMLP,1,0.944783707469959,0.0183620133343093,0.0061856972276571,0.00120765975342775,0.977403386376991
highTRA,DS02,14,1000,FreeMLP,3.16227766016838,0.93130461587193,0.0204809668771577,0.00297538269264843,0.00119988128798624,0.986872729654984
highTRA,DS02,14,1000,FreeMLP,10,0.89581426765563,0.0252226551090861,0.00247010278010739,0.00132420486166717,0.991710151933863
highTRA,DS02,14,1000,FreeMLP,31.6227766016838,0.874236535492335,0.0277117481498826,0.00249545592118331,0.00177939187573823,0.993883605117955
highTRA,DS02,14,1000,FreeMLP,100,0.848156143157913,0.0304498592982753,0.00251462223319405,0.00286583394091188,0.994583095406563
highTRA,DS02,14,1000,FreeMLP,316.227766016838,0.776287118335577,0.03696001791459,0.00268179602155748,0.00462327608801669,0.994197794546502
highTRA,DS02,14,1000,FreeMLP,1000,0.636338727574388,0.0471232466092004,0.0034133193475343,0.00576998119719431,0.994396378111822
highTRA,DS02,14,1000,MoE_dir,0.1,0.681860324568622,0.0440753321560732,0.00622597812648139,0.00113555844639056,0.950495779214949
highTRA,DS02,14,1000,MoE_dir,0.316227766016838,0.912790003739464,0.0230764931293616,0.00622740332486569,0.00110820284552653,0.972703951395945
highTRA,DS02,14,1000,MoE_dir,1,0.939500780972861,0.0192203619235708,0.00621268941506004,0.00109171523159476,0.974641919742514
highTRA,DS02,14,1000,MoE_dir,3.16227766016838,0.927600018854587,0.0210259633750744,0.0028511953978123,0.00110398577481332,0.985528584628895
highTRA,DS02,14,1000,MoE_dir,10,0.893833572098212,0.0254612827412353,0.00246688378322063,0.00124753838462729,0.99140398956991
highTRA,DS02,14,1000,MoE_dir,31.6227766016838,0.87267034866619,0.0278837674429114,0.00249879860650188,0.00170183821236573,0.993801529961761
highTRA,DS02,14,1000,MoE_dir,100,0.846551219623436,0.0306103572002939,0.00251124750055068,0.0027918378442348,0.994438513253255
highTRA,DS02,14,1000,MoE_dir,316.227766016838,0.774698822948171,0.0370909884682984,0.00269234335955623,0.00458298571288254,0.99413401997406
highTRA,DS02,14,1000,MoE_dir,1000,0.635659339965487,0.047167243610983,0.00342763027552264,0.00574434928360466,0.994397870693179
full,DS02,15,1,Z_zero,NaN,0,0.0783429499923344,0.00514505861483385,0,0
full,DS02,15,1,H0,0.1,-0.636031383942949,0.100206463691399,0.00813541002713618,0.00227549496638302,0.992581308515491
full,DS02,15,1,H0,0.316227766016838,-0.219443011442917,0.0865128611801844,0.00811819808612847,0.00221280686597223,0.947920229777526
full,DS02,15,1,H0,1,0.688750638440347,0.0437073177620118,0.00806073733069969,0.00203950885456544,0.984978308963515
full,DS02,15,1,H0,3.16227766016838,0.901794810321436,0.0245508843333481,0.00797714991302985,0.00194546716361431,0.986282724638365
full,DS02,15,1,H0,10,0.959330408617365,0.0157991901228476,0.00780714027857779,0.00208421392772871,0.986510559637784
full,DS02,15,1,H0,31.6227766016838,0.979579003320938,0.0111953683720932,0.00448667595461219,0.00278700404782218,0.988906122585219
full,DS02,15,1,H0,100,0.961414563243968,0.0153890436342078,0.00304536607023475,0.00440819843155808,0.990232604756638
full,DS02,15,1,H0,316.227766016838,0.872493087474108,0.0279747868206977,0.00293261752346334,0.0063785219399693,0.991416807399219
full,DS02,15,1,H0,1000,0.698424283449087,0.0430227438690553,0.00345551842444456,0.00673927744006901,0.992590152647696
full,DS02,15,1,TRA4,0.1,0.279563030599447,0.0664963666443348,0.00798911779602873,0.00319917973529087,0.98786229096281
full,DS02,15,1,TRA4,0.316227766016838,0.510400301612578,0.0548176598397593,0.00797982442076284,0.00315003916169971,0.988540615000628
full,DS02,15,1,TRA4,1,0.752189172521402,0.0389995916531336,0.00796210683752223,0.00309159224766361,0.989197970827467
full,DS02,15,1,TRA4,3.16227766016838,0.907189055689677,0.0238670925143162,0.00792754282693772,0.0030576593853277,0.991056977762403
full,DS02,15,1,TRA4,10,0.964435262998497,0.0147743955325731,0.00762997912234158,0.00309514609555875,0.991158980172678
full,DS02,15,1,TRA4,31.6227766016838,0.982128154663414,0.0104733259425061,0.00429253871571358,0.00330082201308181,0.992154453036293
full,DS02,15,1,TRA4,100,0.962807063752813,0.0151088063078179,0.00289936512887289,0.00457197609127733,0.992978330932556
full,DS02,15,1,TRA4,316.227766016838,0.873211764101479,0.0278958372377167,0.00291304011051342,0.00648514120792029,0.993415919462989
full,DS02,15,1,TRA4,1000,0.697366124596561,0.0430981561629395,0.00343578370185141,0.00675526741485672,0.992387551721844
full,DS02,15,1,MoE_K4,0.1,-0.286840544578816,0.0888714546383865,0.00760385783115469,0.00293524649393795,0.933751320968055
full,DS02,15,1,MoE_K4,0.316227766016838,0.163703931145591,0.0716440203336051,0.00759107452435821,0.00285214678348143,0.959493585862088
full,DS02,15,1,MoE_K4,1,0.710845130968412,0.0421274503741794,0.00755485673567131,0.00273698602751197,0.990255275732519
full,DS02,15,1,MoE_K4,3.16227766016838,0.902710001924787,0.0244362195370304,0.0074840533868724,0.00265565439845188,0.99181029214351
full,DS02,15,1,MoE_K4,10,0.96453048601057,0.0147546033798868,0.0066709760910862,0.00261783396435193,0.9916064035332
full,DS02,15,1,MoE_K4,31.6227766016838,0.979969926775199,0.0110876929173872,0.00362303350392656,0.00275966772839161,0.992611358200101
full,DS02,15,1,MoE_K4,100,0.958325638723556,0.015993164231527,0.00275694557948588,0.0041771471572089,0.993358928460364
full,DS02,15,1,MoE_K4,316.227766016838,0.8699367146127,0.0282538269492048,0.00300712776249113,0.00609694178257126,0.993381647743076
full,DS02,15,1,MoE_K4,1000,0.696313375335702,0.0431730522115557,0.00354952092328576,0.00657960230625896,0.992480445490683
full,DS02,15,1,FreeMLP,0.1,-0.219970728144713,0.0865315784728978,0.0075216711283986,0.00265537140557602,0.931188343132503
full,DS02,15,1,FreeMLP,0.316227766016838,0.156105526571933,0.0719687553930697,0.00751039115007018,0.00258660000533726,0.962229348061198
full,DS02,15,1,FreeMLP,1,0.686044406469575,0.0438969183827378,0.0074739718444234,0.00247835435174939,0.989079137818901
full,DS02,15,1,FreeMLP,3.16227766016838,0.905452759179433,0.0240893094437703,0.00740604153979789,0.00239539764683943,0.991104677723266
full,DS02,15,1,FreeMLP,10,0.966127449089985,0.0144186258656656,0.00697800241610723,0.00237952981357199,0.991759249214436
full,DS02,15,1,FreeMLP,31.6227766016838,0.980874606245969,0.0108344061856185,0.00394300612187031,0.00257764860550821,0.992922694713879
full,DS02,15,1,FreeMLP,100,0.959472417826874,0.0157715823646177,0.00279810702673557,0.00408198762082094,0.993609939088528
full,DS02,15,1,FreeMLP,316.227766016838,0.870776565079744,0.0281624582749518,0.00301828150393056,0.00602976937627986,0.993431123052636
full,DS02,15,1,FreeMLP,1000,0.696253426943531,0.043177313227914,0.00355537191995588,0.00655083313730379,0.992401533825947
full,DS02,15,1,MoE_dir,0.1,-0.31765610059874,0.0899292474954819,0.00762691816958536,0.0029636416994069,0.934278266754869
full,DS02,15,1,MoE_dir,0.316227766016838,0.136383465476856,0.0728048640292914,0.00761716865648894,0.00289441510041148,0.95810359523539
full,DS02,15,1,MoE_dir,1,0.736002687877237,0.0402531316247713,0.0075799583360504,0.00278728284875286,0.990477714217451
full,DS02,15,1,MoE_dir,3.16227766016838,0.908250742776626,0.0237301891166022,0.0074982380687347,0.002714028842395,0.991801206277815
full,DS02,15,1,MoE_dir,10,0.964331949952712,0.0147958392578148,0.0067683069874077,0.00267781620920196,0.991313131855408
full,DS02,15,1,MoE_dir,31.6227766016838,0.979791796214546,0.0111368860788135,0.00353619125660401,0.0028536615747348,0.99242170943222
full,DS02,15,1,MoE_dir,100,0.958292213527526,0.0159995766573734,0.00272603430942425,0.00430655526115951,0.993277505443155
full,DS02,15,1,MoE_dir,316.227766016838,0.869710672132912,0.0282783680509708,0.00299206172965056,0.00618388097730071,0.993419077838827
full,DS02,15,1,MoE_dir,1000,0.695809585334662,0.0432088475632753,0.00354393164334001,0.00662188792193597,0.992401169846053
full,DS02,15,10,Z_zero,NaN,0,0.0783429499923344,0.00514505861483385,0,0
full,DS02,15,10,H0,0.1,-0.24637049196272,0.0874628248668708,0.00536234140975927,0.00134191889880964,0.951481141013772
full,DS02,15,10,H0,0.316227766016838,0.517966187475792,0.0543924564113313,0.00534427644748791,0.00126092074761848,0.982413071031003
full,DS02,15,10,H0,1,0.85201608729642,0.0301374965569659,0.0053062003202669,0.00121967090735354,0.990097097031369
full,DS02,15,10,H0,3.16227766016838,0.955913123226322,0.0164495714299118,0.00482840654141285,0.00123344831734577,0.992993887966034
full,DS02,15,10,H0,10,0.986383507886654,0.0091418173550051,0.00432984604237931,0.00128537540876783,0.994669730554893
full,DS02,15,10,H0,31.6227766016838,0.987640459138813,0.00870965775196234,0.00385464882423406,0.00174652533447382,0.995337164475098
full,DS02,15,10,H0,100,0.962060122841612,0.0152597662462234,0.00325744730062355,0.00318574586338855,0.995660516157757
full,DS02,15,10,H0,316.227766016838,0.867227484242603,0.0285465752386516,0.00344076795987048,0.00539247403146453,0.995912643003554
full,DS02,15,10,H0,1000,0.687819115500586,0.043772673641648,0.00389912733588409,0.00622104795532491,0.996178401745201
full,DS02,15,10,TRA4,0.1,0.434260935004644,0.0589261415936011,0.00533372871286184,0.00116769235151636,0.991943328375587
full,DS02,15,10,TRA4,0.316227766016838,0.715614911387753,0.0417785469560719,0.00531817997695753,0.00114092708726965,0.990874286990444
full,DS02,15,10,TRA4,1,0.867194512515841,0.028550119539391,0.0052855051441522,0.00113083867154031,0.994368801551077
full,DS02,15,10,TRA4,3.16227766016838,0.958305435673082,0.0159970403743653,0.00448237271501346,0.00115775673294003,0.99517989648384
full,DS02,15,10,TRA4,10,0.987094535454205,0.00889993309456788,0.00419769859936811,0.00128589245934645,0.995328890563057
full,DS02,15,10,TRA4,31.6227766016838,0.990234548206442,0.00774187386134848,0.00356885995544982,0.00189465491552227,0.995185389023686
full,DS02,15,10,TRA4,100,0.966809771022882,0.0142726641032482,0.00315993369339128,0.00352362153492225,0.995533155886804
full,DS02,15,10,TRA4,316.227766016838,0.870342342011677,0.0282097350452996,0.00341892044723256,0.00580710416067897,0.995821668692318
full,DS02,15,10,TRA4,1000,0.687260481019249,0.0438118208099381,0.00389950465934354,0.00654738577780991,0.995832086233083
full,DS02,15,10,MoE_K4,0.1,-0.0205107303955867,0.079142307508344,0.00525782553355129,0.00124472057635575,0.980057434753771
full,DS02,15,10,MoE_K4,0.316227766016838,0.572528686209682,0.0512216316635883,0.00524245721525367,0.00118781794730669,0.981878001393556
full,DS02,15,10,MoE_K4,1,0.844790009346169,0.030864536339792,0.00520343971478897,0.00114657562871829,0.992138212536539
full,DS02,15,10,MoE_K4,3.16227766016838,0.950375184166197,0.0174521675918287,0.00466914527139254,0.00116894415732438,0.993830222379644
full,DS02,15,10,MoE_K4,10,0.985990240926184,0.00927289312212295,0.00427420438790351,0.00128863039763939,0.995425236906305
full,DS02,15,10,MoE_K4,31.6227766016838,0.988075669083062,0.00855493926628848,0.00375871301536972,0.00174438693704464,0.995564984602359
full,DS02,15,10,MoE_K4,100,0.962719136064389,0.0151266551026301,0.00320784288920427,0.00317297048799725,0.995720180889336
full,DS02,15,10,MoE_K4,316.227766016838,0.867361787565541,0.0285321337335419,0.00341080234226639,0.00541461427030472,0.995909062524462
full,DS02,15,10,MoE_K4,1000,0.686404285626224,0.0438717522191465,0.00388638560092665,0.00630509935717889,0.99593510306192
full,DS02,15,10,FreeMLP,0.1,0.0534303663215387,0.0762212742309155,0.00523264568925933,0.00124221389957547,0.982306524013618
full,DS02,15,10,FreeMLP,0.316227766016838,0.652149078465622,0.0462058006364166,0.00521528614516318,0.00117387845228173,0.988725456442557
full,DS02,15,10,FreeMLP,1,0.851198508623612,0.0302206334173738,0.00518172091492417,0.0011536910427868,0.992550148575432
full,DS02,15,10,FreeMLP,3.16227766016838,0.952607937284025,0.0170550393826619,0.00457469405532068,0.00116968927321839,0.994028966358453
full,DS02,15,10,FreeMLP,10,0.986341189656381,0.00915601210550948,0.0042435902627468,0.00129047833539858,0.995303095417793
full,DS02,15,10,FreeMLP,31.6227766016838,0.988005349903748,0.00858012692781837,0.00374213886174321,0.00174149895917569,0.995387409982715
full,DS02,15,10,FreeMLP,100,0.962709929801998,0.0151285227009769,0.0032179498040434,0.00316915775790418,0.995618557054573
full,DS02,15,10,FreeMLP,316.227766016838,0.867426588671965,0.0285251631189657,0.00342496667073279,0.0054008410687297,0.995885053606041
full,DS02,15,10,FreeMLP,1000,0.686357248413049,0.0438750423272237,0.00389265623273852,0.00630107174896827,0.995909772230504
full,DS02,15,10,MoE_dir,0.1,0.0862401450734191,0.074888642415655,0.00522295634094046,0.00112217998794673,0.983192791185784
full,DS02,15,10,MoE_dir,0.316227766016838,0.620150641483353,0.0482842644065212,0.00520729866100268,0.00105912786608299,0.9833100650243
full,DS02,15,10,MoE_dir,1,0.857613251533267,0.0295620608854654,0.00517136305627573,0.00102039693728045,0.992074743001655
full,DS02,15,10,MoE_dir,3.16227766016838,0.95229843905255,0.0171106385095031,0.00480684238223786,0.00104253840604346,0.993669189669372
full,DS02,15,10,MoE_dir,10,0.986100649775091,0.00923628169430192,0.00432416493515523,0.00117729204011105,0.995387042427532
full,DS02,15,10,MoE_dir,31.6227766016838,0.988173020278701,0.00851994609239788,0.00374170907936101,0.00171642415101997,0.995565707495456
full,DS02,15,10,MoE_dir,100,0.9628823698258,0.015093502845666,0.00320941184043697,0.00327110254680211,0.99573866896789
full,DS02,15,10,MoE_dir,316.227766016838,0.867385680492843,0.0285295637844762,0.00342487778685379,0.00548700463111088,0.99591284822884
full,DS02,15,10,MoE_dir,1000,0.685861918308802,0.0439096741742302,0.00389161403842788,0.00631428135669076,0.995911617340356
full,DS02,15,100,Z_zero,NaN,0,0.0783429499923344,0.00514505861483385,0,0
full,DS02,15,100,H0,0.1,-0.279045146101601,0.0886018638234304,0.00516326161870415,0.000977204747032629,0.885307139191976
full,DS02,15,100,H0,0.316227766016838,0.603442815105247,0.0493347386947778,0.00515721585605358,0.000888058158653827,0.985150308231271
full,DS02,15,100,H0,1,0.904752941608387,0.0241782969265408,0.00470070693735319,0.000842859775150918,0.991254045447826
full,DS02,15,100,H0,3.16227766016838,0.977754014583541,0.0116849200412734,0.00302034403370555,0.000860339221851724,0.994052760142518
full,DS02,15,100,H0,10,0.992067105029581,0.00697775590595438,0.0025534707609265,0.00100652319743958,0.995653775304469
full,DS02,15,100,H0,31.6227766016838,0.990877892322124,0.00748251365387397,0.0027826094084014,0.00154902414086635,0.996441946498922
full,DS02,15,100,H0,100,0.965607669478913,0.0145288327285454,0.00307202312374008,0.0033593403172313,0.996857380375653
full,DS02,15,100,H0,316.227766016838,0.871532175492298,0.0280800001453035,0.00344484622572662,0.00547232205710075,0.997101902191717
full,DS02,15,100,H0,1000,0.691757692941018,0.0434956719074436,0.00389095925184193,0.00620160339668163,0.997446623335913
full,DS02,15,100,TRA4,0.1,0.203723987072443,0.069908782290983,0.00529436743306982,0.000893475812022431,0.98807468918313
full,DS02,15,100,TRA4,0.316227766016838,0.720986052263632,0.0413821335341967,0.00529018024917832,0.00081879096323488,0.991153008097771
full,DS02,15,100,TRA4,1,0.915611894434457,0.0227583378120353,0.00527572904645243,0.000791005365914763,0.991642220710851
full,DS02,15,100,TRA4,3.16227766016838,0.974381324222936,0.0125394434010297,0.00401361491310595,0.00082523107900815,0.992946260487498
full,DS02,15,100,TRA4,10,0.990969858881239,0.0074446997917271,0.00262026161310401,0.000986850714865955,0.994803582688647
full,DS02,15,100,TRA4,31.6227766016838,0.992361236872172,0.00684717523117912,0.0026259331749943,0.001696514870248,0.995897753813785
full,DS02,15,100,TRA4,100,0.969409030603849,0.0137023968231143,0.00300168219154885,0.00364516515856417,0.996553667036793
full,DS02,15,100,TRA4,316.227766016838,0.874347427513492,0.0277706223769917,0.00339823141758731,0.00582599124658584,0.997102068758112
full,DS02,15,100,TRA4,1000,0.69127002713023,0.0435300652543424,0.00387131739613859,0.00649186764656397,0.997291508041089
full,DS02,15,100,MoE_K4,0.1,-0.243010414098607,0.087344850219915,0.00514089074502659,0.000895431077652403,0.903511130771158
full,DS02,15,100,MoE_K4,0.316227766016838,0.625729570775937,0.0479283721137327,0.00513660020792723,0.000795939857148956,0.98905569401704
full,DS02,15,100,MoE_K4,1,0.904750036773931,0.0241786656172683,0.00512498049327655,0.000748818418282899,0.991594118930784
full,DS02,15,100,MoE_K4,3.16227766016838,0.971874959104363,0.01313852168269,0.00411537957568441,0.000774287857962928,0.993161133513989
full,DS02,15,100,MoE_K4,10,0.990536908580961,0.00762107856305691,0.00269188091016978,0.000928689562880718,0.995274881560493
full,DS02,15,100,MoE_K4,31.6227766016838,0.99000255978135,0.00783329223094602,0.0026347257059598,0.00152962323387292,0.996254474301078
full,DS02,15,100,MoE_K4,100,0.964887571673619,0.0146801452844067,0.00300716990940861,0.00330992382907779,0.996841457777898
full,DS02,15,100,MoE_K4,316.227766016838,0.870958652140464,0.028142609603605,0.00342162980253203,0.00544855210662598,0.997128215675814
full,DS02,15,100,MoE_K4,1000,0.69009477781873,0.0436128399918748,0.00387953533201882,0.00624690431927667,0.997253225298397
full,DS02,15,100,FreeMLP,0.1,-0.252109518600046,0.0876639588760074,0.00513283399513421,0.000883529167517471,0.903892981930523
full,DS02,15,100,FreeMLP,0.316227766016838,0.63317428066448,0.0474492999889794,0.00512826458986365,0.000781081409951848,0.989281953639243
full,DS02,15,100,FreeMLP,1,0.906531368541294,0.0239515080411349,0.00511655988671993,0.000736445133755895,0.9920093754862
full,DS02,15,100,FreeMLP,3.16227766016838,0.973624601026171,0.0127232903991059,0.00411877208379706,0.000760372017110114,0.99368643016854
full,DS02,15,100,FreeMLP,10,0.991129089815421,0.00737877065444142,0.00272288942625963,0.000915869311791968,0.99555211890868
full,DS02,15,100,FreeMLP,31.6227766016838,0.990280673229325,0.00772356867794513,0.00263107642788898,0.00151152691173783,0.996422532874398
full,DS02,15,100,FreeMLP,100,0.964965871459677,0.0146637679813063,0.00300359276647657,0.00329181462010967,0.996844162975873
full,DS02,15,100,FreeMLP,316.227766016838,0.871042579438111,0.0281334562687176,0.00342350093984934,0.00543112718121403,0.997083100243116
full,DS02,15,100,FreeMLP,1000,0.690098935555906,0.043612547432535,0.00387867355588586,0.00623927485511298,0.997230794246595
full,DS02,15,100,MoE_dir,0.1,-0.226661022897051,0.0867685227790632,0.00511685203813146,0.000806898438565269,0.903519203204474
full,DS02,15,100,MoE_dir,0.316227766016838,0.66925718565206,0.0450552215512198,0.00511421579788736,0.00069530863733996,0.990147741129787
full,DS02,15,100,MoE_dir,1,0.911054231559114,0.0233648268304808,0.005103020573141,0.000653341810272543,0.991494883620222
full,DS02,15,100,MoE_dir,3.16227766016838,0.973357510628404,0.0127875493102911,0.00407395015839637,0.000681261901871491,0.993189388368821
full,DS02,15,100,MoE_dir,10,0.990853601315857,0.00749246951900244,0.00268399786097022,0.000866070483712735,0.995384019730474
full,DS02,15,100,MoE_dir,31.6227766016838,0.990217232114039,0.00774873476396155,0.00265744633194372,0.00164468650081822,0.996288582578028
full,DS02,15,100,MoE_dir,100,0.965233103870498,0.0146077349717396,0.00304555669420218,0.00340356433851764,0.996860624625505
full,DS02,15,100,MoE_dir,316.227766016838,0.87106616885266,0.0281308830080554,0.00341826699913152,0.005522886354433,0.997138501552771
full,DS02,15,100,MoE_dir,1000,0.689651220082172,0.0436440396849569,0.00387844163475797,0.00624317833515609,0.997260569466838
full,DS02,15,1000,Z_zero,NaN,0,0.0783429499923344,0.00514505861483385,0,0
full,DS02,15,1000,H0,0.1,-0.281387200962,0.0886829459964941,0.00518509578013579,0.00104880194711148,0.885207377686336
full,DS02,15,1000,H0,0.316227766016838,0.585207517462107,0.0504562952438152,0.00517722846035454,0.000963669273315535,0.987703346892846
full,DS02,15,1000,H0,1,0.918304959580421,0.0223922516811937,0.00384021523312394,0.000909913107518463,0.992770219634873
full,DS02,15,1000,H0,3.16227766016838,0.981113615385179,0.0107664948170034,0.00317341064734937,0.000932876634267162,0.994842456183632
full,DS02,15,1000,H0,10,0.99322204617863,0.00644984419293438,0.00248308134896982,0.00107636789024641,0.996427416132115
full,DS02,15,1000,H0,31.6227766016838,0.991278271709689,0.00731646327942214,0.00265659787064885,0.00168057583220404,0.996960282325398
full,DS02,15,1000,H0,100,0.965401613186987,0.0145722913511212,0.0029188078752447,0.00353089383230709,0.997111284824261
full,DS02,15,1000,H0,316.227766016838,0.870951532195398,0.0281433859868103,0.00335413743660188,0.00559816693045709,0.997305532087445
full,DS02,15,1000,H0,1000,0.691703388592604,0.0434995031467735,0.0038322454898087,0.00621637721429772,0.997527482642397
full,DS02,15,1000,TRA4,0.1,-0.107663056815788,0.0824524863716675,0.00533672744076578,0.000985315009020563,0.984306801891205
full,DS02,15,1000,TRA4,0.316227766016838,0.65063949844738,0.046305952507892,0.00532978626467797,0.000894922953840544,0.991674460832041
full,DS02,15,1000,TRA4,1,0.915720475276082,0.0227436917025128,0.00531480713284516,0.000853800394500559,0.991937094339217
full,DS02,15,1000,TRA4,3.16227766016838,0.976832801079797,0.0119244040849665,0.00385688959154573,0.000885204097384062,0.993706586933272
full,DS02,15,1000,TRA4,10,0.991662748642105,0.00715338119002847,0.0027072157482945,0.00105697497610169,0.995520765945729
full,DS02,15,1000,TRA4,31.6227766016838,0.992642522001716,0.00671992470379775,0.00259075673380561,0.00187143133117892,0.996532770030925
full,DS02,15,1000,TRA4,100,0.969014506686366,0.013790471918027,0.00287475268932209,0.00381630990360076,0.997033955894595
full,DS02,15,1000,TRA4,316.227766016838,0.873674611800921,0.0278448730093737,0.00331226105536596,0.00593623043409927,0.997379618845342
full,DS02,15,1000,TRA4,1000,0.691229343716468,0.0435329332838063,0.00381472608218275,0.00649636351810872,0.997463288283465
full,DS02,15,1000,MoE_K4,0.1,-0.255922121569817,0.0877973233402784,0.00517025992313552,0.000960329726458622,0.901777656384616
full,DS02,15,1000,MoE_K4,0.316227766016838,0.611874743596372,0.0488074224639318,0.00516425195286363,0.000864501304051931,0.990545004265244
full,DS02,15,1000,MoE_K4,1,0.907066068234045,0.023882900893431,0.00514710063378634,0.000817278376715628,0.992126475390254
full,DS02,15,1000,MoE_K4,3.16227766016838,0.976394894772341,0.0120365740281384,0.00387574609918044,0.000832624160048303,0.994244587592026
full,DS02,15,1000,MoE_K4,10,0.991437660882374,0.00724930100724066,0.00286693454824995,0.000998686787054124,0.996211934345347
full,DS02,15,1000,MoE_K4,31.6227766016838,0.990347931277124,0.00769679861570162,0.00262005374648982,0.0017166978331996,0.997015257138868
full,DS02,15,1000,MoE_K4,100,0.964598717710569,0.0147404050419385,0.00288122563037039,0.00349533330946451,0.997307549971539
full,DS02,15,1000,MoE_K4,316.227766016838,0.870360935328468,0.0282077122903233,0.00332605010016958,0.00557509236686953,0.997381719499841
full,DS02,15,1000,MoE_K4,1000,0.690024676145379,0.0436177724034136,0.00382082121591454,0.00626150921424464,0.997385232649342
full,DS02,15,1000,FreeMLP,0.1,-0.248891981080308,0.0875512516770467,0.00515937939345988,0.000946624451281121,0.902263663749839
full,DS02,15,1000,FreeMLP,0.316227766016838,0.614869165097922,0.0486187810709366,0.0051532828699489,0.000850234323027624,0.990460892185958
full,DS02,15,1000,FreeMLP,1,0.907473126092534,0.0238305390103133,0.00513635194859226,0.00080262898345159,0.992241713652849
full,DS02,15,1000,FreeMLP,3.16227766016838,0.977321400255074,0.0117979904127664,0.00386296231350591,0.000818573621921574,0.994488487884874
full,DS02,15,1000,FreeMLP,10,0.991730854781646,0.00712410366253904,0.00283532765613585,0.000988983893295224,0.996273522261153
full,DS02,15,1000,FreeMLP,31.6227766016838,0.990460938312855,0.00765160865015399,0.0026146988026191,0.00170391578555627,0.997028544154197
full,DS02,15,1000,FreeMLP,100,0.964627679815091,0.0147343741798481,0.00288742228241506,0.00347825011181452,0.997289687729204
full,DS02,15,1000,FreeMLP,316.227766016838,0.870437897417485,0.0281993380909046,0.00333097650812673,0.00555642106455968,0.997386088050711
full,DS02,15,1000,FreeMLP,1000,0.690051447171378,0.043615888837784,0.00382188225719629,0.00625269308551165,0.997392327786676
full,DS02,15,1000,MoE_dir,0.1,-0.246697903944995,0.0874743120196305,0.00513802471302988,0.000856773245877428,0.902099684989316
full,DS02,15,1000,MoE_dir,0.316227766016838,0.638608860909307,0.0470965040414318,0.00513572071605517,0.00075158106920139,0.991341829575936
full,DS02,15,1000,MoE_dir,1,0.913174563621235,0.0230846560507914,0.00512039151403749,0.000706772284684156,0.992173286230541
full,DS02,15,1000,MoE_dir,3.16227766016838,0.977395482956271,0.0117787047875898,0.00387714706142691,0.000728796347154647,0.994143258251696
full,DS02,15,1000,MoE_dir,10,0.991536572459308,0.00720730765522235,0.00286478233064409,0.000992571931684497,0.996206637457021
full,DS02,15,1000,MoE_dir,31.6227766016838,0.99046861238325,0.00764853021331242,0.00264318199349307,0.00184927520111346,0.996971214290665
full,DS02,15,1000,MoE_dir,100,0.96483740977542,0.0146906276289079,0.00290867126105389,0.00360067772821135,0.99732229716789
full,DS02,15,1000,MoE_dir,316.227766016838,0.870470867806638,0.0281957498413742,0.00332503265410622,0.00564967035818699,0.997388265917239
full,DS02,15,1000,MoE_dir,1000,0.68959050544933,0.0436483085953415,0.00382189430031337,0.00625817440644553,0.99738019466424
highTRA,DS02,15,1,Z_zero,NaN,0,0.078337576253843,0.00513847655450348,0,0
highTRA,DS02,15,1,H0,0.1,-0.878358409210895,0.107364167810022,0.00647482772982686,0.000750216906734427,0.888674716010123
highTRA,DS02,15,1,H0,0.316227766016838,0.189202123637053,0.0705385343595447,0.00645117533925948,0.000688780659107021,0.983962862504909
highTRA,DS02,15,1,H0,1,0.657652652920929,0.0458356731488181,0.00427255185989218,0.0006500083766874,0.981204191110635
highTRA,DS02,15,1,H0,3.16227766016838,0.867293321143111,0.0285375391788453,0.00399546985273632,0.000622066331429832,0.98590837427984
highTRA,DS02,15,1,H0,10,0.954906919031162,0.0166350873289464,0.00352866077264547,0.000659367571401291,0.988709811369571
highTRA,DS02,15,1,H0,31.6227766016838,0.981286224133061,0.010716447539404,0.00310168930483109,0.00131358225861501,0.99115656029275
highTRA,DS02,15,1,H0,100,0.976910596847472,0.0119035495434832,0.00293472781615345,0.00292620326403628,0.99283905305222
highTRA,DS02,15,1,H0,316.227766016838,0.900248035033113,0.0247417753997299,0.00278590213063628,0.00548335666965178,0.994071356496786
highTRA,DS02,15,1,H0,1000,0.7284129482823,0.040824855922065,0.00334709662491279,0.00675470839812344,0.995192978123049
highTRA,DS02,15,1,TRA4,0.1,0.308190412673423,0.0651573508562589,0.0058767810009745,0.000647528182735413,0.98414973711097
highTRA,DS02,15,1,TRA4,0.316227766016838,0.429881137226198,0.0591497393958446,0.0058733914990629,0.000622963824128981,0.985546208742052
highTRA,DS02,15,1,TRA4,1,0.708923407710566,0.0422643088554682,0.00381138088283988,0.000574197225082521,0.987007319572449
highTRA,DS02,15,1,TRA4,3.16227766016838,0.8790670485187,0.0272422175404641,0.00359973431294677,0.000564697510119984,0.988982100248295
highTRA,DS02,15,1,TRA4,10,0.956139785504471,0.0164061057304253,0.00328019700174229,0.000591840656735946,0.990178551295172
highTRA,DS02,15,1,TRA4,31.6227766016838,0.981634745225211,0.0106161882067962,0.00285545891448064,0.00119139182813787,0.992159607019477
highTRA,DS02,15,1,TRA4,100,0.973685123118374,0.0127078125981785,0.00280032150254942,0.00259281372060788,0.993722060586423
highTRA,DS02,15,1,TRA4,316.227766016838,0.898291342126718,0.0249832591090718,0.00276402339606582,0.00494836686880631,0.994647797348169
highTRA,DS02,15,1,TRA4,1000,0.728337467645215,0.0408305286373863,0.00328899297386964,0.00639078719217998,0.995379414914226
highTRA,DS02,15,1,MoE_K4,0.1,-0.339488341466387,0.0906649861287339,0.00568538166501071,0.00075395642812705,0.911754580788657
highTRA,DS02,15,1,MoE_K4,0.316227766016838,0.201091576526086,0.0700194396021133,0.00567841997293532,0.0006698772602619,0.979243749907723
highTRA,DS02,15,1,MoE_K4,1,0.579656079497535,0.0507893337368407,0.00566934171732992,0.000584086368447866,0.987074568654894
highTRA,DS02,15,1,MoE_K4,3.16227766016838,0.848492072528071,0.0304921332624876,0.00352208699551552,0.000540191368903044,0.988322667355467
highTRA,DS02,15,1,MoE_K4,10,0.949583032391022,0.0175897023687363,0.00324736062619682,0.00055611302439221,0.989196123131747
highTRA,DS02,15,1,MoE_K4,31.6227766016838,0.978614691928102,0.0114558649691576,0.00277610639065015,0.00107611787843106,0.991451999947967
highTRA,DS02,15,1,MoE_K4,100,0.969703737447225,0.0136352987675339,0.00271374141206227,0.00235150126354824,0.993317578126158
highTRA,DS02,15,1,MoE_K4,316.227766016838,0.894931997249126,0.0253924946044855,0.00272812418371565,0.00461425657413286,0.994332371824079
highTRA,DS02,15,1,MoE_K4,1000,0.726173010831448,0.0409928634657145,0.00331138019530144,0.00617214157811847,0.995075590520664
highTRA,DS02,15,1,FreeMLP,0.1,-0.23060736783381,0.0869020228754683,0.00567181363272454,0.000639288947274273,0.938022638449906
highTRA,DS02,15,1,FreeMLP,0.316227766016838,0.361631423917247,0.0625901339128394,0.00566458137667201,0.000569818654289182,0.982969029441358
highTRA,DS02,15,1,FreeMLP,1,0.647107193294057,0.0465362660191566,0.00566085676441773,0.000555564083525914,0.985734298937308
highTRA,DS02,15,1,FreeMLP,3.16227766016838,0.864833264402714,0.0288008326127287,0.00349700103711293,0.000540987885299287,0.987890343918117
highTRA,DS02,15,1,FreeMLP,10,0.95281187445479,0.0170171369333854,0.00322553421515693,0.000558859350161625,0.989244401778349
highTRA,DS02,15,1,FreeMLP,31.6227766016838,0.980428549190481,0.0109592703562977,0.00276310315344824,0.00107421757407727,0.991926930784943
highTRA,DS02,15,1,FreeMLP,100,0.970682819693597,0.0134131638397492,0.00271375865450035,0.00234368559185476,0.993684571058334
highTRA,DS02,15,1,FreeMLP,316.227766016838,0.895488788429369,0.0253251234857515,0.00272798519370169,0.00456373839678735,0.994404023934888
highTRA,DS02,15,1,FreeMLP,1000,0.727021656704596,0.0409292915357248,0.0033134169424945,0.00615314116907738,0.995065013231134
highTRA,DS02,15,1,MoE_dir,0.1,-0.342006520079656,0.0907501691867943,0.00569107809199792,0.00056693798898731,0.912636334640794
highTRA,DS02,15,1,MoE_dir,0.316227766016838,0.22187569793379,0.0691026369092134,0.00568566716068709,0.000491536778072651,0.981506540623372
highTRA,DS02,15,1,MoE_dir,1,0.588631461067396,0.0502441689804884,0.00567882299947022,0.000428143114027507,0.987595681268886
highTRA,DS02,15,1,MoE_dir,3.16227766016838,0.847762952806193,0.0305654156719765,0.00354629422435537,0.000406518969689529,0.988317207859573
highTRA,DS02,15,1,MoE_dir,10,0.949506599227543,0.0176030304951381,0.00326951779547505,0.0004484189981858,0.988917227795608
highTRA,DS02,15,1,MoE_dir,31.6227766016838,0.979067592699786,0.0113339089316947,0.0027835233280604,0.000991817648244783,0.99141864940655
highTRA,DS02,15,1,MoE_dir,100,0.970603831023096,0.0134312210896022,0.00272226408089948,0.00236088352535198,0.993294565283973
highTRA,DS02,15,1,MoE_dir,316.227766016838,0.895432346765198,0.025331961025755,0.00273697663242827,0.00470043065901714,0.994327853938313
highTRA,DS02,15,1,MoE_dir,1000,0.725983964850064,0.0410070114484394,0.00331526777690564,0.00618018759317442,0.99506931964832
highTRA,DS02,15,10,Z_zero,NaN,0,0.078337576253843,0.00513847655450348,0,0
highTRA,DS02,15,10,H0,0.1,-0.872412849438686,0.107194113466617,0.00658422538879448,0.000550651676382197,0.996639281181284
highTRA,DS02,15,10,H0,0.316227766016838,0.202090372351451,0.0699756567392582,0.00658222925403895,0.000518747476036739,0.992163419989643
highTRA,DS02,15,10,H0,1,0.805902943995133,0.0345127530992887,0.00646654425085438,0.000479267596311586,0.990713269682705
highTRA,DS02,15,10,H0,3.16227766016838,0.926306639081189,0.0212659266865342,0.00535350908493164,0.000476842145408116,0.989320259646585
highTRA,DS02,15,10,H0,10,0.976352262350469,0.0120466121956941,0.00294014199550044,0.000546096480350089,0.993347774627995
highTRA,DS02,15,10,H0,31.6227766016838,0.99019480434682,0.00775707985788324,0.00283505390426267,0.00117301628966382,0.995356371951869
highTRA,DS02,15,10,H0,100,0.980725577088212,0.0108757902293059,0.00272966560675782,0.00278397740951099,0.995676002083498
highTRA,DS02,15,10,H0,316.227766016838,0.90168882534393,0.0245624437453107,0.00249120018689169,0.00541972938331406,0.996289860074867
highTRA,DS02,15,10,H0,1000,0.727735097617639,0.0408757712911746,0.00318212334420732,0.00674397759144085,0.99670129265228
highTRA,DS02,15,10,TRA4,0.1,-0.637570261033351,0.100246703866189,0.00597188384546209,0.000495580246188345,0.997415628932536
highTRA,DS02,15,10,TRA4,0.316227766016838,0.137882073975173,0.0727366789945019,0.00597043309019592,0.000471906016231829,0.982977250674858
highTRA,DS02,15,10,TRA4,1,0.797452031224038,0.0352560843532672,0.00578979188817288,0.000427333395750266,0.990389242687798
highTRA,DS02,15,10,TRA4,3.16227766016838,0.921840851228624,0.0219008031107707,0.0046547934274356,0.000420136955888043,0.988942003844701
highTRA,DS02,15,10,TRA4,10,0.977483291668839,0.0117549985956216,0.00257430509453533,0.00046774825867155,0.993623312384448
highTRA,DS02,15,10,TRA4,31.6227766016838,0.990120892782456,0.00778626140230658,0.00253172839759137,0.00109269452909206,0.995857855512444
highTRA,DS02,15,10,TRA4,100,0.977032887031764,0.0118719848502302,0.00249686339112687,0.00249070025553337,0.996516761796249
highTRA,DS02,15,10,TRA4,316.227766016838,0.899208088243379,0.0248704115422055,0.00251302745145902,0.00495469736311698,0.996822557625727
highTRA,DS02,15,10,TRA4,1000,0.727488048165229,0.0408943121443868,0.00314603226131426,0.00639593801436582,0.996699928304227
highTRA,DS02,15,10,MoE_K4,0.1,-0.503462846876167,0.0960542268465237,0.00576524700357729,0.000482618661220464,0.997545777051084
highTRA,DS02,15,10,MoE_K4,0.316227766016838,0.132562432581921,0.072960742307077,0.00576398524259136,0.000462642067661635,0.983964844263678
highTRA,DS02,15,10,MoE_K4,1,0.784997314837433,0.0363238666265864,0.00572643138930583,0.000418562745255373,0.990221790459317
highTRA,DS02,15,10,MoE_K4,3.16227766016838,0.917332189298861,0.0225236281393147,0.00533677174938418,0.000409178679577281,0.988487421051569
highTRA,DS02,15,10,MoE_K4,10,0.9762794170126,0.0120651523365397,0.00254019986487694,0.000433690350518825,0.993129398537213
highTRA,DS02,15,10,MoE_K4,31.6227766016838,0.988648936591065,0.00834619265518923,0.00247059051455007,0.000991346639964996,0.995845543196481
highTRA,DS02,15,10,MoE_K4,100,0.973255419233467,0.0128111473902771,0.00246674502904905,0.00225752288871695,0.996511457521548
highTRA,DS02,15,10,MoE_K4,316.227766016838,0.895866493712409,0.0252793193521489,0.00251698190222749,0.00460013790340823,0.996897942547894
highTRA,DS02,15,10,MoE_K4,1000,0.725374537652475,0.0410525870809985,0.00316118520324514,0.00617850009855377,0.996671895870866
highTRA,DS02,15,10,FreeMLP,0.1,-0.521529707888824,0.0966296371280122,0.00576748401852176,0.000483154902616042,0.997594344538539
highTRA,DS02,15,10,FreeMLP,0.316227766016838,0.133317464924259,0.0729289822618741,0.00576621809000458,0.000462562814681755,0.982945461416499
highTRA,DS02,15,10,FreeMLP,1,0.797895356763243,0.0352174799561316,0.00570524006738224,0.000416260375830224,0.990400747659153
highTRA,DS02,15,10,FreeMLP,3.16227766016838,0.91942754323294,0.022236346532902,0.00534180303695537,0.000408025255866286,0.988218857212212
highTRA,DS02,15,10,FreeMLP,10,0.977383575021176,0.0117809987139724,0.00254481443343262,0.000428528629102472,0.993082914038775
highTRA,DS02,15,10,FreeMLP,31.6227766016838,0.989297639725562,0.00810419558659412,0.00246937262842509,0.000990009621062036,0.995812282235206
highTRA,DS02,15,10,FreeMLP,100,0.973672346834372,0.0127108971446387,0.00246803578573777,0.00225129338272681,0.996507671105125
highTRA,DS02,15,10,FreeMLP,316.227766016838,0.896231406121087,0.0252349876411655,0.00251298328984545,0.0045935500353638,0.996864917070217
highTRA,DS02,15,10,FreeMLP,1000,0.726177549842618,0.0409925237113375,0.00315845296102357,0.00616281045736788,0.996706982546214
highTRA,DS02,15,10,MoE_dir,0.1,-0.506072853539178,0.096137565607571,0.00576829803188401,0.000330542822175577,0.99756122588691
highTRA,DS02,15,10,MoE_dir,0.316227766016838,0.130009562927733,0.0730680252015216,0.00576703210280941,0.000307069899846116,0.985250277393065
highTRA,DS02,15,10,MoE_dir,1,0.79328561653092,0.0356168476568092,0.00571324243514714,0.000259426713031217,0.990075503071661
highTRA,DS02,15,10,MoE_dir,3.16227766016838,0.91969073869283,0.022199998549287,0.00533233159444984,0.000252262392796657,0.988299935287784
highTRA,DS02,15,10,MoE_dir,10,0.977346280985368,0.0117907080295052,0.00253306209377541,0.000321528930308244,0.993039886707666
highTRA,DS02,15,10,MoE_dir,31.6227766016838,0.989151415846292,0.00815937064222848,0.00247717357740185,0.000894810659100581,0.995835690366103
highTRA,DS02,15,10,MoE_dir,100,0.974203720018616,0.0125819707556253,0.00247311164040188,0.0022385367594492,0.996541565609256
highTRA,DS02,15,10,MoE_dir,316.227766016838,0.896455946220398,0.0252076704395749,0.00251618210814553,0.00461353048140292,0.996939138999325
highTRA,DS02,15,10,MoE_dir,1000,0.725180092005825,0.0410671179338423,0.00316409495253014,0.00618367439503404,0.99670903606033
highTRA,DS02,15,100,Z_zero,NaN,0,0.078337576253843,0.00513847655450348,0,0
highTRA,DS02,15,100,H0,0.1,-0.878003887786047,0.107354035373706,0.0063484197820852,0.000607049255403138,0.997069907470377
highTRA,DS02,15,100,H0,0.316227766016838,0.0346166172345406,0.0769697436175923,0.00634652871390597,0.000580984340270001,0.984108782846118
highTRA,DS02,15,100,H0,1,0.815458331475453,0.0336525014721648,0.006299906397514,0.000541454824428399,0.993518007970323
highTRA,DS02,15,100,H0,3.16227766016838,0.956641369859755,0.0163120260690687,0.00342364721105747,0.000547485675444927,0.994739145270722
highTRA,DS02,15,100,H0,10,0.983535332135622,0.0100518643138055,0.00277222861712855,0.000678715642565331,0.99597508718148
highTRA,DS02,15,100,H0,31.6227766016838,0.991511528035437,0.0072174683777467,0.00283367915013256,0.00136372044248123,0.996557501086643
highTRA,DS02,15,100,H0,100,0.981417942743262,0.0106786665964569,0.0028005810536811,0.00290061400077953,0.996689030689715
highTRA,DS02,15,100,H0,316.227766016838,0.902450211516108,0.0244671450411582,0.00271155741448556,0.00550010655972896,0.997045399518134
highTRA,DS02,15,100,H0,1000,0.728725699125425,0.0408013428606849,0.00328887438420625,0.0067915451863943,0.997353546384073
highTRA,DS02,15,100,TRA4,0.1,-0.629140167634773,0.0999883395322956,0.00578640216656991,0.000538134145022568,0.997756281932488
highTRA,DS02,15,100,TRA4,0.316227766016838,-0.0298645464989733,0.0794987288021143,0.00578502873791398,0.000519999077117687,0.983761140775935
highTRA,DS02,15,100,TRA4,1,0.788729399641475,0.0360072259247783,0.00577473207237338,0.000475920544799697,0.993377689293459
highTRA,DS02,15,100,TRA4,3.16227766016838,0.950878746497768,0.0173622038456422,0.00306370294469944,0.000471375953852659,0.994734374226876
highTRA,DS02,15,100,TRA4,10,0.985316890300601,0.00949246822775934,0.00252541256176675,0.000558095229512195,0.996310385869064
highTRA,DS02,15,100,TRA4,31.6227766016838,0.991969319716466,0.00702014849200356,0.00262486287734686,0.00120431767733521,0.99698180872772
highTRA,DS02,15,100,TRA4,100,0.977432849728405,0.0117681580064646,0.00263257862285122,0.00258470661475205,0.997140936860151
highTRA,DS02,15,100,TRA4,316.227766016838,0.899849179231208,0.0247911907456009,0.00271673234354765,0.00499344636551214,0.99740874693303
highTRA,DS02,15,100,TRA4,1000,0.728586555331705,0.0408118055654072,0.00326275365828697,0.0064156223552002,0.997383005940068
highTRA,DS02,15,100,MoE_K4,0.1,-0.499500164295323,0.0959275580858124,0.00559876924134452,0.000528634144938431,0.997896055192205
highTRA,DS02,15,100,MoE_K4,0.316227766016838,-0.0391737704126942,0.0798572257324223,0.00559757937800545,0.00051684233599323,0.959070756935095
highTRA,DS02,15,100,MoE_K4,1,0.774227046967765,0.0372225470179363,0.00559382252449714,0.000468955370315842,0.990709256902384
highTRA,DS02,15,100,MoE_K4,3.16227766016838,0.94376872321428,0.0185762951521646,0.00450449309570126,0.000461654561603005,0.993742901862495
highTRA,DS02,15,100,MoE_K4,10,0.984346815922946,0.00980102454194177,0.00244447157634846,0.000524670828610348,0.996030857516769
highTRA,DS02,15,100,MoE_K4,31.6227766016838,0.990364498488579,0.00768966273707623,0.00254497349341673,0.00110287426736415,0.996907583840463
highTRA,DS02,15,100,MoE_K4,100,0.973701684128343,0.0127038132001516,0.00260225718275478,0.00235513030525457,0.997116228573709
highTRA,DS02,15,100,MoE_K4,316.227766016838,0.896480047572671,0.0252047365467992,0.00272892791386252,0.00464751769952093,0.997409922362083
highTRA,DS02,15,100,MoE_K4,1000,0.726342710764782,0.0409801591586162,0.00327084434569069,0.00620506298810709,0.997377443926828
highTRA,DS02,15,100,FreeMLP,0.1,-0.518519577225188,0.0965340057923598,0.00559889071300535,0.000527591654532697,0.997921332414146
highTRA,DS02,15,100,FreeMLP,0.316227766016838,-0.0676835367664657,0.0809452564850026,0.00559769576739657,0.000515698218893592,0.974780348314507
highTRA,DS02,15,100,FreeMLP,1,0.787620923131379,0.0361015621639724,0.0055936958081261,0.00046781082975024,0.993580526918806
highTRA,DS02,15,100,FreeMLP,3.16227766016838,0.949446245155155,0.0176135476842924,0.00379958702098588,0.000461273366863011,0.994390378758518
highTRA,DS02,15,100,FreeMLP,10,0.985904881577139,0.00930046140722022,0.00244383670945646,0.000512159302485164,0.996163442617282
highTRA,DS02,15,100,FreeMLP,31.6227766016838,0.991194799455711,0.00735088716305003,0.00256822438713886,0.00109447620658286,0.997034639627946
highTRA,DS02,15,100,FreeMLP,100,0.974163839495798,0.0125916927346905,0.00261037504923265,0.00234723062629745,0.997180954050078
highTRA,DS02,15,100,FreeMLP,316.227766016838,0.896927578800086,0.0251501957360881,0.00272816833086868,0.00463913356762304,0.997468999658591
highTRA,DS02,15,100,FreeMLP,1000,0.72723386612142,0.0409133795229792,0.0032685977853244,0.00618771601917991,0.997455552370633
highTRA,DS02,15,100,MoE_dir,0.1,-0.502903831415242,0.0960363678118929,0.00560228516753792,0.000371219166162933,0.997905676502575
highTRA,DS02,15,100,MoE_dir,0.316227766016838,-0.0197468535089818,0.0791072554644627,0.00560109238664022,0.000355961335412009,0.967447510933674
highTRA,DS02,15,100,MoE_dir,1,0.787446536097318,0.0361163808377711,0.00559731273535597,0.000300088535421141,0.991432149138436
highTRA,DS02,15,100,MoE_dir,3.16227766016838,0.947541512677687,0.01794229579239,0.00432891524602781,0.000290366809262934,0.993943311940101
highTRA,DS02,15,100,MoE_dir,10,0.985427733393832,0.00945657093438064,0.00245296272020755,0.000404153871448176,0.996057761452199
highTRA,DS02,15,100,MoE_dir,31.6227766016838,0.990862262036304,0.00748840768719462,0.0025517626262295,0.000999926465338252,0.996874879353016
highTRA,DS02,15,100,MoE_dir,100,0.974708216206347,0.0124583308702428,0.00260731826856176,0.00232734145846407,0.997183719291542
highTRA,DS02,15,100,MoE_dir,316.227766016838,0.897111433660067,0.0251277549633528,0.00272910432297274,0.0046611394237608,0.997443872757158
highTRA,DS02,15,100,MoE_dir,1000,0.726166095152725,0.0409933811131615,0.00327601453657005,0.00621075417184403,0.99738374276161
highTRA,DS02,15,1000,Z_zero,NaN,0,0.078337576253843,0.00513847655450348,0,0
highTRA,DS02,15,1000,H0,0.1,-0.876335552378446,0.107306340495678,0.00639818911675801,0.000581360476494138,0.997064045005118
highTRA,DS02,15,1000,H0,0.316227766016838,0.0773116898053876,0.0752484640517604,0.0063962775600766,0.00055534166668296,0.984773630799938
highTRA,DS02,15,1000,H0,1,0.823257085006629,0.0329337464157646,0.00616196215718998,0.000513928107146095,0.993598982240551
highTRA,DS02,15,1000,H0,3.16227766016838,0.957606224136744,0.0161295102234684,0.00311807808531576,0.000516205743861174,0.994848875467215
highTRA,DS02,15,1000,H0,10,0.983947478758256,0.00992525691059674,0.00276529852324434,0.000638610113019753,0.996187070531011
highTRA,DS02,15,1000,H0,31.6227766016838,0.991719832968715,0.00712836089848839,0.00284664138422249,0.00131046429305421,0.996675741359248
highTRA,DS02,15,1000,H0,100,0.981571118977313,0.0106345621472564,0.00279390742166115,0.00287358597510862,0.996829694389982
highTRA,DS02,15,1000,H0,316.227766016838,0.90237139877256,0.0244770268334741,0.00268305163285233,0.00548159572588344,0.997063938362988
highTRA,DS02,15,1000,H0,1000,0.728524528662196,0.0408164687016933,0.00325017915387009,0.00677727838022197,0.997353905271717
highTRA,DS02,15,1000,TRA4,0.1,-0.629661988185981,0.100004351596238,0.00582128279859882,0.000515857751915964,0.997735988680757
highTRA,DS02,15,1000,TRA4,0.316227766016838,0.0225304226480352,0.0774500593909066,0.00581990173543558,0.000497619325859156,0.979781803967321
highTRA,DS02,15,1000,TRA4,1,0.797118856721143,0.0352850690968432,0.00579291368524637,0.000450301447237849,0.993257946407826
highTRA,DS02,15,1000,TRA4,3.16227766016838,0.95175668086084,0.0172063487113778,0.00285631140576433,0.000444733837005287,0.994726448224979
highTRA,DS02,15,1000,TRA4,10,0.985486368862983,0.00943752621748602,0.00249118469339239,0.000523992904346117,0.996405723564191
highTRA,DS02,15,1000,TRA4,31.6227766016838,0.991983448446358,0.0070139703450571,0.00261762977671125,0.00115724434962619,0.997042375964587
highTRA,DS02,15,1000,TRA4,100,0.977541378989042,0.0117398263666489,0.00261518288951649,0.00254914054019106,0.997243064056364
highTRA,DS02,15,1000,TRA4,316.227766016838,0.899862459261291,0.0247895470312957,0.00269100702384378,0.00497715417462194,0.99748896071973
highTRA,DS02,15,1000,TRA4,1000,0.728365214616203,0.0408284434171431,0.0032217733428781,0.00640378233363597,0.997394231968734
highTRA,DS02,15,1000,MoE_K4,0.1,-0.498748067414284,0.0959034981130927,0.00562908252367345,0.000506476962713277,0.997888736875974
highTRA,DS02,15,1000,MoE_K4,0.316227766016838,0.0383464520581442,0.0768209103843185,0.00562788359870551,0.000492679580952569,0.964136257402651
highTRA,DS02,15,1000,MoE_K4,1,0.782489200896498,0.0365351203607728,0.005624098060166,0.000445277074314614,0.990169424968903
highTRA,DS02,15,1000,MoE_K4,3.16227766016838,0.945335594595618,0.0183156545916893,0.00408172039732367,0.000435131039176011,0.993780963263283
highTRA,DS02,15,1000,MoE_K4,10,0.984496980980865,0.00975389936232113,0.00243380332838937,0.000493775627818207,0.996123383278179
highTRA,DS02,15,1000,MoE_K4,31.6227766016838,0.990374153796494,0.00768580903675824,0.00252628787200836,0.00105774732481539,0.997006617770364
highTRA,DS02,15,1000,MoE_K4,100,0.973724519076234,0.012698296612834,0.0025909049836912,0.00231940325832357,0.997161845300564
highTRA,DS02,15,1000,MoE_K4,316.227766016838,0.896447859989696,0.0252086547117361,0.00269480546323061,0.0046295022003481,0.997462183306696
highTRA,DS02,15,1000,MoE_K4,1000,0.726145317045902,0.0409949363418598,0.00323303288311246,0.00619140186841948,0.997461558242455
highTRA,DS02,15,1000,FreeMLP,0.1,-0.518377315011852,0.0965294838016018,0.00562535726285465,0.000505940114610269,0.997908957895341
highTRA,DS02,15,1000,FreeMLP,0.316227766016838,-0.0137296719939415,0.0788735175638388,0.0056241565712971,0.000493066656361066,0.969414623883787
highTRA,DS02,15,1000,FreeMLP,1,0.795852404221295,0.0353950284120447,0.00562036533804378,0.000443062202428907,0.993045091605417
highTRA,DS02,15,1000,FreeMLP,3.16227766016838,0.951516757791074,0.0172490808473589,0.00334843881874546,0.000434673600455552,0.994487666057703
highTRA,DS02,15,1000,FreeMLP,10,0.986145568145959,0.00922071270908273,0.00241750083796144,0.000479196827475132,0.996294234943077
highTRA,DS02,15,1000,FreeMLP,31.6227766016838,0.991204958350936,0.00734664543999371,0.00256093990873701,0.00104931664382392,0.997092562003867
highTRA,DS02,15,1000,FreeMLP,100,0.974214212953496,0.0125794115643781,0.00260537156177724,0.00231099924956371,0.997236609425306
highTRA,DS02,15,1000,FreeMLP,316.227766016838,0.896903655036392,0.0251531143268364,0.00269399603119138,0.00462112238085873,0.997522057568132
highTRA,DS02,15,1000,FreeMLP,1000,0.727013732792553,0.0409298855714066,0.0032301996149378,0.00617445504989442,0.997535287947049
highTRA,DS02,15,1000,MoE_dir,0.1,-0.502106568816215,0.096010891677115,0.00563221806507425,0.00034740101159207,0.997898577063454
highTRA,DS02,15,1000,MoE_dir,0.316227766016838,0.041526365822938,0.0766937928014259,0.0056310163802587,0.000330317060401756,0.967753928780938
highTRA,DS02,15,1000,MoE_dir,1,0.792320073420689,0.0356999321939492,0.00562722208330001,0.000278211282532961,0.990799249838915
highTRA,DS02,15,1000,MoE_dir,3.16227766016838,0.948729130628287,0.0177380335195137,0.00393906332347241,0.000264594667376511,0.993966688627117
highTRA,DS02,15,1000,MoE_dir,10,0.985528462855035,0.00942383041611746,0.00245209785169811,0.000373355645637903,0.996151783493543
highTRA,DS02,15,1000,MoE_dir,31.6227766016838,0.990963418222916,0.007446843414912,0.00253932990259019,0.000966846550343857,0.996982603289269
highTRA,DS02,15,1000,MoE_dir,100,0.974744633507277,0.0124493583472987,0.00260270285484249,0.00229851941218183,0.997218397948586
highTRA,DS02,15,1000,MoE_dir,316.227766016838,0.897082531088773,0.0251312840519523,0.00269707374619264,0.00464334297480196,0.997496325745722
highTRA,DS02,15,1000,MoE_dir,1000,0.725963062491278,0.0410085754571298,0.00323732118909214,0.00619725001319834,0.997464885839126
full,DS03,10,1,Z_zero,NaN,0,0.0870880336072523,0.00552864209630066,0,0
full,DS03,10,1,H0,0.1,0.305596811412992,0.0725712055724594,0.00446975675218872,0.00479612703798728,0.889015037275005
full,DS03,10,1,H0,0.316227766016838,0.601309665518933,0.0549890653613212,0.00446739041740455,0.00473147193646292,0.973403574192319
full,DS03,10,1,H0,1,0.835428905630461,0.035329318754376,0.00445873970995891,0.00467870706404271,0.968596363188078
full,DS03,10,1,H0,3.16227766016838,0.931004441155814,0.0228754187516021,0.00442518715087756,0.00465561082135138,0.973950589624985
full,DS03,10,1,H0,10,0.966371269359875,0.0159703238103663,0.00437362554489027,0.00454354222367264,0.973633764203884
full,DS03,10,1,H0,31.6227766016838,0.959116368436562,0.0176089401551749,0.00391383922726363,0.00476591723694485,0.977806036504466
full,DS03,10,1,H0,100,0.895045561464645,0.0282136249844487,0.00384643718579077,0.00637180869717313,0.983738463325237
full,DS03,10,1,H0,316.227766016838,0.736549400299246,0.0447000573490424,0.00407101752473657,0.00786601370793836,0.987945592775908
full,DS03,10,1,H0,1000,0.515392870939754,0.0606252278651417,0.00433996458541115,0.00767217679833866,0.989724865126233
full,DS03,10,1,TRA4,0.1,0.298475274416481,0.0729423877699167,0.00472377882225573,0.00636677372268178,0.935011502437226
full,DS03,10,1,TRA4,0.316227766016838,0.58463902483128,0.0561269353894103,0.00471558506038424,0.00627892136334028,0.972514601398929
full,DS03,10,1,TRA4,1,0.760444531822337,0.0426247189942597,0.0047075887168166,0.00624118773302742,0.970880357752526
full,DS03,10,1,TRA4,3.16227766016838,0.884595028284447,0.0295849434860036,0.00469655491687031,0.00627192979511039,0.969393914270245
full,DS03,10,1,TRA4,10,0.961743876135458,0.0170336989373994,0.00441028361878578,0.00560292681851526,0.974021955634095
full,DS03,10,1,TRA4,31.6227766016838,0.962217076247942,0.0169280239769463,0.00434333939175437,0.00556707014788376,0.977178624917511
full,DS03,10,1,TRA4,100,0.896491291951151,0.0280186320870079,0.00424647071048058,0.00699952473799043,0.985683611906882
full,DS03,10,1,TRA4,316.227766016838,0.733911062243234,0.0449233251425242,0.00417034962074241,0.00839794343227977,0.988613866323819
full,DS03,10,1,TRA4,1000,0.510878248730756,0.0609069669125254,0.00437040842706306,0.00809687127100258,0.98832583562349
full,DS03,10,1,MoE_K4,0.1,0.550549541307537,0.0583847464557685,0.00443153350851358,0.00586776740091723,0.977813181716444
full,DS03,10,1,MoE_K4,0.316227766016838,0.650092239602055,0.0515151859549908,0.00443176008582982,0.00585127995600954,0.979484402256967
full,DS03,10,1,MoE_K4,1,0.727501176768947,0.0454611900453687,0.00443281375835182,0.00586407835093409,0.978703673763097
full,DS03,10,1,MoE_K4,3.16227766016838,0.877515186185072,0.0304789223682715,0.00444301870953305,0.00587743721294007,0.979388327018825
full,DS03,10,1,MoE_K4,10,0.956608154403805,0.0181410552416712,0.00441496719474743,0.00566763215477497,0.974828068220496
full,DS03,10,1,MoE_K4,31.6227766016838,0.958842420529932,0.0176678375447926,0.00426724966982078,0.00513074197934554,0.978938770151147
full,DS03,10,1,MoE_K4,100,0.893340129485369,0.0284419265553243,0.00428725751515141,0.00659044721353588,0.986172482138072
full,DS03,10,1,MoE_K4,316.227766016838,0.734193161339073,0.0448995056817703,0.00427875186621727,0.0080017596263946,0.988667993397374
full,DS03,10,1,MoE_K4,1000,0.514881573111715,0.0606572015749618,0.00440086572085102,0.00787532440193955,0.988392218531238
full,DS03,10,1,FreeMLP,0.1,0.559039585763493,0.0578306783395499,0.00449059029457619,0.00626119191653612,0.978893845104908
full,DS03,10,1,FreeMLP,0.316227766016838,0.620168636710916,0.0536727559508202,0.0044912961090538,0.00625188270184126,0.978049668603785
full,DS03,10,1,FreeMLP,1,0.726856333846394,0.0455149480832952,0.00449230213508418,0.00624184196318771,0.975670517217451
full,DS03,10,1,FreeMLP,3.16227766016838,0.868213216153434,0.0316150894060095,0.00450112896260871,0.00624724071744115,0.970523896645566
full,DS03,10,1,FreeMLP,10,0.95151824670389,0.0191755417795468,0.00452069674607888,0.00600779458666948,0.973136072484251
full,DS03,10,1,FreeMLP,31.6227766016838,0.958242130815006,0.0177962152200984,0.00427504768752969,0.00530239092686408,0.97679052698646
full,DS03,10,1,FreeMLP,100,0.892988189287181,0.028488812106376,0.00438222589376822,0.00671927387079782,0.98479935824187
full,DS03,10,1,FreeMLP,316.227766016838,0.73340019537003,0.0449664288393502,0.00437842645348428,0.00807287223943914,0.988301184511296
full,DS03,10,1,FreeMLP,1000,0.513761130795101,0.0607272089120523,0.00443967287720207,0.0079006964492959,0.987877092503649
full,DS03,10,1,MoE_dir,0.1,0.517202406734921,0.0605119339060432,0.00439820642815355,0.00545444536639767,0.977192885985626
full,DS03,10,1,MoE_dir,0.316227766016838,0.637887084079857,0.0524059372345035,0.00439889391199593,0.00543828548439235,0.979361146568652
full,DS03,10,1,MoE_dir,1,0.72240842694458,0.045884037237324,0.00440124348031443,0.0054593762364328,0.978045993529088
full,DS03,10,1,MoE_dir,3.16227766016838,0.872526233959467,0.0310934486154378,0.00441594623127324,0.00550564169373992,0.979113274731777
full,DS03,10,1,MoE_dir,10,0.955586874137336,0.0183532996310922,0.00441439242778751,0.00552870793782794,0.975332174029985
full,DS03,10,1,MoE_dir,31.6227766016838,0.959077896097496,0.0176172233945791,0.00423421589952843,0.00518076556422579,0.978353179180154
full,DS03,10,1,MoE_dir,100,0.894163850352166,0.0283318869636873,0.00428853137031741,0.00663514823269933,0.985700109537147
full,DS03,10,1,MoE_dir,316.227766016838,0.734618270317536,0.0448635870786121,0.00428712167274367,0.00804453777670635,0.988377267290836
full,DS03,10,1,MoE_dir,1000,0.514193486050955,0.0607002041117971,0.00440622343354472,0.00790205149086417,0.988337570971529
full,DS03,10,10,Z_zero,NaN,0,0.0870880336072523,0.00552864209630066,0,0
full,DS03,10,10,H0,0.1,0.355488499714907,0.069915556706255,0.00648238966970406,0.00218142475146922,0.953308451463562
full,DS03,10,10,H0,0.316227766016838,0.729099232746718,0.0453276915746055,0.00642129949936793,0.00207548797184801,0.991285601252834
full,DS03,10,10,H0,1,0.922309407092634,0.024274075728611,0.00534740491641235,0.0019910841693016,0.984893173090038
full,DS03,10,10,H0,3.16227766016838,0.980366008495476,0.0122028924583635,0.00432590622806777,0.0020444771614237,0.984793429607923
full,DS03,10,10,H0,10,0.989804221196692,0.00879364009754626,0.00368077164738471,0.00197537411793603,0.98562291279009
full,DS03,10,10,H0,31.6227766016838,0.980905492993334,0.0120340748819253,0.00389207026467184,0.00268897528578062,0.988516129525409
full,DS03,10,10,H0,100,0.933758664655732,0.0224141887042399,0.00382131902826286,0.00457152900061878,0.992471366745149
full,DS03,10,10,H0,316.227766016838,0.781268229387996,0.0407300008207237,0.00361921578409309,0.00669391711416732,0.994562364477374
full,DS03,10,10,H0,1000,0.544017975506315,0.0588074497015714,0.00381682590393759,0.00721113421610687,0.995422512861422
full,DS03,10,10,TRA4,0.1,0.86322640277832,0.0322076930946816,0.00513420007803631,0.00199593287791178,0.987159353457435
full,DS03,10,10,TRA4,0.316227766016838,0.918286301164377,0.0248946439571204,0.00504391591171557,0.00197212733462438,0.986070333902729
full,DS03,10,10,TRA4,1,0.969804824927061,0.0151330776522502,0.00486950088084053,0.00196029400091246,0.978139799759461
full,DS03,10,10,TRA4,3.16227766016838,0.986758679132765,0.0100213017517244,0.0043273522305177,0.00207422093309212,0.980173463036246
full,DS03,10,10,TRA4,10,0.990717235915254,0.0083906796664047,0.00386306629425794,0.00217551033550791,0.98512072207943
full,DS03,10,10,TRA4,31.6227766016838,0.984184998768109,0.0109519915389282,0.00390472840518384,0.00283378572431455,0.990615430214005
full,DS03,10,10,TRA4,100,0.937647151694277,0.0217463629944638,0.00387028354457966,0.0048586021803582,0.993734382173161
full,DS03,10,10,TRA4,316.227766016838,0.782564530932389,0.0406091294399527,0.00364239047853692,0.00707293195592202,0.994861314204997
full,DS03,10,10,TRA4,1000,0.543103133744926,0.058866413158876,0.00382550270792863,0.00752953213888874,0.995094122870854
full,DS03,10,10,MoE_K4,0.1,0.749588615458243,0.0435798287479996,0.00636177994077135,0.00214684448768629,0.987058827078935
full,DS03,10,10,MoE_K4,0.316227766016838,0.870056486796815,0.0313932144487646,0.00593355620071681,0.00209731956120846,0.989838287522565
full,DS03,10,10,MoE_K4,1,0.957788848795757,0.0178925435470078,0.00483858264337219,0.00204666225590472,0.981142261087892
full,DS03,10,10,MoE_K4,3.16227766016838,0.984476419311406,0.010850617050775,0.00438938792727604,0.00212255727128672,0.980256035252856
full,DS03,10,10,MoE_K4,10,0.988731495609215,0.00924467448304432,0.00396567671908657,0.00219014644327592,0.98335178150478
full,DS03,10,10,MoE_K4,31.6227766016838,0.978987876988579,0.012623897275207,0.00393987726153859,0.00261328363837345,0.988330244295514
full,DS03,10,10,MoE_K4,100,0.931597983424678,0.022776812007789,0.00388899863510606,0.00444920118582978,0.992017366650434
full,DS03,10,10,MoE_K4,316.227766016838,0.782855225382052,0.0405819747241948,0.00370622124068795,0.00661101982264525,0.993970822248791
full,DS03,10,10,MoE_K4,1000,0.5476298192161,0.0585740790939156,0.00384605499563205,0.00723937799446244,0.994717437754617
full,DS03,10,10,FreeMLP,0.1,0.754570890791181,0.0431441105524635,0.0060530771025198,0.00211010507114223,0.990470819762202
full,DS03,10,10,FreeMLP,0.316227766016838,0.856942322852336,0.0329392775075754,0.00541857500797611,0.00206478382529355,0.990744008367519
full,DS03,10,10,FreeMLP,1,0.960424346497535,0.0173249716276713,0.00481493060743176,0.00201057587866168,0.980436253951259
full,DS03,10,10,FreeMLP,3.16227766016838,0.985341304633082,0.0105440181381867,0.00430870456539965,0.00208696559706892,0.98027930803552
full,DS03,10,10,FreeMLP,10,0.98888675186262,0.00918076752350082,0.00397085492219926,0.00214238082215204,0.983640822813727
full,DS03,10,10,FreeMLP,31.6227766016838,0.978956076543796,0.0126334463762805,0.00393563151928558,0.00257753279471083,0.988191408096349
full,DS03,10,10,FreeMLP,100,0.931353415445524,0.0228174943502306,0.00387114793412718,0.00441260452286535,0.991885305082023
full,DS03,10,10,FreeMLP,316.227766016838,0.782591001949984,0.0406066574474494,0.00370617911602402,0.00657869447955195,0.993945675280944
full,DS03,10,10,FreeMLP,1000,0.54750730329336,0.0585820103986644,0.00386990464851847,0.00722086297668826,0.994712929419978
full,DS03,10,10,MoE_dir,0.1,0.748853049233047,0.0436437881886465,0.00630939814028642,0.00192006543499223,0.986409976117169
full,DS03,10,10,MoE_dir,0.316227766016838,0.871346015248583,0.0312370566760149,0.00588719114094608,0.00187782613460203,0.990162978762692
full,DS03,10,10,MoE_dir,1,0.961770773366312,0.0170277098323141,0.00487714487093835,0.00183825476428821,0.97901480289425
full,DS03,10,10,MoE_dir,3.16227766016838,0.984898294623639,0.010702161027242,0.00432759079731455,0.00192618256097535,0.980075999458635
full,DS03,10,10,MoE_dir,10,0.988747180865978,0.00923823815470662,0.00396890303987879,0.00211683843825848,0.983378274375604
full,DS03,10,10,MoE_dir,31.6227766016838,0.980140730909141,0.0122726999032401,0.00397505912353161,0.00269027207727904,0.987956786740993
full,DS03,10,10,MoE_dir,100,0.933414129024417,0.0224724036470764,0.00391547565228211,0.00450493631641052,0.991880849441074
full,DS03,10,10,MoE_dir,316.227766016838,0.784019959552074,0.0404729903680851,0.00372619809136606,0.0066442126912338,0.993910722981603
full,DS03,10,10,MoE_dir,1000,0.547311975625633,0.0585946530920653,0.00385762968041406,0.00725799137312809,0.994696435502502
full,DS03,10,100,Z_zero,NaN,0,0.0870880336072523,0.00552864209630066,0,0
full,DS03,10,100,H0,0.1,0.809711708625412,0.0379895822455532,0.00278416884034412,0.00117874208130955,0.959476700583354
full,DS03,10,100,H0,0.316227766016838,0.951099843574722,0.0192581075939927,0.00279681312607468,0.00110501723008461,0.975625726655525
full,DS03,10,100,H0,1,0.988971642387755,0.00914563584108808,0.00283777159556194,0.00110479887081,0.980886876335757
full,DS03,10,100,H0,3.16227766016838,0.993964697742903,0.00676562616448928,0.00296183676756068,0.00124403423407714,0.989334349567314
full,DS03,10,100,H0,10,0.992248293118005,0.00766755951591098,0.00327494977643232,0.00138597970691292,0.991512187474144
full,DS03,10,100,H0,31.6227766016838,0.982430202537027,0.0115436157525572,0.00372473000964881,0.00248337391870401,0.99293493599292
full,DS03,10,100,H0,100,0.933621181803823,0.0224374367961725,0.00380735541502673,0.00442007549013081,0.995022556543489
full,DS03,10,100,H0,316.227766016838,0.78074724503031,0.0407784781699378,0.00379658882110707,0.00654684375884679,0.99608691280972
full,DS03,10,100,H0,1000,0.543161765105869,0.0588626360169154,0.00401455512730613,0.00709755660705697,0.996413782117033
full,DS03,10,100,TRA4,0.1,0.863709819379713,0.0321507248064015,0.00286430429201672,0.00123232015423173,0.978304669985899
full,DS03,10,100,TRA4,0.316227766016838,0.972373411136284,0.0144751181374399,0.00278075302196799,0.00116270695895203,0.987952260955329
full,DS03,10,100,TRA4,1,0.991929227032296,0.00782376955253627,0.002789711458095,0.00117383039253167,0.985387027621552
full,DS03,10,100,TRA4,3.16227766016838,0.994292335688149,0.00657942129238982,0.00291271588226576,0.00132399361133454,0.989167489776109
full,DS03,10,100,TRA4,10,0.99387643348894,0.00681491909257192,0.00329785808856614,0.00148321088636747,0.991951243949241
full,DS03,10,100,TRA4,31.6227766016838,0.985883526475716,0.0103471702169122,0.00384628728814999,0.00266919963420738,0.993904313727276
full,DS03,10,100,TRA4,100,0.938081331207101,0.0216705178686143,0.00381832689303118,0.00471015517821468,0.99558594811649
full,DS03,10,100,TRA4,316.227766016838,0.782110199213603,0.0406515337171357,0.00379458342981708,0.00693367760256304,0.996394052074636
full,DS03,10,100,TRA4,1000,0.542230648855048,0.0589225916578292,0.00402254296026999,0.00741857545137806,0.996336350902892
full,DS03,10,100,MoE_K4,0.1,0.873945402131585,0.0309198821683687,0.0030884548917711,0.00125527781639578,0.975731476071783
full,DS03,10,100,MoE_K4,0.316227766016838,0.969554963903937,0.015195560752488,0.00297821237650789,0.00119003371453461,0.984177381039559
full,DS03,10,100,MoE_K4,1,0.990587100285582,0.00844928968916896,0.00291910501828795,0.00119110322717583,0.98312564266717
full,DS03,10,100,MoE_K4,3.16227766016838,0.993458757824062,0.00704350129374032,0.00298899523012199,0.0013137111787289,0.988433851939298
full,DS03,10,100,MoE_K4,10,0.991696532095011,0.00793575479588897,0.00335586049510754,0.00141459874073726,0.99202836387255
full,DS03,10,100,MoE_K4,31.6227766016838,0.980753682208046,0.0120818186002205,0.00382155711618615,0.00244646239097138,0.993876317292625
full,DS03,10,100,MoE_K4,100,0.931767752160612,0.0227485292682528,0.00382783311208888,0.00431723254665307,0.995487962177846
full,DS03,10,100,MoE_K4,316.227766016838,0.781523801274185,0.0407061988701686,0.00381880450304666,0.00648690447069988,0.996311863530604
full,DS03,10,100,MoE_K4,1000,0.545884320494356,0.05868697617305,0.00403253279774456,0.00714713945280975,0.996327257929615
full,DS03,10,100,FreeMLP,0.1,0.861294657519686,0.032434341052259,0.00298214493382002,0.00123756529705391,0.97638729545441
full,DS03,10,100,FreeMLP,0.316227766016838,0.969210126850688,0.0152813750386706,0.00288264435456274,0.00116529355799383,0.986684176597926
full,DS03,10,100,FreeMLP,1,0.991593471769766,0.00798485110965278,0.0028601788649652,0.00116437232611246,0.985493013745687
full,DS03,10,100,FreeMLP,3.16227766016838,0.993782822990545,0.00686681110396088,0.00297121268856953,0.00128817114041656,0.988740474400785
full,DS03,10,100,FreeMLP,10,0.991849056988272,0.00786253176325854,0.00338346660234709,0.00139081641510947,0.991919560818936
full,DS03,10,100,FreeMLP,31.6227766016838,0.98096199562183,0.0120162566522255,0.00380930058463362,0.0024367437290273,0.993786691461398
full,DS03,10,100,FreeMLP,100,0.931989765514283,0.0227114896540782,0.00381606957275985,0.00430852032230609,0.995495638015604
full,DS03,10,100,FreeMLP,316.227766016838,0.781276437564964,0.040729236592029,0.00381389224659082,0.00648107152160138,0.99633690157826
full,DS03,10,100,FreeMLP,1000,0.545266662557569,0.058726873671571,0.00403285522713093,0.00714595004828438,0.996364000382535
full,DS03,10,100,MoE_dir,0.1,0.883449149185658,0.0297314581083858,0.00313515839966069,0.00107290092895441,0.976715546223429
full,DS03,10,100,MoE_dir,0.316227766016838,0.971348074510134,0.0147412866437325,0.00306112837891099,0.00103326817082889,0.983958468586912
full,DS03,10,100,MoE_dir,1,0.990981752751103,0.00827026743552464,0.00302561425444085,0.00104230214150294,0.983283933142714
full,DS03,10,100,MoE_dir,3.16227766016838,0.993376471596669,0.00708766506091144,0.00311022072176791,0.00115805416142127,0.988871125138081
full,DS03,10,100,MoE_dir,10,0.991902019728223,0.00783694577395528,0.00357298173565308,0.00153074943806599,0.991844549745986
full,DS03,10,100,MoE_dir,31.6227766016838,0.981614405327713,0.0118085704596161,0.00398207471112336,0.00256969223290692,0.993807012707107
full,DS03,10,100,MoE_dir,100,0.93372902113361,0.0224192034067428,0.00384530976299663,0.00437917125481222,0.995447646388565
full,DS03,10,100,MoE_dir,316.227766016838,0.78268355515241,0.0405980131956258,0.00383559158551485,0.00652813412853886,0.99631260630163
full,DS03,10,100,MoE_dir,1000,0.545475244545554,0.0587134033890558,0.0040386383684562,0.00717050508386931,0.996320525116891
full,DS03,10,1000,Z_zero,NaN,0,0.0870880336072523,0.00552864209630066,0,0
full,DS03,10,1000,H0,0.1,0.806940247229172,0.0382652325852314,0.0031228717733178,0.00113110027101128,0.965121170700549
full,DS03,10,1000,H0,0.316227766016838,0.956564777376015,0.0181501204068619,0.00316725597805006,0.00105202911311559,0.982227383393996
full,DS03,10,1000,H0,1,0.990576298089024,0.00845413648028943,0.0032587848065226,0.00105337743134409,0.984096112168761
full,DS03,10,1000,H0,3.16227766016838,0.994019575400643,0.00673479675812779,0.00337093564325174,0.00119699542984677,0.986052591525614
full,DS03,10,1000,H0,10,0.992247882681702,0.00766776250366366,0.00344604705227669,0.00133106855138573,0.988042680352173
full,DS03,10,1000,H0,31.6227766016838,0.982733193491763,0.011443648132866,0.00373564561243325,0.00243848693472983,0.991652364901388
full,DS03,10,1000,H0,100,0.933300286575391,0.0224916060759869,0.00397084894219211,0.00440864080199193,0.994976043371431
full,DS03,10,1000,H0,316.227766016838,0.780250285444736,0.0408246663815141,0.0038254216814156,0.00652365579444939,0.996407235069374
full,DS03,10,1000,H0,1000,0.542642176354945,0.0588961004577019,0.00404276963361173,0.00707017128350458,0.996783836923993
full,DS03,10,1000,TRA4,0.1,0.859415198274167,0.0326533445508978,0.002655610595698,0.00121030175749521,0.984033156592461
full,DS03,10,1000,TRA4,0.316227766016838,0.970297825448146,0.0150090293742583,0.002730929897356,0.00114159695768858,0.99060785266974
full,DS03,10,1000,TRA4,1,0.991494515062403,0.00803171010009868,0.00289062970676907,0.00115092451980715,0.985085792846663
full,DS03,10,1000,TRA4,3.16227766016838,0.993980845045591,0.00675656946952442,0.00305339004425053,0.00130038537996658,0.985571548775115
full,DS03,10,1000,TRA4,10,0.993681196454421,0.00692270636939054,0.00330060236224506,0.00144134681956669,0.988956964717423
full,DS03,10,1000,TRA4,31.6227766016838,0.986248752186957,0.0102124404912389,0.00386064060746686,0.00262987885043683,0.992894774855012
full,DS03,10,1000,TRA4,100,0.938091277505389,0.0216687772781305,0.00394900844389407,0.00470416190966024,0.995590461057744
full,DS03,10,1000,TRA4,316.227766016838,0.781317240741355,0.0407254373677473,0.00380784405338917,0.00692062810450073,0.996602968620563
full,DS03,10,1000,TRA4,1000,0.541110956179805,0.0589946092579106,0.00404329695899097,0.00739866919706579,0.99663207360329
full,DS03,10,1000,MoE_K4,0.1,0.874002450669754,0.0309128846699474,0.00271399827875771,0.0012411885185884,0.984963327301932
full,DS03,10,1000,MoE_K4,0.316227766016838,0.969340497998672,0.0152489883545651,0.00270937535786545,0.00117308618161421,0.988112227522678
full,DS03,10,1000,MoE_K4,1,0.991205460429354,0.00816704668681191,0.0028052432629075,0.00117309043375342,0.98461647909752
full,DS03,10,1000,MoE_K4,3.16227766016838,0.993678770042937,0.00692403539646682,0.00298057698662302,0.00129705808928958,0.98598958623967
full,DS03,10,1000,MoE_K4,10,0.991828778852148,0.00787230599729971,0.00331329350233398,0.00140427590882592,0.989237807541323
full,DS03,10,1000,MoE_K4,31.6227766016838,0.981307798729142,0.0119066259105443,0.00385686840016638,0.00241645815021025,0.992755087759618
full,DS03,10,1000,MoE_K4,100,0.931968339869724,0.0227150668361723,0.00396663315310095,0.00431913286415745,0.99539334917024
full,DS03,10,1000,MoE_K4,316.227766016838,0.780896951248044,0.0407645539796134,0.00383772203633358,0.00648247813326029,0.996481276339887
full,DS03,10,1000,MoE_K4,1000,0.544670280834149,0.0587653711330705,0.0040545244871689,0.00713338369947842,0.99655085193599
full,DS03,10,1000,FreeMLP,0.1,0.856715489234425,0.032965381580315,0.00271733857204919,0.00122338106414607,0.981809740167764
full,DS03,10,1000,FreeMLP,0.316227766016838,0.967544736977168,0.0156892090979815,0.00275096402319727,0.00115480980507422,0.989412810528034
full,DS03,10,1000,FreeMLP,1,0.99217547453243,0.0077034893906974,0.00285807337531118,0.00115276880832108,0.986614741252285
full,DS03,10,1000,FreeMLP,3.16227766016838,0.993809786735167,0.00685190432791786,0.00302063354613954,0.0012768782367528,0.985533787406283
full,DS03,10,1000,FreeMLP,10,0.991913443920151,0.00783141585364036,0.00332091528434681,0.00137545449470777,0.988693363806517
full,DS03,10,1000,FreeMLP,31.6227766016838,0.981473160450556,0.0118538425599916,0.00385122880367682,0.00240892916018653,0.992486788618993
full,DS03,10,1000,FreeMLP,100,0.93216085921669,0.022682903957839,0.00395285319189003,0.0043121555649238,0.995353414833531
full,DS03,10,1000,FreeMLP,316.227766016838,0.780664625509187,0.0407861605842596,0.00383157540969015,0.00647678605434336,0.996509928538376
full,DS03,10,1000,FreeMLP,1000,0.54410494447569,0.058801841292788,0.00405329376997502,0.00713173127354485,0.996575045361143
full,DS03,10,1000,MoE_dir,0.1,0.882041166706309,0.0299105031520662,0.00280161611107404,0.00103409414428661,0.983698202206874
full,DS03,10,1000,MoE_dir,0.316227766016838,0.972863063460223,0.0143462664982383,0.00282009496688971,0.000989530584270171,0.987500324502781
full,DS03,10,1000,MoE_dir,1,0.991643248756836,0.00796117594116101,0.00290718000459645,0.00100158525427117,0.984469229228045
full,DS03,10,1000,MoE_dir,3.16227766016838,0.993557927306872,0.00698990535185933,0.00307796648204411,0.00112333153792975,0.986159610260854
full,DS03,10,1000,MoE_dir,10,0.991979843186063,0.00779919743438564,0.00347900035911842,0.00150251903631953,0.98889373582765
full,DS03,10,1000,MoE_dir,31.6227766016838,0.982157372231765,0.0116328972535083,0.00402407364033508,0.00253938525290753,0.992650834159844
full,DS03,10,1000,MoE_dir,100,0.933938407465088,0.0223837581134021,0.00398766629172718,0.00438365740609039,0.995353333902054
full,DS03,10,1000,MoE_dir,316.227766016838,0.782035167560679,0.0406585324137667,0.0038555318630562,0.00652589723070185,0.9964795722085
full,DS03,10,1000,MoE_dir,1000,0.544232409205664,0.0587936204482075,0.00406073942103728,0.00715793820268751,0.996533132363086
highTRA,DS03,10,1,Z_zero,NaN,0,0.0870958471646271,0.00553998532768871,0,0
highTRA,DS03,10,1,H0,0.1,-0.194809263192209,0.0952021460334617,0.0050819238630369,0.00176439606480956,0.987636195116162
highTRA,DS03,10,1,H0,0.316227766016838,-0.193854505387746,0.095164100982983,0.00507909228572091,0.00176285508840458,0.987635779819807
highTRA,DS03,10,1,H0,1,0.402239805657268,0.0673381132216255,0.00505093493871834,0.00173598820053632,0.945056578531408
highTRA,DS03,10,1,H0,3.16227766016838,0.753013500481098,0.0432846644682916,0.00500800229212391,0.0017013413572556,0.965981266124852
highTRA,DS03,10,1,H0,10,0.863203746439349,0.0322132504825575,0.00479861288397361,0.00168552382953258,0.971618482312427
highTRA,DS03,10,1,H0,31.6227766016838,0.905724654880465,0.0267421618713644,0.00359295569419409,0.0022304105166593,0.974790302639094
highTRA,DS03,10,1,H0,100,0.95175492416973,0.0191303953152981,0.00367360846233184,0.00410478351325576,0.974865795089063
highTRA,DS03,10,1,H0,316.227766016838,0.853661635011077,0.0333178176564048,0.00410618590273455,0.00645046964942029,0.986766372840924
highTRA,DS03,10,1,H0,1000,0.601865944289758,0.0549556199923805,0.00440960553608557,0.00767229504443758,0.989903616857662
highTRA,DS03,10,1,TRA4,0.1,0.0481795848271152,0.0849718268759071,0.00468572420858886,0.00144632266567484,0.989261468382665
highTRA,DS03,10,1,TRA4,0.316227766016838,0.0487641411865904,0.0849457303299584,0.00468444674075515,0.0014454151439411,0.989261710407091
highTRA,DS03,10,1,TRA4,1,0.488014052920418,0.0623198598741358,0.00467460316119182,0.0014275850179497,0.943823849669515
highTRA,DS03,10,1,TRA4,3.16227766016838,0.794077248617213,0.0395229737548279,0.00441650672590342,0.00140502802694561,0.965590941941693
highTRA,DS03,10,1,TRA4,10,0.913015276791831,0.0256873285622349,0.00363614400785128,0.00140115398355182,0.972596646262238
highTRA,DS03,10,1,TRA4,31.6227766016838,0.941488156964519,0.0210678072723511,0.00350058155656232,0.00181819894512621,0.975012116006861
highTRA,DS03,10,1,TRA4,100,0.947088029316433,0.0200343112344969,0.00383686911046069,0.00359051464452175,0.974231451571158
highTRA,DS03,10,1,TRA4,316.227766016838,0.858985303228879,0.0327061660051795,0.00423798870104371,0.00571040785062078,0.986537299342745
highTRA,DS03,10,1,TRA4,1000,0.618467608055306,0.0537976314580274,0.00448094760754671,0.00704576592815944,0.989587314239316
highTRA,DS03,10,1,MoE_K4,0.1,0.151579086765084,0.0802237816798852,0.00453402711290054,0.00147456351396285,0.99028762169033
highTRA,DS03,10,1,MoE_K4,0.316227766016838,0.152030111634723,0.0802024551601446,0.00453316490460126,0.00147349301087017,0.990287065570609
highTRA,DS03,10,1,MoE_K4,1,0.428544859661925,0.065839802526653,0.00452753020158889,0.00145929145864592,0.933625415243301
highTRA,DS03,10,1,MoE_K4,3.16227766016838,0.772086986921538,0.0415797629593218,0.00451597516785137,0.00143070396876615,0.957363010629321
highTRA,DS03,10,1,MoE_K4,10,0.922957810920653,0.0241747368304091,0.00412079379021908,0.00139921445039828,0.972004753472102
highTRA,DS03,10,1,MoE_K4,31.6227766016838,0.946512683078729,0.0201429397775638,0.00363329010183248,0.00173129797159459,0.970649372707331
highTRA,DS03,10,1,MoE_K4,100,0.946090178404141,0.0202223394029525,0.00374291661084872,0.00329264957987129,0.975925783752558
highTRA,DS03,10,1,MoE_K4,316.227766016838,0.856009168110754,0.0330494980752179,0.00415935680694797,0.0053058097734079,0.98628486883082
highTRA,DS03,10,1,MoE_K4,1000,0.621929491770632,0.0535530053835146,0.00445950568993352,0.00675115528927399,0.98951295728101
highTRA,DS03,10,1,FreeMLP,0.1,0.137397092216453,0.0808915033420447,0.00456940719378898,0.00144482811815979,0.990688855171535
highTRA,DS03,10,1,FreeMLP,0.316227766016838,0.137868227390055,0.0808694097243574,0.00456861103703778,0.00144375009423635,0.990688154415917
highTRA,DS03,10,1,FreeMLP,1,0.497135369251869,0.0617622335065934,0.00456345680813385,0.00142853297746035,0.940388282982992
highTRA,DS03,10,1,FreeMLP,3.16227766016838,0.802070183005781,0.0387483362119219,0.0045556409311129,0.00140448230926921,0.963158929463108
highTRA,DS03,10,1,FreeMLP,10,0.92819270823953,0.0233389719227371,0.00441655370234393,0.00136322016927573,0.971202560455822
highTRA,DS03,10,1,FreeMLP,31.6227766016838,0.950021238411048,0.0194710868144604,0.00369364334569451,0.00170850143257458,0.972596916375733
highTRA,DS03,10,1,FreeMLP,100,0.947009804803045,0.0200491150249373,0.00375481106811034,0.00332005324578915,0.974857963005005
highTRA,DS03,10,1,FreeMLP,316.227766016838,0.855967506992103,0.0330542788639088,0.00414587210895465,0.00531989747324875,0.98604792131895
highTRA,DS03,10,1,FreeMLP,1000,0.621215931525817,0.0536035188209633,0.00444890310675198,0.00673500075465035,0.989919240783166
highTRA,DS03,10,1,MoE_dir,0.1,0.153331209924486,0.0801409014789686,0.00454240674894496,0.00140747203839879,0.990324297890052
highTRA,DS03,10,1,MoE_dir,0.316227766016838,0.153779424506113,0.0801196859362228,0.00454164639733775,0.00140649505279984,0.990323834615243
highTRA,DS03,10,1,MoE_dir,1,0.466883529098552,0.0635928806235208,0.00453721157697199,0.00139232788557601,0.939610448071067
highTRA,DS03,10,1,MoE_dir,3.16227766016838,0.800335382320851,0.0389177750326236,0.00452914214023767,0.00136628431942376,0.965118599598215
highTRA,DS03,10,1,MoE_dir,10,0.92625738635335,0.0236513922570336,0.0042553015503924,0.00134225870109614,0.971833673827482
highTRA,DS03,10,1,MoE_dir,31.6227766016838,0.948383374915796,0.0197875602562288,0.00357410407928276,0.00173343198292539,0.970523792456866
highTRA,DS03,10,1,MoE_dir,100,0.947789708263383,0.0199010278644092,0.00374232049396289,0.00335888988616437,0.975964644224322
highTRA,DS03,10,1,MoE_dir,316.227766016838,0.857139970350775,0.032919468580644,0.00416747817225627,0.00534945113056013,0.986491715359711
highTRA,DS03,10,1,MoE_dir,1000,0.621419839793883,0.0535890888686683,0.00446111877691766,0.00678549800171452,0.989611170651208
highTRA,DS03,10,10,Z_zero,NaN,0,0.0870958471646271,0.00553998532768871,0,0
highTRA,DS03,10,10,H0,0.1,-0.0942448127694642,0.0911076188144535,0.00573112332121477,0.00196950404664496,0.995264822793856
highTRA,DS03,10,10,H0,0.316227766016838,-0.00351107183508814,0.0872486130770668,0.00571009580955904,0.00197883764869817,0.864987391851575
highTRA,DS03,10,10,H0,1,0.735989749808888,0.0447515252854565,0.0056775934552673,0.00195509518671888,0.969597302878558
highTRA,DS03,10,10,H0,3.16227766016838,0.934238316240907,0.0223348947354979,0.00564470872091326,0.00200272925254382,0.971717459825819
highTRA,DS03,10,10,H0,10,0.971054669581841,0.0148179015009672,0.0056252692655313,0.00217918998672806,0.984970104259575
highTRA,DS03,10,10,H0,31.6227766016838,0.986137555427426,0.0102545677600215,0.00592316782064172,0.00332280754607052,0.989576065576608
highTRA,DS03,10,10,H0,100,0.966721499221598,0.0158883692429604,0.00621544198710097,0.00556789051278798,0.993095424703111
highTRA,DS03,10,10,H0,316.227766016838,0.829541247176722,0.035958958216365,0.00518970251135182,0.00774251215013895,0.995031061005686
highTRA,DS03,10,10,H0,1000,0.585615699135406,0.0560659382829943,0.00423598576457885,0.00808825547071514,0.995655045088689
highTRA,DS03,10,10,TRA4,0.1,0.0939070158358984,0.0829055933111792,0.00551732830954051,0.00175413826484289,0.996183897822425
highTRA,DS03,10,10,TRA4,0.316227766016838,0.164373157447771,0.0796166021415771,0.0055114334640927,0.00176258012611715,0.859999549642256
highTRA,DS03,10,10,TRA4,1,0.734789458717323,0.0448531386573585,0.00548122807521346,0.00175187368050381,0.968274730411617
highTRA,DS03,10,10,TRA4,3.16227766016838,0.952925373532219,0.0188969141100442,0.00549038703656192,0.00179244270864824,0.981658025962841
highTRA,DS03,10,10,TRA4,10,0.984993034327282,0.0106694956914566,0.00550578083330853,0.00195194583594446,0.985713133320477
highTRA,DS03,10,10,TRA4,31.6227766016838,0.989645101548907,0.00886278818181314,0.00564192754221568,0.00289029917483416,0.990947184912393
highTRA,DS03,10,10,TRA4,100,0.961378114465326,0.0171164692419107,0.00587066739857517,0.00481192015932057,0.993787787049831
highTRA,DS03,10,10,TRA4,316.227766016838,0.834439159933452,0.0354385756608853,0.0050582092573617,0.00698213111304838,0.995224612808154
highTRA,DS03,10,10,TRA4,1000,0.598986306979484,0.0551540043413451,0.00426643120732771,0.00754281737026744,0.995415326816355
highTRA,DS03,10,10,MoE_K4,0.1,0.194556249477239,0.0781654902115836,0.0052736971173536,0.00174468053531686,0.995882706738651
highTRA,DS03,10,10,MoE_K4,0.316227766016838,0.195254718068212,0.0781315908976054,0.00527922780849939,0.00175626808816942,0.995882741736731
highTRA,DS03,10,10,MoE_K4,1,0.723740559270918,0.045777915372129,0.00527929286382539,0.00173295137664301,0.963829447829762
highTRA,DS03,10,10,MoE_K4,3.16227766016838,0.950413037215103,0.0193946167479807,0.00529292625903183,0.00175956958746607,0.980629679708476
highTRA,DS03,10,10,MoE_K4,10,0.985565579353415,0.0104639854348713,0.00530157455741798,0.00189308103946437,0.98634713982437
highTRA,DS03,10,10,MoE_K4,31.6227766016838,0.986153926357272,0.0102485108772847,0.00548755838246902,0.00266199816520594,0.990994990124234
highTRA,DS03,10,10,MoE_K4,100,0.954042680870854,0.0186713100660634,0.00576758270083313,0.00439600147220407,0.992934210284092
highTRA,DS03,10,10,MoE_K4,316.227766016838,0.832634625793157,0.0356311840289867,0.00506353818204422,0.00651164878532067,0.99454495382802
highTRA,DS03,10,10,MoE_K4,1000,0.603775430675468,0.0548236755742509,0.00430915937200018,0.00724093137717494,0.995008794590201
highTRA,DS03,10,10,FreeMLP,0.1,0.177528516730487,0.0789874097817426,0.00530737620755201,0.0017707084137871,0.99619987791774
highTRA,DS03,10,10,FreeMLP,0.316227766016838,0.178263110043203,0.0789521279598283,0.0053132493877011,0.00178253969350523,0.996199413574316
highTRA,DS03,10,10,FreeMLP,1,0.728008707191113,0.0454229094550455,0.00530584661749368,0.00176136394373412,0.965631755771626
highTRA,DS03,10,10,FreeMLP,3.16227766016838,0.954225423862579,0.0186341511349652,0.00532119825091528,0.00178978809065216,0.981559493315085
highTRA,DS03,10,10,FreeMLP,10,0.986714013547041,0.010039090064109,0.00537207431946061,0.00192409596749634,0.986692237988044
highTRA,DS03,10,10,FreeMLP,31.6227766016838,0.986562711078903,0.0100960914427013,0.00550626856160703,0.00267466688309738,0.991085447733792
highTRA,DS03,10,10,FreeMLP,100,0.95422380466598,0.0186344807075126,0.00576027621913671,0.0043904443609759,0.993228415000222
highTRA,DS03,10,10,FreeMLP,316.227766016838,0.832527190674514,0.0356426183724858,0.00506277853873631,0.00651411080397119,0.994900063367944
highTRA,DS03,10,10,FreeMLP,1000,0.603156776796217,0.05486645895179,0.00430391231186006,0.00724354869134825,0.99522104830411
highTRA,DS03,10,10,MoE_dir,0.1,0.194354624435918,0.0781752731008342,0.00520758383286022,0.00172566821348676,0.995852758695594
highTRA,DS03,10,10,MoE_dir,0.316227766016838,0.195044948798142,0.0781417733362281,0.00521162042082242,0.00173837843950464,0.995852938781694
highTRA,DS03,10,10,MoE_dir,1,0.731579754767075,0.0451237393800665,0.00520354652606485,0.00172383602334563,0.964194965149006
highTRA,DS03,10,10,MoE_dir,3.16227766016838,0.953593253417275,0.0187623835210872,0.00520264290504105,0.00175025930639377,0.981335197344079
highTRA,DS03,10,10,MoE_dir,10,0.986042758630361,0.0102895703864377,0.00535190674008317,0.00195365344847947,0.985177153545962
highTRA,DS03,10,10,MoE_dir,31.6227766016838,0.986782086055235,0.0100133387340343,0.00566690304061619,0.00282066070121886,0.990118909213165
highTRA,DS03,10,10,MoE_dir,100,0.955670414395217,0.01833767551272,0.00588831516474519,0.00452332967785404,0.992586877085532
highTRA,DS03,10,10,MoE_dir,316.227766016838,0.833907110027566,0.0354954730734829,0.00514041841557423,0.0065911359530877,0.994433289570705
highTRA,DS03,10,10,MoE_dir,1000,0.603560662988442,0.0548385317439742,0.00432480695871316,0.00729102108796938,0.994986715161025
highTRA,DS03,10,100,Z_zero,NaN,0,0.0870958471646271,0.00553998532768871,0,0
highTRA,DS03,10,100,H0,0.1,-0.0934233350681102,0.091073413978251,0.00529050292751854,0.00200866645121824,0.995315343022396
highTRA,DS03,10,100,H0,0.316227766016838,0.14777786812468,0.0804032959542125,0.00528534112094202,0.0020134937554233,0.930045285769817
highTRA,DS03,10,100,H0,1,0.78165518533728,0.0406976084470431,0.00528228399416218,0.00200353877166954,0.974173623014159
highTRA,DS03,10,100,H0,3.16227766016838,0.946250051509825,0.0201923318032806,0.00529396717358105,0.00207873709176141,0.978304347032024
highTRA,DS03,10,100,H0,10,0.974531777210675,0.0138994228717876,0.00542380513822295,0.00255379895452394,0.986672083436718
highTRA,DS03,10,100,H0,31.6227766016838,0.987141728048657,0.0098761744190055,0.00601007112598773,0.00359634444593541,0.990070614674587
highTRA,DS03,10,100,H0,100,0.965040002198602,0.0162848268834736,0.00645226402429995,0.00582845057599872,0.993601642097776
highTRA,DS03,10,100,H0,316.227766016838,0.827314108875597,0.036193107757674,0.00532267566394519,0.00787567242778086,0.995504610757551
highTRA,DS03,10,100,H0,1000,0.584721305454783,0.0561264111243965,0.00427463711086586,0.00815632400013524,0.995935888212177
highTRA,DS03,10,100,TRA4,0.1,0.0963906447790606,0.0827918919430019,0.00511072434141279,0.00181935315002151,0.996103207448897
highTRA,DS03,10,100,TRA4,0.316227766016838,0.245573537084679,0.0756494726048085,0.0051111428571419,0.00182439804318931,0.928581171681503
highTRA,DS03,10,100,TRA4,1,0.777290730994016,0.0411023444113313,0.00511168280388201,0.00180325388801646,0.972179646074251
highTRA,DS03,10,100,TRA4,3.16227766016838,0.961779891291098,0.0170272066478476,0.00514548753969528,0.00190890981977551,0.984264227934453
highTRA,DS03,10,100,TRA4,10,0.988493366198661,0.00934268257841985,0.00521315545961454,0.00229432245736154,0.989408693314816
highTRA,DS03,10,100,TRA4,31.6227766016838,0.989638726990406,0.00886551576382588,0.00576329500833982,0.00320747992975325,0.992860338382915
highTRA,DS03,10,100,TRA4,100,0.95922107937402,0.017587953589964,0.00606300631562966,0.00508431658911452,0.994750848986397
highTRA,DS03,10,100,TRA4,316.227766016838,0.83220622301087,0.0356767572033902,0.0052592029111675,0.00711778803166881,0.995883854349054
highTRA,DS03,10,100,TRA4,1000,0.598440835982696,0.0551915026694553,0.004307621857405,0.00760923185554261,0.995878566878508
highTRA,DS03,10,100,MoE_K4,0.1,0.193719570388441,0.078206078058959,0.00494331361301294,0.00178995956098892,0.995888868750386
highTRA,DS03,10,100,MoE_K4,0.316227766016838,0.323595583837892,0.0716309424155938,0.0049458610676109,0.00179401636435258,0.932412715222739
highTRA,DS03,10,100,MoE_K4,1,0.789035903068124,0.0400038438374221,0.00495150972357889,0.00177335699989773,0.970498577517218
highTRA,DS03,10,100,MoE_K4,3.16227766016838,0.962506608006138,0.0168645522023587,0.00500459069436697,0.00185912761490869,0.982438752350873
highTRA,DS03,10,100,MoE_K4,10,0.988071901673081,0.00951224555835062,0.00517901793053347,0.00219740402879583,0.988988198253257
highTRA,DS03,10,100,MoE_K4,31.6227766016838,0.985742528814501,0.0103996494184442,0.00565643432955446,0.00299606053755989,0.993147893318135
highTRA,DS03,10,100,MoE_K4,100,0.951959744547229,0.0190897438884849,0.00597423208939012,0.00466874915763252,0.99461227062616
highTRA,DS03,10,100,MoE_K4,316.227766016838,0.82990952241515,0.0359200926428021,0.00529199034652879,0.00665270050097729,0.995469945359764
highTRA,DS03,10,100,MoE_K4,1000,0.602663406703816,0.0549005543578927,0.00435176921507982,0.00730813944216033,0.995612075894392
highTRA,DS03,10,100,FreeMLP,0.1,0.176184803721149,0.0790519063007916,0.00497843989268838,0.00177906452111459,0.996140381026687
highTRA,DS03,10,100,FreeMLP,0.316227766016838,0.222608480844035,0.0767922419559766,0.00498317348381875,0.00179442528885173,0.902902679060673
highTRA,DS03,10,100,FreeMLP,1,0.765823818042601,0.0421472077835539,0.00498690894146587,0.00176825994925515,0.970472955750705
highTRA,DS03,10,100,FreeMLP,3.16227766016838,0.961707159842723,0.0170434000188154,0.00503454452275741,0.00185310239251497,0.983971883964427
highTRA,DS03,10,100,FreeMLP,10,0.98848951276842,0.0093442468222552,0.00519661697002896,0.00218849261936656,0.989145596342065
highTRA,DS03,10,100,FreeMLP,31.6227766016838,0.985959522065812,0.0103202066466342,0.00566885377510589,0.00298484618878344,0.992700224774275
highTRA,DS03,10,100,FreeMLP,100,0.951988788029009,0.019083972515637,0.00592230092809478,0.00465092556074381,0.994346324303019
highTRA,DS03,10,100,FreeMLP,316.227766016838,0.829908913093581,0.0359201569816997,0.00526887425297836,0.00664929281589613,0.995597283370003
highTRA,DS03,10,100,FreeMLP,1000,0.602234528291101,0.0549301757327375,0.00434153431837751,0.00730868532275366,0.995748128445619
highTRA,DS03,10,100,MoE_dir,0.1,0.194320097311334,0.0781769482413843,0.00491606543565027,0.00190968002634435,0.995862074315821
highTRA,DS03,10,100,MoE_dir,0.316227766016838,0.330794057285831,0.0712487652371582,0.00491987867997663,0.00191705617772274,0.932456439650212
highTRA,DS03,10,100,MoE_dir,1,0.804685671356506,0.0384914702794665,0.00492763604860936,0.00191130467534017,0.974246269823925
highTRA,DS03,10,100,MoE_dir,3.16227766016838,0.964878405301932,0.0163224204711585,0.00497602505324876,0.00200536829255217,0.982104958242932
highTRA,DS03,10,100,MoE_dir,10,0.988705910874085,0.00925599375897906,0.0052040375336993,0.00233999722412175,0.988961978416783
highTRA,DS03,10,100,MoE_dir,31.6227766016838,0.986516828457771,0.0101133136806576,0.00585129501446754,0.00314664294659557,0.99296906153912
highTRA,DS03,10,100,MoE_dir,100,0.953514182491472,0.0187783610215096,0.00612722742519144,0.00480146991352275,0.994562521808351
highTRA,DS03,10,100,MoE_dir,316.227766016838,0.831120298218826,0.0357920171223419,0.00536608531970094,0.00673256126072049,0.995423914149718
highTRA,DS03,10,100,MoE_dir,1000,0.602459966648485,0.0549146073581902,0.00436662374133095,0.00735719626267944,0.995605298405331
highTRA,DS03,10,1000,Z_zero,NaN,0,0.0870958471646271,0.00553998532768871,0,0
highTRA,DS03,10,1000,H0,0.1,-0.0949351481608964,0.0911363531965343,0.00537251649927744,0.0019154852038942,0.995292614541998
highTRA,DS03,10,1000,H0,0.316227766016838,0.150031882705783,0.0802968975248214,0.00537008313088737,0.00192101634556552,0.931898246127795
highTRA,DS03,10,1000,H0,1,0.774434547013892,0.0413650677822942,0.00536512351234817,0.00191411287972102,0.973452169725341
highTRA,DS03,10,1000,H0,3.16227766016838,0.946363989074188,0.0201709188932809,0.00538816893804382,0.00198587468868439,0.97814195610708
highTRA,DS03,10,1000,H0,10,0.974046288289532,0.0140312765979825,0.00550574711952536,0.00247892718768191,0.987373019833917
highTRA,DS03,10,1000,H0,31.6227766016838,0.987171989857769,0.00986454583622304,0.00599445576732295,0.00351694100249884,0.990275237242055
highTRA,DS03,10,1000,H0,100,0.965674844606561,0.0161362904994232,0.00632851367979121,0.00579149668324489,0.993650524114609
highTRA,DS03,10,1000,H0,316.227766016838,0.828281971327114,0.0360915384534374,0.00526039487181816,0.00785179869945371,0.995441506992827
highTRA,DS03,10,1000,H0,1000,0.585270781598199,0.0560892669936978,0.00423649763886469,0.0081395355419703,0.995901616903042
highTRA,DS03,10,1000,TRA4,0.1,0.0961618549450762,0.0828023725473978,0.00517480261063495,0.00173042257055808,0.996108809397188
highTRA,DS03,10,1000,TRA4,0.316227766016838,0.23399111121788,0.0762279696568235,0.00517549459527648,0.00173832870420913,0.932445379042496
highTRA,DS03,10,1000,TRA4,1,0.768906557423831,0.0418688718400097,0.00517411084903328,0.00172144444052044,0.973670420233561
highTRA,DS03,10,1000,TRA4,3.16227766016838,0.961937507563336,0.0169920610458326,0.0052184835604659,0.00182193662832364,0.985436776121415
highTRA,DS03,10,1000,TRA4,10,0.98875180159381,0.00923716990473208,0.00528558806567772,0.00221978610408413,0.98986120449894
highTRA,DS03,10,1000,TRA4,31.6227766016838,0.989964878144776,0.00872486614909053,0.00575453968668164,0.00313241243840795,0.992851544304885
highTRA,DS03,10,1000,TRA4,100,0.959957796112302,0.0174283564686422,0.00595459978537823,0.00504566145511228,0.994654757751025
highTRA,DS03,10,1000,TRA4,316.227766016838,0.83335391335147,0.0355545353691998,0.00518155966172263,0.00709209365010012,0.995827369601997
highTRA,DS03,10,1000,TRA4,1000,0.599060410918294,0.0551489081091364,0.00427195625598163,0.00759026639200501,0.995848636808884
highTRA,DS03,10,1000,MoE_K4,0.1,0.191799572070216,0.0782991388896823,0.00499306827501867,0.00170932669461036,0.995859320048542
highTRA,DS03,10,1000,MoE_K4,0.316227766016838,0.297323514224268,0.0730087912349811,0.00499511031727007,0.00171705333515859,0.932248558729218
highTRA,DS03,10,1000,MoE_K4,1,0.774751773585925,0.0413359704286628,0.00499801307027488,0.00169799108062827,0.970639450181454
highTRA,DS03,10,1000,MoE_K4,3.16227766016838,0.959531162653751,0.0175209565065624,0.00504489175519625,0.00178322635191401,0.982264616271525
highTRA,DS03,10,1000,MoE_K4,10,0.988274629290891,0.00943106501885352,0.00523687733457732,0.00212811290405127,0.9894488933126
highTRA,DS03,10,1000,MoE_K4,31.6227766016838,0.986156856617989,0.0102474263677464,0.0056382580211169,0.00293556208134876,0.993126625361249
highTRA,DS03,10,1000,MoE_K4,100,0.952839366677979,0.018914168866845,0.00586562528813696,0.00464077466160631,0.994529650769569
highTRA,DS03,10,1000,MoE_K4,316.227766016838,0.83085135870164,0.0358205050296049,0.0052003301365737,0.0066380110501363,0.995388747793975
highTRA,DS03,10,1000,MoE_K4,1000,0.603149428264488,0.0548669669433902,0.00431254459158034,0.00729805277805227,0.995560825626466
highTRA,DS03,10,1000,FreeMLP,0.1,0.175534434413667,0.0790831043113863,0.00503127065567283,0.00170623224315265,0.996163501204097
highTRA,DS03,10,1000,FreeMLP,0.316227766016838,0.214972819077917,0.0771684531509842,0.00503463475595897,0.00172247508921607,0.904615843236455
highTRA,DS03,10,1000,FreeMLP,1,0.761079744092563,0.042571988232999,0.00503475648227005,0.00169842506932273,0.971572304150914
highTRA,DS03,10,1000,FreeMLP,3.16227766016838,0.961147400154036,0.0171675171695651,0.00508083081549771,0.0017801817918371,0.984529131986772
highTRA,DS03,10,1000,FreeMLP,10,0.988966702461383,0.0091485046438661,0.00528503724113301,0.00212476661784383,0.989506679992131
highTRA,DS03,10,1000,FreeMLP,31.6227766016838,0.986247194265102,0.0102139352888007,0.00566231035249539,0.00293200597798878,0.992324826697715
highTRA,DS03,10,1000,FreeMLP,100,0.95277710708245,0.0189266496164176,0.00582115758954524,0.00462325848817468,0.994145157259683
highTRA,DS03,10,1000,FreeMLP,316.227766016838,0.830820094718638,0.0358238152539992,0.00518855207974004,0.00663331943784122,0.995476555593489
highTRA,DS03,10,1000,FreeMLP,1000,0.602777916634945,0.0548926427889436,0.00430588477308626,0.00729685124099005,0.995698137937578
highTRA,DS03,10,1000,MoE_dir,0.1,0.192352247641908,0.078272362473552,0.00495474061716278,0.00183037244889935,0.995832332987502
highTRA,DS03,10,1000,MoE_dir,0.316227766016838,0.315024017458708,0.0720833762216537,0.00495795986468654,0.00183952027848516,0.932358550234435
highTRA,DS03,10,1000,MoE_dir,1,0.788329504807278,0.0400707628775108,0.00496497341588984,0.00183624247207454,0.972787318725972
highTRA,DS03,10,1000,MoE_dir,3.16227766016838,0.962511562403082,0.0168634379200566,0.00500772757330113,0.00193161727883864,0.982874789222925
highTRA,DS03,10,1000,MoE_dir,10,0.988932441828242,0.00916269761829658,0.00525399996248245,0.00228188726536806,0.989647648986304
highTRA,DS03,10,1000,MoE_dir,31.6227766016838,0.986916475914584,0.00996230461530715,0.00585601319907845,0.0030868680608286,0.992947966044509
highTRA,DS03,10,1000,MoE_dir,100,0.95440151798682,0.0185982739436569,0.00600933115061455,0.0047740836021203,0.994475607985745
highTRA,DS03,10,1000,MoE_dir,316.227766016838,0.832066433809112,0.035691615284592,0.00527757958249582,0.00671747660432417,0.995343961618454
highTRA,DS03,10,1000,MoE_dir,1000,0.602942193757313,0.0548812907791883,0.00432776927918431,0.00734738843777272,0.995553587292185
full,DS03,11,1,Z_zero,NaN,0,0.0834425248239435,0.00529926525882134,0,0
full,DS03,11,1,H0,0.1,-0.677998779350156,0.108089437529524,0.00890366930770494,0.00229539132278634,0.871023110093146
full,DS03,11,1,H0,0.316227766016838,0.0635778675058101,0.0807464190856696,0.00889776160038939,0.00224344746452116,0.981564066821107
full,DS03,11,1,H0,1,0.373145224872302,0.0660649188476279,0.0088867827109819,0.00221873878327376,0.98273034739489
full,DS03,11,1,H0,3.16227766016838,0.662979576404441,0.0484412729009036,0.00861407879076441,0.0022226868916171,0.977736631979905
full,DS03,11,1,H0,10,0.849115341991719,0.0324123095568441,0.00699857384915488,0.00223873238848067,0.970762907420237
full,DS03,11,1,H0,31.6227766016838,0.929664848609267,0.0221296043778229,0.00604639266357624,0.00263266748022668,0.969603931677026
full,DS03,11,1,H0,100,0.938586204603698,0.0206785653867137,0.00517789562594432,0.00383014483944193,0.971464184125575
full,DS03,11,1,H0,316.227766016838,0.873398202833137,0.0296898068298777,0.00436550533174648,0.00604553015905409,0.974744034578051
full,DS03,11,1,H0,1000,0.718439983474445,0.0442764637533375,0.00378148084968299,0.00716849034315189,0.981171652829392
full,DS03,11,1,TRA4,0.1,0.856476402048023,0.0316117903570459,0.00672461164361672,0.00211697661047521,0.962716094389568
full,DS03,11,1,TRA4,0.316227766016838,0.875111871745654,0.0294881831291922,0.00669801239740623,0.00211522592582593,0.966377493253664
full,DS03,11,1,TRA4,1,0.883672286571925,0.0284596157669985,0.00662568819124831,0.0021163392777907,0.96537313920236
full,DS03,11,1,TRA4,3.16227766016838,0.898371149914539,0.0266008762263228,0.0064610687125293,0.00212425589456388,0.963798491166043
full,DS03,11,1,TRA4,10,0.918270092209712,0.0238549187162083,0.00618712280897504,0.00219169201693281,0.963515451547599
full,DS03,11,1,TRA4,31.6227766016838,0.943430911886566,0.0198461845530344,0.00579325512929454,0.00275687499070346,0.968898272385667
full,DS03,11,1,TRA4,100,0.943917236416102,0.0197606915724301,0.0052529364213291,0.00414075385809334,0.973147836793991
full,DS03,11,1,TRA4,316.227766016838,0.87749526269249,0.0292054483870629,0.0043312489925676,0.00657925770166222,0.975358389019349
full,DS03,11,1,TRA4,1000,0.71792856781167,0.0443166566123396,0.00386235786672233,0.00758338118663783,0.980196530903423
full,DS03,11,1,MoE_K4,0.1,0.799540512210463,0.0373594732930044,0.00663039609007241,0.0026366536947319,0.96679079918033
full,DS03,11,1,MoE_K4,0.316227766016838,0.832704599930573,0.0341294615433265,0.00658307232199643,0.00263272615250027,0.971695501871492
full,DS03,11,1,MoE_K4,1,0.850407519738424,0.0322732214541036,0.00645029215958191,0.00263054265611921,0.970463335223003
full,DS03,11,1,MoE_K4,3.16227766016838,0.877357172769922,0.0292219042495895,0.00616192508576601,0.00262857145935431,0.968545030983895
full,DS03,11,1,MoE_K4,10,0.910714122365384,0.0249332460339197,0.00580004152936511,0.00264013569315197,0.966817570621338
full,DS03,11,1,MoE_K4,31.6227766016838,0.938636134795194,0.0206701577100337,0.00545141883631497,0.00307450147158397,0.970046027334316
full,DS03,11,1,MoE_K4,100,0.937395144596325,0.0208781226720095,0.00495346616874228,0.00419228128731751,0.973719524097052
full,DS03,11,1,MoE_K4,316.227766016838,0.870949271578088,0.0299755849470558,0.00425224262097391,0.00636160326341953,0.976264652911753
full,DS03,11,1,MoE_K4,1000,0.714625686223143,0.0445753617835495,0.00391344716181135,0.00744423389661321,0.980978586475519
full,DS03,11,1,FreeMLP,0.1,0.764582005177991,0.0404862231719607,0.00590111478670658,0.00270385600463848,0.952370167650761
full,DS03,11,1,FreeMLP,0.316227766016838,0.853993456828741,0.0318840584053683,0.00587728622389969,0.00269537274968583,0.972069444976871
full,DS03,11,1,FreeMLP,1,0.875882050041876,0.0293971165003471,0.0058111146395905,0.00269294720031272,0.972668169440525
full,DS03,11,1,FreeMLP,3.16227766016838,0.894995168357344,0.0270390904193366,0.00565910938892712,0.00269363672103068,0.97078525822939
full,DS03,11,1,FreeMLP,10,0.920395616461179,0.0235426815594193,0.00546497849788007,0.00270892161922071,0.968863946640915
full,DS03,11,1,FreeMLP,31.6227766016838,0.941145259977181,0.0202431530867022,0.00524684055367348,0.00310738242094866,0.970641055632414
full,DS03,11,1,FreeMLP,100,0.938569836501198,0.0206813208452089,0.00480802590908575,0.00421078082096767,0.973468011163318
full,DS03,11,1,FreeMLP,316.227766016838,0.871630410644973,0.0298963736366664,0.00422916365869442,0.00638072041092867,0.976334626418894
full,DS03,11,1,FreeMLP,1000,0.714247788038297,0.0446048657973686,0.00390969706155141,0.00747076260245104,0.980753911633673
full,DS03,11,1,MoE_dir,0.1,0.819718210934648,0.0354293648101323,0.00643048362544779,0.00232910785443413,0.961888261586124
full,DS03,11,1,MoE_dir,0.316227766016838,0.859821145178215,0.0312412707371078,0.00639171866757833,0.0023243548537039,0.970004921794748
full,DS03,11,1,MoE_dir,1,0.872731116890082,0.0297679243286841,0.00627989980873403,0.0023235522641955,0.968806388562628
full,DS03,11,1,MoE_dir,3.16227766016838,0.891458289381631,0.0274906980378692,0.00602645807734851,0.00232500576029447,0.967383590243535
full,DS03,11,1,MoE_dir,10,0.917986353229517,0.0238962910003118,0.00570553708180866,0.00237373880797546,0.966275389628175
full,DS03,11,1,MoE_dir,31.6227766016838,0.940931368427616,0.0202799038446386,0.00536183293423102,0.00281723421266502,0.969963791276812
full,DS03,11,1,MoE_dir,100,0.937171125526743,0.0209154434280263,0.00481105727714885,0.0039545117489074,0.973924652371214
full,DS03,11,1,MoE_dir,316.227766016838,0.869820309236232,0.0301064157307859,0.00416774805176167,0.00617904832086597,0.976627770972324
full,DS03,11,1,MoE_dir,1000,0.713875334704438,0.044633925626697,0.00388628543693896,0.0073614003531128,0.980941086836851
full,DS03,11,10,Z_zero,NaN,0,0.0834425248239435,0.00529926525882134,0,0
full,DS03,11,10,H0,0.1,-0.0901170154984725,0.0871212295192364,0.00687518843953255,0.000799978765996197,0.959609043080606
full,DS03,11,10,H0,0.316227766016838,0.430550229791752,0.0629673110490213,0.00687651626140395,0.000752802983284454,0.980810281597785
full,DS03,11,10,H0,1,0.691382146300212,0.0463551467089779,0.00526418158967538,0.00072496475812681,0.987940469691028
full,DS03,11,10,H0,3.16227766016838,0.882540111028714,0.0285977739912438,0.00395332916263199,0.000707707692420496,0.992227815796359
full,DS03,11,10,H0,10,0.957309424029572,0.0172406423910457,0.00323208172247054,0.000759623972564544,0.9934497274314
full,DS03,11,10,H0,31.6227766016838,0.975229394605229,0.0131327521198525,0.00269207817602079,0.00101393372240262,0.993320729475187
full,DS03,11,10,H0,100,0.965936423439255,0.0154004197969121,0.00267511659884833,0.00232028908997816,0.99314249270181
full,DS03,11,10,H0,316.227766016838,0.893744416042495,0.0271996501356178,0.00268489119721296,0.00496579561245876,0.992393238996334
full,DS03,11,10,H0,1000,0.734781684959175,0.0429723587179359,0.00330783881047487,0.00657866615408152,0.993373609512798
full,DS03,11,10,TRA4,0.1,0.611926977020658,0.0519809441431987,0.00505735060421964,0.000636581344916375,0.983768928725831
full,DS03,11,10,TRA4,0.316227766016838,0.689387227196638,0.0465047262090662,0.00471758658639291,0.000626843597972393,0.985892700733586
full,DS03,11,10,TRA4,1,0.811184767217182,0.0362581758363658,0.00407429402469029,0.000611559124829557,0.988983878533754
full,DS03,11,10,TRA4,3.16227766016838,0.920998323827333,0.0234533880619086,0.00344510366090077,0.000609381294836381,0.992150904204594
full,DS03,11,10,TRA4,10,0.963618029315689,0.0159158759808967,0.00270396752255368,0.000680594676961742,0.993184675188197
full,DS03,11,10,TRA4,31.6227766016838,0.975888103361327,0.0129569601551018,0.00280012329887717,0.000996524931759329,0.993205773368991
full,DS03,11,10,TRA4,100,0.96763205819426,0.0150122220274849,0.0027311571862532,0.00246139545238499,0.993021169066817
full,DS03,11,10,TRA4,316.227766016838,0.895462763216122,0.0269788196377727,0.00268349585412221,0.00527252448514113,0.992491999049604
full,DS03,11,10,TRA4,1000,0.734301210457666,0.0430112658724288,0.00331517261451949,0.00684939391113359,0.993747411198101
full,DS03,11,10,MoE_K4,0.1,0.629974193497784,0.0507578763631646,0.00458226272919459,0.0006585927481691,0.985710156143942
full,DS03,11,10,MoE_K4,0.316227766016838,0.701146894859179,0.0456159078779661,0.00431539752371484,0.000648638788692037,0.98762848640371
full,DS03,11,10,MoE_K4,1,0.817537918235579,0.0356429588642817,0.00381282883277011,0.000631013620180046,0.990600099116133
full,DS03,11,10,MoE_K4,3.16227766016838,0.923427482042023,0.0230899982918378,0.00330239272486808,0.000621880901509575,0.992882256129216
full,DS03,11,10,MoE_K4,10,0.964665989920845,0.0156849775309195,0.00265767389304626,0.000678841460636297,0.99319096140657
full,DS03,11,10,MoE_K4,31.6227766016838,0.97510538974147,0.013165583212294,0.00275567895519359,0.00092194014516762,0.993076738290914
full,DS03,11,10,MoE_K4,100,0.963614653883298,0.0159166142822627,0.00271377622035952,0.00216846682775735,0.992945783427285
full,DS03,11,10,MoE_K4,316.227766016838,0.891082107429277,0.0275382952221372,0.00269120669279322,0.00479194865890028,0.992578012797571
full,DS03,11,10,MoE_K4,1000,0.731489697533876,0.0432382306104418,0.00331450908274401,0.0065043845600407,0.993603631933331
full,DS03,11,10,FreeMLP,0.1,0.594433860048831,0.0531396000311968,0.004296364189144,0.000681248219465714,0.987080568919426
full,DS03,11,10,FreeMLP,0.316227766016838,0.669576056171069,0.0479648611773949,0.0040254384690671,0.000670842327344488,0.988850525816073
full,DS03,11,10,FreeMLP,1,0.805797191397545,0.0367718254431909,0.00354488814376497,0.000650262667321441,0.991424106804102
full,DS03,11,10,FreeMLP,3.16227766016838,0.922786807784483,0.023186392882616,0.00287421992117071,0.000637972211460191,0.992776450945538
full,DS03,11,10,FreeMLP,10,0.964778068052515,0.0156600816979767,0.00275021965444322,0.000694158065219966,0.992716941249541
full,DS03,11,10,FreeMLP,31.6227766016838,0.975563712684314,0.0130438275369469,0.00287903467499351,0.000939095009885564,0.992596268270982
full,DS03,11,10,FreeMLP,100,0.964295641960566,0.015766963093885,0.00275887090474308,0.0021855453571853,0.992482616979057
full,DS03,11,10,FreeMLP,316.227766016838,0.8918283050344,0.0274438005256807,0.00269923912046603,0.00480907252122883,0.992481990444986
full,DS03,11,10,FreeMLP,1000,0.731663985750587,0.0432241955113929,0.00331831018134343,0.00651764516537127,0.993593370593781
full,DS03,11,10,MoE_dir,0.1,0.636862712612774,0.0502831943216725,0.00451901890578655,0.000391386367007717,0.987013332651564
full,DS03,11,10,MoE_dir,0.316227766016838,0.702351099002775,0.0455239123273811,0.00426101156536527,0.000387029094408016,0.988757019712224
full,DS03,11,10,MoE_dir,1,0.81819944268337,0.0355782876222364,0.00377090757571028,0.000380378735781388,0.991267878927378
full,DS03,11,10,MoE_dir,3.16227766016838,0.923118899077636,0.0231364772128611,0.00323363727926909,0.000391637222835415,0.993047977563242
full,DS03,11,10,MoE_dir,10,0.964473263032865,0.0157276956661122,0.00266579770897009,0.000465116519580038,0.99304318135683
full,DS03,11,10,MoE_dir,31.6227766016838,0.97489689202208,0.0132206005535908,0.00278370427268167,0.000750084094214264,0.992950801383623
full,DS03,11,10,MoE_dir,100,0.962799031836869,0.0160940207868764,0.00271639220546615,0.00203965301001263,0.992856822663745
full,DS03,11,10,MoE_dir,316.227766016838,0.890013065471699,0.0276731110289068,0.00269181985066465,0.00466335821840594,0.992581392063531
full,DS03,11,10,MoE_dir,1000,0.730724898980388,0.0432997646039234,0.00331243703062757,0.00648166891693995,0.993612354331806
full,DS03,11,100,Z_zero,NaN,0,0.0834425248239435,0.00529926525882134,0,0
full,DS03,11,100,H0,0.1,0.753536592779235,0.0414251090768834,0.00764169359843905,0.000570345443236093,0.981344174665957
full,DS03,11,100,H0,0.316227766016838,0.814558339127711,0.0359328025322572,0.00763911627453382,0.000557710368997309,0.977010652991445
full,DS03,11,100,H0,1,0.880028128304273,0.0289019505605137,0.00670729616851421,0.000547139512620721,0.978338861467081
full,DS03,11,100,H0,3.16227766016838,0.95063407198086,0.0185396311461196,0.0042584896383421,0.000533973797461772,0.989072140553869
full,DS03,11,100,H0,10,0.974612599831631,0.0132952513110657,0.00319939536287976,0.000562432132221091,0.994620513905779
full,DS03,11,100,H0,31.6227766016838,0.979886920942602,0.0118338678984729,0.00286283795009372,0.000850320814662586,0.995153308642381
full,DS03,11,100,H0,100,0.966893135414268,0.0151826109267654,0.00265566355641632,0.00215747965618964,0.99498898423731
full,DS03,11,100,H0,316.227766016838,0.892544119258737,0.0273528466496946,0.0025446676383288,0.00479722156891263,0.994702965831708
full,DS03,11,100,H0,1000,0.732369083648113,0.0431673687435472,0.00300629843099747,0.00642148348538185,0.995704485825078
full,DS03,11,100,TRA4,0.1,0.780307196709852,0.0391106786451809,0.00800189817665196,0.000501996125051764,0.973230129305263
full,DS03,11,100,TRA4,0.316227766016838,0.815859688200579,0.0358065001537376,0.00799902736046063,0.000495673873686285,0.974380472310663
full,DS03,11,100,TRA4,1,0.88291668475988,0.0285518952838738,0.00703504876164395,0.000481940751151151,0.978596221501361
full,DS03,11,100,TRA4,3.16227766016838,0.948751611666341,0.0188898079571852,0.00414967086047183,0.000469684107723908,0.988250329100143
full,DS03,11,100,TRA4,10,0.97261450880956,0.0138085381473839,0.00337904286771127,0.000507129397504894,0.993866657308041
full,DS03,11,100,TRA4,31.6227766016838,0.979611971512424,0.0119144788996104,0.0030202808657305,0.000849522326965666,0.994729522100057
full,DS03,11,100,TRA4,100,0.969079902784447,0.0146726264827146,0.00275859592354597,0.0023237964073586,0.994862197367147
full,DS03,11,100,TRA4,316.227766016838,0.894922074533108,0.0270484997325567,0.00258476020657446,0.00510745974879043,0.995100859803453
full,DS03,11,100,TRA4,1000,0.73233603648761,0.0431700338222824,0.00302013719811599,0.00667765702725905,0.995944641535674
full,DS03,11,100,MoE_K4,0.1,0.764075313319527,0.0405297691494259,0.00760439321387853,0.000486026730048166,0.975806693782789
full,DS03,11,100,MoE_K4,0.316227766016838,0.804567032690878,0.0368881053597434,0.00760201253745255,0.000478995583862875,0.975651520381811
full,DS03,11,100,MoE_K4,1,0.87612990882834,0.0293677493745903,0.006688118543483,0.000467987401669825,0.977918889230874
full,DS03,11,100,MoE_K4,3.16227766016838,0.947678341637267,0.0190865830765718,0.00404876288213548,0.000453893998518633,0.987743406719446
full,DS03,11,100,MoE_K4,10,0.97318661103099,0.0136635418323504,0.00321317209951391,0.000478778527962525,0.993784683602012
full,DS03,11,100,MoE_K4,31.6227766016838,0.978418444874779,0.012258259321764,0.00290397263794399,0.000764603093023875,0.994821584228009
full,DS03,11,100,MoE_K4,100,0.964683984144437,0.0156809831507946,0.0026896444652383,0.00201640824634969,0.994938378006772
full,DS03,11,100,MoE_K4,316.227766016838,0.890139847223616,0.0276571570560999,0.00256360384092699,0.00461615988293462,0.994966359012136
full,DS03,11,100,MoE_K4,1000,0.729166663712285,0.0434248669457527,0.00301709288871633,0.00634638527089242,0.995818582458686
full,DS03,11,100,FreeMLP,0.1,0.76162679195388,0.0407395434033078,0.007617286289706,0.000497205269786339,0.976830016779654
full,DS03,11,100,FreeMLP,0.316227766016838,0.801420577259696,0.0371838674765178,0.00761501215284544,0.000490350157239286,0.976853931951841
full,DS03,11,100,FreeMLP,1,0.877343189743128,0.0292235700584799,0.00655442862340356,0.000479951537593108,0.979342879603389
full,DS03,11,100,FreeMLP,3.16227766016838,0.949131803023311,0.0188196095449976,0.00368656921189459,0.000464392636955614,0.987710138174239
full,DS03,11,100,FreeMLP,10,0.974072630764551,0.0134358969079702,0.00317713697226367,0.000488853571936428,0.993720476311132
full,DS03,11,100,FreeMLP,31.6227766016838,0.979357687298151,0.0119885487316947,0.00288656550032832,0.000773243544675915,0.994735444894727
full,DS03,11,100,FreeMLP,100,0.965753253685716,0.0154417705497816,0.00267918352422125,0.00202390097391316,0.994860570297878
full,DS03,11,100,FreeMLP,316.227766016838,0.890867584332431,0.0275654013945656,0.00255705287697509,0.0046246613901869,0.994805117961759
full,DS03,11,100,FreeMLP,1000,0.72911807075037,0.0434287624194277,0.0030168070991646,0.0063598014248752,0.995790379570655
full,DS03,11,100,MoE_dir,0.1,0.760749421190159,0.0408144487479633,0.00755824563465207,0.000256410069053856,0.97683676088991
full,DS03,11,100,MoE_dir,0.316227766016838,0.801711891022048,0.0371565833103918,0.00755595766646158,0.000252820561762862,0.976587872747091
full,DS03,11,100,MoE_dir,1,0.875774107871867,0.0294098966781454,0.00664802137462222,0.000246110521797269,0.97877474138644
full,DS03,11,100,MoE_dir,3.16227766016838,0.948167767368493,0.0189971037542356,0.00391668096935169,0.000243475766504664,0.988002481696205
full,DS03,11,100,MoE_dir,10,0.973312457743111,0.0136314396954769,0.00322859572419485,0.000298349228149636,0.993918232073942
full,DS03,11,100,MoE_dir,31.6227766016838,0.978224987917594,0.0123130782357612,0.00290967947156751,0.000591331329868955,0.994889436487968
full,DS03,11,100,MoE_dir,100,0.963878853732727,0.015858722452366,0.00268845921192999,0.00184991969752387,0.994994591580887
full,DS03,11,100,MoE_dir,316.227766016838,0.888928256195243,0.0278092471436324,0.00256105423475084,0.00447926143590299,0.994806543020618
full,DS03,11,100,MoE_dir,1000,0.728407202685652,0.0434857095415493,0.00301813845790629,0.00628281731793703,0.995663677636928
full,DS03,11,1000,Z_zero,NaN,0,0.0834425248239435,0.00529926525882134,0,0
full,DS03,11,1000,H0,0.1,0.76860546426584,0.0401387631772545,0.0076419665928142,0.000497916125513524,0.980119468501025
full,DS03,11,1000,H0,0.316227766016838,0.847770676940182,0.0325564164118921,0.00602229757907793,0.000482539453067794,0.977461649601597
full,DS03,11,1000,H0,1,0.906173380067761,0.0255593892653683,0.00527210344916425,0.000471132897906834,0.981725564449715
full,DS03,11,1000,H0,3.16227766016838,0.955842068506175,0.0175344358407345,0.00428790329702006,0.000463590380643018,0.990046317275262
full,DS03,11,1000,H0,10,0.975245922130891,0.0131283701495329,0.00379886056947699,0.000498521526614848,0.994567909469971
full,DS03,11,1000,H0,31.6227766016838,0.980481619757982,0.0116576046762807,0.00323111752488887,0.000771069728531115,0.995786127944656
full,DS03,11,1000,H0,100,0.966632776407433,0.0152421935587038,0.00274337990757406,0.00211762434176497,0.995775972883023
full,DS03,11,1000,H0,316.227766016838,0.891471128014494,0.0274890721494681,0.00249279310602392,0.00477342742094865,0.99544693211942
full,DS03,11,1000,H0,1000,0.730975217911201,0.043279634129839,0.00291859065655187,0.00638777931714604,0.996402717368346
full,DS03,11,1000,TRA4,0.1,0.812928967962506,0.0360903179125559,0.00668013699223356,0.000445054109971398,0.978458611465462
full,DS03,11,1000,TRA4,0.316227766016838,0.855906335615429,0.0316745081326605,0.00633590095077793,0.000436441753361299,0.978462561378127
full,DS03,11,1000,TRA4,1,0.907635886657028,0.0253594055702599,0.00561172886693464,0.000425927904105505,0.981601937113398
full,DS03,11,1000,TRA4,3.16227766016838,0.953968998741381,0.0179024573374856,0.00443427096261948,0.000419617715951576,0.989816884251181
full,DS03,11,1000,TRA4,10,0.973553959490195,0.0135696225016359,0.00390794528923843,0.000462879276419936,0.994261994005095
full,DS03,11,1000,TRA4,31.6227766016838,0.980280479432678,0.0117175175472393,0.00319868737531524,0.000798583227768506,0.995606880973406
full,DS03,11,1000,TRA4,100,0.969049627277303,0.0146798080985722,0.00278362336706966,0.00233169012597778,0.995549395879627
full,DS03,11,1000,TRA4,316.227766016838,0.894049113490615,0.0271606234152479,0.0025035656192003,0.00514145320960533,0.995544522610157
full,DS03,11,1000,TRA4,1000,0.731116772205941,0.0432682462864154,0.00292271664693502,0.00667875338310316,0.996524589230814
full,DS03,11,1000,MoE_K4,0.1,0.823529935493206,0.0350528196866899,0.00694905575813041,0.000429390535384815,0.978055432392307
full,DS03,11,1000,MoE_K4,0.316227766016838,0.857906965726146,0.0314538514065366,0.00606588980415488,0.000422195204080822,0.978026299132717
full,DS03,11,1000,MoE_K4,1,0.906061446234966,0.0255746307162682,0.00536458396384691,0.000411228914785274,0.980183752111194
full,DS03,11,1000,MoE_K4,3.16227766016838,0.95432054083049,0.017833965135493,0.00415547216511538,0.000404338742095097,0.988539882152005
full,DS03,11,1000,MoE_K4,10,0.974500781902628,0.0133244983800951,0.00353763749732165,0.000439116133159048,0.99399953699076
full,DS03,11,1000,MoE_K4,31.6227766016838,0.97920835027207,0.0120318362221205,0.00299936188442937,0.000713953280038765,0.995486129620744
full,DS03,11,1000,MoE_K4,100,0.964591601016862,0.01570147968874,0.00267063458054782,0.00201889905088613,0.995479612993049
full,DS03,11,1000,MoE_K4,316.227766016838,0.889327412633396,0.027759233385418,0.00247912312596867,0.00465268095928865,0.995425603207595
full,DS03,11,1000,MoE_K4,1000,0.728096152994268,0.0435106040638955,0.00292297210389744,0.00635418655609898,0.996327790189843
full,DS03,11,1000,FreeMLP,0.1,0.818716383635359,0.0355276690574103,0.00640434950560085,0.000436911393104842,0.980221273552217
full,DS03,11,1000,FreeMLP,0.316227766016838,0.849739243949042,0.0323452283460458,0.00596672952999832,0.000430773248508491,0.979806725607168
full,DS03,11,1000,FreeMLP,1,0.903376986647605,0.0259374767875521,0.00520665203832226,0.000419300121416916,0.98151843109081
full,DS03,11,1000,FreeMLP,3.16227766016838,0.954098236659951,0.0178773079541401,0.00406954410826622,0.000411871809725443,0.988886350366042
full,DS03,11,1000,FreeMLP,10,0.975002480142312,0.013192767160445,0.00347080203059753,0.000445500102331187,0.993747087475732
full,DS03,11,1000,FreeMLP,31.6227766016838,0.979948294132451,0.0118157991305908,0.00296741147422185,0.000719671171185388,0.995315104782805
full,DS03,11,1000,FreeMLP,100,0.965543392795054,0.0154890111589176,0.00265391137653394,0.00202450447742995,0.995409779809946
full,DS03,11,1000,FreeMLP,316.227766016838,0.889996385519503,0.0276752093175446,0.00247241980239254,0.00465832044192741,0.995369012283914
full,DS03,11,1000,FreeMLP,1000,0.728049401131238,0.0435143445669998,0.00292339237620948,0.00636572895947132,0.996292262326929
full,DS03,11,1000,MoE_dir,0.1,0.829507103468087,0.0344540739217632,0.00642175889879886,0.00021369623868026,0.97873824982236
full,DS03,11,1000,MoE_dir,0.316227766016838,0.8597861064382,0.0312451749863214,0.00597439099623551,0.000208237788054025,0.978464971216767
full,DS03,11,1000,MoE_dir,1,0.907383241844633,0.025394064848509,0.00529182449509784,0.000199675337586801,0.980554427634352
full,DS03,11,1000,MoE_dir,3.16227766016838,0.954813684134647,0.0177374385351077,0.0041381112939651,0.000195768467627055,0.988578473751958
full,DS03,11,1000,MoE_dir,10,0.974692933885055,0.0132741993781076,0.0035546314037126,0.000248098104977462,0.993996344939762
full,DS03,11,1000,MoE_dir,31.6227766016838,0.978974069407555,0.0120994338585199,0.00305951501694132,0.000534760974433199,0.995498553571623
full,DS03,11,1000,MoE_dir,100,0.963779427584182,0.0158805336115134,0.00270028878396838,0.00187413183656406,0.995491262727122
full,DS03,11,1000,MoE_dir,316.227766016838,0.888109489957876,0.0279115569879272,0.00247983687753772,0.0045297453371406,0.995329145284454
full,DS03,11,1000,MoE_dir,1000,0.727313133747925,0.0435732091867903,0.00292302451500135,0.00629114191123541,0.996177624355628
highTRA,DS03,11,1,Z_zero,NaN,0,0.0834463452709809,0.00530352487403731,0,0
highTRA,DS03,11,1,H0,0.1,-0.0510081833004887,0.0855481001617936,0.0106491540086839,0.000896516204091357,0.967654376417706
highTRA,DS03,11,1,H0,0.316227766016838,0.344648235164541,0.0675529870142996,0.0106535522509381,0.000874613730700534,0.973672135558088
highTRA,DS03,11,1,H0,1,0.613923784189867,0.0518494130445889,0.0106451358945686,0.000851877279591744,0.976517537341027
highTRA,DS03,11,1,H0,3.16227766016838,0.796321868010882,0.0376599311849391,0.010602988498193,0.000828840011632967,0.976876463444154
highTRA,DS03,11,1,H0,10,0.895344738949722,0.026995281040346,0.00993862449142806,0.00082061953111518,0.974194312411832
highTRA,DS03,11,1,H0,31.6227766016838,0.947674684564864,0.019088124019261,0.00628142465007237,0.000948578863873207,0.972899716974115
highTRA,DS03,11,1,H0,100,0.962661675664269,0.0161244434095842,0.00416073795663194,0.00188855811336175,0.969855464210901
highTRA,DS03,11,1,H0,316.227766016838,0.91482850179112,0.0243531118754972,0.00315124526079721,0.0046217379309314,0.964662286653752
highTRA,DS03,11,1,H0,1000,0.764954463958927,0.0404560357358423,0.00293285699626662,0.00678275884975633,0.977510393845929
highTRA,DS03,11,1,TRA4,0.1,0.0129335693053665,0.082904959516521,0.0100255549739667,0.00077544049729009,0.955788882641035
highTRA,DS03,11,1,TRA4,0.316227766016838,0.369977739817642,0.0662346533453939,0.0100309352028282,0.000755457087722979,0.964153510978849
highTRA,DS03,11,1,TRA4,1,0.593724206755618,0.0531885062763464,0.0100214330230171,0.000743201537413666,0.967225558508297
highTRA,DS03,11,1,TRA4,3.16227766016838,0.794822627473911,0.0377982812744141,0.00997137933486599,0.000727783862972855,0.968909554116979
highTRA,DS03,11,1,TRA4,10,0.892688766179123,0.0273356820625494,0.00980127764319202,0.000715773409812135,0.966442583056391
highTRA,DS03,11,1,TRA4,31.6227766016838,0.946096347931938,0.0193738715355218,0.00654399580991573,0.000803300131052265,0.966827936618148
highTRA,DS03,11,1,TRA4,100,0.959796606109937,0.0167316464438058,0.00421452636125047,0.00159493582116684,0.967321009804251
highTRA,DS03,11,1,TRA4,316.227766016838,0.910832481289617,0.0249178554005882,0.00314083988059418,0.00413842331690382,0.965712835407833
highTRA,DS03,11,1,TRA4,1000,0.760604943409351,0.0408286395983408,0.00292695117405689,0.00648808324593862,0.978748221879786
highTRA,DS03,11,1,MoE_K4,0.1,0.377363630618581,0.0658452669937318,0.00949828105945717,0.000715049931442121,0.966895672711335
highTRA,DS03,11,1,MoE_K4,0.316227766016838,0.50972018059586,0.0584291178139819,0.00949577331459761,0.000710276206679681,0.970760443294553
highTRA,DS03,11,1,MoE_K4,1,0.677041387598616,0.0474220971295809,0.00948676842102867,0.00069844089386191,0.971894964214617
highTRA,DS03,11,1,MoE_K4,3.16227766016838,0.828996862985867,0.0345071712565726,0.00944749480187873,0.000685713301293597,0.97352267788368
highTRA,DS03,11,1,MoE_K4,10,0.90092430521068,0.0262658151659341,0.00932534703142437,0.000676432258476133,0.970977542591013
highTRA,DS03,11,1,MoE_K4,31.6227766016838,0.947500629347093,0.019119845082374,0.00667770454815061,0.000711017126684252,0.970431443314903
highTRA,DS03,11,1,MoE_K4,100,0.957125022085718,0.0172786288178172,0.00421480665891191,0.00137133669160913,0.970385319828964
highTRA,DS03,11,1,MoE_K4,316.227766016838,0.906389833865956,0.0255310589561729,0.003123071980964,0.0036296227590807,0.967355717749814
highTRA,DS03,11,1,MoE_K4,1000,0.756492523136519,0.0411778313762951,0.00289056958420245,0.00611208828635884,0.97535108900905
highTRA,DS03,11,1,FreeMLP,0.1,0.043459673858748,0.0816129286103135,0.00969252001646011,0.000756297961651677,0.964243576943003
highTRA,DS03,11,1,FreeMLP,0.316227766016838,0.467415403163555,0.0608978025020784,0.00968986096466503,0.000738788672855266,0.972200617991447
highTRA,DS03,11,1,FreeMLP,1,0.630708310458193,0.0507098221899081,0.00968107355878572,0.000726888302102877,0.97325991313002
highTRA,DS03,11,1,FreeMLP,3.16227766016838,0.820343853741112,0.0353694543758461,0.00964445154889769,0.000708311587623568,0.975144205494111
highTRA,DS03,11,1,FreeMLP,10,0.898923222831306,0.0265297412036642,0.00951173297085174,0.000694221401730289,0.971142372224198
highTRA,DS03,11,1,FreeMLP,31.6227766016838,0.947538708969211,0.0191129096797269,0.00692466817205086,0.00073410333318903,0.969227416928051
highTRA,DS03,11,1,FreeMLP,100,0.958839458478308,0.0169296453501733,0.00424522609449162,0.00139233627061559,0.969127408732901
highTRA,DS03,11,1,FreeMLP,316.227766016838,0.908252312502192,0.0252757984608137,0.00311679691210939,0.00366836670826438,0.965668284319899
highTRA,DS03,11,1,FreeMLP,1000,0.75730296969426,0.0411092498154095,0.0028842570618347,0.00615405297808679,0.973901567024737
highTRA,DS03,11,1,MoE_dir,0.1,0.323556877398521,0.0686314166306175,0.00948073920974746,0.000576896103519105,0.962680167361267
highTRA,DS03,11,1,MoE_dir,0.316227766016838,0.503404638565194,0.0588042411329539,0.00947824154913679,0.000568593555524771,0.971576139786245
highTRA,DS03,11,1,MoE_dir,1,0.677423007729973,0.0473940709746901,0.00946925606964939,0.000558055233199019,0.972070669356995
highTRA,DS03,11,1,MoE_dir,3.16227766016838,0.830540517017293,0.0343510691759437,0.0094302013114448,0.000546229773805695,0.974008333344737
highTRA,DS03,11,1,MoE_dir,10,0.903583905442815,0.0259108755521237,0.00931071588274812,0.000539848844014609,0.971795782093899
highTRA,DS03,11,1,MoE_dir,31.6227766016838,0.949026128131636,0.0188400101292221,0.0066588398457297,0.00058432042987075,0.971885763037265
highTRA,DS03,11,1,MoE_dir,100,0.957511915354136,0.0172004930980045,0.00433838083672327,0.00119024240219512,0.971652838068553
highTRA,DS03,11,1,MoE_dir,316.227766016838,0.905825678350317,0.0256078767436215,0.00313364939129469,0.00351596039000168,0.967759324627437
highTRA,DS03,11,1,MoE_dir,1000,0.755989884721869,0.0412203082858096,0.00288657434500032,0.00606838267372132,0.975044152372821
highTRA,DS03,11,10,Z_zero,NaN,0,0.0834463452709809,0.00530352487403731,0,0
highTRA,DS03,11,10,H0,0.1,-0.370044679049665,0.0976730356436102,0.00997152925217623,0.000796721723433613,0.978337482381433
highTRA,DS03,11,10,H0,0.316227766016838,0.393990204416853,0.0649601684741951,0.00998448656519706,0.000748355824580815,0.983123381500053
highTRA,DS03,11,10,H0,1,0.676490054694344,0.0474625577530991,0.00955897892198354,0.000724270214957102,0.981451831468306
highTRA,DS03,11,10,H0,3.16227766016838,0.871172752632453,0.0299509901409809,0.00882453524765343,0.000710365964249273,0.987735632648936
highTRA,DS03,11,10,H0,10,0.943207709208201,0.0198862096626786,0.00747401223235799,0.000723425241065467,0.990415434760037
highTRA,DS03,11,10,H0,31.6227766016838,0.965288040216349,0.0155470103421357,0.00615049180367184,0.00083597784513528,0.990651422939793
highTRA,DS03,11,10,H0,100,0.972488507162701,0.0138409021675981,0.00477266409997299,0.00184414839660085,0.991881088302998
highTRA,DS03,11,10,H0,316.227766016838,0.920541156697328,0.0235222271635515,0.00347631650403942,0.00481195067099915,0.99120056023358
highTRA,DS03,11,10,H0,1000,0.768613185543832,0.0401399312249659,0.00285930887797804,0.00677852628946723,0.991786588427878
highTRA,DS03,11,10,TRA4,0.1,-0.289021162054345,0.094740864680739,0.0093932767395047,0.000681541830815604,0.967417151715499
highTRA,DS03,11,10,TRA4,0.316227766016838,0.432213654095942,0.0628781553977799,0.00940826988201754,0.000631781252567688,0.981410882561305
highTRA,DS03,11,10,TRA4,1,0.701089142676319,0.0456224039552183,0.0090642532369255,0.000608405852858848,0.981081393681227
highTRA,DS03,11,10,TRA4,3.16227766016838,0.873140633767865,0.0297213539125848,0.00838178869587268,0.000592826853239367,0.98697809308243
highTRA,DS03,11,10,TRA4,10,0.944597448753193,0.0196413892518604,0.00722269411475977,0.000594655691700363,0.990433974274922
highTRA,DS03,11,10,TRA4,31.6227766016838,0.965487385118907,0.0155023041418296,0.00600892162872329,0.00067778870674369,0.991047968154711
highTRA,DS03,11,10,TRA4,100,0.968661619543665,0.0147722141474649,0.00468457038073418,0.00151296871892974,0.992160839374454
highTRA,DS03,11,10,TRA4,316.227766016838,0.915557398563173,0.0242486811304425,0.00341479647403183,0.004344830615247,0.991655994008658
highTRA,DS03,11,10,TRA4,1000,0.763285629939507,0.0405994015588425,0.00283257847359697,0.00651674280904497,0.991573856545438
highTRA,DS03,11,10,MoE_K4,0.1,0.158235417030473,0.0765601269608186,0.00866079859003547,0.000660772992071984,0.979628299747302
highTRA,DS03,11,10,MoE_K4,0.316227766016838,0.53516906946803,0.0568924753417236,0.00859800173351667,0.000630379147024946,0.983854855997251
highTRA,DS03,11,10,MoE_K4,1,0.736837800110088,0.0428074220557872,0.00824182877970507,0.000612150457414228,0.983692952858874
highTRA,DS03,11,10,MoE_K4,3.16227766016838,0.88480986118178,0.0283214165289968,0.00766553794716155,0.000596524922622827,0.988934017933302
highTRA,DS03,11,10,MoE_K4,10,0.947821219259777,0.0190613775637251,0.00665754742844877,0.000597997909411645,0.991479865694993
highTRA,DS03,11,10,MoE_K4,31.6227766016838,0.966381580543044,0.0153001597828393,0.00559137450115058,0.000664815204095685,0.991537458743658
highTRA,DS03,11,10,MoE_K4,100,0.965704527433663,0.0154534594264691,0.00443618048234891,0.00133154631710213,0.992331981261561
highTRA,DS03,11,10,MoE_K4,316.227766016838,0.910815394251908,0.0249202427718274,0.00331488735552803,0.00388633543300107,0.991683104776405
highTRA,DS03,11,10,MoE_K4,1000,0.759482820759856,0.0409242162994524,0.00281542006253841,0.00616170225090187,0.991496245424471
highTRA,DS03,11,10,FreeMLP,0.1,-0.214182594875243,0.0919494894166364,0.0089213836103175,0.000685630566547784,0.979951039646106
highTRA,DS03,11,10,FreeMLP,0.316227766016838,0.459273610530788,0.0613615191588072,0.0088956901079431,0.000637537343203341,0.984600000726469
highTRA,DS03,11,10,FreeMLP,1,0.711082535404529,0.0448532811021517,0.00851182916922642,0.000616579985303022,0.984148025928112
highTRA,DS03,11,10,FreeMLP,3.16227766016838,0.879230290046638,0.0289992210285993,0.0078604477909505,0.000600132467463787,0.988987326575622
highTRA,DS03,11,10,FreeMLP,10,0.949001436043423,0.0188445726909055,0.00683124197481776,0.000600933633692597,0.991510144509726
highTRA,DS03,11,10,FreeMLP,31.6227766016838,0.968593272794133,0.0147883139414084,0.00566431416541321,0.000670706972590969,0.991503199457521
highTRA,DS03,11,10,FreeMLP,100,0.968327068228932,0.0148508548404592,0.00444603218752256,0.00135114337088612,0.992258351592027
highTRA,DS03,11,10,FreeMLP,316.227766016838,0.913222127749471,0.0245816946201777,0.00330092360718546,0.00392936456925101,0.991401962124049
highTRA,DS03,11,10,FreeMLP,1000,0.760742058421444,0.0408169454946165,0.00279472452437896,0.00620558617869001,0.991211777522689
highTRA,DS03,11,10,MoE_dir,0.1,0.234148263264676,0.0730263629414298,0.00892251639696171,0.000460408015744875,0.97810655149775
highTRA,DS03,11,10,MoE_dir,0.316227766016838,0.56073156747268,0.0553060087049545,0.00885245588537908,0.000435864356076905,0.984989185117731
highTRA,DS03,11,10,MoE_dir,1,0.741202547085427,0.042450940778903,0.00846681254582048,0.000418832492872581,0.984166768888981
highTRA,DS03,11,10,MoE_dir,3.16227766016838,0.888304016487544,0.0278885605336294,0.00792018805160975,0.000403146123340203,0.989277718980697
highTRA,DS03,11,10,MoE_dir,10,0.94928513762315,0.0187920840464644,0.00689641158393812,0.000409642403463492,0.991729786335782
highTRA,DS03,11,10,MoE_dir,31.6227766016838,0.967434300391936,0.015058701574534,0.00578033985636852,0.00048076907455176,0.991657142614904
highTRA,DS03,11,10,MoE_dir,100,0.966118168785283,0.0153599838055882,0.00454438306919802,0.001199338353777,0.992382739847287
highTRA,DS03,11,10,MoE_dir,316.227766016838,0.91038933961868,0.0249796966125614,0.00335629775296489,0.00380257247801268,0.991855153576656
highTRA,DS03,11,10,MoE_dir,1000,0.759060617726493,0.0409601196648223,0.00283226309813227,0.00611723719444254,0.991659196172087
highTRA,DS03,11,100,Z_zero,NaN,0,0.0834463452709809,0.00530352487403731,0,0
highTRA,DS03,11,100,H0,0.1,-0.56366730376959,0.104346887207755,0.0102664634013964,0.000764213359287578,0.96457904429089
highTRA,DS03,11,100,H0,0.316227766016838,0.433855632289233,0.0627871710759824,0.0102629064082707,0.000728720180913774,0.984744739280004
highTRA,DS03,11,100,H0,1,0.727142411978501,0.0435888426882671,0.00948755388126477,0.000714641367362201,0.98725067258476
highTRA,DS03,11,100,H0,3.16227766016838,0.882679786962602,0.0285820741746821,0.00790013354549455,0.000712161884649092,0.990325314250961
highTRA,DS03,11,100,H0,10,0.945498892663388,0.0194809433572616,0.00688635825326829,0.00073109585011244,0.991608700733455
highTRA,DS03,11,100,H0,31.6227766016838,0.965563183025056,0.015485271412262,0.00584855705625231,0.000834950781744825,0.992170315573464
highTRA,DS03,11,100,H0,100,0.972514652259668,0.0138343238669035,0.00457770525174928,0.00188327606036237,0.993402450995476
highTRA,DS03,11,100,H0,316.227766016838,0.920004509630781,0.0236015254008789,0.0033378574116141,0.00472738025505628,0.992721909277768
highTRA,DS03,11,100,H0,1000,0.767971246768472,0.0401955729680522,0.00260960254891026,0.00668601285448157,0.992944274955189
highTRA,DS03,11,100,TRA4,0.1,-0.348740470764068,0.0969106519286284,0.00964028476989186,0.000629906258750446,0.966279102942686
highTRA,DS03,11,100,TRA4,0.316227766016838,0.449091186700671,0.0619365742462618,0.00963737212682052,0.000596743498026274,0.983539060924367
highTRA,DS03,11,100,TRA4,1,0.748238529014997,0.0418699029439838,0.00898823354905278,0.000579102749448789,0.985150442463044
highTRA,DS03,11,100,TRA4,3.16227766016838,0.896734991900793,0.0268153773131319,0.00754094683500446,0.00057018513056486,0.990178119636543
highTRA,DS03,11,100,TRA4,10,0.949250522711619,0.0187984961250783,0.00656578853198572,0.000582042277370782,0.992680403320581
highTRA,DS03,11,100,TRA4,31.6227766016838,0.966873566675287,0.0151877926643878,0.00568604730020802,0.000665811000506429,0.9933050580133
highTRA,DS03,11,100,TRA4,100,0.96892884618428,0.0147090969656782,0.00449898784099775,0.00151999223450336,0.993840134493089
highTRA,DS03,11,100,TRA4,316.227766016838,0.914979213546028,0.0243315558068524,0.00328202203012149,0.00424633936738923,0.993204185220601
highTRA,DS03,11,100,TRA4,1000,0.7627600243322,0.0406444504519375,0.00259691273528886,0.00642068552507231,0.992935711701264
highTRA,DS03,11,100,MoE_K4,0.1,0.271274444990864,0.071234326137297,0.00915618946258135,0.000603375189039297,0.984207356450123
highTRA,DS03,11,100,MoE_K4,0.316227766016838,0.591577157223865,0.0533288639846607,0.00899732961185168,0.000583762454973779,0.984837191001422
highTRA,DS03,11,100,MoE_K4,1,0.799700191595463,0.037346300505448,0.007939097957839,0.000569719081540758,0.986937295412286
highTRA,DS03,11,100,MoE_K4,3.16227766016838,0.909852109251335,0.0250544633760996,0.00698447192207638,0.000562200706197098,0.990914938909305
highTRA,DS03,11,100,MoE_K4,10,0.953241589942316,0.0180441815523479,0.00618924305346402,0.000572816432986592,0.992958938049866
highTRA,DS03,11,100,MoE_K4,31.6227766016838,0.967795557081197,0.0149749443104756,0.00539922120914493,0.000640217901208662,0.993241391045541
highTRA,DS03,11,100,MoE_K4,100,0.965833155770698,0.0154244523891753,0.00432355785405338,0.00132286375687777,0.993842579576978
highTRA,DS03,11,100,MoE_K4,316.227766016838,0.910258654850215,0.0249979046947707,0.00315765145988213,0.00381673572469193,0.993111461741277
highTRA,DS03,11,100,MoE_K4,1000,0.758904510111212,0.0409733868010608,0.00258064190141474,0.00607995369877136,0.99268936476681
highTRA,DS03,11,100,FreeMLP,0.1,-0.201509216906297,0.091468356089546,0.00932136004448325,0.000623048225417521,0.971177245935605
highTRA,DS03,11,100,FreeMLP,0.316227766016838,0.465515736242211,0.0610063134936237,0.00931874424152507,0.000593472433958999,0.985612165283411
highTRA,DS03,11,100,FreeMLP,1,0.761291171906192,0.0407700797359907,0.00841522547968229,0.000575186173017964,0.987820396092415
highTRA,DS03,11,100,FreeMLP,3.16227766016838,0.901648684061602,0.0261696194944236,0.00719805814455384,0.000565935893874949,0.990900629088126
highTRA,DS03,11,100,FreeMLP,10,0.952909606066636,0.0181081249371301,0.00634295277498364,0.000575453975052843,0.992710413135372
highTRA,DS03,11,100,FreeMLP,31.6227766016838,0.969233451711785,0.0146368191950536,0.00548304046573534,0.000643587660613321,0.992908339646459
highTRA,DS03,11,100,FreeMLP,100,0.968195934672208,0.0148815661410197,0.00436159308819925,0.00133640783793699,0.993677420845477
highTRA,DS03,11,100,FreeMLP,316.227766016838,0.912643464440347,0.0246635178411909,0.00313509304124515,0.00385970132474767,0.992884507988645
highTRA,DS03,11,100,FreeMLP,1000,0.760127544184683,0.0408693293547924,0.00256270622076623,0.00612515021202073,0.992451551692697
highTRA,DS03,11,100,MoE_dir,0.1,0.324421286665056,0.0685875514516229,0.00912335116709719,0.000415994422716827,0.985873772955486
highTRA,DS03,11,100,MoE_dir,0.316227766016838,0.607179607848686,0.052300318410763,0.00887555477525791,0.000400079854168424,0.983263443923104
highTRA,DS03,11,100,MoE_dir,1,0.805161451443309,0.0368336505316906,0.00780570718030574,0.000388170669232896,0.98762615992841
highTRA,DS03,11,100,MoE_dir,3.16227766016838,0.913003057947467,0.0246127031737171,0.0069125473628242,0.000383036978015833,0.990975251829389
highTRA,DS03,11,100,MoE_dir,10,0.955166329110433,0.0176688982680035,0.00613901915738178,0.000395965627358328,0.993031333845463
highTRA,DS03,11,100,MoE_dir,31.6227766016838,0.969152226851986,0.0146561273400893,0.00535205198997151,0.000473009105603172,0.993372370317886
highTRA,DS03,11,100,MoE_dir,100,0.966423166524366,0.0152906937065308,0.0042887747546483,0.00121390482234743,0.993834863608677
highTRA,DS03,11,100,MoE_dir,316.227766016838,0.909818865613418,0.0250590825897557,0.00321833422432549,0.00372357183667452,0.993242310407826
highTRA,DS03,11,100,MoE_dir,1000,0.758486926351157,0.041008854944148,0.00259084128030984,0.00603527644817858,0.992899795336544
highTRA,DS03,11,1000,Z_zero,NaN,0,0.0834463452709809,0.00530352487403731,0,0
highTRA,DS03,11,1000,H0,0.1,-0.472651084984888,0.10126450667805,0.0102721556088331,0.000760878174780179,0.963045702825076
highTRA,DS03,11,1000,H0,0.316227766016838,0.479217491112597,0.060219273979524,0.0102686184056284,0.000725579972122143,0.98389183012584
highTRA,DS03,11,1000,H0,1,0.751525314114189,0.0415956960078786,0.0102382985239152,0.00071172171652727,0.984665032279644
highTRA,DS03,11,1000,H0,3.16227766016838,0.888863569677785,0.0278186174365851,0.00878352913211348,0.000709311395171363,0.988860954776776
highTRA,DS03,11,1000,H0,10,0.947502152199824,0.019119567775055,0.00763154558044294,0.000729696919743411,0.991331566327258
highTRA,DS03,11,1000,H0,31.6227766016838,0.966136109413753,0.0153559166663395,0.0063920592848769,0.000837072974194683,0.992374243741325
highTRA,DS03,11,1000,H0,100,0.972451395098218,0.0138502344736378,0.00503859208752482,0.00188479589563317,0.993672548779899
highTRA,DS03,11,1000,H0,316.227766016838,0.919919106117263,0.0236141205827534,0.00351545131221759,0.00472317435364955,0.993057705991386
highTRA,DS03,11,1000,H0,1000,0.767997516079113,0.0401932975175615,0.00266913923734247,0.00670428210642572,0.993392078470809
highTRA,DS03,11,1000,TRA4,0.1,-0.360292965042342,0.0973248059563823,0.00965730279732334,0.000631562507581636,0.955237427899071
highTRA,DS03,11,1000,TRA4,0.316227766016838,0.486829409583951,0.0597775622079161,0.00965251589845542,0.000595463136240038,0.983673701496972
highTRA,DS03,11,1000,TRA4,1,0.765689119722576,0.0403927617830464,0.00962836032595887,0.000578332149386432,0.9848573790127
highTRA,DS03,11,1000,TRA4,3.16227766016838,0.89816056361294,0.0266296411462586,0.00838087875949659,0.000570769562482796,0.989192694794785
highTRA,DS03,11,1000,TRA4,10,0.950175577975999,0.0186263798453668,0.0072647896496104,0.000581275351488956,0.992352199801685
highTRA,DS03,11,1000,TRA4,31.6227766016838,0.966827517857247,0.0151983452193824,0.00622511249128211,0.000667185980572732,0.993346506399529
highTRA,DS03,11,1000,TRA4,100,0.968873823744013,0.0147221150278593,0.00497772007743521,0.00151330780906926,0.994180124790125
highTRA,DS03,11,1000,TRA4,316.227766016838,0.915013203597694,0.0243266916227589,0.00343271394000115,0.00425810714243744,0.99354390972802
highTRA,DS03,11,1000,TRA4,1000,0.76279167101304,0.0406417394736424,0.00265187504392597,0.00644578820146352,0.99335165419071
highTRA,DS03,11,1000,MoE_K4,0.1,0.282406386516704,0.0706881479094084,0.00917059436954956,0.000599426763953873,0.98539618437346
highTRA,DS03,11,1000,MoE_K4,0.316227766016838,0.615662151295548,0.0517325514001699,0.00916174350549059,0.000581515297686363,0.986516360216334
highTRA,DS03,11,1000,MoE_K4,1,0.801384426661419,0.0371889545426378,0.00886588716517452,0.000568192227408953,0.98648859982144
highTRA,DS03,11,1000,MoE_K4,3.16227766016838,0.908289713412396,0.0252706461008162,0.00781407246912132,0.000561401225427617,0.989921875928112
highTRA,DS03,11,1000,MoE_K4,10,0.953443656297806,0.0180051503950538,0.0068817431819023,0.000570853583147423,0.992427199566001
highTRA,DS03,11,1000,MoE_K4,31.6227766016838,0.967507692234658,0.0150417234464679,0.00590441915917154,0.000640480289956198,0.993120505335678
highTRA,DS03,11,1000,MoE_K4,100,0.965652724559166,0.0154651261493405,0.00480553548248904,0.00131608333384683,0.994037212347129
highTRA,DS03,11,1000,MoE_K4,316.227766016838,0.910261913241972,0.0249974508699153,0.0033275329065261,0.00382145728408386,0.993398509203278
highTRA,DS03,11,1000,MoE_K4,1000,0.758948278697835,0.0409696674684658,0.00263945587452037,0.0060964388687596,0.993115958786996
highTRA,DS03,11,1000,FreeMLP,0.1,-0.171398733567715,0.0903149603429257,0.00933920485872346,0.000621627439537425,0.972479091424052
highTRA,DS03,11,1000,FreeMLP,0.316227766016838,0.528507545782752,0.0572986901131715,0.00933095089207528,0.000589167094148566,0.984939701300661
highTRA,DS03,11,1000,FreeMLP,1,0.772571483084589,0.0397951164718985,0.00931042511860606,0.000573013653258997,0.985999065059623
highTRA,DS03,11,1000,FreeMLP,3.16227766016838,0.901576883352339,0.026179170227989,0.00803274556121877,0.000564374837826839,0.989564953037205
highTRA,DS03,11,1000,FreeMLP,10,0.953505687834826,0.0179931513918376,0.00702299754838381,0.000573885187449527,0.992182972264319
highTRA,DS03,11,1000,FreeMLP,31.6227766016838,0.969153296800403,0.0146558731655635,0.00598823773381429,0.000644381681395354,0.992750945504029
highTRA,DS03,11,1000,FreeMLP,100,0.968115995478872,0.014900256735979,0.00484210625828358,0.00132877358572177,0.993880110947618
highTRA,DS03,11,1000,FreeMLP,316.227766016838,0.912677025659058,0.0246587796883561,0.00330210456510922,0.00386284326844533,0.993170571709995
highTRA,DS03,11,1000,FreeMLP,1000,0.760154789141781,0.0408670082989202,0.00261939707748343,0.00614103108163473,0.992839466743826
highTRA,DS03,11,1000,MoE_dir,0.1,0.308617463491704,0.0693851486855871,0.00913519547253301,0.000416658181020975,0.984513483187448
highTRA,DS03,11,1000,MoE_dir,0.316227766016838,0.629084109055166,0.0508212146258211,0.00912684586538631,0.00039888708053026,0.986360177169544
highTRA,DS03,11,1000,MoE_dir,1,0.808996434944675,0.0364693528800299,0.00875244316670809,0.000385493707357439,0.986251377920799
highTRA,DS03,11,1000,MoE_dir,3.16227766016838,0.911609037827134,0.0248091137975695,0.00774446983907182,0.000381962179086797,0.990040763093749
highTRA,DS03,11,1000,MoE_dir,10,0.955244097142969,0.0176535674707499,0.0068164969154626,0.000395157931949045,0.9924968473213
highTRA,DS03,11,1000,MoE_dir,31.6227766016838,0.968870157274672,0.0147229820889698,0.00584979183072845,0.000474816111777158,0.993229465971222
highTRA,DS03,11,1000,MoE_dir,100,0.966267129330124,0.0153261817377136,0.00477062247805432,0.00120374250909327,0.994052751728459
highTRA,DS03,11,1000,MoE_dir,316.227766016838,0.90979147225029,0.0250628882661453,0.00339550731037345,0.00372644958368663,0.993521692928122
highTRA,DS03,11,1000,MoE_dir,1000,0.75852684353752,0.041005465840351,0.0026509256265446,0.00605165807994532,0.99331755918946
full,DS03,12,1,Z_zero,NaN,0,0.0743627218988371,0.00684254205739459,0,0
full,DS03,12,1,H0,0.1,-0.695898273355675,0.0968400883252909,0.00878561308883529,0.00336207670015988,0.990499736138358
full,DS03,12,1,H0,0.316227766016838,-0.422191933384629,0.08868177628161,0.00861875783546454,0.00333744057542537,0.961175777815605
full,DS03,12,1,H0,1,0.182644600525904,0.0672296338279112,0.00822791397868885,0.00326560407014292,0.980628235159889
full,DS03,12,1,H0,3.16227766016838,0.567331140821328,0.0489139907538458,0.00786912579240248,0.00326726519947044,0.983410245325194
full,DS03,12,1,H0,10,0.815224703275515,0.031965185719892,0.00663229271521921,0.00333392510071949,0.984811288419688
full,DS03,12,1,H0,31.6227766016838,0.887101990008229,0.0249860969803215,0.00504131794710997,0.00368647331739223,0.983740417043624
full,DS03,12,1,H0,100,0.875946508424195,0.0261914639740484,0.00422125485222019,0.00441347579498807,0.979536708348808
full,DS03,12,1,H0,316.227766016838,0.795085507641857,0.0336621317253055,0.00430833978010884,0.00569924418067863,0.982353112827715
full,DS03,12,1,H0,1000,0.640919583465191,0.0445606110938574,0.00493650611654387,0.0058850555536774,0.985993038632061
full,DS03,12,1,TRA4,0.1,0.410524538835331,0.0570936940338507,0.00933089032380946,0.00374530429131724,0.975942935155422
full,DS03,12,1,TRA4,0.316227766016838,0.474888113673719,0.0538866521035232,0.00924027276438215,0.00373683559134094,0.977516835333081
full,DS03,12,1,TRA4,1,0.596976788351352,0.0472085115483983,0.00910751289797326,0.00372696024772504,0.979931689221624
full,DS03,12,1,TRA4,3.16227766016838,0.759934139688099,0.0364351431075903,0.00864356846293554,0.00374164132339307,0.982078350004009
full,DS03,12,1,TRA4,10,0.870221993802486,0.0267889583324729,0.00725167406887861,0.00386784793215319,0.982185923532243
full,DS03,12,1,TRA4,31.6227766016838,0.911373869659338,0.0221378872637192,0.00529737667921428,0.00415543773446388,0.981434049707003
full,DS03,12,1,TRA4,100,0.898892439344559,0.0236454233561338,0.00416831897169456,0.00525570596148878,0.981098460261478
full,DS03,12,1,TRA4,316.227766016838,0.812493933289294,0.0322005240535381,0.0042911103260472,0.00671766019760317,0.985086767093231
full,DS03,12,1,TRA4,1000,0.649659478758543,0.0440149754303991,0.00495222992776075,0.00672223992819555,0.987776575095201
full,DS03,12,1,MoE_K4,0.1,0.104954898399472,0.0703522089121786,0.00901407737895052,0.0037633344039302,0.981065322134316
full,DS03,12,1,MoE_K4,0.316227766016838,0.203796679714471,0.0663540246885945,0.00891035797640627,0.00375139099403569,0.982762011488137
full,DS03,12,1,MoE_K4,1,0.411194620437173,0.057061234402477,0.00875366441493197,0.00372765661579696,0.984907742377741
full,DS03,12,1,MoE_K4,3.16227766016838,0.672170229118125,0.0425774328777668,0.00855203084310382,0.0037142222292006,0.985056397573906
full,DS03,12,1,MoE_K4,10,0.84098843867294,0.0296530676810571,0.00726060271998618,0.00378183515092595,0.984287961662922
full,DS03,12,1,MoE_K4,31.6227766016838,0.902710941769239,0.0231946208411571,0.00570903334690588,0.00410414214298158,0.982993937279766
full,DS03,12,1,MoE_K4,100,0.893877993503799,0.0242246775117892,0.00440086265742371,0.00481053420564432,0.981565495329986
full,DS03,12,1,MoE_K4,316.227766016838,0.808183999256443,0.0325684952774264,0.00440660234710322,0.00629885215989764,0.985677817308149
full,DS03,12,1,MoE_K4,1000,0.647820828249044,0.0441303235680152,0.00499377657975485,0.00653578251371251,0.987977745965646
full,DS03,12,1,FreeMLP,0.1,-0.00731284708342761,0.0746341282214157,0.00901924047603479,0.00385712200881285,0.980551564975607
full,DS03,12,1,FreeMLP,0.316227766016838,0.10280613776897,0.0704366065786616,0.00891297201677037,0.00384416621770271,0.983307783050272
full,DS03,12,1,FreeMLP,1,0.333525227679294,0.0607081691264312,0.00874400188037799,0.00381760731412752,0.986678151061335
full,DS03,12,1,FreeMLP,3.16227766016838,0.63009329622757,0.0452273746774224,0.00854595204033432,0.00380219043180979,0.986311929755306
full,DS03,12,1,FreeMLP,10,0.826028372680028,0.0310166215338267,0.00733750225104968,0.00386301748734794,0.9843853496365
full,DS03,12,1,FreeMLP,31.6227766016838,0.89750377109758,0.0238072493869232,0.00583958845899558,0.00412935479395266,0.9826654601357
full,DS03,12,1,FreeMLP,100,0.891364284974912,0.0245099029412858,0.00444922443592611,0.00485178237207953,0.980597933577258
full,DS03,12,1,FreeMLP,316.227766016838,0.806883735512192,0.0326786949222758,0.0044193564928617,0.00631128221939825,0.985934162770351
full,DS03,12,1,FreeMLP,1000,0.647615459835148,0.0441431886867257,0.00499368648192263,0.00653536220790923,0.988251454156173
full,DS03,12,1,MoE_dir,0.1,0.0656121455272847,0.0718817878221865,0.00908135040192297,0.00350286980178071,0.978361177443518
full,DS03,12,1,MoE_dir,0.316227766016838,0.168240610836814,0.0678194297701873,0.00896050853038824,0.00349473948949004,0.98068235113208
full,DS03,12,1,MoE_dir,1,0.385684460397759,0.0582842253279217,0.00877235759418763,0.00347704783703887,0.983706681682759
full,DS03,12,1,MoE_dir,3.16227766016838,0.654494487153388,0.043710197472135,0.00852979725146609,0.00347767433501341,0.98466813778583
full,DS03,12,1,MoE_dir,10,0.835957283770883,0.0301185287782231,0.00721875689770365,0.00358632438599877,0.984077563244515
full,DS03,12,1,MoE_dir,31.6227766016838,0.900420276980759,0.0234660901540232,0.00562713838918978,0.00400618903043472,0.982666786855522
full,DS03,12,1,MoE_dir,100,0.892456343070055,0.0243863991520301,0.00436854820081175,0.00486105380349648,0.981423618542733
full,DS03,12,1,MoE_dir,316.227766016838,0.807396407595207,0.032635289493918,0.00439924663164045,0.00636731199713641,0.985924248206757
full,DS03,12,1,MoE_dir,1000,0.646735488585098,0.0441982712911851,0.00499678398097383,0.00652149888601294,0.988090387193637
full,DS03,12,10,Z_zero,NaN,0,0.0743627218988371,0.00684254205739459,0,0
full,DS03,12,10,H0,0.1,0.519392252910402,0.051552610453307,0.00808583159962644,0.00236381938233457,0.990475974800111
full,DS03,12,10,H0,0.316227766016838,0.723035614045378,0.0391351715469753,0.00798415727726757,0.00230013156211088,0.99066843718642
full,DS03,12,10,H0,1,0.841081066355857,0.0296444296454117,0.00730162681410293,0.00224912060826582,0.992264119385099
full,DS03,12,10,H0,3.16227766016838,0.918357308298315,0.0212477983070368,0.00476010672570813,0.0022268408998913,0.993645203895376
full,DS03,12,10,H0,10,0.941783851719735,0.0179422544723437,0.00390621557155016,0.00231903079006285,0.993215783987062
full,DS03,12,10,H0,31.6227766016838,0.941890250203286,0.0179258509333027,0.00376112018410159,0.00269221746504039,0.992443266202719
full,DS03,12,10,H0,100,0.914450152036671,0.0217502823404033,0.00371918257374833,0.00395681766330411,0.99246235586293
full,DS03,12,10,H0,316.227766016838,0.824638177778073,0.0311403007559606,0.00386320290305227,0.0054763147759368,0.992972145931606
full,DS03,12,10,H0,1000,0.658629218556618,0.0434478660668783,0.00455476986680365,0.00565515253931822,0.993770787521502
full,DS03,12,10,TRA4,0.1,0.451217932499701,0.0550877752666326,0.00903933360300998,0.00274185004754468,0.990162058989584
full,DS03,12,10,TRA4,0.316227766016838,0.581612084809787,0.0480999742373859,0.00872210577086268,0.00270550554719915,0.991003588564837
full,DS03,12,10,TRA4,1,0.779418990312885,0.0349252350821573,0.00735578401730523,0.00262864719640134,0.991099416134155
full,DS03,12,10,TRA4,3.16227766016838,0.903461457921109,0.0231049825997519,0.00447357247347945,0.00258657863083456,0.989871126333472
full,DS03,12,10,TRA4,10,0.94273910152587,0.0177944413064568,0.00370032469177621,0.00270042071554589,0.990273185087024
full,DS03,12,10,TRA4,31.6227766016838,0.953187226839698,0.0160893115921662,0.00359740845215406,0.00320666628749183,0.991267698026602
full,DS03,12,10,TRA4,100,0.929850872987703,0.0196954729132234,0.00357333972909646,0.00485906162903633,0.99246832633947
full,DS03,12,10,TRA4,316.227766016838,0.835703020797642,0.0301418613031372,0.00376136279697243,0.00641264038992187,0.993556783625592
full,DS03,12,10,TRA4,1000,0.662297428351485,0.0432138004159485,0.00454389948583352,0.00621226202392764,0.994188981346453
full,DS03,12,10,MoE_K4,0.1,0.308854705991267,0.0618215593864449,0.00918076601313887,0.00269446137530396,0.988690100467971
full,DS03,12,10,MoE_K4,0.316227766016838,0.581500509994536,0.0481063874101782,0.00869659354973805,0.00262580227661569,0.990267678827227
full,DS03,12,10,MoE_K4,1,0.759132580065015,0.0364959193502966,0.00802983600777396,0.00256426990453778,0.992473799104298
full,DS03,12,10,MoE_K4,3.16227766016838,0.899704090966704,0.0235503240499195,0.00541840988535885,0.00250759471954748,0.992866694642528
full,DS03,12,10,MoE_K4,10,0.943458789894882,0.0176822622505312,0.00383472631174354,0.00254451114099098,0.99271224515402
full,DS03,12,10,MoE_K4,31.6227766016838,0.950667400951414,0.0165166617999222,0.00362724056705429,0.00297476958090451,0.992375166452511
full,DS03,12,10,MoE_K4,100,0.924525674068499,0.0204293664851724,0.00362482517630855,0.00446659057199559,0.992722638302745
full,DS03,12,10,MoE_K4,316.227766016838,0.831063489712606,0.0305644818156451,0.00382127228399011,0.00603199744787307,0.993541946975047
full,DS03,12,10,MoE_K4,1000,0.660762917295303,0.0433118702867638,0.00456131685437905,0.0060557257103561,0.994117498251259
full,DS03,12,10,FreeMLP,0.1,0.296831387612707,0.0623569717367346,0.00873184519703159,0.00273458092043115,0.988484582393033
full,DS03,12,10,FreeMLP,0.316227766016838,0.57262043804198,0.0486140891047779,0.00861149403547492,0.00267651995424067,0.990826498058623
full,DS03,12,10,FreeMLP,1,0.761475169853904,0.0363180126446402,0.007789994211843,0.00260834670432397,0.992952840486118
full,DS03,12,10,FreeMLP,3.16227766016838,0.900273765778378,0.023483346585924,0.00493460863729138,0.00254998510167132,0.993541978075942
full,DS03,12,10,FreeMLP,10,0.943016338719602,0.0177513118157659,0.00375253023003101,0.00255788220373449,0.993324075943476
full,DS03,12,10,FreeMLP,31.6227766016838,0.9500553418856,0.0166188053136746,0.00360798440797521,0.00298856558663776,0.992728425506336
full,DS03,12,10,FreeMLP,100,0.923691717419615,0.0205419239721673,0.0036254467923395,0.00447806787063047,0.992992874330033
full,DS03,12,10,FreeMLP,316.227766016838,0.830063536209101,0.0306548055930895,0.00382573778278277,0.00603296366524511,0.993750778979479
full,DS03,12,10,FreeMLP,1000,0.66018938373042,0.0433484675843118,0.00456661803366633,0.00606179252767318,0.994227898244146
full,DS03,12,10,MoE_dir,0.1,0.318657802159019,0.0613815599552365,0.00915090037761816,0.00233807272176384,0.988539324632624
full,DS03,12,10,MoE_dir,0.316227766016838,0.593893670436072,0.0473887395114637,0.0086827985161327,0.00228138484537862,0.990201478624363
full,DS03,12,10,MoE_dir,1,0.771097345319997,0.0355779313328582,0.00809650384350562,0.00224227818632048,0.992287757313698
full,DS03,12,10,MoE_dir,3.16227766016838,0.902086163137771,0.0232689781864883,0.00546973569532263,0.00224738392463252,0.992785347419382
full,DS03,12,10,MoE_dir,10,0.943499491094204,0.0176758968151015,0.00388250739056957,0.00241484857465149,0.992761797320636
full,DS03,12,10,MoE_dir,31.6227766016838,0.949715117624452,0.0166753131027618,0.00368858813777573,0.00304166531214597,0.992564447067912
full,DS03,12,10,MoE_dir,100,0.923839475365449,0.0205220263731558,0.00365168825237133,0.00455528772223671,0.992840661538671
full,DS03,12,10,MoE_dir,316.227766016838,0.83023462889271,0.030639370019032,0.00384010573466394,0.00610749806786777,0.993657522868193
full,DS03,12,10,MoE_dir,1000,0.659989165953241,0.0433612362491795,0.00457064719364761,0.00611729455610584,0.99414499957462
full,DS03,12,100,Z_zero,NaN,0,0.0743627218988371,0.00684254205739459,0,0
full,DS03,12,100,H0,0.1,0.940625869079879,0.0181198213191152,0.00769559298462223,0.00200892986654124,0.991740826911178
full,DS03,12,100,H0,0.316227766016838,0.948220681454992,0.0169212890093267,0.00704023692102432,0.00200395439466099,0.992085644396455
full,DS03,12,100,H0,1,0.954202750755484,0.0159138395344562,0.00556143643353612,0.00201457964902335,0.992857540187642
full,DS03,12,100,H0,3.16227766016838,0.956121279256266,0.0155769439294828,0.00428739706753777,0.00207850489324161,0.994168029549573
full,DS03,12,100,H0,10,0.954965421907606,0.0157807749747184,0.00373825959970128,0.00227981593237825,0.995018118320997
full,DS03,12,100,H0,31.6227766016838,0.947651182431918,0.0170140896212642,0.00341506568491748,0.00286660268917147,0.995196002626053
full,DS03,12,100,H0,100,0.917814203365147,0.0213183536508127,0.00332411962054565,0.00419034220173056,0.995440365786126
full,DS03,12,100,H0,316.227766016838,0.828171976561862,0.0308249424937241,0.00358263722492107,0.00562468355009969,0.995649000136295
full,DS03,12,100,H0,1000,0.662270443860183,0.0432155269043226,0.00438299446266163,0.00576494107250918,0.995838456807829
full,DS03,12,100,TRA4,0.1,0.937331659466884,0.018615700159227,0.00722028763407267,0.00215227613430907,0.992092096141394
full,DS03,12,100,TRA4,0.316227766016838,0.948022662128073,0.0169536141239636,0.00606280631351735,0.00214659574368147,0.992299021988458
full,DS03,12,100,TRA4,1,0.955958715739878,0.0156057722736628,0.00491344787951068,0.00216646139035389,0.992707026899263
full,DS03,12,100,TRA4,3.16227766016838,0.960016446025852,0.01486948663732,0.00420279703167554,0.00226424590759879,0.993816877056058
full,DS03,12,100,TRA4,10,0.961946270243648,0.0145062077433273,0.00362387287388128,0.00256241552354137,0.994781877148477
full,DS03,12,100,TRA4,31.6227766016838,0.959457691059868,0.0149730238802652,0.00332751045525568,0.00340379008928567,0.995163073113041
full,DS03,12,100,TRA4,100,0.93297048314773,0.0192525527674805,0.00320157700077779,0.00504047298372101,0.995487342755245
full,DS03,12,100,TRA4,316.227766016838,0.838514156039013,0.0298828838410287,0.00349430872824857,0.00656359775942795,0.995678729175209
full,DS03,12,100,TRA4,1000,0.66548368235548,0.0430094542291569,0.00436401647936065,0.00634875511262441,0.995819570663812
full,DS03,12,100,MoE_K4,0.1,0.926333391412684,0.0201832275310379,0.00889614808201484,0.00207321482825514,0.993066483348704
full,DS03,12,100,MoE_K4,0.316227766016838,0.939237100345472,0.0183305089398481,0.00814648479121044,0.00206725295335378,0.993121398067371
full,DS03,12,100,MoE_K4,1,0.953534628298775,0.0160295003638909,0.00635664263507133,0.00207277495169526,0.993484971773928
full,DS03,12,100,MoE_K4,3.16227766016838,0.960817755470492,0.0147197330256033,0.00455719428520379,0.00215332515035515,0.994422065332982
full,DS03,12,100,MoE_K4,10,0.961975471509358,0.0145006408655862,0.00377668764848529,0.00240844261464966,0.995010295510042
full,DS03,12,100,MoE_K4,31.6227766016838,0.95699965918192,0.0154202433253659,0.00338130256310797,0.00313651702075734,0.995301036071464
full,DS03,12,100,MoE_K4,100,0.92803559870817,0.0199486787317186,0.00325765146349015,0.00464107762780192,0.995467992694147
full,DS03,12,100,MoE_K4,316.227766016838,0.834259732961131,0.0302739643372169,0.00353846113664713,0.00618900721547268,0.995608344919282
full,DS03,12,100,MoE_K4,1000,0.663996220744549,0.0431049711719857,0.00437406328019198,0.00619657534149758,0.995702719514577
full,DS03,12,100,FreeMLP,0.1,0.925260477081373,0.0203296751252375,0.0082116098388978,0.00211212510545321,0.993447991567185
full,DS03,12,100,FreeMLP,0.316227766016838,0.938657452099789,0.0184177334440076,0.00734232517763599,0.00210502735336712,0.993278150378469
full,DS03,12,100,FreeMLP,1,0.952561523199355,0.0161964802508276,0.00566598721800842,0.00210879640636134,0.993586773349142
full,DS03,12,100,FreeMLP,3.16227766016838,0.959323638889303,0.0149977574238028,0.00439404171061714,0.00218287648929382,0.994360529205027
full,DS03,12,100,FreeMLP,10,0.960817686158984,0.0147197460448478,0.00370429220078257,0.0024381954568882,0.995011148671971
full,DS03,12,100,FreeMLP,31.6227766016838,0.956051422276544,0.0155893386105772,0.00338183772202473,0.00316677076536616,0.995346878523427
full,DS03,12,100,FreeMLP,100,0.927042986492754,0.0200857846366999,0.00327867391554919,0.00466372763627613,0.99553336491785
full,DS03,12,100,FreeMLP,316.227766016838,0.833231700405063,0.0303677089345201,0.0035502353223852,0.00619919546834533,0.99567236377051
full,DS03,12,100,FreeMLP,1000,0.663473575446897,0.043138482486465,0.0043779122189933,0.00620540155252019,0.995761831969421
full,DS03,12,100,MoE_dir,0.1,0.918056051489495,0.0212869637839336,0.00885826240204237,0.00210932912294083,0.993424300599524
full,DS03,12,100,MoE_dir,0.316227766016838,0.934120883371009,0.0190866259023101,0.00816103909332833,0.00211707884597343,0.99335262874404
full,DS03,12,100,MoE_dir,1,0.950749838501584,0.0165028558940658,0.00635346973664479,0.00214437753014237,0.993622377859865
full,DS03,12,100,MoE_dir,3.16227766016838,0.959228582849963,0.0150152712262936,0.004580833838075,0.00223443606096473,0.994437103846624
full,DS03,12,100,MoE_dir,10,0.960741214442051,0.0147341032311753,0.00383738222701102,0.00251022399795328,0.994968118303194
full,DS03,12,100,MoE_dir,31.6227766016838,0.955731891218682,0.0156459076362756,0.00343397758904422,0.0032428964903115,0.995281963553257
full,DS03,12,100,MoE_dir,100,0.92760550848341,0.0200082008752168,0.00328938224433497,0.00472251412468721,0.995486065407324
full,DS03,12,100,MoE_dir,316.227766016838,0.833685623637492,0.030326352149588,0.00355707819165733,0.00626891257768161,0.995618558389406
full,DS03,12,100,MoE_dir,1000,0.663245823516739,0.0431530774932674,0.00438725196233122,0.00625692842645916,0.995729021126583
full,DS03,12,1000,Z_zero,NaN,0,0.0743627218988371,0.00684254205739459,0,0
full,DS03,12,1000,H0,0.1,0.946341193939705,0.0172256564135952,0.00646729298642533,0.00200059745213269,0.981229386511341
full,DS03,12,1000,H0,0.316227766016838,0.947660760579111,0.0170125330349145,0.0061764629593725,0.00200252160519104,0.982162550167762
full,DS03,12,1000,H0,1,0.953183412469275,0.0160899670686529,0.00518380707176698,0.00201128312848055,0.988871305771381
full,DS03,12,1000,H0,3.16227766016838,0.955522806519641,0.0156828130558314,0.00418077720303656,0.00206821759461596,0.993012489292987
full,DS03,12,1000,H0,10,0.954704744937992,0.0158263815847198,0.00367061407907954,0.00225741937004536,0.994828719421456
full,DS03,12,1000,H0,31.6227766016838,0.947649502908389,0.0170143625532613,0.00342865170195703,0.00282036503642314,0.995274748913178
full,DS03,12,1000,H0,100,0.917837593378962,0.0213153198415063,0.00322607622665259,0.00413978129373751,0.995734036984635
full,DS03,12,1000,H0,316.227766016838,0.827939772250847,0.0308457635095338,0.00348667590529974,0.00560916621118346,0.996045068677949
full,DS03,12,1000,H0,1000,0.661954890676996,0.0432357111212152,0.0043607037049013,0.00576779086885546,0.996233969609421
full,DS03,12,1000,TRA4,0.1,0.930873588844104,0.0195513739772246,0.00692861276440228,0.00215781378942786,0.982066603553036
full,DS03,12,1000,TRA4,0.316227766016838,0.942586131340233,0.0178181940203126,0.00645127499466151,0.00215657277141535,0.985517024532402
full,DS03,12,1000,TRA4,1,0.955177980466051,0.0157434891121258,0.00510501368244344,0.00216850841663446,0.990191672184855
full,DS03,12,1000,TRA4,3.16227766016838,0.960058037945093,0.0148617508141925,0.00436146142959391,0.00224675740016071,0.99314761032499
full,DS03,12,1000,TRA4,10,0.961950240590524,0.0145054509689016,0.00377140046525053,0.00252816158221032,0.994654423839382
full,DS03,12,1000,TRA4,31.6227766016838,0.959769224349058,0.0149153854408055,0.00341079475892037,0.00334008295209366,0.99524039185763
full,DS03,12,1000,TRA4,100,0.933078798845407,0.0192369909902502,0.00309175778256537,0.00501117326744226,0.995748337868961
full,DS03,12,1000,TRA4,316.227766016838,0.83850101951375,0.0298840992703994,0.00339010322443542,0.00656161487345062,0.996102877328141
full,DS03,12,1000,TRA4,1000,0.665306340944799,0.0430208532943955,0.00434379351548161,0.00636172790565208,0.996238261898169
full,DS03,12,1000,MoE_K4,0.1,0.929774736251155,0.0197061583089723,0.00862431987239233,0.0020739385875926,0.984021662585477
full,DS03,12,1000,MoE_K4,0.316227766016838,0.940730948189217,0.0181037801760806,0.00760153462598528,0.00206766213083404,0.985177536857096
full,DS03,12,1000,MoE_K4,1,0.954336670650243,0.0158905549482968,0.00638777402737247,0.00207472724898472,0.990443314854728
full,DS03,12,1000,MoE_K4,3.16227766016838,0.961287488150466,0.0146312339125349,0.00461901655862526,0.00213836086986604,0.993582790494187
full,DS03,12,1000,MoE_K4,10,0.962262344493262,0.0144458378487712,0.00388745136850215,0.00237859849544188,0.994983424102728
full,DS03,12,1000,MoE_K4,31.6227766016838,0.957355791534422,0.0153562546996134,0.00345631597646614,0.00307980473970819,0.995397691813835
full,DS03,12,1000,MoE_K4,100,0.928228768067551,0.0199218872709036,0.00314740899826923,0.00461869115777116,0.995769793466923
full,DS03,12,1000,MoE_K4,316.227766016838,0.83428809439182,0.0302713739900095,0.0034371279534733,0.00619310149908861,0.996026404432079
full,DS03,12,1000,MoE_K4,1000,0.663840074580194,0.0431149857827549,0.00435238033994096,0.00621230065090759,0.99616122406782
full,DS03,12,1000,FreeMLP,0.1,0.934894993378819,0.0189741562041639,0.00775212665752269,0.00210452182054736,0.985119419967933
full,DS03,12,1000,FreeMLP,0.316227766016838,0.942693554978053,0.0178015169400054,0.00692012500177946,0.00210189148839021,0.986161353803039
full,DS03,12,1000,FreeMLP,1,0.955126469994501,0.0157525329001837,0.00586563150186627,0.00211026911311966,0.991135745574271
full,DS03,12,1000,FreeMLP,3.16227766016838,0.960721730224583,0.0147377590607737,0.00449103556266546,0.00216968230018209,0.993915384584759
full,DS03,12,1000,FreeMLP,10,0.96144531511679,0.0146013784270847,0.00382389207278892,0.00241066143244615,0.995186266983375
full,DS03,12,1000,FreeMLP,31.6227766016838,0.95648442015038,0.0155123525112657,0.0034590297478927,0.00311084641966719,0.995514346621449
full,DS03,12,1000,FreeMLP,100,0.927241778023757,0.0200584013370836,0.00316460077632885,0.00464121801047264,0.995861332467789
full,DS03,12,1000,FreeMLP,316.227766016838,0.833242044179727,0.030366767143994,0.00344919805129152,0.00620286369295854,0.996105689241983
full,DS03,12,1000,FreeMLP,1000,0.663305421979128,0.043149258727166,0.00435723559457023,0.00622124605061486,0.996218814798339
full,DS03,12,1000,MoE_dir,0.1,0.925241807202349,0.0203322141357927,0.00874264212148421,0.00208928277388731,0.984245128549255
full,DS03,12,1000,MoE_dir,0.316227766016838,0.940322461352375,0.0181660593706994,0.00769605238063155,0.00209194603652847,0.987391464669781
full,DS03,12,1000,MoE_dir,1,0.952938320320412,0.0161320288360286,0.00641666506001775,0.00211275518543314,0.990986789332033
full,DS03,12,1000,MoE_dir,3.16227766016838,0.960159821931032,0.0148428026568833,0.00464437396687262,0.00219317738642688,0.993705980914419
full,DS03,12,1000,MoE_dir,10,0.961200582581307,0.0146476475064019,0.00390431334213537,0.00245102097564047,0.994982656989076
full,DS03,12,1000,MoE_dir,31.6227766016838,0.955977569070629,0.0156024316321973,0.0035044435994597,0.00318601691695411,0.995315703210425
full,DS03,12,1000,MoE_dir,100,0.927771519717094,0.019985246832378,0.00317806539892255,0.00469920668134288,0.995781070654219
full,DS03,12,1000,MoE_dir,316.227766016838,0.833688125521121,0.0303261240475713,0.00345479804109029,0.00627250247860663,0.996042419558985
full,DS03,12,1000,MoE_dir,1000,0.663072183293142,0.0431642015488556,0.00436594450032048,0.00627236002102051,0.996182847134962
highTRA,DS03,12,1,Z_zero,NaN,0,0.0743398046219976,0.00681447054644978,0,0
highTRA,DS03,12,1,H0,0.1,-1.20473216915259,0.110382273501352,0.0123084719598909,0.00093507902615901,0.990707977485135
highTRA,DS03,12,1,H0,0.316227766016838,-0.108006756972443,0.0782514907241206,0.0122969829943723,0.000891706928446513,0.981370781707458
highTRA,DS03,12,1,H0,1,0.53950659687224,0.0504467418159644,0.0121820233623999,0.000852652802408457,0.986062820754749
highTRA,DS03,12,1,H0,3.16227766016838,0.805179727149825,0.0328124371571656,0.0119891829933759,0.00083032679596011,0.987623751598183
highTRA,DS03,12,1,H0,10,0.904695358239023,0.0229497755237636,0.0106666075019574,0.00084988865657069,0.989159908969777
highTRA,DS03,12,1,H0,31.6227766016838,0.942288072800735,0.0178588793757761,0.00780057664663688,0.00118071350880065,0.98967321051176
highTRA,DS03,12,1,H0,100,0.939569444078906,0.018274677018684,0.00553657939951545,0.002712600734071,0.988835019462876
highTRA,DS03,12,1,H0,316.227766016838,0.866530185807718,0.0271589479830236,0.00451876264044835,0.00508089688857866,0.98831535381006
highTRA,DS03,12,1,H0,1000,0.702714372729932,0.040532964832761,0.00445387686467796,0.00601264115055457,0.989647935227799
highTRA,DS03,12,1,TRA4,0.1,-0.39591861617619,0.0878317356394002,0.0121186822446245,0.000886471333432677,0.982681940621654
highTRA,DS03,12,1,TRA4,0.316227766016838,-0.0695396648134972,0.0768811486024559,0.0121108736504743,0.000873194966379106,0.981940647964745
highTRA,DS03,12,1,TRA4,1,0.432290848712285,0.0560124233797602,0.0120222768275391,0.00084057754217102,0.986696217998552
highTRA,DS03,12,1,TRA4,3.16227766016838,0.777486781868683,0.0350670572819804,0.0118381631075083,0.000814832452153359,0.988885473314846
highTRA,DS03,12,1,TRA4,10,0.8949436856916,0.0240953087476117,0.0103443747754819,0.000830915449227021,0.989385996178805
highTRA,DS03,12,1,TRA4,31.6227766016838,0.936334257113542,0.0187574726063263,0.00749097626371307,0.0011904363252634,0.989383569002457
highTRA,DS03,12,1,TRA4,100,0.936249597752467,0.018769939814095,0.0055873073862394,0.00279140045766307,0.989044740360431
highTRA,DS03,12,1,TRA4,316.227766016838,0.864450038072095,0.0273697679496606,0.00455296610588191,0.00516006746207852,0.989553342713274
highTRA,DS03,12,1,TRA4,1000,0.699266633590461,0.0407673257192714,0.00444753449978609,0.00614810960668997,0.990288601447196
highTRA,DS03,12,1,MoE_K4,0.1,-0.972321520364022,0.104402349452898,0.0115105042807359,0.00116665008549609,0.990985866641886
highTRA,DS03,12,1,MoE_K4,0.316227766016838,-0.198339481878957,0.0813788127417792,0.0115152349089837,0.00112225805857483,0.981662694565218
highTRA,DS03,12,1,MoE_K4,1,0.442894358772221,0.0554868657018232,0.0114931504004352,0.0010673833926443,0.98441394666231
highTRA,DS03,12,1,MoE_K4,3.16227766016838,0.775196559429498,0.0352470595469947,0.0113254073768418,0.00104843897769608,0.988076367550699
highTRA,DS03,12,1,MoE_K4,10,0.891303385378408,0.0245092162898373,0.0103736434861193,0.00110274168679116,0.989492482718401
highTRA,DS03,12,1,MoE_K4,31.6227766016838,0.933467832843211,0.0191750829057727,0.00776436296844736,0.00135881756859198,0.990130328487496
highTRA,DS03,12,1,MoE_K4,100,0.930069064808597,0.0196587583121591,0.00568888125708746,0.00264583626244139,0.989400700656478
highTRA,DS03,12,1,MoE_K4,316.227766016838,0.858654184697808,0.0279487824363771,0.00469385691064749,0.00477325856254193,0.988896143422285
highTRA,DS03,12,1,MoE_K4,1000,0.697006279243493,0.0409202453972648,0.00454002092305769,0.00580627820436705,0.989782709582773
highTRA,DS03,12,1,FreeMLP,0.1,-0.954942012886904,0.10394135051704,0.0114388621349317,0.00114790006710677,0.991286652297565
highTRA,DS03,12,1,FreeMLP,0.316227766016838,-0.150636557783356,0.0797426197903384,0.0114354211624061,0.00111270912974761,0.981551024707865
highTRA,DS03,12,1,FreeMLP,1,0.429626268745999,0.0561437184826181,0.0114083889775698,0.00107559544570354,0.98264937778735
highTRA,DS03,12,1,FreeMLP,3.16227766016838,0.777084012217393,0.0350987802531259,0.0112670719274254,0.00104372801362245,0.988197136234578
highTRA,DS03,12,1,FreeMLP,10,0.891075547351924,0.0245348896207871,0.0103097590839172,0.0010931589729374,0.989920897518493
highTRA,DS03,12,1,FreeMLP,31.6227766016838,0.933353520764242,0.0191915486468747,0.00765728566962115,0.00133788798910329,0.990657088079445
highTRA,DS03,12,1,FreeMLP,100,0.929582602150526,0.0197270162162548,0.00565986796218831,0.00263221360304224,0.989796713366965
highTRA,DS03,12,1,FreeMLP,316.227766016838,0.8580606185689,0.0280074048676297,0.0046851957153375,0.00476127241920977,0.989118012472446
highTRA,DS03,12,1,FreeMLP,1000,0.696901367371157,0.0409273291216388,0.00452351212607837,0.0057840736823463,0.989841449776938
highTRA,DS03,12,1,MoE_dir,0.1,-0.969256014116177,0.104321183550965,0.0115534542202876,0.00114856469085398,0.990726002940424
highTRA,DS03,12,1,MoE_dir,0.316227766016838,-0.141600274666457,0.0794288816288535,0.0115452039318731,0.00112244473661073,0.981934290135414
highTRA,DS03,12,1,MoE_dir,1,0.438317791907845,0.0557143090643115,0.0115161818474644,0.00109158859238833,0.98345457208616
highTRA,DS03,12,1,MoE_dir,3.16227766016838,0.778454645053388,0.0349907087806611,0.0113671638609181,0.0010710856155151,0.987778970612585
highTRA,DS03,12,1,MoE_dir,10,0.891584823953845,0.0244774659463549,0.0105737937741416,0.00109063605412115,0.989383194312292
highTRA,DS03,12,1,MoE_dir,31.6227766016838,0.933668643378006,0.0191461234663367,0.00798655557720583,0.00141631709927326,0.990064317352368
highTRA,DS03,12,1,MoE_dir,100,0.930359169831408,0.0196179392413494,0.00580752657048386,0.00271080015323775,0.989476901023415
highTRA,DS03,12,1,MoE_dir,316.227766016838,0.858658277795359,0.0279483777624895,0.00475167744588316,0.00484192523654696,0.989004075129674
highTRA,DS03,12,1,MoE_dir,1000,0.69678434039912,0.0409352294198516,0.00455356565810661,0.00583083260191659,0.989859909277551
highTRA,DS03,12,10,Z_zero,NaN,0,0.0743398046219976,0.00681447054644978,0,0
highTRA,DS03,12,10,H0,0.1,-0.320732089317898,0.0854336144081185,0.00820728049608554,0.00065096217571151,0.957731880725873
highTRA,DS03,12,10,H0,0.316227766016838,0.373128387063824,0.0588587069898316,0.00691244963499357,0.000597554956975834,0.981234502996921
highTRA,DS03,12,10,H0,1,0.770900071714597,0.0355822897599961,0.00530124714912015,0.000550089042158531,0.989925379967798
highTRA,DS03,12,10,H0,3.16227766016838,0.906536651931005,0.0227269984614998,0.00396768961172378,0.000530797759851651,0.993929078502813
highTRA,DS03,12,10,H0,10,0.944054607148594,0.0175834292891212,0.00311406296227684,0.000586287586351883,0.994710724888514
highTRA,DS03,12,10,H0,31.6227766016838,0.955220210346514,0.0157312212782107,0.00280626244013322,0.00139173103522722,0.99486140265506
highTRA,DS03,12,10,H0,100,0.942752527563847,0.0177868717517415,0.00304458558724703,0.00312893473823337,0.995277801578164
highTRA,DS03,12,10,H0,316.227766016838,0.864841461079697,0.0273302220068691,0.0035257432491233,0.00530046925497168,0.995502399002472
highTRA,DS03,12,10,H0,1000,0.700932586327231,0.0406542508746949,0.00430823650561655,0.00594830715532526,0.995656396106077
highTRA,DS03,12,10,TRA4,0.1,0.128088615871434,0.0694156811199461,0.00620351044453392,0.000632273912203845,0.971212539022966
highTRA,DS03,12,10,TRA4,0.316227766016838,0.502206265617998,0.0524500767859621,0.00532687938527065,0.00059920653515328,0.981995760323935
highTRA,DS03,12,10,TRA4,1,0.786891522936772,0.0343179848441938,0.00415259763012609,0.000563009833554273,0.99077620117681
highTRA,DS03,12,10,TRA4,3.16227766016838,0.900968740133402,0.0233941660100119,0.00341578740766399,0.000544552657098423,0.993664173282643
highTRA,DS03,12,10,TRA4,10,0.935959286263204,0.0188126292670884,0.00293189350032667,0.00060081274539372,0.994216785396251
highTRA,DS03,12,10,TRA4,31.6227766016838,0.947736546581158,0.016994972532021,0.00275591799284657,0.00139363959633367,0.994633970929645
highTRA,DS03,12,10,TRA4,100,0.937027686873871,0.0186550423158666,0.00300725300693656,0.00307908455283584,0.995152783067896
highTRA,DS03,12,10,TRA4,316.227766016838,0.86120993035663,0.0276949517082759,0.00349727917633696,0.00530051516327806,0.995645734068577
highTRA,DS03,12,10,TRA4,1000,0.696510503259963,0.0409537097588936,0.00431521898645387,0.00603931103465018,0.995651528563328
highTRA,DS03,12,10,MoE_K4,0.1,-0.119061287145037,0.0786408775924697,0.00736695574117173,0.00067102815457136,0.957689218293124
highTRA,DS03,12,10,MoE_K4,0.316227766016838,0.412730477376623,0.0569692034099787,0.00634158515054799,0.000624314002998467,0.98279745590448
highTRA,DS03,12,10,MoE_K4,1,0.75982146019027,0.0364324615675496,0.00489163138953212,0.000579726655799613,0.990171288676838
highTRA,DS03,12,10,MoE_K4,3.16227766016838,0.898049730776497,0.0237364410924873,0.00385991604237153,0.00056116721602351,0.99381163036668
highTRA,DS03,12,10,MoE_K4,10,0.937879364661484,0.0185284615147013,0.00319719455322682,0.000585087520237225,0.994494595337843
highTRA,DS03,12,10,MoE_K4,31.6227766016838,0.947956030657221,0.016959249191173,0.00285259679156239,0.00125446291584126,0.994879610447005
highTRA,DS03,12,10,MoE_K4,100,0.93347951233067,0.0191733997727908,0.0030520704005462,0.00277423826768957,0.995294958964581
highTRA,DS03,12,10,MoE_K4,316.227766016838,0.857197392726173,0.0280924414099553,0.00355343839077954,0.0049189213771949,0.995637789163741
highTRA,DS03,12,10,MoE_K4,1000,0.694971506230229,0.0410574167025052,0.00432841707648666,0.00576477167528822,0.995779631253192
highTRA,DS03,12,10,FreeMLP,0.1,-0.0196280534674296,0.0750658321375791,0.00684678722220155,0.000621069110552771,0.963247720184897
highTRA,DS03,12,10,FreeMLP,0.316227766016838,0.446955799666602,0.0552842390907752,0.00586452359784111,0.000578593075906785,0.98354148945383
highTRA,DS03,12,10,FreeMLP,1,0.762521155940327,0.0362271257428948,0.00451036410492505,0.000536847735243759,0.990039040156386
highTRA,DS03,12,10,FreeMLP,3.16227766016838,0.897303686066837,0.0238231312406262,0.00366280680489051,0.000519105871917987,0.993733073862082
highTRA,DS03,12,10,FreeMLP,10,0.936598335291306,0.0187185302629626,0.0031263178580502,0.000549974860940084,0.99439351835107
highTRA,DS03,12,10,FreeMLP,31.6227766016838,0.946658970140996,0.0171692811981898,0.00283791021662919,0.00121139207926025,0.99486888243049
highTRA,DS03,12,10,FreeMLP,100,0.932028110553658,0.0193814420293281,0.00304479126065525,0.0027313758078367,0.995370329293047
highTRA,DS03,12,10,FreeMLP,316.227766016838,0.855902800095616,0.0282194916603128,0.0035538592530796,0.00488031949527501,0.995727934202094
highTRA,DS03,12,10,FreeMLP,1000,0.694443262066151,0.0410929526596978,0.0043306499285436,0.00573483207705257,0.995802945974591
highTRA,DS03,12,10,MoE_dir,0.1,-0.176817530471269,0.0806447277260375,0.00770055920662982,0.000617635171112522,0.954770254121765
highTRA,DS03,12,10,MoE_dir,0.316227766016838,0.392628735874058,0.0579360037722535,0.00663111270185197,0.000592699873992629,0.983412757538682
highTRA,DS03,12,10,MoE_dir,1,0.755527489479058,0.0367566930468485,0.00514206394894339,0.000568790385531278,0.991096422008124
highTRA,DS03,12,10,MoE_dir,3.16227766016838,0.897825342317625,0.0237625482132337,0.00395789857673101,0.000558522426879462,0.994101092003201
highTRA,DS03,12,10,MoE_dir,10,0.938828610172968,0.0183863528055014,0.00323218789084608,0.000645148436023725,0.994575082884021
highTRA,DS03,12,10,MoE_dir,31.6227766016838,0.948858735023925,0.0168115264566403,0.00288616622787467,0.00134914874458895,0.9949451308152
highTRA,DS03,12,10,MoE_dir,100,0.934147529356038,0.0190768845774649,0.00316440565153213,0.00290383252169683,0.9952526966617
highTRA,DS03,12,10,MoE_dir,316.227766016838,0.857271935736096,0.0280851083208412,0.00364521967673103,0.00500098438822348,0.995642925987045
highTRA,DS03,12,10,MoE_dir,1000,0.694863863866305,0.041064660497176,0.00434999690467811,0.00578546609441301,0.995786673214376
highTRA,DS03,12,100,Z_zero,NaN,0,0.0743398046219976,0.00681447054644978,0,0
highTRA,DS03,12,100,H0,0.1,-0.0909770300146151,0.0776478113401892,0.00599573769033636,0.000810589374370121,0.939515840378521
highTRA,DS03,12,100,H0,0.316227766016838,0.502330402585457,0.0524435365274226,0.00557492645963563,0.000775760261946449,0.960382994123635
highTRA,DS03,12,100,H0,1,0.834279286873605,0.0302628490842707,0.00497045872750798,0.000751231439401708,0.985787557051579
highTRA,DS03,12,100,H0,3.16227766016838,0.924842184299656,0.0203802022821911,0.0042134229682536,0.000748233916091851,0.992166500717338
highTRA,DS03,12,100,H0,10,0.94982001474556,0.0166527775236175,0.00346792093450554,0.000797023483511163,0.994815297550385
highTRA,DS03,12,100,H0,31.6227766016838,0.957780258257089,0.0152749290459743,0.00303344421485575,0.00149100380408198,0.995470479688645
highTRA,DS03,12,100,H0,100,0.944575903201107,0.0175013168546194,0.00299741185159472,0.00313321885592829,0.995976531450129
highTRA,DS03,12,100,H0,316.227766016838,0.866792986416626,0.0271321969721923,0.00338411915940694,0.00528770038101855,0.996121346283211
highTRA,DS03,12,100,H0,1000,0.703116562284667,0.0405055375861587,0.00420328520414995,0.00591471019009484,0.996112871634406
highTRA,DS03,12,100,TRA4,0.1,-0.113717350551117,0.0784528830720182,0.00586596161104777,0.000809916473747148,0.943974078776286
highTRA,DS03,12,100,TRA4,0.316227766016838,0.484829641549755,0.0533576690265086,0.00541301425099486,0.000777357898336882,0.966680402046047
highTRA,DS03,12,100,TRA4,1,0.818577043807498,0.0316641281839084,0.00482142021977711,0.000751654775070014,0.9887296510871
highTRA,DS03,12,100,TRA4,3.16227766016838,0.914860806716654,0.0216913299621784,0.00413172608471324,0.00074257185443895,0.993455938105115
highTRA,DS03,12,100,TRA4,10,0.941919342956748,0.0179158400189319,0.00347673823151465,0.000769866760923397,0.995381306624216
highTRA,DS03,12,100,TRA4,31.6227766016838,0.950894386051457,0.0164735420182707,0.00312373348900045,0.00149390251152862,0.995877636926359
highTRA,DS03,12,100,TRA4,100,0.939177686395394,0.0183338166339111,0.00299073086331873,0.00308622486650563,0.996388125848604
highTRA,DS03,12,100,TRA4,316.227766016838,0.863253575456134,0.0274902953141181,0.00336651976718681,0.00528996793296587,0.996427786063558
highTRA,DS03,12,100,TRA4,1000,0.698817274993562,0.0407977718091923,0.00421504808122877,0.00598670678419043,0.996146786219091
highTRA,DS03,12,100,MoE_K4,0.1,-0.0980619904591178,0.0778995313062753,0.00603147536545585,0.000787608543624183,0.937912091978892
highTRA,DS03,12,100,MoE_K4,0.316227766016838,0.457953881024079,0.054731775258811,0.00565609438322771,0.00075466722590758,0.965235940246245
highTRA,DS03,12,100,MoE_K4,1,0.806704831392207,0.0326837526321034,0.00505823965079253,0.000727843711875273,0.985921764257701
highTRA,DS03,12,100,MoE_K4,3.16227766016838,0.914299711502124,0.0217626890755151,0.00429657265009756,0.0007192147955999,0.992342256616462
highTRA,DS03,12,100,MoE_K4,10,0.944275413318747,0.0175486957036766,0.00354672888079294,0.000743196050602578,0.995115697070717
highTRA,DS03,12,100,MoE_K4,31.6227766016838,0.951134938459523,0.0164331432241029,0.00313069939044341,0.00134699496031574,0.995776713976953
highTRA,DS03,12,100,MoE_K4,100,0.935645099163116,0.0188587206774253,0.00303691741994072,0.00277344666341077,0.996305083153963
highTRA,DS03,12,100,MoE_K4,316.227766016838,0.859265727522095,0.027888255689545,0.00343619720946095,0.00490148468907016,0.996336541396108
highTRA,DS03,12,100,MoE_K4,1000,0.697121050204912,0.0409124945753652,0.00423079849914036,0.00572549655793857,0.996153404605388
highTRA,DS03,12,100,FreeMLP,0.1,-0.102232807190309,0.0780473356793467,0.00569566589945127,0.000744193089762951,0.936238317035346
highTRA,DS03,12,100,FreeMLP,0.316227766016838,0.457500074824656,0.054754681448571,0.00535933159797574,0.000711403641867349,0.966268710117068
highTRA,DS03,12,100,FreeMLP,1,0.806894276334949,0.032667732341622,0.00479527380023927,0.000684332398418073,0.987085051258016
highTRA,DS03,12,100,FreeMLP,3.16227766016838,0.914084681374488,0.0217899742933218,0.00411115038585855,0.000676151589300433,0.993135900929171
highTRA,DS03,12,100,FreeMLP,10,0.943382938559063,0.0176886658416899,0.0034476038421313,0.000700686991043679,0.995292813414345
highTRA,DS03,12,100,FreeMLP,31.6227766016838,0.95000190091832,0.0166225696664018,0.00308289743732524,0.00129422910997056,0.995875027790893
highTRA,DS03,12,100,FreeMLP,100,0.934225566012715,0.0190655779584891,0.00301207231724986,0.00272670773088833,0.996397413239924
highTRA,DS03,12,100,FreeMLP,316.227766016838,0.857983373216154,0.0280150248374474,0.00343498098903488,0.00486248371752341,0.996405171036174
highTRA,DS03,12,100,FreeMLP,1000,0.696635914401012,0.0409452472219207,0.00423181606168938,0.00569212457011872,0.996159142505352
highTRA,DS03,12,100,MoE_dir,0.1,-0.216053006744417,0.081978065987943,0.00694334884854133,0.000827676182171423,0.932520444056866
highTRA,DS03,12,100,MoE_dir,0.316227766016838,0.412669948199911,0.0569721392086189,0.00578476468339637,0.000798531135720452,0.965779328235956
highTRA,DS03,12,100,MoE_dir,1,0.802126748425854,0.03306853540473,0.00520088308609367,0.000776182485593384,0.987326292741715
highTRA,DS03,12,100,MoE_dir,3.16227766016838,0.914222875744616,0.0217724427070369,0.00441169703935764,0.000770520346338454,0.992829537729632
highTRA,DS03,12,100,MoE_dir,10,0.944905988626557,0.0174491233415352,0.00362869259169563,0.000785234253035775,0.995171130624017
highTRA,DS03,12,100,MoE_dir,31.6227766016838,0.951851561162066,0.0163121993558741,0.00321913057140977,0.00143697787214981,0.995854396724837
highTRA,DS03,12,100,MoE_dir,100,0.936197654409041,0.0187775850592707,0.00319661288427269,0.0028973458601778,0.996287432600414
highTRA,DS03,12,100,MoE_dir,316.227766016838,0.859260143984995,0.0278888089079015,0.00355672671285483,0.00497989661801576,0.99632046914587
highTRA,DS03,12,100,MoE_dir,1000,0.697017679595472,0.0409194755635077,0.00423980518157727,0.00578485521980486,0.996162461746683
highTRA,DS03,12,1000,Z_zero,NaN,0,0.0743398046219976,0.00681447054644978,0,0
highTRA,DS03,12,1000,H0,0.1,0.0274294910144107,0.073313164113941,0.00621485240281811,0.000800113300850366,0.942056252716543
highTRA,DS03,12,1000,H0,0.316227766016838,0.558365202723518,0.0494029699200653,0.00573375035525118,0.000768891720652528,0.96200962054183
highTRA,DS03,12,1000,H0,1,0.845650237128199,0.0292061558702367,0.00492742451200325,0.000747604492334941,0.985037716175932
highTRA,DS03,12,1000,H0,3.16227766016838,0.926639716043006,0.0201350131328619,0.00398506562706756,0.000747433287255394,0.991555263143907
highTRA,DS03,12,1000,H0,10,0.94995518621605,0.0166303333325296,0.00327487845209625,0.000806620717355183,0.994263813984961
highTRA,DS03,12,1000,H0,31.6227766016838,0.957763593090418,0.0152779434429447,0.00284480765181751,0.00145075954637765,0.995186093052003
highTRA,DS03,12,1000,H0,100,0.944678162146257,0.017485164201156,0.00288133614980196,0.003116836063529,0.995831320844063
highTRA,DS03,12,1000,H0,316.227766016838,0.867045611722861,0.0271064568394776,0.00329792962245011,0.00528308577052702,0.99602522635762
highTRA,DS03,12,1000,H0,1000,0.703540918868991,0.0404765785132099,0.00416146900774011,0.00591399021974721,0.995999269608277
highTRA,DS03,12,1000,TRA4,0.1,-0.00594363755805771,0.0745604017476825,0.0062191187707014,0.000804521983306574,0.949405166331831
highTRA,DS03,12,1000,TRA4,0.316227766016838,0.533803175256709,0.0507581834429396,0.00571411982176224,0.000773524668486199,0.966055236917394
highTRA,DS03,12,1000,TRA4,1,0.83239017928994,0.0304348486315227,0.00492597397705444,0.000751753311100577,0.987755827427302
highTRA,DS03,12,1000,TRA4,3.16227766016838,0.917520596916066,0.0213498176466487,0.00406451667839821,0.000746269198731635,0.992792286569672
highTRA,DS03,12,1000,TRA4,10,0.942250863844448,0.0178646355792193,0.00329169455918764,0.000785927103536539,0.994912927150924
highTRA,DS03,12,1000,TRA4,31.6227766016838,0.950846589716339,0.0164815572264047,0.00287744026137111,0.00146480048127684,0.995647330580196
highTRA,DS03,12,1000,TRA4,100,0.939110548175414,0.0183439326608175,0.00286742297275338,0.00306023455851637,0.996240077286122
highTRA,DS03,12,1000,TRA4,316.227766016838,0.863422459954406,0.027473314544477,0.00328309037193575,0.0052778743396851,0.996345201556969
highTRA,DS03,12,1000,TRA4,1000,0.699191245029237,0.0407724352245461,0.00417131688054367,0.00598244157424406,0.996045946770106
highTRA,DS03,12,1000,MoE_K4,0.1,-0.0291076918402686,0.0754139741037046,0.00637804151976538,0.000775291841306736,0.935495156177221
highTRA,DS03,12,1000,MoE_K4,0.316227766016838,0.521174488896475,0.0514410773746217,0.00598124295864935,0.000741140835963469,0.962410617458451
highTRA,DS03,12,1000,MoE_K4,1,0.823868670219611,0.0311989316287655,0.00526771456297054,0.000718156715015505,0.985227951827995
highTRA,DS03,12,1000,MoE_K4,3.16227766016838,0.917545302532405,0.0213466198791556,0.00425140363817586,0.000712040446941329,0.991749000577468
highTRA,DS03,12,1000,MoE_K4,10,0.944860784551221,0.0174562802877987,0.00340321917400263,0.000747760419270133,0.994609895168868
highTRA,DS03,12,1000,MoE_K4,31.6227766016838,0.951287670131407,0.0164074415711834,0.00291816370165686,0.00130456750537311,0.995539538163227
highTRA,DS03,12,1000,MoE_K4,100,0.935743806278196,0.018844252437858,0.00290551092206109,0.00274982954182348,0.996153012235388
highTRA,DS03,12,1000,MoE_K4,316.227766016838,0.859518978936098,0.0278631519238577,0.00334334095614338,0.00489207792466104,0.996242787811635
highTRA,DS03,12,1000,MoE_K4,1000,0.697519443563441,0.0408855784930671,0.00418550580226451,0.00572598100546504,0.996048932876019
highTRA,DS03,12,1000,FreeMLP,0.1,-0.00339243091052599,0.0744657941852857,0.006099745496086,0.000731741407678793,0.940763198757789
highTRA,DS03,12,1000,FreeMLP,0.316227766016838,0.518811117822215,0.0515678716920683,0.0056453848973691,0.000698382721605109,0.963485018924992
highTRA,DS03,12,1000,FreeMLP,1,0.824326556882033,0.0311583514795865,0.0048765069194119,0.000674784280631924,0.986614849113686
highTRA,DS03,12,1000,FreeMLP,3.16227766016838,0.91725276100992,0.0213844542518984,0.00402332858791293,0.000669194501604434,0.992585517626033
highTRA,DS03,12,1000,FreeMLP,10,0.943980818985176,0.0175950211410855,0.0032854161156154,0.000704794564805781,0.994829193008143
highTRA,DS03,12,1000,FreeMLP,31.6227766016838,0.950161134402297,0.0165960788545173,0.0028622388322297,0.00125158076409633,0.995660363186965
highTRA,DS03,12,1000,FreeMLP,100,0.93431166092378,0.0190530960059169,0.0028767197385706,0.00270338305257781,0.996248303532462
highTRA,DS03,12,1000,FreeMLP,316.227766016838,0.858214011481496,0.0279922670718584,0.00334251325503332,0.00485203950579976,0.996307231589635
highTRA,DS03,12,1000,FreeMLP,1000,0.697048501910793,0.0409173941465875,0.00418646393332011,0.00569141985839789,0.996064452565135
highTRA,DS03,12,1000,MoE_dir,0.1,-0.115412273880801,0.078512557579694,0.00658969138241057,0.000811392079787151,0.931990989638628
highTRA,DS03,12,1000,MoE_dir,0.316227766016838,0.478853451294559,0.0536662622223701,0.00611535624139839,0.000786196401542303,0.963507380053332
highTRA,DS03,12,1000,MoE_dir,1,0.818729667019753,0.0316508065572887,0.00538078771669512,0.000766670289268594,0.986396222841714
highTRA,DS03,12,1000,MoE_dir,3.16227766016838,0.91714792851842,0.0213979959486711,0.00432252802825374,0.000763663976838512,0.992153385237125
highTRA,DS03,12,1000,MoE_dir,10,0.945409475200403,0.017369209362776,0.00343324954047223,0.000781726395256837,0.994653648356554
highTRA,DS03,12,1000,MoE_dir,31.6227766016838,0.952032610158685,0.016281501695629,0.00299052107746703,0.00140412912531158,0.995608612869343
highTRA,DS03,12,1000,MoE_dir,100,0.936327823462448,0.0187584203372414,0.00304916359745763,0.00287864078909443,0.996149452306431
highTRA,DS03,12,1000,MoE_dir,316.227766016838,0.859526960092077,0.027862360417224,0.00345640238180472,0.00497050636660462,0.996231838862127
highTRA,DS03,12,1000,MoE_dir,1000,0.697409101523917,0.0408930351488227,0.00419678916037645,0.00578190207157365,0.996061501531343
full,DS03,13,1,Z_zero,NaN,0,0.086761533158548,0.00643143728617267,0,0
full,DS03,13,1,H0,0.1,0.0811877731555538,0.0831650016961852,0.00560409855772527,0.00269501132588459,0.98185211856797
full,DS03,13,1,H0,0.316227766016838,0.0828291275119726,0.083090686046989,0.00560354488412786,0.0027136096662654,0.981862161461025
full,DS03,13,1,H0,1,0.618732702275653,0.0535725101703672,0.00558606217164056,0.00265519292491564,0.970075451077942
full,DS03,13,1,H0,3.16227766016838,0.886832791390268,0.029186869724599,0.00550923671617694,0.00266942840678106,0.975763811254703
full,DS03,13,1,H0,10,0.953509908359373,0.0187071409699426,0.00530659641297274,0.00290002589704199,0.971622250611075
full,DS03,13,1,H0,31.6227766016838,0.97051049543705,0.0148991315918868,0.00532083688042138,0.0031823650482954,0.974731401348292
full,DS03,13,1,H0,100,0.929869667816006,0.0229763038439685,0.00563153135941974,0.00397338392292643,0.978557649850346
full,DS03,13,1,H0,316.227766016838,0.779761877996903,0.0407167837440072,0.00583613288819976,0.00629419455456766,0.980016402778264
full,DS03,13,1,H0,1000,0.547675399334184,0.0583515399595425,0.00596887437071005,0.00714894233312156,0.981735207679401
full,DS03,13,1,TRA4,0.1,0.536648270298697,0.0590585271674408,0.00538856630966015,0.00274834764162469,0.894180510358528
full,DS03,13,1,TRA4,0.316227766016838,0.553302186505223,0.0579874660349437,0.00537997816927508,0.00274672513439612,0.89700909923417
full,DS03,13,1,TRA4,1,0.706076245144361,0.0470375357434284,0.0053627162446418,0.00272061094300954,0.950803925427466
full,DS03,13,1,TRA4,3.16227766016838,0.903560270511693,0.0269435743872999,0.00535755396099999,0.00269966164845079,0.976760179990877
full,DS03,13,1,TRA4,10,0.969760527882282,0.0150873970812008,0.00537731264801896,0.00289798697373103,0.981257199551841
full,DS03,13,1,TRA4,31.6227766016838,0.97717225016785,0.0131086742094195,0.00547375052352021,0.00321676493238741,0.982136040776482
full,DS03,13,1,TRA4,100,0.932279256860275,0.0225781355178626,0.00555502838304056,0.00440480268449455,0.982752361092823
full,DS03,13,1,TRA4,316.227766016838,0.7843562856316,0.0402898471406413,0.00569653158607513,0.00680270145443517,0.981964893119222
full,DS03,13,1,TRA4,1000,0.550093419981953,0.0581953641740542,0.00586937507548939,0.00758892305425866,0.980599679177775
full,DS03,13,1,MoE_K4,0.1,0.495492065656991,0.06162560815639,0.00552792134410626,0.0027751797383401,0.874019249503796
full,DS03,13,1,MoE_K4,0.316227766016838,0.522029445139943,0.0599829456416884,0.00551573691151555,0.00277140363138059,0.888504083089207
full,DS03,13,1,MoE_K4,1,0.646537052189277,0.0515821173724099,0.00549076720425324,0.00275311322689108,0.945403515849166
full,DS03,13,1,MoE_K4,3.16227766016838,0.858758562091774,0.0326068077538633,0.00545668585719308,0.00269175722672681,0.973237177740676
full,DS03,13,1,MoE_K4,10,0.966640551417755,0.0158466202095415,0.00545943373619443,0.00282617556468408,0.984472598882015
full,DS03,13,1,MoE_K4,31.6227766016838,0.977254036884375,0.013085170415989,0.00549463413355668,0.00314768189129054,0.98550915217595
full,DS03,13,1,MoE_K4,100,0.931765627665264,0.0226635959175444,0.00555158818397185,0.00414631307893203,0.985560288421594
full,DS03,13,1,MoE_K4,316.227766016838,0.786862154179381,0.0400550708108139,0.00568266739281195,0.00637836697404243,0.983787738871398
full,DS03,13,1,MoE_K4,1000,0.554962926934301,0.0578795722849689,0.00585496029177048,0.00732240754923683,0.981799978628617
full,DS03,13,1,FreeMLP,0.1,0.514537301616208,0.0604512312116045,0.0055433353092459,0.00264649472525315,0.880655669888999
full,DS03,13,1,FreeMLP,0.316227766016838,0.54836490749258,0.0583070484513683,0.00553174059555357,0.00264255634304073,0.900453571479709
full,DS03,13,1,FreeMLP,1,0.671749516515659,0.0497084138047404,0.00550472044567339,0.0026234358209571,0.949603892100738
full,DS03,13,1,FreeMLP,3.16227766016838,0.890374830461388,0.0287264762860254,0.0054715099921691,0.00255426155884464,0.977963584875057
full,DS03,13,1,FreeMLP,10,0.97000177889594,0.0150270928102633,0.00546481377749713,0.00273139462962074,0.983042432231144
full,DS03,13,1,FreeMLP,31.6227766016838,0.977900139580251,0.0128979884345141,0.00550644448694377,0.00306434375464636,0.98397909238818
full,DS03,13,1,FreeMLP,100,0.931961832423842,0.0226309884032459,0.00555927586540717,0.0041487169232074,0.98400032186991
full,DS03,13,1,FreeMLP,316.227766016838,0.786982096852663,0.0400437987902436,0.00568319721886279,0.00639033350307284,0.983161812705698
full,DS03,13,1,FreeMLP,1000,0.55481149958598,0.0578894184362882,0.00585001150911934,0.00733552380610077,0.981843111799499
full,DS03,13,1,MoE_dir,0.1,0.506319936039503,0.0609607094553366,0.00553873737200691,0.00246423099687168,0.879504281123992
full,DS03,13,1,MoE_dir,0.316227766016838,0.54979181280171,0.0582148673329516,0.00553223946019078,0.00246013412385604,0.907522394905987
full,DS03,13,1,MoE_dir,1,0.675970266982041,0.0493877964203289,0.00550867401878062,0.00244387493301384,0.952390026130875
full,DS03,13,1,MoE_dir,3.16227766016838,0.873847642830679,0.0308159033037524,0.00548371843584915,0.00241049384135352,0.975208212423548
full,DS03,13,1,MoE_dir,10,0.968450822052202,0.0154106600983289,0.00547785202554906,0.00258562974816022,0.984304195471937
full,DS03,13,1,MoE_dir,31.6227766016838,0.977936986093832,0.0128872317113146,0.0055182371915297,0.00299511145056189,0.985085018079216
full,DS03,13,1,MoE_dir,100,0.933651563338544,0.0223482008027419,0.00555594868148127,0.00410369476896313,0.985429557244732
full,DS03,13,1,MoE_dir,316.227766016838,0.788047779610987,0.0399435079427736,0.00568694914055296,0.00638639264679034,0.983870539728356
full,DS03,13,1,MoE_dir,1000,0.55451304325472,0.057908819845666,0.00585998703525382,0.00732314812061474,0.981974870654386
full,DS03,13,10,Z_zero,NaN,0,0.086761533158548,0.00643143728617267,0,0
full,DS03,13,10,H0,0.1,0.134261002855868,0.0807273521997852,0.0078253688135,0.00114014100794638,0.938422533870277
full,DS03,13,10,H0,0.316227766016838,0.728013983046611,0.045248116543396,0.0078260428908116,0.00104727767685218,0.984184386240281
full,DS03,13,10,H0,1,0.912429145394141,0.0256747966049668,0.00673383886277103,0.00100770986278395,0.983855481604742
full,DS03,13,10,H0,3.16227766016838,0.981229943187743,0.0118866646754257,0.00569547855399148,0.0010083829605143,0.98587487399102
full,DS03,13,10,H0,10,0.991218129670471,0.0081305650325683,0.00437090350023424,0.000956169648284714,0.985994471523334
full,DS03,13,10,H0,31.6227766016838,0.985426176520882,0.0104740337816531,0.00358156946745593,0.00103106621242085,0.989627039315967
full,DS03,13,10,H0,100,0.940215760092587,0.0212139027605541,0.00345122718989612,0.00308743638791298,0.99242928900527
full,DS03,13,10,H0,316.227766016838,0.790325684716144,0.0397282865366546,0.00369420281604465,0.00581866367129182,0.993275804312686
full,DS03,13,10,H0,1000,0.552406211957399,0.0580455917583648,0.00434111277336636,0.0069485014683801,0.993671897938304
full,DS03,13,10,TRA4,0.1,0.334300219075432,0.0707891055417108,0.00823186512389162,0.00109205069402527,0.964249209371761
full,DS03,13,10,TRA4,0.316227766016838,0.751814072627628,0.0432230882961945,0.0082319396852432,0.00102636941358859,0.985303999715086
full,DS03,13,10,TRA4,1,0.908674011701281,0.0262195001581112,0.00719245873638696,0.000996774543581165,0.985132602511183
full,DS03,13,10,TRA4,3.16227766016838,0.978907209533321,0.0126006873820122,0.00597372626451421,0.000976176003918432,0.985548194450352
full,DS03,13,10,TRA4,10,0.992433834722179,0.00754683977632083,0.00460082468923886,0.000935910437936157,0.985479704328953
full,DS03,13,10,TRA4,31.6227766016838,0.989015995030968,0.00909300810418461,0.0036763351886294,0.00117729572899284,0.989129150755498
full,DS03,13,10,TRA4,100,0.946073866015168,0.0201477642733745,0.0033601671402685,0.00342509934119278,0.993387006115964
full,DS03,13,10,TRA4,316.227766016838,0.792327752000812,0.0395381595708449,0.00360958422555021,0.00629854815698145,0.994095944356755
full,DS03,13,10,TRA4,1000,0.550739409901659,0.0581535698054898,0.00429565963924073,0.00735780157453991,0.993813985969939
full,DS03,13,10,MoE_K4,0.1,0.228974469482052,0.0761836186195651,0.0077633965132901,0.00109316093030958,0.949966198277216
full,DS03,13,10,MoE_K4,0.316227766016838,0.718503307417014,0.046032426253111,0.00776429356495362,0.00101509793155323,0.986802038751773
full,DS03,13,10,MoE_K4,1,0.903300482125858,0.0269798401472328,0.00667940418458892,0.00097455251711499,0.985798985046564
full,DS03,13,10,MoE_K4,3.16227766016838,0.978412133483627,0.0127477072043542,0.00559338092135141,0.000949649384789905,0.986086656217403
full,DS03,13,10,MoE_K4,10,0.991381706234703,0.00805448662251064,0.00453380730160925,0.00092408057744675,0.987164795780699
full,DS03,13,10,MoE_K4,31.6227766016838,0.984466964631575,0.0108132285741307,0.00363522536470466,0.00102178864033182,0.99057493008829
full,DS03,13,10,MoE_K4,100,0.939276127839069,0.0213799628605164,0.0034077651055968,0.00302259168431685,0.99338718350343
full,DS03,13,10,MoE_K4,316.227766016838,0.791916463623566,0.0395772922479807,0.00367086984256909,0.00579046027361468,0.993879152410022
full,DS03,13,10,MoE_K4,1000,0.555306374725939,0.0578572343167537,0.00433561945807789,0.00703174028813205,0.99355560506462
full,DS03,13,10,FreeMLP,0.1,0.259425240191162,0.0746640718933317,0.00781128650382667,0.00108721809698225,0.944881215214655
full,DS03,13,10,FreeMLP,0.316227766016838,0.735703758170546,0.0446038874890141,0.00781186340079516,0.00101302383704236,0.986302248063655
full,DS03,13,10,FreeMLP,1,0.910561738355055,0.0259471040007838,0.00665055309779507,0.000975359404740179,0.985092875100082
full,DS03,13,10,FreeMLP,3.16227766016838,0.980122085119664,0.012232426955153,0.00561606811171647,0.000950007471883102,0.985947055312719
full,DS03,13,10,FreeMLP,10,0.991750011639419,0.00788050203862143,0.0045505429073198,0.00091815752999771,0.986512443576135
full,DS03,13,10,FreeMLP,31.6227766016838,0.984790891813888,0.0106998845656437,0.00363558179996611,0.00102534429581158,0.98931719252941
full,DS03,13,10,FreeMLP,100,0.939826542418032,0.0212828459362869,0.00340121403358678,0.00303545574424543,0.992957198113866
full,DS03,13,10,FreeMLP,316.227766016838,0.79160885198373,0.0396065351662591,0.0036591825510683,0.00580921585383011,0.993961409808459
full,DS03,13,10,FreeMLP,1000,0.554177085114019,0.0579306513186324,0.00433027027377439,0.0070454347884505,0.993690050727632
full,DS03,13,10,MoE_dir,0.1,0.235784761567439,0.0758464161244201,0.00775663773261209,0.000934488557292913,0.949775121496991
full,DS03,13,10,MoE_dir,0.316227766016838,0.722469804365884,0.045706960176251,0.00775856677145359,0.000861315546551058,0.987916644276422
full,DS03,13,10,MoE_dir,1,0.905199689940465,0.0267135801922496,0.0065264166538251,0.000809402616876961,0.985784725700779
full,DS03,13,10,MoE_dir,3.16227766016838,0.978608761837786,0.0126895195543158,0.00546950014434889,0.000784972034314719,0.985985196709187
full,DS03,13,10,MoE_dir,10,0.991933091662624,0.0077925711966947,0.00442833420337389,0.000799093523597794,0.987163934366077
full,DS03,13,10,MoE_dir,31.6227766016838,0.985645249879626,0.0103950129875007,0.0035891576801387,0.00106654128615412,0.99006061021636
full,DS03,13,10,MoE_dir,100,0.941160443473038,0.0210456291441243,0.00337631281329815,0.00305409059112211,0.993121775690778
full,DS03,13,10,MoE_dir,316.227766016838,0.793035382088876,0.0394707401974035,0.00365035828663327,0.00581039503610498,0.993837795025537
full,DS03,13,10,MoE_dir,1000,0.554844774891404,0.0578872549436625,0.00432956527867925,0.0070365830194986,0.993564270158291
full,DS03,13,100,Z_zero,NaN,0,0.086761533158548,0.00643143728617267,0,0
full,DS03,13,100,H0,0.1,0.325506345122479,0.0712551325111636,0.007245997476173,0.000350717738012607,0.965387394968905
full,DS03,13,100,H0,0.316227766016838,0.803620553360732,0.0384481310518969,0.00723981221483474,0.000292696709801159,0.982727947593278
full,DS03,13,100,H0,1,0.946087621504821,0.0201451944615027,0.00557376094397049,0.00027774084757781,0.986144956801421
full,DS03,13,100,H0,3.16227766016838,0.990309048063767,0.00854103374268163,0.0031628684076605,0.000297100101221304,0.987327017498314
full,DS03,13,100,H0,10,0.994112795743042,0.00665704924741523,0.00290677324446376,0.000380738079661707,0.99080683101392
full,DS03,13,100,H0,31.6227766016838,0.987246002916052,0.00979829192579266,0.00291237542469236,0.000887130680459923,0.993699884028368
full,DS03,13,100,H0,100,0.943326893091445,0.0206545495885342,0.00294703243333092,0.00280411301147415,0.995279790211905
full,DS03,13,100,H0,316.227766016838,0.793418582470417,0.0394341827159323,0.00345375431035561,0.00566611315351671,0.995637299510823
full,DS03,13,100,H0,1000,0.554960307756394,0.0578797426041211,0.00431958622588915,0.00690097647641897,0.995431017214225
full,DS03,13,100,TRA4,0.1,0.469259871926978,0.0632074369695532,0.00763285123086404,0.000305185250564865,0.977997610726079
full,DS03,13,100,TRA4,0.316227766016838,0.82632978939376,0.0361567913678715,0.0076301939138617,0.000278107489459622,0.988171797572272
full,DS03,13,100,TRA4,1,0.951567692681431,0.0190939067605321,0.00618131335018262,0.000261406551147439,0.987088404610466
full,DS03,13,100,TRA4,3.16227766016838,0.990703225719611,0.00836552807689744,0.00383667424254693,0.000275413755471818,0.988692124804954
full,DS03,13,100,TRA4,10,0.996319815589191,0.00526334706671166,0.00297514727702209,0.000406258065901514,0.992534590944951
full,DS03,13,100,TRA4,31.6227766016838,0.991382782652449,0.00805398360745299,0.00289138822568254,0.000993331752328915,0.995354544732701
full,DS03,13,100,TRA4,100,0.948141902733723,0.0197576599630347,0.00289614874485294,0.00310519062821519,0.996197083096943
full,DS03,13,100,TRA4,316.227766016838,0.795191352864927,0.0392646166989671,0.00341443573712251,0.0060933199452065,0.996033857421095
full,DS03,13,100,TRA4,1000,0.553930448624288,0.0579466731924481,0.00431362159446535,0.00726445211345473,0.995237244904791
full,DS03,13,100,MoE_K4,0.1,0.452419646407197,0.0642023828023942,0.00725559149565602,0.0003201933459322,0.972060771699529
full,DS03,13,100,MoE_K4,0.316227766016838,0.833384544071901,0.0354148054808092,0.00725345316555016,0.000284455597061706,0.990329563718095
full,DS03,13,100,MoE_K4,1,0.9498279198299,0.0194338242822151,0.00640613068580939,0.000262923816953683,0.987129430769791
full,DS03,13,100,MoE_K4,3.16227766016838,0.989795000867099,0.00876463235843133,0.00415988963572675,0.000271763047992992,0.988965553161376
full,DS03,13,100,MoE_K4,10,0.994780721565272,0.00626804997998044,0.00301804063674583,0.000399041775718843,0.99215434037062
full,DS03,13,100,MoE_K4,31.6227766016838,0.986712875084375,0.010000983868707,0.00290642612474244,0.000871941666012934,0.995014325100569
full,DS03,13,100,MoE_K4,100,0.941901506667044,0.0209126781097213,0.00292397672023035,0.00273565385020624,0.995932810707743
full,DS03,13,100,MoE_K4,316.227766016838,0.794469192263011,0.0393337798133252,0.00343216158935122,0.00562908202133405,0.995954588922255
full,DS03,13,100,MoE_K4,1000,0.557626371884387,0.0577061143774048,0.00431593426362052,0.00697421179456024,0.995446617448052
full,DS03,13,100,FreeMLP,0.1,0.426449829893429,0.0657071944609443,0.00728485778691704,0.00031874263102458,0.967314815988798
full,DS03,13,100,FreeMLP,0.316227766016838,0.825280342996068,0.0362658701337912,0.00728116792565222,0.000281884059310269,0.988185720939528
full,DS03,13,100,FreeMLP,1,0.950586310328042,0.0192863862217963,0.00579283417244871,0.000260338219323369,0.987554078211776
full,DS03,13,100,FreeMLP,3.16227766016838,0.990430566954277,0.00848731501785633,0.00362993061028197,0.000268751311545452,0.988378004445797
full,DS03,13,100,FreeMLP,10,0.99501292706687,0.006127030998911,0.0029401878036472,0.000397181367112987,0.992153513919013
full,DS03,13,100,FreeMLP,31.6227766016838,0.987015329077109,0.00988650275197798,0.00289661352070432,0.000871382459223383,0.995088582071659
full,DS03,13,100,FreeMLP,100,0.942247046517843,0.0208503964591838,0.00292220938985352,0.00273994186532752,0.996089139222108
full,DS03,13,100,FreeMLP,316.227766016838,0.794155524398396,0.0393637827096763,0.00343522912601185,0.00563570268795061,0.996036793831047
full,DS03,13,100,FreeMLP,1000,0.556802480130818,0.0577598262994472,0.00431927023852408,0.00698091951820219,0.995451139712634
full,DS03,13,100,MoE_dir,0.1,0.444683522436828,0.0646543124856205,0.00723300463921977,0.000174034629508216,0.972595666641417
full,DS03,13,100,MoE_dir,0.316227766016838,0.830698880772249,0.0356990889048532,0.0072308961295347,0.000136406400051035,0.989899100903592
full,DS03,13,100,MoE_dir,1,0.949783633017631,0.0194423994925937,0.00621190752820088,0.000120841320592932,0.987488687729792
full,DS03,13,100,MoE_dir,3.16227766016838,0.99001025699289,0.00867170261214727,0.00402708934153447,0.000141956256529876,0.98906824408915
full,DS03,13,100,MoE_dir,10,0.995040942254581,0.00610979727596138,0.00299075833008368,0.000292089030545828,0.991664734505204
full,DS03,13,100,MoE_dir,31.6227766016838,0.987936764875501,0.00952925863097246,0.00289505377982138,0.000884273677459709,0.994916981093873
full,DS03,13,100,MoE_dir,100,0.943849704623271,0.0205590593566377,0.00291537134315982,0.00277363929252015,0.995951285547435
full,DS03,13,100,MoE_dir,316.227766016838,0.795621071136138,0.0392234036371743,0.00341617149409314,0.00565189167543883,0.995956774937826
full,DS03,13,100,MoE_dir,1000,0.557186279288121,0.0577348115227049,0.00431240875719761,0.00697943895293862,0.995428339104749
full,DS03,13,1000,Z_zero,NaN,0,0.086761533158548,0.00643143728617267,0,0
full,DS03,13,1000,H0,0.1,0.479587075830034,0.0625894671945498,0.007057279404429,0.000192996234085709,0.985364877139986
full,DS03,13,1000,H0,0.316227766016838,0.863157378559825,0.0320950391962833,0.00676180968599022,0.00013507518181906,0.986674197310206
full,DS03,13,1000,H0,1,0.965412245180312,0.0161357220300896,0.00519743187834432,0.000115553115338031,0.985622107281419
full,DS03,13,1000,H0,3.16227766016838,0.992342758132416,0.00759212588374609,0.0031308217456651,0.000145099526525649,0.987962967683896
full,DS03,13,1000,H0,10,0.994392312055969,0.00649709380028079,0.00335970415315883,0.000252657086146233,0.992262638127069
full,DS03,13,1000,H0,31.6227766016838,0.98740430080373,0.00973729568412653,0.00332066983370305,0.000891527376003483,0.994459949707469
full,DS03,13,1000,H0,100,0.943163452309987,0.0206843111944382,0.00325066253361808,0.00289230060923179,0.995730619313166
full,DS03,13,1000,H0,316.227766016838,0.793381957658964,0.0394376782033679,0.00355994598590523,0.00568274367942707,0.995816989356822
full,DS03,13,1000,H0,1000,0.555132207393442,0.0578685633004866,0.00436024281003607,0.00690602892262707,0.995548193183096
full,DS03,13,1000,TRA4,0.1,0.462945700877338,0.0635823121052148,0.00739764200884966,0.000220399054542284,0.979328992718843
full,DS03,13,1000,TRA4,0.316227766016838,0.84053457442924,0.0346465891355729,0.00739524624070245,0.000172515200876534,0.989681658312466
full,DS03,13,1000,TRA4,1,0.955959670298995,0.0182075913941327,0.00613619120589703,0.000152781945874228,0.98727065133103
full,DS03,13,1000,TRA4,3.16227766016838,0.992110259965215,0.00770652452039912,0.00326467835853108,0.000169862253658666,0.989129711299538
full,DS03,13,1000,TRA4,10,0.996408634987901,0.00519944503468988,0.00322185038160191,0.000280918045757645,0.993144743773754
full,DS03,13,1000,TRA4,31.6227766016838,0.99124473911739,0.00811823770555054,0.00323660616362816,0.000993187774125313,0.995565610296426
full,DS03,13,1000,TRA4,100,0.947960099488064,0.0197922626982325,0.00318389680108311,0.00318479628004385,0.996664631249068
full,DS03,13,1000,TRA4,316.227766016838,0.79522988911455,0.0392609225623325,0.0034991312024853,0.00610606788707268,0.996252561648175
full,DS03,13,1000,TRA4,1000,0.554202489516023,0.0579290007591038,0.00434759989622269,0.00726651409950216,0.995384701432728
full,DS03,13,1000,MoE_K4,0.1,0.456020593154449,0.063990933746237,0.00703563429643098,0.000235387143375389,0.973781527460573
full,DS03,13,1000,MoE_K4,0.316227766016838,0.847592352355188,0.0338712011340418,0.0070338698324663,0.000176970614430575,0.991467453981804
full,DS03,13,1000,MoE_K4,1,0.956966678596756,0.0179982239493873,0.00605487410653246,0.000156000141833259,0.988400354120143
full,DS03,13,1000,MoE_K4,3.16227766016838,0.991451613930773,0.00802175293320525,0.0034045198993098,0.00016747289668351,0.989776503646339
full,DS03,13,1000,MoE_K4,10,0.99485179761889,0.00622522457706744,0.00320523920888031,0.000270816890280322,0.993350395587387
full,DS03,13,1000,MoE_K4,31.6227766016838,0.986563818646818,0.0100569234938529,0.00323541612688882,0.000849774866226298,0.995537372519916
full,DS03,13,1000,MoE_K4,100,0.941574749522968,0.0209714041236244,0.00321443444865591,0.00281234757887777,0.99648088016476
full,DS03,13,1000,MoE_K4,316.227766016838,0.794547828733304,0.039326254504706,0.00352654112609038,0.00563090704903799,0.996304543700064
full,DS03,13,1000,MoE_K4,1000,0.557991764977615,0.0576822773196126,0.00435183278661902,0.00696515684949382,0.995590490710733
full,DS03,13,1000,FreeMLP,0.1,0.483412602909973,0.0623589969864979,0.00706136308410247,0.000231092478643249,0.978495587298173
full,DS03,13,1000,FreeMLP,0.316227766016838,0.853961126287774,0.0331559484135462,0.00705945090422131,0.000175199862286011,0.990123173360877
full,DS03,13,1000,FreeMLP,1,0.957395543655673,0.017908315283969,0.00591964744351961,0.000154579544577849,0.9882352824766
full,DS03,13,1000,FreeMLP,3.16227766016838,0.992276628821562,0.00762483888553129,0.00327965833061803,0.000166160847515631,0.989917762833983
full,DS03,13,1000,FreeMLP,10,0.994959921868486,0.00615950556988882,0.00323266706851724,0.000269887339614835,0.992923035801813
full,DS03,13,1000,FreeMLP,31.6227766016838,0.986811487901123,0.00996380269218217,0.00325260865716542,0.000852911093216416,0.995322338572453
full,DS03,13,1000,FreeMLP,100,0.941918702345583,0.0209095830698833,0.00321197367881813,0.00281964709551409,0.996537368473291
full,DS03,13,1000,FreeMLP,316.227766016838,0.794218634731737,0.0393577479305448,0.00352164336652573,0.00563848839573459,0.996374205613256
full,DS03,13,1000,FreeMLP,1000,0.557123347054726,0.0577389139831527,0.00435172087218226,0.00697296843508326,0.99562185447627
full,DS03,13,1000,MoE_dir,0.1,0.417138187445054,0.066238428310267,0.00701572446390947,0.000148526760648421,0.971614332052656
full,DS03,13,1000,MoE_dir,0.316227766016838,0.835004882632428,0.0352421799214704,0.00701378436388746,0.00013393217363769,0.991326153916536
full,DS03,13,1000,MoE_dir,1,0.955857157403023,0.0182287700277238,0.00602760798795047,0.000125911181259871,0.988622885838062
full,DS03,13,1000,MoE_dir,3.16227766016838,0.991500588515645,0.00799874120204025,0.00336498245063405,0.000127709363790836,0.989699024668662
full,DS03,13,1000,MoE_dir,10,0.995132329994451,0.00605323844945233,0.00318176992240451,0.000258144026558223,0.992685088648151
full,DS03,13,1000,MoE_dir,31.6227766016838,0.987781616547144,0.009590341963178,0.00322240371110285,0.000883604868447774,0.995377500638037
full,DS03,13,1000,MoE_dir,100,0.943501774668798,0.0206226571154865,0.00318936529092689,0.00285335398817956,0.996463828275825
full,DS03,13,1000,MoE_dir,316.227766016838,0.795700832669235,0.0392157491687792,0.00351357245411666,0.00566197826880504,0.996330837943831
full,DS03,13,1000,MoE_dir,1000,0.557561086466802,0.0577103723491151,0.00434771499890444,0.00696813085528055,0.995577200257953
highTRA,DS03,13,1,Z_zero,NaN,0,0.0867938667969072,0.0064721927097346,0,0
highTRA,DS03,13,1,H0,0.1,-0.138533011290817,0.0926108458784839,0.0082154331910132,0.00110548969024393,0.992022631534134
highTRA,DS03,13,1,H0,0.316227766016838,-0.129583069103901,0.0922461234458556,0.00821029882344943,0.00110573156719326,0.864108200767142
highTRA,DS03,13,1,H0,1,0.69878242256924,0.0476353316175246,0.0080765202337917,0.00102725038197842,0.990120643805911
highTRA,DS03,13,1,H0,3.16227766016838,0.929544287069813,0.023038125734202,0.00751354278283408,0.00097360379664764,0.991941858936009
highTRA,DS03,13,1,H0,10,0.976834272663995,0.0132102795310409,0.00662215659846406,0.000950808176093754,0.991813805460207
highTRA,DS03,13,1,H0,31.6227766016838,0.988778508388256,0.00919420815464287,0.00602488040780635,0.000573649125981552,0.99150558640965
highTRA,DS03,13,1,H0,100,0.974482201139042,0.0138647052776373,0.00527878277825992,0.00237166833915764,0.992412404341179
highTRA,DS03,13,1,H0,316.227766016838,0.846025845005304,0.0340575146382145,0.00477568060605179,0.0057102795481435,0.993109858911633
highTRA,DS03,13,1,H0,1000,0.601014516033862,0.0548236043897354,0.0049915772736679,0.0074833751703892,0.993286879668888
highTRA,DS03,13,1,TRA4,0.1,0.0530772936262216,0.0844590714814205,0.00766534791720923,0.000810677168549762,0.992603830379328
highTRA,DS03,13,1,TRA4,0.316227766016838,0.0547032741682206,0.0843865271179255,0.00766362244245301,0.000811687486498553,0.767252635190663
highTRA,DS03,13,1,TRA4,1,0.741436651227648,0.044133921601905,0.00759977569644696,0.000758185342259159,0.989366865043661
highTRA,DS03,13,1,TRA4,3.16227766016838,0.944603894118609,0.020428132006941,0.00729466752006783,0.000757373376692468,0.989662221159024
highTRA,DS03,13,1,TRA4,10,0.986159443099963,0.0102109422466916,0.00638132399771942,0.000779259957289341,0.990701214596794
highTRA,DS03,13,1,TRA4,31.6227766016838,0.990697640147976,0.00837115927426513,0.00580535388115151,0.000621458237500829,0.992553532130781
highTRA,DS03,13,1,TRA4,100,0.96729937652543,0.0156952072141986,0.00537972817448255,0.00182260584915277,0.99297351764591
highTRA,DS03,13,1,TRA4,316.227766016838,0.849483684288119,0.0336729237490397,0.00480842642040987,0.00494624282784837,0.993372436738376
highTRA,DS03,13,1,TRA4,1000,0.615121559088105,0.0538456754976541,0.00501725576634019,0.00689963353366881,0.993215140349879
highTRA,DS03,13,1,MoE_K4,0.1,0.148057858808783,0.0801113569140013,0.00744787470294999,0.000754980402959321,0.992286102291493
highTRA,DS03,13,1,MoE_K4,0.316227766016838,0.165687551594075,0.0792781302764307,0.00744101451632981,0.000754429938237679,0.854121110295819
highTRA,DS03,13,1,MoE_K4,1,0.74859732751219,0.0435185064788303,0.00736899013559945,0.000729181312429463,0.990193576976228
highTRA,DS03,13,1,MoE_K4,3.16227766016838,0.940549612005364,0.0211624713874045,0.00709178617264373,0.000736177971656549,0.990354550438274
highTRA,DS03,13,1,MoE_K4,10,0.984380785741555,0.0108472244961055,0.00636543565811876,0.000757075725748265,0.991823809393762
highTRA,DS03,13,1,MoE_K4,31.6227766016838,0.986791780763012,0.00997496020504124,0.00584686972833948,0.000577999565720286,0.992591609044399
highTRA,DS03,13,1,MoE_K4,100,0.96049499354696,0.0172510329944048,0.00558291247821459,0.00156371871714026,0.992890354150164
highTRA,DS03,13,1,MoE_K4,316.227766016838,0.846627868208129,0.033990868729741,0.00497743145525662,0.00450342352253748,0.993271720375272
highTRA,DS03,13,1,MoE_K4,1000,0.61849244504268,0.0536093582776444,0.0050221352345261,0.00659961527655708,0.993361467360791
highTRA,DS03,13,1,FreeMLP,0.1,0.133051236502042,0.0808138417803755,0.00747539049172985,0.000742068599444562,0.992713337239531
highTRA,DS03,13,1,FreeMLP,0.316227766016838,0.137397880251304,0.0806109979712122,0.00747385085965821,0.000742983819962741,0.767408702733652
highTRA,DS03,13,1,FreeMLP,1,0.688114206244785,0.0484715417762487,0.00746520192346913,0.000725570950353239,0.988492458221284
highTRA,DS03,13,1,FreeMLP,3.16227766016838,0.933321354629498,0.0224120932812319,0.00728540022249766,0.00073215055984324,0.990783271841651
highTRA,DS03,13,1,FreeMLP,10,0.984626235140821,0.0107616572103757,0.006531632280926,0.000731109480224447,0.991803843618897
highTRA,DS03,13,1,FreeMLP,31.6227766016838,0.987238612797005,0.0098047828657434,0.00595535281570097,0.000556148441642598,0.992700613635031
highTRA,DS03,13,1,FreeMLP,100,0.96084551558788,0.0171743295469873,0.00565475228655644,0.00157291747922647,0.993032228615431
highTRA,DS03,13,1,FreeMLP,316.227766016838,0.846467604232615,0.034008623224507,0.00498330120933438,0.00451471675686529,0.993405640903071
highTRA,DS03,13,1,FreeMLP,1000,0.618029897040991,0.0536418470051927,0.00502087340653533,0.00660245422859285,0.99335021741957
highTRA,DS03,13,1,MoE_dir,0.1,0.145649217955255,0.0802245238092414,0.00743919582883163,0.000566333018271036,0.992275704127009
highTRA,DS03,13,1,MoE_dir,0.316227766016838,0.150904625333218,0.0799773987780121,0.00743762085653564,0.000569401791985043,0.767155959411967
highTRA,DS03,13,1,MoE_dir,1,0.743349771233737,0.0439703441828848,0.00736749972051148,0.000555006784087417,0.990270660392635
highTRA,DS03,13,1,MoE_dir,3.16227766016838,0.939380538374319,0.0213695351339198,0.00708390380346466,0.000560602803168208,0.990291484209925
highTRA,DS03,13,1,MoE_dir,10,0.98484685995807,0.0106841593252243,0.00636051433004525,0.000602850543167212,0.991782487554394
highTRA,DS03,13,1,MoE_dir,31.6227766016838,0.988350757261031,0.00936780592363338,0.00576505120191344,0.000467125868165587,0.992650008625833
highTRA,DS03,13,1,MoE_dir,100,0.963015671101944,0.0166915976899573,0.00550648215328647,0.00162538873535647,0.992906756033216
highTRA,DS03,13,1,MoE_dir,316.227766016838,0.84849524967416,0.0337833071951456,0.00495053794870961,0.00454616168390572,0.993307259750868
highTRA,DS03,13,1,MoE_dir,1000,0.618349520143715,0.0536193992251071,0.00501765754383746,0.00661791874512703,0.993380297424072
highTRA,DS03,13,10,Z_zero,NaN,0,0.0867938667969072,0.0064721927097346,0,0
highTRA,DS03,13,10,H0,0.1,-0.128734608081975,0.0922114726330902,0.0073286415890404,0.00111783190692471,0.99343708852298
highTRA,DS03,13,10,H0,0.316227766016838,-0.118986734495462,0.0918124351300058,0.00732715347163753,0.00111970977604735,0.927151898254828
highTRA,DS03,13,10,H0,1,0.785616967771955,0.0401868755444646,0.00731838073636012,0.00110820871442736,0.986648013306057
highTRA,DS03,13,10,H0,3.16227766016838,0.95302313553664,0.0188118302055862,0.00588775699052366,0.00110662461999678,0.989728818959138
highTRA,DS03,13,10,H0,10,0.982185679224058,0.0115844033725157,0.00449569694568616,0.000979044591816442,0.992415067898942
highTRA,DS03,13,10,H0,31.6227766016838,0.991665617342798,0.00792365860489889,0.00435365992812399,0.000905444821543643,0.994605505951569
highTRA,DS03,13,10,H0,100,0.97352710917063,0.0141217891102495,0.00418754061154252,0.00301070297043715,0.995383631642399
highTRA,DS03,13,10,H0,316.227766016838,0.840957060995137,0.0346135571981174,0.00432564412146769,0.00616603105452379,0.99555622967912
highTRA,DS03,13,10,H0,1000,0.596204732461394,0.0551530646578582,0.00470882285863683,0.00769424589241293,0.995342567334973
highTRA,DS03,13,10,TRA4,0.1,0.0683082611068895,0.0837770685049119,0.00691796328803055,0.000871796520996579,0.994077172761434
highTRA,DS03,13,10,TRA4,0.316227766016838,0.0689685760644919,0.0837473757137435,0.00691661536875967,0.000873517687861956,0.994073583193506
highTRA,DS03,13,10,TRA4,1,0.768020270405175,0.0418036358733292,0.00691103260072698,0.00086594089539264,0.988340808132799
highTRA,DS03,13,10,TRA4,3.16227766016838,0.959366701620311,0.0174956497525059,0.00555496881127423,0.000866764727271451,0.991077420291027
highTRA,DS03,13,10,TRA4,10,0.992197900078948,0.00766645853828173,0.00428478759516673,0.000826380933843201,0.994431115402611
highTRA,DS03,13,10,TRA4,31.6227766016838,0.993139435428976,0.00718900797492398,0.00414257446763147,0.000835376304704305,0.995710947960399
highTRA,DS03,13,10,TRA4,100,0.965539896518303,0.0161119210788477,0.0041649620954075,0.00245159110997414,0.995705554113307
highTRA,DS03,13,10,TRA4,316.227766016838,0.844047551263645,0.0342756055659099,0.00430659021591128,0.00537583412437412,0.995702315603893
highTRA,DS03,13,10,TRA4,1000,0.610234279048864,0.0541864697792791,0.00470467640375292,0.007084990315094,0.995385117899131
highTRA,DS03,13,10,MoE_K4,0.1,0.16217004461813,0.0794450749690827,0.0066967609131362,0.000852776169233795,0.99401902931461
highTRA,DS03,13,10,MoE_K4,0.316227766016838,0.162662758838888,0.0794217113529967,0.00669565868839916,0.000854302382635752,0.994015204300028
highTRA,DS03,13,10,MoE_K4,1,0.76251702673379,0.0422965822685435,0.00669075752383506,0.000847243774650759,0.989196044011361
highTRA,DS03,13,10,MoE_K4,3.16227766016838,0.959067407202147,0.0175599657626307,0.00597147954200611,0.000847439534546431,0.991942396890153
highTRA,DS03,13,10,MoE_K4,10,0.990479194802385,0.00846887800596271,0.00463695599367367,0.000827701680965169,0.994755670358855
highTRA,DS03,13,10,MoE_K4,31.6227766016838,0.989199744028395,0.00901999011448566,0.00405939052685384,0.000792069280376498,0.995917432346485
highTRA,DS03,13,10,MoE_K4,100,0.958748426092727,0.0176282539749044,0.00413771144952186,0.00216127716206122,0.995866369821501
highTRA,DS03,13,10,MoE_K4,316.227766016838,0.841714430696586,0.0345310431810154,0.00429828106088562,0.0049316127288422,0.995807353497747
highTRA,DS03,13,10,MoE_K4,1000,0.613917227108228,0.0539298545681222,0.00471334014327388,0.00678469443351025,0.995464180077122
highTRA,DS03,13,10,FreeMLP,0.1,0.142800349422532,0.080358168511495,0.00674331400651825,0.000847413484176157,0.994266075158747
highTRA,DS03,13,10,FreeMLP,0.316227766016838,0.143324951509662,0.0803335753407603,0.00674220306278146,0.000848967645436054,0.994262581949955
highTRA,DS03,13,10,FreeMLP,1,0.761479496692198,0.0423888755134654,0.00673668332179556,0.000842298695040958,0.989836434269377
highTRA,DS03,13,10,FreeMLP,3.16227766016838,0.958467492933295,0.0176881784518681,0.00567479871743532,0.000842180820717658,0.991265852439744
highTRA,DS03,13,10,FreeMLP,10,0.991557602468489,0.00797483922544082,0.00436152230415832,0.000819417857879909,0.994672489963623
highTRA,DS03,13,10,FreeMLP,31.6227766016838,0.989948287942366,0.00870179918933878,0.00405110192858098,0.000784819167304076,0.995905935898835
highTRA,DS03,13,10,FreeMLP,100,0.959481534836868,0.0174709101511689,0.00412846555401155,0.00216809167321846,0.995931459732206
highTRA,DS03,13,10,FreeMLP,316.227766016838,0.841660758412817,0.0345368971665416,0.00428734419686035,0.00495281089639405,0.995898048235264
highTRA,DS03,13,10,FreeMLP,1000,0.613206815760039,0.0539794485611836,0.00470333959366362,0.0067969174259727,0.995545548933163
highTRA,DS03,13,10,MoE_dir,0.1,0.158938540788139,0.0795981370493113,0.00664815172895452,0.000694114397356744,0.994036094360542
highTRA,DS03,13,10,MoE_dir,0.316227766016838,0.15939206457136,0.0795766733883307,0.00664740011147039,0.000696822764288742,0.99403610629
highTRA,DS03,13,10,MoE_dir,1,0.759228849355302,0.0425883938210154,0.00664137040660413,0.000685700017118957,0.989553398012664
highTRA,DS03,13,10,MoE_dir,3.16227766016838,0.959516193041311,0.0174634365226349,0.00585388881813735,0.00069029816394663,0.992040711969696
highTRA,DS03,13,10,MoE_dir,10,0.991562515887537,0.00797251823607527,0.00444571655413714,0.000711049306230644,0.994725053260212
highTRA,DS03,13,10,MoE_dir,31.6227766016838,0.990767431735033,0.00833969755653042,0.003998397406322,0.000775020021988803,0.995865518365504
highTRA,DS03,13,10,MoE_dir,100,0.96121976903619,0.0170920530817892,0.00412122299063821,0.00219902194887686,0.995861139267017
highTRA,DS03,13,10,MoE_dir,316.227766016838,0.843477398153192,0.0343382032180841,0.00429495820703036,0.00497030358760166,0.995823467561836
highTRA,DS03,13,10,MoE_dir,1000,0.613691797904411,0.0539455967753807,0.00471182537108839,0.00679991352403605,0.995472348112633
highTRA,DS03,13,100,Z_zero,NaN,0,0.0867938667969072,0.0064721927097346,0,0
highTRA,DS03,13,100,H0,0.1,-0.127923657064914,0.0921783415395445,0.00767975986964008,0.00106876626330363,0.993758046296812
highTRA,DS03,13,100,H0,0.316227766016838,-0.12681052528558,0.0921328455662805,0.00767790165771483,0.00107108110588218,0.993752748945071
highTRA,DS03,13,100,H0,1,0.772236303361629,0.041422021399748,0.00648280905427727,0.00105958760832234,0.989250158019308
highTRA,DS03,13,100,H0,3.16227766016838,0.953660799657019,0.0186837180473754,0.00484666033599915,0.00102129731582708,0.988373103072292
highTRA,DS03,13,100,H0,10,0.983044310584455,0.0113017777773924,0.00444264340425689,0.000870335181613397,0.990597836383509
highTRA,DS03,13,100,H0,31.6227766016838,0.991475209854576,0.00801365950591756,0.00465934148143683,0.00074332587853967,0.993292239787306
highTRA,DS03,13,100,H0,100,0.972902471231054,0.0142874222580802,0.00428636550346853,0.00283109134465872,0.995116383232596
highTRA,DS03,13,100,H0,316.227766016838,0.840172652732393,0.0346988101650187,0.00423012733642717,0.00606160197338248,0.995691043816909
highTRA,DS03,13,100,H0,1000,0.595733244612169,0.0551852547496187,0.00466653594443593,0.00765458252175247,0.995545560004455
highTRA,DS03,13,100,TRA4,0.1,0.0665799350179074,0.0838547374374519,0.00727559890668301,0.000833398739490761,0.994326736075031
highTRA,DS03,13,100,TRA4,0.316227766016838,0.067239575665649,0.0838251024577997,0.00727415794193394,0.000835139228560539,0.994323308666322
highTRA,DS03,13,100,TRA4,1,0.758911202762423,0.042616477748939,0.00623996851689085,0.00082789575361773,0.990634757504702
highTRA,DS03,13,100,TRA4,3.16227766016838,0.957519043034363,0.0178890048999353,0.00481438615128693,0.000807727373813143,0.989022779953342
highTRA,DS03,13,100,TRA4,10,0.991376924309398,0.0080597233773498,0.00433785847810685,0.000736300480500237,0.991629635542557
highTRA,DS03,13,100,TRA4,31.6227766016838,0.991968692338884,0.00777825485622076,0.00459633673396605,0.000670648080440406,0.993900106932185
highTRA,DS03,13,100,TRA4,100,0.964788496179491,0.0162866335175185,0.00433485115819185,0.0022807005002993,0.99532944317394
highTRA,DS03,13,100,TRA4,316.227766016838,0.843233040577784,0.034364996561926,0.00424921537083385,0.00526502478601709,0.995895243243141
highTRA,DS03,13,100,TRA4,1000,0.60968203903566,0.0542248432729442,0.00466257166655616,0.00704031759425077,0.995611707843594
highTRA,DS03,13,100,MoE_K4,0.1,0.160029311915431,0.0795465049615134,0.00704508305430328,0.000818161561547045,0.994355260567704
highTRA,DS03,13,100,MoE_K4,0.316227766016838,0.160523636768776,0.0795230948580975,0.00704389391823991,0.000819705860589535,0.994351627587685
highTRA,DS03,13,100,MoE_K4,1,0.746289105777592,0.0437178298310574,0.00638467687893189,0.000813066817696546,0.991400736971105
highTRA,DS03,13,100,MoE_K4,3.16227766016838,0.953500841629237,0.018715937378072,0.00547474355095346,0.000803877069096178,0.988802667580892
highTRA,DS03,13,100,MoE_K4,10,0.988809929685408,0.00918132678053012,0.00433451985887008,0.000738751445306335,0.990786660079163
highTRA,DS03,13,100,MoE_K4,31.6227766016838,0.987897308231626,0.00954838723854093,0.00450109545691126,0.00065929959614004,0.993869466489503
highTRA,DS03,13,100,MoE_K4,100,0.958048628846251,0.0177771491962403,0.00433919837064503,0.00199617406666957,0.995444408490775
highTRA,DS03,13,100,MoE_K4,316.227766016838,0.840856307556654,0.0346245192778598,0.00426730201530906,0.0048253503308963,0.995950447656918
highTRA,DS03,13,100,MoE_K4,1000,0.61318044260415,0.0539812888006237,0.00466762281390096,0.006746560639306,0.995589852402964
highTRA,DS03,13,100,FreeMLP,0.1,0.142071493004632,0.0803923245695525,0.00708456204537533,0.00081132183600172,0.994368949850636
highTRA,DS03,13,100,FreeMLP,0.316227766016838,0.142594612621086,0.0803678113296335,0.00708324028876829,0.000812898881832116,0.994365340716111
highTRA,DS03,13,100,FreeMLP,1,0.761005259744013,0.042430994300946,0.00618661106943342,0.000805728746946276,0.991780512171113
highTRA,DS03,13,100,FreeMLP,3.16227766016838,0.956369720322522,0.0181293834917259,0.00508467734231026,0.000790636323643202,0.988177569048828
highTRA,DS03,13,100,FreeMLP,10,0.9896133888082,0.00884557307479899,0.00427338893699378,0.000727261981086994,0.990011436240314
highTRA,DS03,13,100,FreeMLP,31.6227766016838,0.988443861091142,0.00933029583390962,0.00449145926046744,0.000651358163394598,0.993326587615619
highTRA,DS03,13,100,FreeMLP,100,0.958622265402492,0.0176551898545713,0.00432192433653017,0.00200519380520175,0.995262127652538
highTRA,DS03,13,100,FreeMLP,316.227766016838,0.840738410259796,0.0346373422223632,0.0042613773952389,0.00484528535462625,0.996028650123325
highTRA,DS03,13,100,FreeMLP,1000,0.612524159435577,0.0540270620776342,0.00466454518175981,0.00675680946690465,0.995639154128847
highTRA,DS03,13,100,MoE_dir,0.1,0.15728426112342,0.0796763791876421,0.00700091763587654,0.000657015403523039,0.99436052221732
highTRA,DS03,13,100,MoE_dir,0.316227766016838,0.157738435271122,0.0796549058562961,0.00700021402827816,0.000659710462392916,0.994360598735083
highTRA,DS03,13,100,MoE_dir,1,0.74525495805525,0.0438068380647338,0.00637557378760674,0.000649216573071303,0.991549874639694
highTRA,DS03,13,100,MoE_dir,3.16227766016838,0.95452606509503,0.0185084608716263,0.00533158702990024,0.000652916915042635,0.988769620616968
highTRA,DS03,13,100,MoE_dir,10,0.990031841453863,0.00866555744781641,0.00413832052135457,0.000625797992238756,0.990606523663998
highTRA,DS03,13,100,MoE_dir,31.6227766016838,0.989588010188687,0.00885637310706909,0.00446276316956319,0.000583288887055337,0.993677318000986
highTRA,DS03,13,100,MoE_dir,100,0.960543867891415,0.0172403584756503,0.00431618573704177,0.00203171958037898,0.995319860260638
highTRA,DS03,13,100,MoE_dir,316.227766016838,0.842597472416985,0.0344345877727642,0.00426224887243508,0.00486448372867479,0.99593643500895
highTRA,DS03,13,100,MoE_dir,1000,0.612968920005308,0.0539960459422373,0.00466579083745077,0.00676243561481516,0.99559516845873
highTRA,DS03,13,1000,Z_zero,NaN,0,0.0867938667969072,0.0064721927097346,0,0
highTRA,DS03,13,1000,H0,0.1,-0.127543458831191,0.0921628045853226,0.00767439835760573,0.00112089121209534,0.993850416410071
highTRA,DS03,13,1000,H0,0.316227766016838,-0.126426945574572,0.0921171626730348,0.00767250305474539,0.00112317705268923,0.993845523882061
highTRA,DS03,13,1000,H0,1,0.779340861878971,0.0407708716120297,0.00697880194106495,0.0011118312296135,0.98964738467372
highTRA,DS03,13,1000,H0,3.16227766016838,0.953781171665962,0.0186594355924183,0.00549615037619387,0.00108842048809645,0.988359140361054
highTRA,DS03,13,1000,H0,10,0.982945823875908,0.0113345533026714,0.00504926319608502,0.000935359683439851,0.991562055358361
highTRA,DS03,13,1000,H0,31.6227766016838,0.991670320402186,0.00792142264470922,0.00492058980694766,0.000754403138218854,0.993765171561825
highTRA,DS03,13,1000,H0,100,0.973218728871948,0.0142038026784231,0.00431508169139732,0.00286295975827712,0.995412170093471
highTRA,DS03,13,1000,H0,316.227766016838,0.840359152775605,0.0346785595050674,0.00423384636448545,0.00607812851196319,0.995783325531362
highTRA,DS03,13,1000,H0,1000,0.595808656790573,0.0551801073632484,0.0046678937745874,0.00766063071549585,0.995655267584575
highTRA,DS03,13,1000,TRA4,0.1,0.0669424980730179,0.0838384502459798,0.00726059131081656,0.000873957668897461,0.9944266779012
highTRA,DS03,13,1000,TRA4,0.316227766016838,0.0676040204120023,0.0838087249389598,0.00725907895420967,0.000875685585897052,0.99442346771251
highTRA,DS03,13,1000,TRA4,1,0.762020268876291,0.0423407963509025,0.00664648058740473,0.000868573847019896,0.99059583973926
highTRA,DS03,13,1000,TRA4,3.16227766016838,0.958821714545905,0.0176125876417262,0.0052546343852883,0.000858672668398451,0.98974295138157
highTRA,DS03,13,1000,TRA4,10,0.991660871929007,0.00792591406217706,0.00490304352528438,0.000786211610258309,0.992300310679281
highTRA,DS03,13,1000,TRA4,31.6227766016838,0.992300896963878,0.00761568729191672,0.00479178920125627,0.000712462307682513,0.994171128698686
highTRA,DS03,13,1000,TRA4,100,0.965151344537788,0.0162025007649643,0.00439562406222203,0.00230765840802739,0.995657384654698
highTRA,DS03,13,1000,TRA4,316.227766016838,0.843449711928049,0.0343412400101426,0.00423989206083201,0.00528474588289039,0.996055976470294
highTRA,DS03,13,1000,TRA4,1000,0.609739594342623,0.0542208451959003,0.00466254342726934,0.00704925982017953,0.995732310282947
highTRA,DS03,13,1000,MoE_K4,0.1,0.160048848456925,0.0795455798859998,0.00702937130393264,0.000857648709623656,0.994409683630477
highTRA,DS03,13,1000,MoE_K4,0.316227766016838,0.16054499666075,0.0795220831467527,0.00702811450924826,0.000859182069459967,0.994406187008251
highTRA,DS03,13,1000,MoE_K4,1,0.751542555174281,0.0432628419065498,0.00680131594250154,0.000852594919015489,0.991235027296946
highTRA,DS03,13,1000,MoE_K4,3.16227766016838,0.954420520081067,0.0185299274939266,0.00563707029918509,0.000851499656904568,0.989014236254665
highTRA,DS03,13,1000,MoE_K4,10,0.988919259458652,0.00913636476406456,0.00485925525748508,0.00078464676710296,0.990965506559411
highTRA,DS03,13,1000,MoE_K4,31.6227766016838,0.988359327983139,0.00936435919167219,0.00468717674633713,0.000701440091858283,0.99419640272194
highTRA,DS03,13,1000,MoE_K4,100,0.958422506239775,0.0176977554959433,0.00439590293453793,0.00202320139324582,0.995755243341382
highTRA,DS03,13,1000,MoE_K4,316.227766016838,0.841072710321739,0.0346009701490458,0.00426517158019019,0.00484616314027114,0.996038596879835
highTRA,DS03,13,1000,MoE_K4,1000,0.613238065045405,0.0539772679988935,0.00466979557643671,0.00675651459742961,0.995716662165591
highTRA,DS03,13,1000,FreeMLP,0.1,0.141992689298263,0.0803960166415707,0.00706476375093227,0.000850355482663474,0.994458827604868
highTRA,DS03,13,1000,FreeMLP,0.316227766016838,0.142518069826807,0.0803713985706598,0.00706346941982474,0.000851920962685894,0.994455439659895
highTRA,DS03,13,1000,FreeMLP,1,0.760962102677484,0.0424348251688998,0.00658084564724492,0.000845199512446342,0.991676203574989
highTRA,DS03,13,1000,FreeMLP,3.16227766016838,0.956588538672815,0.0180838643214187,0.00536776760453628,0.000838195273424192,0.988085730696383
highTRA,DS03,13,1000,FreeMLP,10,0.989788977943252,0.00877048569260002,0.00483137208495283,0.000773577794742102,0.990419977558519
highTRA,DS03,13,1000,FreeMLP,31.6227766016838,0.988887511749529,0.00914944381701224,0.00466029343134765,0.000691835802887163,0.993725210936815
highTRA,DS03,13,1000,FreeMLP,100,0.959050546502147,0.017563581986422,0.00437440894427992,0.00203256192735577,0.995716138693007
highTRA,DS03,13,1000,FreeMLP,316.227766016838,0.8409728582122,0.0346118381294861,0.00425790230682056,0.00486652979245172,0.996143087013855
highTRA,DS03,13,1000,FreeMLP,1000,0.612576381289655,0.0540234212204167,0.00466752302932632,0.00676724463878499,0.995785088939971
highTRA,DS03,13,1000,MoE_dir,0.1,0.157402177468273,0.0796708046649135,0.00698494195220388,0.000693077412211089,0.994404097999519
highTRA,DS03,13,1000,MoE_dir,0.316227766016838,0.157856643992203,0.0796493160043192,0.00698434193702046,0.000695767728537017,0.994404192093023
highTRA,DS03,13,1000,MoE_dir,1,0.749543858713912,0.04343650562218,0.00676090905622795,0.000685289399661442,0.99143157343289
highTRA,DS03,13,1000,MoE_dir,3.16227766016838,0.955495344792637,0.018310143908407,0.00552718675726487,0.000688824004230901,0.989104205493549
highTRA,DS03,13,1000,MoE_dir,10,0.990195341778146,0.00859419625530835,0.00454214501726251,0.000667477576621785,0.990884697216632
highTRA,DS03,13,1000,MoE_dir,31.6227766016838,0.98997284679756,0.00869116234861003,0.00465781881699939,0.000628977141036231,0.993833794076109
highTRA,DS03,13,1000,MoE_dir,100,0.960914209200044,0.0171592573955044,0.00436793249987527,0.00205859001160476,0.995679229850472
highTRA,DS03,13,1000,MoE_dir,316.227766016838,0.84281016294537,0.0344113150001906,0.0042588957597736,0.00488502423833775,0.996025503260765
highTRA,DS03,13,1000,MoE_dir,1000,0.613018744754427,0.0539925702187452,0.00466734482493731,0.00677225517160251,0.995719186594338
full,DS03,14,1,Z_zero,NaN,0,0.0781558192659395,0.00561213120189123,0,0
full,DS03,14,1,H0,0.1,0.418107347317439,0.0596187349788841,0.00770327984662361,0.0026661615734568,0.915860089777732
full,DS03,14,1,H0,0.316227766016838,0.747065390673979,0.0393065972781416,0.00768731150362786,0.00261437390131997,0.944624588665982
full,DS03,14,1,H0,1,0.828267768445786,0.0323882308879879,0.0076707467496732,0.00259895345797256,0.951814857041323
full,DS03,14,1,H0,3.16227766016838,0.92711925672905,0.021099283933586,0.00760890424726023,0.00257586973190192,0.967503822269971
full,DS03,14,1,H0,10,0.914615943534616,0.0228375605454276,0.005910184327398,0.00260324506988477,0.970402885296364
full,DS03,14,1,H0,31.6227766016838,0.873048760483964,0.0278470883501822,0.00463610054068127,0.00281564805715347,0.976192556566206
full,DS03,14,1,H0,100,0.831587556818061,0.0320736516509019,0.00418430421221289,0.00384016084671234,0.979531080386169
full,DS03,14,1,H0,316.227766016838,0.752113129736862,0.0389124057738767,0.00383264127539844,0.00516469248302854,0.983056710374244
full,DS03,14,1,H0,1000,0.610952059934661,0.0487486821868543,0.00400093573306642,0.00587648800004963,0.987585636395776
full,DS03,14,1,TRA4,0.1,0.897940759661172,0.0249682144404777,0.00473905027338932,0.00295617054147267,0.974448459642623
full,DS03,14,1,TRA4,0.316227766016838,0.926932379429394,0.0211263175001123,0.00466133828126139,0.00293989287537871,0.976358058656496
full,DS03,14,1,TRA4,1,0.956704907181971,0.0162622509078251,0.00451309693406766,0.00290812295486498,0.977846996228252
full,DS03,14,1,TRA4,3.16227766016838,0.940008018576072,0.0191429084776142,0.00444749684676662,0.00287801136420588,0.974465525283209
full,DS03,14,1,TRA4,10,0.897150159412937,0.0250647358096686,0.0046186014543555,0.00290221950444074,0.976643788355007
full,DS03,14,1,TRA4,31.6227766016838,0.861213632019352,0.0291162020963395,0.00477831694185632,0.00329298982547182,0.977547877809037
full,DS03,14,1,TRA4,100,0.828316694696396,0.0323836168805649,0.00451647807981526,0.00471614898607646,0.977908169360252
full,DS03,14,1,TRA4,316.227766016838,0.752007078394588,0.0389207286664512,0.00415521206859586,0.00624536503446419,0.981592085891856
full,DS03,14,1,TRA4,1000,0.60945269877361,0.048842528710563,0.00407836194337987,0.00664397994958193,0.987059337346605
full,DS03,14,1,MoE_K4,0.1,0.953300403838083,0.0168895423738614,0.00433562278002681,0.00254960773503047,0.96697773285056
full,DS03,14,1,MoE_K4,0.316227766016838,0.951664468571296,0.017182825072664,0.00431844931428783,0.00254642374163654,0.968890034293691
full,DS03,14,1,MoE_K4,1,0.947296454202278,0.0179424290383537,0.00425506165395897,0.00254826300833231,0.968523730330829
full,DS03,14,1,MoE_K4,3.16227766016838,0.924195349059916,0.0215183638211507,0.00425259756698195,0.00255487158206822,0.968568364152605
full,DS03,14,1,MoE_K4,10,0.883664282351154,0.0266574041639672,0.00442896471255559,0.00267040740684465,0.970553630445678
full,DS03,14,1,MoE_K4,31.6227766016838,0.854329123029658,0.0298296176922701,0.00458694396887819,0.00308616464280393,0.973924916374859
full,DS03,14,1,MoE_K4,100,0.823911800030913,0.0327964205620674,0.0043812594782439,0.00431854093786745,0.976072598245954
full,DS03,14,1,MoE_K4,316.227766016838,0.749774205346168,0.0390955528162885,0.00402378096330742,0.00578870699663067,0.980440246005329
full,DS03,14,1,MoE_K4,1000,0.609567165013081,0.048835370511945,0.00406912260071773,0.00639133126656993,0.985611836413417
full,DS03,14,1,FreeMLP,0.1,0.959100853451848,0.0158058713494233,0.00425862640399637,0.00254902351317968,0.972937344930989
full,DS03,14,1,FreeMLP,0.316227766016838,0.960018150463145,0.0156276170399974,0.00424337717328177,0.00254618946853408,0.97459543479478
full,DS03,14,1,FreeMLP,1,0.959832834768182,0.0156637921383756,0.00423308005832021,0.00254496196067361,0.97508490383421
full,DS03,14,1,FreeMLP,3.16227766016838,0.940266848342684,0.0191015687003536,0.00432619725099772,0.0025686545255483,0.974776695124561
full,DS03,14,1,FreeMLP,10,0.895520163125433,0.0252625719163764,0.00453920133565297,0.0026902286419567,0.975286951910477
full,DS03,14,1,FreeMLP,31.6227766016838,0.861416924924353,0.0290948697185704,0.00466682919085001,0.00311222440540961,0.976786430605029
full,DS03,14,1,FreeMLP,100,0.828191582375971,0.0323954143339502,0.0044205113837626,0.0043687003160234,0.977849682240069
full,DS03,14,1,FreeMLP,316.227766016838,0.752352943106806,0.0388935786912025,0.00403174799833576,0.00581845296426014,0.981677584559745
full,DS03,14,1,FreeMLP,1000,0.61026537170775,0.0487916850978099,0.00407081833023474,0.00641815288911135,0.985886006258897
full,DS03,14,1,MoE_dir,0.1,0.949456845641751,0.017570838666671,0.00446999370882616,0.00234939138485561,0.968181645149553
full,DS03,14,1,MoE_dir,0.316227766016838,0.948224717203733,0.0177837178655401,0.00441622613010919,0.00235139067561602,0.968415899609563
full,DS03,14,1,MoE_dir,1,0.948156283151578,0.0177954668114557,0.00432258470125599,0.0023637530631649,0.968873185605477
full,DS03,14,1,MoE_dir,3.16227766016838,0.926337623761547,0.0212121252175324,0.00426117520730954,0.00238750185509132,0.968903799150184
full,DS03,14,1,MoE_dir,10,0.885536151709913,0.0264420724811391,0.00438613498492867,0.00252342034431274,0.971277865039663
full,DS03,14,1,MoE_dir,31.6227766016838,0.85514588474322,0.0297458743338658,0.00454820679029457,0.00296042813897236,0.974885625478198
full,DS03,14,1,MoE_dir,100,0.823706983576333,0.0328154885474081,0.00437109578115753,0.00422471473342144,0.976796317290118
full,DS03,14,1,MoE_dir,316.227766016838,0.749314597708384,0.0391314411450901,0.0040128696785956,0.00573586686774361,0.980731013693648
full,DS03,14,1,MoE_dir,1000,0.609151159839242,0.0488613805657381,0.00406561464580937,0.00637106452790908,0.985696431168524
full,DS03,14,10,Z_zero,NaN,0,0.0781558192659395,0.00561213120189123,0,0
full,DS03,14,10,H0,0.1,0.882857633178026,0.0267496631340799,0.0065366931809295,0.0016510718531411,0.97033941598696
full,DS03,14,10,H0,0.316227766016838,0.950237789037684,0.0174345665230924,0.00653345344379963,0.00160515771385032,0.980900048197331
full,DS03,14,10,H0,1,0.952739353919132,0.0169906951246778,0.00447984942565753,0.00156257595669716,0.982266515333921
full,DS03,14,10,H0,3.16227766016838,0.91876900016503,0.0222752311458076,0.00308704943111569,0.00153617955838141,0.986322095699343
full,DS03,14,10,H0,10,0.884899974929482,0.0265154516487563,0.00304886300735507,0.00158336016266693,0.989180609640645
full,DS03,14,10,H0,31.6227766016838,0.862156635014988,0.0290171164842453,0.00311380675298391,0.00198423759409517,0.99038874654521
full,DS03,14,10,H0,100,0.832057945590372,0.0320288282550738,0.00310959514252488,0.00313793784370204,0.990860753491305
full,DS03,14,10,H0,316.227766016838,0.754962959893363,0.038688081034457,0.00301189038229128,0.00473324599809748,0.991330699153697
full,DS03,14,10,H0,1000,0.613716483683448,0.0485751788125717,0.00362374111956215,0.00563403398516043,0.993037476595383
full,DS03,14,10,TRA4,0.1,0.941070346301359,0.0189726617651035,0.00739650365836232,0.00166561913526043,0.98271810048606
full,DS03,14,10,TRA4,0.316227766016838,0.955474112983369,0.016491782932193,0.00606861379651678,0.00164303516574323,0.98292264631132
full,DS03,14,10,TRA4,1,0.943192746816279,0.0186278707127315,0.0038515652100975,0.0016118478914819,0.982833450037747
full,DS03,14,10,TRA4,3.16227766016838,0.907292161202956,0.0237968541254314,0.00342568667086071,0.00161182607029657,0.985588948159349
full,DS03,14,10,TRA4,10,0.875226640119594,0.0276071932207348,0.00367168146274517,0.00171704355258033,0.988132114542534
full,DS03,14,10,TRA4,31.6227766016838,0.857403071712579,0.0295132070825768,0.00358613594798481,0.00230678559849459,0.989569107233603
full,DS03,14,10,TRA4,100,0.832315189640939,0.032004288889229,0.00310814745478797,0.00372450982710018,0.990395982490187
full,DS03,14,10,TRA4,316.227766016838,0.755549954481605,0.038641713940398,0.0030454303361761,0.00556253432166666,0.991675594093981
full,DS03,14,10,TRA4,1000,0.612398600943657,0.0486579701806109,0.00365463860467202,0.00624337581275913,0.993167962271289
full,DS03,14,10,MoE_K4,0.1,0.943253410786672,0.0186179217855667,0.00718295031233304,0.00161946933622211,0.978877400815957
full,DS03,14,10,MoE_K4,0.316227766016838,0.944053916849059,0.0184861368259637,0.00704363812964228,0.00159776513519841,0.976901204046467
full,DS03,14,10,MoE_K4,1,0.943178931334853,0.0186301357171306,0.00458172711736104,0.00156976337102056,0.980549915964491
full,DS03,14,10,MoE_K4,3.16227766016838,0.911039187675798,0.0233109884869597,0.00329466587645366,0.00156314326126172,0.983794748063154
full,DS03,14,10,MoE_K4,10,0.878833191240367,0.0272052771645374,0.00341271698834998,0.00164435324566715,0.987446838790101
full,DS03,14,10,MoE_K4,31.6227766016838,0.859389509475047,0.0293069201858446,0.00343974330549179,0.00213166022538318,0.989407364440216
full,DS03,14,10,MoE_K4,100,0.83175733067962,0.0320574811096821,0.00308396310579201,0.00337643815226288,0.990390526631346
full,DS03,14,10,MoE_K4,316.227766016838,0.754640382685023,0.0387135379788562,0.00305411397417554,0.00507313010617375,0.99139171140378
full,DS03,14,10,MoE_K4,1000,0.612769081438073,0.0486347102819196,0.00365228863709029,0.00595199557393031,0.992988395884074
full,DS03,14,10,FreeMLP,0.1,0.94867033078113,0.0177070230532618,0.00712375165740057,0.00161428194064306,0.980049653065877
full,DS03,14,10,FreeMLP,0.316227766016838,0.946818661688685,0.0180235755369785,0.00636890534844885,0.00159124759354956,0.977193922067974
full,DS03,14,10,FreeMLP,1,0.944130702873271,0.0184734463545077,0.00393313921766953,0.00156583399364365,0.98028228760732
full,DS03,14,10,FreeMLP,3.16227766016838,0.912085961078499,0.0231734361862368,0.00329952305082884,0.00156115420337162,0.983776457350214
full,DS03,14,10,FreeMLP,10,0.88022572982396,0.0270484938118439,0.00349982091773034,0.00163681902620683,0.987453681912297
full,DS03,14,10,FreeMLP,31.6227766016838,0.861052311387155,0.0291331190315854,0.00348809489722792,0.00213901330018503,0.989518736253398
full,DS03,14,10,FreeMLP,100,0.833442945940719,0.0318964856577503,0.00309231394153698,0.00336752046789928,0.990506212666237
full,DS03,14,10,FreeMLP,316.227766016838,0.756013934951295,0.038605024406956,0.00306698862164853,0.00506484635758275,0.991646706609409
full,DS03,14,10,FreeMLP,1000,0.613470870956409,0.0485906192672454,0.00365253529516775,0.00595787892290936,0.993051118879449
full,DS03,14,10,MoE_dir,0.1,0.941897785120885,0.018838992100514,0.00717699009603372,0.00135451834074829,0.976826557426152
full,DS03,14,10,MoE_dir,0.316227766016838,0.943901402044577,0.0185113172362727,0.0067945583626949,0.00134096213341552,0.976437087180775
full,DS03,14,10,MoE_dir,1,0.939826257119272,0.0191718857789401,0.00444729723993842,0.00132814838146611,0.979802097067482
full,DS03,14,10,MoE_dir,3.16227766016838,0.90911423231914,0.0235618431114097,0.00329547734965765,0.00133917455177771,0.983588033504166
full,DS03,14,10,MoE_dir,10,0.878326688814407,0.0272620797192546,0.00342803130668311,0.00145421872179781,0.987475825414716
full,DS03,14,10,MoE_dir,31.6227766016838,0.859344751789816,0.0293115841534405,0.00344942075264157,0.00203592654972707,0.989562457957259
full,DS03,14,10,MoE_dir,100,0.83126000753572,0.0321048268958764,0.0031604857387344,0.0033501310573714,0.990308124465153
full,DS03,14,10,MoE_dir,316.227766016838,0.754021274188965,0.03876234955638,0.0030592966975215,0.00503702562551319,0.991279254213302
full,DS03,14,10,MoE_dir,1000,0.612327111460664,0.0486624572293666,0.00365287239743439,0.00593741819474448,0.993032868051281
full,DS03,14,100,Z_zero,NaN,0,0.0781558192659395,0.00561213120189123,0,0
full,DS03,14,100,H0,0.1,0.934938025913186,0.0199353992645344,0.00569214817855675,0.00119978581369821,0.970084690916451
full,DS03,14,100,H0,0.316227766016838,0.911010959867473,0.023314686553039,0.00568502405641848,0.00116096928988906,0.971826836494216
full,DS03,14,100,H0,1,0.880104345409701,0.0270621963964792,0.00554323220992928,0.00114767183823996,0.975915196715785
full,DS03,14,100,H0,3.16227766016838,0.871333179819875,0.0280346154958104,0.00344073435200208,0.00117550661657125,0.985760213162984
full,DS03,14,100,H0,10,0.865669539579977,0.0286449831801999,0.00223034137233974,0.00131078121285823,0.991886608069835
full,DS03,14,100,H0,31.6227766016838,0.856335312791112,0.0296234977404466,0.00227606619885772,0.00175121319384289,0.993942683585512
full,DS03,14,100,H0,100,0.829759817463578,0.032247225759213,0.00235400529673322,0.0028642939938333,0.994450162104137
full,DS03,14,100,H0,316.227766016838,0.753083636442611,0.0388361577123854,0.00278990730258925,0.00448035902284751,0.995059539984314
full,DS03,14,100,H0,1000,0.612640878180846,0.0486427605330516,0.00359941694501844,0.00542039648190797,0.996012175801743
full,DS03,14,100,TRA4,0.1,0.923870641083374,0.0215644013524795,0.00639967931423684,0.00126524472912803,0.971058468726826
full,DS03,14,100,TRA4,0.316227766016838,0.903165589126049,0.0243207059701407,0.00638969378648405,0.00123199465943609,0.97182243077362
full,DS03,14,100,TRA4,1,0.877200080603211,0.0273880026234629,0.00550412202056209,0.00122181460430285,0.977974698601262
full,DS03,14,100,TRA4,3.16227766016838,0.863687298526024,0.0288555583557876,0.00313839843763808,0.00127574540513255,0.986463361181431
full,DS03,14,100,TRA4,10,0.858547756235421,0.0293945110369409,0.00222052835936602,0.00148312596590685,0.991941268121938
full,DS03,14,100,TRA4,31.6227766016838,0.852445441190919,0.0300218627983131,0.00228213738402393,0.00211457705100419,0.993695532219739
full,DS03,14,100,TRA4,100,0.829688316438502,0.0322539969797735,0.0022892919286829,0.00348383468717776,0.994474937112503
full,DS03,14,100,TRA4,316.227766016838,0.753329583440554,0.0388168110478243,0.00274504443527237,0.0053122307671943,0.99530547996017
full,DS03,14,100,TRA4,1000,0.611559172859216,0.0487106309505283,0.00360471390752569,0.00602570959930005,0.996215261737817
full,DS03,14,100,MoE_K4,0.1,0.919429413134485,0.0221844968585811,0.00605657331364216,0.00120384629815914,0.962617950422095
full,DS03,14,100,MoE_K4,0.316227766016838,0.895891725423016,0.0252176111859577,0.00605140227227918,0.00117841754621005,0.965212849226359
full,DS03,14,100,MoE_K4,1,0.870887960206356,0.0280830770259978,0.00594426126264695,0.00117672855748489,0.971536307798189
full,DS03,14,100,MoE_K4,3.16227766016838,0.866376876144976,0.0285694664766244,0.00375108602089363,0.00122227881699243,0.984705430955131
full,DS03,14,100,MoE_K4,10,0.861977086086936,0.0290360085676102,0.00223621569067379,0.0013925657008963,0.991540394015557
full,DS03,14,100,MoE_K4,31.6227766016838,0.853937093432289,0.0298697294704007,0.00225181515852213,0.00193389871155152,0.99369386507173
full,DS03,14,100,MoE_K4,100,0.828875772946613,0.0323308460553279,0.00230869632121843,0.00313714414911504,0.994508873604869
full,DS03,14,100,MoE_K4,316.227766016838,0.75230009052263,0.0388977287838823,0.00276867569715749,0.004900726456572,0.99529286715622
full,DS03,14,100,MoE_K4,1000,0.611721854861649,0.0487004296891047,0.00360411880495788,0.00576983218519961,0.996166402464487
full,DS03,14,100,FreeMLP,0.1,0.922307917216921,0.0217846056201271,0.00599276261535104,0.00121687252554943,0.963808450950893
full,DS03,14,100,FreeMLP,0.316227766016838,0.898725143335,0.0248720818666991,0.00598781958501701,0.00118857180332355,0.965584474204825
full,DS03,14,100,FreeMLP,1,0.872329184814654,0.0279258972412952,0.0058913072983896,0.00118587235735107,0.971495037516672
full,DS03,14,100,FreeMLP,3.16227766016838,0.8687031614071,0.028319687354439,0.00360430176804897,0.00123088128661712,0.984703460949192
full,DS03,14,100,FreeMLP,10,0.864205610273075,0.0288006463078461,0.00223461925173387,0.00140059617774103,0.991532825747885
full,DS03,14,100,FreeMLP,31.6227766016838,0.856078804877911,0.0296499317688008,0.00227245995959885,0.00194115492218642,0.993663491553175
full,DS03,14,100,FreeMLP,100,0.8308958688442,0.0321394491251334,0.0023239723479048,0.00312673419972423,0.994550626488136
full,DS03,14,100,FreeMLP,316.227766016838,0.753963477274241,0.0387669032278776,0.00277348618520207,0.00489908248525713,0.995357768940932
full,DS03,14,100,FreeMLP,1000,0.612747306830933,0.0486360776660463,0.00360258946982283,0.0057683159067764,0.996213588839673
full,DS03,14,100,MoE_dir,0.1,0.920146993210442,0.0220854858100694,0.00604924995616526,0.00105110538079726,0.963349954415766
full,DS03,14,100,MoE_dir,0.316227766016838,0.892332911920515,0.0256450059198367,0.00604809903500105,0.00103999473705644,0.964605419167818
full,DS03,14,100,MoE_dir,1,0.868960015613041,0.0282919730854145,0.00592026910484311,0.0010489087425705,0.970914225395347
full,DS03,14,100,MoE_dir,3.16227766016838,0.866101142217879,0.0285989281119558,0.00361058001825409,0.0010996921202419,0.984442489370967
full,DS03,14,100,MoE_dir,10,0.862070883673494,0.0290261407481403,0.00220376162791658,0.00129348538546703,0.99133025632059
full,DS03,14,100,MoE_dir,31.6227766016838,0.853944883753131,0.0298689329030713,0.00224703682933886,0.00186869739504794,0.993463580738845
full,DS03,14,100,MoE_dir,100,0.828592062061198,0.0323576359914872,0.00230929783401213,0.00314311523348632,0.994168296969568
full,DS03,14,100,MoE_dir,316.227766016838,0.751871720580118,0.0389313489415486,0.00276828303803564,0.00491771653907526,0.99516232856137
full,DS03,14,100,MoE_dir,1000,0.611348631827493,0.0487238301259032,0.00360603181242513,0.00574619238191658,0.996208123583136
full,DS03,14,1000,Z_zero,NaN,0,0.0781558192659395,0.00561213120189123,0,0
full,DS03,14,1000,H0,0.1,0.947297477949597,0.0179422547749094,0.00596162346892997,0.00114309665636019,0.978708119304952
full,DS03,14,1000,H0,0.316227766016838,0.920870083369222,0.0219852634428032,0.005952378184064,0.00111138837514563,0.980426387036911
full,DS03,14,1000,H0,1,0.88691294808832,0.0262825658489596,0.00515892348572467,0.00109851136877219,0.982589697800477
full,DS03,14,1000,H0,3.16227766016838,0.873255170587024,0.0278244408412395,0.00365274057677561,0.0011233957071852,0.990148883919447
full,DS03,14,1000,H0,10,0.865581494920701,0.0286543690806676,0.00238446224561308,0.00126755129027775,0.993798928373725
full,DS03,14,1000,H0,31.6227766016838,0.856389230808684,0.0296179383013326,0.00212043623325469,0.00172270021989723,0.994751559410315
full,DS03,14,1000,H0,100,0.830164345016945,0.0322088897749068,0.00220552476283197,0.0028149981448496,0.994926771088905
full,DS03,14,1000,H0,316.227766016838,0.753881201737302,0.0387733845850698,0.00267152383868052,0.00449164426547323,0.99538722166856
full,DS03,14,1000,H0,1000,0.613694236074693,0.0485765776115988,0.00349998914954228,0.00543144936542035,0.996418132587647
full,DS03,14,1000,TRA4,0.1,0.934079434510945,0.0200665070514707,0.00678148086163614,0.00119832324191444,0.977172428050101
full,DS03,14,1000,TRA4,0.316227766016838,0.907381835125279,0.023785342296678,0.00676778551639266,0.00116990579041534,0.978113337373856
full,DS03,14,1000,TRA4,1,0.876595971366072,0.0274552870598533,0.00525423075544007,0.00116203789106624,0.982641660265257
full,DS03,14,1000,TRA4,3.16227766016838,0.863581957598511,0.0288667058285435,0.00360950625245743,0.00122141853850463,0.990045506240381
full,DS03,14,1000,TRA4,10,0.857836972255588,0.0294682707957296,0.0023517104323327,0.00143972443271908,0.993481891241374
full,DS03,14,1000,TRA4,31.6227766016838,0.852439816928616,0.0300224349569221,0.00214813937369161,0.00208307427653184,0.994348438779591
full,DS03,14,1000,TRA4,100,0.830158478518162,0.032209446053213,0.00215889961189834,0.00344442464725205,0.994828750356957
full,DS03,14,1000,TRA4,316.227766016838,0.754176623902553,0.0387501072965103,0.00263908270145537,0.00532723325312765,0.995581552413108
full,DS03,14,1000,TRA4,1000,0.61263974552606,0.0486428316497649,0.00351214211950008,0.00602830355823084,0.996492966418058
full,DS03,14,1000,MoE_K4,0.1,0.931556317304006,0.020446925026429,0.00639236041123275,0.00115264363028308,0.970121135028286
full,DS03,14,1000,MoE_K4,0.316227766016838,0.911751739824668,0.0232174434226918,0.00637963925931311,0.0011165467878511,0.976074448180826
full,DS03,14,1000,MoE_K4,1,0.877676265622296,0.0273348493954562,0.00585310805438044,0.00111502601703394,0.979412878859558
full,DS03,14,1000,MoE_K4,3.16227766016838,0.867991537937638,0.0283963294163914,0.00399794154374843,0.0011632649089628,0.988849553237262
full,DS03,14,1000,MoE_K4,10,0.861488100440691,0.0290873972752884,0.00244948528518167,0.00134670837578189,0.993152439113238
full,DS03,14,1000,MoE_K4,31.6227766016838,0.853931024964707,0.0298703499619634,0.00213713922110571,0.00189827299990632,0.994254161694697
full,DS03,14,1000,MoE_K4,100,0.829391590415062,0.0322820820620466,0.00217336604088902,0.00309978196075859,0.99478696441598
full,DS03,14,1000,MoE_K4,316.227766016838,0.753213690786443,0.0388259285882519,0.00265762656899713,0.00490631323789857,0.995492117671406
full,DS03,14,1000,MoE_K4,1000,0.612774541400366,0.0486343674056053,0.00350895564313511,0.00576461538285956,0.996358212436201
full,DS03,14,1000,FreeMLP,0.1,0.936767223458374,0.0196531625389168,0.00632831078058243,0.00116240451133079,0.972221666432664
full,DS03,14,1000,FreeMLP,0.316227766016838,0.915802871750951,0.0226782719791322,0.00631506589782324,0.00112486356693552,0.976884475859423
full,DS03,14,1000,FreeMLP,1,0.880657710005222,0.0269996729440936,0.00561533073846417,0.00112098995074313,0.979838589261981
full,DS03,14,1000,FreeMLP,3.16227766016838,0.869644681529836,0.0282179654525032,0.00388524941912822,0.00116934254379085,0.988710328024698
full,DS03,14,1000,FreeMLP,10,0.863454030051133,0.0288802376952457,0.00242653985787755,0.00135200685514049,0.993069774987945
full,DS03,14,1000,FreeMLP,31.6227766016838,0.855962805146449,0.029661878207155,0.00214057806339,0.00190228588244357,0.994221305017822
full,DS03,14,1000,FreeMLP,100,0.831312022499736,0.0320998782761023,0.00217329458319569,0.00309707362274601,0.994805600228277
full,DS03,14,1000,FreeMLP,316.227766016838,0.754770290387482,0.0387032880186336,0.00265876012069535,0.00489639256736135,0.9955482933075
full,DS03,14,1000,FreeMLP,1000,0.613807243971814,0.0485694719210723,0.00350673274647091,0.00575933144145024,0.996371482985284
full,DS03,14,1000,MoE_dir,0.1,0.939457920411031,0.0192304739217161,0.00638262676739544,0.000998342782963727,0.97480746535093
full,DS03,14,1000,MoE_dir,0.316227766016838,0.908955220198882,0.0235824457943358,0.00638055994879111,0.000986943169586626,0.975602893038409
full,DS03,14,1000,MoE_dir,1,0.877031859891748,0.027406755292665,0.00569628495622321,0.00099862319812938,0.979216307219775
full,DS03,14,1000,MoE_dir,3.16227766016838,0.867777014045826,0.0284193931584684,0.00388186767152878,0.00105653104648459,0.988523823512703
full,DS03,14,1000,MoE_dir,10,0.861638522027031,0.0290715987735164,0.00240986648811358,0.00124975596000415,0.992886071421267
full,DS03,14,1000,MoE_dir,31.6227766016838,0.85388086289758,0.0298754784633527,0.00212517221573397,0.00181985962336712,0.994018242802946
full,DS03,14,1000,MoE_dir,100,0.829090173551367,0.0323105861376766,0.00216638222391006,0.00313479987827461,0.99431396127855
full,DS03,14,1000,MoE_dir,316.227766016838,0.752734185846395,0.0388636296059736,0.002651622677382,0.00491531697374155,0.995117637513225
full,DS03,14,1000,MoE_dir,1000,0.612377459387602,0.0486592971768232,0.00350899891823138,0.00574537607038175,0.99637842323366
highTRA,DS03,14,1,Z_zero,NaN,0,0.0781467170492139,0.00560137841631435,0,0
highTRA,DS03,14,1,H0,0.1,0.240122088696905,0.06812125621584,0.00602845499679759,0.00193989856646619,0.856208670012532
highTRA,DS03,14,1,H0,0.316227766016838,0.567431172861936,0.0513970683050542,0.00602376273673472,0.00189312767785053,0.94217656647206
highTRA,DS03,14,1,H0,1,0.896247407895519,0.0251715648798413,0.00601233400599729,0.00178235072743612,0.96052469636634
highTRA,DS03,14,1,H0,3.16227766016838,0.929763898694168,0.0207105168035572,0.00571474574478899,0.00174679310671735,0.972734328586343
highTRA,DS03,14,1,H0,10,0.899829477311883,0.0247332227006814,0.00399750483916366,0.00181370631076115,0.980042502539649
highTRA,DS03,14,1,H0,31.6227766016838,0.877099348485069,0.0273960424556027,0.00288037155532771,0.00219807748951548,0.987531200921154
highTRA,DS03,14,1,H0,100,0.850668726884444,0.0301985521730511,0.00288263605645054,0.00339357123995597,0.989412335246801
highTRA,DS03,14,1,H0,316.227766016838,0.782072902124609,0.0364809681804805,0.00311866180153907,0.0051717900040038,0.990346507265868
highTRA,DS03,14,1,H0,1000,0.64545141296614,0.0465316676447086,0.00369836179121273,0.00608794586124042,0.991393477405944
highTRA,DS03,14,1,TRA4,0.1,0.623667981670949,0.0479398115851965,0.0062720120920974,0.00200926772515367,0.924951209407313
highTRA,DS03,14,1,TRA4,0.316227766016838,0.645081745192415,0.0465559192949138,0.00626718829899253,0.00201371334548704,0.923966414271227
highTRA,DS03,14,1,TRA4,1,0.738237880955709,0.0399819652040547,0.00625228479399229,0.00199749712297827,0.928936410108031
highTRA,DS03,14,1,TRA4,3.16227766016838,0.915692391012033,0.0226905030487112,0.00620517235780291,0.00191502406807869,0.962460111033387
highTRA,DS03,14,1,TRA4,10,0.907182751667105,0.0238081188880375,0.00462325551938273,0.00195219863762026,0.975928957591487
highTRA,DS03,14,1,TRA4,31.6227766016838,0.885900289982574,0.026396904932136,0.00312785545172557,0.002250579882468,0.985786242070439
highTRA,DS03,14,1,TRA4,100,0.86127180619516,0.0291067089996436,0.00302489168839352,0.00326456255616107,0.990380450593822
highTRA,DS03,14,1,TRA4,316.227766016838,0.790177816549609,0.0357961598696559,0.00317109024482899,0.00511713992430141,0.991463944396702
highTRA,DS03,14,1,TRA4,1000,0.647361002701066,0.0464061892674115,0.00374132086565268,0.00613506894820467,0.991666274285079
highTRA,DS03,14,1,MoE_K4,0.1,0.3776927248846,0.0616471746239085,0.00604442012119594,0.00202814036095494,0.877199668094034
highTRA,DS03,14,1,MoE_K4,0.316227766016838,0.692543848211986,0.0433313611487733,0.00602490848759984,0.00197565849679986,0.928755718091966
highTRA,DS03,14,1,MoE_K4,1,0.776601644515308,0.0369360733407105,0.00600726929142612,0.00196320987201471,0.923599830018387
highTRA,DS03,14,1,MoE_K4,3.16227766016838,0.918788518696032,0.0222699608753863,0.0059720272793204,0.00189170783356231,0.957790541035417
highTRA,DS03,14,1,MoE_K4,10,0.911793438759053,0.0232092541179415,0.0048799001935625,0.00190089716912727,0.973747033519962
highTRA,DS03,14,1,MoE_K4,31.6227766016838,0.886496498642382,0.0263278483309191,0.00348670021160206,0.00215551856716733,0.985026967245009
highTRA,DS03,14,1,MoE_K4,100,0.858122482367455,0.0294352364358017,0.003193360695672,0.00303398035206477,0.989928724560044
highTRA,DS03,14,1,MoE_K4,316.227766016838,0.786977825855872,0.0360680899773647,0.00325199182011227,0.00462866489545642,0.990930379484171
highTRA,DS03,14,1,MoE_K4,1000,0.646535729110255,0.0464604592461181,0.0037389567135792,0.0057802878154267,0.991393102711458
highTRA,DS03,14,1,FreeMLP,0.1,0.473898376923693,0.0566820513013445,0.00591799624976215,0.00183945091412455,0.875705468742701
highTRA,DS03,14,1,FreeMLP,0.316227766016838,0.733592357936757,0.0403351872402194,0.0059029270925784,0.00178706369835411,0.929563515465696
highTRA,DS03,14,1,FreeMLP,1,0.795707866083439,0.0353212903220303,0.00589173494129558,0.00177602953228604,0.929130963132873
highTRA,DS03,14,1,FreeMLP,3.16227766016838,0.932686109785461,0.0202751036478335,0.00574604823933524,0.00170679658256621,0.963748385294738
highTRA,DS03,14,1,FreeMLP,10,0.915795409177971,0.0226766356851964,0.00434330876923305,0.00172565566020118,0.974681342218719
highTRA,DS03,14,1,FreeMLP,31.6227766016838,0.888719824971926,0.0260687158353995,0.00329652523922981,0.00200503780209362,0.984847824646688
highTRA,DS03,14,1,FreeMLP,100,0.859837440603515,0.0292567949284246,0.00317107384374425,0.00291945195502589,0.989974868362025
highTRA,DS03,14,1,FreeMLP,316.227766016838,0.788521465240658,0.0359371708509225,0.00324250633550778,0.00460683635096549,0.991232756320282
highTRA,DS03,14,1,FreeMLP,1000,0.648013298839309,0.0463632493351578,0.00373257640084449,0.00576741907684142,0.991449203124555
highTRA,DS03,14,1,MoE_dir,0.1,0.41435369817062,0.0598037532038428,0.00597081123716347,0.00182549440026684,0.876963424330123
highTRA,DS03,14,1,MoE_dir,0.316227766016838,0.720556510188985,0.0413102417163504,0.00595869182908651,0.00177800583360769,0.928226925105853
highTRA,DS03,14,1,MoE_dir,1,0.789008126592074,0.0358957971355121,0.00594735007721564,0.00177468578902912,0.924965584409026
highTRA,DS03,14,1,MoE_dir,3.16227766016838,0.922017489800511,0.0218227432612758,0.00592734618634238,0.00172105080487959,0.959101299664633
highTRA,DS03,14,1,MoE_dir,10,0.910025903279013,0.0234406411116157,0.00486923248205179,0.00175178315214265,0.973790967110419
highTRA,DS03,14,1,MoE_dir,31.6227766016838,0.885273628995991,0.0264692945099932,0.00345924497055282,0.00203060907699713,0.985146889597817
highTRA,DS03,14,1,MoE_dir,100,0.856646415583727,0.0295879595465254,0.003178090043943,0.00295259137728488,0.989924402504041
highTRA,DS03,14,1,MoE_dir,316.227766016838,0.785396783305424,0.036201690543476,0.00324199477294919,0.00452704554511311,0.990841116319389
highTRA,DS03,14,1,MoE_dir,1000,0.645604192167479,0.0465216410400477,0.00374326859487516,0.00572442489576628,0.991263304438936
highTRA,DS03,14,10,Z_zero,NaN,0,0.0781467170492139,0.00560137841631435,0,0
highTRA,DS03,14,10,H0,0.1,0.549279271299089,0.05246437504035,0.00575024240859871,0.000909159814939087,0.954419435091707
highTRA,DS03,14,10,H0,0.316227766016838,0.937308610027501,0.0195665693931633,0.00575033450750777,0.000890586455923694,0.981530514744197
highTRA,DS03,14,10,H0,1,0.932940793618049,0.0202367116113959,0.00545010517524445,0.000877730999862211,0.975961325142239
highTRA,DS03,14,10,H0,3.16227766016838,0.900142282332524,0.0246945749759962,0.00387713987281512,0.000863280584761309,0.98506173223026
highTRA,DS03,14,10,H0,10,0.877418469192415,0.0273604514031908,0.00274360910451528,0.000894139102370835,0.991676903128852
highTRA,DS03,14,10,H0,31.6227766016838,0.867452873291327,0.0284508926420159,0.0027188538823367,0.00134637076138251,0.993859480134369
highTRA,DS03,14,10,H0,100,0.851452865679174,0.0301191614887161,0.00282795179893353,0.00267067597107792,0.993842751673782
highTRA,DS03,14,10,H0,316.227766016838,0.786600274941927,0.0361000385572534,0.00326106667255756,0.00478426847792496,0.993333841431092
highTRA,DS03,14,10,H0,1000,0.650147629262153,0.0462224699299252,0.00382996965817826,0.00589311730475245,0.99442813736069
highTRA,DS03,14,10,TRA4,0.1,0.628902721402198,0.0476052250664605,0.00580528828284672,0.000776688518121417,0.960845363249273
highTRA,DS03,14,10,TRA4,0.316227766016838,0.933507160801698,0.0201510730179139,0.00580256074640953,0.000753275102407726,0.981946104474229
highTRA,DS03,14,10,TRA4,1,0.936927294021581,0.0196259853284592,0.00546548440941372,0.000738225748344027,0.981148024752614
highTRA,DS03,14,10,TRA4,3.16227766016838,0.904122328928303,0.0241974430329803,0.00423325484244704,0.000730473655650393,0.987031914809507
highTRA,DS03,14,10,TRA4,10,0.881708538999582,0.0268774112112053,0.00279815096753484,0.000776427525788886,0.992945849397423
highTRA,DS03,14,10,TRA4,31.6227766016838,0.87248089824969,0.0279060495111439,0.00270932063659176,0.00127257298886737,0.994711335911372
highTRA,DS03,14,10,TRA4,100,0.857758189942777,0.0294730019655091,0.00273955891300248,0.00268875427762523,0.994693103833368
highTRA,DS03,14,10,TRA4,316.227766016838,0.791890381419107,0.0356497767586142,0.00314199236418737,0.00486852148096579,0.993907279688891
highTRA,DS03,14,10,TRA4,1000,0.650980827887435,0.0461673960487058,0.00382642653248255,0.00600778544608241,0.994363618342996
highTRA,DS03,14,10,MoE_K4,0.1,0.643328398005526,0.0466707740859985,0.00547966693125119,0.000775992461209849,0.957292787534953
highTRA,DS03,14,10,MoE_K4,0.316227766016838,0.937488285400307,0.0195385100915328,0.0054796732414322,0.000751212210599198,0.983397523891867
highTRA,DS03,14,10,MoE_K4,1,0.946474328824836,0.0180797241037726,0.00519706265581274,0.000732925698245179,0.981355840254856
highTRA,DS03,14,10,MoE_K4,3.16227766016838,0.911359721120885,0.0232662448845189,0.00435051453862363,0.000720932001989296,0.986034645011812
highTRA,DS03,14,10,MoE_K4,10,0.888487120802747,0.0260959584721778,0.00277297253239505,0.000752009444786253,0.992491091606753
highTRA,DS03,14,10,MoE_K4,31.6227766016838,0.876009571522867,0.0275172366233936,0.00270221178577371,0.00114850875356838,0.994470858407447
highTRA,DS03,14,10,MoE_K4,100,0.857172200944719,0.0295336490561357,0.00279271319565368,0.00237279897130923,0.99453413288869
highTRA,DS03,14,10,MoE_K4,316.227766016838,0.79028782966232,0.0357867743908753,0.00320164227078572,0.00439994734338396,0.99378937894828
highTRA,DS03,14,10,MoE_K4,1000,0.650801831907442,0.0461792331048087,0.00383751864643114,0.0056846598307544,0.994277878447316
highTRA,DS03,14,10,FreeMLP,0.1,0.668193916102946,0.0450145497360588,0.00545419785360791,0.00076083904731865,0.959037746862981
highTRA,DS03,14,10,FreeMLP,0.316227766016838,0.943018388392471,0.0186542632856652,0.00545398153070629,0.000735513987572473,0.982061791111788
highTRA,DS03,14,10,FreeMLP,1,0.945736358897052,0.0182039319694068,0.00513887724226374,0.000717682876107687,0.980967396407815
highTRA,DS03,14,10,FreeMLP,3.16227766016838,0.912763178538536,0.0230813206673773,0.0041427187077041,0.000705374507480758,0.986332320014855
highTRA,DS03,14,10,FreeMLP,10,0.890274877943493,0.0258859301111566,0.00275994704969373,0.000736158718545315,0.992611254286823
highTRA,DS03,14,10,FreeMLP,31.6227766016838,0.877957524790735,0.0273002259568239,0.0027089108800337,0.0011277362959338,0.99464338925331
highTRA,DS03,14,10,FreeMLP,100,0.858682982348087,0.0293770356135402,0.00280204984428029,0.00233994336549334,0.994694024826718
highTRA,DS03,14,10,FreeMLP,316.227766016838,0.791514603843126,0.0356819481326997,0.00321137734673104,0.00435754966424046,0.993939290583424
highTRA,DS03,14,10,FreeMLP,1000,0.652072157261979,0.046095160356787,0.00383534919182914,0.00564957357866849,0.994265006984199
highTRA,DS03,14,10,MoE_dir,0.1,0.608723294763618,0.0488824240761741,0.00547311334806219,0.000631867445560985,0.944337051249449
highTRA,DS03,14,10,MoE_dir,0.316227766016838,0.930351455749429,0.020623708409864,0.00546588088435643,0.000597817282690582,0.980580032696255
highTRA,DS03,14,10,MoE_dir,1,0.946334462876529,0.0181033304212505,0.00520422961902399,0.000583179061941814,0.980870626111612
highTRA,DS03,14,10,MoE_dir,3.16227766016838,0.911186587917414,0.0232889557475562,0.00437682656132471,0.000584941217781583,0.986125520559826
highTRA,DS03,14,10,MoE_dir,10,0.888783363896102,0.0260612723951538,0.00275292843236216,0.000646178057550108,0.992424136326477
highTRA,DS03,14,10,MoE_dir,31.6227766016838,0.876107378586565,0.0275063813053001,0.00265135589965965,0.00110262682129294,0.99445749961583
highTRA,DS03,14,10,MoE_dir,100,0.856519268236077,0.0296010781468774,0.00274755263587665,0.00233585031668383,0.994596713516353
highTRA,DS03,14,10,MoE_dir,316.227766016838,0.789059589106847,0.0358914192402497,0.00319461085405237,0.0043604330237624,0.99393550542207
highTRA,DS03,14,10,MoE_dir,1000,0.650005617140067,0.0462318502937538,0.00384128805075041,0.00567267929151722,0.994393276433846
highTRA,DS03,14,100,Z_zero,NaN,0,0.0781467170492139,0.00560137841631435,0,0
highTRA,DS03,14,100,H0,0.1,0.405825361946869,0.0602376184273105,0.00431751878991183,0.00102317465723984,0.967919460323935
highTRA,DS03,14,100,H0,0.316227766016838,0.944457847282605,0.018417135871916,0.0032591011382305,0.000977483095717024,0.990051159991317
highTRA,DS03,14,100,H0,1,0.956945023856704,0.0162152039119149,0.00265286052173779,0.000950553038801448,0.990201214214681
highTRA,DS03,14,100,H0,3.16227766016838,0.904384583512223,0.0241643266894482,0.00254920441306143,0.000941547966307907,0.99193474092692
highTRA,DS03,14,100,H0,10,0.877620313368181,0.0273379161037369,0.00255489402979092,0.000957268711118401,0.993989605344889
highTRA,DS03,14,100,H0,31.6227766016838,0.867822050035818,0.0284112436053344,0.0025611509611494,0.00147229584131714,0.994907633522424
highTRA,DS03,14,100,H0,100,0.852278612232142,0.0300353313517421,0.00258664034880423,0.00278051385011177,0.994857599978864
highTRA,DS03,14,100,H0,316.227766016838,0.787390380684327,0.0360331469575074,0.00290314116149248,0.00487112674458963,0.994411287126997
highTRA,DS03,14,100,H0,1000,0.650777313372434,0.0461808542863795,0.00358286260017719,0.005917584281833,0.995406826504888
highTRA,DS03,14,100,TRA4,0.1,0.572326492124377,0.0511054141868084,0.00621536720433433,0.00085762851107864,0.974914115367612
highTRA,DS03,14,100,TRA4,0.316227766016838,0.940595745973403,0.0190466899081652,0.00595227010631445,0.000817424273110054,0.988274499397899
highTRA,DS03,14,100,TRA4,1,0.952991316621504,0.0169433694915568,0.00316344605859727,0.000787030528518089,0.99127766544889
highTRA,DS03,14,100,TRA4,3.16227766016838,0.907324355202781,0.0237899509252515,0.00255005523597712,0.000774855249998848,0.992381231629987
highTRA,DS03,14,100,TRA4,10,0.882986570030857,0.0267318239878293,0.0025721555495582,0.000796631549848979,0.994428221447499
highTRA,DS03,14,100,TRA4,31.6227766016838,0.874106723114245,0.0277275825522848,0.00255062494190463,0.00133139446440832,0.995446673585238
highTRA,DS03,14,100,TRA4,100,0.85915201228908,0.0293282440335327,0.00252273191386607,0.00272057645245393,0.995340495555493
highTRA,DS03,14,100,TRA4,316.227766016838,0.793101335722058,0.0355459054567588,0.00280776092024453,0.00488523356299456,0.994671598672726
highTRA,DS03,14,100,TRA4,1000,0.652018174838154,0.0460987361441571,0.00357412450639238,0.00600966578409084,0.995320423618545
highTRA,DS03,14,100,MoE_K4,0.1,0.483021822223272,0.0561884230602668,0.00585770174630088,0.000847316395979842,0.946551397173487
highTRA,DS03,14,100,MoE_K4,0.316227766016838,0.943990407457922,0.0184944723195111,0.00399016397651182,0.000800963227409599,0.990396098361761
highTRA,DS03,14,100,MoE_K4,1,0.964297002869536,0.0147660071877609,0.00294415313307252,0.000770774043350558,0.991558510438651
highTRA,DS03,14,100,MoE_K4,3.16227766016838,0.915053322298815,0.0227763399896987,0.00251900473659966,0.000757845191057736,0.992131882218668
highTRA,DS03,14,100,MoE_K4,10,0.888880588668172,0.0260498786174013,0.00255076469339296,0.000767649931206873,0.994311563797641
highTRA,DS03,14,100,MoE_K4,31.6227766016838,0.876986557293509,0.0274086108333775,0.00255189773105238,0.00120367960033912,0.995235510216704
highTRA,DS03,14,100,MoE_K4,100,0.858266596322319,0.0294202830232477,0.00255111832355596,0.00241688339509893,0.995208028611821
highTRA,DS03,14,100,MoE_K4,316.227766016838,0.791309842221668,0.0356994661474448,0.00285953930051742,0.00443741056191803,0.994631070345389
highTRA,DS03,14,100,MoE_K4,1000,0.651658631666941,0.0461225451558716,0.0035817809871768,0.00569717829875143,0.995273638317482
highTRA,DS03,14,100,FreeMLP,0.1,0.540565879082787,0.0529690715897531,0.00582605234653108,0.000829631324019418,0.951356106901724
highTRA,DS03,14,100,FreeMLP,0.316227766016838,0.95364010148727,0.0168260422958419,0.00348111365938633,0.000782484665419373,0.990822947967798
highTRA,DS03,14,100,FreeMLP,1,0.964780983890938,0.0146655835215299,0.0028373698180258,0.000753916008871094,0.992135953052514
highTRA,DS03,14,100,FreeMLP,3.16227766016838,0.91715205543209,0.0224932187615944,0.00252175005192995,0.000741350764207915,0.992714628669901
highTRA,DS03,14,100,FreeMLP,10,0.891202343615641,0.0257762958724028,0.0025487911683078,0.000751696670152936,0.994585765802301
highTRA,DS03,14,100,FreeMLP,31.6227766016838,0.879168467488618,0.0271644477206247,0.00254995882969521,0.00118242328820951,0.995466656898867
highTRA,DS03,14,100,FreeMLP,100,0.859751901177073,0.0292657210915785,0.00255929395294342,0.00238632372949289,0.995422350426015
highTRA,DS03,14,100,FreeMLP,316.227766016838,0.792514841183869,0.0355962506978009,0.00286619825816269,0.00439572070549431,0.994818521681351
highTRA,DS03,14,100,FreeMLP,1000,0.653019867603129,0.0460323389275489,0.00357944221973592,0.00566147748140065,0.995325357061663
highTRA,DS03,14,100,MoE_dir,0.1,0.45471798860285,0.0577060467644742,0.00584970783114854,0.000687095060137907,0.936797166009383
highTRA,DS03,14,100,MoE_dir,0.316227766016838,0.946681539861871,0.0180446946397459,0.0041938984196816,0.000638131674828477,0.990834461725641
highTRA,DS03,14,100,MoE_dir,1,0.964813717724358,0.014658766574048,0.00293269398977047,0.000609577439466737,0.991832716049732
highTRA,DS03,14,100,MoE_dir,3.16227766016838,0.914972866243088,0.0227871235825892,0.00251601659699459,0.000608094437688725,0.992280644133571
highTRA,DS03,14,100,MoE_dir,10,0.888950507330905,0.0260416817629675,0.0025460544542504,0.000645689724898665,0.994369609247779
highTRA,DS03,14,100,MoE_dir,31.6227766016838,0.876813437745006,0.027427890425826,0.00254778783582217,0.00111986492628274,0.99528806551973
highTRA,DS03,14,100,MoE_dir,100,0.857483057578433,0.0295014923906739,0.00253737289335573,0.00235631426555171,0.995191377953109
highTRA,DS03,14,100,MoE_dir,316.227766016838,0.790071647571104,0.0358052150635246,0.00285397579992765,0.00439854911372725,0.994686830741547
highTRA,DS03,14,100,MoE_dir,1000,0.650847956684794,0.0461761831501104,0.00358226701940806,0.00568452857085263,0.995358186858174
highTRA,DS03,14,1000,Z_zero,NaN,0,0.0781467170492139,0.00560137841631435,0,0
highTRA,DS03,14,1000,H0,0.1,0.40174525819044,0.0604440857133144,0.00466786753639504,0.000998823873473429,0.958423553096613
highTRA,DS03,14,1000,H0,0.316227766016838,0.947955562331389,0.0178278059464744,0.00263958929128658,0.000951501964640115,0.99090206431309
highTRA,DS03,14,1000,H0,1,0.95896391418768,0.0158304661205636,0.00258264125910542,0.000926265565617226,0.990379227628256
highTRA,DS03,14,1000,H0,3.16227766016838,0.905121805145819,0.0240709895650538,0.00261016801433289,0.000922763823020924,0.991683057959101
highTRA,DS03,14,1000,H0,10,0.877972874802452,0.0272985090465216,0.00262518927411875,0.000953468296695081,0.994112362481403
highTRA,DS03,14,1000,H0,31.6227766016838,0.86809005078645,0.0283824260221405,0.00264222042512623,0.00142827869303374,0.994892720790774
highTRA,DS03,14,1000,H0,100,0.85234237069698,0.0300288488331073,0.00270653425479184,0.00274994105636796,0.99478104655532
highTRA,DS03,14,1000,H0,316.227766016838,0.787365235236861,0.036035277723787,0.00301631122104847,0.00483943389159115,0.994320285973827
highTRA,DS03,14,1000,H0,1000,0.650620637464595,0.0461912124563958,0.00363995571028349,0.0058996209306188,0.995541489572429
highTRA,DS03,14,1000,TRA4,0.1,0.546332018348842,0.0526356272412328,0.00608100936917938,0.000840910721693985,0.96499529830075
highTRA,DS03,14,1000,TRA4,0.316227766016838,0.9395688989379,0.0192106027561985,0.00578605622808627,0.000800383389854092,0.988976051416832
highTRA,DS03,14,1000,TRA4,1,0.955711834487489,0.016445784068813,0.00266189482996018,0.000771675106887587,0.991995694225606
highTRA,DS03,14,1000,TRA4,3.16227766016838,0.907294138355324,0.0237938289599471,0.00261234484424453,0.000766444983269274,0.992782701281652
highTRA,DS03,14,1000,TRA4,10,0.882550357877756,0.0267816041679388,0.00262731196253985,0.000803108656617881,0.9944711022854
highTRA,DS03,14,1000,TRA4,31.6227766016838,0.873919187007919,0.0277482269740181,0.00262060882786754,0.00130257990648954,0.995451327904276
highTRA,DS03,14,1000,TRA4,100,0.859137556476645,0.0293297490345056,0.00260547083592654,0.00271210591437014,0.9953291413175
highTRA,DS03,14,1000,TRA4,316.227766016838,0.792984178666654,0.0355559680259456,0.00289959347280795,0.0048637151528659,0.994637139145787
highTRA,DS03,14,1000,TRA4,1000,0.651861180642133,0.0461091338393792,0.00363529548391587,0.0059954165360012,0.995433818637577
highTRA,DS03,14,1000,MoE_K4,0.1,0.493813246801057,0.055598890582113,0.00573471208864298,0.000827553918836969,0.956188918643324
highTRA,DS03,14,1000,MoE_K4,0.316227766016838,0.945499627067365,0.0182435972050297,0.00370371086681205,0.000782335271466607,0.991234844900775
highTRA,DS03,14,1000,MoE_K4,1,0.966319316253496,0.0143417182960737,0.00256953962001997,0.000752703600838521,0.992095409862556
highTRA,DS03,14,1000,MoE_K4,3.16227766016838,0.915308541571415,0.0227420988995108,0.002603736843329,0.000746293704714498,0.992507272301933
highTRA,DS03,14,1000,MoE_K4,10,0.888683698690369,0.0260729469994228,0.00262388066893119,0.000769243504864264,0.994366760174559
highTRA,DS03,14,1000,MoE_K4,31.6227766016838,0.876868368471252,0.0274217744911493,0.00262577537721793,0.00117951810829213,0.995248601516818
highTRA,DS03,14,1000,MoE_K4,100,0.858204771228743,0.0294266989893909,0.00265583412223747,0.00240461852280189,0.99521721546909
highTRA,DS03,14,1000,MoE_K4,316.227766016838,0.791195408005601,0.0357092526189038,0.0029601723109867,0.00441779276656275,0.994576893762723
highTRA,DS03,14,1000,MoE_K4,1000,0.651474379868015,0.0461347415804574,0.00364451824084639,0.00568452595428943,0.995394762226824
highTRA,DS03,14,1000,FreeMLP,0.1,0.556942359419863,0.0520164672349756,0.00570652332858066,0.000810428054062845,0.958433337824793
highTRA,DS03,14,1000,FreeMLP,0.316227766016838,0.953354625436632,0.016877768682929,0.00314043437331754,0.000764938758677781,0.991873687105783
highTRA,DS03,14,1000,FreeMLP,1,0.967351809795225,0.0141201819812427,0.00255534213719487,0.000737681434154889,0.992804732472799
highTRA,DS03,14,1000,FreeMLP,3.16227766016838,0.916898596495709,0.0225275995395512,0.00260358382076314,0.000731309721918213,0.992983337585607
highTRA,DS03,14,1000,FreeMLP,10,0.89053639613099,0.0258550635243072,0.00262332284843784,0.000754374707436815,0.994565021903436
highTRA,DS03,14,1000,FreeMLP,31.6227766016838,0.878789190624167,0.0272070474217582,0.00262511601905907,0.00115872958835094,0.995431661885748
highTRA,DS03,14,1000,FreeMLP,100,0.859649786116736,0.0292763733824811,0.00266640705635712,0.00237146222180954,0.995444576522407
highTRA,DS03,14,1000,FreeMLP,316.227766016838,0.792356819140418,0.0356098032856259,0.00296938349748126,0.00437811648876655,0.994795649936232
highTRA,DS03,14,1000,FreeMLP,1000,0.652777254643026,0.0460484293163605,0.00364294153838505,0.00564987295254692,0.995444915611488
highTRA,DS03,14,1000,MoE_dir,0.1,0.454418417988676,0.0577218960514901,0.00572413860023554,0.000667452135898325,0.933201189371449
highTRA,DS03,14,1000,MoE_dir,0.316227766016838,0.947256496296306,0.0179471389863657,0.00384869823588948,0.000622681262906073,0.990773439181766
highTRA,DS03,14,1000,MoE_dir,1,0.965394246947733,0.0145373380682159,0.00257676790000364,0.000603404019030337,0.992020178293186
highTRA,DS03,14,1000,MoE_dir,3.16227766016838,0.914914698137857,0.0227949167253571,0.00259682125087253,0.000601587504325323,0.992612653134095
highTRA,DS03,14,1000,MoE_dir,10,0.888764578951075,0.026063473230011,0.00261601610935973,0.000647711110646217,0.99435181710628
highTRA,DS03,14,1000,MoE_dir,31.6227766016838,0.876729297317333,0.0274372558973847,0.00261902522484838,0.00109223838483841,0.995278234653804
highTRA,DS03,14,1000,MoE_dir,100,0.857452050079192,0.029504701545095,0.00263282799241516,0.00234805631062165,0.995198398212532
highTRA,DS03,14,1000,MoE_dir,316.227766016838,0.789954257214603,0.0358152246679418,0.00295344457676662,0.00437825479369997,0.994644051935647
highTRA,DS03,14,1000,MoE_dir,1000,0.650665830975839,0.0461882248577915,0.00364555576876975,0.00567086962972794,0.995492299011348
full,DS03,15,1,Z_zero,NaN,0,0.0783429499923344,0.00514505861483386,0,0
full,DS03,15,1,H0,0.1,-0.589307031918201,0.0987651717470496,0.00601370968254546,0.00202110451689953,0.991359660576197
full,DS03,15,1,H0,0.316227766016838,-0.240944515163041,0.087272235916307,0.00601037607338716,0.00198446603733625,0.948554647757338
full,DS03,15,1,H0,1,0.559501752915904,0.0519962487889222,0.00600127500914872,0.0018606256735487,0.97123998014979
full,DS03,15,1,H0,3.16227766016838,0.824072817926196,0.0328599118467363,0.00597547911961697,0.00181378484336078,0.971049848248111
full,DS03,15,1,H0,10,0.93473843181467,0.0200137593527882,0.00576317424078952,0.00181673971252361,0.980479205336515
full,DS03,15,1,H0,31.6227766016838,0.975880511257835,0.0121670129348358,0.00401427159855493,0.00177319066102545,0.988124533968516
full,DS03,15,1,H0,100,0.962292962013705,0.0152128691586781,0.00376811142141442,0.00291587321091328,0.989712182315913
full,DS03,15,1,H0,316.227766016838,0.872012816466345,0.0280274225992337,0.00409584393575591,0.00516765050747653,0.990064927132805
full,DS03,15,1,H0,1000,0.693792114737395,0.0433518969737468,0.00430660068882364,0.006136705051881,0.991122990388767
full,DS03,15,1,TRA4,0.1,0.838484639883786,0.031485227510745,0.00609733185249673,0.00174746059312859,0.976756603422535
full,DS03,15,1,TRA4,0.316227766016838,0.853895179123636,0.0299455430949116,0.00609393515209831,0.00174605441669321,0.976782068262417
full,DS03,15,1,TRA4,1,0.897914539824238,0.0250312112945867,0.00606969917665024,0.00174212228294187,0.978664096525398
full,DS03,15,1,TRA4,3.16227766016838,0.945147451593933,0.0183484053316092,0.00602541024317564,0.00176579367666575,0.983028773569345
full,DS03,15,1,TRA4,10,0.971312396728226,0.0132692706984033,0.0058701301204052,0.00183878876081671,0.987183350362696
full,DS03,15,1,TRA4,31.6227766016838,0.983020630487081,0.0102084710306938,0.00511537062539672,0.00185351444145472,0.989489813666904
full,DS03,15,1,TRA4,100,0.967320824897681,0.0141623545796074,0.00406679293842862,0.00320421800643214,0.990168395708981
full,DS03,15,1,TRA4,316.227766016838,0.875214718481719,0.0276746159270439,0.00408420558753361,0.00557602094528151,0.990732463741951
full,DS03,15,1,TRA4,1000,0.693719225627628,0.0433570563659582,0.00426159502690357,0.00649371234294497,0.990400446671295
full,DS03,15,1,MoE_K4,0.1,0.651573945018414,0.0462439829787941,0.00591514334015177,0.0016465652730103,0.985526024600226
full,DS03,15,1,MoE_K4,0.316227766016838,0.695931770995335,0.0432001687364628,0.00591307236747946,0.00164345377422535,0.985433019929982
full,DS03,15,1,MoE_K4,1,0.793838513045746,0.0355716237299954,0.00590694003690838,0.00163687801616613,0.98583496707592
full,DS03,15,1,MoE_K4,3.16227766016838,0.91381927571097,0.0229987901546322,0.00586172291896901,0.00163588846186865,0.987906372469389
full,DS03,15,1,MoE_K4,10,0.96713545234459,0.0142024657409378,0.00576487045486403,0.00171051281209785,0.990569274242546
full,DS03,15,1,MoE_K4,31.6227766016838,0.982158699065243,0.010464372242672,0.00492270683090475,0.00189312314742929,0.99108138480687
full,DS03,15,1,MoE_K4,100,0.964427179183791,0.0147760745368335,0.00395527236409994,0.00295758563551682,0.990473741669735
full,DS03,15,1,MoE_K4,316.227766016838,0.872917767426905,0.027928160956643,0.004089734427312,0.00520518969162156,0.990675343203236
full,DS03,15,1,MoE_K4,1000,0.692832852294904,0.0434197484732146,0.00429706816973972,0.00628410443575386,0.990469417458523
full,DS03,15,1,FreeMLP,0.1,0.558118031239427,0.0520778517503359,0.00591688971147392,0.0016977869197838,0.989497530052859
full,DS03,15,1,FreeMLP,0.316227766016838,0.603345573286355,0.0493407871360182,0.00591329388795105,0.00169509179515232,0.989153979990303
full,DS03,15,1,FreeMLP,1,0.752409422708692,0.0389822567027389,0.00590364312175632,0.00168193158721651,0.989670296393032
full,DS03,15,1,FreeMLP,3.16227766016838,0.896868179511024,0.0251591672869348,0.00585658952571977,0.00168019369722154,0.989239480581383
full,DS03,15,1,FreeMLP,10,0.96078597703522,0.0155138868723375,0.00576927722403108,0.00175096610264943,0.988121804861668
full,DS03,15,1,FreeMLP,31.6227766016838,0.979049471077964,0.0113395916819859,0.00519269072251777,0.00190067425222578,0.988562405362261
full,DS03,15,1,FreeMLP,100,0.963416561552436,0.0149844974388499,0.00409934781335826,0.0029523245079744,0.989872975966611
full,DS03,15,1,FreeMLP,316.227766016838,0.872964000256983,0.027923080327548,0.00411870067970074,0.00517411225967696,0.990752940085351
full,DS03,15,1,FreeMLP,1000,0.693457701181937,0.0433755630951048,0.00431178841927379,0.00625315963230799,0.990665620554894
full,DS03,15,1,MoE_dir,0.1,0.622521940267519,0.0481333155269822,0.00591095287133661,0.00142064508362188,0.985606014913283
full,DS03,15,1,MoE_dir,0.316227766016838,0.671604580224366,0.0448950507103757,0.00590886301165631,0.00141754326081623,0.986014285280559
full,DS03,15,1,MoE_dir,1,0.783560545602059,0.0364475328500754,0.00590250792790416,0.00140970728897058,0.985920979451771
full,DS03,15,1,MoE_dir,3.16227766016838,0.909946515080735,0.0235098675710511,0.00585844209333773,0.00141005621151059,0.987552953932299
full,DS03,15,1,MoE_dir,10,0.966093394561563,0.0144258720892124,0.00576007533881847,0.00148795247837098,0.990231150015731
full,DS03,15,1,MoE_dir,31.6227766016838,0.981508613771592,0.0106533122319685,0.00492360038414087,0.00175897817083262,0.99096440361891
full,DS03,15,1,MoE_dir,100,0.963880769520726,0.0148891246351004,0.00394849950861409,0.00292809130018999,0.990286670921765
full,DS03,15,1,MoE_dir,316.227766016838,0.872573243150487,0.0279659924328868,0.00407151489807697,0.0052567432747515,0.990702544700684
full,DS03,15,1,MoE_dir,1000,0.692386785334314,0.0434512640322529,0.00427741757060865,0.00626836421649719,0.990732070236175
full,DS03,15,10,Z_zero,NaN,0,0.0783429499923344,0.00514505861483386,0,0
full,DS03,15,10,H0,0.1,-0.203666969737008,0.0859514271840854,0.00480027115738989,0.00165439638492367,0.92075697834119
full,DS03,15,10,H0,0.316227766016838,0.662691817930549,0.0455002055699669,0.00473285671847256,0.00150994364768266,0.987684315375781
full,DS03,15,10,H0,1,0.931094706722503,0.0205648816058956,0.00458636700323316,0.0014429773822452,0.993816727986213
full,DS03,15,10,H0,3.16227766016838,0.981478845471772,0.0106618838841484,0.00436455741546291,0.00148601972323881,0.995674002332202
full,DS03,15,10,H0,10,0.990531599228005,0.00762321620076243,0.00375242965217874,0.00167469439950824,0.995995955762938
full,DS03,15,10,H0,31.6227766016838,0.987035165300624,0.00892038118019585,0.00312131948195631,0.00225905657832333,0.995968559001723
full,DS03,15,10,H0,100,0.958404212020706,0.0159780802748123,0.0031392505277903,0.00391444146830001,0.99593471854016
full,DS03,15,10,H0,316.227766016838,0.861989920333584,0.0291041770782708,0.00347908208268041,0.00580738921316705,0.995982115337612
full,DS03,15,10,H0,1000,0.684321039108519,0.0440172331447033,0.00389773270086602,0.00618197430606382,0.996428868153889
full,DS03,15,10,TRA4,0.1,0.827678961180556,0.0325213880008109,0.00557357711182721,0.00160697885932805,0.984170254368984
full,DS03,15,10,TRA4,0.316227766016838,0.903933765828898,0.0242820474862511,0.00556802111575167,0.00157868292024497,0.983598644168241
full,DS03,15,10,TRA4,1,0.943497853356078,0.0186222603822094,0.00555272747094293,0.00159637159431799,0.985653686528018
full,DS03,15,10,TRA4,3.16227766016838,0.977404614306527,0.0117763254767859,0.00473657154947586,0.00166076920601803,0.991161213141377
full,DS03,15,10,TRA4,10,0.989466523210569,0.00804055065159811,0.00438676361668923,0.00190751189482397,0.994860802815639
full,DS03,15,10,TRA4,31.6227766016838,0.989894961446551,0.0078753326680064,0.00340974202456726,0.0026175481553403,0.995442478422568
full,DS03,15,10,TRA4,100,0.964282771076139,0.0148060359479503,0.00326996090283942,0.00445980076676195,0.995957725407176
full,DS03,15,10,TRA4,316.227766016838,0.86578254879469,0.028701488104286,0.00347125860320558,0.00638822844742274,0.996077091818491
full,DS03,15,10,TRA4,1000,0.684268867872868,0.0440208702869497,0.00388767221880928,0.00661032169975287,0.99605594647522
full,DS03,15,10,MoE_K4,0.1,0.67028397959298,0.0449852300232746,0.00546255578963299,0.00167628953309846,0.980865346008322
full,DS03,15,10,MoE_K4,0.316227766016838,0.82899388867187,0.032397070162364,0.00545171162448072,0.00160526926798522,0.982551581170084
full,DS03,15,10,MoE_K4,1,0.935686472264665,0.0198678598112003,0.00543821927284754,0.00157962324187579,0.987933308008211
full,DS03,15,10,MoE_K4,3.16227766016838,0.97586737778043,0.0121703250581623,0.00485060444747039,0.00161354107081271,0.991314340571853
full,DS03,15,10,MoE_K4,10,0.988384457689414,0.00844344475903826,0.00449218134656209,0.00183846204943128,0.994193041316815
full,DS03,15,10,MoE_K4,31.6227766016838,0.987529603627756,0.0087486300022181,0.00353457685820614,0.00241013561971585,0.995335347994444
full,DS03,15,10,MoE_K4,100,0.95986609572208,0.0156947942267978,0.00324010008171316,0.00408836440549063,0.995890181887985
full,DS03,15,10,MoE_K4,316.227766016838,0.86249552401995,0.029050816188385,0.00345296945082958,0.00600625369686355,0.996018764406278
full,DS03,15,10,MoE_K4,1000,0.683319535358877,0.0440870010430428,0.00387301111319935,0.00639163130331843,0.99611281110445
full,DS03,15,10,FreeMLP,0.1,0.664302708661135,0.0453914273323234,0.00544435403117215,0.00161340182634395,0.98692353257568
full,DS03,15,10,FreeMLP,0.316227766016838,0.823439413442019,0.0329190127619362,0.00543334516834999,0.00154302128793049,0.986322724500886
full,DS03,15,10,FreeMLP,1,0.936564970113151,0.0197316996083338,0.00541791657294409,0.00151121803990811,0.988891416733247
full,DS03,15,10,FreeMLP,3.16227766016838,0.976144404406486,0.0121002697683332,0.00479144804476836,0.00155735845842519,0.991380679817765
full,DS03,15,10,FreeMLP,10,0.987965988262833,0.00859419366816474,0.00446658096967228,0.00177524761372111,0.993659598679689
full,DS03,15,10,FreeMLP,31.6227766016838,0.987240066185185,0.00884960999597753,0.00346383299911394,0.00237647776766775,0.994987356192068
full,DS03,15,10,FreeMLP,100,0.959788869194838,0.0157098871011475,0.00321376642492857,0.00405885758210981,0.995749902976541
full,DS03,15,10,FreeMLP,316.227766016838,0.862472986833096,0.0290531968266977,0.00344498678603952,0.00598478732925067,0.996000604601837
full,DS03,15,10,FreeMLP,1000,0.683324843959764,0.0440866315202907,0.00386822619347208,0.0063853704405063,0.996203990576677
full,DS03,15,10,MoE_dir,0.1,0.663502997701089,0.045445461770122,0.00546534531117232,0.00152148578782265,0.981892201864059
full,DS03,15,10,MoE_dir,0.316227766016838,0.839075550623133,0.0314275797210566,0.00546237803090759,0.00148019618384407,0.982364247516866
full,DS03,15,10,MoE_dir,1,0.938610267495954,0.0194109947138965,0.00545116145651636,0.00147207006018006,0.98808768953057
full,DS03,15,10,MoE_dir,3.16227766016838,0.975045637477354,0.012375796537741,0.00501564726414743,0.00152909393077031,0.991219995379998
full,DS03,15,10,MoE_dir,10,0.987716786030082,0.00868272266451127,0.00459139219316993,0.00176943058658744,0.994187305344621
full,DS03,15,10,MoE_dir,31.6227766016838,0.987056799108314,0.0089129355633561,0.00353667133986865,0.0024971829015302,0.995399286078984
full,DS03,15,10,MoE_dir,100,0.95970540158189,0.0157261834225244,0.00328769073289764,0.00418557768477176,0.995890049796925
full,DS03,15,10,MoE_dir,316.227766016838,0.86245902688355,0.0290546713401794,0.00346003772302974,0.00607297130519475,0.996021663914468
full,DS03,15,10,MoE_dir,1000,0.682755859489549,0.0441262199607659,0.00387228695326199,0.00644320050209129,0.996122377211625
full,DS03,15,100,Z_zero,NaN,0,0.0783429499923344,0.00514505861483386,0,0
full,DS03,15,100,H0,0.1,-0.18528907209334,0.0852927389818655,0.00550772186131365,0.00131273905243138,0.913314934289516
full,DS03,15,100,H0,0.316227766016838,0.686929425731901,0.0438350035190029,0.00399808174240782,0.00118831283264787,0.986000785293464
full,DS03,15,100,H0,1,0.930398738421277,0.0206684770340667,0.00325962909015542,0.00114057100108701,0.992285461069631
full,DS03,15,100,H0,3.16227766016838,0.982040361852399,0.0104990187645682,0.00253885670834394,0.00116690564028138,0.99437469038732
full,DS03,15,100,H0,10,0.991802908538688,0.00709299757308914,0.00259219460049263,0.00130116509689524,0.996276478421153
full,DS03,15,100,H0,31.6227766016838,0.987839255741354,0.008639328711613,0.0026044819307735,0.00178925832495533,0.996769362336631
full,DS03,15,100,H0,100,0.959131551042898,0.015837768792645,0.00264022337446369,0.00347646574513831,0.997129561637477
full,DS03,15,100,H0,316.227766016838,0.862875539017724,0.029010645190888,0.00302329797051056,0.00550907574818409,0.997337524710168
full,DS03,15,100,H0,1000,0.684231479002985,0.0440234766847676,0.00366301054349435,0.00620571672266994,0.997611661245028
full,DS03,15,100,TRA4,0.1,0.0944992244284019,0.0745494311868815,0.0058563558075241,0.00127047801351165,0.967918591459333
full,DS03,15,100,TRA4,0.316227766016838,0.747711159465103,0.0393503809614927,0.00585190567723978,0.00118067049066957,0.990055086409787
full,DS03,15,100,TRA4,1,0.932222994195407,0.0203958171734318,0.00384232045243482,0.00114784615408977,0.990858828282445
full,DS03,15,100,TRA4,3.16227766016838,0.979716530435354,0.0111576065587375,0.0028504045517543,0.00117824603145725,0.993299895486484
full,DS03,15,100,TRA4,10,0.991589358906724,0.00718479648960639,0.00255024100349225,0.00137543466009405,0.995195773989118
full,DS03,15,100,TRA4,31.6227766016838,0.991574656726016,0.00719107342218571,0.00255334917873182,0.00207797393877284,0.996030360848695
full,DS03,15,100,TRA4,100,0.966113432183976,0.0144216088653816,0.0025802769344918,0.0040126440195495,0.996785482912893
full,DS03,15,100,TRA4,316.227766016838,0.867026734805586,0.0285681480179707,0.00300558176275144,0.00615267714654765,0.997211636965961
full,DS03,15,100,TRA4,1000,0.683938909484656,0.0440438665344183,0.00366291536631885,0.00669255079970483,0.997211620412044
full,DS03,15,100,MoE_K4,0.1,-0.0556014732662029,0.0804914803334923,0.00566745689634676,0.00129394224713713,0.957249326753748
full,DS03,15,100,MoE_K4,0.316227766016838,0.675277094211226,0.0446433095885724,0.00566324583611624,0.0011866532736316,0.991234451314078
full,DS03,15,100,MoE_K4,1,0.919061860474194,0.0222882786895993,0.00564969121760215,0.00113926075705314,0.992263741386505
full,DS03,15,100,MoE_K4,3.16227766016838,0.979117887296893,0.0113210612095392,0.00330650574127844,0.00114262206731842,0.994113555737454
full,DS03,15,100,MoE_K4,10,0.991890915216896,0.00705481843961793,0.00259809342318287,0.00130351350499108,0.995713479248199
full,DS03,15,100,MoE_K4,31.6227766016838,0.989482429099411,0.00803447761302627,0.00247161980275261,0.00189188349281361,0.996389187221198
full,DS03,15,100,MoE_K4,100,0.961606792597763,0.01535066232022,0.00257158525474273,0.00364263187581792,0.996937216880739
full,DS03,15,100,MoE_K4,316.227766016838,0.86371316277224,0.0289219038086166,0.0030001136046611,0.00575658831040819,0.997313354876131
full,DS03,15,100,MoE_K4,1000,0.682946061946912,0.044112990128027,0.00365555815238617,0.00646032886806914,0.997298751773791
full,DS03,15,100,FreeMLP,0.1,-0.0123423063955144,0.0788249337018066,0.00564013025488612,0.00127285917974258,0.956093738702722
full,DS03,15,100,FreeMLP,0.316227766016838,0.69213288775659,0.0434691922204266,0.00563353310342926,0.00117273968010337,0.990972160354499
full,DS03,15,100,FreeMLP,1,0.921106519007492,0.0220049547672507,0.00561496599888421,0.0011236740049522,0.99220066025576
full,DS03,15,100,FreeMLP,3.16227766016838,0.979621523282373,0.0111837069755128,0.00318041085554655,0.00112636222837012,0.994176279651945
full,DS03,15,100,FreeMLP,10,0.991821068144693,0.007085136403101,0.00255790825569492,0.00129193941993668,0.995696586330581
full,DS03,15,100,FreeMLP,31.6227766016838,0.989254641530945,0.00812101616499638,0.00248547927637937,0.00187888105277731,0.996311105071936
full,DS03,15,100,FreeMLP,100,0.961405644918543,0.0153908219809259,0.00257585386157035,0.00362255765740558,0.996913620224548
full,DS03,15,100,FreeMLP,316.227766016838,0.863481836236179,0.0289464387063993,0.00300409620287153,0.00573616772840719,0.997267715270662
full,DS03,15,100,FreeMLP,1000,0.682715685483594,0.0441290138199402,0.00365710379926394,0.00645025751245903,0.997251160320998
full,DS03,15,100,MoE_dir,0.1,-0.0123604411828842,0.0788256397214017,0.00565925235187214,0.00108023513400619,0.95978839628637
full,DS03,15,100,MoE_dir,0.316227766016838,0.71653675832262,0.0417107784822094,0.00565650577899493,0.000985726665038414,0.991516728063424
full,DS03,15,100,MoE_dir,1,0.925809531230525,0.0213389958224736,0.00564442684354329,0.000961341910092205,0.992250825692349
full,DS03,15,100,MoE_dir,3.16227766016838,0.97981696735732,0.0111299479189345,0.00331103569652739,0.00101276756808269,0.994092261833216
full,DS03,15,100,MoE_dir,10,0.991394714525586,0.00726745852537369,0.00259642846874107,0.00121509137738783,0.995717721408375
full,DS03,15,100,MoE_dir,31.6227766016838,0.989079037953579,0.00818710517806416,0.00248325352310066,0.00196749023362735,0.996390687557396
full,DS03,15,100,MoE_dir,100,0.961802414819082,0.0153115047999582,0.00257334424639646,0.00371004733908733,0.996947998116597
full,DS03,15,100,MoE_dir,316.227766016838,0.863656880381386,0.0289278751331576,0.00299865719319138,0.0058177198086793,0.997328424475432
full,DS03,15,100,MoE_dir,1000,0.682407179521389,0.0441504626522722,0.00365671193068794,0.0064505844597791,0.997312587278054
full,DS03,15,1000,Z_zero,NaN,0,0.0783429499923344,0.00514505861483386,0,0
full,DS03,15,1000,H0,0.1,-0.0124321529583353,0.0788284315266939,0.00545489342234891,0.00116798625627881,0.957417110776034
full,DS03,15,1000,H0,0.316227766016838,0.750287064066224,0.0391489790907615,0.00447754227960757,0.00105063499597972,0.991376398865308
full,DS03,15,1000,H0,1,0.947438503714751,0.0179611351507813,0.00334025289836123,0.000995711994354186,0.99275079807045
full,DS03,15,1000,H0,3.16227766016838,0.985877725529227,0.0093100549600405,0.00283320071522792,0.00101518722238447,0.994751256517208
full,DS03,15,1000,H0,10,0.992829486149371,0.00663399378516303,0.00261417315747293,0.00116116237280213,0.996369732904598
full,DS03,15,1000,H0,31.6227766016838,0.988655438706385,0.00834437424149042,0.00260465967276744,0.00167048646811905,0.99691403057829
full,DS03,15,1000,H0,100,0.96049694479105,0.0155709555049837,0.00267745142129327,0.00335513180791523,0.997123275333558
full,DS03,15,1000,H0,316.227766016838,0.864569811616793,0.0288308643073118,0.00304646435374245,0.00544926022021336,0.997349750155632
full,DS03,15,1000,H0,1000,0.685765764628269,0.04391639375711,0.00366184024917306,0.00621375624578384,0.997628864492977
full,DS03,15,1000,TRA4,0.1,0.221019956220819,0.0691453671120575,0.00578650723780622,0.00116294792212659,0.974784295111503
full,DS03,15,1000,TRA4,0.316227766016838,0.795762454414255,0.035405253818789,0.00578281153124489,0.00106759193310951,0.990273894716487
full,DS03,15,1000,TRA4,1,0.947529609063,0.0179455622953507,0.00391145206484986,0.0010267901329845,0.991374967282083
full,DS03,15,1000,TRA4,3.16227766016838,0.98476437389896,0.009670080152594,0.00304205366283405,0.00104176450856448,0.994337885215456
full,DS03,15,1000,TRA4,10,0.992789021709243,0.00665268583431717,0.00267287290023293,0.0012448663534241,0.995621194796809
full,DS03,15,1000,TRA4,31.6227766016838,0.992056389416825,0.00698246702955437,0.0026227630778471,0.00191130395435618,0.996305331719618
full,DS03,15,1000,TRA4,100,0.966925655126255,0.0142477257226192,0.00267330010770514,0.00385912927975374,0.996855733106348
full,DS03,15,1000,TRA4,316.227766016838,0.868475237042005,0.0284121229063853,0.00303327623732802,0.00605441642370733,0.997131571574628
full,DS03,15,1000,TRA4,1000,0.685433641326255,0.0439395958848537,0.00366432499178132,0.00667287271652372,0.997088114621609
full,DS03,15,1000,MoE_K4,0.1,0.128680653252181,0.0731288256698262,0.00557856126446382,0.00116449395881586,0.983606892509194
full,DS03,15,1000,MoE_K4,0.316227766016838,0.754058863837983,0.0388521903936029,0.00557556113332629,0.00106553599461317,0.992521456315579
full,DS03,15,1000,MoE_K4,1,0.94015871836316,0.0191646266897382,0.00446419595320298,0.00102383918888919,0.992525543516011
full,DS03,15,1000,MoE_K4,3.16227766016838,0.985203361821739,0.00952974868833541,0.00319366099513102,0.00102817865630749,0.994895907122295
full,DS03,15,1000,MoE_K4,10,0.993422499597678,0.00635375350777832,0.00274995463821369,0.00119099916457823,0.99625464337073
full,DS03,15,1000,MoE_K4,31.6227766016838,0.990256399698001,0.00773320727649168,0.00261490793956347,0.00171847921399023,0.996810612862655
full,DS03,15,1000,MoE_K4,100,0.962677983615942,0.015135001572335,0.00267064092538451,0.00349874244000385,0.997177424553693
full,DS03,15,1000,MoE_K4,316.227766016838,0.865247593238402,0.02875862952493,0.00303692317722782,0.00566528273414116,0.997274368264891
full,DS03,15,1000,MoE_K4,1000,0.684437319733029,0.0440091255046361,0.00366077242821835,0.00644313991015179,0.997130065653758
full,DS03,15,1000,FreeMLP,0.1,0.0633806120430005,0.075819600631998,0.00555501548033256,0.00116853388668378,0.979073126177918
full,DS03,15,1000,FreeMLP,0.316227766016838,0.755495660459257,0.0387385362377525,0.00555229811952119,0.00105890903791103,0.992378849811992
full,DS03,15,1000,FreeMLP,1,0.94369296213433,0.0185900801135938,0.00418976005244276,0.00101337028942346,0.993034673601851
full,DS03,15,1000,FreeMLP,3.16227766016838,0.985676844631875,0.00937603613116716,0.00313053323204535,0.00101199153274287,0.995005271839
full,DS03,15,1000,FreeMLP,10,0.993388391961546,0.00637020590504754,0.00270036557021078,0.00117889226656878,0.996227535153185
full,DS03,15,1000,FreeMLP,31.6227766016838,0.990183374640803,0.00776213209582781,0.00260859336164454,0.00170507818070405,0.996838730884457
full,DS03,15,1000,FreeMLP,100,0.96252891336816,0.0151651972886223,0.00267300631257614,0.00348039485496896,0.997174531387533
full,DS03,15,1000,FreeMLP,316.227766016838,0.865052862330046,0.0287794015928778,0.00303917447099304,0.00564605937528167,0.997250547549514
full,DS03,15,1000,FreeMLP,1000,0.684231169806232,0.0440234982383928,0.00366073201871153,0.00643294479344205,0.997122050140559
full,DS03,15,1000,MoE_dir,0.1,0.273392721100763,0.0667805194528445,0.0055709858983672,0.000935095162096097,0.987253275671616
full,DS03,15,1000,MoE_dir,0.316227766016838,0.795767182235445,0.0354048440246998,0.00556813974850329,0.000861604399116977,0.992405553733993
full,DS03,15,1000,MoE_dir,1,0.947227589740882,0.0179971354739516,0.00432011129510355,0.000839174951902336,0.992570674755012
full,DS03,15,1000,MoE_dir,3.16227766016838,0.985846636474967,0.00932029699592256,0.00321207412232583,0.000880964411818132,0.994891580792022
full,DS03,15,1000,MoE_dir,10,0.993057147500106,0.00652783081734383,0.00277322112136383,0.00108320437574923,0.996203688063766
full,DS03,15,1000,MoE_dir,31.6227766016838,0.990056579334341,0.00781210060129053,0.00263995873543734,0.00179177126361592,0.996802695812558
full,DS03,15,1000,MoE_dir,100,0.962938330536963,0.0150821206298861,0.00267971453414567,0.00356929502897398,0.99719176955501
full,DS03,15,1000,MoE_dir,316.227766016838,0.865214699466101,0.0287621393772265,0.00303483307368488,0.00572859664495415,0.997290795084487
full,DS03,15,1000,MoE_dir,1000,0.683915959342685,0.0440454655838923,0.00366170712435584,0.0064339645436567,0.997135322465542
highTRA,DS03,15,1,Z_zero,NaN,0,0.078410708621127,0.00522654742613546,0,0
highTRA,DS03,15,1,H0,0.1,-0.887469803070619,0.10772472270566,0.00620063009151477,0.000653063752971337,0.995213694208076
highTRA,DS03,15,1,H0,0.316227766016838,0.145966222026253,0.0724624314694604,0.00617193812113268,0.00060451744898388,0.987677055532032
highTRA,DS03,15,1,H0,1,0.77996775342996,0.0367805776116912,0.00614874639233403,0.00056703178954899,0.990386321780723
highTRA,DS03,15,1,H0,3.16227766016838,0.925972323537953,0.0213340072248086,0.0060898919750357,0.000575797435554837,0.989120466334683
highTRA,DS03,15,1,H0,10,0.966795201141754,0.0142881435759593,0.0059158715875556,0.00060855988796545,0.989456654989814
highTRA,DS03,15,1,H0,31.6227766016838,0.982553799619268,0.0103568051798623,0.0051428308421244,0.00123337577714215,0.991106044614335
highTRA,DS03,15,1,H0,100,0.975585524738734,0.0122517767893041,0.00366072836219199,0.00298850541365807,0.993091708920679
highTRA,DS03,15,1,H0,316.227766016838,0.89745913059691,0.0251086796861192,0.0036749304277967,0.0055417509551309,0.994209280174802
highTRA,DS03,15,1,H0,1000,0.726235459086649,0.0410264535301221,0.0040489062775078,0.00682725028848864,0.995102046047785
highTRA,DS03,15,1,TRA4,0.1,-0.584648414308933,0.0987056104839708,0.00572325224608025,0.000545927483190394,0.888829199102436
highTRA,DS03,15,1,TRA4,0.316227766016838,0.110047617738398,0.0739705356632544,0.00571804157532307,0.000524085482653919,0.98579509558482
highTRA,DS03,15,1,TRA4,1,0.764180560713366,0.0380772153260399,0.00571664664036595,0.000498613555700861,0.990208654768582
highTRA,DS03,15,1,TRA4,3.16227766016838,0.921369824177002,0.0219872038099204,0.00567595706389137,0.00050425054670666,0.989854120928263
highTRA,DS03,15,1,TRA4,10,0.967655457433964,0.0141018433322258,0.00556023719326149,0.000534266362812151,0.990927911611763
highTRA,DS03,15,1,TRA4,31.6227766016838,0.981608338190256,0.0106337357771663,0.00514123823900541,0.00111519301250767,0.992005004318566
highTRA,DS03,15,1,TRA4,100,0.971113614919837,0.0133266802265492,0.00362567203021933,0.00264681994400202,0.993716710604003
highTRA,DS03,15,1,TRA4,316.227766016838,0.895048278883051,0.0254021315770248,0.00354109300426735,0.00505665031179515,0.994779450764154
highTRA,DS03,15,1,TRA4,1000,0.725888673574094,0.041052430007866,0.00398367061202374,0.00646717854175713,0.995121289441439
highTRA,DS03,15,1,MoE_K4,0.1,-0.0361266227402877,0.0798144995944904,0.00569892602738059,0.000530662224563605,0.968496002027163
highTRA,DS03,15,1,MoE_K4,0.316227766016838,0.416891769905072,0.0598756118427657,0.00569244249728252,0.000506544413728626,0.987715883025941
highTRA,DS03,15,1,MoE_K4,1,0.793520503173615,0.035629837802735,0.00568033722398823,0.000497154527857771,0.988926763760625
highTRA,DS03,15,1,MoE_K4,3.16227766016838,0.927137640674961,0.0211654250071941,0.00564721476761461,0.000497989366472794,0.990134988825341
highTRA,DS03,15,1,MoE_K4,10,0.96899876368677,0.0138059051557651,0.00554234683470927,0.000513272370563541,0.990142048994907
highTRA,DS03,15,1,MoE_K4,31.6227766016838,0.979610603746076,0.0111963782471101,0.00521663308419066,0.00103111378257594,0.990951085888085
highTRA,DS03,15,1,MoE_K4,100,0.966826657756823,0.0142813740253705,0.00378187171701159,0.0024087219627742,0.992736752976507
highTRA,DS03,15,1,MoE_K4,316.227766016838,0.891214321405167,0.0258619484264936,0.00350032292668534,0.00471675713051873,0.993922348038569
highTRA,DS03,15,1,MoE_K4,1000,0.723628132355322,0.0412213580288791,0.00395320841908386,0.00626332731254808,0.994521493251298
highTRA,DS03,15,1,FreeMLP,0.1,-0.501849454680503,0.0960922979718727,0.00565600048147514,0.00054999596396536,0.955803737473513
highTRA,DS03,15,1,FreeMLP,0.316227766016838,0.269238600763326,0.0670290675750084,0.0056425628052911,0.000514112639057166,0.987691366582708
highTRA,DS03,15,1,FreeMLP,1,0.783505514371299,0.0364836934651117,0.00563726724378988,0.00049678336078931,0.991756045769018
highTRA,DS03,15,1,FreeMLP,3.16227766016838,0.921500896024645,0.0219688704831134,0.00560245289504511,0.000498443337234942,0.990938310806924
highTRA,DS03,15,1,FreeMLP,10,0.968631612355455,0.0138874170163938,0.00548953098613929,0.000518984981521737,0.990450283896756
highTRA,DS03,15,1,FreeMLP,31.6227766016838,0.979761533234931,0.0111548615073675,0.00505716151513466,0.00101369629309026,0.990790648756519
highTRA,DS03,15,1,FreeMLP,100,0.966772977275406,0.0142929242807086,0.00364549690213573,0.00238718664837162,0.992657326757855
highTRA,DS03,15,1,FreeMLP,316.227766016838,0.891563230865622,0.025820441467631,0.00348366493165914,0.00468483735424895,0.994128603225872
highTRA,DS03,15,1,FreeMLP,1000,0.724736827930935,0.0411385929768732,0.00394503510999102,0.00622376604709803,0.994706993388113
highTRA,DS03,15,1,MoE_dir,0.1,0.0801760243486407,0.0752017143989735,0.00582195489040235,0.000404409382678516,0.970224978069379
highTRA,DS03,15,1,MoE_dir,0.316227766016838,0.477090380186437,0.0567007357662565,0.00582394334873199,0.000395909417251673,0.988575850357767
highTRA,DS03,15,1,MoE_dir,1,0.806854383671479,0.0344602010256936,0.00581499407885087,0.000393064742726767,0.989551304176778
highTRA,DS03,15,1,MoE_dir,3.16227766016838,0.930635292113509,0.0206511698932571,0.00576762890806651,0.000402118871567218,0.990177369974496
highTRA,DS03,15,1,MoE_dir,10,0.971065343698386,0.0133378104979015,0.0056295894461357,0.000506921796389973,0.990190532016431
highTRA,DS03,15,1,MoE_dir,31.6227766016838,0.980947073842733,0.0108232133850856,0.00527506706325597,0.00102433997122659,0.991007536245324
highTRA,DS03,15,1,MoE_dir,100,0.968314739038848,0.013957383864543,0.00374950308769488,0.00242229115749409,0.992828875689858
highTRA,DS03,15,1,MoE_dir,316.227766016838,0.892028799690664,0.02576495233977,0.00347845416180077,0.00472607625172951,0.994041034231739
highTRA,DS03,15,1,MoE_dir,1000,0.723526389294837,0.0412289449103482,0.00393490846682737,0.00627018787728997,0.994607075985011
highTRA,DS03,15,10,Z_zero,NaN,0,0.078410708621127,0.00522654742613546,0,0
highTRA,DS03,15,10,H0,0.1,-0.85011516425978,0.106653413571174,0.00683548028960631,0.000460212526816748,0.996712324006956
highTRA,DS03,15,10,H0,0.316227766016838,0.150009049850104,0.0722907165675773,0.00683356386392949,0.000437234330412557,0.984098382611169
highTRA,DS03,15,10,H0,1,0.774074986196803,0.0372698407845402,0.00622844192373781,0.000426346374796533,0.987676885682339
highTRA,DS03,15,10,H0,3.16227766016838,0.923639625821196,0.0216675298055372,0.00475124440992902,0.000444832163167216,0.988735135044988
highTRA,DS03,15,10,H0,10,0.977896117139994,0.0116576138063124,0.00351921321898966,0.000496237288368143,0.994179235640852
highTRA,DS03,15,10,H0,31.6227766016838,0.991465709989291,0.00724367700921919,0.00335629957629117,0.000902911969381899,0.996098505255603
highTRA,DS03,15,10,H0,100,0.982141452461148,0.0104784837885116,0.00316135761189328,0.00258530126087581,0.996431372206424
highTRA,DS03,15,10,H0,316.227766016838,0.902628067040629,0.024467650843057,0.0027641185637139,0.00526920167546469,0.996904015029436
highTRA,DS03,15,10,H0,1000,0.72683192418383,0.0409817359216464,0.00336075849710433,0.00665488086599436,0.997244070870699
highTRA,DS03,15,10,TRA4,0.1,-0.644103852788741,0.100540259598341,0.00618171107545493,0.000385156932341178,0.997631473141982
highTRA,DS03,15,10,TRA4,0.316227766016838,0.107755668100573,0.074065724873096,0.00618033230620161,0.000366154069953815,0.98071076615046
highTRA,DS03,15,10,TRA4,1,0.76864705301312,0.0377148944559512,0.0054122947008687,0.000349165012078783,0.989297886906546
highTRA,DS03,15,10,TRA4,3.16227766016838,0.924745871461855,0.0215100066255646,0.00427074743154119,0.000361610520022855,0.990574543844516
highTRA,DS03,15,10,TRA4,10,0.978573846414023,0.0114775048660246,0.00318846990157553,0.000408263244875593,0.995017398085909
highTRA,DS03,15,10,TRA4,31.6227766016838,0.990992026136229,0.0074419875208326,0.00305129139293967,0.000801210487115687,0.996894851162534
highTRA,DS03,15,10,TRA4,100,0.978577118981807,0.011476628312357,0.00292543873803589,0.00228891732667864,0.997250213429937
highTRA,DS03,15,10,TRA4,316.227766016838,0.90047994443353,0.0247360689975989,0.00278666194963432,0.00483944994039558,0.997379186375437
highTRA,DS03,15,10,TRA4,1000,0.726471842461904,0.0410087374558038,0.00332931534763878,0.00633737439551673,0.997409846076144
highTRA,DS03,15,10,MoE_K4,0.1,-0.42502244500983,0.0936022376602491,0.00600039035203429,0.000373520890686929,0.889985712105302
highTRA,DS03,15,10,MoE_K4,0.316227766016838,0.208641739814113,0.0697528486691674,0.00599917938905344,0.000355701403968916,0.975779004841335
highTRA,DS03,15,10,MoE_K4,1,0.770284509963861,0.0375811892676023,0.00565612253707641,0.000336497015401896,0.987339905532436
highTRA,DS03,15,10,MoE_K4,3.16227766016838,0.921321898461395,0.021993903476728,0.00443832255919558,0.000347027585887503,0.98912251475836
highTRA,DS03,15,10,MoE_K4,10,0.977565263883023,0.0117445359478288,0.00326618679346883,0.000389086822194501,0.994540706875441
highTRA,DS03,15,10,MoE_K4,31.6227766016838,0.989412338178673,0.00806817685270061,0.00303451615139754,0.000708496853241532,0.996700595085281
highTRA,DS03,15,10,MoE_K4,100,0.974288154410677,0.0125730894229361,0.00290767150324073,0.00203705794616482,0.997065856485976
highTRA,DS03,15,10,MoE_K4,316.227766016838,0.896658904061545,0.025206463055235,0.00280794537591732,0.00447535522247486,0.99726606595253
highTRA,DS03,15,10,MoE_K4,1000,0.72446987445049,0.0411585364897363,0.00334295857056521,0.006117475109381,0.997361697176205
highTRA,DS03,15,10,FreeMLP,0.1,-0.506117035792648,0.0962287266834129,0.0059830770470887,0.000372452805223902,0.997740739552362
highTRA,DS03,15,10,FreeMLP,0.316227766016838,0.11747783270133,0.0736610983302082,0.00598187833019606,0.00035632060045184,0.979379862741402
highTRA,DS03,15,10,FreeMLP,1,0.757106673218813,0.0386440976031687,0.00565579874961921,0.000337746202695238,0.988550875131547
highTRA,DS03,15,10,FreeMLP,3.16227766016838,0.919123918738171,0.0222990021143757,0.0043876978191248,0.000347335706682546,0.989176992939367
highTRA,DS03,15,10,FreeMLP,10,0.978153904795978,0.011589435684213,0.00323004479019936,0.000387538243807685,0.994706424144031
highTRA,DS03,15,10,FreeMLP,31.6227766016838,0.990028044482507,0.00783006820386882,0.00301809735520124,0.00070078595805412,0.996849418825763
highTRA,DS03,15,10,FreeMLP,100,0.974727633394867,0.0124651737134844,0.00289754444887505,0.002027496763169,0.997232307322455
highTRA,DS03,15,10,FreeMLP,316.227766016838,0.89700097570343,0.0251647102400967,0.0028023188472231,0.00445955555211492,0.997379592136913
highTRA,DS03,15,10,FreeMLP,1000,0.725097910320948,0.0411116019050897,0.00334101102556825,0.0060959329321993,0.997462686951779
highTRA,DS03,15,10,MoE_dir,0.1,-0.416181238608868,0.0933114196816342,0.00600143703350073,0.000208785985581341,0.889971491655713
highTRA,DS03,15,10,MoE_dir,0.316227766016838,0.212265092960033,0.0695929784929534,0.00600022745982026,0.000197115853203255,0.973356584691335
highTRA,DS03,15,10,MoE_dir,1,0.775559636024284,0.0371471809132011,0.00556705218994459,0.000185430872641151,0.987248784788041
highTRA,DS03,15,10,MoE_dir,3.16227766016838,0.924305489065648,0.021572852415822,0.0043867146626124,0.000197307879971334,0.989208245757911
highTRA,DS03,15,10,MoE_dir,10,0.978595391396195,0.0114717328353258,0.00325693975080186,0.000249143771059406,0.994473856602162
highTRA,DS03,15,10,MoE_dir,31.6227766016838,0.990217237992273,0.00775543429596941,0.00303043337630382,0.000659292362722289,0.99672443294028
highTRA,DS03,15,10,MoE_dir,100,0.975294928323287,0.0123244752738383,0.00291391477588635,0.00205022794807273,0.997104142321234
highTRA,DS03,15,10,MoE_dir,316.227766016838,0.897226876427009,0.0251370990724473,0.00280752255379838,0.00448337671902376,0.997300217284231
highTRA,DS03,15,10,MoE_dir,1000,0.724266120622941,0.0411737519938617,0.00334690007002433,0.00611950030546723,0.997385058707948
highTRA,DS03,15,100,Z_zero,NaN,0,0.078410708621127,0.00522654742613546,0,0
highTRA,DS03,15,100,H0,0.1,-0.854877156964166,0.106790582434619,0.00647290736095276,0.000626996941858528,0.996962872503
highTRA,DS03,15,100,H0,0.316227766016838,0.265092396551148,0.0672189538400688,0.00647110497361094,0.000599913141126683,0.986188802919402
highTRA,DS03,15,100,H0,1,0.825676478182747,0.0327380927198388,0.00607120429414556,0.000591999825530107,0.988788182091002
highTRA,DS03,15,100,H0,3.16227766016838,0.946495776774697,0.0181371652695637,0.00432772453620016,0.000610268091183143,0.991010728763287
highTRA,DS03,15,100,H0,10,0.981396596513662,0.0106947732589569,0.00311502499274434,0.000744282146615637,0.994602901216134
highTRA,DS03,15,100,H0,31.6227766016838,0.991625444570099,0.00717556758719067,0.00299457554133802,0.00132234104564303,0.996314572946407
highTRA,DS03,15,100,H0,100,0.98047529280998,0.0109563940523774,0.00293986376845971,0.00291320239728561,0.996824664848206
highTRA,DS03,15,100,H0,316.227766016838,0.899953086052044,0.0248014588446289,0.0027311067130443,0.00549107853832923,0.997168831478147
highTRA,DS03,15,100,H0,1000,0.7257461588109,0.0410631005211267,0.00338714350024653,0.00677057084917301,0.997443827865392
highTRA,DS03,15,100,TRA4,0.1,-0.631735473176247,0.100161370015592,0.00592283868269773,0.000518121339560707,0.997877743106121
highTRA,DS03,15,100,TRA4,0.316227766016838,0.227253819450206,0.0689277040046962,0.00592154419885533,0.000493583461839037,0.975733100182984
highTRA,DS03,15,100,TRA4,1,0.81177681478864,0.0340182476128196,0.00571770351999883,0.000482673392949199,0.988146380366435
highTRA,DS03,15,100,TRA4,3.16227766016838,0.941878908988271,0.0189035015709626,0.00464558739790076,0.000494828877506913,0.990686454728659
highTRA,DS03,15,100,TRA4,10,0.982049630700781,0.0105053874109922,0.00290288914876168,0.000596029691127238,0.994746201250597
highTRA,DS03,15,100,TRA4,31.6227766016838,0.991034206874257,0.00742454315039535,0.00277512198187853,0.0011739610724715,0.996877573821823
highTRA,DS03,15,100,TRA4,100,0.976485690965504,0.0120237929618388,0.0027834241983349,0.00258410426769271,0.997411425851972
highTRA,DS03,15,100,TRA4,316.227766016838,0.897613940543127,0.0250897187508381,0.00275770318956493,0.00502972224733141,0.997618786818835
highTRA,DS03,15,100,TRA4,1000,0.725356445919847,0.0410922653609166,0.00336367269694548,0.00643439421230235,0.997470699289961
highTRA,DS03,15,100,MoE_K4,0.1,-0.254990205893865,0.0878406512538979,0.00575570065574013,0.000501559047677856,0.906436368904754
highTRA,DS03,15,100,MoE_K4,0.316227766016838,0.287939023042091,0.0661658615161114,0.00575457167001663,0.000483672911473652,0.97238294767832
highTRA,DS03,15,100,MoE_K4,1,0.813446022948883,0.0338670707259892,0.00575100705043772,0.000471705332466041,0.987291373116534
highTRA,DS03,15,100,MoE_K4,3.16227766016838,0.939492294239986,0.0192877124112027,0.0048004202911535,0.000481776724209297,0.989015895472006
highTRA,DS03,15,100,MoE_K4,10,0.981293567557811,0.0107243471469513,0.00305869811610428,0.000559328539802547,0.994057177126148
highTRA,DS03,15,100,MoE_K4,31.6227766016838,0.989289688487698,0.00811477401827175,0.00278931683121879,0.00107230438252448,0.996547180978696
highTRA,DS03,15,100,MoE_K4,100,0.97263656236131,0.0129706191317602,0.00279151557687447,0.00234160542681442,0.997192139711771
highTRA,DS03,15,100,MoE_K4,316.227766016838,0.894150110639877,0.0255105946986958,0.00278822167508471,0.00469081719483884,0.99746303478261
highTRA,DS03,15,100,MoE_K4,1000,0.723248600949471,0.0412496522121359,0.0033811558841721,0.00623619042389295,0.997426521718074
highTRA,DS03,15,100,FreeMLP,0.1,-0.50834924521284,0.0963000103667175,0.00574398400074039,0.000503409117730107,0.997881759328901
highTRA,DS03,15,100,FreeMLP,0.316227766016838,0.231971182505928,0.0687169913687607,0.00574286344357643,0.000481340153132529,0.975017173579298
highTRA,DS03,15,100,FreeMLP,1,0.810005194120755,0.0341779683177893,0.00573931778860683,0.000468429404254582,0.98836551572861
highTRA,DS03,15,100,FreeMLP,3.16227766016838,0.942793237795839,0.0187542224419677,0.0046829565192899,0.00047814964225978,0.990007036104654
highTRA,DS03,15,100,FreeMLP,10,0.982598835585071,0.0103434289112495,0.00296813993585778,0.000549007109575161,0.994418136459673
highTRA,DS03,15,100,FreeMLP,31.6227766016838,0.989960333084497,0.00785660702533603,0.00276468766993121,0.00106456385140215,0.996775041533073
highTRA,DS03,15,100,FreeMLP,100,0.972969135133341,0.0128915562946656,0.00277310723534666,0.00232967473388535,0.997357272229564
highTRA,DS03,15,100,FreeMLP,316.227766016838,0.894413009871262,0.0254788946878415,0.00278143216774555,0.00467142627813625,0.997576010387914
highTRA,DS03,15,100,FreeMLP,1000,0.723929968820519,0.0411988421554506,0.00337537764662697,0.00621074656727987,0.997512792649737
highTRA,DS03,15,100,MoE_dir,0.1,-0.285070600752265,0.0888871277313254,0.00575829128546501,0.000338460732550002,0.905576441338603
highTRA,DS03,15,100,MoE_dir,0.316227766016838,0.274403781509457,0.0667917594700116,0.00575716019795323,0.000330765165018367,0.972472073358389
highTRA,DS03,15,100,MoE_dir,1,0.815351094025815,0.0336937033707302,0.00575358682799376,0.000320158359543348,0.987412731212726
highTRA,DS03,15,100,MoE_dir,3.16227766016838,0.942248135099373,0.0188433617272417,0.00476491174426607,0.000329468648213632,0.989346826726678
highTRA,DS03,15,100,MoE_dir,10,0.982245706882834,0.0104478534341347,0.00303775846676761,0.000460853009976569,0.994104022816365
highTRA,DS03,15,100,MoE_dir,31.6227766016838,0.990045197546759,0.0078233309360368,0.00278627464065913,0.00102121075573274,0.996548515316147
highTRA,DS03,15,100,MoE_dir,100,0.973670972474143,0.0127230955285738,0.00279116846948182,0.00235504370030945,0.997229815566079
highTRA,DS03,15,100,MoE_dir,316.227766016838,0.894741515544065,0.025439228428757,0.0027884686944933,0.00469998742115724,0.997491162889809
highTRA,DS03,15,100,MoE_dir,1000,0.723059710105788,0.0412637268520042,0.00338532201119786,0.00623895173705168,0.997437889326558
highTRA,DS03,15,1000,Z_zero,NaN,0,0.078410708621127,0.00522654742613546,0,0
highTRA,DS03,15,1000,H0,0.1,-0.860509478191704,0.106952593961214,0.00650393956859502,0.000634534932230202,0.997133864272784
highTRA,DS03,15,1000,H0,0.316227766016838,0.196027987146282,0.0703065591990469,0.0065021230639792,0.000609366813442835,0.981455165209363
highTRA,DS03,15,1000,H0,1,0.807846941750398,0.0343715430293121,0.00649633082122729,0.000599317880643801,0.988553145263663
highTRA,DS03,15,1000,H0,3.16227766016838,0.945640864824612,0.0182814924774254,0.00388684383122422,0.000616598878995753,0.99185365661366
highTRA,DS03,15,1000,H0,10,0.982254032047817,0.0104454035956129,0.00303778790680459,0.000722766573609858,0.995370993584238
highTRA,DS03,15,1000,H0,31.6227766016838,0.991837370078414,0.00708419377734892,0.00294576416635422,0.00132980647467637,0.996595010253223
highTRA,DS03,15,1000,H0,100,0.981065915060357,0.0107894060885286,0.00285386910506772,0.00287606130095201,0.996980527669316
highTRA,DS03,15,1000,H0,316.227766016838,0.900890422230535,0.0246850034182868,0.00262379586424189,0.00547574488463519,0.997337656226647
highTRA,DS03,15,1000,H0,1000,0.726611402389717,0.0409982743526654,0.00333466053070453,0.00677391234202087,0.997634488707222
highTRA,DS03,15,1000,TRA4,0.1,-0.634242386495324,0.100238281839854,0.00593789604726949,0.000520166648329229,0.997839189173357
highTRA,DS03,15,1000,TRA4,0.316227766016838,0.148373570817349,0.0723602309158631,0.0059365916457946,0.000499089607644434,0.975241071199307
highTRA,DS03,15,1000,TRA4,1,0.797374816633112,0.0352957235461525,0.0059324696064258,0.00048394373108124,0.989002046659765
highTRA,DS03,15,1000,TRA4,3.16227766016838,0.940903149866498,0.0190615207198023,0.00373069078873832,0.000495617063484494,0.991243173817479
highTRA,DS03,15,1000,TRA4,10,0.982800916240883,0.0102831941257132,0.00275065654859304,0.000568956956918255,0.995453206876445
highTRA,DS03,15,1000,TRA4,31.6227766016838,0.991382619264098,0.00727885418660628,0.0026981547920954,0.00116412106010418,0.99706991797316
highTRA,DS03,15,1000,TRA4,100,0.977031939943312,0.0118833129974931,0.00266908798222475,0.00254254998061374,0.99753691167327
highTRA,DS03,15,1000,TRA4,316.227766016838,0.89849002005626,0.0249821464363655,0.00265897025234047,0.00500679478822815,0.997746368014483
highTRA,DS03,15,1000,TRA4,1000,0.726245995640452,0.0410256640166356,0.00331136675164729,0.00643130598267638,0.997720961033107
highTRA,DS03,15,1000,MoE_K4,0.1,-0.426420736432472,0.093648149608951,0.00576345145534243,0.000508349433177254,0.88998131873231
highTRA,DS03,15,1000,MoE_K4,0.316227766016838,0.184755783351156,0.0707977151605263,0.00576231641927942,0.000490982127270475,0.966919178960877
highTRA,DS03,15,1000,MoE_K4,1,0.799469531065504,0.0351128081361339,0.00575873265631576,0.000473515756827754,0.988857841257453
highTRA,DS03,15,1000,MoE_K4,3.16227766016838,0.935601537820322,0.0198981695463997,0.00465948898736375,0.000483496654836926,0.990168881642651
highTRA,DS03,15,1000,MoE_K4,10,0.981958116301658,0.0105321325985531,0.00280942419585551,0.000533516022590289,0.994929737019532
highTRA,DS03,15,1000,MoE_K4,31.6227766016838,0.989836600494302,0.00790487264383116,0.0026897636501965,0.00106186133791868,0.996829925195185
highTRA,DS03,15,1000,MoE_K4,100,0.97332796720596,0.012805703349443,0.00266514442612422,0.00229935746928911,0.997378920473109
highTRA,DS03,15,1000,MoE_K4,316.227766016838,0.895116083627919,0.0253939246447716,0.00268497675240812,0.00466824867267164,0.997624191676335
highTRA,DS03,15,1000,MoE_K4,1000,0.724132059402229,0.0411837600724844,0.00332273350124761,0.00623315113795404,0.997630180011038
highTRA,DS03,15,1000,FreeMLP,0.1,-0.509990664407195,0.0963523940258243,0.00575197832264479,0.000505920229724084,0.997849537104217
highTRA,DS03,15,1000,FreeMLP,0.316227766016838,0.138427537714035,0.0727815471742019,0.00575085219413394,0.000488088048716181,0.970841315339569
highTRA,DS03,15,1000,FreeMLP,1,0.800594670739116,0.0350141638102125,0.00574729654527601,0.000469879233901756,0.989317246060516
highTRA,DS03,15,1000,FreeMLP,3.16227766016838,0.940143441862825,0.0191836502965494,0.00408513038140249,0.000479424307077282,0.990463942665762
highTRA,DS03,15,1000,FreeMLP,10,0.983264749679598,0.0101435852874931,0.00275653450802338,0.000524309667056191,0.995086357518926
highTRA,DS03,15,1000,FreeMLP,31.6227766016838,0.990406461105085,0.00768006329103836,0.00267984994152128,0.00105280250217117,0.996969546403242
highTRA,DS03,15,1000,FreeMLP,100,0.973556096190202,0.0127508214129258,0.00266165281523987,0.00228628266424615,0.99748149664918
highTRA,DS03,15,1000,FreeMLP,316.227766016838,0.89531804881263,0.0253694635062179,0.00268008109986613,0.00464661218073774,0.997684628544488
highTRA,DS03,15,1000,FreeMLP,1000,0.724852367003445,0.0411299583060698,0.00331706170823855,0.00620539312104493,0.997677748260079
highTRA,DS03,15,1000,MoE_dir,0.1,-0.44002847680636,0.0940937807101553,0.00576649774238486,0.000342911700134733,0.890003289060974
highTRA,DS03,15,1000,MoE_dir,0.316227766016838,0.186986747084579,0.0707007777412127,0.00576536044405124,0.000334716006300288,0.968062055818628
highTRA,DS03,15,1000,MoE_dir,1,0.80431578272518,0.0346859248204455,0.00576176953199888,0.000322398307092769,0.988956467546655
highTRA,DS03,15,1000,MoE_dir,3.16227766016838,0.938985131963686,0.0193683764177225,0.00440573874995508,0.000331788420170939,0.990351220529686
highTRA,DS03,15,1000,MoE_dir,10,0.983003035751219,0.0102225927398689,0.0027876012543754,0.000436111748620664,0.994909744895967
highTRA,DS03,15,1000,MoE_dir,31.6227766016838,0.990554897508411,0.00762041663144437,0.00269284157400878,0.0010060384528955,0.996808287134815
highTRA,DS03,15,1000,MoE_dir,100,0.974365857638884,0.0125540766128561,0.00267212804553247,0.00231425702594724,0.997409194168928
highTRA,DS03,15,1000,MoE_dir,316.227766016838,0.895707379696775,0.0253222427754601,0.00268604589082752,0.00467708541824788,0.997645688316889
highTRA,DS03,15,1000,MoE_dir,1000,0.723943558283341,0.0411978281427716,0.00332714200807964,0.00623568712663835,0.99763116608277
