subset,unit,N,method,lam,skill,rmse,rmse_early,false_alarm,detect_corr,res_norm,sol_norm,delta
DS02,11,1,Z_zero,,0.0,0.08344252482394354,0.0052992652588213715,0.0,0.0,86.30043269927624,0.0,25.995102860684536
DS02,11,1,B,1e-06,-426.9854126101383,1.726242958336805,1.230619242619043,0.02633796042767515,0.13970777814214802,8.220104535617901,39.81313859771409,25.995102860684536
DS02,11,1,D,1e-06,-1.1301393408478453,0.12178433899152219,0.012737787503184843,0.0024331915847703956,0.988037219630102,22.350054191007732,3.2806732727682966,25.995102860684536
DS02,11,1,B,3.162277660168379e-06,-426.9304099349478,1.7261320304538645,1.2305401773666893,0.02633759736182366,0.13970990745092157,8.220104561348474,39.810585775480085,25.995102860684536
DS02,11,1,D,3.162277660168379e-06,-1.130139326329163,0.12178433857649108,0.012737787457185597,0.002433191600049804,0.9880372196224785,22.350054191007736,3.280673260926263,25.995102860684536
DS02,11,1,B,1e-05,-426.7565460137667,1.7257813395872368,1.2302902180422337,0.026336449553466014,0.13971664091419958,8.220104818541662,39.80251520651848,25.995102860684536
DS02,11,1,D,1e-05,-1.1301392804170667,0.12178433726404776,0.012737787311723061,0.002433191648367511,0.9880372195983698,22.350054191007775,3.280673223478472,25.995102860684536
DS02,11,1,B,3.1622776601683795e-05,-426.20743737108876,1.7246732960358147,1.2295004463704966,0.026332822929381244,0.13973793396479509,8.220107386917208,39.77701544912714,25.995102860684536
DS02,11,1,D,3.1622776601683795e-05,-1.1301391352302805,0.12178433311373772,0.012737786851730111,0.002433191801161504,0.9880372195221323,22.350054191008137,3.2806731050581606,25.995102860684536
DS02,11,1,B,0.0001,-424.47795021304836,1.7211787111566563,1.227009641005004,0.026321385095518738,0.13980526820301087,8.220132958642653,39.6965937408961,25.995102860684536
DS02,11,1,D,0.0001,-1.130138676109477,0.12178431998930773,0.012737785397105243,0.002433192284338234,0.9880372192810477,22.35005419101175,3.2806727305803203,25.995102860684536
DS02,11,1,B,0.00031622776601683794,-419.0774657150632,1.7102205839078257,1.2191991401732682,0.026285686801568568,0.1400181947534056,8.220385175764138,39.44441455949201,25.995102860684536
DS02,11,1,D,0.00031622776601683794,-1.130137224243326,0.12178427848624411,0.012737780797180367,0.0024331938122742593,0.9880372185186712,22.350054191047928,3.2806715463780622,25.995102860684536
DS02,11,1,B,0.001,-402.6605321331154,1.6764692069257825,1.1951428434813063,0.026176185016268325,0.14069149729012842,8.22280078205839,38.667722109260055,25.995102860684536
DS02,11,1,D,0.001,-1.1301326330524604,0.12178414724231253,0.012737766250970919,0.0024331986440027284,0.988037216107818,22.35005419140968,3.2806678016081876,25.995102860684536
DS02,11,1,B,0.0031622776601683794,-356.63433269715506,1.5780001446400975,1.1249617572608424,0.02586426462400318,0.14282035500556575,8.24395893913513,36.4019927469891,25.995102860684536
DS02,11,1,D,0.0031622776601683794,-1.1301181145624697,0.12178373221535409,0.01273772025211622,0.002433213922974958,0.9880372084839719,22.35005419502716,3.2806559596707885,25.995102860684536
DS02,11,1,B,0.01,-253.39558490585745,1.3308901826398383,0.9488641399833162,0.02518767920935688,0.14954900463373366,8.388240456904704,30.718271241169735,25.995102860684536
DS02,11,1,D,0.01,-1.1300722043690947,0.12178241981282012,0.012737574793952423,0.0024332622363795044,0.9880371843746538,22.35005423120099,3.2806185128239074,25.995102860684536
DS02,11,1,B,0.03162277660168379,-112.8923387724101,0.8905015756337952,0.635184900222228,0.024645443240032996,0.17078415020145044,8.947129296199286,20.603426864401108,25.995102860684536
DS02,11,1,D,0.03162277660168379,-1.1299270366208218,0.1217782699110355,0.012737114844716164,0.002433414987303451,0.9880371081283038,22.350054592908396,3.2805001019681876,25.995102860684536
DS02,11,1,B,0.1,-26.37060130909034,0.43654559058784614,0.31258559681558745,0.02433005562096856,0.23720592601933746,9.865238341830048,10.245965239428992,25.995102860684536
DS02,11,1,D,0.1,-1.1294681061628422,0.12176514956300312,0.012735660656100134,0.002433897733496687,0.9880368669562818,22.350058209004864,3.2801257186664055,25.995102860684536
DS02,11,1,B,0.31622776601683794,-3.2066527983216977,0.17114167208758904,0.12660770563811524,0.02430545386653498,0.4292004418902205,10.534292988796642,4.421678026294879,25.995102860684536
DS02,11,1,D,0.31622776601683794,-0.7789734929334802,0.11129410853546207,0.012733665143536894,0.0024122419074812606,0.9468213256355781,22.357075430203352,3.092523292994001,25.995102860684536
DS02,11,1,B,1.0,0.3152827697468562,0.06904672194886455,0.06056638486067175,0.024102626154847526,0.736662760320133,10.830785295952872,2.5708560020509337,25.995102860684536
DS02,11,1,D,1.0,0.244373954891141,0.07253387775768154,0.012726055446816991,0.002341107995275795,0.9822597717800794,22.39563424844741,2.4871835491768337,25.995102860684536
DS02,11,1,B,3.1622776601683795,0.7410839945406581,0.042458718854734144,0.04603794222957589,0.023389316015051138,0.8616244826602877,10.942914081885148,2.2445847266670524,25.995102860684536
DS02,11,1,D,3.1622776601683795,0.6727555878390139,0.04773353041482961,0.012667167591962894,0.0022887716846557117,0.9838788987657364,22.45007571678794,2.1999330822717953,25.995102860684536
DS02,11,1,B,10.0,0.8175915545284903,0.035637719702593045,0.04060622320747616,0.021503323531702173,0.8846465958211995,11.035857157963456,2.163659312230251,25.995102860684536
DS02,11,1,D,10.0,0.8712005541920391,0.029946387073944983,0.012516343738060222,0.0022910044550413598,0.9810096719457536,22.519398826901497,2.063614470414911,25.995102860684536
DS02,11,1,B,31.622776601683793,0.874721299345721,0.02953425748371048,0.03310854885496879,0.017978795845856425,0.9009379058883313,11.43196283650587,2.057036140619022,25.995102860684536
DS02,11,1,D,31.622776601683793,0.9360295236403401,0.021104605038121827,0.012017522207474237,0.0025286035873093807,0.9775308552255537,22.65029330284881,1.9882069237351279,25.995102860684536
DS02,11,1,B,100.0,0.9130290157923797,0.0246079042913472,0.02412234793552262,0.015080093918626542,0.9256115020636507,13.287155548827421,1.8677087786963862,25.995102860684536
DS02,11,1,D,100.0,0.9533260412301731,0.01802705383632883,0.008509740186588101,0.004039975771866911,0.9756099077657888,23.48582685414784,1.8273485084673549,25.995102860684536
DS02,11,1,B,316.22776601683796,0.8725216140229983,0.029792415394066206,0.01646924421205505,0.013935904773774193,0.9498629694820059,19.11639632968543,1.5803523602198881,25.995102860684536
DS02,11,1,D,316.22776601683796,0.8933793813866755,0.02724633145678354,0.005272931051751181,0.006387966494412895,0.9747675464976934,26.92941465602673,1.5600315639593167,25.995102860684536
DS02,11,1,B,1000.0,0.7304272111899364,0.04332369227250398,0.011010114061945018,0.012529634231691096,0.9638725659786799,31.733310688291482,1.1910459444744443,25.995102860684536
DS02,11,1,D,1000.0,0.7417752257954218,0.04240200469398206,0.003421075027781504,0.007561411500045984,0.979340396544267,36.67803354169181,1.1814244700160443,25.995102860684536
DS02,11,1,B,3162.2776601683795,0.5001389512833052,0.05899457606133671,0.007627633563414248,0.008959450145394034,0.9702325054709445,51.40838124712326,0.7133313218897803,25.995102860684536
DS02,11,1,D,3162.2776601683795,0.5063058458332015,0.058629532198364684,0.0035363676941717356,0.005884355518565642,0.9864673967495431,54.410102496679805,0.7056000509501444,25.995102860684536
DS02,11,1,B,10000.0,0.2501757169429317,0.07225488049470084,0.006120927023232031,0.004977383830224211,0.9714253109421088,69.0793163334677,0.32367686479759294,25.995102860684536
DS02,11,1,D,10000.0,0.2525230737042855,0.07214169335503572,0.0044210710551941,0.0031792932731550707,0.9883965741606131,71.07638442498656,0.31709059904408615,25.995102860684536
DS02,11,10,Z_zero,,0.0,0.08344252482394354,0.0052992652588213715,0.0,0.0,81.4405463756864,0.0,8.220373305012183
DS02,11,10,B,1e-06,-43.65193596391721,0.5575805080177666,0.6921458687916425,0.01261663382852526,0.04677006260444616,3.0879899026009996,13.089208161872433,8.220373305012183
DS02,11,10,D,1e-06,0.10250525855919279,0.0790502764270266,0.008009939117146862,0.0008319291382371336,0.9894831245411227,8.279033944055346,2.545345903117306,8.220373305012183
DS02,11,10,B,3.162277660168379e-06,-43.64615948375233,0.5575444406351326,0.6921013948417475,0.012616473913780004,0.046777095210872,3.0879899098461245,13.088386812139229,8.220373305012183
DS02,11,10,D,3.162277660168379e-06,0.1025130770310384,0.07904993210539543,0.008009939091233277,0.0008319283602904302,0.9894834600716145,8.279033944058478,2.5453410092818984,8.220373305012183
DS02,11,10,B,1e-05,-43.627899998536385,0.5574304160951733,0.6919607935101406,0.012615968354015884,0.046799334108745844,3.087989982265661,13.085790179775625,8.220373305012183
DS02,11,10,D,1e-05,0.10253779772624627,0.0790488434083434,0.008009939009287365,0.000831925900452441,0.9894845199769069,8.279033944089788,2.5453255358280864,8.220373305012183
DS02,11,10,B,3.1622776601683795e-05,-43.570231848927584,0.5570701440220657,0.6915165492635509,0.012614370983440095,0.04686965808500617,3.087990705459675,13.077585938088633,8.220373305012183
DS02,11,10,D,3.1622776601683795e-05,0.10261593661297852,0.0790454020806421,0.008009938750151832,0.0008319181242157151,0.989487860349997,8.2790339444027,2.545276626583136,8.220373305012183
DS02,11,10,B,0.0001,-43.38860046214148,0.5559339067611059,0.6901154768462129,0.012609333113148564,0.04709202607755832,3.0879979058579576,13.051711954385091,8.220373305012183
DS02,11,10,D,0.0001,0.1028626858956112,0.0790345339707681,0.008009937930698941,0.0008318935581041264,0.989498310466033,8.279033947526836,2.5451221827236616,8.220373305012183
DS02,11,10,B,0.00031622776601683794,-42.82145680019552,0.5523709650787477,0.6857220706712239,0.012593630852053388,0.04779505569607198,3.088068924587191,12.97058596944604,8.220373305012183
DS02,11,10,D,0.00031622776601683794,0.10363951823965079,0.07900030850833262,0.008009935339416732,0.0008318161173236523,0.9895302367943609,8.279033978610888,2.544635984209188,8.220373305012183
DS02,11,10,B,0.001,-41.09756161763138,0.5413970776958436,0.6721902386358909,0.012546084849074457,0.0500166253787954,3.088749133244874,12.720796011185564,8.220373305012183
DS02,11,10,D,0.001,0.1111050735656246,0.07867063402995013,0.008009927070708715,0.0008311912999454792,0.9898302604528376,8.279035091033554,2.5399130365299056,8.220373305012183
DS02,11,10,B,0.0031622776601683794,-36.2659239434037,0.5093817524935399,0.6327113260715449,0.012412768005621903,0.05702554394144948,3.094709177373881,11.992795211282958,8.220373305012183
DS02,11,10,D,0.0031622776601683794,0.14661654650420475,0.0770831662937665,0.008009900759329008,0.0008282689386693052,0.9909520986295449,8.279049289871992,2.5173493452830122,8.220373305012183
DS02,11,10,B,0.01,-25.43819445936085,0.4290454818488898,0.533638041226868,0.012080721366905694,0.07901911680128304,3.1354524868663125,10.172197267094843,8.220373305012183
DS02,11,10,D,0.01,0.24088142197045714,0.07270131170887506,0.008009818903180806,0.0008198418536546922,0.991747929817799,8.27916770057056,2.4569484787303386,8.220373305012183
DS02,11,10,B,0.03162277660168379,-10.741206229627538,0.28591951255883263,0.3570725373783473,0.011516085604198959,0.1466567168662842,3.2948293333224594,6.968711329185942,8.220373305012183
DS02,11,10,D,0.03162277660168379,0.4180726828786844,0.06365342971521473,0.00800955723224392,0.0008003897531395353,0.9914283870168782,8.279836423338748,2.3398864626824514,8.220373305012183
DS02,11,10,B,0.1,-1.759556938827184,0.13861400642488125,0.17506063858692966,0.011016741210393397,0.3374419891595953,3.5613101906402203,3.842370888600067,8.220373305012183
DS02,11,10,D,0.1,0.6547572711878662,0.04902862423491145,0.008008756470100907,0.0007667568554761713,0.9888246673592543,8.282793933823463,2.1785009294672575,8.220373305012183
DS02,11,10,B,0.31622776601683794,0.5902599358683318,0.05341234581375037,0.06862348235827352,0.010725271263333794,0.7026296777227193,3.758617054517083,2.3926158595272637,8.220373305012183
DS02,11,10,D,0.31622776601683794,0.8216055075333152,0.03524342911588646,0.008006032825518062,0.0007382792013618718,0.9864928164372387,8.28739925373327,2.0703007326907152,8.220373305012183
DS02,11,10,B,1.0,0.922028668417033,0.02329994587388201,0.02762189078523482,0.010527740402011355,0.9254305105809352,3.847463644572653,2.0849339363850845,8.220373305012183
DS02,11,10,D,1.0,0.8750698730645814,0.029493141009146434,0.00799492849977187,0.0007271586003666272,0.9857263338545335,8.292328999302685,2.035949304732178,8.220373305012183
DS02,11,10,B,3.1622776601683795,0.9537781444653366,0.017939532635777616,0.016924893022971434,0.010196895596124715,0.9630930260583545,3.8881077960188306,2.0380671412169034,8.220373305012183
DS02,11,10,D,3.1622776601683795,0.9260854934455791,0.022685704857103736,0.007966374623857015,0.0007208581521065541,0.9853968407753854,8.307459527945118,2.0035957280952617,8.220373305012183
DS02,11,10,B,10.0,0.9596281604213769,0.016765893612990322,0.01429027302360888,0.009417409805771635,0.9708108100822272,3.9831664500983726,2.0086321315879023,8.220373305012183
DS02,11,10,D,10.0,0.960840948566969,0.016512145931347647,0.006726546348380271,0.0007388547592723522,0.9879737520536235,8.34858054349449,1.9739935256536987,8.220373305012183
DS02,11,10,B,31.622776601683793,0.9677129700931072,0.014993446854194608,0.01195425123030153,0.0079749337636162,0.9788106723260825,4.623884193091056,1.939920200324337,8.220373305012183
DS02,11,10,D,31.622776601683793,0.9746453701959488,0.013286667704322986,0.0049825120433712455,0.0010205368568290412,0.9906950281997308,8.59461807269463,1.9220658262166674,8.220373305012183
DS02,11,10,B,100.0,0.9627193968022015,0.0161112375799207,0.00893064281285516,0.007371307025565668,0.9875303570946165,7.582125559008767,1.7856107939255745,8.220373305012183
DS02,11,10,D,100.0,0.9676231552199881,0.015014286481227615,0.0036555221071972502,0.002401711648553179,0.9921356955876662,10.368467763312925,1.7793559302842512,8.220373305012183
DS02,11,10,B,316.22776601683796,0.894814327480827,0.027062363964164844,0.005924706986693516,0.008577341842404574,0.9927861011772668,15.013619877363245,1.521180642540976,8.220373305012183
DS02,11,10,D,316.22776601683796,0.897164087571033,0.02675838138991043,0.0030395936053894917,0.005042442138575053,0.9926663165010569,16.4852277239879,1.5206157979159316,8.220373305012183
DS02,11,10,B,1000.0,0.7362984365914296,0.042849305659768314,0.004198025340959251,0.009403073209162368,0.994735051232614,28.614051185253732,1.1479513016905285,8.220373305012183
DS02,11,10,D,1000.0,0.7388245896941696,0.04264357235412556,0.0030739330919089224,0.006659935835283415,0.9935408048052322,29.37990019066084,1.1493689667191183,8.220373305012183
DS02,11,10,B,3162.2776601683795,0.49725535795749565,0.05916449501176933,0.0041305128484294485,0.007214761067240008,0.9954115362352386,48.38826710436097,0.6863743591552102,8.220373305012183
DS02,11,10,D,3162.2776601683795,0.49949703855524563,0.05903244380414629,0.0038588426255748167,0.005293289766740629,0.9948070306489644,48.92301933636302,0.6856264168701082,8.220373305012183
DS02,11,10,B,10000.0,0.24688579810346267,0.0724132192696397,0.004693921691072057,0.003935742615453711,0.9953850733157524,65.73011831895398,0.3087946159719307,8.220373305012183
DS02,11,10,D,10000.0,0.24760412492309714,0.07237867685449352,0.004633391175878698,0.002871218717571162,0.9953197351487582,66.09809869862546,0.30765433633099465,8.220373305012183
DS02,11,100,Z_zero,,0.0,0.08344252482394354,0.0052992652588213715,0.0,0.0,80.8670597863612,0.0,2.599510286068454
DS02,11,100,B,1e-06,-32.30257969397426,0.4815333543177787,0.595469457644902,0.00998083207328125,0.11505811090303159,2.003977152123999,11.36312269310039,2.599510286068454
DS02,11,100,D,1e-06,0.045162316002042124,0.08153652755651766,0.007964915788292785,0.000738752596669786,0.9618247381298225,6.153486871001909,2.586210290138403,2.599510286068454
DS02,11,100,B,3.162277660168379e-06,-32.29826553165502,0.48150216333564755,0.5954311628451822,0.009980675802037637,0.1150668825086013,2.0039771604728074,11.362415172097753,2.599510286068454
DS02,11,100,D,3.162277660168379e-06,0.04521484911777851,0.08153428454347593,0.007964171912561305,0.0007387486501120859,0.9618282722500316,6.15348687103137,2.586176608068309,2.599510286068454
DS02,11,100,B,1e-05,-32.28462844347533,0.4814035551981356,0.5953100964672404,0.009980181761016492,0.1150946204571145,2.003977243924372,11.360178402541212,2.599510286068454
DS02,11,100,D,1e-05,0.0453809398117786,0.08152719254226737,0.007961820032594826,0.0007387361717568724,0.9618394438589232,6.153486871325904,2.5860701154419625,2.599510286068454
DS02,11,100,B,3.1622776601683795e-05,-32.24155903608834,0.4810919927985823,0.5949275748566077,0.009978620785727678,0.11518233247726893,2.003978077286048,11.353111195159604,2.599510286068454
DS02,11,100,D,3.1622776601683795e-05,0.04590582886929728,0.08150477594859046,0.007954387349884205,0.0007386967292848645,0.9618747290256624,6.153486874269126,2.585733550397445,2.599510286068454
DS02,11,100,B,0.0001,-32.105908029563544,0.4801093775203679,0.5937211649372744,0.009973697706546701,0.11545967146955029,2.0039863745477717,11.330823338843668,2.599510286068454
DS02,11,100,D,0.0001,0.04756232208111533,0.08143399113251597,0.007930929245724317,0.0007385721764911044,0.9619858862444747,6.153486903634252,2.5846711770246102,2.599510286068454
DS02,11,100,B,0.00031622776601683794,-31.682340352077077,0.4770281530445661,0.5899381665604914,0.009958259956666061,0.11633638608314534,2.0040682110205594,11.260943632116186,2.599510286068454
DS02,11,100,D,0.00031622776601683794,0.052767303920460584,0.08121117176354214,0.007857207804414366,0.0007381800501842688,0.9623331957500795,6.15348719517821,2.581330939926968,2.599510286068454
DS02,11,100,B,0.001,-30.394882409069627,0.4675379485973378,0.5782863689204117,0.00991098475032516,0.1191056995014404,2.00485195679078,11.045803290302915,2.599510286068454
DS02,11,100,D,0.001,0.06792096390561153,0.08055895179008075,0.007738415588095683,0.0007370779420306241,0.9634731830382955,6.153489818251051,2.5716107163775344,2.599510286068454
DS02,11,100,B,0.0031622776601683794,-26.786662056827403,0.43985104306572376,0.5442920400722375,0.00978264549159698,0.12783143823234458,2.0117134990243684,10.418992255521555,2.599510286068454
DS02,11,100,D,0.0031622776601683794,0.11000255860917407,0.07871940732686075,0.007732024839840517,0.0007341204411117956,0.9668852728316231,6.153513036351797,2.54455957378172,2.599510286068454
DS02,11,100,B,0.01,-18.70195169856057,0.370375338675285,0.4589791832584654,0.009466890899111277,0.15509123951040032,2.05835257354145,8.85315240616706,2.599510286068454
DS02,11,100,D,0.01,0.15784250842561687,0.07657448678602499,0.007673712817418619,0.0007308172000748274,0.9682953870888538,6.153587982771723,2.5140573625118248,2.599510286068454
DS02,11,100,B,0.03162277660168379,-7.733490590869252,0.24659335247429548,0.3069153308716297,0.008966496051408973,0.23750945531857992,2.2367852185906814,6.108609473776756,2.599510286068454
DS02,11,100,D,0.03162277660168379,0.3693143775322072,0.06626647999203679,0.007560937207711618,0.000714326521764213,0.9714563929070973,6.154643790015027,2.3770862823752634,2.599510286068454
DS02,11,100,B,0.1,-1.0397804457106585,0.11917335027257304,0.15005566862334455,0.00853760652526092,0.45411154228889905,2.523787803801126,3.4697774765903926,2.599510286068454
DS02,11,100,D,0.1,0.6599095726006798,0.048661404597869024,0.007304411533488958,0.0006863677906760722,0.9759845378783001,6.158706527956233,2.182000588665313,2.599510286068454
DS02,11,100,B,0.31622776601683794,0.7039110519811524,0.04540446210744033,0.05794457058199618,0.008341756304995365,0.7934984637262353,2.7294099926887103,2.2976280142009755,2.599510286068454
DS02,11,100,D,0.31622776601683794,0.7723331715765405,0.039814137811140245,0.0062808213851895675,0.0006742513257797415,0.9733722593222928,6.162738797394935,2.107450081306754,2.599510286068454
DS02,11,100,B,1.0,0.9463954473461766,0.019319161571449615,0.021480083168409537,0.008206002875894508,0.9606245449028618,2.820685189625745,2.060821934568403,2.599510286068454
DS02,11,100,D,1.0,0.8375798587237971,0.03362849090389173,0.004478791616639147,0.0006716460462132367,0.9728846822505529,6.171466440404356,2.0634025896153476,2.599510286068454
DS02,11,100,B,3.1622776601683795,0.9679592022169188,0.014936164810757152,0.011110656120457564,0.007933857626447863,0.9847621891214454,2.864226459286592,2.0239879230891753,2.599510286068454
DS02,11,100,D,3.1622776601683795,0.9239482182829158,0.023011351858426315,0.0037665142456591136,0.0006732628775031997,0.982973811656386,6.20871995978034,2.003038131722966,2.599510286068454
DS02,11,100,B,10.0,0.971095676318748,0.01418629029473899,0.008941355282767032,0.007235752235410076,0.9881068867791362,2.981327437115636,1.9971129592677852,2.599510286068454
DS02,11,100,D,10.0,0.9676904765315968,0.014998668723487743,0.003308013930417674,0.0006900347992479088,0.992504481548543,6.274585875784698,1.9657297254560664,2.599510286068454
DS02,11,100,B,31.622776601683793,0.9757752304618845,0.01298725188455239,0.007686531899198274,0.0059900581002602,0.991364945299757,3.766339143155303,1.9309634477458728,2.599510286068454
DS02,11,100,D,31.622776601683793,0.9789995574105569,0.012092098061397768,0.0030260551004726286,0.0009285972980218303,0.9950027624249952,6.580012564032074,1.9160825412283158,2.599510286068454
DS02,11,100,B,100.0,0.9673391925171206,0.01507998451122629,0.005886486720223344,0.0058341241954493386,0.9945614637064285,7.050210403102051,1.7787484694914566,2.599510286068454
DS02,11,100,D,100.0,0.9694121640394099,0.01459357897947014,0.002804299269274862,0.002184062079843593,0.9948373659638142,8.739168471541772,1.7762746319319693,2.599510286068454
DS02,11,100,B,316.22776601683796,0.8966484934067018,0.02682537751584977,0.003953303647063851,0.007547443111118128,0.9960347874590392,14.69856340195226,1.5158857744151046,2.599510286068454
DS02,11,100,D,316.22776601683796,0.8979256861137809,0.026659111514547796,0.00256911648749701,0.0048640375848475964,0.9942547818016179,15.51482908227384,1.5168805410712385,2.599510286068454
DS02,11,100,B,1000.0,0.7362909201272154,0.04284991633680294,0.0032971810094345514,0.008747317497721388,0.9963857738713985,28.366831517106224,1.1444875729155761,2.599510286068454
DS02,11,100,D,1000.0,0.7384119657652002,0.04267724477004877,0.0028541804201575047,0.006537223961241466,0.9956018056819779,28.78796773353919,1.1465554735114545,2.599510286068454
DS02,11,100,B,3162.2776601683795,0.4967774625133087,0.059192608415893015,0.0038664911112674385,0.00682422829734283,0.9965152601684322,48.15399246574845,0.6841511961943649,2.599510286068454
DS02,11,100,D,3162.2776601683795,0.49887230608216926,0.059069274738523345,0.0037871674205201774,0.005191523934038915,0.9964134949627438,48.49623941677297,0.684007834575253,2.599510286068454
DS02,11,100,B,10000.0,0.24654388887594525,0.07242965498307996,0.004619467135925028,0.0037423764383437935,0.9966145556420845,65.47693264668845,0.3070459891343414,2.599510286068454
DS02,11,100,D,10000.0,0.24723230191422518,0.07239655888590332,0.004616544800608742,0.002830428258861502,0.9964159368043339,65.7230322282176,0.3064259010798339,2.599510286068454
DS02,11,1000,Z_zero,,0.0,0.08344252482394354,0.0052992652588213715,0.0,0.0,80.86214774957195,0.0,0.8220373305012185
DS02,11,1000,B,1e-06,-24.38900217469468,0.4204460270256675,0.4745643934170632,0.009402439803551236,0.12105827232543691,1.7689362758861629,9.996949181233415,0.8220373305012185
DS02,11,1000,D,1e-06,0.08167162494186386,0.07996251375113558,0.008073116542760652,0.0006575039901226432,0.9635289813410246,5.623531895518194,2.564530209635743,0.8220373305012185
DS02,11,1000,B,3.162277660168379e-06,-24.38570452986571,0.42041872137023095,0.474533874519988,0.009402293613745751,0.12106836621837219,1.7689362831361815,9.996332723231797,0.8220373305012185
DS02,11,1000,D,3.162277660168379e-06,0.08171553266783338,0.07996060211788696,0.008073116476124133,0.000657500855926079,0.9635303981401172,5.623531895544367,2.564502628902056,0.8220373305012185
DS02,11,1000,B,1e-05,-24.375280662383542,0.4203323964270034,0.4744373911255204,0.009401831444512097,0.1211002854512004,1.7689363556046593,9.99438384430258,0.8220373305012185
DS02,11,1000,D,1e-05,0.0818543498837545,0.07995455806068587,0.008073116265420396,0.0006574909462699046,0.9635348751395248,5.6235318958060585,2.564415429472432,0.8220373305012185
DS02,11,1000,B,3.1622776601683795e-05,-24.342359466332038,0.420059644047667,0.47413254198203947,0.009400371171546039,0.1212012182898074,1.76893707928735,9.988226268917789,0.8220373305012185
DS02,11,1000,D,3.1622776601683795e-05,0.08229301663126143,0.0799354556469099,0.008073115599312673,0.00065745962461333,0.9635489995736713,5.623531898420849,2.5641398656305485,0.8220373305012185
DS02,11,1000,B,0.0001,-24.238671567647224,0.4191994292655037,0.4731710983345163,0.009395765692327088,0.12152034954254294,1.7689442845441514,9.96880736223444,0.8220373305012185
DS02,11,1000,D,0.0001,0.08367709120361566,0.07987515405811822,0.008073113494849127,0.0006573607308572411,0.9635933356051175,5.623531924502032,2.5632703022093,0.8220373305012185
DS02,11,1000,B,0.00031622776601683794,-23.914911982745025,0.4165020230688206,0.4701562541403957,0.009381323870868746,0.1225290664182595,1.7690153505225572,9.907925158721783,0.8220373305012185
DS02,11,1000,D,0.00031622776601683794,0.08802301955700453,0.07968551333994418,0.008073106859388857,0.0006570495333911608,0.9637302904651831,5.623532183220076,2.5605388444245376,0.8220373305012185
DS02,11,1000,B,0.001,-22.930863695069203,0.40819400600717404,0.46087041917084487,0.009336840520297101,0.12571424027553932,1.7696959499497216,9.720509218136565,0.8220373305012185
DS02,11,1000,D,0.001,0.10146371395421605,0.07909613213607702,0.008073086067384482,0.0006560805080866174,0.9641322812735771,5.623534705746879,2.5520810363796143,0.8220373305012185
DS02,11,1000,B,0.0031622776601683794,-20.173303227732646,0.3839562533741735,0.43377896784232495,0.009208650083411337,0.1357392943550562,1.7756546501036974,9.174693600317335,0.8220373305012185
DS02,11,1000,D,0.0031622776601683794,0.14108512556957442,0.07733257981742193,0.008073022196141803,0.0006531641777766121,0.9651246324049434,5.623557980032939,2.527062056927398,0.8220373305012185
DS02,11,1000,B,0.01,-13.996839887880991,0.3231374652754331,0.36579088370736357,0.008888806982040675,0.16694863013848382,1.8161654736727215,7.81300742590844,0.8220373305012185
DS02,11,1000,D,0.01,0.20385488459738366,0.07445323181619298,0.008072883129048344,0.0006488247898775454,0.9620713867396319,5.623668963925693,2.4882011707931513,0.8220373305012185
DS02,11,1000,B,0.03162277660168379,-5.626131511643928,0.2147916836430954,0.24461498033167303,0.00838952300829677,0.26026274077410105,1.9712757013878233,5.437508863262358,0.8220373305012185
DS02,11,1000,D,0.03162277660168379,0.4280776696598353,0.06310386552172044,0.00799475510900188,0.0006289488062849438,0.9684811195313485,5.625004917282928,2.3411918594948404,0.8220373305012185
DS02,11,1000,B,0.1,-0.5333719522504081,0.10332637520006961,0.11965546347392499,0.007983065893480312,0.4975582673724139,2.221094625880439,3.192404553432466,0.8220373305012185
DS02,11,1000,D,0.1,0.6878002256806452,0.04662337722365895,0.007807518231856934,0.0005994954256236097,0.9752070819922553,5.628885473891204,2.1653741420309656,0.8220373305012185
DS02,11,1000,B,0.31622776601683794,0.7807100779538864,0.03907480084400913,0.04641844936864129,0.007748046136519349,0.8344018665742645,2.40029228457635,2.2380217905424673,0.8220373305012185
DS02,11,1000,D,0.31622776601683794,0.7478780492364798,0.04189794921274494,0.006994984415404532,0.0005905042645737125,0.97442708067586,5.63147531793363,2.1250652057012918,0.8220373305012185
DS02,11,1000,B,1.0,0.957431279377478,0.017216019090218408,0.017823426635421687,0.007599037078571581,0.9717747301619291,2.480158129230085,2.053135751401832,0.8220373305012185
DS02,11,1000,D,1.0,0.8426986317126808,0.03309433713476218,0.005134035996808586,0.0005710763863920493,0.9767286040891013,5.646909055561278,2.060306995200896,0.8220373305012185
DS02,11,1000,B,3.1622776601683795,0.9709624199555176,0.014218953913827057,0.010157437190843445,0.007350050201004655,0.9892470818915581,2.5209840707445568,2.023137335701959,0.8220373305012185
DS02,11,1000,D,3.1622776601683795,0.9378052207701296,0.02080963208243897,0.00369336078154335,0.0005589144899809453,0.9883309911539776,5.688689462590305,1.9939641280270097,0.8220373305012185
DS02,11,1000,B,10.0,0.972845777503747,0.013750108423195514,0.00857585312698979,0.006715338511548147,0.9915025531823628,2.649185821343943,1.9972850036228547,0.8220373305012185
DS02,11,1000,D,10.0,0.97155328476718,0.014073544777291523,0.003225318501741799,0.0005642335733232045,0.9948787143338725,5.746739664089323,1.9639610502976768,0.8220373305012185
DS02,11,1000,B,31.622776601683793,0.9769363476824996,0.01267218422176425,0.007433009075819886,0.0056116924385496815,0.9936465535919194,3.5045566428733617,1.9316244583465967,0.8220373305012185
DS02,11,1000,D,31.622776601683793,0.9800949406669321,0.011772512895529698,0.002945920266985037,0.0008100293691054622,0.9961939033607076,6.067203127946691,1.9168787511224796,0.8220373305012185
DS02,11,1000,B,100.0,0.9682137155983754,0.014876724451273405,0.005655445209227576,0.005570621602973821,0.9957837547574894,6.913508848049195,1.779546556497659,0.8220373305012185
DS02,11,1000,D,100.0,0.9701108734791536,0.014425937567156325,0.002697489056220889,0.0020607545526377617,0.9957791647667995,8.357206716744274,1.7776667910151098,0.8220373305012185
DS02,11,1000,B,316.22776601683796,0.8974312520953732,0.02672360006081352,0.0037264407045098326,0.007379222840991591,0.996756559293389,14.642371942402985,1.5163891144410147,0.8220373305012185
DS02,11,1000,D,316.22776601683796,0.8985511750978178,0.02657730540846548,0.002477018437948296,0.00480076429957951,0.9952840730423415,15.317909507987995,1.5176105032004599,0.8220373305012185
DS02,11,1000,B,1000.0,0.7368552087708705,0.042804046338560164,0.003150201222952303,0.008640132627442558,0.996950430161171,28.349145945154394,1.1446431059977376,0.8220373305012185
DS02,11,1000,D,1000.0,0.7388704278492281,0.04263983006373702,0.002822546402755969,0.0065030886726689845,0.9959265948498374,28.69678050689853,1.1468750113899422,0.8220373305012185
DS02,11,1000,B,3162.2776601683795,0.49706294442980536,0.05917581582875309,0.003807682873836508,0.006781750279978521,0.9970344774608048,48.14924411149428,0.6841591531745925,0.8220373305012185
DS02,11,1000,D,3162.2776601683795,0.49911339106127917,0.059055064360410484,0.0037801327956494997,0.005164004257280605,0.996697108054681,48.45174642253461,0.6840926534093614,0.8220373305012185
DS02,11,1000,B,10000.0,0.24665933929348371,0.07242410565237904,0.004596558000128016,0.0037181857987233745,0.9971814942799284,65.47418185228601,0.30702107902848674,0.8220373305012185
DS02,11,1000,D,10000.0,0.24732832378452896,0.07239194134273223,0.004613428352519971,0.0028306700700219322,0.9968072686503381,65.6923762780015,0.3065162510260149,0.8220373305012185
DS02,14,1,Z_zero,,0.0,0.07815581926593952,0.005612131201891212,0.0,0.0,79.63421838775182,0.0,28.239170155369955
DS02,14,1,B,1e-06,-309.44272980412626,1.377057474130238,1.584619703706133,0.025615310511187636,0.03807078538289519,11.607764105063064,36.129715762939824,28.239170155369955
DS02,14,1,D,1e-06,0.3979295728186796,0.06064359906750017,0.006128924581143025,0.0021140133740695276,0.9907096962306634,25.885951358590557,2.9194018517735225,28.239170155369955
DS02,14,1,B,3.162277660168379e-06,-309.40275604824495,1.376968813765344,1.5845178394107928,0.02561494432083315,0.038073133077723524,11.607764120067344,36.127399333399886,28.239170155369955
DS02,14,1,D,3.162277660168379e-06,0.3979295839255156,0.060643598508131634,0.006128924563572461,0.0021140134221456284,0.9907096961031521,25.885951358590567,2.9194018314129946,28.239170155369955
DS02,14,1,B,1e-05,-309.27639871207026,1.376688520149562,1.5841958024528386,0.025613786634579413,0.03808055713060728,11.607764270044418,36.12007610348484,28.239170155369955
DS02,14,1,D,1e-05,0.39792961904841406,0.06064359673925301,0.006128924508009425,0.0021140135741757023,0.9907096956999248,25.885951358590614,2.9194017670273493,28.239170155369955
DS02,14,1,B,3.1622776601683795e-05,-308.87732897986257,1.375802904148026,1.5831782938553864,0.025610128800328535,0.03810403393743638,11.607765767741533,36.09693763829754,28.239170155369955
DS02,14,1,D,3.1622776601683795e-05,0.3979297301167295,0.060643591145569394,0.0061289243323035215,0.0021140140549369265,0.9907096944248079,25.88595135859109,2.919401563422106,28.239170155369955
DS02,14,1,B,0.0001,-307.6204127589639,1.3730098212983424,1.5799692412243134,0.025598592535330297,0.038178273021050056,11.607780679399625,36.02396303534518,28.239170155369955
DS02,14,1,D,0.0001,0.39793008134522323,0.06064357345680336,0.006128923776672918,0.002114015575237625,0.9907096903925297,25.885951358595875,2.9194009195661272,28.239170155369955
DS02,14,1,B,0.00031622776601683794,-303.6956183654074,1.3642514511115633,1.5699064710741384,0.02556241710586771,0.0384130266161927,11.607927756404667,35.79513590685251,28.239170155369955
DS02,14,1,D,0.00031622776601683794,0.39793119202358584,0.060643517520163906,0.006128922019615949,0.00211402038285207,0.9907096776412896,25.88595135864366,2.919398883518209,28.239170155369955
DS02,14,1,B,0.001,-291.7650506267042,1.337275645537548,1.5389128296372174,0.02545098933564293,0.03915527204867558,11.609336518740024,35.09036684208222,28.239170155369955
DS02,14,1,D,0.001,0.3979347042604179,0.060643340634479355,0.006128916463330367,0.002114035585879812,0.9907096373177724,25.885951359121535,2.9193924450039153,28.239170155369955
DS02,14,1,B,0.0031622776601683794,-258.32037076513285,1.25857655352089,1.4484894839711486,0.02513564702357003,0.04150133264598638,11.621686159404357,33.0344569773905,28.239170155369955
DS02,14,1,D,0.0031622776601683794,0.3979458105631357,0.06064278128783554,0.006128898892971274,0.0021140836622339423,0.9907095097980556,25.88595136390018,2.9193720849794405,28.239170155369955
DS02,14,1,B,0.01,-183.32729672059935,1.061099590389023,1.2215709961246688,0.024466885972064673,0.048908362821842966,11.70639292571457,27.877148727212177,28.239170155369955
DS02,14,1,D,0.01,0.3979809281228964,0.06064101262847792,0.0061288433322067345,0.00211423569460486,0.9907091064897217,25.8859514116831,2.9193077043830757,28.239170155369955
DS02,14,1,B,0.03162277660168379,-81.36348224792309,0.7092978931718609,0.8171707906096144,0.02354631364471084,0.07219392811903742,12.04232786351112,18.699569029140164,28.239170155369955
DS02,14,1,D,0.03162277660168379,0.3980919430765528,0.06063542113652604,0.006128667649537146,0.0021147164790310856,0.990707830561151,25.885951889400058,2.919104149595594,28.239170155369955
DS02,14,1,B,0.1,-18.747327417097257,0.34730855684452483,0.40033226235520647,0.023010505968039954,0.14390392936639856,12.619039339630028,9.3039597560112,28.239170155369955
DS02,14,1,D,0.1,0.39844263832352267,0.06061775427525092,0.0061281122510605255,0.0021162370099766827,0.9907037901702928,25.88595666302291,2.9184607979339234,28.239170155369955
DS02,14,1,B,0.31622776601683794,-2.121213066257344,0.13807753588888874,0.1567120922782036,0.022820477337977894,0.33971502833534295,13.056775051596679,4.026834565801444,28.239170155369955
DS02,14,1,D,0.31622776601683794,0.801031526896566,0.03486209271095285,0.006126285748750585,0.0020356540653392653,0.9717382536805056,25.89652976611865,2.398310729129535,28.239170155369955
DS02,14,1,B,1.0,0.3431964152098316,0.0633401484889507,0.06327413684981822,0.02259399014132768,0.648570748484174,13.255188414205032,2.356182208840866,28.239170155369955
DS02,14,1,D,1.0,0.9049487120679962,0.024095743022534248,0.006120582338220842,0.0020021830837980066,0.9769641620413815,25.906144505294872,2.178089664403981,28.239170155369955
DS02,14,1,B,3.1622776601683795,0.6221199017034689,0.04804390834181641,0.0393827868162871,0.021924657101132342,0.79726094101603,13.33228928408772,2.0587833075955393,28.239170155369955
DS02,14,1,D,3.1622776601683795,0.9607819470748377,0.015477625496151,0.0038213431206173877,0.001974836408905563,0.9793764637793058,25.936553195162016,1.9798752425582653,28.239170155369955
DS02,14,1,B,10.0,0.6764784325559018,0.04445421431822185,0.033538153354643094,0.02018446848480346,0.8274789439379132,13.40569759212056,1.9749346666198824,28.239170155369955
DS02,14,1,D,10.0,0.9403339891969331,0.019090830473819074,0.00364332145115584,0.0019593648519707395,0.9795157244726869,25.995043746237197,1.8350108019945128,28.239170155369955
DS02,14,1,B,31.622776601683793,0.7282831474346838,0.04073986706649046,0.028037054825390477,0.017009214943390943,0.8495590870485362,13.718253727682468,1.8622674018605858,28.239170155369955
DS02,14,1,D,31.622776601683793,0.8891286334778782,0.026023818425613632,0.004073795713371388,0.0021557018156438006,0.9794685379785976,26.10684118627705,1.7481710410445543,28.239170155369955
DS02,14,1,B,100.0,0.759102951497004,0.038359864058466336,0.02092007124752379,0.013837874865794976,0.8846599159634003,15.072317151876119,1.6822911069438518,28.239170155369955
DS02,14,1,D,100.0,0.8406585405809166,0.031197925396748094,0.0036700631629944815,0.0030953583013716545,0.9807143133958474,26.632757363184897,1.6164051601602987,28.239170155369955
DS02,14,1,B,316.22776601683796,0.7188928062243085,0.041437858186698914,0.014123797985274456,0.012121979202456607,0.9212521723549618,19.485902086106496,1.4244598723253938,28.239170155369955
DS02,14,1,D,316.22776601683796,0.7560575193826027,0.038601576150223464,0.0034701372853912136,0.004778068056677229,0.982957369324959,28.977406786007275,1.3915935390541212,28.239170155369955
DS02,14,1,B,1000.0,0.5951538038407642,0.0497286135895862,0.009428648860899634,0.010452287158069376,0.943641083617516,30.001139119584998,1.0744365166335708,28.239170155369955
DS02,14,1,D,1000.0,0.61197874568325,0.048684316545017564,0.003839529774906141,0.005618175680504751,0.9861827027549318,36.45812586827235,1.0580062041565776,28.239170155369955
DS02,14,1,B,3162.2776601683795,0.40049752566647956,0.060514132226170025,0.007081189585140135,0.007494369197402236,0.9550018631413303,47.17816082309455,0.6457558688984738,28.239170155369955
DS02,14,1,D,3162.2776601683795,0.4081563517507768,0.060126346521148656,0.004549777448370911,0.004410800678413459,0.9888664989041054,51.20903939924955,0.6331480116388193,28.239170155369955
DS02,14,1,B,10000.0,0.19784782001781476,0.06999865640240761,0.006099982652889789,0.004211284609291432,0.9589809005919072,62.9277926966248,0.2971292187427125,28.239170155369955
DS02,14,1,D,10000.0,0.20063281510829933,0.06987703645171411,0.005133644421732701,0.00242990870863468,0.9893780596922478,65.58617820392703,0.28626716314464534,28.239170155369955
DS02,14,10,Z_zero,,0.0,0.07815581926593952,0.005612131201891212,0.0,0.0,76.9959654570717,0.0,8.930009692402002
DS02,14,10,B,1e-06,-64.594224702477,0.6329860246082692,0.6492874367910204,0.010263891354931639,0.08297794381834467,3.966914417754787,16.692959852523543,8.930009692402002
DS02,14,10,D,1e-06,0.4008257472270026,0.06049756451955083,0.0060487545206077045,0.0017879861721717995,0.782526226747284,10.041371359888629,2.9384022499330023,8.930009692402002
DS02,14,10,B,3.162277660168379e-06,-64.58578000364756,0.6329452775118646,0.6492456243439908,0.01026371793708377,0.08298319695093163,3.966914427040155,16.69189952855959,8.930009692402002
DS02,14,10,D,3.162277660168379e-06,0.40082577738607617,0.06049756299699665,0.00604875450134745,0.0017879862168287228,0.7825262261706029,10.041371359888656,2.9384022068323605,8.930009692402002
DS02,14,10,B,1e-05,-64.55908625256637,0.6328164584050968,0.6491134371663416,0.010263169688281415,0.08299980875678792,3.9669145198532028,16.688547392694016,8.930009692402002
DS02,14,10,D,1e-05,0.40082587275738424,0.06049755818226019,0.006048754440441157,0.001787986358046265,0.782526224346976,10.041371359888917,2.93840207053622,8.930009692402002
DS02,14,10,B,3.1622776601683795e-05,-64.4747803987746,0.6324094416410061,0.6486957782573923,0.010261437438161252,0.08305233929965149,3.966915446700362,16.677956031209806,8.930009692402002
DS02,14,10,D,3.1622776601683795e-05,0.4008261743474142,0.060497542956750736,0.006048754247838619,0.001787986804615422,0.7825262185801524,10.041371359891542,2.938401639530468,8.930009692402002
DS02,14,10,B,0.0001,-64.20924976662444,0.6311257819141454,0.6473785511710437,0.010255974188460616,0.08321844945878472,3.9669246747478035,16.644553175223187,8.930009692402002
DS02,14,10,D,0.0001,0.4008271280535911,0.060497494809701506,0.00604875363877591,0.0017879882167914402,0.782526200343765,10.04137135991779,2.9384002765754356,8.930009692402002
DS02,14,10,B,0.00031622776601683794,-63.38011871746302,0.6271005858762779,0.6432480586283394,0.0102388426193207,0.0837436757123291,3.9670156925205347,16.539815647551148,8.930009692402002
DS02,14,10,D,0.00031622776601683794,0.4008301438849359,0.060497342557756156,0.0060487517127520846,0.0017879926824878754,0.7825261426743512,10.04137136018027,2.93839596658149,8.930009692402002
DS02,14,10,B,0.001,-60.85976794190804,0.6147031847145952,0.630525970147253,0.01018704227663535,0.0854039798600968,3.967887449774319,16.217272822584334,8.930009692402002
DS02,14,10,D,0.001,0.4008396802570766,0.06049686111876029,0.006048745622146671,0.0017880068042975348,0.782525960298711,10.04137136280495,2.9383823376670453,8.930009692402002
DS02,14,10,B,0.0031622776601683794,-53.794852141740975,0.5785370804342292,0.5934091062845492,0.010039297593746306,0.09064808826694404,3.9755258767493737,15.276749049284152,8.930009692402002
DS02,14,10,D,0.0031622776601683794,0.4008698316752124,0.06049533891423173,0.006048726362125509,0.0017880514617555545,0.7825253834869214,10.04137138904827,2.9383392440857836,8.930009692402002
DS02,14,10,B,0.01,-37.9553909519212,0.4878037150744253,0.5002603602110165,0.009687542922396946,0.10716397340697713,4.027743626577258,12.920596446350046,8.930009692402002
DS02,14,10,D,0.01,0.4009651264787818,0.0604905276720378,0.006048665458236305,0.0017881926847824197,0.78252355855505,10.041371651371408,2.938203018494925,8.930009692402002
DS02,14,10,B,0.03162277660168379,-16.428171157084368,0.32627757671032076,0.33423289990800514,0.009146253190024854,0.15856358668977263,4.232019305231718,8.748610707984957,8.930009692402002
DS02,14,10,D,0.03162277660168379,0.5322245523436872,0.05345397810785648,0.006048225816327852,0.0017594899840896964,0.9265452396878523,10.042432028012106,2.786233878317343,8.930009692402002
DS02,14,10,B,0.1,-3.223794088018769,0.16062483291455376,0.1629856140301777,0.008724319213180079,0.30889103336417034,4.573610580286807,4.5708725088824345,8.930009692402002
DS02,14,10,D,0.1,0.7212253389330936,0.04126558138105269,0.0060465863016260285,0.0017025032000192771,0.9516419504216026,10.046166768788154,2.5288580468070756,8.930009692402002
DS02,14,10,B,0.31622776601683794,0.26972231721127393,0.06678906048772443,0.06249160440766208,0.008553302612575496,0.6267361729654062,4.826500643220618,2.4523283871295893,8.930009692402002
DS02,14,10,D,0.31622776601683794,0.9153965180787942,0.02273293124814824,0.006041633783186453,0.0015879125798314577,0.9651197199060896,10.063543195251281,2.1140493038131893,8.930009692402002
DS02,14,10,B,1.0,0.7810897289337847,0.03656742583937668,0.022938404205867492,0.008469022894666575,0.8859671253335248,4.939782594686877,1.9378459295677974,8.930009692402002
DS02,14,10,D,1.0,0.9430241214514293,0.0186554975011849,0.006034800973192808,0.0015362097962199213,0.9766653048090345,10.082650334293687,1.9239802743256913,8.930009692402002
DS02,14,10,B,3.1622776601683795,0.8350670556680881,0.03174059224018372,0.012112815174961086,0.008269213616971508,0.9486683612600926,4.985791473079881,1.8618510822138168,8.930009692402002
DS02,14,10,D,3.1622776601683795,0.9070706353818738,0.02382526850945575,0.005831390956496709,0.0015217100494311266,0.9771883045528377,10.103834326054267,1.8598382066642964,8.930009692402002
DS02,14,10,B,10.0,0.840762685957015,0.031187728268001817,0.009903318987565139,0.007779032742278103,0.9599281632654346,5.051699989741564,1.8324089836927067,8.930009692402002
DS02,14,10,D,10.0,0.8797480329576893,0.02710237902075326,0.004103561417573776,0.0015650565537934365,0.9841826085695556,10.14792366568948,1.8179512364404145,8.930009692402002
DS02,14,10,B,31.622776601683793,0.8409194241758579,0.03117237535747951,0.00838114158353287,0.0069690407056312706,0.9683571623657219,5.460022098253805,1.7736283115695148,8.930009692402002
DS02,14,10,D,31.622776601683793,0.8618642568822146,0.029047874135462518,0.0032913060892681765,0.0017713268517423825,0.9892220753348161,10.335235505636723,1.7645786781927066,8.930009692402002
DS02,14,10,B,100.0,0.8229485437136312,0.03288600144671064,0.0066200510073023315,0.00675468021088867,0.9793665739626896,7.589538706879225,1.644281336544308,8.930009692402002
DS02,14,10,D,100.0,0.8343879061382897,0.0318058747186912,0.00301105389726444,0.002674966577217811,0.9917240719320537,11.558260985867513,1.6399292950988817,8.930009692402002
DS02,14,10,B,316.22776601683796,0.7527314155197147,0.038863847316312566,0.005209222874176963,0.007491995734308412,0.9877893286003033,13.863858866363602,1.416584389345818,8.930009692402002
DS02,14,10,D,316.22776601683796,0.758875250961605,0.0383779890180582,0.003092610010373152,0.004347701299939868,0.9936614282426915,16.316489809081535,1.4153312793387725,8.930009692402002
DS02,14,10,B,1000.0,0.6142696395831639,0.048540386656298874,0.004618780728551844,0.0077472395002272446,0.9914327875558584,26.43309056047972,1.0773219053218028,8.930009692402002
DS02,14,10,D,1000.0,0.6182605692682275,0.048288624052650594,0.003690893886819791,0.005248608367337612,0.9947502373689096,27.76012937372677,1.0779136930816604,8.930009692402002
DS02,14,10,B,3162.2776601683795,0.4120667889763032,0.059927383530483574,0.004802991395215201,0.005969239358455013,0.9928053764750179,45.12601973807428,0.646389156975363,8.930009692402002
DS02,14,10,D,3162.2776601683795,0.4147076369001428,0.05979264269711229,0.004470603336013519,0.004148356637448187,0.9957862739013623,45.974471151388904,0.6450197210669384,8.930009692402002
DS02,14,10,B,10000.0,0.2036333898881777,0.0697457648611901,0.005225771501165989,0.003370313692659905,0.992998142638576,61.54380333791352,0.29231631922561163,8.930009692402002
DS02,14,10,D,10000.0,0.20458444255192298,0.06970410583725908,0.005098398536827921,0.002375288425879292,0.995882484091631,62.11151371207662,0.2909628660556107,8.930009692402002
DS02,14,100,Z_zero,,0.0,0.07815581926593952,0.005612131201891212,0.0,0.0,76.63826132186749,0.0,2.8239170155369955
DS02,14,100,B,1e-06,-25.593575638165532,0.4030414263186149,0.3818577887668841,0.006787193440666004,0.10962794437958073,1.7798090721197102,10.728967766054975,2.8239170155369955
DS02,14,100,D,1e-06,0.5626948295760312,0.05168370346147865,0.0059325291410963635,0.001427497899020187,0.948119836866444,6.0672326539710335,2.746201856868766,2.8239170155369955
DS02,14,100,B,3.162277660168379e-06,-25.590154459646826,0.40301550048903667,0.38183321255728364,0.006787065436727248,0.10963616349129945,1.7798090805239708,10.728297827793265,2.8239170155369955
DS02,14,100,D,3.162277660168379e-06,0.5626954133354014,0.051683668965138006,0.005932529123033749,0.0014274977168895371,0.9481198562651615,6.067232653971731,2.7462011177998775,2.8239170155369955
DS02,14,100,B,1e-05,-25.57934009427223,0.40293353781911817,0.38175551656115947,0.006786660760960391,0.1096621543855638,1.7798091645298093,10.726179872231864,2.8239170155369955
DS02,14,100,D,1e-05,0.5626972593353611,0.05168355987852604,0.00593252906591467,0.0014274971409436502,0.9481199176068423,6.067232653978693,2.746198780667103,2.8239170155369955
DS02,14,100,B,3.1622776601683795e-05,-25.545185531843533,0.40267456896344217,0.3815100281282914,0.006785382145342119,0.10974434258563721,1.7798100034265458,10.719488056978674,2.8239170155369955
DS02,14,100,D,3.1622776601683795e-05,0.5627030968071454,0.051683214920329706,0.005932528885288344,0.0014274953196604986,0.9481201115617717,6.067232654048311,2.7461913900870725,2.8239170155369955
DS02,14,100,B,0.0001,-25.43761229385296,0.4018578298711806,0.38073579837620686,0.006781349591887647,0.11000422223412494,1.7798183557948692,10.69838399711674,2.8239170155369955
DS02,14,100,D,0.0001,0.5627215555873464,0.05168212410632555,0.005932528314097889,0.0014274895604339574,0.9481207246561931,6.067232654744457,2.746168019848187,2.8239170155369955
DS02,14,100,B,0.00031622776601683794,-25.101713515829182,0.3992967995684615,0.3783080101970912,0.006768704406416748,0.110825810713463,1.7799007355403065,10.63221510497018,2.8239170155369955
DS02,14,100,D,0.00031622776601683794,0.5627799181127493,0.0516786750454687,0.005932526507836177,0.0014274713499252236,0.9481226609836737,6.067232661704929,2.7460941249353428,2.8239170155369955
DS02,14,100,B,0.001,-24.080697656477106,0.391409287335532,0.37083033573148094,0.006730241681298927,0.11342165371711245,1.7806896614841188,10.428491764831593,2.8239170155369955
DS02,14,100,D,0.001,0.5629643840343341,0.05166777211519497,0.005932520795947185,0.0014274137808819782,0.9481287597748111,6.067232731278575,2.7458605313902953,2.8239170155369955
DS02,14,100,B,0.0031622776601683794,-21.218921808560843,0.3684027049035219,0.3490142509325372,0.006620581002407111,0.12160743151740194,1.7875948053877075,9.834873249526632,2.8239170155369955
DS02,14,100,D,0.0031622776601683794,0.5635467918723129,0.051633333563351896,0.005932502733486864,0.0014272319078364201,0.9481478035613659,6.067233426033135,2.7451226697284765,2.8239170155369955
DS02,14,100,B,0.01,-14.804781901810047,0.31071024506654343,0.2942655513201588,0.006355714952605981,0.1472473164369397,1.834449504599494,8.35136467315524,2.8239170155369955
DS02,14,100,D,0.01,0.5653793206637343,0.05152482353633826,0.005932445616159171,0.0014266585321650017,0.94820565974455,6.067240342656139,2.7427975783153706,2.8239170155369955
DS02,14,100,B,0.03162277660168379,-6.095062788475767,0.20818020961863762,0.19668933200029773,0.005990615502596031,0.22543115605259226,2.0125575602149093,5.747460167209497,2.8239170155369955
DS02,14,100,D,0.03162277660168379,0.6701631474674273,0.044886000369637226,0.005932265007179989,0.0014016467940314178,0.954353656234971,6.068752326998111,2.6019639408180857,2.8239170155369955
DS02,14,100,B,0.1,-0.7661984839798421,0.10386783365605733,0.09608099251036857,0.005846925321594526,0.43576488434978417,2.2960614391314333,3.230477221894624,2.8239170155369955
DS02,14,100,D,0.1,0.8013718446477963,0.03483226570793368,0.005931693990123197,0.0013557215725078667,0.9473594725044046,6.07455606179131,2.3688324116259527,2.8239170155369955
DS02,14,100,B,0.31622776601683794,0.6328302445420768,0.04735815450324308,0.037171241539060595,0.005868753085003115,0.774460128611511,2.497500578285517,2.0958436837934515,2.8239170155369955
DS02,14,100,D,0.31622776601683794,0.9195683348231367,0.022165363093355445,0.005929889461889636,0.001302118858522704,0.9644671635744985,6.093279331842837,2.07113566085673,2.8239170155369955
DS02,14,100,B,1.0,0.8323802882570245,0.031998075931841494,0.014328290146057224,0.0058500097510279705,0.9462415316958386,2.5863805497780787,1.8631736648641832,2.8239170155369955
DS02,14,100,D,1.0,0.9343353467950053,0.020027518768709653,0.005921170707419383,0.0012662254351036716,0.9776437741029321,6.122958483826668,1.8967811585991332,2.8239170155369955
DS02,14,100,B,3.1622776601683795,0.8512264256687521,0.03014561987266252,0.008355253224762068,0.00572931215345052,0.9750556353866032,2.6268192837411806,1.8280972191013996,2.8239170155369955
DS02,14,100,D,3.1622776601683795,0.9023333821244575,0.024424989981887964,0.005151397622051288,0.0012654240819479424,0.9854418022634857,6.155825176795738,1.8344854839717843,2.8239170155369955
DS02,14,100,B,10.0,0.8515917835506034,0.03010858133879438,0.006962112834416341,0.005414927269630497,0.979945280238448,2.7220677530698336,1.80581044615729,2.8239170155369955
DS02,14,100,D,10.0,0.8768625397179372,0.027425617577775178,0.0036050379315465423,0.0013344462606394753,0.9901536153203404,6.210686029462575,1.8024918234873688,2.8239170155369955
DS02,14,100,B,31.622776601683793,0.8473718975149637,0.030533639408067432,0.005718868291250492,0.005007331630284176,0.9841382516039867,3.352584445189012,1.7529678122801886,2.8239170155369955
DS02,14,100,D,31.622776601683793,0.859478874531273,0.029297605692944123,0.0026050254448271646,0.00169912008868807,0.9922707026828949,6.505992071817014,1.7504606556356255,2.8239170155369955
DS02,14,100,B,100.0,0.8246905754876647,0.032723816748270816,0.0042722466780983955,0.005305404706700917,0.9896392753086353,6.10245720907254,1.6311580572233348,2.8239170155369955
DS02,14,100,D,100.0,0.8309116407801775,0.032137950305588296,0.002317704671107001,0.002734770904924542,0.992855734720253,8.234769550473375,1.6311716167849282,2.8239170155369955
DS02,14,100,B,316.22776601683796,0.7517874277783678,0.03893796115404727,0.003378717343894949,0.006321233695123198,0.9936829878889254,12.925611170019215,1.4107179834468524,2.8239170155369955
DS02,14,100,D,316.22776601683796,0.7551901288796714,0.03867014339928019,0.0025569228791419664,0.004358515792939429,0.9939021033551724,14.021877694359866,1.412729901251803,2.8239170155369955
DS02,14,100,B,1000.0,0.6133594564747337,0.04859762172604299,0.0036717976695826494,0.007006146402422461,0.9953606348250181,25.81975449496663,1.0756376464907718,2.8239170155369955
DS02,14,100,D,1000.0,0.616370764732386,0.04840800312530078,0.0033872118358979977,0.005322499822198848,0.994922323333861,26.403045414079887,1.078122693166837,2.8239170155369955
DS02,14,100,B,3162.2776601683795,0.4118869713244385,0.059936547137302065,0.004451561489768787,0.005562240353157728,0.995998390846485,44.71869045500662,0.6458448684505024,2.8239170155369955
DS02,14,100,D,3162.2776601683795,0.41415048966146806,0.059821094616018804,0.004354404192977037,0.004249709136886339,0.995557539872983,45.165651208530406,0.6456243687261232,2.8239170155369955
DS02,14,100,B,10000.0,0.2037027832251187,0.06974272606176138,0.005093386624167371,0.003174630179164638,0.9962960432518551,61.22841123828838,0.2918025509026618,2.8239170155369955
DS02,14,100,D,10000.0,0.20450727826617987,0.06970748679771956,0.0050586136373526455,0.002470088413785968,0.9961793949066893,61.535780513728234,0.2915452654532106,2.8239170155369955
DS02,14,1000,Z_zero,,0.0,0.07815581926593952,0.005612131201891212,0.0,0.0,76.7046320189804,0.0,0.8930009692402003
DS02,14,1000,B,1e-06,-25.18527855837485,0.3999354662644876,0.36497720890633206,0.005939253904969699,0.10144832563966134,1.4822007095325922,10.652344147277251,0.8930009692402003
DS02,14,1000,D,1e-06,0.5106752011218024,0.05467136699441106,0.0059700866359525115,0.0013417184184486796,0.9519530243307432,5.548899826121174,2.8134756755081063,0.8930009692402003
DS02,14,1000,B,3.162277660168379e-06,-25.18190878393635,0.3999097316581215,0.36495370843325764,0.0059391198573340315,0.10145666888398752,1.4822007194757942,10.651679321352626,0.8930009692402003
DS02,14,1000,D,3.162277660168379e-06,0.5106758485153652,0.054671330828348304,0.005970086617374679,0.0013417182447202113,0.9519530851407291,5.548899826121986,2.813474904847306,0.8930009692402003
DS02,14,1000,B,1e-05,-25.17125690760789,0.3998283735266005,0.3648794133031324,0.00593869607486908,0.10148305230478534,1.4822008188643292,10.64957752816561,0.8930009692402003
DS02,14,1000,D,1e-05,0.5106778957439692,0.05467121646159467,0.00597008655862651,0.0013417176953441341,0.9519532774288764,5.5488998261301195,2.8134724678119785,0.8930009692402003
DS02,14,1000,B,3.1622776601683795e-05,-25.137615532072196,0.39957131476540475,0.3646446702430993,0.005937357090040661,0.10156648162890149,1.4822018113751978,10.642936780307634,0.8930009692402003
DS02,14,1000,D,3.1622776601683795e-05,0.5106843695533344,0.05467085480594831,0.005970086372848313,0.0013417159580805444,0.9519538853982789,5.548899826211438,2.8134647613105486,0.8930009692402003
DS02,14,1000,B,0.0001,-25.031658672382246,0.3987605997308039,0.36390432950749024,0.00593313414564842,0.10183028451824046,1.482211693172283,10.621993785740797,0.8930009692402003
DS02,14,1000,D,0.0001,0.5107048405769241,0.0546697111882153,0.005970085785366256,0.0013417104645316181,0.9519558069756333,5.548899827024595,2.813440392022735,0.8930009692402003
DS02,14,1000,B,0.00031622776601683794,-24.700807493958497,0.3962184587182953,0.361582807646339,0.005919891977507338,0.10266426400614627,1.4823091566902373,10.556330025114308,0.8930009692402003
DS02,14,1000,D,0.00031622776601683794,0.5107695660472711,0.05466609512975687,0.005970083927586189,0.0013416930940134625,0.9519618736420069,5.548899835155074,2.8133633376624725,0.8930009692402003
DS02,14,1000,B,0.001,-23.695138780705037,0.3883891200341788,0.3544324270060025,0.005879366857392345,0.10529913750001686,1.483242439331882,10.354163208242694,0.8930009692402003
DS02,14,1000,D,0.001,0.5109741500929068,0.054654663931320305,0.005970078052781868,0.001341638179696244,0.9519809595648328,5.548899916425386,2.8131197512965334,0.8930009692402003
DS02,14,1000,B,0.0031622776601683794,-20.876415664285567,0.3655522010736641,0.3335711242797099,0.0057629714082745,0.11360681947609863,1.49140370114562,9.765092380918434,0.8930009692402003
DS02,14,1000,D,0.0031622776601683794,0.5292968450371659,0.053620995738903374,0.005970059475139524,0.001337834484400595,0.9538646806934347,5.548927589198985,2.791142775523814,0.8930009692402003
DS02,14,1000,B,0.01,-14.559020817073737,0.3082850402957307,0.28121769253832185,0.005501069855687194,0.13961742893388698,1.5464465574632171,8.293050162116511,0.8930009692402003
DS02,14,1000,D,0.01,0.5872175707598126,0.05021366503956692,0.00597000072867812,0.0013254464347881346,0.9556174981673503,5.549146770818208,2.719118958037769,0.8930009692402003
DS02,14,1000,B,0.03162277660168379,-5.981665900936884,0.20650988797234926,0.18790503869062064,0.005180416138097258,0.21884397911421696,1.7511696466944409,5.70990609314945,0.8930009692402003
DS02,14,1000,D,0.03162277660168379,0.7111803185832248,0.042002458580601816,0.005969814968076303,0.0012924167335373936,0.9533403428195628,5.550807979699056,2.54020121956418,0.8930009692402003
DS02,14,1000,B,0.1,-0.7355433679680727,0.10296249433504569,0.09166652163324307,0.005066923879050648,0.43178336973800485,2.0664283668915484,3.215325038679281,0.8930009692402003
DS02,14,1000,D,0.1,0.7966332637226214,0.03524530550656817,0.005969227661660782,0.0012574190606261723,0.9447213920038918,5.555059089967021,2.3764167358750075,0.8930009692402003
DS02,14,1000,B,0.31622776601683794,0.6403392051909566,0.04687139397004863,0.035219296788838984,0.005141062729660391,0.7755019325534227,2.285064354920536,2.093769398130127,0.8930009692402003
DS02,14,1000,D,0.31622776601683794,0.9151222861075301,0.022769744466767203,0.005967371636973822,0.0011913351528619954,0.9602022113102385,5.576412383326889,2.0605156866737366,0.8930009692402003
DS02,14,1000,B,1.0,0.8358644869047757,0.0316637682683042,0.013080881919464073,0.005166812850039036,0.9480283887453119,2.3804767097979913,1.8645017974947893,0.8930009692402003
DS02,14,1000,D,1.0,0.931271504328043,0.020489423497886607,0.0059604520784247795,0.0011562361426242919,0.9751028256612182,5.604857285857677,1.903581110650434,0.8930009692402003
DS02,14,1000,B,3.1622776601683795,0.8539315562995073,0.02987029563430456,0.00709161723753577,0.005094292743105125,0.9766974761491761,2.423630714888393,1.830025778495073,0.8930009692402003
DS02,14,1000,D,3.1622776601683795,0.90590937456636,0.023973668602161647,0.005000703066316838,0.0011567241866103804,0.9849633149525557,5.6431301231449815,1.8382900105973647,0.8930009692402003
DS02,14,1000,B,10.0,0.8538404008899628,0.02987961460249459,0.005818828744650794,0.004882466874260118,0.9815956172860149,2.524942794782808,1.8081330583526696,0.8930009692402003
DS02,14,1000,D,10.0,0.8796716985290904,0.02711097977985998,0.002752984344587248,0.0012304698335222249,0.9908509720146053,5.705997061289772,1.8038021897083494,0.8930009692402003
DS02,14,1000,B,31.622776601683793,0.8491234141160844,0.030357936202081073,0.004846812040125107,0.004619599611141312,0.9855938787244293,3.1914231171825778,1.755697514512504,0.8930009692402003
DS02,14,1000,D,31.622776601683793,0.8611629834966605,0.029121514426813384,0.0023523836281593553,0.0015698020692435073,0.9927976231904427,6.016935420585072,1.7538225607238112,0.8930009692402003
DS02,14,1000,B,100.0,0.8261359939569163,0.032588634315697244,0.003703646635936376,0.005018585446574256,0.990675858682978,6.021452430689064,1.6337985356116156,0.8930009692402003
DS02,14,1000,D,100.0,0.8320257556557473,0.03203189763662932,0.002312621772891696,0.0026359341211260883,0.9932651021234724,7.860863948611218,1.634310968238186,0.8930009692402003
DS02,14,1000,B,316.22776601683796,0.7530048745186395,0.038842351239961714,0.003076122683402846,0.00614706952274789,0.994315843861076,12.908245814490947,1.4127804430905135,0.8930009692402003
DS02,14,1000,D,316.22776601683796,0.7561084396663678,0.03859754711478949,0.0025071182280907325,0.004314962523676458,0.9942054539844295,13.830402309393616,1.4150911570085645,0.8930009692402003
DS02,14,1000,B,1000.0,0.6142746888495632,0.04854006895490616,0.003541982514763591,0.006930853524817659,0.9957710752088795,25.84082748975613,1.0771233568185978,0.8930009692402003
DS02,14,1000,D,1000.0,0.6171363797539688,0.0483596746864362,0.003377088930134793,0.005324690603958224,0.9953457379796333,26.336949789394826,1.0797209535430827,0.8930009692402003
DS02,14,1000,B,3162.2776601683795,0.41253122144070153,0.059903709309908466,0.004392402516737087,0.005515175998335682,0.9962967408359739,44.77313223599422,0.6466944918057714,0.8930009692402003
DS02,14,1000,D,3162.2776601683795,0.41474497942234445,0.059790735236974896,0.004349924996624579,0.004251398884783521,0.9961513701313155,45.17067959786085,0.6465925222403629,0.8930009692402003
DS02,14,1000,B,10000.0,0.20404709865971293,0.06972764620657543,0.005068652290530189,0.003147478210525668,0.9965433997318818,61.307762640519,0.29209701980452524,0.8930009692402003
DS02,14,1000,D,10000.0,0.20483446803460825,0.06969314982043666,0.0050539731758226,0.002472105447849987,0.9965565546785582,61.58337182416233,0.2919459429317029,0.8930009692402003
DS02,15,1,Z_zero,,0.0,0.07834294999233453,0.005145058614833983,0.0,0.0,82.32649703934196,0.0,27.439722344723783
DS02,15,1,B,1e-06,-359.4336673068744,1.4873480080493333,1.392978771110574,0.0268852877352959,0.10590826738469161,10.946496370417092,36.562745653422255,27.439722344723783
DS02,15,1,D,1e-06,-0.4955978579183553,0.09580922739796138,0.00628236220902249,0.0031887092195338426,0.9924015389966685,25.15847880461714,2.9857995023230526,27.439722344723783
DS02,15,1,B,3.162277660168379e-06,-359.38734207750747,1.4872524232608741,1.3928892367278312,0.0268849896237375,0.10591085626065817,10.946496386711493,36.56040145211356,27.439722344723783
DS02,15,1,D,3.162277660168379e-06,-0.4955978342996643,0.095809226641445,0.006282362111379079,0.003188709368082764,0.9924015389815631,25.158478804617147,2.9857994780653265,27.439722344723783
DS02,15,1,B,1e-05,-359.240907640792,1.4869502385379436,1.3926061799476708,0.026884047163873263,0.10591904299265013,10.946496549584225,36.552990423710625,27.439722344723783
DS02,15,1,D,1e-05,-0.49559775961082564,0.09580922424913078,0.006282361802603715,0.0031887098378356443,0.9924015389337951,25.158478804617207,2.985799401355679,27.439722344723783
DS02,15,1,B,3.1622776601683795e-05,-358.77842867436954,1.485995455156362,1.3917118332756044,0.02688106935895556,0.10594493157842348,10.94649817605959,36.52957455052239,27.439722344723783
DS02,15,1,D,3.1622776601683795e-05,-0.4955975234240295,0.09580921668397015,0.006282360826171068,0.003188711323324682,0.9924015387827392,25.158478804617804,2.9857991587784998,27.439722344723783
DS02,15,1,B,0.0001,-357.32179311554233,1.4829842279645884,1.388891213641732,0.026871682039985436,0.10602679713431573,10.946514369882532,36.45572505174425,27.439722344723783
DS02,15,1,D,0.0001,-0.49559677653648215,0.09580919276084957,0.006282357738428044,0.0031887160208520244,0.9924015383050568,25.158478804623797,2.9857983916825477,27.439722344723783
DS02,15,1,B,0.00031622776601683794,-352.7733177590247,1.4735417934416692,1.3800464781987927,0.026842715870420735,0.10628566532732275,10.946674092996156,36.22415450092052,27.439722344723783
DS02,15,1,D,0.00031622776601683794,-0.4955944146773865,0.09580911710947539,0.006282347974210051,0.0031887308757231696,0.9924015367944707,25.15847880468371,2.9857959659164943,27.439722344723783
DS02,15,1,B,0.001,-338.9464513463001,1.4444588590263303,1.3528044990203874,0.02675349244423341,0.10710414349644166,10.948203969273909,35.51093588285775,27.439722344723783
DS02,15,1,D,0.001,-0.4955869458902382,0.0958088778805812,0.006282317097871086,0.0031887778508047546,0.9924015320173634,25.15847880528284,2.9857882950140717,27.439722344723783
DS02,15,1,B,0.0031622776601683794,-300.1821031096261,1.359610474052574,1.2733272881115887,0.026504778072447766,0.10969102793185974,10.961614128745968,33.43037716849507,27.439722344723783
DS02,15,1,D,0.0031622776601683794,-0.4955633281825542,0.09580812138995695,0.006282219466603265,0.003188926397600427,0.9924015169086821,25.158478811274012,2.9857640379244854,27.439722344723783
DS02,15,1,B,0.01,-213.23465313414087,1.1466867154307678,1.073884435602013,0.025998219239145855,0.11785709297424639,11.053537398987473,28.21123387302353,27.439722344723783
DS02,15,1,D,0.01,-0.4954886491431998,0.09580572933217768,0.006281910812313199,0.003189396129258234,0.99240146910942,25.15847887118086,2.9856873346094797,27.439722344723783
DS02,15,1,B,0.03162277660168379,-94.91364507700288,0.767255691788902,0.7184907957164873,0.025380302880442254,0.14351581237770014,11.417141901854167,18.923598992216988,27.439722344723783
DS02,15,1,D,0.03162277660168379,-0.4952525603678146,0.09579816673714125,0.006280935590390598,0.0031908814055958776,0.992401317740764,25.158479470097756,2.985444820796142,27.439722344723783
DS02,15,1,B,0.1,-22.070173241906232,0.376292314896395,0.3523647994773408,0.025119954264649937,0.2224050316214269,12.038132817164461,9.415236073563912,27.439722344723783
DS02,15,1,D,0.1,-0.49450665236222635,0.09577426925816133,0.006277859947205181,0.003195576804836733,0.9924008369317668,25.15848545447471,2.9846783581644143,27.439722344723783
DS02,15,1,B,0.31622776601683794,-2.582728297646124,0.14828829023415335,0.13909552181086707,0.025185470230411143,0.43638159811778315,12.507074781604361,4.074529272616627,27.439722344723783
DS02,15,1,D,0.31622776601683794,-0.49215456871694285,0.09569887387767241,0.006268216477457493,0.003210410358943108,0.992399295146815,25.158545147050507,2.9822589155258967,27.439722344723783
DS02,15,1,B,1.0,0.37421315751924145,0.06197451469648404,0.058929634856752615,0.02505990565270481,0.7560875727427246,12.71901638173746,2.3834745235009085,27.439722344723783
DS02,15,1,D,1.0,0.3497587993249174,0.06317382350575232,0.006224596879148555,0.003093675979594625,0.973699248201036,25.193637007825092,2.411705631965004,27.439722344723783
DS02,15,1,B,3.1622776601683795,0.7318667954682925,0.04056721746096261,0.03930517010088861,0.024413529303854205,0.9000026092100325,12.80126573837023,2.0824199575937787,27.439722344723783
DS02,15,1,D,3.1622776601683795,0.7581407337282753,0.038528427699942844,0.006139166337079778,0.003059392764070355,0.975837571046745,25.241699347318985,2.0782685645731127,27.439722344723783
DS02,15,1,B,10.0,0.8008127410754335,0.03496477182247784,0.0335647411540344,0.022656870116705287,0.9276258809357053,12.879957222538996,1.9971656057194178,27.439722344723783
DS02,15,1,D,10.0,0.9230523988894838,0.021731888258550085,0.004156417730504132,0.003151511800147268,0.980318831041609,25.317661672198234,1.9098198062972527,27.439722344723783
DS02,15,1,B,31.622776601683793,0.8528084311939671,0.030056706318243333,0.027286509846543582,0.01935639948607437,0.9371466643667613,13.222137583267019,1.879977122049701,27.439722344723783
DS02,15,1,D,31.622776601683793,0.9725055675538307,0.012990393310201225,0.0037387109130874122,0.0032718893239609206,0.9885544569442462,25.467082481308015,1.7994982053391524,27.439722344723783
DS02,15,1,B,100.0,0.8741968642845048,0.027787255473719623,0.020376804899242505,0.01611954398069709,0.9488345069875274,14.723410264535058,1.6877752465301985,27.439722344723783
DS02,15,1,D,100.0,0.9542693899813393,0.016753417760947135,0.00392929360881017,0.003978914595086419,0.9906917677661694,26.121819879462137,1.6417703929095666,27.439722344723783
DS02,15,1,B,316.22776601683796,0.8127851043984576,0.03389769134022015,0.014609497439745866,0.014214932363409052,0.9607583926268292,19.467469753842664,1.4121796721908746,27.439722344723783
DS02,15,1,D,316.22776601683796,0.8597067909902263,0.029343927800000915,0.004094434899040766,0.005838123540395839,0.9917769238661028,28.832261873606942,1.3843219227019072,27.439722344723783
DS02,15,1,B,1000.0,0.6578794053144859,0.045823634254689063,0.010206452478539907,0.012005162813793338,0.9680877489653134,30.04430005355556,1.0528423388891193,27.439722344723783
DS02,15,1,D,1000.0,0.6798405831103027,0.04432850257184914,0.004261689671672462,0.00632336563967259,0.9925672156234908,36.45509476907598,1.0374764579002889,27.439722344723783
DS02,15,1,B,3162.2776601683795,0.4344468608398695,0.05891645798408853,0.007433110051619554,0.008647958636250789,0.9726021827507646,46.6071960736161,0.6324632770433808,27.439722344723783
DS02,15,1,D,3162.2776601683795,0.4447228569264621,0.058378753710218306,0.0045260208926520195,0.005324920189639372,0.993048633422386,50.640513365342436,0.6228341693720628,27.439722344723783
DS02,15,1,B,10000.0,0.21362732499396386,0.06947269203196187,0.006000602583544821,0.005163688663198011,0.9757061458666639,61.71559553316964,0.29963250696011773,27.439722344723783
DS02,15,1,D,10000.0,0.21811072009922805,0.06927436446842931,0.004829354525267317,0.0034371113694830332,0.993307553602624,64.42724512965081,0.29472140363561694,27.439722344723783
DS02,15,10,Z_zero,,0.0,0.07834294999233453,0.005145058614833983,0.0,0.0,80.24905130125218,0.0,8.677202097194312
DS02,15,10,B,1e-06,-92.31742492464564,0.7568002969922695,0.5490902946534921,0.012027691980826538,0.12532531411749398,3.759631005881025,18.676886377834602,8.677202097194312
DS02,15,10,D,1e-06,-0.534840145568402,0.09705803531041492,0.005292438381048376,0.0017563386449715615,0.8658207665892664,9.696119189934274,3.0375101311282013,8.677202097194312
DS02,15,10,B,3.162277660168379e-06,-92.3054286509881,0.7567516507974669,0.54905500748097,0.012027509874036637,0.12533113758692901,3.7596310181659707,18.675698056253736,8.677202097194312
DS02,15,10,D,3.162277660168379e-06,-0.5348034575642129,0.09705687529160259,0.005292438324460816,0.0017563348026033993,0.8658209183067068,9.69611918994856,3.037488221850823,8.677202097194312
DS02,15,10,B,1e-05,-92.26750832959952,0.756597859199088,0.5489434495151582,0.012026934155667413,0.12534955290274855,3.759631140961665,18.67194126455858,8.677202097194312
DS02,15,10,D,1e-05,-0.5346874649321305,0.09705320769003357,0.005292438145485913,0.0017563226537904038,0.8658213974439953,9.696119190091363,3.037418952632474,8.677202097194312
DS02,15,10,B,3.1622776601683795e-05,-92.14774584855866,0.7561119389400073,0.5485909707597594,0.012025115111923272,0.12540778611152828,3.759632367220701,18.660071349902147,8.677202097194312
DS02,15,10,D,3.1622776601683795e-05,-0.5343209140983396,0.09704161671158289,0.005292437579225935,0.0017562842540815237,0.8658229062596999,9.696119191518335,3.037200044046574,8.677202097194312
DS02,15,10,B,0.0001,-91.77053885309347,0.7545794271200831,0.5474793115768145,0.01201937812232698,0.1255919243489695,3.759644576321918,18.622636131944233,8.677202097194312
DS02,15,10,D,0.0001,-0.5331642741692542,0.09700503265380205,0.005292435785642904,0.0017561630053669884,0.8658276141983695,9.696119205754368,3.0365091908067114,8.677202097194312
DS02,15,10,B,0.00031622776601683794,-90.592675857409,0.7497738585258196,0.5439934330453962,0.01200140434159964,0.12617410700648846,3.7597649961234727,18.50525396508406,8.677202097194312
DS02,15,10,D,0.00031622776601683794,-0.5295314509754401,0.09689003808347661,0.0052924300848608205,0.0017557813926207136,0.8658418728209161,9.696119347056538,3.03433840210856,8.677202097194312
DS02,15,10,B,0.001,-87.012098860111,0.7349725340225075,0.5332568296837665,0.011946950723632941,0.12801398815195006,3.760918307067466,18.1437634910867,8.677202097194312
DS02,15,10,D,0.001,-0.518286353220083,0.09653321380498892,0.005292411772123338,0.0017545924431961774,0.8658808065991387,9.696120727344812,3.0276099720123666,8.677202097194312
DS02,15,10,B,0.0031622776601683794,-76.97373972411583,0.6917897179895471,0.5019330894781708,0.011794294961354245,0.1338205847296303,3.7710194586937407,17.089594127611797,8.677202097194312
DS02,15,10,D,0.0031622776601683794,-0.48500539335744497,0.0954693435371604,0.005292351143692425,0.001751002460398096,0.865946451756606,9.696133563400611,3.007616994688572,8.677202097194312
DS02,15,10,B,0.01,-54.45779845386575,0.5834198931198853,0.42332654935158204,0.011439224561311216,0.1520603628427424,3.8398714716664686,14.448109316790232,8.677202097194312
DS02,15,10,D,0.01,-0.47035981369539726,0.09499740304236486,0.005291984565018687,0.001749855415039845,0.8659498470366597,9.69614383323085,2.9987576609745887,8.677202097194312
DS02,15,10,B,0.03162277660168379,-23.81673337732991,0.39027634420960683,0.28324390954485185,0.010905345004924504,0.2083388746497642,4.106129250555792,9.766769372549636,8.677202097194312
DS02,15,10,D,0.03162277660168379,-0.4691760222898216,0.09495915398514869,0.005290737096257005,0.0017514580716677746,0.8659501962508523,9.696148991946936,2.997955874685677,8.677202097194312
DS02,15,10,B,0.1,-4.951727589676544,0.19112673616086964,0.13887729375099267,0.01068201999236691,0.3682683348735696,4.542243565621122,5.0611668135020365,8.677202097194312
DS02,15,10,D,0.1,-0.32523737056318835,0.09018758502524844,0.005287213172787808,0.001742374647426758,0.8875131488301354,9.698531051554241,2.9095526990888185,8.677202097194312
DS02,15,10,B,0.31622776601683794,0.09584040410545291,0.07449420139856944,0.054590440051017826,0.010660606740031752,0.6811078960414946,4.85930639676341,2.6378171457073876,8.677202097194312
DS02,15,10,D,0.31622776601683794,0.4494289501648212,0.05813084106622384,0.004462380839545053,0.001667896147098946,0.987967435664448,9.72457177485271,2.37202564648078,8.677202097194312
DS02,15,10,B,1.0,0.861595835323401,0.029145700653473387,0.02246580594458121,0.01059503560141873,0.9195124866898964,5.000102134831676,2.0308938948405166,8.677202097194312
DS02,15,10,D,1.0,0.8218173345755916,0.03306988208878305,0.0030258222704079595,0.0016231216784535851,0.9839458432829543,9.760518285721938,2.0693986069279204,8.677202097194312
DS02,15,10,B,3.1622776601683795,0.95271202465137,0.01703630006380987,0.014380849504285002,0.01036539831210173,0.9796801776540933,5.057864460953681,1.9386591146121914,8.677202097194312
DS02,15,10,D,3.1622776601683795,0.9415104152117519,0.01894694480650254,0.002708518431706973,0.00161443287448842,0.9865037724438112,9.800919271359174,1.9572202369185254,8.677202097194312
DS02,15,10,B,10.0,0.9660775110909152,0.014429250576752187,0.012369673563240787,0.009773776372404583,0.9880008149264315,5.145528071899882,1.9004830567522601,8.677202097194312
DS02,15,10,D,10.0,0.9815963958055567,0.010627995527682782,0.0031651672090648487,0.0016816286952149287,0.9924899027681748,9.865502503558217,1.8991788331174722,8.677202097194312
DS02,15,10,B,31.622776601683793,0.9688444155858209,0.013828270676064786,0.010436243935611293,0.008952100113736353,0.9902429406187596,5.670285359289576,1.8249129220640958,8.677202097194312
DS02,15,10,D,31.622776601683793,0.9866172465346725,0.009063014181964625,0.0033774070572279106,0.0019497995066195717,0.9944093968663346,10.143165533032606,1.825086695362184,8.677202097194312
DS02,15,10,B,100.0,0.945872174807939,0.01822679083395882,0.007978101674331557,0.008774743699900334,0.9924233992290862,8.143425400654635,1.6681360861469647,8.677202097194312
DS02,15,10,D,100.0,0.9632056916993363,0.015027621304172428,0.0032899187496776548,0.003328495161637627,0.995416514825085,11.67905566429111,1.6724433320070244,8.677202097194312
DS02,15,10,B,316.22776601683796,0.855160630745363,0.029815578022798276,0.005820573439514075,0.009319347056249863,0.9942923771566866,14.759824496405296,1.4111548040784476,8.677202097194312
DS02,15,10,D,316.22776601683796,0.8695049418845995,0.02830068538503947,0.0034140227914537693,0.005414010749034993,0.995953584823687,17.037737489968613,1.4121179837486044,8.677202097194312
DS02,15,10,B,1000.0,0.6828889575303475,0.0441169625327917,0.004749333403668145,0.008893688221894328,0.9953046506000373,27.13150420497677,1.0573250645703098,8.677202097194312
DS02,15,10,D,1000.0,0.6903578686151324,0.04359432372910851,0.0038463661598604378,0.006167033732027265,0.9964896444721586,28.436884793491487,1.05791673626614,8.677202097194312
DS02,15,10,B,3162.2776601683795,0.4489368875882652,0.05815681194066438,0.004634205703898495,0.006894233234340827,0.9958653561449117,44.94890566115696,0.634051782729438,8.677202097194312
DS02,15,10,D,3162.2776601683795,0.45302299498859466,0.057940795727480836,0.004340275042329658,0.005173511267177973,0.9967720703199122,45.764580701369674,0.6345727960962455,8.677202097194312
DS02,15,10,B,10000.0,0.22066326997530805,0.06916119574526963,0.004849209131161995,0.004235266308752715,0.9961815107912718,60.63326396706853,0.29638029779727737,8.677202097194312
DS02,15,10,D,10000.0,0.22261334777132502,0.06907461302603841,0.004762924912896771,0.0033342397187320566,0.9968212045737491,61.179087212687435,0.2996385534760615,8.677202097194312
DS02,15,100,Z_zero,,0.0,0.07834294999233453,0.005145058614833983,0.0,0.0,80.58908515370818,0.0,2.7439722344723783
DS02,15,100,B,1e-06,-44.75556963539652,0.5299341461550809,0.4238120443218165,0.008759140085237087,0.21206144374630964,2.2671168013052396,13.137461493035742,2.7439722344723783
DS02,15,100,D,1e-06,-0.5591439517565624,0.09782346186940068,0.004775385718736087,0.0009757717794681148,0.9967582283885958,6.64600512746437,3.0518945460201365,2.7439722344723783
DS02,15,100,B,3.162277660168379e-06,-44.749693382816794,0.5299001161243548,0.42378483162500213,0.008759029667202718,0.21206956481887276,2.2671168112759483,13.136634678167072,2.7439722344723783
DS02,15,100,D,3.162277660168379e-06,-0.5591439301834873,0.09782346119263415,0.0047753856418512,0.0009757719556718963,0.9967582284306288,6.646005127464392,3.051894524064941,2.7439722344723783
DS02,15,100,B,1e-05,-44.73111849724243,0.5297925325257236,0.4236988005567324,0.008758680587984857,0.21209524565098814,2.267116910939392,13.134020767249108,2.7439722344723783
DS02,15,100,D,1e-05,-0.5591438619634359,0.09782345905251048,0.004775385398720048,0.0009757725128771777,0.9967582285635475,6.646005127464601,3.051894454636515,2.7439722344723783
DS02,15,100,B,3.1622776601683795e-05,-44.67245403691216,0.5294526111780706,0.42342697662082546,0.0087575776345896,0.2121764530063618,2.2671179061956943,13.125761922676338,2.7439722344723783
DS02,15,100,D,3.1622776601683795e-05,-0.5591436462327561,0.09782345228484698,0.004775384629872832,0.0009757742749146422,0.9967582289838735,6.646005127466698,3.0518942350846014,2.7439722344723783
DS02,15,100,B,0.0001,-44.48768272927032,0.528380555862979,0.4225696891487793,0.008754099083122203,0.21243322753588503,2.267127815339817,13.099715635421761,2.7439722344723783
DS02,15,100,D,0.0001,-0.5591429640330108,0.09782343088363045,0.004775382198575116,0.0009757798469633684,0.9967582303130503,6.6460051274876815,3.0518935408008567,2.7439722344723783
DS02,15,100,B,0.00031622776601683794,-43.91071550030426,0.5250188639199188,0.4198814538493661,0.008743191032938512,0.21324496274998986,2.267225549798629,13.018048405685958,2.7439722344723783
DS02,15,100,D,0.00031622776601683794,-0.5591408067337473,0.09782336320719112,0.004775374510242966,0.0009757974672983072,0.9967582345161765,6.6460051276975,3.051891345286669,2.7439722344723783
DS02,15,100,B,0.001,-42.15677708114138,0.5146647489254762,0.4116016010519965,0.008710861841389457,0.2158093113987197,2.2681615389068055,12.766582148027204,2.7439722344723783
DS02,15,100,D,0.001,-0.5591339848119239,0.09782314919699289,0.004775350198665875,0.0009758531873871882,0.9967582478066249,6.646005129795679,3.051884402499001,2.7439722344723783
DS02,15,100,B,0.0031622776601683794,-37.23933214949693,0.4844568155957249,0.38744524053556256,0.00862421226984956,0.22389228023265148,2.2763550756342785,12.033604112074531,2.7439722344723783
DS02,15,100,D,0.0031622776601683794,-0.5591124125754248,0.09782247245226484,0.004775273329347952,0.000976029386753061,0.9967582898246807,6.646005150776963,3.0518624478547483,2.7439722344723783
DS02,15,100,B,0.01,-26.208356928996068,0.4086496007137549,0.32682412697176344,0.008420176605711864,0.2491789816964418,2.3320078887166784,10.199795796019762,2.7439722344723783
DS02,15,100,D,0.01,-0.5590442009181062,0.09782033254692538,0.004775030353605415,0.0009765865478088339,0.9967584225971191,6.646005360573915,3.0517930249541942,2.7439722344723783
DS02,15,100,B,0.03162277660168379,-11.191993148237641,0.27355035062801636,0.21878597911918346,0.00814343787965943,0.3260552918699973,2.5443507855320004,6.968216701513196,2.7439722344723783
DS02,15,100,D,0.03162277660168379,-0.5588285541449465,0.09781356706569237,0.004774263060452532,0.000978348143184836,0.9967588414575798,6.646007458041167,3.051573528263659,2.7439722344723783
DS02,15,100,B,0.1,-1.93841564507471,0.13429397680715927,0.10741021155215105,0.008137931898774422,0.5302771453520042,2.884386620021604,3.795605601068297,2.7439722344723783
DS02,15,100,D,0.1,-0.2786625416780677,0.08858861096811667,0.004772153794085839,0.0009691772712678413,0.8869905318322194,6.65153834859798,2.8805752341357675,2.7439722344723783
DS02,15,100,B,0.31622776601683794,0.5441526915621955,0.05289439063364422,0.04225779798420311,0.008226951257989123,0.827301173722485,3.127125320306393,2.296475646261067,2.7439722344723783
DS02,15,100,D,0.31622776601683794,0.45835962372770833,0.057657450706048684,0.004767706632456003,0.0009194621354405142,0.982269592848823,6.696693332573012,2.366386205976892,2.7439722344723783
DS02,15,100,B,1.0,0.9238990205153517,0.021612004240927872,0.017077546378355936,0.008231142421351702,0.9627948210195476,3.2344301302656406,1.9703024940157015,2.7439722344723783
DS02,15,100,D,1.0,0.8895092748220317,0.026041310318011823,0.003112395186358141,0.0008678531785305198,0.9915434450766584,6.758044726632836,2.008237192325476,2.7439722344723783
DS02,15,100,B,3.1622776601683795,0.9701516816043508,0.013535049711330908,0.01036204138486266,0.008081518597963078,0.9886253970753499,3.2829154048850646,1.920325833887463,2.7439722344723783
DS02,15,100,D,3.1622776601683795,0.9753823714970009,0.01229201347323407,0.0025988991175341074,0.0008792335585518833,0.994841679239653,6.798329836677278,1.9239230936004492,2.7439722344723783
DS02,15,100,B,10.0,0.9768438658305876,0.011921556172329791,0.008632448714113047,0.007675774155972463,0.9925778190025696,3.393029417757675,1.8895500689940488,2.7439722344723783
DS02,15,100,D,10.0,0.9920806648180723,0.006971789776211531,0.002543001452842256,0.0010278019030715115,0.99630735234327,6.854207817807252,1.889552859844015,2.7439722344723783
DS02,15,100,B,31.622776601683793,0.9756147628899594,0.012233857350526916,0.00716592427181187,0.007197119018779925,0.9940645979562673,4.09692324055352,1.8194118965536645,2.7439722344723783
DS02,15,100,D,31.622776601683793,0.9908663371671532,0.00748725127836619,0.0027980639492800204,0.001517762796414825,0.9966058245511583,7.200432007825925,1.825945257488226,2.7439722344723783
DS02,15,100,B,100.0,0.9496080875156685,0.017586537456822992,0.005533670524854264,0.007293720022144527,0.9954963929310887,7.063806634357445,1.6676460296444595,2.7439722344723783
DS02,15,100,D,100.0,0.9658901677609251,0.01446903984257739,0.0030715761198379507,0.0031935167943132484,0.996708188532876,9.20248126483948,1.6772078251359295,2.7439722344723783
DS02,15,100,B,316.22776601683796,0.8574021464908488,0.029583967378714333,0.004427586609809219,0.008246619587386138,0.9966325949853378,14.136191983712171,1.4139032839818932,2.7439722344723783
DS02,15,100,D,316.22776601683796,0.8720007476712348,0.028028744017666817,0.0034500664433200004,0.005389493452759571,0.9968789023110004,15.436674490125213,1.4185770508157574,2.7439722344723783
DS02,15,100,B,1000.0,0.6847824707445272,0.043985051127471676,0.004186230636340942,0.008244452505948805,0.9971895659738843,26.801434968015297,1.0611961668420735,2.7439722344723783
DS02,15,100,D,1000.0,0.6922731577453267,0.04345928840552762,0.003918739121246116,0.006277703276724344,0.9971731222019039,27.559897319108053,1.0645280021507415,2.7439722344723783
DS02,15,100,B,3162.2776601683795,0.4507898429475582,0.05805895317072969,0.00445583469856016,0.006656207599551622,0.9973935252789295,44.854126441938575,0.6366590769483003,2.7439722344723783
DS02,15,100,D,3162.2776601683795,0.45499983260818067,0.057835998614576466,0.004402105546806163,0.005290062967937583,0.9973189271777713,45.39281817909876,0.6391173280067679,2.7439722344723783
DS02,15,100,B,10000.0,0.2217918948379366,0.06911109844919174,0.004804551099086593,0.004207467840267506,0.9973981477414223,60.67387641512208,0.2975807417253838,2.7439722344723783
DS02,15,100,D,10000.0,0.22385025808646697,0.06901963837860234,0.004793959569382446,0.0034400507283138546,0.9973301286589377,61.08270661652836,0.3023649048186999,2.7439722344723783
DS02,15,1000,Z_zero,,0.0,0.07834294999233453,0.005145058614833983,0.0,0.0,80.14033743145409,0.0,0.8677202097194312
DS02,15,1000,B,1e-06,-40.92390146592341,0.5072601743176081,0.3599187875089497,0.00799700630537257,0.22575529197656866,2.0068688396112173,12.587780813629072,0.8677202097194312
DS02,15,1000,D,1e-06,-0.5459840004040186,0.09740974766555914,0.00491007322823874,0.001144785913767008,0.9969564599300924,6.073854546189343,3.0392132752522065,0.8677202097194312
DS02,15,1000,B,3.162277660168379e-06,-40.9185163577724,0.5072275945894652,0.35989566934125466,0.007996910445940714,0.22576387985132462,2.0068688499347327,12.586989921531254,0.8677202097194312
DS02,15,1000,D,3.162277660168379e-06,-0.5459839794616337,0.09740974700578761,0.004910073149107763,0.0011447860997392196,0.9969564599598033,6.073854546189365,3.0392132539078682,0.8677202097194312
DS02,15,1000,B,1e-05,-40.9014939843116,0.5071245960219577,0.3598225828453877,0.00799660739277238,0.22579103679976006,2.0068689531247026,12.584489578212294,0.8677202097194312
DS02,15,1000,D,1e-05,-0.5459839132359992,0.09740974491940688,0.004910072898873705,0.0011447866878349744,0.996956460053757,6.0738545461895885,3.039213186411145,0.8677202097194312
DS02,15,1000,B,3.1622776601683795e-05,-40.84773277553132,0.5067991615401002,0.3595916586102566,0.007995649863669222,0.22587691162556203,2.006869983597472,12.576589564341115,0.8677202097194312
DS02,15,1000,D,3.1622776601683795e-05,-0.5459837038122197,0.09740973832169346,0.004910072107565149,0.0011447885475566583,0.9969564603508638,6.073854546191812,3.0392129729678117,0.8677202097194312
DS02,15,1000,B,0.0001,-40.67840492048203,0.5057727953125555,0.35886336202833574,0.007992629959160622,0.22614844179840032,2.0068802433657122,12.55167499225532,0.8677202097194312
DS02,15,1000,D,0.0001,-0.5459830415565945,0.09740971745790496,0.004910069605238567,0.0011447944285094922,0.99695646129039,6.073854546214037,3.039212298001057,0.8677202097194312
DS02,15,1000,B,0.00031622776601683794,-40.149661716140656,0.5025543719524711,0.3565796097061013,0.007983160138252317,0.2270067964590675,2.00698143564304,12.473556759932373,0.8677202097194312
DS02,15,1000,D,0.00031622776601683794,-0.5459809473257948,0.0974096514809524,0.004910061692294549,0.0011448130256800665,0.9969564642613555,6.073854546436307,3.0392101635722777,0.8677202097194312
DS02,15,1000,B,0.001,-38.54232341658418,0.4926415213812796,0.3495455814458426,0.007954079926387973,0.22971814712396543,2.007950502334671,12.233023747956954,0.8677202097194312
DS02,15,1000,D,0.001,-0.5459743248401097,0.0974094428449034,0.0049100366704422065,0.0011448718347452569,0.9969564736555991,6.073854548658981,3.039203413950839,0.8677202097194312
DS02,15,1000,B,0.0031622776601683794,-34.03591786197118,0.46372090052315645,0.3290239324428506,0.007869803749334816,0.23826170834363516,2.0164307140059052,11.53196403111011,0.8677202097194312
DS02,15,1000,D,0.0031622776601683794,-0.545953383237425,0.09740878309372734,0.004909957555135596,0.0011450578018198188,0.996956503355066,6.073854570885222,3.0391820701238297,0.8677202097194312
DS02,15,1000,B,0.01,-23.927154482388765,0.3911436403560861,0.27752453208324424,0.007672168868879188,0.264960603522919,2.0738982126216543,9.7784261989185,0.8677202097194312
DS02,15,1000,D,0.01,-0.5458871654332258,0.0974066969167223,0.004909707477942621,0.0011456458461619628,0.9969565971956257,6.073854793131512,3.039114578517105,0.8677202097194312
DS02,15,1000,B,0.03162277660168379,-10.166803565678567,0.2617968152682153,0.18574496177711725,0.007425441044829699,0.3458104535061935,2.291306264224496,6.690942477268901,0.8677202097194312
DS02,15,1000,D,0.03162277660168379,-0.5456778199177998,0.09740010123948302,0.0049089177379236255,0.0011475050538791067,0.9969568931717763,6.0738570150848155,3.0389011863157993,0.8677202097194312
DS02,15,1000,B,0.1,-1.6883077466296785,0.12845156874825703,0.09113979770792618,0.007442716763933508,0.5567688602828285,2.634761993152992,3.6701067504616223,0.8677202097194312
DS02,15,1000,D,0.1,-0.2775886159321572,0.0885514011604099,0.004906810598149134,0.001129869652736988,0.8865738833394333,6.078928424180237,2.874670260206436,0.8677202097194312
DS02,15,1000,B,0.31622776601683794,0.5854369371750008,0.050442339747621016,0.03583518893752426,0.007516967795755909,0.8454185085839822,2.8774007393829577,2.258094313785772,0.8677202097194312
DS02,15,1000,D,0.31622776601683794,0.513751262736166,0.05462974383633044,0.004614826952678848,0.0010501649767613987,0.9845999213144627,6.1279240157712245,2.3166964984870497,0.8677202097194312
DS02,15,1000,B,1.0,0.932762916103473,0.020314416650527148,0.014569146223144126,0.007526495468456326,0.9680774282096664,2.984204065309653,1.9552112941766693,0.8677202097194312
DS02,15,1000,D,1.0,0.9015351110150578,0.024583324767785627,0.003918889450495521,0.0009837941984225116,0.9923275194121709,6.187600687576096,1.9895813500280988,0.8677202097194312
DS02,15,1000,B,3.1622776601683795,0.9746964983521307,0.012462071355032661,0.009039242124301463,0.007421436413627058,0.9905836107843674,3.032978507928771,1.9086067832832043,0.8677202097194312
DS02,15,1000,D,3.1622776601683795,0.979246743257868,0.011286078072948014,0.002792803363304012,0.000995486035593542,0.9948987341361457,6.22771831714878,1.9125271511398294,0.8677202097194312
DS02,15,1000,B,10.0,0.9800943659796186,0.011053197453792837,0.0076934401134894385,0.007156724627117237,0.9939023151633714,3.1479488238456983,1.878744333720828,0.8677202097194312
DS02,15,1000,D,10.0,0.9924723590250248,0.00679718937073632,0.0025087552540815064,0.0011713821712491083,0.9962693618056545,6.282047595323111,1.8821918998529479,0.8677202097194312
DS02,15,1000,B,31.622776601683793,0.9772682494471086,0.011811807529988684,0.006551306689051717,0.0069068418272698025,0.9950889165387764,3.880648151458491,1.8098917611329635,0.8677202097194312
DS02,15,1000,D,31.622776601683793,0.9904083545687731,0.007672669278646662,0.002735829466103772,0.0016391725352493496,0.9967897376656453,6.660991716971772,1.816694653720664,0.8677202097194312
DS02,15,1000,B,100.0,0.9494071071152922,0.017621573159220267,0.005209959784384357,0.007116927391508545,0.9962287650312062,6.8977450248881045,1.660185934976163,0.8677202097194312
DS02,15,1000,D,100.0,0.9642942608485086,0.014803654300895752,0.003013176110434516,0.003366905424614649,0.9970066852909593,8.761349232680253,1.6692217192810341,0.8677202097194312
DS02,15,1000,B,316.22776601683796,0.8561443853471292,0.029714151225731764,0.004270698480063205,0.008113317766492862,0.9971359968957412,13.987470845483562,1.4087005553395708,0.8677202097194312
DS02,15,1000,D,316.22776601683796,0.8698791740375494,0.028260076067389762,0.0033929556373044722,0.005481211825335974,0.9972099300431924,15.109553488419511,1.4129835774082011,0.8677202097194312
DS02,15,1000,B,1000.0,0.6834597374392264,0.04407724077325421,0.0041074888880628865,0.008136219629552018,0.9975749070668085,26.646529744579865,1.057643687604226,0.8677202097194312
DS02,15,1000,D,1000.0,0.6905228138055746,0.04358271091682118,0.0038699238571255406,0.006261056069979819,0.9974592072096488,27.29691295251911,1.0607115547156105,0.8677202097194312
DS02,15,1000,B,3162.2776601683795,0.44973040009122456,0.05811492492147266,0.00441180364778811,0.006570612569095425,0.9977342128212722,44.66743641278033,0.6344601294512098,0.8677202097194312
DS02,15,1000,D,3162.2776601683795,0.45370906276667067,0.057904447046126545,0.0043652713357387836,0.005256793030761886,0.9975354892471788,45.133257282660416,0.6368038129390864,0.8677202097194312
DS02,15,1000,B,10000.0,0.22120070093330657,0.06913734483688366,0.004781499680067092,0.004139526677566869,0.9977366920096667,60.44853655925034,0.29625475247242145,0.8677202097194312
DS02,15,1000,D,10000.0,0.22315451924051866,0.06905056597195619,0.004774380659734411,0.0034139073201281643,0.9975198636956986,60.79915254587157,0.30092910294544273,0.8677202097194312
DS03,10,1,Z_zero,,0.0,0.08708803360725222,0.005528642096300581,0.0,0.0,96.82228423066915,0.0,29.487016957573108
DS03,10,1,B,1e-06,-310.4214068245369,1.5368543676656723,1.1657052509744417,0.027384138807882367,0.09301896970046307,9.112012305185841,37.52413362218623,29.487016957573108
DS03,10,1,D,1e-06,-0.0017543313083721035,0.0871643907649598,0.008289777113609518,0.0009919028654139632,0.9886506307253284,23.95945247453856,3.2138960773360634,29.487016957573108
DS03,10,1,B,3.162277660168379e-06,-310.3813733303472,1.5367555825043584,1.1656303281548648,0.027383734700401216,0.09302256851899453,9.112012325781762,37.52173033895721,29.487016957573108
DS03,10,1,D,3.162277660168379e-06,-0.0017543209271220217,0.08716439031331447,0.00828977695113445,0.0009919028543410946,0.9886506307144538,23.959452474538566,3.213896060493282,29.487016957573108
DS03,10,1,B,1e-05,-310.25482712408046,1.5364432800226777,1.1653934648233633,0.02738245714173741,0.0930339488578501,9.11201253165086,37.51413252824638,29.487016957573108
DS03,10,1,D,1e-05,-0.0017542880987275744,0.08716438888508653,0.00828977643734313,0.0009919028193255855,0.9886506306800658,23.95945247453861,3.2138960072317317,29.487016957573108
DS03,10,1,B,3.1622776601683795e-05,-309.85516052340824,1.535456528559786,1.1646450710390943,0.02737842055814374,0.09306993539431174,9.112014587495299,37.49012650875199,29.487016957573108
DS03,10,1,D,3.1622776601683795e-05,-0.001754184286258731,0.08716438436863437,0.008289774812594422,0.000991902708596843,0.9886506305713201,23.959452474539077,3.213895838803951,29.487016957573108
DS03,10,1,B,0.0001,-308.5963607424478,1.5323444794483732,1.1622847622763814,0.027365689778377732,0.09318372226389639,9.11203505627558,37.414415900840616,29.487016957573108
DS03,10,1,D,0.0001,-0.0017538560026097993,0.08716437008636585,0.008289769674706673,0.0009919023584421605,0.9886506302274352,23.959452474543784,3.213895306188735,29.487016957573108
DS03,10,1,B,0.00031622776601683794,-304.66564879457087,1.5225858939491452,1.1548834420160612,0.02732576863129129,0.09354342237033507,9.11223694336111,37.1770105195534,29.487016957573108
DS03,10,1,D,0.00031622776601683794,-0.001752817880617652,0.08716432492194126,0.008289753427467675,0.000991901251159443,0.9886506291399673,23.959452474590805,3.2138936219134897,29.487016957573108
DS03,10,1,B,0.001,-292.7167481782033,1.4925292129956074,1.1320872039798864,0.027207041352908003,0.094679636409381,9.114170601592388,36.44583154639554,29.487016957573108
DS03,10,1,D,0.001,-0.0017495350712335433,0.08716418210023259,0.008289702051070007,0.0009918977496599505,0.9886506257010046,23.959452475060985,3.2138882957870885,29.487016957573108
DS03,10,1,B,0.0031622776601683794,-259.21766237836476,1.4048400185494836,1.065580149354594,0.02690106401176591,0.09826002699393327,9.131114137477201,34.312978261295946,29.487016957573108
DS03,10,1,D,0.0031622776601683794,-0.0017391541224578422,0.08716373046575612,0.008289539603470016,0.0009918866773053817,0.9886506148251811,23.95945247976273,3.213871453292379,29.487016957573108
DS03,10,1,B,0.01,-184.08201769712642,1.1847878647554084,0.8986843188824758,0.026178705184484008,0.10945420785069708,9.246972907821815,28.963479348888374,29.487016957573108
DS03,10,1,D,0.01,-0.001706328739925489,0.08716230234635838,0.008289026087390286,0.0009918516670356708,0.9886505804241195,23.95945252677777,3.2138181946057296,29.487016957573108
DS03,10,1,B,0.03162277660168379,-81.8426697310086,0.7926574169290158,0.6012823763769907,0.025072452391383913,0.1435355657295946,9.700676933389023,19.44934893479407,29.487016957573108
DS03,10,1,D,0.03162277660168379,-0.001602546360128576,0.08715778697832065,0.008287404089972143,0.0009917409907322663,0.9886504715515547,23.959452996850914,3.2136497954283043,29.487016957573108
DS03,10,1,B,0.1,-18.913405638469175,0.3886254650930555,0.29487594206926326,0.02448820431972506,0.23810727614532723,10.460809367244162,9.734687825894573,29.487016957573108
DS03,10,1,D,0.1,-0.001274563452434485,0.08714351554645891,0.00828229370256723,0.0009913913601761533,0.9886501263986016,23.959457695141012,3.2131174661347033,29.487016957573108
DS03,10,1,B,0.31622776601683794,-2.0891151251504696,0.15306487159875626,0.11631207688160045,0.02437305983196596,0.4411643030841794,11.024549246790269,4.353641668070926,29.487016957573108
DS03,10,1,D,0.31622776601683794,0.1393056109598878,0.08079471818435031,0.00826402271838525,0.0009713001464741671,0.9307605895703509,23.963261764962596,3.107192227483088,29.487016957573108
DS03,10,1,B,1.0,0.4587544823896246,0.0640701352721115,0.0490304070308095,0.02419323361181743,0.7101375279052963,11.277445724884432,2.727864848783312,29.487016957573108
DS03,10,1,D,1.0,0.5115603250666554,0.06086448496019325,0.00817213812639753,0.0009164836412435496,0.9820862835651173,23.985155642847115,2.7984382507950123,29.487016957573108
DS03,10,1,B,3.1622776601683795,0.7654628103326777,0.04217589846319641,0.03259217045715815,0.023592291419408367,0.8849337466066528,11.381122607489711,2.4410360731715004,29.487016957573108
DS03,10,1,D,3.1622776601683795,0.833757813067397,0.03550823670291541,0.007977193788772523,0.0008608807803702825,0.9850514335850962,24.048287814655183,2.483429882996896,29.487016957573108
DS03,10,1,B,10.0,0.8242805299353367,0.03650635115708289,0.02819753084344728,0.022191717814247402,0.9435189050825213,11.527100759743318,2.3247466551316163,29.487016957573108
DS03,10,1,D,10.0,0.9491716603370938,0.019634120239719503,0.007315161977804883,0.001017571750431346,0.9824086386890304,24.13260304646366,2.3271959131351108,29.487016957573108
DS03,10,1,B,31.622776601683793,0.8625667708974504,0.03228526533018203,0.02357419788538726,0.019576852393150327,0.9566391180810173,12.268786990042724,2.1239287277425096,29.487016957573108
DS03,10,1,D,31.622776601683793,0.9755748708767032,0.013610588967196273,0.005753560535579116,0.0022917771707037554,0.9814097625497489,24.428675823086227,2.1641483741980116,29.487016957573108
DS03,10,1,B,100.0,0.8441768735238717,0.034377511934802915,0.017896126201358994,0.01682487325512525,0.9651068496524183,15.112455262793134,1.7945036213805732,29.487016957573108
DS03,10,1,D,100.0,0.9499116416486676,0.019490675164926037,0.004788015302791565,0.004652765495110544,0.9839705144922762,25.955185474020613,1.8508164257934319,29.487016957573108
DS03,10,1,B,316.22776601683796,0.7161573718197509,0.046397789932185844,0.012601689069252159,0.015630937818028785,0.9719464498986122,21.515929133274636,1.3962102501725602,29.487016957573108
DS03,10,1,D,316.22776601683796,0.8112911723461141,0.03783158986963515,0.004287031022378209,0.006978723265481316,0.9851149580718516,30.58563240331568,1.419532722977801,29.487016957573108
DS03,10,1,B,1000.0,0.5192012486945775,0.06038654052691876,0.008672256115348276,0.013676392456944677,0.9763838937317599,31.987895524433615,0.9874455886909498,29.487016957573108
DS03,10,1,D,1000.0,0.5701119084068828,0.05710001100843666,0.004073444425047442,0.007540951099864241,0.9864770390768882,39.13726796314293,0.9825435724222927,29.487016957573108
DS03,10,1,B,3162.2776601683795,0.31497016648064113,0.07207974265676449,0.006563080691050801,0.009733712442125774,0.978549571465562,45.99751167241654,0.5970249489789649,29.487016957573108
DS03,10,1,D,3162.2776601683795,0.3341849569544314,0.07106164981354522,0.004381286334743849,0.006226508342425533,0.9875309893506946,50.9545103176952,0.60016821983798,29.487016957573108
DS03,10,1,B,10000.0,0.15182209190013352,0.08020509597090378,0.0058095205490510905,0.0061763811452034256,0.9789002817679879,58.66913459231699,0.3248129745652213,29.487016957573108
DS03,10,1,D,10000.0,0.16086212934648159,0.07977653058572104,0.004942148255231781,0.004502289365033368,0.9879234896366972,62.41266905185936,0.34008623383795994,29.487016957573108
DS03,10,10,Z_zero,,0.0,0.08708803360725222,0.005528642096300581,0.0,0.0,85.36177479569162,0.0,9.324613498993962
DS03,10,10,B,1e-06,-52.88435578299998,0.6392781076135808,0.550626222053228,0.010865730156954485,0.1459378576400598,3.2370294118997593,15.72139320976168,9.324613498993962
DS03,10,10,D,1e-06,0.407896967655507,0.06701270166627987,0.0035570564969182716,0.002077717883098344,0.9483986971046315,7.7243086180594815,2.7077813569177023,9.324613498993962
DS03,10,10,B,3.162277660168379e-06,-52.87742779423417,0.6392370098417838,0.5505908109577208,0.010865594432630209,0.14594568802513466,3.2370294219341633,15.720400397431899,9.324613498993962
DS03,10,10,D,3.162277660168379e-06,0.4078981103801729,0.06701263700092613,0.00355703959271022,0.0020777171298700142,0.9483987184145296,7.724308618060213,2.707780352429354,9.324613498993962
DS03,10,10,B,1e-05,-52.85552836482262,0.6391070820671653,0.5504788612180616,0.010865165349129341,0.14597044927784744,3.2370295222343084,15.717261697004488,9.324613498993962
DS03,10,10,D,1e-05,0.40790172396116553,0.06701243251250526,0.00355698613934594,0.0020777147479708485,0.948398785793111,7.724308618067542,2.7077771759830354,9.324613498993962
DS03,10,10,B,3.1622776601683795e-05,-52.7863641419321,0.6386965620404584,0.5501251446169937,0.010863809612149356,0.1460487452239401,3.237030523848895,15.707344727184172,9.324613498993962
DS03,10,10,D,3.1622776601683795e-05,0.4079131507904806,0.06701178587717983,0.0035568171293241715,0.0020777072159232487,0.9483989987705507,7.724308618140821,2.7077671314254097,9.324613498993962
DS03,10,10,B,0.0001,-52.56852283886542,0.6374018504767952,0.5490095815106997,0.010859533804434223,0.1462962786211394,3.237040496305594,15.676068996096516,9.324613498993962
DS03,10,10,D,0.0001,0.40794928242659767,0.06700974117511807,0.0035562829162974143,0.0020776833992863473,0.9483996713412752,7.7243086188735495,2.707735370221043,9.324613498993962
DS03,10,10,B,0.00031622776601683794,-51.88829478102679,0.6333419675972741,0.5455114616296903,0.010846159790394421,0.14707844603904333,3.2371388559118732,15.57800363474541,9.324613498993962
DS03,10,10,D,0.00031622776601683794,0.40806350899151533,0.0670032766429828,0.0035545960226714465,0.0020776081023531293,0.9484017889766831,7.724308626198658,2.707634957226079,9.324613498993962
DS03,10,10,B,0.001,-49.82048539875197,0.620837425008422,0.5347371580408161,0.010805471233633726,0.1495458365572986,3.238080895414833,15.276031317320534,9.324613498993962
DS03,10,10,D,0.001,0.40842440836830496,0.06698284782326405,0.003549285972288707,0.0020773701712847956,0.9484083936677089,7.7243086993814005,2.7073176707868565,9.324613498993962
DS03,10,10,B,0.0031622776601683794,-44.02335451261353,0.5843558677029254,0.5033034612002217,0.010687122709799976,0.15728738162349246,3.246332283627313,14.395709510470862,9.324613498993962
DS03,10,10,D,0.0031622776601683794,0.4230415681192681,0.0661501368377378,0.0035351964005530404,0.002071741377575115,0.9510843387920437,7.724316499124589,2.6943082196894883,9.324613498993962
DS03,10,10,B,0.01,-31.021094202859665,0.49280666028900383,0.4244212634078878,0.010411558818964424,0.18114129374613427,3.302605534168398,12.192201663458842,9.324613498993962
DS03,10,10,D,0.01,0.44536468164881515,0.06485780479087813,0.0034892085801595963,0.002062986868801108,0.9590883412754355,7.724378530598498,2.67411431937256,9.324613498993962
DS03,10,10,B,0.03162277660168379,-13.3293938082522,0.329664660310597,0.28384925946785283,0.010057609880055779,0.25005453365494884,3.5206684756463513,8.302302893265058,9.324613498993962
DS03,10,10,D,0.03162277660168379,0.5412657153153414,0.05898466052983979,0.0033784435257405232,0.002025501253740753,0.9781017660539977,7.725071827024295,2.5847726714766233,9.324613498993962
DS03,10,10,B,0.1,-2.4415211703168263,0.16155994895592202,0.13898784485297375,0.009938505450139704,0.41032301500335916,3.879145395854784,4.455978286742465,9.324613498993962
DS03,10,10,D,0.1,0.7291567566701425,0.045322878806598944,0.0032097492721461333,0.0019371868281168859,0.9812896070361653,7.7285655999946306,2.397100473746903,9.324613498993962
DS03,10,10,B,0.31622776601683794,0.46813985873087727,0.06351220736015085,0.05445168210909381,0.009984761008041632,0.6472165334881371,4.140754832763861,2.5935246065702575,9.324613498993962
DS03,10,10,D,0.31622776601683794,0.9155863718059695,0.025302577755960138,0.0031522491138786662,0.0018227898815952486,0.9860449213529637,7.739520593181134,2.181777939253082,9.324613498993962
DS03,10,10,B,1.0,0.9081102293270387,0.026399279154372807,0.022362808319478678,0.009915417792330903,0.8533013016922663,4.2589947938955,2.1697519129840894,9.324613498993962
DS03,10,10,D,1.0,0.9739248711925873,0.01406279726349637,0.0031864041090263603,0.00177489621104044,0.9776661898542764,7.751947555436406,2.096974846743122,9.324613498993962
DS03,10,10,B,3.1622776601683795,0.9602362048979017,0.01736610402622553,0.014451708069138043,0.009544849977622644,0.9589773065618914,4.32500173717868,2.0913555803853656,9.324613498993962
DS03,10,10,D,3.1622776601683795,0.9863858274218692,0.010161413168165146,0.003383425970634049,0.0018573427655270809,0.973110767105824,7.766590446419398,2.0658652072369965,9.324613498993962
DS03,10,10,B,10.0,0.9658874070875295,0.01608480685696301,0.012473070056185592,0.008850043238080665,0.9804562131440067,4.542242645211308,2.0171556412453495,9.324613498993962
DS03,10,10,D,10.0,0.987838761340684,0.009603894713193398,0.0034720489411399556,0.0020152687163531675,0.9791747951496502,7.8456413481231495,2.021972656709402,9.324613498993962
DS03,10,10,B,31.622776601683793,0.9489605989552757,0.019674842714200946,0.010471971000751182,0.008401959136332258,0.9862336469482869,5.712525369209679,1.8611986103930407,9.324613498993962
DS03,10,10,D,31.622776601683793,0.976355450534428,0.01339133905757503,0.0037807611322837826,0.002585693548899385,0.9882879909195564,8.428966666266051,1.8996292494795317,9.324613498993962
DS03,10,10,B,100.0,0.8693876334447382,0.031473905303049034,0.008044978112555183,0.00929606403065149,0.9901451817497563,9.35336639764624,1.599340750449942,9.324613498993962
DS03,10,10,D,100.0,0.9226107439641577,0.02422695431807614,0.004013696272307471,0.004458570847388696,0.9926804280174295,11.113392820753191,1.660743886375512,9.324613498993962
DS03,10,10,B,316.22776601683796,0.7056599225447051,0.047247973330474737,0.006045631729066326,0.010986239994930917,0.9924449263715331,16.204625487354104,1.2712001683191585,9.324613498993962
DS03,10,10,D,316.22776601683796,0.7699796059651313,0.04176780533429555,0.004053465490222122,0.006523818783121694,0.9942095491519932,17.985319919009314,1.300250062402938,9.324613498993962
DS03,10,10,B,1000.0,0.5017058144574555,0.0614754044031802,0.0050069749047734775,0.010460891280157364,0.993567021565109,26.779158873213827,0.9118923748490125,9.324613498993962
DS03,10,10,D,1000.0,0.5360718571542703,0.059317637252520775,0.004264462318553639,0.007033276886163389,0.9950601094738527,28.470393710386485,0.9162598243570935,9.324613498993962
DS03,10,10,B,3162.2776601683795,0.3021532001553636,0.07275092677931665,0.004897570001792132,0.007678817250829385,0.9941323460286231,40.672824216839395,0.5502020001314913,9.324613498993962
DS03,10,10,D,3162.2776601683795,0.31496371706412085,0.07208008196402248,0.004684911173685018,0.005774932741379018,0.9954345725501295,41.710178583783595,0.5600853813005509,9.324613498993962
DS03,10,10,B,10000.0,0.14537060251305156,0.0805095498422568,0.005183128033317569,0.005016245882635598,0.99450280402501,52.95628756966113,0.2913751196737169,9.324613498993962
DS03,10,10,D,10000.0,0.1519131569607738,0.08020079022448237,0.005123385220203394,0.004163366349680215,0.9955508101874709,53.786647149344795,0.31047474358467775,9.324613498993962
DS03,10,100,Z_zero,,0.0,0.08708803360725222,0.005528642096300581,0.0,0.0,86.09094678924188,0.0,2.9487016957573107
DS03,10,100,B,1e-06,-16.16217557093782,0.36078182810777715,0.29507247681507476,0.0061865234245094035,0.29524370769642755,2.005267010578022,9.04501341124703,2.9487016957573107
DS03,10,100,D,1e-06,0.4898253770524509,0.062203942415700195,0.004301839360487905,0.001050425074618814,0.9542230035860103,4.538068322819378,2.6510684372725355,2.9487016957573107
DS03,10,100,B,3.162277660168379e-06,-16.15996797968678,0.36075862346166504,0.295053504567533,0.006186441148392584,0.29525485869915347,2.0052670157431995,9.04446315128547,2.9487016957573107
DS03,10,100,D,3.162277660168379e-06,0.4898582778002287,0.06220193664245668,0.004301835662882851,0.0010504106462598914,0.9542216761466715,4.538068322855326,2.6510388692550313,2.9487016957573107
DS03,10,100,B,1e-05,-16.152989766239834,0.3606852635734989,0.2949935251144487,0.006186181037999998,0.2952901193272622,2.005267067372404,9.042723554773834,2.9487016957573107
DS03,10,100,D,1e-05,0.4899622885728311,0.062195595266120916,0.004301823971893877,0.0010503650286461507,0.9542174719922007,4.538068323214686,2.6509453917173014,2.9487016957573107
DS03,10,100,B,3.1622776601683795e-05,-16.13095071867207,0.36045347556442003,0.29480401393487604,0.006185359191601911,0.29540160381478814,2.0052675829505926,9.037227247053394,2.9487016957573107
DS03,10,100,D,3.1622776601683795e-05,0.49029089451327146,0.06217555641939623,0.004301787020378661,0.0010502208616611625,0.9542041133562812,4.538068326804719,2.650650037027081,2.9487016957573107
DS03,10,100,B,0.0001,-16.06153606866212,0.3597224551505682,0.2942063274089193,0.006182767214004467,0.29575395473663263,2.0052727162452313,9.019894053213815,2.9487016957573107
DS03,10,100,D,0.0001,0.49132699617635,0.06211233117261455,0.0043016703554005714,0.0010497658495571512,0.954161239550075,4.538068362592714,2.6497185097190363,2.9487016957573107
DS03,10,100,B,0.00031622776601683794,-15.844783544387155,0.3574301652370073,0.2923321366508685,0.006174639324888957,0.29686624978642273,2.0053233467297638,8.965553946906919,2.9487016957573107
DS03,10,100,D,0.00031622776601683794,0.49457328703853687,0.061913817172043896,0.004301303275410315,0.0010483357568866838,0.9540196425089987,4.538068716953062,2.646797230661048,2.9487016957573107
DS03,10,100,B,0.001,-15.185888768662817,0.35036987671276465,0.2865595878337391,0.006149604109953233,0.30036438021825057,2.0058082737033263,8.79830577605789,2.9487016957573107
DS03,10,100,D,0.001,0.504545630516634,0.061299977625644424,0.004300160545252577,0.0010438994492715913,0.9535197884428485,4.538072152447559,2.6377980512969432,2.9487016957573107
DS03,10,100,B,0.0031622776601683794,-13.338722420365592,0.32977195073162724,0.26971844277895846,0.006080571243627828,0.3112373308537968,2.01005680329616,8.311495742498806,2.9487016957573107
DS03,10,100,D,0.0031622776601683794,0.5260309314038542,0.05995611511275476,0.0042941720714606505,0.0010340481959204416,0.9521717681304693,4.538092332779314,2.6182762727667,2.9487016957573107
DS03,10,100,B,0.01,-9.196120369534974,0.2780839742139943,0.22745668027481988,0.005919964218856077,0.34383789639203394,2.0390791257154217,7.09923205843571,2.9487016957573107
DS03,10,100,D,0.01,0.5643294799613406,0.057482754607267005,0.004263934080754729,0.0010190363787040448,0.95597322136828,4.538259079885552,2.5825487592106917,2.9487016957573107
DS03,10,100,B,0.03162277660168379,-3.5608932111828473,0.18598736282176082,0.1521490160644192,0.005697734304364067,0.4321906008191066,2.152279799208744,4.997744834699986,2.9487016957573107
DS03,10,100,D,0.03162277660168379,0.6726432940608242,0.049827500884484156,0.004180530559977207,0.0009831205434802134,0.9802976008794969,4.539493719863307,2.475452700364165,2.9487016957573107
DS03,10,100,B,0.1,-0.09542300400307568,0.09114847628696925,0.07456707141547168,0.005593498558887857,0.6198218496399296,2.3405782018965144,3.0540970613790663,2.9487016957573107
DS03,10,100,D,0.1,0.8529748768413316,0.03339290950275718,0.004018324970536837,0.0009012335813402831,0.9890153888174944,4.545786914459038,2.2805000957214445,2.9487016957573107
DS03,10,100,B,0.31622776601683794,0.8286007868865873,0.03605478386318192,0.029377683748582205,0.005621650603771902,0.834025275551061,2.4796567111988623,2.265904713898546,2.9487016957573107
DS03,10,100,D,0.31622776601683794,0.956398621780365,0.018184802691281875,0.0037323635168228964,0.0008219566626452449,0.982000092664025,4.556826328833881,2.147402215989718,2.9487016957573107
DS03,10,100,B,1.0,0.9672252941550038,0.015766231017376682,0.012416405583499166,0.0056202189242945365,0.9500236672590116,2.5453641536311635,2.114270132387121,2.9487016957573107
DS03,10,100,D,1.0,0.9854419350408656,0.01050776402098775,0.003393025017450165,0.0007972752159697056,0.981945014173531,4.5687154061457,2.1020094987561158,2.9487016957573107
DS03,10,100,B,3.1622776601683795,0.982697886729417,0.011455342010183485,0.008342802728840559,0.005552913336555391,0.9835061487290782,2.605291938962632,2.074061758667721,2.9487016957573107
DS03,10,100,D,3.1622776601683795,0.9926785327590232,0.00745173747575477,0.002967232584333189,0.0009105430866460289,0.9816469891652478,4.58684617817545,2.0796351430674416,2.9487016957573107
DS03,10,100,B,10.0,0.981008032109744,0.01200171938592326,0.007271896680195943,0.005585199932760449,0.9893969198483853,2.916426308509803,2.008446688696768,2.9487016957573107
DS03,10,100,D,10.0,0.9912997336713587,0.008123155336570823,0.0030001465093693826,0.0011722272037089808,0.9842470248111216,4.718069522960023,2.033848017520826,2.9487016957573107
DS03,10,100,B,31.622776601683793,0.9589391477744028,0.017647064135231098,0.006172839093594998,0.006296038661738679,0.992276856103766,4.47013994488128,1.8594777521261903,2.9487016957573107
DS03,10,100,D,31.622776601683793,0.980927706469747,0.012027072961698398,0.003342782278248796,0.0022399552953934095,0.9904236431436192,5.617914650718619,1.9172359275529447,2.9487016957573107
DS03,10,100,B,100.0,0.8762666342135513,0.030633872321478243,0.005007221003553622,0.007917461172001154,0.9945261559830154,8.611672715531508,1.6014415755374387,2.9487016957573107
DS03,10,100,D,100.0,0.9293206211997366,0.023152870704423293,0.0038268410179132864,0.004296943022616214,0.9944657886397223,9.249165362923534,1.6745056849476059,2.9487016957573107
DS03,10,100,B,316.22776601683796,0.710179513246981,0.046883823824251006,0.00430258981934534,0.010257860529278353,0.995631607792502,15.780263107762723,1.2745023248372669,2.9487016957573107
DS03,10,100,D,316.22776601683796,0.7757592800265556,0.04123972153778309,0.0038203970661189264,0.006432148895343435,0.9960897659888923,17.02574500598789,1.3083411786984727,2.9487016957573107
DS03,10,100,B,1000.0,0.5043917783779639,0.06130949454707701,0.004231170677194071,0.010050819256219498,0.996040582957988,26.543186699229224,0.9157545964632747,2.9487016957573107
DS03,10,100,D,1000.0,0.5394967219573779,0.05909828085001448,0.004077301027983434,0.0069970990810944355,0.9966543604092504,27.972474569443982,0.9223088876978194,2.9487016957573107
DS03,10,100,B,3162.2776601683795,0.30385214429953633,0.07266231486601557,0.00461963556946331,0.007460485301440397,0.9961893344766554,40.60077915451514,0.5533520129659849,2.9487016957573107
DS03,10,100,D,3162.2776601683795,0.3169337514416165,0.07197636302136175,0.0045922622658781005,0.005753504491263171,0.9967421654054207,41.499854607302474,0.5647380015990852,2.9487016957573107
DS03,10,100,B,10000.0,0.14627526799534007,0.08046692698387498,0.005090933959248427,0.004909497494211674,0.9962792434705937,53.002983594524196,0.2938535423725014,2.9487016957573107
DS03,10,100,D,10000.0,0.1529447357320931,0.08015199887307983,0.005088713856001184,0.004168119854525329,0.996743511143498,53.774447549172734,0.3141087347721036,2.9487016957573107
DS03,10,1000,Z_zero,,0.0,0.08708803360725222,0.005528642096300581,0.0,0.0,86.81395130468943,0.0,0.9324613498993962
DS03,10,1000,B,1e-06,-16.845657774733013,0.36789574483340043,0.3494973536869836,0.005732684301422563,0.30129054394198795,1.77280070846541,9.221410729741319,0.9324613498993962
DS03,10,1000,D,1e-06,0.59583584038019,0.055365265116569994,0.003063368348532909,0.0010215782643496272,0.9479518196950302,4.330442796782968,2.5669092181856077,0.9324613498993962
DS03,10,1000,B,3.162277660168379e-06,-16.84336108843908,0.36787207049445036,0.3494748850372928,0.005732589575396402,0.3013011785922725,1.7728007145460878,9.220848991517247,0.9324613498993962
DS03,10,1000,D,3.162277660168379e-06,0.5958536977655218,0.05536404198758797,0.0030633618375443157,0.001021569619682747,0.9479507393838986,4.330442796803692,2.566892418652593,0.9324613498993962
DS03,10,1000,B,1e-05,-16.836101245237895,0.3677972257035779,0.3494038519462425,0.00573229010548099,0.30133480656126005,1.7728007753262618,9.219073107229645,0.9324613498993962
DS03,10,1000,D,1e-05,0.5959101560278375,0.05536017474104763,0.003063341250878881,0.0010215422866184272,0.947947323062963,4.3304427970108845,2.56683930393203,0.9324613498993962
DS03,10,1000,B,3.1622776601683795e-05,-16.813172740093577,0.36756074598189675,0.3491794156394341,0.0057313438987459065,0.30144113003603734,1.7728013822875603,9.213462144194754,0.9324613498993962
DS03,10,1000,D,3.1622776601683795e-05,0.5960885753187593,0.055347951699806275,0.0030632761789955052,0.0010214558895879433,0.947936518943008,4.330442799081366,2.5666714410545564,0.9324613498993962
DS03,10,1000,B,0.0001,-16.740956673830766,0.36681492857687104,0.34847158076707185,0.005728359710235713,0.301777179499374,1.7728074254247843,9.19576734273238,0.9324613498993962
DS03,10,1000,D,0.0001,0.5966516148556886,0.055309361614393156,0.0030630706918541757,0.0010211830547221165,0.9479023458971084,4.330442819740418,2.56614161639497,0.9324613498993962
DS03,10,1000,B,0.00031622776601683794,-16.515456890180396,0.36447623797096457,0.34625198979847666,0.005719001956483272,0.30283811608353506,1.7728670295534201,9.140293289016274,0.9324613498993962
DS03,10,1000,D,0.00031622776601683794,0.5982535723262554,0.055199417706543394,0.0030623808379683735,0.0010204048561660104,0.9478047445540286,4.330442996503715,2.5646333656386657,0.9324613498993962
DS03,10,1000,B,0.001,-15.82997537084275,0.35727302306735687,0.33941556728326505,0.005690209923864207,0.30617575866140534,1.773437878721523,8.969552156041043,0.9324613498993962
DS03,10,1000,D,0.001,0.5987739546479467,0.0551636562074934,0.003059056046732514,0.001020141532003184,0.947781155079294,4.330443187257159,2.5641437757969743,0.9324613498993962
DS03,10,1000,B,0.0031622776601683794,-13.908306356715984,0.3362580103399386,0.3194703050448317,0.005606583386515655,0.3165606666458,1.778437236856512,8.472548148800445,0.9324613498993962
DS03,10,1000,D,0.0031622776601683794,0.6004090754523195,0.055051136932917105,0.003048704609166456,0.0010193130893432158,0.9477064262980606,4.3304450819084135,2.562604544312596,0.9324613498993962
DS03,10,1000,B,0.01,-9.598833381900763,0.2835224917406254,0.26941630889251456,0.005402875993762584,0.3478165133824471,1.8124969661902353,7.2346786591346826,0.9324613498993962
DS03,10,1000,D,0.01,0.6079641649608063,0.05452822589132696,0.0030184846724395837,0.0010153171298561668,0.9473024637648684,4.330476843339857,2.5554818565548993,0.9324613498993962
DS03,10,1000,B,0.03162277660168379,-3.7374617808266883,0.18955329765496245,0.1802056924268067,0.005143557183027919,0.4337861881647003,1.9439528808621274,5.087489049245444,0.9324613498993962
DS03,10,1000,D,0.03162277660168379,0.6899269448304852,0.048494278110322794,0.0029620996357234758,0.0009757129817568284,0.9509993719571042,4.331445171632168,2.475762320724858,0.9324613498993962
DS03,10,1000,B,0.1,-0.13441890148624425,0.09275668338679598,0.08821508635576786,0.005019522553287296,0.6236880044203245,2.1585727341394803,3.097522312326678,0.9324613498993962
DS03,10,1000,D,0.1,0.8201156633345232,0.03693645054922433,0.0028508209414391797,0.0009218319138326146,0.9738386984168838,4.337006631457104,2.338645579401341,0.9324613498993962
DS03,10,1000,B,0.31622776601683794,0.8250984355248793,0.03642129064853521,0.0343196500111654,0.005048552577571674,0.8420395007151905,2.3145430262144147,2.2870819811835137,0.9324613498993962
DS03,10,1000,D,0.31622776601683794,0.9592022813399789,0.017590428703018558,0.002786168112838144,0.0008445998129857286,0.9851418280741718,4.351989896983224,2.1686939378801906,0.9324613498993962
DS03,10,1000,B,1.0,0.9685193910865004,0.01545183445452332,0.013314771663590559,0.00505988052812744,0.9537856419166452,2.3875238110161585,2.130777690389601,0.9324613498993962
DS03,10,1000,D,1.0,0.9912536716061386,0.008144630275364573,0.0028215782581809353,0.0008397822146398442,0.9849272394001986,4.366106626123366,2.1129791087240046,0.9324613498993962
DS03,10,1000,B,3.1622776601683795,0.9844449916817861,0.01086159508352095,0.007674282131734219,0.005025278887407806,0.9855113870773176,2.4529461376883996,2.089773799970814,0.9324613498993962
DS03,10,1000,D,3.1622776601683795,0.9944790078232124,0.006470935194424202,0.002985749202528385,0.0009755321957826536,0.9871662938989963,4.3825900932667246,2.0935954046957477,0.9324613498993962
DS03,10,1000,B,10.0,0.983034664567256,0.011343307621415194,0.00643381517772592,0.005151726456220809,0.9907706483486117,2.786663819050438,2.0234784338008454,0.9324613498993962
DS03,10,1000,D,10.0,0.992617462359693,0.007482751445856196,0.0032228205288327883,0.0011820293483361067,0.9888994845451352,4.514209965784035,2.05143804547378,0.9324613498993962
DS03,10,1000,B,31.622776601683793,0.9615276574635151,0.017081767247514142,0.005606945394426023,0.0059149832345299315,0.993096806107086,4.408731360100988,1.8730890885930536,0.9324613498993962
DS03,10,1000,D,31.622776601683793,0.9830606213176108,0.011334626740564041,0.0037862810397584256,0.002319591251343274,0.9924763276813334,5.440975294589591,1.9372058955989937,0.9324613498993962
DS03,10,1000,B,100.0,0.879423942929017,0.030240503899546193,0.004772768669617558,0.0077056628224138005,0.9949110671940012,8.63257950908577,1.6125974005836445,0.9324613498993962
DS03,10,1000,D,100.0,0.933078120260837,0.022529032947371772,0.004194026250915145,0.004339588454676843,0.9952747687564973,9.221522554261151,1.6904365247698612,0.9324613498993962
DS03,10,1000,B,316.22776601683796,0.7132684919198504,0.046633304797798654,0.0042362584243059685,0.010215530770575406,0.9958223408059909,15.878493897785484,1.282679962150385,0.9324613498993962
DS03,10,1000,D,316.22776601683796,0.7803345871213665,0.040816834931164565,0.0039138350275353265,0.0064594522439826345,0.9964897948672534,17.153221116472327,1.3186660998732302,0.9324613498993962
DS03,10,1000,B,1000.0,0.5067954608565921,0.06116063939386961,0.0042085636785319375,0.010078992152751131,0.9961877545180892,26.716392398236174,0.9213036676849911,0.9324613498993962
DS03,10,1000,D,1000.0,0.5429151674351058,0.05887852066659396,0.004070599672324243,0.007018225898926653,0.9968099804524293,28.20536649401613,0.9284495668795396,0.9324613498993962
DS03,10,1000,B,3162.2776601683795,0.30542535900709744,0.07258016415737116,0.00461304169932065,0.007489748119463503,0.9963389906515063,40.852104670914095,0.556774156075416,0.9324613498993962
DS03,10,1000,D,3162.2776601683795,0.3188906249763104,0.07187318879625733,0.004596520345014341,0.005755194046038988,0.9968311149892132,41.80486458764715,0.568485509250678,0.9324613498993962
DS03,10,1000,B,10000.0,0.1470707511609307,0.08042942953231134,0.005089724600311532,0.004933873282384626,0.9964408826168946,53.31920789767884,0.29606553108488043,0.9324613498993962
DS03,10,1000,D,10000.0,0.1538797362662464,0.08010774978031317,0.005096084654686876,0.004172846185490097,0.9968269768928822,54.140753502155874,0.31665275333031434,0.9324613498993962
DS03,11,1,Z_zero,,0.0,0.08344252482394354,0.005299265258821372,0.0,0.0,83.78846683422499,0.0,26.408076335465324
DS03,11,1,B,1e-06,-507.44217410198814,1.881517318492896,1.739744724517052,0.02937119345076301,0.040726177052778874,9.252226908233595,43.405579160632854,26.408076335465324
DS03,11,1,D,1e-06,-0.9893515237517447,0.11769098619749817,0.007856699200254448,0.0033921359010804946,0.9857404879896194,27.697350045040626,3.1545459567174507,26.408076335465324
DS03,11,1,B,3.162277660168379e-06,-507.37679575915746,1.8813963465858092,1.7396328696304402,0.0293707514707457,0.04072835071980322,9.252226935421374,43.40279435757553,26.408076335465324
DS03,11,1,D,3.162277660168379e-06,-0.9893515100586088,0.11769098579245194,0.00785669917296181,0.00339213588503838,0.9857404879685094,27.69735004504063,3.1545459450530013,26.408076335465324
DS03,11,1,B,1e-05,-507.17013428025297,1.881013902228681,1.7392792481071224,0.02936935418068443,0.04073522445231218,9.25222720718014,43.393990396771564,26.408076335465324
DS03,11,1,D,1e-05,-0.9893514667571144,0.11769098451158337,0.007856699086655487,0.0033921358343087992,0.9857404879017531,27.69735004504066,3.154545908166775,26.408076335465324
DS03,11,1,B,3.1622776601683795e-05,-506.5174423558168,1.8798055302928878,1.7381619448728294,0.029364939293716776,0.040756961034598534,9.252229921010146,43.36617340874468,26.408076335465324
DS03,11,1,D,3.1622776601683795e-05,-0.9893513298257741,0.1176909804611215,0.007856698813730738,0.003392135673887758,0.9857404876906513,27.69735004504093,3.154545791522286,26.408076335465324
DS03,11,1,B,0.0001,-504.46170808206745,1.8759945264591755,1.7346381567501357,0.02935101540995733,0.04082569745694378,9.252256940938551,43.27844349768279,26.408076335465324
DS03,11,1,D,0.0001,-0.9893508968109896,0.11769096765243947,0.007856697950667037,0.0033921351665922982,0.9857404870230888,27.697350045043695,3.154545422660095,26.408076335465324
DS03,11,1,B,0.00031622776601683794,-498.0425017914716,1.8640441906931695,1.7235884581134535,0.029307353011421042,0.04104305423581465,9.252523442142147,43.00334722610858,26.408076335465324
DS03,11,1,D,0.00031622776601683794,-0.989349527499277,0.11769092714785868,0.007856695221421878,0.0033921335623875153,0.9857404849120759,27.697350045071342,3.1545442562160693,26.408076335465324
DS03,11,1,B,0.001,-478.5289008216081,1.8272367866512076,1.6895550632478635,0.0291751559602685,0.04173032756301421,9.255075879403496,42.15606520918805,26.408076335465324
DS03,11,1,D,0.001,-0.9893451973681815,0.11769079906141294,0.007856686590806876,0.0033921284894884085,0.9857404782365142,27.69735004534782,3.1545405676026514,26.408076335465324
DS03,11,1,B,0.0031622776601683794,-423.8222130116816,1.7198518784676058,1.5902634527835724,0.028795783854499157,0.04390297180517607,9.277434488075293,39.68435242589898,26.408076335465324
DS03,11,1,D,0.0031622776601683794,-0.9893315044188797,0.1176903940193619,0.007856659298568575,0.0033921124479918347,0.9857404571270048,27.69735004811259,3.1545289032475905,26.408076335465324
DS03,11,1,B,0.01,-301.12141760661785,1.4503679476243025,1.3410912656567286,0.027897051692337308,0.05076600967049505,9.429994011230225,33.48337870908009,26.408076335465324
DS03,11,1,D,0.01,-0.9892882047862672,0.11768911319247569,0.007856572994558358,0.003392061724515152,0.985740390377572,27.69735007575949,3.1544920179654747,26.408076335465324
DS03,11,1,B,0.03162277660168379,-134.1655884941627,0.9701089390695392,0.8970406638001512,0.02648284309452495,0.07238111018143979,10.022345773312432,22.444502931565623,26.408076335465324
DS03,11,1,D,0.03162277660168379,-0.9891512920747745,0.11768506314763612,0.007856300093570525,0.0033919013646764155,0.9857401793443005,27.69735035220446,3.154375382934515,26.408076335465324
DS03,11,1,B,0.1,-31.414914073351483,0.4750724806743178,0.4393743680678866,0.02545765013807644,0.13946300591401828,10.999492242936606,11.124198412375375,26.408076335465324
DS03,11,1,D,0.1,-0.9887184635186794,0.11767225863462866,0.007855437267402968,0.003391394680588718,0.9857395124677555,27.697353115893527,3.1540066152917894,26.408076335465324
DS03,11,1,B,0.31622776601683794,-3.9544732270172966,0.18573176231800634,0.17204188091391096,0.025350244565929644,0.3292815065422746,11.714125244659924,4.7061867125867884,26.408076335465324
DS03,11,1,D,0.31622776601683794,-0.9300330210710168,0.1159230519175664,0.007852616997653218,0.0033835591293705203,0.9411733293776869,27.698161156610833,3.122018766761172,26.408076335465324
DS03,11,1,B,1.0,0.19770368402457605,0.07474029980530107,0.06983552217381707,0.0252407704526855,0.6619824149317544,12.031311475983617,2.5998778941639733,26.408076335465324
DS03,11,1,D,1.0,0.2833424210286629,0.07063879556560368,0.00784064183225428,0.003212477689821243,0.9625553743724801,27.734233145585822,2.39988338130236,26.408076335465324
DS03,11,1,B,3.1622776601683795,0.6906463035989866,0.046410376482379855,0.04367801817156051,0.024641041399478536,0.8538144831253396,12.150579318115806,2.2136434797343068,26.408076335465324
DS03,11,1,D,3.1622776601683795,0.5847251534860978,0.05377188359424399,0.007810517790598027,0.003127003797738656,0.9654431728896272,27.768565676153028,2.1974867281848653,26.408076335465324
DS03,11,1,B,10.0,0.7751438299627087,0.03956761207252821,0.03631227101285742,0.02297999493941984,0.8957589472968195,12.24292068613881,2.122060897409639,26.408076335465324
DS03,11,1,D,10.0,0.8439518909247763,0.032962238075316265,0.005102847533474845,0.002999045047604934,0.9678933343056606,27.84745805022004,2.0058120457536135,26.408076335465324
DS03,11,1,B,31.622776601683793,0.8376712457138773,0.03361902890320263,0.028638940675039432,0.01990778854468661,0.9125786758686343,12.6127245617537,2.009147396005166,26.408076335465324
DS03,11,1,D,31.622776601683793,0.9236677893905844,0.023053738177730165,0.0029060804459655545,0.002939773614302006,0.9704344559877217,27.968955627225924,1.9115271146340247,26.408076335465324
DS03,11,1,B,100.0,0.8823171652197788,0.028624901257370338,0.020052387987997664,0.01663503652594822,0.931023541394445,14.321472266697816,1.8136909964536951,26.408076335465324
DS03,11,1,D,100.0,0.9386530946421481,0.020667301086386217,0.00300260905400252,0.0036817082784644725,0.9731208580245688,28.5966642492951,1.7593333195417769,26.408076335465324
DS03,11,1,B,316.22776601683796,0.8486433775797283,0.03246296252897426,0.013008546230134675,0.014851148127076323,0.9475271075665327,19.775826214595433,1.5204518437808339,26.408076335465324
DS03,11,1,D,316.22776601683796,0.8821360499041082,0.02864691982470706,0.002706481271095857,0.005701741044202671,0.9787108442037807,31.407353388493622,1.4882452854638122,26.408076335465324
DS03,11,1,B,1000.0,0.7077650954933105,0.04510799046878965,0.008382139554707325,0.013007136317583748,0.957687569924969,31.569884110771792,1.135034808117204,26.408076335465324
DS03,11,1,D,1000.0,0.7263137494331724,0.043652983024999016,0.003185068274402878,0.006922105369072858,0.9858155841932793,39.507588818432154,1.1170419795648612,26.408076335465324
DS03,11,1,B,3162.2776601683795,0.47784599091781743,0.060295756032023876,0.006291377092984603,0.009146192303215034,0.9636254593738586,49.81458631055747,0.6786130528593218,26.408076335465324
DS03,11,1,D,3162.2776601683795,0.48718342201009235,0.059754203907907776,0.003993790321020913,0.005519585911041772,0.9877090894451003,54.83415693610304,0.6652013090530232,26.408076335465324
DS03,11,1,B,10000.0,0.23645883097320375,0.07291278145349701,0.005718504637240508,0.005154559709487493,0.9644542221565756,66.3169536452989,0.3113617950879049,26.408076335465324
DS03,11,1,D,10000.0,0.2401041981369414,0.07273851981970708,0.004697584177289141,0.003061345739567195,0.9884805871391554,69.73985346297378,0.2994764439865756,26.408076335465324
DS03,11,10,Z_zero,,0.0,0.08344252482394354,0.005299265258821372,0.0,0.0,80.40496415167179,0.0,8.350966984366323
DS03,11,10,B,1e-06,-74.33480616823583,0.7242446140626823,0.9639680463865149,0.011553319177347473,0.10161752379877538,3.2892257901746187,16.811545074948167,8.350966984366323
DS03,11,10,D,1e-06,-0.9718579110674199,0.11717237832871447,0.00676105282301212,0.0011312087709503525,0.993608282619624,9.005882446537514,3.1529410325262623,8.350966984366323
DS03,11,10,B,3.162277660168379e-06,-74.32511647700228,0.7241980357762523,0.963906052728329,0.011553132322850533,0.10162269438704219,3.28922580151303,16.810479072419636,8.350966984366323
DS03,11,10,D,3.162277660168379e-06,-0.9718578906412705,0.11717237772182984,0.006761052800920907,0.001131208810551919,0.9936082827455607,9.00588244653753,3.152941014974203,8.350966984366323
DS03,11,10,B,1e-05,-74.29448728479572,0.7240507817311445,0.9637100640354831,0.011552541594946474,0.10163904517641949,3.289225914847533,16.807108984960507,8.350966984366323
DS03,11,10,D,1e-05,-0.9718578260481443,0.117172375802693,0.006761052731062263,0.0011312089357830596,0.9936082831438082,9.005882446537656,3.152940959469742,8.350966984366323
DS03,11,10,B,3.1622776601683795e-05,-74.19775216222725,0.7235855175759037,0.9630908176818335,0.011550675127211084,0.10169075042980512,3.289227046625412,16.796460911599496,8.350966984366323
DS03,11,10,D,3.1622776601683795e-05,-0.9718576217867774,0.11717236973385023,0.006761052510149749,0.0011312093317986272,0.9936082844031751,9.005882446538934,3.1529407839492425,8.350966984366323
DS03,11,10,B,0.0001,-73.89307302074924,0.7221181520453015,0.9611378168400205,0.011544788571892704,0.10185425196479077,3.28923831503525,16.762879275784034,8.350966984366323
DS03,11,10,D,0.0001,-0.971856975856056,0.11717235054249517,0.006761051811563233,0.0011312105841095083,0.9936082883856328,9.005882446551723,3.152940228904946,8.350966984366323
DS03,11,10,B,0.00031622776601683794,-72.94168769939868,0.7175168693467905,0.9550136947436078,0.011526329568536465,0.10237124072407083,3.289349456579401,16.65758193467924,8.350966984366323
DS03,11,10,D,0.00031622776601683794,-0.9718549332480326,0.11717228985420787,0.006761049602440453,0.001131214544261042,0.9936083009791651,9.005882446679607,3.152938473703289,8.350966984366323
DS03,11,10,B,0.001,-70.04960609799622,0.7033447885086791,0.936151114026969,0.011469496581168232,0.10400561249301511,3.2904138958581086,16.333322649159395,8.350966984366323
DS03,11,10,D,0.001,-0.9718484739971573,0.11717209794205884,0.006761042616596188,0.0011312270673277112,0.9936083408023668,9.005882447958442,3.152932923293646,8.350966984366323
DS03,11,10,B,0.0031622776601683794,-61.94172568396022,0.6619981252478557,0.881118994936104,0.01130914322861796,0.10916887983765368,3.299735910471365,15.387864199702765,8.350966984366323
DS03,11,10,D,0.0031622776601683794,-0.9667396249222429,0.1170202092924479,0.006761021658688683,0.0011307589506856387,0.7953640378958599,9.005883947870508,3.150227985532117,8.350966984366323
DS03,11,10,B,0.01,-43.75747586554834,0.5582390714019927,0.7430075773483494,0.010928535203355148,0.12544060730896292,3.363241399329411,13.01993894114342,8.350966984366323
DS03,11,10,D,0.01,-0.9666395747025636,0.11701723278086486,0.006760954127325848,0.0011308969237723732,0.7953645532156605,9.00588411793581,3.1501541084466957,8.350966984366323
DS03,11,10,B,0.03162277660168379,-19.0177750068397,0.3733321044582551,0.4968228633593546,0.010384926562710742,0.17617597580885938,3.6082888931239068,8.830930563462065,8.350966984366323
DS03,11,10,D,0.03162277660168379,-0.8721370276650424,0.11417111780510751,0.00675970598836728,0.0011240186266930415,0.9525897219911834,9.006350865379702,3.098564908331978,8.350966984366323
DS03,11,10,B,0.1,-3.797601944284523,0.1827677403719758,0.24281868939268322,0.009959128394245124,0.32514634180069524,4.008151106760625,4.652361019118307,8.350966984366323
DS03,11,10,D,0.1,-0.04398264494574633,0.08525779101933031,0.006750403739074091,0.0010472639296936854,0.9834480897462113,9.016861613902096,2.6142440220762007,8.350966984366323
DS03,11,10,B,0.31622776601683794,0.26559573523908575,0.07150806589889143,0.09345424451070301,0.009775531901466102,0.6393679291635878,4.297937746135769,2.564979711039017,8.350966984366323
DS03,11,10,D,0.31622776601683794,0.6284692175284656,0.05086099331785807,0.006738138385505584,0.0009477332906352231,0.987765007394218,9.036146550609208,2.1684606741857877,8.350966984366323
DS03,11,10,B,1.0,0.8778114669545285,0.029167732073636134,0.0336984432954333,0.009663953479188645,0.8957737643285557,4.426436908891948,2.0714370754002314,8.350966984366323
DS03,11,10,D,1.0,0.831086409378248,0.03429412555664544,0.006722968027704407,0.0008951796116036339,0.9866881154819475,9.05269980439988,2.0344963359672184,8.350966984366323
DS03,11,10,B,3.1622776601683795,0.949502492465825,0.018750912530986527,0.015717149168584667,0.009382530126641562,0.9589122857413804,4.4793800158371395,1.99852508927341,8.350966984366323
DS03,11,10,D,3.1622776601683795,0.9152465201240073,0.02429216408850971,0.005921163987956958,0.0008798676567868975,0.987228411310808,9.074827343829709,1.9775148159424956,8.350966984366323
DS03,11,10,B,10.0,0.9610081587599406,0.016476854565738705,0.011552778919946709,0.008622268720794614,0.9695772318042112,4.563615178037983,1.9672336718840113,8.350966984366323
DS03,11,10,D,10.0,0.9577595119910505,0.017149517278438265,0.004614777734636696,0.0009054468526428452,0.9888901663301515,9.1235897169061,1.9390779528624744,8.350966984366323
DS03,11,10,B,31.622776601683793,0.9677990233128774,0.014973452831362864,0.009353323111413138,0.007356550910036344,0.9769509219703544,5.101756029335314,1.9010011621442586,8.350966984366323
DS03,11,10,D,31.622776601683793,0.9726616058662361,0.0137966592047862,0.003169098864513637,0.00112864986776746,0.9899280079240153,9.346027405530357,1.8871321971351722,8.350966984366323
DS03,11,10,B,100.0,0.9586099959677564,0.016975992354322046,0.006946416820461105,0.007102880850892149,0.9854419502976256,7.750972012330069,1.7526967127549875,8.350966984366323
DS03,11,10,D,100.0,0.9620135562453727,0.01626304093959229,0.00275566585236843,0.002343182735688936,0.9904388223809845,10.929406247198845,1.7472907631186798,8.350966984366323
DS03,11,10,B,316.22776601683796,0.8872591131798426,0.028017421251292744,0.004898834484788001,0.008327497910059461,0.9911363017139455,14.83277266015512,1.4967073278252268,8.350966984366323
DS03,11,10,D,316.22776601683796,0.8894206081610557,0.027747543131676003,0.0026897789494521205,0.00485073034271937,0.9910338393450644,16.62316419720939,1.4963865808556966,8.350966984366323
DS03,11,10,B,1000.0,0.7283988834363944,0.04348637554906137,0.004058028833784796,0.009135929351697207,0.9935049294048065,28.15264597441429,1.1313109777117105,8.350966984366323
DS03,11,10,D,1000.0,0.7309833344301238,0.0432789812483159,0.003228553776621463,0.0064811339264761484,0.9927857574573276,29.108325994705666,1.1326497243632978,8.350966984366323
DS03,11,10,B,3162.2776601683795,0.4909497651433887,0.059534369376110494,0.004301580124595046,0.007077629035394211,0.994541087637279,47.65318312944019,0.6768336910118784,8.350966984366323
DS03,11,10,D,3162.2776601683795,0.49327143726436595,0.05939845229572988,0.004073760172920325,0.005138113449312185,0.9942854426691142,48.29745738927525,0.6761107107664969,8.350966984366323
DS03,11,10,B,10000.0,0.24337121576057186,0.07258198915114063,0.004819650418162217,0.003932912952719834,0.9949185455856963,64.76456932982461,0.30476081720407405,8.350966984366323
DS03,11,10,D,10000.0,0.2441766913059441,0.07254334497970173,0.0047478823120296635,0.0028685168255948566,0.9946206756063029,65.21092316519615,0.3038189332023814,8.350966984366323
DS03,11,100,Z_zero,,0.0,0.08344252482394354,0.005299265258821372,0.0,0.0,79.41270217239529,0.0,2.6408076335465327
DS03,11,100,B,1e-06,-16.107660408429116,0.34513002826248707,0.38929223713169225,0.007798137900196663,0.09301181710004809,1.7552908074540055,8.250900939777907,2.6408076335465327
DS03,11,100,D,1e-06,-0.015136442938918693,0.08407166453885201,0.007466184620838344,0.0006774963173362739,0.9440538942429363,5.188679311051093,2.6007784174902815,2.6408076335465327
DS03,11,100,B,3.162277660168379e-06,-16.105445839300963,0.3451076891750821,0.38926718987171516,0.007798043298111058,0.09302152514629708,1.7552908123463375,8.250400809624084,2.6408076335465327
DS03,11,100,D,3.162277660168379e-06,-0.015123496493074873,0.08407112843716351,0.007466184598223166,0.0006774950993196681,0.9440525845183414,5.18867931105904,2.6007707975361885,2.6408076335465327
DS03,11,100,B,1e-05,-16.098445575371265,0.34503706569797793,0.38918800468318976,0.0077977442199168665,0.09305222431169251,1.755290861248257,8.248819694635866,2.6408076335465327
DS03,11,100,D,1e-05,-0.015082563390637294,0.08406943340852119,0.007466184526707103,0.0006774912480980284,0.9440484428399998,5.188679311138512,2.600746705439665,2.6408076335465327
DS03,11,100,B,3.1622776601683795e-05,-16.076336953024484,0.3448139237279615,0.388937811004873,0.007796799249803357,0.09314929982927111,1.7552913495912825,8.24382412136422,2.6408076335465327
DS03,11,100,D,3.1622776601683795e-05,-0.014953193052077207,0.08406407599326687,0.0074661843005492225,0.0006774790743134642,0.944035346050355,5.188679311932715,2.600670562655807,2.6408076335465327
DS03,11,100,B,0.0001,-16.00670383095655,0.34411017217555806,0.3881487417894709,0.0077938189508126665,0.09345624187716585,1.75529621172147,8.228070119895225,2.6408076335465327
DS03,11,100,D,0.0001,-0.01454480184834206,0.08404716167465702,0.007466183585329806,0.0006774406258379822,0.9439939339271336,5.188679319858741,2.6004302084371465,2.6408076335465327
DS03,11,100,B,0.00031622776601683794,-15.789275639220566,0.34190339734996894,0.38567442180483696,0.00778447328845231,0.09442650043212956,1.755344167609683,8.178681553499098,2.6408076335465327
DS03,11,100,D,0.00031622776601683794,-0.013260453539285288,0.08399394568333868,0.007466181323158034,0.0006773195231377238,0.9438630156930438,5.188679398616182,2.5996744222687234,2.6408076335465327
DS03,11,100,B,0.001,-15.128389401295614,0.33510656556421015,0.37805343740385317,0.007756111392154753,0.09749093720365953,1.7558034727558622,8.026680309543368,2.6408076335465327
DS03,11,100,D,0.001,-0.009268749228058981,0.08382833680610732,0.0074661741651058725,0.0006769413190859889,0.9434494841985971,5.188680170590594,2.5973264931935307,2.6408076335465327
DS03,11,100,B,0.0031622776601683794,-13.276186209386234,0.3152779068751078,0.3558193376490752,0.007673976682757543,0.10714314355063848,1.7598271324750991,7.584315405923924,2.6408076335465327
DS03,11,100,D,0.0031622776601683794,0.00269309761019898,0.08333008964108138,0.007466151486801217,0.0006757909496160835,0.9421488162547783,5.188687425464291,2.590300535439934,2.6408076335465327
DS03,11,100,B,0.01,-9.126016120372096,0.2655258109000068,0.30002237453502545,0.007495568287714204,0.1372677436713503,1.7872949111332386,6.483267718615493,2.6408076335465327
DS03,11,100,D,0.01,0.054193798505265844,0.08114999833411543,0.007466100716617046,0.0006711043791868523,0.9455969999023792,5.188801831258833,2.557870064491798,2.6408076335465327
DS03,11,100,B,0.03162277660168379,-3.495290993500155,0.17691568636800967,0.2005830125793529,0.007247927678014536,0.22818917406262765,1.8941471445578393,4.577779032591327,2.6408076335465327
DS03,11,100,D,0.03162277660168379,0.35237998475250765,0.06715023979280196,0.007466050981755918,0.0006409301050342153,0.9622643736953592,5.190561495850859,2.3638476074156323,2.6408076335465327
DS03,11,100,B,0.1,-0.058635962304972145,0.08585404429685417,0.09807852723289835,0.00706469849227585,0.46728273063575426,2.0710149217997116,2.8252979867508574,2.6408076335465327
DS03,11,100,D,0.1,0.6371882994942915,0.050260647449860384,0.007465691718799792,0.0006022519633229928,0.9716694316437136,5.195719737193647,2.1694919624787525,2.6408076335465327
DS03,11,100,B,0.31622776601683794,0.8369472333361495,0.03369391863169515,0.038149885340457525,0.007011533684660636,0.8222756488842548,2.200865458221424,2.123934397637434,2.6408076335465327
DS03,11,100,D,0.31622776601683794,0.8085218367920383,0.036512961817473516,0.0061714447104233225,0.0005694966559808316,0.9776216075491327,5.20311441879579,2.050336068845897,2.6408076335465327
DS03,11,100,B,1.0,0.9617388349153981,0.01632174287355967,0.015145702993943447,0.006941837166693432,0.9633505960338805,2.2597876705712943,1.9942578494761343,2.6408076335465327
DS03,11,100,D,1.0,0.8863658995904635,0.028128189269680866,0.004763357032021978,0.0005525170129337168,0.979507634316652,5.215827584385962,1.997954711955308,2.6408076335465327
DS03,11,100,B,3.1622776601683795,0.9731673759944286,0.013668441839759883,0.009329517428679497,0.00671475248513518,0.9818498968783537,2.293737355555217,1.9714382849839864,2.6408076335465327
DS03,11,100,D,3.1622776601683795,0.9537840225415196,0.017938391906018328,0.004115114274413147,0.0005419856657236832,0.9908660494154531,5.2476474187705975,1.9491889126487492,2.6408076335465327
DS03,11,100,B,10.0,0.9753689222994215,0.013095712850051315,0.007973713244012953,0.006126679861330387,0.9851847292967886,2.4230275728174764,1.9471854630387813,2.6408076335465327
DS03,11,100,D,10.0,0.9756050691772066,0.013032785037116938,0.00352854415328493,0.0005958933831442397,0.9942731263515112,5.304572427629657,1.9232714403719124,2.6408076335465327
DS03,11,100,B,31.622776601683793,0.9775298914287369,0.012508061906152659,0.006667375974803673,0.005277866106551034,0.9888165720338931,3.28345148050909,1.8843717802004865,2.6408076335465327
DS03,11,100,D,31.622776601683793,0.9804674351497383,0.011661839877190447,0.0029404343520889934,0.0008924268690262389,0.995442210527241,5.64836789811826,1.87469139356988,2.6408076335465327
DS03,11,100,B,100.0,0.9641912693102533,0.015789991638825326,0.00489104822718066,0.005389431054296915,0.9928963085710399,6.627967009093935,1.7390379148696729,2.6408076335465327
DS03,11,100,D,100.0,0.9659836454456263,0.01538974136835183,0.002589342567029122,0.0022374328802597593,0.9952259763236926,7.965449466897597,1.7369669227573312,2.6408076335465327
DS03,11,100,B,316.22776601683796,0.8893667219031897,0.02775430311256678,0.0033128407189033887,0.007137608419978294,0.9953406172881683,14.181230190749652,1.4856337044037145,2.6408076335465327
DS03,11,100,D,316.22776601683796,0.8903302987753681,0.027633173686466502,0.0024198611637817964,0.0048397201147292864,0.9946302723583035,14.791222886748251,1.4867398599295547,2.6408076335465327
DS03,11,100,B,1000.0,0.7279926486872398,0.04351888476030444,0.0031459874480100703,0.008398308164473362,0.9962101556644353,27.658976361787953,1.1231552784237322,2.6408076335465327
DS03,11,100,D,1000.0,0.7298214040441107,0.04337234531639533,0.0029327398818174066,0.0064316608080826464,0.9953763934629084,27.967045619749932,1.1254723513356726,2.6408076335465327
DS03,11,100,B,3162.2776601683795,0.4895808047629724,0.05961436685714985,0.0038984057458975926,0.006641575445635481,0.9965454829981564,47.1458529577707,0.6717179104133141,2.6408076335465327
DS03,11,100,D,3162.2776601683795,0.4915360249717441,0.05950007741268803,0.0038914536948066645,0.005090390229931069,0.9963224125800085,47.42596384813293,0.6716573123312831,2.6408076335465327
DS03,11,100,B,10000.0,0.24240465031803593,0.07262833476542262,0.004650686191801397,0.00365720802747563,0.9967922287328591,64.18395960057367,0.3017131089136182,2.6408076335465327
DS03,11,100,D,10000.0,0.24304350437041367,0.07259770582097497,0.004668188346182158,0.0028431477860356097,0.9964655189788395,64.38372129397303,0.3013286440447553,2.6408076335465327
DS03,11,1000,Z_zero,,0.0,0.08344252482394354,0.005299265258821372,0.0,0.0,79.38084023260836,0.0,0.8350966984366324
DS03,11,1000,B,1e-06,-10.56380666561229,0.28375129199624843,0.33672671372711044,0.007185284633146979,0.12917389030269424,1.4536649850022338,6.898258197578365,0.8350966984366324
DS03,11,1000,D,1e-06,-0.09512684951129935,0.0873211908904507,0.007458573268023137,0.0006406832587341578,0.9497868442310478,4.600696685631487,2.6494027988197923,0.8350966984366324
DS03,11,1000,B,3.162277660168379e-06,-10.562304862400612,0.2837328658650175,0.33670505247738675,0.007185208433048987,0.12918555625992775,1.4536649890233977,6.897851008885299,0.8350966984366324
DS03,11,1000,D,3.162277660168379e-06,-0.09506784035923754,0.08731883827767002,0.007458573218957559,0.0006406786447004563,0.9497916625404623,4.60069668567512,2.649366390616665,0.8350966984366324
DS03,11,1000,B,1e-05,-10.557557657428006,0.2836746129314,0.3366365719267513,0.0071849675314982,0.12922244662755253,1.4536650292174442,6.8965637239312425,0.8350966984366324
DS03,11,1000,D,1e-05,-0.09488128387711137,0.08731140011332053,0.007458573063812674,0.0006406640563885836,0.9498068883017851,4.600696686111327,2.6492512845367044,0.8350966984366324
DS03,11,1000,B,3.1622776601683795e-05,-10.542564795013606,0.283490556975167,0.3364202006382037,0.00718420637668341,0.12933909787439865,1.4536654306021595,6.892496556662628,0.8350966984366324
DS03,11,1000,D,3.1622776601683795e-05,-0.09429180853885799,0.0872878930686676,0.007458572573338071,0.0006406179495198757,0.9498549258691873,4.600696690469482,2.6488875546455786,0.8350966984366324
DS03,11,1000,B,0.0001,-10.495343646636286,0.2829100764052844,0.3357378015579699,0.007181805803158026,0.12970791809458987,1.4536694269421744,6.879670793116028,0.8350966984366324
DS03,11,1000,D,0.0001,-0.09243239298524619,0.08721370194791961,0.007458571023684842,0.0006404724005633365,0.9500057348676387,4.600696733927297,2.6477400088288228,0.8350966984366324
DS03,11,1000,B,0.00031622776601683794,-10.347898801970125,0.2810898499665637,0.33359797141528114,0.00717428007957174,0.13087359523254483,1.4537088434229224,6.83946641696799,0.8350966984366324
DS03,11,1000,D,0.00031622776601683794,-0.08659873733592716,0.08698052699359263,0.007458566136810092,0.0006400146570505964,0.950471831766882,4.600697164625512,2.6441376576111413,0.8350966984366324
DS03,11,1000,B,0.001,-9.899753753119189,0.2754836191354687,0.32700722129285215,0.007151170073983883,0.13455342012232366,1.4540863614729924,6.715772072617429,0.8350966984366324
DS03,11,1000,D,0.001,-0.06860334124747314,0.08625726834562238,0.007458550816249367,0.0006385919083284591,0.9518433987774778,4.600701352110117,2.6330054067934956,0.8350966984366324
DS03,11,1000,B,0.0031622776601683794,-8.643977201224647,0.2591287046779964,0.3077787655851034,0.0070860771411397055,0.1461256814773859,1.4573935725758755,6.356169837505371,0.8350966984366324
DS03,11,1000,D,0.0031622776601683794,-0.04068804837302564,0.0851231566047912,0.007458508644419043,0.0006363771380955754,0.9542676108861503,4.60072128043089,2.6155625261050797,0.8350966984366324
DS03,11,1000,B,0.01,-5.831546296743247,0.21809562038771885,0.2595241283716587,0.006953964024728116,0.18205773066050082,1.479971979003152,5.464209007420021,0.8350966984366324
DS03,11,1000,D,0.01,0.05845457506519014,0.08096700508617953,0.0074583432005727365,0.000628254026865748,0.9634300125897143,4.600908692734007,2.5524121838354934,0.8350966984366324
DS03,11,1000,B,0.03162277660168379,-2.0211399031024126,0.1450350119727667,0.17352373402002624,0.006752089574260449,0.28863203749816385,1.5678274066075177,3.9383700459628286,0.8350966984366324
DS03,11,1000,D,0.03162277660168379,0.33082090249788165,0.0682587954404907,0.007457945620085119,0.0006025461461925162,0.9679584538212492,4.6026281540604135,2.376955066776423,0.8350966984366324
DS03,11,1000,B,0.1,0.2950634065300549,0.07005876291550395,0.08485937914983056,0.006587312473150716,0.5516185780836499,1.7133232858613658,2.584444533063011,0.8350966984366324
DS03,11,1000,D,0.1,0.6862798677899443,0.046736763164895494,0.007454640357818752,0.0005591231860598639,0.9778671260905977,4.609518523500457,2.134153705179583,0.8350966984366324
DS03,11,1000,B,0.31622776601683794,0.8910697359668522,0.027539859149343277,0.03297434970852365,0.006492000719064699,0.875062151278696,1.8202320910048337,2.0774124367652345,0.8350966984366324
DS03,11,1000,D,0.31622776601683794,0.8285193522838252,0.034553734682054194,0.006257431627328716,0.000533275602206092,0.9747661611361699,4.616310821012175,2.0401973440763834,0.8350966984366324
DS03,11,1000,B,1.0,0.9704885913746785,0.014334495293413428,0.012937238474286536,0.006403484820427656,0.9783942306306184,1.8692214978800403,1.9872941515856257,0.8350966984366324
DS03,11,1000,D,1.0,0.896055719689578,0.02690219615055664,0.00489652671211491,0.0005217092083960402,0.9791016253116799,4.6286655022328445,1.9938110694908349,0.8350966984366324
DS03,11,1000,B,3.1622776601683795,0.9764678621099744,0.01280024047978811,0.007799488804218937,0.006194281696358466,0.9908793186911146,1.9019295439880113,1.9695222885753527,0.8350966984366324
DS03,11,1000,D,3.1622776601683795,0.9514547674975237,0.018384877027966554,0.003652816957970451,0.0005170936535345964,0.9891660600732303,4.659948688392862,1.9526468833730806,0.8350966984366324
DS03,11,1000,B,10.0,0.9776477054195701,0.012475228033259017,0.006738401323482424,0.005684855706427352,0.9927997765473405,2.050819669245874,1.9462361452595096,0.8350966984366324
DS03,11,1000,D,10.0,0.9751944649440211,0.01314200827194865,0.00310582575239344,0.0005641870320704976,0.994850059387948,4.7280353703714395,1.9250071791931518,0.8350966984366324
DS03,11,1000,B,31.622776601683793,0.9790299174622352,0.012083354209919918,0.0058518939214583406,0.004798431616501412,0.9945374857556275,3.010395179883842,1.8841545393028207,0.8350966984366324
DS03,11,1000,D,31.622776601683793,0.980660122907545,0.011604175582553297,0.0026843978278860976,0.0008423196323677519,0.9962332797297425,5.111267549057364,1.8760270766353668,0.8350966984366324
DS03,11,1000,B,100.0,0.9651127629514433,0.015585499468829181,0.004467240926445845,0.005052705333731401,0.9961899952630701,6.490647492777208,1.7392603328953578,0.8350966984366324
DS03,11,1000,D,100.0,0.9663844603075227,0.015298803999102224,0.0024657167749467207,0.00217537551850404,0.9960945775995008,7.602895822190078,1.7378565634311034,0.8350966984366324
DS03,11,1000,B,316.22776601683796,0.889973060922394,0.02767814321610831,0.0031082467321042646,0.006913919604248498,0.9969096656315557,14.118964342051525,1.4858530188678383,0.8350966984366324
DS03,11,1000,D,316.22776601683796,0.8906700960891449,0.027590331577166678,0.0024042120317728593,0.0048060894783060765,0.9954596117670625,14.608822355304595,1.4872610647202587,0.8350966984366324
DS03,11,1000,B,1000.0,0.7283496284581652,0.043490318506673786,0.003057784716312298,0.008273992604667544,0.9970258122642282,27.631063118688775,1.1232741333208585,0.8350966984366324
DS03,11,1000,D,1000.0,0.7301008515677367,0.04334990936047365,0.0029474148928231806,0.006407284983005715,0.9963768508424441,27.880897319907127,1.1257175287900785,0.8350966984366324
DS03,11,1000,B,3162.2776601683795,0.4897691330922215,0.05960336794682969,0.003864924454602187,0.006572426405991115,0.9970656547347053,47.13363028487036,0.6717515287078649,0.8350966984366324
DS03,11,1000,D,3162.2776601683795,0.4916811079846033,0.05949158805376075,0.0038977269423702277,0.005067668396740952,0.9967381645136545,47.38307194895605,0.6717734090463444,0.8350966984366324
DS03,11,1000,B,10000.0,0.2424911898099429,0.07262418650956916,0.004638867325026071,0.003618711400749859,0.9971695564980615,64.17798910581003,0.30166050310454234,0.8350966984366324
DS03,11,1000,D,10000.0,0.24310924447148052,0.07259455327246515,0.00467031675484607,0.0028277719928122723,0.9967511582945702,64.35829786552235,0.30132712530923156,0.8350966984366324
DS03,12,1,Z_zero,,0.0,0.07436272189883715,0.006842542057394664,0.0,0.0,89.5947133493411,0.0,31.673681271210793
DS03,12,1,B,1e-06,-358.3865781427217,1.4097308530101345,1.0188138253625991,0.02768014787137006,-0.020826499710594356,12.690410950853751,40.913603471558496,31.673681271210793
DS03,12,1,D,1e-06,-0.044003891790871164,0.0759812329660818,0.007575047224129598,0.006180553988209946,0.9672952308507333,28.425394572676474,2.7092115671423507,31.673681271210793
DS03,12,1,B,3.162277660168379e-06,-358.3403089827301,1.4096401023172918,1.0187483526111096,0.02767988661939097,-0.020823855503513063,12.690410968448068,40.9109810628872,31.673681271210793
DS03,12,1,D,3.162277660168379e-06,-0.043964445319532475,0.07597979752131769,0.007575046652227727,0.006180545658010314,0.9672949603310071,28.425394572681913,2.7091841595612687,31.673681271210793
DS03,12,1,B,1e-05,-358.19405182400607,1.4093532002721991,1.0185413650320383,0.027679060688437614,-0.020815493785740043,12.69041114431421,40.90269050167455,31.673681271210793
DS03,12,1,D,1e-05,-0.04383972831239391,0.07597525892997938,0.007575044843950527,0.006180519319152108,0.9672941031718528,28.425394572736256,2.709097504902986,31.673681271210793
DS03,12,1,B,3.1622776601683795e-05,-357.73213317261735,1.4084467042467819,1.017887366850327,0.02767645899298879,-0.020789051713091835,12.690412900544032,40.8764956611893,31.673681271210793
DS03,12,1,D,3.1622776601683795e-05,-0.04344557524740433,0.0759609134764689,0.0075750391280264605,0.006180436063811143,0.9672913756254818,28.425394573279387,2.7088236359599147,31.673681271210793
DS03,12,1,B,0.0001,-356.27726661777086,1.4055877691082184,1.0158247672683962,0.027668258743071678,-0.02070543454570142,12.690430386253947,40.793881825159865,31.673681271210793
DS03,12,1,D,0.0001,-0.042201516808995976,0.0759156173912999,0.00757502107615928,0.0061801731412180795,0.9672825817732117,28.425394578698725,2.7079591551176168,31.673681271210793
DS03,12,1,B,0.00031622776601683794,-351.73435675289187,1.396622901230192,1.0093569986811477,0.027642544057492894,-0.020441013953884975,12.690602851618848,40.53482917209494,31.673681271210793
DS03,12,1,D,0.00031622776601683794,-0.038290949317316914,0.07577305755638013,0.007574964224689706,0.006179345229898867,0.967253121979938,28.42539463251618,2.705241030242989,31.673681271210793
DS03,12,1,B,0.001,-337.9248070384301,1.3690110595823548,0.9894362427317113,0.027563986535501968,-0.019604844569050765,12.69225478580182,39.7369709387156,31.673681271210793
DS03,12,1,D,0.001,-0.026155232750515234,0.07532893196586235,0.0075747867436765145,0.006176761869208088,0.9671444909366991,28.42539515904649,2.696798974341216,31.673681271210793
DS03,12,1,B,0.0031622776601683794,-299.2124882783562,1.2884561859855255,0.9313194260533512,0.027338913085174745,-0.016960691513265156,12.706735523806397,37.409535215156296,31.673681271210793
DS03,12,1,D,0.0031622776601683794,0.010044704467589316,0.07398830351287135,0.007574247396753237,0.006168924576686607,0.9666742008449409,28.425400078878738,2.671557963098542,31.673681271210793
DS03,12,1,B,0.01,-212.40550181468174,1.0863207715609549,0.7854880576063916,0.026819916263318463,-0.008600476238291008,12.80602977939638,31.57133426755856,31.673681271210793
DS03,12,1,D,0.01,0.040107304925705356,0.0728562176862854,0.007573582962303565,0.0061625328768146375,0.9662926212634649,28.425413281307872,2.6505449391515645,31.673681271210793
DS03,12,1,B,0.03162277660168379,-94.36992401180675,0.7262079453639915,0.5256863035608258,0.02607097231330446,0.017796107041809516,13.199324008718902,21.18365928274821,31.673681271210793
DS03,12,1,D,0.03162277660168379,0.19753699147721504,0.06661434910422724,0.007570794545895678,0.006127467279367894,0.9631288255211969,28.42560827724403,2.5400238421702324,31.673681271210793
DS03,12,1,B,0.1,-21.867907691767282,0.35560551941640206,0.25832783301291223,0.025586148970795995,0.1000028787006842,13.872828874573976,10.55655193148723,31.673681271210793
DS03,12,1,D,0.1,0.27833385224447893,0.06317182807052056,0.007566832586900271,0.006106601396294078,0.9605656352257036,28.425844604836104,2.4827146239945677,31.673681271210793
DS03,12,1,B,0.31622776601683794,-2.6029999218201163,0.14115211964557253,0.10361616951025444,0.025468231253292544,0.32624300467165807,14.382815270048573,4.609573223438102,31.673681271210793
DS03,12,1,D,0.31622776601683794,0.46494312538336047,0.05439453294646057,0.007556525862560689,0.0060632029715498165,0.9707089058366988,28.428383703701964,2.3482284884502507,31.673681271210793
DS03,12,1,B,1.0,0.26231422306122,0.06386912742509541,0.047624235535501346,0.02522164069539721,0.6746628917470079,14.6141025761637,2.7488554176745272,31.673681271210793
DS03,12,1,D,1.0,0.6565934561930602,0.04357722402603318,0.0075301440996022664,0.005999141647592108,0.9717048336136728,28.43472798623663,2.2137678706792867,31.673681271210793
DS03,12,1,B,3.1622776601683795,0.5995061654639154,0.04706013787287949,0.03502858371712306,0.02440703222228125,0.861918393419736,14.707907093616711,2.411057184176467,31.673681271210793
DS03,12,1,D,3.1622776601683795,0.8239239383358102,0.031203652714552766,0.007333677731851511,0.005914652892448815,0.9770380964303843,28.449132378510814,2.103512379449856,31.673681271210793
DS03,12,1,B,10.0,0.6886423679055282,0.04149397450305557,0.03092232473150267,0.02229456336150464,0.9006388078125241,14.822510265854724,2.2895523967660214,31.673681271210793
DS03,12,1,D,10.0,0.8899969210013343,0.024663669864673464,0.007023928244643711,0.005814327503272907,0.980151424064953,28.47291420136033,2.0474751607103236,31.673681271210793
DS03,12,1,B,31.622776601683793,0.7823042460894449,0.03469606773943374,0.0258087600739267,0.018413633957868734,0.9170682204482143,15.303720184748139,2.119877772708468,31.673681271210793
DS03,12,1,D,31.622776601683793,0.9148719412270673,0.02169659802699453,0.006859541698899146,0.005796416251247496,0.9854726390587709,28.567579952212352,1.9800202142982302,31.673681271210793
DS03,12,1,B,100.0,0.8344213994036338,0.030259195813306196,0.019975742609592225,0.014765727549078745,0.9355143020144508,17.041487440834718,1.886684909005582,31.673681271210793
DS03,12,1,D,100.0,0.9034477646839206,0.023106621172190856,0.006031592128855678,0.005887558344107954,0.9875319715952209,29.21940276130752,1.8211071761218431,31.673681271210793
DS03,12,1,B,316.22776601683796,0.7907738630579605,0.03401443379853485,0.014885901737876094,0.013183990580839524,0.9525223580647225,22.148430239948453,1.582396469552629,31.673681271210793
DS03,12,1,D,316.22776601683796,0.8265334289890878,0.030971566697825425,0.005550865020832692,0.006704809688370868,0.9884244192904612,32.09952385887717,1.549013828618086,31.673681271210793
DS03,12,1,B,1000.0,0.6504063864842518,0.043968031580176675,0.010789470489548024,0.01102016319855452,0.9631762628784943,33.862642753746215,1.1816780041281227,31.673681271210793
DS03,12,1,D,1000.0,0.6667321220892647,0.042929121969384455,0.005550948721680463,0.006471683352642722,0.9899635165367919,40.644912150104425,1.1632844039766783,31.673681271210793
DS03,12,1,B,3162.2776601683795,0.43378350385476827,0.05595598393868676,0.008331060718865189,0.007745603496347787,0.9695444355744893,52.46392317615457,0.7074588477510678,31.673681271210793
DS03,12,1,D,3162.2776601683795,0.44072066415833344,0.055612147320058564,0.005969630927094915,0.004777738009089034,0.9906044418931782,56.68783262005176,0.6954073063661027,31.673681271210793
DS03,12,1,B,10000.0,0.21380456595143393,0.06593568714183387,0.007382480799843909,0.004460501934317027,0.972821864421075,69.4263990987113,0.32923438964819507,31.673681271210793
DS03,12,1,D,10000.0,0.21641622778107783,0.0658260801935743,0.006422840943807979,0.002820907312832543,0.9904941487355018,72.24260508398281,0.3202347661166824,31.673681271210793
DS03,12,10,Z_zero,,0.0,0.07436272189883715,0.006842542057394664,0.0,0.0,83.96627328562414,0.0,10.016097469924349
DS03,12,10,B,1e-06,-54.66500899489104,0.5548127330665207,0.5185943153012313,0.009151127987211424,0.0369909924967069,4.202387429090546,16.367560213348455,10.016097469924349
DS03,12,10,D,1e-06,0.6723585868934241,0.04256519948174794,0.008432028584763862,0.0025671620743483088,0.9911630700945078,9.397936697306664,2.15315035941695,10.016097469924349
DS03,12,10,B,3.162277660168379e-06,-54.65776711673257,0.5547766420196142,0.5185609245179088,0.009151032486977607,0.036997802236124255,4.202387437493422,16.366523496761566,10.016097469924349
DS03,12,10,D,3.162277660168379e-06,0.6723600984135953,0.04256510129783523,0.008432024636995671,0.0025671612927662467,0.9911630594583357,9.397936697307209,2.153149218562461,10.016097469924349
DS03,12,10,B,1e-05,-54.63487551795201,0.5546625426669766,0.5184553618542,0.009150730569345211,0.03701933645923156,4.202387521485413,16.363245995068098,10.016097469924349
DS03,12,10,D,1e-05,0.6723648781508771,0.042564790818643596,0.008432012153305161,0.0025671588212311633,0.9911630258212396,9.39793669731265,2.1531456109511478,10.016097469924349
DS03,12,10,B,3.1622776601683795e-05,-54.56257813677878,0.554302034217545,0.5181218258501838,0.00914977662765014,0.037087432989737074,4.202388360244016,16.352890458901257,10.016097469924349
DS03,12,10,D,3.1622776601683795e-05,0.6723799919155852,0.04256380905324429,0.008431972678895661,0.0025671510059965775,0.9911629194257423,9.397936697367038,2.1531342035557404,10.016097469924349
DS03,12,10,B,0.0001,-54.334872311012845,0.5531650514824269,0.5170699087815108,0.009146768032905254,0.03730276649470704,4.2023967112494045,16.320231466865685,10.016097469924349
DS03,12,10,D,0.0001,0.6724277749212769,0.04256070499848069,0.008431847874710328,0.002567126296509021,0.9911625827171463,9.397936697910794,2.1530981389348383,10.016097469924349
DS03,12,10,B,0.00031622776601683794,-53.62387839411251,0.5495997723577907,0.5137713646040071,0.009137333633555005,0.03798364421504948,4.2024790787621065,16.217827601079087,10.016097469924349
DS03,12,10,D,0.00031622776601683794,0.6725787689846958,0.0425508947123354,0.008431453457638212,0.002567048202765593,0.991161515389743,9.3979367033436,2.152984179832976,10.016097469924349
DS03,12,10,B,0.001,-51.46289819405034,0.5386186873193209,0.5036117404324949,0.00910827629425857,0.04013609323802775,4.2032679988350194,15.902483244569629,10.016097469924349
DS03,12,10,D,0.001,0.6730551659776473,0.04251992772647437,0.00843020868027821,0.0025668016930168996,0.9911581147037243,9.397936757522158,2.1526246799174618,10.016097469924349
DS03,12,10,B,0.0031622776601683794,-45.40765297287924,0.5065823803295465,0.4739711717512607,0.009026434468731455,0.04693568839050422,4.2101816768001665,14.98306146139919,10.016097469924349
DS03,12,10,D,0.0031622776601683794,0.6745508630581161,0.04242255681354814,0.008426296974239033,0.0025660265785380364,0.991147109320837,9.397937294619103,2.151496481831268,10.016097469924349
DS03,12,10,B,0.01,-31.847577132461936,0.4261936241917205,0.399587275706613,0.008846348716990656,0.06835824577703561,4.2574960990001065,12.680704880950595,10.016097469924349
DS03,12,10,D,0.01,0.6791750940269992,0.042120092444819346,0.008414168256849739,0.002563618830871743,0.9911099008599588,9.39794252111428,2.1480132433096353,10.016097469924349
DS03,12,10,B,0.03162277660168379,-13.480643528274618,0.2829757431701806,0.2670213881656026,0.008671881621542445,0.1350234652523853,4.443401913970722,8.610012825843809,10.016097469924349
DS03,12,10,D,0.03162277660168379,0.6928169771458226,0.04121486510634999,0.00837807569886441,0.002556414157215626,0.9909713417977959,9.397990580973739,2.1377828555427314,10.016097469924349
DS03,12,10,B,0.1,-2.3247084673998417,0.13559137430568657,0.13036205502360915,0.008711712736006036,0.32752411025352623,4.756835214839566,4.559164138431643,10.016097469924349
DS03,12,10,D,0.1,0.7851758812331958,0.034466469317096536,0.008306743077180791,0.0025222237372037625,0.9936855588289856,9.39893882914501,2.0753646779969617,10.016097469924349
DS03,12,10,B,0.31622776601683794,0.5387627415202692,0.05050303394392889,0.05044218954035107,0.008783219400827305,0.6949592175667331,4.990668696780002,2.5534822449240626,10.016097469924349
DS03,12,10,D,0.31622776601683794,0.8371545193101504,0.030008420242152088,0.008155737107750345,0.00248768129500181,0.9931198290663764,9.400401194824418,2.0403501782050233,10.016097469924349
DS03,12,10,B,1.0,0.9161111820725892,0.021538096342578215,0.01973653508670965,0.008762012473929891,0.9354130711386451,5.096140203393193,2.085663860557561,10.016097469924349
DS03,12,10,D,1.0,0.8881778857512175,0.024866755689649758,0.00792811800315863,0.002454733392005162,0.9910513258583186,9.404230204383735,2.009653838916985,10.016097469924349
DS03,12,10,B,3.1622776601683795,0.940579510166854,0.01812689385476336,0.012027955976278785,0.008549509483135879,0.9796343709962829,5.1418362951177325,2.0145966018206787,10.016097469924349
DS03,12,10,D,3.1622776601683795,0.9241581125083983,0.02047905178948552,0.007142627791910913,0.002459683348733155,0.9897795451270817,9.412548369578893,1.9881904353271722,10.016097469924349
DS03,12,10,B,10.0,0.9384077294127438,0.01845518423986594,0.010281432804362025,0.007996821218939574,0.9848509131046678,5.226420432524972,1.9790171111520205,10.016097469924349
DS03,12,10,D,10.0,0.9398240395620072,0.01824176233420209,0.00585732510029817,0.002627972094814993,0.9906218042640779,9.445351180144199,1.963324315504407,10.016097469924349
DS03,12,10,B,31.622776601683793,0.9332388433808294,0.01921397423181991,0.008664804244402455,0.007326116071431731,0.986743903214355,5.7397293861038206,1.9070151231604717,10.016097469924349
DS03,12,10,D,31.622776601683793,0.9396390384835009,0.01826978146248529,0.004851509493155345,0.0031247338412814982,0.9920008070583967,9.691763998581239,1.9037028702296523,10.016097469924349
DS03,12,10,B,100.0,0.9037693498734484,0.023068108625993237,0.006834580153731921,0.007625947486317828,0.9889125876796646,8.17675587665313,1.759050745069552,10.016097469924349
DS03,12,10,D,100.0,0.9124076933463356,0.02200838929547635,0.004058541344537056,0.004152112759712145,0.9934149751117879,11.276741747326192,1.7591693039964853,10.016097469924349
DS03,12,10,B,316.22776601683796,0.8152645693929725,0.031961737216185115,0.005458267357036347,0.008398880218541049,0.9908656678055953,15.024999337171915,1.5066314494676074,10.016097469924349
DS03,12,10,D,316.22776601683796,0.8234045635047926,0.031249639824392147,0.0038228288515143693,0.005611984341821024,0.9943016504670501,16.927913488645533,1.5061090457249733,10.016097469924349
DS03,12,10,B,1000.0,0.6544705941694413,0.04371170880690801,0.005075771183211557,0.008027255716276103,0.9920720275121893,28.4076383802808,1.1383248997908846,10.016097469924349
DS03,12,10,D,1000.0,0.6592134908710678,0.04341066860004166,0.0044704214913983895,0.005755997125802931,0.9947926984147027,29.42883253292022,1.138825810038098,10.016097469924349
DS03,12,10,B,3162.2776601683795,0.4320076834889097,0.0560436624034518,0.005590192417650254,0.00613154754985234,0.992808279305445,47.94137680836835,0.6826004754109002,10.016097469924349
DS03,12,10,D,3162.2776601683795,0.4349367927959862,0.05589896836921592,0.005425057819607277,0.004656356581299039,0.9949917968437295,48.578949444679836,0.6825434935055487,10.016097469924349
DS03,12,10,B,10000.0,0.21212081795726123,0.06600625464896306,0.006251890396762494,0.0036702753884740175,0.9930966647227787,65.06778481134523,0.31408061446675023,10.016097469924349
DS03,12,10,D,10000.0,0.21342986342211068,0.06595139781923685,0.006198812488308088,0.002926852370284967,0.9950570978121388,65.4792946201177,0.3159564057156977,10.016097469924349
DS03,12,100,Z_zero,,0.0,0.07436272189883715,0.006842542057394664,0.0,0.0,83.53438607757046,0.0,3.167368127121079
DS03,12,100,B,1e-06,-21.15190052434349,0.3499941409346903,0.35628717814764127,0.005794205382683722,0.1331450060888459,2.1624649320507348,10.526333880355487,3.167368127121079
DS03,12,100,D,1e-06,0.8386881233960298,0.029866783212442325,0.008244193402131242,0.002515936348217822,0.9871070816873165,5.421900961120137,2.050961599462555,3.167368127121079
DS03,12,100,B,3.162277660168379e-06,-21.148995292208806,0.34997118923433435,0.3562642193375684,0.005794148297663246,0.13315769731959415,2.1624649386595576,10.525681477826534,3.167368127121079
DS03,12,100,D,3.162277660168379e-06,0.8386904402059535,0.029866568733788783,0.00824419306870855,0.002515935405125934,0.9871073525687363,5.421900961121201,2.0509602465321444,3.167368127121079
DS03,12,100,B,1e-05,-21.139811855561504,0.34989862902532953,0.3561916366383925,0.005793967827144175,0.13319782993899576,2.162465004718859,10.523618962015725,3.167368127121079
DS03,12,100,D,1e-05,0.8386977657353709,0.02986589056284794,0.008244192014356796,0.002515932423063147,0.9871082090177365,5.4219009611318505,2.050955968780892,3.167368127121079
DS03,12,100,B,3.1622776601683795e-05,-21.110808380816543,0.3496693677765791,0.3559623041863547,0.005793397610591829,0.1333247346135232,2.1624656643984643,10.517102332070658,3.167368127121079
DS03,12,100,D,3.1622776601683795e-05,0.8387209224288157,0.029863746698881442,0.008244188680440924,0.002515922995509557,0.9871109158154955,5.42190096123829,2.0509424472444286,3.167368127121079
DS03,12,100,B,0.0001,-21.019460934218575,0.3489463172680326,0.35523902768476656,0.005791599227092194,0.13372598425708848,2.1624722324202734,10.496550954722014,3.167368127121079
DS03,12,100,D,0.0001,0.8387940637928594,0.02985697420580706,0.00824417814004236,0.002515893208508017,0.9871194601678924,5.421900962301076,2.0508997473130868,3.167368127121079
DS03,12,100,B,0.00031622776601683794,-20.734246336323523,0.34667902812551604,0.35297101567918904,0.0057860260156241405,0.13499426345071616,2.1625370136677695,10.432116893680943,3.167368127121079
DS03,12,100,D,0.00031622776601683794,0.8390244954337707,0.029835627436308604,0.008244144832015805,0.0025157992682750133,0.9871463276064613,5.421900972878143,2.050765304769443,3.167368127121079
DS03,12,100,B,0.001,-19.867474084305968,0.3396958328478794,0.345985454608778,0.005769207418773799,0.1389990199644042,2.163157457699321,10.233754101492481,3.167368127121079
DS03,12,100,D,0.001,0.8397446813134498,0.029768812039854327,0.008244039737628139,0.002515504721360668,0.9872297918534841,5.421901077067484,2.050345940325428,3.167368127121079
DS03,12,100,B,0.0031622776601683794,-17.439608000482426,0.31932367591943084,0.3256050810350814,0.005720587546691526,0.15160240084365786,2.168592077236357,9.655935840943492,3.167368127121079
DS03,12,100,D,0.0031622776601683794,0.8419405262378494,0.029564159980676775,0.00824370970057274,0.002514597634755033,0.9874794646922757,5.421902071343904,2.0490750318054403,3.167368127121079
DS03,12,100,B,0.01,-12.008817928662397,0.26820952409565396,0.2744591482930029,0.0056052719141068425,0.19079496385974293,2.2056604601722674,8.213405622663073,3.167368127121079
DS03,12,100,D,0.01,0.8482256808204969,0.02897039552705724,0.00823409841502215,0.0025118897063472045,0.9881458022226234,5.42191086606541,2.0454925734550757,3.167368127121079
DS03,12,100,B,0.03162277660168379,-4.677365139523634,0.17718570921259916,0.18330245608291634,0.005469687351047456,0.30666355648314364,2.3493801581030125,5.690699348131187,3.167368127121079
DS03,12,100,D,0.03162277660168379,0.8625196124660327,0.027572468656810067,0.008151430236938026,0.002504965754497038,0.9893259502422888,5.421968536287596,2.037609412666221,3.167368127121079
DS03,12,100,B,0.1,-0.2675863908902101,0.08372286120282638,0.08930602232828028,0.005438821427187816,0.5770747735091243,2.5858639796443597,3.2853193791426816,3.167368127121079
DS03,12,100,D,0.1,0.8833210069244473,0.02540104677063333,0.007915578680852046,0.0024932130342817144,0.9906932836912996,5.422257632205329,2.0262065633363524,3.167368127121079
DS03,12,100,B,0.31622776601683794,0.8292800911107145,0.030725387091836774,0.03424526932007751,0.005463702063467925,0.8790249145627854,2.7585547355494398,2.239984917777324,3.167368127121079
DS03,12,100,D,0.31622776601683794,0.9155338896180145,0.021612077970321032,0.007265092471303402,0.0024732374032974368,0.9925501526228363,5.423323922389624,2.010644022002754,3.167368127121079
DS03,12,100,B,1.0,0.9566550343493767,0.015481912529720447,0.012867954643854294,0.005431935109195159,0.980015622214154,2.8363395392339577,2.032765930224106,3.167368127121079
DS03,12,100,D,1.0,0.9368030481924514,0.018694047572956014,0.0064214222167196765,0.0024638318329262207,0.992403560401162,5.425566665431812,1.9998683037099743,3.167368127121079
DS03,12,100,B,3.1622776601683795,0.9577409433611523,0.015286750481335144,0.007358905981693341,0.005272333986317129,0.9932162363826507,2.877266398901548,1.998179224544167,3.167368127121079
DS03,12,100,D,3.1622776601683795,0.9485129481599787,0.016873465592488278,0.005879973150996667,0.0024883542764342994,0.9940652995700056,5.4347116293661495,1.987224143537142,3.167368127121079
DS03,12,100,B,10.0,0.9532956379669314,0.016070670617507807,0.006173174693053079,0.004897901383080904,0.9947720974494977,3.0053341803730094,1.9682219477431835,3.167368127121079
DS03,12,100,D,10.0,0.9519791487007866,0.01629559435579452,0.004750554138394646,0.002594776127219055,0.9948469722991193,5.48895119135413,1.9637632179035367,3.167368127121079
DS03,12,100,B,31.622776601683793,0.9453470031559527,0.017384502564057727,0.005164032450272027,0.004745708446026445,0.9953108979352526,3.797045071052273,1.899279964005021,3.167368127121079
DS03,12,100,D,31.622776601683793,0.9461350703773478,0.017258709798945743,0.003996763958258475,0.00302940499500246,0.9952153920537712,5.910304872542068,1.9028660083148237,3.167368127121079
DS03,12,100,B,100.0,0.9123859446871787,0.022011121403281642,0.004250639109762454,0.005811589557328647,0.9958052428705475,6.914844305037965,1.7532946767604884,3.167368127121079
DS03,12,100,D,100.0,0.9165543766953778,0.021481126833838265,0.0036005824232349854,0.004271833765580652,0.9954579413647354,8.242075261924969,1.760211446882542,3.167368127121079
DS03,12,100,B,316.22776601683796,0.8204828621364452,0.031507085797918416,0.004023443199060465,0.0072880054690941,0.9961671571953555,14.343685548468635,1.5016677289160416,3.167368127121079
DS03,12,100,D,316.22776601683796,0.8262507794227925,0.03099678924279129,0.0037191549320162377,0.005653890200307273,0.9957395699623087,15.126030647214543,1.5045284220769104,3.167368127121079
DS03,12,100,B,1000.0,0.6567404297353507,0.04356789778498958,0.00456601166968352,0.007223735548033855,0.9963701763563017,27.992039820959885,1.1342301680462312,3.167368127121079
DS03,12,100,D,1000.0,0.6603996174039389,0.04333505611755014,0.004494435730057222,0.005728876392926588,0.9960144606498206,28.435004104694336,1.1361765533703365,3.167368127121079
DS03,12,100,B,3162.2776601683795,0.4324979808885283,0.056019468419178715,0.0054635303875534965,0.005722127531651045,0.9965230990110902,47.58631161030647,0.6800050546315429,3.167368127121079
DS03,12,100,D,3162.2776601683795,0.4349659024910405,0.0558975285100466,0.005477740336946196,0.00454609305075458,0.9960910883616237,47.913708834458106,0.6807965791335864,3.167368127121079
DS03,12,100,B,10000.0,0.21211806242043973,0.06600637007434187,0.00621717873686856,0.003458162836458329,0.9966312511965235,64.69452398977165,0.3128126657781802,3.167368127121079
DS03,12,100,D,10000.0,0.21323875830407402,0.06595940911004615,0.0062300005378459365,0.0028559487829428617,0.9961087861904799,64.90391458160869,0.3154169818522184,3.167368127121079
DS03,12,1000,Z_zero,,0.0,0.07436272189883715,0.006842542057394664,0.0,0.0,83.57812603683762,0.0,1.001609746992435
DS03,12,1000,B,1e-06,-16.004086606592644,0.30664220700269096,0.2805462834712808,0.004976648862361726,0.11046481971021545,1.8578281688768488,9.327482930440798,1.001609746992435
DS03,12,1000,D,1e-06,0.9449309540250146,0.017450547380483846,0.006094318839448163,0.002321937641690882,0.9847245431625699,4.76558780462702,2.0116749937242178,1.001609746992435
DS03,12,1000,B,3.162277660168379e-06,-16.00184313156676,0.3066219775472048,0.2805281856404892,0.004976621952765518,0.11047916225961962,1.857828174854162,9.326910837429788,1.001609746992435
DS03,12,1000,D,3.162277660168379e-06,0.9449309883891022,0.017450541935753315,0.0060943154351497065,0.002321937634768854,0.9847245488285971,4.765587804627047,2.011674964578473,1.001609746992435
DS03,12,1000,B,1e-05,-15.994751514663587,0.3065580235283852,0.28047097059377546,0.004976536879761008,0.11052451692851269,1.8578282346011448,9.325102215831187,1.001609746992435
DS03,12,1000,D,1e-05,0.9449310970560255,0.01745052471828761,0.006094304669895701,0.002321937612881851,0.9847245667461811,4.765587804627302,2.0116748724121183,1.001609746992435
DS03,12,1000,B,3.1622776601683795e-05,-15.972354563978321,0.3063559544207208,0.280290193817224,0.004976268081240238,0.11066793637500512,1.857828831244835,9.31938780256285,1.001609746992435
DS03,12,1000,D,3.1622776601683795e-05,0.9449314406723843,0.01745047027471966,0.006094270628002386,0.0023219375436925793,0.984724623406907,4.765587804629862,2.0116745809624477,1.001609746992435
DS03,12,1000,B,0.0001,-15.901815193958978,0.30571866345441223,0.2797200539374468,0.004975420318602764,0.11112142229984247,1.8578347716565518,9.301366603009233,1.001609746992435
DS03,12,1000,D,0.0001,0.9449325270965067,0.017450298137427607,0.006094162986373602,0.0023219373251314956,0.9847248025873322,4.765587804655464,2.0116736593770415,1.001609746992435
DS03,12,1000,B,0.00031622776601683794,-15.681575681544238,0.3037202949349045,0.27793224038482994,0.004972761783634831,0.11255500610462459,1.8578933626542504,9.244867725011284,1.001609746992435
DS03,12,1000,D,0.00031622776601683794,0.9449359608102801,0.01744975407520724,0.006093822676519632,0.0023219366363259634,0.9847253692402779,4.765587804911427,2.011670745661525,1.001609746992435
DS03,12,1000,B,0.001,-15.012320542257878,0.29756538918925907,0.272425715949493,0.0049645717706349735,0.11708366327872295,1.858454514743965,9.07095717270674,1.001609746992435
DS03,12,1000,D,0.001,0.9449468005932125,0.017448036430996187,0.006092747349834316,0.0023219344815404172,0.9847271614985676,4.765587807469255,2.0116615376096973,1.001609746992435
DS03,12,1000,B,0.0031622776601683794,-13.138203880415105,0.2796098058438621,0.2563605031060792,0.0049414333789575176,0.13135445840308815,1.863369420583277,8.564586002091467,1.001609746992435
DS03,12,1000,D,0.0031622776601683794,0.9449808944000384,0.01744263291115059,0.0060893551100042855,0.0023219279002320344,0.9847328324796091,4.765587832990815,2.0116324781796893,1.001609746992435
DS03,12,1000,B,0.01,-8.949458300549686,0.23456056331830913,0.21604436371570904,0.004884594428270783,0.1758954100432226,1.896875995341238,7.302228304126197,1.001609746992435
DS03,12,1000,D,0.01,0.9450868977617334,0.017425821758423183,0.00607870926966654,0.002321909373170111,0.9847507968304975,4.765588086439916,2.0115411656961033,1.001609746992435
DS03,12,1000,B,0.03162277660168379,-3.30821561287497,0.15434906144750135,0.14419352434705218,0.004815072745824358,0.3083497449249036,2.026529706611596,5.105619405748081,1.001609746992435
DS03,12,1000,D,0.03162277660168379,0.9454050486242395,0.017375268306787848,0.0060458262722460155,0.0023218723743640497,0.9848078431886851,4.765590567607941,2.011257977185791,1.001609746992435
DS03,12,1000,B,0.1,0.061008375228547074,0.07205865260913412,0.0701244960159495,0.004796291339015513,0.6093464254833733,2.2391330347243774,3.0480192561775095,1.001609746992435
DS03,12,1000,D,0.1,0.9463277737672725,0.01722781036412087,0.005938023907565935,0.002321855640979703,0.984992975598189,4.76561479272343,2.0103849276036834,1.001609746992435
DS03,12,1000,B,0.31622776601683794,0.8795126532214012,0.0258122580612883,0.026815820948627934,0.004823616755917802,0.9053244445648132,2.3939584333698707,2.1912595140139834,1.001609746992435
DS03,12,1000,D,0.31622776601683794,0.9483534896014272,0.016899574472023688,0.005639706744753067,0.0023229491855451534,0.9855618187418914,4.765822613297265,2.0079730035999535,1.001609746992435
DS03,12,1000,B,1.0,0.964667878675308,0.013977842235970688,0.010247091129648878,0.004806591724526559,0.9845755628020187,2.4639229733372257,2.0275663534601507,1.001609746992435
DS03,12,1000,D,1.0,0.9506819375996172,0.016514228169864028,0.005089699592283744,0.002333828587263919,0.9900041633297486,4.7681321724332655,1.999339298109161,1.001609746992435
DS03,12,1000,B,3.1622776601683795,0.9606883457009399,0.0147440209018188,0.0062821156826212655,0.004654921221991242,0.9938891166327831,2.503821199622141,1.9986811665297888,1.001609746992435
DS03,12,1000,D,3.1622776601683795,0.9536553744959549,0.016008659464648422,0.004517017565756699,0.0023695229521475724,0.9934880767790609,4.777645840730585,1.987882262336817,1.001609746992435
DS03,12,1000,B,10.0,0.9553501789536109,0.015713218121888462,0.005464159103757684,0.004293434770971094,0.9950480191176818,2.6462381989230446,1.9696744880855435,1.001609746992435
DS03,12,1000,D,10.0,0.9538488115362,0.01597521539519419,0.004004106731366888,0.0025091657155050314,0.9949269193204456,4.836967094314299,1.9653557342886832,1.001609746992435
DS03,12,1000,B,31.622776601683793,0.9467538225363732,0.017159297168594625,0.004667486537255199,0.004285392072713754,0.9954976752511132,3.5139620145918258,1.901361312128711,1.001609746992435
DS03,12,1000,D,31.622776601683793,0.9469773504673556,0.017123241846880417,0.0037246538384183973,0.0030269393405868285,0.9953178304759575,5.306712809714945,1.9054123010447752,1.001609746992435
DS03,12,1000,B,100.0,0.9133115969563134,0.021894537678954454,0.003976821035670278,0.005646211534512754,0.9958986677252675,6.760953635101406,1.7557784959290834,1.001609746992435
DS03,12,1000,D,100.0,0.9170896240596054,0.021412122535255283,0.0035497270622556402,0.004297084825226141,0.9956120191546081,7.824168431630524,1.762632359189971,1.001609746992435
DS03,12,1000,B,316.22776601683796,0.8212612466661253,0.03143870438631408,0.003899107124285031,0.007233433186665028,0.9961769321987087,14.282097188307167,1.5040297083822545,1.001609746992435
DS03,12,1000,D,316.22776601683796,0.8268498765476401,0.0309433037578266,0.003664225707635031,0.00568309004776835,0.9958626079663384,14.913959141408448,1.5068662197294145,1.001609746992435
DS03,12,1000,B,1000.0,0.6574963569741477,0.04351989866792715,0.004498825587680852,0.0071881055786167675,0.996342834296814,27.993286648691285,1.1360225644977833,1.001609746992435
DS03,12,1000,D,1000.0,0.6610682882231306,0.0432923718821331,0.00443941279310442,0.00575381466393984,0.9961033096095099,28.352030086898772,1.1380628960862074,1.001609746992435
DS03,12,1000,B,3162.2776601683795,0.4331256489045475,0.05598848055027757,0.005423109045458311,0.005691856756850888,0.9964909812355881,47.63868768317423,0.6809834621385038,1.001609746992435
DS03,12,1000,D,3162.2776601683795,0.435553847592983,0.05586843890995628,0.005441534808136351,0.0045595816698428574,0.9961697707217997,47.91762660554974,0.6818511705933836,1.001609746992435
DS03,12,1000,B,10000.0,0.2124700005713258,0.06599162626980341,0.006197195462424036,0.0034508148329415967,0.996631435308119,64.77985230794648,0.3130838012915468,1.001609746992435
DS03,12,1000,D,10000.0,0.21357133456358335,0.06594546660047815,0.006212809687936511,0.0028676688887965597,0.9961706927963356,64.95616087583997,0.3157569335535788,1.001609746992435
DS03,13,1,Z_zero,,0.0,0.08676153315854795,0.006431437286172571,0.0,0.0,100.64038156609061,0.0,32.719098375551575
DS03,13,1,B,1e-06,-337.98507915199315,1.5974140837549042,1.1060152635789475,0.03268302921543833,0.05776802581876563,11.487570806781555,42.125363666854426,32.719098375551575
DS03,13,1,D,1e-06,0.0713173839969593,0.08361051064088833,0.011614120327296012,0.0029136058858148803,0.9818290470343194,30.668248732824534,3.285677450616979,32.719098375551575
DS03,13,1,B,3.162277660168379e-06,-337.94149670266853,1.5973113927214742,1.1059442677417628,0.03268265330926384,0.05777128872746052,11.487570827380988,42.12266431168789,32.719098375551575
DS03,13,1,D,3.162277660168379e-06,0.07131739127794479,0.08361051031313001,0.011614120286059744,0.00291360595561685,0.9818290469997855,30.668248732824534,3.2856774376295026,32.719098375551575
DS03,13,1,B,1e-05,-337.8037322249444,1.596986742100561,1.105719819348197,0.03268146490687524,0.05778160690403502,11.487571033285239,42.114130489821974,32.719098375551575
DS03,13,1,D,1e-05,0.07131741430245109,0.08361050927666679,0.011614120155659144,0.00291360617634999,0.9818290468905784,30.66824873282456,3.2856773965594814,32.719098375551575
DS03,13,1,B,3.1622776601683795e-05,-337.3686353861301,1.5959609754950017,1.1050106523577496,0.03267771001948689,0.05781423536783279,11.487573089480788,42.087167046524115,32.719098375551575
DS03,13,1,D,3.1622776601683795e-05,0.07131748711231412,0.08361050599908307,0.011614119743296132,0.002913606874369258,0.9818290465452366,30.66824873282485,3.2856772666846954,32.719098375551575
DS03,13,1,B,0.0001,-335.99824414140375,1.5927258797426607,1.1027740636776882,0.03266586764131294,0.0579174108719944,11.487593561762083,42.002129205197015,32.719098375551575
DS03,13,1,D,0.0001,0.07131771735722758,0.08361049563445648,0.011614118439289547,0.002913609081696634,0.9818290454531695,30.668248732827745,3.2856768559846623,32.719098375551575
DS03,13,1,B,0.00031622776601683794,-331.7190829405518,1.582581457541388,1.0957607507741156,0.03262873208311214,0.05824363278008404,11.487795483887815,41.73547588730535,32.719098375551575
DS03,13,1,D,0.00031622776601683794,0.07131844545466748,0.08361046285866175,0.011614114315659762,0.002913616061846763,0.9818290419997526,30.668248732856703,3.285675557238123,32.719098375551575
DS03,13,1,B,0.001,-318.7109837381546,1.5513364481066299,1.0741601043404814,0.03251434477416748,0.05927475697296425,11.489729524557747,40.914211265306456,32.719098375551575
DS03,13,1,D,0.001,0.07132074789185416,0.08361035921282252,0.011614101275603727,0.002913638134698423,0.9818290310791002,30.66824873314628,3.2856714502509963,32.719098375551575
DS03,13,1,B,0.0031622776601683794,-282.2428067473682,1.4601808970933168,1.0111460294410757,0.03218054063747351,0.06253055596923819,11.506680032429266,38.51852447294647,32.719098375551575
DS03,13,1,D,0.0031622776601683794,0.07132802874670785,0.08361003145914357,0.011614060039390812,0.002913707931975045,0.9818289965450895,30.668248736041985,3.2856584629177847,32.719098375551575
DS03,13,1,B,0.01,-200.45048597092187,1.231434672507492,0.8530568454166224,0.03139757079194615,0.07277413529853916,11.62275863907719,32.50935469295875,32.719098375551575
DS03,13,1,D,0.01,0.0713510519232583,0.08360899504343053,0.011613929639685574,0.002913928618255941,0.9818288873401886,30.66824876499803,3.2856173943681957,32.719098375551575
DS03,13,1,B,0.03162277660168379,-89.16409256294061,0.8238421841904533,0.5716223009919686,0.030113278534827665,0.10455334915381287,12.080074017932672,21.81903190285305,32.719098375551575
DS03,13,1,D,0.03162277660168379,0.07142384852077177,0.08360571793335743,0.011613517286113054,0.002914626168793403,0.9818285420162768,30.668249054525898,3.2854875342503083,32.719098375551575
DS03,13,1,B,0.1,-20.685415517106172,0.40402765410129,0.28297925766844667,0.029135797041275207,0.19678782006053372,12.855050359462288,10.889554499506755,32.719098375551575
DS03,13,1,D,0.1,0.07165396083777564,0.08359535804123602,0.011612213374860887,0.002916828813446846,0.9818274501291132,30.668251948774035,3.285076980825117,32.719098375551575
DS03,13,1,B,0.31622776601683794,-2.3925001853452246,0.15980382044995664,0.11920382760515204,0.028756682353810535,0.3985417127210979,13.435953404944012,4.7949722553078145,32.719098375551575
DS03,13,1,D,0.31622776601683794,0.30271335245366315,0.07244908289242429,0.011605126974618058,0.002860805339299529,0.9552170288990398,30.67410477620404,3.083047720387788,32.719098375551575
DS03,13,1,B,1.0,0.37155812931444876,0.06877962033281428,0.06506438153193723,0.028430854010242902,0.6523329796452246,13.698061438239826,2.9110667566589012,32.719098375551575
DS03,13,1,D,1.0,0.6647484392136757,0.05023571894473784,0.010906191323479782,0.002751290009243253,0.9541274274833288,30.690853019179954,2.727148937746388,32.719098375551575
DS03,13,1,B,3.1622776601683795,0.7044774583683583,0.047165291666765814,0.053979964129262564,0.027604904453511495,0.8312150277411087,13.805709376678312,2.5700774547696117,32.719098375551575
DS03,13,1,D,3.1622776601683795,0.8801678515515281,0.030034049395429262,0.009256119126623366,0.0026657442044411947,0.9694405835958465,30.730272595546374,2.4767306852951765,32.719098375551575
DS03,13,1,B,10.0,0.7733122727203512,0.04130867091305062,0.04844433794706401,0.025507902095983387,0.8988293212246846,13.953637635139904,2.433476000318201,32.719098375551575
DS03,13,1,D,10.0,0.9537275353474061,0.018663304162660228,0.00825015726728934,0.0025707722575527554,0.9712953989264634,30.791466697529962,2.3408527828896055,32.719098375551575
DS03,13,1,B,31.622776601683793,0.8213157642118247,0.03667501814109185,0.039938459551614014,0.02176333414559323,0.923501826857405,14.662745515253688,2.210820616325642,32.719098375551575
DS03,13,1,D,31.622776601683793,0.9647975604910497,0.016278470553059712,0.006366682817776563,0.002402873729172795,0.9716208791653043,31.021025670849603,2.1775095975802983,32.719098375551575
DS03,13,1,B,100.0,0.8075339109798024,0.038063115123118565,0.029881741345443708,0.018149500650747826,0.9418361926989801,17.2926217418023,1.8676898760975431,32.719098375551575
DS03,13,1,D,100.0,0.9314473120948046,0.022716397615526573,0.005267339060747809,0.0038228148544449288,0.9772383509679492,32.19368655081826,1.876739499513167,32.719098375551575
DS03,13,1,B,316.22776601683796,0.6874014122494381,0.04850882148458056,0.020941684019635337,0.01643401894705909,0.9528804142647385,23.43757234894171,1.4607343861501043,32.719098375551575
DS03,13,1,D,316.22776601683796,0.7871832379396138,0.0400248887471492,0.0042419135132648516,0.006334546449614394,0.9803080769158052,36.057844700290595,1.4519685994505505,32.719098375551575
DS03,13,1,B,1000.0,0.5018284676939007,0.06123738981283135,0.01376461285267052,0.013976676713112484,0.9572876108702578,34.04990978876662,1.0367570600464577,32.719098375551575
DS03,13,1,D,1000.0,0.5526464931958293,0.05803000939398436,0.003921678270806233,0.007255263568310549,0.9823733929804664,43.743161147187045,1.0162389354345587,32.719098375551575
DS03,13,1,B,3162.2776601683795,0.3058107563101279,0.07228799144614109,0.009214336949366107,0.009950196468111946,0.9590132452118398,48.62931741045636,0.6268155143679355,32.719098375551575
DS03,13,1,D,3162.2776601683795,0.32529325688279587,0.07126638719949102,0.004749006494791921,0.006111036094083335,0.9833459078150525,55.25492622580363,0.6218817372601733,32.719098375551575
DS03,13,1,B,10000.0,0.1474798188203975,0.08010867565265516,0.007273797839606119,0.006339922629781798,0.9598936350040481,61.93197002622875,0.33866037752916434,32.719098375551575
DS03,13,1,D,10000.0,0.15664248219322374,0.07967701916618058,0.005627611136414087,0.004500545753445451,0.9839055300652632,66.78762020929722,0.34888364015361417,32.719098375551575
DS03,13,10,Z_zero,,0.0,0.08676153315854795,0.006431437286172571,0.0,0.0,94.83404389275489,0.0,10.346687385385826
DS03,13,10,B,1e-06,-52.390085890314865,0.6339536805414222,0.5368574726991622,0.010151349228532745,0.17537115094546385,3.814469598221239,16.864920017331926,10.346687385385826
DS03,13,10,D,1e-06,0.103187668418257,0.08216332451617733,0.007928933031967268,0.0006870297904697178,0.9925407075622799,10.224833646367907,3.2266905932985264,10.346687385385826
DS03,13,10,B,3.162277660168379e-06,-52.38321329433059,0.6339128766387375,0.536822961988837,0.010151211019529288,0.17537775890597604,3.814469608013803,16.863855712123172,10.346687385385826
DS03,13,10,D,3.162277660168379e-06,0.1031876824650868,0.0821633238727126,0.007928933005922088,0.0006870298727614647,0.9925407076417005,10.224833646367921,3.2266905705031466,10.346687385385826
DS03,13,10,B,1e-05,-52.36148896539382,0.6337838779109783,0.5367138587546644,0.010150774080927433,0.175398654570834,3.814469705896594,16.860490992732785,10.346687385385826
DS03,13,10,D,1e-05,0.10318772688504863,0.08216332183789901,0.00792893292355991,0.0006870301329907321,0.9925407078928499,10.224833646368072,3.2266904984178444,10.346687385385826
DS03,13,10,B,3.1622776601683795e-05,-52.29287778942249,0.633376293293814,0.5363691359728052,0.01014939352535028,0.17546472703895502,3.814470683371076,16.849859901285722,10.346687385385826
DS03,13,10,D,3.1622776601683795e-05,0.10318786735327223,0.08216331540325451,0.007928932663107941,0.0006870309559078474,0.9925407086870537,10.22483364636957,3.226690270464126,10.346687385385826
DS03,13,10,B,0.0001,-52.07677870570069,0.6320908394386122,0.5352819378248042,0.010145039447866322,0.17567361226995837,3.8144804154825644,16.816332032706207,10.346687385385826
DS03,13,10,D,0.0001,0.10318831155237995,0.0821632950551378,0.007928931839486633,0.0006870335581986942,0.9925407111985387,10.224833646384539,3.226689549611563,10.346687385385826
DS03,13,10,B,0.00031622776601683794,-51.401994123972756,0.6280599855289669,0.5318727627216084,0.01013138582270519,0.1763336228496183,3.814576404809405,16.71120536897991,10.346687385385826
DS03,13,10,D,0.00031622776601683794,0.10318971622919959,0.08216323070889729,0.007928929234969384,0.0006870417873501085,0.9925407191404736,10.224833646534249,3.2266872700794127,10.346687385385826
DS03,13,10,B,0.001,-49.35076331345616,0.6156448448288298,0.5213724069498371,0.01008952222970157,0.17841533676192478,3.8154957683264814,16.387492115186053,10.346687385385826
DS03,13,10,D,0.001,0.10319415816630428,0.08216302722976594,0.007928920998785262,0.0006870678100632985,0.9925407442542857,10.224833648031327,3.226680061603966,10.346687385385826
DS03,13,10,B,0.0031622776601683794,-43.6003823487813,0.5794240384393414,0.4907379020056306,0.009971802037188192,0.18494415712692205,3.82355049555983,15.44381753035481,10.346687385385826
DS03,13,10,D,0.0031622776601683794,0.1032082043945951,0.08216238378772828,0.007928894953904982,0.0006871500996227624,0.9925408236632351,10.22483366300175,3.226657266784487,10.346687385385826
DS03,13,10,B,0.01,-30.704831166691175,0.4885285397769465,0.41386090110062734,0.009726930528369173,0.20505302274643056,3.8785747974752516,13.081960663686532,10.346687385385826
DS03,13,10,D,0.01,0.1032526183670297,0.08216034920007415,0.007928812594972816,0.0006874103072086288,0.9925410746974093,10.224833812694959,3.2265851870497855,10.346687385385826
DS03,13,10,B,0.03162277660168379,-13.165688638895562,0.32654727479701556,0.27685984197681507,0.009473632692827657,0.2635153279220117,4.093214949860203,8.913984310464828,10.346687385385826
DS03,13,10,D,0.03162277660168379,0.10339302667601269,0.08215391681592077,0.007928552175267617,0.0006882330073743837,0.9925418677476385,10.224835309278179,3.226357289044087,10.346687385385826
DS03,13,10,B,0.1,-2.3846726148077115,0.15961935501393745,0.13566625622799705,0.009450381397398773,0.40821339580908306,4.450272302159156,4.798603197230951,10.346687385385826
DS03,13,10,D,0.1,0.10383662704755725,0.08213359128987033,0.007927728876864033,0.0006908331298883709,0.9925443677034929,10.224850264078588,3.225636993312353,10.346687385385826
DS03,13,10,B,0.31622776601683794,0.4860481398906443,0.06219972132433518,0.0532222763689588,0.009566221628847611,0.6620651489537714,4.713555556981035,2.8157405568573575,10.346687385385826
DS03,13,10,D,0.31622776601683794,0.6018113048390656,0.05474843141103154,0.007927263540385558,0.0006537362606876787,0.9831124889640512,10.251489109345703,2.7589112604696258,10.346687385385826
DS03,13,10,B,1.0,0.9151487504980402,0.025272973315816374,0.021778181904283357,0.009538343725266931,0.8684885925715259,4.833115270495625,2.36817418247812,10.346687385385826
DS03,13,10,D,1.0,0.9027537887144266,0.027055998296388495,0.007921236045646301,0.0006204226610282751,0.9772042826939752,10.297770681024678,2.411998929371184,10.346687385385826
DS03,13,10,B,3.1622776601683795,0.9639771603784393,0.0164670646322138,0.01382112388184027,0.009308115777025014,0.9586409821837819,4.899452258695029,2.2862717228552816,10.346687385385826
DS03,13,10,D,3.1622776601683795,0.9800390214312182,0.012257958085006331,0.006372692885355741,0.0006015212369007417,0.9847773916427687,10.345294050972662,2.289785002576426,10.346687385385826
DS03,13,10,B,10.0,0.968545753890041,0.015387457204353402,0.011712996291657273,0.008796983674633321,0.9807857454076047,5.118101157649866,2.2092501150950787,10.346687385385826
DS03,13,10,D,10.0,0.9917079733568253,0.007900554298787298,0.004488142468047095,0.0006142194683213272,0.9898661393875866,10.425784734626893,2.2262120146705473,10.346687385385826
DS03,13,10,B,31.622776601683793,0.9532058285586053,0.018768220568823605,0.009657170923853023,0.008663292362562799,0.986115283602341,6.337576154899276,2.0441376903712754,10.346687385385826
DS03,13,10,D,31.622776601683793,0.9858699705803708,0.010313326118916208,0.0034886010022871614,0.0008535321471259293,0.9924599607606422,10.900856075348159,2.1140061007146684,10.346687385385826
DS03,13,10,B,100.0,0.879135964544035,0.030163085356129823,0.007393719701703996,0.009365196536010407,0.9885361409313075,10.28250992861831,1.7600046133004965,10.346687385385826
DS03,13,10,D,100.0,0.9410859479305829,0.021058947647222083,0.0031781334082913552,0.00291514095015034,0.9937329780516121,13.601963692786303,1.845784224415827,10.346687385385826
DS03,13,10,B,316.22776601683796,0.7193391456490559,0.04596403421444839,0.005716521502619211,0.010966439155284292,0.989892091316459,17.80550754278751,1.4003581118769062,10.346687385385826
DS03,13,10,D,316.22776601683796,0.7898687418409438,0.03977155287023155,0.003400027427489514,0.00572635595599657,0.993674861097482,20.84320861961583,1.4389504530624768,10.346687385385826
DS03,13,10,B,1000.0,0.5146844099899538,0.06044207133573515,0.005136107423579621,0.010746091849858403,0.9906090389066667,29.424836453413533,1.0071495247412814,10.346687385385826
DS03,13,10,D,1000.0,0.5528375500375673,0.05801761627067794,0.00415940992248056,0.006931580332233873,0.9935830923400015,32.083680787324965,1.01522509582609,10.346687385385826
DS03,13,10,B,3162.2776601683795,0.31171117671411785,0.0719801216812465,0.005421951275902125,0.008054740743272054,0.9909822361314434,44.80120741802113,0.6089965185491231,10.346687385385826
DS03,13,10,D,3162.2776601683795,0.32632278740610243,0.07121199398934397,0.005067498117791495,0.005976865268963365,0.9936204143088259,46.57105761402475,0.6214535455132546,10.346687385385826
DS03,13,10,B,10000.0,0.15022978254445862,0.07997936851396542,0.005929848125314452,0.005347548787644456,0.9912549061676259,58.426785502262646,0.32324424073647845,10.346687385385826
DS03,13,10,D,10000.0,0.1575636218265697,0.07963349449823381,0.005802086448836522,0.004415351130223695,0.9938786929450658,59.90929844662544,0.34443433257518624,10.346687385385826
DS03,13,100,Z_zero,,0.0,0.08676153315854795,0.006431437286172571,0.0,0.0,95.15219179220705,0.0,3.2719098375551576
DS03,13,100,B,1e-06,-15.802913608022937,0.3556472992375586,0.24811611877085385,0.00663609613491466,0.28010890520778703,1.8175265844987263,9.679822312099128,3.2719098375551576
DS03,13,100,D,1e-06,0.09461765187602744,0.08255497102194428,0.007214734508265381,0.000248349344423896,0.9937074115702724,5.501652270940784,3.2340881998401487,3.2719098375551576
DS03,13,100,B,3.162277660168379e-06,-15.800744618978317,0.35562434429030637,0.24810012779846335,0.006636001227610275,0.28011789644336305,1.8175265910047051,9.679235302123177,3.2719098375551576
DS03,13,100,D,3.162277660168379e-06,0.09461765900610442,0.08255497069687537,0.007214734486809965,0.0002483494096157453,0.9937074115476198,5.5016522709408004,3.234088187104461,3.2719098375551576
DS03,13,100,B,1e-05,-15.793888430697386,0.35555177380843583,0.24804957344396406,0.006635701184413013,0.28014632803173617,1.8175266560360384,9.67737952457157,3.2719098375551576
DS03,13,100,D,1e-05,0.0946176815533859,0.0825549696689173,0.007214734418962205,0.0002483496157704941,0.9937074114759847,5.501652270940956,3.234088146830683,3.2719098375551576
DS03,13,100,B,3.1622776601683795e-05,-15.772234802917058,0.3553224800054986,0.24788984184702242,0.0066347531644627205,0.28023622464195713,1.81752730545015,9.671516146788047,3.2719098375551576
DS03,13,100,D,3.1622776601683795e-05,0.09461775285414942,0.0825549664182284,0.007214734204408696,0.0002483502676888803,0.9937074112494546,5.501652270942514,3.2340880194738126,3.2719098375551576
DS03,13,100,B,0.0001,-15.704034397743765,0.35459932586979565,0.24738607539254925,0.0066317940487162046,0.2805203831067116,1.817533771263175,9.65302543258213,3.2719098375551576
DS03,13,100,D,0.0001,0.09461797832686236,0.08255495613865121,0.007214733525930791,0.0002483523292342223,0.9937074105331034,5.501652270958095,3.2340876167361348,3.2719098375551576
DS03,13,100,B,0.00031622776601683794,-15.491076585652731,0.35233170227075833,0.2458063962794065,0.006622698330549846,0.28141777811680896,1.8175975442391572,9.595057201210592,3.2719098375551576
DS03,13,100,D,0.00031622776601683794,0.09461869133326783,0.0825549236318073,0.0072147313803968,0.00024835884839700083,0.9937074082677986,5.501652271113899,3.2340863431687406,3.2719098375551576
DS03,13,100,B,0.001,-14.843747208236495,0.34534738357636824,0.2409409746172209,0.006594836991938805,0.28424374960705173,1.8182083151748716,9.416649583000954,3.2719098375551576
DS03,13,100,D,0.001,0.09462094604825588,0.082554820836478,0.007214724595636148,0.0002483794636399268,0.9937074011042432,5.501652272671945,3.2340823158047938,3.2719098375551576
DS03,13,100,B,0.0031622776601683794,-13.029266357984806,0.32497106836829437,0.2267465647783054,0.006515923399310058,0.29306461956149904,1.8235569339499336,8.897424884542902,3.2719098375551576
DS03,13,100,D,0.0031622776601683794,0.0946280759907806,0.08255449577247084,0.0072147031404757355,0.0002484446531630941,0.9937073784507647,5.501652288252219,3.2340695802593844,3.2719098375551576
DS03,13,100,B,0.01,-8.96176070851189,0.2738389812648028,0.19112858562727725,0.006338972578310077,0.31988563020407507,1.8599790832700591,7.604989922568666,3.2719098375551576
DS03,13,100,D,0.01,0.09465062192558327,0.082553467863488,0.0072146352946652875,0.0002486507845472686,0.9937073068109069,5.501652444049448,3.2340293079049927,3.2719098375551576
DS03,13,100,B,0.03162277660168379,-3.4358050388911963,0.18273150989153375,0.12767295860131572,0.0061079632185334,0.39612907132421715,2.0002998096777826,5.3677757718517745,3.2719098375551576
DS03,13,100,D,0.03162277660168379,0.09472190920161871,0.08255021766646742,0.00721442076101448,0.0002493024693729803,0.9937070802330887,5.501654001847332,3.2339019653001193,3.2719098375551576
DS03,13,100,B,0.1,-0.050054555926926536,0.08890642547664689,0.06236645487754221,0.006003629589976223,0.5825327144967664,2.2286885299876418,3.308464969071305,3.2719098375551576
DS03,13,100,D,0.1,0.23373418729502682,0.07594810509317965,0.007213742482421596,0.00023908277996497797,0.9551844027551394,5.507057488194727,3.1122926921805067,3.2719098375551576
DS03,13,100,B,0.31622776601683794,0.8427617795305619,0.034403789189543114,0.02457647343337931,0.006004731398512349,0.8295140442553331,2.3942739693531783,2.4815510265081433,3.2719098375551576
DS03,13,100,D,0.31622776601683794,0.8193146573587804,0.036879810395773274,0.0033564348406786974,0.00017321198643793323,0.9905259263234022,5.559724980011246,2.5228003498283056,3.2719098375551576
DS03,13,100,B,1.0,0.9721994680871424,0.014466176864994094,0.011020326242870644,0.005948198108037237,0.9500634169534227,2.472014499702927,2.3233078354094485,3.2719098375551576
DS03,13,100,D,1.0,0.9693146436590008,0.015198222677368464,0.003101826406834531,0.0001463345920645149,0.9890214921226699,5.60304036500449,2.32764719557306,3.2719098375551576
DS03,13,100,B,3.1622776601683795,0.9855666463114426,0.010423434576559972,0.008237086534164613,0.00580872840211461,0.9861316902165003,2.544762532380989,2.2802202201256043,3.2719098375551576
DS03,13,100,D,3.1622776601683795,0.9935439276556767,0.006971262110310784,0.0031796660595823506,0.00017594207666873498,0.990929358762863,5.636107618315992,2.2791542157039175,3.2719098375551576
DS03,13,100,B,10.0,0.9848163344330084,0.010690931146705725,0.0074789057805245435,0.005800684625458105,0.9927287965096747,2.9222812867823493,2.208535568591845,3.2719098375551576
DS03,13,100,D,10.0,0.9946502415214699,0.006345915803450484,0.0033184379836726846,0.0002607953702415603,0.9921117131244146,5.72810477329581,2.244372049562657,3.2719098375551576
DS03,13,100,B,31.622776601683793,0.9660621656216599,0.01598340414153768,0.00643660186675575,0.006293895498418644,0.9944834628683461,4.722515771498731,2.0461061959961424,3.2719098375551576
DS03,13,100,D,31.622776601683793,0.9887242162689396,0.009212989720040742,0.003378224181159681,0.0008012342536574869,0.9942187413865359,6.572120144270854,2.1271977005555964,3.2719098375551576
DS03,13,100,B,100.0,0.8883648115579047,0.02898863544593224,0.00511758139539535,0.007929962236210114,0.9951550532445923,9.351308762289918,1.764478619142007,3.2719098375551576
DS03,13,100,D,100.0,0.9461481927608623,0.020133874587554917,0.003277329246378361,0.002768579414985273,0.9956447074425854,10.467977507754597,1.8603461266623027,3.2719098375551576
DS03,13,100,B,316.22776601683796,0.7257584520097644,0.04543534641815366,0.004233604098611062,0.010321122315410852,0.9952368254012871,17.297282079823464,1.4054689194368306,3.2719098375551576
DS03,13,100,D,316.22776601683796,0.796893459649091,0.03910111772550371,0.0034409927235231745,0.005625669039350336,0.9959046959801553,19.06867919316294,1.44961200854773,3.2719098375551576
DS03,13,100,B,1000.0,0.518994335835558,0.06017308988480461,0.004402653394378459,0.010335117725835993,0.9951921431377254,29.194780660046586,1.0106540639169688,3.2719098375551576
DS03,13,100,D,1000.0,0.5575244876279691,0.05771275921979316,0.004236973468000402,0.0069061620703622035,0.9956649673647138,31.129666115354937,1.0208699360184574,3.2719098375551576
DS03,13,100,B,3162.2776601683795,0.3141650409696427,0.0718516965555402,0.0051373734633898445,0.0077725189016682955,0.9951876485869159,44.74651217923298,0.6107252800293699,3.2719098375551576
DS03,13,100,D,3162.2776601683795,0.32872071912770073,0.07108514264112575,0.00513331844293365,0.00598342461274797,0.9954628240601767,46.05516028719693,0.6248004971788234,3.2719098375551576
DS03,13,100,B,10000.0,0.15136408870983653,0.07992597091090023,0.005826860367163752,0.0051977874635920065,0.995292504535476,58.44843220338693,0.32423151223305613,3.2719098375551576
DS03,13,100,D,10000.0,0.15862262231463253,0.07958342636777939,0.005835094050467446,0.004411787756492701,0.9955085583777348,59.62029384425441,0.3469042474012408,3.2719098375551576
DS03,13,1000,Z_zero,,0.0,0.08676153315854795,0.006431437286172571,0.0,0.0,94.87078337714362,0.0,1.0346687385385827
DS03,13,1000,B,1e-06,-13.37503613826435,0.32895136312363593,0.20513618924389126,0.005609054116928267,0.2851870168924046,1.589736579382518,8.994177370927304,1.0346687385385827
DS03,13,1000,D,1e-06,0.09741741802822157,0.08242722743461313,0.007075648880902137,0.00024287790812060653,0.9936677069761883,4.905435104248007,3.229983238848896,1.0346687385385827
DS03,13,1000,B,3.162277660168379e-06,-13.373180418373028,0.3289301297408397,0.20512297676391075,0.005608969412397459,0.2851969145435906,1.58973658574677,8.993636827944972,1.0346687385385827
DS03,13,1000,D,3.162277660168379e-06,0.09741742507132756,0.08242722711301169,0.007075648859207911,0.00024287798219091875,0.9936677069612244,4.905435104248024,3.2299832265603072,1.0346687385385827
DS03,13,1000,B,1e-05,-13.367314475936606,0.32886300186605094,0.20508120642099223,0.00560870162461068,0.28522821223359107,1.5897366493614222,8.991927953412196,1.0346687385385827
DS03,13,1000,D,1e-05,0.09741744734359348,0.08242722609601824,0.007075648790604556,0.0002428782164218174,0.9936677069139035,4.905435104248193,3.2299831877003657,1.0346687385385827
DS03,13,1000,B,3.1622776601683795e-05,-13.348788302793373,0.32865090453105794,0.20494922879528368,0.005607855519358465,0.2853271698890751,1.5897372846283542,8.986528738867804,1.0346687385385827
DS03,13,1000,D,3.1622776601683795e-05,0.0974175177746629,0.08242722288000338,0.007075648573661578,0.0002428789571247513,0.9936677067642619,4.905435104249876,3.2299830648144647,1.0346687385385827
DS03,13,1000,B,0.0001,-13.290438153046777,0.32798198515115684,0.20453299365504884,0.005605187019970719,0.2856399582685958,1.5897436095852573,8.969501999738407,1.0346687385385827
DS03,13,1000,D,0.0001,0.09741774049717267,0.08242721271007462,0.007075647887628315,0.0002428812994312614,0.9936677062910528,4.905435104266716,3.2299826762152177,1.0346687385385827
DS03,13,1000,B,0.00031622776601683794,-13.108238100664748,0.3258844275121188,0.2032277895316958,0.005596819044835862,0.28662765315422506,1.5898059931415187,8.916125229218423,1.0346687385385827
DS03,13,1000,D,0.00031622776601683794,0.09741844480668638,0.0824271805499691,0.007075645718201904,0.0002428887064363656,0.9936677047946298,4.905435104435109,3.229981447357457,1.0346687385385827
DS03,13,1000,B,0.001,-12.554403701516533,0.31942391333695624,0.1992077506975433,0.005571659305898124,0.28973683186682414,1.5904034441528012,8.751867329074802,1.0346687385385827
DS03,13,1000,D,0.001,0.09742067201992632,0.08242707885111428,0.007075638857889479,0.0002429121292589533,0.9936677000624744,4.905435106119039,3.2299775613775283,1.0346687385385827
DS03,13,1000,B,0.0031622776601683794,-11.001995147119953,0.30057575123281394,0.18747964800937142,0.00549835142343178,0.29943021685673055,1.5956344081848137,8.27399683621362,1.0346687385385827
DS03,13,1000,D,0.0031622776601683794,0.09742771499652192,0.08242675725438493,0.0070756171638416245,0.0002429861968859434,0.9936676850975841,4.905435122958135,3.229965272925267,1.0346687385385827
DS03,13,1000,B,0.01,-7.521998390733124,0.2532782761950166,0.15805021411711145,0.0053363839568186635,0.3287918050599066,1.6312083606996552,7.08591351472673,1.0346687385385827
DS03,13,1000,D,0.01,0.09744998594335519,0.08242574030910355,0.007075548562882661,0.0002432204008724356,0.9936676377694303,4.905435291343149,3.2299264143797117,1.0346687385385827
DS03,13,1000,B,0.03162277660168379,-2.794304327190947,0.16900256588987872,0.10561884353010317,0.005182777228979839,0.41119523252573237,1.7675719910191474,5.037622410444668,1.0346687385385827
DS03,13,1000,D,0.03162277660168379,0.09752040385560279,0.08242252477440992,0.007075331644044538,0.00024396083480234253,0.9936674880545311,4.905436975004792,3.229803542392435,1.0346687385385827
DS03,13,1000,B,0.1,0.10218103936027012,0.0822094237897489,0.05165295545916983,0.00517495758084918,0.6033880096464673,1.9876467632788062,3.176450825005634,1.0346687385385827
DS03,13,1000,D,0.1,0.37319219706492524,0.06869014211769253,0.007074645850831115,0.0002161695764265895,0.9783920250757366,4.916941627415294,2.98321928405459,1.0346687385385827
DS03,13,1000,B,0.31622776601683794,0.8658259425791933,0.03178055624966888,0.02040378757463735,0.005206588621424315,0.8370460569465316,2.1461624714359364,2.4478203181438576,1.0346687385385827
DS03,13,1000,D,0.31622776601683794,0.8373452993199516,0.034991336214370915,0.005742037365575125,0.00015302291847466655,0.9864696546787979,4.962256484038968,2.498871018258286,1.0346687385385827
DS03,13,1000,B,1.0,0.9764024762283671,0.013327860362545227,0.009132662746801882,0.005191207556571401,0.9527911833666204,2.2209677480645014,2.3101308191668775,1.0346687385385827
DS03,13,1000,D,1.0,0.964403158889102,0.01636940703579828,0.0035979398181197205,0.00013211868581822434,0.9853179744018847,5.006652345853967,2.3312365815622322,1.0346687385385827
DS03,13,1000,B,3.1622776601683795,0.9875470232261077,0.00968197165474966,0.0067759190775717685,0.005149004361594959,0.9871355925494187,2.296418638883649,2.2700614449296155,1.0346687385385827
DS03,13,1000,D,3.1622776601683795,0.9929553068756233,0.007282127147337586,0.00312149525913814,0.0001622086768463287,0.9886191712712651,5.048193595955787,2.2764585952271017,1.0346687385385827
DS03,13,1000,B,10.0,0.9859059606262025,0.010300183409767887,0.00618173376260089,0.005298484861298282,0.9933122980051826,2.6996965185728072,2.1998684777624042,1.0346687385385827
DS03,13,1000,D,10.0,0.994621648655451,0.006362851719392481,0.003143747916234223,0.00029309939343047505,0.9926104539062615,5.1656709508615,2.2338186065745878,1.0346687385385827
DS03,13,1000,B,31.622776601683793,0.9660092306327172,0.015995864448336724,0.005437991703531341,0.005958378751206964,0.9948274533256196,4.563518698860209,2.039616746377984,1.0346687385385827
DS03,13,1000,D,31.622776601683793,0.9880214403346909,0.009495755375350556,0.0031753428212260297,0.0008441250007880626,0.9943097529551429,6.065796826737375,2.1196099710557266,1.0346687385385827
DS03,13,1000,B,100.0,0.8875516412599945,0.029094023031915012,0.0045143863606013695,0.007639744046320373,0.9952914655743473,9.23510457745815,1.7603025726340689,1.0346687385385827
DS03,13,1000,D,100.0,0.9446738884419078,0.020407616849774032,0.003092420450214204,0.002844710631740607,0.9956696699524742,10.126402495326777,1.8544976527906647,1.0346687385385827
DS03,13,1000,B,316.22776601683796,0.7249094715047102,0.04550562008054792,0.0039869008328121975,0.010146366647815376,0.9952756499072543,17.196252536195797,1.4028986158551935,1.0346687385385827
DS03,13,1000,D,316.22776601683796,0.7951894020749531,0.03926480369507108,0.0033571092404760094,0.005649703885357656,0.9958262832589382,18.828263799365065,1.4460530700656382,1.0346687385385827
DS03,13,1000,B,1000.0,0.5183921110359562,0.06021074681306459,0.00435660320486134,0.010229072046132971,0.995206028079612,29.098346517961296,1.008971254061108,1.0346687385385827
DS03,13,1000,D,1000.0,0.5563360444490575,0.057790212479440446,0.004243257569503036,0.006909937836455006,0.9955401255612416,30.929594288192202,1.0187768365203713,1.0346687385385827
DS03,13,1000,B,3162.2776601683795,0.31377912866701674,0.07187190881926937,0.005144612246231055,0.007700691052262514,0.9951963213637085,44.6423276054795,0.6096579797842303,1.0346687385385827
DS03,13,1000,D,3162.2776601683795,0.32806288851338494,0.07111996460994746,0.005153156491013883,0.005979147229861005,0.9953607751870103,45.86996463578289,0.6235015622898609,1.0346687385385827
DS03,13,1000,B,10000.0,0.15117297474880098,0.07993497012292865,0.005835684118684762,0.005157926926107895,0.9952980822200431,58.33224908921299,0.3234727310485239,1.0346687385385827
DS03,13,1000,D,10000.0,0.1583108696702088,0.07959816888789191,0.005847027965968865,0.004406209348948769,0.9954350808603034,59.43081833405387,0.34605617711810555,1.0346687385385827
DS03,14,1,Z_zero,,0.0,0.07815581926593952,0.005612131201891212,0.0,0.0,77.85805095357915,0.0,29.081281598023928
DS03,14,1,B,1e-06,-302.2778412046487,1.361073755583943,1.4618304368876693,0.023094960741211274,0.06643735215200385,9.553600138071854,35.73930540373487,29.081281598023928
DS03,14,1,D,1e-06,0.39921160692137514,0.060578998157909326,0.005803002618121059,0.0019036166638317954,0.9931993461567876,22.409472490037217,2.915548763000805,29.081281598023928
DS03,14,1,B,3.162277660168379e-06,-302.23875076948525,1.360986036217877,1.4617364536484987,0.023094639377482743,0.06643969565979187,9.553600155913498,35.73701360758035,29.081281598023928
DS03,14,1,D,3.162277660168379e-06,0.3992116197188226,0.06057899751270999,0.005803002599624701,0.00190361676831603,0.9931993460757054,22.409472490037224,2.91554873985543,29.081281598023928
DS03,14,1,B,1e-05,-302.11518562977886,1.3607087174970902,1.461439332102019,0.023093623407556437,0.06644710647384235,9.553600334251886,35.72976825422736,29.081281598023928
DS03,14,1,D,1e-05,0.3992116601879059,0.06057899547241043,0.005803002541134139,0.0019036170987241378,0.9931993458193011,22.409472490037285,2.9155486666633235,29.081281598023928
DS03,14,1,B,3.1622776601683795e-05,-301.7249345198826,1.359832500897349,1.4605005462404004,0.023090413340835583,0.06647054143445141,9.553602115169973,35.70687584602425,29.081281598023928
DS03,14,1,D,3.1622776601683795e-05,0.39921178816233704,0.06057898902041861,0.005803002356170936,0.001903618143566036,0.9931993450084793,22.409472490037913,2.9155484352096046,29.081281598023928
DS03,14,1,B,0.0001,-300.49579487078285,1.3570690613749314,1.45753977153815,0.023080289263495833,0.06654464837485909,9.553619846681176,35.63467724633006,29.081281598023928
DS03,14,1,D,0.0001,0.39921219285258813,0.06057896861744638,0.005803001771266058,0.0019036214476444318,0.9931993424444322,22.40947249004418,2.915547703289075,29.081281598023928
DS03,14,1,B,0.00031622776601683794,-296.6577472856755,1.3484036369472865,1.4482555329818483,0.023048542128482508,0.06677898596375148,9.553794735982464,35.40828327244697,29.081281598023928
DS03,14,1,D,0.00031622776601683794,0.3992134725911257,0.06057890409775984,0.005802999921636875,0.0019036318960391188,0.9931993343361756,22.409472490106854,2.915545388757216,29.081281598023928
DS03,14,1,B,0.001,-284.9909948529581,1.3217140272837506,1.4196597473543062,0.022950753977715357,0.0675199346887056,9.55546984567684,34.711006501482856,29.081281598023928
DS03,14,1,D,0.001,0.3992175194357067,0.0605787000703629,0.005802994072620244,0.001903664936577744,0.9931993086953286,22.409472490733535,2.9155380696055966,29.081281598023928
DS03,14,1,B,0.0031622776601683794,-252.28693628163734,1.2438491546941917,1.336231671743616,0.02268070240813701,0.06986208760440706,9.57015050503151,32.67693741320197,29.081281598023928
DS03,14,1,D,0.0031622776601683794,0.39923031624197536,0.06057805489674184,0.005802975576649836,0.0019037694180705203,0.9931992276089759,22.409472497000227,2.9155149248234276,29.081281598023928
DS03,14,1,B,0.01,-178.96189239915898,1.0484593465855185,1.126864294713239,0.022036926405272578,0.0772588339099189,9.670661161788537,27.574288711782618,29.081281598023928
DS03,14,1,D,0.01,0.3992707788973633,0.06057601485519259,0.005802917089697892,0.0019040997989177358,0.9931989711626773,22.40947255966219,2.9154417386707268,29.081281598023928
DS03,14,1,B,0.03162277660168379,-79.29512821331636,0.700335139733145,0.7537185286431447,0.0211074713449118,0.10053687235700841,10.06625935903753,18.493124208894123,29.081281598023928
DS03,14,1,D,0.03162277660168379,0.3993986890690052,0.060569565442811765,0.005802732162134091,0.0019051443684884957,0.9931981599209687,22.40947318612596,2.915210344475804,29.081281598023928
DS03,14,1,B,0.1,-18.140978047545396,0.3419348627276757,0.36897883358732486,0.020456232250473542,0.1725742086960782,10.73539665227285,9.192213312073536,29.081281598023928
DS03,14,1,D,0.1,0.3998027371416515,0.0605491882532291,0.005802147613880954,0.0019084457244629132,0.9931955916788782,22.40947944583677,2.9144790189346224,29.081281598023928
DS03,14,1,B,0.31622776601683794,-1.9444826145878582,0.13411143735265493,0.14368799021822154,0.020359296011321217,0.3731340058025594,11.236010805058728,3.9560537511564084,29.081281598023928
DS03,14,1,D,0.31622776601683794,0.5029702716991079,0.0551001146699704,0.005798734371255291,0.001888925608340144,0.9659111067797189,22.413092761681053,2.80159351161799,29.081281598023928
DS03,14,1,B,1.0,0.43555515932674316,0.05871811075443981,0.056155720133115074,0.020192293321279975,0.6926232081147486,11.460972890929225,2.2845311007636124,29.081281598023928
DS03,14,1,D,1.0,0.7847344938409653,0.036261731868362616,0.005786851720871769,0.0018347615108740686,0.9659304019328688,22.437869879785232,2.399142994005883,29.081281598023928
DS03,14,1,B,3.1622776601683795,0.6941974487361564,0.0432197123498018,0.03264628227638475,0.01960143135189582,0.8475298911750434,11.546855609066963,1.9871548861601984,29.081281598023928
DS03,14,1,D,3.1622776601683795,0.9456558799141563,0.01821954808326836,0.005533757165334067,0.0018185527730079079,0.9815960178249005,22.50090718348368,2.046305499076839,29.081281598023928
DS03,14,1,B,10.0,0.734748966383624,0.04025222228961849,0.0265666575925673,0.018042386726379003,0.8814050887359626,11.620076209015492,1.9113211559985464,29.081281598023928
DS03,14,1,D,10.0,0.9509198974619582,0.01731466329659925,0.003546466048176987,0.0018886335216898515,0.9867302452683173,22.598652886672195,1.8383304655806945,29.081281598023928
DS03,14,1,B,31.622776601683793,0.7687333815004878,0.03758528044328175,0.021155639524587797,0.01528166405948007,0.9002226297372488,11.926211420506698,1.8130113240890389,29.081281598023928
DS03,14,1,D,31.622776601683793,0.8948663597694454,0.025341491429014835,0.0031169504370988908,0.002192954901122948,0.98704828370602,22.738864730998596,1.740686283660865,29.081281598023928
DS03,14,1,B,100.0,0.7823580176532116,0.036461342595140805,0.015248568248003953,0.0126155797353143,0.9258915806774657,13.326797553363877,1.6467742187214152,29.081281598023928
DS03,14,1,D,100.0,0.8429400204381938,0.030973771362997993,0.0029860984573093323,0.0030652390555458405,0.9870325717730144,23.337732615137348,1.6094870253035203,29.081281598023928
DS03,14,1,B,316.22776601683796,0.7297163694239794,0.04063227993520651,0.010534169847965201,0.01133546174167401,0.9510263462932341,17.957158996074522,1.3975395798572439,29.081281598023928
DS03,14,1,D,316.22776601683796,0.7565379797429177,0.03856354327401666,0.003306979274769571,0.004667199541164551,0.9877593978302001,26.01093337126948,1.3805774708664953,29.081281598023928
DS03,14,1,B,1000.0,0.5974465900646897,0.04958759834763555,0.007403906527847951,0.01002915310591361,0.9661116360834535,28.688020173161437,1.0546186866531757,29.081281598023928
DS03,14,1,D,1000.0,0.6098507952596924,0.04881762904221439,0.003923741276667881,0.0055353329727216615,0.9888818447902853,34.08520522955177,1.0460566218718232,29.081281598023928
DS03,14,1,B,3162.2776601683795,0.39893266168417263,0.060593059899285324,0.006027952432352539,0.00715383951609729,0.9747405906426422,45.847049437552776,0.6331565930102024,29.081281598023928
DS03,14,1,D,3162.2776601683795,0.4049809759552192,0.06028742651528256,0.004618840259785135,0.004372000520624245,0.9901772170553377,49.26236963402685,0.625228365990231,29.081281598023928
DS03,14,1,B,10000.0,0.19625343711597631,0.07006818763445793,0.005719990927868069,0.004046662858704526,0.9796602630902956,61.40675965638924,0.2904627433268398,29.081281598023928
DS03,14,1,D,10000.0,0.19858553935243717,0.0699664609899688,0.005166964794313893,0.002430408743489995,0.9911363843785276,63.74107198687825,0.2830405873498068,29.081281598023928
DS03,14,10,Z_zero,,0.0,0.07815581926593952,0.005612131201891212,0.0,0.0,75.969499350955,0.0,9.196308712649685
DS03,14,10,B,1e-06,-40.94188767653252,0.5061570687103862,0.5258435482617966,0.010064284954573021,0.0659423191508157,3.9389315713276445,13.21021936484663,9.196308712649685
DS03,14,10,D,1e-06,0.6579299434528965,0.04571080290006921,0.005416953437561177,0.002284560367461442,0.954571760181817,9.588261577045905,2.6101506733667668,9.196308712649685
DS03,14,10,B,3.162277660168379e-06,-40.93656616332189,0.5061249575308501,0.5258097462658445,0.010064192388275602,0.0659488875772305,3.9389315771432365,13.209386101628803,9.196308712649685
DS03,14,10,D,3.162277660168379e-06,0.6579306271281812,0.045710757220300983,0.005416953412118729,0.0022845600787758016,0.9545717311091672,9.588261577046477,2.610149668022736,9.196308712649685
DS03,14,10,B,1e-05,-40.91974479375355,0.5060234402912128,0.5257028835829677,0.010063899746060189,0.06596965864657935,3.938931635273707,13.206751803944373,9.196308712649685
DS03,14,10,D,1e-05,0.657932789081014,0.04571061276910913,0.0054169533316627515,0.002284559165876288,0.9545716391733395,9.588261577052172,2.610146488864188,9.196308712649685
DS03,14,10,B,3.1622776601683795e-05,-40.86661820944711,0.5057026866694128,0.5253652400476453,0.010062975110807776,0.06603534132160661,3.9389322157746838,13.1984285381302,9.196308712649685
DS03,14,10,D,3.1622776601683795e-05,0.6579396255937889,0.04571015598351322,0.005416953077240253,0.0022845562790817188,0.9545713484463453,9.588261577109128,2.610136435666139,9.196308712649685
DS03,14,10,B,0.0001,-40.69928719888229,0.5046910876209247,0.5243003686285095,0.010060058941870917,0.06624303603179289,3.9389379954688257,13.172179005403184,9.196308712649685
DS03,14,10,D,0.0001,0.6579612427217569,0.04570871159243886,0.005416952272699335,0.002284547150706989,0.9545704290830698,9.588261577678633,2.610104646502619,9.196308712649685
DS03,14,10,B,0.00031622776601683794,-40.1767597491316,0.5015190153297465,0.5209612040967287,0.010050914348092785,0.06689970264243063,3.938995001823524,13.089873738436026,9.196308712649685
DS03,14,10,D,0.00031622776601683794,0.6580295838502198,0.04570414494477531,0.005416949728656257,0.0022845182889630715,0.9545675217632413,9.58826158337238,2.6100041387385358,9.196308712649685
DS03,14,10,B,0.001,-38.58812939173343,0.49174936802583835,0.5106764795773018,0.010022951599560707,0.068975038729628,3.9395410262882655,12.836435342527386,9.196308712649685
DS03,14,10,D,0.001,0.6582455152791442,0.045689713112007424,0.0054169416850724786,0.0022844270672087563,0.9545583276342778,9.58826164026902,2.6096864891550156,9.196308712649685
DS03,14,10,B,0.0031622776601683794,-34.132535361646404,0.46325068049762885,0.48067104205896105,0.009947517182372157,0.0755252923282464,3.944327241174318,12.097638349038986,9.196308712649685
DS03,14,10,D,0.0031622776601683794,0.6643564415605941,0.045279380706704654,0.00541691590742433,0.0022826428654103186,0.9541752845091502,9.588268455641511,2.6005741052557116,9.196308712649685
DS03,14,10,B,0.01,-24.12656435852393,0.39176702165989,0.40537241924097706,0.009779776093552038,0.09610519197333554,3.9771368247145604,10.248684205487615,9.196308712649685
DS03,14,10,D,0.01,0.7054675157816137,0.042415825153641354,0.00541683688274188,0.0022705568537085582,0.9499717965216607,9.588378067263525,2.535367904387167,9.196308712649685
DS03,14,10,B,0.03162277660168379,-10.46173476436605,0.264597963356541,0.27118242038571516,0.009549464341419294,0.15960162531496702,4.10693695312823,6.9866623717583884,9.196308712649685
DS03,14,10,D,0.03162277660168379,0.7853619450121467,0.036208845852529536,0.0054163586821832106,0.002245881098510068,0.954750086762564,9.58906069278014,2.40177292606988,9.196308712649685
DS03,14,10,B,0.1,-1.9639384077743407,0.13455378134618787,0.13287753391682364,0.009444169627976052,0.3392081393071979,4.3286928628124945,3.7692586475833045,9.196308712649685
DS03,14,10,D,0.1,0.9042198386634911,0.024187952220284067,0.005414456302040677,0.002200561232676855,0.9764292705011915,9.592371142691562,2.1831317327031856,9.196308712649685
DS03,14,10,B,0.31622776601683794,0.3773771157668404,0.061669987357690595,0.05209014254109007,0.009426980319608714,0.6814094256578963,4.496241350080754,2.225532616460672,9.196308712649685
DS03,14,10,D,0.31622776601683794,0.9474785192280828,0.017911411059926326,0.005410949200861449,0.0021455350919742456,0.9764065946675538,9.59991642920327,1.9836632256867113,9.196308712649685
DS03,14,10,B,1.0,0.7645185478810363,0.03792622983413086,0.0212076379397244,0.009348880583816046,0.9123444250502262,4.572359329654854,1.8827925498087699,9.196308712649685
DS03,14,10,D,1.0,0.9214961800988,0.021898114117608013,0.004943051658227395,0.0021116531858904578,0.9739125465671062,9.61017354333241,1.8924543956837692,9.196308712649685
DS03,14,10,B,3.1622776601683795,0.822456361796875,0.032931679303474605,0.01335878078322304,0.009097407214606343,0.9615560300678784,4.6056487072454635,1.8316469388552121,9.196308712649685
DS03,14,10,D,3.1622776601683795,0.8859907929607371,0.026389507334510464,0.003582128004345452,0.002114821867207834,0.9762738252135601,9.629148431716189,1.8385036218983937,9.196308712649685
DS03,14,10,B,10.0,0.8347454468206055,0.031771523246447456,0.011348052183531054,0.008477945466539705,0.9709317938976656,4.670644506135704,1.8049372528583736,9.196308712649685
DS03,14,10,D,10.0,0.8680507957136254,0.028389955233319088,0.0028335771617273822,0.002196576552799676,0.9849617599412758,9.673841234812402,1.7980308340378632,9.196308712649685
DS03,14,10,B,31.622776601683793,0.8372534393909029,0.0315295105879101,0.009443481822130896,0.007598167982296367,0.9769912893595469,5.096067729918792,1.747177950031338,9.196308712649685
DS03,14,10,D,31.622776601683793,0.8563401210100331,0.029623002011618223,0.002996341081402613,0.0024490071601043608,0.990642142291818,9.883413200257117,1.7402764172236318,9.196308712649685
DS03,14,10,B,100.0,0.8189277408670979,0.033257322354460786,0.007312491516095456,0.007362746868477917,0.9839222808965085,7.265078087942569,1.6205053396120055,9.196308712649685
DS03,14,10,D,100.0,0.8298570365055729,0.03223801673447276,0.0031377411095295455,0.003285157188646556,0.9930464400235866,11.130957732802221,1.6160734622596866,9.196308712649685
DS03,14,10,B,316.22776601683796,0.7478040881673506,0.03924915769779067,0.0057001210311580525,0.007870988147274913,0.989162074690444,13.533326713816233,1.3969258381676333,9.196308712649685
DS03,14,10,D,316.22776601683796,0.7538376552639481,0.03877681457394493,0.0034076729475288232,0.004828342865749745,0.9942481447181407,15.890494150513875,1.395180085499597,9.196308712649685
DS03,14,10,B,1000.0,0.6090633580886469,0.048866868459521484,0.004953182291416391,0.007868089473782688,0.9916825483446035,25.992734120463123,1.0624822696657932,9.196308712649685
DS03,14,10,D,1000.0,0.6129062558368432,0.04862609523111015,0.003923286825579029,0.005505422774313212,0.9952317850904383,27.24661039209668,1.0627490105463786,9.196308712649685
DS03,14,10,B,3162.2776601683795,0.40749251811722165,0.06016005703341943,0.004990528282190466,0.0059722590749198765,0.9929205786267302,44.45362893538706,0.63770235826288,9.196308712649685
DS03,14,10,D,3162.2776601683795,0.40999172218473146,0.06003304501581958,0.004584052369828741,0.004356339479240152,0.9955220782381756,45.24848628008971,0.636123602908239,9.196308712649685
DS03,14,10,B,10000.0,0.20102635045931994,0.06985983380071063,0.00530427993272744,0.0033749754437110936,0.9933356369891541,60.6615671795708,0.2887512006101468,9.196308712649685
DS03,14,10,D,10000.0,0.20187071106160892,0.06982290987709214,0.005136505596211629,0.002503132468932995,0.995532507580931,61.18512749449701,0.2871280124794946,9.196308712649685
DS03,14,100,Z_zero,,0.0,0.07815581926593952,0.005612131201891212,0.0,0.0,75.49854649930639,0.0,2.9081281598023927
DS03,14,100,B,1e-06,-10.548501125562895,0.2655975902760379,0.26459711646286893,0.006030400698627115,0.14406391367402646,2.1781368567377193,6.975757219655806,2.9081281598023927
DS03,14,100,D,1e-06,0.7120550347511705,0.041938806253649215,0.005818673902305296,0.0014080807237431972,0.9474036530617432,5.115708570581606,2.5212666894355276,2.9081281598023927
DS03,14,100,B,3.162277660168379e-06,-10.54706913578576,0.265581122995097,0.2645801500504587,0.006030343492394883,0.14407583900078105,2.178136859526771,6.975338744325991,2.9081281598023927
DS03,14,100,D,3.162277660168379e-06,0.7120555088396837,0.04193877172845016,0.005818673880939655,0.0014080806071111883,0.9474036645973299,5.11570857058239,2.5212659257440957,2.9081281598023927
DS03,14,100,B,1e-05,-10.542542589524249,0.2655290628981559,0.2645265119080124,0.006030162638678744,0.14411354953368927,2.1781368874051013,6.974015775192282,2.9081281598023927
DS03,14,100,D,1e-05,0.7120570080283544,0.0419386625507871,0.005818673813375798,0.0014080802382905047,0.9474037010743347,5.115708570590223,2.5212635107514827,2.9081281598023927
DS03,14,100,B,3.1622776601683795e-05,-10.52824640512641,0.2653645745040596,0.26435703675517225,0.006029591211421925,0.1442327940432701,2.1781371658029562,6.969835837557647,2.9081281598023927
DS03,14,100,D,3.1622776601683795e-05,0.7120617487708074,0.041938317306725106,0.005818673599720568,0.0014080790719981765,0.9474038164075225,5.11570857066855,2.521255873991608,2.9081281598023927
DS03,14,100,B,0.0001,-10.483217331537473,0.26484581338347335,0.26382254061354765,0.00602778901001862,0.144609811591462,2.178139937640917,6.956654189961526,2.9081281598023927
DS03,14,100,D,0.0001,0.7120767392309296,0.041937225609367905,0.005818672924087118,0.0014080753840688496,0.9474041809508081,5.115708571451791,2.5212317256095598,2.9081281598023927
DS03,14,100,B,0.00031622776601683794,-10.342595745177857,0.26321918911608866,0.2621464997050268,0.006022137617115964,0.14580137763601939,2.178167276899302,6.915331618955547,2.9081281598023927
DS03,14,100,D,0.00031622776601683794,0.7121241323917693,0.04193377396140312,0.005818670787585079,0.0014080637239200567,0.9474053320159813,5.115708579282713,2.521155373449866,2.9081281598023927
DS03,14,100,B,0.001,-9.914985095465315,0.25820990234177454,0.25698426761987253,0.006004827025507568,0.14956272362677486,2.1784291434510274,6.7881714106418,2.9081281598023927
DS03,14,100,D,0.001,0.7122738944268061,0.04192286491167201,0.005818664031758656,0.0014080268723612613,0.947408954811313,5.115708657545104,2.520914043960228,2.9081281598023927
DS03,14,100,B,0.0031622776601683794,-8.714963282577564,0.24360259014392763,0.241923795252773,0.0059570898946763534,0.16138888576549903,2.180724759606157,6.418255576399026,2.9081281598023927
DS03,14,100,D,0.0031622776601683794,0.7127464026107762,0.04188842758449724,0.005818642671814554,0.0014079105479247677,0.9474202400163364,5.115709438691088,2.520152063777917,2.9081281598023927
DS03,14,100,B,0.01,-6.015201723097087,0.2070052699059969,0.20413136865710724,0.005844552677984737,0.19807227937366087,2.196471142646825,5.498793094993652,2.9081281598023927
DS03,14,100,D,0.01,0.7361278864616987,0.04014745941522485,0.00581853123557875,0.001400945464565576,0.9435238507579106,5.115848462708565,2.4768045061588717,2.9081281598023927
DS03,14,100,B,0.03162277660168379,-2.3089557135606924,0.14216961825023547,0.1367933641349867,0.005701057262175718,0.30619765008491884,2.2589297844856056,3.9149247890745777,2.9081281598023927
DS03,14,100,D,0.03162277660168379,0.8198724049053503,0.033170456260564016,0.005817218384652737,0.001380793285958548,0.9561957871388037,5.117219102817124,2.332480689973916,2.9081281598023927
DS03,14,100,B,0.1,0.029661521957730974,0.07698798386022329,0.06744741527048369,0.005620149229200749,0.5643790826836358,2.3661973881409355,2.479648233705082,2.9081281598023927
DS03,14,100,D,0.1,0.9237577335834197,0.021580386516358834,0.00581448913552665,0.0013476837990118392,0.9745951229666859,5.123091803117665,2.103106904301489,2.9081281598023927
DS03,14,100,B,0.31622776601683794,0.7007049510596037,0.04275738006898033,0.027131666638487765,0.005585156761181928,0.8660343692918162,2.447726774546452,1.9216486212012416,2.9081281598023927
DS03,14,100,D,0.31622776601683794,0.9494744244417205,0.017567782851068872,0.005806889896255001,0.0013127263858158753,0.9816102766438055,5.1359928726889725,1.9072310261609,2.9081281598023927
DS03,14,100,B,1.0,0.8238436243529348,0.0328027688063861,0.012068454859238464,0.005531613360582809,0.9687476957974844,2.485547767253568,1.8204280914756439,2.9081281598023927
DS03,14,100,D,1.0,0.9181417987528747,0.02236106162750017,0.004318904341439015,0.0013022156988770745,0.9830700230043616,5.150253838253283,1.8369746723416909,2.9081281598023927
DS03,14,100,B,3.1622776601683795,0.8461742232157734,0.03065320420202704,0.008254891008893137,0.005379791865129514,0.9850314592546243,2.5086411800479342,1.8019549613414425,2.9081281598023927
DS03,14,100,D,3.1622776601683795,0.8865165846957935,0.02632858497589341,0.0035576252834746158,0.0013249409928753517,0.9876549725804611,5.170217333041118,1.804827524257631,2.9081281598023927
DS03,14,100,B,10.0,0.8509845234566589,0.03017011794061565,0.006905837307724908,0.00501567853995348,0.9884749176941585,2.6023817528163646,1.7811151874821776,2.9081281598023927
DS03,14,100,D,10.0,0.8685883565104913,0.02833206590220095,0.0026891214749253673,0.0014274990156283003,0.9920300986166907,5.224851204232798,1.7787939111702875,2.9081281598023927
DS03,14,100,B,31.622776601683793,0.8480907723061997,0.030461648175195477,0.005379307824838335,0.004537203553061423,0.9910196164101924,3.2484012614382505,1.7282163653089884,2.9081281598023927
DS03,14,100,D,31.622776601683793,0.8566554159287025,0.02959047688213812,0.0023397094268456406,0.0018318676539425842,0.9938644072482049,5.564841707119737,1.7272963049892445,2.9081281598023927
DS03,14,100,B,100.0,0.8244974134360766,0.032741839907551834,0.003913529514397003,0.0048446252213722295,0.9937606557995404,6.000772924348728,1.607132106509332,2.9081281598023927
DS03,14,100,D,100.0,0.8292633990254376,0.03229420780633878,0.002427443001217183,0.0028866917377523703,0.9943976436845926,7.4952750793782865,1.6076408633734796,2.9081281598023927
DS03,14,100,B,316.22776601683796,0.7495877474170596,0.03911011629952158,0.003346503849662462,0.006120902481476364,0.9954998618981179,12.749925574470454,1.3888962007507388,2.9081281598023927
DS03,14,100,D,316.22776601683796,0.7522371208263589,0.03890267271487385,0.0028366522874038406,0.0044840683021472524,0.9949802266736594,13.491588309276786,1.3907165819207865,2.9081281598023927
DS03,14,100,B,1000.0,0.6092252421833448,0.04885674969981589,0.0037318788229923276,0.0068853133118770785,0.996125903056548,25.44656595735669,1.0582908345996014,2.9081281598023927
DS03,14,100,D,1000.0,0.6117839253035771,0.048696536889510575,0.003575520615490787,0.005396441271514357,0.9962378519467542,25.836477008646934,1.06073783519156,2.9081281598023927
DS03,14,100,B,3162.2776601683795,0.4073865471931847,0.06016543665477434,0.0044692826324813995,0.005454905326476255,0.9964022117229826,44.02448050593953,0.6352596270760194,2.9081281598023927
DS03,14,100,D,3162.2776601683795,0.4094411258341887,0.060061049934424196,0.004420361688464677,0.0043082043444486505,0.9966775947891349,44.35045388721256,0.6353576786963745,2.9081281598023927
DS03,14,100,B,10000.0,0.20093317986984593,0.06986390695891538,0.005093895403869929,0.0031396982416529444,0.9966177860035828,60.24909242842832,0.28715394838212416,2.9081281598023927
DS03,14,100,D,10000.0,0.20166667802117821,0.06983183403915308,0.005075053740796568,0.002520819846930747,0.9967175286989814,60.47614510365407,0.2873514910765251,2.9081281598023927
DS03,14,1000,Z_zero,,0.0,0.07815581926593952,0.005612131201891212,0.0,0.0,75.61018035813827,0.0,0.9196308712649686
DS03,14,1000,B,1e-06,-8.194372868957466,0.23698582826427309,0.2636599256453783,0.004813725201623502,0.16763640195515228,1.7516161025801373,6.222193468526383,0.9196308712649686
DS03,14,1000,D,1e-06,0.8955504029625377,0.025258915749945626,0.005727069350125303,0.0011883873954396111,0.9727111018662525,4.187919773770446,2.198594375613257,0.9196308712649686
DS03,14,1000,B,3.162277660168379e-06,-8.193245359218603,0.23697129698381056,0.26364300207778296,0.004813695697247269,0.16764986159744844,1.7516161052874837,6.221827234731354,0.9196308712649686
DS03,14,1000,D,3.162277660168379e-06,0.8955578813749387,0.025258011486188628,0.005727069023271295,0.0011883844829955845,0.9727118419790398,4.187919773789953,2.198576521567005,0.9196308712649686
DS03,14,1000,B,1e-05,-8.189681276002254,0.23692535742365115,0.263589499384489,0.004813602421070368,0.16769242380326002,1.751616132349115,6.220669424859209,0.9196308712649686
DS03,14,1000,D,1e-05,0.8955815236826125,0.02525515252715585,0.005727067989802421,0.0011883752742467817,0.9727141814198875,4.187919773984978,2.1985200717331765,0.9196308712649686
DS03,14,1000,B,3.1622776601683795e-05,-8.178424797364903,0.23678020753580464,0.26342045217910975,0.00481330770425661,0.167827008052709,1.7516164025912548,6.217011337211122,0.9196308712649686
DS03,14,1000,D,3.1622776601683795e-05,0.8956562221795638,0.02524611744297067,0.005727064723028784,0.001188346165699507,0.9727215693787082,4.187919775933971,2.198341657813099,0.9196308712649686
DS03,14,1000,B,0.0001,-8.142969569352458,0.2363224373051461,0.26288730553358247,0.0048123782042942785,0.16825250813822198,1.7516190932273443,6.205475641839222,0.9196308712649686
DS03,14,1000,D,0.0001,0.8958917904983926,0.025217603304519758,0.005727054405980602,0.001188254236953855,0.9727448324467072,4.187919795384199,2.1977784231706,0.9196308712649686
DS03,14,1000,B,0.00031622776601683794,-8.032242295300511,0.23488706948883797,0.26121549452239257,0.0048094634081760675,0.16959712935478535,1.7516456315358904,6.16931558911264,0.9196308712649686
DS03,14,1000,D,0.00031622776601683794,0.896630275462416,0.02512800439796195,0.0057270219139570495,0.001187964733015513,0.9728174095901405,4.187919988638477,2.1960068664619445,0.9196308712649686
DS03,14,1000,B,0.001,-7.69549865401275,0.2304669031000169,0.2560662732256573,0.004800484556225099,0.17383986885286704,1.7518998227818097,6.058068085315483,0.9196308712649686
DS03,14,1000,D,0.001,0.8989024363881806,0.02485030163878435,0.00572692047922027,0.0011870610771892367,0.9730373526275601,4.18792188247043,2.1904986477234663,0.9196308712649686
DS03,14,1000,B,0.0031622776601683794,-6.750153644635509,0.21757874935805627,0.24104359567884434,0.004775989529413948,0.18716197781906305,1.7541278843329993,5.734687453407578,0.9196308712649686
DS03,14,1000,D,0.0031622776601683794,0.9054962737470514,0.0240262386410201,0.005726612269165438,0.001184316783434524,0.9736460037947078,4.187939667896916,2.173973089408236,0.9196308712649686
DS03,14,1000,B,0.01,-4.6211229894838945,0.1852989096328618,0.20334463648674841,0.0047201453860962455,0.22830586466250136,1.769397940568717,4.9328630241614295,0.9196308712649686
DS03,14,1000,D,0.01,0.9119701661789619,0.023188692468048454,0.005726188253977207,0.0011789177758169081,0.971823194218633,4.188018233816549,2.1475163956903196,0.9196308712649686
DS03,14,1000,B,0.03162277660168379,-1.6895516598121896,0.12817439174127565,0.1361640473871535,0.004648954478900499,0.34775852719771344,1.8297541007039602,3.5628575841514243,0.9196308712649686
DS03,14,1000,D,0.03162277660168379,0.9278558372888709,0.020992391570358152,0.0057250591573502815,0.0011687399640128754,0.9729881870627476,4.1886982910095405,2.0903735380244917,0.9196308712649686
DS03,14,1000,B,0.1,0.1756535666277762,0.07096042395751453,0.06693676023851758,0.004605082155059043,0.618198201194906,1.932691576628732,2.3514412982977233,0.9196308712649686
DS03,14,1000,D,0.1,0.9540355790832803,0.016756071946014934,0.005721490994370334,0.0011434610140640263,0.981078068571207,4.192668322806019,1.9574881176603869,0.9196308712649686
DS03,14,1000,B,0.31622776601683794,0.7228440648550198,0.041145601116405486,0.026540993569089857,0.0046007809876397405,0.8944332705296499,2.010415375384104,1.9004369386635844,0.9196308712649686
DS03,14,1000,D,0.31622776601683794,0.9259871701245579,0.021262524390096446,0.005715940999639627,0.001118770821221654,0.9815879716162367,4.19984030760584,1.8657357801131984,0.9196308712649686
DS03,14,1000,B,1.0,0.8284847208393336,0.03236776610745887,0.01114950621303135,0.004566773593542513,0.9758501843421931,2.046556295249761,1.8205770657478697,0.9196308712649686
DS03,14,1000,D,1.0,0.8888202648468296,0.02605998356585032,0.005706079042633915,0.0011180819824823272,0.9828471677542074,4.20844136535119,1.8313423697797175,0.9196308712649686
DS03,14,1000,B,3.1622776601683795,0.8491013642406288,0.030360154453021863,0.00713342086045869,0.004439420284599283,0.9880746730246788,2.0707494001068874,1.8048968289690035,0.9196308712649686
DS03,14,1000,D,3.1622776601683795,0.8737548705667881,0.027769536811194803,0.004043905448483321,0.001150545792118582,0.9900434137590882,4.2285066521502985,1.8057118755947297,0.9196308712649686
DS03,14,1000,B,10.0,0.853523086616207,0.02991203152166467,0.005869128603847984,0.00414691976382591,0.9906535496790277,2.180200449048944,1.784773055583718,0.9196308712649686
DS03,14,1000,D,10.0,0.8653641456289005,0.028677526201956547,0.0028538902883110382,0.0012780351767929013,0.9934511466383897,4.288565194446726,1.7828179530814288,0.9196308712649686
DS03,14,1000,B,31.622776601683793,0.8501102246095397,0.030258495075771833,0.004578388993469676,0.003857942262449957,0.9926501245372993,2.915194973412511,1.7325389486528848,0.9196308712649686
DS03,14,1000,D,31.622776601683793,0.8558619656985426,0.029672259428819885,0.0022942110159241483,0.0017171152677696703,0.9944819764545576,4.6924190726328066,1.7321133645675757,0.9196308712649686
DS03,14,1000,B,100.0,0.8261291798899465,0.03258927291527293,0.0034192227073064256,0.004419324061900078,0.9948666988468792,5.82831459510635,1.611791703800461,0.9196308712649686
DS03,14,1000,D,100.0,0.8295465022030921,0.03226742272967464,0.0022597218588084056,0.0027857244523637734,0.994794876091535,6.876304167247181,1.612657519926729,0.9196308712649686
DS03,14,1000,B,316.22776601683796,0.7510803391348209,0.03899338342696749,0.00314839327441015,0.005798661279354692,0.9962893209902056,12.692405754996793,1.3932707495361525,0.9196308712649686
DS03,14,1000,D,316.22776601683796,0.7531298623505447,0.038832522228985825,0.002719515563014538,0.004446100652384795,0.9953213908494939,13.183147563631334,1.3952611532621992,0.9196308712649686
DS03,14,1000,B,1000.0,0.6106726366529154,0.04876618526348091,0.003687484621969476,0.006747614916195142,0.9967854121295018,25.47596731821463,1.0617388919946993,0.9196308712649686
DS03,14,1000,D,1000.0,0.6129407322884084,0.048623929744619744,0.0035600202782669382,0.005389631596804319,0.9962795659014677,25.737173956465003,1.0643570999498524,0.9196308712649686
DS03,14,1000,B,3162.2776601683795,0.40860701805310573,0.06010345020501769,0.004460801554329465,0.005385306489957429,0.996979726031665,44.139128257447645,0.6372641883240322,0.9196308712649686
DS03,14,1000,D,3162.2776601683795,0.4105423659667595,0.06000502461286205,0.004437939990801758,0.004303629405943216,0.9968336285400644,44.3949394014082,0.6374378168482753,0.9196308712649686
DS03,14,1000,B,10000.0,0.20162919427381576,0.06983347340959423,0.005090657558891102,0.0030901772619227235,0.9971528328638509,60.42730714664349,0.28781978935077923,0.9196308712649686
DS03,14,1000,D,10000.0,0.20231109240949252,0.06980364423285908,0.005087401017351515,0.0025139818011339606,0.9969585323835819,60.60619829203721,0.2880428761101809,0.9196308712649686
DS03,15,1,Z_zero,,0.0,0.07834294999233453,0.005145058614833981,0.0,0.0,81.04364076666207,0.0,28.94276088878771
DS03,15,1,B,1e-06,-474.109823628548,1.7076423855339553,0.9239910689368483,0.023954291916527398,0.006593132904844863,9.929876601817538,41.976193288882875,28.94276088878771
DS03,15,1,D,1e-06,-0.49095393039722035,0.09566036484519568,0.007854934187331937,0.0031750824642756974,0.9880296291127388,22.367739336846455,2.963411731394349,28.94276088878771
DS03,15,1,B,3.162277660168379e-06,-474.0487240123603,1.70753257971243,0.9239316756116365,0.023953927710164618,0.0065954122381274086,9.929876625515831,41.97349940970834,28.94276088878771
DS03,15,1,D,3.162277660168379e-06,-0.4909539075625038,0.09566036411265214,0.00785493416430517,0.003175082522468709,0.9880296290229215,22.367739336846462,2.9634117073771016,28.94276088878771
DS03,15,1,B,1e-05,-473.85558762276025,1.7071854361592187,0.923743907704777,0.02395277629630118,0.006602620116406971,9.929876862395124,41.96498289808886,28.94276088878771
DS03,15,1,D,1e-05,-0.49095383535280135,0.09566036179614643,0.007854934091488228,0.0031750827064911478,0.9880296287388948,22.367739336846533,2.963411631427906,28.94276088878771
DS03,15,1,B,3.1622776601683795e-05,-473.2456115215922,1.7060886006447034,0.9231506358912402,0.023949138281712554,0.006625413356270963,9.929879227912805,41.93807413099501,28.94276088878771
DS03,15,1,D,3.1622776601683795e-05,-0.4909536070057361,0.0956603544707138,0.007854933861221011,0.003175083288421583,0.9880296278407232,22.367739336847194,2.9634113912555042,28.94276088878771
DS03,15,1,B,0.0001,-471.32441597243434,1.702629363432944,0.9212795557038251,0.02393766453864712,0.006697491183081633,9.929902779917573,41.85320855686094,28.94276088878771
DS03,15,1,D,0.0001,-0.490952884909589,0.09566033130567989,0.00785493313305228,0.0031750851286504156,0.988029625000453,22.367739336853813,2.9634106317641336,28.94276088878771
DS03,15,1,B,0.00031622776601683794,-465.32531772094273,1.6917820713468894,0.915412328615138,0.023902145000928597,0.0069254140040595725,9.930135077213796,41.58709371139264,28.94276088878771
DS03,15,1,D,0.00031622776601683794,-0.49095060144787817,0.09566025805159196,0.007854930830382452,0.003175090947996998,0.9880296160187093,22.367739336920035,2.963408230046068,28.94276088878771
DS03,15,1,B,0.001,-447.08878753958754,1.65837201026586,0.8973411172926269,0.02379580024786304,0.007646095937144927,9.932359987367473,40.7674708076776,28.94276088878771
DS03,15,1,D,0.001,-0.4909433805758787,0.09566002640363713,0.007854923548721995,0.003175109350707794,0.9880295876157374,22.367739337582233,2.9634006351919187,28.94276088878771
DS03,15,1,B,0.0031622776601683794,-395.9623336394758,1.5608981677978688,0.8446189781739665,0.02348868721000358,0.009924343112532331,9.95185446933786,38.37641573799604,28.94276088878771
DS03,15,1,D,0.0031622776601683794,-0.49092054685320896,0.09565929388659289,0.007854900522296508,0.0031751675483997037,0.9880294977956068,22.367739344204058,2.9633766186066435,28.94276088878771
DS03,15,1,B,0.01,-281.2912212307358,1.3162809836888312,0.7123143887193558,0.022762931964844104,0.017120794762607566,10.085103093132782,32.37754024661634,28.94276088878771
DS03,15,1,D,0.01,-0.49084834707681635,0.09565697764537529,0.007854827708415519,0.003175351617758988,0.9880292137389436,22.36773941041675,2.9633006760185063,28.94276088878771
DS03,15,1,B,0.03162277660168379,-125.25972251233222,0.8803033125119077,0.4765443730071413,0.021808449269139326,0.03978221267506296,10.606066834752081,21.69674908961195,28.94276088878771
DS03,15,1,D,0.03162277660168379,-0.49062009926314487,0.09564965485771888,0.007854597471395828,0.00317593401688084,0.9880283152682734,22.367740072369337,2.963060569687179,28.94276088878771
DS03,15,1,B,0.1,-29.229801857376007,0.43074234802077394,0.23359606711663436,0.021249450400315402,0.11001743840080502,11.476279751230846,10.735650017691098,28.94276088878771
DS03,15,1,D,0.1,-0.38249675715264897,0.09211534467073364,0.007853926753140571,0.0031639880492279893,0.9402411146087237,22.36841707912975,2.8956611081431247,28.94276088878771
DS03,15,1,B,0.31622776601683794,-3.563909477892248,0.1673664605311335,0.0918751778994297,0.021097851620211914,0.3071255115011136,12.119798554824156,4.495545233525348,28.94276088878771
DS03,15,1,D,0.31622776601683794,0.4594923346470089,0.05759713078968941,0.007852777060226575,0.002996208169082017,0.9795837010862005,22.381109086462555,2.302309787960298,28.94276088878771
DS03,15,1,B,1.0,0.3163222809872832,0.06477771643788066,0.03819782657150261,0.020972866298744838,0.6517974024199681,12.406941282790674,2.412190374754579,28.94276088878771
DS03,15,1,D,1.0,0.7804560678341541,0.036707992983916256,0.007845928624976824,0.0029063739095636586,0.9746238388195922,22.394444346674078,2.036875862272018,28.94276088878771
DS03,15,1,B,3.1622776601683795,0.7726410609470802,0.03735561904707224,0.025095457313472527,0.0204642602607301,0.8658034691664693,12.514025563841155,2.0232974659832106,28.94276088878771
DS03,15,1,D,3.1622776601683795,0.8780373486680649,0.027359827144862382,0.007824727727316258,0.0028755835902014803,0.9709679715883047,22.408966967251757,1.9429318256025856,28.94276088878771
DS03,15,1,B,10.0,0.8391529707437105,0.0314200189689979,0.022167015295147058,0.019110876905953037,0.9142106059937932,12.588737684692745,1.9386809883944705,28.94276088878771
DS03,15,1,D,10.0,0.9430834075880616,0.01869043315365679,0.005624439457296971,0.0028306521881420643,0.9772849015217044,22.44975573918373,1.8605001934027925,28.94276088878771
DS03,15,1,B,31.622776601683793,0.8724722022758262,0.02797707781431963,0.019573369048129105,0.016777598498457228,0.9312792195922571,12.872402714724354,1.8417593226172826,28.94276088878771
DS03,15,1,D,31.622776601683793,0.9613255055945831,0.015406792845717384,0.00404078493426397,0.003002516435700278,0.982013308773601,22.574591728341606,1.7799587817963398,28.94276088878771
DS03,15,1,B,100.0,0.8781211908842478,0.02735042138463649,0.01604708063323056,0.014348862982467932,0.9482491314373761,14.233004054877469,1.6717238553267615,28.94276088878771
DS03,15,1,D,100.0,0.9393744579629927,0.01928980058889972,0.003434749466789482,0.0040598809555310875,0.9841610877758131,23.251980150084055,1.6356554240087116,28.94276088878771
DS03,15,1,B,316.22776601683796,0.8116309273696831,0.034002020170698345,0.012136955006287973,0.013033090907640892,0.9624964587510499,18.886937963616255,1.4097891717827793,28.94276088878771
DS03,15,1,D,316.22776601683796,0.8480156580387082,0.030542131631484358,0.003227400196853106,0.005706528308892012,0.9864104688460952,26.166568690896142,1.3874771328744624,28.94276088878771
DS03,15,1,B,1000.0,0.6577762179802816,0.045830544189743735,0.008782741888974089,0.011285156329432467,0.9702085494018413,29.589631830462142,1.0546450084011372,28.94276088878771
DS03,15,1,D,1000.0,0.6747008246524875,0.044682905157679906,0.0035533621165061468,0.006364718132297215,0.9880393881959124,34.387183470697934,1.0425538509494314,28.94276088878771
DS03,15,1,B,3162.2776601683795,0.43570579954727284,0.058850846525383166,0.006581728185033634,0.008137950121121083,0.9740806641623628,46.39088532956655,0.632740375317184,28.94276088878771
DS03,15,1,D,3162.2776601683795,0.44336051966427326,0.05845032412405199,0.0041771328675354,0.00525637898070497,0.9888045199372649,49.31687884168656,0.6250695369707315,28.94276088878771
DS03,15,1,B,10000.0,0.21469356205237966,0.0694255772939964,0.005556066484729352,0.0048188313211059465,0.9760433230924415,61.63483234233251,0.2967871066892591,28.94276088878771
DS03,15,1,D,10000.0,0.21790980243335034,0.06928326441753391,0.004692018862586573,0.003349170309380832,0.9887122824384672,63.53247112691387,0.2934453563550162,28.94276088878771
DS03,15,10,Z_zero,,0.0,0.07834294999233453,0.005145058614833981,0.0,0.0,80.90194601311042,0.0,9.152504618220847
DS03,15,10,B,1e-06,-99.14178297383533,0.7839846880239472,0.5958817745456882,0.010955285697149509,0.1534672401324059,3.3772788084332865,19.32960262770128,9.152504618220847
DS03,15,10,D,1e-06,-0.5490642554775131,0.09750674011922003,0.0057133646332891445,0.002034993273262687,0.9958982881240543,9.786363557812344,3.041311900129976,9.152504618220847
DS03,15,10,B,3.162277660168379e-06,-99.12891537584902,0.7839343178209435,0.5958434833174394,0.010955116660930322,0.1534723523232025,3.3772788230946107,19.328371686838743,9.152504618220847
DS03,15,10,D,3.162277660168379e-06,-0.5490642295279264,0.09750673930251419,0.005713364600881646,0.0020349934491297682,0.9958982881280101,9.78636355781236,3.041311873981961,9.152504618220847
DS03,15,10,B,1e-05,-99.08824078809988,0.7837750758878864,0.5957224282333816,0.010954582264340198,0.1534885184114045,3.377278969643687,19.324480156948216,9.152504618220847
DS03,15,10,D,1e-05,-0.5490641474681386,0.09750673671986387,0.005713364498400123,0.0020349940052700436,0.995898288140519,9.786363557812528,3.0413117912946834,9.152504618220847
DS03,15,10,B,3.1622776601683795e-05,-98.95977957115265,0.7832719347261095,0.5953399423377514,0.010952893781657282,0.1535396392698214,3.37728043310801,19.31218452051852,9.152504618220847
DS03,15,10,D,3.1622776601683795e-05,-0.5490638879723913,0.09750672855280876,0.005713364174325208,0.002034995763939775,0.9958982881800748,9.78636355781422,3.0413115298146107,9.152504618220847
DS03,15,10,B,0.0001,-98.55517452723176,0.7816851109011743,0.594133645363309,0.010947568566768396,0.15370128960249563,3.377295003906761,19.273406619960273,9.152504618220847
DS03,15,10,D,0.0001,-0.5490630673755612,0.09750670272633266,0.005713363149511454,0.0020350013253388473,0.9958982883051586,9.786363557831132,3.0413107029425097,9.152504618220847
DS03,15,10,B,0.00031622776601683794,-97.29175582724329,0.7767092322649585,0.5903510041923088,0.010930869835651313,0.15421239256875754,3.3774387165758806,19.151813874507905,9.152504618220847
DS03,15,10,D,0.00031622776601683794,-0.5490604724283266,0.09750662105604437,0.0057133599087759055,0.00203501891199666,0.9958982887006889,9.786363558000243,3.0413080881483037,9.152504618220847
DS03,15,10,B,0.001,-93.4510717202599,0.7613833333443596,0.5787003365466984,0.01087943511175669,0.15582783586126073,3.378815036510241,18.777352058242904,9.152504618220847
DS03,15,10,D,0.001,-0.5490522665624864,0.09750636279391556,0.005713349660774208,0.0020350745255910707,0.9958982899512434,9.786363559691361,3.041299819492601,9.152504618220847
DS03,15,10,B,0.0031622776601683794,-82.68325126713084,0.7166699475133991,0.5447095847211391,0.010730731141696648,0.16092814367924557,3.390863487068812,17.685314359308908,9.152504618220847
DS03,15,10,D,0.0031622776601683794,-0.5490263181146,0.09750554611735017,0.005713317254784125,0.00203525038820994,0.9958982939036494,9.786363576602092,3.041273672203465,9.152504618220847
DS03,15,10,B,0.01,-58.5295266518635,0.6044580078117796,0.4594080652979725,0.01038052639544853,0.176971570875357,3.4727143356427526,14.948592060891594,9.152504618220847
DS03,15,10,D,0.01,-0.5489442697002567,0.09750296375922762,0.005713214788412925,0.0020358064845594,0.9958983063803053,9.786363745695029,3.04119099217552,9.152504618220847
DS03,15,10,B,0.03162277660168379,-25.653282164865665,0.40445971295465194,0.3073801433891712,0.009925336823152414,0.22675041499441187,3.7852210155992374,10.096190599543256,9.152504618220847
DS03,15,10,D,0.03162277660168379,-0.5486848876380832,0.09749479962473874,0.005712890864936791,0.0020375647148467425,0.9958983456155239,9.786365436170408,3.040929584563478,9.152504618220847
DS03,15,10,B,0.1,-5.400897633831489,0.19820762684569757,0.15063330837167127,0.009684706739752046,0.3718987302843207,4.286184641671721,5.208690081310576,9.152504618220847
DS03,15,10,D,0.1,-0.4367665990406333,0.09390593310390806,0.005711523455881003,0.002023344696979998,0.927079054056982,9.788395600356166,2.9719157094827082,9.152504618220847
DS03,15,10,B,0.31622776601683794,0.026805607959911937,0.07728580229631402,0.058862175948455775,0.00962916043319408,0.677887399758092,4.644026677517853,2.6700241489572574,9.152504618220847
DS03,15,10,D,0.31622776601683794,0.4908155185439328,0.05590330709129153,0.005699535236608314,0.0018495429008572077,0.9796883779570794,9.820518394118492,2.3306116260942797,9.152504618220847
DS03,15,10,B,1.0,0.8542916469271178,0.02990488561081746,0.023223708250606545,0.009578953298942152,0.9166268853757015,4.801480204583037,2.02305665566631,9.152504618220847
DS03,15,10,D,1.0,0.8898867162064416,0.025996793112122166,0.004774747653374058,0.001763011003844445,0.992426681317829,9.858995374035505,1.9974770544097096,9.152504618220847
DS03,15,10,B,3.1622776601683795,0.9537919386124234,0.016840647870546965,0.013613807682580354,0.009391808615414407,0.9770316078105884,4.864938675727425,1.9247825570113735,9.152504618220847
DS03,15,10,D,3.1622776601683795,0.9680584082742609,0.01400161713401299,0.004181221172372693,0.0017894905197231876,0.9924879362552859,9.883866582351105,1.921441354204461,9.152504618220847
DS03,15,10,B,10.0,0.9675506559085295,0.014112465140160542,0.011100387739814773,0.008979930120281608,0.9862346873339698,4.953874930925902,1.887015480185197,9.152504618220847
DS03,15,10,D,10.0,0.9850243621287444,0.009587217623855459,0.003928936884111896,0.0019369716164378975,0.9933831315033657,9.925311227116373,1.8854106110053517,9.152504618220847
DS03,15,10,B,31.622776601683793,0.9682562070831019,0.013958197192863214,0.008925817195190863,0.008431226396087363,0.9890666047949241,5.472912185706663,1.8144544511967982,9.152504618220847
DS03,15,10,D,31.622776601683793,0.9858853887362683,0.00930752864744061,0.002902955219415959,0.0021895184225523383,0.9946394086506635,10.180144252525677,1.816636656323274,9.152504618220847
DS03,15,10,B,100.0,0.9420934611891362,0.01885227318186775,0.00665631162849426,0.008479146538097651,0.9916631009919875,7.912144319170376,1.6641025792696822,9.152504618220847
DS03,15,10,D,100.0,0.9599843003332125,0.01567166459233345,0.0027511716435404824,0.0035303192537862156,0.9954725086215331,11.654769062930463,1.6691350474105873,9.152504618220847
DS03,15,10,B,316.22776601683796,0.8503696263018107,0.030304686882574493,0.005139847722370112,0.00911894764313657,0.9937175216135508,14.484946376394051,1.414966218818679,9.152504618220847
DS03,15,10,D,316.22776601683796,0.8659172408836309,0.028687082996290296,0.0031744202049271944,0.005593575003338099,0.9960828307340819,16.884572291641785,1.4174872751255547,9.152504618220847
DS03,15,10,B,1000.0,0.6809350228157931,0.044252670966058255,0.004548735809729706,0.008818482697311395,0.9947835198229288,26.953658113615145,1.0646326665519898,9.152504618220847
DS03,15,10,D,1000.0,0.6889168791401681,0.04369564399421208,0.003719713387057481,0.006381439751886973,0.9965043146448211,28.325534295929916,1.067043252966561,9.152504618220847
DS03,15,10,B,3162.2776601683795,0.4497568568243624,0.058113527833988966,0.004590877286795944,0.006909821851818663,0.9952855946288789,45.02925525160796,0.6393646222533919,9.152504618220847
DS03,15,10,D,3162.2776601683795,0.4543098543871633,0.05787259764660244,0.004281492751098442,0.005366724549325676,0.9967199289159007,45.92327624537923,0.6410560921846783,9.152504618220847
DS03,15,10,B,10000.0,0.2216818923555588,0.06911598282632783,0.004852337285409685,0.004296033886499251,0.9953654234223891,60.92034609216396,0.29891437228855067,9.152504618220847
DS03,15,10,D,10000.0,0.22391660550844494,0.06901668832097078,0.004738713634211698,0.00345742622434275,0.9967346190176509,61.572799432919155,0.30284301921316237,9.152504618220847
DS03,15,100,Z_zero,,0.0,0.07834294999233453,0.005145058614833981,0.0,0.0,79.24816857097441,0.0,2.894276088878771
DS03,15,100,B,1e-06,-25.032625799890763,0.39972278874443273,0.365380143132896,0.006699199142225242,0.2028574703236666,1.8187682414462987,9.981356569667632,2.894276088878771
DS03,15,100,D,1e-06,-0.506007809192353,0.09614208421378874,0.005067735907851628,0.0014526440636030281,0.9967029570136907,5.644726184415025,2.997186730357771,2.894276088878771
DS03,15,100,B,3.162277660168379e-06,-25.02928296683715,0.39969712384495465,0.3653566837988265,0.006699092200508922,0.20286821936012112,1.8187682485159453,9.980737548870206,2.894276088878771
DS03,15,100,D,3.162277660168379e-06,-0.5060077842844815,0.0961420834187415,0.005067735847801454,0.0014526442291396286,0.9967029570369268,5.6447261844150525,2.997186704710937,2.894276088878771
DS03,15,100,B,1e-05,-25.018716242298517,0.3996159860330544,0.36528251872799733,0.006698754111497396,0.2029022101941688,1.8187683191814898,9.978780566485867,2.894276088878771
DS03,15,100,D,1e-05,-0.506007705518887,0.0961420809045817,0.005067735657906472,0.0014526447526122988,0.9967029571104049,5.644726184415337,2.9971866236085347,2.894276088878771
DS03,15,100,B,3.1622776601683795e-05,-24.985343696676487,0.3993596228497301,0.36504818661578253,0.0066976858834428875,0.20300969257673981,1.8187690248597874,9.972597373481777,2.894276088878771
DS03,15,100,D,3.1622776601683795e-05,-0.5060074564402757,0.09614207295411209,0.005067735057406438,0.0014526464079778825,0.9967029573427639,5.644726184418171,2.9971863671402654,2.894276088878771
DS03,15,100,B,0.0001,-24.8802325338348,0.3985510961184572,0.3643091420619266,0.006694316856539465,0.20334952095508804,1.8187760508589406,9.953097534075395,2.894276088878771
DS03,15,100,D,0.0001,-0.5060066687853093,0.09614204781253965,0.0050677331584655,0.001452651642700681,0.9967029580775442,5.644726184446512,2.9971855561168823,2.894276088878771
DS03,15,100,B,0.00031622776601683794,-24.552012095558908,0.39601576308084796,0.36199168589648556,0.006683752313250403,0.20442354405543495,1.8188453488852239,9.891960166072732,2.894276088878771
DS03,15,100,D,0.00031622776601683794,-0.5060041780091584,0.09614196830810458,0.005067727153556852,0.0014526681963189382,0.9967029604010942,5.6447261847299135,2.997182991440673,2.894276088878771
DS03,15,100,B,0.001,-23.554244628797914,0.3882068639665994,0.35485383948997595,0.006651242172697974,0.20781378603203035,1.819509023898837,9.703744813165935,2.894276088878771
DS03,15,100,D,0.001,-0.5059963015589786,0.0961417168949861,0.0050677081650663935,0.001452720543169532,0.9967029677485131,5.644726187563917,2.997174881271617,2.894276088878771
DS03,15,100,B,0.0031622776601683794,-20.75683455173917,0.36542459592938964,0.33402921579066347,0.006564541131361642,0.21847252819361326,1.8253201100168306,9.155470811203351,2.894276088878771
DS03,15,100,D,0.0031622776601683794,-0.505971394792395,0.09614092187669825,0.005067648125164666,0.00145288607557953,0.9967029909801783,5.64472621590318,2.9971492351573223,2.894276088878771
DS03,15,100,B,0.01,-14.481519955401978,0.30825257932149247,0.2817687608841247,0.00638184010775851,0.25152841537329973,1.864853374460506,7.786577763532909,2.894276088878771
DS03,15,100,D,0.01,-0.5058926402388997,0.09613840800611881,0.005067458332097094,0.0014534095063608648,0.9967030644160286,5.64472649927156,2.9970681399441506,2.894276088878771
DS03,15,100,B,0.03162277660168379,-5.938708385899907,0.20636651906738895,0.18862796876525814,0.006117228763460579,0.348866957337394,2.0165989713222983,5.391905185034032,2.894276088878771
DS03,15,100,D,0.03162277660168379,-0.38569215588956274,0.09222173745932669,0.005066910258452934,0.0014426994691644401,0.8895251913219017,5.645508854579403,2.923436860653075,2.894276088878771
DS03,15,100,B,0.1,-0.6738493277452691,0.10135801621522963,0.09259579372803824,0.005966043326865116,0.5797186415073566,2.2620174685192302,3.1060130644392054,2.894276088878771
DS03,15,100,D,0.1,0.18066573961079113,0.07091375432013754,0.005066498896728182,0.001383517173147187,0.9777825573825446,5.659211896712281,2.5456293160779793,2.894276088878771
DS03,15,100,B,0.31622776601683794,0.7390009046771198,0.04002390156845616,0.03636856950084306,0.005956604769459795,0.8568212530422591,2.4386589782423886,2.1097290270546143,2.894276088878771
DS03,15,100,D,0.31622776601683794,0.7958409873836046,0.035398446189363324,0.005065348980955778,0.001279963192246034,0.99212957167392,5.692346930901303,2.056811309315421,2.894276088878771
DS03,15,100,B,1.0,0.9552447870727807,0.01657378629369736,0.014513428093665333,0.005961224080212962,0.9709741086022007,2.5175951915738306,1.911767645691836,2.894276088878771
DS03,15,100,D,1.0,0.9456127003816618,0.018270425801435276,0.004659622190858602,0.001250835255264037,0.9917017054723813,5.71661883794043,1.9212404300844261,2.894276088878771
DS03,15,100,B,3.1622776601683795,0.9814155407294088,0.010680089338272046,0.008593438775696934,0.005884918314863291,0.9908825051635652,2.5585715122069104,1.8789925948874862,2.894276088878771
DS03,15,100,D,3.1622776601683795,0.9815680358330761,0.01063618125121665,0.0034233301167257845,0.0012845484599019847,0.9934997192505279,5.7396418280860395,1.8816140935358232,2.894276088878771
DS03,15,100,B,10.0,0.9841849813005873,0.00985223530425321,0.007152438562936678,0.005768209827493948,0.9938824377226064,2.6866985967393817,1.8506364802406772,2.894276088878771
DS03,15,100,D,10.0,0.9902449891313349,0.007737734066147493,0.002653735243562152,0.0014032230293048332,0.9950554981077184,5.800082018317771,1.8515268130912892,2.894276088878771
DS03,15,100,B,31.622776601683793,0.9787016513660857,0.01143333389583617,0.006051650084463403,0.005781459690178705,0.9950515298436556,3.491984619072014,1.783041835984579,2.894276088878771
DS03,15,100,D,31.622776601683793,0.9866371752585907,0.00905626364300262,0.0027867904098200463,0.0017187270291411313,0.9961431635969303,6.19376766468667,1.7873604829705452,2.894276088878771
DS03,15,100,B,100.0,0.946512658253155,0.018118632992096127,0.004804764715532014,0.006472727992386177,0.9961674427661372,6.577576825661925,1.6378510507969173,2.894276088878771
DS03,15,100,D,100.0,0.9586253496253445,0.015935551172359213,0.0029011470039180523,0.003218584135954469,0.9967754743719875,8.293634212496915,1.646794430992736,2.894276088878771
DS03,15,100,B,316.22776601683796,0.8501030117774454,0.030331673628485538,0.0040325782096356875,0.00780433519646311,0.9970296129768448,13.610403001669008,1.3940235609484533,2.894276088878771
DS03,15,100,D,316.22776601683796,0.8625562517044172,0.02904440045677266,0.0032604671973041717,0.005337941367287383,0.9970589981647268,14.630965996054908,1.398499484421069,2.894276088878771
DS03,15,100,B,1000.0,0.6779548280920905,0.044458859452915736,0.004021532436467914,0.008002389090518352,0.9974436590508219,26.19808707093171,1.0493529018229828,2.894276088878771
DS03,15,100,D,1000.0,0.6845740849111592,0.043999587671809594,0.0038055007239600593,0.006231289297553029,0.9973356184334584,26.789061079921506,1.0527025331111166,2.894276088878771
DS03,15,100,B,3162.2776601683795,0.4462722506847575,0.0582972494893823,0.0043857347318613325,0.006498785427809581,0.9976159678437799,44.172047716538074,0.6299119850588378,2.894276088878771
DS03,15,100,D,3162.2776601683795,0.4501654773304271,0.05809194574822594,0.004344680308711407,0.005250960306518146,0.9974771081556134,44.6092968562362,0.6322574959792442,2.894276088878771
DS03,15,100,B,10000.0,0.21952753386324575,0.0692115720895598,0.0047761425940694045,0.004097065959584512,0.9976465166935263,59.89905653951827,0.29363698181146325,2.894276088878771
DS03,15,100,D,10000.0,0.2214545962405039,0.06912607423204319,0.004769871637247215,0.0033838552898733925,0.9974937216169378,60.2320651228354,0.2981663124343477,2.894276088878771
DS03,15,1000,Z_zero,,0.0,0.07834294999233453,0.005145058614833981,0.0,0.0,79.03229172883339,0.0,0.9152504618220849
DS03,15,1000,B,1e-06,-30.487911433469748,0.43961433794181376,0.2822798730258897,0.006476317980801761,0.20303583202278822,1.5344306841658548,10.946621381522048,0.9152504618220849
DS03,15,1000,D,1e-06,-0.5046631870795906,0.09609915494081896,0.005205124975841887,0.001366006555019981,0.9969768429085484,5.140001853785417,2.9972747647379268,0.9152504618220849
DS03,15,1000,B,3.162277660168379e-06,-30.48386633748351,0.4395860994968298,0.28226175713351503,0.006476221442839289,0.20304519730962065,1.5344306943084736,10.945938198449563,0.9152504618220849
DS03,15,1000,D,3.162277660168379e-06,-0.504663161911187,0.09609915413709678,0.005205124930720606,0.0013660067218311286,0.9969768429315029,5.140001853785448,2.997274738814308,0.9152504618220849
DS03,15,1000,B,1e-05,-30.471079754081106,0.43949682559578557,0.2822044849867569,0.006475916244603618,0.20307481253635387,1.534430795690294,10.943778370641393,0.9152504618220849
DS03,15,1000,D,1e-05,-0.5046630823217129,0.09609915159550426,0.0052051247880345024,0.0013660072493342263,0.9969768430040907,5.140001853785764,2.9972746568366326,0.9152504618220849
DS03,15,1000,B,3.1622776601683795e-05,-30.43069630400616,0.43921475558799444,0.28202352780041,0.006474951938549685,0.2031684599713288,1.5344318081064676,10.936954258777641,0.9152504618220849
DS03,15,1000,D,3.1622776601683795e-05,-0.5046628306377814,0.09609914355828532,0.00520512433682194,0.0013660089174450769,0.9969768432336341,5.14000185378891,2.997274397600521,0.9152504618220849
DS03,15,1000,B,0.0001,-30.303503430286717,0.43832515360030483,0.28145281897351504,0.006471953661703913,0.20346455779204078,1.534441888088531,10.915432987576985,0.9152504618220849
DS03,15,1000,D,0.0001,-0.5046620347440656,0.09609911814238714,0.005205122909967141,0.0013660141924720052,0.9969768439595111,5.14000185382037,2.9972735778244433,0.9152504618220849
DS03,15,1000,B,0.00031622776601683794,-29.9063309925304,0.43553558712202367,0.279663221698939,0.006462617618779858,0.20440048696279808,1.5345413063456583,10.847956126501835,0.9152504618220849
DS03,15,1000,D,0.00031622776601683794,-0.5046595179148325,0.0960990377704613,0.005205118397901555,0.0013660308735427853,0.9969768462549115,5.14000185413497,2.997270985469864,0.9152504618220849
DS03,15,1000,B,0.001,-28.698958212041106,0.4269436203583068,0.27415120678225036,0.006433861235262835,0.2073559910729074,1.5354933118856922,10.640207132596021,0.9152504618220849
DS03,15,1000,D,0.001,-0.5046515590787424,0.09609878361412483,0.005205104129954138,0.0013660836234304565,0.9969768535133563,5.1400018572809385,2.9972627877747726,0.9152504618220849
DS03,15,1000,B,0.0031622776601683794,-25.313919136390513,0.40187657164177476,0.25807000775541705,0.006350808947964504,0.21665984599798627,1.543818672316923,10.034871319687428,0.9152504618220849
DS03,15,1000,D,0.0031622776601683794,-0.5046263917969296,0.09609797992131372,0.005205059015307587,0.0013662504303229926,0.9969768764640885,5.1400018887397785,2.997236864885636,0.9152504618220849
DS03,15,1000,B,0.01,-17.720639592724574,0.3389692184320672,0.21771401800689444,0.006156348281861114,0.24563949722920742,1.599985018508703,8.522186429778492,0.9152504618220849
DS03,15,1000,D,0.01,-0.5045468135406086,0.09609543862241147,0.005204916395915573,0.0013667778910476836,0.9969769490158267,5.140002203301124,2.99715489450113,0.9152504618220849
DS03,15,1000,B,0.03162277660168379,-7.384583579088522,0.2268509853049029,0.14579385549203883,0.005865226706857089,0.33235757327248366,1.8091040531454086,5.8677349202616105,0.9152504618220849
DS03,15,1000,D,0.03162277660168379,-0.402993909778536,0.09279569177979524,0.005204492184793168,0.0013580368648639693,0.8896378501347529,5.141008084220996,2.9350424570511207,0.9152504618220849
DS03,15,1000,B,0.1,-1.0162364966432915,0.11124247856834897,0.07166024459913843,0.005648008135646399,0.550106621390744,2.131620385069957,3.3043132997416897,0.9152504618220849
DS03,15,1000,D,0.1,0.08405259671385867,0.07497823083161805,0.005203975038813473,0.0013054154184866783,0.9690413056026826,5.154179778743918,2.6135559242866613,0.9152504618220849
DS03,15,1000,B,0.31622776601683794,0.6913917254118234,0.04352148484951235,0.02832324375966626,0.005583824041892823,0.8393305726970456,2.3555616348953983,2.1516642554058847,0.9152504618220849
DS03,15,1000,D,0.31622776601683794,0.7532511520203,0.038915936643246336,0.005201596320189409,0.00120381562218284,0.9915250886573929,5.192564492344624,2.0944907715022882,0.9152504618220849
DS03,15,1000,B,1.0,0.9520713200354788,0.01715132414502899,0.011642804275470812,0.005551916933124745,0.9680923602534582,2.4537024428278915,1.915315067559104,0.9152504618220849
DS03,15,1000,D,1.0,0.9508719010638234,0.017364604665069065,0.0033406340043187852,0.001154141652142837,0.9937323165389914,5.227340185892719,1.916696647126759,0.9152504618220849
DS03,15,1000,B,3.1622776601683795,0.9832481717590714,0.01013983823442166,0.0072588837562771276,0.00550487616570854,0.9916824326117295,2.501500430628613,1.8775650075475092,0.9152504618220849
DS03,15,1000,D,3.1622776601683795,0.9862354018146418,0.009191400492751047,0.002891143338674007,0.0011850693501696177,0.99513459484082,5.251046913324936,1.8778272425000602,0.9152504618220849
DS03,15,1000,B,10.0,0.9862865076948026,0.0091743214821421,0.00620005772905887,0.005424906331599114,0.9950202392795623,2.6338104220795797,1.8487448403951252,0.9152504618220849
DS03,15,1000,D,10.0,0.9922907518458276,0.006878693102599603,0.002687268794322023,0.0013405574085232884,0.9962309491075407,5.31123189420632,1.8507502571386107,0.9152504618220849
DS03,15,1000,B,31.622776601683793,0.9804573376439645,0.010951958391066283,0.005358566532143158,0.005534390994087647,0.9960506706040704,3.4518346678528706,1.7810499208709039,0.9152504618220849
DS03,15,1000,D,31.622776601683793,0.9878078708782734,0.008650469864811884,0.002618716571096742,0.0017168048363953488,0.9967643863552339,5.743922351701623,1.7860273843423244,0.9152504618220849
DS03,15,1000,B,100.0,0.947887343107172,0.017884282799550816,0.004380770507268448,0.006278744482752381,0.9969441312799879,6.561188257736299,1.635381481836689,0.9152504618220849
DS03,15,1000,D,100.0,0.9593617684453104,0.01579309766636231,0.002746639996111416,0.0032234759299856184,0.9969963453778016,7.96738045451386,1.6448626526197467,0.9152504618220849
DS03,15,1000,B,316.22776601683796,0.8509465357760715,0.030246209633355413,0.00382813185917955,0.007671942242703412,0.9976246508223531,13.6055661254695,1.3908946685773163,0.9152504618220849
DS03,15,1000,D,316.22776601683796,0.863132343232702,0.028983467154002938,0.0031457529953917126,0.005338332097169483,0.9972515501254876,14.458586910213416,1.3956332482674048,0.9152504618220849
DS03,15,1000,B,1000.0,0.67795871418183,0.04445859121160392,0.003945455031920467,0.00789819737283166,0.9979444879783118,26.16597576019896,1.0462933774955003,0.9152504618220849
DS03,15,1000,D,1000.0,0.6844808106219927,0.04400609272848463,0.003740716130688324,0.006218939503884902,0.9975342742366738,26.67256841170882,1.0496691853245848,0.9152504618220849
DS03,15,1000,B,3162.2776601683795,0.4457247007801777,0.058326065786022424,0.004362792814895502,0.006439308634974666,0.9980689833835764,44.0720809494847,0.6278894188832125,0.9152504618220849
DS03,15,1000,D,3162.2776601683795,0.4495410569714354,0.0581249224888368,0.00431399334458326,0.005240609573827076,0.9976653300776448,44.45858149240833,0.6303297609024904,0.9152504618220849
DS03,15,1000,B,10000.0,0.21909065718546905,0.06923094028819889,0.004769227577514765,0.004060735801609691,0.9980971462687839,59.73684678092533,0.29270503258919234,0.9152504618220849
DS03,15,1000,D,10000.0,0.22098103399241587,0.0691470945363839,0.004757078022060686,0.0033826287187059137,0.9976471367851675,60.034810125319666,0.2973493236718182,0.9152504618220849
