regime,subset,unit,cycle,parameter,component,hs,theta_true,theta_hat,truth_label,pred_label,truth_component_stage,pred_component_stage,truth_stage,pred_stage,reconstruction_score,unknown
test_id,DS01-005_id,4,1,HPT_eff_mod,1,1,-0.0015395950556945,-0,0,0,0,0,0,0,0.0921188420851273,0
test_id,DS01-005_id,4,1,fan_eff_mod,2,1,0,-0,0,0,0,0,0,0,0.0921188420851273,0
test_id,DS01-005_id,4,1,fan_flow_mod,3,1,0,-0,0,0,0,0,0,0,0.0921188420851273,0
test_id,DS01-005_id,4,1,HPC_eff_mod,4,1,0,-0,0,0,0,0,0,0,0.0921188420851273,0
test_id,DS01-005_id,4,1,HPC_flow_mod,5,1,0,-0,0,0,0,0,0,0,0.0921188420851273,0
test_id,DS01-005_id,4,1,LPT_eff_mod,6,1,0,-0,0,0,0,0,0,0,0.0921188420851273,0
test_id,DS01-005_id,4,1,LPT_flow_mod,7,1,0,-0,0,0,0,0,0,0,0.0921188420851273,0
test_id,DS01-005_id,4,1,LPC_eff_mod,8,1,0,-0,0,0,0,0,0,0,0.0921188420851273,0
test_id,DS01-005_id,4,1,LPC_flow_mod,9,1,0,-0,0,0,0,0,0,0,0.0921188420851273,0
test_id,DS01-005_id,4,2,HPT_eff_mod,1,1,0.00422041422999502,-0,0,0,0,0,0,0,0.0890561540998973,0
test_id,DS01-005_id,4,2,fan_eff_mod,2,1,0,-0,0,0,0,0,0,0,0.0890561540998973,0
test_id,DS01-005_id,4,2,fan_flow_mod,3,1,0,-0,0,0,0,0,0,0,0.0890561540998973,0
test_id,DS01-005_id,4,2,HPC_eff_mod,4,1,0,-0,0,0,0,0,0,0,0.0890561540998973,0
test_id,DS01-005_id,4,2,HPC_flow_mod,5,1,0,-0,0,0,0,0,0,0,0.0890561540998973,0
test_id,DS01-005_id,4,2,LPT_eff_mod,6,1,0,-0,0,0,0,0,0,0,0.0890561540998973,0
test_id,DS01-005_id,4,2,LPT_flow_mod,7,1,0,-0,0,0,0,0,0,0,0.0890561540998973,0
test_id,DS01-005_id,4,2,LPC_eff_mod,8,1,0,-0,0,0,0,0,0,0,0.0890561540998973,0
test_id,DS01-005_id,4,2,LPC_flow_mod,9,1,0,-0,0,0,0,0,0,0,0.0890561540998973,0
test_id,DS01-005_id,4,3,HPT_eff_mod,1,1,-0.0026808191742997,-0,0,0,0,0,0,0,0.0598284827107437,0
test_id,DS01-005_id,4,3,fan_eff_mod,2,1,0,-0,0,0,0,0,0,0,0.0598284827107437,0
test_id,DS01-005_id,4,3,fan_flow_mod,3,1,0,-0,0,0,0,0,0,0,0.0598284827107437,0
test_id,DS01-005_id,4,3,HPC_eff_mod,4,1,0,-0,0,0,0,0,0,0,0.0598284827107437,0
test_id,DS01-005_id,4,3,HPC_flow_mod,5,1,0,-0,0,0,0,0,0,0,0.0598284827107437,0
test_id,DS01-005_id,4,3,LPT_eff_mod,6,1,0,-0,0,0,0,0,0,0,0.0598284827107437,0
test_id,DS01-005_id,4,3,LPT_flow_mod,7,1,0,-0,0,0,0,0,0,0,0.0598284827107437,0
test_id,DS01-005_id,4,3,LPC_eff_mod,8,1,0,-0,0,0,0,0,0,0,0.0598284827107437,0
test_id,DS01-005_id,4,3,LPC_flow_mod,9,1,0,-0,0,0,0,0,0,0,0.0598284827107437,0
test_id,DS01-005_id,4,4,HPT_eff_mod,1,1,0.0113616563053896,-0,0,0,0,0,0,0,0.124191028935446,0
test_id,DS01-005_id,4,4,fan_eff_mod,2,1,0,-0,0,0,0,0,0,0,0.124191028935446,0
test_id,DS01-005_id,4,4,fan_flow_mod,3,1,0,-0,0,0,0,0,0,0,0.124191028935446,0
test_id,DS01-005_id,4,4,HPC_eff_mod,4,1,0,-0,0,0,0,0,0,0,0.124191028935446,0
test_id,DS01-005_id,4,4,HPC_flow_mod,5,1,0,-0,0,0,0,0,0,0,0.124191028935446,0
test_id,DS01-005_id,4,4,LPT_eff_mod,6,1,0,-0,0,0,0,0,0,0,0.124191028935446,0
test_id,DS01-005_id,4,4,LPT_flow_mod,7,1,0,-0,0,0,0,0,0,0,0.124191028935446,0
test_id,DS01-005_id,4,4,LPC_eff_mod,8,1,0,-0,0,0,0,0,0,0,0.124191028935446,0
test_id,DS01-005_id,4,4,LPC_flow_mod,9,1,0,-0,0,0,0,0,0,0,0.124191028935446,0
test_id,DS01-005_id,4,5,HPT_eff_mod,1,1,0.0095088421140736,-0,0,0,0,0,0,0,0.117039533367905,0
test_id,DS01-005_id,4,5,fan_eff_mod,2,1,0,-0,0,0,0,0,0,0,0.117039533367905,0
test_id,DS01-005_id,4,5,fan_flow_mod,3,1,0,-0,0,0,0,0,0,0,0.117039533367905,0
test_id,DS01-005_id,4,5,HPC_eff_mod,4,1,0,-0,0,0,0,0,0,0,0.117039533367905,0
test_id,DS01-005_id,4,5,HPC_flow_mod,5,1,0,-0,0,0,0,0,0,0,0.117039533367905,0
test_id,DS01-005_id,4,5,LPT_eff_mod,6,1,0,-0,0,0,0,0,0,0,0.117039533367905,0
test_id,DS01-005_id,4,5,LPT_flow_mod,7,1,0,-0,0,0,0,0,0,0,0.117039533367905,0
test_id,DS01-005_id,4,5,LPC_eff_mod,8,1,0,-0,0,0,0,0,0,0,0.117039533367905,0
test_id,DS01-005_id,4,5,LPC_flow_mod,9,1,0,-0,0,0,0,0,0,0,0.117039533367905,0
test_id,DS01-005_id,4,6,HPT_eff_mod,1,1,-0.00906395858410531,-0.00049605889893919,0,0,0,0,0,0,0.105864668856377,0
test_id,DS01-005_id,4,6,fan_eff_mod,2,1,0,-0,0,0,0,0,0,0,0.105864668856377,0
test_id,DS01-005_id,4,6,fan_flow_mod,3,1,0,-0,0,0,0,0,0,0,0.105864668856377,0
test_id,DS01-005_id,4,6,HPC_eff_mod,4,1,0,-0.00128389378230353,0,0,0,0,0,0,0.105864668856377,0
test_id,DS01-005_id,4,6,HPC_flow_mod,5,1,0,-0,0,0,0,0,0,0,0.105864668856377,0
test_id,DS01-005_id,4,6,LPT_eff_mod,6,1,0,-0,0,0,0,0,0,0,0.105864668856377,0
test_id,DS01-005_id,4,6,LPT_flow_mod,7,1,0,-0,0,0,0,0,0,0,0.105864668856377,0
test_id,DS01-005_id,4,6,LPC_eff_mod,8,1,0,-0.000839890785082726,0,0,0,0,0,0,0.105864668856377,0
test_id,DS01-005_id,4,6,LPC_flow_mod,9,1,0,-0,0,0,0,0,0,0,0.105864668856377,0
test_id,DS01-005_id,4,7,HPT_eff_mod,1,1,0.00738208197025102,-0.00049605889893919,0,0,0,0,0,0,0.0939757795416263,0
test_id,DS01-005_id,4,7,fan_eff_mod,2,1,0,-0,0,0,0,0,0,0,0.0939757795416263,0
test_id,DS01-005_id,4,7,fan_flow_mod,3,1,0,-0,0,0,0,0,0,0,0.0939757795416263,0
test_id,DS01-005_id,4,7,HPC_eff_mod,4,1,0,-0.00128389378230353,0,0,0,0,0,0,0.0939757795416263,0
test_id,DS01-005_id,4,7,HPC_flow_mod,5,1,0,-0,0,0,0,0,0,0,0.0939757795416263,0
test_id,DS01-005_id,4,7,LPT_eff_mod,6,1,0,-0,0,0,0,0,0,0,0.0939757795416263,0
test_id,DS01-005_id,4,7,LPT_flow_mod,7,1,0,-0,0,0,0,0,0,0,0.0939757795416263,0
test_id,DS01-005_id,4,7,LPC_eff_mod,8,1,0,-0.000839890785082726,0,0,0,0,0,0,0.0939757795416263,0
test_id,DS01-005_id,4,7,LPC_flow_mod,9,1,0,-0,0,0,0,0,0,0,0.0939757795416263,0
test_id,DS01-005_id,4,8,HPT_eff_mod,1,1,-0.00117431426472439,-0.00049605889893919,0,0,0,0,0,0,0.278259647752382,0
test_id,DS01-005_id,4,8,fan_eff_mod,2,1,0,-0,0,0,0,0,0,0,0.278259647752382,0
test_id,DS01-005_id,4,8,fan_flow_mod,3,1,0,-0,0,0,0,0,0,0,0.278259647752382,0
test_id,DS01-005_id,4,8,HPC_eff_mod,4,1,0,-0.00128389378230353,0,0,0,0,0,0,0.278259647752382,0
test_id,DS01-005_id,4,8,HPC_flow_mod,5,1,0,-0,0,0,0,0,0,0,0.278259647752382,0
test_id,DS01-005_id,4,8,LPT_eff_mod,6,1,0,-0.00438127902458937,0,0,0,0,0,0,0.278259647752382,0
test_id,DS01-005_id,4,8,LPT_flow_mod,7,1,0,-0,0,0,0,0,0,0,0.278259647752382,0
test_id,DS01-005_id,4,8,LPC_eff_mod,8,1,0,-0.000839890785082726,0,0,0,0,0,0,0.278259647752382,0
test_id,DS01-005_id,4,8,LPC_flow_mod,9,1,0,-0,0,0,0,0,0,0,0.278259647752382,0
test_id,DS01-005_id,4,9,HPT_eff_mod,1,1,-0.0136800621289221,-0.00049605889893919,0,0,0,0,0,0,0.154319074534911,0
test_id,DS01-005_id,4,9,fan_eff_mod,2,1,0,-0,0,0,0,0,0,0,0.154319074534911,0
test_id,DS01-005_id,4,9,fan_flow_mod,3,1,0,-0,0,0,0,0,0,0,0.154319074534911,0
test_id,DS01-005_id,4,9,HPC_eff_mod,4,1,0,-0.00128389378230353,0,0,0,0,0,0,0.154319074534911,0
test_id,DS01-005_id,4,9,HPC_flow_mod,5,1,0,-0,0,0,0,0,0,0,0.154319074534911,0
test_id,DS01-005_id,4,9,LPT_eff_mod,6,1,0,-0.00438127902458937,0,0,0,0,0,0,0.154319074534911,0
test_id,DS01-005_id,4,9,LPT_flow_mod,7,1,0,-0.00878959742217883,0,0,0,0,0,0,0.154319074534911,0
test_id,DS01-005_id,4,9,LPC_eff_mod,8,1,0,-0.000839890785082726,0,0,0,0,0,0,0.154319074534911,0
test_id,DS01-005_id,4,9,LPC_flow_mod,9,1,0,-0,0,0,0,0,0,0,0.154319074534911,0
test_id,DS01-005_id,4,10,HPT_eff_mod,1,1,-0.0153747147442439,-0.00237327749182017,0,0,0,0,0,0,0.132373794462889,0
test_id,DS01-005_id,4,10,fan_eff_mod,2,1,0,-0,0,0,0,0,0,0,0.132373794462889,0
test_id,DS01-005_id,4,10,fan_flow_mod,3,1,0,-0,0,0,0,0,0,0,0.132373794462889,0
test_id,DS01-005_id,4,10,HPC_eff_mod,4,1,0,-0.00128389378230353,0,0,0,0,0,0,0.132373794462889,0
test_id,DS01-005_id,4,10,HPC_flow_mod,5,1,0,-0,0,0,0,0,0,0,0.132373794462889,0
test_id,DS01-005_id,4,10,LPT_eff_mod,6,1,0,-0.00438127902458937,0,0,0,0,0,0,0.132373794462889,0
test_id,DS01-005_id,4,10,LPT_flow_mod,7,1,0,-0.00878959742217883,0,0,0,0,0,0,0.132373794462889,0
test_id,DS01-005_id,4,10,LPC_eff_mod,8,1,0,-0.000839890785082726,0,0,0,0,0,0,0.132373794462889,0
test_id,DS01-005_id,4,10,LPC_flow_mod,9,1,0,-0,0,0,0,0,0,0,0.132373794462889,0
test_id,DS01-005_id,4,11,HPT_eff_mod,1,1,-0.0147307707639826,-0.00237327749182017,0,0,0,0,0,0,0.0938847202252407,0
test_id,DS01-005_id,4,11,fan_eff_mod,2,1,0,-0,0,0,0,0,0,0,0.0938847202252407,0
test_id,DS01-005_id,4,11,fan_flow_mod,3,1,0,-0.000172526220436569,0,0,0,0,0,0,0.0938847202252407,0
test_id,DS01-005_id,4,11,HPC_eff_mod,4,1,0,-0.00128389378230353,0,0,0,0,0,0,0.0938847202252407,0
test_id,DS01-005_id,4,11,HPC_flow_mod,5,1,0,-0,0,0,0,0,0,0,0.0938847202252407,0
test_id,DS01-005_id,4,11,LPT_eff_mod,6,1,0,-0.00438127902458937,0,0,0,0,0,0,0.0938847202252407,0
test_id,DS01-005_id,4,11,LPT_flow_mod,7,1,0,-0.00878959742217883,0,0,0,0,0,0,0.0938847202252407,0
test_id,DS01-005_id,4,11,LPC_eff_mod,8,1,0,-0.000839890785082726,0,0,0,0,0,0,0.0938847202252407,0
test_id,DS01-005_id,4,11,LPC_flow_mod,9,1,0,-0,0,0,0,0,0,0,0.0938847202252407,0
test_id,DS01-005_id,4,12,HPT_eff_mod,1,1,-0.00157302185190615,-0.00237327749182017,0,0,0,0,0,0,0.125733370004171,0
test_id,DS01-005_id,4,12,fan_eff_mod,2,1,0,-0,0,0,0,0,0,0,0.125733370004171,0
test_id,DS01-005_id,4,12,fan_flow_mod,3,1,0,-0.000172526220436569,0,0,0,0,0,0,0.125733370004171,0
test_id,DS01-005_id,4,12,HPC_eff_mod,4,1,0,-0.00128389378230353,0,0,0,0,0,0,0.125733370004171,0
test_id,DS01-005_id,4,12,HPC_flow_mod,5,1,0,-0,0,0,0,0,0,0,0.125733370004171,0
test_id,DS01-005_id,4,12,LPT_eff_mod,6,1,0,-0.00438127902458937,0,0,0,0,0,0,0.125733370004171,0
test_id,DS01-005_id,4,12,LPT_flow_mod,7,1,0,-0.00878959742217883,0,0,0,0,0,0,0.125733370004171,0
test_id,DS01-005_id,4,12,LPC_eff_mod,8,1,0,-0.000839890785082726,0,0,0,0,0,0,0.125733370004171,0
test_id,DS01-005_id,4,12,LPC_flow_mod,9,1,0,-0,0,0,0,0,0,0,0.125733370004171,0
test_id,DS01-005_id,4,13,HPT_eff_mod,1,1,-0.0175628806164002,-0.00253402312060453,0,0,0,0,0,0,0.115758456828624,0
test_id,DS01-005_id,4,13,fan_eff_mod,2,1,0,-0,0,0,0,0,0,0,0.115758456828624,0
test_id,DS01-005_id,4,13,fan_flow_mod,3,1,0,-0.000172526220436569,0,0,0,0,0,0,0.115758456828624,0
test_id,DS01-005_id,4,13,HPC_eff_mod,4,1,0,-0.00128389378230353,0,0,0,0,0,0,0.115758456828624,0
test_id,DS01-005_id,4,13,HPC_flow_mod,5,1,0,-0,0,0,0,0,0,0,0.115758456828624,0
test_id,DS01-005_id,4,13,LPT_eff_mod,6,1,0,-0.00438127902458937,0,0,0,0,0,0,0.115758456828624,0
test_id,DS01-005_id,4,13,LPT_flow_mod,7,1,0,-0.00878959742217883,0,0,0,0,0,0,0.115758456828624,0
test_id,DS01-005_id,4,13,LPC_eff_mod,8,1,0,-0.000839890785082726,0,0,0,0,0,0,0.115758456828624,0
test_id,DS01-005_id,4,13,LPC_flow_mod,9,1,0,-0,0,0,0,0,0,0,0.115758456828624,0
test_id,DS01-005_id,4,14,HPT_eff_mod,1,1,-0.0181005327872193,-0.00253402312060453,0,0,0,0,0,0,0.10123125781185,0
test_id,DS01-005_id,4,14,fan_eff_mod,2,1,0,-0,0,0,0,0,0,0,0.10123125781185,0
test_id,DS01-005_id,4,14,fan_flow_mod,3,1,0,-0.000172526220436569,0,0,0,0,0,0,0.10123125781185,0
test_id,DS01-005_id,4,14,HPC_eff_mod,4,1,0,-0.00128389378230353,0,0,0,0,0,0,0.10123125781185,0
test_id,DS01-005_id,4,14,HPC_flow_mod,5,1,0,-0,0,0,0,0,0,0,0.10123125781185,0
test_id,DS01-005_id,4,14,LPT_eff_mod,6,1,0,-0.00438127902458937,0,0,0,0,0,0,0.10123125781185,0
test_id,DS01-005_id,4,14,LPT_flow_mod,7,1,0,-0.00878959742217883,0,0,0,0,0,0,0.10123125781185,0
test_id,DS01-005_id,4,14,LPC_eff_mod,8,1,0,-0.000839890785082726,0,0,0,0,0,0,0.10123125781185,0
test_id,DS01-005_id,4,14,LPC_flow_mod,9,1,0,-0,0,0,0,0,0,0,0.10123125781185,0
test_id,DS01-005_id,4,15,HPT_eff_mod,1,1,-0.0195958157590116,-0.00253402312060453,0,0,0,0,0,0,0.188168034826051,0
test_id,DS01-005_id,4,15,fan_eff_mod,2,1,0,-0,0,0,0,0,0,0,0.188168034826051,0
test_id,DS01-005_id,4,15,fan_flow_mod,3,1,0,-0.000172526220436569,0,0,0,0,0,0,0.188168034826051,0
test_id,DS01-005_id,4,15,HPC_eff_mod,4,1,0,-0.00128389378230353,0,0,0,0,0,0,0.188168034826051,0
test_id,DS01-005_id,4,15,HPC_flow_mod,5,1,0,-0,0,0,0,0,0,0,0.188168034826051,0
test_id,DS01-005_id,4,15,LPT_eff_mod,6,1,0,-0.00438127902458937,0,0,0,0,0,0,0.188168034826051,0
test_id,DS01-005_id,4,15,LPT_flow_mod,7,1,0,-0.00878959742217883,0,0,0,0,0,0,0.188168034826051,0
test_id,DS01-005_id,4,15,LPC_eff_mod,8,1,0,-0.000839890785082726,0,0,0,0,0,0,0.188168034826051,0
test_id,DS01-005_id,4,15,LPC_flow_mod,9,1,0,-0,0,0,0,0,0,0,0.188168034826051,0
test_id,DS01-005_id,4,16,HPT_eff_mod,1,1,-0.00965132508413006,-0.00253402312060453,0,0,0,0,0,0,0.166529987855396,0
test_id,DS01-005_id,4,16,fan_eff_mod,2,1,0,-0,0,0,0,0,0,0,0.166529987855396,0
test_id,DS01-005_id,4,16,fan_flow_mod,3,1,0,-0.000172526220436569,0,0,0,0,0,0,0.166529987855396,0
test_id,DS01-005_id,4,16,HPC_eff_mod,4,1,0,-0.00128389378230353,0,0,0,0,0,0,0.166529987855396,0
test_id,DS01-005_id,4,16,HPC_flow_mod,5,1,0,-0,0,0,0,0,0,0,0.166529987855396,0
test_id,DS01-005_id,4,16,LPT_eff_mod,6,1,0,-0.00438127902458937,0,0,0,0,0,0,0.166529987855396,0
test_id,DS01-005_id,4,16,LPT_flow_mod,7,1,0,-0.00878959742217883,0,0,0,0,0,0,0.166529987855396,0
test_id,DS01-005_id,4,16,LPC_eff_mod,8,1,0,-0.000839890785082726,0,0,0,0,0,0,0.166529987855396,0
test_id,DS01-005_id,4,16,LPC_flow_mod,9,1,0,-0,0,0,0,0,0,0,0.166529987855396,0
test_id,DS01-005_id,4,17,HPT_eff_mod,1,1,-0.0122138066015252,-0.00253402312060453,0,0,0,0,0,0,0.157227586377286,0
test_id,DS01-005_id,4,17,fan_eff_mod,2,1,0,-0,0,0,0,0,0,0,0.157227586377286,0
test_id,DS01-005_id,4,17,fan_flow_mod,3,1,0,-0.000172526220436569,0,0,0,0,0,0,0.157227586377286,0
test_id,DS01-005_id,4,17,HPC_eff_mod,4,1,0,-0.00128389378230353,0,0,0,0,0,0,0.157227586377286,0
test_id,DS01-005_id,4,17,HPC_flow_mod,5,1,0,-0,0,0,0,0,0,0,0.157227586377286,0
test_id,DS01-005_id,4,17,LPT_eff_mod,6,1,0,-0.00438127902458937,0,0,0,0,0,0,0.157227586377286,0
test_id,DS01-005_id,4,17,LPT_flow_mod,7,1,0,-0.00878959742217883,0,0,0,0,0,0,0.157227586377286,0
test_id,DS01-005_id,4,17,LPC_eff_mod,8,1,0,-0.000839890785082726,0,0,0,0,0,0,0.157227586377286,0
test_id,DS01-005_id,4,17,LPC_flow_mod,9,1,0,-0,0,0,0,0,0,0,0.157227586377286,0
test_id,DS01-005_id,4,18,HPT_eff_mod,1,1,-0.0229905328693598,-0.00685634105955543,0,0,0,0,0,0,0.0860425199126881,0
test_id,DS01-005_id,4,18,fan_eff_mod,2,1,0,-0,0,0,0,0,0,0,0.0860425199126881,0
test_id,DS01-005_id,4,18,fan_flow_mod,3,1,0,-0.000172526220436569,0,0,0,0,0,0,0.0860425199126881,0
test_id,DS01-005_id,4,18,HPC_eff_mod,4,1,0,-0.00128389378230353,0,0,0,0,0,0,0.0860425199126881,0
test_id,DS01-005_id,4,18,HPC_flow_mod,5,1,0,-0,0,0,0,0,0,0,0.0860425199126881,0
test_id,DS01-005_id,4,18,LPT_eff_mod,6,1,0,-0.00499462749693645,0,0,0,0,0,0,0.0860425199126881,0
test_id,DS01-005_id,4,18,LPT_flow_mod,7,1,0,-0.00878959742217883,0,0,0,0,0,0,0.0860425199126881,0
test_id,DS01-005_id,4,18,LPC_eff_mod,8,1,0,-0.000839890785082726,0,0,0,0,0,0,0.0860425199126881,0
test_id,DS01-005_id,4,18,LPC_flow_mod,9,1,0,-0,0,0,0,0,0,0,0.0860425199126881,0
test_id,DS01-005_id,4,19,HPT_eff_mod,1,1,-0.0133639889608955,-0.00685634105955543,0,0,0,0,0,0,0.120006956956524,0
test_id,DS01-005_id,4,19,fan_eff_mod,2,1,0,-0,0,0,0,0,0,0,0.120006956956524,0
test_id,DS01-005_id,4,19,fan_flow_mod,3,1,0,-0.000172526220436569,0,0,0,0,0,0,0.120006956956524,0
test_id,DS01-005_id,4,19,HPC_eff_mod,4,1,0,-0.00128389378230353,0,0,0,0,0,0,0.120006956956524,0
test_id,DS01-005_id,4,19,HPC_flow_mod,5,1,0,-0,0,0,0,0,0,0,0.120006956956524,0
test_id,DS01-005_id,4,19,LPT_eff_mod,6,1,0,-0.00499462749693645,0,0,0,0,0,0,0.120006956956524,0
test_id,DS01-005_id,4,19,LPT_flow_mod,7,1,0,-0.00878959742217883,0,0,0,0,0,0,0.120006956956524,0
test_id,DS01-005_id,4,19,LPC_eff_mod,8,1,0,-0.000839890785082726,0,0,0,0,0,0,0.120006956956524,0
test_id,DS01-005_id,4,19,LPC_flow_mod,9,1,0,-0,0,0,0,0,0,0,0.120006956956524,0
test_id,DS01-005_id,4,20,HPT_eff_mod,1,1,-0.0193513604579343,-0.00685634105955543,0,0,0,0,0,0,0.11221163450438,0
test_id,DS01-005_id,4,20,fan_eff_mod,2,1,0,-0,0,0,0,0,0,0,0.11221163450438,0
test_id,DS01-005_id,4,20,fan_flow_mod,3,1,0,-0.000172526220436569,0,0,0,0,0,0,0.11221163450438,0
test_id,DS01-005_id,4,20,HPC_eff_mod,4,1,0,-0.00128389378230353,0,0,0,0,0,0,0.11221163450438,0
test_id,DS01-005_id,4,20,HPC_flow_mod,5,1,0,-0,0,0,0,0,0,0,0.11221163450438,0
test_id,DS01-005_id,4,20,LPT_eff_mod,6,1,0,-0.0102162329660583,0,0,0,0,0,0,0.11221163450438,0
test_id,DS01-005_id,4,20,LPT_flow_mod,7,1,0,-0.00878959742217883,0,0,0,0,0,0,0.11221163450438,0
test_id,DS01-005_id,4,20,LPC_eff_mod,8,1,0,-0.000839890785082726,0,0,0,0,0,0,0.11221163450438,0
test_id,DS01-005_id,4,20,LPC_flow_mod,9,1,0,-0,0,0,0,0,0,0,0.11221163450438,0
test_id,DS01-005_id,4,21,HPT_eff_mod,1,1,-0.0257834581140408,-0.00685634105955543,0,0,0,0,0,0,0.306280272106461,0
test_id,DS01-005_id,4,21,fan_eff_mod,2,1,0,-0,0,0,0,0,0,0,0.306280272106461,0
test_id,DS01-005_id,4,21,fan_flow_mod,3,1,0,-0.000172526220436569,0,0,0,0,0,0,0.306280272106461,0
test_id,DS01-005_id,4,21,HPC_eff_mod,4,1,0,-0.00128389378230353,0,0,0,0,0,0,0.306280272106461,0
test_id,DS01-005_id,4,21,HPC_flow_mod,5,1,0,-0,0,0,0,0,0,0,0.306280272106461,0
test_id,DS01-005_id,4,21,LPT_eff_mod,6,1,0,-0.0102162329660583,0,0,0,0,0,0,0.306280272106461,0
test_id,DS01-005_id,4,21,LPT_flow_mod,7,1,0,-0.00878959742217883,0,0,0,0,0,0,0.306280272106461,0
test_id,DS01-005_id,4,21,LPC_eff_mod,8,1,0,-0.000839890785082726,0,0,0,0,0,0,0.306280272106461,0
test_id,DS01-005_id,4,21,LPC_flow_mod,9,1,0,-0,0,0,0,0,0,0,0.306280272106461,0
test_id,DS01-005_id,4,22,HPT_eff_mod,1,1,-0.0119618132251661,-0.00685634105955543,0,0,0,0,0,0,0.0977952806672118,0
test_id,DS01-005_id,4,22,fan_eff_mod,2,1,0,-0,0,0,0,0,0,0,0.0977952806672118,0
test_id,DS01-005_id,4,22,fan_flow_mod,3,1,0,-0.000739878628297083,0,0,0,0,0,0,0.0977952806672118,0
test_id,DS01-005_id,4,22,HPC_eff_mod,4,1,0,-0.00128389378230353,0,0,0,0,0,0,0.0977952806672118,0
test_id,DS01-005_id,4,22,HPC_flow_mod,5,1,0,-0,0,0,0,0,0,0,0.0977952806672118,0
test_id,DS01-005_id,4,22,LPT_eff_mod,6,1,0,-0.0102162329660583,0,0,0,0,0,0,0.0977952806672118,0
test_id,DS01-005_id,4,22,LPT_flow_mod,7,1,0,-0.00878959742217883,0,0,0,0,0,0,0.0977952806672118,0
test_id,DS01-005_id,4,22,LPC_eff_mod,8,1,0,-0.000839890785082726,0,0,0,0,0,0,0.0977952806672118,0
test_id,DS01-005_id,4,22,LPC_flow_mod,9,1,0,-0,0,0,0,0,0,0,0.0977952806672118,0
test_id,DS01-005_id,4,23,HPT_eff_mod,1,1,-0.0194424147204108,-0.00685634105955543,0,0,0,0,0,0,0.113583954029914,0
test_id,DS01-005_id,4,23,fan_eff_mod,2,1,0,-0,0,0,0,0,0,0,0.113583954029914,0
test_id,DS01-005_id,4,23,fan_flow_mod,3,1,0,-0.000739878628297083,0,0,0,0,0,0,0.113583954029914,0
test_id,DS01-005_id,4,23,HPC_eff_mod,4,1,0,-0.00128389378230353,0,0,0,0,0,0,0.113583954029914,0
test_id,DS01-005_id,4,23,HPC_flow_mod,5,1,0,-0,0,0,0,0,0,0,0.113583954029914,0
test_id,DS01-005_id,4,23,LPT_eff_mod,6,1,0,-0.0102162329660583,0,0,0,0,0,0,0.113583954029914,0
test_id,DS01-005_id,4,23,LPT_flow_mod,7,1,0,-0.00878959742217883,0,0,0,0,0,0,0.113583954029914,0
test_id,DS01-005_id,4,23,LPC_eff_mod,8,1,0,-0.000839890785082726,0,0,0,0,0,0,0.113583954029914,0
test_id,DS01-005_id,4,23,LPC_flow_mod,9,1,0,-0,0,0,0,0,0,0,0.113583954029914,0
test_id,DS01-005_id,4,24,HPT_eff_mod,1,1,-0.0106940232636261,-0.00685634105955543,0,0,0,0,0,0,0.0711586172780442,0
test_id,DS01-005_id,4,24,fan_eff_mod,2,1,0,-0,0,0,0,0,0,0,0.0711586172780442,0
test_id,DS01-005_id,4,24,fan_flow_mod,3,1,0,-0.000739878628297083,0,0,0,0,0,0,0.0711586172780442,0
test_id,DS01-005_id,4,24,HPC_eff_mod,4,1,0,-0.00128389378230353,0,0,0,0,0,0,0.0711586172780442,0
test_id,DS01-005_id,4,24,HPC_flow_mod,5,1,0,-0,0,0,0,0,0,0,0.0711586172780442,0
test_id,DS01-005_id,4,24,LPT_eff_mod,6,1,0,-0.0102162329660583,0,0,0,0,0,0,0.0711586172780442,0
test_id,DS01-005_id,4,24,LPT_flow_mod,7,1,0,-0.00878959742217883,0,0,0,0,0,0,0.0711586172780442,0
test_id,DS01-005_id,4,24,LPC_eff_mod,8,1,0,-0.000839890785082726,0,0,0,0,0,0,0.0711586172780442,0
test_id,DS01-005_id,4,24,LPC_flow_mod,9,1,0,-0,0,0,0,0,0,0,0.0711586172780442,0
test_id,DS01-005_id,4,25,HPT_eff_mod,1,1,-0.0172779781805719,-0.00685634105955543,0,0,0,0,0,0,0.0994701869311121,0
test_id,DS01-005_id,4,25,fan_eff_mod,2,1,0,-0,0,0,0,0,0,0,0.0994701869311121,0
test_id,DS01-005_id,4,25,fan_flow_mod,3,1,0,-0.000739878628297083,0,0,0,0,0,0,0.0994701869311121,0
test_id,DS01-005_id,4,25,HPC_eff_mod,4,1,0,-0.00128389378230353,0,0,0,0,0,0,0.0994701869311121,0
test_id,DS01-005_id,4,25,HPC_flow_mod,5,1,0,-0,0,0,0,0,0,0,0.0994701869311121,0
test_id,DS01-005_id,4,25,LPT_eff_mod,6,1,0,-0.0102162329660583,0,0,0,0,0,0,0.0994701869311121,0
test_id,DS01-005_id,4,25,LPT_flow_mod,7,1,0,-0.00878959742217883,0,0,0,0,0,0,0.0994701869311121,0
test_id,DS01-005_id,4,25,LPC_eff_mod,8,1,0,-0.000839890785082726,0,0,0,0,0,0,0.0994701869311121,0
test_id,DS01-005_id,4,25,LPC_flow_mod,9,1,0,-0,0,0,0,0,0,0,0.0994701869311121,0
test_id,DS01-005_id,4,26,HPT_eff_mod,1,1,-0.0293456204428203,-0.0105938347990193,0,0,0,0,0,0,0.128632483015926,0
test_id,DS01-005_id,4,26,fan_eff_mod,2,1,0,-0,0,0,0,0,0,0,0.128632483015926,0
test_id,DS01-005_id,4,26,fan_flow_mod,3,1,0,-0.000739878628297083,0,0,0,0,0,0,0.128632483015926,0
test_id,DS01-005_id,4,26,HPC_eff_mod,4,1,0,-0.00128389378230353,0,0,0,0,0,0,0.128632483015926,0
test_id,DS01-005_id,4,26,HPC_flow_mod,5,1,0,-0,0,0,0,0,0,0,0.128632483015926,0
test_id,DS01-005_id,4,26,LPT_eff_mod,6,1,0,-0.0102162329660583,0,0,0,0,0,0,0.128632483015926,0
test_id,DS01-005_id,4,26,LPT_flow_mod,7,1,0,-0.0118840952804731,0,0,0,0,0,0,0.128632483015926,0
test_id,DS01-005_id,4,26,LPC_eff_mod,8,1,0,-0.000839890785082726,0,0,0,0,0,0,0.128632483015926,0
test_id,DS01-005_id,4,26,LPC_flow_mod,9,1,0,-0,0,0,0,0,0,0,0.128632483015926,0
test_id,DS01-005_id,4,27,HPT_eff_mod,1,1,-0.0320673370596302,-0.0105938347990193,0,0,0,0,0,0,0.12723870302427,0
test_id,DS01-005_id,4,27,fan_eff_mod,2,1,0,-0,0,0,0,0,0,0,0.12723870302427,0
test_id,DS01-005_id,4,27,fan_flow_mod,3,1,0,-0.000739878628297083,0,0,0,0,0,0,0.12723870302427,0
test_id,DS01-005_id,4,27,HPC_eff_mod,4,1,0,-0.00128389378230353,0,0,0,0,0,0,0.12723870302427,0
test_id,DS01-005_id,4,27,HPC_flow_mod,5,1,0,-0,0,0,0,0,0,0,0.12723870302427,0
test_id,DS01-005_id,4,27,LPT_eff_mod,6,1,0,-0.0102162329660583,0,0,0,0,0,0,0.12723870302427,0
test_id,DS01-005_id,4,27,LPT_flow_mod,7,1,0,-0.0118840952804731,0,0,0,0,0,0,0.12723870302427,0
test_id,DS01-005_id,4,27,LPC_eff_mod,8,1,0,-0.000839890785082726,0,0,0,0,0,0,0.12723870302427,0
test_id,DS01-005_id,4,27,LPC_flow_mod,9,1,0,-0,0,0,0,0,0,0,0.12723870302427,0
test_id,DS01-005_id,4,28,HPT_eff_mod,1,1,-0.0187245850561723,-0.0105938347990193,0,0,0,0,0,0,0.126464399316067,0
test_id,DS01-005_id,4,28,fan_eff_mod,2,1,0,-0,0,0,0,0,0,0,0.126464399316067,0
test_id,DS01-005_id,4,28,fan_flow_mod,3,1,0,-0.000739878628297083,0,0,0,0,0,0,0.126464399316067,0
test_id,DS01-005_id,4,28,HPC_eff_mod,4,1,0,-0.00128389378230353,0,0,0,0,0,0,0.126464399316067,0
test_id,DS01-005_id,4,28,HPC_flow_mod,5,1,0,-0,0,0,0,0,0,0,0.126464399316067,0
test_id,DS01-005_id,4,28,LPT_eff_mod,6,1,0,-0.0102162329660583,0,0,0,0,0,0,0.126464399316067,0
test_id,DS01-005_id,4,28,LPT_flow_mod,7,1,0,-0.0118840952804731,0,0,0,0,0,0,0.126464399316067,0
test_id,DS01-005_id,4,28,LPC_eff_mod,8,1,0,-0.000839890785082726,0,0,0,0,0,0,0.126464399316067,0
test_id,DS01-005_id,4,28,LPC_flow_mod,9,1,0,-0,0,0,0,0,0,0,0.126464399316067,0
test_id,DS01-005_id,4,29,HPT_eff_mod,1,1,-0.0194855868371079,-0.0105938347990193,0,0,0,0,0,0,0.0966908333998785,0
test_id,DS01-005_id,4,29,fan_eff_mod,2,1,0,-0,0,0,0,0,0,0,0.0966908333998785,0
test_id,DS01-005_id,4,29,fan_flow_mod,3,1,0,-0.000739878628297083,0,0,0,0,0,0,0.0966908333998785,0
test_id,DS01-005_id,4,29,HPC_eff_mod,4,1,0,-0.00128389378230353,0,0,0,0,0,0,0.0966908333998785,0
test_id,DS01-005_id,4,29,HPC_flow_mod,5,1,0,-0,0,0,0,0,0,0,0.0966908333998785,0
test_id,DS01-005_id,4,29,LPT_eff_mod,6,1,0,-0.0102162329660583,0,0,0,0,0,0,0.0966908333998785,0
test_id,DS01-005_id,4,29,LPT_flow_mod,7,1,0,-0.0118840952804731,0,0,0,0,0,0,0.0966908333998785,0
test_id,DS01-005_id,4,29,LPC_eff_mod,8,1,0,-0.000839890785082726,0,0,0,0,0,0,0.0966908333998785,0
test_id,DS01-005_id,4,29,LPC_flow_mod,9,1,0,-0,0,0,0,0,0,0,0.0966908333998785,0
test_id,DS01-005_id,4,30,HPT_eff_mod,1,1,-0.0206889841508536,-0.0105938347990193,0,0,0,0,0,0,0.0666421562235241,0
test_id,DS01-005_id,4,30,fan_eff_mod,2,1,0,-0,0,0,0,0,0,0,0.0666421562235241,0
test_id,DS01-005_id,4,30,fan_flow_mod,3,1,0,-0.000739878628297083,0,0,0,0,0,0,0.0666421562235241,0
test_id,DS01-005_id,4,30,HPC_eff_mod,4,1,0,-0.00128389378230353,0,0,0,0,0,0,0.0666421562235241,0
test_id,DS01-005_id,4,30,HPC_flow_mod,5,1,0,-0,0,0,0,0,0,0,0.0666421562235241,0
test_id,DS01-005_id,4,30,LPT_eff_mod,6,1,0,-0.0102162329660583,0,0,0,0,0,0,0.0666421562235241,0
test_id,DS01-005_id,4,30,LPT_flow_mod,7,1,0,-0.0118840952804731,0,0,0,0,0,0,0.0666421562235241,0
test_id,DS01-005_id,4,30,LPC_eff_mod,8,1,0,-0.000839890785082726,0,0,0,0,0,0,0.0666421562235241,0
test_id,DS01-005_id,4,30,LPC_flow_mod,9,1,0,-0,0,0,0,0,0,0,0.0666421562235241,0
test_id,DS01-005_id,4,31,HPT_eff_mod,1,1,-0.0288258542554388,-0.0105938347990193,0,0,0,0,0,0,0.113821542625617,0
test_id,DS01-005_id,4,31,fan_eff_mod,2,1,0,-0,0,0,0,0,0,0,0.113821542625617,0
test_id,DS01-005_id,4,31,fan_flow_mod,3,1,0,-0.000739878628297083,0,0,0,0,0,0,0.113821542625617,0
test_id,DS01-005_id,4,31,HPC_eff_mod,4,1,0,-0.00128389378230353,0,0,0,0,0,0,0.113821542625617,0
test_id,DS01-005_id,4,31,HPC_flow_mod,5,1,0,-0,0,0,0,0,0,0,0.113821542625617,0
test_id,DS01-005_id,4,31,LPT_eff_mod,6,1,0,-0.0102162329660583,0,0,0,0,0,0,0.113821542625617,0
test_id,DS01-005_id,4,31,LPT_flow_mod,7,1,0,-0.0118840952804731,0,0,0,0,0,0,0.113821542625617,0
test_id,DS01-005_id,4,31,LPC_eff_mod,8,1,0,-0.000839890785082726,0,0,0,0,0,0,0.113821542625617,0
test_id,DS01-005_id,4,31,LPC_flow_mod,9,1,0,-0,0,0,0,0,0,0,0.113821542625617,0
test_id,DS01-005_id,4,32,HPT_eff_mod,1,1,-0.0247068083841311,-0.0105938347990193,0,0,0,0,0,0,0.102217175326908,0
test_id,DS01-005_id,4,32,fan_eff_mod,2,1,0,-0,0,0,0,0,0,0,0.102217175326908,0
test_id,DS01-005_id,4,32,fan_flow_mod,3,1,0,-0.000739878628297083,0,0,0,0,0,0,0.102217175326908,0
test_id,DS01-005_id,4,32,HPC_eff_mod,4,1,0,-0.00128389378230353,0,0,0,0,0,0,0.102217175326908,0
test_id,DS01-005_id,4,32,HPC_flow_mod,5,1,0,-0,0,0,0,0,0,0,0.102217175326908,0
test_id,DS01-005_id,4,32,LPT_eff_mod,6,1,0,-0.0102162329660583,0,0,0,0,0,0,0.102217175326908,0
test_id,DS01-005_id,4,32,LPT_flow_mod,7,1,0,-0.0118840952804731,0,0,0,0,0,0,0.102217175326908,0
test_id,DS01-005_id,4,32,LPC_eff_mod,8,1,0,-0.000839890785082726,0,0,0,0,0,0,0.102217175326908,0
test_id,DS01-005_id,4,32,LPC_flow_mod,9,1,0,-0,0,0,0,0,0,0,0.102217175326908,0
test_id,DS01-005_id,4,33,HPT_eff_mod,1,1,-0.0312086600699961,-0.0164695009687114,0,0,0,0,0,0,0.0654877655074242,0
test_id,DS01-005_id,4,33,fan_eff_mod,2,1,0,-0,0,0,0,0,0,0,0.0654877655074242,0
test_id,DS01-005_id,4,33,fan_flow_mod,3,1,0,-0.000739878628297083,0,0,0,0,0,0,0.0654877655074242,0
test_id,DS01-005_id,4,33,HPC_eff_mod,4,1,0,-0.00128389378230353,0,0,0,0,0,0,0.0654877655074242,0
test_id,DS01-005_id,4,33,HPC_flow_mod,5,1,0,-0,0,0,0,0,0,0,0.0654877655074242,0
test_id,DS01-005_id,4,33,LPT_eff_mod,6,1,0,-0.0102162329660583,0,0,0,0,0,0,0.0654877655074242,0
test_id,DS01-005_id,4,33,LPT_flow_mod,7,1,0,-0.0133379687059734,0,0,0,0,0,0,0.0654877655074242,0
test_id,DS01-005_id,4,33,LPC_eff_mod,8,1,0,-0.000839890785082726,0,0,0,0,0,0,0.0654877655074242,0
test_id,DS01-005_id,4,33,LPC_flow_mod,9,1,0,-0,0,0,0,0,0,0,0.0654877655074242,0
test_id,DS01-005_id,4,34,HPT_eff_mod,1,1,-0.0402348073970671,-0.018520613471689,0,0,0,0,0,0,0.0873672552890811,0
test_id,DS01-005_id,4,34,fan_eff_mod,2,1,0,-0,0,0,0,0,0,0,0.0873672552890811,0
test_id,DS01-005_id,4,34,fan_flow_mod,3,1,0,-0.000739878628297083,0,0,0,0,0,0,0.0873672552890811,0
test_id,DS01-005_id,4,34,HPC_eff_mod,4,1,0,-0.00128389378230353,0,0,0,0,0,0,0.0873672552890811,0
test_id,DS01-005_id,4,34,HPC_flow_mod,5,1,0,-0,0,0,0,0,0,0,0.0873672552890811,0
test_id,DS01-005_id,4,34,LPT_eff_mod,6,1,0,-0.0102162329660583,0,0,0,0,0,0,0.0873672552890811,0
test_id,DS01-005_id,4,34,LPT_flow_mod,7,1,0,-0.017596308111366,0,0,0,0,0,0,0.0873672552890811,0
test_id,DS01-005_id,4,34,LPC_eff_mod,8,1,0,-0.000839890785082726,0,0,0,0,0,0,0.0873672552890811,0
test_id,DS01-005_id,4,34,LPC_flow_mod,9,1,0,-0,0,0,0,0,0,0,0.0873672552890811,0
test_id,DS01-005_id,4,35,HPT_eff_mod,1,1,-0.0426462910128412,-0.018520613471689,0,0,0,0,0,0,0.0835371189022123,0
test_id,DS01-005_id,4,35,fan_eff_mod,2,1,0,-0,0,0,0,0,0,0,0.0835371189022123,0
test_id,DS01-005_id,4,35,fan_flow_mod,3,1,0,-0.000739878628297083,0,0,0,0,0,0,0.0835371189022123,0
test_id,DS01-005_id,4,35,HPC_eff_mod,4,1,0,-0.00128389378230353,0,0,0,0,0,0,0.0835371189022123,0
test_id,DS01-005_id,4,35,HPC_flow_mod,5,1,0,-0,0,0,0,0,0,0,0.0835371189022123,0
test_id,DS01-005_id,4,35,LPT_eff_mod,6,1,0,-0.0102162329660583,0,0,0,0,0,0,0.0835371189022123,0
test_id,DS01-005_id,4,35,LPT_flow_mod,7,1,0,-0.017596308111366,0,0,0,0,0,0,0.0835371189022123,0
test_id,DS01-005_id,4,35,LPC_eff_mod,8,1,0,-0.000839890785082726,0,0,0,0,0,0,0.0835371189022123,0
test_id,DS01-005_id,4,35,LPC_flow_mod,9,1,0,-0,0,0,0,0,0,0,0.0835371189022123,0
test_id,DS01-005_id,4,36,HPT_eff_mod,1,1,-0.0340251309032362,-0.018520613471689,0,0,0,0,0,0,0.0688016920502007,0
test_id,DS01-005_id,4,36,fan_eff_mod,2,1,0,-0,0,0,0,0,0,0,0.0688016920502007,0
test_id,DS01-005_id,4,36,fan_flow_mod,3,1,0,-0.000739878628297083,0,0,0,0,0,0,0.0688016920502007,0
test_id,DS01-005_id,4,36,HPC_eff_mod,4,1,0,-0.00128389378230353,0,0,0,0,0,0,0.0688016920502007,0
test_id,DS01-005_id,4,36,HPC_flow_mod,5,1,0,-0,0,0,0,0,0,0,0.0688016920502007,0
test_id,DS01-005_id,4,36,LPT_eff_mod,6,1,0,-0.0102162329660583,0,0,0,0,0,0,0.0688016920502007,0
test_id,DS01-005_id,4,36,LPT_flow_mod,7,1,0,-0.017596308111366,0,0,0,0,0,0,0.0688016920502007,0
test_id,DS01-005_id,4,36,LPC_eff_mod,8,1,0,-0.000839890785082726,0,0,0,0,0,0,0.0688016920502007,0
test_id,DS01-005_id,4,36,LPC_flow_mod,9,1,0,-0,0,0,0,0,0,0,0.0688016920502007,0
test_id,DS01-005_id,4,37,HPT_eff_mod,1,1,-0.0339427605938263,-0.018520613471689,0,1,0,1,0,1,0.0946729477052072,0
test_id,DS01-005_id,4,37,fan_eff_mod,2,1,0,-0,0,0,0,0,0,1,0.0946729477052072,0
test_id,DS01-005_id,4,37,fan_flow_mod,3,1,0,-0.000739878628297083,0,0,0,0,0,1,0.0946729477052072,0
test_id,DS01-005_id,4,37,HPC_eff_mod,4,1,0,-0.00128389378230353,0,0,0,0,0,1,0.0946729477052072,0
test_id,DS01-005_id,4,37,HPC_flow_mod,5,1,0,-0,0,0,0,0,0,1,0.0946729477052072,0
test_id,DS01-005_id,4,37,LPT_eff_mod,6,1,0,-0.0102162329660583,0,0,0,0,0,1,0.0946729477052072,0
test_id,DS01-005_id,4,37,LPT_flow_mod,7,1,0,-0.017596308111366,0,0,0,0,0,1,0.0946729477052072,0
test_id,DS01-005_id,4,37,LPC_eff_mod,8,1,0,-0.000839890785082726,0,0,0,0,0,1,0.0946729477052072,0
test_id,DS01-005_id,4,37,LPC_flow_mod,9,1,0,-0,0,0,0,0,0,1,0.0946729477052072,0
test_id,DS01-005_id,4,38,HPT_eff_mod,1,0,-0.0337053304270435,-0.018520613471689,1,1,2,1,2,1,0.0745325368496387,0
test_id,DS01-005_id,4,38,fan_eff_mod,2,0,0,-0,0,0,0,0,2,1,0.0745325368496387,0
test_id,DS01-005_id,4,38,fan_flow_mod,3,0,0,-0.000739878628297083,0,0,0,0,2,1,0.0745325368496387,0
test_id,DS01-005_id,4,38,HPC_eff_mod,4,0,0,-0.00128389378230353,0,0,0,0,2,1,0.0745325368496387,0
test_id,DS01-005_id,4,38,HPC_flow_mod,5,0,0,-0,0,0,0,0,2,1,0.0745325368496387,0
test_id,DS01-005_id,4,38,LPT_eff_mod,6,0,0,-0.0102162329660583,0,0,0,0,2,1,0.0745325368496387,0
test_id,DS01-005_id,4,38,LPT_flow_mod,7,0,0,-0.017596308111366,0,0,0,0,2,1,0.0745325368496387,0
test_id,DS01-005_id,4,38,LPC_eff_mod,8,0,0,-0.000839890785082726,0,0,0,0,2,1,0.0745325368496387,0
test_id,DS01-005_id,4,38,LPC_flow_mod,9,0,0,-0,0,0,0,0,2,1,0.0745325368496387,0
test_id,DS01-005_id,4,39,HPT_eff_mod,1,0,-0.034969220801493,-0.018520613471689,1,1,2,1,2,1,0.0938983987914793,0
test_id,DS01-005_id,4,39,fan_eff_mod,2,0,0,-0,0,0,0,0,2,1,0.0938983987914793,0
test_id,DS01-005_id,4,39,fan_flow_mod,3,0,0,-0.000739878628297083,0,0,0,0,2,1,0.0938983987914793,0
test_id,DS01-005_id,4,39,HPC_eff_mod,4,0,0,-0.00128389378230353,0,0,0,0,2,1,0.0938983987914793,0
test_id,DS01-005_id,4,39,HPC_flow_mod,5,0,0,-0,0,0,0,0,2,1,0.0938983987914793,0
test_id,DS01-005_id,4,39,LPT_eff_mod,6,0,0,-0.0102162329660583,0,0,0,0,2,1,0.0938983987914793,0
test_id,DS01-005_id,4,39,LPT_flow_mod,7,0,0,-0.017596308111366,0,0,0,0,2,1,0.0938983987914793,0
test_id,DS01-005_id,4,39,LPC_eff_mod,8,0,0,-0.000839890785082726,0,0,0,0,2,1,0.0938983987914793,0
test_id,DS01-005_id,4,39,LPC_flow_mod,9,0,0,-0,0,0,0,0,2,1,0.0938983987914793,0
test_id,DS01-005_id,4,40,HPT_eff_mod,1,0,-0.0439155057259111,-0.0187588196729356,1,1,2,1,2,1,0.0886260532317365,0
test_id,DS01-005_id,4,40,fan_eff_mod,2,0,0,-0,0,0,0,0,2,1,0.0886260532317365,0
test_id,DS01-005_id,4,40,fan_flow_mod,3,0,0,-0.000739878628297083,0,0,0,0,2,1,0.0886260532317365,0
test_id,DS01-005_id,4,40,HPC_eff_mod,4,0,0,-0.00128389378230353,0,0,0,0,2,1,0.0886260532317365,0
test_id,DS01-005_id,4,40,HPC_flow_mod,5,0,0,-0,0,0,0,0,2,1,0.0886260532317365,0
test_id,DS01-005_id,4,40,LPT_eff_mod,6,0,0,-0.0113122479226689,0,0,0,0,2,1,0.0886260532317365,0
test_id,DS01-005_id,4,40,LPT_flow_mod,7,0,0,-0.017596308111366,0,0,0,0,2,1,0.0886260532317365,0
test_id,DS01-005_id,4,40,LPC_eff_mod,8,0,0,-0.000839890785082726,0,0,0,0,2,1,0.0886260532317365,0
test_id,DS01-005_id,4,40,LPC_flow_mod,9,0,0,-0,0,0,0,0,2,1,0.0886260532317365,0
test_id,DS01-005_id,4,41,HPT_eff_mod,1,0,-0.0410612885077297,-0.0187588196729356,1,1,2,1,2,1,0.0923099343130467,0
test_id,DS01-005_id,4,41,fan_eff_mod,2,0,0,-0,0,0,0,0,2,1,0.0923099343130467,0
test_id,DS01-005_id,4,41,fan_flow_mod,3,0,0,-0.000739878628297083,0,0,0,0,2,1,0.0923099343130467,0
test_id,DS01-005_id,4,41,HPC_eff_mod,4,0,0,-0.00128389378230353,0,0,0,0,2,1,0.0923099343130467,0
test_id,DS01-005_id,4,41,HPC_flow_mod,5,0,0,-0,0,0,0,0,2,1,0.0923099343130467,0
test_id,DS01-005_id,4,41,LPT_eff_mod,6,0,0,-0.0135288679592835,0,0,0,0,2,1,0.0923099343130467,0
test_id,DS01-005_id,4,41,LPT_flow_mod,7,0,0,-0.017596308111366,0,0,0,0,2,1,0.0923099343130467,0
test_id,DS01-005_id,4,41,LPC_eff_mod,8,0,0,-0.000839890785082726,0,0,0,0,2,1,0.0923099343130467,0
test_id,DS01-005_id,4,41,LPC_flow_mod,9,0,0,-0,0,0,0,0,2,1,0.0923099343130467,0
test_id,DS01-005_id,4,42,HPT_eff_mod,1,0,-0.0539856306516863,-0.0286007023769925,1,1,2,1,2,1,0.0709960700454015,0
test_id,DS01-005_id,4,42,fan_eff_mod,2,0,0,-0,0,0,0,0,2,1,0.0709960700454015,0
test_id,DS01-005_id,4,42,fan_flow_mod,3,0,0,-0.000739878628297083,0,0,0,0,2,1,0.0709960700454015,0
test_id,DS01-005_id,4,42,HPC_eff_mod,4,0,0,-0.00128389378230353,0,0,0,0,2,1,0.0709960700454015,0
test_id,DS01-005_id,4,42,HPC_flow_mod,5,0,0,-0,0,0,0,0,2,1,0.0709960700454015,0
test_id,DS01-005_id,4,42,LPT_eff_mod,6,0,0,-0.0136151566092969,0,0,0,0,2,1,0.0709960700454015,0
test_id,DS01-005_id,4,42,LPT_flow_mod,7,0,0,-0.01927244014629,0,0,0,0,2,1,0.0709960700454015,0
test_id,DS01-005_id,4,42,LPC_eff_mod,8,0,0,-0.000839890785082726,0,0,0,0,2,1,0.0709960700454015,0
test_id,DS01-005_id,4,42,LPC_flow_mod,9,0,0,-0,0,0,0,0,2,1,0.0709960700454015,0
test_id,DS01-005_id,4,43,HPT_eff_mod,1,0,-0.046010064459791,-0.0286007023769925,1,1,2,1,2,1,0.0963379208872135,0
test_id,DS01-005_id,4,43,fan_eff_mod,2,0,0,-0,0,0,0,0,2,1,0.0963379208872135,0
test_id,DS01-005_id,4,43,fan_flow_mod,3,0,0,-0.000739878628297083,0,0,0,0,2,1,0.0963379208872135,0
test_id,DS01-005_id,4,43,HPC_eff_mod,4,0,0,-0.00128389378230353,0,0,0,0,2,1,0.0963379208872135,0
test_id,DS01-005_id,4,43,HPC_flow_mod,5,0,0,-0,0,0,0,0,2,1,0.0963379208872135,0
test_id,DS01-005_id,4,43,LPT_eff_mod,6,0,0,-0.0136151566092969,0,0,0,0,2,1,0.0963379208872135,0
test_id,DS01-005_id,4,43,LPT_flow_mod,7,0,0,-0.01927244014629,0,0,0,0,2,1,0.0963379208872135,0
test_id,DS01-005_id,4,43,LPC_eff_mod,8,0,0,-0.000839890785082726,0,0,0,0,2,1,0.0963379208872135,0
test_id,DS01-005_id,4,43,LPC_flow_mod,9,0,0,-0,0,0,0,0,2,1,0.0963379208872135,0
test_id,DS01-005_id,4,44,HPT_eff_mod,1,0,-0.055646235139978,-0.0286007023769925,1,1,2,1,2,1,0.0766113683256311,0
test_id,DS01-005_id,4,44,fan_eff_mod,2,0,0,-0,0,0,0,0,2,1,0.0766113683256311,0
test_id,DS01-005_id,4,44,fan_flow_mod,3,0,0,-0.000739878628297083,0,0,0,0,2,1,0.0766113683256311,0
test_id,DS01-005_id,4,44,HPC_eff_mod,4,0,0,-0.00128389378230353,0,0,0,0,2,1,0.0766113683256311,0
test_id,DS01-005_id,4,44,HPC_flow_mod,5,0,0,-0,0,0,0,0,2,1,0.0766113683256311,0
test_id,DS01-005_id,4,44,LPT_eff_mod,6,0,0,-0.0136151566092969,0,0,0,0,2,1,0.0766113683256311,0
test_id,DS01-005_id,4,44,LPT_flow_mod,7,0,0,-0.0218037144257598,0,0,0,0,2,1,0.0766113683256311,0
test_id,DS01-005_id,4,44,LPC_eff_mod,8,0,0,-0.000839890785082726,0,0,0,0,2,1,0.0766113683256311,0
test_id,DS01-005_id,4,44,LPC_flow_mod,9,0,0,-0,0,0,0,0,2,1,0.0766113683256311,0
test_id,DS01-005_id,4,45,HPT_eff_mod,1,0,-0.0505265154685997,-0.0286007023769925,1,1,2,1,2,1,0.0806652461242824,0
test_id,DS01-005_id,4,45,fan_eff_mod,2,0,0,-0,0,0,0,0,2,1,0.0806652461242824,0
test_id,DS01-005_id,4,45,fan_flow_mod,3,0,0,-0.000739878628297083,0,0,0,0,2,1,0.0806652461242824,0
test_id,DS01-005_id,4,45,HPC_eff_mod,4,0,0,-0.00128389378230353,0,0,0,0,2,1,0.0806652461242824,0
test_id,DS01-005_id,4,45,HPC_flow_mod,5,0,0,-0,0,0,0,0,2,1,0.0806652461242824,0
test_id,DS01-005_id,4,45,LPT_eff_mod,6,0,0,-0.0136151566092969,0,0,0,0,2,1,0.0806652461242824,0
test_id,DS01-005_id,4,45,LPT_flow_mod,7,0,0,-0.0229320505568605,0,0,0,0,2,1,0.0806652461242824,0
test_id,DS01-005_id,4,45,LPC_eff_mod,8,0,0,-0.000839890785082726,0,0,0,0,2,1,0.0806652461242824,0
test_id,DS01-005_id,4,45,LPC_flow_mod,9,0,0,-0,0,0,0,0,2,1,0.0806652461242824,0
test_id,DS01-005_id,4,46,HPT_eff_mod,1,0,-0.0567733751317404,-0.0305895587638847,1,1,2,2,2,2,0.0767041933668306,0
test_id,DS01-005_id,4,46,fan_eff_mod,2,0,0,-0,0,0,0,0,2,2,0.0767041933668306,0
test_id,DS01-005_id,4,46,fan_flow_mod,3,0,0,-0.000739878628297083,0,0,0,0,2,2,0.0767041933668306,0
test_id,DS01-005_id,4,46,HPC_eff_mod,4,0,0,-0.00128389378230353,0,0,0,0,2,2,0.0767041933668306,0
test_id,DS01-005_id,4,46,HPC_flow_mod,5,0,0,-0,0,0,0,0,2,2,0.0767041933668306,0
test_id,DS01-005_id,4,46,LPT_eff_mod,6,0,0,-0.0136151566092969,0,0,0,0,2,2,0.0767041933668306,0
test_id,DS01-005_id,4,46,LPT_flow_mod,7,0,0,-0.0236655957825764,0,1,0,1,2,2,0.0767041933668306,0
test_id,DS01-005_id,4,46,LPC_eff_mod,8,0,0,-0.000839890785082726,0,0,0,0,2,2,0.0767041933668306,0
test_id,DS01-005_id,4,46,LPC_flow_mod,9,0,0,-0,0,0,0,0,2,2,0.0767041933668306,0
test_id,DS01-005_id,4,47,HPT_eff_mod,1,0,-0.0598746655747096,-0.0318037052323471,1,1,2,2,2,2,0.0717805206327986,0
test_id,DS01-005_id,4,47,fan_eff_mod,2,0,0,-0,0,0,0,0,2,2,0.0717805206327986,0
test_id,DS01-005_id,4,47,fan_flow_mod,3,0,0,-0.000739878628297083,0,0,0,0,2,2,0.0717805206327986,0
test_id,DS01-005_id,4,47,HPC_eff_mod,4,0,0,-0.00128389378230353,0,0,0,0,2,2,0.0717805206327986,0
test_id,DS01-005_id,4,47,HPC_flow_mod,5,0,0,-0,0,0,0,0,2,2,0.0717805206327986,0
test_id,DS01-005_id,4,47,LPT_eff_mod,6,0,0,-0.0148307828081132,0,0,0,0,2,2,0.0717805206327986,0
test_id,DS01-005_id,4,47,LPT_flow_mod,7,0,0,-0.0236655957825764,0,1,0,1,2,2,0.0717805206327986,0
test_id,DS01-005_id,4,47,LPC_eff_mod,8,0,0,-0.000839890785082726,0,0,0,0,2,2,0.0717805206327986,0
test_id,DS01-005_id,4,47,LPC_flow_mod,9,0,0,-0,0,0,0,0,2,2,0.0717805206327986,0
test_id,DS01-005_id,4,48,HPT_eff_mod,1,0,-0.0678503924657011,-0.036255839858708,1,1,2,2,2,2,0.16912452719231,0
test_id,DS01-005_id,4,48,fan_eff_mod,2,0,0,-0,0,0,0,0,2,2,0.16912452719231,0
test_id,DS01-005_id,4,48,fan_flow_mod,3,0,0,-0.000739878628297083,0,0,0,0,2,2,0.16912452719231,0
test_id,DS01-005_id,4,48,HPC_eff_mod,4,0,0,-0.0038926653406252,0,0,0,0,2,2,0.16912452719231,0
test_id,DS01-005_id,4,48,HPC_flow_mod,5,0,0,-0,0,0,0,0,2,2,0.16912452719231,0
test_id,DS01-005_id,4,48,LPT_eff_mod,6,0,0,-0.0151547559669884,0,0,0,0,2,2,0.16912452719231,0
test_id,DS01-005_id,4,48,LPT_flow_mod,7,0,0,-0.0238611066217051,0,1,0,1,2,2,0.16912452719231,0
test_id,DS01-005_id,4,48,LPC_eff_mod,8,0,0,-0.000839890785082726,0,0,0,0,2,2,0.16912452719231,0
test_id,DS01-005_id,4,48,LPC_flow_mod,9,0,0,-0,0,0,0,0,2,2,0.16912452719231,0
test_id,DS01-005_id,4,49,HPT_eff_mod,1,0,-0.0667192166978572,-0.036255839858708,1,1,2,2,2,2,0.0858738524726392,0
test_id,DS01-005_id,4,49,fan_eff_mod,2,0,0,-0,0,0,0,0,2,2,0.0858738524726392,0
test_id,DS01-005_id,4,49,fan_flow_mod,3,0,0,-0.000739878628297083,0,0,0,0,2,2,0.0858738524726392,0
test_id,DS01-005_id,4,49,HPC_eff_mod,4,0,0,-0.0038926653406252,0,0,0,0,2,2,0.0858738524726392,0
test_id,DS01-005_id,4,49,HPC_flow_mod,5,0,0,-0,0,0,0,0,2,2,0.0858738524726392,0
test_id,DS01-005_id,4,49,LPT_eff_mod,6,0,0,-0.0151547559669884,0,0,0,0,2,2,0.0858738524726392,0
test_id,DS01-005_id,4,49,LPT_flow_mod,7,0,0,-0.0238611066217051,0,1,0,1,2,2,0.0858738524726392,0
test_id,DS01-005_id,4,49,LPC_eff_mod,8,0,0,-0.000839890785082726,0,0,0,0,2,2,0.0858738524726392,0
test_id,DS01-005_id,4,49,LPC_flow_mod,9,0,0,-0,0,0,0,0,2,2,0.0858738524726392,0
test_id,DS01-005_id,4,50,HPT_eff_mod,1,0,-0.0649653317069809,-0.036255839858708,1,1,2,2,2,2,0.0878168337922979,0
test_id,DS01-005_id,4,50,fan_eff_mod,2,0,0,-0,0,0,0,0,2,2,0.0878168337922979,0
test_id,DS01-005_id,4,50,fan_flow_mod,3,0,0,-0.000739878628297083,0,0,0,0,2,2,0.0878168337922979,0
test_id,DS01-005_id,4,50,HPC_eff_mod,4,0,0,-0.0038926653406252,0,0,0,0,2,2,0.0878168337922979,0
test_id,DS01-005_id,4,50,HPC_flow_mod,5,0,0,-0,0,0,0,0,2,2,0.0878168337922979,0
test_id,DS01-005_id,4,50,LPT_eff_mod,6,0,0,-0.0151547559669884,0,0,0,0,2,2,0.0878168337922979,0
test_id,DS01-005_id,4,50,LPT_flow_mod,7,0,0,-0.0277423548278272,0,1,0,1,2,2,0.0878168337922979,0
test_id,DS01-005_id,4,50,LPC_eff_mod,8,0,0,-0.000839890785082726,0,0,0,0,2,2,0.0878168337922979,0
test_id,DS01-005_id,4,50,LPC_flow_mod,9,0,0,-0,0,0,0,0,2,2,0.0878168337922979,0
test_id,DS01-005_id,4,51,HPT_eff_mod,1,0,-0.0766790884763038,-0.037279795906624,1,1,2,2,2,2,0.141403239043117,0
test_id,DS01-005_id,4,51,fan_eff_mod,2,0,0,-0,0,0,0,0,2,2,0.141403239043117,0
test_id,DS01-005_id,4,51,fan_flow_mod,3,0,0,-0.000739878628297083,0,0,0,0,2,2,0.141403239043117,0
test_id,DS01-005_id,4,51,HPC_eff_mod,4,0,0,-0.0038926653406252,0,0,0,0,2,2,0.141403239043117,0
test_id,DS01-005_id,4,51,HPC_flow_mod,5,0,0,-0,0,0,0,0,2,2,0.141403239043117,0
test_id,DS01-005_id,4,51,LPT_eff_mod,6,0,0,-0.0162454620623807,0,0,0,0,2,2,0.141403239043117,0
test_id,DS01-005_id,4,51,LPT_flow_mod,7,0,0,-0.0298065751940519,0,1,0,1,2,2,0.141403239043117,0
test_id,DS01-005_id,4,51,LPC_eff_mod,8,0,0,-0.000839890785082726,0,0,0,0,2,2,0.141403239043117,0
test_id,DS01-005_id,4,51,LPC_flow_mod,9,0,0,-0,0,0,0,0,2,2,0.141403239043117,0
test_id,DS01-005_id,4,52,HPT_eff_mod,1,0,-0.0630901454954735,-0.037279795906624,1,1,2,2,2,2,0.110047676109057,0
test_id,DS01-005_id,4,52,fan_eff_mod,2,0,0,-0,0,0,0,0,2,2,0.110047676109057,0
test_id,DS01-005_id,4,52,fan_flow_mod,3,0,0,-0.000814788860773949,0,0,0,0,2,2,0.110047676109057,0
test_id,DS01-005_id,4,52,HPC_eff_mod,4,0,0,-0.0038926653406252,0,0,0,0,2,2,0.110047676109057,0
test_id,DS01-005_id,4,52,HPC_flow_mod,5,0,0,-0,0,0,0,0,2,2,0.110047676109057,0
test_id,DS01-005_id,4,52,LPT_eff_mod,6,0,0,-0.0162454620623807,0,0,0,0,2,2,0.110047676109057,0
test_id,DS01-005_id,4,52,LPT_flow_mod,7,0,0,-0.0298065751940519,0,1,0,1,2,2,0.110047676109057,0
test_id,DS01-005_id,4,52,LPC_eff_mod,8,0,0,-0.000839890785082726,0,0,0,0,2,2,0.110047676109057,0
test_id,DS01-005_id,4,52,LPC_flow_mod,9,0,0,-0,0,0,0,0,2,2,0.110047676109057,0
test_id,DS01-005_id,4,53,HPT_eff_mod,1,0,-0.08244927186163,-0.0467579548380228,1,1,2,2,2,2,0.0944937063528915,0
test_id,DS01-005_id,4,53,fan_eff_mod,2,0,0,-0,0,0,0,0,2,2,0.0944937063528915,0
test_id,DS01-005_id,4,53,fan_flow_mod,3,0,0,-0.000814788860773949,0,0,0,0,2,2,0.0944937063528915,0
test_id,DS01-005_id,4,53,HPC_eff_mod,4,0,0,-0.0038926653406252,0,0,0,0,2,2,0.0944937063528915,0
test_id,DS01-005_id,4,53,HPC_flow_mod,5,0,0,-0,0,0,0,0,2,2,0.0944937063528915,0
test_id,DS01-005_id,4,53,LPT_eff_mod,6,0,0,-0.0162454620623807,0,0,0,0,2,2,0.0944937063528915,0
test_id,DS01-005_id,4,53,LPT_flow_mod,7,0,0,-0.0324995355688443,0,1,0,2,2,2,0.0944937063528915,0
test_id,DS01-005_id,4,53,LPC_eff_mod,8,0,0,-0.000839890785082726,0,0,0,0,2,2,0.0944937063528915,0
test_id,DS01-005_id,4,53,LPC_flow_mod,9,0,0,-0,0,0,0,0,2,2,0.0944937063528915,0
test_id,DS01-005_id,4,54,HPT_eff_mod,1,0,-0.0889465588006481,-0.0467579548380228,1,1,2,2,2,2,0.105256844400397,0
test_id,DS01-005_id,4,54,fan_eff_mod,2,0,0,-0,0,0,0,0,2,2,0.105256844400397,0
test_id,DS01-005_id,4,54,fan_flow_mod,3,0,0,-0.000814788860773949,0,0,0,0,2,2,0.105256844400397,0
test_id,DS01-005_id,4,54,HPC_eff_mod,4,0,0,-0.00689351470038101,0,0,0,0,2,2,0.105256844400397,0
test_id,DS01-005_id,4,54,HPC_flow_mod,5,0,0,-0,0,0,0,0,2,2,0.105256844400397,0
test_id,DS01-005_id,4,54,LPT_eff_mod,6,0,0,-0.0196255099254446,0,0,0,0,2,2,0.105256844400397,0
test_id,DS01-005_id,4,54,LPT_flow_mod,7,0,0,-0.0324995355688443,0,1,0,2,2,2,0.105256844400397,0
test_id,DS01-005_id,4,54,LPC_eff_mod,8,0,0,-0.000839890785082726,0,0,0,0,2,2,0.105256844400397,0
test_id,DS01-005_id,4,54,LPC_flow_mod,9,0,0,-0,0,0,0,0,2,2,0.105256844400397,0
test_id,DS01-005_id,4,55,HPT_eff_mod,1,0,-0.103273307800161,-0.0540133451759374,1,1,2,2,2,2,0.114241530647425,0
test_id,DS01-005_id,4,55,fan_eff_mod,2,0,0,-0,0,0,0,0,2,2,0.114241530647425,0
test_id,DS01-005_id,4,55,fan_flow_mod,3,0,0,-0.000814788860773949,0,0,0,0,2,2,0.114241530647425,0
test_id,DS01-005_id,4,55,HPC_eff_mod,4,0,0,-0.00820728199409545,0,0,0,0,2,2,0.114241530647425,0
test_id,DS01-005_id,4,55,HPC_flow_mod,5,0,0,-0,0,0,0,0,2,2,0.114241530647425,0
test_id,DS01-005_id,4,55,LPT_eff_mod,6,0,0,-0.0212322226612958,0,1,0,1,2,2,0.114241530647425,0
test_id,DS01-005_id,4,55,LPT_flow_mod,7,0,0,-0.0362665441733876,0,1,0,2,2,2,0.114241530647425,0
test_id,DS01-005_id,4,55,LPC_eff_mod,8,0,0,-0.000839890785082726,0,0,0,0,2,2,0.114241530647425,0
test_id,DS01-005_id,4,55,LPC_flow_mod,9,0,0,-0,0,0,0,0,2,2,0.114241530647425,0
test_id,DS01-005_id,4,56,HPT_eff_mod,1,0,-0.0958359343246475,-0.0540133451759374,1,1,2,2,2,2,0.149960747840483,0
test_id,DS01-005_id,4,56,fan_eff_mod,2,0,0,-0,0,0,0,0,2,2,0.149960747840483,0
test_id,DS01-005_id,4,56,fan_flow_mod,3,0,0,-0.00178781682103834,0,0,0,0,2,2,0.149960747840483,0
test_id,DS01-005_id,4,56,HPC_eff_mod,4,0,0,-0.00820728199409545,0,0,0,0,2,2,0.149960747840483,0
test_id,DS01-005_id,4,56,HPC_flow_mod,5,0,0,-0,0,0,0,0,2,2,0.149960747840483,0
test_id,DS01-005_id,4,56,LPT_eff_mod,6,0,0,-0.0212322226612958,0,1,0,1,2,2,0.149960747840483,0
test_id,DS01-005_id,4,56,LPT_flow_mod,7,0,0,-0.0362665441733876,0,1,0,2,2,2,0.149960747840483,0
test_id,DS01-005_id,4,56,LPC_eff_mod,8,0,0,-0.000839890785082726,0,0,0,0,2,2,0.149960747840483,0
test_id,DS01-005_id,4,56,LPC_flow_mod,9,0,0,-0,0,0,0,0,2,2,0.149960747840483,0
test_id,DS01-005_id,4,57,HPT_eff_mod,1,0,-0.109736965448587,-0.0587842056453275,1,1,2,2,2,2,0.138256742579659,0
test_id,DS01-005_id,4,57,fan_eff_mod,2,0,0,-0,0,0,0,0,2,2,0.138256742579659,0
test_id,DS01-005_id,4,57,fan_flow_mod,3,0,0,-0.00178781682103834,0,0,0,0,2,2,0.138256742579659,0
test_id,DS01-005_id,4,57,HPC_eff_mod,4,0,0,-0.00820728199409545,0,0,0,0,2,2,0.138256742579659,0
test_id,DS01-005_id,4,57,HPC_flow_mod,5,0,0,-0,0,0,0,0,2,2,0.138256742579659,0
test_id,DS01-005_id,4,57,LPT_eff_mod,6,0,0,-0.021301447511991,0,1,0,1,2,2,0.138256742579659,0
test_id,DS01-005_id,4,57,LPT_flow_mod,7,0,0,-0.0379770091823919,0,1,0,2,2,2,0.138256742579659,0
test_id,DS01-005_id,4,57,LPC_eff_mod,8,0,0,-0.000839890785082726,0,0,0,0,2,2,0.138256742579659,0
test_id,DS01-005_id,4,57,LPC_flow_mod,9,0,0,-0,0,0,0,0,2,2,0.138256742579659,0
test_id,DS01-005_id,4,58,HPT_eff_mod,1,0,-0.112776598691684,-0.0612115627883638,1,1,2,2,2,2,0.141332330429369,0
test_id,DS01-005_id,4,58,fan_eff_mod,2,0,0,-0,0,0,0,0,2,2,0.141332330429369,0
test_id,DS01-005_id,4,58,fan_flow_mod,3,0,0,-0.00178781682103834,0,0,0,0,2,2,0.141332330429369,0
test_id,DS01-005_id,4,58,HPC_eff_mod,4,0,0,-0.00820728199409545,0,0,0,0,2,2,0.141332330429369,0
test_id,DS01-005_id,4,58,HPC_flow_mod,5,0,0,-0,0,0,0,0,2,2,0.141332330429369,0
test_id,DS01-005_id,4,58,LPT_eff_mod,6,0,0,-0.0227514698388855,0,1,0,1,2,2,0.141332330429369,0
test_id,DS01-005_id,4,58,LPT_flow_mod,7,0,0,-0.0383667577748904,0,1,0,2,2,2,0.141332330429369,0
test_id,DS01-005_id,4,58,LPC_eff_mod,8,0,0,-0.000839890785082726,0,0,0,0,2,2,0.141332330429369,0
test_id,DS01-005_id,4,58,LPC_flow_mod,9,0,0,-0,0,0,0,0,2,2,0.141332330429369,0
test_id,DS01-005_id,4,59,HPT_eff_mod,1,0,-0.117403179381938,-0.062891752617471,1,1,2,2,2,2,0.0830246551851525,0
test_id,DS01-005_id,4,59,fan_eff_mod,2,0,0,-0,0,0,0,0,2,2,0.0830246551851525,0
test_id,DS01-005_id,4,59,fan_flow_mod,3,0,0,-0.00178781682103834,0,0,0,0,2,2,0.0830246551851525,0
test_id,DS01-005_id,4,59,HPC_eff_mod,4,0,0,-0.00820728199409545,0,0,0,0,2,2,0.0830246551851525,0
test_id,DS01-005_id,4,59,HPC_flow_mod,5,0,0,-0,0,0,0,0,2,2,0.0830246551851525,0
test_id,DS01-005_id,4,59,LPT_eff_mod,6,0,0,-0.0275838630773776,0,1,0,1,2,2,0.0830246551851525,0
test_id,DS01-005_id,4,59,LPT_flow_mod,7,0,0,-0.0416505568632991,0,1,0,2,2,2,0.0830246551851525,0
test_id,DS01-005_id,4,59,LPC_eff_mod,8,0,0,-0.000839890785082726,0,0,0,0,2,2,0.0830246551851525,0
test_id,DS01-005_id,4,59,LPC_flow_mod,9,0,0,-0,0,0,0,0,2,2,0.0830246551851525,0
test_id,DS01-005_id,4,60,HPT_eff_mod,1,0,-0.125495644762571,-0.0684484786569778,1,1,2,2,2,2,0.0902438414628868,0
test_id,DS01-005_id,4,60,fan_eff_mod,2,0,0,-0,0,0,0,0,2,2,0.0902438414628868,0
test_id,DS01-005_id,4,60,fan_flow_mod,3,0,0,-0.00178781682103834,0,0,0,0,2,2,0.0902438414628868,0
test_id,DS01-005_id,4,60,HPC_eff_mod,4,0,0,-0.00820728199409545,0,0,0,0,2,2,0.0902438414628868,0
test_id,DS01-005_id,4,60,HPC_flow_mod,5,0,0,-0,0,0,0,0,2,2,0.0902438414628868,0
test_id,DS01-005_id,4,60,LPT_eff_mod,6,0,0,-0.0307078397550335,0,1,0,2,2,2,0.0902438414628868,0
test_id,DS01-005_id,4,60,LPT_flow_mod,7,0,0,-0.0480500020171095,0,1,0,2,2,2,0.0902438414628868,0
test_id,DS01-005_id,4,60,LPC_eff_mod,8,0,0,-0.000839890785082726,0,0,0,0,2,2,0.0902438414628868,0
test_id,DS01-005_id,4,60,LPC_flow_mod,9,0,0,-0,0,0,0,0,2,2,0.0902438414628868,0
test_id,DS01-005_id,4,61,HPT_eff_mod,1,0,-0.126155698609152,-0.0684484786569778,1,1,2,2,2,2,0.08020688036131,0
test_id,DS01-005_id,4,61,fan_eff_mod,2,0,0,-0,0,0,0,0,2,2,0.08020688036131,0
test_id,DS01-005_id,4,61,fan_flow_mod,3,0,0,-0.00178781682103834,0,0,0,0,2,2,0.08020688036131,0
test_id,DS01-005_id,4,61,HPC_eff_mod,4,0,0,-0.00820728199409545,0,0,0,0,2,2,0.08020688036131,0
test_id,DS01-005_id,4,61,HPC_flow_mod,5,0,0,-0,0,0,0,0,2,2,0.08020688036131,0
test_id,DS01-005_id,4,61,LPT_eff_mod,6,0,0,-0.0307078397550335,0,1,0,2,2,2,0.08020688036131,0
test_id,DS01-005_id,4,61,LPT_flow_mod,7,0,0,-0.0480500020171095,0,1,0,2,2,2,0.08020688036131,0
test_id,DS01-005_id,4,61,LPC_eff_mod,8,0,0,-0.000839890785082726,0,0,0,0,2,2,0.08020688036131,0
test_id,DS01-005_id,4,61,LPC_flow_mod,9,0,0,-0,0,0,0,0,2,2,0.08020688036131,0
test_id,DS01-005_id,4,62,HPT_eff_mod,1,0,-0.141370790352956,-0.0757565916935844,1,1,2,2,2,2,0.0899948434257432,0
test_id,DS01-005_id,4,62,fan_eff_mod,2,0,0,-0,0,0,0,0,2,2,0.0899948434257432,0
test_id,DS01-005_id,4,62,fan_flow_mod,3,0,0,-0.00178781682103834,0,0,0,0,2,2,0.0899948434257432,0
test_id,DS01-005_id,4,62,HPC_eff_mod,4,0,0,-0.00918075756585879,0,0,0,0,2,2,0.0899948434257432,0
test_id,DS01-005_id,4,62,HPC_flow_mod,5,0,0,-0,0,0,0,0,2,2,0.0899948434257432,0
test_id,DS01-005_id,4,62,LPT_eff_mod,6,0,0,-0.0307078397550335,0,1,0,2,2,2,0.0899948434257432,0
test_id,DS01-005_id,4,62,LPT_flow_mod,7,0,0,-0.0523628890214963,0,1,0,2,2,2,0.0899948434257432,0
test_id,DS01-005_id,4,62,LPC_eff_mod,8,0,0,-0.000839890785082726,0,0,0,0,2,2,0.0899948434257432,0
test_id,DS01-005_id,4,62,LPC_flow_mod,9,0,0,-0,0,0,0,0,2,2,0.0899948434257432,0
test_id,DS01-005_id,4,63,HPT_eff_mod,1,0,-0.150485617178551,-0.0831658425729291,1,1,2,2,2,2,0.0803727561620812,0
test_id,DS01-005_id,4,63,fan_eff_mod,2,0,0,-0,0,0,0,0,2,2,0.0803727561620812,0
test_id,DS01-005_id,4,63,fan_flow_mod,3,0,0,-0.00178781682103834,0,0,0,0,2,2,0.0803727561620812,0
test_id,DS01-005_id,4,63,HPC_eff_mod,4,0,0,-0.00918075756585879,0,0,0,0,2,2,0.0803727561620812,0
test_id,DS01-005_id,4,63,HPC_flow_mod,5,0,0,-0,0,0,0,0,2,2,0.0803727561620812,0
test_id,DS01-005_id,4,63,LPT_eff_mod,6,0,0,-0.0317630509737178,0,1,0,2,2,2,0.0803727561620812,0
test_id,DS01-005_id,4,63,LPT_flow_mod,7,0,0,-0.0589044968178349,0,1,0,2,2,2,0.0803727561620812,0
test_id,DS01-005_id,4,63,LPC_eff_mod,8,0,0,-0.000839890785082726,0,0,0,0,2,2,0.0803727561620812,0
test_id,DS01-005_id,4,63,LPC_flow_mod,9,0,0,-0,0,0,0,0,2,2,0.0803727561620812,0
test_id,DS01-005_id,4,64,HPT_eff_mod,1,0,-0.163465249296114,-0.0924779855433056,1,1,2,2,2,2,0.0586502829251012,0
test_id,DS01-005_id,4,64,fan_eff_mod,2,0,0,-0,0,0,0,0,2,2,0.0586502829251012,0
test_id,DS01-005_id,4,64,fan_flow_mod,3,0,0,-0.00178781682103834,0,0,0,0,2,2,0.0586502829251012,0
test_id,DS01-005_id,4,64,HPC_eff_mod,4,0,0,-0.0100153759348585,0,0,0,0,2,2,0.0586502829251012,0
test_id,DS01-005_id,4,64,HPC_flow_mod,5,0,0,-0,0,0,0,0,2,2,0.0586502829251012,0
test_id,DS01-005_id,4,64,LPT_eff_mod,6,0,0,-0.0321669742885886,0,1,0,2,2,2,0.0586502829251012,0
test_id,DS01-005_id,4,64,LPT_flow_mod,7,0,0,-0.062872845142374,0,1,0,2,2,2,0.0586502829251012,0
test_id,DS01-005_id,4,64,LPC_eff_mod,8,0,0,-0.000839890785082726,0,0,0,0,2,2,0.0586502829251012,0
test_id,DS01-005_id,4,64,LPC_flow_mod,9,0,0,-0,0,0,0,0,2,2,0.0586502829251012,0
test_id,DS01-005_id,4,65,HPT_eff_mod,1,0,-0.177732910442737,-0.10062224659316,1,1,2,2,2,2,0.0968737413575323,0
test_id,DS01-005_id,4,65,fan_eff_mod,2,0,0,-0,0,0,0,0,2,2,0.0968737413575323,0
test_id,DS01-005_id,4,65,fan_flow_mod,3,0,0,-0.00178781682103834,0,0,0,0,2,2,0.0968737413575323,0
test_id,DS01-005_id,4,65,HPC_eff_mod,4,0,0,-0.0100153759348585,0,0,0,0,2,2,0.0968737413575323,0
test_id,DS01-005_id,4,65,HPC_flow_mod,5,0,0,-0,0,0,0,0,2,2,0.0968737413575323,0
test_id,DS01-005_id,4,65,LPT_eff_mod,6,0,0,-0.0367346025058711,0,1,0,2,2,2,0.0968737413575323,0
test_id,DS01-005_id,4,65,LPT_flow_mod,7,0,0,-0.0655196558618508,0,1,0,2,2,2,0.0968737413575323,0
test_id,DS01-005_id,4,65,LPC_eff_mod,8,0,0,-0.000839890785082726,0,0,0,0,2,2,0.0968737413575323,0
test_id,DS01-005_id,4,65,LPC_flow_mod,9,0,0,-0,0,0,0,0,2,2,0.0968737413575323,0
test_id,DS01-005_id,4,66,HPT_eff_mod,1,0,-0.184430282292696,-0.10062224659316,1,1,2,2,2,2,0.124802866620379,0
test_id,DS01-005_id,4,66,fan_eff_mod,2,0,0,-0,0,0,0,0,2,2,0.124802866620379,0
test_id,DS01-005_id,4,66,fan_flow_mod,3,0,0,-0.00178781682103834,0,0,0,0,2,2,0.124802866620379,0
test_id,DS01-005_id,4,66,HPC_eff_mod,4,0,0,-0.0100153759348585,0,0,0,0,2,2,0.124802866620379,0
test_id,DS01-005_id,4,66,HPC_flow_mod,5,0,0,-0,0,0,0,0,2,2,0.124802866620379,0
test_id,DS01-005_id,4,66,LPT_eff_mod,6,0,0,-0.0367346025058711,0,1,0,2,2,2,0.124802866620379,0
test_id,DS01-005_id,4,66,LPT_flow_mod,7,0,0,-0.0746778205154802,0,1,0,2,2,2,0.124802866620379,0
test_id,DS01-005_id,4,66,LPC_eff_mod,8,0,0,-0.000839890785082726,0,0,0,0,2,2,0.124802866620379,0
test_id,DS01-005_id,4,66,LPC_flow_mod,9,0,0,-0,0,0,0,0,2,2,0.124802866620379,0
test_id,DS01-005_id,4,67,HPT_eff_mod,1,0,-0.195659335477513,-0.103927670991725,1,1,2,2,2,2,0.152047599831699,0
test_id,DS01-005_id,4,67,fan_eff_mod,2,0,0,-0,0,0,0,0,2,2,0.152047599831699,0
test_id,DS01-005_id,4,67,fan_flow_mod,3,0,0,-0.00178781682103834,0,0,0,0,2,2,0.152047599831699,0
test_id,DS01-005_id,4,67,HPC_eff_mod,4,0,0,-0.0120796324347122,0,0,0,0,2,2,0.152047599831699,0
test_id,DS01-005_id,4,67,HPC_flow_mod,5,0,0,-0,0,0,0,0,2,2,0.152047599831699,0
test_id,DS01-005_id,4,67,LPT_eff_mod,6,0,0,-0.0367346025058711,0,1,0,2,2,2,0.152047599831699,0
test_id,DS01-005_id,4,67,LPT_flow_mod,7,0,0,-0.0746778205154802,0,1,0,2,2,2,0.152047599831699,0
test_id,DS01-005_id,4,67,LPC_eff_mod,8,0,0,-0.000839890785082726,0,0,0,0,2,2,0.152047599831699,0
test_id,DS01-005_id,4,67,LPC_flow_mod,9,0,0,-0,0,0,0,0,2,2,0.152047599831699,0
test_id,DS01-005_id,4,68,HPT_eff_mod,1,0,-0.192898137076363,-0.10716628216916,1,1,2,2,2,2,0.0860809324257796,0
test_id,DS01-005_id,4,68,fan_eff_mod,2,0,0,-0,0,0,0,0,2,2,0.0860809324257796,0
test_id,DS01-005_id,4,68,fan_flow_mod,3,0,0,-0.00178781682103834,0,0,0,0,2,2,0.0860809324257796,0
test_id,DS01-005_id,4,68,HPC_eff_mod,4,0,0,-0.0120796324347122,0,0,0,0,2,2,0.0860809324257796,0
test_id,DS01-005_id,4,68,HPC_flow_mod,5,0,0,-0,0,0,0,0,2,2,0.0860809324257796,0
test_id,DS01-005_id,4,68,LPT_eff_mod,6,0,0,-0.0420175299680438,0,1,0,2,2,2,0.0860809324257796,0
test_id,DS01-005_id,4,68,LPT_flow_mod,7,0,0,-0.0746778205154802,0,1,0,2,2,2,0.0860809324257796,0
test_id,DS01-005_id,4,68,LPC_eff_mod,8,0,0,-0.000839890785082726,0,0,0,0,2,2,0.0860809324257796,0
test_id,DS01-005_id,4,68,LPC_flow_mod,9,0,0,-0,0,0,0,0,2,2,0.0860809324257796,0
test_id,DS01-005_id,4,69,HPT_eff_mod,1,0,-0.207904860442512,-0.119027099875569,1,1,3,2,3,2,0.084692713795215,0
test_id,DS01-005_id,4,69,fan_eff_mod,2,0,0,-0,0,0,0,0,3,2,0.084692713795215,0
test_id,DS01-005_id,4,69,fan_flow_mod,3,0,0,-0.00178781682103834,0,0,0,0,3,2,0.084692713795215,0
test_id,DS01-005_id,4,69,HPC_eff_mod,4,0,0,-0.0120796324347122,0,0,0,0,3,2,0.084692713795215,0
test_id,DS01-005_id,4,69,HPC_flow_mod,5,0,0,-0,0,0,0,0,3,2,0.084692713795215,0
test_id,DS01-005_id,4,69,LPT_eff_mod,6,0,0,-0.0442205038328074,0,1,0,2,3,2,0.084692713795215,0
test_id,DS01-005_id,4,69,LPT_flow_mod,7,0,0,-0.0746778205154802,0,1,0,2,3,2,0.084692713795215,0
test_id,DS01-005_id,4,69,LPC_eff_mod,8,0,0,-0.000839890785082726,0,0,0,0,3,2,0.084692713795215,0
test_id,DS01-005_id,4,69,LPC_flow_mod,9,0,0,-0,0,0,0,0,3,2,0.084692713795215,0
test_id,DS01-005_id,4,70,HPT_eff_mod,1,0,-0.223641887613292,-0.123049150635179,1,1,3,2,3,2,0.1285686638083,0
test_id,DS01-005_id,4,70,fan_eff_mod,2,0,0,-0,0,0,0,0,3,2,0.1285686638083,0
test_id,DS01-005_id,4,70,fan_flow_mod,3,0,0,-0.00186034039988182,0,0,0,0,3,2,0.1285686638083,0
test_id,DS01-005_id,4,70,HPC_eff_mod,4,0,0,-0.0120796324347122,0,0,0,0,3,2,0.1285686638083,0
test_id,DS01-005_id,4,70,HPC_flow_mod,5,0,0,-0,0,0,0,0,3,2,0.1285686638083,0
test_id,DS01-005_id,4,70,LPT_eff_mod,6,0,0,-0.0442205038328074,0,1,0,2,3,2,0.1285686638083,0
test_id,DS01-005_id,4,70,LPT_flow_mod,7,0,0,-0.0774657330174893,0,1,0,2,3,2,0.1285686638083,0
test_id,DS01-005_id,4,70,LPC_eff_mod,8,0,0,-0.000839890785082726,0,0,0,0,3,2,0.1285686638083,0
test_id,DS01-005_id,4,70,LPC_flow_mod,9,0,0,-0,0,0,0,0,3,2,0.1285686638083,0
test_id,DS01-005_id,4,71,HPT_eff_mod,1,0,-0.244774328359881,-0.138542273791466,1,1,3,2,3,2,0.0976517717454836,0
test_id,DS01-005_id,4,71,fan_eff_mod,2,0,0,-0,0,0,0,0,3,2,0.0976517717454836,0
test_id,DS01-005_id,4,71,fan_flow_mod,3,0,0,-0.00186034039988182,0,0,0,0,3,2,0.0976517717454836,0
test_id,DS01-005_id,4,71,HPC_eff_mod,4,0,0,-0.013038837098774,0,1,0,1,3,2,0.0976517717454836,0
test_id,DS01-005_id,4,71,HPC_flow_mod,5,0,0,-0,0,0,0,0,3,2,0.0976517717454836,0
test_id,DS01-005_id,4,71,LPT_eff_mod,6,0,0,-0.0442205038328074,0,1,0,2,3,2,0.0976517717454836,0
test_id,DS01-005_id,4,71,LPT_flow_mod,7,0,0,-0.0941441259212997,0,1,0,2,3,2,0.0976517717454836,0
test_id,DS01-005_id,4,71,LPC_eff_mod,8,0,0,-0.000839890785082726,0,0,0,0,3,2,0.0976517717454836,0
test_id,DS01-005_id,4,71,LPC_flow_mod,9,0,0,-0,0,0,0,0,3,2,0.0976517717454836,0
test_id,DS01-005_id,4,72,HPT_eff_mod,1,0,-0.259240655893938,-0.138542273791466,1,1,3,2,3,2,0.167527433127909,0
test_id,DS01-005_id,4,72,fan_eff_mod,2,0,0,-0,0,0,0,0,3,2,0.167527433127909,0
test_id,DS01-005_id,4,72,fan_flow_mod,3,0,0,-0.00186034039988182,0,0,0,0,3,2,0.167527433127909,0
test_id,DS01-005_id,4,72,HPC_eff_mod,4,0,0,-0.013038837098774,0,1,0,1,3,2,0.167527433127909,0
test_id,DS01-005_id,4,72,HPC_flow_mod,5,0,0,-0,0,0,0,0,3,2,0.167527433127909,0
test_id,DS01-005_id,4,72,LPT_eff_mod,6,0,0,-0.0442205038328074,0,1,0,2,3,2,0.167527433127909,0
test_id,DS01-005_id,4,72,LPT_flow_mod,7,0,0,-0.109598726025363,0,1,0,2,3,2,0.167527433127909,0
test_id,DS01-005_id,4,72,LPC_eff_mod,8,0,0,-0.000839890785082726,0,0,0,0,3,2,0.167527433127909,0
test_id,DS01-005_id,4,72,LPC_flow_mod,9,0,0,-0,0,0,0,0,3,2,0.167527433127909,0
test_id,DS01-005_id,4,73,HPT_eff_mod,1,0,-0.263606097671986,-0.139582401162679,1,1,3,2,3,2,0.0965665626700887,0
test_id,DS01-005_id,4,73,fan_eff_mod,2,0,0,-0,0,0,0,0,3,2,0.0965665626700887,0
test_id,DS01-005_id,4,73,fan_flow_mod,3,0,0,-0.00186034039988182,0,0,0,0,3,2,0.0965665626700887,0
test_id,DS01-005_id,4,73,HPC_eff_mod,4,0,0,-0.013038837098774,0,1,0,1,3,2,0.0965665626700887,0
test_id,DS01-005_id,4,73,HPC_flow_mod,5,0,0,-0,0,0,0,0,3,2,0.0965665626700887,0
test_id,DS01-005_id,4,73,LPT_eff_mod,6,0,0,-0.0537259037881275,0,1,0,2,3,2,0.0965665626700887,0
test_id,DS01-005_id,4,73,LPT_flow_mod,7,0,0,-0.109598726025363,0,1,0,2,3,2,0.0965665626700887,0
test_id,DS01-005_id,4,73,LPC_eff_mod,8,0,0,-0.000839890785082726,0,0,0,0,3,2,0.0965665626700887,0
test_id,DS01-005_id,4,73,LPC_flow_mod,9,0,0,-0,0,0,0,0,3,2,0.0965665626700887,0
test_id,DS01-005_id,4,74,HPT_eff_mod,1,0,-0.284141325891197,-0.157077003011366,1,1,3,2,3,2,0.0953702888106337,0
test_id,DS01-005_id,4,74,fan_eff_mod,2,0,0,-0,0,0,0,0,3,2,0.0953702888106337,0
test_id,DS01-005_id,4,74,fan_flow_mod,3,0,0,-0.00186034039988182,0,0,0,0,3,2,0.0953702888106337,0
test_id,DS01-005_id,4,74,HPC_eff_mod,4,0,0,-0.013038837098774,0,1,0,1,3,2,0.0953702888106337,0
test_id,DS01-005_id,4,74,HPC_flow_mod,5,0,0,-0,0,0,0,0,3,2,0.0953702888106337,0
test_id,DS01-005_id,4,74,LPT_eff_mod,6,0,0,-0.0572413994926348,0,1,0,2,3,2,0.0953702888106337,0
test_id,DS01-005_id,4,74,LPT_flow_mod,7,0,0,-0.113426945415953,0,1,0,2,3,2,0.0953702888106337,0
test_id,DS01-005_id,4,74,LPC_eff_mod,8,0,0,-0.000839890785082726,0,0,0,0,3,2,0.0953702888106337,0
test_id,DS01-005_id,4,74,LPC_flow_mod,9,0,0,-0,0,0,0,0,3,2,0.0953702888106337,0
test_id,DS01-005_id,4,75,HPT_eff_mod,1,0,-0.287025066314272,-0.158669163880466,1,1,3,2,3,2,0.13715104324069,0
test_id,DS01-005_id,4,75,fan_eff_mod,2,0,0,-0,0,0,0,0,3,2,0.13715104324069,0
test_id,DS01-005_id,4,75,fan_flow_mod,3,0,0,-0.00186034039988182,0,0,0,0,3,2,0.13715104324069,0
test_id,DS01-005_id,4,75,HPC_eff_mod,4,0,0,-0.0140519176246927,0,1,0,1,3,2,0.13715104324069,0
test_id,DS01-005_id,4,75,HPC_flow_mod,5,0,0,-0,0,0,0,0,3,2,0.13715104324069,0
test_id,DS01-005_id,4,75,LPT_eff_mod,6,0,0,-0.0594720257027978,0,1,0,2,3,2,0.13715104324069,0
test_id,DS01-005_id,4,75,LPT_flow_mod,7,0,0,-0.116721950972113,0,1,0,2,3,2,0.13715104324069,0
test_id,DS01-005_id,4,75,LPC_eff_mod,8,0,0,-0.000839890785082726,0,0,0,0,3,2,0.13715104324069,0
test_id,DS01-005_id,4,75,LPC_flow_mod,9,0,0,-0,0,0,0,0,3,2,0.13715104324069,0
test_id,DS01-005_id,4,76,HPT_eff_mod,1,0,-0.319709201899427,-0.180406953319163,1,1,3,2,3,2,0.100092122985532,0
test_id,DS01-005_id,4,76,fan_eff_mod,2,0,0,-0,0,0,0,0,3,2,0.100092122985532,0
test_id,DS01-005_id,4,76,fan_flow_mod,3,0,0,-0.00186034039988182,0,0,0,0,3,2,0.100092122985532,0
test_id,DS01-005_id,4,76,HPC_eff_mod,4,0,0,-0.0140519176246927,0,1,0,1,3,2,0.100092122985532,0
test_id,DS01-005_id,4,76,HPC_flow_mod,5,0,0,-0,0,0,0,0,3,2,0.100092122985532,0
test_id,DS01-005_id,4,76,LPT_eff_mod,6,0,0,-0.0612032208200456,0,1,0,2,3,2,0.100092122985532,0
test_id,DS01-005_id,4,76,LPT_flow_mod,7,0,0,-0.123090885223825,0,1,0,2,3,2,0.100092122985532,0
test_id,DS01-005_id,4,76,LPC_eff_mod,8,0,0,-0.000839890785082726,0,0,0,0,3,2,0.100092122985532,0
test_id,DS01-005_id,4,76,LPC_flow_mod,9,0,0,-0,0,0,0,0,3,2,0.100092122985532,0
test_id,DS01-005_id,4,77,HPT_eff_mod,1,0,-0.337176416626109,-0.195972441203609,1,1,3,2,3,2,0.112818443294917,0
test_id,DS01-005_id,4,77,fan_eff_mod,2,0,0,-0,0,0,0,0,3,2,0.112818443294917,0
test_id,DS01-005_id,4,77,fan_flow_mod,3,0,0,-0.00186034039988182,0,0,0,0,3,2,0.112818443294917,0
test_id,DS01-005_id,4,77,HPC_eff_mod,4,0,0,-0.0181077785948478,0,1,0,1,3,2,0.112818443294917,0
test_id,DS01-005_id,4,77,HPC_flow_mod,5,0,0,-0,0,0,0,0,3,2,0.112818443294917,0
test_id,DS01-005_id,4,77,LPT_eff_mod,6,0,0,-0.0654997337715013,0,1,0,2,3,2,0.112818443294917,0
test_id,DS01-005_id,4,77,LPT_flow_mod,7,0,0,-0.123090885223825,0,1,0,2,3,2,0.112818443294917,0
test_id,DS01-005_id,4,77,LPC_eff_mod,8,0,0,-0.000839890785082726,0,0,0,0,3,2,0.112818443294917,0
test_id,DS01-005_id,4,77,LPC_flow_mod,9,0,0,-0,0,0,0,0,3,2,0.112818443294917,0
test_id,DS01-005_id,4,78,HPT_eff_mod,1,0,-0.356057075430185,-0.196622941115338,1,1,3,2,3,2,0.16861222211607,0
test_id,DS01-005_id,4,78,fan_eff_mod,2,0,0,-0,0,0,0,0,3,2,0.16861222211607,0
test_id,DS01-005_id,4,78,fan_flow_mod,3,0,0,-0.00186034039988182,0,0,0,0,3,2,0.16861222211607,0
test_id,DS01-005_id,4,78,HPC_eff_mod,4,0,0,-0.0181077785948478,0,1,0,1,3,2,0.16861222211607,0
test_id,DS01-005_id,4,78,HPC_flow_mod,5,0,0,-0,0,0,0,0,3,2,0.16861222211607,0
test_id,DS01-005_id,4,78,LPT_eff_mod,6,0,0,-0.0654997337715013,0,1,0,2,3,2,0.16861222211607,0
test_id,DS01-005_id,4,78,LPT_flow_mod,7,0,0,-0.148615065394396,0,1,0,2,3,2,0.16861222211607,0
test_id,DS01-005_id,4,78,LPC_eff_mod,8,0,0,-0.000839890785082726,0,0,0,0,3,2,0.16861222211607,0
test_id,DS01-005_id,4,78,LPC_flow_mod,9,0,0,-0,0,0,0,0,3,2,0.16861222211607,0
test_id,DS01-005_id,4,79,HPT_eff_mod,1,0,-0.367931757250283,-0.203284864805193,1,1,3,2,3,2,0.123560933597732,0
test_id,DS01-005_id,4,79,fan_eff_mod,2,0,0,-0,0,0,0,0,3,2,0.123560933597732,0
test_id,DS01-005_id,4,79,fan_flow_mod,3,0,0,-0.00186034039988182,0,0,0,0,3,2,0.123560933597732,0
test_id,DS01-005_id,4,79,HPC_eff_mod,4,0,0,-0.023108434367187,0,1,0,1,3,2,0.123560933597732,0
test_id,DS01-005_id,4,79,HPC_flow_mod,5,0,0,-0,0,0,0,0,3,2,0.123560933597732,0
test_id,DS01-005_id,4,79,LPT_eff_mod,6,0,0,-0.0767914679377522,0,1,0,2,3,2,0.123560933597732,0
test_id,DS01-005_id,4,79,LPT_flow_mod,7,0,0,-0.148615065394396,0,1,0,2,3,2,0.123560933597732,0
test_id,DS01-005_id,4,79,LPC_eff_mod,8,0,0,-0.000839890785082726,0,0,0,0,3,2,0.123560933597732,0
test_id,DS01-005_id,4,79,LPC_flow_mod,9,0,0,-0,0,0,0,0,3,2,0.123560933597732,0
test_id,DS01-005_id,4,80,HPT_eff_mod,1,0,-0.398764165182314,-0.219087552514075,1,1,3,3,3,3,0.11415964450904,0
test_id,DS01-005_id,4,80,fan_eff_mod,2,0,0,-0,0,0,0,0,3,3,0.11415964450904,0
test_id,DS01-005_id,4,80,fan_flow_mod,3,0,0,-0.00186034039988182,0,0,0,0,3,3,0.11415964450904,0
test_id,DS01-005_id,4,80,HPC_eff_mod,4,0,0,-0.023108434367187,0,1,0,1,3,3,0.11415964450904,0
test_id,DS01-005_id,4,80,HPC_flow_mod,5,0,0,-0,0,0,0,0,3,3,0.11415964450904,0
test_id,DS01-005_id,4,80,LPT_eff_mod,6,0,0,-0.0767914679377522,0,1,0,2,3,3,0.11415964450904,0
test_id,DS01-005_id,4,80,LPT_flow_mod,7,0,0,-0.160199565851544,0,1,0,2,3,3,0.11415964450904,0
test_id,DS01-005_id,4,80,LPC_eff_mod,8,0,0,-0.000839890785082726,0,0,0,0,3,3,0.11415964450904,0
test_id,DS01-005_id,4,80,LPC_flow_mod,9,0,0,-0,0,0,0,0,3,3,0.11415964450904,0
test_id,DS01-005_id,4,81,HPT_eff_mod,1,0,-0.421648990932827,-0.233468178953036,1,1,3,3,3,3,0.157843198434376,0
test_id,DS01-005_id,4,81,fan_eff_mod,2,0,0,-0,0,0,0,0,3,3,0.157843198434376,0
test_id,DS01-005_id,4,81,fan_flow_mod,3,0,0,-0.00186034039988182,0,0,0,0,3,3,0.157843198434376,0
test_id,DS01-005_id,4,81,HPC_eff_mod,4,0,0,-0.023108434367187,0,1,0,1,3,3,0.157843198434376,0
test_id,DS01-005_id,4,81,HPC_flow_mod,5,0,0,-0,0,0,0,0,3,3,0.157843198434376,0
test_id,DS01-005_id,4,81,LPT_eff_mod,6,0,0,-0.0780729864143447,0,1,0,2,3,3,0.157843198434376,0
test_id,DS01-005_id,4,81,LPT_flow_mod,7,0,0,-0.169765882841138,0,1,0,2,3,3,0.157843198434376,0
test_id,DS01-005_id,4,81,LPC_eff_mod,8,0,0,-0.000839890785082726,0,0,0,0,3,3,0.157843198434376,0
test_id,DS01-005_id,4,81,LPC_flow_mod,9,0,0,-0,0,0,0,0,3,3,0.157843198434376,0
test_id,DS01-005_id,4,82,HPT_eff_mod,1,0,-0.447823099756345,-0.257419084653744,1,1,3,3,3,3,0.139160970656518,0
test_id,DS01-005_id,4,82,fan_eff_mod,2,0,0,-0,0,0,0,0,3,3,0.139160970656518,0
test_id,DS01-005_id,4,82,fan_flow_mod,3,0,0,-0.00186034039988182,0,0,0,0,3,3,0.139160970656518,0
test_id,DS01-005_id,4,82,HPC_eff_mod,4,0,0,-0.023108434367187,0,1,0,1,3,3,0.139160970656518,0
test_id,DS01-005_id,4,82,HPC_flow_mod,5,0,0,-0,0,0,0,0,3,3,0.139160970656518,0
test_id,DS01-005_id,4,82,LPT_eff_mod,6,0,0,-0.0928070826286755,0,1,0,2,3,3,0.139160970656518,0
test_id,DS01-005_id,4,82,LPT_flow_mod,7,0,0,-0.175034367602032,0,1,0,2,3,3,0.139160970656518,0
test_id,DS01-005_id,4,82,LPC_eff_mod,8,0,0,-0.000839890785082726,0,0,0,0,3,3,0.139160970656518,0
test_id,DS01-005_id,4,82,LPC_flow_mod,9,0,0,-0,0,0,0,0,3,3,0.139160970656518,0
test_id,DS01-005_id,4,83,HPT_eff_mod,1,0,-0.470722930231589,-0.260334841857228,1,1,3,3,3,3,0.152381773168676,0
test_id,DS01-005_id,4,83,fan_eff_mod,2,0,0,-0,0,0,0,0,3,3,0.152381773168676,0
test_id,DS01-005_id,4,83,fan_flow_mod,3,0,0,-0.00186034039988182,0,0,0,0,3,3,0.152381773168676,0
test_id,DS01-005_id,4,83,HPC_eff_mod,4,0,0,-0.023108434367187,0,1,0,1,3,3,0.152381773168676,0
test_id,DS01-005_id,4,83,HPC_flow_mod,5,0,0,-0,0,0,0,0,3,3,0.152381773168676,0
test_id,DS01-005_id,4,83,LPT_eff_mod,6,0,0,-0.0928070826286755,0,1,0,2,3,3,0.152381773168676,0
test_id,DS01-005_id,4,83,LPT_flow_mod,7,0,0,-0.194543622533231,0,1,0,2,3,3,0.152381773168676,0
test_id,DS01-005_id,4,83,LPC_eff_mod,8,0,0,-0.000839890785082726,0,0,0,0,3,3,0.152381773168676,0
test_id,DS01-005_id,4,83,LPC_flow_mod,9,0,0,-0,0,0,0,0,3,3,0.152381773168676,0
test_id,DS01-005_id,4,84,HPT_eff_mod,1,0,-0.504399322761763,-0.285450945724873,1,1,3,3,3,3,0.158631231188759,0
test_id,DS01-005_id,4,84,fan_eff_mod,2,0,0,-0,0,0,0,0,3,3,0.158631231188759,0
test_id,DS01-005_id,4,84,fan_flow_mod,3,0,0,-0.00186034039988182,0,0,0,0,3,3,0.158631231188759,0
test_id,DS01-005_id,4,84,HPC_eff_mod,4,0,0,-0.023108434367187,0,1,0,1,3,3,0.158631231188759,0
test_id,DS01-005_id,4,84,HPC_flow_mod,5,0,0,-0,0,0,0,0,3,3,0.158631231188759,0
test_id,DS01-005_id,4,84,LPT_eff_mod,6,0,0,-0.0980528673530404,0,1,0,2,3,3,0.158631231188759,0
test_id,DS01-005_id,4,84,LPT_flow_mod,7,0,0,-0.205381286601756,0,1,0,2,3,3,0.158631231188759,0
test_id,DS01-005_id,4,84,LPC_eff_mod,8,0,0,-0.000839890785082726,0,0,0,0,3,3,0.158631231188759,0
test_id,DS01-005_id,4,84,LPC_flow_mod,9,0,0,-0,0,0,0,0,3,3,0.158631231188759,0
test_id,DS01-005_id,4,85,HPT_eff_mod,1,0,-0.525689222183187,-0.29352448241772,1,1,3,3,3,3,0.156056608195319,0
test_id,DS01-005_id,4,85,fan_eff_mod,2,0,0,-0,0,0,0,0,3,3,0.156056608195319,0
test_id,DS01-005_id,4,85,fan_flow_mod,3,0,0,-0.00186034039988182,0,0,0,0,3,3,0.156056608195319,0
test_id,DS01-005_id,4,85,HPC_eff_mod,4,0,0,-0.0297746128358925,0,1,0,1,3,3,0.156056608195319,0
test_id,DS01-005_id,4,85,HPC_flow_mod,5,0,0,-0,0,0,0,0,3,3,0.156056608195319,0
test_id,DS01-005_id,4,85,LPT_eff_mod,6,0,0,-0.105886217261848,0,1,0,2,3,3,0.156056608195319,0
test_id,DS01-005_id,4,85,LPT_flow_mod,7,0,0,-0.209039189701643,0,1,0,3,3,3,0.156056608195319,0
test_id,DS01-005_id,4,85,LPC_eff_mod,8,0,0,-0.000839890785082726,0,0,0,0,3,3,0.156056608195319,0
test_id,DS01-005_id,4,85,LPC_flow_mod,9,0,0,-0,0,0,0,0,3,3,0.156056608195319,0
test_id,DS01-005_id,4,86,HPT_eff_mod,1,0,-0.567720653319335,-0.313475481912509,1,1,3,3,3,3,0.201725020855072,0
test_id,DS01-005_id,4,86,fan_eff_mod,2,0,0,-0,0,0,0,0,3,3,0.201725020855072,0
test_id,DS01-005_id,4,86,fan_flow_mod,3,0,0,-0.00205130871368262,0,0,0,0,3,3,0.201725020855072,0
test_id,DS01-005_id,4,86,HPC_eff_mod,4,0,0,-0.0304946203854326,0,1,0,2,3,3,0.201725020855072,0
test_id,DS01-005_id,4,86,HPC_flow_mod,5,0,0,-0,0,0,0,0,3,3,0.201725020855072,0
test_id,DS01-005_id,4,86,LPT_eff_mod,6,0,0,-0.106074784015596,0,1,0,2,3,3,0.201725020855072,0
test_id,DS01-005_id,4,86,LPT_flow_mod,7,0,0,-0.219778523510008,0,1,0,3,3,3,0.201725020855072,0
test_id,DS01-005_id,4,86,LPC_eff_mod,8,0,0,-0.000839890785082726,0,0,0,0,3,3,0.201725020855072,0
test_id,DS01-005_id,4,86,LPC_flow_mod,9,0,0,-0,0,0,0,0,3,3,0.201725020855072,0
test_id,DS01-005_id,4,87,HPT_eff_mod,1,0,-0.591867479047602,-0.335321781523121,1,1,3,3,3,3,0.157767762374691,0
test_id,DS01-005_id,4,87,fan_eff_mod,2,0,0,-0,0,0,0,0,3,3,0.157767762374691,0
test_id,DS01-005_id,4,87,fan_flow_mod,3,0,0,-0.00205130871368262,0,0,0,0,3,3,0.157767762374691,0
test_id,DS01-005_id,4,87,HPC_eff_mod,4,0,0,-0.0326418128318633,0,1,0,2,3,3,0.157767762374691,0
test_id,DS01-005_id,4,87,HPC_flow_mod,5,0,0,-0,0,0,0,0,3,3,0.157767762374691,0
test_id,DS01-005_id,4,87,LPT_eff_mod,6,0,0,-0.112736975459084,0,1,0,2,3,3,0.157767762374691,0
test_id,DS01-005_id,4,87,LPT_flow_mod,7,0,0,-0.243617716218605,0,1,0,3,3,3,0.157767762374691,0
test_id,DS01-005_id,4,87,LPC_eff_mod,8,0,0,-0.000839890785082726,0,0,0,0,3,3,0.157767762374691,0
test_id,DS01-005_id,4,87,LPC_flow_mod,9,0,0,-0,0,0,0,0,3,3,0.157767762374691,0
test_id,DS01-005_id,4,88,HPT_eff_mod,1,0,-0.641207694590488,-0.362106223587722,1,1,3,3,3,3,0.159386984499108,0
test_id,DS01-005_id,4,88,fan_eff_mod,2,0,0,-0,0,0,0,0,3,3,0.159386984499108,0
test_id,DS01-005_id,4,88,fan_flow_mod,3,0,0,-0.00205130871368262,0,0,0,0,3,3,0.159386984499108,0
test_id,DS01-005_id,4,88,HPC_eff_mod,4,0,0,-0.0326418128318633,0,1,0,2,3,3,0.159386984499108,0
test_id,DS01-005_id,4,88,HPC_flow_mod,5,0,0,-0,0,0,0,0,3,3,0.159386984499108,0
test_id,DS01-005_id,4,88,LPT_eff_mod,6,0,0,-0.125023719401292,0,1,0,2,3,3,0.159386984499108,0
test_id,DS01-005_id,4,88,LPT_flow_mod,7,0,0,-0.257886538738769,0,1,0,3,3,3,0.159386984499108,0
test_id,DS01-005_id,4,88,LPC_eff_mod,8,0,0,-0.000839890785082726,0,0,0,0,3,3,0.159386984499108,0
test_id,DS01-005_id,4,88,LPC_flow_mod,9,0,0,-0,0,0,0,0,3,3,0.159386984499108,0
test_id,DS01-005_id,4,89,HPT_eff_mod,1,0,-0.670780561493692,-0.376885225492635,1,1,3,3,3,3,0.219075433084847,0
test_id,DS01-005_id,4,89,fan_eff_mod,2,0,0,-0,0,0,0,0,3,3,0.219075433084847,0
test_id,DS01-005_id,4,89,fan_flow_mod,3,0,0,-0.00228259371623831,0,0,0,0,3,3,0.219075433084847,0
test_id,DS01-005_id,4,89,HPC_eff_mod,4,0,0,-0.0326418128318633,0,1,0,2,3,3,0.219075433084847,0
test_id,DS01-005_id,4,89,HPC_flow_mod,5,0,0,-0,0,0,0,0,3,3,0.219075433084847,0
test_id,DS01-005_id,4,89,LPT_eff_mod,6,0,0,-0.13043738787535,0,1,0,2,3,3,0.219075433084847,0
test_id,DS01-005_id,4,89,LPT_flow_mod,7,0,0,-0.268632297231065,0,1,0,3,3,3,0.219075433084847,0
test_id,DS01-005_id,4,89,LPC_eff_mod,8,0,0,-0.000839890785082726,0,0,0,0,3,3,0.219075433084847,0
test_id,DS01-005_id,4,89,LPC_flow_mod,9,0,0,-0.000496492204511011,0,0,0,0,3,3,0.219075433084847,0
test_id,DS01-005_id,4,90,HPT_eff_mod,1,0,-0.712395249136305,-0.403613600195248,1,1,3,3,3,3,0.201947848492978,0
test_id,DS01-005_id,4,90,fan_eff_mod,2,0,0,-0,0,0,0,0,3,3,0.201947848492978,0
test_id,DS01-005_id,4,90,fan_flow_mod,3,0,0,-0.00228259371623831,0,1,0,1,3,3,0.201947848492978,0
test_id,DS01-005_id,4,90,HPC_eff_mod,4,0,0,-0.047442412162913,0,1,0,2,3,3,0.201947848492978,0
test_id,DS01-005_id,4,90,HPC_flow_mod,5,0,0,-0,0,0,0,0,3,3,0.201947848492978,0
test_id,DS01-005_id,4,90,LPT_eff_mod,6,0,0,-0.133463980638721,0,1,0,2,3,3,0.201947848492978,0
test_id,DS01-005_id,4,90,LPT_flow_mod,7,0,0,-0.284415114614719,0,1,0,3,3,3,0.201947848492978,0
test_id,DS01-005_id,4,90,LPC_eff_mod,8,0,0,-0.000839890785082726,0,0,0,0,3,3,0.201947848492978,0
test_id,DS01-005_id,4,90,LPC_flow_mod,9,0,0,-0.000496492204511011,0,0,0,0,3,3,0.201947848492978,0
test_id,DS01-005_id,4,91,HPT_eff_mod,1,0,-0.75044811271513,-0.420904868258817,1,1,3,3,3,3,0.251799186130587,0
test_id,DS01-005_id,4,91,fan_eff_mod,2,0,0,-0,0,0,0,0,3,3,0.251799186130587,0
test_id,DS01-005_id,4,91,fan_flow_mod,3,0,0,-0.00228259371623831,0,1,0,1,3,3,0.251799186130587,0
test_id,DS01-005_id,4,91,HPC_eff_mod,4,0,0,-0.047442412162913,0,1,0,2,3,3,0.251799186130587,0
test_id,DS01-005_id,4,91,HPC_flow_mod,5,0,0,-0,0,0,0,0,3,3,0.251799186130587,0
test_id,DS01-005_id,4,91,LPT_eff_mod,6,0,0,-0.148056547521795,0,1,0,2,3,3,0.251799186130587,0
test_id,DS01-005_id,4,91,LPT_flow_mod,7,0,0,-0.305318994903459,0,1,0,3,3,3,0.251799186130587,0
test_id,DS01-005_id,4,91,LPC_eff_mod,8,0,0,-0.000839890785082726,0,0,0,0,3,3,0.251799186130587,0
test_id,DS01-005_id,4,91,LPC_flow_mod,9,0,0,-0.000496492204511011,0,0,0,0,3,3,0.251799186130587,0
test_id,DS01-005_id,4,92,HPT_eff_mod,1,0,-0.815423582058862,-0.46270711048138,1,1,3,3,3,3,0.248016251227858,0
test_id,DS01-005_id,4,92,fan_eff_mod,2,0,0,-0,0,0,0,0,3,3,0.248016251227858,0
test_id,DS01-005_id,4,92,fan_flow_mod,3,0,0,-0.00391762050190722,0,1,0,1,3,3,0.248016251227858,0
test_id,DS01-005_id,4,92,HPC_eff_mod,4,0,0,-0.0517918559067994,0,1,0,2,3,3,0.248016251227858,0
test_id,DS01-005_id,4,92,HPC_flow_mod,5,0,0,-0,0,0,0,0,3,3,0.248016251227858,0
test_id,DS01-005_id,4,92,LPT_eff_mod,6,0,0,-0.158026932707748,0,1,0,2,3,3,0.248016251227858,0
test_id,DS01-005_id,4,92,LPT_flow_mod,7,0,0,-0.32225430878112,0,1,0,3,3,3,0.248016251227858,0
test_id,DS01-005_id,4,92,LPC_eff_mod,8,0,0,-0.000839890785082726,0,0,0,0,3,3,0.248016251227858,0
test_id,DS01-005_id,4,92,LPC_flow_mod,9,0,0,-0.00685816681916509,0,0,0,0,3,3,0.248016251227858,0
test_id,DS01-005_id,4,93,HPT_eff_mod,1,0,-0.858588117794715,-0.484767546161422,1,1,3,3,3,3,0.275943565157762,0
test_id,DS01-005_id,4,93,fan_eff_mod,2,0,0,-0,0,0,0,0,3,3,0.275943565157762,0
test_id,DS01-005_id,4,93,fan_flow_mod,3,0,0,-0.00391762050190722,0,1,0,1,3,3,0.275943565157762,0
test_id,DS01-005_id,4,93,HPC_eff_mod,4,0,0,-0.0517918559067994,0,1,0,2,3,3,0.275943565157762,0
test_id,DS01-005_id,4,93,HPC_flow_mod,5,0,0,-0.000409841949010493,0,0,0,0,3,3,0.275943565157762,0
test_id,DS01-005_id,4,93,LPT_eff_mod,6,0,0,-0.170449105201359,0,1,0,2,3,3,0.275943565157762,0
test_id,DS01-005_id,4,93,LPT_flow_mod,7,0,0,-0.345292894619769,0,1,0,3,3,3,0.275943565157762,0
test_id,DS01-005_id,4,93,LPC_eff_mod,8,0,0,-0.000839890785082726,0,0,0,0,3,3,0.275943565157762,0
test_id,DS01-005_id,4,93,LPC_flow_mod,9,0,0,-0.00685816681916509,0,0,0,0,3,3,0.275943565157762,0
test_id,DS01-005_id,4,94,HPT_eff_mod,1,0,-0.910061132155568,-0.513114036984364,1,1,3,3,3,3,0.233416723965866,0
test_id,DS01-005_id,4,94,fan_eff_mod,2,0,0,-0,0,0,0,0,3,3,0.233416723965866,0
test_id,DS01-005_id,4,94,fan_flow_mod,3,0,0,-0.00391762050190722,0,1,0,1,3,3,0.233416723965866,0
test_id,DS01-005_id,4,94,HPC_eff_mod,4,0,0,-0.0640848386897979,0,1,0,2,3,3,0.233416723965866,0
test_id,DS01-005_id,4,94,HPC_flow_mod,5,0,0,-0.000409841949010493,0,0,0,0,3,3,0.233416723965866,0
test_id,DS01-005_id,4,94,LPT_eff_mod,6,0,0,-0.177118462355567,0,1,0,2,3,3,0.233416723965866,0
test_id,DS01-005_id,4,94,LPT_flow_mod,7,0,0,-0.365685319526351,0,1,0,3,3,3,0.233416723965866,0
test_id,DS01-005_id,4,94,LPC_eff_mod,8,0,0,-0.000839890785082726,0,0,0,0,3,3,0.233416723965866,0
test_id,DS01-005_id,4,94,LPC_flow_mod,9,0,0,-0.00685816681916509,0,0,0,0,3,3,0.233416723965866,0
test_id,DS01-005_id,4,95,HPT_eff_mod,1,0,-0.968357601625082,-0.545579894914386,1,1,3,3,3,3,0.267871733724137,0
test_id,DS01-005_id,4,95,fan_eff_mod,2,0,0,-0,0,0,0,0,3,3,0.267871733724137,0
test_id,DS01-005_id,4,95,fan_flow_mod,3,0,0,-0.00391762050190722,0,1,0,1,3,3,0.267871733724137,0
test_id,DS01-005_id,4,95,HPC_eff_mod,4,0,0,-0.0642071372906717,0,1,0,2,3,3,0.267871733724137,0
test_id,DS01-005_id,4,95,HPC_flow_mod,5,0,0,-0.00297171251209138,0,0,0,0,3,3,0.267871733724137,0
test_id,DS01-005_id,4,95,LPT_eff_mod,6,0,0,-0.189390962383603,0,1,0,2,3,3,0.267871733724137,0
test_id,DS01-005_id,4,95,LPT_flow_mod,7,0,0,-0.388897435704925,0,1,0,3,3,3,0.267871733724137,0
test_id,DS01-005_id,4,95,LPC_eff_mod,8,0,0,-0.000980304799163806,0,0,0,0,3,3,0.267871733724137,0
test_id,DS01-005_id,4,95,LPC_flow_mod,9,0,0,-0.00685816681916509,0,0,0,0,3,3,0.267871733724137,0
test_id,DS04_id,5,1,HPT_eff_mod,1,1,0,-0,0,0,0,0,0,0,0.0894636801458602,0
test_id,DS04_id,5,1,fan_eff_mod,2,1,3.05271719321879e-06,-0,0,0,0,0,0,0,0.0894636801458602,0
test_id,DS04_id,5,1,fan_flow_mod,3,1,-0.000632973894355626,-0,0,0,0,0,0,0,0.0894636801458602,0
test_id,DS04_id,5,1,HPC_eff_mod,4,1,0,-0,0,0,0,0,0,0,0.0894636801458602,0
test_id,DS04_id,5,1,HPC_flow_mod,5,1,0,-0,0,0,0,0,0,0,0.0894636801458602,0
test_id,DS04_id,5,1,LPT_eff_mod,6,1,0,-0,0,0,0,0,0,0,0.0894636801458602,0
test_id,DS04_id,5,1,LPT_flow_mod,7,1,0,-0,0,0,0,0,0,0,0.0894636801458602,0
test_id,DS04_id,5,1,LPC_eff_mod,8,1,0,-0,0,0,0,0,0,0,0.0894636801458602,0
test_id,DS04_id,5,1,LPC_flow_mod,9,1,0,-0,0,0,0,0,0,0,0.0894636801458602,0
test_id,DS04_id,5,2,HPT_eff_mod,1,1,0,-0,0,0,0,0,0,0,0.109907315884471,0
test_id,DS04_id,5,2,fan_eff_mod,2,1,-0.00060894445623654,-0.000240394558686377,0,0,0,0,0,0,0.109907315884471,0
test_id,DS04_id,5,2,fan_flow_mod,3,1,0.000493536366652385,-0,0,0,0,0,0,0,0.109907315884471,0
test_id,DS04_id,5,2,HPC_eff_mod,4,1,0,-0,0,0,0,0,0,0,0.109907315884471,0
test_id,DS04_id,5,2,HPC_flow_mod,5,1,0,-0,0,0,0,0,0,0,0.109907315884471,0
test_id,DS04_id,5,2,LPT_eff_mod,6,1,0,-0,0,0,0,0,0,0,0.109907315884471,0
test_id,DS04_id,5,2,LPT_flow_mod,7,1,0,-0,0,0,0,0,0,0,0.109907315884471,0
test_id,DS04_id,5,2,LPC_eff_mod,8,1,0,-0,0,0,0,0,0,0,0.109907315884471,0
test_id,DS04_id,5,2,LPC_flow_mod,9,1,0,-0,0,0,0,0,0,0,0.109907315884471,0
test_id,DS04_id,5,3,HPT_eff_mod,1,1,0,-0,0,0,0,0,0,0,0.0819773486010022,0
test_id,DS04_id,5,3,fan_eff_mod,2,1,0.000605891739043277,-0.000240394558686377,0,0,0,0,0,0,0.0819773486010022,0
test_id,DS04_id,5,3,fan_flow_mod,3,1,0.000139437527703487,-0.000688728647180554,0,0,0,0,0,0,0.0819773486010022,0
test_id,DS04_id,5,3,HPC_eff_mod,4,1,0,-0,0,0,0,0,0,0,0.0819773486010022,0
test_id,DS04_id,5,3,HPC_flow_mod,5,1,0,-0,0,0,0,0,0,0,0.0819773486010022,0
test_id,DS04_id,5,3,LPT_eff_mod,6,1,0,-0,0,0,0,0,0,0,0.0819773486010022,0
test_id,DS04_id,5,3,LPT_flow_mod,7,1,0,-0,0,0,0,0,0,0,0.0819773486010022,0
test_id,DS04_id,5,3,LPC_eff_mod,8,1,0,-0,0,0,0,0,0,0,0.0819773486010022,0
test_id,DS04_id,5,3,LPC_flow_mod,9,1,0,-0,0,0,0,0,0,0,0.0819773486010022,0
test_id,DS04_id,5,4,HPT_eff_mod,1,1,0,-0,0,0,0,0,0,0,0.136677174465682,0
test_id,DS04_id,5,4,fan_eff_mod,2,1,0.000322331071101948,-0.000240394558686377,0,0,0,0,0,0,0.136677174465682,0
test_id,DS04_id,5,4,fan_flow_mod,3,1,-0.00170434303327173,-0.000777516895849348,0,0,0,0,0,0,0.136677174465682,0
test_id,DS04_id,5,4,HPC_eff_mod,4,1,0,-0,0,0,0,0,0,0,0.136677174465682,0
test_id,DS04_id,5,4,HPC_flow_mod,5,1,0,-0,0,0,0,0,0,0,0.136677174465682,0
test_id,DS04_id,5,4,LPT_eff_mod,6,1,0,-0,0,0,0,0,0,0,0.136677174465682,0
test_id,DS04_id,5,4,LPT_flow_mod,7,1,0,-0.00395231281359837,0,0,0,0,0,0,0.136677174465682,0
test_id,DS04_id,5,4,LPC_eff_mod,8,1,0,-0,0,0,0,0,0,0,0.136677174465682,0
test_id,DS04_id,5,4,LPC_flow_mod,9,1,0,-0,0,0,0,0,0,0,0.136677174465682,0
test_id,DS04_id,5,5,HPT_eff_mod,1,1,0,-0,0,0,0,0,0,0,0.234583767906699,0
test_id,DS04_id,5,5,fan_eff_mod,2,1,-0.000661264830622589,-0.000240394558686377,0,0,0,0,0,0,0.234583767906699,0
test_id,DS04_id,5,5,fan_flow_mod,3,1,0.00101300975712782,-0.000777516895849348,0,0,0,0,0,0,0.234583767906699,0
test_id,DS04_id,5,5,HPC_eff_mod,4,1,0,-0,0,0,0,0,0,0,0.234583767906699,0
test_id,DS04_id,5,5,HPC_flow_mod,5,1,0,-0,0,0,0,0,0,0,0.234583767906699,0
test_id,DS04_id,5,5,LPT_eff_mod,6,1,0,-0,0,0,0,0,0,0,0.234583767906699,0
test_id,DS04_id,5,5,LPT_flow_mod,7,1,0,-0.00395231281359837,0,0,0,0,0,0,0.234583767906699,0
test_id,DS04_id,5,5,LPC_eff_mod,8,1,0,-0,0,0,0,0,0,0,0.234583767906699,0
test_id,DS04_id,5,5,LPC_flow_mod,9,1,0,-0,0,0,0,0,0,0,0.234583767906699,0
test_id,DS04_id,5,6,HPT_eff_mod,1,1,0,-0,0,0,0,0,0,0,0.127493748488106,0
test_id,DS04_id,5,6,fan_eff_mod,2,1,-0.00067595990928606,-0.000575777946648305,0,0,0,0,0,0,0.127493748488106,0
test_id,DS04_id,5,6,fan_flow_mod,3,1,-0.000430635098483282,-0.000777516895849348,0,0,0,0,0,0,0.127493748488106,0
test_id,DS04_id,5,6,HPC_eff_mod,4,1,0,-0,0,0,0,0,0,0,0.127493748488106,0
test_id,DS04_id,5,6,HPC_flow_mod,5,1,0,-0,0,0,0,0,0,0,0.127493748488106,0
test_id,DS04_id,5,6,LPT_eff_mod,6,1,0,-0,0,0,0,0,0,0,0.127493748488106,0
test_id,DS04_id,5,6,LPT_flow_mod,7,1,0,-0.00395231281359837,0,0,0,0,0,0,0.127493748488106,0
test_id,DS04_id,5,6,LPC_eff_mod,8,1,0,-0.000959065265866597,0,0,0,0,0,0,0.127493748488106,0
test_id,DS04_id,5,6,LPC_flow_mod,9,1,0,-0,0,0,0,0,0,0,0.127493748488106,0
test_id,DS04_id,5,7,HPT_eff_mod,1,1,0,-0,0,0,0,0,0,0,0.110021382410137,0
test_id,DS04_id,5,7,fan_eff_mod,2,1,-0.000747848314333852,-0.000575777946648305,0,0,0,0,0,0,0.110021382410137,0
test_id,DS04_id,5,7,fan_flow_mod,3,1,-0.000144206069133423,-0.000777516895849348,0,0,0,0,0,0,0.110021382410137,0
test_id,DS04_id,5,7,HPC_eff_mod,4,1,0,-0,0,0,0,0,0,0,0.110021382410137,0
test_id,DS04_id,5,7,HPC_flow_mod,5,1,0,-0,0,0,0,0,0,0,0.110021382410137,0
test_id,DS04_id,5,7,LPT_eff_mod,6,1,0,-0,0,0,0,0,0,0,0.110021382410137,0
test_id,DS04_id,5,7,LPT_flow_mod,7,1,0,-0.00395231281359837,0,0,0,0,0,0,0.110021382410137,0
test_id,DS04_id,5,7,LPC_eff_mod,8,1,0,-0.000959065265866597,0,0,0,0,0,0,0.110021382410137,0
test_id,DS04_id,5,7,LPC_flow_mod,9,1,0,-0,0,0,0,0,0,0,0.110021382410137,0
test_id,DS04_id,5,8,HPT_eff_mod,1,1,0,-0,0,0,0,0,0,0,0.152290955469927,0
test_id,DS04_id,5,8,fan_eff_mod,2,1,-0.000146272126970982,-0.000575777946648305,0,0,0,0,0,0,0.152290955469927,0
test_id,DS04_id,5,8,fan_flow_mod,3,1,0.000142863677136268,-0.000777516895849348,0,0,0,0,0,0,0.152290955469927,0
test_id,DS04_id,5,8,HPC_eff_mod,4,1,0,-0,0,0,0,0,0,0,0.152290955469927,0
test_id,DS04_id,5,8,HPC_flow_mod,5,1,0,-0,0,0,0,0,0,0,0.152290955469927,0
test_id,DS04_id,5,8,LPT_eff_mod,6,1,0,-0,0,0,0,0,0,0,0.152290955469927,0
test_id,DS04_id,5,8,LPT_flow_mod,7,1,0,-0.00395231281359837,0,0,0,0,0,0,0.152290955469927,0
test_id,DS04_id,5,8,LPC_eff_mod,8,1,0,-0.000959065265866597,0,0,0,0,0,0,0.152290955469927,0
test_id,DS04_id,5,8,LPC_flow_mod,9,1,0,-0,0,0,0,0,0,0,0.152290955469927,0
test_id,DS04_id,5,9,HPT_eff_mod,1,1,0,-0,0,0,0,0,0,0,0.13340318553618,0
test_id,DS04_id,5,9,fan_eff_mod,2,1,-0.000741920301689885,-0.000575777946648305,0,0,0,0,0,0,0.13340318553618,0
test_id,DS04_id,5,9,fan_flow_mod,3,1,-0.00165268677320268,-0.00160378919824086,0,0,0,0,0,0,0.13340318553618,0
test_id,DS04_id,5,9,HPC_eff_mod,4,1,0,-0,0,0,0,0,0,0,0.13340318553618,0
test_id,DS04_id,5,9,HPC_flow_mod,5,1,0,-0,0,0,0,0,0,0,0.13340318553618,0
test_id,DS04_id,5,9,LPT_eff_mod,6,1,0,-0,0,0,0,0,0,0,0.13340318553618,0
test_id,DS04_id,5,9,LPT_flow_mod,7,1,0,-0.00395231281359837,0,0,0,0,0,0,0.13340318553618,0
test_id,DS04_id,5,9,LPC_eff_mod,8,1,0,-0.000959065265866597,0,0,0,0,0,0,0.13340318553618,0
test_id,DS04_id,5,9,LPC_flow_mod,9,1,0,-0,0,0,0,0,0,0,0.13340318553618,0
test_id,DS04_id,5,10,HPT_eff_mod,1,1,0,-0,0,0,0,0,0,0,0.153848149623944,0
test_id,DS04_id,5,10,fan_eff_mod,2,1,8.54438234020732e-06,-0.000575777946648305,0,0,0,0,0,0,0.153848149623944,0
test_id,DS04_id,5,10,fan_flow_mod,3,1,-4.51170817227934e-05,-0.00160378919824086,0,0,0,0,0,0,0.153848149623944,0
test_id,DS04_id,5,10,HPC_eff_mod,4,1,0,-0,0,0,0,0,0,0,0.153848149623944,0
test_id,DS04_id,5,10,HPC_flow_mod,5,1,0,-0,0,0,0,0,0,0,0.153848149623944,0
test_id,DS04_id,5,10,LPT_eff_mod,6,1,0,-0,0,0,0,0,0,0,0.153848149623944,0
test_id,DS04_id,5,10,LPT_flow_mod,7,1,0,-0.00395231281359837,0,0,0,0,0,0,0.153848149623944,0
test_id,DS04_id,5,10,LPC_eff_mod,8,1,0,-0.000959065265866597,0,0,0,0,0,0,0.153848149623944,0
test_id,DS04_id,5,10,LPC_flow_mod,9,1,0,-0,0,0,0,0,0,0,0.153848149623944,0
test_id,DS04_id,5,11,HPT_eff_mod,1,1,0,-0,0,0,0,0,0,0,0.108239472549313,0
test_id,DS04_id,5,11,fan_eff_mod,2,1,-0.0012008054610998,-0.000575777946648305,0,0,0,0,0,0,0.108239472549313,0
test_id,DS04_id,5,11,fan_flow_mod,3,1,-0.00022020181389363,-0.00160378919824086,0,0,0,0,0,0,0.108239472549313,0
test_id,DS04_id,5,11,HPC_eff_mod,4,1,0,-0,0,0,0,0,0,0,0.108239472549313,0
test_id,DS04_id,5,11,HPC_flow_mod,5,1,0,-0,0,0,0,0,0,0,0.108239472549313,0
test_id,DS04_id,5,11,LPT_eff_mod,6,1,0,-0,0,0,0,0,0,0,0.108239472549313,0
test_id,DS04_id,5,11,LPT_flow_mod,7,1,0,-0.00395231281359837,0,0,0,0,0,0,0.108239472549313,0
test_id,DS04_id,5,11,LPC_eff_mod,8,1,0,-0.000959065265866597,0,0,0,0,0,0,0.108239472549313,0
test_id,DS04_id,5,11,LPC_flow_mod,9,1,0,-0,0,0,0,0,0,0,0.108239472549313,0
test_id,DS04_id,5,12,HPT_eff_mod,1,1,0,-0,0,0,0,0,0,0,0.133766696018746,0
test_id,DS04_id,5,12,fan_eff_mod,2,1,-0.00159953171575375,-0.000826458841368622,0,0,0,0,0,0,0.133766696018746,0
test_id,DS04_id,5,12,fan_flow_mod,3,1,-0.00125853119970744,-0.00160378919824086,0,0,0,0,0,0,0.133766696018746,0
test_id,DS04_id,5,12,HPC_eff_mod,4,1,0,-0,0,0,0,0,0,0,0.133766696018746,0
test_id,DS04_id,5,12,HPC_flow_mod,5,1,0,-0,0,0,0,0,0,0,0.133766696018746,0
test_id,DS04_id,5,12,LPT_eff_mod,6,1,0,-0,0,0,0,0,0,0,0.133766696018746,0
test_id,DS04_id,5,12,LPT_flow_mod,7,1,0,-0.00395231281359837,0,0,0,0,0,0,0.133766696018746,0
test_id,DS04_id,5,12,LPC_eff_mod,8,1,0,-0.000959065265866597,0,0,0,0,0,0,0.133766696018746,0
test_id,DS04_id,5,12,LPC_flow_mod,9,1,0,-0,0,0,0,0,0,0,0.133766696018746,0
test_id,DS04_id,5,13,HPT_eff_mod,1,1,0,-0,0,0,0,0,0,0,0.158874211679701,0
test_id,DS04_id,5,13,fan_eff_mod,2,1,-0.00153681323827198,-0.000826458841368622,0,0,0,0,0,0,0.158874211679701,0
test_id,DS04_id,5,13,fan_flow_mod,3,1,-0.00328891517989984,-0.00160378919824086,0,0,0,0,0,0,0.158874211679701,0
test_id,DS04_id,5,13,HPC_eff_mod,4,1,0,-0,0,0,0,0,0,0,0.158874211679701,0
test_id,DS04_id,5,13,HPC_flow_mod,5,1,0,-0,0,0,0,0,0,0,0.158874211679701,0
test_id,DS04_id,5,13,LPT_eff_mod,6,1,0,-0,0,0,0,0,0,0,0.158874211679701,0
test_id,DS04_id,5,13,LPT_flow_mod,7,1,0,-0.00395231281359837,0,0,0,0,0,0,0.158874211679701,0
test_id,DS04_id,5,13,LPC_eff_mod,8,1,0,-0.000959065265866597,0,0,0,0,0,0,0.158874211679701,0
test_id,DS04_id,5,13,LPC_flow_mod,9,1,0,-0,0,0,0,0,0,0,0.158874211679701,0
test_id,DS04_id,5,14,HPT_eff_mod,1,1,0,-0,0,0,0,0,0,0,0.106403530354783,0
test_id,DS04_id,5,14,fan_eff_mod,2,1,-0.00089878318703054,-0.000826458841368622,0,0,0,0,0,0,0.106403530354783,0
test_id,DS04_id,5,14,fan_flow_mod,3,1,-0.00274054816091816,-0.00160378919824086,0,0,0,0,0,0,0.106403530354783,0
test_id,DS04_id,5,14,HPC_eff_mod,4,1,0,-0,0,0,0,0,0,0,0.106403530354783,0
test_id,DS04_id,5,14,HPC_flow_mod,5,1,0,-0,0,0,0,0,0,0,0.106403530354783,0
test_id,DS04_id,5,14,LPT_eff_mod,6,1,0,-0,0,0,0,0,0,0,0.106403530354783,0
test_id,DS04_id,5,14,LPT_flow_mod,7,1,0,-0.00395231281359837,0,0,0,0,0,0,0.106403530354783,0
test_id,DS04_id,5,14,LPC_eff_mod,8,1,0,-0.000959065265866597,0,0,0,0,0,0,0.106403530354783,0
test_id,DS04_id,5,14,LPC_flow_mod,9,1,0,-0,0,0,0,0,0,0,0.106403530354783,0
test_id,DS04_id,5,15,HPT_eff_mod,1,1,0,-0,0,0,0,0,0,0,0.142706878549453,0
test_id,DS04_id,5,15,fan_eff_mod,2,1,-0.000268173442622342,-0.000826458841368622,0,0,0,0,0,0,0.142706878549453,0
test_id,DS04_id,5,15,fan_flow_mod,3,1,-0.00273588973412997,-0.00217670057077788,0,0,0,0,0,0,0.142706878549453,0
test_id,DS04_id,5,15,HPC_eff_mod,4,1,0,-0,0,0,0,0,0,0,0.142706878549453,0
test_id,DS04_id,5,15,HPC_flow_mod,5,1,0,-0,0,0,0,0,0,0,0.142706878549453,0
test_id,DS04_id,5,15,LPT_eff_mod,6,1,0,-0,0,0,0,0,0,0,0.142706878549453,0
test_id,DS04_id,5,15,LPT_flow_mod,7,1,0,-0.00395231281359837,0,0,0,0,0,0,0.142706878549453,0
test_id,DS04_id,5,15,LPC_eff_mod,8,1,0,-0.000959065265866597,0,0,0,0,0,0,0.142706878549453,0
test_id,DS04_id,5,15,LPC_flow_mod,9,1,0,-0,0,0,0,0,0,0,0.142706878549453,0
test_id,DS04_id,5,16,HPT_eff_mod,1,1,0,-0,0,0,0,0,0,0,0.14834564297371,0
test_id,DS04_id,5,16,fan_eff_mod,2,1,-0.00159736716752268,-0.000826458841368622,0,0,0,0,0,0,0.14834564297371,0
test_id,DS04_id,5,16,fan_flow_mod,3,1,-0.00134399822012784,-0.00217670057077788,0,0,0,0,0,0,0.14834564297371,0
test_id,DS04_id,5,16,HPC_eff_mod,4,1,0,-0,0,0,0,0,0,0,0.14834564297371,0
test_id,DS04_id,5,16,HPC_flow_mod,5,1,0,-0,0,0,0,0,0,0,0.14834564297371,0
test_id,DS04_id,5,16,LPT_eff_mod,6,1,0,-0,0,0,0,0,0,0,0.14834564297371,0
test_id,DS04_id,5,16,LPT_flow_mod,7,1,0,-0.00395231281359837,0,0,0,0,0,0,0.14834564297371,0
test_id,DS04_id,5,16,LPC_eff_mod,8,1,0,-0.000959065265866597,0,0,0,0,0,0,0.14834564297371,0
test_id,DS04_id,5,16,LPC_flow_mod,9,1,0,-0,0,0,0,0,0,0,0.14834564297371,0
test_id,DS04_id,5,17,HPT_eff_mod,1,0,0,-0,0,0,0,0,1,0,0.114817276172239,0
test_id,DS04_id,5,17,fan_eff_mod,2,0,-0.000753613499550661,-0.000826458841368622,1,0,1,0,1,0,0.114817276172239,0
test_id,DS04_id,5,17,fan_flow_mod,3,0,-0.00165253237552969,-0.0035192321903675,1,0,1,0,1,0,0.114817276172239,0
test_id,DS04_id,5,17,HPC_eff_mod,4,0,0,-0,0,0,0,0,1,0,0.114817276172239,0
test_id,DS04_id,5,17,HPC_flow_mod,5,0,0,-0,0,0,0,0,1,0,0.114817276172239,0
test_id,DS04_id,5,17,LPT_eff_mod,6,0,0,-0,0,0,0,0,1,0,0.114817276172239,0
test_id,DS04_id,5,17,LPT_flow_mod,7,0,0,-0.00395231281359837,0,0,0,0,1,0,0.114817276172239,0
test_id,DS04_id,5,17,LPC_eff_mod,8,0,0,-0.000959065265866597,0,0,0,0,1,0,0.114817276172239,0
test_id,DS04_id,5,17,LPC_flow_mod,9,0,0,-0,0,0,0,0,1,0,0.114817276172239,0
test_id,DS04_id,5,18,HPT_eff_mod,1,0,0,-0,0,0,0,0,1,0,0.15733063234065,0
test_id,DS04_id,5,18,fan_eff_mod,2,0,-0.000875114767401287,-0.000826458841368622,1,0,1,0,1,0,0.15733063234065,0
test_id,DS04_id,5,18,fan_flow_mod,3,0,-0.00285221749216823,-0.00376336391646267,1,0,1,0,1,0,0.15733063234065,0
test_id,DS04_id,5,18,HPC_eff_mod,4,0,0,-0,0,0,0,0,1,0,0.15733063234065,0
test_id,DS04_id,5,18,HPC_flow_mod,5,0,0,-0,0,0,0,0,1,0,0.15733063234065,0
test_id,DS04_id,5,18,LPT_eff_mod,6,0,0,-0,0,0,0,0,1,0,0.15733063234065,0
test_id,DS04_id,5,18,LPT_flow_mod,7,0,0,-0.00395231281359837,0,0,0,0,1,0,0.15733063234065,0
test_id,DS04_id,5,18,LPC_eff_mod,8,0,0,-0.000959065265866597,0,0,0,0,1,0,0.15733063234065,0
test_id,DS04_id,5,18,LPC_flow_mod,9,0,0,-0,0,0,0,0,1,0,0.15733063234065,0
test_id,DS04_id,5,19,HPT_eff_mod,1,0,0,-0,0,0,0,0,1,1,0.110249193229298,0
test_id,DS04_id,5,19,fan_eff_mod,2,0,-0.00130178798486238,-0.000826458841368622,1,0,1,0,1,1,0.110249193229298,0
test_id,DS04_id,5,19,fan_flow_mod,3,0,-0.00154977961653074,-0.00376336391646267,1,1,1,1,1,1,0.110249193229298,0
test_id,DS04_id,5,19,HPC_eff_mod,4,0,0,-0,0,0,0,0,1,1,0.110249193229298,0
test_id,DS04_id,5,19,HPC_flow_mod,5,0,0,-0,0,0,0,0,1,1,0.110249193229298,0
test_id,DS04_id,5,19,LPT_eff_mod,6,0,0,-0,0,0,0,0,1,1,0.110249193229298,0
test_id,DS04_id,5,19,LPT_flow_mod,7,0,0,-0.00395231281359837,0,0,0,0,1,1,0.110249193229298,0
test_id,DS04_id,5,19,LPC_eff_mod,8,0,0,-0.000959065265866597,0,0,0,0,1,1,0.110249193229298,0
test_id,DS04_id,5,19,LPC_flow_mod,9,0,0,-0,0,0,0,0,1,1,0.110249193229298,0
test_id,DS04_id,5,20,HPT_eff_mod,1,0,0,-0,0,0,0,0,1,1,0.096829894595033,0
test_id,DS04_id,5,20,fan_eff_mod,2,0,-0.00140335924737818,-0.000826458841368622,1,0,1,0,1,1,0.096829894595033,0
test_id,DS04_id,5,20,fan_flow_mod,3,0,-0.00419256387304622,-0.00434060910945804,1,1,1,1,1,1,0.096829894595033,0
test_id,DS04_id,5,20,HPC_eff_mod,4,0,0,-0,0,0,0,0,1,1,0.096829894595033,0
test_id,DS04_id,5,20,HPC_flow_mod,5,0,0,-0,0,0,0,0,1,1,0.096829894595033,0
test_id,DS04_id,5,20,LPT_eff_mod,6,0,0,-0,0,0,0,0,1,1,0.096829894595033,0
test_id,DS04_id,5,20,LPT_flow_mod,7,0,0,-0.00403927157804151,0,0,0,0,1,1,0.096829894595033,0
test_id,DS04_id,5,20,LPC_eff_mod,8,0,0,-0.000959065265866597,0,0,0,0,1,1,0.096829894595033,0
test_id,DS04_id,5,20,LPC_flow_mod,9,0,0,-0,0,0,0,0,1,1,0.096829894595033,0
test_id,DS04_id,5,21,HPT_eff_mod,1,0,0,-0,0,0,0,0,1,1,0.143755350830149,0
test_id,DS04_id,5,21,fan_eff_mod,2,0,-0.00113432324452816,-0.000826458841368622,1,0,1,0,1,1,0.143755350830149,0
test_id,DS04_id,5,21,fan_flow_mod,3,0,-0.00586305303927802,-0.0046500123533808,1,1,1,1,1,1,0.143755350830149,0
test_id,DS04_id,5,21,HPC_eff_mod,4,0,0,-0,0,0,0,0,1,1,0.143755350830149,0
test_id,DS04_id,5,21,HPC_flow_mod,5,0,0,-0,0,0,0,0,1,1,0.143755350830149,0
test_id,DS04_id,5,21,LPT_eff_mod,6,0,0,-0,0,0,0,0,1,1,0.143755350830149,0
test_id,DS04_id,5,21,LPT_flow_mod,7,0,0,-0.00403927157804151,0,0,0,0,1,1,0.143755350830149,0
test_id,DS04_id,5,21,LPC_eff_mod,8,0,0,-0.000959065265866597,0,0,0,0,1,1,0.143755350830149,0
test_id,DS04_id,5,21,LPC_flow_mod,9,0,0,-0,0,0,0,0,1,1,0.143755350830149,0
test_id,DS04_id,5,22,HPT_eff_mod,1,0,0,-0,0,0,0,0,1,1,0.109273893461511,0
test_id,DS04_id,5,22,fan_eff_mod,2,0,-0.00203013860708523,-0.000826458841368622,1,0,1,0,1,1,0.109273893461511,0
test_id,DS04_id,5,22,fan_flow_mod,3,0,-0.0054480257182898,-0.0046500123533808,1,1,1,1,1,1,0.109273893461511,0
test_id,DS04_id,5,22,HPC_eff_mod,4,0,0,-0,0,0,0,0,1,1,0.109273893461511,0
test_id,DS04_id,5,22,HPC_flow_mod,5,0,0,-0,0,0,0,0,1,1,0.109273893461511,0
test_id,DS04_id,5,22,LPT_eff_mod,6,0,0,-0,0,0,0,0,1,1,0.109273893461511,0
test_id,DS04_id,5,22,LPT_flow_mod,7,0,0,-0.00403927157804151,0,0,0,0,1,1,0.109273893461511,0
test_id,DS04_id,5,22,LPC_eff_mod,8,0,0,-0.000959065265866597,0,0,0,0,1,1,0.109273893461511,0
test_id,DS04_id,5,22,LPC_flow_mod,9,0,0,-0,0,0,0,0,1,1,0.109273893461511,0
test_id,DS04_id,5,23,HPT_eff_mod,1,0,0,-0,0,0,0,0,1,1,0.149146537192356,0
test_id,DS04_id,5,23,fan_eff_mod,2,0,-0.00170739841396716,-0.000826458841368622,1,0,1,0,1,1,0.149146537192356,0
test_id,DS04_id,5,23,fan_flow_mod,3,0,-0.00498676326376027,-0.0046500123533808,1,1,1,1,1,1,0.149146537192356,0
test_id,DS04_id,5,23,HPC_eff_mod,4,0,0,-0,0,0,0,0,1,1,0.149146537192356,0
test_id,DS04_id,5,23,HPC_flow_mod,5,0,0,-0,0,0,0,0,1,1,0.149146537192356,0
test_id,DS04_id,5,23,LPT_eff_mod,6,0,0,-0,0,0,0,0,1,1,0.149146537192356,0
test_id,DS04_id,5,23,LPT_flow_mod,7,0,0,-0.00403927157804151,0,0,0,0,1,1,0.149146537192356,0
test_id,DS04_id,5,23,LPC_eff_mod,8,0,0,-0.000959065265866597,0,0,0,0,1,1,0.149146537192356,0
test_id,DS04_id,5,23,LPC_flow_mod,9,0,0,-0,0,0,0,0,1,1,0.149146537192356,0
test_id,DS04_id,5,24,HPT_eff_mod,1,0,0,-0,0,0,0,0,1,1,0.664633582721298,1
test_id,DS04_id,5,24,fan_eff_mod,2,0,-0.00209704167703086,-0.000826458841368622,1,0,1,0,1,1,0.664633582721298,1
test_id,DS04_id,5,24,fan_flow_mod,3,0,-0.00292171803446443,-0.0111747590572622,1,1,1,1,1,1,0.664633582721298,1
test_id,DS04_id,5,24,HPC_eff_mod,4,0,0,-0,0,0,0,0,1,1,0.664633582721298,1
test_id,DS04_id,5,24,HPC_flow_mod,5,0,0,-0,0,0,0,0,1,1,0.664633582721298,1
test_id,DS04_id,5,24,LPT_eff_mod,6,0,0,-0,0,0,0,0,1,1,0.664633582721298,1
test_id,DS04_id,5,24,LPT_flow_mod,7,0,0,-0.00403927157804151,0,0,0,0,1,1,0.664633582721298,1
test_id,DS04_id,5,24,LPC_eff_mod,8,0,0,-0.000959065265866597,0,0,0,0,1,1,0.664633582721298,1
test_id,DS04_id,5,24,LPC_flow_mod,9,0,0,-0,0,0,0,0,1,1,0.664633582721298,1
test_id,DS04_id,5,25,HPT_eff_mod,1,0,0,-0,0,0,0,0,1,1,0.309417344770313,0
test_id,DS04_id,5,25,fan_eff_mod,2,0,-0.00213886924466917,-0.00352815077635359,1,0,1,0,1,1,0.309417344770313,0
test_id,DS04_id,5,25,fan_flow_mod,3,0,-0.00560958025082295,-0.0111747590572622,1,1,1,1,1,1,0.309417344770313,0
test_id,DS04_id,5,25,HPC_eff_mod,4,0,0,-0,0,0,0,0,1,1,0.309417344770313,0
test_id,DS04_id,5,25,HPC_flow_mod,5,0,0,-0,0,0,0,0,1,1,0.309417344770313,0
test_id,DS04_id,5,25,LPT_eff_mod,6,0,0,-0,0,0,0,0,1,1,0.309417344770313,0
test_id,DS04_id,5,25,LPT_flow_mod,7,0,0,-0.00403927157804151,0,0,0,0,1,1,0.309417344770313,0
test_id,DS04_id,5,25,LPC_eff_mod,8,0,0,-0.00244541310339992,0,0,0,0,1,1,0.309417344770313,0
test_id,DS04_id,5,25,LPC_flow_mod,9,0,0,-0,0,0,0,0,1,1,0.309417344770313,0
test_id,DS04_id,5,26,HPT_eff_mod,1,0,0,-0,0,0,0,0,1,1,0.109011024528788,0
test_id,DS04_id,5,26,fan_eff_mod,2,0,-0.00188306368056223,-0.00352815077635359,1,0,1,0,1,1,0.109011024528788,0
test_id,DS04_id,5,26,fan_flow_mod,3,0,-0.00860880354363239,-0.0111747590572622,1,1,1,1,1,1,0.109011024528788,0
test_id,DS04_id,5,26,HPC_eff_mod,4,0,0,-0,0,0,0,0,1,1,0.109011024528788,0
test_id,DS04_id,5,26,HPC_flow_mod,5,0,0,-0,0,0,0,0,1,1,0.109011024528788,0
test_id,DS04_id,5,26,LPT_eff_mod,6,0,0,-0,0,0,0,0,1,1,0.109011024528788,0
test_id,DS04_id,5,26,LPT_flow_mod,7,0,0,-0.00403927157804151,0,0,0,0,1,1,0.109011024528788,0
test_id,DS04_id,5,26,LPC_eff_mod,8,0,0,-0.00244541310339992,0,0,0,0,1,1,0.109011024528788,0
test_id,DS04_id,5,26,LPC_flow_mod,9,0,0,-0,0,0,0,0,1,1,0.109011024528788,0
test_id,DS04_id,5,27,HPT_eff_mod,1,0,0,-0,0,0,0,0,1,1,0.0903512312501952,0
test_id,DS04_id,5,27,fan_eff_mod,2,0,-0.00263232043426876,-0.00352815077635359,1,0,1,0,1,1,0.0903512312501952,0
test_id,DS04_id,5,27,fan_flow_mod,3,0,-0.0110065668008247,-0.0111747590572622,1,1,1,1,1,1,0.0903512312501952,0
test_id,DS04_id,5,27,HPC_eff_mod,4,0,0,-0,0,0,0,0,1,1,0.0903512312501952,0
test_id,DS04_id,5,27,HPC_flow_mod,5,0,0,-0,0,0,0,0,1,1,0.0903512312501952,0
test_id,DS04_id,5,27,LPT_eff_mod,6,0,0,-0,0,0,0,0,1,1,0.0903512312501952,0
test_id,DS04_id,5,27,LPT_flow_mod,7,0,0,-0.00403927157804151,0,0,0,0,1,1,0.0903512312501952,0
test_id,DS04_id,5,27,LPC_eff_mod,8,0,0,-0.00244541310339992,0,0,0,0,1,1,0.0903512312501952,0
test_id,DS04_id,5,27,LPC_flow_mod,9,0,0,-0,0,0,0,0,1,1,0.0903512312501952,0
test_id,DS04_id,5,28,HPT_eff_mod,1,0,0,-0,0,0,0,0,1,1,0.194398780133199,0
test_id,DS04_id,5,28,fan_eff_mod,2,0,-0.00304015808360318,-0.00352815077635359,1,0,1,0,1,1,0.194398780133199,0
test_id,DS04_id,5,28,fan_flow_mod,3,0,-0.00814149329176364,-0.0111747590572622,1,1,1,1,1,1,0.194398780133199,0
test_id,DS04_id,5,28,HPC_eff_mod,4,0,0,-0,0,0,0,0,1,1,0.194398780133199,0
test_id,DS04_id,5,28,HPC_flow_mod,5,0,0,-0,0,0,0,0,1,1,0.194398780133199,0
test_id,DS04_id,5,28,LPT_eff_mod,6,0,0,-0,0,0,0,0,1,1,0.194398780133199,0
test_id,DS04_id,5,28,LPT_flow_mod,7,0,0,-0.00403927157804151,0,0,0,0,1,1,0.194398780133199,0
test_id,DS04_id,5,28,LPC_eff_mod,8,0,0,-0.00244541310339992,0,0,0,0,1,1,0.194398780133199,0
test_id,DS04_id,5,28,LPC_flow_mod,9,0,0,-0,0,0,0,0,1,1,0.194398780133199,0
test_id,DS04_id,5,29,HPT_eff_mod,1,0,0,-0,0,0,0,0,1,1,0.100412516349354,0
test_id,DS04_id,5,29,fan_eff_mod,2,0,-0.00302553813285987,-0.0035815906072377,1,1,1,1,1,1,0.100412516349354,0
test_id,DS04_id,5,29,fan_flow_mod,3,0,-0.0110619767330908,-0.0111747590572622,1,1,1,1,1,1,0.100412516349354,0
test_id,DS04_id,5,29,HPC_eff_mod,4,0,0,-0,0,0,0,0,1,1,0.100412516349354,0
test_id,DS04_id,5,29,HPC_flow_mod,5,0,0,-0,0,0,0,0,1,1,0.100412516349354,0
test_id,DS04_id,5,29,LPT_eff_mod,6,0,0,-0,0,0,0,0,1,1,0.100412516349354,0
test_id,DS04_id,5,29,LPT_flow_mod,7,0,0,-0.00403927157804151,0,0,0,0,1,1,0.100412516349354,0
test_id,DS04_id,5,29,LPC_eff_mod,8,0,0,-0.00244541310339992,0,0,0,0,1,1,0.100412516349354,0
test_id,DS04_id,5,29,LPC_flow_mod,9,0,0,-0,0,0,0,0,1,1,0.100412516349354,0
test_id,DS04_id,5,30,HPT_eff_mod,1,0,0,-0,0,0,0,0,1,1,0.11979243564774,0
test_id,DS04_id,5,30,fan_eff_mod,2,0,-0.0023393500916616,-0.0035815906072377,1,1,1,1,1,1,0.11979243564774,0
test_id,DS04_id,5,30,fan_flow_mod,3,0,-0.0101157283086809,-0.0111747590572622,1,1,1,1,1,1,0.11979243564774,0
test_id,DS04_id,5,30,HPC_eff_mod,4,0,0,-0,0,0,0,0,1,1,0.11979243564774,0
test_id,DS04_id,5,30,HPC_flow_mod,5,0,0,-0,0,0,0,0,1,1,0.11979243564774,0
test_id,DS04_id,5,30,LPT_eff_mod,6,0,0,-0,0,0,0,0,1,1,0.11979243564774,0
test_id,DS04_id,5,30,LPT_flow_mod,7,0,0,-0.00403927157804151,0,0,0,0,1,1,0.11979243564774,0
test_id,DS04_id,5,30,LPC_eff_mod,8,0,0,-0.00244541310339992,0,0,0,0,1,1,0.11979243564774,0
test_id,DS04_id,5,30,LPC_flow_mod,9,0,0,-0,0,0,0,0,1,1,0.11979243564774,0
test_id,DS04_id,5,31,HPT_eff_mod,1,0,0,-0,0,0,0,0,1,1,0.134617782623775,0
test_id,DS04_id,5,31,fan_eff_mod,2,0,-0.00280768954320018,-0.0035815906072377,1,1,1,1,1,1,0.134617782623775,0
test_id,DS04_id,5,31,fan_flow_mod,3,0,-0.0134348785148382,-0.0111747590572622,1,1,1,1,1,1,0.134617782623775,0
test_id,DS04_id,5,31,HPC_eff_mod,4,0,0,-0,0,0,0,0,1,1,0.134617782623775,0
test_id,DS04_id,5,31,HPC_flow_mod,5,0,0,-0,0,0,0,0,1,1,0.134617782623775,0
test_id,DS04_id,5,31,LPT_eff_mod,6,0,0,-0,0,0,0,0,1,1,0.134617782623775,0
test_id,DS04_id,5,31,LPT_flow_mod,7,0,0,-0.00403927157804151,0,0,0,0,1,1,0.134617782623775,0
test_id,DS04_id,5,31,LPC_eff_mod,8,0,0,-0.00244541310339992,0,0,0,0,1,1,0.134617782623775,0
test_id,DS04_id,5,31,LPC_flow_mod,9,0,0,-0,0,0,0,0,1,1,0.134617782623775,0
test_id,DS04_id,5,32,HPT_eff_mod,1,0,0,-0,0,0,0,0,1,1,0.100222615472203,0
test_id,DS04_id,5,32,fan_eff_mod,2,0,-0.00339221972854841,-0.0043783965792848,1,1,1,1,1,1,0.100222615472203,0
test_id,DS04_id,5,32,fan_flow_mod,3,0,-0.00854267172658094,-0.0111747590572622,1,1,1,1,1,1,0.100222615472203,0
test_id,DS04_id,5,32,HPC_eff_mod,4,0,0,-0,0,0,0,0,1,1,0.100222615472203,0
test_id,DS04_id,5,32,HPC_flow_mod,5,0,0,-0,0,0,0,0,1,1,0.100222615472203,0
test_id,DS04_id,5,32,LPT_eff_mod,6,0,0,-0,0,0,0,0,1,1,0.100222615472203,0
test_id,DS04_id,5,32,LPT_flow_mod,7,0,0,-0.00403927157804151,0,0,0,0,1,1,0.100222615472203,0
test_id,DS04_id,5,32,LPC_eff_mod,8,0,0,-0.00244541310339992,0,0,0,0,1,1,0.100222615472203,0
test_id,DS04_id,5,32,LPC_flow_mod,9,0,0,-0,0,0,0,0,1,1,0.100222615472203,0
test_id,DS04_id,5,33,HPT_eff_mod,1,0,0,-0,0,0,0,0,1,1,0.142544345866852,0
test_id,DS04_id,5,33,fan_eff_mod,2,0,-0.00439549176280362,-0.00482237295961016,1,1,1,1,1,1,0.142544345866852,0
test_id,DS04_id,5,33,fan_flow_mod,3,0,-0.00974444572783613,-0.0111747590572622,1,1,1,1,1,1,0.142544345866852,0
test_id,DS04_id,5,33,HPC_eff_mod,4,0,0,-0,0,0,0,0,1,1,0.142544345866852,0
test_id,DS04_id,5,33,HPC_flow_mod,5,0,0,-0,0,0,0,0,1,1,0.142544345866852,0
test_id,DS04_id,5,33,LPT_eff_mod,6,0,0,-0,0,0,0,0,1,1,0.142544345866852,0
test_id,DS04_id,5,33,LPT_flow_mod,7,0,0,-0.00403927157804151,0,0,0,0,1,1,0.142544345866852,0
test_id,DS04_id,5,33,LPC_eff_mod,8,0,0,-0.00244541310339992,0,0,0,0,1,1,0.142544345866852,0
test_id,DS04_id,5,33,LPC_flow_mod,9,0,0,-0,0,0,0,0,1,1,0.142544345866852,0
test_id,DS04_id,5,34,HPT_eff_mod,1,0,0,-0,0,0,0,0,1,1,0.0613271968874879,0
test_id,DS04_id,5,34,fan_eff_mod,2,0,-0.00447442568002568,-0.00482237295961016,1,1,1,1,1,1,0.0613271968874879,0
test_id,DS04_id,5,34,fan_flow_mod,3,0,-0.0146185337950401,-0.0149021157218761,1,1,1,1,1,1,0.0613271968874879,0
test_id,DS04_id,5,34,HPC_eff_mod,4,0,0,-0,0,0,0,0,1,1,0.0613271968874879,0
test_id,DS04_id,5,34,HPC_flow_mod,5,0,0,-0,0,0,0,0,1,1,0.0613271968874879,0
test_id,DS04_id,5,34,LPT_eff_mod,6,0,0,-0,0,0,0,0,1,1,0.0613271968874879,0
test_id,DS04_id,5,34,LPT_flow_mod,7,0,0,-0.00403927157804151,0,0,0,0,1,1,0.0613271968874879,0
test_id,DS04_id,5,34,LPC_eff_mod,8,0,0,-0.00244541310339992,0,0,0,0,1,1,0.0613271968874879,0
test_id,DS04_id,5,34,LPC_flow_mod,9,0,0,-0,0,0,0,0,1,1,0.0613271968874879,0
test_id,DS04_id,5,35,HPT_eff_mod,1,0,0,-0,0,0,0,0,1,1,0.105955246801318,0
test_id,DS04_id,5,35,fan_eff_mod,2,0,-0.0039065128636683,-0.00482237295961016,1,1,1,1,1,1,0.105955246801318,0
test_id,DS04_id,5,35,fan_flow_mod,3,0,-0.014232120292466,-0.0149021157218761,1,1,1,1,1,1,0.105955246801318,0
test_id,DS04_id,5,35,HPC_eff_mod,4,0,0,-0,0,0,0,0,1,1,0.105955246801318,0
test_id,DS04_id,5,35,HPC_flow_mod,5,0,0,-0,0,0,0,0,1,1,0.105955246801318,0
test_id,DS04_id,5,35,LPT_eff_mod,6,0,0,-0,0,0,0,0,1,1,0.105955246801318,0
test_id,DS04_id,5,35,LPT_flow_mod,7,0,0,-0.00403927157804151,0,0,0,0,1,1,0.105955246801318,0
test_id,DS04_id,5,35,LPC_eff_mod,8,0,0,-0.00244541310339992,0,0,0,0,1,1,0.105955246801318,0
test_id,DS04_id,5,35,LPC_flow_mod,9,0,0,-0,0,0,0,0,1,1,0.105955246801318,0
test_id,DS04_id,5,36,HPT_eff_mod,1,0,0,-0,0,0,0,0,1,1,0.0892496183844183,0
test_id,DS04_id,5,36,fan_eff_mod,2,0,-0.00461276011665551,-0.00520457016786907,1,1,1,1,1,1,0.0892496183844183,0
test_id,DS04_id,5,36,fan_flow_mod,3,0,-0.015366070749779,-0.0149021157218761,1,1,1,1,1,1,0.0892496183844183,0
test_id,DS04_id,5,36,HPC_eff_mod,4,0,0,-0,0,0,0,0,1,1,0.0892496183844183,0
test_id,DS04_id,5,36,HPC_flow_mod,5,0,0,-0,0,0,0,0,1,1,0.0892496183844183,0
test_id,DS04_id,5,36,LPT_eff_mod,6,0,0,-0,0,0,0,0,1,1,0.0892496183844183,0
test_id,DS04_id,5,36,LPT_flow_mod,7,0,0,-0.00403927157804151,0,0,0,0,1,1,0.0892496183844183,0
test_id,DS04_id,5,36,LPC_eff_mod,8,0,0,-0.00244541310339992,0,0,0,0,1,1,0.0892496183844183,0
test_id,DS04_id,5,36,LPC_flow_mod,9,0,0,-0,0,0,0,0,1,1,0.0892496183844183,0
test_id,DS04_id,5,37,HPT_eff_mod,1,0,0,-0,0,0,0,0,1,1,0.151085633880207,0
test_id,DS04_id,5,37,fan_eff_mod,2,0,-0.0058085417239592,-0.00544644722103339,1,1,1,1,1,1,0.151085633880207,0
test_id,DS04_id,5,37,fan_flow_mod,3,0,-0.0132425303116509,-0.0149021157218761,1,1,1,1,1,1,0.151085633880207,0
test_id,DS04_id,5,37,HPC_eff_mod,4,0,0,-0,0,0,0,0,1,1,0.151085633880207,0
test_id,DS04_id,5,37,HPC_flow_mod,5,0,0,-0,0,0,0,0,1,1,0.151085633880207,0
test_id,DS04_id,5,37,LPT_eff_mod,6,0,0,-0,0,0,0,0,1,1,0.151085633880207,0
test_id,DS04_id,5,37,LPT_flow_mod,7,0,0,-0.00403927157804151,0,0,0,0,1,1,0.151085633880207,0
test_id,DS04_id,5,37,LPC_eff_mod,8,0,0,-0.00244541310339992,0,0,0,0,1,1,0.151085633880207,0
test_id,DS04_id,5,37,LPC_flow_mod,9,0,0,-0,0,0,0,0,1,1,0.151085633880207,0
test_id,DS04_id,5,38,HPT_eff_mod,1,0,0,-0,0,0,0,0,1,1,0.112111703253256,0
test_id,DS04_id,5,38,fan_eff_mod,2,0,-0.00593707218414358,-0.00544644722103339,1,1,1,1,1,1,0.112111703253256,0
test_id,DS04_id,5,38,fan_flow_mod,3,0,-0.0155455941652444,-0.0149021157218761,1,1,1,1,1,1,0.112111703253256,0
test_id,DS04_id,5,38,HPC_eff_mod,4,0,0,-0,0,0,0,0,1,1,0.112111703253256,0
test_id,DS04_id,5,38,HPC_flow_mod,5,0,0,-0,0,0,0,0,1,1,0.112111703253256,0
test_id,DS04_id,5,38,LPT_eff_mod,6,0,0,-0,0,0,0,0,1,1,0.112111703253256,0
test_id,DS04_id,5,38,LPT_flow_mod,7,0,0,-0.00403927157804151,0,0,0,0,1,1,0.112111703253256,0
test_id,DS04_id,5,38,LPC_eff_mod,8,0,0,-0.00244541310339992,0,0,0,0,1,1,0.112111703253256,0
test_id,DS04_id,5,38,LPC_flow_mod,9,0,0,-0,0,0,0,0,1,1,0.112111703253256,0
test_id,DS04_id,5,39,HPT_eff_mod,1,0,0,-0,0,0,0,0,1,1,0.233374031244805,0
test_id,DS04_id,5,39,fan_eff_mod,2,0,-0.00691127015069098,-0.00614923711462022,1,1,1,1,1,1,0.233374031244805,0
test_id,DS04_id,5,39,fan_flow_mod,3,0,-0.0145768270106328,-0.0149021157218761,1,1,1,1,1,1,0.233374031244805,0
test_id,DS04_id,5,39,HPC_eff_mod,4,0,0,-0,0,0,0,0,1,1,0.233374031244805,0
test_id,DS04_id,5,39,HPC_flow_mod,5,0,0,-0,0,0,0,0,1,1,0.233374031244805,0
test_id,DS04_id,5,39,LPT_eff_mod,6,0,0,-0,0,0,0,0,1,1,0.233374031244805,0
test_id,DS04_id,5,39,LPT_flow_mod,7,0,0,-0.00403927157804151,0,0,0,0,1,1,0.233374031244805,0
test_id,DS04_id,5,39,LPC_eff_mod,8,0,0,-0.00244541310339992,0,0,0,0,1,1,0.233374031244805,0
test_id,DS04_id,5,39,LPC_flow_mod,9,0,0,-0,0,0,0,0,1,1,0.233374031244805,0
test_id,DS04_id,5,40,HPT_eff_mod,1,0,0,-0,0,0,0,0,1,1,0.0966281273231162,0
test_id,DS04_id,5,40,fan_eff_mod,2,0,-0.00722297287132876,-0.00614923711462022,1,1,1,1,1,1,0.0966281273231162,0
test_id,DS04_id,5,40,fan_flow_mod,3,0,-0.0181032065335166,-0.0182338480542723,1,1,1,1,1,1,0.0966281273231162,0
test_id,DS04_id,5,40,HPC_eff_mod,4,0,0,-0,0,0,0,0,1,1,0.0966281273231162,0
test_id,DS04_id,5,40,HPC_flow_mod,5,0,0,-0,0,0,0,0,1,1,0.0966281273231162,0
test_id,DS04_id,5,40,LPT_eff_mod,6,0,0,-0,0,0,0,0,1,1,0.0966281273231162,0
test_id,DS04_id,5,40,LPT_flow_mod,7,0,0,-0.00403927157804151,0,0,0,0,1,1,0.0966281273231162,0
test_id,DS04_id,5,40,LPC_eff_mod,8,0,0,-0.00244541310339992,0,0,0,0,1,1,0.0966281273231162,0
test_id,DS04_id,5,40,LPC_flow_mod,9,0,0,-0,0,0,0,0,1,1,0.0966281273231162,0
test_id,DS04_id,5,41,HPT_eff_mod,1,0,0,-0,0,0,0,0,1,1,0.0979916418794928,0
test_id,DS04_id,5,41,fan_eff_mod,2,0,-0.00730964168437738,-0.00614923711462022,1,1,1,1,1,1,0.0979916418794928,0
test_id,DS04_id,5,41,fan_flow_mod,3,0,-0.0211218333766613,-0.0206548481428316,1,1,1,1,1,1,0.0979916418794928,0
test_id,DS04_id,5,41,HPC_eff_mod,4,0,0,-0,0,0,0,0,1,1,0.0979916418794928,0
test_id,DS04_id,5,41,HPC_flow_mod,5,0,0,-0,0,0,0,0,1,1,0.0979916418794928,0
test_id,DS04_id,5,41,LPT_eff_mod,6,0,0,-0,0,0,0,0,1,1,0.0979916418794928,0
test_id,DS04_id,5,41,LPT_flow_mod,7,0,0,-0.00403927157804151,0,0,0,0,1,1,0.0979916418794928,0
test_id,DS04_id,5,41,LPC_eff_mod,8,0,0,-0.00244541310339992,0,0,0,0,1,1,0.0979916418794928,0
test_id,DS04_id,5,41,LPC_flow_mod,9,0,0,-0,0,0,0,0,1,1,0.0979916418794928,0
test_id,DS04_id,5,42,HPT_eff_mod,1,0,0,-0,0,0,0,0,1,1,0.195209042683867,0
test_id,DS04_id,5,42,fan_eff_mod,2,0,-0.0077241414883552,-0.00614923711462022,1,1,1,1,1,1,0.195209042683867,0
test_id,DS04_id,5,42,fan_flow_mod,3,0,-0.0234781769157662,-0.0206548481428316,1,1,1,1,1,1,0.195209042683867,0
test_id,DS04_id,5,42,HPC_eff_mod,4,0,0,-0,0,0,0,0,1,1,0.195209042683867,0
test_id,DS04_id,5,42,HPC_flow_mod,5,0,0,-0,0,0,0,0,1,1,0.195209042683867,0
test_id,DS04_id,5,42,LPT_eff_mod,6,0,0,-0,0,0,0,0,1,1,0.195209042683867,0
test_id,DS04_id,5,42,LPT_flow_mod,7,0,0,-0.00403927157804151,0,0,0,0,1,1,0.195209042683867,0
test_id,DS04_id,5,42,LPC_eff_mod,8,0,0,-0.00244541310339992,0,0,0,0,1,1,0.195209042683867,0
test_id,DS04_id,5,42,LPC_flow_mod,9,0,0,-0,0,0,0,0,1,1,0.195209042683867,0
test_id,DS04_id,5,43,HPT_eff_mod,1,0,0,-0,0,0,0,0,1,1,0.198279078784699,0
test_id,DS04_id,5,43,fan_eff_mod,2,0,-0.00873948067431512,-0.00696745070443674,1,1,1,1,1,1,0.198279078784699,0
test_id,DS04_id,5,43,fan_flow_mod,3,0,-0.0219503168756239,-0.0206548481428316,1,1,1,1,1,1,0.198279078784699,0
test_id,DS04_id,5,43,HPC_eff_mod,4,0,0,-0,0,0,0,0,1,1,0.198279078784699,0
test_id,DS04_id,5,43,HPC_flow_mod,5,0,0,-0,0,0,0,0,1,1,0.198279078784699,0
test_id,DS04_id,5,43,LPT_eff_mod,6,0,0,-0,0,0,0,0,1,1,0.198279078784699,0
test_id,DS04_id,5,43,LPT_flow_mod,7,0,0,-0.00403927157804151,0,0,0,0,1,1,0.198279078784699,0
test_id,DS04_id,5,43,LPC_eff_mod,8,0,0,-0.00244541310339992,0,0,0,0,1,1,0.198279078784699,0
test_id,DS04_id,5,43,LPC_flow_mod,9,0,0,-0,0,0,0,0,1,1,0.198279078784699,0
test_id,DS04_id,5,44,HPT_eff_mod,1,0,0,-0,0,0,0,0,1,1,0.140968641865244,0
test_id,DS04_id,5,44,fan_eff_mod,2,0,-0.008811347821116,-0.00696745070443674,1,1,1,1,1,1,0.140968641865244,0
test_id,DS04_id,5,44,fan_flow_mod,3,0,-0.0213659766435397,-0.0206548481428316,1,1,1,1,1,1,0.140968641865244,0
test_id,DS04_id,5,44,HPC_eff_mod,4,0,0,-0,0,0,0,0,1,1,0.140968641865244,0
test_id,DS04_id,5,44,HPC_flow_mod,5,0,0,-0,0,0,0,0,1,1,0.140968641865244,0
test_id,DS04_id,5,44,LPT_eff_mod,6,0,0,-0,0,0,0,0,1,1,0.140968641865244,0
test_id,DS04_id,5,44,LPT_flow_mod,7,0,0,-0.00403927157804151,0,0,0,0,1,1,0.140968641865244,0
test_id,DS04_id,5,44,LPC_eff_mod,8,0,0,-0.00244541310339992,0,0,0,0,1,1,0.140968641865244,0
test_id,DS04_id,5,44,LPC_flow_mod,9,0,0,-0,0,0,0,0,1,1,0.140968641865244,0
test_id,DS04_id,5,45,HPT_eff_mod,1,0,0,-0,0,0,0,0,1,1,0.208766181765591,0
test_id,DS04_id,5,45,fan_eff_mod,2,0,-0.00964288285153714,-0.00696745070443674,1,1,1,1,1,1,0.208766181765591,0
test_id,DS04_id,5,45,fan_flow_mod,3,0,-0.0273707785333667,-0.0237181842322787,1,1,1,1,1,1,0.208766181765591,0
test_id,DS04_id,5,45,HPC_eff_mod,4,0,0,-0,0,0,0,0,1,1,0.208766181765591,0
test_id,DS04_id,5,45,HPC_flow_mod,5,0,0,-0,0,0,0,0,1,1,0.208766181765591,0
test_id,DS04_id,5,45,LPT_eff_mod,6,0,0,-0,0,0,0,0,1,1,0.208766181765591,0
test_id,DS04_id,5,45,LPT_flow_mod,7,0,0,-0.00403927157804151,0,0,0,0,1,1,0.208766181765591,0
test_id,DS04_id,5,45,LPC_eff_mod,8,0,0,-0.00244541310339992,0,0,0,0,1,1,0.208766181765591,0
test_id,DS04_id,5,45,LPC_flow_mod,9,0,0,-0,0,0,0,0,1,1,0.208766181765591,0
test_id,DS04_id,5,46,HPT_eff_mod,1,0,0,-0,0,0,0,0,1,1,0.140811254023729,0
test_id,DS04_id,5,46,fan_eff_mod,2,0,-0.0104626927448684,-0.0105303200770722,1,1,1,1,1,1,0.140811254023729,0
test_id,DS04_id,5,46,fan_flow_mod,3,0,-0.0217707028053771,-0.0237181842322787,1,1,1,1,1,1,0.140811254023729,0
test_id,DS04_id,5,46,HPC_eff_mod,4,0,0,-0,0,0,0,0,1,1,0.140811254023729,0
test_id,DS04_id,5,46,HPC_flow_mod,5,0,0,-0,0,0,0,0,1,1,0.140811254023729,0
test_id,DS04_id,5,46,LPT_eff_mod,6,0,0,-0,0,0,0,0,1,1,0.140811254023729,0
test_id,DS04_id,5,46,LPT_flow_mod,7,0,0,-0.00403927157804151,0,0,0,0,1,1,0.140811254023729,0
test_id,DS04_id,5,46,LPC_eff_mod,8,0,0,-0.00244541310339992,0,0,0,0,1,1,0.140811254023729,0
test_id,DS04_id,5,46,LPC_flow_mod,9,0,0,-0,0,0,0,0,1,1,0.140811254023729,0
test_id,DS04_id,5,47,HPT_eff_mod,1,0,0,-0,0,0,0,0,1,1,0.136185870180331,0
test_id,DS04_id,5,47,fan_eff_mod,2,0,-0.0112789573661203,-0.0105303200770722,1,1,1,1,1,1,0.136185870180331,0
test_id,DS04_id,5,47,fan_flow_mod,3,0,-0.0250665975553989,-0.0237181842322787,1,1,1,1,1,1,0.136185870180331,0
test_id,DS04_id,5,47,HPC_eff_mod,4,0,0,-0,0,0,0,0,1,1,0.136185870180331,0
test_id,DS04_id,5,47,HPC_flow_mod,5,0,0,-0,0,0,0,0,1,1,0.136185870180331,0
test_id,DS04_id,5,47,LPT_eff_mod,6,0,0,-0,0,0,0,0,1,1,0.136185870180331,0
test_id,DS04_id,5,47,LPT_flow_mod,7,0,0,-0.00403927157804151,0,0,0,0,1,1,0.136185870180331,0
test_id,DS04_id,5,47,LPC_eff_mod,8,0,0,-0.00244541310339992,0,0,0,0,1,1,0.136185870180331,0
test_id,DS04_id,5,47,LPC_flow_mod,9,0,0,-0,0,0,0,0,1,1,0.136185870180331,0
test_id,DS04_id,5,48,HPT_eff_mod,1,0,0,-0,0,0,0,0,1,1,0.10478720393546,0
test_id,DS04_id,5,48,fan_eff_mod,2,0,-0.0117594465025764,-0.0105303200770722,1,1,1,1,1,1,0.10478720393546,0
test_id,DS04_id,5,48,fan_flow_mod,3,0,-0.029693274383273,-0.0237181842322787,1,1,1,1,1,1,0.10478720393546,0
test_id,DS04_id,5,48,HPC_eff_mod,4,0,0,-0,0,0,0,0,1,1,0.10478720393546,0
test_id,DS04_id,5,48,HPC_flow_mod,5,0,0,-0,0,0,0,0,1,1,0.10478720393546,0
test_id,DS04_id,5,48,LPT_eff_mod,6,0,0,-0,0,0,0,0,1,1,0.10478720393546,0
test_id,DS04_id,5,48,LPT_flow_mod,7,0,0,-0.00403927157804151,0,0,0,0,1,1,0.10478720393546,0
test_id,DS04_id,5,48,LPC_eff_mod,8,0,0,-0.00244541310339992,0,0,0,0,1,1,0.10478720393546,0
test_id,DS04_id,5,48,LPC_flow_mod,9,0,0,-0,0,0,0,0,1,1,0.10478720393546,0
test_id,DS04_id,5,49,HPT_eff_mod,1,0,0,-0,0,0,0,0,2,2,0.104069606820504,0
test_id,DS04_id,5,49,fan_eff_mod,2,0,-0.0127611010846082,-0.0105303200770722,1,1,1,1,2,2,0.104069606820504,0
test_id,DS04_id,5,49,fan_flow_mod,3,0,-0.0323494178640358,-0.0300079839236988,1,1,2,2,2,2,0.104069606820504,0
test_id,DS04_id,5,49,HPC_eff_mod,4,0,0,-0,0,0,0,0,2,2,0.104069606820504,0
test_id,DS04_id,5,49,HPC_flow_mod,5,0,0,-0,0,0,0,0,2,2,0.104069606820504,0
test_id,DS04_id,5,49,LPT_eff_mod,6,0,0,-0,0,0,0,0,2,2,0.104069606820504,0
test_id,DS04_id,5,49,LPT_flow_mod,7,0,0,-0.00403927157804151,0,0,0,0,2,2,0.104069606820504,0
test_id,DS04_id,5,49,LPC_eff_mod,8,0,0,-0.00244541310339992,0,0,0,0,2,2,0.104069606820504,0
test_id,DS04_id,5,49,LPC_flow_mod,9,0,0,-0,0,0,0,0,2,2,0.104069606820504,0
test_id,DS04_id,5,50,HPT_eff_mod,1,0,0,-0,0,0,0,0,2,2,0.248114857340358,0
test_id,DS04_id,5,50,fan_eff_mod,2,0,-0.0131569235214763,-0.0105303200770722,1,1,1,1,2,2,0.248114857340358,0
test_id,DS04_id,5,50,fan_flow_mod,3,0,-0.0345849565526704,-0.034331309889405,1,1,2,2,2,2,0.248114857340358,0
test_id,DS04_id,5,50,HPC_eff_mod,4,0,0,-0,0,0,0,0,2,2,0.248114857340358,0
test_id,DS04_id,5,50,HPC_flow_mod,5,0,0,-0,0,0,0,0,2,2,0.248114857340358,0
test_id,DS04_id,5,50,LPT_eff_mod,6,0,0,-0,0,0,0,0,2,2,0.248114857340358,0
test_id,DS04_id,5,50,LPT_flow_mod,7,0,0,-0.00403927157804151,0,0,0,0,2,2,0.248114857340358,0
test_id,DS04_id,5,50,LPC_eff_mod,8,0,0,-0.00244541310339992,0,0,0,0,2,2,0.248114857340358,0
test_id,DS04_id,5,50,LPC_flow_mod,9,0,0,-0,0,0,0,0,2,2,0.248114857340358,0
test_id,DS04_id,5,51,HPT_eff_mod,1,0,0,-0,0,0,0,0,2,2,0.189172140467748,0
test_id,DS04_id,5,51,fan_eff_mod,2,0,-0.0142717025012647,-0.0132587283825954,1,1,1,1,2,2,0.189172140467748,0
test_id,DS04_id,5,51,fan_flow_mod,3,0,-0.0371938539768621,-0.034331309889405,1,1,2,2,2,2,0.189172140467748,0
test_id,DS04_id,5,51,HPC_eff_mod,4,0,0,-0,0,0,0,0,2,2,0.189172140467748,0
test_id,DS04_id,5,51,HPC_flow_mod,5,0,0,-0,0,0,0,0,2,2,0.189172140467748,0
test_id,DS04_id,5,51,LPT_eff_mod,6,0,0,-0,0,0,0,0,2,2,0.189172140467748,0
test_id,DS04_id,5,51,LPT_flow_mod,7,0,0,-0.00403927157804151,0,0,0,0,2,2,0.189172140467748,0
test_id,DS04_id,5,51,LPC_eff_mod,8,0,0,-0.00244541310339992,0,0,0,0,2,2,0.189172140467748,0
test_id,DS04_id,5,51,LPC_flow_mod,9,0,0,-0,0,0,0,0,2,2,0.189172140467748,0
test_id,DS04_id,5,52,HPT_eff_mod,1,0,0,-0,0,0,0,0,2,2,0.0775588536608531,0
test_id,DS04_id,5,52,fan_eff_mod,2,0,-0.0146919743075101,-0.0133920444522896,1,1,1,1,2,2,0.0775588536608531,0
test_id,DS04_id,5,52,fan_flow_mod,3,0,-0.0394782898940584,-0.034331309889405,1,1,2,2,2,2,0.0775588536608531,0
test_id,DS04_id,5,52,HPC_eff_mod,4,0,0,-0,0,0,0,0,2,2,0.0775588536608531,0
test_id,DS04_id,5,52,HPC_flow_mod,5,0,0,-0,0,0,0,0,2,2,0.0775588536608531,0
test_id,DS04_id,5,52,LPT_eff_mod,6,0,0,-0,0,0,0,0,2,2,0.0775588536608531,0
test_id,DS04_id,5,52,LPT_flow_mod,7,0,0,-0.00403927157804151,0,0,0,0,2,2,0.0775588536608531,0
test_id,DS04_id,5,52,LPC_eff_mod,8,0,0,-0.00244541310339992,0,0,0,0,2,2,0.0775588536608531,0
test_id,DS04_id,5,52,LPC_flow_mod,9,0,0,-0,0,0,0,0,2,2,0.0775588536608531,0
test_id,DS04_id,5,53,HPT_eff_mod,1,0,0,-0,0,0,0,0,2,2,0.136243819401492,0
test_id,DS04_id,5,53,fan_eff_mod,2,0,-0.0162679871167465,-0.0133920444522896,1,1,1,1,2,2,0.136243819401492,0
test_id,DS04_id,5,53,fan_flow_mod,3,0,-0.0408713733757959,-0.03814201208192,1,1,2,2,2,2,0.136243819401492,0
test_id,DS04_id,5,53,HPC_eff_mod,4,0,0,-0,0,0,0,0,2,2,0.136243819401492,0
test_id,DS04_id,5,53,HPC_flow_mod,5,0,0,-0,0,0,0,0,2,2,0.136243819401492,0
test_id,DS04_id,5,53,LPT_eff_mod,6,0,0,-0,0,0,0,0,2,2,0.136243819401492,0
test_id,DS04_id,5,53,LPT_flow_mod,7,0,0,-0.00403927157804151,0,0,0,0,2,2,0.136243819401492,0
test_id,DS04_id,5,53,LPC_eff_mod,8,0,0,-0.00244541310339992,0,0,0,0,2,2,0.136243819401492,0
test_id,DS04_id,5,53,LPC_flow_mod,9,0,0,-0,0,0,0,0,2,2,0.136243819401492,0
test_id,DS04_id,5,54,HPT_eff_mod,1,0,0,-0,0,0,0,0,2,2,0.105157436849741,0
test_id,DS04_id,5,54,fan_eff_mod,2,0,-0.0165171254005684,-0.0146390551213517,1,1,1,1,2,2,0.105157436849741,0
test_id,DS04_id,5,54,fan_flow_mod,3,0,-0.0404663422888712,-0.0385920052060066,1,1,2,2,2,2,0.105157436849741,0
test_id,DS04_id,5,54,HPC_eff_mod,4,0,0,-0,0,0,0,0,2,2,0.105157436849741,0
test_id,DS04_id,5,54,HPC_flow_mod,5,0,0,-0,0,0,0,0,2,2,0.105157436849741,0
test_id,DS04_id,5,54,LPT_eff_mod,6,0,0,-0,0,0,0,0,2,2,0.105157436849741,0
test_id,DS04_id,5,54,LPT_flow_mod,7,0,0,-0.00403927157804151,0,0,0,0,2,2,0.105157436849741,0
test_id,DS04_id,5,54,LPC_eff_mod,8,0,0,-0.00244541310339992,0,0,0,0,2,2,0.105157436849741,0
test_id,DS04_id,5,54,LPC_flow_mod,9,0,0,-0,0,0,0,0,2,2,0.105157436849741,0
test_id,DS04_id,5,55,HPT_eff_mod,1,0,0,-0,0,0,0,0,2,2,0.175335920172613,0
test_id,DS04_id,5,55,fan_eff_mod,2,0,-0.0176384704463965,-0.0146390551213517,1,1,1,1,2,2,0.175335920172613,0
test_id,DS04_id,5,55,fan_flow_mod,3,0,-0.0445570094625316,-0.0396453833171795,1,1,2,2,2,2,0.175335920172613,0
test_id,DS04_id,5,55,HPC_eff_mod,4,0,0,-0,0,0,0,0,2,2,0.175335920172613,0
test_id,DS04_id,5,55,HPC_flow_mod,5,0,0,-0,0,0,0,0,2,2,0.175335920172613,0
test_id,DS04_id,5,55,LPT_eff_mod,6,0,0,-0,0,0,0,0,2,2,0.175335920172613,0
test_id,DS04_id,5,55,LPT_flow_mod,7,0,0,-0.00403927157804151,0,0,0,0,2,2,0.175335920172613,0
test_id,DS04_id,5,55,LPC_eff_mod,8,0,0,-0.00244541310339992,0,0,0,0,2,2,0.175335920172613,0
test_id,DS04_id,5,55,LPC_flow_mod,9,0,0,-0,0,0,0,0,2,2,0.175335920172613,0
test_id,DS04_id,5,56,HPT_eff_mod,1,0,0,-0,0,0,0,0,2,2,0.225299021372377,0
test_id,DS04_id,5,56,fan_eff_mod,2,0,-0.0199082951390385,-0.01788270825572,1,1,1,1,2,2,0.225299021372377,0
test_id,DS04_id,5,56,fan_flow_mod,3,0,-0.0465101677691795,-0.0396453833171795,1,1,2,2,2,2,0.225299021372377,0
test_id,DS04_id,5,56,HPC_eff_mod,4,0,0,-0,0,0,0,0,2,2,0.225299021372377,0
test_id,DS04_id,5,56,HPC_flow_mod,5,0,0,-0,0,0,0,0,2,2,0.225299021372377,0
test_id,DS04_id,5,56,LPT_eff_mod,6,0,0,-0,0,0,0,0,2,2,0.225299021372377,0
test_id,DS04_id,5,56,LPT_flow_mod,7,0,0,-0.00403927157804151,0,0,0,0,2,2,0.225299021372377,0
test_id,DS04_id,5,56,LPC_eff_mod,8,0,0,-0.00244541310339992,0,0,0,0,2,2,0.225299021372377,0
test_id,DS04_id,5,56,LPC_flow_mod,9,0,0,-0,0,0,0,0,2,2,0.225299021372377,0
test_id,DS04_id,5,57,HPT_eff_mod,1,0,0,-0,0,0,0,0,2,2,0.0798249349848303,0
test_id,DS04_id,5,57,fan_eff_mod,2,0,-0.0203991877147656,-0.0185227402906711,1,1,1,1,2,2,0.0798249349848303,0
test_id,DS04_id,5,57,fan_flow_mod,3,0,-0.049300030567698,-0.0466593660009431,1,1,2,2,2,2,0.0798249349848303,0
test_id,DS04_id,5,57,HPC_eff_mod,4,0,0,-0,0,0,0,0,2,2,0.0798249349848303,0
test_id,DS04_id,5,57,HPC_flow_mod,5,0,0,-0,0,0,0,0,2,2,0.0798249349848303,0
test_id,DS04_id,5,57,LPT_eff_mod,6,0,0,-0,0,0,0,0,2,2,0.0798249349848303,0
test_id,DS04_id,5,57,LPT_flow_mod,7,0,0,-0.00403927157804151,0,0,0,0,2,2,0.0798249349848303,0
test_id,DS04_id,5,57,LPC_eff_mod,8,0,0,-0.00244541310339992,0,0,0,0,2,2,0.0798249349848303,0
test_id,DS04_id,5,57,LPC_flow_mod,9,0,0,-0,0,0,0,0,2,2,0.0798249349848303,0
test_id,DS04_id,5,58,HPT_eff_mod,1,0,0,-0,0,0,0,0,2,2,0.112890112329251,0
test_id,DS04_id,5,58,fan_eff_mod,2,0,-0.0223023190835458,-0.0202685052961399,1,1,1,1,2,2,0.112890112329251,0
test_id,DS04_id,5,58,fan_flow_mod,3,0,-0.0519752201913007,-0.0466593660009431,1,1,2,2,2,2,0.112890112329251,0
test_id,DS04_id,5,58,HPC_eff_mod,4,0,0,-0,0,0,0,0,2,2,0.112890112329251,0
test_id,DS04_id,5,58,HPC_flow_mod,5,0,0,-0,0,0,0,0,2,2,0.112890112329251,0
test_id,DS04_id,5,58,LPT_eff_mod,6,0,0,-0,0,0,0,0,2,2,0.112890112329251,0
test_id,DS04_id,5,58,LPT_flow_mod,7,0,0,-0.00403927157804151,0,0,0,0,2,2,0.112890112329251,0
test_id,DS04_id,5,58,LPC_eff_mod,8,0,0,-0.00244541310339992,0,0,0,0,2,2,0.112890112329251,0
test_id,DS04_id,5,58,LPC_flow_mod,9,0,0,-0,0,0,0,0,2,2,0.112890112329251,0
test_id,DS04_id,5,59,HPT_eff_mod,1,0,0,-0,0,0,0,0,2,2,0.0812072383251565,0
test_id,DS04_id,5,59,fan_eff_mod,2,0,-0.0227220288945114,-0.0221987998118254,1,1,1,1,2,2,0.0812072383251565,0
test_id,DS04_id,5,59,fan_flow_mod,3,0,-0.0549922108149071,-0.0558255089088946,1,1,2,2,2,2,0.0812072383251565,0
test_id,DS04_id,5,59,HPC_eff_mod,4,0,0,-0,0,0,0,0,2,2,0.0812072383251565,0
test_id,DS04_id,5,59,HPC_flow_mod,5,0,0,-0,0,0,0,0,2,2,0.0812072383251565,0
test_id,DS04_id,5,59,LPT_eff_mod,6,0,0,-0,0,0,0,0,2,2,0.0812072383251565,0
test_id,DS04_id,5,59,LPT_flow_mod,7,0,0,-0.00403927157804151,0,0,0,0,2,2,0.0812072383251565,0
test_id,DS04_id,5,59,LPC_eff_mod,8,0,0,-0.00319395772654248,0,0,0,0,2,2,0.0812072383251565,0
test_id,DS04_id,5,59,LPC_flow_mod,9,0,0,-0,0,0,0,0,2,2,0.0812072383251565,0
test_id,DS04_id,5,60,HPT_eff_mod,1,0,0,-0,0,0,0,0,2,2,0.0783007790494319,0
test_id,DS04_id,5,60,fan_eff_mod,2,0,-0.0244866696478472,-0.0246480384849429,1,1,1,1,2,2,0.0783007790494319,0
test_id,DS04_id,5,60,fan_flow_mod,3,0,-0.0605073158831616,-0.0558255089088946,1,1,2,2,2,2,0.0783007790494319,0
test_id,DS04_id,5,60,HPC_eff_mod,4,0,0,-0,0,0,0,0,2,2,0.0783007790494319,0
test_id,DS04_id,5,60,HPC_flow_mod,5,0,0,-0,0,0,0,0,2,2,0.0783007790494319,0
test_id,DS04_id,5,60,LPT_eff_mod,6,0,0,-0,0,0,0,0,2,2,0.0783007790494319,0
test_id,DS04_id,5,60,LPT_flow_mod,7,0,0,-0.00403927157804151,0,0,0,0,2,2,0.0783007790494319,0
test_id,DS04_id,5,60,LPC_eff_mod,8,0,0,-0.00319395772654248,0,0,0,0,2,2,0.0783007790494319,0
test_id,DS04_id,5,60,LPC_flow_mod,9,0,0,-0,0,0,0,0,2,2,0.0783007790494319,0
test_id,DS04_id,5,61,HPT_eff_mod,1,0,0,-0,0,0,0,0,2,2,0.151111519489564,0
test_id,DS04_id,5,61,fan_eff_mod,2,0,-0.026180067926976,-0.0249302960312152,1,1,1,1,2,2,0.151111519489564,0
test_id,DS04_id,5,61,fan_flow_mod,3,0,-0.0629087280800879,-0.0587397994523515,1,1,2,2,2,2,0.151111519489564,0
test_id,DS04_id,5,61,HPC_eff_mod,4,0,0,-0,0,0,0,0,2,2,0.151111519489564,0
test_id,DS04_id,5,61,HPC_flow_mod,5,0,0,-0,0,0,0,0,2,2,0.151111519489564,0
test_id,DS04_id,5,61,LPT_eff_mod,6,0,0,-0,0,0,0,0,2,2,0.151111519489564,0
test_id,DS04_id,5,61,LPT_flow_mod,7,0,0,-0.00403927157804151,0,0,0,0,2,2,0.151111519489564,0
test_id,DS04_id,5,61,LPC_eff_mod,8,0,0,-0.00319395772654248,0,0,0,0,2,2,0.151111519489564,0
test_id,DS04_id,5,61,LPC_flow_mod,9,0,0,-0,0,0,0,0,2,2,0.151111519489564,0
test_id,DS04_id,5,62,HPT_eff_mod,1,0,0,-0,0,0,0,0,2,2,0.119743578634269,0
test_id,DS04_id,5,62,fan_eff_mod,2,0,-0.0277794961806663,-0.0253876136449741,1,1,1,1,2,2,0.119743578634269,0
test_id,DS04_id,5,62,fan_flow_mod,3,0,-0.0662828845455918,-0.0587397994523515,1,1,2,2,2,2,0.119743578634269,0
test_id,DS04_id,5,62,HPC_eff_mod,4,0,0,-0,0,0,0,0,2,2,0.119743578634269,0
test_id,DS04_id,5,62,HPC_flow_mod,5,0,0,-0,0,0,0,0,2,2,0.119743578634269,0
test_id,DS04_id,5,62,LPT_eff_mod,6,0,0,-0,0,0,0,0,2,2,0.119743578634269,0
test_id,DS04_id,5,62,LPT_flow_mod,7,0,0,-0.00403927157804151,0,0,0,0,2,2,0.119743578634269,0
test_id,DS04_id,5,62,LPC_eff_mod,8,0,0,-0.00337863580626303,0,0,0,0,2,2,0.119743578634269,0
test_id,DS04_id,5,62,LPC_flow_mod,9,0,0,-0,0,0,0,0,2,2,0.119743578634269,0
test_id,DS04_id,5,63,HPT_eff_mod,1,0,0,-0,0,0,0,0,2,2,0.139297669909723,0
test_id,DS04_id,5,63,fan_eff_mod,2,0,-0.0289732696974461,-0.0253876136449741,1,1,1,1,2,2,0.139297669909723,0
test_id,DS04_id,5,63,fan_flow_mod,3,0,-0.0741027905499224,-0.0705200164039867,1,1,2,2,2,2,0.139297669909723,0
test_id,DS04_id,5,63,HPC_eff_mod,4,0,0,-0,0,0,0,0,2,2,0.139297669909723,0
test_id,DS04_id,5,63,HPC_flow_mod,5,0,0,-0,0,0,0,0,2,2,0.139297669909723,0
test_id,DS04_id,5,63,LPT_eff_mod,6,0,0,-0,0,0,0,0,2,2,0.139297669909723,0
test_id,DS04_id,5,63,LPT_flow_mod,7,0,0,-0.00403927157804151,0,0,0,0,2,2,0.139297669909723,0
test_id,DS04_id,5,63,LPC_eff_mod,8,0,0,-0.00337863580626303,0,1,0,1,2,2,0.139297669909723,0
test_id,DS04_id,5,63,LPC_flow_mod,9,0,0,-0,0,0,0,0,2,2,0.139297669909723,0
test_id,DS04_id,5,64,HPT_eff_mod,1,0,0,-0,0,0,0,0,2,2,0.375064901751125,0
test_id,DS04_id,5,64,fan_eff_mod,2,0,-0.0316131643023448,-0.0253876136449741,1,1,2,1,2,2,0.375064901751125,0
test_id,DS04_id,5,64,fan_flow_mod,3,0,-0.0770567456494181,-0.0730092576532042,1,1,2,2,2,2,0.375064901751125,0
test_id,DS04_id,5,64,HPC_eff_mod,4,0,0,-0,0,0,0,0,2,2,0.375064901751125,0
test_id,DS04_id,5,64,HPC_flow_mod,5,0,0,-0,0,0,0,0,2,2,0.375064901751125,0
test_id,DS04_id,5,64,LPT_eff_mod,6,0,0,-0,0,0,0,0,2,2,0.375064901751125,0
test_id,DS04_id,5,64,LPT_flow_mod,7,0,0,-0.00403927157804151,0,0,0,0,2,2,0.375064901751125,0
test_id,DS04_id,5,64,LPC_eff_mod,8,0,0,-0.00337863580626303,0,1,0,1,2,2,0.375064901751125,0
test_id,DS04_id,5,64,LPC_flow_mod,9,0,0,-0,0,0,0,0,2,2,0.375064901751125,0
test_id,DS04_id,5,65,HPT_eff_mod,1,0,0,-0,0,0,0,0,2,2,0.347282901577973,0
test_id,DS04_id,5,65,fan_eff_mod,2,0,-0.0335530652113771,-0.0325642700009447,1,1,2,2,2,2,0.347282901577973,0
test_id,DS04_id,5,65,fan_flow_mod,3,0,-0.0759755159142755,-0.0730092576532042,1,1,2,2,2,2,0.347282901577973,0
test_id,DS04_id,5,65,HPC_eff_mod,4,0,0,-0,0,0,0,0,2,2,0.347282901577973,0
test_id,DS04_id,5,65,HPC_flow_mod,5,0,0,-0,0,0,0,0,2,2,0.347282901577973,0
test_id,DS04_id,5,65,LPT_eff_mod,6,0,0,-0,0,0,0,0,2,2,0.347282901577973,0
test_id,DS04_id,5,65,LPT_flow_mod,7,0,0,-0.00403927157804151,0,0,0,0,2,2,0.347282901577973,0
test_id,DS04_id,5,65,LPC_eff_mod,8,0,0,-0.00337863580626303,0,1,0,1,2,2,0.347282901577973,0
test_id,DS04_id,5,65,LPC_flow_mod,9,0,0,-0,0,0,0,0,2,2,0.347282901577973,0
test_id,DS04_id,5,66,HPT_eff_mod,1,0,0,-0,0,0,0,0,2,2,0.21893042686214,0
test_id,DS04_id,5,66,fan_eff_mod,2,0,-0.0351226925129327,-0.0325642700009447,1,1,2,2,2,2,0.21893042686214,0
test_id,DS04_id,5,66,fan_flow_mod,3,0,-0.0842625332644896,-0.0773529657081151,1,1,2,2,2,2,0.21893042686214,0
test_id,DS04_id,5,66,HPC_eff_mod,4,0,0,-0,0,0,0,0,2,2,0.21893042686214,0
test_id,DS04_id,5,66,HPC_flow_mod,5,0,0,-0,0,0,0,0,2,2,0.21893042686214,0
test_id,DS04_id,5,66,LPT_eff_mod,6,0,0,-0,0,0,0,0,2,2,0.21893042686214,0
test_id,DS04_id,5,66,LPT_flow_mod,7,0,0,-0.00403927157804151,0,0,0,0,2,2,0.21893042686214,0
test_id,DS04_id,5,66,LPC_eff_mod,8,0,0,-0.00337863580626303,0,1,0,1,2,2,0.21893042686214,0
test_id,DS04_id,5,66,LPC_flow_mod,9,0,0,-0,0,0,0,0,2,2,0.21893042686214,0
test_id,DS04_id,5,67,HPT_eff_mod,1,0,0,-0,0,0,0,0,2,2,0.261026297521859,0
test_id,DS04_id,5,67,fan_eff_mod,2,0,-0.0374362966057615,-0.0328493480219094,1,1,2,2,2,2,0.261026297521859,0
test_id,DS04_id,5,67,fan_flow_mod,3,0,-0.0872966520380056,-0.0773529657081151,1,1,2,2,2,2,0.261026297521859,0
test_id,DS04_id,5,67,HPC_eff_mod,4,0,0,-0,0,0,0,0,2,2,0.261026297521859,0
test_id,DS04_id,5,67,HPC_flow_mod,5,0,0,-0,0,0,0,0,2,2,0.261026297521859,0
test_id,DS04_id,5,67,LPT_eff_mod,6,0,0,-0,0,0,0,0,2,2,0.261026297521859,0
test_id,DS04_id,5,67,LPT_flow_mod,7,0,0,-0.00403927157804151,0,0,0,0,2,2,0.261026297521859,0
test_id,DS04_id,5,67,LPC_eff_mod,8,0,0,-0.00353245841332335,0,1,0,1,2,2,0.261026297521859,0
test_id,DS04_id,5,67,LPC_flow_mod,9,0,0,-0,0,0,0,0,2,2,0.261026297521859,0
test_id,DS04_id,5,68,HPT_eff_mod,1,0,0,-0,0,0,0,0,2,2,0.238807802531506,0
test_id,DS04_id,5,68,fan_eff_mod,2,0,-0.0387149322180286,-0.0328493480219094,1,1,2,2,2,2,0.238807802531506,0
test_id,DS04_id,5,68,fan_flow_mod,3,0,-0.0937947864987428,-0.0859510059259536,1,1,2,2,2,2,0.238807802531506,0
test_id,DS04_id,5,68,HPC_eff_mod,4,0,0,-0,0,0,0,0,2,2,0.238807802531506,0
test_id,DS04_id,5,68,HPC_flow_mod,5,0,0,-0,0,0,0,0,2,2,0.238807802531506,0
test_id,DS04_id,5,68,LPT_eff_mod,6,0,0,-0,0,0,0,0,2,2,0.238807802531506,0
test_id,DS04_id,5,68,LPT_flow_mod,7,0,0,-0.00403927157804151,0,0,0,0,2,2,0.238807802531506,0
test_id,DS04_id,5,68,LPC_eff_mod,8,0,0,-0.00353245841332335,0,1,0,1,2,2,0.238807802531506,0
test_id,DS04_id,5,68,LPC_flow_mod,9,0,0,-0,0,0,0,0,2,2,0.238807802531506,0
test_id,DS04_id,5,69,HPT_eff_mod,1,0,0,-0,0,0,0,0,2,2,0.214556052958484,0
test_id,DS04_id,5,69,fan_eff_mod,2,0,-0.0417793438195006,-0.0392779615935771,1,1,2,2,2,2,0.214556052958484,0
test_id,DS04_id,5,69,fan_flow_mod,3,0,-0.095959901152441,-0.0859510059259536,1,1,2,2,2,2,0.214556052958484,0
test_id,DS04_id,5,69,HPC_eff_mod,4,0,0,-0,0,0,0,0,2,2,0.214556052958484,0
test_id,DS04_id,5,69,HPC_flow_mod,5,0,0,-0,0,0,0,0,2,2,0.214556052958484,0
test_id,DS04_id,5,69,LPT_eff_mod,6,0,0,-0,0,0,0,0,2,2,0.214556052958484,0
test_id,DS04_id,5,69,LPT_flow_mod,7,0,0,-0.00403927157804151,0,0,0,0,2,2,0.214556052958484,0
test_id,DS04_id,5,69,LPC_eff_mod,8,0,0,-0.00353245841332335,0,1,0,1,2,2,0.214556052958484,0
test_id,DS04_id,5,69,LPC_flow_mod,9,0,0,-0,0,0,0,0,2,2,0.214556052958484,0
test_id,DS04_id,5,70,HPT_eff_mod,1,0,0,-0,0,0,0,0,2,2,0.0794120200863621,0
test_id,DS04_id,5,70,fan_eff_mod,2,0,-0.0440078228990711,-0.0422471452059337,1,1,2,2,2,2,0.0794120200863621,0
test_id,DS04_id,5,70,fan_flow_mod,3,0,-0.102512607714065,-0.0975509877614089,1,1,2,2,2,2,0.0794120200863621,0
test_id,DS04_id,5,70,HPC_eff_mod,4,0,0,-0,0,0,0,0,2,2,0.0794120200863621,0
test_id,DS04_id,5,70,HPC_flow_mod,5,0,0,-0,0,0,0,0,2,2,0.0794120200863621,0
test_id,DS04_id,5,70,LPT_eff_mod,6,0,0,-0,0,0,0,0,2,2,0.0794120200863621,0
test_id,DS04_id,5,70,LPT_flow_mod,7,0,0,-0.00403927157804151,0,0,0,0,2,2,0.0794120200863621,0
test_id,DS04_id,5,70,LPC_eff_mod,8,0,0,-0.00353245841332335,0,1,0,1,2,2,0.0794120200863621,0
test_id,DS04_id,5,70,LPC_flow_mod,9,0,0,-0,0,0,0,0,2,2,0.0794120200863621,0
test_id,DS04_id,5,71,HPT_eff_mod,1,0,0,-0,0,0,0,0,2,2,0.100377792611871,0
test_id,DS04_id,5,71,fan_eff_mod,2,0,-0.0480820042395207,-0.0450857671343064,1,1,2,2,2,2,0.100377792611871,0
test_id,DS04_id,5,71,fan_flow_mod,3,0,-0.109612946782524,-0.107715674211912,1,1,2,2,2,2,0.100377792611871,0
test_id,DS04_id,5,71,HPC_eff_mod,4,0,0,-0,0,0,0,0,2,2,0.100377792611871,0
test_id,DS04_id,5,71,HPC_flow_mod,5,0,0,-0,0,0,0,0,2,2,0.100377792611871,0
test_id,DS04_id,5,71,LPT_eff_mod,6,0,0,-0,0,0,0,0,2,2,0.100377792611871,0
test_id,DS04_id,5,71,LPT_flow_mod,7,0,0,-0.00403927157804151,0,0,0,0,2,2,0.100377792611871,0
test_id,DS04_id,5,71,LPC_eff_mod,8,0,0,-0.00353245841332335,0,1,0,1,2,2,0.100377792611871,0
test_id,DS04_id,5,71,LPC_flow_mod,9,0,0,-0,0,0,0,0,2,2,0.100377792611871,0
test_id,DS04_id,5,72,HPT_eff_mod,1,0,0,-0,0,0,0,0,2,2,0.133655401911213,0
test_id,DS04_id,5,72,fan_eff_mod,2,0,-0.0504072122330372,-0.0479232454258499,1,1,2,2,2,2,0.133655401911213,0
test_id,DS04_id,5,72,fan_flow_mod,3,0,-0.116779709339117,-0.109681536310888,1,1,2,2,2,2,0.133655401911213,0
test_id,DS04_id,5,72,HPC_eff_mod,4,0,0,-0,0,0,0,0,2,2,0.133655401911213,0
test_id,DS04_id,5,72,HPC_flow_mod,5,0,0,-0,0,0,0,0,2,2,0.133655401911213,0
test_id,DS04_id,5,72,LPT_eff_mod,6,0,0,-0,0,0,0,0,2,2,0.133655401911213,0
test_id,DS04_id,5,72,LPT_flow_mod,7,0,0,-0.00403927157804151,0,0,0,0,2,2,0.133655401911213,0
test_id,DS04_id,5,72,LPC_eff_mod,8,0,0,-0.00353245841332335,0,1,0,1,2,2,0.133655401911213,0
test_id,DS04_id,5,72,LPC_flow_mod,9,0,0,-0,0,0,0,0,2,2,0.133655401911213,0
test_id,DS04_id,5,73,HPT_eff_mod,1,0,0,-0,0,0,0,0,2,2,0.0612115698566596,0
test_id,DS04_id,5,73,fan_eff_mod,2,0,-0.0537335598188356,-0.0528063624339276,1,1,2,2,2,2,0.0612115698566596,0
test_id,DS04_id,5,73,fan_flow_mod,3,0,-0.119876588622528,-0.118185408727561,1,1,2,2,2,2,0.0612115698566596,0
test_id,DS04_id,5,73,HPC_eff_mod,4,0,0,-0,0,0,0,0,2,2,0.0612115698566596,0
test_id,DS04_id,5,73,HPC_flow_mod,5,0,0,-0,0,0,0,0,2,2,0.0612115698566596,0
test_id,DS04_id,5,73,LPT_eff_mod,6,0,0,-0,0,0,0,0,2,2,0.0612115698566596,0
test_id,DS04_id,5,73,LPT_flow_mod,7,0,0,-0.00403927157804151,0,0,0,0,2,2,0.0612115698566596,0
test_id,DS04_id,5,73,LPC_eff_mod,8,0,0,-0.00353245841332335,0,1,0,1,2,2,0.0612115698566596,0
test_id,DS04_id,5,73,LPC_flow_mod,9,0,0,-0,0,0,0,0,2,2,0.0612115698566596,0
test_id,DS04_id,5,74,HPT_eff_mod,1,0,0,-0,0,0,0,0,2,2,0.0556870682784874,0
test_id,DS04_id,5,74,fan_eff_mod,2,0,-0.0561474197171587,-0.0555790012240361,1,1,2,2,2,2,0.0556870682784874,0
test_id,DS04_id,5,74,fan_flow_mod,3,0,-0.128492327550873,-0.130622171101138,1,1,2,2,2,2,0.0556870682784874,0
test_id,DS04_id,5,74,HPC_eff_mod,4,0,0,-0,0,0,0,0,2,2,0.0556870682784874,0
test_id,DS04_id,5,74,HPC_flow_mod,5,0,0,-0,0,0,0,0,2,2,0.0556870682784874,0
test_id,DS04_id,5,74,LPT_eff_mod,6,0,0,-0,0,0,0,0,2,2,0.0556870682784874,0
test_id,DS04_id,5,74,LPT_flow_mod,7,0,0,-0.00403927157804151,0,0,0,0,2,2,0.0556870682784874,0
test_id,DS04_id,5,74,LPC_eff_mod,8,0,0,-0.00353245841332335,0,1,0,1,2,2,0.0556870682784874,0
test_id,DS04_id,5,74,LPC_flow_mod,9,0,0,-0,0,0,0,0,2,2,0.0556870682784874,0
test_id,DS04_id,5,75,HPT_eff_mod,1,0,0,-0,0,0,0,0,2,2,0.150728988626779,0
test_id,DS04_id,5,75,fan_eff_mod,2,0,-0.0590816369346636,-0.056279333037091,1,1,2,2,2,2,0.150728988626779,0
test_id,DS04_id,5,75,fan_flow_mod,3,0,-0.134623626152423,-0.131631547545758,1,1,2,2,2,2,0.150728988626779,0
test_id,DS04_id,5,75,HPC_eff_mod,4,0,0,-0,0,0,0,0,2,2,0.150728988626779,0
test_id,DS04_id,5,75,HPC_flow_mod,5,0,0,-0,0,0,0,0,2,2,0.150728988626779,0
test_id,DS04_id,5,75,LPT_eff_mod,6,0,0,-0,0,0,0,0,2,2,0.150728988626779,0
test_id,DS04_id,5,75,LPT_flow_mod,7,0,0,-0.00403927157804151,0,0,0,0,2,2,0.150728988626779,0
test_id,DS04_id,5,75,LPC_eff_mod,8,0,0,-0.00353245841332335,0,1,0,1,2,2,0.150728988626779,0
test_id,DS04_id,5,75,LPC_flow_mod,9,0,0,-0,0,0,0,0,2,2,0.150728988626779,0
test_id,DS04_id,5,76,HPT_eff_mod,1,0,0,-0,0,0,0,0,2,2,0.0952432229662059,0
test_id,DS04_id,5,76,fan_eff_mod,2,0,-0.0631344940860755,-0.057256457019482,1,1,2,2,2,2,0.0952432229662059,0
test_id,DS04_id,5,76,fan_flow_mod,3,0,-0.143416881823209,-0.131631547545758,1,1,2,2,2,2,0.0952432229662059,0
test_id,DS04_id,5,76,HPC_eff_mod,4,0,0,-0,0,0,0,0,2,2,0.0952432229662059,0
test_id,DS04_id,5,76,HPC_flow_mod,5,0,0,-0,0,0,0,0,2,2,0.0952432229662059,0
test_id,DS04_id,5,76,LPT_eff_mod,6,0,0,-0,0,0,0,0,2,2,0.0952432229662059,0
test_id,DS04_id,5,76,LPT_flow_mod,7,0,0,-0.00403927157804151,0,0,0,0,2,2,0.0952432229662059,0
test_id,DS04_id,5,76,LPC_eff_mod,8,0,0,-0.00353245841332335,0,1,0,1,2,2,0.0952432229662059,0
test_id,DS04_id,5,76,LPC_flow_mod,9,0,0,-0,0,0,0,0,2,2,0.0952432229662059,0
test_id,DS04_id,5,77,HPT_eff_mod,1,0,0,-0,0,0,0,0,2,2,0.159743866497049,0
test_id,DS04_id,5,77,fan_eff_mod,2,0,-0.0668464902064133,-0.057256457019482,1,1,2,2,2,2,0.159743866497049,0
test_id,DS04_id,5,77,fan_flow_mod,3,0,-0.150140119546913,-0.134065143098151,1,1,2,2,2,2,0.159743866497049,0
test_id,DS04_id,5,77,HPC_eff_mod,4,0,0,-0,0,0,0,0,2,2,0.159743866497049,0
test_id,DS04_id,5,77,HPC_flow_mod,5,0,0,-0,0,0,0,0,2,2,0.159743866497049,0
test_id,DS04_id,5,77,LPT_eff_mod,6,0,0,-0,0,0,0,0,2,2,0.159743866497049,0
test_id,DS04_id,5,77,LPT_flow_mod,7,0,0,-0.00403927157804151,0,0,0,0,2,2,0.159743866497049,0
test_id,DS04_id,5,77,LPC_eff_mod,8,0,0,-0.00353245841332335,0,1,0,1,2,2,0.159743866497049,0
test_id,DS04_id,5,77,LPC_flow_mod,9,0,0,-0,0,0,0,0,2,2,0.159743866497049,0
test_id,DS04_id,5,78,HPT_eff_mod,1,0,0,-0,0,0,0,0,2,2,0.119716207520149,0
test_id,DS04_id,5,78,fan_eff_mod,2,0,-0.0708654834457629,-0.0586067141139809,1,1,2,2,2,2,0.119716207520149,0
test_id,DS04_id,5,78,fan_flow_mod,3,0,-0.159263587882364,-0.134065143098151,1,1,2,2,2,2,0.119716207520149,0
test_id,DS04_id,5,78,HPC_eff_mod,4,0,0,-0,0,0,0,0,2,2,0.119716207520149,0
test_id,DS04_id,5,78,HPC_flow_mod,5,0,0,-0,0,0,0,0,2,2,0.119716207520149,0
test_id,DS04_id,5,78,LPT_eff_mod,6,0,0,-0,0,0,0,0,2,2,0.119716207520149,0
test_id,DS04_id,5,78,LPT_flow_mod,7,0,0,-0.00403927157804151,0,0,0,0,2,2,0.119716207520149,0
test_id,DS04_id,5,78,LPC_eff_mod,8,0,0,-0.00353245841332335,0,1,0,1,2,2,0.119716207520149,0
test_id,DS04_id,5,78,LPC_flow_mod,9,0,0,-0,0,0,0,0,2,2,0.119716207520149,0
test_id,DS04_id,5,79,HPT_eff_mod,1,0,0,-0,0,0,0,0,2,2,0.203315509415064,0
test_id,DS04_id,5,79,fan_eff_mod,2,0,-0.0757915667041336,-0.0586067141139809,1,1,2,2,2,2,0.203315509415064,0
test_id,DS04_id,5,79,fan_flow_mod,3,0,-0.170100625494379,-0.136252112516758,1,1,2,2,2,2,0.203315509415064,0
test_id,DS04_id,5,79,HPC_eff_mod,4,0,0,-0,0,0,0,0,2,2,0.203315509415064,0
test_id,DS04_id,5,79,HPC_flow_mod,5,0,0,-0,0,0,0,0,2,2,0.203315509415064,0
test_id,DS04_id,5,79,LPT_eff_mod,6,0,0,-0,0,0,0,0,2,2,0.203315509415064,0
test_id,DS04_id,5,79,LPT_flow_mod,7,0,0,-0.00403927157804151,0,0,0,0,2,2,0.203315509415064,0
test_id,DS04_id,5,79,LPC_eff_mod,8,0,0,-0.00353245841332335,0,1,0,1,2,2,0.203315509415064,0
test_id,DS04_id,5,79,LPC_flow_mod,9,0,0,-0,0,0,0,0,2,2,0.203315509415064,0
test_id,DS04_id,5,80,HPT_eff_mod,1,0,0,-0,0,0,0,0,2,2,0.732487542525465,1
test_id,DS04_id,5,80,fan_eff_mod,2,0,-0.0793207556875981,-0.0624815938601509,1,1,2,2,2,2,0.732487542525465,1
test_id,DS04_id,5,80,fan_flow_mod,3,0,-0.179293567576704,-0.156630830062977,1,1,2,2,2,2,0.732487542525465,1
test_id,DS04_id,5,80,HPC_eff_mod,4,0,0,-0,0,0,0,0,2,2,0.732487542525465,1
test_id,DS04_id,5,80,HPC_flow_mod,5,0,0,-0,0,0,0,0,2,2,0.732487542525465,1
test_id,DS04_id,5,80,LPT_eff_mod,6,0,0,-0,0,0,0,0,2,2,0.732487542525465,1
test_id,DS04_id,5,80,LPT_flow_mod,7,0,0,-0.00403927157804151,0,0,0,0,2,2,0.732487542525465,1
test_id,DS04_id,5,80,LPC_eff_mod,8,0,0,-0.00353245841332335,0,1,0,1,2,2,0.732487542525465,1
test_id,DS04_id,5,80,LPC_flow_mod,9,0,0,-0,0,0,0,0,2,2,0.732487542525465,1
test_id,DS04_id,5,81,HPT_eff_mod,1,0,0,-0,0,0,0,0,2,2,0.7269168903129,1
test_id,DS04_id,5,81,fan_eff_mod,2,0,-0.0854929495727699,-0.0768285430709181,1,1,2,2,2,2,0.7269168903129,1
test_id,DS04_id,5,81,fan_flow_mod,3,0,-0.185754657850772,-0.156630830062977,1,1,2,2,2,2,0.7269168903129,1
test_id,DS04_id,5,81,HPC_eff_mod,4,0,0,-0,0,0,0,0,2,2,0.7269168903129,1
test_id,DS04_id,5,81,HPC_flow_mod,5,0,0,-0,0,0,0,0,2,2,0.7269168903129,1
test_id,DS04_id,5,81,LPT_eff_mod,6,0,0,-0,0,0,0,0,2,2,0.7269168903129,1
test_id,DS04_id,5,81,LPT_flow_mod,7,0,0,-0.00403927157804151,0,0,0,0,2,2,0.7269168903129,1
test_id,DS04_id,5,81,LPC_eff_mod,8,0,0,-0.00353245841332335,0,1,0,1,2,2,0.7269168903129,1
test_id,DS04_id,5,81,LPC_flow_mod,9,0,0,-0,0,0,0,0,2,2,0.7269168903129,1
test_id,DS04_id,5,82,HPT_eff_mod,1,0,0,-0,0,0,0,0,2,2,0.146058390864667,0
test_id,DS04_id,5,82,fan_eff_mod,2,0,-0.0900839517767673,-0.0883570114767226,1,1,2,2,2,2,0.146058390864667,0
test_id,DS04_id,5,82,fan_flow_mod,3,0,-0.201222640799455,-0.202214573209827,1,1,2,2,2,2,0.146058390864667,0
test_id,DS04_id,5,82,HPC_eff_mod,4,0,0,-0,0,0,0,0,2,2,0.146058390864667,0
test_id,DS04_id,5,82,HPC_flow_mod,5,0,0,-0,0,0,0,0,2,2,0.146058390864667,0
test_id,DS04_id,5,82,LPT_eff_mod,6,0,0,-0,0,0,0,0,2,2,0.146058390864667,0
test_id,DS04_id,5,82,LPT_flow_mod,7,0,0,-0.00403927157804151,0,0,0,0,2,2,0.146058390864667,0
test_id,DS04_id,5,82,LPC_eff_mod,8,0,0,-0.00353245841332335,0,1,0,1,2,2,0.146058390864667,0
test_id,DS04_id,5,82,LPC_flow_mod,9,0,0,-0,0,0,0,0,2,2,0.146058390864667,0
test_id,DS04_id,5,83,HPT_eff_mod,1,0,0,-0,0,0,0,0,3,2,0.0847576340018057,0
test_id,DS04_id,5,83,fan_eff_mod,2,0,-0.0960686232864067,-0.0905444658873038,1,1,2,2,3,2,0.0847576340018057,0
test_id,DS04_id,5,83,fan_flow_mod,3,0,-0.212338329016963,-0.203204487088925,1,1,3,2,3,2,0.0847576340018057,0
test_id,DS04_id,5,83,HPC_eff_mod,4,0,0,-0,0,0,0,0,3,2,0.0847576340018057,0
test_id,DS04_id,5,83,HPC_flow_mod,5,0,0,-0,0,0,0,0,3,2,0.0847576340018057,0
test_id,DS04_id,5,83,LPT_eff_mod,6,0,0,-0,0,0,0,0,3,2,0.0847576340018057,0
test_id,DS04_id,5,83,LPT_flow_mod,7,0,0,-0.00403927157804151,0,0,0,0,3,2,0.0847576340018057,0
test_id,DS04_id,5,83,LPC_eff_mod,8,0,0,-0.00353245841332335,0,1,0,1,3,2,0.0847576340018057,0
test_id,DS04_id,5,83,LPC_flow_mod,9,0,0,-0,0,0,0,0,3,2,0.0847576340018057,0
test_id,DS04_id,5,84,HPT_eff_mod,1,0,0,-0,0,0,0,0,3,3,0.11125539948373,0
test_id,DS04_id,5,84,fan_eff_mod,2,0,-0.101571303707495,-0.0980247448258907,1,1,2,2,3,3,0.11125539948373,0
test_id,DS04_id,5,84,fan_flow_mod,3,0,-0.220405049086949,-0.221437509431141,1,1,3,3,3,3,0.11125539948373,0
test_id,DS04_id,5,84,HPC_eff_mod,4,0,0,-0,0,0,0,0,3,3,0.11125539948373,0
test_id,DS04_id,5,84,HPC_flow_mod,5,0,0,-0,0,0,0,0,3,3,0.11125539948373,0
test_id,DS04_id,5,84,LPT_eff_mod,6,0,0,-0,0,0,0,0,3,3,0.11125539948373,0
test_id,DS04_id,5,84,LPT_flow_mod,7,0,0,-0.00403927157804151,0,0,0,0,3,3,0.11125539948373,0
test_id,DS04_id,5,84,LPC_eff_mod,8,0,0,-0.00353245841332335,0,1,0,1,3,3,0.11125539948373,0
test_id,DS04_id,5,84,LPC_flow_mod,9,0,0,-0,0,0,0,0,3,3,0.11125539948373,0
test_id,DS04_id,5,85,HPT_eff_mod,1,0,0,-0,0,0,0,0,3,3,0.0797771545727613,0
test_id,DS04_id,5,85,fan_eff_mod,2,0,-0.10721781670376,-0.105609754299614,1,1,2,2,3,3,0.0797771545727613,0
test_id,DS04_id,5,85,fan_flow_mod,3,0,-0.234294553138393,-0.2373364176371,1,1,3,3,3,3,0.0797771545727613,0
test_id,DS04_id,5,85,HPC_eff_mod,4,0,0,-0,0,0,0,0,3,3,0.0797771545727613,0
test_id,DS04_id,5,85,HPC_flow_mod,5,0,0,-0,0,0,0,0,3,3,0.0797771545727613,0
test_id,DS04_id,5,85,LPT_eff_mod,6,0,0,-0,0,0,0,0,3,3,0.0797771545727613,0
test_id,DS04_id,5,85,LPT_flow_mod,7,0,0,-0.00403927157804151,0,0,0,0,3,3,0.0797771545727613,0
test_id,DS04_id,5,85,LPC_eff_mod,8,0,0,-0.00353245841332335,0,1,0,1,3,3,0.0797771545727613,0
test_id,DS04_id,5,85,LPC_flow_mod,9,0,0,-0,0,0,0,0,3,3,0.0797771545727613,0
test_id,DS04_id,5,86,HPT_eff_mod,1,0,0,-0,0,0,0,0,3,3,0.181097139662698,0
test_id,DS04_id,5,86,fan_eff_mod,2,0,-0.114907485937526,-0.109108483550842,1,1,2,2,3,3,0.181097139662698,0
test_id,DS04_id,5,86,fan_flow_mod,3,0,-0.24870600893158,-0.249477848182448,1,1,3,3,3,3,0.181097139662698,0
test_id,DS04_id,5,86,HPC_eff_mod,4,0,0,-0,0,0,0,0,3,3,0.181097139662698,0
test_id,DS04_id,5,86,HPC_flow_mod,5,0,0,-0,0,0,0,0,3,3,0.181097139662698,0
test_id,DS04_id,5,86,LPT_eff_mod,6,0,0,-0,0,0,0,0,3,3,0.181097139662698,0
test_id,DS04_id,5,86,LPT_flow_mod,7,0,0,-0.00403927157804151,0,0,0,0,3,3,0.181097139662698,0
test_id,DS04_id,5,86,LPC_eff_mod,8,0,0,-0.00353245841332335,0,1,0,1,3,3,0.181097139662698,0
test_id,DS04_id,5,86,LPC_flow_mod,9,0,0,-0,0,0,0,0,3,3,0.181097139662698,0
test_id,DS04_id,5,87,HPT_eff_mod,1,0,0,-0,0,0,0,0,3,3,0.797272232250535,1
test_id,DS04_id,5,87,fan_eff_mod,2,0,-0.12144786649536,-0.109108483550842,1,1,2,2,3,3,0.797272232250535,1
test_id,DS04_id,5,87,fan_flow_mod,3,0,-0.262348534941684,-0.257535740040048,1,1,3,3,3,3,0.797272232250535,1
test_id,DS04_id,5,87,HPC_eff_mod,4,0,0,-0,0,0,0,0,3,3,0.797272232250535,1
test_id,DS04_id,5,87,HPC_flow_mod,5,0,0,-0,0,0,0,0,3,3,0.797272232250535,1
test_id,DS04_id,5,87,LPT_eff_mod,6,0,0,-0,0,0,0,0,3,3,0.797272232250535,1
test_id,DS04_id,5,87,LPT_flow_mod,7,0,0,-0.00403927157804151,0,0,0,0,3,3,0.797272232250535,1
test_id,DS04_id,5,87,LPC_eff_mod,8,0,0,-0.00353245841332335,0,1,0,1,3,3,0.797272232250535,1
test_id,DS04_id,5,87,LPC_flow_mod,9,0,0,-0,0,0,0,0,3,3,0.797272232250535,1
test_id,DS04_id,5,88,HPT_eff_mod,1,0,0,-0,0,0,0,0,3,3,0.790441837853638,1
test_id,DS04_id,5,88,fan_eff_mod,2,0,-0.129665595378105,-0.124112948005633,1,1,2,2,3,3,0.790441837853638,1
test_id,DS04_id,5,88,fan_flow_mod,3,0,-0.278402448741949,-0.257535740040048,1,1,3,3,3,3,0.790441837853638,1
test_id,DS04_id,5,88,HPC_eff_mod,4,0,0,-0,0,0,0,0,3,3,0.790441837853638,1
test_id,DS04_id,5,88,HPC_flow_mod,5,0,0,-0,0,0,0,0,3,3,0.790441837853638,1
test_id,DS04_id,5,88,LPT_eff_mod,6,0,0,-0,0,0,0,0,3,3,0.790441837853638,1
test_id,DS04_id,5,88,LPT_flow_mod,7,0,0,-0.00403927157804151,0,0,0,0,3,3,0.790441837853638,1
test_id,DS04_id,5,88,LPC_eff_mod,8,0,0,-0.00353245841332335,0,1,0,1,3,3,0.790441837853638,1
test_id,DS04_id,5,88,LPC_flow_mod,9,0,0,-0,0,0,0,0,3,3,0.790441837853638,1
test_id,DS04_id,5,89,HPT_eff_mod,1,0,0,-0,0,0,0,0,3,3,1.02072475485704,1
test_id,DS04_id,5,89,fan_eff_mod,2,0,-0.13813002235138,-0.126744229249417,1,1,2,2,3,3,1.02072475485704,1
test_id,DS04_id,5,89,fan_flow_mod,3,0,-0.293797154370191,-0.284952971662311,1,1,3,3,3,3,1.02072475485704,1
test_id,DS04_id,5,89,HPC_eff_mod,4,0,0,-0,0,0,0,0,3,3,1.02072475485704,1
test_id,DS04_id,5,89,HPC_flow_mod,5,0,0,-0,0,0,0,0,3,3,1.02072475485704,1
test_id,DS04_id,5,89,LPT_eff_mod,6,0,0,-0,0,0,0,0,3,3,1.02072475485704,1
test_id,DS04_id,5,89,LPT_flow_mod,7,0,0,-0.00403927157804151,0,0,0,0,3,3,1.02072475485704,1
test_id,DS04_id,5,89,LPC_eff_mod,8,0,0,-0.00353245841332335,0,1,0,1,3,3,1.02072475485704,1
test_id,DS04_id,5,89,LPC_flow_mod,9,0,0,-0.00705271217419564,0,0,0,0,3,3,1.02072475485704,1
test_id,DS04_id,5,90,HPT_eff_mod,1,0,0,-0,0,0,0,0,3,3,0.967576178166251,1
test_id,DS04_id,5,90,fan_eff_mod,2,0,-0.146154200023907,-0.138590765265181,1,1,2,2,3,3,0.967576178166251,1
test_id,DS04_id,5,90,fan_flow_mod,3,0,-0.312116272312558,-0.284952971662311,1,1,3,3,3,3,0.967576178166251,1
test_id,DS04_id,5,90,HPC_eff_mod,4,0,0,-0,0,0,0,0,3,3,0.967576178166251,1
test_id,DS04_id,5,90,HPC_flow_mod,5,0,0,-0,0,0,0,0,3,3,0.967576178166251,1
test_id,DS04_id,5,90,LPT_eff_mod,6,0,0,-0,0,0,0,0,3,3,0.967576178166251,1
test_id,DS04_id,5,90,LPT_flow_mod,7,0,0,-0.00403927157804151,0,0,0,0,3,3,0.967576178166251,1
test_id,DS04_id,5,90,LPC_eff_mod,8,0,0,-0.00353245841332335,0,1,0,1,3,3,0.967576178166251,1
test_id,DS04_id,5,90,LPC_flow_mod,9,0,0,-0.00705271217419564,0,0,0,0,3,3,0.967576178166251,1
test_id,DS04_id,5,91,HPT_eff_mod,1,0,0,-0,0,0,0,0,3,3,0.0735822003252319,0
test_id,DS04_id,5,91,fan_eff_mod,2,0,-0.155435233888021,-0.153448983041224,1,1,2,2,3,3,0.0735822003252319,0
test_id,DS04_id,5,91,fan_flow_mod,3,0,-0.331692925277378,-0.323551702641861,1,1,3,3,3,3,0.0735822003252319,0
test_id,DS04_id,5,91,HPC_eff_mod,4,0,0,-0,0,0,0,0,3,3,0.0735822003252319,0
test_id,DS04_id,5,91,HPC_flow_mod,5,0,0,-0,0,0,0,0,3,3,0.0735822003252319,0
test_id,DS04_id,5,91,LPT_eff_mod,6,0,0,-0,0,0,0,0,3,3,0.0735822003252319,0
test_id,DS04_id,5,91,LPT_flow_mod,7,0,0,-0.00403927157804151,0,0,0,0,3,3,0.0735822003252319,0
test_id,DS04_id,5,91,LPC_eff_mod,8,0,0,-0.00353245841332335,0,1,0,1,3,3,0.0735822003252319,0
test_id,DS04_id,5,91,LPC_flow_mod,9,0,0,-0.00705271217419564,0,0,0,0,3,3,0.0735822003252319,0
test_id,DS04_id,5,92,HPT_eff_mod,1,0,0,-0,0,0,0,0,3,3,0.188455689181125,0
test_id,DS04_id,5,92,fan_eff_mod,2,0,-0.165251141731108,-0.172996839108125,1,1,2,2,3,3,0.188455689181125,0
test_id,DS04_id,5,92,fan_flow_mod,3,0,-0.348226805525453,-0.373173873215627,1,1,3,3,3,3,0.188455689181125,0
test_id,DS04_id,5,92,HPC_eff_mod,4,0,0,-0,0,0,0,0,3,3,0.188455689181125,0
test_id,DS04_id,5,92,HPC_flow_mod,5,0,0,-0,0,0,0,0,3,3,0.188455689181125,0
test_id,DS04_id,5,92,LPT_eff_mod,6,0,0,-0,0,0,0,0,3,3,0.188455689181125,0
test_id,DS04_id,5,92,LPT_flow_mod,7,0,0,-0.00403927157804151,0,0,0,0,3,3,0.188455689181125,0
test_id,DS04_id,5,92,LPC_eff_mod,8,0,0,-0.00353245841332335,0,1,0,1,3,3,0.188455689181125,0
test_id,DS04_id,5,92,LPC_flow_mod,9,0,0,-0.00705271217419564,0,0,0,0,3,3,0.188455689181125,0
test_id,DS04_id,5,93,HPT_eff_mod,1,0,0,-0,0,0,0,0,3,3,0.104088904313299,0
test_id,DS04_id,5,93,fan_eff_mod,2,0,-0.175120338457391,-0.180468953723499,1,1,2,2,3,3,0.104088904313299,0
test_id,DS04_id,5,93,fan_flow_mod,3,0,-0.367018139104143,-0.378343800195277,1,1,3,3,3,3,0.104088904313299,0
test_id,DS04_id,5,93,HPC_eff_mod,4,0,0,-0,0,0,0,0,3,3,0.104088904313299,0
test_id,DS04_id,5,93,HPC_flow_mod,5,0,0,-0,0,0,0,0,3,3,0.104088904313299,0
test_id,DS04_id,5,93,LPT_eff_mod,6,0,0,-0,0,0,0,0,3,3,0.104088904313299,0
test_id,DS04_id,5,93,LPT_flow_mod,7,0,0,-0.00403927157804151,0,0,0,0,3,3,0.104088904313299,0
test_id,DS04_id,5,93,LPC_eff_mod,8,0,0,-0.00353245841332335,0,1,0,1,3,3,0.104088904313299,0
test_id,DS04_id,5,93,LPC_flow_mod,9,0,0,-0.00705271217419564,0,1,0,1,3,3,0.104088904313299,0
test_id,DS04_id,5,94,HPT_eff_mod,1,0,0,-0,0,0,0,0,3,3,0.245595929757602,0
test_id,DS04_id,5,94,fan_eff_mod,2,0,-0.186965116270231,-0.201781110912326,1,1,2,2,3,3,0.245595929757602,0
test_id,DS04_id,5,94,fan_flow_mod,3,0,-0.389311898368141,-0.428876718230986,1,1,3,3,3,3,0.245595929757602,0
test_id,DS04_id,5,94,HPC_eff_mod,4,0,0,-0,0,0,0,0,3,3,0.245595929757602,0
test_id,DS04_id,5,94,HPC_flow_mod,5,0,0,-0,0,0,0,0,3,3,0.245595929757602,0
test_id,DS04_id,5,94,LPT_eff_mod,6,0,0,-0,0,0,0,0,3,3,0.245595929757602,0
test_id,DS04_id,5,94,LPT_flow_mod,7,0,0,-0.00403927157804151,0,0,0,0,3,3,0.245595929757602,0
test_id,DS04_id,5,94,LPC_eff_mod,8,0,0,-0.00353245841332335,0,1,0,1,3,3,0.245595929757602,0
test_id,DS04_id,5,94,LPC_flow_mod,9,0,0,-0.014189352978613,0,1,0,1,3,3,0.245595929757602,0
test_id,DS04_id,5,95,HPT_eff_mod,1,0,0,-0,0,0,0,0,3,3,0.584914793981365,1
test_id,DS04_id,5,95,fan_eff_mod,2,0,-0.199113874975769,-0.201781110912326,1,1,2,2,3,3,0.584914793981365,1
test_id,DS04_id,5,95,fan_flow_mod,3,0,-0.413052273706941,-0.428876718230986,1,1,3,3,3,3,0.584914793981365,1
test_id,DS04_id,5,95,HPC_eff_mod,4,0,0,-0,0,0,0,0,3,3,0.584914793981365,1
test_id,DS04_id,5,95,HPC_flow_mod,5,0,0,-0,0,0,0,0,3,3,0.584914793981365,1
test_id,DS04_id,5,95,LPT_eff_mod,6,0,0,-0,0,0,0,0,3,3,0.584914793981365,1
test_id,DS04_id,5,95,LPT_flow_mod,7,0,0,-0.00403927157804151,0,0,0,0,3,3,0.584914793981365,1
test_id,DS04_id,5,95,LPC_eff_mod,8,0,0,-0.00353245841332335,0,1,0,1,3,3,0.584914793981365,1
test_id,DS04_id,5,95,LPC_flow_mod,9,0,0,-0.014189352978613,0,1,0,1,3,3,0.584914793981365,1
test_id,DS04_id,5,96,HPT_eff_mod,1,0,0,-0,0,0,0,0,3,3,1.00572170550402,1
test_id,DS04_id,5,96,fan_eff_mod,2,0,-0.211594737732479,-0.204067950615385,1,1,3,2,3,3,1.00572170550402,1
test_id,DS04_id,5,96,fan_flow_mod,3,0,-0.436433706600406,-0.428876718230986,1,1,3,3,3,3,1.00572170550402,1
test_id,DS04_id,5,96,HPC_eff_mod,4,0,0,-0,0,0,0,0,3,3,1.00572170550402,1
test_id,DS04_id,5,96,HPC_flow_mod,5,0,0,-0,0,0,0,0,3,3,1.00572170550402,1
test_id,DS04_id,5,96,LPT_eff_mod,6,0,0,-0,0,0,0,0,3,3,1.00572170550402,1
test_id,DS04_id,5,96,LPT_flow_mod,7,0,0,-0.00403927157804151,0,0,0,0,3,3,1.00572170550402,1
test_id,DS04_id,5,96,LPC_eff_mod,8,0,0,-0.00353245841332335,0,1,0,1,3,3,1.00572170550402,1
test_id,DS04_id,5,96,LPC_flow_mod,9,0,0,-0.014189352978613,0,1,0,1,3,3,1.00572170550402,1
test_id,DS04_id,5,97,HPT_eff_mod,1,0,0,-0,0,0,0,0,3,3,1.57235880796911,1
test_id,DS04_id,5,97,fan_eff_mod,2,0,-0.226274717615177,-0.206238450117827,1,1,3,2,3,3,1.57235880796911,1
test_id,DS04_id,5,97,fan_flow_mod,3,0,-0.460377040112558,-0.428876718230986,1,1,3,3,3,3,1.57235880796911,1
test_id,DS04_id,5,97,HPC_eff_mod,4,0,0,-0,0,0,0,0,3,3,1.57235880796911,1
test_id,DS04_id,5,97,HPC_flow_mod,5,0,0,-0,0,0,0,0,3,3,1.57235880796911,1
test_id,DS04_id,5,97,LPT_eff_mod,6,0,0,-0.086994614088327,0,0,0,0,3,3,1.57235880796911,1
test_id,DS04_id,5,97,LPT_flow_mod,7,0,0,-0.00403927157804151,0,0,0,0,3,3,1.57235880796911,1
test_id,DS04_id,5,97,LPC_eff_mod,8,0,0,-0.0565332636532977,0,1,0,2,3,3,1.57235880796911,1
test_id,DS04_id,5,97,LPC_flow_mod,9,0,0,-0.014189352978613,0,1,0,1,3,3,1.57235880796911,1
test_id,DS04_id,5,98,HPT_eff_mod,1,0,0,-0,0,0,0,0,3,3,0.314807993461872,0
test_id,DS04_id,5,98,fan_eff_mod,2,0,-0.240274482443775,-0.265368844068355,1,1,3,3,3,3,0.314807993461872,0
test_id,DS04_id,5,98,fan_flow_mod,3,0,-0.487791290538341,-0.575069913595945,1,1,3,3,3,3,0.314807993461872,0
test_id,DS04_id,5,98,HPC_eff_mod,4,0,0,-0,0,0,0,0,3,3,0.314807993461872,0
test_id,DS04_id,5,98,HPC_flow_mod,5,0,0,-0.00161212294365622,0,0,0,0,3,3,0.314807993461872,0
test_id,DS04_id,5,98,LPT_eff_mod,6,0,0,-0.086994614088327,0,0,0,0,3,3,0.314807993461872,0
test_id,DS04_id,5,98,LPT_flow_mod,7,0,0,-0.00403927157804151,0,0,0,0,3,3,0.314807993461872,0
test_id,DS04_id,5,98,LPC_eff_mod,8,0,0,-0.0565332636532977,0,1,0,2,3,3,0.314807993461872,0
test_id,DS04_id,5,98,LPC_flow_mod,9,0,0,-0.0473593581950276,0,1,0,2,3,3,0.314807993461872,0
test_id,DS04_id,5,99,HPT_eff_mod,1,0,0,-0,0,0,0,0,3,3,0.758572507260385,1
test_id,DS04_id,5,99,fan_eff_mod,2,0,-0.256375789873575,-0.313977906600896,1,1,3,3,3,3,0.758572507260385,1
test_id,DS04_id,5,99,fan_flow_mod,3,0,-0.518915730062955,-0.68890717930881,1,1,3,3,3,3,0.758572507260385,1
test_id,DS04_id,5,99,HPC_eff_mod,4,0,0,-0,0,0,0,0,3,3,0.758572507260385,1
test_id,DS04_id,5,99,HPC_flow_mod,5,0,0,-0.014786126811351,0,0,0,0,3,3,0.758572507260385,1
test_id,DS04_id,5,99,LPT_eff_mod,6,0,0,-0.086994614088327,0,0,0,0,3,3,0.758572507260385,1
test_id,DS04_id,5,99,LPT_flow_mod,7,0,0,-0.00403927157804151,0,0,0,0,3,3,0.758572507260385,1
test_id,DS04_id,5,99,LPC_eff_mod,8,0,0,-0.0584371050431555,0,1,0,2,3,3,0.758572507260385,1
test_id,DS04_id,5,99,LPC_flow_mod,9,0,0,-0.060676157673851,0,1,0,2,3,3,0.758572507260385,1
test_id,DS04_id,5,100,HPT_eff_mod,1,0,0,-0,0,0,0,0,3,3,0.423026460185478,0
test_id,DS04_id,5,100,fan_eff_mod,2,0,-0.273128861120065,-0.323282603935205,1,1,3,3,3,3,0.423026460185478,0
test_id,DS04_id,5,100,fan_flow_mod,3,0,-0.551120718711041,-0.68890717930881,1,1,3,3,3,3,0.423026460185478,0
test_id,DS04_id,5,100,HPC_eff_mod,4,0,0,-0,0,0,0,0,3,3,0.423026460185478,0
test_id,DS04_id,5,100,HPC_flow_mod,5,0,0,-0.014786126811351,0,0,0,0,3,3,0.423026460185478,0
test_id,DS04_id,5,100,LPT_eff_mod,6,0,0,-0.086994614088327,0,0,0,0,3,3,0.423026460185478,0
test_id,DS04_id,5,100,LPT_flow_mod,7,0,0,-0.00403927157804151,0,0,0,0,3,3,0.423026460185478,0
test_id,DS04_id,5,100,LPC_eff_mod,8,0,0,-0.0584371050431555,0,1,0,2,3,3,0.423026460185478,0
test_id,DS04_id,5,100,LPC_flow_mod,9,0,0,-0.060676157673851,0,1,0,2,3,3,0.423026460185478,0
test_id,DS05_id,2,1,HPT_eff_mod,1,1,0,-0,0,0,0,0,0,0,0.0819891080155362,0
test_id,DS05_id,2,1,fan_eff_mod,2,1,0,-0,0,0,0,0,0,0,0.0819891080155362,0
test_id,DS05_id,2,1,fan_flow_mod,3,1,0,-0,0,0,0,0,0,0,0.0819891080155362,0
test_id,DS05_id,2,1,HPC_eff_mod,4,1,0.00463379844581187,-0,0,0,0,0,0,0,0.0819891080155362,0
test_id,DS05_id,2,1,HPC_flow_mod,5,1,0.00310956874508003,-0,0,0,0,0,0,0,0.0819891080155362,0
test_id,DS05_id,2,1,LPT_eff_mod,6,1,0,-0,0,0,0,0,0,0,0.0819891080155362,0
test_id,DS05_id,2,1,LPT_flow_mod,7,1,0,-0,0,0,0,0,0,0,0.0819891080155362,0
test_id,DS05_id,2,1,LPC_eff_mod,8,1,0,-0,0,0,0,0,0,0,0.0819891080155362,0
test_id,DS05_id,2,1,LPC_flow_mod,9,1,0,-0,0,0,0,0,0,0,0.0819891080155362,0
test_id,DS05_id,2,2,HPT_eff_mod,1,1,0,-0,0,0,0,0,0,0,0.089980193406202,0
test_id,DS05_id,2,2,fan_eff_mod,2,1,0,-0,0,0,0,0,0,0,0.089980193406202,0
test_id,DS05_id,2,2,fan_flow_mod,3,1,0,-0,0,0,0,0,0,0,0.089980193406202,0
test_id,DS05_id,2,2,HPC_eff_mod,4,1,-0.00267166364543394,-0,0,0,0,0,0,0,0.089980193406202,0
test_id,DS05_id,2,2,HPC_flow_mod,5,1,-0.00130762102039155,-0,0,0,0,0,0,0,0.089980193406202,0
test_id,DS05_id,2,2,LPT_eff_mod,6,1,0,-0,0,0,0,0,0,0,0.089980193406202,0
test_id,DS05_id,2,2,LPT_flow_mod,7,1,0,-0,0,0,0,0,0,0,0.089980193406202,0
test_id,DS05_id,2,2,LPC_eff_mod,8,1,0,-0,0,0,0,0,0,0,0.089980193406202,0
test_id,DS05_id,2,2,LPC_flow_mod,9,1,0,-0,0,0,0,0,0,0,0.089980193406202,0
test_id,DS05_id,2,3,HPT_eff_mod,1,1,0,-0,0,0,0,0,0,0,0.115919872619711,0
test_id,DS05_id,2,3,fan_eff_mod,2,1,0,-0,0,0,0,0,0,0,0.115919872619711,0
test_id,DS05_id,2,3,fan_flow_mod,3,1,0,-0,0,0,0,0,0,0,0.115919872619711,0
test_id,DS05_id,2,3,HPC_eff_mod,4,1,-0.00196213480037713,-0,0,0,0,0,0,0,0.115919872619711,0
test_id,DS05_id,2,3,HPC_flow_mod,5,1,-0.00180194772468901,-0,0,0,0,0,0,0,0.115919872619711,0
test_id,DS05_id,2,3,LPT_eff_mod,6,1,0,-0,0,0,0,0,0,0,0.115919872619711,0
test_id,DS05_id,2,3,LPT_flow_mod,7,1,0,-0,0,0,0,0,0,0,0.115919872619711,0
test_id,DS05_id,2,3,LPC_eff_mod,8,1,0,-0,0,0,0,0,0,0,0.115919872619711,0
test_id,DS05_id,2,3,LPC_flow_mod,9,1,0,-0,0,0,0,0,0,0,0.115919872619711,0
test_id,DS05_id,2,4,HPT_eff_mod,1,1,0,-0,0,0,0,0,0,0,0.199641792072426,0
test_id,DS05_id,2,4,fan_eff_mod,2,1,0,-0,0,0,0,0,0,0,0.199641792072426,0
test_id,DS05_id,2,4,fan_flow_mod,3,1,0,-0,0,0,0,0,0,0,0.199641792072426,0
test_id,DS05_id,2,4,HPC_eff_mod,4,1,0.0102146237423079,-0,0,0,0,0,0,0,0.199641792072426,0
test_id,DS05_id,2,4,HPC_flow_mod,5,1,-0.00244447189069272,-0,0,0,0,0,0,0,0.199641792072426,0
test_id,DS05_id,2,4,LPT_eff_mod,6,1,0,-0,0,0,0,0,0,0,0.199641792072426,0
test_id,DS05_id,2,4,LPT_flow_mod,7,1,0,-0,0,0,0,0,0,0,0.199641792072426,0
test_id,DS05_id,2,4,LPC_eff_mod,8,1,0,-0,0,0,0,0,0,0,0.199641792072426,0
test_id,DS05_id,2,4,LPC_flow_mod,9,1,0,-0,0,0,0,0,0,0,0.199641792072426,0
test_id,DS05_id,2,5,HPT_eff_mod,1,1,0,-0.00181586897143298,0,0,0,0,0,0,0.127657386737966,0
test_id,DS05_id,2,5,fan_eff_mod,2,1,0,-0,0,0,0,0,0,0,0.127657386737966,0
test_id,DS05_id,2,5,fan_flow_mod,3,1,0,-0,0,0,0,0,0,0,0.127657386737966,0
test_id,DS05_id,2,5,HPC_eff_mod,4,1,-0.00460662730631414,-0,0,0,0,0,0,0,0.127657386737966,0
test_id,DS05_id,2,5,HPC_flow_mod,5,1,0.002312352387261,-0,0,0,0,0,0,0,0.127657386737966,0
test_id,DS05_id,2,5,LPT_eff_mod,6,1,0,-0.00699309208903224,0,0,0,0,0,0,0.127657386737966,0
test_id,DS05_id,2,5,LPT_flow_mod,7,1,0,-0,0,0,0,0,0,0,0.127657386737966,0
test_id,DS05_id,2,5,LPC_eff_mod,8,1,0,-0,0,0,0,0,0,0,0.127657386737966,0
test_id,DS05_id,2,5,LPC_flow_mod,9,1,0,-0,0,0,0,0,0,0,0.127657386737966,0
test_id,DS05_id,2,6,HPT_eff_mod,1,1,0,-0.00380180062257863,0,0,0,0,0,0,0.137554169657032,0
test_id,DS05_id,2,6,fan_eff_mod,2,1,0,-0,0,0,0,0,0,0,0.137554169657032,0
test_id,DS05_id,2,6,fan_flow_mod,3,1,0,-0,0,0,0,0,0,0,0.137554169657032,0
test_id,DS05_id,2,6,HPC_eff_mod,4,1,-0.0033832348436626,-0,0,0,0,0,0,0,0.137554169657032,0
test_id,DS05_id,2,6,HPC_flow_mod,5,1,0.000955153651652788,-0,0,0,0,0,0,0,0.137554169657032,0
test_id,DS05_id,2,6,LPT_eff_mod,6,1,0,-0.00699309208903224,0,0,0,0,0,0,0.137554169657032,0
test_id,DS05_id,2,6,LPT_flow_mod,7,1,0,-0,0,0,0,0,0,0,0.137554169657032,0
test_id,DS05_id,2,6,LPC_eff_mod,8,1,0,-0,0,0,0,0,0,0,0.137554169657032,0
test_id,DS05_id,2,6,LPC_flow_mod,9,1,0,-0,0,0,0,0,0,0,0.137554169657032,0
test_id,DS05_id,2,7,HPT_eff_mod,1,1,0,-0.00380180062257863,0,0,0,0,0,0,0.212413219420715,0
test_id,DS05_id,2,7,fan_eff_mod,2,1,0,-0,0,0,0,0,0,0,0.212413219420715,0
test_id,DS05_id,2,7,fan_flow_mod,3,1,0,-0,0,0,0,0,0,0,0.212413219420715,0
test_id,DS05_id,2,7,HPC_eff_mod,4,1,-0.00253847562285372,-0,0,0,0,0,0,0,0.212413219420715,0
test_id,DS05_id,2,7,HPC_flow_mod,5,1,0.00208337154392968,-0,0,0,0,0,0,0,0.212413219420715,0
test_id,DS05_id,2,7,LPT_eff_mod,6,1,0,-0.00707946776511936,0,0,0,0,0,0,0.212413219420715,0
test_id,DS05_id,2,7,LPT_flow_mod,7,1,0,-0,0,0,0,0,0,0,0.212413219420715,0
test_id,DS05_id,2,7,LPC_eff_mod,8,1,0,-0,0,0,0,0,0,0,0.212413219420715,0
test_id,DS05_id,2,7,LPC_flow_mod,9,1,0,-0,0,0,0,0,0,0,0.212413219420715,0
test_id,DS05_id,2,8,HPT_eff_mod,1,1,0,-0.00380180062257863,0,0,0,0,0,0,0.157125129996054,0
test_id,DS05_id,2,8,fan_eff_mod,2,1,0,-0,0,0,0,0,0,0,0.157125129996054,0
test_id,DS05_id,2,8,fan_flow_mod,3,1,0,-0,0,0,0,0,0,0,0.157125129996054,0
test_id,DS05_id,2,8,HPC_eff_mod,4,1,0.00347524760230063,-0,0,0,0,0,0,0,0.157125129996054,0
test_id,DS05_id,2,8,HPC_flow_mod,5,1,0.00077337330700461,-0,0,0,0,0,0,0,0.157125129996054,0
test_id,DS05_id,2,8,LPT_eff_mod,6,1,0,-0.00707946776511936,0,0,0,0,0,0,0.157125129996054,0
test_id,DS05_id,2,8,LPT_flow_mod,7,1,0,-0,0,0,0,0,0,0,0.157125129996054,0
test_id,DS05_id,2,8,LPC_eff_mod,8,1,0,-0,0,0,0,0,0,0,0.157125129996054,0
test_id,DS05_id,2,8,LPC_flow_mod,9,1,0,-0,0,0,0,0,0,0,0.157125129996054,0
test_id,DS05_id,2,9,HPT_eff_mod,1,1,0,-0.00380180062257863,0,0,0,0,0,0,0.163227161772519,0
test_id,DS05_id,2,9,fan_eff_mod,2,1,0,-0,0,0,0,0,0,0,0.163227161772519,0
test_id,DS05_id,2,9,fan_flow_mod,3,1,0,-0,0,0,0,0,0,0,0.163227161772519,0
test_id,DS05_id,2,9,HPC_eff_mod,4,1,-0.000240116659409866,-0,0,0,0,0,0,0,0.163227161772519,0
test_id,DS05_id,2,9,HPC_flow_mod,5,1,-0.0036964290255001,-0,0,0,0,0,0,0,0.163227161772519,0
test_id,DS05_id,2,9,LPT_eff_mod,6,1,0,-0.00707946776511936,0,0,0,0,0,0,0.163227161772519,0
test_id,DS05_id,2,9,LPT_flow_mod,7,1,0,-0,0,0,0,0,0,0,0.163227161772519,0
test_id,DS05_id,2,9,LPC_eff_mod,8,1,0,-0,0,0,0,0,0,0,0.163227161772519,0
test_id,DS05_id,2,9,LPC_flow_mod,9,1,0,-0,0,0,0,0,0,0,0.163227161772519,0
test_id,DS05_id,2,10,HPT_eff_mod,1,1,0,-0.00380180062257863,0,0,0,0,0,0,0.160331696172291,0
test_id,DS05_id,2,10,fan_eff_mod,2,1,0,-0,0,0,0,0,0,0,0.160331696172291,0
test_id,DS05_id,2,10,fan_flow_mod,3,1,0,-0,0,0,0,0,0,0,0.160331696172291,0
test_id,DS05_id,2,10,HPC_eff_mod,4,1,-0.000300556451723763,-0,0,0,0,0,0,0,0.160331696172291,0
test_id,DS05_id,2,10,HPC_flow_mod,5,1,0.00113747319798617,-0,0,0,0,0,0,0,0.160331696172291,0
test_id,DS05_id,2,10,LPT_eff_mod,6,1,0,-0.00707946776511936,0,0,0,0,0,0,0.160331696172291,0
test_id,DS05_id,2,10,LPT_flow_mod,7,1,0,-0,0,0,0,0,0,0,0.160331696172291,0
test_id,DS05_id,2,10,LPC_eff_mod,8,1,0,-0,0,0,0,0,0,0,0.160331696172291,0
test_id,DS05_id,2,10,LPC_flow_mod,9,1,0,-0,0,0,0,0,0,0,0.160331696172291,0
test_id,DS05_id,2,11,HPT_eff_mod,1,1,0,-0.00380180062257863,0,0,0,0,0,0,0.137876964019475,0
test_id,DS05_id,2,11,fan_eff_mod,2,1,0,-0,0,0,0,0,0,0,0.137876964019475,0
test_id,DS05_id,2,11,fan_flow_mod,3,1,0,-0,0,0,0,0,0,0,0.137876964019475,0
test_id,DS05_id,2,11,HPC_eff_mod,4,1,-0.00254847983639784,-0,0,0,0,0,0,0,0.137876964019475,0
test_id,DS05_id,2,11,HPC_flow_mod,5,1,0.000390704088079719,-0,0,0,0,0,0,0,0.137876964019475,0
test_id,DS05_id,2,11,LPT_eff_mod,6,1,0,-0.00707946776511936,0,0,0,0,0,0,0.137876964019475,0
test_id,DS05_id,2,11,LPT_flow_mod,7,1,0,-0.000137050856272339,0,0,0,0,0,0,0.137876964019475,0
test_id,DS05_id,2,11,LPC_eff_mod,8,1,0,-0,0,0,0,0,0,0,0.137876964019475,0
test_id,DS05_id,2,11,LPC_flow_mod,9,1,0,-0,0,0,0,0,0,0,0.137876964019475,0
test_id,DS05_id,2,12,HPT_eff_mod,1,1,0,-0.00380180062257863,0,0,0,0,0,0,0.185485866190646,0
test_id,DS05_id,2,12,fan_eff_mod,2,1,0,-0,0,0,0,0,0,0,0.185485866190646,0
test_id,DS05_id,2,12,fan_flow_mod,3,1,0,-0,0,0,0,0,0,0,0.185485866190646,0
test_id,DS05_id,2,12,HPC_eff_mod,4,1,0.0024118358150094,-0,0,0,0,0,0,0,0.185485866190646,0
test_id,DS05_id,2,12,HPC_flow_mod,5,1,0.000806088272996362,-0,0,0,0,0,0,0,0.185485866190646,0
test_id,DS05_id,2,12,LPT_eff_mod,6,1,0,-0.00707946776511936,0,0,0,0,0,0,0.185485866190646,0
test_id,DS05_id,2,12,LPT_flow_mod,7,1,0,-0.000137050856272339,0,0,0,0,0,0,0.185485866190646,0
test_id,DS05_id,2,12,LPC_eff_mod,8,1,0,-0,0,0,0,0,0,0,0.185485866190646,0
test_id,DS05_id,2,12,LPC_flow_mod,9,1,0,-0,0,0,0,0,0,0,0.185485866190646,0
test_id,DS05_id,2,13,HPT_eff_mod,1,1,0,-0.00417118573071108,0,0,0,0,0,0,0.178390456432626,0
test_id,DS05_id,2,13,fan_eff_mod,2,1,0,-0,0,0,0,0,0,0,0.178390456432626,0
test_id,DS05_id,2,13,fan_flow_mod,3,1,0,-0,0,0,0,0,0,0,0.178390456432626,0
test_id,DS05_id,2,13,HPC_eff_mod,4,1,-0.00849014748653602,-0,0,0,0,0,0,0,0.178390456432626,0
test_id,DS05_id,2,13,HPC_flow_mod,5,1,-0.00295430955864539,-0.000292711204610282,0,0,0,0,0,0,0.178390456432626,0
test_id,DS05_id,2,13,LPT_eff_mod,6,1,0,-0.00707946776511936,0,0,0,0,0,0,0.178390456432626,0
test_id,DS05_id,2,13,LPT_flow_mod,7,1,0,-0.000137050856272339,0,0,0,0,0,0,0.178390456432626,0
test_id,DS05_id,2,13,LPC_eff_mod,8,1,0,-0,0,0,0,0,0,0,0.178390456432626,0
test_id,DS05_id,2,13,LPC_flow_mod,9,1,0,-0,0,0,0,0,0,0,0.178390456432626,0
test_id,DS05_id,2,14,HPT_eff_mod,1,1,0,-0.00417118573071108,0,0,0,0,0,0,0.101903473802255,0
test_id,DS05_id,2,14,fan_eff_mod,2,1,0,-0,0,0,0,0,0,0,0.101903473802255,0
test_id,DS05_id,2,14,fan_flow_mod,3,1,0,-0,0,0,0,0,0,0,0.101903473802255,0
test_id,DS05_id,2,14,HPC_eff_mod,4,1,-0.0102738367639462,-0,0,0,0,0,0,0,0.101903473802255,0
test_id,DS05_id,2,14,HPC_flow_mod,5,1,-0.00124139890145583,-0.000292711204610282,0,0,0,0,0,0,0.101903473802255,0
test_id,DS05_id,2,14,LPT_eff_mod,6,1,0,-0.00707946776511936,0,0,0,0,0,0,0.101903473802255,0
test_id,DS05_id,2,14,LPT_flow_mod,7,1,0,-0.000137050856272339,0,0,0,0,0,0,0.101903473802255,0
test_id,DS05_id,2,14,LPC_eff_mod,8,1,0,-0,0,0,0,0,0,0,0.101903473802255,0
test_id,DS05_id,2,14,LPC_flow_mod,9,1,0,-0,0,0,0,0,0,0,0.101903473802255,0
test_id,DS05_id,2,15,HPT_eff_mod,1,1,0,-0.00417118573071108,0,0,0,0,0,0,0.168709936047284,0
test_id,DS05_id,2,15,fan_eff_mod,2,1,0,-0,0,0,0,0,0,0,0.168709936047284,0
test_id,DS05_id,2,15,fan_flow_mod,3,1,0,-0,0,0,0,0,0,0,0.168709936047284,0
test_id,DS05_id,2,15,HPC_eff_mod,4,1,0.0017697809376186,-0,0,0,0,0,0,0,0.168709936047284,0
test_id,DS05_id,2,15,HPC_flow_mod,5,1,-0.00308934754535857,-0.000292711204610282,0,0,0,0,0,0,0.168709936047284,0
test_id,DS05_id,2,15,LPT_eff_mod,6,1,0,-0.00707946776511936,0,0,0,0,0,0,0.168709936047284,0
test_id,DS05_id,2,15,LPT_flow_mod,7,1,0,-0.000137050856272339,0,0,0,0,0,0,0.168709936047284,0
test_id,DS05_id,2,15,LPC_eff_mod,8,1,0,-0,0,0,0,0,0,0,0.168709936047284,0
test_id,DS05_id,2,15,LPC_flow_mod,9,1,0,-0,0,0,0,0,0,0,0.168709936047284,0
test_id,DS05_id,2,16,HPT_eff_mod,1,1,0,-0.00417118573071108,0,0,0,0,0,0,0.0948799211719171,0
test_id,DS05_id,2,16,fan_eff_mod,2,1,0,-0,0,0,0,0,0,0,0.0948799211719171,0
test_id,DS05_id,2,16,fan_flow_mod,3,1,0,-0,0,0,0,0,0,0,0.0948799211719171,0
test_id,DS05_id,2,16,HPC_eff_mod,4,1,-0.0128528535545503,-0,0,0,0,0,0,0,0.0948799211719171,0
test_id,DS05_id,2,16,HPC_flow_mod,5,1,-0.00189239750892548,-0.000292711204610282,0,0,0,0,0,0,0.0948799211719171,0
test_id,DS05_id,2,16,LPT_eff_mod,6,1,0,-0.00707946776511936,0,0,0,0,0,0,0.0948799211719171,0
test_id,DS05_id,2,16,LPT_flow_mod,7,1,0,-0.000137050856272339,0,0,0,0,0,0,0.0948799211719171,0
test_id,DS05_id,2,16,LPC_eff_mod,8,1,0,-0,0,0,0,0,0,0,0.0948799211719171,0
test_id,DS05_id,2,16,LPC_flow_mod,9,1,0,-0,0,0,0,0,0,0,0.0948799211719171,0
test_id,DS05_id,2,17,HPT_eff_mod,1,1,0,-0.00417118573071108,0,0,0,0,0,0,0.0692404469935772,0
test_id,DS05_id,2,17,fan_eff_mod,2,1,0,-0,0,0,0,0,0,0,0.0692404469935772,0
test_id,DS05_id,2,17,fan_flow_mod,3,1,0,-0,0,0,0,0,0,0,0.0692404469935772,0
test_id,DS05_id,2,17,HPC_eff_mod,4,1,-0.00700658644392346,-0,0,0,0,0,0,0,0.0692404469935772,0
test_id,DS05_id,2,17,HPC_flow_mod,5,1,-0.00196587527698189,-0.000292711204610282,0,0,0,0,0,0,0.0692404469935772,0
test_id,DS05_id,2,17,LPT_eff_mod,6,1,0,-0.00707946776511936,0,0,0,0,0,0,0.0692404469935772,0
test_id,DS05_id,2,17,LPT_flow_mod,7,1,0,-0.000137050856272339,0,0,0,0,0,0,0.0692404469935772,0
test_id,DS05_id,2,17,LPC_eff_mod,8,1,0,-0,0,0,0,0,0,0,0.0692404469935772,0
test_id,DS05_id,2,17,LPC_flow_mod,9,1,0,-0,0,0,0,0,0,0,0.0692404469935772,0
test_id,DS05_id,2,18,HPT_eff_mod,1,1,0,-0.00417118573071108,0,0,0,0,0,0,0.152590638711977,0
test_id,DS05_id,2,18,fan_eff_mod,2,1,0,-0,0,0,0,0,0,0,0.152590638711977,0
test_id,DS05_id,2,18,fan_flow_mod,3,1,0,-0,0,0,0,0,0,0,0.152590638711977,0
test_id,DS05_id,2,18,HPC_eff_mod,4,1,-0.00326039018080415,-0,0,0,0,0,0,0,0.152590638711977,0
test_id,DS05_id,2,18,HPC_flow_mod,5,1,-0.00554929822741397,-0.000292711204610282,0,0,0,0,0,0,0.152590638711977,0
test_id,DS05_id,2,18,LPT_eff_mod,6,1,0,-0.00707946776511936,0,0,0,0,0,0,0.152590638711977,0
test_id,DS05_id,2,18,LPT_flow_mod,7,1,0,-0.000137050856272339,0,0,0,0,0,0,0.152590638711977,0
test_id,DS05_id,2,18,LPC_eff_mod,8,1,0,-0,0,0,0,0,0,0,0.152590638711977,0
test_id,DS05_id,2,18,LPC_flow_mod,9,1,0,-0,0,0,0,0,0,0,0.152590638711977,0
test_id,DS05_id,2,19,HPT_eff_mod,1,0,0,-0.00417118573071108,0,0,0,0,1,0,0.0683181050869326,0
test_id,DS05_id,2,19,fan_eff_mod,2,0,0,-0,0,0,0,0,1,0,0.0683181050869326,0
test_id,DS05_id,2,19,fan_flow_mod,3,0,0,-0,0,0,0,0,1,0,0.0683181050869326,0
test_id,DS05_id,2,19,HPC_eff_mod,4,0,-0.012346505193174,-0,1,0,1,0,1,0,0.0683181050869326,0
test_id,DS05_id,2,19,HPC_flow_mod,5,0,-0.00469626051366167,-0.000292711204610282,1,0,1,0,1,0,0.0683181050869326,0
test_id,DS05_id,2,19,LPT_eff_mod,6,0,0,-0.00707946776511936,0,0,0,0,1,0,0.0683181050869326,0
test_id,DS05_id,2,19,LPT_flow_mod,7,0,0,-0.000137050856272339,0,0,0,0,1,0,0.0683181050869326,0
test_id,DS05_id,2,19,LPC_eff_mod,8,0,0,-0,0,0,0,0,1,0,0.0683181050869326,0
test_id,DS05_id,2,19,LPC_flow_mod,9,0,0,-0,0,0,0,0,1,0,0.0683181050869326,0
test_id,DS05_id,2,20,HPT_eff_mod,1,0,0,-0.00417118573071108,0,0,0,0,1,0,0.100250372224635,0
test_id,DS05_id,2,20,fan_eff_mod,2,0,0,-0,0,0,0,0,1,0,0.100250372224635,0
test_id,DS05_id,2,20,fan_flow_mod,3,0,0,-0,0,0,0,0,1,0,0.100250372224635,0
test_id,DS05_id,2,20,HPC_eff_mod,4,0,-0.00765347526774812,-0,1,0,1,0,1,0,0.100250372224635,0
test_id,DS05_id,2,20,HPC_flow_mod,5,0,-0.00352630702343961,-0.000292711204610282,1,0,1,0,1,0,0.100250372224635,0
test_id,DS05_id,2,20,LPT_eff_mod,6,0,0,-0.00707946776511936,0,0,0,0,1,0,0.100250372224635,0
test_id,DS05_id,2,20,LPT_flow_mod,7,0,0,-0.000137050856272339,0,0,0,0,1,0,0.100250372224635,0
test_id,DS05_id,2,20,LPC_eff_mod,8,0,0,-0,0,0,0,0,1,0,0.100250372224635,0
test_id,DS05_id,2,20,LPC_flow_mod,9,0,0,-0,0,0,0,0,1,0,0.100250372224635,0
test_id,DS05_id,2,21,HPT_eff_mod,1,0,0,-0.00426237090198337,0,0,0,0,1,0,0.152108059221197,0
test_id,DS05_id,2,21,fan_eff_mod,2,0,0,-0,0,0,0,0,1,0,0.152108059221197,0
test_id,DS05_id,2,21,fan_flow_mod,3,0,0,-0,0,0,0,0,1,0,0.152108059221197,0
test_id,DS05_id,2,21,HPC_eff_mod,4,0,-0.00337864578361343,-0,1,0,1,0,1,0,0.152108059221197,0
test_id,DS05_id,2,21,HPC_flow_mod,5,0,-0.00479609758289855,-0.00175573078421331,1,0,1,0,1,0,0.152108059221197,0
test_id,DS05_id,2,21,LPT_eff_mod,6,0,0,-0.00941412477718846,0,0,0,0,1,0,0.152108059221197,0
test_id,DS05_id,2,21,LPT_flow_mod,7,0,0,-0.000137050856272339,0,0,0,0,1,0,0.152108059221197,0
test_id,DS05_id,2,21,LPC_eff_mod,8,0,0,-0.00251762648353409,0,0,0,0,1,0,0.152108059221197,0
test_id,DS05_id,2,21,LPC_flow_mod,9,0,0,-0,0,0,0,0,1,0,0.152108059221197,0
test_id,DS05_id,2,22,HPT_eff_mod,1,0,0,-0.00426237090198337,0,0,0,0,1,0,0.133066705476912,0
test_id,DS05_id,2,22,fan_eff_mod,2,0,0,-0,0,0,0,0,1,0,0.133066705476912,0
test_id,DS05_id,2,22,fan_flow_mod,3,0,0,-0,0,0,0,0,1,0,0.133066705476912,0
test_id,DS05_id,2,22,HPC_eff_mod,4,0,-0.00812587069503261,-0,1,0,1,0,1,0,0.133066705476912,0
test_id,DS05_id,2,22,HPC_flow_mod,5,0,-0.00329758775413508,-0.00175573078421331,1,0,1,0,1,0,0.133066705476912,0
test_id,DS05_id,2,22,LPT_eff_mod,6,0,0,-0.00941412477718846,0,0,0,0,1,0,0.133066705476912,0
test_id,DS05_id,2,22,LPT_flow_mod,7,0,0,-0.000137050856272339,0,0,0,0,1,0,0.133066705476912,0
test_id,DS05_id,2,22,LPC_eff_mod,8,0,0,-0.00251762648353409,0,0,0,0,1,0,0.133066705476912,0
test_id,DS05_id,2,22,LPC_flow_mod,9,0,0,-0,0,0,0,0,1,0,0.133066705476912,0
test_id,DS05_id,2,23,HPT_eff_mod,1,0,0,-0.00426237090198337,0,0,0,0,1,0,0.184056760208378,0
test_id,DS05_id,2,23,fan_eff_mod,2,0,0,-0,0,0,0,0,1,0,0.184056760208378,0
test_id,DS05_id,2,23,fan_flow_mod,3,0,0,-0,0,0,0,0,1,0,0.184056760208378,0
test_id,DS05_id,2,23,HPC_eff_mod,4,0,-0.00555914486718465,-0,1,0,1,0,1,0,0.184056760208378,0
test_id,DS05_id,2,23,HPC_flow_mod,5,0,-0.00604098221835569,-0.00314017536674847,1,0,1,0,1,0,0.184056760208378,0
test_id,DS05_id,2,23,LPT_eff_mod,6,0,0,-0.00941412477718846,0,0,0,0,1,0,0.184056760208378,0
test_id,DS05_id,2,23,LPT_flow_mod,7,0,0,-0.000137050856272339,0,0,0,0,1,0,0.184056760208378,0
test_id,DS05_id,2,23,LPC_eff_mod,8,0,0,-0.00251762648353409,0,0,0,0,1,0,0.184056760208378,0
test_id,DS05_id,2,23,LPC_flow_mod,9,0,0,-0,0,0,0,0,1,0,0.184056760208378,0
test_id,DS05_id,2,24,HPT_eff_mod,1,0,0,-0.00426237090198337,0,0,0,0,1,0,0.101629608172931,0
test_id,DS05_id,2,24,fan_eff_mod,2,0,0,-0,0,0,0,0,1,0,0.101629608172931,0
test_id,DS05_id,2,24,fan_flow_mod,3,0,0,-0,0,0,0,0,1,0,0.101629608172931,0
test_id,DS05_id,2,24,HPC_eff_mod,4,0,-0.00883484785698406,-0,1,0,1,0,1,0,0.101629608172931,0
test_id,DS05_id,2,24,HPC_flow_mod,5,0,-0.00938031022247893,-0.00314017536674847,1,0,1,0,1,0,0.101629608172931,0
test_id,DS05_id,2,24,LPT_eff_mod,6,0,0,-0.00941412477718846,0,0,0,0,1,0,0.101629608172931,0
test_id,DS05_id,2,24,LPT_flow_mod,7,0,0,-0.000137050856272339,0,0,0,0,1,0,0.101629608172931,0
test_id,DS05_id,2,24,LPC_eff_mod,8,0,0,-0.00251762648353409,0,0,0,0,1,0,0.101629608172931,0
test_id,DS05_id,2,24,LPC_flow_mod,9,0,0,-0,0,0,0,0,1,0,0.101629608172931,0
test_id,DS05_id,2,25,HPT_eff_mod,1,0,0,-0.00426237090198337,0,0,0,0,1,0,0.124365754501071,0
test_id,DS05_id,2,25,fan_eff_mod,2,0,0,-0,0,0,0,0,1,0,0.124365754501071,0
test_id,DS05_id,2,25,fan_flow_mod,3,0,0,-0,0,0,0,0,1,0,0.124365754501071,0
test_id,DS05_id,2,25,HPC_eff_mod,4,0,-0.0141943701750509,-0.00549634070376769,1,0,1,0,1,0,0.124365754501071,0
test_id,DS05_id,2,25,HPC_flow_mod,5,0,-0.00409530510495098,-0.00314017536674847,1,0,1,0,1,0,0.124365754501071,0
test_id,DS05_id,2,25,LPT_eff_mod,6,0,0,-0.00941412477718846,0,0,0,0,1,0,0.124365754501071,0
test_id,DS05_id,2,25,LPT_flow_mod,7,0,0,-0.000137050856272339,0,0,0,0,1,0,0.124365754501071,0
test_id,DS05_id,2,25,LPC_eff_mod,8,0,0,-0.00356983488774695,0,0,0,0,1,0,0.124365754501071,0
test_id,DS05_id,2,25,LPC_flow_mod,9,0,0,-0,0,0,0,0,1,0,0.124365754501071,0
test_id,DS05_id,2,26,HPT_eff_mod,1,0,0,-0.00426237090198337,0,0,0,0,1,0,0.173863998814137,0
test_id,DS05_id,2,26,fan_eff_mod,2,0,0,-0,0,0,0,0,1,0,0.173863998814137,0
test_id,DS05_id,2,26,fan_flow_mod,3,0,0,-0,0,0,0,0,1,0,0.173863998814137,0
test_id,DS05_id,2,26,HPC_eff_mod,4,0,-0.0165741008059087,-0.00549634070376769,1,0,1,0,1,0,0.173863998814137,0
test_id,DS05_id,2,26,HPC_flow_mod,5,0,-0.0051973236518739,-0.00314017536674847,1,0,1,0,1,0,0.173863998814137,0
test_id,DS05_id,2,26,LPT_eff_mod,6,0,0,-0.00941412477718846,0,0,0,0,1,0,0.173863998814137,0
test_id,DS05_id,2,26,LPT_flow_mod,7,0,0,-0.000137050856272339,0,0,0,0,1,0,0.173863998814137,0
test_id,DS05_id,2,26,LPC_eff_mod,8,0,0,-0.00356983488774695,0,0,0,0,1,0,0.173863998814137,0
test_id,DS05_id,2,26,LPC_flow_mod,9,0,0,-0,0,0,0,0,1,0,0.173863998814137,0
test_id,DS05_id,2,27,HPT_eff_mod,1,0,0,-0.00426237090198337,0,0,0,0,1,1,0.147805943372681,0
test_id,DS05_id,2,27,fan_eff_mod,2,0,0,-0,0,0,0,0,1,1,0.147805943372681,0
test_id,DS05_id,2,27,fan_flow_mod,3,0,0,-0,0,0,0,0,1,1,0.147805943372681,0
test_id,DS05_id,2,27,HPC_eff_mod,4,0,-0.00983802959956711,-0.00549634070376769,1,0,1,0,1,1,0.147805943372681,0
test_id,DS05_id,2,27,HPC_flow_mod,5,0,-0.00811010994664774,-0.00314017536674847,1,1,1,1,1,1,0.147805943372681,0
test_id,DS05_id,2,27,LPT_eff_mod,6,0,0,-0.00941412477718846,0,0,0,0,1,1,0.147805943372681,0
test_id,DS05_id,2,27,LPT_flow_mod,7,0,0,-0.000137050856272339,0,0,0,0,1,1,0.147805943372681,0
test_id,DS05_id,2,27,LPC_eff_mod,8,0,0,-0.00356983488774695,0,0,0,0,1,1,0.147805943372681,0
test_id,DS05_id,2,27,LPC_flow_mod,9,0,0,-0,0,0,0,0,1,1,0.147805943372681,0
test_id,DS05_id,2,28,HPT_eff_mod,1,0,0,-0.00426237090198337,0,0,0,0,1,1,0.105802610764537,0
test_id,DS05_id,2,28,fan_eff_mod,2,0,0,-0,0,0,0,0,1,1,0.105802610764537,0
test_id,DS05_id,2,28,fan_flow_mod,3,0,0,-0,0,0,0,0,1,1,0.105802610764537,0
test_id,DS05_id,2,28,HPC_eff_mod,4,0,-0.0113009354498153,-0.00549634070376769,1,0,1,0,1,1,0.105802610764537,0
test_id,DS05_id,2,28,HPC_flow_mod,5,0,-0.00315737753893029,-0.00314017536674847,1,1,1,1,1,1,0.105802610764537,0
test_id,DS05_id,2,28,LPT_eff_mod,6,0,0,-0.00941412477718846,0,0,0,0,1,1,0.105802610764537,0
test_id,DS05_id,2,28,LPT_flow_mod,7,0,0,-0.000137050856272339,0,0,0,0,1,1,0.105802610764537,0
test_id,DS05_id,2,28,LPC_eff_mod,8,0,0,-0.00356983488774695,0,0,0,0,1,1,0.105802610764537,0
test_id,DS05_id,2,28,LPC_flow_mod,9,0,0,-0,0,0,0,0,1,1,0.105802610764537,0
test_id,DS05_id,2,29,HPT_eff_mod,1,0,0,-0.00426237090198337,0,0,0,0,1,1,0.129503817546941,0
test_id,DS05_id,2,29,fan_eff_mod,2,0,0,-0,0,0,0,0,1,1,0.129503817546941,0
test_id,DS05_id,2,29,fan_flow_mod,3,0,0,-0,0,0,0,0,1,1,0.129503817546941,0
test_id,DS05_id,2,29,HPC_eff_mod,4,0,-0.0232872871626137,-0.0104543072323075,1,0,1,0,1,1,0.129503817546941,0
test_id,DS05_id,2,29,HPC_flow_mod,5,0,-0.00231071443002457,-0.00314017536674847,1,1,1,1,1,1,0.129503817546941,0
test_id,DS05_id,2,29,LPT_eff_mod,6,0,0,-0.00941412477718846,0,0,0,0,1,1,0.129503817546941,0
test_id,DS05_id,2,29,LPT_flow_mod,7,0,0,-0.000137050856272339,0,0,0,0,1,1,0.129503817546941,0
test_id,DS05_id,2,29,LPC_eff_mod,8,0,0,-0.00356983488774695,0,1,0,1,1,1,0.129503817546941,0
test_id,DS05_id,2,29,LPC_flow_mod,9,0,0,-0,0,0,0,0,1,1,0.129503817546941,0
test_id,DS05_id,2,30,HPT_eff_mod,1,0,0,-0.00426237090198337,0,0,0,0,1,1,0.214019628908742,0
test_id,DS05_id,2,30,fan_eff_mod,2,0,0,-0,0,0,0,0,1,1,0.214019628908742,0
test_id,DS05_id,2,30,fan_flow_mod,3,0,0,-0,0,0,0,0,1,1,0.214019628908742,0
test_id,DS05_id,2,30,HPC_eff_mod,4,0,-0.0152459586468652,-0.0151089067434787,1,0,1,0,1,1,0.214019628908742,0
test_id,DS05_id,2,30,HPC_flow_mod,5,0,-0.0108362496812948,-0.0105774542785981,1,1,1,1,1,1,0.214019628908742,0
test_id,DS05_id,2,30,LPT_eff_mod,6,0,0,-0.00941412477718846,0,0,0,0,1,1,0.214019628908742,0
test_id,DS05_id,2,30,LPT_flow_mod,7,0,0,-0.000137050856272339,0,0,0,0,1,1,0.214019628908742,0
test_id,DS05_id,2,30,LPC_eff_mod,8,0,0,-0.00869875053405997,0,1,0,1,1,1,0.214019628908742,0
test_id,DS05_id,2,30,LPC_flow_mod,9,0,0,-0,0,0,0,0,1,1,0.214019628908742,0
test_id,DS05_id,2,31,HPT_eff_mod,1,0,0,-0.00426237090198337,0,0,0,0,1,1,0.224863621230543,0
test_id,DS05_id,2,31,fan_eff_mod,2,0,0,-0,0,0,0,0,1,1,0.224863621230543,0
test_id,DS05_id,2,31,fan_flow_mod,3,0,0,-0,0,0,0,0,1,1,0.224863621230543,0
test_id,DS05_id,2,31,HPC_eff_mod,4,0,-0.0250267657816302,-0.0182528363906341,1,0,1,0,1,1,0.224863621230543,0
test_id,DS05_id,2,31,HPC_flow_mod,5,0,-0.0137065372227703,-0.0105774542785981,1,1,1,1,1,1,0.224863621230543,0
test_id,DS05_id,2,31,LPT_eff_mod,6,0,0,-0.00941412477718846,0,0,0,0,1,1,0.224863621230543,0
test_id,DS05_id,2,31,LPT_flow_mod,7,0,0,-0.000137050856272339,0,0,0,0,1,1,0.224863621230543,0
test_id,DS05_id,2,31,LPC_eff_mod,8,0,0,-0.00869875053405997,0,1,0,1,1,1,0.224863621230543,0
test_id,DS05_id,2,31,LPC_flow_mod,9,0,0,-0,0,0,0,0,1,1,0.224863621230543,0
test_id,DS05_id,2,32,HPT_eff_mod,1,0,0,-0.00426237090198337,0,0,0,0,2,1,0.249511331851975,0
test_id,DS05_id,2,32,fan_eff_mod,2,0,0,-0,0,0,0,0,2,1,0.249511331851975,0
test_id,DS05_id,2,32,fan_flow_mod,3,0,0,-0,0,0,0,0,2,1,0.249511331851975,0
test_id,DS05_id,2,32,HPC_eff_mod,4,0,-0.0305271566838917,-0.0182528363906341,1,0,2,0,2,1,0.249511331851975,0
test_id,DS05_id,2,32,HPC_flow_mod,5,0,-0.00845898497967345,-0.0105774542785981,1,1,1,1,2,1,0.249511331851975,0
test_id,DS05_id,2,32,LPT_eff_mod,6,0,0,-0.00941412477718846,0,0,0,0,2,1,0.249511331851975,0
test_id,DS05_id,2,32,LPT_flow_mod,7,0,0,-0.000137050856272339,0,0,0,0,2,1,0.249511331851975,0
test_id,DS05_id,2,32,LPC_eff_mod,8,0,0,-0.00869875053405997,0,1,0,1,2,1,0.249511331851975,0
test_id,DS05_id,2,32,LPC_flow_mod,9,0,0,-0,0,0,0,0,2,1,0.249511331851975,0
test_id,DS05_id,2,33,HPT_eff_mod,1,0,0,-0.00426237090198337,0,0,0,0,2,1,0.226476482159408,0
test_id,DS05_id,2,33,fan_eff_mod,2,0,0,-0,0,0,0,0,2,1,0.226476482159408,0
test_id,DS05_id,2,33,fan_flow_mod,3,0,0,-0,0,0,0,0,2,1,0.226476482159408,0
test_id,DS05_id,2,33,HPC_eff_mod,4,0,-0.0321871609220346,-0.0182528363906341,1,0,2,0,2,1,0.226476482159408,0
test_id,DS05_id,2,33,HPC_flow_mod,5,0,-0.0148242748044229,-0.0105774542785981,1,1,1,1,2,1,0.226476482159408,0
test_id,DS05_id,2,33,LPT_eff_mod,6,0,0,-0.00941412477718846,0,0,0,0,2,1,0.226476482159408,0
test_id,DS05_id,2,33,LPT_flow_mod,7,0,0,-0.000526015111694441,0,0,0,0,2,1,0.226476482159408,0
test_id,DS05_id,2,33,LPC_eff_mod,8,0,0,-0.00869875053405997,0,1,0,1,2,1,0.226476482159408,0
test_id,DS05_id,2,33,LPC_flow_mod,9,0,0,-0,0,0,0,0,2,1,0.226476482159408,0
test_id,DS05_id,2,34,HPT_eff_mod,1,0,0,-0.00426237090198337,0,0,0,0,2,1,0.113313917113612,0
test_id,DS05_id,2,34,fan_eff_mod,2,0,0,-0,0,0,0,0,2,1,0.113313917113612,0
test_id,DS05_id,2,34,fan_flow_mod,3,0,0,-0,0,0,0,0,2,1,0.113313917113612,0
test_id,DS05_id,2,34,HPC_eff_mod,4,0,-0.0352055507383561,-0.0233431110011788,1,1,2,1,2,1,0.113313917113612,0
test_id,DS05_id,2,34,HPC_flow_mod,5,0,-0.0116597032613184,-0.0105774542785981,1,1,1,1,2,1,0.113313917113612,0
test_id,DS05_id,2,34,LPT_eff_mod,6,0,0,-0.00941412477718846,0,0,0,0,2,1,0.113313917113612,0
test_id,DS05_id,2,34,LPT_flow_mod,7,0,0,-0.00155023626279776,0,0,0,0,2,1,0.113313917113612,0
test_id,DS05_id,2,34,LPC_eff_mod,8,0,0,-0.00869875053405997,0,1,0,1,2,1,0.113313917113612,0
test_id,DS05_id,2,34,LPC_flow_mod,9,0,0,-0,0,0,0,0,2,1,0.113313917113612,0
test_id,DS05_id,2,35,HPT_eff_mod,1,0,0,-0.00762160036152475,0,0,0,0,2,1,0.276450495511128,0
test_id,DS05_id,2,35,fan_eff_mod,2,0,0,-0,0,0,0,0,2,1,0.276450495511128,0
test_id,DS05_id,2,35,fan_flow_mod,3,0,0,-0,0,0,0,0,2,1,0.276450495511128,0
test_id,DS05_id,2,35,HPC_eff_mod,4,0,-0.0476953464931823,-0.0233431110011788,1,1,2,1,2,1,0.276450495511128,0
test_id,DS05_id,2,35,HPC_flow_mod,5,0,-0.0134734917066404,-0.0105774542785981,1,1,1,1,2,1,0.276450495511128,0
test_id,DS05_id,2,35,LPT_eff_mod,6,0,0,-0.00941412477718846,0,0,0,0,2,1,0.276450495511128,0
test_id,DS05_id,2,35,LPT_flow_mod,7,0,0,-0.00504206167673434,0,0,0,0,2,1,0.276450495511128,0
test_id,DS05_id,2,35,LPC_eff_mod,8,0,0,-0.00869875053405997,0,1,0,1,2,1,0.276450495511128,0
test_id,DS05_id,2,35,LPC_flow_mod,9,0,0,-0,0,0,0,0,2,1,0.276450495511128,0
test_id,DS05_id,2,36,HPT_eff_mod,1,0,0,-0.00762160036152475,0,0,0,0,2,2,0.185981313284584,0
test_id,DS05_id,2,36,fan_eff_mod,2,0,0,-0,0,0,0,0,2,2,0.185981313284584,0
test_id,DS05_id,2,36,fan_flow_mod,3,0,0,-0,0,0,0,0,2,2,0.185981313284584,0
test_id,DS05_id,2,36,HPC_eff_mod,4,0,-0.0490468628655585,-0.0331547310322627,1,1,2,2,2,2,0.185981313284584,0
test_id,DS05_id,2,36,HPC_flow_mod,5,0,-0.0134782987505905,-0.01105186569905,1,1,1,1,2,2,0.185981313284584,0
test_id,DS05_id,2,36,LPT_eff_mod,6,0,0,-0.0133882666262677,0,0,0,0,2,2,0.185981313284584,0
test_id,DS05_id,2,36,LPT_flow_mod,7,0,0,-0.00504206167673434,0,0,0,0,2,2,0.185981313284584,0
test_id,DS05_id,2,36,LPC_eff_mod,8,0,0,-0.00869875053405997,0,1,0,1,2,2,0.185981313284584,0
test_id,DS05_id,2,36,LPC_flow_mod,9,0,0,-0,0,0,0,0,2,2,0.185981313284584,0
test_id,DS05_id,2,37,HPT_eff_mod,1,0,0,-0.00762160036152475,0,0,0,0,2,2,0.210725511939183,0
test_id,DS05_id,2,37,fan_eff_mod,2,0,0,-0,0,0,0,0,2,2,0.210725511939183,0
test_id,DS05_id,2,37,fan_flow_mod,3,0,0,-0,0,0,0,0,2,2,0.210725511939183,0
test_id,DS05_id,2,37,HPC_eff_mod,4,0,-0.0482445396380883,-0.0331547310322627,1,1,2,2,2,2,0.210725511939183,0
test_id,DS05_id,2,37,HPC_flow_mod,5,0,-0.0183781252305278,-0.0129085437310549,1,1,1,1,2,2,0.210725511939183,0
test_id,DS05_id,2,37,LPT_eff_mod,6,0,0,-0.0133882666262677,0,0,0,0,2,2,0.210725511939183,0
test_id,DS05_id,2,37,LPT_flow_mod,7,0,0,-0.00504206167673434,0,0,0,0,2,2,0.210725511939183,0
test_id,DS05_id,2,37,LPC_eff_mod,8,0,0,-0.00869875053405997,0,1,0,1,2,2,0.210725511939183,0
test_id,DS05_id,2,37,LPC_flow_mod,9,0,0,-0,0,0,0,0,2,2,0.210725511939183,0
test_id,DS05_id,2,38,HPT_eff_mod,1,0,0,-0.00762160036152475,0,0,0,0,2,2,0.181761255289357,0
test_id,DS05_id,2,38,fan_eff_mod,2,0,0,-0,0,0,0,0,2,2,0.181761255289357,0
test_id,DS05_id,2,38,fan_flow_mod,3,0,0,-0,0,0,0,0,2,2,0.181761255289357,0
test_id,DS05_id,2,38,HPC_eff_mod,4,0,-0.0548741760078193,-0.0409060659536585,1,1,2,2,2,2,0.181761255289357,0
test_id,DS05_id,2,38,HPC_flow_mod,5,0,-0.0159311125059666,-0.0129085437310549,1,1,1,1,2,2,0.181761255289357,0
test_id,DS05_id,2,38,LPT_eff_mod,6,0,0,-0.0133882666262677,0,0,0,0,2,2,0.181761255289357,0
test_id,DS05_id,2,38,LPT_flow_mod,7,0,0,-0.00504206167673434,0,0,0,0,2,2,0.181761255289357,0
test_id,DS05_id,2,38,LPC_eff_mod,8,0,0,-0.00869875053405997,0,1,0,1,2,2,0.181761255289357,0
test_id,DS05_id,2,38,LPC_flow_mod,9,0,0,-0,0,0,0,0,2,2,0.181761255289357,0
test_id,DS05_id,2,39,HPT_eff_mod,1,0,0,-0.00762160036152475,0,0,0,0,2,2,0.101615995301174,0
test_id,DS05_id,2,39,fan_eff_mod,2,0,0,-0,0,0,0,0,2,2,0.101615995301174,0
test_id,DS05_id,2,39,fan_flow_mod,3,0,0,-0,0,0,0,0,2,2,0.101615995301174,0
test_id,DS05_id,2,39,HPC_eff_mod,4,0,-0.0573765927498021,-0.0428185458690334,1,1,2,2,2,2,0.101615995301174,0
test_id,DS05_id,2,39,HPC_flow_mod,5,0,-0.0173134906652636,-0.0129085437310549,1,1,1,1,2,2,0.101615995301174,0
test_id,DS05_id,2,39,LPT_eff_mod,6,0,0,-0.0133882666262677,0,0,0,0,2,2,0.101615995301174,0
test_id,DS05_id,2,39,LPT_flow_mod,7,0,0,-0.00504206167673434,0,0,0,0,2,2,0.101615995301174,0
test_id,DS05_id,2,39,LPC_eff_mod,8,0,0,-0.00869875053405997,0,1,0,1,2,2,0.101615995301174,0
test_id,DS05_id,2,39,LPC_flow_mod,9,0,0,-0,0,0,0,0,2,2,0.101615995301174,0
test_id,DS05_id,2,40,HPT_eff_mod,1,0,0,-0.00762160036152475,0,0,0,0,2,2,0.159510779335073,0
test_id,DS05_id,2,40,fan_eff_mod,2,0,0,-0,0,0,0,0,2,2,0.159510779335073,0
test_id,DS05_id,2,40,fan_flow_mod,3,0,0,-0,0,0,0,0,2,2,0.159510779335073,0
test_id,DS05_id,2,40,HPC_eff_mod,4,0,-0.0577080504614305,-0.0428185458690334,1,1,2,2,2,2,0.159510779335073,0
test_id,DS05_id,2,40,HPC_flow_mod,5,0,-0.0234417229873296,-0.0199396148968001,1,1,1,1,2,2,0.159510779335073,0
test_id,DS05_id,2,40,LPT_eff_mod,6,0,0,-0.0133882666262677,0,0,0,0,2,2,0.159510779335073,0
test_id,DS05_id,2,40,LPT_flow_mod,7,0,0,-0.00504206167673434,0,0,0,0,2,2,0.159510779335073,0
test_id,DS05_id,2,40,LPC_eff_mod,8,0,0,-0.00869875053405997,0,1,0,1,2,2,0.159510779335073,0
test_id,DS05_id,2,40,LPC_flow_mod,9,0,0,-0,0,0,0,0,2,2,0.159510779335073,0
test_id,DS05_id,2,41,HPT_eff_mod,1,0,0,-0.00762160036152475,0,0,0,0,2,2,0.173622299863431,0
test_id,DS05_id,2,41,fan_eff_mod,2,0,0,-0,0,0,0,0,2,2,0.173622299863431,0
test_id,DS05_id,2,41,fan_flow_mod,3,0,0,-0,0,0,0,0,2,2,0.173622299863431,0
test_id,DS05_id,2,41,HPC_eff_mod,4,0,-0.0701803492237892,-0.057858828979391,1,1,2,2,2,2,0.173622299863431,0
test_id,DS05_id,2,41,HPC_flow_mod,5,0,-0.0203630330078482,-0.0199396148968001,1,1,1,1,2,2,0.173622299863431,0
test_id,DS05_id,2,41,LPT_eff_mod,6,0,0,-0.0133882666262677,0,0,0,0,2,2,0.173622299863431,0
test_id,DS05_id,2,41,LPT_flow_mod,7,0,0,-0.00504206167673434,0,0,0,0,2,2,0.173622299863431,0
test_id,DS05_id,2,41,LPC_eff_mod,8,0,0,-0.00869875053405997,0,1,0,1,2,2,0.173622299863431,0
test_id,DS05_id,2,41,LPC_flow_mod,9,0,0,-0,0,0,0,0,2,2,0.173622299863431,0
test_id,DS05_id,2,42,HPT_eff_mod,1,0,0,-0.00762160036152475,0,0,0,0,2,2,0.0769696570307406,0
test_id,DS05_id,2,42,fan_eff_mod,2,0,0,-0,0,0,0,0,2,2,0.0769696570307406,0
test_id,DS05_id,2,42,fan_flow_mod,3,0,0,-0,0,0,0,0,2,2,0.0769696570307406,0
test_id,DS05_id,2,42,HPC_eff_mod,4,0,-0.0718052118693373,-0.057858828979391,1,1,2,2,2,2,0.0769696570307406,0
test_id,DS05_id,2,42,HPC_flow_mod,5,0,-0.0207574826563759,-0.0199396148968001,1,1,1,1,2,2,0.0769696570307406,0
test_id,DS05_id,2,42,LPT_eff_mod,6,0,0,-0.0133882666262677,0,0,0,0,2,2,0.0769696570307406,0
test_id,DS05_id,2,42,LPT_flow_mod,7,0,0,-0.00504206167673434,0,0,0,0,2,2,0.0769696570307406,0
test_id,DS05_id,2,42,LPC_eff_mod,8,0,0,-0.00869875053405997,0,1,0,1,2,2,0.0769696570307406,0
test_id,DS05_id,2,42,LPC_flow_mod,9,0,0,-0,0,0,0,0,2,2,0.0769696570307406,0
test_id,DS05_id,2,43,HPT_eff_mod,1,0,0,-0.00762160036152475,0,0,0,0,2,2,0.192819444745677,0
test_id,DS05_id,2,43,fan_eff_mod,2,0,0,-0,0,0,0,0,2,2,0.192819444745677,0
test_id,DS05_id,2,43,fan_flow_mod,3,0,0,-0,0,0,0,0,2,2,0.192819444745677,0
test_id,DS05_id,2,43,HPC_eff_mod,4,0,-0.0773465919793761,-0.0655014764564721,1,1,2,2,2,2,0.192819444745677,0
test_id,DS05_id,2,43,HPC_flow_mod,5,0,-0.0278071606777498,-0.0238764082757841,1,1,1,1,2,2,0.192819444745677,0
test_id,DS05_id,2,43,LPT_eff_mod,6,0,0,-0.0133882666262677,0,0,0,0,2,2,0.192819444745677,0
test_id,DS05_id,2,43,LPT_flow_mod,7,0,0,-0.00504206167673434,0,0,0,0,2,2,0.192819444745677,0
test_id,DS05_id,2,43,LPC_eff_mod,8,0,0,-0.010015872882622,0,1,0,1,2,2,0.192819444745677,0
test_id,DS05_id,2,43,LPC_flow_mod,9,0,0,-0,0,0,0,0,2,2,0.192819444745677,0
test_id,DS05_id,2,44,HPT_eff_mod,1,0,0,-0.00848969321628981,0,0,0,0,2,2,0.170244048512944,0
test_id,DS05_id,2,44,fan_eff_mod,2,0,0,-0,0,0,0,0,2,2,0.170244048512944,0
test_id,DS05_id,2,44,fan_flow_mod,3,0,0,-0,0,0,0,0,2,2,0.170244048512944,0
test_id,DS05_id,2,44,HPC_eff_mod,4,0,-0.0808613681272938,-0.0655014764564721,1,1,2,2,2,2,0.170244048512944,0
test_id,DS05_id,2,44,HPC_flow_mod,5,0,-0.0253810076559193,-0.0238764082757841,1,1,1,1,2,2,0.170244048512944,0
test_id,DS05_id,2,44,LPT_eff_mod,6,0,0,-0.0133882666262677,0,0,0,0,2,2,0.170244048512944,0
test_id,DS05_id,2,44,LPT_flow_mod,7,0,0,-0.00504206167673434,0,0,0,0,2,2,0.170244048512944,0
test_id,DS05_id,2,44,LPC_eff_mod,8,0,0,-0.010015872882622,0,1,0,1,2,2,0.170244048512944,0
test_id,DS05_id,2,44,LPC_flow_mod,9,0,0,-0,0,0,0,0,2,2,0.170244048512944,0
test_id,DS05_id,2,45,HPT_eff_mod,1,0,0,-0.00925431158695507,0,0,0,0,2,2,0.162468870959777,0
test_id,DS05_id,2,45,fan_eff_mod,2,0,0,-0,0,0,0,0,2,2,0.162468870959777,0
test_id,DS05_id,2,45,fan_flow_mod,3,0,0,-0,0,0,0,0,2,2,0.162468870959777,0
test_id,DS05_id,2,45,HPC_eff_mod,4,0,-0.0907360459570668,-0.0655014764564721,1,1,2,2,2,2,0.162468870959777,0
test_id,DS05_id,2,45,HPC_flow_mod,5,0,-0.0344834427782897,-0.0238764082757841,1,1,2,1,2,2,0.162468870959777,0
test_id,DS05_id,2,45,LPT_eff_mod,6,0,0,-0.0133882666262677,0,0,0,0,2,2,0.162468870959777,0
test_id,DS05_id,2,45,LPT_flow_mod,7,0,0,-0.00861802326605928,0,0,0,0,2,2,0.162468870959777,0
test_id,DS05_id,2,45,LPC_eff_mod,8,0,0,-0.010015872882622,0,1,0,1,2,2,0.162468870959777,0
test_id,DS05_id,2,45,LPC_flow_mod,9,0,0,-0,0,0,0,0,2,2,0.162468870959777,0
test_id,DS05_id,2,46,HPT_eff_mod,1,0,0,-0.00925431158695507,0,0,0,0,2,2,0.158841105985434,0
test_id,DS05_id,2,46,fan_eff_mod,2,0,0,-0,0,0,0,0,2,2,0.158841105985434,0
test_id,DS05_id,2,46,fan_flow_mod,3,0,0,-0,0,0,0,0,2,2,0.158841105985434,0
test_id,DS05_id,2,46,HPC_eff_mod,4,0,-0.107408375202331,-0.0890730717540978,1,1,2,2,2,2,0.158841105985434,0
test_id,DS05_id,2,46,HPC_flow_mod,5,0,-0.0251947989861541,-0.0238764082757841,1,1,2,1,2,2,0.158841105985434,0
test_id,DS05_id,2,46,LPT_eff_mod,6,0,0,-0.0133882666262677,0,0,0,0,2,2,0.158841105985434,0
test_id,DS05_id,2,46,LPT_flow_mod,7,0,0,-0.00861802326605928,0,0,0,0,2,2,0.158841105985434,0
test_id,DS05_id,2,46,LPC_eff_mod,8,0,0,-0.010928265581477,0,1,0,1,2,2,0.158841105985434,0
test_id,DS05_id,2,46,LPC_flow_mod,9,0,0,-0,0,0,0,0,2,2,0.158841105985434,0
test_id,DS05_id,2,47,HPT_eff_mod,1,0,0,-0.00925431158695507,0,0,0,0,2,2,0.128717205405069,0
test_id,DS05_id,2,47,fan_eff_mod,2,0,0,-0,0,0,0,0,2,2,0.128717205405069,0
test_id,DS05_id,2,47,fan_flow_mod,3,0,0,-0,0,0,0,0,2,2,0.128717205405069,0
test_id,DS05_id,2,47,HPC_eff_mod,4,0,-0.111394462067704,-0.095585062427975,1,1,2,2,2,2,0.128717205405069,0
test_id,DS05_id,2,47,HPC_flow_mod,5,0,-0.0279011446176195,-0.0269250573447736,1,1,2,1,2,2,0.128717205405069,0
test_id,DS05_id,2,47,LPT_eff_mod,6,0,0,-0.0133882666262677,0,0,0,0,2,2,0.128717205405069,0
test_id,DS05_id,2,47,LPT_flow_mod,7,0,0,-0.00861802326605928,0,0,0,0,2,2,0.128717205405069,0
test_id,DS05_id,2,47,LPC_eff_mod,8,0,0,-0.0130869951243638,0,1,0,1,2,2,0.128717205405069,0
test_id,DS05_id,2,47,LPC_flow_mod,9,0,0,-0,0,0,0,0,2,2,0.128717205405069,0
test_id,DS05_id,2,48,HPT_eff_mod,1,0,0,-0.00925431158695507,0,0,0,0,2,2,0.183862060844659,0
test_id,DS05_id,2,48,fan_eff_mod,2,0,0,-0,0,0,0,0,2,2,0.183862060844659,0
test_id,DS05_id,2,48,fan_flow_mod,3,0,0,-0,0,0,0,0,2,2,0.183862060844659,0
test_id,DS05_id,2,48,HPC_eff_mod,4,0,-0.114889288801183,-0.095585062427975,1,1,2,2,2,2,0.183862060844659,0
test_id,DS05_id,2,48,HPC_flow_mod,5,0,-0.0319617072093815,-0.0269800584340556,1,1,2,1,2,2,0.183862060844659,0
test_id,DS05_id,2,48,LPT_eff_mod,6,0,0,-0.0133882666262677,0,0,0,0,2,2,0.183862060844659,0
test_id,DS05_id,2,48,LPT_flow_mod,7,0,0,-0.00861802326605928,0,0,0,0,2,2,0.183862060844659,0
test_id,DS05_id,2,48,LPC_eff_mod,8,0,0,-0.0130869951243638,0,1,0,1,2,2,0.183862060844659,0
test_id,DS05_id,2,48,LPC_flow_mod,9,0,0,-0,0,0,0,0,2,2,0.183862060844659,0
test_id,DS05_id,2,49,HPT_eff_mod,1,0,0,-0.00925431158695507,0,0,0,0,2,2,0.153413140925064,0
test_id,DS05_id,2,49,fan_eff_mod,2,0,0,-0,0,0,0,0,2,2,0.153413140925064,0
test_id,DS05_id,2,49,fan_flow_mod,3,0,0,-0,0,0,0,0,2,2,0.153413140925064,0
test_id,DS05_id,2,49,HPC_eff_mod,4,0,-0.127652161416783,-0.10593379899902,1,1,2,2,2,2,0.153413140925064,0
test_id,DS05_id,2,49,HPC_flow_mod,5,0,-0.0322110822743475,-0.0269800584340556,1,1,2,1,2,2,0.153413140925064,0
test_id,DS05_id,2,49,LPT_eff_mod,6,0,0,-0.0133882666262677,0,0,0,0,2,2,0.153413140925064,0
test_id,DS05_id,2,49,LPT_flow_mod,7,0,0,-0.00861802326605928,0,0,0,0,2,2,0.153413140925064,0
test_id,DS05_id,2,49,LPC_eff_mod,8,0,0,-0.0130869951243638,0,1,0,1,2,2,0.153413140925064,0
test_id,DS05_id,2,49,LPC_flow_mod,9,0,0,-0,0,0,0,0,2,2,0.153413140925064,0
test_id,DS05_id,2,50,HPT_eff_mod,1,0,0,-0.00925431158695507,0,0,0,0,2,2,0.213300062714512,0
test_id,DS05_id,2,50,fan_eff_mod,2,0,0,-0,0,0,0,0,2,2,0.213300062714512,0
test_id,DS05_id,2,50,fan_flow_mod,3,0,0,-0,0,0,0,0,2,2,0.213300062714512,0
test_id,DS05_id,2,50,HPC_eff_mod,4,0,-0.132393173335453,-0.10593379899902,1,1,2,2,2,2,0.213300062714512,0
test_id,DS05_id,2,50,HPC_flow_mod,5,0,-0.0355115283926196,-0.0269800584340556,1,1,2,1,2,2,0.213300062714512,0
test_id,DS05_id,2,50,LPT_eff_mod,6,0,0,-0.0133882666262677,0,0,0,0,2,2,0.213300062714512,0
test_id,DS05_id,2,50,LPT_flow_mod,7,0,0,-0.00861802326605928,0,0,0,0,2,2,0.213300062714512,0
test_id,DS05_id,2,50,LPC_eff_mod,8,0,0,-0.0130869951243638,0,1,0,1,2,2,0.213300062714512,0
test_id,DS05_id,2,50,LPC_flow_mod,9,0,0,-0,0,0,0,0,2,2,0.213300062714512,0
test_id,DS05_id,2,51,HPT_eff_mod,1,0,0,-0.00925431158695507,0,0,0,0,2,2,0.201581962392243,0
test_id,DS05_id,2,51,fan_eff_mod,2,0,0,-0,0,0,0,0,2,2,0.201581962392243,0
test_id,DS05_id,2,51,fan_flow_mod,3,0,0,-0,0,0,0,0,2,2,0.201581962392243,0
test_id,DS05_id,2,51,HPC_eff_mod,4,0,-0.139491463963093,-0.115973654689054,1,1,2,2,2,2,0.201581962392243,0
test_id,DS05_id,2,51,HPC_flow_mod,5,0,-0.0375622747802837,-0.0347107092255184,1,1,2,2,2,2,0.201581962392243,0
test_id,DS05_id,2,51,LPT_eff_mod,6,0,0,-0.0133882666262677,0,0,0,0,2,2,0.201581962392243,0
test_id,DS05_id,2,51,LPT_flow_mod,7,0,0,-0.00861802326605928,0,0,0,0,2,2,0.201581962392243,0
test_id,DS05_id,2,51,LPC_eff_mod,8,0,0,-0.0130869951243638,0,1,0,1,2,2,0.201581962392243,0
test_id,DS05_id,2,51,LPC_flow_mod,9,0,0,-0,0,0,0,0,2,2,0.201581962392243,0
test_id,DS05_id,2,52,HPT_eff_mod,1,0,0,-0.00925431158695507,0,0,0,0,2,2,0.21185605841831,0
test_id,DS05_id,2,52,fan_eff_mod,2,0,0,-0,0,0,0,0,2,2,0.21185605841831,0
test_id,DS05_id,2,52,fan_flow_mod,3,0,0,-0,0,0,0,0,2,2,0.21185605841831,0
test_id,DS05_id,2,52,HPC_eff_mod,4,0,-0.144555835181509,-0.124572153120366,1,1,2,2,2,2,0.21185605841831,0
test_id,DS05_id,2,52,HPC_flow_mod,5,0,-0.0399107720397292,-0.0363620621997184,1,1,2,2,2,2,0.21185605841831,0
test_id,DS05_id,2,52,LPT_eff_mod,6,0,0,-0.0133882666262677,0,0,0,0,2,2,0.21185605841831,0
test_id,DS05_id,2,52,LPT_flow_mod,7,0,0,-0.00861802326605928,0,0,0,0,2,2,0.21185605841831,0
test_id,DS05_id,2,52,LPC_eff_mod,8,0,0,-0.0130869951243638,0,1,0,1,2,2,0.21185605841831,0
test_id,DS05_id,2,52,LPC_flow_mod,9,0,0,-0,0,0,0,0,2,2,0.21185605841831,0
test_id,DS05_id,2,53,HPT_eff_mod,1,0,0,-0.00925431158695507,0,0,0,0,2,2,0.138344819615266,0
test_id,DS05_id,2,53,fan_eff_mod,2,0,0,-0,0,0,0,0,2,2,0.138344819615266,0
test_id,DS05_id,2,53,fan_flow_mod,3,0,0,-0,0,0,0,0,2,2,0.138344819615266,0
test_id,DS05_id,2,53,HPC_eff_mod,4,0,-0.165524441050333,-0.138920112858325,1,1,2,2,2,2,0.138344819615266,0
test_id,DS05_id,2,53,HPC_flow_mod,5,0,-0.0496431071368936,-0.0424220768209983,1,1,2,2,2,2,0.138344819615266,0
test_id,DS05_id,2,53,LPT_eff_mod,6,0,0,-0.0133882666262677,0,0,0,0,2,2,0.138344819615266,0
test_id,DS05_id,2,53,LPT_flow_mod,7,0,0,-0.00861802326605928,0,0,0,0,2,2,0.138344819615266,0
test_id,DS05_id,2,53,LPC_eff_mod,8,0,0,-0.0130869951243638,0,1,0,1,2,2,0.138344819615266,0
test_id,DS05_id,2,53,LPC_flow_mod,9,0,0,-0,0,0,0,0,2,2,0.138344819615266,0
test_id,DS05_id,2,54,HPT_eff_mod,1,0,0,-0.00925431158695507,0,0,0,0,2,2,0.191369274135409,0
test_id,DS05_id,2,54,fan_eff_mod,2,0,0,-0,0,0,0,0,2,2,0.191369274135409,0
test_id,DS05_id,2,54,fan_flow_mod,3,0,0,-0,0,0,0,0,2,2,0.191369274135409,0
test_id,DS05_id,2,54,HPC_eff_mod,4,0,-0.172573352031572,-0.138920112858325,1,1,2,2,2,2,0.191369274135409,0
test_id,DS05_id,2,54,HPC_flow_mod,5,0,-0.0501825629530402,-0.0424220768209983,1,1,2,2,2,2,0.191369274135409,0
test_id,DS05_id,2,54,LPT_eff_mod,6,0,0,-0.0133882666262677,0,0,0,0,2,2,0.191369274135409,0
test_id,DS05_id,2,54,LPT_flow_mod,7,0,0,-0.00861802326605928,0,0,0,0,2,2,0.191369274135409,0
test_id,DS05_id,2,54,LPC_eff_mod,8,0,0,-0.0130869951243638,0,1,0,1,2,2,0.191369274135409,0
test_id,DS05_id,2,54,LPC_flow_mod,9,0,0,-0,0,0,0,0,2,2,0.191369274135409,0
test_id,DS05_id,2,55,HPT_eff_mod,1,0,0,-0.0124783816956954,0,0,0,0,2,2,0.12385273062637,0
test_id,DS05_id,2,55,fan_eff_mod,2,0,0,-0,0,0,0,0,2,2,0.12385273062637,0
test_id,DS05_id,2,55,fan_flow_mod,3,0,0,-0,0,0,0,0,2,2,0.12385273062637,0
test_id,DS05_id,2,55,HPC_eff_mod,4,0,-0.182122234601048,-0.146882223231107,1,1,2,2,2,2,0.12385273062637,0
test_id,DS05_id,2,55,HPC_flow_mod,5,0,-0.0555449071860293,-0.0463517740320624,1,1,2,2,2,2,0.12385273062637,0
test_id,DS05_id,2,55,LPT_eff_mod,6,0,0,-0.0133882666262677,0,0,0,0,2,2,0.12385273062637,0
test_id,DS05_id,2,55,LPT_flow_mod,7,0,0,-0.00861802326605928,0,0,0,0,2,2,0.12385273062637,0
test_id,DS05_id,2,55,LPC_eff_mod,8,0,0,-0.0130869951243638,0,1,0,1,2,2,0.12385273062637,0
test_id,DS05_id,2,55,LPC_flow_mod,9,0,0,-0,0,0,0,0,2,2,0.12385273062637,0
test_id,DS05_id,2,56,HPT_eff_mod,1,0,0,-0.0124783816956954,0,0,0,0,2,2,0.148082173886361,0
test_id,DS05_id,2,56,fan_eff_mod,2,0,0,-0,0,0,0,0,2,2,0.148082173886361,0
test_id,DS05_id,2,56,fan_flow_mod,3,0,0,-0,0,0,0,0,2,2,0.148082173886361,0
test_id,DS05_id,2,56,HPC_eff_mod,4,0,-0.196732903117235,-0.180188732921594,1,1,2,2,2,2,0.148082173886361,0
test_id,DS05_id,2,56,HPC_flow_mod,5,0,-0.0548721428985961,-0.0522360436264792,1,1,2,2,2,2,0.148082173886361,0
test_id,DS05_id,2,56,LPT_eff_mod,6,0,0,-0.0133882666262677,0,0,0,0,2,2,0.148082173886361,0
test_id,DS05_id,2,56,LPT_flow_mod,7,0,0,-0.00861802326605928,0,0,0,0,2,2,0.148082173886361,0
test_id,DS05_id,2,56,LPC_eff_mod,8,0,0,-0.0130869951243638,0,1,0,1,2,2,0.148082173886361,0
test_id,DS05_id,2,56,LPC_flow_mod,9,0,0,-0,0,0,0,0,2,2,0.148082173886361,0
test_id,DS05_id,2,57,HPT_eff_mod,1,0,0,-0.0124783816956954,0,0,0,0,3,2,0.130013013881921,0
test_id,DS05_id,2,57,fan_eff_mod,2,0,0,-0,0,0,0,0,3,2,0.130013013881921,0
test_id,DS05_id,2,57,fan_flow_mod,3,0,0,-0,0,0,0,0,3,2,0.130013013881921,0
test_id,DS05_id,2,57,HPC_eff_mod,4,0,-0.214654304959888,-0.186877885871433,1,1,3,2,3,2,0.130013013881921,0
test_id,DS05_id,2,57,HPC_flow_mod,5,0,-0.0584735659140036,-0.0522360436264792,1,1,2,2,3,2,0.130013013881921,0
test_id,DS05_id,2,57,LPT_eff_mod,6,0,0,-0.0133882666262677,0,0,0,0,3,2,0.130013013881921,0
test_id,DS05_id,2,57,LPT_flow_mod,7,0,0,-0.00861802326605928,0,0,0,0,3,2,0.130013013881921,0
test_id,DS05_id,2,57,LPC_eff_mod,8,0,0,-0.0130869951243638,0,1,0,1,3,2,0.130013013881921,0
test_id,DS05_id,2,57,LPC_flow_mod,9,0,0,-0,0,0,0,0,3,2,0.130013013881921,0
test_id,DS05_id,2,58,HPT_eff_mod,1,0,0,-0.0124783816956954,0,0,0,0,3,2,0.141101643160928,0
test_id,DS05_id,2,58,fan_eff_mod,2,0,0,-0,0,0,0,0,3,2,0.141101643160928,0
test_id,DS05_id,2,58,fan_flow_mod,3,0,0,-0,0,0,0,0,3,2,0.141101643160928,0
test_id,DS05_id,2,58,HPC_eff_mod,4,0,-0.226435148851941,-0.189830500945808,1,1,3,2,3,2,0.141101643160928,0
test_id,DS05_id,2,58,HPC_flow_mod,5,0,-0.0696449607788962,-0.0577542203070121,1,1,2,2,3,2,0.141101643160928,0
test_id,DS05_id,2,58,LPT_eff_mod,6,0,0,-0.0156856125642094,0,0,0,0,3,2,0.141101643160928,0
test_id,DS05_id,2,58,LPT_flow_mod,7,0,0,-0.00861802326605928,0,0,0,0,3,2,0.141101643160928,0
test_id,DS05_id,2,58,LPC_eff_mod,8,0,0,-0.0130869951243638,0,1,0,1,3,2,0.141101643160928,0
test_id,DS05_id,2,58,LPC_flow_mod,9,0,0,-0,0,0,0,0,3,2,0.141101643160928,0
test_id,DS05_id,2,59,HPT_eff_mod,1,0,0,-0.0124783816956954,0,0,0,0,3,3,0.199278518983372,0
test_id,DS05_id,2,59,fan_eff_mod,2,0,0,-0,0,0,0,0,3,3,0.199278518983372,0
test_id,DS05_id,2,59,fan_flow_mod,3,0,0,-0,0,0,0,0,3,3,0.199278518983372,0
test_id,DS05_id,2,59,HPC_eff_mod,4,0,-0.233233826292479,-0.210415183051525,1,1,3,3,3,3,0.199278518983372,0
test_id,DS05_id,2,59,HPC_flow_mod,5,0,-0.0641063688436857,-0.0602053115176085,1,1,2,2,3,3,0.199278518983372,0
test_id,DS05_id,2,59,LPT_eff_mod,6,0,0,-0.0156856125642094,0,0,0,0,3,3,0.199278518983372,0
test_id,DS05_id,2,59,LPT_flow_mod,7,0,0,-0.00861802326605928,0,0,0,0,3,3,0.199278518983372,0
test_id,DS05_id,2,59,LPC_eff_mod,8,0,0,-0.0163106901365285,0,1,0,1,3,3,0.199278518983372,0
test_id,DS05_id,2,59,LPC_flow_mod,9,0,0,-0,0,0,0,0,3,3,0.199278518983372,0
test_id,DS05_id,2,60,HPT_eff_mod,1,0,0,-0.0129280216795912,0,0,0,0,3,3,0.238460335299364,0
test_id,DS05_id,2,60,fan_eff_mod,2,0,0,-0,0,0,0,0,3,3,0.238460335299364,0
test_id,DS05_id,2,60,fan_flow_mod,3,0,0,-0,0,0,0,0,3,3,0.238460335299364,0
test_id,DS05_id,2,60,HPC_eff_mod,4,0,-0.261056831093326,-0.226199174264925,1,1,3,3,3,3,0.238460335299364,0
test_id,DS05_id,2,60,HPC_flow_mod,5,0,-0.0697462978804913,-0.0602053115176085,1,1,2,2,3,3,0.238460335299364,0
test_id,DS05_id,2,60,LPT_eff_mod,6,0,0,-0.0156856125642094,0,0,0,0,3,3,0.238460335299364,0
test_id,DS05_id,2,60,LPT_flow_mod,7,0,0,-0.0106275603967829,0,0,0,0,3,3,0.238460335299364,0
test_id,DS05_id,2,60,LPC_eff_mod,8,0,0,-0.0163106901365285,0,1,0,1,3,3,0.238460335299364,0
test_id,DS05_id,2,60,LPC_flow_mod,9,0,0,-0,0,0,0,0,3,3,0.238460335299364,0
test_id,DS05_id,2,61,HPT_eff_mod,1,0,0,-0.0129280216795912,0,0,0,0,3,3,0.252261073039562,0
test_id,DS05_id,2,61,fan_eff_mod,2,0,0,-0,0,0,0,0,3,3,0.252261073039562,0
test_id,DS05_id,2,61,fan_flow_mod,3,0,0,-0,0,0,0,0,3,3,0.252261073039562,0
test_id,DS05_id,2,61,HPC_eff_mod,4,0,-0.274323275224503,-0.237710712992723,1,1,3,3,3,3,0.252261073039562,0
test_id,DS05_id,2,61,HPC_flow_mod,5,0,-0.0838081878887142,-0.0662732593399114,1,1,2,2,3,3,0.252261073039562,0
test_id,DS05_id,2,61,LPT_eff_mod,6,0,0,-0.0156856125642094,0,0,0,0,3,3,0.252261073039562,0
test_id,DS05_id,2,61,LPT_flow_mod,7,0,0,-0.0106275603967829,0,0,0,0,3,3,0.252261073039562,0
test_id,DS05_id,2,61,LPC_eff_mod,8,0,0,-0.0163106901365285,0,1,0,1,3,3,0.252261073039562,0
test_id,DS05_id,2,61,LPC_flow_mod,9,0,0,-0,0,0,0,0,3,3,0.252261073039562,0
test_id,DS05_id,2,62,HPT_eff_mod,1,0,0,-0.0129280216795912,0,0,0,0,3,3,0.161284409658252,0
test_id,DS05_id,2,62,fan_eff_mod,2,0,0,-0,0,0,0,0,3,3,0.161284409658252,0
test_id,DS05_id,2,62,fan_flow_mod,3,0,0,-0,0,0,0,0,3,3,0.161284409658252,0
test_id,DS05_id,2,62,HPC_eff_mod,4,0,-0.298956649138445,-0.249601382518217,1,1,3,3,3,3,0.161284409658252,0
test_id,DS05_id,2,62,HPC_flow_mod,5,0,-0.0760610512212124,-0.0662732593399114,1,1,2,2,3,3,0.161284409658252,0
test_id,DS05_id,2,62,LPT_eff_mod,6,0,0,-0.0156856125642094,0,1,0,1,3,3,0.161284409658252,0
test_id,DS05_id,2,62,LPT_flow_mod,7,0,0,-0.0140082807930933,0,0,0,0,3,3,0.161284409658252,0
test_id,DS05_id,2,62,LPC_eff_mod,8,0,0,-0.0163106901365285,0,1,0,1,3,3,0.161284409658252,0
test_id,DS05_id,2,62,LPC_flow_mod,9,0,0,-0,0,0,0,0,3,3,0.161284409658252,0
test_id,DS05_id,2,63,HPT_eff_mod,1,0,0,-0.0129280216795912,0,0,0,0,3,3,0.204282516714205,0
test_id,DS05_id,2,63,fan_eff_mod,2,0,0,-0,0,0,0,0,3,3,0.204282516714205,0
test_id,DS05_id,2,63,fan_flow_mod,3,0,0,-0,0,0,0,0,3,3,0.204282516714205,0
test_id,DS05_id,2,63,HPC_eff_mod,4,0,-0.308993837864584,-0.285096562594684,1,1,3,3,3,3,0.204282516714205,0
test_id,DS05_id,2,63,HPC_flow_mod,5,0,-0.0885088463834975,-0.0865276172005325,1,1,2,2,3,3,0.204282516714205,0
test_id,DS05_id,2,63,LPT_eff_mod,6,0,0,-0.0156856125642094,0,1,0,1,3,3,0.204282516714205,0
test_id,DS05_id,2,63,LPT_flow_mod,7,0,0,-0.0140082807930933,0,0,0,0,3,3,0.204282516714205,0
test_id,DS05_id,2,63,LPC_eff_mod,8,0,0,-0.0171037024395187,0,1,0,1,3,3,0.204282516714205,0
test_id,DS05_id,2,63,LPC_flow_mod,9,0,0,-0,0,0,0,0,3,3,0.204282516714205,0
test_id,DS05_id,2,64,HPT_eff_mod,1,0,0,-0.0129280216795912,0,1,0,1,3,3,0.233602919857096,0
test_id,DS05_id,2,64,fan_eff_mod,2,0,0,-0,0,0,0,0,3,3,0.233602919857096,0
test_id,DS05_id,2,64,fan_flow_mod,3,0,0,-0,0,0,0,0,3,3,0.233602919857096,0
test_id,DS05_id,2,64,HPC_eff_mod,4,0,-0.337106410342755,-0.302613558573396,1,1,3,3,3,3,0.233602919857096,0
test_id,DS05_id,2,64,HPC_flow_mod,5,0,-0.092866698688435,-0.0914337095747366,1,1,2,2,3,3,0.233602919857096,0
test_id,DS05_id,2,64,LPT_eff_mod,6,0,0,-0.0156856125642094,0,1,0,1,3,3,0.233602919857096,0
test_id,DS05_id,2,64,LPT_flow_mod,7,0,0,-0.0140082807930933,0,0,0,0,3,3,0.233602919857096,0
test_id,DS05_id,2,64,LPC_eff_mod,8,0,0,-0.0171037024395187,0,1,0,1,3,3,0.233602919857096,0
test_id,DS05_id,2,64,LPC_flow_mod,9,0,0,-0,0,0,0,0,3,3,0.233602919857096,0
test_id,DS05_id,2,65,HPT_eff_mod,1,0,0,-0.0129280216795912,0,1,0,1,3,3,0.203789165191539,0
test_id,DS05_id,2,65,fan_eff_mod,2,0,0,-0,0,0,0,0,3,3,0.203789165191539,0
test_id,DS05_id,2,65,fan_flow_mod,3,0,0,-0,0,0,0,0,3,3,0.203789165191539,0
test_id,DS05_id,2,65,HPC_eff_mod,4,0,-0.350310523901838,-0.316210720390637,1,1,3,3,3,3,0.203789165191539,0
test_id,DS05_id,2,65,HPC_flow_mod,5,0,-0.101532907678636,-0.0931786436560124,1,1,2,2,3,3,0.203789165191539,0
test_id,DS05_id,2,65,LPT_eff_mod,6,0,0,-0.0156856125642094,0,1,0,1,3,3,0.203789165191539,0
test_id,DS05_id,2,65,LPT_flow_mod,7,0,0,-0.0173371507568772,0,0,0,0,3,3,0.203789165191539,0
test_id,DS05_id,2,65,LPC_eff_mod,8,0,0,-0.0171037024395187,0,1,0,1,3,3,0.203789165191539,0
test_id,DS05_id,2,65,LPC_flow_mod,9,0,0,-0,0,0,0,0,3,3,0.203789165191539,0
test_id,DS05_id,2,66,HPT_eff_mod,1,0,0,-0.0129280216795912,0,1,0,1,3,3,0.23511628470793,0
test_id,DS05_id,2,66,fan_eff_mod,2,0,0,-0,0,0,0,0,3,3,0.23511628470793,0
test_id,DS05_id,2,66,fan_flow_mod,3,0,0,-0,0,0,0,0,3,3,0.23511628470793,0
test_id,DS05_id,2,66,HPC_eff_mod,4,0,-0.376900896523562,-0.340364967166609,1,1,3,3,3,3,0.23511628470793,0
test_id,DS05_id,2,66,HPC_flow_mod,5,0,-0.102780884087445,-0.0933719632617487,1,1,2,2,3,3,0.23511628470793,0
test_id,DS05_id,2,66,LPT_eff_mod,6,0,0,-0.0156856125642094,0,1,0,1,3,3,0.23511628470793,0
test_id,DS05_id,2,66,LPT_flow_mod,7,0,0,-0.0173371507568772,0,0,0,0,3,3,0.23511628470793,0
test_id,DS05_id,2,66,LPC_eff_mod,8,0,0,-0.0171037024395187,0,1,0,1,3,3,0.23511628470793,0
test_id,DS05_id,2,66,LPC_flow_mod,9,0,0,-0.00108874376353171,0,0,0,0,3,3,0.23511628470793,0
test_id,DS05_id,2,67,HPT_eff_mod,1,0,0,-0.0129280216795912,0,1,0,1,3,3,0.243301443639987,0
test_id,DS05_id,2,67,fan_eff_mod,2,0,0,-0,0,0,0,0,3,3,0.243301443639987,0
test_id,DS05_id,2,67,fan_flow_mod,3,0,0,-0,0,0,0,0,3,3,0.243301443639987,0
test_id,DS05_id,2,67,HPC_eff_mod,4,0,-0.411373775267642,-0.370402445267828,1,1,3,3,3,3,0.243301443639987,0
test_id,DS05_id,2,67,HPC_flow_mod,5,0,-0.111618626694527,-0.101493763780748,1,1,2,2,3,3,0.243301443639987,0
test_id,DS05_id,2,67,LPT_eff_mod,6,0,0,-0.0156856125642094,0,1,0,1,3,3,0.243301443639987,0
test_id,DS05_id,2,67,LPT_flow_mod,7,0,0,-0.0173371507568772,0,0,0,0,3,3,0.243301443639987,0
test_id,DS05_id,2,67,LPC_eff_mod,8,0,0,-0.0171037024395187,0,1,0,1,3,3,0.243301443639987,0
test_id,DS05_id,2,67,LPC_flow_mod,9,0,0,-0.00108874376353171,0,0,0,0,3,3,0.243301443639987,0
test_id,DS05_id,2,68,HPT_eff_mod,1,0,0,-0.0129280216795912,0,1,0,1,3,3,0.209879353737118,0
test_id,DS05_id,2,68,fan_eff_mod,2,0,0,-0,0,0,0,0,3,3,0.209879353737118,0
test_id,DS05_id,2,68,fan_flow_mod,3,0,0,-0,0,0,0,0,3,3,0.209879353737118,0
test_id,DS05_id,2,68,HPC_eff_mod,4,0,-0.43057173660994,-0.408293572615161,1,1,3,3,3,3,0.209879353737118,0
test_id,DS05_id,2,68,HPC_flow_mod,5,0,-0.117006900677652,-0.113773873064769,1,1,2,2,3,3,0.209879353737118,0
test_id,DS05_id,2,68,LPT_eff_mod,6,0,0,-0.0156856125642094,0,1,0,1,3,3,0.209879353737118,0
test_id,DS05_id,2,68,LPT_flow_mod,7,0,0,-0.0173371507568772,0,0,0,0,3,3,0.209879353737118,0
test_id,DS05_id,2,68,LPC_eff_mod,8,0,0,-0.0192184443077138,0,1,0,1,3,3,0.209879353737118,0
test_id,DS05_id,2,68,LPC_flow_mod,9,0,0,-0.00108874376353171,0,0,0,0,3,3,0.209879353737118,0
test_id,DS05_id,2,69,HPT_eff_mod,1,0,0,-0.0129280216795912,0,1,0,1,3,3,0.284879070199228,0
test_id,DS05_id,2,69,fan_eff_mod,2,0,0,-0,0,0,0,0,3,3,0.284879070199228,0
test_id,DS05_id,2,69,fan_flow_mod,3,0,0,-0,0,0,0,0,3,3,0.284879070199228,0
test_id,DS05_id,2,69,HPC_eff_mod,4,0,-0.456316786541628,-0.409944590243263,1,1,3,3,3,3,0.284879070199228,0
test_id,DS05_id,2,69,HPC_flow_mod,5,0,-0.12593334389989,-0.114589641040236,1,1,2,2,3,3,0.284879070199228,0
test_id,DS05_id,2,69,LPT_eff_mod,6,0,0,-0.0156856125642094,0,1,0,1,3,3,0.284879070199228,0
test_id,DS05_id,2,69,LPT_flow_mod,7,0,0,-0.0173371507568772,0,0,0,0,3,3,0.284879070199228,0
test_id,DS05_id,2,69,LPC_eff_mod,8,0,0,-0.0192184443077138,0,1,0,1,3,3,0.284879070199228,0
test_id,DS05_id,2,69,LPC_flow_mod,9,0,0,-0.00269911713679593,0,0,0,0,3,3,0.284879070199228,0
test_id,DS05_id,2,70,HPT_eff_mod,1,0,0,-0.0129280216795912,0,1,0,1,3,3,0.302775130287463,0
test_id,DS05_id,2,70,fan_eff_mod,2,0,0,-0,0,0,0,0,3,3,0.302775130287463,0
test_id,DS05_id,2,70,fan_flow_mod,3,0,0,-0,0,0,0,0,3,3,0.302775130287463,0
test_id,DS05_id,2,70,HPC_eff_mod,4,0,-0.486953509686087,-0.422107386653161,1,1,3,3,3,3,0.302775130287463,0
test_id,DS05_id,2,70,HPC_flow_mod,5,0,-0.12943980998202,-0.119267524006746,1,1,2,2,3,3,0.302775130287463,0
test_id,DS05_id,2,70,LPT_eff_mod,6,0,0,-0.0156856125642094,0,1,0,1,3,3,0.302775130287463,0
test_id,DS05_id,2,70,LPT_flow_mod,7,0,0,-0.0173371507568772,0,0,0,0,3,3,0.302775130287463,0
test_id,DS05_id,2,70,LPC_eff_mod,8,0,0,-0.0192184443077138,0,1,0,1,3,3,0.302775130287463,0
test_id,DS05_id,2,70,LPC_flow_mod,9,0,0,-0.00435022473907536,0,0,0,0,3,3,0.302775130287463,0
test_id,DS05_id,2,71,HPT_eff_mod,1,0,0,-0.0272246709779596,0,1,0,1,3,3,0.220473798874246,0
test_id,DS05_id,2,71,fan_eff_mod,2,0,0,-0,0,0,0,0,3,3,0.220473798874246,0
test_id,DS05_id,2,71,fan_flow_mod,3,0,0,-0,0,0,0,0,3,3,0.220473798874246,0
test_id,DS05_id,2,71,HPC_eff_mod,4,0,-0.523370549897156,-0.458333385895099,1,1,3,3,3,3,0.220473798874246,0
test_id,DS05_id,2,71,HPC_flow_mod,5,0,-0.145456196730913,-0.131626291066447,1,1,2,2,3,3,0.220473798874246,0
test_id,DS05_id,2,71,LPT_eff_mod,6,0,0,-0.0156856125642094,0,1,0,1,3,3,0.220473798874246,0
test_id,DS05_id,2,71,LPT_flow_mod,7,0,0,-0.0173371507568772,0,0,0,0,3,3,0.220473798874246,0
test_id,DS05_id,2,71,LPC_eff_mod,8,0,0,-0.0192184443077138,0,1,0,1,3,3,0.220473798874246,0
test_id,DS05_id,2,71,LPC_flow_mod,9,0,0,-0.00435022473907536,0,0,0,0,3,3,0.220473798874246,0
test_id,DS05_id,2,72,HPT_eff_mod,1,0,0,-0.0298557140847069,0,1,0,1,3,3,0.317801810460412,0
test_id,DS05_id,2,72,fan_eff_mod,2,0,0,-0,0,0,0,0,3,3,0.317801810460412,0
test_id,DS05_id,2,72,fan_flow_mod,3,0,0,-0,0,0,0,0,3,3,0.317801810460412,0
test_id,DS05_id,2,72,HPC_eff_mod,4,0,-0.554462269752144,-0.526984498055763,1,1,3,3,3,3,0.317801810460412,0
test_id,DS05_id,2,72,HPC_flow_mod,5,0,-0.149946440892786,-0.146837535735241,1,1,2,2,3,3,0.317801810460412,0
test_id,DS05_id,2,72,LPT_eff_mod,6,0,0,-0.0156856125642094,0,1,0,1,3,3,0.317801810460412,0
test_id,DS05_id,2,72,LPT_flow_mod,7,0,0,-0.0230254427959822,0,0,0,0,3,3,0.317801810460412,0
test_id,DS05_id,2,72,LPC_eff_mod,8,0,0,-0.0367539894208644,0,1,0,2,3,3,0.317801810460412,0
test_id,DS05_id,2,72,LPC_flow_mod,9,0,0,-0.00435022473907536,0,0,0,0,3,3,0.317801810460412,0
test_id,DS05_id,2,73,HPT_eff_mod,1,0,0,-0.0298557140847069,0,1,0,1,3,3,0.301424475174829,0
test_id,DS05_id,2,73,fan_eff_mod,2,0,0,-0,0,0,0,0,3,3,0.301424475174829,0
test_id,DS05_id,2,73,fan_flow_mod,3,0,0,-0,0,0,0,0,3,3,0.301424475174829,0
test_id,DS05_id,2,73,HPC_eff_mod,4,0,-0.589865969521036,-0.546615643962196,1,1,3,3,3,3,0.301424475174829,0
test_id,DS05_id,2,73,HPC_flow_mod,5,0,-0.157395732789729,-0.147298803341117,1,1,2,2,3,3,0.301424475174829,0
test_id,DS05_id,2,73,LPT_eff_mod,6,0,0,-0.0156856125642094,0,1,0,1,3,3,0.301424475174829,0
test_id,DS05_id,2,73,LPT_flow_mod,7,0,0,-0.0230254427959822,0,0,0,0,3,3,0.301424475174829,0
test_id,DS05_id,2,73,LPC_eff_mod,8,0,0,-0.0367539894208644,0,1,0,2,3,3,0.301424475174829,0
test_id,DS05_id,2,73,LPC_flow_mod,9,0,0,-0.00435022473907536,0,0,0,0,3,3,0.301424475174829,0
test_id,DS05_id,2,74,HPT_eff_mod,1,0,0,-0.0298557140847069,0,1,0,1,3,3,0.38075581551356,0
test_id,DS05_id,2,74,fan_eff_mod,2,0,0,-0,0,0,0,0,3,3,0.38075581551356,0
test_id,DS05_id,2,74,fan_flow_mod,3,0,0,-0,0,0,0,0,3,3,0.38075581551356,0
test_id,DS05_id,2,74,HPC_eff_mod,4,0,-0.628527103830187,-0.56094162461441,1,1,3,3,3,3,0.38075581551356,0
test_id,DS05_id,2,74,HPC_flow_mod,5,0,-0.168630811539741,-0.157869711514477,1,1,2,2,3,3,0.38075581551356,0
test_id,DS05_id,2,74,LPT_eff_mod,6,0,0,-0.0156856125642094,0,1,0,1,3,3,0.38075581551356,0
test_id,DS05_id,2,74,LPT_flow_mod,7,0,0,-0.0230254427959822,0,0,0,0,3,3,0.38075581551356,0
test_id,DS05_id,2,74,LPC_eff_mod,8,0,0,-0.0367539894208644,0,1,0,2,3,3,0.38075581551356,0
test_id,DS05_id,2,74,LPC_flow_mod,9,0,0,-0.00435022473907536,0,0,0,0,3,3,0.38075581551356,0
test_id,DS05_id,2,75,HPT_eff_mod,1,0,0,-0.0298557140847069,0,1,0,1,3,3,0.371520699042529,0
test_id,DS05_id,2,75,fan_eff_mod,2,0,0,-0,0,0,0,0,3,3,0.371520699042529,0
test_id,DS05_id,2,75,fan_flow_mod,3,0,0,-0,0,0,0,0,3,3,0.371520699042529,0
test_id,DS05_id,2,75,HPC_eff_mod,4,0,-0.668526989183115,-0.631291492538067,1,1,3,3,3,3,0.371520699042529,0
test_id,DS05_id,2,75,HPC_flow_mod,5,0,-0.178181916446591,-0.167637051748423,1,1,2,2,3,3,0.371520699042529,0
test_id,DS05_id,2,75,LPT_eff_mod,6,0,0,-0.0156856125642094,0,1,0,1,3,3,0.371520699042529,0
test_id,DS05_id,2,75,LPT_flow_mod,7,0,0,-0.034304287036172,0,0,0,0,3,3,0.371520699042529,0
test_id,DS05_id,2,75,LPC_eff_mod,8,0,0,-0.0367539894208644,0,1,0,2,3,3,0.371520699042529,0
test_id,DS05_id,2,75,LPC_flow_mod,9,0,0,-0.00435022473907536,0,0,0,0,3,3,0.371520699042529,0
test_id,DS05_id,2,76,HPT_eff_mod,1,0,0,-0.0298557140847069,0,1,0,1,3,3,0.365783265771702,0
test_id,DS05_id,2,76,fan_eff_mod,2,0,0,-0.00133134005796312,0,0,0,0,3,3,0.365783265771702,0
test_id,DS05_id,2,76,fan_flow_mod,3,0,0,-0,0,0,0,0,3,3,0.365783265771702,0
test_id,DS05_id,2,76,HPC_eff_mod,4,0,-0.714850854493812,-0.660030945380662,1,1,3,3,3,3,0.365783265771702,0
test_id,DS05_id,2,76,HPC_flow_mod,5,0,-0.188587763807656,-0.178971219474231,1,1,2,2,3,3,0.365783265771702,0
test_id,DS05_id,2,76,LPT_eff_mod,6,0,0,-0.0164816172277895,0,1,0,1,3,3,0.365783265771702,0
test_id,DS05_id,2,76,LPT_flow_mod,7,0,0,-0.034304287036172,0,1,0,2,3,3,0.365783265771702,0
test_id,DS05_id,2,76,LPC_eff_mod,8,0,0,-0.0367539894208644,0,1,0,2,3,3,0.365783265771702,0
test_id,DS05_id,2,76,LPC_flow_mod,9,0,0,-0.0207570342601211,0,0,0,0,3,3,0.365783265771702,0
test_id,DS05_id,2,77,HPT_eff_mod,1,0,0,-0.0298557140847069,0,1,0,1,3,3,0.374446485410149,0
test_id,DS05_id,2,77,fan_eff_mod,2,0,0,-0.00133134005796312,0,0,0,0,3,3,0.374446485410149,0
test_id,DS05_id,2,77,fan_flow_mod,3,0,0,-0,0,0,0,0,3,3,0.374446485410149,0
test_id,DS05_id,2,77,HPC_eff_mod,4,0,-0.763731055572798,-0.691736593439041,1,1,3,3,3,3,0.374446485410149,0
test_id,DS05_id,2,77,HPC_flow_mod,5,0,-0.199978906572798,-0.182084748533253,1,1,2,2,3,3,0.374446485410149,0
test_id,DS05_id,2,77,LPT_eff_mod,6,0,0,-0.0164816172277895,0,1,0,1,3,3,0.374446485410149,0
test_id,DS05_id,2,77,LPT_flow_mod,7,0,0,-0.034304287036172,0,1,0,2,3,3,0.374446485410149,0
test_id,DS05_id,2,77,LPC_eff_mod,8,0,0,-0.0367539894208644,0,1,0,2,3,3,0.374446485410149,0
test_id,DS05_id,2,77,LPC_flow_mod,9,0,0,-0.0250869678785816,0,0,0,0,3,3,0.374446485410149,0
test_id,DS05_id,2,78,HPT_eff_mod,1,0,0,-0.0298557140847069,0,1,0,1,3,3,0.428635073888944,0
test_id,DS05_id,2,78,fan_eff_mod,2,0,0,-0.00133134005796312,0,0,0,0,3,3,0.428635073888944,0
test_id,DS05_id,2,78,fan_flow_mod,3,0,0,-0,0,0,0,0,3,3,0.428635073888944,0
test_id,DS05_id,2,78,HPC_eff_mod,4,0,-0.815625340248902,-0.75393236466477,1,1,3,3,3,3,0.428635073888944,0
test_id,DS05_id,2,78,HPC_flow_mod,5,0,-0.21295787503051,-0.201269686203314,1,1,3,2,3,3,0.428635073888944,0
test_id,DS05_id,2,78,LPT_eff_mod,6,0,0,-0.0269673565495896,0,1,0,1,3,3,0.428635073888944,0
test_id,DS05_id,2,78,LPT_flow_mod,7,0,0,-0.034304287036172,0,1,0,2,3,3,0.428635073888944,0
test_id,DS05_id,2,78,LPC_eff_mod,8,0,0,-0.0424473987027834,0,1,0,2,3,3,0.428635073888944,0
test_id,DS05_id,2,78,LPC_flow_mod,9,0,0,-0.0250869678785816,0,0,0,0,3,3,0.428635073888944,0
test_id,DS05_id,2,79,HPT_eff_mod,1,0,0,-0.0298557140847069,0,1,0,1,3,3,0.43930445514284,0
test_id,DS05_id,2,79,fan_eff_mod,2,0,0,-0.00133134005796312,0,0,0,0,3,3,0.43930445514284,0
test_id,DS05_id,2,79,fan_flow_mod,3,0,0,-0,0,0,0,0,3,3,0.43930445514284,0
test_id,DS05_id,2,79,HPC_eff_mod,4,0,-0.858784374172179,-0.75393236466477,1,1,3,3,3,3,0.43930445514284,0
test_id,DS05_id,2,79,HPC_flow_mod,5,0,-0.217188501635588,-0.201269686203314,1,1,3,2,3,3,0.43930445514284,0
test_id,DS05_id,2,79,LPT_eff_mod,6,0,0,-0.0338634024850546,0,1,0,2,3,3,0.43930445514284,0
test_id,DS05_id,2,79,LPT_flow_mod,7,0,0,-0.034304287036172,0,1,0,2,3,3,0.43930445514284,0
test_id,DS05_id,2,79,LPC_eff_mod,8,0,0,-0.0424473987027834,0,1,0,2,3,3,0.43930445514284,0
test_id,DS05_id,2,79,LPC_flow_mod,9,0,0,-0.0343116514872269,0,0,0,0,3,3,0.43930445514284,0
test_id,DS05_id,2,80,HPT_eff_mod,1,0,0,-0.0298557140847069,0,1,0,1,3,3,0.505732902156846,1
test_id,DS05_id,2,80,fan_eff_mod,2,0,0,-0.00133134005796312,0,0,0,0,3,3,0.505732902156846,1
test_id,DS05_id,2,80,fan_flow_mod,3,0,0,-0,0,0,0,0,3,3,0.505732902156846,1
test_id,DS05_id,2,80,HPC_eff_mod,4,0,-0.924913454970418,-0.861214135042269,1,1,3,3,3,3,0.505732902156846,1
test_id,DS05_id,2,80,HPC_flow_mod,5,0,-0.234887070858839,-0.222784479150472,1,1,3,3,3,3,0.505732902156846,1
test_id,DS05_id,2,80,LPT_eff_mod,6,0,0,-0.0338634024850546,0,1,0,2,3,3,0.505732902156846,1
test_id,DS05_id,2,80,LPT_flow_mod,7,0,0,-0.0651133054815662,0,1,0,2,3,3,0.505732902156846,1
test_id,DS05_id,2,80,LPC_eff_mod,8,0,0,-0.0610329023535572,0,1,0,2,3,3,0.505732902156846,1
test_id,DS05_id,2,80,LPC_flow_mod,9,0,0,-0.0343116514872269,0,1,0,2,3,3,0.505732902156846,1
test_id,DS07_id,1,1,HPT_eff_mod,1,1,0,-0,0,0,0,0,0,0,0.0997954214514346,0
test_id,DS07_id,1,1,fan_eff_mod,2,1,0,-0,0,0,0,0,0,0,0.0997954214514346,0
test_id,DS07_id,1,1,fan_flow_mod,3,1,0,-0,0,0,0,0,0,0,0.0997954214514346,0
test_id,DS07_id,1,1,HPC_eff_mod,4,1,0,-0,0,0,0,0,0,0,0.0997954214514346,0
test_id,DS07_id,1,1,HPC_flow_mod,5,1,0,-0,0,0,0,0,0,0,0.0997954214514346,0
test_id,DS07_id,1,1,LPT_eff_mod,6,1,0.00157909709488987,-0,0,0,0,0,0,0,0.0997954214514346,0
test_id,DS07_id,1,1,LPT_flow_mod,7,1,0.000794682075005067,-0,0,0,0,0,0,0,0.0997954214514346,0
test_id,DS07_id,1,1,LPC_eff_mod,8,1,0,-0,0,0,0,0,0,0,0.0997954214514346,0
test_id,DS07_id,1,1,LPC_flow_mod,9,1,0,-0,0,0,0,0,0,0,0.0997954214514346,0
test_id,DS07_id,1,2,HPT_eff_mod,1,1,0,-0,0,0,0,0,0,0,0.0753430874479152,0
test_id,DS07_id,1,2,fan_eff_mod,2,1,0,-0,0,0,0,0,0,0,0.0753430874479152,0
test_id,DS07_id,1,2,fan_flow_mod,3,1,0,-0,0,0,0,0,0,0,0.0753430874479152,0
test_id,DS07_id,1,2,HPC_eff_mod,4,1,0,-0,0,0,0,0,0,0,0.0753430874479152,0
test_id,DS07_id,1,2,HPC_flow_mod,5,1,0,-0,0,0,0,0,0,0,0.0753430874479152,0
test_id,DS07_id,1,2,LPT_eff_mod,6,1,-0.00332287885708551,-0,0,0,0,0,0,0,0.0753430874479152,0
test_id,DS07_id,1,2,LPT_flow_mod,7,1,0.00116935707685476,-0,0,0,0,0,0,0,0.0753430874479152,0
test_id,DS07_id,1,2,LPC_eff_mod,8,1,0,-0,0,0,0,0,0,0,0.0753430874479152,0
test_id,DS07_id,1,2,LPC_flow_mod,9,1,0,-0.00135935168955841,0,0,0,0,0,0,0.0753430874479152,0
test_id,DS07_id,1,3,HPT_eff_mod,1,1,0,-0,0,0,0,0,0,0,0.155854599927689,0
test_id,DS07_id,1,3,fan_eff_mod,2,1,0,-0,0,0,0,0,0,0,0.155854599927689,0
test_id,DS07_id,1,3,fan_flow_mod,3,1,0,-0,0,0,0,0,0,0,0.155854599927689,0
test_id,DS07_id,1,3,HPC_eff_mod,4,1,0,-0,0,0,0,0,0,0,0.155854599927689,0
test_id,DS07_id,1,3,HPC_flow_mod,5,1,0,-0,0,0,0,0,0,0,0.155854599927689,0
test_id,DS07_id,1,3,LPT_eff_mod,6,1,0.00174378176219542,-0,0,0,0,0,0,0,0.155854599927689,0
test_id,DS07_id,1,3,LPT_flow_mod,7,1,-0.00196403915185984,-0,0,0,0,0,0,0,0.155854599927689,0
test_id,DS07_id,1,3,LPC_eff_mod,8,1,0,-0,0,0,0,0,0,0,0.155854599927689,0
test_id,DS07_id,1,3,LPC_flow_mod,9,1,0,-0.00165649216632102,0,0,0,0,0,0,0.155854599927689,0
test_id,DS07_id,1,4,HPT_eff_mod,1,1,0,-0,0,0,0,0,0,0,0.212596110236705,0
test_id,DS07_id,1,4,fan_eff_mod,2,1,0,-0,0,0,0,0,0,0,0.212596110236705,0
test_id,DS07_id,1,4,fan_flow_mod,3,1,0,-0,0,0,0,0,0,0,0.212596110236705,0
test_id,DS07_id,1,4,HPC_eff_mod,4,1,0,-0,0,0,0,0,0,0,0.212596110236705,0
test_id,DS07_id,1,4,HPC_flow_mod,5,1,0,-0,0,0,0,0,0,0,0.212596110236705,0
test_id,DS07_id,1,4,LPT_eff_mod,6,1,0.00246614769439451,-0,0,0,0,0,0,0,0.212596110236705,0
test_id,DS07_id,1,4,LPT_flow_mod,7,1,-0.00411250543419605,-0,0,0,0,0,0,0,0.212596110236705,0
test_id,DS07_id,1,4,LPC_eff_mod,8,1,0,-0,0,0,0,0,0,0,0.212596110236705,0
test_id,DS07_id,1,4,LPC_flow_mod,9,1,0,-0.00165649216632102,0,0,0,0,0,0,0.212596110236705,0
test_id,DS07_id,1,5,HPT_eff_mod,1,1,0,-0,0,0,0,0,0,0,0.162751164613111,0
test_id,DS07_id,1,5,fan_eff_mod,2,1,0,-5.3292029560457e-05,0,0,0,0,0,0,0.162751164613111,0
test_id,DS07_id,1,5,fan_flow_mod,3,1,0,-0,0,0,0,0,0,0,0.162751164613111,0
test_id,DS07_id,1,5,HPC_eff_mod,4,1,0,-0,0,0,0,0,0,0,0.162751164613111,0
test_id,DS07_id,1,5,HPC_flow_mod,5,1,0,-0,0,0,0,0,0,0,0.162751164613111,0
test_id,DS07_id,1,5,LPT_eff_mod,6,1,-0.00548269025468589,-0,0,0,0,0,0,0,0.162751164613111,0
test_id,DS07_id,1,5,LPT_flow_mod,7,1,-4.54319026800767e-05,-0,0,0,0,0,0,0,0.162751164613111,0
test_id,DS07_id,1,5,LPC_eff_mod,8,1,0,-0,0,0,0,0,0,0,0.162751164613111,0
test_id,DS07_id,1,5,LPC_flow_mod,9,1,0,-0.00165649216632102,0,0,0,0,0,0,0.162751164613111,0
test_id,DS07_id,1,6,HPT_eff_mod,1,1,0,-0,0,0,0,0,0,0,0.147641333149786,0
test_id,DS07_id,1,6,fan_eff_mod,2,1,0,-5.3292029560457e-05,0,0,0,0,0,0,0.147641333149786,0
test_id,DS07_id,1,6,fan_flow_mod,3,1,0,-0,0,0,0,0,0,0,0.147641333149786,0
test_id,DS07_id,1,6,HPC_eff_mod,4,1,0,-0,0,0,0,0,0,0,0.147641333149786,0
test_id,DS07_id,1,6,HPC_flow_mod,5,1,0,-0,0,0,0,0,0,0,0.147641333149786,0
test_id,DS07_id,1,6,LPT_eff_mod,6,1,-0.00367540331311314,-0,0,0,0,0,0,0,0.147641333149786,0
test_id,DS07_id,1,6,LPT_flow_mod,7,1,0.000725405368931528,-0,0,0,0,0,0,0,0.147641333149786,0
test_id,DS07_id,1,6,LPC_eff_mod,8,1,0,-0,0,0,0,0,0,0,0.147641333149786,0
test_id,DS07_id,1,6,LPC_flow_mod,9,1,0,-0.00165649216632102,0,0,0,0,0,0,0.147641333149786,0
test_id,DS07_id,1,7,HPT_eff_mod,1,1,0,-0,0,0,0,0,0,0,0.10408389876147,0
test_id,DS07_id,1,7,fan_eff_mod,2,1,0,-5.3292029560457e-05,0,0,0,0,0,0,0.10408389876147,0
test_id,DS07_id,1,7,fan_flow_mod,3,1,0,-0,0,0,0,0,0,0,0.10408389876147,0
test_id,DS07_id,1,7,HPC_eff_mod,4,1,0,-0,0,0,0,0,0,0,0.10408389876147,0
test_id,DS07_id,1,7,HPC_flow_mod,5,1,0,-0,0,0,0,0,0,0,0.10408389876147,0
test_id,DS07_id,1,7,LPT_eff_mod,6,1,-0.00188383270957352,-0,0,0,0,0,0,0,0.10408389876147,0
test_id,DS07_id,1,7,LPT_flow_mod,7,1,0.00121670929773231,-0,0,0,0,0,0,0,0.10408389876147,0
test_id,DS07_id,1,7,LPC_eff_mod,8,1,0,-0,0,0,0,0,0,0,0.10408389876147,0
test_id,DS07_id,1,7,LPC_flow_mod,9,1,0,-0.00165649216632102,0,0,0,0,0,0,0.10408389876147,0
test_id,DS07_id,1,8,HPT_eff_mod,1,1,0,-0,0,0,0,0,0,0,0.1100453889304,0
test_id,DS07_id,1,8,fan_eff_mod,2,1,0,-5.3292029560457e-05,0,0,0,0,0,0,0.1100453889304,0
test_id,DS07_id,1,8,fan_flow_mod,3,1,0,-0,0,0,0,0,0,0,0.1100453889304,0
test_id,DS07_id,1,8,HPC_eff_mod,4,1,0,-0,0,0,0,0,0,0,0.1100453889304,0
test_id,DS07_id,1,8,HPC_flow_mod,5,1,0,-0,0,0,0,0,0,0,0.1100453889304,0
test_id,DS07_id,1,8,LPT_eff_mod,6,1,0.0018562578603986,-0,0,0,0,0,0,0,0.1100453889304,0
test_id,DS07_id,1,8,LPT_flow_mod,7,1,-0.000379004074208696,-0,0,0,0,0,0,0,0.1100453889304,0
test_id,DS07_id,1,8,LPC_eff_mod,8,1,0,-0,0,0,0,0,0,0,0.1100453889304,0
test_id,DS07_id,1,8,LPC_flow_mod,9,1,0,-0.00165649216632102,0,0,0,0,0,0,0.1100453889304,0
test_id,DS07_id,1,9,HPT_eff_mod,1,1,0,-0.00139442453797213,0,0,0,0,0,0,0.14961939693587,0
test_id,DS07_id,1,9,fan_eff_mod,2,1,0,-5.3292029560457e-05,0,0,0,0,0,0,0.14961939693587,0
test_id,DS07_id,1,9,fan_flow_mod,3,1,0,-0,0,0,0,0,0,0,0.14961939693587,0
test_id,DS07_id,1,9,HPC_eff_mod,4,1,0,-0.000781163229621977,0,0,0,0,0,0,0.14961939693587,0
test_id,DS07_id,1,9,HPC_flow_mod,5,1,0,-0,0,0,0,0,0,0,0.14961939693587,0
test_id,DS07_id,1,9,LPT_eff_mod,6,1,-0.00466240991048185,-0.00028208207793579,0,0,0,0,0,0,0.14961939693587,0
test_id,DS07_id,1,9,LPT_flow_mod,7,1,-0.00830812718702873,-0,0,0,0,0,0,0,0.14961939693587,0
test_id,DS07_id,1,9,LPC_eff_mod,8,1,0,-0,0,0,0,0,0,0,0.14961939693587,0
test_id,DS07_id,1,9,LPC_flow_mod,9,1,0,-0.00165649216632102,0,0,0,0,0,0,0.14961939693587,0
test_id,DS07_id,1,10,HPT_eff_mod,1,1,0,-0.00139442453797213,0,0,0,0,0,0,0.132478391368168,0
test_id,DS07_id,1,10,fan_eff_mod,2,1,0,-5.3292029560457e-05,0,0,0,0,0,0,0.132478391368168,0
test_id,DS07_id,1,10,fan_flow_mod,3,1,0,-0,0,0,0,0,0,0,0.132478391368168,0
test_id,DS07_id,1,10,HPC_eff_mod,4,1,0,-0.000781163229621977,0,0,0,0,0,0,0.132478391368168,0
test_id,DS07_id,1,10,HPC_flow_mod,5,1,0,-0,0,0,0,0,0,0,0.132478391368168,0
test_id,DS07_id,1,10,LPT_eff_mod,6,1,-0.000285913092516135,-0.00028208207793579,0,0,0,0,0,0,0.132478391368168,0
test_id,DS07_id,1,10,LPT_flow_mod,7,1,-0.00801223702924093,-0.000476850031433988,0,0,0,0,0,0,0.132478391368168,0
test_id,DS07_id,1,10,LPC_eff_mod,8,1,0,-0,0,0,0,0,0,0,0.132478391368168,0
test_id,DS07_id,1,10,LPC_flow_mod,9,1,0,-0.00165649216632102,0,0,0,0,0,0,0.132478391368168,0
test_id,DS07_id,1,11,HPT_eff_mod,1,1,0,-0.00139442453797213,0,0,0,0,0,0,0.119415326357016,0
test_id,DS07_id,1,11,fan_eff_mod,2,1,0,-5.3292029560457e-05,0,0,0,0,0,0,0.119415326357016,0
test_id,DS07_id,1,11,fan_flow_mod,3,1,0,-0,0,0,0,0,0,0,0.119415326357016,0
test_id,DS07_id,1,11,HPC_eff_mod,4,1,0,-0.000781163229621977,0,0,0,0,0,0,0.119415326357016,0
test_id,DS07_id,1,11,HPC_flow_mod,5,1,0,-0,0,0,0,0,0,0,0.119415326357016,0
test_id,DS07_id,1,11,LPT_eff_mod,6,1,-0.00486612836847138,-0.00028208207793579,0,0,0,0,0,0,0.119415326357016,0
test_id,DS07_id,1,11,LPT_flow_mod,7,1,-0.000889055548928083,-0.000476850031433988,0,0,0,0,0,0,0.119415326357016,0
test_id,DS07_id,1,11,LPC_eff_mod,8,1,0,-0,0,0,0,0,0,0,0.119415326357016,0
test_id,DS07_id,1,11,LPC_flow_mod,9,1,0,-0.00165649216632102,0,0,0,0,0,0,0.119415326357016,0
test_id,DS07_id,1,12,HPT_eff_mod,1,1,0,-0.00232234632161368,0,0,0,0,0,0,0.0766560440058179,0
test_id,DS07_id,1,12,fan_eff_mod,2,1,0,-5.3292029560457e-05,0,0,0,0,0,0,0.0766560440058179,0
test_id,DS07_id,1,12,fan_flow_mod,3,1,0,-0,0,0,0,0,0,0,0.0766560440058179,0
test_id,DS07_id,1,12,HPC_eff_mod,4,1,0,-0.000781163229621977,0,0,0,0,0,0,0.0766560440058179,0
test_id,DS07_id,1,12,HPC_flow_mod,5,1,0,-0,0,0,0,0,0,0,0.0766560440058179,0
test_id,DS07_id,1,12,LPT_eff_mod,6,1,-0.00477804538112466,-0.00028208207793579,0,0,0,0,0,0,0.0766560440058179,0
test_id,DS07_id,1,12,LPT_flow_mod,7,1,-0.00743788205108051,-0.000476850031433988,0,0,0,0,0,0,0.0766560440058179,0
test_id,DS07_id,1,12,LPC_eff_mod,8,1,0,-0,0,0,0,0,0,0,0.0766560440058179,0
test_id,DS07_id,1,12,LPC_flow_mod,9,1,0,-0.00165649216632102,0,0,0,0,0,0,0.0766560440058179,0
test_id,DS07_id,1,13,HPT_eff_mod,1,1,0,-0.00232234632161368,0,0,0,0,0,0,0.087678894286817,0
test_id,DS07_id,1,13,fan_eff_mod,2,1,0,-5.3292029560457e-05,0,0,0,0,0,0,0.087678894286817,0
test_id,DS07_id,1,13,fan_flow_mod,3,1,0,-0,0,0,0,0,0,0,0.087678894286817,0
test_id,DS07_id,1,13,HPC_eff_mod,4,1,0,-0.000781163229621977,0,0,0,0,0,0,0.087678894286817,0
test_id,DS07_id,1,13,HPC_flow_mod,5,1,0,-0,0,0,0,0,0,0,0.087678894286817,0
test_id,DS07_id,1,13,LPT_eff_mod,6,1,-0.00801164324132693,-0.00101031514047347,0,0,0,0,0,0,0.087678894286817,0
test_id,DS07_id,1,13,LPT_flow_mod,7,1,-0.00809696252668669,-0.000476850031433988,0,0,0,0,0,0,0.087678894286817,0
test_id,DS07_id,1,13,LPC_eff_mod,8,1,0,-0,0,0,0,0,0,0,0.087678894286817,0
test_id,DS07_id,1,13,LPC_flow_mod,9,1,0,-0.00165649216632102,0,0,0,0,0,0,0.087678894286817,0
test_id,DS07_id,1,14,HPT_eff_mod,1,1,0,-0.00232234632161368,0,0,0,0,0,0,0.140375669058641,0
test_id,DS07_id,1,14,fan_eff_mod,2,1,0,-5.3292029560457e-05,0,0,0,0,0,0,0.140375669058641,0
test_id,DS07_id,1,14,fan_flow_mod,3,1,0,-0,0,0,0,0,0,0,0.140375669058641,0
test_id,DS07_id,1,14,HPC_eff_mod,4,1,0,-0.000781163229621977,0,0,0,0,0,0,0.140375669058641,0
test_id,DS07_id,1,14,HPC_flow_mod,5,1,0,-0,0,0,0,0,0,0,0.140375669058641,0
test_id,DS07_id,1,14,LPT_eff_mod,6,1,-0.000839098640707162,-0.00101031514047347,0,0,0,0,0,0,0.140375669058641,0
test_id,DS07_id,1,14,LPT_flow_mod,7,1,-0.00560662788243013,-0.000476850031433988,0,0,0,0,0,0,0.140375669058641,0
test_id,DS07_id,1,14,LPC_eff_mod,8,1,0,-0,0,0,0,0,0,0,0.140375669058641,0
test_id,DS07_id,1,14,LPC_flow_mod,9,1,0,-0.00165649216632102,0,0,0,0,0,0,0.140375669058641,0
test_id,DS07_id,1,15,HPT_eff_mod,1,1,0,-0.00232234632161368,0,0,0,0,0,0,0.18622610867706,0
test_id,DS07_id,1,15,fan_eff_mod,2,1,0,-5.3292029560457e-05,0,0,0,0,0,0,0.18622610867706,0
test_id,DS07_id,1,15,fan_flow_mod,3,1,0,-0,0,0,0,0,0,0,0.18622610867706,0
test_id,DS07_id,1,15,HPC_eff_mod,4,1,0,-0.000781163229621977,0,0,0,0,0,0,0.18622610867706,0
test_id,DS07_id,1,15,HPC_flow_mod,5,1,0,-0,0,0,0,0,0,0,0.18622610867706,0
test_id,DS07_id,1,15,LPT_eff_mod,6,1,-0.00406440817199837,-0.00101031514047347,0,0,0,0,0,0,0.18622610867706,0
test_id,DS07_id,1,15,LPT_flow_mod,7,1,-0.0112099829227536,-0.000476850031433988,0,0,0,0,0,0,0.18622610867706,0
test_id,DS07_id,1,15,LPC_eff_mod,8,1,0,-0,0,0,0,0,0,0,0.18622610867706,0
test_id,DS07_id,1,15,LPC_flow_mod,9,1,0,-0.00165649216632102,0,0,0,0,0,0,0.18622610867706,0
test_id,DS07_id,1,16,HPT_eff_mod,1,1,0,-0.00232234632161368,0,0,0,0,0,0,0.114011141321266,0
test_id,DS07_id,1,16,fan_eff_mod,2,1,0,-5.3292029560457e-05,0,0,0,0,0,0,0.114011141321266,0
test_id,DS07_id,1,16,fan_flow_mod,3,1,0,-0,0,0,0,0,0,0,0.114011141321266,0
test_id,DS07_id,1,16,HPC_eff_mod,4,1,0,-0.000781163229621977,0,0,0,0,0,0,0.114011141321266,0
test_id,DS07_id,1,16,HPC_flow_mod,5,1,0,-0,0,0,0,0,0,0,0.114011141321266,0
test_id,DS07_id,1,16,LPT_eff_mod,6,1,-0.00628911537052227,-0.00331866026093533,0,0,0,0,0,0,0.114011141321266,0
test_id,DS07_id,1,16,LPT_flow_mod,7,1,-0.0123828128960776,-0.000476850031433988,0,0,0,0,0,0,0.114011141321266,0
test_id,DS07_id,1,16,LPC_eff_mod,8,1,0,-0,0,0,0,0,0,0,0.114011141321266,0
test_id,DS07_id,1,16,LPC_flow_mod,9,1,0,-0.00165649216632102,0,0,0,0,0,0,0.114011141321266,0
test_id,DS07_id,1,17,HPT_eff_mod,1,1,0,-0.00484910396787746,0,0,0,0,0,0,0.105840341968169,0
test_id,DS07_id,1,17,fan_eff_mod,2,1,0,-5.3292029560457e-05,0,0,0,0,0,0,0.105840341968169,0
test_id,DS07_id,1,17,fan_flow_mod,3,1,0,-0,0,0,0,0,0,0,0.105840341968169,0
test_id,DS07_id,1,17,HPC_eff_mod,4,1,0,-0.000781163229621977,0,0,0,0,0,0,0.105840341968169,0
test_id,DS07_id,1,17,HPC_flow_mod,5,1,0,-0,0,0,0,0,0,0,0.105840341968169,0
test_id,DS07_id,1,17,LPT_eff_mod,6,1,-0.0101432568526807,-0.00356371417206603,0,0,0,0,0,0,0.105840341968169,0
test_id,DS07_id,1,17,LPT_flow_mod,7,1,-0.00748426901265375,-0.000476850031433988,0,0,0,0,0,0,0.105840341968169,0
test_id,DS07_id,1,17,LPC_eff_mod,8,1,0,-0,0,0,0,0,0,0,0.105840341968169,0
test_id,DS07_id,1,17,LPC_flow_mod,9,1,0,-0.00165649216632102,0,0,0,0,0,0,0.105840341968169,0
test_id,DS07_id,1,18,HPT_eff_mod,1,1,0,-0.00484910396787746,0,0,0,0,0,0,0.0837270163703408,0
test_id,DS07_id,1,18,fan_eff_mod,2,1,0,-5.3292029560457e-05,0,0,0,0,0,0,0.0837270163703408,0
test_id,DS07_id,1,18,fan_flow_mod,3,1,0,-0,0,0,0,0,0,0,0.0837270163703408,0
test_id,DS07_id,1,18,HPC_eff_mod,4,1,0,-0.000781163229621977,0,0,0,0,0,0,0.0837270163703408,0
test_id,DS07_id,1,18,HPC_flow_mod,5,1,0,-0,0,0,0,0,0,0,0.0837270163703408,0
test_id,DS07_id,1,18,LPT_eff_mod,6,1,-0.00647623098812358,-0.00356371417206603,0,0,0,0,0,0,0.0837270163703408,0
test_id,DS07_id,1,18,LPT_flow_mod,7,1,-0.0164844578826961,-0.000476850031433988,0,0,0,0,0,0,0.0837270163703408,0
test_id,DS07_id,1,18,LPC_eff_mod,8,1,0,-0,0,0,0,0,0,0,0.0837270163703408,0
test_id,DS07_id,1,18,LPC_flow_mod,9,1,0,-0.00165649216632102,0,0,0,0,0,0,0.0837270163703408,0
test_id,DS07_id,1,19,HPT_eff_mod,1,1,0,-0.00582327224740065,0,0,0,0,0,0,0.112664372731244,0
test_id,DS07_id,1,19,fan_eff_mod,2,1,0,-5.3292029560457e-05,0,0,0,0,0,0,0.112664372731244,0
test_id,DS07_id,1,19,fan_flow_mod,3,1,0,-0,0,0,0,0,0,0,0.112664372731244,0
test_id,DS07_id,1,19,HPC_eff_mod,4,1,0,-0.000781163229621977,0,0,0,0,0,0,0.112664372731244,0
test_id,DS07_id,1,19,HPC_flow_mod,5,1,0,-0,0,0,0,0,0,0,0.112664372731244,0
test_id,DS07_id,1,19,LPT_eff_mod,6,1,-0.00430291554173579,-0.00356371417206603,0,0,0,0,0,0,0.112664372731244,0
test_id,DS07_id,1,19,LPT_flow_mod,7,1,-0.0159502136709175,-0.000476850031433988,0,0,0,0,0,0,0.112664372731244,0
test_id,DS07_id,1,19,LPC_eff_mod,8,1,0,-0,0,0,0,0,0,0,0.112664372731244,0
test_id,DS07_id,1,19,LPC_flow_mod,9,1,0,-0.00165649216632102,0,0,0,0,0,0,0.112664372731244,0
test_id,DS07_id,1,20,HPT_eff_mod,1,1,0,-0.00582327224740065,0,0,0,0,0,0,0.120322235987528,0
test_id,DS07_id,1,20,fan_eff_mod,2,1,0,-5.3292029560457e-05,0,0,0,0,0,0,0.120322235987528,0
test_id,DS07_id,1,20,fan_flow_mod,3,1,0,-0,0,0,0,0,0,0,0.120322235987528,0
test_id,DS07_id,1,20,HPC_eff_mod,4,1,0,-0.000781163229621977,0,0,0,0,0,0,0.120322235987528,0
test_id,DS07_id,1,20,HPC_flow_mod,5,1,0,-0,0,0,0,0,0,0,0.120322235987528,0
test_id,DS07_id,1,20,LPT_eff_mod,6,1,-0.00909161803446834,-0.00356371417206603,0,0,0,0,0,0,0.120322235987528,0
test_id,DS07_id,1,20,LPT_flow_mod,7,1,-0.0180348987268375,-0.000476850031433988,0,0,0,0,0,0,0.120322235987528,0
test_id,DS07_id,1,20,LPC_eff_mod,8,1,0,-0,0,0,0,0,0,0,0.120322235987528,0
test_id,DS07_id,1,20,LPC_flow_mod,9,1,0,-0.00165649216632102,0,0,0,0,0,0,0.120322235987528,0
test_id,DS07_id,1,21,HPT_eff_mod,1,1,0,-0.00871944680596031,0,0,0,0,0,0,0.144774839700316,0
test_id,DS07_id,1,21,fan_eff_mod,2,1,0,-5.3292029560457e-05,0,0,0,0,0,0,0.144774839700316,0
test_id,DS07_id,1,21,fan_flow_mod,3,1,0,-0,0,0,0,0,0,0,0.144774839700316,0
test_id,DS07_id,1,21,HPC_eff_mod,4,1,0,-0.000781163229621977,0,0,0,0,0,0,0.144774839700316,0
test_id,DS07_id,1,21,HPC_flow_mod,5,1,0,-0,0,0,0,0,0,0,0.144774839700316,0
test_id,DS07_id,1,21,LPT_eff_mod,6,1,-0.0114175256827629,-0.00356371417206603,0,0,0,0,0,0,0.144774839700316,0
test_id,DS07_id,1,21,LPT_flow_mod,7,1,-0.0188095925027165,-0.000476850031433988,0,0,0,0,0,0,0.144774839700316,0
test_id,DS07_id,1,21,LPC_eff_mod,8,1,0,-0,0,0,0,0,0,0,0.144774839700316,0
test_id,DS07_id,1,21,LPC_flow_mod,9,1,0,-0.00165649216632102,0,0,0,0,0,0,0.144774839700316,0
test_id,DS07_id,1,22,HPT_eff_mod,1,1,0,-0.00871944680596031,0,0,0,0,0,0,0.12174958199472,0
test_id,DS07_id,1,22,fan_eff_mod,2,1,0,-5.3292029560457e-05,0,0,0,0,0,0,0.12174958199472,0
test_id,DS07_id,1,22,fan_flow_mod,3,1,0,-0,0,0,0,0,0,0,0.12174958199472,0
test_id,DS07_id,1,22,HPC_eff_mod,4,1,0,-0.000781163229621977,0,0,0,0,0,0,0.12174958199472,0
test_id,DS07_id,1,22,HPC_flow_mod,5,1,0,-0,0,0,0,0,0,0,0.12174958199472,0
test_id,DS07_id,1,22,LPT_eff_mod,6,1,-0.0139964617031026,-0.00356371417206603,0,0,0,0,0,0,0.12174958199472,0
test_id,DS07_id,1,22,LPT_flow_mod,7,1,-0.0166004786481242,-0.00257503825778518,0,0,0,0,0,0,0.12174958199472,0
test_id,DS07_id,1,22,LPC_eff_mod,8,1,0,-0,0,0,0,0,0,0,0.12174958199472,0
test_id,DS07_id,1,22,LPC_flow_mod,9,1,0,-0.00165649216632102,0,0,0,0,0,0,0.12174958199472,0
test_id,DS07_id,1,23,HPT_eff_mod,1,1,0,-0.00871944680596031,0,0,0,0,0,0,0.114409695648969,0
test_id,DS07_id,1,23,fan_eff_mod,2,1,0,-5.3292029560457e-05,0,0,0,0,0,0,0.114409695648969,0
test_id,DS07_id,1,23,fan_flow_mod,3,1,0,-0,0,0,0,0,0,0,0.114409695648969,0
test_id,DS07_id,1,23,HPC_eff_mod,4,1,0,-0.000781163229621977,0,0,0,0,0,0,0.114409695648969,0
test_id,DS07_id,1,23,HPC_flow_mod,5,1,0,-0,0,0,0,0,0,0,0.114409695648969,0
test_id,DS07_id,1,23,LPT_eff_mod,6,1,-0.00460207859612737,-0.00356371417206603,0,0,0,0,0,0,0.114409695648969,0
test_id,DS07_id,1,23,LPT_flow_mod,7,1,-0.0175487315392951,-0.00257503825778518,0,0,0,0,0,0,0.114409695648969,0
test_id,DS07_id,1,23,LPC_eff_mod,8,1,0,-0,0,0,0,0,0,0,0.114409695648969,0
test_id,DS07_id,1,23,LPC_flow_mod,9,1,0,-0.00165649216632102,0,0,0,0,0,0,0.114409695648969,0
test_id,DS07_id,1,24,HPT_eff_mod,1,0,0,-0.00871944680596031,0,0,0,0,1,0,0.193328832486525,0
test_id,DS07_id,1,24,fan_eff_mod,2,0,0,-5.3292029560457e-05,0,0,0,0,1,0,0.193328832486525,0
test_id,DS07_id,1,24,fan_flow_mod,3,0,0,-0,0,0,0,0,1,0,0.193328832486525,0
test_id,DS07_id,1,24,HPC_eff_mod,4,0,0,-0.000781163229621977,0,0,0,0,1,0,0.193328832486525,0
test_id,DS07_id,1,24,HPC_flow_mod,5,0,0,-0,0,0,0,0,1,0,0.193328832486525,0
test_id,DS07_id,1,24,LPT_eff_mod,6,0,-0.00598461252351149,-0.00356371417206603,1,0,1,0,1,0,0.193328832486525,0
test_id,DS07_id,1,24,LPT_flow_mod,7,0,-0.0156925175223914,-0.00257503825778518,1,0,1,0,1,0,0.193328832486525,0
test_id,DS07_id,1,24,LPC_eff_mod,8,0,0,-0,0,0,0,0,1,0,0.193328832486525,0
test_id,DS07_id,1,24,LPC_flow_mod,9,0,0,-0.00165649216632102,0,0,0,0,1,0,0.193328832486525,0
test_id,DS07_id,1,25,HPT_eff_mod,1,0,0,-0.00871944680596031,0,0,0,0,1,0,0.107209389856118,0
test_id,DS07_id,1,25,fan_eff_mod,2,0,0,-5.3292029560457e-05,0,0,0,0,1,0,0.107209389856118,0
test_id,DS07_id,1,25,fan_flow_mod,3,0,0,-0,0,0,0,0,1,0,0.107209389856118,0
test_id,DS07_id,1,25,HPC_eff_mod,4,0,0,-0.000781163229621977,0,0,0,0,1,0,0.107209389856118,0
test_id,DS07_id,1,25,HPC_flow_mod,5,0,0,-0,0,0,0,0,1,0,0.107209389856118,0
test_id,DS07_id,1,25,LPT_eff_mod,6,0,-0.00631329932121051,-0.00356371417206603,1,0,1,0,1,0,0.107209389856118,0
test_id,DS07_id,1,25,LPT_flow_mod,7,0,-0.0208731794989238,-0.00257503825778518,1,0,1,0,1,0,0.107209389856118,0
test_id,DS07_id,1,25,LPC_eff_mod,8,0,0,-0,0,0,0,0,1,0,0.107209389856118,0
test_id,DS07_id,1,25,LPC_flow_mod,9,0,0,-0.00165649216632102,0,0,0,0,1,0,0.107209389856118,0
test_id,DS07_id,1,26,HPT_eff_mod,1,0,0,-0.00871944680596031,0,0,0,0,1,0,0.105569870438219,0
test_id,DS07_id,1,26,fan_eff_mod,2,0,0,-5.3292029560457e-05,0,0,0,0,1,0,0.105569870438219,0
test_id,DS07_id,1,26,fan_flow_mod,3,0,0,-0,0,0,0,0,1,0,0.105569870438219,0
test_id,DS07_id,1,26,HPC_eff_mod,4,0,0,-0.000781163229621977,0,0,0,0,1,0,0.105569870438219,0
test_id,DS07_id,1,26,HPC_flow_mod,5,0,0,-0,0,0,0,0,1,0,0.105569870438219,0
test_id,DS07_id,1,26,LPT_eff_mod,6,0,-0.0110502327566196,-0.00356371417206603,1,0,1,0,1,0,0.105569870438219,0
test_id,DS07_id,1,26,LPT_flow_mod,7,0,-0.020719343805313,-0.00257503825778518,1,0,1,0,1,0,0.105569870438219,0
test_id,DS07_id,1,26,LPC_eff_mod,8,0,0,-0,0,0,0,0,1,0,0.105569870438219,0
test_id,DS07_id,1,26,LPC_flow_mod,9,0,0,-0.00165649216632102,0,0,0,0,1,0,0.105569870438219,0
test_id,DS07_id,1,27,HPT_eff_mod,1,0,0,-0.00871944680596031,0,0,0,0,1,0,0.109928756162983,0
test_id,DS07_id,1,27,fan_eff_mod,2,0,0,-0.000231863381299302,0,0,0,0,1,0,0.109928756162983,0
test_id,DS07_id,1,27,fan_flow_mod,3,0,0,-0,0,0,0,0,1,0,0.109928756162983,0
test_id,DS07_id,1,27,HPC_eff_mod,4,0,0,-0.000781163229621977,0,0,0,0,1,0,0.109928756162983,0
test_id,DS07_id,1,27,HPC_flow_mod,5,0,0,-0,0,0,0,0,1,0,0.109928756162983,0
test_id,DS07_id,1,27,LPT_eff_mod,6,0,-0.0126090387844731,-0.0070529711811847,1,0,1,0,1,0,0.109928756162983,0
test_id,DS07_id,1,27,LPT_flow_mod,7,0,-0.0151519177565369,-0.00257503825778518,1,0,1,0,1,0,0.109928756162983,0
test_id,DS07_id,1,27,LPC_eff_mod,8,0,0,-0,0,0,0,0,1,0,0.109928756162983,0
test_id,DS07_id,1,27,LPC_flow_mod,9,0,0,-0.00165649216632102,0,0,0,0,1,0,0.109928756162983,0
test_id,DS07_id,1,28,HPT_eff_mod,1,0,0,-0.00871944680596031,0,0,0,0,1,0,0.091896046691764,0
test_id,DS07_id,1,28,fan_eff_mod,2,0,0,-0.000231863381299302,0,0,0,0,1,0,0.091896046691764,0
test_id,DS07_id,1,28,fan_flow_mod,3,0,0,-0,0,0,0,0,1,0,0.091896046691764,0
test_id,DS07_id,1,28,HPC_eff_mod,4,0,0,-0.000781163229621977,0,0,0,0,1,0,0.091896046691764,0
test_id,DS07_id,1,28,HPC_flow_mod,5,0,0,-0,0,0,0,0,1,0,0.091896046691764,0
test_id,DS07_id,1,28,LPT_eff_mod,6,0,-0.0149880160320959,-0.0070529711811847,1,0,1,0,1,0,0.091896046691764,0
test_id,DS07_id,1,28,LPT_flow_mod,7,0,-0.017422897151973,-0.00257503825778518,1,0,1,0,1,0,0.091896046691764,0
test_id,DS07_id,1,28,LPC_eff_mod,8,0,0,-0,0,0,0,0,1,0,0.091896046691764,0
test_id,DS07_id,1,28,LPC_flow_mod,9,0,0,-0.00165649216632102,0,0,0,0,1,0,0.091896046691764,0
test_id,DS07_id,1,29,HPT_eff_mod,1,0,0,-0.0106134987072855,0,0,0,0,2,0,0.125505442210327,0
test_id,DS07_id,1,29,fan_eff_mod,2,0,0,-0.000231863381299302,0,0,0,0,2,0,0.125505442210327,0
test_id,DS07_id,1,29,fan_flow_mod,3,0,0,-0,0,0,0,0,2,0,0.125505442210327,0
test_id,DS07_id,1,29,HPC_eff_mod,4,0,0,-0.000781163229621977,0,0,0,0,2,0,0.125505442210327,0
test_id,DS07_id,1,29,HPC_flow_mod,5,0,0,-0,0,0,0,0,2,0,0.125505442210327,0
test_id,DS07_id,1,29,LPT_eff_mod,6,0,-0.0130299517095151,-0.0070529711811847,1,0,1,0,2,0,0.125505442210327,0
test_id,DS07_id,1,29,LPT_flow_mod,7,0,-0.030853280970399,-0.00257503825778518,1,0,2,0,2,0,0.125505442210327,0
test_id,DS07_id,1,29,LPC_eff_mod,8,0,0,-0,0,0,0,0,2,0,0.125505442210327,0
test_id,DS07_id,1,29,LPC_flow_mod,9,0,0,-0.00165649216632102,0,0,0,0,2,0,0.125505442210327,0
test_id,DS07_id,1,30,HPT_eff_mod,1,0,0,-0.0106134987072855,0,0,0,0,2,0,0.0972832184874114,0
test_id,DS07_id,1,30,fan_eff_mod,2,0,0,-0.000231863381299302,0,0,0,0,2,0,0.0972832184874114,0
test_id,DS07_id,1,30,fan_flow_mod,3,0,0,-0,0,0,0,0,2,0,0.0972832184874114,0
test_id,DS07_id,1,30,HPC_eff_mod,4,0,0,-0.000781163229621977,0,0,0,0,2,0,0.0972832184874114,0
test_id,DS07_id,1,30,HPC_flow_mod,5,0,0,-0,0,0,0,0,2,0,0.0972832184874114,0
test_id,DS07_id,1,30,LPT_eff_mod,6,0,-0.0142287703592592,-0.0070529711811847,1,0,1,0,2,0,0.0972832184874114,0
test_id,DS07_id,1,30,LPT_flow_mod,7,0,-0.0185391284073842,-0.00257503825778518,1,0,2,0,2,0,0.0972832184874114,0
test_id,DS07_id,1,30,LPC_eff_mod,8,0,0,-0,0,0,0,0,2,0,0.0972832184874114,0
test_id,DS07_id,1,30,LPC_flow_mod,9,0,0,-0.00165649216632102,0,0,0,0,2,0,0.0972832184874114,0
test_id,DS07_id,1,31,HPT_eff_mod,1,0,0,-0.0106134987072855,0,0,0,0,2,0,0.129603646449207,0
test_id,DS07_id,1,31,fan_eff_mod,2,0,0,-0.000231863381299302,0,0,0,0,2,0,0.129603646449207,0
test_id,DS07_id,1,31,fan_flow_mod,3,0,0,-0,0,0,0,0,2,0,0.129603646449207,0
test_id,DS07_id,1,31,HPC_eff_mod,4,0,0,-0.000781163229621977,0,0,0,0,2,0,0.129603646449207,0
test_id,DS07_id,1,31,HPC_flow_mod,5,0,0,-0,0,0,0,0,2,0,0.129603646449207,0
test_id,DS07_id,1,31,LPT_eff_mod,6,0,-0.0158768133674163,-0.0070529711811847,1,0,1,0,2,0,0.129603646449207,0
test_id,DS07_id,1,31,LPT_flow_mod,7,0,-0.0271562235589794,-0.00257503825778518,1,0,2,0,2,0,0.129603646449207,0
test_id,DS07_id,1,31,LPC_eff_mod,8,0,0,-0,0,0,0,0,2,0,0.129603646449207,0
test_id,DS07_id,1,31,LPC_flow_mod,9,0,0,-0.00165649216632102,0,0,0,0,2,0,0.129603646449207,0
test_id,DS07_id,1,32,HPT_eff_mod,1,0,0,-0.0110063161769975,0,0,0,0,2,0,0.0977950116939132,0
test_id,DS07_id,1,32,fan_eff_mod,2,0,0,-0.000663479956765315,0,0,0,0,2,0,0.0977950116939132,0
test_id,DS07_id,1,32,fan_flow_mod,3,0,0,-0,0,0,0,0,2,0,0.0977950116939132,0
test_id,DS07_id,1,32,HPC_eff_mod,4,0,0,-0.00164387809314198,0,0,0,0,2,0,0.0977950116939132,0
test_id,DS07_id,1,32,HPC_flow_mod,5,0,0,-0,0,0,0,0,2,0,0.0977950116939132,0
test_id,DS07_id,1,32,LPT_eff_mod,6,0,-0.0222761948462355,-0.0120166552555709,1,0,1,0,2,0,0.0977950116939132,0
test_id,DS07_id,1,32,LPT_flow_mod,7,0,-0.0274513641396484,-0.00257503825778518,1,0,2,0,2,0,0.0977950116939132,0
test_id,DS07_id,1,32,LPC_eff_mod,8,0,0,-0,0,0,0,0,2,0,0.0977950116939132,0
test_id,DS07_id,1,32,LPC_flow_mod,9,0,0,-0.00165649216632102,0,0,0,0,2,0,0.0977950116939132,0
test_id,DS07_id,1,33,HPT_eff_mod,1,0,0,-0.0136239495429809,0,0,0,0,2,0,0.137111299458702,0
test_id,DS07_id,1,33,fan_eff_mod,2,0,0,-0.000663479956765315,0,0,0,0,2,0,0.137111299458702,0
test_id,DS07_id,1,33,fan_flow_mod,3,0,0,-0,0,0,0,0,2,0,0.137111299458702,0
test_id,DS07_id,1,33,HPC_eff_mod,4,0,0,-0.00164387809314198,0,0,0,0,2,0,0.137111299458702,0
test_id,DS07_id,1,33,HPC_flow_mod,5,0,0,-0,0,0,0,0,2,0,0.137111299458702,0
test_id,DS07_id,1,33,LPT_eff_mod,6,0,-0.0245934247411938,-0.0120166552555709,1,0,1,0,2,0,0.137111299458702,0
test_id,DS07_id,1,33,LPT_flow_mod,7,0,-0.0307155711918552,-0.00257503825778518,1,0,2,0,2,0,0.137111299458702,0
test_id,DS07_id,1,33,LPC_eff_mod,8,0,0,-0,0,0,0,0,2,0,0.137111299458702,0
test_id,DS07_id,1,33,LPC_flow_mod,9,0,0,-0.00165649216632102,0,0,0,0,2,0,0.137111299458702,0
test_id,DS07_id,1,34,HPT_eff_mod,1,0,0,-0.0149111397050808,0,0,0,0,2,0,0.122151545946155,0
test_id,DS07_id,1,34,fan_eff_mod,2,0,0,-0.000663479956765315,0,0,0,0,2,0,0.122151545946155,0
test_id,DS07_id,1,34,fan_flow_mod,3,0,0,-0,0,0,0,0,2,0,0.122151545946155,0
test_id,DS07_id,1,34,HPC_eff_mod,4,0,0,-0.00164387809314198,0,0,0,0,2,0,0.122151545946155,0
test_id,DS07_id,1,34,HPC_flow_mod,5,0,0,-0,0,0,0,0,2,0,0.122151545946155,0
test_id,DS07_id,1,34,LPT_eff_mod,6,0,-0.0210664196492201,-0.0120166552555709,1,0,1,0,2,0,0.122151545946155,0
test_id,DS07_id,1,34,LPT_flow_mod,7,0,-0.0480289458641072,-0.0163068117070806,1,0,2,0,2,0,0.122151545946155,0
test_id,DS07_id,1,34,LPC_eff_mod,8,0,0,-0,0,0,0,0,2,0,0.122151545946155,0
test_id,DS07_id,1,34,LPC_flow_mod,9,0,0,-0.00165649216632102,0,0,0,0,2,0,0.122151545946155,0
test_id,DS07_id,1,35,HPT_eff_mod,1,0,0,-0.0149111397050808,0,0,0,0,2,0,0.130469993774115,0
test_id,DS07_id,1,35,fan_eff_mod,2,0,0,-0.000663479956765315,0,0,0,0,2,0,0.130469993774115,0
test_id,DS07_id,1,35,fan_flow_mod,3,0,0,-0,0,0,0,0,2,0,0.130469993774115,0
test_id,DS07_id,1,35,HPC_eff_mod,4,0,0,-0.00164387809314198,0,0,0,0,2,0,0.130469993774115,0
test_id,DS07_id,1,35,HPC_flow_mod,5,0,0,-0,0,0,0,0,2,0,0.130469993774115,0
test_id,DS07_id,1,35,LPT_eff_mod,6,0,-0.0367033511757951,-0.0120166552555709,1,0,2,0,2,0,0.130469993774115,0
test_id,DS07_id,1,35,LPT_flow_mod,7,0,-0.0436756151032363,-0.0163068117070806,1,0,2,0,2,0,0.130469993774115,0
test_id,DS07_id,1,35,LPC_eff_mod,8,0,0,-0,0,0,0,0,2,0,0.130469993774115,0
test_id,DS07_id,1,35,LPC_flow_mod,9,0,0,-0.00165649216632102,0,0,0,0,2,0,0.130469993774115,0
test_id,DS07_id,1,36,HPT_eff_mod,1,0,0,-0.0149111397050808,0,0,0,0,2,0,0.268740973255798,0
test_id,DS07_id,1,36,fan_eff_mod,2,0,0,-0.000663479956765315,0,0,0,0,2,0,0.268740973255798,0
test_id,DS07_id,1,36,fan_flow_mod,3,0,0,-0,0,0,0,0,2,0,0.268740973255798,0
test_id,DS07_id,1,36,HPC_eff_mod,4,0,0,-0.00164387809314198,0,0,0,0,2,0,0.268740973255798,0
test_id,DS07_id,1,36,HPC_flow_mod,5,0,0,-0,0,0,0,0,2,0,0.268740973255798,0
test_id,DS07_id,1,36,LPT_eff_mod,6,0,-0.0379704721801138,-0.0120166552555709,1,0,2,0,2,0,0.268740973255798,0
test_id,DS07_id,1,36,LPT_flow_mod,7,0,-0.0447848111312948,-0.0163068117070806,1,0,2,0,2,0,0.268740973255798,0
test_id,DS07_id,1,36,LPC_eff_mod,8,0,0,-0,0,0,0,0,2,0,0.268740973255798,0
test_id,DS07_id,1,36,LPC_flow_mod,9,0,0,-0.00165649216632102,0,0,0,0,2,0,0.268740973255798,0
test_id,DS07_id,1,37,HPT_eff_mod,1,0,0,-0.0180281809823884,0,1,0,1,2,1,0.167047620219122,0
test_id,DS07_id,1,37,fan_eff_mod,2,0,0,-0.000663479956765315,0,0,0,0,2,1,0.167047620219122,0
test_id,DS07_id,1,37,fan_flow_mod,3,0,0,-0,0,0,0,0,2,1,0.167047620219122,0
test_id,DS07_id,1,37,HPC_eff_mod,4,0,0,-0.00164387809314198,0,0,0,0,2,1,0.167047620219122,0
test_id,DS07_id,1,37,HPC_flow_mod,5,0,0,-0,0,0,0,0,2,1,0.167047620219122,0
test_id,DS07_id,1,37,LPT_eff_mod,6,0,-0.0382472127938296,-0.0275240792814114,1,0,2,0,2,1,0.167047620219122,0
test_id,DS07_id,1,37,LPT_flow_mod,7,0,-0.0479599982440878,-0.0163068117070806,1,0,2,0,2,1,0.167047620219122,0
test_id,DS07_id,1,37,LPC_eff_mod,8,0,0,-0,0,0,0,0,2,1,0.167047620219122,0
test_id,DS07_id,1,37,LPC_flow_mod,9,0,0,-0.00165649216632102,0,0,0,0,2,1,0.167047620219122,0
test_id,DS07_id,1,38,HPT_eff_mod,1,0,0,-0.0234370404196428,0,1,0,1,2,1,0.168753401623651,0
test_id,DS07_id,1,38,fan_eff_mod,2,0,0,-0.000663479956765315,0,0,0,0,2,1,0.168753401623651,0
test_id,DS07_id,1,38,fan_flow_mod,3,0,0,-0,0,0,0,0,2,1,0.168753401623651,0
test_id,DS07_id,1,38,HPC_eff_mod,4,0,0,-0.00164387809314198,0,0,0,0,2,1,0.168753401623651,0
test_id,DS07_id,1,38,HPC_flow_mod,5,0,0,-0,0,0,0,0,2,1,0.168753401623651,0
test_id,DS07_id,1,38,LPT_eff_mod,6,0,-0.047238436700597,-0.0275240792814114,1,0,2,0,2,1,0.168753401623651,0
test_id,DS07_id,1,38,LPT_flow_mod,7,0,-0.0683030415234782,-0.0246257070859042,1,0,2,0,2,1,0.168753401623651,0
test_id,DS07_id,1,38,LPC_eff_mod,8,0,0,-0,0,0,0,0,2,1,0.168753401623651,0
test_id,DS07_id,1,38,LPC_flow_mod,9,0,0,-0.00165649216632102,0,0,0,0,2,1,0.168753401623651,0
test_id,DS07_id,1,39,HPT_eff_mod,1,0,0,-0.0234370404196428,0,1,0,1,2,1,0.0943475188796494,0
test_id,DS07_id,1,39,fan_eff_mod,2,0,0,-0.000663479956765315,0,0,0,0,2,1,0.0943475188796494,0
test_id,DS07_id,1,39,fan_flow_mod,3,0,0,-0,0,0,0,0,2,1,0.0943475188796494,0
test_id,DS07_id,1,39,HPC_eff_mod,4,0,0,-0.00164387809314198,0,0,0,0,2,1,0.0943475188796494,0
test_id,DS07_id,1,39,HPC_flow_mod,5,0,0,-0,0,0,0,0,2,1,0.0943475188796494,0
test_id,DS07_id,1,39,LPT_eff_mod,6,0,-0.0462481775654288,-0.0275240792814114,1,0,2,0,2,1,0.0943475188796494,0
test_id,DS07_id,1,39,LPT_flow_mod,7,0,-0.0681639737731859,-0.0246257070859042,1,0,2,0,2,1,0.0943475188796494,0
test_id,DS07_id,1,39,LPC_eff_mod,8,0,0,-0,0,0,0,0,2,1,0.0943475188796494,0
test_id,DS07_id,1,39,LPC_flow_mod,9,0,0,-0.00165649216632102,0,0,0,0,2,1,0.0943475188796494,0
test_id,DS07_id,1,40,HPT_eff_mod,1,0,0,-0.0234370404196428,0,1,0,1,2,1,0.167417003426854,0
test_id,DS07_id,1,40,fan_eff_mod,2,0,0,-0.000663479956765315,0,0,0,0,2,1,0.167417003426854,0
test_id,DS07_id,1,40,fan_flow_mod,3,0,0,-0,0,0,0,0,2,1,0.167417003426854,0
test_id,DS07_id,1,40,HPC_eff_mod,4,0,0,-0.00164387809314198,0,0,0,0,2,1,0.167417003426854,0
test_id,DS07_id,1,40,HPC_flow_mod,5,0,0,-0,0,0,0,0,2,1,0.167417003426854,0
test_id,DS07_id,1,40,LPT_eff_mod,6,0,-0.0557887925972879,-0.0275240792814114,1,0,2,0,2,1,0.167417003426854,0
test_id,DS07_id,1,40,LPT_flow_mod,7,0,-0.0600838427797815,-0.0246257070859042,1,0,2,0,2,1,0.167417003426854,0
test_id,DS07_id,1,40,LPC_eff_mod,8,0,0,-0,0,0,0,0,2,1,0.167417003426854,0
test_id,DS07_id,1,40,LPC_flow_mod,9,0,0,-0.00165649216632102,0,0,0,0,2,1,0.167417003426854,0
test_id,DS07_id,1,41,HPT_eff_mod,1,0,0,-0.0265702735144692,0,1,0,1,2,2,0.117540488493574,0
test_id,DS07_id,1,41,fan_eff_mod,2,0,0,-0.000663479956765315,0,0,0,0,2,2,0.117540488493574,0
test_id,DS07_id,1,41,fan_flow_mod,3,0,0,-0,0,0,0,0,2,2,0.117540488493574,0
test_id,DS07_id,1,41,HPC_eff_mod,4,0,0,-0.00164387809314198,0,0,0,0,2,2,0.117540488493574,0
test_id,DS07_id,1,41,HPC_flow_mod,5,0,0,-0,0,0,0,0,2,2,0.117540488493574,0
test_id,DS07_id,1,41,LPT_eff_mod,6,0,-0.0591382504309242,-0.0369488422933736,1,1,2,2,2,2,0.117540488493574,0
test_id,DS07_id,1,41,LPT_flow_mod,7,0,-0.072736179174505,-0.0246257070859042,1,0,2,0,2,2,0.117540488493574,0
test_id,DS07_id,1,41,LPC_eff_mod,8,0,0,-0,0,0,0,0,2,2,0.117540488493574,0
test_id,DS07_id,1,41,LPC_flow_mod,9,0,0,-0.00165649216632102,0,0,0,0,2,2,0.117540488493574,0
test_id,DS07_id,1,42,HPT_eff_mod,1,0,0,-0.0295962483801813,0,1,0,1,2,2,0.073848443018405,0
test_id,DS07_id,1,42,fan_eff_mod,2,0,0,-0.000663479956765315,0,0,0,0,2,2,0.073848443018405,0
test_id,DS07_id,1,42,fan_flow_mod,3,0,0,-0,0,0,0,0,2,2,0.073848443018405,0
test_id,DS07_id,1,42,HPC_eff_mod,4,0,0,-0.00164387809314198,0,0,0,0,2,2,0.073848443018405,0
test_id,DS07_id,1,42,HPC_flow_mod,5,0,0,-0,0,0,0,0,2,2,0.073848443018405,0
test_id,DS07_id,1,42,LPT_eff_mod,6,0,-0.0673867712311656,-0.0372813067236075,1,1,2,2,2,2,0.073848443018405,0
test_id,DS07_id,1,42,LPT_flow_mod,7,0,-0.0774974946452869,-0.0246257070859042,1,1,2,1,2,2,0.073848443018405,0
test_id,DS07_id,1,42,LPC_eff_mod,8,0,0,-0,0,0,0,0,2,2,0.073848443018405,0
test_id,DS07_id,1,42,LPC_flow_mod,9,0,0,-0.00165649216632102,0,0,0,0,2,2,0.073848443018405,0
test_id,DS07_id,1,43,HPT_eff_mod,1,0,0,-0.0295962483801813,0,1,0,1,2,2,0.0771436145715913,0
test_id,DS07_id,1,43,fan_eff_mod,2,0,0,-0.000663479956765315,0,0,0,0,2,2,0.0771436145715913,0
test_id,DS07_id,1,43,fan_flow_mod,3,0,0,-0,0,0,0,0,2,2,0.0771436145715913,0
test_id,DS07_id,1,43,HPC_eff_mod,4,0,0,-0.00164387809314198,0,0,0,0,2,2,0.0771436145715913,0
test_id,DS07_id,1,43,HPC_flow_mod,5,0,0,-0,0,0,0,0,2,2,0.0771436145715913,0
test_id,DS07_id,1,43,LPT_eff_mod,6,0,-0.0713998948902951,-0.0372813067236075,1,1,2,2,2,2,0.0771436145715913,0
test_id,DS07_id,1,43,LPT_flow_mod,7,0,-0.0737008262677474,-0.0246257070859042,1,1,2,1,2,2,0.0771436145715913,0
test_id,DS07_id,1,43,LPC_eff_mod,8,0,0,-0,0,0,0,0,2,2,0.0771436145715913,0
test_id,DS07_id,1,43,LPC_flow_mod,9,0,0,-0.00165649216632102,0,0,0,0,2,2,0.0771436145715913,0
test_id,DS07_id,1,44,HPT_eff_mod,1,0,0,-0.0459171643885345,0,1,0,2,2,2,0.116510216698697,0
test_id,DS07_id,1,44,fan_eff_mod,2,0,0,-0.000663479956765315,0,0,0,0,2,2,0.116510216698697,0
test_id,DS07_id,1,44,fan_flow_mod,3,0,0,-0,0,0,0,0,2,2,0.116510216698697,0
test_id,DS07_id,1,44,HPC_eff_mod,4,0,0,-0.00164387809314198,0,0,0,0,2,2,0.116510216698697,0
test_id,DS07_id,1,44,HPC_flow_mod,5,0,0,-0,0,0,0,0,2,2,0.116510216698697,0
test_id,DS07_id,1,44,LPT_eff_mod,6,0,-0.0800809966959015,-0.0372813067236075,1,1,2,2,2,2,0.116510216698697,0
test_id,DS07_id,1,44,LPT_flow_mod,7,0,-0.0969766784241121,-0.0302181664303044,1,1,2,2,2,2,0.116510216698697,0
test_id,DS07_id,1,44,LPC_eff_mod,8,0,0,-0,0,0,0,0,2,2,0.116510216698697,0
test_id,DS07_id,1,44,LPC_flow_mod,9,0,0,-0.00165649216632102,0,0,0,0,2,2,0.116510216698697,0
test_id,DS07_id,1,45,HPT_eff_mod,1,0,0,-0.0515595107866464,0,1,0,2,2,2,0.0847364182138112,0
test_id,DS07_id,1,45,fan_eff_mod,2,0,0,-0.000663479956765315,0,0,0,0,2,2,0.0847364182138112,0
test_id,DS07_id,1,45,fan_flow_mod,3,0,0,-0,0,0,0,0,2,2,0.0847364182138112,0
test_id,DS07_id,1,45,HPC_eff_mod,4,0,0,-0.00164387809314198,0,0,0,0,2,2,0.0847364182138112,0
test_id,DS07_id,1,45,HPC_flow_mod,5,0,0,-0,0,0,0,0,2,2,0.0847364182138112,0
test_id,DS07_id,1,45,LPT_eff_mod,6,0,-0.0934165210506233,-0.0630748122931766,1,1,2,2,2,2,0.0847364182138112,0
test_id,DS07_id,1,45,LPT_flow_mod,7,0,-0.103189890007755,-0.0302181664303044,1,1,2,2,2,2,0.0847364182138112,0
test_id,DS07_id,1,45,LPC_eff_mod,8,0,0,-0,0,0,0,0,2,2,0.0847364182138112,0
test_id,DS07_id,1,45,LPC_flow_mod,9,0,0,-0.00165649216632102,0,0,0,0,2,2,0.0847364182138112,0
test_id,DS07_id,1,46,HPT_eff_mod,1,0,0,-0.0515595107866464,0,1,0,2,2,2,0.0680165690893362,0
test_id,DS07_id,1,46,fan_eff_mod,2,0,0,-0.000663479956765315,0,0,0,0,2,2,0.0680165690893362,0
test_id,DS07_id,1,46,fan_flow_mod,3,0,0,-0,0,0,0,0,2,2,0.0680165690893362,0
test_id,DS07_id,1,46,HPC_eff_mod,4,0,0,-0.00164387809314198,0,0,0,0,2,2,0.0680165690893362,0
test_id,DS07_id,1,46,HPC_flow_mod,5,0,0,-0,0,0,0,0,2,2,0.0680165690893362,0
test_id,DS07_id,1,46,LPT_eff_mod,6,0,-0.102134830795037,-0.0630748122931766,1,1,2,2,2,2,0.0680165690893362,0
test_id,DS07_id,1,46,LPT_flow_mod,7,0,-0.107833364008586,-0.0302181664303044,1,1,2,2,2,2,0.0680165690893362,0
test_id,DS07_id,1,46,LPC_eff_mod,8,0,0,-0,0,0,0,0,2,2,0.0680165690893362,0
test_id,DS07_id,1,46,LPC_flow_mod,9,0,0,-0.00165649216632102,0,0,0,0,2,2,0.0680165690893362,0
test_id,DS07_id,1,47,HPT_eff_mod,1,0,0,-0.0631146547324315,0,1,0,2,2,2,0.133459384482097,0
test_id,DS07_id,1,47,fan_eff_mod,2,0,0,-0.000663479956765315,0,0,0,0,2,2,0.133459384482097,0
test_id,DS07_id,1,47,fan_flow_mod,3,0,0,-0,0,0,0,0,2,2,0.133459384482097,0
test_id,DS07_id,1,47,HPC_eff_mod,4,0,0,-0.00164387809314198,0,0,0,0,2,2,0.133459384482097,0
test_id,DS07_id,1,47,HPC_flow_mod,5,0,0,-0,0,0,0,0,2,2,0.133459384482097,0
test_id,DS07_id,1,47,LPT_eff_mod,6,0,-0.116228266620752,-0.0630748122931766,1,1,2,2,2,2,0.133459384482097,0
test_id,DS07_id,1,47,LPT_flow_mod,7,0,-0.123128649280906,-0.0302181664303044,1,1,2,2,2,2,0.133459384482097,0
test_id,DS07_id,1,47,LPC_eff_mod,8,0,0,-0,0,0,0,0,2,2,0.133459384482097,0
test_id,DS07_id,1,47,LPC_flow_mod,9,0,0,-0.00165649216632102,0,0,0,0,2,2,0.133459384482097,0
test_id,DS07_id,1,48,HPT_eff_mod,1,0,0,-0.0719298587835538,0,1,0,2,2,2,0.239508668860939,0
test_id,DS07_id,1,48,fan_eff_mod,2,0,0,-0.00110810811826431,0,0,0,0,2,2,0.239508668860939,0
test_id,DS07_id,1,48,fan_flow_mod,3,0,0,-0,0,0,0,0,2,2,0.239508668860939,0
test_id,DS07_id,1,48,HPC_eff_mod,4,0,0,-0.00164387809314198,0,0,0,0,2,2,0.239508668860939,0
test_id,DS07_id,1,48,HPC_flow_mod,5,0,0,-0,0,0,0,0,2,2,0.239508668860939,0
test_id,DS07_id,1,48,LPT_eff_mod,6,0,-0.131239193538923,-0.0826427137955857,1,1,2,2,2,2,0.239508668860939,0
test_id,DS07_id,1,48,LPT_flow_mod,7,0,-0.13512487818987,-0.0302181664303044,1,1,2,2,2,2,0.239508668860939,0
test_id,DS07_id,1,48,LPC_eff_mod,8,0,0,-0,0,0,0,0,2,2,0.239508668860939,0
test_id,DS07_id,1,48,LPC_flow_mod,9,0,0,-0.00165649216632102,0,0,0,0,2,2,0.239508668860939,0
test_id,DS07_id,1,49,HPT_eff_mod,1,0,0,-0.0719298587835538,0,1,0,2,2,2,0.0853481491551003,0
test_id,DS07_id,1,49,fan_eff_mod,2,0,0,-0.00110810811826431,0,0,0,0,2,2,0.0853481491551003,0
test_id,DS07_id,1,49,fan_flow_mod,3,0,0,-0,0,0,0,0,2,2,0.0853481491551003,0
test_id,DS07_id,1,49,HPC_eff_mod,4,0,0,-0.00237879068112403,0,0,0,0,2,2,0.0853481491551003,0
test_id,DS07_id,1,49,HPC_flow_mod,5,0,0,-0,0,0,0,0,2,2,0.0853481491551003,0
test_id,DS07_id,1,49,LPT_eff_mod,6,0,-0.142432178054602,-0.0826427137955857,1,1,2,2,2,2,0.0853481491551003,0
test_id,DS07_id,1,49,LPT_flow_mod,7,0,-0.1407390859405,-0.0304840156167695,1,1,2,2,2,2,0.0853481491551003,0
test_id,DS07_id,1,49,LPC_eff_mod,8,0,0,-0,0,0,0,0,2,2,0.0853481491551003,0
test_id,DS07_id,1,49,LPC_flow_mod,9,0,0,-0.00165649216632102,0,0,0,0,2,2,0.0853481491551003,0
test_id,DS07_id,1,50,HPT_eff_mod,1,0,0,-0.0719298587835538,0,1,0,2,2,2,0.142198065433288,0
test_id,DS07_id,1,50,fan_eff_mod,2,0,0,-0.00110810811826431,0,0,0,0,2,2,0.142198065433288,0
test_id,DS07_id,1,50,fan_flow_mod,3,0,0,-0,0,0,0,0,2,2,0.142198065433288,0
test_id,DS07_id,1,50,HPC_eff_mod,4,0,0,-0.00237879068112403,0,0,0,0,2,2,0.142198065433288,0
test_id,DS07_id,1,50,HPC_flow_mod,5,0,0,-0,0,0,0,0,2,2,0.142198065433288,0
test_id,DS07_id,1,50,LPT_eff_mod,6,0,-0.153990941025405,-0.0826427137955857,1,1,2,2,2,2,0.142198065433288,0
test_id,DS07_id,1,50,LPT_flow_mod,7,0,-0.150934736568167,-0.039637252250551,1,1,2,2,2,2,0.142198065433288,0
test_id,DS07_id,1,50,LPC_eff_mod,8,0,0,-0,0,0,0,0,2,2,0.142198065433288,0
test_id,DS07_id,1,50,LPC_flow_mod,9,0,0,-0.00555726565582547,0,0,0,0,2,2,0.142198065433288,0
test_id,DS07_id,1,51,HPT_eff_mod,1,0,0,-0.0719298587835538,0,1,0,2,2,2,0.157503092484374,0
test_id,DS07_id,1,51,fan_eff_mod,2,0,0,-0.00190063021596671,0,0,0,0,2,2,0.157503092484374,0
test_id,DS07_id,1,51,fan_flow_mod,3,0,0,-0,0,0,0,0,2,2,0.157503092484374,0
test_id,DS07_id,1,51,HPC_eff_mod,4,0,0,-0.00994175404911061,0,0,0,0,2,2,0.157503092484374,0
test_id,DS07_id,1,51,HPC_flow_mod,5,0,0,-0,0,0,0,0,2,2,0.157503092484374,0
test_id,DS07_id,1,51,LPT_eff_mod,6,0,-0.173224443367272,-0.085613652315033,1,1,2,2,2,2,0.157503092484374,0
test_id,DS07_id,1,51,LPT_flow_mod,7,0,-0.161874777850075,-0.039637252250551,1,1,2,2,2,2,0.157503092484374,0
test_id,DS07_id,1,51,LPC_eff_mod,8,0,0,-0,0,0,0,0,2,2,0.157503092484374,0
test_id,DS07_id,1,51,LPC_flow_mod,9,0,0,-0.00555726565582547,0,0,0,0,2,2,0.157503092484374,0
test_id,DS07_id,1,52,HPT_eff_mod,1,0,0,-0.100173966254075,0,1,0,2,2,2,0.145571506328957,0
test_id,DS07_id,1,52,fan_eff_mod,2,0,0,-0.00190063021596671,0,0,0,0,2,2,0.145571506328957,0
test_id,DS07_id,1,52,fan_flow_mod,3,0,0,-0,0,0,0,0,2,2,0.145571506328957,0
test_id,DS07_id,1,52,HPC_eff_mod,4,0,0,-0.00994175404911061,0,0,0,0,2,2,0.145571506328957,0
test_id,DS07_id,1,52,HPC_flow_mod,5,0,0,-0,0,0,0,0,2,2,0.145571506328957,0
test_id,DS07_id,1,52,LPT_eff_mod,6,0,-0.197002473464769,-0.122315065864789,1,1,2,2,2,2,0.145571506328957,0
test_id,DS07_id,1,52,LPT_flow_mod,7,0,-0.184284176883217,-0.039637252250551,1,1,2,2,2,2,0.145571506328957,0
test_id,DS07_id,1,52,LPC_eff_mod,8,0,0,-0,0,0,0,0,2,2,0.145571506328957,0
test_id,DS07_id,1,52,LPC_flow_mod,9,0,0,-0.00555726565582547,0,0,0,0,2,2,0.145571506328957,0
test_id,DS07_id,1,53,HPT_eff_mod,1,0,0,-0.102010106393614,0,1,0,2,3,2,0.102043138527345,0
test_id,DS07_id,1,53,fan_eff_mod,2,0,0,-0.00190063021596671,0,0,0,0,3,2,0.102043138527345,0
test_id,DS07_id,1,53,fan_flow_mod,3,0,0,-0,0,0,0,0,3,2,0.102043138527345,0
test_id,DS07_id,1,53,HPC_eff_mod,4,0,0,-0.00994175404911061,0,0,0,0,3,2,0.102043138527345,0
test_id,DS07_id,1,53,HPC_flow_mod,5,0,0,-0,0,0,0,0,3,2,0.102043138527345,0
test_id,DS07_id,1,53,LPT_eff_mod,6,0,-0.216586931067093,-0.126285562485397,1,1,3,2,3,2,0.102043138527345,0
test_id,DS07_id,1,53,LPT_flow_mod,7,0,-0.186765728133996,-0.039637252250551,1,1,2,2,3,2,0.102043138527345,0
test_id,DS07_id,1,53,LPC_eff_mod,8,0,0,-0,0,0,0,0,3,2,0.102043138527345,0
test_id,DS07_id,1,53,LPC_flow_mod,9,0,0,-0.00995158358389786,0,0,0,0,3,2,0.102043138527345,0
test_id,DS07_id,1,54,HPT_eff_mod,1,0,0,-0.114945198992082,0,1,0,2,3,2,0.116782277765074,0
test_id,DS07_id,1,54,fan_eff_mod,2,0,0,-0.00190063021596671,0,0,0,0,3,2,0.116782277765074,0
test_id,DS07_id,1,54,fan_flow_mod,3,0,0,-0,0,0,0,0,3,2,0.116782277765074,0
test_id,DS07_id,1,54,HPC_eff_mod,4,0,0,-0.00994175404911061,0,0,0,0,3,2,0.116782277765074,0
test_id,DS07_id,1,54,HPC_flow_mod,5,0,0,-0,0,0,0,0,3,2,0.116782277765074,0
test_id,DS07_id,1,54,LPT_eff_mod,6,0,-0.238128325445332,-0.127953212640475,1,1,3,2,3,2,0.116782277765074,0
test_id,DS07_id,1,54,LPT_flow_mod,7,0,-0.207311298769379,-0.0413021408370335,1,1,3,2,3,2,0.116782277765074,0
test_id,DS07_id,1,54,LPC_eff_mod,8,0,0,-0,0,0,0,0,3,2,0.116782277765074,0
test_id,DS07_id,1,54,LPC_flow_mod,9,0,0,-0.010389452242257,0,0,0,0,3,2,0.116782277765074,0
test_id,DS07_id,1,55,HPT_eff_mod,1,0,0,-0.138307967594892,0,1,0,2,3,2,0.301109376539136,0
test_id,DS07_id,1,55,fan_eff_mod,2,0,0,-0.00190063021596671,0,1,0,1,3,2,0.301109376539136,0
test_id,DS07_id,1,55,fan_flow_mod,3,0,0,-0,0,0,0,0,3,2,0.301109376539136,0
test_id,DS07_id,1,55,HPC_eff_mod,4,0,0,-0.00994175404911061,0,0,0,0,3,2,0.301109376539136,0
test_id,DS07_id,1,55,HPC_flow_mod,5,0,0,-0,0,0,0,0,3,2,0.301109376539136,0
test_id,DS07_id,1,55,LPT_eff_mod,6,0,-0.268090407210878,-0.138873278042615,1,1,3,2,3,2,0.301109376539136,0
test_id,DS07_id,1,55,LPT_flow_mod,7,0,-0.239557924702852,-0.0439379347395397,1,1,3,2,3,2,0.301109376539136,0
test_id,DS07_id,1,55,LPC_eff_mod,8,0,0,-0,0,0,0,0,3,2,0.301109376539136,0
test_id,DS07_id,1,55,LPC_flow_mod,9,0,0,-0.010389452242257,0,0,0,0,3,2,0.301109376539136,0
test_id,DS07_id,1,56,HPT_eff_mod,1,0,0,-0.138307967594892,0,1,0,2,3,2,0.134073246250222,0
test_id,DS07_id,1,56,fan_eff_mod,2,0,0,-0.00265106062090839,0,1,0,1,3,2,0.134073246250222,0
test_id,DS07_id,1,56,fan_flow_mod,3,0,0,-0,0,0,0,0,3,2,0.134073246250222,0
test_id,DS07_id,1,56,HPC_eff_mod,4,0,0,-0.01300741058561,0,0,0,0,3,2,0.134073246250222,0
test_id,DS07_id,1,56,HPC_flow_mod,5,0,0,-0,0,0,0,0,3,2,0.134073246250222,0
test_id,DS07_id,1,56,LPT_eff_mod,6,0,-0.299100337327299,-0.183232743799747,1,1,3,2,3,2,0.134073246250222,0
test_id,DS07_id,1,56,LPT_flow_mod,7,0,-0.245421911619395,-0.0439379347395397,1,1,3,2,3,2,0.134073246250222,0
test_id,DS07_id,1,56,LPC_eff_mod,8,0,0,-0,0,0,0,0,3,2,0.134073246250222,0
test_id,DS07_id,1,56,LPC_flow_mod,9,0,0,-0.010389452242257,0,0,0,0,3,2,0.134073246250222,0
test_id,DS07_id,1,57,HPT_eff_mod,1,0,0,-0.167452247655084,0,1,0,2,3,2,0.226200439667878,0
test_id,DS07_id,1,57,fan_eff_mod,2,0,0,-0.00265106062090839,0,1,0,1,3,2,0.226200439667878,0
test_id,DS07_id,1,57,fan_flow_mod,3,0,0,-0,0,0,0,0,3,2,0.226200439667878,0
test_id,DS07_id,1,57,HPC_eff_mod,4,0,0,-0.01300741058561,0,0,0,0,3,2,0.226200439667878,0
test_id,DS07_id,1,57,HPC_flow_mod,5,0,0,-0,0,0,0,0,3,2,0.226200439667878,0
test_id,DS07_id,1,57,LPT_eff_mod,6,0,-0.330763219078688,-0.183232743799747,1,1,3,2,3,2,0.226200439667878,0
test_id,DS07_id,1,57,LPT_flow_mod,7,0,-0.281935175753284,-0.0457993897606122,1,1,3,2,3,2,0.226200439667878,0
test_id,DS07_id,1,57,LPC_eff_mod,8,0,0,-0,0,0,0,0,3,2,0.226200439667878,0
test_id,DS07_id,1,57,LPC_flow_mod,9,0,0,-0.010389452242257,0,1,0,1,3,2,0.226200439667878,0
test_id,DS07_id,1,58,HPT_eff_mod,1,0,0,-0.171904298322322,0,1,0,2,3,3,0.264431287233097,0
test_id,DS07_id,1,58,fan_eff_mod,2,0,0,-0.00265106062090839,0,1,0,1,3,3,0.264431287233097,0
test_id,DS07_id,1,58,fan_flow_mod,3,0,0,-0,0,0,0,0,3,3,0.264431287233097,0
test_id,DS07_id,1,58,HPC_eff_mod,4,0,0,-0.0166446112450878,0,0,0,0,3,3,0.264431287233097,0
test_id,DS07_id,1,58,HPC_flow_mod,5,0,0,-0,0,0,0,0,3,3,0.264431287233097,0
test_id,DS07_id,1,58,LPT_eff_mod,6,0,-0.370587565302585,-0.260960592065058,1,1,3,3,3,3,0.264431287233097,0
test_id,DS07_id,1,58,LPT_flow_mod,7,0,-0.293130883575882,-0.0457993897606122,1,1,3,2,3,3,0.264431287233097,0
test_id,DS07_id,1,58,LPC_eff_mod,8,0,0,-0,0,0,0,0,3,3,0.264431287233097,0
test_id,DS07_id,1,58,LPC_flow_mod,9,0,0,-0.010389452242257,0,1,0,1,3,3,0.264431287233097,0
test_id,DS07_id,1,59,HPT_eff_mod,1,0,0,-0.171904298322322,0,1,0,2,3,3,0.163521688726839,0
test_id,DS07_id,1,59,fan_eff_mod,2,0,0,-0.00265106062090839,0,1,0,1,3,3,0.163521688726839,0
test_id,DS07_id,1,59,fan_flow_mod,3,0,0,-0,0,0,0,0,3,3,0.163521688726839,0
test_id,DS07_id,1,59,HPC_eff_mod,4,0,0,-0.0166446112450878,0,0,0,0,3,3,0.163521688726839,0
test_id,DS07_id,1,59,HPC_flow_mod,5,0,0,-0,0,0,0,0,3,3,0.163521688726839,0
test_id,DS07_id,1,59,LPT_eff_mod,6,0,-0.408457795463984,-0.260960592065058,1,1,3,3,3,3,0.163521688726839,0
test_id,DS07_id,1,59,LPT_flow_mod,7,0,-0.311868120864228,-0.0651817538021308,1,1,3,2,3,3,0.163521688726839,0
test_id,DS07_id,1,59,LPC_eff_mod,8,0,0,-0,0,0,0,0,3,3,0.163521688726839,0
test_id,DS07_id,1,59,LPC_flow_mod,9,0,0,-0.010389452242257,0,1,0,1,3,3,0.163521688726839,0
test_id,DS07_id,1,60,HPT_eff_mod,1,0,0,-0.211462111793123,0,1,0,3,3,3,0.25713462763949,0
test_id,DS07_id,1,60,fan_eff_mod,2,0,0,-0.00265106062090839,0,1,0,1,3,3,0.25713462763949,0
test_id,DS07_id,1,60,fan_flow_mod,3,0,0,-0,0,0,0,0,3,3,0.25713462763949,0
test_id,DS07_id,1,60,HPC_eff_mod,4,0,0,-0.0166446112450878,0,1,0,1,3,3,0.25713462763949,0
test_id,DS07_id,1,60,HPC_flow_mod,5,0,0,-0,0,0,0,0,3,3,0.25713462763949,0
test_id,DS07_id,1,60,LPT_eff_mod,6,0,-0.456719169497656,-0.333847493150907,1,1,3,3,3,3,0.25713462763949,0
test_id,DS07_id,1,60,LPT_flow_mod,7,0,-0.340283799304868,-0.0651817538021308,1,1,3,2,3,3,0.25713462763949,0
test_id,DS07_id,1,60,LPC_eff_mod,8,0,0,-0,0,0,0,0,3,3,0.25713462763949,0
test_id,DS07_id,1,60,LPC_flow_mod,9,0,0,-0.010389452242257,0,1,0,1,3,3,0.25713462763949,0
test_id,DS07_id,1,61,HPT_eff_mod,1,0,0,-0.240287905447545,0,1,0,3,3,3,0.18979170016843,0
test_id,DS07_id,1,61,fan_eff_mod,2,0,0,-0.00372368500974487,0,1,0,1,3,3,0.18979170016843,0
test_id,DS07_id,1,61,fan_flow_mod,3,0,0,-0,0,0,0,0,3,3,0.18979170016843,0
test_id,DS07_id,1,61,HPC_eff_mod,4,0,0,-0.0166446112450878,0,1,0,1,3,3,0.18979170016843,0
test_id,DS07_id,1,61,HPC_flow_mod,5,0,0,-0,0,0,0,0,3,3,0.18979170016843,0
test_id,DS07_id,1,61,LPT_eff_mod,6,0,-0.510200371978291,-0.369396927270359,1,1,3,3,3,3,0.18979170016843,0
test_id,DS07_id,1,61,LPT_flow_mod,7,0,-0.375891712169154,-0.0651817538021308,1,1,3,2,3,3,0.18979170016843,0
test_id,DS07_id,1,61,LPC_eff_mod,8,0,0,-0,0,0,0,0,3,3,0.18979170016843,0
test_id,DS07_id,1,61,LPC_flow_mod,9,0,0,-0.010389452242257,0,1,0,1,3,3,0.18979170016843,0
test_id,DS07_id,1,62,HPT_eff_mod,1,0,0,-0.259410249624404,0,1,0,3,3,3,0.231594600986511,0
test_id,DS07_id,1,62,fan_eff_mod,2,0,0,-0.00372368500974487,0,1,0,1,3,3,0.231594600986511,0
test_id,DS07_id,1,62,fan_flow_mod,3,0,0,-0,0,0,0,0,3,3,0.231594600986511,0
test_id,DS07_id,1,62,HPC_eff_mod,4,0,0,-0.0166446112450878,0,1,0,1,3,3,0.231594600986511,0
test_id,DS07_id,1,62,HPC_flow_mod,5,0,0,-0,0,0,0,0,3,3,0.231594600986511,0
test_id,DS07_id,1,62,LPT_eff_mod,6,0,-0.565322627561197,-0.409132300825328,1,1,3,3,3,3,0.231594600986511,0
test_id,DS07_id,1,62,LPT_flow_mod,7,0,-0.3973273152544,-0.0651817538021308,1,1,3,2,3,3,0.231594600986511,0
test_id,DS07_id,1,62,LPC_eff_mod,8,0,0,-0,0,0,0,0,3,3,0.231594600986511,0
test_id,DS07_id,1,62,LPC_flow_mod,9,0,0,-0.010389452242257,0,1,0,1,3,3,0.231594600986511,0
test_id,DS07_id,1,63,HPT_eff_mod,1,0,0,-0.270171566683358,0,1,0,3,3,3,0.272656256639542,0
test_id,DS07_id,1,63,fan_eff_mod,2,0,0,-0.00372368500974487,0,1,0,1,3,3,0.272656256639542,0
test_id,DS07_id,1,63,fan_flow_mod,3,0,0,-0,0,0,0,0,3,3,0.272656256639542,0
test_id,DS07_id,1,63,HPC_eff_mod,4,0,0,-0.0166446112450878,0,1,0,1,3,3,0.272656256639542,0
test_id,DS07_id,1,63,HPC_flow_mod,5,0,0,-0,0,0,0,0,3,3,0.272656256639542,0
test_id,DS07_id,1,63,LPT_eff_mod,6,0,-0.631442754916941,-0.411776872958352,1,1,3,3,3,3,0.272656256639542,0
test_id,DS07_id,1,63,LPT_flow_mod,7,0,-0.438869448813334,-0.068051861375167,1,1,3,2,3,3,0.272656256639542,0
test_id,DS07_id,1,63,LPC_eff_mod,8,0,0,-0,0,0,0,0,3,3,0.272656256639542,0
test_id,DS07_id,1,63,LPC_flow_mod,9,0,0,-0.010389452242257,0,1,0,1,3,3,0.272656256639542,0
test_id,DS07_id,1,64,HPT_eff_mod,1,0,0,-0.289964906052614,0,1,0,3,3,3,0.235141617359038,0
test_id,DS07_id,1,64,fan_eff_mod,2,0,0,-0.00497899537727407,0,1,0,1,3,3,0.235141617359038,0
test_id,DS07_id,1,64,fan_flow_mod,3,0,0,-0,0,0,0,0,3,3,0.235141617359038,0
test_id,DS07_id,1,64,HPC_eff_mod,4,0,0,-0.0166446112450878,0,1,0,1,3,3,0.235141617359038,0
test_id,DS07_id,1,64,HPC_flow_mod,5,0,0,-0,0,0,0,0,3,3,0.235141617359038,0
test_id,DS07_id,1,64,LPT_eff_mod,6,0,-0.703733644187124,-0.439555611312548,1,1,3,3,3,3,0.235141617359038,0
test_id,DS07_id,1,64,LPT_flow_mod,7,0,-0.473284956561347,-0.0688101745223782,1,1,3,2,3,3,0.235141617359038,0
test_id,DS07_id,1,64,LPC_eff_mod,8,0,0,-0,0,0,0,0,3,3,0.235141617359038,0
test_id,DS07_id,1,64,LPC_flow_mod,9,0,0,-0.010389452242257,0,1,0,1,3,3,0.235141617359038,0
test_id,DS07_id,1,65,HPT_eff_mod,1,0,0,-0.354640834138127,0,1,0,3,3,3,0.404489861852864,0
test_id,DS07_id,1,65,fan_eff_mod,2,0,0,-0.00497899537727407,0,1,0,1,3,3,0.404489861852864,0
test_id,DS07_id,1,65,fan_flow_mod,3,0,0,-0,0,0,0,0,3,3,0.404489861852864,0
test_id,DS07_id,1,65,HPC_eff_mod,4,0,0,-0.0166446112450878,0,1,0,1,3,3,0.404489861852864,0
test_id,DS07_id,1,65,HPC_flow_mod,5,0,0,-0,0,0,0,0,3,3,0.404489861852864,0
test_id,DS07_id,1,65,LPT_eff_mod,6,0,-0.78726881865369,-0.605007566101237,1,1,3,3,3,3,0.404489861852864,0
test_id,DS07_id,1,65,LPT_flow_mod,7,0,-0.514053502943014,-0.0730223231519242,1,1,3,2,3,3,0.404489861852864,0
test_id,DS07_id,1,65,LPC_eff_mod,8,0,0,-0,0,0,0,0,3,3,0.404489861852864,0
test_id,DS07_id,1,65,LPC_flow_mod,9,0,0,-0.010389452242257,0,1,0,1,3,3,0.404489861852864,0
test_id,DS07_id,1,66,HPT_eff_mod,1,0,0,-0.365791238251932,0,1,0,3,3,3,0.375922601642521,0
test_id,DS07_id,1,66,fan_eff_mod,2,0,0,-0.00497899537727407,0,1,0,1,3,3,0.375922601642521,0
test_id,DS07_id,1,66,fan_flow_mod,3,0,0,-0,0,0,0,0,3,3,0.375922601642521,0
test_id,DS07_id,1,66,HPC_eff_mod,4,0,0,-0.0166446112450878,0,1,0,1,3,3,0.375922601642521,0
test_id,DS07_id,1,66,HPC_flow_mod,5,0,0,-0,0,0,0,0,3,3,0.375922601642521,0
test_id,DS07_id,1,66,LPT_eff_mod,6,0,-0.881846220793271,-0.6331006718228,1,1,3,3,3,3,0.375922601642521,0
test_id,DS07_id,1,66,LPT_flow_mod,7,0,-0.547498419377091,-0.0730223231519242,1,1,3,2,3,3,0.375922601642521,0
test_id,DS07_id,1,66,LPC_eff_mod,8,0,0,-0,0,0,0,0,3,3,0.375922601642521,0
test_id,DS07_id,1,66,LPC_flow_mod,9,0,0,-0.010389452242257,0,1,0,1,3,3,0.375922601642521,0
test_id,DS07_id,1,67,HPT_eff_mod,1,0,0,-0.389377671284878,0,1,0,3,3,3,0.34384357235623,0
test_id,DS07_id,1,67,fan_eff_mod,2,0,0,-0.00943968985890319,0,1,0,1,3,3,0.34384357235623,0
test_id,DS07_id,1,67,fan_flow_mod,3,0,0,-0,0,0,0,0,3,3,0.34384357235623,0
test_id,DS07_id,1,67,HPC_eff_mod,4,0,0,-0.0371974416764923,0,1,0,2,3,3,0.34384357235623,0
test_id,DS07_id,1,67,HPC_flow_mod,5,0,0,-0,0,0,0,0,3,3,0.34384357235623,0
test_id,DS07_id,1,67,LPT_eff_mod,6,0,-0.993651630575086,-0.662640651045967,1,1,3,3,3,3,0.34384357235623,0
test_id,DS07_id,1,67,LPT_flow_mod,7,0,-0.596578255987724,-0.0730223231519242,1,1,3,2,3,3,0.34384357235623,0
test_id,DS07_id,1,67,LPC_eff_mod,8,0,0,-0,0,0,0,0,3,3,0.34384357235623,0
test_id,DS07_id,1,67,LPC_flow_mod,9,0,0,-0.0197202140678655,0,1,0,1,3,3,0.34384357235623,0
test_id,DS06_id,4,1,HPT_eff_mod,1,1,0,-0,0,0,0,0,0,0,0.0666234933149421,0
test_id,DS06_id,4,1,fan_eff_mod,2,1,0,-0,0,0,0,0,0,0,0.0666234933149421,0
test_id,DS06_id,4,1,fan_flow_mod,3,1,0,-0,0,0,0,0,0,0,0.0666234933149421,0
test_id,DS06_id,4,1,HPC_eff_mod,4,1,-0.00219553352138212,-0,0,0,0,0,0,0,0.0666234933149421,0
test_id,DS06_id,4,1,HPC_flow_mod,5,1,0.00129817064444481,-0,0,0,0,0,0,0,0.0666234933149421,0
test_id,DS06_id,4,1,LPT_eff_mod,6,1,0,-0,0,0,0,0,0,0,0.0666234933149421,0
test_id,DS06_id,4,1,LPT_flow_mod,7,1,0,-0,0,0,0,0,0,0,0.0666234933149421,0
test_id,DS06_id,4,1,LPC_eff_mod,8,1,-0.000248585832941498,-0,0,0,0,0,0,0,0.0666234933149421,0
test_id,DS06_id,4,1,LPC_flow_mod,9,1,-9.07092543850317e-05,-0,0,0,0,0,0,0,0.0666234933149421,0
test_id,DS06_id,4,2,HPT_eff_mod,1,1,0,-0.000321347905375154,0,0,0,0,0,0,0.0869278406586352,0
test_id,DS06_id,4,2,fan_eff_mod,2,1,0,-0,0,0,0,0,0,0,0.0869278406586352,0
test_id,DS06_id,4,2,fan_flow_mod,3,1,0,-0,0,0,0,0,0,0,0.0869278406586352,0
test_id,DS06_id,4,2,HPC_eff_mod,4,1,-0.00471441787194085,-0,0,0,0,0,0,0,0.0869278406586352,0
test_id,DS06_id,4,2,HPC_flow_mod,5,1,-0.00044324320710042,-0.000250193754527788,0,0,0,0,0,0,0.0869278406586352,0
test_id,DS06_id,4,2,LPT_eff_mod,6,1,0,-0,0,0,0,0,0,0,0.0869278406586352,0
test_id,DS06_id,4,2,LPT_flow_mod,7,1,0,-0,0,0,0,0,0,0,0.0869278406586352,0
test_id,DS06_id,4,2,LPC_eff_mod,8,1,-0.000537798459091353,-0,0,0,0,0,0,0,0.0869278406586352,0
test_id,DS06_id,4,2,LPC_flow_mod,9,1,-0.000857109799827536,-0,0,0,0,0,0,0,0.0869278406586352,0
test_id,DS06_id,4,3,HPT_eff_mod,1,1,0,-0.000321347905375154,0,0,0,0,0,0,0.111018941403512,0
test_id,DS06_id,4,3,fan_eff_mod,2,1,0,-0,0,0,0,0,0,0,0.111018941403512,0
test_id,DS06_id,4,3,fan_flow_mod,3,1,0,-0,0,0,0,0,0,0,0.111018941403512,0
test_id,DS06_id,4,3,HPC_eff_mod,4,1,0.00690995139332324,-0,0,0,0,0,0,0,0.111018941403512,0
test_id,DS06_id,4,3,HPC_flow_mod,5,1,-0.000854927437344282,-0.000250193754527788,0,0,0,0,0,0,0.111018941403512,0
test_id,DS06_id,4,3,LPT_eff_mod,6,1,0,-0,0,0,0,0,0,0,0.111018941403512,0
test_id,DS06_id,4,3,LPT_flow_mod,7,1,0,-0,0,0,0,0,0,0,0.111018941403512,0
test_id,DS06_id,4,3,LPC_eff_mod,8,1,0.000786384292033033,-0,0,0,0,0,0,0,0.111018941403512,0
test_id,DS06_id,4,3,LPC_flow_mod,9,1,0.000947819054212151,-0,0,0,0,0,0,0,0.111018941403512,0
test_id,DS06_id,4,4,HPT_eff_mod,1,1,0,-0.000321347905375154,0,0,0,0,0,0,0.28874526020505,0
test_id,DS06_id,4,4,fan_eff_mod,2,1,0,-0.000228726129091198,0,0,0,0,0,0,0.28874526020505,0
test_id,DS06_id,4,4,fan_flow_mod,3,1,0,-0,0,0,0,0,0,0,0.28874526020505,0
test_id,DS06_id,4,4,HPC_eff_mod,4,1,0.00131318197860875,-0.00219249473153277,0,0,0,0,0,0,0.28874526020505,0
test_id,DS06_id,4,4,HPC_flow_mod,5,1,8.29343643157961e-06,-0.000518223673641488,0,0,0,0,0,0,0.28874526020505,0
test_id,DS06_id,4,4,LPT_eff_mod,6,1,0,-0.00125597249077117,0,0,0,0,0,0,0.28874526020505,0
test_id,DS06_id,4,4,LPT_flow_mod,7,1,0,-0,0,0,0,0,0,0,0.28874526020505,0
test_id,DS06_id,4,4,LPC_eff_mod,8,1,0.0020124816738266,-0.0026829623399845,0,0,0,0,0,0,0.28874526020505,0
test_id,DS06_id,4,4,LPC_flow_mod,9,1,0.00372574146701032,-0,0,0,0,0,0,0,0.28874526020505,0
test_id,DS06_id,4,5,HPT_eff_mod,1,1,0,-0.000321347905375154,0,0,0,0,0,0,0.160335183429501,0
test_id,DS06_id,4,5,fan_eff_mod,2,1,0,-0.000228726129091198,0,0,0,0,0,0,0.160335183429501,0
test_id,DS06_id,4,5,fan_flow_mod,3,1,0,-0,0,0,0,0,0,0,0.160335183429501,0
test_id,DS06_id,4,5,HPC_eff_mod,4,1,0.00157898496734121,-0.00219249473153277,0,0,0,0,0,0,0.160335183429501,0
test_id,DS06_id,4,5,HPC_flow_mod,5,1,0.00122087744795706,-0.000518223673641488,0,0,0,0,0,0,0.160335183429501,0
test_id,DS06_id,4,5,LPT_eff_mod,6,1,0,-0.00125597249077117,0,0,0,0,0,0,0.160335183429501,0
test_id,DS06_id,4,5,LPT_flow_mod,7,1,0,-0,0,0,0,0,0,0,0.160335183429501,0
test_id,DS06_id,4,5,LPC_eff_mod,8,1,-0.000847646038273702,-0.0026829623399845,0,0,0,0,0,0,0.160335183429501,0
test_id,DS06_id,4,5,LPC_flow_mod,9,1,0.00575612032013126,-0,0,0,0,0,0,0,0.160335183429501,0
test_id,DS06_id,4,6,HPT_eff_mod,1,1,0,-0.000321347905375154,0,0,0,0,0,0,0.073255391644125,0
test_id,DS06_id,4,6,fan_eff_mod,2,1,0,-0.000228726129091198,0,0,0,0,0,0,0.073255391644125,0
test_id,DS06_id,4,6,fan_flow_mod,3,1,0,-0,0,0,0,0,0,0,0.073255391644125,0
test_id,DS06_id,4,6,HPC_eff_mod,4,1,-0.000440566456330831,-0.00219249473153277,0,0,0,0,0,0,0.073255391644125,0
test_id,DS06_id,4,6,HPC_flow_mod,5,1,-0.00080755518779339,-0.000518223673641488,0,0,0,0,0,0,0.073255391644125,0
test_id,DS06_id,4,6,LPT_eff_mod,6,1,0,-0.00125597249077117,0,0,0,0,0,0,0.073255391644125,0
test_id,DS06_id,4,6,LPT_flow_mod,7,1,0,-0,0,0,0,0,0,0,0.073255391644125,0
test_id,DS06_id,4,6,LPC_eff_mod,8,1,-0.00104102918082357,-0.0026829623399845,0,0,0,0,0,0,0.073255391644125,0
test_id,DS06_id,4,6,LPC_flow_mod,9,1,0.0009281949659414,-0,0,0,0,0,0,0,0.073255391644125,0
test_id,DS06_id,4,7,HPT_eff_mod,1,1,0,-0.00182706580939383,0,0,0,0,0,0,0.0920634204486729,0
test_id,DS06_id,4,7,fan_eff_mod,2,1,0,-0.000228726129091198,0,0,0,0,0,0,0.0920634204486729,0
test_id,DS06_id,4,7,fan_flow_mod,3,1,0,-0,0,0,0,0,0,0,0.0920634204486729,0
test_id,DS06_id,4,7,HPC_eff_mod,4,1,-0.00238179963325284,-0.00219249473153277,0,0,0,0,0,0,0.0920634204486729,0
test_id,DS06_id,4,7,HPC_flow_mod,5,1,-0.00271883511815193,-0.000518223673641488,0,0,0,0,0,0,0.0920634204486729,0
test_id,DS06_id,4,7,LPT_eff_mod,6,1,0,-0.00125597249077117,0,0,0,0,0,0,0.0920634204486729,0
test_id,DS06_id,4,7,LPT_flow_mod,7,1,0,-0,0,0,0,0,0,0,0.0920634204486729,0
test_id,DS06_id,4,7,LPC_eff_mod,8,1,-0.000450151380983123,-0.0026829623399845,0,0,0,0,0,0,0.0920634204486729,0
test_id,DS06_id,4,7,LPC_flow_mod,9,1,0.00481727048679833,-0,0,0,0,0,0,0,0.0920634204486729,0
test_id,DS06_id,4,8,HPT_eff_mod,1,1,0,-0.00182706580939383,0,0,0,0,0,1,0.0656181123146595,0
test_id,DS06_id,4,8,fan_eff_mod,2,1,0,-0.000228726129091198,0,0,0,0,0,1,0.0656181123146595,0
test_id,DS06_id,4,8,fan_flow_mod,3,1,0,-0,0,0,0,0,0,1,0.0656181123146595,0
test_id,DS06_id,4,8,HPC_eff_mod,4,1,-0.00453519078962598,-0.00219249473153277,0,0,0,0,0,1,0.0656181123146595,0
test_id,DS06_id,4,8,HPC_flow_mod,5,1,-0.000235990837330882,-0.000518223673641488,0,0,0,0,0,1,0.0656181123146595,0
test_id,DS06_id,4,8,LPT_eff_mod,6,1,0,-0.00125597249077117,0,0,0,0,0,1,0.0656181123146595,0
test_id,DS06_id,4,8,LPT_flow_mod,7,1,0,-0,0,0,0,0,0,1,0.0656181123146595,0
test_id,DS06_id,4,8,LPC_eff_mod,8,1,-0.00150491679554533,-0.0026829623399845,0,1,0,1,0,1,0.0656181123146595,0
test_id,DS06_id,4,8,LPC_flow_mod,9,1,-0.00200990482414431,-0,0,0,0,0,0,1,0.0656181123146595,0
test_id,DS06_id,4,9,HPT_eff_mod,1,1,0,-0.00182706580939383,0,0,0,0,0,1,0.127398353073807,0
test_id,DS06_id,4,9,fan_eff_mod,2,1,0,-0.000228726129091198,0,0,0,0,0,1,0.127398353073807,0
test_id,DS06_id,4,9,fan_flow_mod,3,1,0,-0,0,0,0,0,0,1,0.127398353073807,0
test_id,DS06_id,4,9,HPC_eff_mod,4,1,0.00273416676679791,-0.00219249473153277,0,0,0,0,0,1,0.127398353073807,0
test_id,DS06_id,4,9,HPC_flow_mod,5,1,0.000393438656812358,-0.000518223673641488,0,0,0,0,0,1,0.127398353073807,0
test_id,DS06_id,4,9,LPT_eff_mod,6,1,0,-0.00125597249077117,0,0,0,0,0,1,0.127398353073807,0
test_id,DS06_id,4,9,LPT_flow_mod,7,1,0,-0,0,0,0,0,0,1,0.127398353073807,0
test_id,DS06_id,4,9,LPC_eff_mod,8,1,-0.000414189181214334,-0.0026829623399845,0,1,0,1,0,1,0.127398353073807,0
test_id,DS06_id,4,9,LPC_flow_mod,9,1,0.00350193711147218,-0,0,0,0,0,0,1,0.127398353073807,0
test_id,DS06_id,4,10,HPT_eff_mod,1,1,0,-0.00182706580939383,0,0,0,0,0,1,0.108496571771092,0
test_id,DS06_id,4,10,fan_eff_mod,2,1,0,-0.000228726129091198,0,0,0,0,0,1,0.108496571771092,0
test_id,DS06_id,4,10,fan_flow_mod,3,1,0,-0,0,0,0,0,0,1,0.108496571771092,0
test_id,DS06_id,4,10,HPC_eff_mod,4,1,-0.0106141880077828,-0.00219249473153277,0,0,0,0,0,1,0.108496571771092,0
test_id,DS06_id,4,10,HPC_flow_mod,5,1,-0.0018693178136569,-0.000518223673641488,0,0,0,0,0,1,0.108496571771092,0
test_id,DS06_id,4,10,LPT_eff_mod,6,1,0,-0.00125597249077117,0,0,0,0,0,1,0.108496571771092,0
test_id,DS06_id,4,10,LPT_flow_mod,7,1,0,-0,0,0,0,0,0,1,0.108496571771092,0
test_id,DS06_id,4,10,LPC_eff_mod,8,1,-5.87528602805729e-05,-0.0026829623399845,0,1,0,1,0,1,0.108496571771092,0
test_id,DS06_id,4,10,LPC_flow_mod,9,1,-0.00012047030060295,-0,0,0,0,0,0,1,0.108496571771092,0
test_id,DS06_id,4,11,HPT_eff_mod,1,1,0,-0.00182706580939383,0,0,0,0,0,1,0.134678205637267,0
test_id,DS06_id,4,11,fan_eff_mod,2,1,0,-0.000228726129091198,0,0,0,0,0,1,0.134678205637267,0
test_id,DS06_id,4,11,fan_flow_mod,3,1,0,-0,0,0,0,0,0,1,0.134678205637267,0
test_id,DS06_id,4,11,HPC_eff_mod,4,1,0.00247537407974791,-0.00219249473153277,0,0,0,0,0,1,0.134678205637267,0
test_id,DS06_id,4,11,HPC_flow_mod,5,1,-0.00105305734401485,-0.000518223673641488,0,0,0,0,0,1,0.134678205637267,0
test_id,DS06_id,4,11,LPT_eff_mod,6,1,0,-0.00125597249077117,0,0,0,0,0,1,0.134678205637267,0
test_id,DS06_id,4,11,LPT_flow_mod,7,1,0,-0,0,0,0,0,0,1,0.134678205637267,0
test_id,DS06_id,4,11,LPC_eff_mod,8,1,0.000858012126769196,-0.0026829623399845,0,1,0,1,0,1,0.134678205637267,0
test_id,DS06_id,4,11,LPC_flow_mod,9,1,-0.00290822897090348,-0,0,0,0,0,0,1,0.134678205637267,0
test_id,DS06_id,4,12,HPT_eff_mod,1,1,0,-0.00182706580939383,0,0,0,0,0,1,0.0951616672284461,0
test_id,DS06_id,4,12,fan_eff_mod,2,1,0,-0.000721291695126365,0,0,0,0,0,1,0.0951616672284461,0
test_id,DS06_id,4,12,fan_flow_mod,3,1,0,-0,0,0,0,0,0,1,0.0951616672284461,0
test_id,DS06_id,4,12,HPC_eff_mod,4,1,-0.00962794722044774,-0.00579058640132855,0,0,0,0,0,1,0.0951616672284461,0
test_id,DS06_id,4,12,HPC_flow_mod,5,1,-0.000775414048154396,-0.000518223673641488,0,0,0,0,0,1,0.0951616672284461,0
test_id,DS06_id,4,12,LPT_eff_mod,6,1,0,-0.00125597249077117,0,0,0,0,0,1,0.0951616672284461,0
test_id,DS06_id,4,12,LPT_flow_mod,7,1,0,-0,0,0,0,0,0,1,0.0951616672284461,0
test_id,DS06_id,4,12,LPC_eff_mod,8,1,-0.00205400056893575,-0.0026829623399845,0,1,0,1,0,1,0.0951616672284461,0
test_id,DS06_id,4,12,LPC_flow_mod,9,1,-0.00191107748691442,-0.000504070125704978,0,0,0,0,0,1,0.0951616672284461,0
test_id,DS06_id,4,13,HPT_eff_mod,1,1,0,-0.00182706580939383,0,0,0,0,0,1,0.106425958290725,0
test_id,DS06_id,4,13,fan_eff_mod,2,1,0,-0.000721291695126365,0,0,0,0,0,1,0.106425958290725,0
test_id,DS06_id,4,13,fan_flow_mod,3,1,0,-0,0,0,0,0,0,1,0.106425958290725,0
test_id,DS06_id,4,13,HPC_eff_mod,4,1,-0.0052742577500759,-0.00592076814393307,0,0,0,0,0,1,0.106425958290725,0
test_id,DS06_id,4,13,HPC_flow_mod,5,1,-0.00408999630478557,-0.000518223673641488,0,0,0,0,0,1,0.106425958290725,0
test_id,DS06_id,4,13,LPT_eff_mod,6,1,0,-0.00125597249077117,0,0,0,0,0,1,0.106425958290725,0
test_id,DS06_id,4,13,LPT_flow_mod,7,1,0,-0,0,0,0,0,0,1,0.106425958290725,0
test_id,DS06_id,4,13,LPC_eff_mod,8,1,-0.00213016747764516,-0.0026829623399845,0,1,0,1,0,1,0.106425958290725,0
test_id,DS06_id,4,13,LPC_flow_mod,9,1,-0.00374828466242794,-0.000504070125704978,0,0,0,0,0,1,0.106425958290725,0
test_id,DS06_id,4,14,HPT_eff_mod,1,1,0,-0.00182706580939383,0,0,0,0,0,1,0.0668858589155454,0
test_id,DS06_id,4,14,fan_eff_mod,2,1,0,-0.000721291695126365,0,0,0,0,0,1,0.0668858589155454,0
test_id,DS06_id,4,14,fan_flow_mod,3,1,0,-0,0,0,0,0,0,1,0.0668858589155454,0
test_id,DS06_id,4,14,HPC_eff_mod,4,1,-0.014614148164234,-0.00592076814393307,0,0,0,0,0,1,0.0668858589155454,0
test_id,DS06_id,4,14,HPC_flow_mod,5,1,-0.00360772254693776,-0.000518223673641488,0,0,0,0,0,1,0.0668858589155454,0
test_id,DS06_id,4,14,LPT_eff_mod,6,1,0,-0.00125597249077117,0,0,0,0,0,1,0.0668858589155454,0
test_id,DS06_id,4,14,LPT_flow_mod,7,1,0,-0,0,0,0,0,0,1,0.0668858589155454,0
test_id,DS06_id,4,14,LPC_eff_mod,8,1,-0.00102617383516408,-0.0026829623399845,0,1,0,1,0,1,0.0668858589155454,0
test_id,DS06_id,4,14,LPC_flow_mod,9,1,-0.00336764954644293,-0.000504070125704978,0,0,0,0,0,1,0.0668858589155454,0
test_id,DS06_id,4,15,HPT_eff_mod,1,1,0,-0.00182706580939383,0,0,0,0,0,1,0.0869890006992565,0
test_id,DS06_id,4,15,fan_eff_mod,2,1,0,-0.000721291695126365,0,0,0,0,0,1,0.0869890006992565,0
test_id,DS06_id,4,15,fan_flow_mod,3,1,0,-0,0,0,0,0,0,1,0.0869890006992565,0
test_id,DS06_id,4,15,HPC_eff_mod,4,1,-0.00413300191751885,-0.00592076814393307,0,0,0,0,0,1,0.0869890006992565,0
test_id,DS06_id,4,15,HPC_flow_mod,5,1,-0.00195382572726542,-0.000518223673641488,0,0,0,0,0,1,0.0869890006992565,0
test_id,DS06_id,4,15,LPT_eff_mod,6,1,0,-0.00125597249077117,0,0,0,0,0,1,0.0869890006992565,0
test_id,DS06_id,4,15,LPT_flow_mod,7,1,0,-0,0,0,0,0,0,1,0.0869890006992565,0
test_id,DS06_id,4,15,LPC_eff_mod,8,1,-0.00223680133112601,-0.0026829623399845,0,1,0,1,0,1,0.0869890006992565,0
test_id,DS06_id,4,15,LPC_flow_mod,9,1,-0.00232291221811487,-0.000504070125704978,0,0,0,0,0,1,0.0869890006992565,0
test_id,DS06_id,4,16,HPT_eff_mod,1,1,0,-0.00182706580939383,0,0,0,0,0,1,0.104747171532368,0
test_id,DS06_id,4,16,fan_eff_mod,2,1,0,-0.000721291695126365,0,0,0,0,0,1,0.104747171532368,0
test_id,DS06_id,4,16,fan_flow_mod,3,1,0,-0,0,0,0,0,0,1,0.104747171532368,0
test_id,DS06_id,4,16,HPC_eff_mod,4,1,-0.0147043610082098,-0.00879681443244676,0,0,0,0,0,1,0.104747171532368,0
test_id,DS06_id,4,16,HPC_flow_mod,5,1,-0.00154833799453976,-0.000518223673641488,0,0,0,0,0,1,0.104747171532368,0
test_id,DS06_id,4,16,LPT_eff_mod,6,1,0,-0.00125597249077117,0,0,0,0,0,1,0.104747171532368,0
test_id,DS06_id,4,16,LPT_flow_mod,7,1,0,-0,0,0,0,0,0,1,0.104747171532368,0
test_id,DS06_id,4,16,LPC_eff_mod,8,1,-0.000168156677448726,-0.0026829623399845,0,1,0,1,0,1,0.104747171532368,0
test_id,DS06_id,4,16,LPC_flow_mod,9,1,-0.0056691414750473,-0.000504070125704978,0,0,0,0,0,1,0.104747171532368,0
test_id,DS06_id,4,17,HPT_eff_mod,1,1,0,-0.00182706580939383,0,0,0,0,0,1,0.104834502803796,0
test_id,DS06_id,4,17,fan_eff_mod,2,1,0,-0.000721291695126365,0,0,0,0,0,1,0.104834502803796,0
test_id,DS06_id,4,17,fan_flow_mod,3,1,0,-0,0,0,0,0,0,1,0.104834502803796,0
test_id,DS06_id,4,17,HPC_eff_mod,4,1,-0.00762004345338474,-0.00925695929399544,0,0,0,0,0,1,0.104834502803796,0
test_id,DS06_id,4,17,HPC_flow_mod,5,1,-0.00595688394426824,-0.00445948348051392,0,0,0,0,0,1,0.104834502803796,0
test_id,DS06_id,4,17,LPT_eff_mod,6,1,0,-0.00125597249077117,0,0,0,0,0,1,0.104834502803796,0
test_id,DS06_id,4,17,LPT_flow_mod,7,1,0,-0,0,0,0,0,0,1,0.104834502803796,0
test_id,DS06_id,4,17,LPC_eff_mod,8,1,-0.00128611624462513,-0.0026829623399845,0,1,0,1,0,1,0.104834502803796,0
test_id,DS06_id,4,17,LPC_flow_mod,9,1,-0.00613809529831488,-0.000504070125704978,0,0,0,0,0,1,0.104834502803796,0
test_id,DS06_id,4,18,HPT_eff_mod,1,1,0,-0.00182706580939383,0,0,0,0,0,1,0.274784124060439,0
test_id,DS06_id,4,18,fan_eff_mod,2,1,0,-0.000721291695126365,0,0,0,0,0,1,0.274784124060439,0
test_id,DS06_id,4,18,fan_flow_mod,3,1,0,-0,0,0,0,0,0,1,0.274784124060439,0
test_id,DS06_id,4,18,HPC_eff_mod,4,1,-0.0144135255493721,-0.0110441857017114,0,0,0,0,0,1,0.274784124060439,0
test_id,DS06_id,4,18,HPC_flow_mod,5,1,-0.00361272202076107,-0.00445948348051392,0,0,0,0,0,1,0.274784124060439,0
test_id,DS06_id,4,18,LPT_eff_mod,6,1,0,-0.00125597249077117,0,0,0,0,0,1,0.274784124060439,0
test_id,DS06_id,4,18,LPT_flow_mod,7,1,0,-0,0,0,0,0,0,1,0.274784124060439,0
test_id,DS06_id,4,18,LPC_eff_mod,8,1,-0.000197939628209205,-0.0026829623399845,0,1,0,1,0,1,0.274784124060439,0
test_id,DS06_id,4,18,LPC_flow_mod,9,1,-0.0052680816353424,-0.000504070125704978,0,0,0,0,0,1,0.274784124060439,0
test_id,DS06_id,4,19,HPT_eff_mod,1,1,0,-0.00182706580939383,0,0,0,0,0,1,0.0904493726451748,0
test_id,DS06_id,4,19,fan_eff_mod,2,1,0,-0.000721291695126365,0,0,0,0,0,1,0.0904493726451748,0
test_id,DS06_id,4,19,fan_flow_mod,3,1,0,-0,0,0,0,0,0,1,0.0904493726451748,0
test_id,DS06_id,4,19,HPC_eff_mod,4,1,-0.0190666253574722,-0.0110441857017114,0,0,0,0,0,1,0.0904493726451748,0
test_id,DS06_id,4,19,HPC_flow_mod,5,1,-0.00540417492363204,-0.00445948348051392,0,0,0,0,0,1,0.0904493726451748,0
test_id,DS06_id,4,19,LPT_eff_mod,6,1,0,-0.00125597249077117,0,0,0,0,0,1,0.0904493726451748,0
test_id,DS06_id,4,19,LPT_flow_mod,7,1,0,-0,0,0,0,0,0,1,0.0904493726451748,0
test_id,DS06_id,4,19,LPC_eff_mod,8,1,-0.00203826177321059,-0.0026829623399845,0,1,0,1,0,1,0.0904493726451748,0
test_id,DS06_id,4,19,LPC_flow_mod,9,1,-0.00713196689428193,-0.000504070125704978,0,0,0,0,0,1,0.0904493726451748,0
test_id,DS06_id,4,20,HPT_eff_mod,1,1,0,-0.00182706580939383,0,0,0,0,0,1,0.136758039116005,0
test_id,DS06_id,4,20,fan_eff_mod,2,1,0,-0.000721291695126365,0,0,0,0,0,1,0.136758039116005,0
test_id,DS06_id,4,20,fan_flow_mod,3,1,0,-0,0,0,0,0,0,1,0.136758039116005,0
test_id,DS06_id,4,20,HPC_eff_mod,4,1,-0.0074658269391822,-0.0110441857017114,0,0,0,0,0,1,0.136758039116005,0
test_id,DS06_id,4,20,HPC_flow_mod,5,1,-0.00324898262093119,-0.00445948348051392,0,0,0,0,0,1,0.136758039116005,0
test_id,DS06_id,4,20,LPT_eff_mod,6,1,0,-0.00125597249077117,0,0,0,0,0,1,0.136758039116005,0
test_id,DS06_id,4,20,LPT_flow_mod,7,1,0,-0,0,0,0,0,0,1,0.136758039116005,0
test_id,DS06_id,4,20,LPC_eff_mod,8,1,-0.00365765393298157,-0.0026829623399845,0,1,0,1,0,1,0.136758039116005,0
test_id,DS06_id,4,20,LPC_flow_mod,9,1,-0.00114832158293592,-0.000504070125704978,0,0,0,0,0,1,0.136758039116005,0
test_id,DS06_id,4,21,HPT_eff_mod,1,1,0,-0.00182706580939383,0,0,0,0,0,1,0.072180807427754,0
test_id,DS06_id,4,21,fan_eff_mod,2,1,0,-0.000721291695126365,0,0,0,0,0,1,0.072180807427754,0
test_id,DS06_id,4,21,fan_flow_mod,3,1,0,-0,0,0,0,0,0,1,0.072180807427754,0
test_id,DS06_id,4,21,HPC_eff_mod,4,1,-0.0158255638080866,-0.0110441857017114,0,0,0,0,0,1,0.072180807427754,0
test_id,DS06_id,4,21,HPC_flow_mod,5,1,-0.00734042116964346,-0.00445948348051392,0,1,0,1,0,1,0.072180807427754,0
test_id,DS06_id,4,21,LPT_eff_mod,6,1,0,-0.00125597249077117,0,0,0,0,0,1,0.072180807427754,0
test_id,DS06_id,4,21,LPT_flow_mod,7,1,0,-0,0,0,0,0,0,1,0.072180807427754,0
test_id,DS06_id,4,21,LPC_eff_mod,8,1,-0.00324614566856267,-0.0026829623399845,0,1,0,1,0,1,0.072180807427754,0
test_id,DS06_id,4,21,LPC_flow_mod,9,1,-0.00925696970367635,-0.000504070125704978,0,0,0,0,0,1,0.072180807427754,0
test_id,DS06_id,4,22,HPT_eff_mod,1,1,0,-0.00182706580939383,0,0,0,0,0,1,0.126460173787354,0
test_id,DS06_id,4,22,fan_eff_mod,2,1,0,-0.000721291695126365,0,0,0,0,0,1,0.126460173787354,0
test_id,DS06_id,4,22,fan_flow_mod,3,1,0,-0,0,0,0,0,0,1,0.126460173787354,0
test_id,DS06_id,4,22,HPC_eff_mod,4,1,-0.0170745009700221,-0.0110441857017114,0,0,0,0,0,1,0.126460173787354,0
test_id,DS06_id,4,22,HPC_flow_mod,5,1,-0.00837493697794952,-0.00501515137213122,0,1,0,1,0,1,0.126460173787354,0
test_id,DS06_id,4,22,LPT_eff_mod,6,1,0,-0.00125597249077117,0,0,0,0,0,1,0.126460173787354,0
test_id,DS06_id,4,22,LPT_flow_mod,7,1,0,-0,0,0,0,0,0,1,0.126460173787354,0
test_id,DS06_id,4,22,LPC_eff_mod,8,1,-0.00297074470490677,-0.0026829623399845,0,1,0,1,0,1,0.126460173787354,0
test_id,DS06_id,4,22,LPC_flow_mod,9,1,-0.0038546265946723,-0.000504070125704978,0,0,0,0,0,1,0.126460173787354,0
test_id,DS06_id,4,23,HPT_eff_mod,1,1,0,-0.00182706580939383,0,0,0,0,0,1,0.240770921695902,0
test_id,DS06_id,4,23,fan_eff_mod,2,1,0,-0.000721291695126365,0,0,0,0,0,1,0.240770921695902,0
test_id,DS06_id,4,23,fan_flow_mod,3,1,0,-0,0,0,0,0,0,1,0.240770921695902,0
test_id,DS06_id,4,23,HPC_eff_mod,4,1,-0.00875521070382699,-0.0110441857017114,0,0,0,0,0,1,0.240770921695902,0
test_id,DS06_id,4,23,HPC_flow_mod,5,1,-0.00871193372836491,-0.00501515137213122,0,1,0,1,0,1,0.240770921695902,0
test_id,DS06_id,4,23,LPT_eff_mod,6,1,0,-0.00125597249077117,0,0,0,0,0,1,0.240770921695902,0
test_id,DS06_id,4,23,LPT_flow_mod,7,1,0,-0,0,0,0,0,0,1,0.240770921695902,0
test_id,DS06_id,4,23,LPC_eff_mod,8,1,-0.0039557574852034,-0.0026829623399845,0,1,0,1,0,1,0.240770921695902,0
test_id,DS06_id,4,23,LPC_flow_mod,9,1,-0.00515681439252018,-0.000504070125704978,0,0,0,0,0,1,0.240770921695902,0
test_id,DS06_id,4,24,HPT_eff_mod,1,1,0,-0.00182706580939383,0,0,0,0,0,1,0.313397260291174,0
test_id,DS06_id,4,24,fan_eff_mod,2,1,0,-0.000846509193242483,0,0,0,0,0,1,0.313397260291174,0
test_id,DS06_id,4,24,fan_flow_mod,3,1,0,-0,0,0,0,0,0,1,0.313397260291174,0
test_id,DS06_id,4,24,HPC_eff_mod,4,1,-0.0141845463448026,-0.0166608230443467,0,0,0,0,0,1,0.313397260291174,0
test_id,DS06_id,4,24,HPC_flow_mod,5,1,-0.00372934535504177,-0.00501515137213122,0,1,0,1,0,1,0.313397260291174,0
test_id,DS06_id,4,24,LPT_eff_mod,6,1,0,-0.00125597249077117,0,0,0,0,0,1,0.313397260291174,0
test_id,DS06_id,4,24,LPT_flow_mod,7,1,0,-0,0,0,0,0,0,1,0.313397260291174,0
test_id,DS06_id,4,24,LPC_eff_mod,8,1,-0.00186020207213681,-0.0026829623399845,0,1,0,1,0,1,0.313397260291174,0
test_id,DS06_id,4,24,LPC_flow_mod,9,1,-0.00300781996322579,-0.000504070125704978,0,0,0,0,0,1,0.313397260291174,0
test_id,DS06_id,4,25,HPT_eff_mod,1,1,0,-0.00182706580939383,0,0,0,0,0,1,0.110457476604181,0
test_id,DS06_id,4,25,fan_eff_mod,2,1,0,-0.000846509193242483,0,0,0,0,0,1,0.110457476604181,0
test_id,DS06_id,4,25,fan_flow_mod,3,1,0,-0,0,0,0,0,0,1,0.110457476604181,0
test_id,DS06_id,4,25,HPC_eff_mod,4,1,-0.015506355627445,-0.0166608230443467,0,0,0,0,0,1,0.110457476604181,0
test_id,DS06_id,4,25,HPC_flow_mod,5,1,-0.00576470819534097,-0.00501515137213122,0,1,0,1,0,1,0.110457476604181,0
test_id,DS06_id,4,25,LPT_eff_mod,6,1,0,-0.00125597249077117,0,0,0,0,0,1,0.110457476604181,0
test_id,DS06_id,4,25,LPT_flow_mod,7,1,0,-0,0,0,0,0,0,1,0.110457476604181,0
test_id,DS06_id,4,25,LPC_eff_mod,8,1,-0.00137691609912806,-0.0026829623399845,0,1,0,1,0,1,0.110457476604181,0
test_id,DS06_id,4,25,LPC_flow_mod,9,1,-0.00568040679906444,-0.000504070125704978,0,0,0,0,0,1,0.110457476604181,0
test_id,DS06_id,4,26,HPT_eff_mod,1,1,0,-0.00182706580939383,0,0,0,0,0,1,0.0974311514549657,0
test_id,DS06_id,4,26,fan_eff_mod,2,1,0,-0.000846509193242483,0,0,0,0,0,1,0.0974311514549657,0
test_id,DS06_id,4,26,fan_flow_mod,3,1,0,-0,0,0,0,0,0,1,0.0974311514549657,0
test_id,DS06_id,4,26,HPC_eff_mod,4,1,-0.0239980655797919,-0.0166608230443467,0,0,0,0,0,1,0.0974311514549657,0
test_id,DS06_id,4,26,HPC_flow_mod,5,1,-0.00519666354682114,-0.00501515137213122,0,1,0,1,0,1,0.0974311514549657,0
test_id,DS06_id,4,26,LPT_eff_mod,6,1,0,-0.00125597249077117,0,0,0,0,0,1,0.0974311514549657,0
test_id,DS06_id,4,26,LPT_flow_mod,7,1,0,-0,0,0,0,0,0,1,0.0974311514549657,0
test_id,DS06_id,4,26,LPC_eff_mod,8,1,-0.00451517171645914,-0.0026829623399845,0,1,0,1,0,1,0.0974311514549657,0
test_id,DS06_id,4,26,LPC_flow_mod,9,1,-0.0101177557573176,-0.00395709957557039,0,0,0,0,0,1,0.0974311514549657,0
test_id,DS06_id,4,27,HPT_eff_mod,1,1,0,-0.00182706580939383,0,0,0,0,0,1,0.0959752622692211,0
test_id,DS06_id,4,27,fan_eff_mod,2,1,0,-0.000846509193242483,0,0,0,0,0,1,0.0959752622692211,0
test_id,DS06_id,4,27,fan_flow_mod,3,1,0,-0,0,0,0,0,0,1,0.0959752622692211,0
test_id,DS06_id,4,27,HPC_eff_mod,4,1,-0.0228192939876288,-0.0166608230443467,0,0,0,0,0,1,0.0959752622692211,0
test_id,DS06_id,4,27,HPC_flow_mod,5,1,-0.0072079902840397,-0.00501515137213122,0,1,0,1,0,1,0.0959752622692211,0
test_id,DS06_id,4,27,LPT_eff_mod,6,1,0,-0.00125597249077117,0,0,0,0,0,1,0.0959752622692211,0
test_id,DS06_id,4,27,LPT_flow_mod,7,1,0,-0,0,0,0,0,0,1,0.0959752622692211,0
test_id,DS06_id,4,27,LPC_eff_mod,8,1,-0.00318619063416515,-0.0026829623399845,0,1,0,1,0,1,0.0959752622692211,0
test_id,DS06_id,4,27,LPC_flow_mod,9,1,-0.0103102155535005,-0.00395709957557039,0,0,0,0,0,1,0.0959752622692211,0
test_id,DS06_id,4,28,HPT_eff_mod,1,1,0,-0.00182706580939383,0,0,0,0,0,1,0.060730338626958,0
test_id,DS06_id,4,28,fan_eff_mod,2,1,0,-0.000846509193242483,0,0,0,0,0,1,0.060730338626958,0
test_id,DS06_id,4,28,fan_flow_mod,3,1,0,-0,0,0,0,0,0,1,0.060730338626958,0
test_id,DS06_id,4,28,HPC_eff_mod,4,1,-0.0170128363650595,-0.0166608230443467,0,1,0,1,0,1,0.060730338626958,0
test_id,DS06_id,4,28,HPC_flow_mod,5,1,-0.00678748902437413,-0.00501515137213122,0,1,0,1,0,1,0.060730338626958,0
test_id,DS06_id,4,28,LPT_eff_mod,6,1,0,-0.00125597249077117,0,0,0,0,0,1,0.060730338626958,0
test_id,DS06_id,4,28,LPT_flow_mod,7,1,0,-0,0,0,0,0,0,1,0.060730338626958,0
test_id,DS06_id,4,28,LPC_eff_mod,8,1,-0.00436710767216401,-0.0026829623399845,0,1,0,1,0,1,0.060730338626958,0
test_id,DS06_id,4,28,LPC_flow_mod,9,1,-0.0106688017530922,-0.00395709957557039,0,0,0,0,0,1,0.060730338626958,0
test_id,DS06_id,4,29,HPT_eff_mod,1,1,0,-0.00182706580939383,0,0,0,0,0,1,0.0627604132498691,0
test_id,DS06_id,4,29,fan_eff_mod,2,1,0,-0.000846509193242483,0,0,0,0,0,1,0.0627604132498691,0
test_id,DS06_id,4,29,fan_flow_mod,3,1,0,-0,0,0,0,0,0,1,0.0627604132498691,0
test_id,DS06_id,4,29,HPC_eff_mod,4,1,-0.020166052277132,-0.0166608230443467,0,1,0,1,0,1,0.0627604132498691,0
test_id,DS06_id,4,29,HPC_flow_mod,5,1,-0.00832827866833759,-0.00501515137213122,0,1,0,1,0,1,0.0627604132498691,0
test_id,DS06_id,4,29,LPT_eff_mod,6,1,0,-0.00125597249077117,0,0,0,0,0,1,0.0627604132498691,0
test_id,DS06_id,4,29,LPT_flow_mod,7,1,0,-0,0,0,0,0,0,1,0.0627604132498691,0
test_id,DS06_id,4,29,LPC_eff_mod,8,1,-0.00448204559863685,-0.0026829623399845,0,1,0,1,0,1,0.0627604132498691,0
test_id,DS06_id,4,29,LPC_flow_mod,9,1,-0.00639206766506721,-0.00395709957557039,0,0,0,0,0,1,0.0627604132498691,0
test_id,DS06_id,4,30,HPT_eff_mod,1,1,0,-0.00182706580939383,0,0,0,0,0,1,0.326630178913329,0
test_id,DS06_id,4,30,fan_eff_mod,2,1,0,-0.00125054407410453,0,0,0,0,0,1,0.326630178913329,0
test_id,DS06_id,4,30,fan_flow_mod,3,1,0,-0,0,0,0,0,0,1,0.326630178913329,0
test_id,DS06_id,4,30,HPC_eff_mod,4,1,-0.0259410563864904,-0.0178003604330442,0,1,0,1,0,1,0.326630178913329,0
test_id,DS06_id,4,30,HPC_flow_mod,5,1,-0.0087605740064993,-0.00739562671228559,0,1,0,1,0,1,0.326630178913329,0
test_id,DS06_id,4,30,LPT_eff_mod,6,1,0,-0.00125597249077117,0,0,0,0,0,1,0.326630178913329,0
test_id,DS06_id,4,30,LPT_flow_mod,7,1,0,-0,0,0,0,0,0,1,0.326630178913329,0
test_id,DS06_id,4,30,LPC_eff_mod,8,1,-0.00384006122193617,-0.0026829623399845,0,1,0,1,0,1,0.326630178913329,0
test_id,DS06_id,4,30,LPC_flow_mod,9,1,-0.0104238177155602,-0.00395709957557039,0,0,0,0,0,1,0.326630178913329,0
test_id,DS06_id,4,31,HPT_eff_mod,1,1,0,-0.00182706580939383,0,0,0,0,0,1,0.182573880120153,0
test_id,DS06_id,4,31,fan_eff_mod,2,1,0,-0.00125054407410453,0,0,0,0,0,1,0.182573880120153,0
test_id,DS06_id,4,31,fan_flow_mod,3,1,0,-0.000561356554938446,0,0,0,0,0,1,0.182573880120153,0
test_id,DS06_id,4,31,HPC_eff_mod,4,1,-0.0234486929369912,-0.0178003604330442,0,1,0,1,0,1,0.182573880120153,0
test_id,DS06_id,4,31,HPC_flow_mod,5,1,-0.00749780458341981,-0.00739562671228559,0,1,0,1,0,1,0.182573880120153,0
test_id,DS06_id,4,31,LPT_eff_mod,6,1,0,-0.00125597249077117,0,0,0,0,0,1,0.182573880120153,0
test_id,DS06_id,4,31,LPT_flow_mod,7,1,0,-0,0,0,0,0,0,1,0.182573880120153,0
test_id,DS06_id,4,31,LPC_eff_mod,8,1,-0.00546310345167843,-0.0026829623399845,0,1,0,1,0,1,0.182573880120153,0
test_id,DS06_id,4,31,LPC_flow_mod,9,1,-0.00644930652160975,-0.00395709957557039,0,0,0,0,0,1,0.182573880120153,0
test_id,DS06_id,4,32,HPT_eff_mod,1,1,0,-0.00182706580939383,0,0,0,0,0,1,0.130675020010309,0
test_id,DS06_id,4,32,fan_eff_mod,2,1,0,-0.00125054407410453,0,0,0,0,0,1,0.130675020010309,0
test_id,DS06_id,4,32,fan_flow_mod,3,1,0,-0.000561356554938446,0,0,0,0,0,1,0.130675020010309,0
test_id,DS06_id,4,32,HPC_eff_mod,4,1,-0.0180350369331843,-0.0178003604330442,0,1,0,1,0,1,0.130675020010309,0
test_id,DS06_id,4,32,HPC_flow_mod,5,1,-0.00908818119734888,-0.00739562671228559,0,1,0,1,0,1,0.130675020010309,0
test_id,DS06_id,4,32,LPT_eff_mod,6,1,0,-0.00125597249077117,0,0,0,0,0,1,0.130675020010309,0
test_id,DS06_id,4,32,LPT_flow_mod,7,1,0,-0,0,0,0,0,0,1,0.130675020010309,0
test_id,DS06_id,4,32,LPC_eff_mod,8,1,-0.00563914197090785,-0.0026829623399845,0,1,0,1,0,1,0.130675020010309,0
test_id,DS06_id,4,32,LPC_flow_mod,9,1,-0.010738761781624,-0.00395709957557039,0,0,0,0,0,1,0.130675020010309,0
test_id,DS06_id,4,33,HPT_eff_mod,1,0,0,-0.00182706580939383,0,0,0,0,1,1,0.132866571465911,0
test_id,DS06_id,4,33,fan_eff_mod,2,0,0,-0.00136332888526206,0,0,0,0,1,1,0.132866571465911,0
test_id,DS06_id,4,33,fan_flow_mod,3,0,0,-0.000561356554938446,0,0,0,0,1,1,0.132866571465911,0
test_id,DS06_id,4,33,HPC_eff_mod,4,0,-0.0297719379106571,-0.0210555313479352,1,1,1,1,1,1,0.132866571465911,0
test_id,DS06_id,4,33,HPC_flow_mod,5,0,-0.00750704131084332,-0.00739562671228559,1,1,1,1,1,1,0.132866571465911,0
test_id,DS06_id,4,33,LPT_eff_mod,6,0,0,-0.00125597249077117,0,0,0,0,1,1,0.132866571465911,0
test_id,DS06_id,4,33,LPT_flow_mod,7,0,0,-0,0,0,0,0,1,1,0.132866571465911,0
test_id,DS06_id,4,33,LPC_eff_mod,8,0,-0.00302240922350571,-0.0026829623399845,1,1,1,1,1,1,0.132866571465911,0
test_id,DS06_id,4,33,LPC_flow_mod,9,0,-0.0118394945875913,-0.00395709957557039,1,0,1,0,1,1,0.132866571465911,0
test_id,DS06_id,4,34,HPT_eff_mod,1,0,0,-0.00182706580939383,0,0,0,0,1,1,0.0839842473621808,0
test_id,DS06_id,4,34,fan_eff_mod,2,0,0,-0.00136332888526206,0,0,0,0,1,1,0.0839842473621808,0
test_id,DS06_id,4,34,fan_flow_mod,3,0,0,-0.000561356554938446,0,0,0,0,1,1,0.0839842473621808,0
test_id,DS06_id,4,34,HPC_eff_mod,4,0,-0.0186067438075388,-0.0210555313479352,1,1,1,1,1,1,0.0839842473621808,0
test_id,DS06_id,4,34,HPC_flow_mod,5,0,-0.0109354430328575,-0.00739562671228559,1,1,1,1,1,1,0.0839842473621808,0
test_id,DS06_id,4,34,LPT_eff_mod,6,0,0,-0.00125597249077117,0,0,0,0,1,1,0.0839842473621808,0
test_id,DS06_id,4,34,LPT_flow_mod,7,0,0,-0,0,0,0,0,1,1,0.0839842473621808,0
test_id,DS06_id,4,34,LPC_eff_mod,8,0,-0.0048509078922557,-0.0026829623399845,1,1,1,1,1,1,0.0839842473621808,0
test_id,DS06_id,4,34,LPC_flow_mod,9,0,-0.0132078097409648,-0.00395709957557039,1,0,1,0,1,1,0.0839842473621808,0
test_id,DS06_id,4,35,HPT_eff_mod,1,0,0,-0.00182706580939383,0,0,0,0,1,1,0.0778457224799751,0
test_id,DS06_id,4,35,fan_eff_mod,2,0,0,-0.00136332888526206,0,0,0,0,1,1,0.0778457224799751,0
test_id,DS06_id,4,35,fan_flow_mod,3,0,0,-0.000561356554938446,0,0,0,0,1,1,0.0778457224799751,0
test_id,DS06_id,4,35,HPC_eff_mod,4,0,-0.0289666351324731,-0.0218861561996901,1,1,1,1,1,1,0.0778457224799751,0
test_id,DS06_id,4,35,HPC_flow_mod,5,0,-0.0106715602326993,-0.00739562671228559,1,1,1,1,1,1,0.0778457224799751,0
test_id,DS06_id,4,35,LPT_eff_mod,6,0,0,-0.00125597249077117,0,0,0,0,1,1,0.0778457224799751,0
test_id,DS06_id,4,35,LPT_flow_mod,7,0,0,-0,0,0,0,0,1,1,0.0778457224799751,0
test_id,DS06_id,4,35,LPC_eff_mod,8,0,-0.00436758990366207,-0.0026829623399845,1,1,1,1,1,1,0.0778457224799751,0
test_id,DS06_id,4,35,LPC_flow_mod,9,0,-0.0074629321547942,-0.00498408495142414,1,0,1,0,1,1,0.0778457224799751,0
test_id,DS06_id,4,36,HPT_eff_mod,1,0,0,-0.00182706580939383,0,0,0,0,2,1,0.0932233336331878,0
test_id,DS06_id,4,36,fan_eff_mod,2,0,0,-0.00136332888526206,0,0,0,0,2,1,0.0932233336331878,0
test_id,DS06_id,4,36,fan_flow_mod,3,0,0,-0.000561356554938446,0,0,0,0,2,1,0.0932233336331878,0
test_id,DS06_id,4,36,HPC_eff_mod,4,0,-0.0301904405342178,-0.0218861561996901,1,1,2,1,2,1,0.0932233336331878,0
test_id,DS06_id,4,36,HPC_flow_mod,5,0,-0.0126076022507818,-0.00739562671228559,1,1,1,1,2,1,0.0932233336331878,0
test_id,DS06_id,4,36,LPT_eff_mod,6,0,0,-0.00125597249077117,0,0,0,0,2,1,0.0932233336331878,0
test_id,DS06_id,4,36,LPT_flow_mod,7,0,0,-0.000340506740120215,0,0,0,0,2,1,0.0932233336331878,0
test_id,DS06_id,4,36,LPC_eff_mod,8,0,-0.00389047183385084,-0.0026829623399845,1,1,1,1,2,1,0.0932233336331878,0
test_id,DS06_id,4,36,LPC_flow_mod,9,0,-0.00684602101102083,-0.00498408495142414,1,0,1,0,2,1,0.0932233336331878,0
test_id,DS06_id,4,37,HPT_eff_mod,1,0,0,-0.00182706580939383,0,0,0,0,2,1,0.120710545949967,0
test_id,DS06_id,4,37,fan_eff_mod,2,0,0,-0.00136332888526206,0,0,0,0,2,1,0.120710545949967,0
test_id,DS06_id,4,37,fan_flow_mod,3,0,0,-0.000561356554938446,0,0,0,0,2,1,0.120710545949967,0
test_id,DS06_id,4,37,HPC_eff_mod,4,0,-0.0301552111068631,-0.0229838588634642,1,1,2,1,2,1,0.120710545949967,0
test_id,DS06_id,4,37,HPC_flow_mod,5,0,-0.00788268980863012,-0.00739562671228559,1,1,1,1,2,1,0.120710545949967,0
test_id,DS06_id,4,37,LPT_eff_mod,6,0,0,-0.00125597249077117,0,0,0,0,2,1,0.120710545949967,0
test_id,DS06_id,4,37,LPT_flow_mod,7,0,0,-0.000340506740120215,0,0,0,0,2,1,0.120710545949967,0
test_id,DS06_id,4,37,LPC_eff_mod,8,0,-0.00616641687394834,-0.0026829623399845,1,1,1,1,2,1,0.120710545949967,0
test_id,DS06_id,4,37,LPC_flow_mod,9,0,-0.00700568790407213,-0.00498408495142414,1,0,1,0,2,1,0.120710545949967,0
test_id,DS06_id,4,38,HPT_eff_mod,1,0,0,-0.00182706580939383,0,0,0,0,2,1,0.0741410400961394,0
test_id,DS06_id,4,38,fan_eff_mod,2,0,0,-0.00136332888526206,0,0,0,0,2,1,0.0741410400961394,0
test_id,DS06_id,4,38,fan_flow_mod,3,0,0,-0.000561356554938446,0,0,0,0,2,1,0.0741410400961394,0
test_id,DS06_id,4,38,HPC_eff_mod,4,0,-0.0280957475958791,-0.0229838588634642,1,1,2,1,2,1,0.0741410400961394,0
test_id,DS06_id,4,38,HPC_flow_mod,5,0,-0.00513799135230495,-0.00739562671228559,1,1,1,1,2,1,0.0741410400961394,0
test_id,DS06_id,4,38,LPT_eff_mod,6,0,0,-0.00125597249077117,0,0,0,0,2,1,0.0741410400961394,0
test_id,DS06_id,4,38,LPT_flow_mod,7,0,0,-0.000340506740120215,0,0,0,0,2,1,0.0741410400961394,0
test_id,DS06_id,4,38,LPC_eff_mod,8,0,-0.00660486566370282,-0.0026829623399845,1,1,1,1,2,1,0.0741410400961394,0
test_id,DS06_id,4,38,LPC_flow_mod,9,0,-0.00785514576394309,-0.00536689000958057,1,0,1,0,2,1,0.0741410400961394,0
test_id,DS06_id,4,39,HPT_eff_mod,1,0,0,-0.00182706580939383,0,0,0,0,2,1,0.0947951483071267,0
test_id,DS06_id,4,39,fan_eff_mod,2,0,0,-0.00136332888526206,0,0,0,0,2,1,0.0947951483071267,0
test_id,DS06_id,4,39,fan_flow_mod,3,0,0,-0.000561356554938446,0,0,0,0,2,1,0.0947951483071267,0
test_id,DS06_id,4,39,HPC_eff_mod,4,0,-0.0289209328670428,-0.0229838588634642,1,1,2,1,2,1,0.0947951483071267,0
test_id,DS06_id,4,39,HPC_flow_mod,5,0,-0.00645227348982362,-0.00739562671228559,1,1,1,1,2,1,0.0947951483071267,0
test_id,DS06_id,4,39,LPT_eff_mod,6,0,0,-0.00125597249077117,0,0,0,0,2,1,0.0947951483071267,0
test_id,DS06_id,4,39,LPT_flow_mod,7,0,0,-0.00154369556010623,0,0,0,0,2,1,0.0947951483071267,0
test_id,DS06_id,4,39,LPC_eff_mod,8,0,-0.00630937039363142,-0.0026829623399845,1,1,1,1,2,1,0.0947951483071267,0
test_id,DS06_id,4,39,LPC_flow_mod,9,0,-0.0159452501713712,-0.00536689000958057,1,0,1,0,2,1,0.0947951483071267,0
test_id,DS06_id,4,40,HPT_eff_mod,1,0,0,-0.00182706580939383,0,0,0,0,2,1,0.0768438756080826,0
test_id,DS06_id,4,40,fan_eff_mod,2,0,0,-0.00136332888526206,0,0,0,0,2,1,0.0768438756080826,0
test_id,DS06_id,4,40,fan_flow_mod,3,0,0,-0.000561356554938446,0,0,0,0,2,1,0.0768438756080826,0
test_id,DS06_id,4,40,HPC_eff_mod,4,0,-0.0268575635995166,-0.0229838588634642,1,1,2,1,2,1,0.0768438756080826,0
test_id,DS06_id,4,40,HPC_flow_mod,5,0,-0.00891188652352157,-0.00739562671228559,1,1,1,1,2,1,0.0768438756080826,0
test_id,DS06_id,4,40,LPT_eff_mod,6,0,0,-0.00125597249077117,0,0,0,0,2,1,0.0768438756080826,0
test_id,DS06_id,4,40,LPT_flow_mod,7,0,0,-0.00154369556010623,0,0,0,0,2,1,0.0768438756080826,0
test_id,DS06_id,4,40,LPC_eff_mod,8,0,-0.00705923921617093,-0.0026829623399845,1,1,1,1,2,1,0.0768438756080826,0
test_id,DS06_id,4,40,LPC_flow_mod,9,0,-0.0114716362655754,-0.00878408514808113,1,0,1,0,2,1,0.0768438756080826,0
test_id,DS06_id,4,41,HPT_eff_mod,1,0,0,-0.00182706580939383,0,0,0,0,2,1,0.0924238130080775,0
test_id,DS06_id,4,41,fan_eff_mod,2,0,0,-0.00146923325200976,0,0,0,0,2,1,0.0924238130080775,0
test_id,DS06_id,4,41,fan_flow_mod,3,0,0,-0.000561356554938446,0,0,0,0,2,1,0.0924238130080775,0
test_id,DS06_id,4,41,HPC_eff_mod,4,0,-0.0387951869854422,-0.0282778237417782,1,1,2,1,2,1,0.0924238130080775,0
test_id,DS06_id,4,41,HPC_flow_mod,5,0,-0.010698105483646,-0.0108043777207739,1,1,1,1,2,1,0.0924238130080775,0
test_id,DS06_id,4,41,LPT_eff_mod,6,0,0,-0.00125597249077117,0,0,0,0,2,1,0.0924238130080775,0
test_id,DS06_id,4,41,LPT_flow_mod,7,0,0,-0.00154369556010623,0,0,0,0,2,1,0.0924238130080775,0
test_id,DS06_id,4,41,LPC_eff_mod,8,0,-0.00808625159745428,-0.0026829623399845,1,1,1,1,2,1,0.0924238130080775,0
test_id,DS06_id,4,41,LPC_flow_mod,9,0,-0.0177676930847907,-0.00878408514808113,1,0,1,0,2,1,0.0924238130080775,0
test_id,DS06_id,4,42,HPT_eff_mod,1,0,0,-0.00182706580939383,0,0,0,0,2,1,0.123944914714271,0
test_id,DS06_id,4,42,fan_eff_mod,2,0,0,-0.00146923325200976,0,0,0,0,2,1,0.123944914714271,0
test_id,DS06_id,4,42,fan_flow_mod,3,0,0,-0.000561356554938446,0,0,0,0,2,1,0.123944914714271,0
test_id,DS06_id,4,42,HPC_eff_mod,4,0,-0.0395666544089167,-0.0282778237417782,1,1,2,1,2,1,0.123944914714271,0
test_id,DS06_id,4,42,HPC_flow_mod,5,0,-0.0101750384092134,-0.0116871841504689,1,1,1,1,2,1,0.123944914714271,0
test_id,DS06_id,4,42,LPT_eff_mod,6,0,0,-0.00125597249077117,0,0,0,0,2,1,0.123944914714271,0
test_id,DS06_id,4,42,LPT_flow_mod,7,0,0,-0.00154369556010623,0,0,0,0,2,1,0.123944914714271,0
test_id,DS06_id,4,42,LPC_eff_mod,8,0,-0.00781175825396341,-0.0026829623399845,1,1,1,1,2,1,0.123944914714271,0
test_id,DS06_id,4,42,LPC_flow_mod,9,0,-0.0260655109940598,-0.0136207077400638,1,0,1,0,2,1,0.123944914714271,0
test_id,DS06_id,4,43,HPT_eff_mod,1,0,0,-0.00182706580939383,0,0,0,0,2,1,0.139512826888571,0
test_id,DS06_id,4,43,fan_eff_mod,2,0,0,-0.00146923325200976,0,0,0,0,2,1,0.139512826888571,0
test_id,DS06_id,4,43,fan_flow_mod,3,0,0,-0.00144466491706189,0,0,0,0,2,1,0.139512826888571,0
test_id,DS06_id,4,43,HPC_eff_mod,4,0,-0.0289808770699606,-0.0282778237417782,1,1,2,1,2,1,0.139512826888571,0
test_id,DS06_id,4,43,HPC_flow_mod,5,0,-0.0132517241241214,-0.0116871841504689,1,1,1,1,2,1,0.139512826888571,0
test_id,DS06_id,4,43,LPT_eff_mod,6,0,0,-0.00125597249077117,0,0,0,0,2,1,0.139512826888571,0
test_id,DS06_id,4,43,LPT_flow_mod,7,0,0,-0.00154369556010623,0,0,0,0,2,1,0.139512826888571,0
test_id,DS06_id,4,43,LPC_eff_mod,8,0,-0.00924868275678112,-0.0026829623399845,1,1,1,1,2,1,0.139512826888571,0
test_id,DS06_id,4,43,LPC_flow_mod,9,0,-0.0213672023129907,-0.0136207077400638,1,0,1,0,2,1,0.139512826888571,0
test_id,DS06_id,4,44,HPT_eff_mod,1,0,0,-0.00182706580939383,0,0,0,0,2,1,0.149815854163758,0
test_id,DS06_id,4,44,fan_eff_mod,2,0,0,-0.00146923325200976,0,0,0,0,2,1,0.149815854163758,0
test_id,DS06_id,4,44,fan_flow_mod,3,0,0,-0.00144466491706189,0,0,0,0,2,1,0.149815854163758,0
test_id,DS06_id,4,44,HPC_eff_mod,4,0,-0.0401967284745773,-0.0282778237417782,1,1,2,1,2,1,0.149815854163758,0
test_id,DS06_id,4,44,HPC_flow_mod,5,0,-0.0161903952074334,-0.0116871841504689,1,1,1,1,2,1,0.149815854163758,0
test_id,DS06_id,4,44,LPT_eff_mod,6,0,0,-0.00125597249077117,0,0,0,0,2,1,0.149815854163758,0
test_id,DS06_id,4,44,LPT_flow_mod,7,0,0,-0.00154369556010623,0,0,0,0,2,1,0.149815854163758,0
test_id,DS06_id,4,44,LPC_eff_mod,8,0,-0.0112289412070219,-0.0026829623399845,1,1,1,1,2,1,0.149815854163758,0
test_id,DS06_id,4,44,LPC_flow_mod,9,0,-0.0281028606922556,-0.0185141585141737,1,1,1,1,2,1,0.149815854163758,0
test_id,DS06_id,4,45,HPT_eff_mod,1,0,0,-0.00182706580939383,0,0,0,0,2,2,0.10790082503135,0
test_id,DS06_id,4,45,fan_eff_mod,2,0,0,-0.00226467280545752,0,0,0,0,2,2,0.10790082503135,0
test_id,DS06_id,4,45,fan_flow_mod,3,0,0,-0.00144466491706189,0,0,0,0,2,2,0.10790082503135,0
test_id,DS06_id,4,45,HPC_eff_mod,4,0,-0.0427130706746023,-0.0299525765864617,1,1,2,2,2,2,0.10790082503135,0
test_id,DS06_id,4,45,HPC_flow_mod,5,0,-0.0150035472643498,-0.0116871841504689,1,1,1,1,2,2,0.10790082503135,0
test_id,DS06_id,4,45,LPT_eff_mod,6,0,0,-0.00125597249077117,0,0,0,0,2,2,0.10790082503135,0
test_id,DS06_id,4,45,LPT_flow_mod,7,0,0,-0.00154369556010623,0,0,0,0,2,2,0.10790082503135,0
test_id,DS06_id,4,45,LPC_eff_mod,8,0,-0.0132864223347465,-0.0026829623399845,1,1,1,1,2,2,0.10790082503135,0
test_id,DS06_id,4,45,LPC_flow_mod,9,0,-0.0344286010651666,-0.0185141585141737,1,1,2,1,2,2,0.10790082503135,0
test_id,DS06_id,4,46,HPT_eff_mod,1,0,0,-0.00182706580939383,0,0,0,0,2,2,0.0781146708595533,0
test_id,DS06_id,4,46,fan_eff_mod,2,0,0,-0.00226467280545752,0,0,0,0,2,2,0.0781146708595533,0
test_id,DS06_id,4,46,fan_flow_mod,3,0,0,-0.00144466491706189,0,0,0,0,2,2,0.0781146708595533,0
test_id,DS06_id,4,46,HPC_eff_mod,4,0,-0.0390927926039175,-0.0299525765864617,1,1,2,2,2,2,0.0781146708595533,0
test_id,DS06_id,4,46,HPC_flow_mod,5,0,-0.0114406154084769,-0.0116871841504689,1,1,1,1,2,2,0.0781146708595533,0
test_id,DS06_id,4,46,LPT_eff_mod,6,0,0,-0.00125597249077117,0,0,0,0,2,2,0.0781146708595533,0
test_id,DS06_id,4,46,LPT_flow_mod,7,0,0,-0.00154369556010623,0,0,0,0,2,2,0.0781146708595533,0
test_id,DS06_id,4,46,LPC_eff_mod,8,0,-0.0116849757542234,-0.0026829623399845,1,1,1,1,2,2,0.0781146708595533,0
test_id,DS06_id,4,46,LPC_flow_mod,9,0,-0.0290894162607084,-0.0185141585141737,1,1,2,1,2,2,0.0781146708595533,0
test_id,DS06_id,4,47,HPT_eff_mod,1,0,0,-0.00182706580939383,0,0,0,0,2,2,0.0945480235577794,0
test_id,DS06_id,4,47,fan_eff_mod,2,0,0,-0.00226467280545752,0,0,0,0,2,2,0.0945480235577794,0
test_id,DS06_id,4,47,fan_flow_mod,3,0,0,-0.00144466491706189,0,0,0,0,2,2,0.0945480235577794,0
test_id,DS06_id,4,47,HPC_eff_mod,4,0,-0.0343537797002311,-0.0299525765864617,1,1,2,2,2,2,0.0945480235577794,0
test_id,DS06_id,4,47,HPC_flow_mod,5,0,-0.0129075773362055,-0.0116871841504689,1,1,1,1,2,2,0.0945480235577794,0
test_id,DS06_id,4,47,LPT_eff_mod,6,0,0,-0.00125597249077117,0,0,0,0,2,2,0.0945480235577794,0
test_id,DS06_id,4,47,LPT_flow_mod,7,0,0,-0.00154369556010623,0,0,0,0,2,2,0.0945480235577794,0
test_id,DS06_id,4,47,LPC_eff_mod,8,0,-0.0155654050941611,-0.0026829623399845,1,1,1,1,2,2,0.0945480235577794,0
test_id,DS06_id,4,47,LPC_flow_mod,9,0,-0.0364699336875512,-0.0185141585141737,1,1,2,1,2,2,0.0945480235577794,0
test_id,DS06_id,4,48,HPT_eff_mod,1,0,0,-0.00182706580939383,0,0,0,0,2,2,0.0961285608583031,0
test_id,DS06_id,4,48,fan_eff_mod,2,0,0,-0.00226467280545752,0,0,0,0,2,2,0.0961285608583031,0
test_id,DS06_id,4,48,fan_flow_mod,3,0,0,-0.00144466491706189,0,0,0,0,2,2,0.0961285608583031,0
test_id,DS06_id,4,48,HPC_eff_mod,4,0,-0.0482019910330221,-0.0385030203164687,1,1,2,2,2,2,0.0961285608583031,0
test_id,DS06_id,4,48,HPC_flow_mod,5,0,-0.014915346074779,-0.0129244052879477,1,1,1,1,2,2,0.0961285608583031,0
test_id,DS06_id,4,48,LPT_eff_mod,6,0,0,-0.00125597249077117,0,0,0,0,2,2,0.0961285608583031,0
test_id,DS06_id,4,48,LPT_flow_mod,7,0,0,-0.00154369556010623,0,0,0,0,2,2,0.0961285608583031,0
test_id,DS06_id,4,48,LPC_eff_mod,8,0,-0.0157194611891985,-0.004319124282671,1,1,1,1,2,2,0.0961285608583031,0
test_id,DS06_id,4,48,LPC_flow_mod,9,0,-0.03413826854155,-0.0185141585141737,1,1,2,1,2,2,0.0961285608583031,0
test_id,DS06_id,4,49,HPT_eff_mod,1,0,0,-0.00182706580939383,0,0,0,0,2,2,0.078734933426158,0
test_id,DS06_id,4,49,fan_eff_mod,2,0,0,-0.00226467280545752,0,1,0,1,2,2,0.078734933426158,0
test_id,DS06_id,4,49,fan_flow_mod,3,0,0,-0.00144466491706189,0,0,0,0,2,2,0.078734933426158,0
test_id,DS06_id,4,49,HPC_eff_mod,4,0,-0.0447764204752378,-0.0385030203164687,1,1,2,2,2,2,0.078734933426158,0
test_id,DS06_id,4,49,HPC_flow_mod,5,0,-0.013871516222965,-0.0129244052879477,1,1,1,1,2,2,0.078734933426158,0
test_id,DS06_id,4,49,LPT_eff_mod,6,0,0,-0.00125597249077117,0,0,0,0,2,2,0.078734933426158,0
test_id,DS06_id,4,49,LPT_flow_mod,7,0,0,-0.00154369556010623,0,0,0,0,2,2,0.078734933426158,0
test_id,DS06_id,4,49,LPC_eff_mod,8,0,-0.0186687076495032,-0.004319124282671,1,1,1,1,2,2,0.078734933426158,0
test_id,DS06_id,4,49,LPC_flow_mod,9,0,-0.0460820088636437,-0.0210899382295518,1,1,2,1,2,2,0.078734933426158,0
test_id,DS06_id,4,50,HPT_eff_mod,1,0,0,-0.00182706580939383,0,0,0,0,2,2,0.057647668375884,0
test_id,DS06_id,4,50,fan_eff_mod,2,0,0,-0.00226467280545752,0,1,0,1,2,2,0.057647668375884,0
test_id,DS06_id,4,50,fan_flow_mod,3,0,0,-0.00144466491706189,0,0,0,0,2,2,0.057647668375884,0
test_id,DS06_id,4,50,HPC_eff_mod,4,0,-0.0477116310324606,-0.0385030203164687,1,1,2,2,2,2,0.057647668375884,0
test_id,DS06_id,4,50,HPC_flow_mod,5,0,-0.0183743292853529,-0.0129244052879477,1,1,1,1,2,2,0.057647668375884,0
test_id,DS06_id,4,50,LPT_eff_mod,6,0,0,-0.00125597249077117,0,0,0,0,2,2,0.057647668375884,0
test_id,DS06_id,4,50,LPT_flow_mod,7,0,0,-0.00154369556010623,0,0,0,0,2,2,0.057647668375884,0
test_id,DS06_id,4,50,LPC_eff_mod,8,0,-0.0180060212201919,-0.00459508373496116,1,1,1,1,2,2,0.057647668375884,0
test_id,DS06_id,4,50,LPC_flow_mod,9,0,-0.0495095472909026,-0.0210899382295518,1,1,2,1,2,2,0.057647668375884,0
test_id,DS06_id,4,51,HPT_eff_mod,1,0,0,-0.00182706580939383,0,0,0,0,2,2,0.0886221607490684,0
test_id,DS06_id,4,51,fan_eff_mod,2,0,0,-0.00226467280545752,0,1,0,1,2,2,0.0886221607490684,0
test_id,DS06_id,4,51,fan_flow_mod,3,0,0,-0.00144466491706189,0,0,0,0,2,2,0.0886221607490684,0
test_id,DS06_id,4,51,HPC_eff_mod,4,0,-0.0463752101758474,-0.0385030203164687,1,1,2,2,2,2,0.0886221607490684,0
test_id,DS06_id,4,51,HPC_flow_mod,5,0,-0.0123935165402775,-0.0129244052879477,1,1,1,1,2,2,0.0886221607490684,0
test_id,DS06_id,4,51,LPT_eff_mod,6,0,0,-0.00125597249077117,0,0,0,0,2,2,0.0886221607490684,0
test_id,DS06_id,4,51,LPT_flow_mod,7,0,0,-0.00309080209495532,0,0,0,0,2,2,0.0886221607490684,0
test_id,DS06_id,4,51,LPC_eff_mod,8,0,-0.020388123000988,-0.00459508373496116,1,1,1,1,2,2,0.0886221607490684,0
test_id,DS06_id,4,51,LPC_flow_mod,9,0,-0.0471548997383526,-0.0210899382295518,1,1,2,1,2,2,0.0886221607490684,0
test_id,DS06_id,4,52,HPT_eff_mod,1,0,0,-0.00182706580939383,0,0,0,0,2,2,0.111455887853365,0
test_id,DS06_id,4,52,fan_eff_mod,2,0,0,-0.00284307919531489,0,1,0,1,2,2,0.111455887853365,0
test_id,DS06_id,4,52,fan_flow_mod,3,0,0,-0.00144466491706189,0,0,0,0,2,2,0.111455887853365,0
test_id,DS06_id,4,52,HPC_eff_mod,4,0,-0.0572185075575295,-0.0405321999088544,1,1,2,2,2,2,0.111455887853365,0
test_id,DS06_id,4,52,HPC_flow_mod,5,0,-0.0153678781146135,-0.0142853960573457,1,1,1,1,2,2,0.111455887853365,0
test_id,DS06_id,4,52,LPT_eff_mod,6,0,0,-0.00125597249077117,0,0,0,0,2,2,0.111455887853365,0
test_id,DS06_id,4,52,LPT_flow_mod,7,0,0,-0.00309080209495532,0,0,0,0,2,2,0.111455887853365,0
test_id,DS06_id,4,52,LPC_eff_mod,8,0,-0.0231755287876715,-0.00459508373496116,1,1,1,1,2,2,0.111455887853365,0
test_id,DS06_id,4,52,LPC_flow_mod,9,0,-0.0557898297958302,-0.0256290701351845,1,1,2,1,2,2,0.111455887853365,0
test_id,DS06_id,4,53,HPT_eff_mod,1,0,0,-0.00182706580939383,0,0,0,0,2,2,0.0945978958862604,0
test_id,DS06_id,4,53,fan_eff_mod,2,0,0,-0.00284307919531489,0,1,0,1,2,2,0.0945978958862604,0
test_id,DS06_id,4,53,fan_flow_mod,3,0,0,-0.00144466491706189,0,0,0,0,2,2,0.0945978958862604,0
test_id,DS06_id,4,53,HPC_eff_mod,4,0,-0.0468315027770683,-0.0405321999088544,1,1,2,2,2,2,0.0945978958862604,0
test_id,DS06_id,4,53,HPC_flow_mod,5,0,-0.0223261851407828,-0.0173959342843066,1,1,1,1,2,2,0.0945978958862604,0
test_id,DS06_id,4,53,LPT_eff_mod,6,0,0,-0.00125597249077117,0,0,0,0,2,2,0.0945978958862604,0
test_id,DS06_id,4,53,LPT_flow_mod,7,0,0,-0.00309080209495532,0,0,0,0,2,2,0.0945978958862604,0
test_id,DS06_id,4,53,LPC_eff_mod,8,0,-0.0279388459978942,-0.00958355341095857,1,1,1,1,2,2,0.0945978958862604,0
test_id,DS06_id,4,53,LPC_flow_mod,9,0,-0.0550198750063262,-0.0256290701351845,1,1,2,1,2,2,0.0945978958862604,0
test_id,DS06_id,4,54,HPT_eff_mod,1,0,0,-0.00182706580939383,0,0,0,0,2,2,0.117750962700192,0
test_id,DS06_id,4,54,fan_eff_mod,2,0,0,-0.00284307919531489,0,1,0,1,2,2,0.117750962700192,0
test_id,DS06_id,4,54,fan_flow_mod,3,0,0,-0.00144466491706189,0,0,0,0,2,2,0.117750962700192,0
test_id,DS06_id,4,54,HPC_eff_mod,4,0,-0.0561607225097503,-0.04900680613997,1,1,2,2,2,2,0.117750962700192,0
test_id,DS06_id,4,54,HPC_flow_mod,5,0,-0.0152591470289463,-0.0173959342843066,1,1,1,1,2,2,0.117750962700192,0
test_id,DS06_id,4,54,LPT_eff_mod,6,0,0,-0.00125597249077117,0,0,0,0,2,2,0.117750962700192,0
test_id,DS06_id,4,54,LPT_flow_mod,7,0,0,-0.00309080209495532,0,0,0,0,2,2,0.117750962700192,0
test_id,DS06_id,4,54,LPC_eff_mod,8,0,-0.0303420103318558,-0.00991244586327806,1,1,2,1,2,2,0.117750962700192,0
test_id,DS06_id,4,54,LPC_flow_mod,9,0,-0.0648818659655399,-0.0309122318177852,1,1,2,2,2,2,0.117750962700192,0
test_id,DS06_id,4,55,HPT_eff_mod,1,0,0,-0.00182706580939383,0,0,0,0,2,2,0.123493210439141,0
test_id,DS06_id,4,55,fan_eff_mod,2,0,0,-0.00284307919531489,0,1,0,1,2,2,0.123493210439141,0
test_id,DS06_id,4,55,fan_flow_mod,3,0,0,-0.00144466491706189,0,0,0,0,2,2,0.123493210439141,0
test_id,DS06_id,4,55,HPC_eff_mod,4,0,-0.0655951739756928,-0.0510024720274217,1,1,2,2,2,2,0.123493210439141,0
test_id,DS06_id,4,55,HPC_flow_mod,5,0,-0.02412840390878,-0.02370477689413,1,1,1,1,2,2,0.123493210439141,0
test_id,DS06_id,4,55,LPT_eff_mod,6,0,0,-0.00125597249077117,0,0,0,0,2,2,0.123493210439141,0
test_id,DS06_id,4,55,LPT_flow_mod,7,0,0,-0.00309080209495532,0,0,0,0,2,2,0.123493210439141,0
test_id,DS06_id,4,55,LPC_eff_mod,8,0,-0.0332399065538183,-0.00991244586327806,1,1,2,1,2,2,0.123493210439141,0
test_id,DS06_id,4,55,LPC_flow_mod,9,0,-0.0820781191049191,-0.0388174149486992,1,1,2,2,2,2,0.123493210439141,0
test_id,DS06_id,4,56,HPT_eff_mod,1,0,0,-0.00182706580939383,0,0,0,0,2,2,0.164765998996676,0
test_id,DS06_id,4,56,fan_eff_mod,2,0,0,-0.00284307919531489,0,1,0,1,2,2,0.164765998996676,0
test_id,DS06_id,4,56,fan_flow_mod,3,0,0,-0.0020918211049727,0,0,0,0,2,2,0.164765998996676,0
test_id,DS06_id,4,56,HPC_eff_mod,4,0,-0.0660179291331243,-0.0510024720274217,1,1,2,2,2,2,0.164765998996676,0
test_id,DS06_id,4,56,HPC_flow_mod,5,0,-0.0267364326489092,-0.02370477689413,1,1,1,1,2,2,0.164765998996676,0
test_id,DS06_id,4,56,LPT_eff_mod,6,0,0,-0.00125597249077117,0,0,0,0,2,2,0.164765998996676,0
test_id,DS06_id,4,56,LPT_flow_mod,7,0,0,-0.00309080209495532,0,0,0,0,2,2,0.164765998996676,0
test_id,DS06_id,4,56,LPC_eff_mod,8,0,-0.0363830697034206,-0.00991244586327806,1,1,2,1,2,2,0.164765998996676,0
test_id,DS06_id,4,56,LPC_flow_mod,9,0,-0.0734608354393189,-0.0388174149486992,1,1,2,2,2,2,0.164765998996676,0
test_id,DS06_id,4,57,HPT_eff_mod,1,0,0,-0.00182706580939383,0,0,0,0,2,2,0.0860743608934409,0
test_id,DS06_id,4,57,fan_eff_mod,2,0,0,-0.00290626485784995,0,1,0,1,2,2,0.0860743608934409,0
test_id,DS06_id,4,57,fan_flow_mod,3,0,0,-0.0020918211049727,0,0,0,0,2,2,0.0860743608934409,0
test_id,DS06_id,4,57,HPC_eff_mod,4,0,-0.0728015370104625,-0.057017072496583,1,1,2,2,2,2,0.0860743608934409,0
test_id,DS06_id,4,57,HPC_flow_mod,5,0,-0.0226999533978628,-0.02370477689413,1,1,1,1,2,2,0.0860743608934409,0
test_id,DS06_id,4,57,LPT_eff_mod,6,0,0,-0.00125597249077117,0,0,0,0,2,2,0.0860743608934409,0
test_id,DS06_id,4,57,LPT_flow_mod,7,0,0,-0.00309080209495532,0,0,0,0,2,2,0.0860743608934409,0
test_id,DS06_id,4,57,LPC_eff_mod,8,0,-0.0406001849867263,-0.0153845532367256,1,1,2,1,2,2,0.0860743608934409,0
test_id,DS06_id,4,57,LPC_flow_mod,9,0,-0.0778104130934031,-0.0388174149486992,1,1,2,2,2,2,0.0860743608934409,0
test_id,DS06_id,4,58,HPT_eff_mod,1,0,0,-0.00182706580939383,0,0,0,0,2,2,0.117538786401474,0
test_id,DS06_id,4,58,fan_eff_mod,2,0,0,-0.00356988437896768,0,1,0,1,2,2,0.117538786401474,0
test_id,DS06_id,4,58,fan_flow_mod,3,0,0,-0.0020918211049727,0,0,0,0,2,2,0.117538786401474,0
test_id,DS06_id,4,58,HPC_eff_mod,4,0,-0.0712675525936853,-0.0573127644076796,1,1,2,2,2,2,0.117538786401474,0
test_id,DS06_id,4,58,HPC_flow_mod,5,0,-0.0263209478919812,-0.025948364141343,1,1,1,1,2,2,0.117538786401474,0
test_id,DS06_id,4,58,LPT_eff_mod,6,0,0,-0.00125597249077117,0,0,0,0,2,2,0.117538786401474,0
test_id,DS06_id,4,58,LPT_flow_mod,7,0,0,-0.00309080209495532,0,0,0,0,2,2,0.117538786401474,0
test_id,DS06_id,4,58,LPC_eff_mod,8,0,-0.044484262255184,-0.0153845532367256,1,1,2,1,2,2,0.117538786401474,0
test_id,DS06_id,4,58,LPC_flow_mod,9,0,-0.101486732030454,-0.0510024700606629,1,1,2,2,2,2,0.117538786401474,0
test_id,DS06_id,4,59,HPT_eff_mod,1,0,0,-0.00182706580939383,0,0,0,0,2,2,0.130517631221894,0
test_id,DS06_id,4,59,fan_eff_mod,2,0,0,-0.00409100155212932,0,1,0,1,2,2,0.130517631221894,0
test_id,DS06_id,4,59,fan_flow_mod,3,0,0,-0.0020918211049727,0,0,0,0,2,2,0.130517631221894,0
test_id,DS06_id,4,59,HPC_eff_mod,4,0,-0.0817747127121607,-0.062791783422964,1,1,2,2,2,2,0.130517631221894,0
test_id,DS06_id,4,59,HPC_flow_mod,5,0,-0.0328858304669257,-0.0309400227268822,1,1,2,2,2,2,0.130517631221894,0
test_id,DS06_id,4,59,LPT_eff_mod,6,0,0,-0.00125597249077117,0,0,0,0,2,2,0.130517631221894,0
test_id,DS06_id,4,59,LPT_flow_mod,7,0,0,-0.00414817077493244,0,0,0,0,2,2,0.130517631221894,0
test_id,DS06_id,4,59,LPC_eff_mod,8,0,-0.0490706905085785,-0.0153845532367256,1,1,2,1,2,2,0.130517631221894,0
test_id,DS06_id,4,59,LPC_flow_mod,9,0,-0.105936519462256,-0.0577920540177274,1,1,2,2,2,2,0.130517631221894,0
test_id,DS06_id,4,60,HPT_eff_mod,1,0,0,-0.00182706580939383,0,0,0,0,2,2,0.166568185169602,0
test_id,DS06_id,4,60,fan_eff_mod,2,0,0,-0.00409100155212932,0,1,0,1,2,2,0.166568185169602,0
test_id,DS06_id,4,60,fan_flow_mod,3,0,0,-0.0020918211049727,0,1,0,1,2,2,0.166568185169602,0
test_id,DS06_id,4,60,HPC_eff_mod,4,0,-0.0831309865628486,-0.068449636391755,1,1,2,2,2,2,0.166568185169602,0
test_id,DS06_id,4,60,HPC_flow_mod,5,0,-0.0307772307408979,-0.0309400227268822,1,1,2,2,2,2,0.166568185169602,0
test_id,DS06_id,4,60,LPT_eff_mod,6,0,0,-0.00125597249077117,0,0,0,0,2,2,0.166568185169602,0
test_id,DS06_id,4,60,LPT_flow_mod,7,0,0,-0.00414817077493244,0,0,0,0,2,2,0.166568185169602,0
test_id,DS06_id,4,60,LPC_eff_mod,8,0,-0.0549103615525164,-0.0263767697032965,1,1,2,1,2,2,0.166568185169602,0
test_id,DS06_id,4,60,LPC_flow_mod,9,0,-0.113179074069426,-0.0577920540177274,1,1,2,2,2,2,0.166568185169602,0
test_id,DS06_id,4,61,HPT_eff_mod,1,0,0,-0.00182706580939383,0,0,0,0,2,2,0.132942416475919,0
test_id,DS06_id,4,61,fan_eff_mod,2,0,0,-0.00412840689149356,0,1,0,1,2,2,0.132942416475919,0
test_id,DS06_id,4,61,fan_flow_mod,3,0,0,-0.0020918211049727,0,1,0,1,2,2,0.132942416475919,0
test_id,DS06_id,4,61,HPC_eff_mod,4,0,-0.0880511605829927,-0.068449636391755,1,1,2,2,2,2,0.132942416475919,0
test_id,DS06_id,4,61,HPC_flow_mod,5,0,-0.0357770634432779,-0.0341551123203435,1,1,2,2,2,2,0.132942416475919,0
test_id,DS06_id,4,61,LPT_eff_mod,6,0,0,-0.00125597249077117,0,0,0,0,2,2,0.132942416475919,0
test_id,DS06_id,4,61,LPT_flow_mod,7,0,0,-0.00414817077493244,0,0,0,0,2,2,0.132942416475919,0
test_id,DS06_id,4,61,LPC_eff_mod,8,0,-0.0603409141557868,-0.0263767697032965,1,1,2,1,2,2,0.132942416475919,0
test_id,DS06_id,4,61,LPC_flow_mod,9,0,-0.125494307244387,-0.0753012711831686,1,1,2,2,2,2,0.132942416475919,0
test_id,DS06_id,4,62,HPT_eff_mod,1,0,0,-0.00182706580939383,0,0,0,0,2,2,0.115945398317975,0
test_id,DS06_id,4,62,fan_eff_mod,2,0,0,-0.00466714629581466,0,1,0,1,2,2,0.115945398317975,0
test_id,DS06_id,4,62,fan_flow_mod,3,0,0,-0.0020918211049727,0,1,0,1,2,2,0.115945398317975,0
test_id,DS06_id,4,62,HPC_eff_mod,4,0,-0.0962949653051642,-0.0804475897079803,1,1,2,2,2,2,0.115945398317975,0
test_id,DS06_id,4,62,HPC_flow_mod,5,0,-0.0393152201116604,-0.0358292244264486,1,1,2,2,2,2,0.115945398317975,0
test_id,DS06_id,4,62,LPT_eff_mod,6,0,0,-0.00125597249077117,0,0,0,0,2,2,0.115945398317975,0
test_id,DS06_id,4,62,LPT_flow_mod,7,0,0,-0.00414817077493244,0,0,0,0,2,2,0.115945398317975,0
test_id,DS06_id,4,62,LPC_eff_mod,8,0,-0.0681853822572207,-0.0292048800754455,1,1,2,1,2,2,0.115945398317975,0
test_id,DS06_id,4,62,LPC_flow_mod,9,0,-0.129619251202284,-0.0753012711831686,1,1,2,2,2,2,0.115945398317975,0
test_id,DS06_id,4,63,HPT_eff_mod,1,0,0,-0.00182706580939383,0,0,0,0,2,2,0.148106945085531,0
test_id,DS06_id,4,63,fan_eff_mod,2,0,0,-0.00471778822528474,0,1,0,1,2,2,0.148106945085531,0
test_id,DS06_id,4,63,fan_flow_mod,3,0,0,-0.0020918211049727,0,1,0,1,2,2,0.148106945085531,0
test_id,DS06_id,4,63,HPC_eff_mod,4,0,-0.0948068373887969,-0.0804475897079803,1,1,2,2,2,2,0.148106945085531,0
test_id,DS06_id,4,63,HPC_flow_mod,5,0,-0.039547486633381,-0.0388781051659302,1,1,2,2,2,2,0.148106945085531,0
test_id,DS06_id,4,63,LPT_eff_mod,6,0,0,-0.00125597249077117,0,0,0,0,2,2,0.148106945085531,0
test_id,DS06_id,4,63,LPT_flow_mod,7,0,0,-0.00414817077493244,0,0,0,0,2,2,0.148106945085531,0
test_id,DS06_id,4,63,LPC_eff_mod,8,0,-0.073496919683658,-0.032909701783157,1,1,2,2,2,2,0.148106945085531,0
test_id,DS06_id,4,63,LPC_flow_mod,9,0,-0.142758657414179,-0.0753012711831686,1,1,2,2,2,2,0.148106945085531,0
test_id,DS06_id,4,64,HPT_eff_mod,1,0,0,-0.00182706580939383,0,0,0,0,2,2,0.140399705932373,0
test_id,DS06_id,4,64,fan_eff_mod,2,0,0,-0.00471778822528474,0,1,0,1,2,2,0.140399705932373,0
test_id,DS06_id,4,64,fan_flow_mod,3,0,0,-0.00229106723080089,0,1,0,1,2,2,0.140399705932373,0
test_id,DS06_id,4,64,HPC_eff_mod,4,0,-0.106232629123845,-0.0857518826737091,1,1,2,2,2,2,0.140399705932373,0
test_id,DS06_id,4,64,HPC_flow_mod,5,0,-0.0406513725705037,-0.0403451735736012,1,1,2,2,2,2,0.140399705932373,0
test_id,DS06_id,4,64,LPT_eff_mod,6,0,0,-0.00125597249077117,0,0,0,0,2,2,0.140399705932373,0
test_id,DS06_id,4,64,LPT_flow_mod,7,0,0,-0.00476590528906232,0,0,0,0,2,2,0.140399705932373,0
test_id,DS06_id,4,64,LPC_eff_mod,8,0,-0.0817776427532412,-0.032909701783157,1,1,2,2,2,2,0.140399705932373,0
test_id,DS06_id,4,64,LPC_flow_mod,9,0,-0.159734721792543,-0.0859769005157953,1,1,2,2,2,2,0.140399705932373,0
test_id,DS06_id,4,65,HPT_eff_mod,1,0,0,-0.00182706580939383,0,0,0,0,2,2,0.138280580051122,0
test_id,DS06_id,4,65,fan_eff_mod,2,0,0,-0.00471778822528474,0,1,0,1,2,2,0.138280580051122,0
test_id,DS06_id,4,65,fan_flow_mod,3,0,0,-0.00229106723080089,0,1,0,1,2,2,0.138280580051122,0
test_id,DS06_id,4,65,HPC_eff_mod,4,0,-0.112848950047127,-0.0948179129212361,1,1,2,2,2,2,0.138280580051122,0
test_id,DS06_id,4,65,HPC_flow_mod,5,0,-0.0410586166157401,-0.044525338746709,1,1,2,2,2,2,0.138280580051122,0
test_id,DS06_id,4,65,LPT_eff_mod,6,0,0,-0.00125597249077117,0,0,0,0,2,2,0.138280580051122,0
test_id,DS06_id,4,65,LPT_flow_mod,7,0,0,-0.00476590528906232,0,0,0,0,2,2,0.138280580051122,0
test_id,DS06_id,4,65,LPC_eff_mod,8,0,-0.0898568690595233,-0.041223622144312,1,1,2,2,2,2,0.138280580051122,0
test_id,DS06_id,4,65,LPC_flow_mod,9,0,-0.167037057701717,-0.0947602864381185,1,1,2,2,2,2,0.138280580051122,0
test_id,DS06_id,4,66,HPT_eff_mod,1,0,0,-0.00182706580939383,0,0,0,0,2,2,0.183327514402722,0
test_id,DS06_id,4,66,fan_eff_mod,2,0,0,-0.00471778822528474,0,1,0,1,2,2,0.183327514402722,0
test_id,DS06_id,4,66,fan_flow_mod,3,0,0,-0.00382708753592955,0,1,0,1,2,2,0.183327514402722,0
test_id,DS06_id,4,66,HPC_eff_mod,4,0,-0.120958048077804,-0.102872323225378,1,1,2,2,2,2,0.183327514402722,0
test_id,DS06_id,4,66,HPC_flow_mod,5,0,-0.0437997454770477,-0.0451273438534329,1,1,2,2,2,2,0.183327514402722,0
test_id,DS06_id,4,66,LPT_eff_mod,6,0,0,-0.00125597249077117,0,0,0,0,2,2,0.183327514402722,0
test_id,DS06_id,4,66,LPT_flow_mod,7,0,0,-0.00476590528906232,0,0,0,0,2,2,0.183327514402722,0
test_id,DS06_id,4,66,LPC_eff_mod,8,0,-0.102819265928512,-0.0420679707706469,1,1,2,2,2,2,0.183327514402722,0
test_id,DS06_id,4,66,LPC_flow_mod,9,0,-0.188027324804565,-0.108994116317563,1,1,2,2,2,2,0.183327514402722,0
test_id,DS06_id,4,67,HPT_eff_mod,1,0,0,-0.00182706580939383,0,0,0,0,2,2,0.207957777704967,0
test_id,DS06_id,4,67,fan_eff_mod,2,0,0,-0.00605582139957663,0,1,0,1,2,2,0.207957777704967,0
test_id,DS06_id,4,67,fan_flow_mod,3,0,0,-0.00382708753592955,0,1,0,1,2,2,0.207957777704967,0
test_id,DS06_id,4,67,HPC_eff_mod,4,0,-0.124203881823655,-0.105009232914134,1,1,2,2,2,2,0.207957777704967,0
test_id,DS06_id,4,67,HPC_flow_mod,5,0,-0.0484799392244783,-0.0496656317962142,1,1,2,2,2,2,0.207957777704967,0
test_id,DS06_id,4,67,LPT_eff_mod,6,0,0,-0.00125597249077117,0,0,0,0,2,2,0.207957777704967,0
test_id,DS06_id,4,67,LPT_flow_mod,7,0,0,-0.00476590528906232,0,0,0,0,2,2,0.207957777704967,0
test_id,DS06_id,4,67,LPC_eff_mod,8,0,-0.112843428276613,-0.0568820429632453,1,1,2,2,2,2,0.207957777704967,0
test_id,DS06_id,4,67,LPC_flow_mod,9,0,-0.203805296920031,-0.109568128531441,1,1,2,2,2,2,0.207957777704967,0
test_id,DS06_id,4,68,HPT_eff_mod,1,0,0,-0.00182706580939383,0,0,0,0,3,2,0.175217349355944,0
test_id,DS06_id,4,68,fan_eff_mod,2,0,0,-0.00770530078626543,0,1,0,1,3,2,0.175217349355944,0
test_id,DS06_id,4,68,fan_flow_mod,3,0,0,-0.0050148684837826,0,1,0,1,3,2,0.175217349355944,0
test_id,DS06_id,4,68,HPC_eff_mod,4,0,-0.131664819817679,-0.105009232914134,1,1,2,2,3,2,0.175217349355944,0
test_id,DS06_id,4,68,HPC_flow_mod,5,0,-0.0519028341278281,-0.0521889426900234,1,1,2,2,3,2,0.175217349355944,0
test_id,DS06_id,4,68,LPT_eff_mod,6,0,0,-0.00125597249077117,0,0,0,0,3,2,0.175217349355944,0
test_id,DS06_id,4,68,LPT_flow_mod,7,0,0,-0.00519410674560313,0,0,0,0,3,2,0.175217349355944,0
test_id,DS06_id,4,68,LPC_eff_mod,8,0,-0.126409692034185,-0.0568820429632453,1,1,2,2,3,2,0.175217349355944,0
test_id,DS06_id,4,68,LPC_flow_mod,9,0,-0.222512165898146,-0.126753157269884,1,1,3,2,3,2,0.175217349355944,0
test_id,DS06_id,4,69,HPT_eff_mod,1,0,0,-0.00182706580939383,0,0,0,0,3,2,0.193794792088998,0
test_id,DS06_id,4,69,fan_eff_mod,2,0,0,-0.00781031509546939,0,1,0,1,3,2,0.193794792088998,0
test_id,DS06_id,4,69,fan_flow_mod,3,0,0,-0.0050148684837826,0,1,0,1,3,2,0.193794792088998,0
test_id,DS06_id,4,69,HPC_eff_mod,4,0,-0.137957615930703,-0.116323173168271,1,1,2,2,3,2,0.193794792088998,0
test_id,DS06_id,4,69,HPC_flow_mod,5,0,-0.0535299550426438,-0.0588742789155973,1,1,2,2,3,2,0.193794792088998,0
test_id,DS06_id,4,69,LPT_eff_mod,6,0,0,-0.00125597249077117,0,0,0,0,3,2,0.193794792088998,0
test_id,DS06_id,4,69,LPT_flow_mod,7,0,0,-0.00588850373888472,0,0,0,0,3,2,0.193794792088998,0
test_id,DS06_id,4,69,LPC_eff_mod,8,0,-0.140205313311198,-0.0656659798906738,1,1,2,2,3,2,0.193794792088998,0
test_id,DS06_id,4,69,LPC_flow_mod,9,0,-0.233198977032792,-0.130643812186831,1,1,3,2,3,2,0.193794792088998,0
test_id,DS06_id,4,70,HPT_eff_mod,1,0,0,-0.00182706580939383,0,0,0,0,3,2,0.213097701537379,0
test_id,DS06_id,4,70,fan_eff_mod,2,0,0,-0.00781031509546939,0,1,0,1,3,2,0.213097701537379,0
test_id,DS06_id,4,70,fan_flow_mod,3,0,0,-0.0050148684837826,0,1,0,1,3,2,0.213097701537379,0
test_id,DS06_id,4,70,HPC_eff_mod,4,0,-0.15498366190922,-0.131288695958479,1,1,2,2,3,2,0.213097701537379,0
test_id,DS06_id,4,70,HPC_flow_mod,5,0,-0.0622854919966731,-0.0639253553937963,1,1,2,2,3,2,0.213097701537379,0
test_id,DS06_id,4,70,LPT_eff_mod,6,0,0,-0.00125597249077117,0,0,0,0,3,2,0.213097701537379,0
test_id,DS06_id,4,70,LPT_flow_mod,7,0,0,-0.00860890536139709,0,0,0,0,3,2,0.213097701537379,0
test_id,DS06_id,4,70,LPC_eff_mod,8,0,-0.155238582580932,-0.082155854426437,1,1,2,2,3,2,0.213097701537379,0
test_id,DS06_id,4,70,LPC_flow_mod,9,0,-0.257273438278008,-0.147089853853897,1,1,3,2,3,2,0.213097701537379,0
test_id,DS06_id,4,71,HPT_eff_mod,1,0,0,-0.00182706580939383,0,0,0,0,3,2,0.229628696248964,0
test_id,DS06_id,4,71,fan_eff_mod,2,0,0,-0.00788025666820251,0,1,0,1,3,2,0.229628696248964,0
test_id,DS06_id,4,71,fan_flow_mod,3,0,0,-0.0050148684837826,0,1,0,1,3,2,0.229628696248964,0
test_id,DS06_id,4,71,HPC_eff_mod,4,0,-0.157132850455748,-0.133273138490376,1,1,2,2,3,2,0.229628696248964,0
test_id,DS06_id,4,71,HPC_flow_mod,5,0,-0.0597887623563723,-0.0639253553937963,1,1,2,2,3,2,0.229628696248964,0
test_id,DS06_id,4,71,LPT_eff_mod,6,0,0,-0.00125597249077117,0,0,0,0,3,2,0.229628696248964,0
test_id,DS06_id,4,71,LPT_flow_mod,7,0,0,-0.00860890536139709,0,0,0,0,3,2,0.229628696248964,0
test_id,DS06_id,4,71,LPC_eff_mod,8,0,-0.173300291550468,-0.0925001547488834,1,1,2,2,3,2,0.229628696248964,0
test_id,DS06_id,4,71,LPC_flow_mod,9,0,-0.279433976574474,-0.162293079621979,1,1,3,2,3,2,0.229628696248964,0
test_id,DS06_id,4,72,HPT_eff_mod,1,0,0,-0.00182706580939383,0,0,0,0,3,2,0.248483989015165,0
test_id,DS06_id,4,72,fan_eff_mod,2,0,0,-0.0092031153242282,0,1,0,1,3,2,0.248483989015165,0
test_id,DS06_id,4,72,fan_flow_mod,3,0,0,-0.00680644256091699,0,1,0,1,3,2,0.248483989015165,0
test_id,DS06_id,4,72,HPC_eff_mod,4,0,-0.169897299353972,-0.143299728226323,1,1,2,2,3,2,0.248483989015165,0
test_id,DS06_id,4,72,HPC_flow_mod,5,0,-0.0633813710690178,-0.0658348280134162,1,1,2,2,3,2,0.248483989015165,0
test_id,DS06_id,4,72,LPT_eff_mod,6,0,0,-0.00125597249077117,0,0,0,0,3,2,0.248483989015165,0
test_id,DS06_id,4,72,LPT_flow_mod,7,0,0,-0.00860890536139709,0,0,0,0,3,2,0.248483989015165,0
test_id,DS06_id,4,72,LPC_eff_mod,8,0,-0.193545920920928,-0.0995913641025545,1,1,2,2,3,2,0.248483989015165,0
test_id,DS06_id,4,72,LPC_flow_mod,9,0,-0.307265355992386,-0.17191633246178,1,1,3,2,3,2,0.248483989015165,0
test_id,DS06_id,4,73,HPT_eff_mod,1,0,0,-0.00182706580939383,0,0,0,0,3,2,0.287021946426498,0
test_id,DS06_id,4,73,fan_eff_mod,2,0,0,-0.0118355501979812,0,1,0,1,3,2,0.287021946426498,0
test_id,DS06_id,4,73,fan_flow_mod,3,0,0,-0.00854975020138074,0,1,0,1,3,2,0.287021946426498,0
test_id,DS06_id,4,73,HPC_eff_mod,4,0,-0.174160730826564,-0.149902470078369,1,1,2,2,3,2,0.287021946426498,0
test_id,DS06_id,4,73,HPC_flow_mod,5,0,-0.0686398401248076,-0.0732742843122333,1,1,2,2,3,2,0.287021946426498,0
test_id,DS06_id,4,73,LPT_eff_mod,6,0,0,-0.00125597249077117,0,0,0,0,3,2,0.287021946426498,0
test_id,DS06_id,4,73,LPT_flow_mod,7,0,0,-0.00860890536139709,0,0,0,0,3,2,0.287021946426498,0
test_id,DS06_id,4,73,LPC_eff_mod,8,0,-0.216065326821116,-0.107580656278225,1,1,3,2,3,2,0.287021946426498,0
test_id,DS06_id,4,73,LPC_flow_mod,9,0,-0.332042663836189,-0.192048116064043,1,1,3,2,3,2,0.287021946426498,0
test_id,DS06_id,4,74,HPT_eff_mod,1,0,0,-0.00182706580939383,0,0,0,0,3,2,0.285469930465259,0
test_id,DS06_id,4,74,fan_eff_mod,2,0,0,-0.0142009749278531,0,1,0,1,3,2,0.285469930465259,0
test_id,DS06_id,4,74,fan_flow_mod,3,0,0,-0.0103946691461622,0,1,0,1,3,2,0.285469930465259,0
test_id,DS06_id,4,74,HPC_eff_mod,4,0,-0.182277767275463,-0.149902470078369,1,1,2,2,3,2,0.285469930465259,0
test_id,DS06_id,4,74,HPC_flow_mod,5,0,-0.0791637051830145,-0.0837467646938875,1,1,2,2,3,2,0.285469930465259,0
test_id,DS06_id,4,74,LPT_eff_mod,6,0,0,-0.00125597249077117,0,0,0,0,3,2,0.285469930465259,0
test_id,DS06_id,4,74,LPT_flow_mod,7,0,0,-0.00860890536139709,0,0,0,0,3,2,0.285469930465259,0
test_id,DS06_id,4,74,LPC_eff_mod,8,0,-0.24019714857334,-0.115529709931837,1,1,3,2,3,2,0.285469930465259,0
test_id,DS06_id,4,74,LPC_flow_mod,9,0,-0.361339086819396,-0.197506736851438,1,1,3,2,3,2,0.285469930465259,0
test_id,DS06_id,4,75,HPT_eff_mod,1,0,0,-0.00182706580939383,0,0,0,0,3,2,0.33233310692976,0
test_id,DS06_id,4,75,fan_eff_mod,2,0,0,-0.0143015654435868,0,1,0,1,3,2,0.33233310692976,0
test_id,DS06_id,4,75,fan_flow_mod,3,0,0,-0.0103946691461622,0,1,0,1,3,2,0.33233310692976,0
test_id,DS06_id,4,75,HPC_eff_mod,4,0,-0.202368446624974,-0.168699757171238,1,1,2,2,3,2,0.33233310692976,0
test_id,DS06_id,4,75,HPC_flow_mod,5,0,-0.0744029917928666,-0.0837467646938875,1,1,2,2,3,2,0.33233310692976,0
test_id,DS06_id,4,75,LPT_eff_mod,6,0,0,-0.00125597249077117,0,0,0,0,3,2,0.33233310692976,0
test_id,DS06_id,4,75,LPT_flow_mod,7,0,0,-0.00860890536139709,0,0,0,0,3,2,0.33233310692976,0
test_id,DS06_id,4,75,LPC_eff_mod,8,0,-0.269210438144253,-0.125838619788512,1,1,3,2,3,2,0.33233310692976,0
test_id,DS06_id,4,75,LPC_flow_mod,9,0,-0.385891926401133,-0.205821082826842,1,1,3,2,3,2,0.33233310692976,0
test_id,DS06_id,4,76,HPT_eff_mod,1,0,0,-0.00182706580939383,0,0,0,0,3,3,0.350060344435508,0
test_id,DS06_id,4,76,fan_eff_mod,2,0,0,-0.0143015654435868,0,1,0,1,3,3,0.350060344435508,0
test_id,DS06_id,4,76,fan_flow_mod,3,0,0,-0.0103946691461622,0,1,0,1,3,3,0.350060344435508,0
test_id,DS06_id,4,76,HPC_eff_mod,4,0,-0.212600022969091,-0.176019297144602,1,1,3,2,3,3,0.350060344435508,0
test_id,DS06_id,4,76,HPC_flow_mod,5,0,-0.0816866248878922,-0.091165363632187,1,1,2,2,3,3,0.350060344435508,0
test_id,DS06_id,4,76,LPT_eff_mod,6,0,0,-0.00125597249077117,0,0,0,0,3,3,0.350060344435508,0
test_id,DS06_id,4,76,LPT_flow_mod,7,0,0,-0.0143554542300405,0,0,0,0,3,3,0.350060344435508,0
test_id,DS06_id,4,76,LPC_eff_mod,8,0,-0.302339548818825,-0.163381756371338,1,1,3,2,3,3,0.350060344435508,0
test_id,DS06_id,4,76,LPC_flow_mod,9,0,-0.419598980096474,-0.239508512071639,1,1,3,3,3,3,0.350060344435508,0
test_id,DS06_id,4,77,HPT_eff_mod,1,0,0,-0.00182706580939383,0,0,0,0,3,3,0.398173497521514,0
test_id,DS06_id,4,77,fan_eff_mod,2,0,0,-0.0149321467254221,0,1,0,1,3,3,0.398173497521514,0
test_id,DS06_id,4,77,fan_flow_mod,3,0,0,-0.0103946691461622,0,1,0,1,3,3,0.398173497521514,0
test_id,DS06_id,4,77,HPC_eff_mod,4,0,-0.230401352405514,-0.199656962534948,1,1,3,2,3,3,0.398173497521514,0
test_id,DS06_id,4,77,HPC_flow_mod,5,0,-0.0869942709544091,-0.100194583439752,1,1,2,2,3,3,0.398173497521514,0
test_id,DS06_id,4,77,LPT_eff_mod,6,0,0,-0.00125597249077117,0,0,0,0,3,3,0.398173497521514,0
test_id,DS06_id,4,77,LPT_flow_mod,7,0,0,-0.0143554542300405,0,0,0,0,3,3,0.398173497521514,0
test_id,DS06_id,4,77,LPC_eff_mod,8,0,-0.339458625948872,-0.189286073397475,1,1,3,2,3,3,0.398173497521514,0
test_id,DS06_id,4,77,LPC_flow_mod,9,0,-0.463941869352802,-0.266433308243469,1,1,3,3,3,3,0.398173497521514,0
test_id,DS06_id,4,78,HPT_eff_mod,1,0,0,-0.00182706580939383,0,0,0,0,3,3,0.422203797543402,0
test_id,DS06_id,4,78,fan_eff_mod,2,0,0,-0.0184750704474615,0,1,0,1,3,3,0.422203797543402,0
test_id,DS06_id,4,78,fan_flow_mod,3,0,0,-0.0132240703016044,0,1,0,1,3,3,0.422203797543402,0
test_id,DS06_id,4,78,HPC_eff_mod,4,0,-0.242897291059572,-0.203751536269959,1,1,3,2,3,3,0.422203797543402,0
test_id,DS06_id,4,78,HPC_flow_mod,5,0,-0.0977860615728738,-0.112997658433883,1,1,2,2,3,3,0.422203797543402,0
test_id,DS06_id,4,78,LPT_eff_mod,6,0,0,-0.00125597249077117,0,0,0,0,3,3,0.422203797543402,0
test_id,DS06_id,4,78,LPT_flow_mod,7,0,0,-0.0143554542300405,0,0,0,0,3,3,0.422203797543402,0
test_id,DS06_id,4,78,LPC_eff_mod,8,0,-0.379619533690307,-0.200954907616969,1,1,3,2,3,3,0.422203797543402,0
test_id,DS06_id,4,78,LPC_flow_mod,9,0,-0.49721147785655,-0.272438811821574,1,1,3,3,3,3,0.422203797543402,0
test_id,DS06_id,4,79,HPT_eff_mod,1,0,0,-0.00182706580939383,0,0,0,0,3,3,0.492228108144263,0
test_id,DS06_id,4,79,fan_eff_mod,2,0,0,-0.0184750704474615,0,1,0,1,3,3,0.492228108144263,0
test_id,DS06_id,4,79,fan_flow_mod,3,0,0,-0.0132240703016044,0,1,0,1,3,3,0.492228108144263,0
test_id,DS06_id,4,79,HPC_eff_mod,4,0,-0.26013630228619,-0.231065292472983,1,1,3,3,3,3,0.492228108144263,0
test_id,DS06_id,4,79,HPC_flow_mod,5,0,-0.0957468654370535,-0.115303841422939,1,1,2,2,3,3,0.492228108144263,0
test_id,DS06_id,4,79,LPT_eff_mod,6,0,0,-0.00125597249077117,0,0,0,0,3,3,0.492228108144263,0
test_id,DS06_id,4,79,LPT_flow_mod,7,0,0,-0.0158252223219961,0,0,0,0,3,3,0.492228108144263,0
test_id,DS06_id,4,79,LPC_eff_mod,8,0,-0.426920439208733,-0.244611976789097,1,1,3,3,3,3,0.492228108144263,0
test_id,DS06_id,4,79,LPC_flow_mod,9,0,-0.541563239675949,-0.317248318955971,1,1,3,3,3,3,0.492228108144263,0
test_id,DS06_id,4,80,HPT_eff_mod,1,0,0,-0.00182706580939383,0,0,0,0,3,3,0.527016075488175,1
test_id,DS06_id,4,80,fan_eff_mod,2,0,0,-0.0189056354937358,0,1,0,1,3,3,0.527016075488175,1
test_id,DS06_id,4,80,fan_flow_mod,3,0,0,-0.0132240703016044,0,1,0,1,3,3,0.527016075488175,1
test_id,DS06_id,4,80,HPC_eff_mod,4,0,-0.27561151344926,-0.243438902694871,1,1,3,3,3,3,0.527016075488175,1
test_id,DS06_id,4,80,HPC_flow_mod,5,0,-0.103884266494775,-0.128709596576227,1,1,2,2,3,3,0.527016075488175,1
test_id,DS06_id,4,80,LPT_eff_mod,6,0,0,-0.00125597249077117,0,0,0,0,3,3,0.527016075488175,1
test_id,DS06_id,4,80,LPT_flow_mod,7,0,0,-0.0187456786955002,0,0,0,0,3,3,0.527016075488175,1
test_id,DS06_id,4,80,LPC_eff_mod,8,0,-0.478718236509556,-0.284573544669028,1,1,3,3,3,3,0.527016075488175,1
test_id,DS06_id,4,80,LPC_flow_mod,9,0,-0.582719657916785,-0.340638611338086,1,1,3,3,3,3,0.527016075488175,1
test_id,DS06_id,4,81,HPT_eff_mod,1,0,0,-0.00182706580939383,0,0,0,0,3,3,0.598903483614124,1
test_id,DS06_id,4,81,fan_eff_mod,2,0,0,-0.0223060739652325,0,1,0,1,3,3,0.598903483614124,1
test_id,DS06_id,4,81,fan_flow_mod,3,0,0,-0.0157453204126277,0,1,0,1,3,3,0.598903483614124,1
test_id,DS06_id,4,81,HPC_eff_mod,4,0,-0.281285616758544,-0.243438902694871,1,1,3,3,3,3,0.598903483614124,1
test_id,DS06_id,4,81,HPC_flow_mod,5,0,-0.100108202788271,-0.129519987788063,1,1,2,2,3,3,0.598903483614124,1
test_id,DS06_id,4,81,LPT_eff_mod,6,0,0,-0.00125597249077117,0,0,0,0,3,3,0.598903483614124,1
test_id,DS06_id,4,81,LPT_flow_mod,7,0,0,-0.0187456786955002,0,0,0,0,3,3,0.598903483614124,1
test_id,DS06_id,4,81,LPC_eff_mod,8,0,-0.539587526802757,-0.31514610403185,1,1,3,3,3,3,0.598903483614124,1
test_id,DS06_id,4,81,LPC_flow_mod,9,0,-0.643339774123341,-0.375640350812136,1,1,3,3,3,3,0.598903483614124,1
test_id,DS06_id,4,82,HPT_eff_mod,1,0,0,-0.00182706580939383,0,0,0,0,3,3,0.621102951478363,1
test_id,DS06_id,4,82,fan_eff_mod,2,0,0,-0.0228787553422167,0,1,0,1,3,3,0.621102951478363,1
test_id,DS06_id,4,82,fan_flow_mod,3,0,0,-0.0165513334206657,0,1,0,1,3,3,0.621102951478363,1
test_id,DS06_id,4,82,HPC_eff_mod,4,0,-0.310594365626517,-0.272767442442162,1,1,3,3,3,3,0.621102951478363,1
test_id,DS06_id,4,82,HPC_flow_mod,5,0,-0.111877811335102,-0.145718675312482,1,1,2,2,3,3,0.621102951478363,1
test_id,DS06_id,4,82,LPT_eff_mod,6,0,0,-0.00125597249077117,0,0,0,0,3,3,0.621102951478363,1
test_id,DS06_id,4,82,LPT_flow_mod,7,0,0,-0.0196629013796996,0,0,0,0,3,3,0.621102951478363,1
test_id,DS06_id,4,82,LPC_eff_mod,8,0,-0.608825001630292,-0.3456016186073,1,1,3,3,3,3,0.621102951478363,1
test_id,DS06_id,4,82,LPC_flow_mod,9,0,-0.692960990451758,-0.376552929135718,1,1,3,3,3,3,0.621102951478363,1
test_id,DS06_id,4,83,HPT_eff_mod,1,0,0,-0.00182706580939383,0,0,0,0,3,3,0.716735982823233,1
test_id,DS06_id,4,83,fan_eff_mod,2,0,0,-0.0250212549319135,0,1,0,1,3,3,0.716735982823233,1
test_id,DS06_id,4,83,fan_flow_mod,3,0,0,-0.0191336867914996,0,1,0,1,3,3,0.716735982823233,1
test_id,DS06_id,4,83,HPC_eff_mod,4,0,-0.326027049006038,-0.291608041509591,1,1,3,3,3,3,0.716735982823233,1
test_id,DS06_id,4,83,HPC_flow_mod,5,0,-0.112656673229727,-0.155647279634553,1,1,2,2,3,3,0.716735982823233,1
test_id,DS06_id,4,83,LPT_eff_mod,6,0,0,-0.00125597249077117,0,0,0,0,3,3,0.716735982823233,1
test_id,DS06_id,4,83,LPT_flow_mod,7,0,0,-0.0201587000972175,0,0,0,0,3,3,0.716735982823233,1
test_id,DS06_id,4,83,LPC_eff_mod,8,0,-0.685049125617856,-0.420828803793706,1,1,3,3,3,3,0.716735982823233,1
test_id,DS06_id,4,83,LPC_flow_mod,9,0,-0.761698500418589,-0.453688147556827,1,1,3,3,3,3,0.716735982823233,1
test_id,DS06_id,4,84,HPT_eff_mod,1,0,0,-0.00182706580939383,0,0,0,0,3,3,0.78720204346346,1
test_id,DS06_id,4,84,fan_eff_mod,2,0,0,-0.0275877393498835,0,1,0,1,3,3,0.78720204346346,1
test_id,DS06_id,4,84,fan_flow_mod,3,0,0,-0.0208328862680151,0,1,0,1,3,3,0.78720204346346,1
test_id,DS06_id,4,84,HPC_eff_mod,4,0,-0.345794448675724,-0.315667725086493,1,1,3,3,3,3,0.78720204346346,1
test_id,DS06_id,4,84,HPC_flow_mod,5,0,-0.120245816651175,-0.170253050094386,1,1,2,2,3,3,0.78720204346346,1
test_id,DS06_id,4,84,LPT_eff_mod,6,0,0,-0.00125597249077117,0,0,0,0,3,3,0.78720204346346,1
test_id,DS06_id,4,84,LPT_flow_mod,7,0,0,-0.0201587000972175,0,1,0,1,3,3,0.78720204346346,1
test_id,DS06_id,4,84,LPC_eff_mod,8,0,-0.774998452710148,-0.485054898267839,1,1,3,3,3,3,0.78720204346346,1
test_id,DS06_id,4,84,LPC_flow_mod,9,0,-0.819351621988121,-0.488754542195132,1,1,3,3,3,3,0.78720204346346,1
test_id,DS06_id,4,85,HPT_eff_mod,1,0,0,-0.00182706580939383,0,0,0,0,3,3,0.896860903811778,1
test_id,DS06_id,4,85,fan_eff_mod,2,0,0,-0.0310557427043658,0,1,0,2,3,3,0.896860903811778,1
test_id,DS06_id,4,85,fan_flow_mod,3,0,0,-0.0247933048810224,0,1,0,1,3,3,0.896860903811778,1
test_id,DS06_id,4,85,HPC_eff_mod,4,0,-0.368783677891227,-0.344415764319351,1,1,3,3,3,3,0.896860903811778,1
test_id,DS06_id,4,85,HPC_flow_mod,5,0,-0.134257553308993,-0.193337973292453,1,1,2,2,3,3,0.896860903811778,1
test_id,DS06_id,4,85,LPT_eff_mod,6,0,0,-0.00125597249077117,0,0,0,0,3,3,0.896860903811778,1
test_id,DS06_id,4,85,LPT_flow_mod,7,0,0,-0.0201587000972175,0,1,0,1,3,3,0.896860903811778,1
test_id,DS06_id,4,85,LPC_eff_mod,8,0,-0.875310004452095,-0.532374731286226,1,1,3,3,3,3,0.896860903811778,1
test_id,DS06_id,4,85,LPC_flow_mod,9,0,-0.902373946866868,-0.532030509120389,1,1,3,3,3,3,0.896860903811778,1
test_id,DS06_id,4,86,HPT_eff_mod,1,0,0,-0.00182706580939383,0,0,0,0,3,3,0.955836956711742,1
test_id,DS06_id,4,86,fan_eff_mod,2,0,0,-0.0349860958525168,0,1,0,2,3,3,0.955836956711742,1
test_id,DS06_id,4,86,fan_flow_mod,3,0,0,-0.0263733240684973,0,1,0,1,3,3,0.955836956711742,1
test_id,DS06_id,4,86,HPC_eff_mod,4,0,-0.3983408619981,-0.370562288837149,1,1,3,3,3,3,0.955836956711742,1
test_id,DS06_id,4,86,HPC_flow_mod,5,0,-0.140175234709222,-0.203115939075915,1,1,2,2,3,3,0.955836956711742,1
test_id,DS06_id,4,86,LPT_eff_mod,6,0,0,-0.00125597249077117,0,0,0,0,3,3,0.955836956711742,1
test_id,DS06_id,4,86,LPT_flow_mod,7,0,0,-0.0201587000972175,0,1,0,1,3,3,0.955836956711742,1
test_id,DS06_id,4,86,LPC_eff_mod,8,0,-0.990663334529776,-0.613495001219839,1,1,3,3,3,3,0.955836956711742,1
test_id,DS06_id,4,86,LPC_flow_mod,9,0,-0.974644865703234,-0.541716822822589,1,1,3,3,3,3,0.955836956711742,1
test_id,DS06_id,4,87,HPT_eff_mod,1,0,0,-0.00182706580939383,0,0,0,0,3,3,1.11026953689537,1
test_id,DS06_id,4,87,fan_eff_mod,2,0,0,-0.0379376388095203,0,1,0,2,3,3,1.11026953689537,1
test_id,DS06_id,4,87,fan_flow_mod,3,0,0,-0.0281662888849079,0,1,0,1,3,3,1.11026953689537,1
test_id,DS06_id,4,87,HPC_eff_mod,4,0,-0.417581243595497,-0.402570972360688,1,1,3,3,3,3,1.11026953689537,1
test_id,DS06_id,4,87,HPC_flow_mod,5,0,-0.142743249450373,-0.223702272172781,1,1,2,3,3,3,1.11026953689537,1
test_id,DS06_id,4,87,LPT_eff_mod,6,0,0,-0.00125597249077117,0,0,0,0,3,3,1.11026953689537,1
test_id,DS06_id,4,87,LPT_flow_mod,7,0,0,-0.0369230265948906,0,1,0,2,3,3,1.11026953689537,1
test_id,DS06_id,4,87,LPC_eff_mod,8,0,-1.12184891038788,-0.773514565889024,1,1,3,3,3,3,1.11026953689537,1
test_id,DS06_id,4,87,LPC_flow_mod,9,0,-1.06043895194038,-0.635836020159937,1,1,3,3,3,3,1.11026953689537,1
ood_combo,DS02,11,1,HPT_eff_mod,1,1,-0.00443683234291347,-0,0,0,0,0,0,0,0.165724481052578,0
ood_combo,DS02,11,1,fan_eff_mod,2,1,0,-0,0,0,0,0,0,0,0.165724481052578,0
ood_combo,DS02,11,1,fan_flow_mod,3,1,0,-0,0,0,0,0,0,0,0.165724481052578,0
ood_combo,DS02,11,1,HPC_eff_mod,4,1,0,-0,0,0,0,0,0,0,0.165724481052578,0
ood_combo,DS02,11,1,HPC_flow_mod,5,1,0,-0,0,0,0,0,0,0,0.165724481052578,0
ood_combo,DS02,11,1,LPT_eff_mod,6,1,-0.00169828788019301,-0,0,0,0,0,0,0,0.165724481052578,0
ood_combo,DS02,11,1,LPT_flow_mod,7,1,0.00142161148231883,-0,0,0,0,0,0,0,0.165724481052578,0
ood_combo,DS02,11,1,LPC_eff_mod,8,1,0,-0,0,0,0,0,0,0,0.165724481052578,0
ood_combo,DS02,11,1,LPC_flow_mod,9,1,0,-0,0,0,0,0,0,0,0.165724481052578,0
ood_combo,DS02,11,2,HPT_eff_mod,1,1,0.00779835251880204,-0,0,0,0,0,0,0,0.192148933039396,0
ood_combo,DS02,11,2,fan_eff_mod,2,1,0,-0,0,0,0,0,0,0,0.192148933039396,0
ood_combo,DS02,11,2,fan_flow_mod,3,1,0,-0.00087297245393115,0,0,0,0,0,0,0.192148933039396,0
ood_combo,DS02,11,2,HPC_eff_mod,4,1,0,-0,0,0,0,0,0,0,0.192148933039396,0
ood_combo,DS02,11,2,HPC_flow_mod,5,1,0,-0,0,0,0,0,0,0,0.192148933039396,0
ood_combo,DS02,11,2,LPT_eff_mod,6,1,0.00305546695619007,-0,0,0,0,0,0,0,0.192148933039396,0
ood_combo,DS02,11,2,LPT_flow_mod,7,1,-0.00426735718455123,-0.00258124097827248,0,0,0,0,0,0,0.192148933039396,0
ood_combo,DS02,11,2,LPC_eff_mod,8,1,0,-0,0,0,0,0,0,0,0.192148933039396,0
ood_combo,DS02,11,2,LPC_flow_mod,9,1,0,-0,0,0,0,0,0,0,0.192148933039396,0
ood_combo,DS02,11,3,HPT_eff_mod,1,1,-0.00336152017588771,-0,0,0,0,0,0,0,0.154790851361882,0
ood_combo,DS02,11,3,fan_eff_mod,2,1,0,-0,0,0,0,0,0,0,0.154790851361882,0
ood_combo,DS02,11,3,fan_flow_mod,3,1,0,-0.00087297245393115,0,0,0,0,0,0,0.154790851361882,0
ood_combo,DS02,11,3,HPC_eff_mod,4,1,0,-0,0,0,0,0,0,0,0.154790851361882,0
ood_combo,DS02,11,3,HPC_flow_mod,5,1,0,-0,0,0,0,0,0,0,0.154790851361882,0
ood_combo,DS02,11,3,LPT_eff_mod,6,1,-0.00135717907599673,-0,0,0,0,0,0,0,0.154790851361882,0
ood_combo,DS02,11,3,LPT_flow_mod,7,1,0.0028457457022318,-0.00258124097827248,0,0,0,0,0,0,0.154790851361882,0
ood_combo,DS02,11,3,LPC_eff_mod,8,1,0,-0,0,0,0,0,0,0,0.154790851361882,0
ood_combo,DS02,11,3,LPC_flow_mod,9,1,0,-0,0,0,0,0,0,0,0.154790851361882,0
ood_combo,DS02,11,4,HPT_eff_mod,1,1,-0.00533339064244089,-0.00501542034450566,0,0,0,0,0,0,0.109986628958224,0
ood_combo,DS02,11,4,fan_eff_mod,2,1,0,-0,0,0,0,0,0,0,0.109986628958224,0
ood_combo,DS02,11,4,fan_flow_mod,3,1,0,-0.00087297245393115,0,0,0,0,0,0,0.109986628958224,0
ood_combo,DS02,11,4,HPC_eff_mod,4,1,0,-0,0,0,0,0,0,0,0.109986628958224,0
ood_combo,DS02,11,4,HPC_flow_mod,5,1,0,-0,0,0,0,0,0,0,0.109986628958224,0
ood_combo,DS02,11,4,LPT_eff_mod,6,1,-0.00244712083544048,-0,0,0,0,0,0,0,0.109986628958224,0
ood_combo,DS02,11,4,LPT_flow_mod,7,1,-0.00908879396050109,-0.00579026322123752,0,0,0,0,0,0,0.109986628958224,0
ood_combo,DS02,11,4,LPC_eff_mod,8,1,0,-0,0,0,0,0,0,0,0.109986628958224,0
ood_combo,DS02,11,4,LPC_flow_mod,9,1,0,-0,0,0,0,0,0,0,0.109986628958224,0
ood_combo,DS02,11,5,HPT_eff_mod,1,1,-0.0106269585910242,-0.00501542034450566,0,0,0,0,0,0,0.121066487054761,0
ood_combo,DS02,11,5,fan_eff_mod,2,1,0,-0,0,0,0,0,0,0,0.121066487054761,0
ood_combo,DS02,11,5,fan_flow_mod,3,1,0,-0.00087297245393115,0,0,0,0,0,0,0.121066487054761,0
ood_combo,DS02,11,5,HPC_eff_mod,4,1,0,-0,0,0,0,0,0,0,0.121066487054761,0
ood_combo,DS02,11,5,HPC_flow_mod,5,1,0,-0,0,0,0,0,0,0,0.121066487054761,0
ood_combo,DS02,11,5,LPT_eff_mod,6,1,0.0055632238440038,-0,0,0,0,0,0,0,0.121066487054761,0
ood_combo,DS02,11,5,LPT_flow_mod,7,1,-0.00598035254951349,-0.00579026322123752,0,0,0,0,0,0,0.121066487054761,0
ood_combo,DS02,11,5,LPC_eff_mod,8,1,0,-0,0,0,0,0,0,0,0.121066487054761,0
ood_combo,DS02,11,5,LPC_flow_mod,9,1,0,-0,0,0,0,0,0,0,0.121066487054761,0
ood_combo,DS02,11,6,HPT_eff_mod,1,1,2.57016340230523e-05,-0.00501542034450566,0,0,0,0,0,0,0.169633243178737,0
ood_combo,DS02,11,6,fan_eff_mod,2,1,0,-0,0,0,0,0,0,0,0.169633243178737,0
ood_combo,DS02,11,6,fan_flow_mod,3,1,0,-0.00087297245393115,0,0,0,0,0,0,0.169633243178737,0
ood_combo,DS02,11,6,HPC_eff_mod,4,1,0,-0,0,0,0,0,0,0,0.169633243178737,0
ood_combo,DS02,11,6,HPC_flow_mod,5,1,0,-0,0,0,0,0,0,0,0.169633243178737,0
ood_combo,DS02,11,6,LPT_eff_mod,6,1,0.00445366212889056,-0,0,0,0,0,0,0,0.169633243178737,0
ood_combo,DS02,11,6,LPT_flow_mod,7,1,-0.00147936273726544,-0.00579026322123752,0,0,0,0,0,0,0.169633243178737,0
ood_combo,DS02,11,6,LPC_eff_mod,8,1,0,-0,0,0,0,0,0,0,0.169633243178737,0
ood_combo,DS02,11,6,LPC_flow_mod,9,1,0,-0,0,0,0,0,0,0,0.169633243178737,0
ood_combo,DS02,11,7,HPT_eff_mod,1,1,-0.0170178940115712,-0.0130842303012423,0,0,0,0,0,0,0.161371356218659,0
ood_combo,DS02,11,7,fan_eff_mod,2,1,0,-0,0,0,0,0,0,0,0.161371356218659,0
ood_combo,DS02,11,7,fan_flow_mod,3,1,0,-0.00087297245393115,0,0,0,0,0,0,0.161371356218659,0
ood_combo,DS02,11,7,HPC_eff_mod,4,1,0,-0,0,0,0,0,0,0,0.161371356218659,0
ood_combo,DS02,11,7,HPC_flow_mod,5,1,0,-0,0,0,0,0,0,0,0.161371356218659,0
ood_combo,DS02,11,7,LPT_eff_mod,6,1,-0.00103131012265579,-0,0,0,0,0,0,0,0.161371356218659,0
ood_combo,DS02,11,7,LPT_flow_mod,7,1,-0.00946060088455968,-0.00579026322123752,0,0,0,0,0,0,0.161371356218659,0
ood_combo,DS02,11,7,LPC_eff_mod,8,1,0,-0,0,0,0,0,0,0,0.161371356218659,0
ood_combo,DS02,11,7,LPC_flow_mod,9,1,0,-0,0,0,0,0,0,0,0.161371356218659,0
ood_combo,DS02,11,8,HPT_eff_mod,1,1,-0.0121704483773328,-0.0130842303012423,0,0,0,0,0,0,0.405604623421439,0
ood_combo,DS02,11,8,fan_eff_mod,2,1,0,-0,0,0,0,0,0,0,0.405604623421439,0
ood_combo,DS02,11,8,fan_flow_mod,3,1,0,-0.00087297245393115,0,0,0,0,0,0,0.405604623421439,0
ood_combo,DS02,11,8,HPC_eff_mod,4,1,0,-0,0,0,0,0,0,0,0.405604623421439,0
ood_combo,DS02,11,8,HPC_flow_mod,5,1,0,-0,0,0,0,0,0,0,0.405604623421439,0
ood_combo,DS02,11,8,LPT_eff_mod,6,1,-0.00619404922987989,-0,0,0,0,0,0,0,0.405604623421439,0
ood_combo,DS02,11,8,LPT_flow_mod,7,1,-0.00817953682021547,-0.00579026322123752,0,0,0,0,0,0,0.405604623421439,0
ood_combo,DS02,11,8,LPC_eff_mod,8,1,0,-0,0,0,0,0,0,0,0.405604623421439,0
ood_combo,DS02,11,8,LPC_flow_mod,9,1,0,-0,0,0,0,0,0,0,0.405604623421439,0
ood_combo,DS02,11,9,HPT_eff_mod,1,1,-0.0180410731498191,-0.0175825126406923,0,0,0,0,0,0,0.359140897572898,0
ood_combo,DS02,11,9,fan_eff_mod,2,1,0,-0,0,0,0,0,0,0,0.359140897572898,0
ood_combo,DS02,11,9,fan_flow_mod,3,1,0,-0.00087297245393115,0,0,0,0,0,0,0.359140897572898,0
ood_combo,DS02,11,9,HPC_eff_mod,4,1,0,-0,0,0,0,0,0,0,0.359140897572898,0
ood_combo,DS02,11,9,HPC_flow_mod,5,1,0,-0,0,0,0,0,0,0,0.359140897572898,0
ood_combo,DS02,11,9,LPT_eff_mod,6,1,0.000975888557650641,-0.000342768940667562,0,0,0,0,0,0,0.359140897572898,0
ood_combo,DS02,11,9,LPT_flow_mod,7,1,-0.00248784946456271,-0.00579026322123752,0,0,0,0,0,0,0.359140897572898,0
ood_combo,DS02,11,9,LPC_eff_mod,8,1,0,-0,0,0,0,0,0,0,0.359140897572898,0
ood_combo,DS02,11,9,LPC_flow_mod,9,1,0,-0,0,0,0,0,0,0,0.359140897572898,0
ood_combo,DS02,11,10,HPT_eff_mod,1,1,-0.00440830270879996,-0.0175825126406923,0,0,0,0,0,0,0.135264503051016,0
ood_combo,DS02,11,10,fan_eff_mod,2,1,0,-0,0,0,0,0,0,0,0.135264503051016,0
ood_combo,DS02,11,10,fan_flow_mod,3,1,0,-0.00087297245393115,0,0,0,0,0,0,0.135264503051016,0
ood_combo,DS02,11,10,HPC_eff_mod,4,1,0,-0,0,0,0,0,0,0,0.135264503051016,0
ood_combo,DS02,11,10,HPC_flow_mod,5,1,0,-0,0,0,0,0,0,0,0.135264503051016,0
ood_combo,DS02,11,10,LPT_eff_mod,6,1,-0.00434389127774663,-0.000342768940667562,0,0,0,0,0,0,0.135264503051016,0
ood_combo,DS02,11,10,LPT_flow_mod,7,1,-0.0124789300412306,-0.00579026322123752,0,0,0,0,0,0,0.135264503051016,0
ood_combo,DS02,11,10,LPC_eff_mod,8,1,0,-0,0,0,0,0,0,0,0.135264503051016,0
ood_combo,DS02,11,10,LPC_flow_mod,9,1,0,-0,0,0,0,0,0,0,0.135264503051016,0
ood_combo,DS02,11,11,HPT_eff_mod,1,1,-0.0198279421705293,-0.0175825126406923,0,1,0,1,0,1,0.135612221843938,0
ood_combo,DS02,11,11,fan_eff_mod,2,1,0,-0,0,0,0,0,0,1,0.135612221843938,0
ood_combo,DS02,11,11,fan_flow_mod,3,1,0,-0.00087297245393115,0,0,0,0,0,1,0.135612221843938,0
ood_combo,DS02,11,11,HPC_eff_mod,4,1,0,-0,0,0,0,0,0,1,0.135612221843938,0
ood_combo,DS02,11,11,HPC_flow_mod,5,1,0,-0,0,0,0,0,0,1,0.135612221843938,0
ood_combo,DS02,11,11,LPT_eff_mod,6,1,-0.00381746411890683,-0.000342768940667562,0,0,0,0,0,1,0.135612221843938,0
ood_combo,DS02,11,11,LPT_flow_mod,7,1,-0.00741683501412613,-0.00710927206744658,0,0,0,0,0,1,0.135612221843938,0
ood_combo,DS02,11,11,LPC_eff_mod,8,1,0,-0,0,0,0,0,0,1,0.135612221843938,0
ood_combo,DS02,11,11,LPC_flow_mod,9,1,0,-0,0,0,0,0,0,1,0.135612221843938,0
ood_combo,DS02,11,12,HPT_eff_mod,1,1,-0.00933083729440753,-0.0175825126406923,0,1,0,1,0,1,0.226968036539364,0
ood_combo,DS02,11,12,fan_eff_mod,2,1,0,-0,0,0,0,0,0,1,0.226968036539364,0
ood_combo,DS02,11,12,fan_flow_mod,3,1,0,-0.00087297245393115,0,0,0,0,0,1,0.226968036539364,0
ood_combo,DS02,11,12,HPC_eff_mod,4,1,0,-0,0,0,0,0,0,1,0.226968036539364,0
ood_combo,DS02,11,12,HPC_flow_mod,5,1,0,-0,0,0,0,0,0,1,0.226968036539364,0
ood_combo,DS02,11,12,LPT_eff_mod,6,1,-0.00351580549120779,-0.000342768940667562,0,0,0,0,0,1,0.226968036539364,0
ood_combo,DS02,11,12,LPT_flow_mod,7,1,-0.00784200948615315,-0.00710927206744658,0,0,0,0,0,1,0.226968036539364,0
ood_combo,DS02,11,12,LPC_eff_mod,8,1,0,-0,0,0,0,0,0,1,0.226968036539364,0
ood_combo,DS02,11,12,LPC_flow_mod,9,1,0,-0,0,0,0,0,0,1,0.226968036539364,0
ood_combo,DS02,11,13,HPT_eff_mod,1,1,-0.0119628214806164,-0.0175825126406923,0,1,0,1,0,1,0.246825201035555,0
ood_combo,DS02,11,13,fan_eff_mod,2,1,0,-0,0,0,0,0,0,1,0.246825201035555,0
ood_combo,DS02,11,13,fan_flow_mod,3,1,0,-0.00087297245393115,0,0,0,0,0,1,0.246825201035555,0
ood_combo,DS02,11,13,HPC_eff_mod,4,1,0,-0,0,0,0,0,0,1,0.246825201035555,0
ood_combo,DS02,11,13,HPC_flow_mod,5,1,0,-0,0,0,0,0,0,1,0.246825201035555,0
ood_combo,DS02,11,13,LPT_eff_mod,6,1,-0.00164564316895242,-0.000342768940667562,0,0,0,0,0,1,0.246825201035555,0
ood_combo,DS02,11,13,LPT_flow_mod,7,1,-0.00943082340608867,-0.00710927206744658,0,0,0,0,0,1,0.246825201035555,0
ood_combo,DS02,11,13,LPC_eff_mod,8,1,0,-0,0,0,0,0,0,1,0.246825201035555,0
ood_combo,DS02,11,13,LPC_flow_mod,9,1,0,-0,0,0,0,0,0,1,0.246825201035555,0
ood_combo,DS02,11,14,HPT_eff_mod,1,1,-0.0126819635193693,-0.0175825126406923,0,1,0,1,0,1,0.0790480863190501,0
ood_combo,DS02,11,14,fan_eff_mod,2,1,0,-0,0,0,0,0,0,1,0.0790480863190501,0
ood_combo,DS02,11,14,fan_flow_mod,3,1,0,-0.00087297245393115,0,0,0,0,0,1,0.0790480863190501,0
ood_combo,DS02,11,14,HPC_eff_mod,4,1,0,-0,0,0,0,0,0,1,0.0790480863190501,0
ood_combo,DS02,11,14,HPC_flow_mod,5,1,0,-0,0,0,0,0,0,1,0.0790480863190501,0
ood_combo,DS02,11,14,LPT_eff_mod,6,1,-0.000660926795472749,-0.00739331777153208,0,0,0,0,0,1,0.0790480863190501,0
ood_combo,DS02,11,14,LPT_flow_mod,7,1,-0.00616954987752631,-0.00710927206744658,0,0,0,0,0,1,0.0790480863190501,0
ood_combo,DS02,11,14,LPC_eff_mod,8,1,0,-0,0,0,0,0,0,1,0.0790480863190501,0
ood_combo,DS02,11,14,LPC_flow_mod,9,1,0,-0,0,0,0,0,0,1,0.0790480863190501,0
ood_combo,DS02,11,15,HPT_eff_mod,1,1,-0.0109376792147225,-0.0175825126406923,0,1,0,1,0,1,0.146947197085182,0
ood_combo,DS02,11,15,fan_eff_mod,2,1,0,-0,0,0,0,0,0,1,0.146947197085182,0
ood_combo,DS02,11,15,fan_flow_mod,3,1,0,-0.00087297245393115,0,0,0,0,0,1,0.146947197085182,0
ood_combo,DS02,11,15,HPC_eff_mod,4,1,0,-0,0,0,0,0,0,1,0.146947197085182,0
ood_combo,DS02,11,15,HPC_flow_mod,5,1,0,-0,0,0,0,0,0,1,0.146947197085182,0
ood_combo,DS02,11,15,LPT_eff_mod,6,1,-0.00950334039418842,-0.00880799064968112,0,0,0,0,0,1,0.146947197085182,0
ood_combo,DS02,11,15,LPT_flow_mod,7,1,-0.013457798955717,-0.00710927206744658,0,0,0,0,0,1,0.146947197085182,0
ood_combo,DS02,11,15,LPC_eff_mod,8,1,0,-0,0,0,0,0,0,1,0.146947197085182,0
ood_combo,DS02,11,15,LPC_flow_mod,9,1,0,-0,0,0,0,0,0,1,0.146947197085182,0
ood_combo,DS02,11,16,HPT_eff_mod,1,1,-0.0260877053736371,-0.0204594214851282,0,1,0,1,0,1,0.259028837941927,0
ood_combo,DS02,11,16,fan_eff_mod,2,1,0,-0,0,0,0,0,0,1,0.259028837941927,0
ood_combo,DS02,11,16,fan_flow_mod,3,1,0,-0.00087297245393115,0,0,0,0,0,1,0.259028837941927,0
ood_combo,DS02,11,16,HPC_eff_mod,4,1,0,-0,0,0,0,0,0,1,0.259028837941927,0
ood_combo,DS02,11,16,HPC_flow_mod,5,1,0,-0,0,0,0,0,0,1,0.259028837941927,0
ood_combo,DS02,11,16,LPT_eff_mod,6,1,-0.0111927484254285,-0.00880799064968112,0,0,0,0,0,1,0.259028837941927,0
ood_combo,DS02,11,16,LPT_flow_mod,7,1,-0.0142404767084475,-0.00710927206744658,0,0,0,0,0,1,0.259028837941927,0
ood_combo,DS02,11,16,LPC_eff_mod,8,1,0,-0,0,0,0,0,0,1,0.259028837941927,0
ood_combo,DS02,11,16,LPC_flow_mod,9,1,0,-0,0,0,0,0,0,1,0.259028837941927,0
ood_combo,DS02,11,17,HPT_eff_mod,1,1,-0.0116424359894976,-0.0204594214851282,0,1,0,1,0,1,0.223124137509934,0
ood_combo,DS02,11,17,fan_eff_mod,2,1,0,-0,0,0,0,0,0,1,0.223124137509934,0
ood_combo,DS02,11,17,fan_flow_mod,3,1,0,-0.00087297245393115,0,0,0,0,0,1,0.223124137509934,0
ood_combo,DS02,11,17,HPC_eff_mod,4,1,0,-0,0,0,0,0,0,1,0.223124137509934,0
ood_combo,DS02,11,17,HPC_flow_mod,5,1,0,-0,0,0,0,0,0,1,0.223124137509934,0
ood_combo,DS02,11,17,LPT_eff_mod,6,1,-0.00768001827401154,-0.00880799064968112,0,0,0,0,0,1,0.223124137509934,0
ood_combo,DS02,11,17,LPT_flow_mod,7,1,-0.00561208072973286,-0.00710927206744658,0,0,0,0,0,1,0.223124137509934,0
ood_combo,DS02,11,17,LPC_eff_mod,8,1,0,-0,0,0,0,0,0,1,0.223124137509934,0
ood_combo,DS02,11,17,LPC_flow_mod,9,1,0,-0,0,0,0,0,0,1,0.223124137509934,0
ood_combo,DS02,11,18,HPT_eff_mod,1,1,-0.00901657615141224,-0.0204594214851282,0,1,0,1,0,1,0.120838889232089,0
ood_combo,DS02,11,18,fan_eff_mod,2,1,0,-0,0,0,0,0,0,1,0.120838889232089,0
ood_combo,DS02,11,18,fan_flow_mod,3,1,0,-0.00087297245393115,0,0,0,0,0,1,0.120838889232089,0
ood_combo,DS02,11,18,HPC_eff_mod,4,1,0,-0,0,0,0,0,0,1,0.120838889232089,0
ood_combo,DS02,11,18,HPC_flow_mod,5,1,0,-0,0,0,0,0,0,1,0.120838889232089,0
ood_combo,DS02,11,18,LPT_eff_mod,6,1,-0.00664322183439749,-0.00880799064968112,0,0,0,0,0,1,0.120838889232089,0
ood_combo,DS02,11,18,LPT_flow_mod,7,1,-0.0105317012967368,-0.00710927206744658,0,0,0,0,0,1,0.120838889232089,0
ood_combo,DS02,11,18,LPC_eff_mod,8,1,0,-0,0,0,0,0,0,1,0.120838889232089,0
ood_combo,DS02,11,18,LPC_flow_mod,9,1,0,-0,0,0,0,0,0,1,0.120838889232089,0
ood_combo,DS02,11,19,HPT_eff_mod,1,0,-0.0144140751191917,-0.0204594214851282,1,1,1,1,1,1,0.122670801032741,0
ood_combo,DS02,11,19,fan_eff_mod,2,0,0,-0,0,0,0,0,1,1,0.122670801032741,0
ood_combo,DS02,11,19,fan_flow_mod,3,0,0,-0.00087297245393115,0,0,0,0,1,1,0.122670801032741,0
ood_combo,DS02,11,19,HPC_eff_mod,4,0,0,-0,0,0,0,0,1,1,0.122670801032741,0
ood_combo,DS02,11,19,HPC_flow_mod,5,0,0,-0,0,0,0,0,1,1,0.122670801032741,0
ood_combo,DS02,11,19,LPT_eff_mod,6,0,-0.00722527295134372,-0.00880799064968112,1,0,1,0,1,1,0.122670801032741,0
ood_combo,DS02,11,19,LPT_flow_mod,7,0,-0.0133725297197665,-0.00710927206744658,1,0,1,0,1,1,0.122670801032741,0
ood_combo,DS02,11,19,LPC_eff_mod,8,0,0,-0,0,0,0,0,1,1,0.122670801032741,0
ood_combo,DS02,11,19,LPC_flow_mod,9,0,0,-0,0,0,0,0,1,1,0.122670801032741,0
ood_combo,DS02,11,20,HPT_eff_mod,1,0,-0.0329914482987715,-0.0204594214851282,1,1,2,1,2,1,0.314210688379251,0
ood_combo,DS02,11,20,fan_eff_mod,2,0,0,-0,0,0,0,0,2,1,0.314210688379251,0
ood_combo,DS02,11,20,fan_flow_mod,3,0,0,-0.00087297245393115,0,0,0,0,2,1,0.314210688379251,0
ood_combo,DS02,11,20,HPC_eff_mod,4,0,0,-0,0,0,0,0,2,1,0.314210688379251,0
ood_combo,DS02,11,20,HPC_flow_mod,5,0,0,-0,0,0,0,0,2,1,0.314210688379251,0
ood_combo,DS02,11,20,LPT_eff_mod,6,0,2.17813308918402e-05,-0.00880799064968112,1,0,1,0,2,1,0.314210688379251,0
ood_combo,DS02,11,20,LPT_flow_mod,7,0,-0.016214273628652,-0.0216641123673305,1,0,1,0,2,1,0.314210688379251,0
ood_combo,DS02,11,20,LPC_eff_mod,8,0,0,-0,0,0,0,0,2,1,0.314210688379251,0
ood_combo,DS02,11,20,LPC_flow_mod,9,0,0,-0,0,0,0,0,2,1,0.314210688379251,0
ood_combo,DS02,11,21,HPT_eff_mod,1,0,-0.0318110873515918,-0.0288151075187998,1,1,2,1,2,1,0.163175649896147,0
ood_combo,DS02,11,21,fan_eff_mod,2,0,0,-0,0,0,0,0,2,1,0.163175649896147,0
ood_combo,DS02,11,21,fan_flow_mod,3,0,0,-0.00087297245393115,0,0,0,0,2,1,0.163175649896147,0
ood_combo,DS02,11,21,HPC_eff_mod,4,0,0,-0,0,0,0,0,2,1,0.163175649896147,0
ood_combo,DS02,11,21,HPC_flow_mod,5,0,0,-0,0,0,0,0,2,1,0.163175649896147,0
ood_combo,DS02,11,21,LPT_eff_mod,6,0,-0.00737622790196955,-0.00880799064968112,1,0,1,0,2,1,0.163175649896147,0
ood_combo,DS02,11,21,LPT_flow_mod,7,0,-0.0209927806428288,-0.0216641123673305,1,0,1,0,2,1,0.163175649896147,0
ood_combo,DS02,11,21,LPC_eff_mod,8,0,0,-0,0,0,0,0,2,1,0.163175649896147,0
ood_combo,DS02,11,21,LPC_flow_mod,9,0,0,-0,0,0,0,0,2,1,0.163175649896147,0
ood_combo,DS02,11,22,HPT_eff_mod,1,0,-0.0335366365228839,-0.0288151075187998,1,1,2,1,2,1,0.299085261421499,0
ood_combo,DS02,11,22,fan_eff_mod,2,0,0,-0,0,0,0,0,2,1,0.299085261421499,0
ood_combo,DS02,11,22,fan_flow_mod,3,0,0,-0.00087297245393115,0,0,0,0,2,1,0.299085261421499,0
ood_combo,DS02,11,22,HPC_eff_mod,4,0,0,-0,0,0,0,0,2,1,0.299085261421499,0
ood_combo,DS02,11,22,HPC_flow_mod,5,0,0,-0,0,0,0,0,2,1,0.299085261421499,0
ood_combo,DS02,11,22,LPT_eff_mod,6,0,-0.00587492998906017,-0.00880799064968112,1,0,1,0,2,1,0.299085261421499,0
ood_combo,DS02,11,22,LPT_flow_mod,7,0,-0.0282192745737173,-0.0216641123673305,1,0,1,0,2,1,0.299085261421499,0
ood_combo,DS02,11,22,LPC_eff_mod,8,0,0,-0,0,0,0,0,2,1,0.299085261421499,0
ood_combo,DS02,11,22,LPC_flow_mod,9,0,0,-0,0,0,0,0,2,1,0.299085261421499,0
ood_combo,DS02,11,23,HPT_eff_mod,1,0,-0.0333877075100009,-0.0288151075187998,1,1,2,1,2,1,0.155579819002373,0
ood_combo,DS02,11,23,fan_eff_mod,2,0,0,-0,0,0,0,0,2,1,0.155579819002373,0
ood_combo,DS02,11,23,fan_flow_mod,3,0,0,-0.00087297245393115,0,0,0,0,2,1,0.155579819002373,0
ood_combo,DS02,11,23,HPC_eff_mod,4,0,0,-0,0,0,0,0,2,1,0.155579819002373,0
ood_combo,DS02,11,23,HPC_flow_mod,5,0,0,-0,0,0,0,0,2,1,0.155579819002373,0
ood_combo,DS02,11,23,LPT_eff_mod,6,0,-0.00689852651704149,-0.0140010362504185,1,0,1,0,2,1,0.155579819002373,0
ood_combo,DS02,11,23,LPT_flow_mod,7,0,-0.014974929441647,-0.0216641123673305,1,0,1,0,2,1,0.155579819002373,0
ood_combo,DS02,11,23,LPC_eff_mod,8,0,0,-0,0,0,0,0,2,1,0.155579819002373,0
ood_combo,DS02,11,23,LPC_flow_mod,9,0,0,-0,0,0,0,0,2,1,0.155579819002373,0
ood_combo,DS02,11,24,HPT_eff_mod,1,0,-0.0390477235086665,-0.0288151075187998,1,1,2,1,2,1,0.1667216787056,0
ood_combo,DS02,11,24,fan_eff_mod,2,0,0,-0,0,0,0,0,2,1,0.1667216787056,0
ood_combo,DS02,11,24,fan_flow_mod,3,0,0,-0.00087297245393115,0,0,0,0,2,1,0.1667216787056,0
ood_combo,DS02,11,24,HPC_eff_mod,4,0,0,-0,0,0,0,0,2,1,0.1667216787056,0
ood_combo,DS02,11,24,HPC_flow_mod,5,0,0,-0,0,0,0,0,2,1,0.1667216787056,0
ood_combo,DS02,11,24,LPT_eff_mod,6,0,-0.00858739164918134,-0.0140010362504185,1,0,1,0,2,1,0.1667216787056,0
ood_combo,DS02,11,24,LPT_flow_mod,7,0,-0.0121961593477769,-0.0216641123673305,1,1,1,1,2,1,0.1667216787056,0
ood_combo,DS02,11,24,LPC_eff_mod,8,0,0,-0,0,0,0,0,2,1,0.1667216787056,0
ood_combo,DS02,11,24,LPC_flow_mod,9,0,0,-0,0,0,0,0,2,1,0.1667216787056,0
ood_combo,DS02,11,25,HPT_eff_mod,1,0,-0.0432404313718158,-0.0288151075187998,1,1,2,1,2,2,0.276150118975149,0
ood_combo,DS02,11,25,fan_eff_mod,2,0,0,-0,0,0,0,0,2,2,0.276150118975149,0
ood_combo,DS02,11,25,fan_flow_mod,3,0,0,-0.00087297245393115,0,0,0,0,2,2,0.276150118975149,0
ood_combo,DS02,11,25,HPC_eff_mod,4,0,0,-0,0,0,0,0,2,2,0.276150118975149,0
ood_combo,DS02,11,25,HPC_flow_mod,5,0,0,-0,0,0,0,0,2,2,0.276150118975149,0
ood_combo,DS02,11,25,LPT_eff_mod,6,0,-0.00456357152486547,-0.0140010362504185,1,0,1,0,2,2,0.276150118975149,0
ood_combo,DS02,11,25,LPT_flow_mod,7,0,-0.0222203567542865,-0.0308780533326209,1,1,1,2,2,2,0.276150118975149,0
ood_combo,DS02,11,25,LPC_eff_mod,8,0,0,-0,0,0,0,0,2,2,0.276150118975149,0
ood_combo,DS02,11,25,LPC_flow_mod,9,0,0,-0,0,0,0,0,2,2,0.276150118975149,0
ood_combo,DS02,11,26,HPT_eff_mod,1,0,-0.0471720854827521,-0.0367372269401599,1,1,2,2,2,2,0.341166525820271,0
ood_combo,DS02,11,26,fan_eff_mod,2,0,0,-0,0,0,0,0,2,2,0.341166525820271,0
ood_combo,DS02,11,26,fan_flow_mod,3,0,0,-0.00087297245393115,0,0,0,0,2,2,0.341166525820271,0
ood_combo,DS02,11,26,HPC_eff_mod,4,0,0,-0,0,0,0,0,2,2,0.341166525820271,0
ood_combo,DS02,11,26,HPC_flow_mod,5,0,0,-0,0,0,0,0,2,2,0.341166525820271,0
ood_combo,DS02,11,26,LPT_eff_mod,6,0,-0.0119577132839259,-0.0215069301890697,1,0,1,0,2,2,0.341166525820271,0
ood_combo,DS02,11,26,LPT_flow_mod,7,0,-0.0274298208633141,-0.0308780533326209,1,1,1,2,2,2,0.341166525820271,0
ood_combo,DS02,11,26,LPC_eff_mod,8,0,0,-0,0,0,0,0,2,2,0.341166525820271,0
ood_combo,DS02,11,26,LPC_flow_mod,9,0,0,-0,0,0,0,0,2,2,0.341166525820271,0
ood_combo,DS02,11,27,HPT_eff_mod,1,0,-0.0496706003624977,-0.0367372269401599,1,1,2,2,2,2,0.12683023200323,0
ood_combo,DS02,11,27,fan_eff_mod,2,0,0,-0,0,0,0,0,2,2,0.12683023200323,0
ood_combo,DS02,11,27,fan_flow_mod,3,0,0,-0.00087297245393115,0,0,0,0,2,2,0.12683023200323,0
ood_combo,DS02,11,27,HPC_eff_mod,4,0,0,-0,0,0,0,0,2,2,0.12683023200323,0
ood_combo,DS02,11,27,HPC_flow_mod,5,0,0,-0,0,0,0,0,2,2,0.12683023200323,0
ood_combo,DS02,11,27,LPT_eff_mod,6,0,-0.0124638976024284,-0.0215069301890697,1,0,1,0,2,2,0.12683023200323,0
ood_combo,DS02,11,27,LPT_flow_mod,7,0,-0.0340669115615078,-0.0431723399596307,1,1,2,2,2,2,0.12683023200323,0
ood_combo,DS02,11,27,LPC_eff_mod,8,0,0,-0,0,0,0,0,2,2,0.12683023200323,0
ood_combo,DS02,11,27,LPC_flow_mod,9,0,0,-0,0,0,0,0,2,2,0.12683023200323,0
ood_combo,DS02,11,28,HPT_eff_mod,1,0,-0.0517877746647384,-0.0367372269401599,1,1,2,2,2,2,0.145360935702383,0
ood_combo,DS02,11,28,fan_eff_mod,2,0,0,-0,0,0,0,0,2,2,0.145360935702383,0
ood_combo,DS02,11,28,fan_flow_mod,3,0,0,-0.00087297245393115,0,0,0,0,2,2,0.145360935702383,0
ood_combo,DS02,11,28,HPC_eff_mod,4,0,0,-0,0,0,0,0,2,2,0.145360935702383,0
ood_combo,DS02,11,28,HPC_flow_mod,5,0,0,-0,0,0,0,0,2,2,0.145360935702383,0
ood_combo,DS02,11,28,LPT_eff_mod,6,0,-0.0147076219611225,-0.0215069301890697,1,0,1,0,2,2,0.145360935702383,0
ood_combo,DS02,11,28,LPT_flow_mod,7,0,-0.0203287147405345,-0.0431723399596307,1,1,2,2,2,2,0.145360935702383,0
ood_combo,DS02,11,28,LPC_eff_mod,8,0,0,-0,0,0,0,0,2,2,0.145360935702383,0
ood_combo,DS02,11,28,LPC_flow_mod,9,0,0,-0,0,0,0,0,2,2,0.145360935702383,0
ood_combo,DS02,11,29,HPT_eff_mod,1,0,-0.0520592217038519,-0.0544917262141241,1,1,2,2,2,2,0.12578339086747,0
ood_combo,DS02,11,29,fan_eff_mod,2,0,0,-0,0,0,0,0,2,2,0.12578339086747,0
ood_combo,DS02,11,29,fan_flow_mod,3,0,0,-0.00087297245393115,0,0,0,0,2,2,0.12578339086747,0
ood_combo,DS02,11,29,HPC_eff_mod,4,0,0,-0,0,0,0,0,2,2,0.12578339086747,0
ood_combo,DS02,11,29,HPC_flow_mod,5,0,0,-0,0,0,0,0,2,2,0.12578339086747,0
ood_combo,DS02,11,29,LPT_eff_mod,6,0,-0.00954914066519572,-0.0215069301890697,1,0,1,0,2,2,0.12578339086747,0
ood_combo,DS02,11,29,LPT_flow_mod,7,0,-0.0401963025171192,-0.0431723399596307,1,1,2,2,2,2,0.12578339086747,0
ood_combo,DS02,11,29,LPC_eff_mod,8,0,0,-0,0,0,0,0,2,2,0.12578339086747,0
ood_combo,DS02,11,29,LPC_flow_mod,9,0,0,-0,0,0,0,0,2,2,0.12578339086747,0
ood_combo,DS02,11,30,HPT_eff_mod,1,0,-0.0572259771203459,-0.0591189210332009,1,1,2,2,2,2,0.264026608899634,0
ood_combo,DS02,11,30,fan_eff_mod,2,0,0,-0,0,0,0,0,2,2,0.264026608899634,0
ood_combo,DS02,11,30,fan_flow_mod,3,0,0,-0.00087297245393115,0,0,0,0,2,2,0.264026608899634,0
ood_combo,DS02,11,30,HPC_eff_mod,4,0,0,-0,0,0,0,0,2,2,0.264026608899634,0
ood_combo,DS02,11,30,HPC_flow_mod,5,0,0,-0,0,0,0,0,2,2,0.264026608899634,0
ood_combo,DS02,11,30,LPT_eff_mod,6,0,-0.0199487685352499,-0.0215069301890697,1,1,1,1,2,2,0.264026608899634,0
ood_combo,DS02,11,30,LPT_flow_mod,7,0,-0.0416090517923517,-0.0431723399596307,1,1,2,2,2,2,0.264026608899634,0
ood_combo,DS02,11,30,LPC_eff_mod,8,0,0,-0,0,0,0,0,2,2,0.264026608899634,0
ood_combo,DS02,11,30,LPC_flow_mod,9,0,0,-0,0,0,0,0,2,2,0.264026608899634,0
ood_combo,DS02,11,31,HPT_eff_mod,1,0,-0.0687269152289521,-0.0591189210332009,1,1,2,2,2,2,0.393404562901146,0
ood_combo,DS02,11,31,fan_eff_mod,2,0,0,-0,0,0,0,0,2,2,0.393404562901146,0
ood_combo,DS02,11,31,fan_flow_mod,3,0,0,-0.00087297245393115,0,0,0,0,2,2,0.393404562901146,0
ood_combo,DS02,11,31,HPC_eff_mod,4,0,0,-0,0,0,0,0,2,2,0.393404562901146,0
ood_combo,DS02,11,31,HPC_flow_mod,5,0,0,-0,0,0,0,0,2,2,0.393404562901146,0
ood_combo,DS02,11,31,LPT_eff_mod,6,0,-0.0224533891797836,-0.0258915656043692,1,1,1,1,2,2,0.393404562901146,0
ood_combo,DS02,11,31,LPT_flow_mod,7,0,-0.0342880536222921,-0.0431723399596307,1,1,2,2,2,2,0.393404562901146,0
ood_combo,DS02,11,31,LPC_eff_mod,8,0,0,-0,0,0,0,0,2,2,0.393404562901146,0
ood_combo,DS02,11,31,LPC_flow_mod,9,0,0,-0,0,0,0,0,2,2,0.393404562901146,0
ood_combo,DS02,11,32,HPT_eff_mod,1,0,-0.0799270933975871,-0.0591189210332009,1,1,2,2,2,2,0.143615966695306,0
ood_combo,DS02,11,32,fan_eff_mod,2,0,0,-0,0,0,0,0,2,2,0.143615966695306,0
ood_combo,DS02,11,32,fan_flow_mod,3,0,0,-0.00087297245393115,0,0,0,0,2,2,0.143615966695306,0
ood_combo,DS02,11,32,HPC_eff_mod,4,0,0,-0,0,0,0,0,2,2,0.143615966695306,0
ood_combo,DS02,11,32,HPC_flow_mod,5,0,0,-0,0,0,0,0,2,2,0.143615966695306,0
ood_combo,DS02,11,32,LPT_eff_mod,6,0,-0.0163171375557829,-0.0258915656043692,1,1,1,1,2,2,0.143615966695306,0
ood_combo,DS02,11,32,LPT_flow_mod,7,0,-0.0509300563491351,-0.0677483235288078,1,1,2,2,2,2,0.143615966695306,0
ood_combo,DS02,11,32,LPC_eff_mod,8,0,0,-0,0,0,0,0,2,2,0.143615966695306,0
ood_combo,DS02,11,32,LPC_flow_mod,9,0,0,-0,0,0,0,0,2,2,0.143615966695306,0
ood_combo,DS02,11,33,HPT_eff_mod,1,0,-0.0779840998048252,-0.0591189210332009,1,1,2,2,2,2,0.385605203119116,0
ood_combo,DS02,11,33,fan_eff_mod,2,0,0,-0,0,0,0,0,2,2,0.385605203119116,0
ood_combo,DS02,11,33,fan_flow_mod,3,0,0,-0.00087297245393115,0,0,0,0,2,2,0.385605203119116,0
ood_combo,DS02,11,33,HPC_eff_mod,4,0,0,-0,0,0,0,0,2,2,0.385605203119116,0
ood_combo,DS02,11,33,HPC_flow_mod,5,0,0,-0,0,0,0,0,2,2,0.385605203119116,0
ood_combo,DS02,11,33,LPT_eff_mod,6,0,-0.0196385432908366,-0.0258915656043692,1,1,1,1,2,2,0.385605203119116,0
ood_combo,DS02,11,33,LPT_flow_mod,7,0,-0.0473583081914686,-0.0677483235288078,1,1,2,2,2,2,0.385605203119116,0
ood_combo,DS02,11,33,LPC_eff_mod,8,0,0,-0,0,0,0,0,2,2,0.385605203119116,0
ood_combo,DS02,11,33,LPC_flow_mod,9,0,0,-0,0,0,0,0,2,2,0.385605203119116,0
ood_combo,DS02,11,34,HPT_eff_mod,1,0,-0.085731592954176,-0.07361390989534,1,1,2,2,2,2,0.118240481692124,0
ood_combo,DS02,11,34,fan_eff_mod,2,0,0,-0,0,0,0,0,2,2,0.118240481692124,0
ood_combo,DS02,11,34,fan_flow_mod,3,0,0,-0.00087297245393115,0,0,0,0,2,2,0.118240481692124,0
ood_combo,DS02,11,34,HPC_eff_mod,4,0,0,-0,0,0,0,0,2,2,0.118240481692124,0
ood_combo,DS02,11,34,HPC_flow_mod,5,0,0,-0,0,0,0,0,2,2,0.118240481692124,0
ood_combo,DS02,11,34,LPT_eff_mod,6,0,-0.016339859540774,-0.0278814491182804,1,1,1,1,2,2,0.118240481692124,0
ood_combo,DS02,11,34,LPT_flow_mod,7,0,-0.0483928870206655,-0.0677483235288078,1,1,2,2,2,2,0.118240481692124,0
ood_combo,DS02,11,34,LPC_eff_mod,8,0,0,-0,0,0,0,0,2,2,0.118240481692124,0
ood_combo,DS02,11,34,LPC_flow_mod,9,0,0,-0,0,0,0,0,2,2,0.118240481692124,0
ood_combo,DS02,11,35,HPT_eff_mod,1,0,-0.0865878293178625,-0.07361390989534,1,1,2,2,2,2,0.105010832233377,0
ood_combo,DS02,11,35,fan_eff_mod,2,0,0,-0,0,0,0,0,2,2,0.105010832233377,0
ood_combo,DS02,11,35,fan_flow_mod,3,0,0,-0.00087297245393115,0,0,0,0,2,2,0.105010832233377,0
ood_combo,DS02,11,35,HPC_eff_mod,4,0,0,-0,0,0,0,0,2,2,0.105010832233377,0
ood_combo,DS02,11,35,HPC_flow_mod,5,0,0,-0,0,0,0,0,2,2,0.105010832233377,0
ood_combo,DS02,11,35,LPT_eff_mod,6,0,-0.0218309139843484,-0.0278814491182804,1,1,1,1,2,2,0.105010832233377,0
ood_combo,DS02,11,35,LPT_flow_mod,7,0,-0.051405472164497,-0.0677483235288078,1,1,2,2,2,2,0.105010832233377,0
ood_combo,DS02,11,35,LPC_eff_mod,8,0,0,-0,0,0,0,0,2,2,0.105010832233377,0
ood_combo,DS02,11,35,LPC_flow_mod,9,0,0,-0,0,0,0,0,2,2,0.105010832233377,0
ood_combo,DS02,11,36,HPT_eff_mod,1,0,-0.0980042979293088,-0.0919078156696468,1,1,2,2,2,2,0.204878193188877,0
ood_combo,DS02,11,36,fan_eff_mod,2,0,0,-0,0,0,0,0,2,2,0.204878193188877,0
ood_combo,DS02,11,36,fan_flow_mod,3,0,0,-0.00087297245393115,0,0,0,0,2,2,0.204878193188877,0
ood_combo,DS02,11,36,HPC_eff_mod,4,0,0,-0,0,0,0,0,2,2,0.204878193188877,0
ood_combo,DS02,11,36,HPC_flow_mod,5,0,0,-0,0,0,0,0,2,2,0.204878193188877,0
ood_combo,DS02,11,36,LPT_eff_mod,6,0,-0.0246907573590699,-0.0278814491182804,1,1,1,1,2,2,0.204878193188877,0
ood_combo,DS02,11,36,LPT_flow_mod,7,0,-0.0695996548337419,-0.0881694094267117,1,1,2,2,2,2,0.204878193188877,0
ood_combo,DS02,11,36,LPC_eff_mod,8,0,0,-0,0,0,0,0,2,2,0.204878193188877,0
ood_combo,DS02,11,36,LPC_flow_mod,9,0,0,-0,0,0,0,0,2,2,0.204878193188877,0
ood_combo,DS02,11,37,HPT_eff_mod,1,0,-0.107580830763497,-0.0919078156696468,1,1,2,2,2,2,0.135051516133924,0
ood_combo,DS02,11,37,fan_eff_mod,2,0,0,-0,0,0,0,0,2,2,0.135051516133924,0
ood_combo,DS02,11,37,fan_flow_mod,3,0,0,-0.00087297245393115,0,0,0,0,2,2,0.135051516133924,0
ood_combo,DS02,11,37,HPC_eff_mod,4,0,0,-0,0,0,0,0,2,2,0.135051516133924,0
ood_combo,DS02,11,37,HPC_flow_mod,5,0,0,-0,0,0,0,0,2,2,0.135051516133924,0
ood_combo,DS02,11,37,LPT_eff_mod,6,0,-0.025738730951104,-0.0278814491182804,1,1,1,1,2,2,0.135051516133924,0
ood_combo,DS02,11,37,LPT_flow_mod,7,0,-0.0692531519609465,-0.0881694094267117,1,1,2,2,2,2,0.135051516133924,0
ood_combo,DS02,11,37,LPC_eff_mod,8,0,0,-0,0,0,0,0,2,2,0.135051516133924,0
ood_combo,DS02,11,37,LPC_flow_mod,9,0,0,-0,0,0,0,0,2,2,0.135051516133924,0
ood_combo,DS02,11,38,HPT_eff_mod,1,0,-0.116021214992828,-0.0919078156696468,1,1,2,2,2,2,0.161133652099688,0
ood_combo,DS02,11,38,fan_eff_mod,2,0,0,-0,0,0,0,0,2,2,0.161133652099688,0
ood_combo,DS02,11,38,fan_flow_mod,3,0,0,-0.00087297245393115,0,0,0,0,2,2,0.161133652099688,0
ood_combo,DS02,11,38,HPC_eff_mod,4,0,0,-0,0,0,0,0,2,2,0.161133652099688,0
ood_combo,DS02,11,38,HPC_flow_mod,5,0,0,-0,0,0,0,0,2,2,0.161133652099688,0
ood_combo,DS02,11,38,LPT_eff_mod,6,0,-0.0292854935938597,-0.0278814491182804,1,1,1,1,2,2,0.161133652099688,0
ood_combo,DS02,11,38,LPT_flow_mod,7,0,-0.081047057408648,-0.0938789762371144,1,1,2,2,2,2,0.161133652099688,0
ood_combo,DS02,11,38,LPC_eff_mod,8,0,0,-0,0,0,0,0,2,2,0.161133652099688,0
ood_combo,DS02,11,38,LPC_flow_mod,9,0,0,-0,0,0,0,0,2,2,0.161133652099688,0
ood_combo,DS02,11,39,HPT_eff_mod,1,0,-0.129241159771123,-0.124515976206344,1,1,2,2,2,2,0.14761487326413,0
ood_combo,DS02,11,39,fan_eff_mod,2,0,0,-0,0,0,0,0,2,2,0.14761487326413,0
ood_combo,DS02,11,39,fan_flow_mod,3,0,0,-0.00087297245393115,0,0,0,0,2,2,0.14761487326413,0
ood_combo,DS02,11,39,HPC_eff_mod,4,0,0,-0,0,0,0,0,2,2,0.14761487326413,0
ood_combo,DS02,11,39,HPC_flow_mod,5,0,0,-0,0,0,0,0,2,2,0.14761487326413,0
ood_combo,DS02,11,39,LPT_eff_mod,6,0,-0.0332676744383402,-0.0299032050661605,1,1,2,2,2,2,0.14761487326413,0
ood_combo,DS02,11,39,LPT_flow_mod,7,0,-0.0887776212111106,-0.0938789762371144,1,1,2,2,2,2,0.14761487326413,0
ood_combo,DS02,11,39,LPC_eff_mod,8,0,0,-0,0,0,0,0,2,2,0.14761487326413,0
ood_combo,DS02,11,39,LPC_flow_mod,9,0,0,-0,0,0,0,0,2,2,0.14761487326413,0
ood_combo,DS02,11,40,HPT_eff_mod,1,0,-0.139629132903844,-0.124515976206344,1,1,2,2,2,2,0.151591237733057,0
ood_combo,DS02,11,40,fan_eff_mod,2,0,0,-0,0,0,0,0,2,2,0.151591237733057,0
ood_combo,DS02,11,40,fan_flow_mod,3,0,0,-0.00087297245393115,0,0,0,0,2,2,0.151591237733057,0
ood_combo,DS02,11,40,HPC_eff_mod,4,0,0,-0,0,0,0,0,2,2,0.151591237733057,0
ood_combo,DS02,11,40,HPC_flow_mod,5,0,0,-0,0,0,0,0,2,2,0.151591237733057,0
ood_combo,DS02,11,40,LPT_eff_mod,6,0,-0.0263851125840243,-0.0299032050661605,1,1,2,2,2,2,0.151591237733057,0
ood_combo,DS02,11,40,LPT_flow_mod,7,0,-0.0893167416242117,-0.117700477983684,1,1,2,2,2,2,0.151591237733057,0
ood_combo,DS02,11,40,LPC_eff_mod,8,0,0,-0,0,0,0,0,2,2,0.151591237733057,0
ood_combo,DS02,11,40,LPC_flow_mod,9,0,0,-0,0,0,0,0,2,2,0.151591237733057,0
ood_combo,DS02,11,41,HPT_eff_mod,1,0,-0.149935875625837,-0.135763957792917,1,1,2,2,2,2,0.126418496133713,0
ood_combo,DS02,11,41,fan_eff_mod,2,0,0,-0,0,0,0,0,2,2,0.126418496133713,0
ood_combo,DS02,11,41,fan_flow_mod,3,0,0,-0.00087297245393115,0,0,0,0,2,2,0.126418496133713,0
ood_combo,DS02,11,41,HPC_eff_mod,4,0,0,-0,0,0,0,0,2,2,0.126418496133713,0
ood_combo,DS02,11,41,HPC_flow_mod,5,0,0,-0,0,0,0,0,2,2,0.126418496133713,0
ood_combo,DS02,11,41,LPT_eff_mod,6,0,-0.0363488595470536,-0.0441366893731198,1,1,2,2,2,2,0.126418496133713,0
ood_combo,DS02,11,41,LPT_flow_mod,7,0,-0.0939860017550744,-0.117700477983684,1,1,2,2,2,2,0.126418496133713,0
ood_combo,DS02,11,41,LPC_eff_mod,8,0,0,-0.00611276550889871,0,0,0,0,2,2,0.126418496133713,0
ood_combo,DS02,11,41,LPC_flow_mod,9,0,0,-0,0,0,0,0,2,2,0.126418496133713,0
ood_combo,DS02,11,42,HPT_eff_mod,1,0,-0.157210185751311,-0.143552631110389,1,1,2,2,2,2,0.118934962060474,0
ood_combo,DS02,11,42,fan_eff_mod,2,0,0,-0,0,0,0,0,2,2,0.118934962060474,0
ood_combo,DS02,11,42,fan_flow_mod,3,0,0,-0.00087297245393115,0,0,0,0,2,2,0.118934962060474,0
ood_combo,DS02,11,42,HPC_eff_mod,4,0,0,-0,0,0,0,0,2,2,0.118934962060474,0
ood_combo,DS02,11,42,HPC_flow_mod,5,0,0,-0,0,0,0,0,2,2,0.118934962060474,0
ood_combo,DS02,11,42,LPT_eff_mod,6,0,-0.0382911030393703,-0.0478533363234503,1,1,2,2,2,2,0.118934962060474,0
ood_combo,DS02,11,42,LPT_flow_mod,7,0,-0.098754480837139,-0.117700477983684,1,1,2,2,2,2,0.118934962060474,0
ood_combo,DS02,11,42,LPC_eff_mod,8,0,0,-0.00611276550889871,0,0,0,0,2,2,0.118934962060474,0
ood_combo,DS02,11,42,LPC_flow_mod,9,0,0,-0,0,0,0,0,2,2,0.118934962060474,0
ood_combo,DS02,11,43,HPT_eff_mod,1,0,-0.179825859966429,-0.160345902678219,1,1,2,2,2,2,0.276532766459497,0
ood_combo,DS02,11,43,fan_eff_mod,2,0,0,-0,0,0,0,0,2,2,0.276532766459497,0
ood_combo,DS02,11,43,fan_flow_mod,3,0,0,-0.00087297245393115,0,0,0,0,2,2,0.276532766459497,0
ood_combo,DS02,11,43,HPC_eff_mod,4,0,0,-0,0,0,0,0,2,2,0.276532766459497,0
ood_combo,DS02,11,43,HPC_flow_mod,5,0,0,-0,0,0,0,0,2,2,0.276532766459497,0
ood_combo,DS02,11,43,LPT_eff_mod,6,0,-0.0472051703152243,-0.0478533363234503,1,1,2,2,2,2,0.276532766459497,0
ood_combo,DS02,11,43,LPT_flow_mod,7,0,-0.116703127153838,-0.142546260804272,1,1,2,2,2,2,0.276532766459497,0
ood_combo,DS02,11,43,LPC_eff_mod,8,0,0,-0.00611276550889871,0,0,0,0,2,2,0.276532766459497,0
ood_combo,DS02,11,43,LPC_flow_mod,9,0,0,-0,0,0,0,0,2,2,0.276532766459497,0
ood_combo,DS02,11,44,HPT_eff_mod,1,0,-0.192553830619329,-0.160345902678219,1,1,2,2,2,2,0.25855230402506,0
ood_combo,DS02,11,44,fan_eff_mod,2,0,0,-0,0,0,0,0,2,2,0.25855230402506,0
ood_combo,DS02,11,44,fan_flow_mod,3,0,0,-0.00087297245393115,0,0,0,0,2,2,0.25855230402506,0
ood_combo,DS02,11,44,HPC_eff_mod,4,0,0,-0,0,0,0,0,2,2,0.25855230402506,0
ood_combo,DS02,11,44,HPC_flow_mod,5,0,0,-0,0,0,0,0,2,2,0.25855230402506,0
ood_combo,DS02,11,44,LPT_eff_mod,6,0,-0.043021955556885,-0.0478533363234503,1,1,2,2,2,2,0.25855230402506,0
ood_combo,DS02,11,44,LPT_flow_mod,7,0,-0.115020660698305,-0.142546260804272,1,1,2,2,2,2,0.25855230402506,0
ood_combo,DS02,11,44,LPC_eff_mod,8,0,0,-0.00611276550889871,0,0,0,0,2,2,0.25855230402506,0
ood_combo,DS02,11,44,LPC_flow_mod,9,0,0,-0,0,0,0,0,2,2,0.25855230402506,0
ood_combo,DS02,11,45,HPT_eff_mod,1,0,-0.206672785422448,-0.194531563935778,1,1,3,2,3,2,0.185931611433735,0
ood_combo,DS02,11,45,fan_eff_mod,2,0,0,-0,0,0,0,0,3,2,0.185931611433735,0
ood_combo,DS02,11,45,fan_flow_mod,3,0,0,-0.00087297245393115,0,0,0,0,3,2,0.185931611433735,0
ood_combo,DS02,11,45,HPC_eff_mod,4,0,0,-0,0,0,0,0,3,2,0.185931611433735,0
ood_combo,DS02,11,45,HPC_flow_mod,5,0,0,-0,0,0,0,0,3,2,0.185931611433735,0
ood_combo,DS02,11,45,LPT_eff_mod,6,0,-0.0510047070685157,-0.0626996268197537,1,1,2,2,3,2,0.185931611433735,0
ood_combo,DS02,11,45,LPT_flow_mod,7,0,-0.12268061638929,-0.14638279604871,1,1,2,2,3,2,0.185931611433735,0
ood_combo,DS02,11,45,LPC_eff_mod,8,0,0,-0.00611276550889871,0,1,0,1,3,2,0.185931611433735,0
ood_combo,DS02,11,45,LPC_flow_mod,9,0,0,-0,0,0,0,0,3,2,0.185931611433735,0
ood_combo,DS02,11,46,HPT_eff_mod,1,0,-0.222025698635169,-0.210853448392196,1,1,3,3,3,3,0.153705720056452,0
ood_combo,DS02,11,46,fan_eff_mod,2,0,0,-0,0,0,0,0,3,3,0.153705720056452,0
ood_combo,DS02,11,46,fan_flow_mod,3,0,0,-0.00087297245393115,0,0,0,0,3,3,0.153705720056452,0
ood_combo,DS02,11,46,HPC_eff_mod,4,0,0,-9.16218233772154e-05,0,0,0,0,3,3,0.153705720056452,0
ood_combo,DS02,11,46,HPC_flow_mod,5,0,0,-0,0,0,0,0,3,3,0.153705720056452,0
ood_combo,DS02,11,46,LPT_eff_mod,6,0,-0.0537588871435671,-0.0626996268197537,1,1,2,2,3,3,0.153705720056452,0
ood_combo,DS02,11,46,LPT_flow_mod,7,0,-0.136163843296056,-0.163683731115182,1,1,2,2,3,3,0.153705720056452,0
ood_combo,DS02,11,46,LPC_eff_mod,8,0,0,-0.00849841774232114,0,1,0,1,3,3,0.153705720056452,0
ood_combo,DS02,11,46,LPC_flow_mod,9,0,0,-0,0,0,0,0,3,3,0.153705720056452,0
ood_combo,DS02,11,47,HPT_eff_mod,1,0,-0.238716898498371,-0.235996483119547,1,1,3,3,3,3,0.169542875335635,0
ood_combo,DS02,11,47,fan_eff_mod,2,0,0,-0,0,0,0,0,3,3,0.169542875335635,0
ood_combo,DS02,11,47,fan_flow_mod,3,0,0,-0.00087297245393115,0,0,0,0,3,3,0.169542875335635,0
ood_combo,DS02,11,47,HPC_eff_mod,4,0,0,-9.16218233772154e-05,0,0,0,0,3,3,0.169542875335635,0
ood_combo,DS02,11,47,HPC_flow_mod,5,0,0,-0,0,0,0,0,3,3,0.169542875335635,0
ood_combo,DS02,11,47,LPT_eff_mod,6,0,-0.0598311217729753,-0.06753739011815,1,1,2,2,3,3,0.169542875335635,0
ood_combo,DS02,11,47,LPT_flow_mod,7,0,-0.150440821961287,-0.168762034181267,1,1,2,2,3,3,0.169542875335635,0
ood_combo,DS02,11,47,LPC_eff_mod,8,0,0,-0.00849841774232114,0,1,0,1,3,3,0.169542875335635,0
ood_combo,DS02,11,47,LPC_flow_mod,9,0,0,-0,0,0,0,0,3,3,0.169542875335635,0
ood_combo,DS02,11,48,HPT_eff_mod,1,0,-0.258938870864051,-0.248796367044885,1,1,3,3,3,3,0.187362494241597,0
ood_combo,DS02,11,48,fan_eff_mod,2,0,0,-0,0,0,0,0,3,3,0.187362494241597,0
ood_combo,DS02,11,48,fan_flow_mod,3,0,0,-0.00087297245393115,0,0,0,0,3,3,0.187362494241597,0
ood_combo,DS02,11,48,HPC_eff_mod,4,0,0,-9.16218233772154e-05,0,0,0,0,3,3,0.187362494241597,0
ood_combo,DS02,11,48,HPC_flow_mod,5,0,0,-0,0,0,0,0,3,3,0.187362494241597,0
ood_combo,DS02,11,48,LPT_eff_mod,6,0,-0.058631067146969,-0.06753739011815,1,1,2,2,3,3,0.187362494241597,0
ood_combo,DS02,11,48,LPT_flow_mod,7,0,-0.150284161514574,-0.178751303693046,1,1,2,2,3,3,0.187362494241597,0
ood_combo,DS02,11,48,LPC_eff_mod,8,0,0,-0.00849841774232114,0,1,0,1,3,3,0.187362494241597,0
ood_combo,DS02,11,48,LPC_flow_mod,9,0,0,-0,0,0,0,0,3,3,0.187362494241597,0
ood_combo,DS02,11,49,HPT_eff_mod,1,0,-0.291942507620674,-0.2871939884114,1,1,3,3,3,3,0.236990398928746,0
ood_combo,DS02,11,49,fan_eff_mod,2,0,0,-0,0,0,0,0,3,3,0.236990398928746,0
ood_combo,DS02,11,49,fan_flow_mod,3,0,0,-0.00087297245393115,0,0,0,0,3,3,0.236990398928746,0
ood_combo,DS02,11,49,HPC_eff_mod,4,0,0,-9.16218233772154e-05,0,0,0,0,3,3,0.236990398928746,0
ood_combo,DS02,11,49,HPC_flow_mod,5,0,0,-0,0,0,0,0,3,3,0.236990398928746,0
ood_combo,DS02,11,49,LPT_eff_mod,6,0,-0.061741481904488,-0.06753739011815,1,1,2,2,3,3,0.236990398928746,0
ood_combo,DS02,11,49,LPT_flow_mod,7,0,-0.168911947135404,-0.195388415047375,1,1,2,2,3,3,0.236990398928746,0
ood_combo,DS02,11,49,LPC_eff_mod,8,0,0,-0.00849841774232114,0,1,0,1,3,3,0.236990398928746,0
ood_combo,DS02,11,49,LPC_flow_mod,9,0,0,-0,0,0,0,0,3,3,0.236990398928746,0
ood_combo,DS02,11,50,HPT_eff_mod,1,0,-0.317077767661756,-0.2871939884114,1,1,3,3,3,3,0.256927212046945,0
ood_combo,DS02,11,50,fan_eff_mod,2,0,0,-0,0,0,0,0,3,3,0.256927212046945,0
ood_combo,DS02,11,50,fan_flow_mod,3,0,0,-0.00087297245393115,0,0,0,0,3,3,0.256927212046945,0
ood_combo,DS02,11,50,HPC_eff_mod,4,0,0,-9.16218233772154e-05,0,0,0,0,3,3,0.256927212046945,0
ood_combo,DS02,11,50,HPC_flow_mod,5,0,0,-0,0,0,0,0,3,3,0.256927212046945,0
ood_combo,DS02,11,50,LPT_eff_mod,6,0,-0.0638980609839285,-0.06753739011815,1,1,2,2,3,3,0.256927212046945,0
ood_combo,DS02,11,50,LPT_flow_mod,7,0,-0.186013394497328,-0.241162644616217,1,1,2,3,3,3,0.256927212046945,0
ood_combo,DS02,11,50,LPC_eff_mod,8,0,0,-0.00849841774232114,0,1,0,1,3,3,0.256927212046945,0
ood_combo,DS02,11,50,LPC_flow_mod,9,0,0,-0,0,0,0,0,3,3,0.256927212046945,0
ood_combo,DS02,11,51,HPT_eff_mod,1,0,-0.333764204367177,-0.302696792361582,1,1,3,3,3,3,0.213070509355256,0
ood_combo,DS02,11,51,fan_eff_mod,2,0,0,-0,0,0,0,0,3,3,0.213070509355256,0
ood_combo,DS02,11,51,fan_flow_mod,3,0,0,-0.00087297245393115,0,0,0,0,3,3,0.213070509355256,0
ood_combo,DS02,11,51,HPC_eff_mod,4,0,0,-9.16218233772154e-05,0,0,0,0,3,3,0.213070509355256,0
ood_combo,DS02,11,51,HPC_flow_mod,5,0,0,-0,0,0,0,0,3,3,0.213070509355256,0
ood_combo,DS02,11,51,LPT_eff_mod,6,0,-0.0733147783532109,-0.0804962331056099,1,1,2,2,3,3,0.213070509355256,0
ood_combo,DS02,11,51,LPT_flow_mod,7,0,-0.199835072945806,-0.241162644616217,1,1,2,3,3,3,0.213070509355256,0
ood_combo,DS02,11,51,LPC_eff_mod,8,0,0,-0.00849841774232114,0,1,0,1,3,3,0.213070509355256,0
ood_combo,DS02,11,51,LPC_flow_mod,9,0,0,-0,0,0,0,0,3,3,0.213070509355256,0
ood_combo,DS02,11,52,HPT_eff_mod,1,0,-0.359199361763858,-0.302696792361582,1,1,3,3,3,3,0.254106051522492,0
ood_combo,DS02,11,52,fan_eff_mod,2,0,0,-0,0,0,0,0,3,3,0.254106051522492,0
ood_combo,DS02,11,52,fan_flow_mod,3,0,0,-0.00087297245393115,0,0,0,0,3,3,0.254106051522492,0
ood_combo,DS02,11,52,HPC_eff_mod,4,0,0,-9.16218233772154e-05,0,0,0,0,3,3,0.254106051522492,0
ood_combo,DS02,11,52,HPC_flow_mod,5,0,0,-0,0,0,0,0,3,3,0.254106051522492,0
ood_combo,DS02,11,52,LPT_eff_mod,6,0,-0.0790640105648825,-0.0804962331056099,1,1,2,2,3,3,0.254106051522492,0
ood_combo,DS02,11,52,LPT_flow_mod,7,0,-0.201130274139069,-0.241162644616217,1,1,2,3,3,3,0.254106051522492,0
ood_combo,DS02,11,52,LPC_eff_mod,8,0,0,-0.00849841774232114,0,1,0,1,3,3,0.254106051522492,0
ood_combo,DS02,11,52,LPC_flow_mod,9,0,0,-0,0,0,0,0,3,3,0.254106051522492,0
ood_combo,DS02,11,53,HPT_eff_mod,1,0,-0.385147253792971,-0.367322097280833,1,1,3,3,3,3,0.288624917582522,0
ood_combo,DS02,11,53,fan_eff_mod,2,0,0,-0,0,0,0,0,3,3,0.288624917582522,0
ood_combo,DS02,11,53,fan_flow_mod,3,0,0,-0.00087297245393115,0,0,0,0,3,3,0.288624917582522,0
ood_combo,DS02,11,53,HPC_eff_mod,4,0,0,-9.16218233772154e-05,0,0,0,0,3,3,0.288624917582522,0
ood_combo,DS02,11,53,HPC_flow_mod,5,0,0,-0.00462632577261357,0,0,0,0,3,3,0.288624917582522,0
ood_combo,DS02,11,53,LPT_eff_mod,6,0,-0.0793667601782154,-0.0928523973810974,1,1,2,2,3,3,0.288624917582522,0
ood_combo,DS02,11,53,LPT_flow_mod,7,0,-0.226526459228174,-0.287258970321186,1,1,3,3,3,3,0.288624917582522,0
ood_combo,DS02,11,53,LPC_eff_mod,8,0,0,-0.00849841774232114,0,1,0,1,3,3,0.288624917582522,0
ood_combo,DS02,11,53,LPC_flow_mod,9,0,0,-0,0,0,0,0,3,3,0.288624917582522,0
ood_combo,DS02,11,54,HPT_eff_mod,1,0,-0.4080183137408,-0.386976451934734,1,1,3,3,3,3,0.223029385711105,0
ood_combo,DS02,11,54,fan_eff_mod,2,0,0,-0,0,0,0,0,3,3,0.223029385711105,0
ood_combo,DS02,11,54,fan_flow_mod,3,0,0,-0.00087297245393115,0,0,0,0,3,3,0.223029385711105,0
ood_combo,DS02,11,54,HPC_eff_mod,4,0,0,-0.018890504124344,0,0,0,0,3,3,0.223029385711105,0
ood_combo,DS02,11,54,HPC_flow_mod,5,0,0,-0.00462632577261357,0,0,0,0,3,3,0.223029385711105,0
ood_combo,DS02,11,54,LPT_eff_mod,6,0,-0.0933215564946847,-0.101944628248275,1,1,2,2,3,3,0.223029385711105,0
ood_combo,DS02,11,54,LPT_flow_mod,7,0,-0.256733254782167,-0.297771427097582,1,1,3,3,3,3,0.223029385711105,0
ood_combo,DS02,11,54,LPC_eff_mod,8,0,0,-0.00849841774232114,0,1,0,1,3,3,0.223029385711105,0
ood_combo,DS02,11,54,LPC_flow_mod,9,0,0,-0,0,0,0,0,3,3,0.223029385711105,0
ood_combo,DS02,11,55,HPT_eff_mod,1,0,-0.459781839373904,-0.423050459894151,1,1,3,3,3,3,0.248371837175327,0
ood_combo,DS02,11,55,fan_eff_mod,2,0,0,-0,0,0,0,0,3,3,0.248371837175327,0
ood_combo,DS02,11,55,fan_flow_mod,3,0,0,-0.00087297245393115,0,0,0,0,3,3,0.248371837175327,0
ood_combo,DS02,11,55,HPC_eff_mod,4,0,0,-0.018890504124344,0,0,0,0,3,3,0.248371837175327,0
ood_combo,DS02,11,55,HPC_flow_mod,5,0,0,-0.00462632577261357,0,0,0,0,3,3,0.248371837175327,0
ood_combo,DS02,11,55,LPT_eff_mod,6,0,-0.0910551747786704,-0.101947027058021,1,1,2,2,3,3,0.248371837175327,0
ood_combo,DS02,11,55,LPT_flow_mod,7,0,-0.260122547287119,-0.324325288563145,1,1,3,3,3,3,0.248371837175327,0
ood_combo,DS02,11,55,LPC_eff_mod,8,0,0,-0.00849841774232114,0,1,0,1,3,3,0.248371837175327,0
ood_combo,DS02,11,55,LPC_flow_mod,9,0,0,-0,0,0,0,0,3,3,0.248371837175327,0
ood_combo,DS02,11,56,HPT_eff_mod,1,0,-0.493718571774099,-0.438043540826264,1,1,3,3,3,3,0.238295704517411,0
ood_combo,DS02,11,56,fan_eff_mod,2,0,0,-0,0,0,0,0,3,3,0.238295704517411,0
ood_combo,DS02,11,56,fan_flow_mod,3,0,0,-0.00087297245393115,0,0,0,0,3,3,0.238295704517411,0
ood_combo,DS02,11,56,HPC_eff_mod,4,0,0,-0.018890504124344,0,0,0,0,3,3,0.238295704517411,0
ood_combo,DS02,11,56,HPC_flow_mod,5,0,0,-0.00462632577261357,0,0,0,0,3,3,0.238295704517411,0
ood_combo,DS02,11,56,LPT_eff_mod,6,0,-0.10155041008764,-0.121170853513673,1,1,2,2,3,3,0.238295704517411,0
ood_combo,DS02,11,56,LPT_flow_mod,7,0,-0.273343771096757,-0.331149267664946,1,1,3,3,3,3,0.238295704517411,0
ood_combo,DS02,11,56,LPC_eff_mod,8,0,0,-0.00849841774232114,0,1,0,1,3,3,0.238295704517411,0
ood_combo,DS02,11,56,LPC_flow_mod,9,0,0,-0,0,0,0,0,3,3,0.238295704517411,0
ood_combo,DS02,11,57,HPT_eff_mod,1,0,-0.534082891915378,-0.491003054651962,1,1,3,3,3,3,0.201549273307768,0
ood_combo,DS02,11,57,fan_eff_mod,2,0,0,-0,0,0,0,0,3,3,0.201549273307768,0
ood_combo,DS02,11,57,fan_flow_mod,3,0,0,-0.00087297245393115,0,0,0,0,3,3,0.201549273307768,0
ood_combo,DS02,11,57,HPC_eff_mod,4,0,0,-0.018890504124344,0,0,0,0,3,3,0.201549273307768,0
ood_combo,DS02,11,57,HPC_flow_mod,5,0,0,-0.00462632577261357,0,1,0,1,3,3,0.201549273307768,0
ood_combo,DS02,11,57,LPT_eff_mod,6,0,-0.108013424821375,-0.124542385225927,1,1,2,2,3,3,0.201549273307768,0
ood_combo,DS02,11,57,LPT_flow_mod,7,0,-0.306119078043672,-0.346784324020073,1,1,3,3,3,3,0.201549273307768,0
ood_combo,DS02,11,57,LPC_eff_mod,8,0,0,-0.00863121924790128,0,1,0,1,3,3,0.201549273307768,0
ood_combo,DS02,11,57,LPC_flow_mod,9,0,0,-0,0,0,0,0,3,3,0.201549273307768,0
ood_combo,DS02,11,58,HPT_eff_mod,1,0,-0.579716646843228,-0.53270454034223,1,1,3,3,3,3,0.496998471302435,0
ood_combo,DS02,11,58,fan_eff_mod,2,0,0,-0,0,0,0,0,3,3,0.496998471302435,0
ood_combo,DS02,11,58,fan_flow_mod,3,0,0,-0.00305780110437215,0,0,0,0,3,3,0.496998471302435,0
ood_combo,DS02,11,58,HPC_eff_mod,4,0,0,-0.018890504124344,0,1,0,1,3,3,0.496998471302435,0
ood_combo,DS02,11,58,HPC_flow_mod,5,0,0,-0.00462632577261357,0,1,0,1,3,3,0.496998471302435,0
ood_combo,DS02,11,58,LPT_eff_mod,6,0,-0.114079350336754,-0.124542385225927,1,1,2,2,3,3,0.496998471302435,0
ood_combo,DS02,11,58,LPT_flow_mod,7,0,-0.320106596344902,-0.417795209230299,1,1,3,3,3,3,0.496998471302435,0
ood_combo,DS02,11,58,LPC_eff_mod,8,0,0,-0.00863121924790128,0,1,0,1,3,3,0.496998471302435,0
ood_combo,DS02,11,58,LPC_flow_mod,9,0,0,-0,0,0,0,0,3,3,0.496998471302435,0
ood_combo,DS02,11,59,HPT_eff_mod,1,0,-0.633325864533655,-0.53270454034223,1,1,3,3,3,3,0.256408205193834,0
ood_combo,DS02,11,59,fan_eff_mod,2,0,0,-0.00301264910948761,0,0,0,0,3,3,0.256408205193834,0
ood_combo,DS02,11,59,fan_flow_mod,3,0,0,-0.00816331601188947,0,0,0,0,3,3,0.256408205193834,0
ood_combo,DS02,11,59,HPC_eff_mod,4,0,0,-0.018890504124344,0,1,0,1,3,3,0.256408205193834,0
ood_combo,DS02,11,59,HPC_flow_mod,5,0,0,-0.00462632577261357,0,1,0,1,3,3,0.256408205193834,0
ood_combo,DS02,11,59,LPT_eff_mod,6,0,-0.121719777852029,-0.136445284853027,1,1,2,2,3,3,0.256408205193834,0
ood_combo,DS02,11,59,LPT_flow_mod,7,0,-0.351087939350381,-0.417795209230299,1,1,3,3,3,3,0.256408205193834,0
ood_combo,DS02,11,59,LPC_eff_mod,8,0,0,-0.00863121924790128,0,1,0,1,3,3,0.256408205193834,0
ood_combo,DS02,11,59,LPC_flow_mod,9,0,0,-0.0253424243064621,0,0,0,0,3,3,0.256408205193834,0
ood_combo,DS02,14,1,HPT_eff_mod,1,1,-0.00124471493296571,-0,0,0,0,0,0,0,0.149130248532582,0
ood_combo,DS02,14,1,fan_eff_mod,2,1,0,-0,0,0,0,0,0,0,0.149130248532582,0
ood_combo,DS02,14,1,fan_flow_mod,3,1,0,-0,0,0,0,0,0,0,0.149130248532582,0
ood_combo,DS02,14,1,HPC_eff_mod,4,1,0,-0,0,0,0,0,0,0,0.149130248532582,0
ood_combo,DS02,14,1,HPC_flow_mod,5,1,0,-0,0,0,0,0,0,0,0.149130248532582,0
ood_combo,DS02,14,1,LPT_eff_mod,6,1,0.00108970190566666,-0,0,0,0,0,0,0,0.149130248532582,0
ood_combo,DS02,14,1,LPT_flow_mod,7,1,-0.00370688783967513,-0,0,0,0,0,0,0,0.149130248532582,0
ood_combo,DS02,14,1,LPC_eff_mod,8,1,0,-0,0,0,0,0,0,0,0.149130248532582,0
ood_combo,DS02,14,1,LPC_flow_mod,9,1,0,-0,0,0,0,0,0,0,0.149130248532582,0
ood_combo,DS02,14,2,HPT_eff_mod,1,1,-0.00460150648652801,-0,0,0,0,0,0,0,0.0745608831530662,0
ood_combo,DS02,14,2,fan_eff_mod,2,1,0,-0,0,0,0,0,0,0,0.0745608831530662,0
ood_combo,DS02,14,2,fan_flow_mod,3,1,0,-0,0,0,0,0,0,0,0.0745608831530662,0
ood_combo,DS02,14,2,HPC_eff_mod,4,1,0,-0,0,0,0,0,0,0,0.0745608831530662,0
ood_combo,DS02,14,2,HPC_flow_mod,5,1,0,-0,0,0,0,0,0,0,0.0745608831530662,0
ood_combo,DS02,14,2,LPT_eff_mod,6,1,-0.00253798751690675,-0,0,0,0,0,0,0,0.0745608831530662,0
ood_combo,DS02,14,2,LPT_flow_mod,7,1,0.00275207771038021,-0.00124585613007268,0,0,0,0,0,0,0.0745608831530662,0
ood_combo,DS02,14,2,LPC_eff_mod,8,1,0,-0,0,0,0,0,0,0,0.0745608831530662,0
ood_combo,DS02,14,2,LPC_flow_mod,9,1,0,-0,0,0,0,0,0,0,0.0745608831530662,0
ood_combo,DS02,14,3,HPT_eff_mod,1,1,0.00584622141949299,-0,0,0,0,0,0,0,0.155319280685245,0
ood_combo,DS02,14,3,fan_eff_mod,2,1,0,-0,0,0,0,0,0,0,0.155319280685245,0
ood_combo,DS02,14,3,fan_flow_mod,3,1,0,-0.000117465306299301,0,0,0,0,0,0,0.155319280685245,0
ood_combo,DS02,14,3,HPC_eff_mod,4,1,0,-0,0,0,0,0,0,0,0.155319280685245,0
ood_combo,DS02,14,3,HPC_flow_mod,5,1,0,-0,0,0,0,0,0,0,0.155319280685245,0
ood_combo,DS02,14,3,LPT_eff_mod,6,1,0.0014482856112409,-0,0,0,0,0,0,0,0.155319280685245,0
ood_combo,DS02,14,3,LPT_flow_mod,7,1,0.000954810129294695,-0.00124585613007268,0,0,0,0,0,0,0.155319280685245,0
ood_combo,DS02,14,3,LPC_eff_mod,8,1,0,-0,0,0,0,0,0,0,0.155319280685245,0
ood_combo,DS02,14,3,LPC_flow_mod,9,1,0,-0,0,0,0,0,0,0,0.155319280685245,0
ood_combo,DS02,14,4,HPT_eff_mod,1,1,0.0023901841496012,-0,0,0,0,0,0,0,0.235338189759766,0
ood_combo,DS02,14,4,fan_eff_mod,2,1,0,-0,0,0,0,0,0,0,0.235338189759766,0
ood_combo,DS02,14,4,fan_flow_mod,3,1,0,-0.000117465306299301,0,0,0,0,0,0,0.235338189759766,0
ood_combo,DS02,14,4,HPC_eff_mod,4,1,0,-0,0,0,0,0,0,0,0.235338189759766,0
ood_combo,DS02,14,4,HPC_flow_mod,5,1,0,-0,0,0,0,0,0,0,0.235338189759766,0
ood_combo,DS02,14,4,LPT_eff_mod,6,1,-0.00343800969460278,-0,0,0,0,0,0,0,0.235338189759766,0
ood_combo,DS02,14,4,LPT_flow_mod,7,1,-0.00933017338640988,-0.00534255263788146,0,0,0,0,0,0,0.235338189759766,0
ood_combo,DS02,14,4,LPC_eff_mod,8,1,0,-0,0,0,0,0,0,0,0.235338189759766,0
ood_combo,DS02,14,4,LPC_flow_mod,9,1,0,-0,0,0,0,0,0,0,0.235338189759766,0
ood_combo,DS02,14,5,HPT_eff_mod,1,1,0.00533653718662707,-0,0,0,0,0,0,0,0.165403749953591,0
ood_combo,DS02,14,5,fan_eff_mod,2,1,0,-0,0,0,0,0,0,0,0.165403749953591,0
ood_combo,DS02,14,5,fan_flow_mod,3,1,0,-0.000117465306299301,0,0,0,0,0,0,0.165403749953591,0
ood_combo,DS02,14,5,HPC_eff_mod,4,1,0,-0,0,0,0,0,0,0,0.165403749953591,0
ood_combo,DS02,14,5,HPC_flow_mod,5,1,0,-0,0,0,0,0,0,0,0.165403749953591,0
ood_combo,DS02,14,5,LPT_eff_mod,6,1,-0.00434663472556904,-0,0,0,0,0,0,0,0.165403749953591,0
ood_combo,DS02,14,5,LPT_flow_mod,7,1,-0.00937983150402389,-0.00534255263788146,0,0,0,0,0,0,0.165403749953591,0
ood_combo,DS02,14,5,LPC_eff_mod,8,1,0,-0,0,0,0,0,0,0,0.165403749953591,0
ood_combo,DS02,14,5,LPC_flow_mod,9,1,0,-0,0,0,0,0,0,0,0.165403749953591,0
ood_combo,DS02,14,6,HPT_eff_mod,1,1,-0.0083049316727261,-0,0,0,0,0,0,0,0.147890810178454,0
ood_combo,DS02,14,6,fan_eff_mod,2,1,0,-0,0,0,0,0,0,0,0.147890810178454,0
ood_combo,DS02,14,6,fan_flow_mod,3,1,0,-0.000117465306299301,0,0,0,0,0,0,0.147890810178454,0
ood_combo,DS02,14,6,HPC_eff_mod,4,1,0,-0,0,0,0,0,0,0,0.147890810178454,0
ood_combo,DS02,14,6,HPC_flow_mod,5,1,0,-0,0,0,0,0,0,0,0.147890810178454,0
ood_combo,DS02,14,6,LPT_eff_mod,6,1,-0.000395024311490378,-0,0,0,0,0,0,0,0.147890810178454,0
ood_combo,DS02,14,6,LPT_flow_mod,7,1,-0.00586665617947873,-0.00534255263788146,0,0,0,0,0,0,0.147890810178454,0
ood_combo,DS02,14,6,LPC_eff_mod,8,1,0,-0,0,0,0,0,0,0,0.147890810178454,0
ood_combo,DS02,14,6,LPC_flow_mod,9,1,0,-0,0,0,0,0,0,0,0.147890810178454,0
ood_combo,DS02,14,7,HPT_eff_mod,1,1,-0.000778805186035188,-0,0,0,0,0,0,0,0.227158741406638,0
ood_combo,DS02,14,7,fan_eff_mod,2,1,0,-0,0,0,0,0,0,0,0.227158741406638,0
ood_combo,DS02,14,7,fan_flow_mod,3,1,0,-0.000117465306299301,0,0,0,0,0,0,0.227158741406638,0
ood_combo,DS02,14,7,HPC_eff_mod,4,1,0,-0,0,0,0,0,0,0,0.227158741406638,0
ood_combo,DS02,14,7,HPC_flow_mod,5,1,0,-0,0,0,0,0,0,0,0.227158741406638,0
ood_combo,DS02,14,7,LPT_eff_mod,6,1,-0.00039277768846117,-0,0,0,0,0,0,0,0.227158741406638,0
ood_combo,DS02,14,7,LPT_flow_mod,7,1,-0.00733562805419397,-0.00534255263788146,0,0,0,0,0,0,0.227158741406638,0
ood_combo,DS02,14,7,LPC_eff_mod,8,1,0,-0,0,0,0,0,0,0,0.227158741406638,0
ood_combo,DS02,14,7,LPC_flow_mod,9,1,0,-0,0,0,0,0,0,0,0.227158741406638,0
ood_combo,DS02,14,8,HPT_eff_mod,1,1,0.00568199188357565,-0,0,0,0,0,0,0,0.181605470330459,0
ood_combo,DS02,14,8,fan_eff_mod,2,1,0,-0,0,0,0,0,0,0,0.181605470330459,0
ood_combo,DS02,14,8,fan_flow_mod,3,1,0,-0.000117465306299301,0,0,0,0,0,0,0.181605470330459,0
ood_combo,DS02,14,8,HPC_eff_mod,4,1,0,-0,0,0,0,0,0,0,0.181605470330459,0
ood_combo,DS02,14,8,HPC_flow_mod,5,1,0,-0,0,0,0,0,0,0,0.181605470330459,0
ood_combo,DS02,14,8,LPT_eff_mod,6,1,-0.00102726190000118,-0,0,0,0,0,0,0,0.181605470330459,0
ood_combo,DS02,14,8,LPT_flow_mod,7,1,-0.00634570663464398,-0.00534255263788146,0,0,0,0,0,0,0.181605470330459,0
ood_combo,DS02,14,8,LPC_eff_mod,8,1,0,-0,0,0,0,0,0,0,0.181605470330459,0
ood_combo,DS02,14,8,LPC_flow_mod,9,1,0,-0,0,0,0,0,0,0,0.181605470330459,0
ood_combo,DS02,14,9,HPT_eff_mod,1,1,-0.0032614373661238,-0,0,0,0,0,0,0,0.191634886898056,0
ood_combo,DS02,14,9,fan_eff_mod,2,1,0,-0,0,0,0,0,0,0,0.191634886898056,0
ood_combo,DS02,14,9,fan_flow_mod,3,1,0,-0.000117465306299301,0,0,0,0,0,0,0.191634886898056,0
ood_combo,DS02,14,9,HPC_eff_mod,4,1,0,-0,0,0,0,0,0,0,0.191634886898056,0
ood_combo,DS02,14,9,HPC_flow_mod,5,1,0,-0,0,0,0,0,0,0,0.191634886898056,0
ood_combo,DS02,14,9,LPT_eff_mod,6,1,0.000997804774404493,-0,0,0,0,0,0,0,0.191634886898056,0
ood_combo,DS02,14,9,LPT_flow_mod,7,1,-0.00904147562283376,-0.0102472733556104,0,0,0,0,0,0,0.191634886898056,0
ood_combo,DS02,14,9,LPC_eff_mod,8,1,0,-0,0,0,0,0,0,0,0.191634886898056,0
ood_combo,DS02,14,9,LPC_flow_mod,9,1,0,-0,0,0,0,0,0,0,0.191634886898056,0
ood_combo,DS02,14,10,HPT_eff_mod,1,1,-0.00986623039643919,-0.00255867480910033,0,0,0,0,0,0,0.142955010117908,0
ood_combo,DS02,14,10,fan_eff_mod,2,1,0,-0,0,0,0,0,0,0,0.142955010117908,0
ood_combo,DS02,14,10,fan_flow_mod,3,1,0,-0.000117465306299301,0,0,0,0,0,0,0.142955010117908,0
ood_combo,DS02,14,10,HPC_eff_mod,4,1,0,-0,0,0,0,0,0,0,0.142955010117908,0
ood_combo,DS02,14,10,HPC_flow_mod,5,1,0,-0,0,0,0,0,0,0,0.142955010117908,0
ood_combo,DS02,14,10,LPT_eff_mod,6,1,-0.0055700466592523,-0,0,0,0,0,0,0,0.142955010117908,0
ood_combo,DS02,14,10,LPT_flow_mod,7,1,-0.00326289998337946,-0.0102472733556104,0,0,0,0,0,0,0.142955010117908,0
ood_combo,DS02,14,10,LPC_eff_mod,8,1,0,-0,0,0,0,0,0,0,0.142955010117908,0
ood_combo,DS02,14,10,LPC_flow_mod,9,1,0,-0,0,0,0,0,0,0,0.142955010117908,0
ood_combo,DS02,14,11,HPT_eff_mod,1,1,-0.00370130368309186,-0.00332040159491829,0,0,0,0,0,0,0.159880389284888,0
ood_combo,DS02,14,11,fan_eff_mod,2,1,0,-0,0,0,0,0,0,0,0.159880389284888,0
ood_combo,DS02,14,11,fan_flow_mod,3,1,0,-0.000117465306299301,0,0,0,0,0,0,0.159880389284888,0
ood_combo,DS02,14,11,HPC_eff_mod,4,1,0,-0,0,0,0,0,0,0,0.159880389284888,0
ood_combo,DS02,14,11,HPC_flow_mod,5,1,0,-0,0,0,0,0,0,0,0.159880389284888,0
ood_combo,DS02,14,11,LPT_eff_mod,6,1,-0.00482504269598383,-0.00174242441649281,0,0,0,0,0,0,0.159880389284888,0
ood_combo,DS02,14,11,LPT_flow_mod,7,1,-0.00632837218381425,-0.0102472733556104,0,0,0,0,0,0,0.159880389284888,0
ood_combo,DS02,14,11,LPC_eff_mod,8,1,0,-0,0,0,0,0,0,0,0.159880389284888,0
ood_combo,DS02,14,11,LPC_flow_mod,9,1,0,-0,0,0,0,0,0,0,0.159880389284888,0
ood_combo,DS02,14,12,HPT_eff_mod,1,1,-0.00362569653738782,-0.00332040159491829,0,0,0,0,0,0,0.15694899513303,0
ood_combo,DS02,14,12,fan_eff_mod,2,1,0,-0,0,0,0,0,0,0,0.15694899513303,0
ood_combo,DS02,14,12,fan_flow_mod,3,1,0,-0.000117465306299301,0,0,0,0,0,0,0.15694899513303,0
ood_combo,DS02,14,12,HPC_eff_mod,4,1,0,-0,0,0,0,0,0,0,0.15694899513303,0
ood_combo,DS02,14,12,HPC_flow_mod,5,1,0,-0,0,0,0,0,0,0,0.15694899513303,0
ood_combo,DS02,14,12,LPT_eff_mod,6,1,-0.00596022581411427,-0.00174242441649281,0,0,0,0,0,0,0.15694899513303,0
ood_combo,DS02,14,12,LPT_flow_mod,7,1,-0.00876468154472454,-0.0102472733556104,0,0,0,0,0,0,0.15694899513303,0
ood_combo,DS02,14,12,LPC_eff_mod,8,1,0,-0,0,0,0,0,0,0,0.15694899513303,0
ood_combo,DS02,14,12,LPC_flow_mod,9,1,0,-0,0,0,0,0,0,0,0.15694899513303,0
ood_combo,DS02,14,13,HPT_eff_mod,1,1,-0.0180482525181469,-0.0127014037706407,0,0,0,0,0,0,0.201510779983049,0
ood_combo,DS02,14,13,fan_eff_mod,2,1,0,-0,0,0,0,0,0,0,0.201510779983049,0
ood_combo,DS02,14,13,fan_flow_mod,3,1,0,-0.000117465306299301,0,0,0,0,0,0,0.201510779983049,0
ood_combo,DS02,14,13,HPC_eff_mod,4,1,0,-0,0,0,0,0,0,0,0.201510779983049,0
ood_combo,DS02,14,13,HPC_flow_mod,5,1,0,-0,0,0,0,0,0,0,0.201510779983049,0
ood_combo,DS02,14,13,LPT_eff_mod,6,1,-0.00677226992623382,-0.00174242441649281,0,0,0,0,0,0,0.201510779983049,0
ood_combo,DS02,14,13,LPT_flow_mod,7,1,-0.00929559644088505,-0.0102472733556104,0,0,0,0,0,0,0.201510779983049,0
ood_combo,DS02,14,13,LPC_eff_mod,8,1,0,-0,0,0,0,0,0,0,0.201510779983049,0
ood_combo,DS02,14,13,LPC_flow_mod,9,1,0,-0,0,0,0,0,0,0,0.201510779983049,0
ood_combo,DS02,14,14,HPT_eff_mod,1,1,-0.0163742732151059,-0.0127014037706407,0,0,0,0,0,0,0.18629037648778,0
ood_combo,DS02,14,14,fan_eff_mod,2,1,0,-0,0,0,0,0,0,0,0.18629037648778,0
ood_combo,DS02,14,14,fan_flow_mod,3,1,0,-0.000117465306299301,0,0,0,0,0,0,0.18629037648778,0
ood_combo,DS02,14,14,HPC_eff_mod,4,1,0,-0,0,0,0,0,0,0,0.18629037648778,0
ood_combo,DS02,14,14,HPC_flow_mod,5,1,0,-0,0,0,0,0,0,0,0.18629037648778,0
ood_combo,DS02,14,14,LPT_eff_mod,6,1,-0.00777974715421744,-0.00872906425039812,0,0,0,0,0,0,0.18629037648778,0
ood_combo,DS02,14,14,LPT_flow_mod,7,1,-0.0131708954643859,-0.0102472733556104,0,0,0,0,0,0,0.18629037648778,0
ood_combo,DS02,14,14,LPC_eff_mod,8,1,0,-0,0,0,0,0,0,0,0.18629037648778,0
ood_combo,DS02,14,14,LPC_flow_mod,9,1,0,-0,0,0,0,0,0,0,0.18629037648778,0
ood_combo,DS02,14,15,HPT_eff_mod,1,1,-0.0173701957335005,-0.0127014037706407,0,0,0,0,0,0,0.189386990961441,0
ood_combo,DS02,14,15,fan_eff_mod,2,1,0,-0,0,0,0,0,0,0,0.189386990961441,0
ood_combo,DS02,14,15,fan_flow_mod,3,1,0,-0.000117465306299301,0,0,0,0,0,0,0.189386990961441,0
ood_combo,DS02,14,15,HPC_eff_mod,4,1,0,-0,0,0,0,0,0,0,0.189386990961441,0
ood_combo,DS02,14,15,HPC_flow_mod,5,1,0,-0,0,0,0,0,0,0,0.189386990961441,0
ood_combo,DS02,14,15,LPT_eff_mod,6,1,-0.00599931618537318,-0.00872906425039812,0,0,0,0,0,0,0.189386990961441,0
ood_combo,DS02,14,15,LPT_flow_mod,7,1,-0.0152738368553827,-0.0102472733556104,0,0,0,0,0,0,0.189386990961441,0
ood_combo,DS02,14,15,LPC_eff_mod,8,1,0,-0,0,0,0,0,0,0,0.189386990961441,0
ood_combo,DS02,14,15,LPC_flow_mod,9,1,0,-0,0,0,0,0,0,0,0.189386990961441,0
ood_combo,DS02,14,16,HPT_eff_mod,1,1,-0.000720363288097589,-0.0127014037706407,0,0,0,0,0,0,0.115865924456638,0
ood_combo,DS02,14,16,fan_eff_mod,2,1,0,-0,0,0,0,0,0,0,0.115865924456638,0
ood_combo,DS02,14,16,fan_flow_mod,3,1,0,-0.000117465306299301,0,0,0,0,0,0,0.115865924456638,0
ood_combo,DS02,14,16,HPC_eff_mod,4,1,0,-0,0,0,0,0,0,0,0.115865924456638,0
ood_combo,DS02,14,16,HPC_flow_mod,5,1,0,-0,0,0,0,0,0,0,0.115865924456638,0
ood_combo,DS02,14,16,LPT_eff_mod,6,1,-0.00942429965840067,-0.00872906425039812,0,0,0,0,0,0,0.115865924456638,0
ood_combo,DS02,14,16,LPT_flow_mod,7,1,-0.013908050987317,-0.0102472733556104,0,0,0,0,0,0,0.115865924456638,0
ood_combo,DS02,14,16,LPC_eff_mod,8,1,0,-0,0,0,0,0,0,0,0.115865924456638,0
ood_combo,DS02,14,16,LPC_flow_mod,9,1,0,-0,0,0,0,0,0,0,0.115865924456638,0
ood_combo,DS02,14,17,HPT_eff_mod,1,1,-0.0085422872553468,-0.0127014037706407,0,0,0,0,0,0,0.179985291124066,0
ood_combo,DS02,14,17,fan_eff_mod,2,1,0,-0,0,0,0,0,0,0,0.179985291124066,0
ood_combo,DS02,14,17,fan_flow_mod,3,1,0,-0.000117465306299301,0,0,0,0,0,0,0.179985291124066,0
ood_combo,DS02,14,17,HPC_eff_mod,4,1,0,-0,0,0,0,0,0,0,0.179985291124066,0
ood_combo,DS02,14,17,HPC_flow_mod,5,1,0,-0,0,0,0,0,0,0,0.179985291124066,0
ood_combo,DS02,14,17,LPT_eff_mod,6,1,-0.0054069188722286,-0.00872906425039812,0,0,0,0,0,0,0.179985291124066,0
ood_combo,DS02,14,17,LPT_flow_mod,7,1,-0.0156977578616591,-0.0102472733556104,0,0,0,0,0,0,0.179985291124066,0
ood_combo,DS02,14,17,LPC_eff_mod,8,1,0,-0,0,0,0,0,0,0,0.179985291124066,0
ood_combo,DS02,14,17,LPC_flow_mod,9,1,0,-0,0,0,0,0,0,0,0.179985291124066,0
ood_combo,DS02,14,18,HPT_eff_mod,1,1,-0.0189029774291353,-0.0127014037706407,0,0,0,0,0,0,0.21048203490546,0
ood_combo,DS02,14,18,fan_eff_mod,2,1,0,-0,0,0,0,0,0,0,0.21048203490546,0
ood_combo,DS02,14,18,fan_flow_mod,3,1,0,-0.000117465306299301,0,0,0,0,0,0,0.21048203490546,0
ood_combo,DS02,14,18,HPC_eff_mod,4,1,0,-0,0,0,0,0,0,0,0.21048203490546,0
ood_combo,DS02,14,18,HPC_flow_mod,5,1,0,-0,0,0,0,0,0,0,0.21048203490546,0
ood_combo,DS02,14,18,LPT_eff_mod,6,1,-0.0135256731597075,-0.00872906425039812,0,0,0,0,0,0,0.21048203490546,0
ood_combo,DS02,14,18,LPT_flow_mod,7,1,-0.00775106861749539,-0.0102472733556104,0,0,0,0,0,0,0.21048203490546,0
ood_combo,DS02,14,18,LPC_eff_mod,8,1,0,-0,0,0,0,0,0,0,0.21048203490546,0
ood_combo,DS02,14,18,LPC_flow_mod,9,1,0,-0,0,0,0,0,0,0,0.21048203490546,0
ood_combo,DS02,14,19,HPT_eff_mod,1,1,-0.0175829948621013,-0.0127014037706407,0,0,0,0,0,0,0.194585587763262,0
ood_combo,DS02,14,19,fan_eff_mod,2,1,0,-0,0,0,0,0,0,0,0.194585587763262,0
ood_combo,DS02,14,19,fan_flow_mod,3,1,0,-0.000117465306299301,0,0,0,0,0,0,0.194585587763262,0
ood_combo,DS02,14,19,HPC_eff_mod,4,1,0,-0,0,0,0,0,0,0,0.194585587763262,0
ood_combo,DS02,14,19,HPC_flow_mod,5,1,0,-0,0,0,0,0,0,0,0.194585587763262,0
ood_combo,DS02,14,19,LPT_eff_mod,6,1,-0.00583703428771873,-0.00872906425039812,0,0,0,0,0,0,0.194585587763262,0
ood_combo,DS02,14,19,LPT_flow_mod,7,1,-0.00814199675235794,-0.0115784499514157,0,0,0,0,0,0,0.194585587763262,0
ood_combo,DS02,14,19,LPC_eff_mod,8,1,0,-0,0,0,0,0,0,0,0.194585587763262,0
ood_combo,DS02,14,19,LPC_flow_mod,9,1,0,-0,0,0,0,0,0,0,0.194585587763262,0
ood_combo,DS02,14,20,HPT_eff_mod,1,1,-0.0168936331461585,-0.013930930158835,0,0,0,0,0,0,0.21121672996659,0
ood_combo,DS02,14,20,fan_eff_mod,2,1,0,-0,0,0,0,0,0,0,0.21121672996659,0
ood_combo,DS02,14,20,fan_flow_mod,3,1,0,-0.000117465306299301,0,0,0,0,0,0,0.21121672996659,0
ood_combo,DS02,14,20,HPC_eff_mod,4,1,0,-0,0,0,0,0,0,0,0.21121672996659,0
ood_combo,DS02,14,20,HPC_flow_mod,5,1,0,-0,0,0,0,0,0,0,0.21121672996659,0
ood_combo,DS02,14,20,LPT_eff_mod,6,1,-0.0138386807772064,-0.00872906425039812,0,0,0,0,0,0,0.21121672996659,0
ood_combo,DS02,14,20,LPT_flow_mod,7,1,-0.0161833701523215,-0.0115784499514157,0,0,0,0,0,0,0.21121672996659,0
ood_combo,DS02,14,20,LPC_eff_mod,8,1,0,-0,0,0,0,0,0,0,0.21121672996659,0
ood_combo,DS02,14,20,LPC_flow_mod,9,1,0,-0,0,0,0,0,0,0,0.21121672996659,0
ood_combo,DS02,14,21,HPT_eff_mod,1,1,-0.0202325249759994,-0.013930930158835,0,0,0,0,0,0,0.173140272026148,0
ood_combo,DS02,14,21,fan_eff_mod,2,1,0,-0,0,0,0,0,0,0,0.173140272026148,0
ood_combo,DS02,14,21,fan_flow_mod,3,1,0,-0.000117465306299301,0,0,0,0,0,0,0.173140272026148,0
ood_combo,DS02,14,21,HPC_eff_mod,4,1,0,-0,0,0,0,0,0,0,0.173140272026148,0
ood_combo,DS02,14,21,HPC_flow_mod,5,1,0,-0,0,0,0,0,0,0,0.173140272026148,0
ood_combo,DS02,14,21,LPT_eff_mod,6,1,-0.0072685809449888,-0.00872906425039812,0,0,0,0,0,0,0.173140272026148,0
ood_combo,DS02,14,21,LPT_flow_mod,7,1,-0.00989445425926571,-0.0121846824389331,0,0,0,0,0,0,0.173140272026148,0
ood_combo,DS02,14,21,LPC_eff_mod,8,1,0,-0,0,0,0,0,0,0,0.173140272026148,0
ood_combo,DS02,14,21,LPC_flow_mod,9,1,0,-0,0,0,0,0,0,0,0.173140272026148,0
ood_combo,DS02,14,22,HPT_eff_mod,1,1,-0.020663720087885,-0.013930930158835,0,0,0,0,0,0,0.143281009703876,0
ood_combo,DS02,14,22,fan_eff_mod,2,1,0,-0,0,0,0,0,0,0,0.143281009703876,0
ood_combo,DS02,14,22,fan_flow_mod,3,1,0,-0.000117465306299301,0,0,0,0,0,0,0.143281009703876,0
ood_combo,DS02,14,22,HPC_eff_mod,4,1,0,-0,0,0,0,0,0,0,0.143281009703876,0
ood_combo,DS02,14,22,HPC_flow_mod,5,1,0,-0,0,0,0,0,0,0,0.143281009703876,0
ood_combo,DS02,14,22,LPT_eff_mod,6,1,-0.0118466456377351,-0.00872906425039812,0,0,0,0,0,0,0.143281009703876,0
ood_combo,DS02,14,22,LPT_flow_mod,7,1,-0.0142182041024512,-0.0121846824389331,0,0,0,0,0,0,0.143281009703876,0
ood_combo,DS02,14,22,LPC_eff_mod,8,1,0,-0,0,0,0,0,0,0,0.143281009703876,0
ood_combo,DS02,14,22,LPC_flow_mod,9,1,0,-0,0,0,0,0,0,0,0.143281009703876,0
ood_combo,DS02,14,23,HPT_eff_mod,1,1,-0.0088493181776611,-0.013930930158835,0,0,0,0,0,0,0.172153049025754,0
ood_combo,DS02,14,23,fan_eff_mod,2,1,0,-0,0,0,0,0,0,0,0.172153049025754,0
ood_combo,DS02,14,23,fan_flow_mod,3,1,0,-0.000117465306299301,0,0,0,0,0,0,0.172153049025754,0
ood_combo,DS02,14,23,HPC_eff_mod,4,1,0,-0,0,0,0,0,0,0,0.172153049025754,0
ood_combo,DS02,14,23,HPC_flow_mod,5,1,0,-0,0,0,0,0,0,0,0.172153049025754,0
ood_combo,DS02,14,23,LPT_eff_mod,6,1,-0.00846439503975639,-0.00973077692697772,0,0,0,0,0,0,0.172153049025754,0
ood_combo,DS02,14,23,LPT_flow_mod,7,1,-0.0164750863665394,-0.0121846824389331,0,0,0,0,0,0,0.172153049025754,0
ood_combo,DS02,14,23,LPC_eff_mod,8,1,0,-0,0,0,0,0,0,0,0.172153049025754,0
ood_combo,DS02,14,23,LPC_flow_mod,9,1,0,-0,0,0,0,0,0,0,0.172153049025754,0
ood_combo,DS02,14,24,HPT_eff_mod,1,1,-0.0243016867984576,-0.0175700481439257,0,1,0,1,0,1,0.167049836084848,0
ood_combo,DS02,14,24,fan_eff_mod,2,1,0,-0,0,0,0,0,0,1,0.167049836084848,0
ood_combo,DS02,14,24,fan_flow_mod,3,1,0,-0.000117465306299301,0,0,0,0,0,1,0.167049836084848,0
ood_combo,DS02,14,24,HPC_eff_mod,4,1,0,-0,0,0,0,0,0,1,0.167049836084848,0
ood_combo,DS02,14,24,HPC_flow_mod,5,1,0,-0,0,0,0,0,0,1,0.167049836084848,0
ood_combo,DS02,14,24,LPT_eff_mod,6,1,-0.00679767642615817,-0.00973077692697772,0,0,0,0,0,1,0.167049836084848,0
ood_combo,DS02,14,24,LPT_flow_mod,7,1,-0.010138063687865,-0.0121846824389331,0,0,0,0,0,1,0.167049836084848,0
ood_combo,DS02,14,24,LPC_eff_mod,8,1,0,-0,0,0,0,0,0,1,0.167049836084848,0
ood_combo,DS02,14,24,LPC_flow_mod,9,1,0,-0,0,0,0,0,0,1,0.167049836084848,0
ood_combo,DS02,14,25,HPT_eff_mod,1,1,-0.0311807102249393,-0.0231679302722947,0,1,0,1,0,1,0.161559087877665,0
ood_combo,DS02,14,25,fan_eff_mod,2,1,0,-0,0,0,0,0,0,1,0.161559087877665,0
ood_combo,DS02,14,25,fan_flow_mod,3,1,0,-0.000117465306299301,0,0,0,0,0,1,0.161559087877665,0
ood_combo,DS02,14,25,HPC_eff_mod,4,1,0,-0,0,0,0,0,0,1,0.161559087877665,0
ood_combo,DS02,14,25,HPC_flow_mod,5,1,0,-0,0,0,0,0,0,1,0.161559087877665,0
ood_combo,DS02,14,25,LPT_eff_mod,6,1,-0.00676015578359918,-0.00976222180161333,0,0,0,0,0,1,0.161559087877665,0
ood_combo,DS02,14,25,LPT_flow_mod,7,1,-0.0174207908693515,-0.0121846824389331,0,0,0,0,0,1,0.161559087877665,0
ood_combo,DS02,14,25,LPC_eff_mod,8,1,0,-0,0,0,0,0,0,1,0.161559087877665,0
ood_combo,DS02,14,25,LPC_flow_mod,9,1,0,-0,0,0,0,0,0,1,0.161559087877665,0
ood_combo,DS02,14,26,HPT_eff_mod,1,1,-0.0230612348067001,-0.0231679302722947,0,1,0,1,0,1,0.188052871531477,0
ood_combo,DS02,14,26,fan_eff_mod,2,1,0,-0,0,0,0,0,0,1,0.188052871531477,0
ood_combo,DS02,14,26,fan_flow_mod,3,1,0,-0.000117465306299301,0,0,0,0,0,1,0.188052871531477,0
ood_combo,DS02,14,26,HPC_eff_mod,4,1,0,-0,0,0,0,0,0,1,0.188052871531477,0
ood_combo,DS02,14,26,HPC_flow_mod,5,1,0,-0,0,0,0,0,0,1,0.188052871531477,0
ood_combo,DS02,14,26,LPT_eff_mod,6,1,-0.0121703534335944,-0.00976222180161333,0,0,0,0,0,1,0.188052871531477,0
ood_combo,DS02,14,26,LPT_flow_mod,7,1,-0.0148955589324262,-0.0121846824389331,0,0,0,0,0,1,0.188052871531477,0
ood_combo,DS02,14,26,LPC_eff_mod,8,1,0,-0,0,0,0,0,0,1,0.188052871531477,0
ood_combo,DS02,14,26,LPC_flow_mod,9,1,0,-0,0,0,0,0,0,1,0.188052871531477,0
ood_combo,DS02,14,27,HPT_eff_mod,1,1,-0.019749223143801,-0.0231679302722947,0,1,0,1,0,1,0.173067302741962,0
ood_combo,DS02,14,27,fan_eff_mod,2,1,0,-0,0,0,0,0,0,1,0.173067302741962,0
ood_combo,DS02,14,27,fan_flow_mod,3,1,0,-0.000117465306299301,0,0,0,0,0,1,0.173067302741962,0
ood_combo,DS02,14,27,HPC_eff_mod,4,1,0,-0,0,0,0,0,0,1,0.173067302741962,0
ood_combo,DS02,14,27,HPC_flow_mod,5,1,0,-0,0,0,0,0,0,1,0.173067302741962,0
ood_combo,DS02,14,27,LPT_eff_mod,6,1,-0.0186084681362275,-0.00976222180161333,0,0,0,0,0,1,0.173067302741962,0
ood_combo,DS02,14,27,LPT_flow_mod,7,1,-0.012026964684104,-0.0121846824389331,0,0,0,0,0,1,0.173067302741962,0
ood_combo,DS02,14,27,LPC_eff_mod,8,1,0,-0,0,0,0,0,0,1,0.173067302741962,0
ood_combo,DS02,14,27,LPC_flow_mod,9,1,0,-0,0,0,0,0,0,1,0.173067302741962,0
ood_combo,DS02,14,28,HPT_eff_mod,1,1,-0.0247884466440313,-0.0241849945708961,0,1,0,1,0,1,0.209824412670888,0
ood_combo,DS02,14,28,fan_eff_mod,2,1,0,-0,0,0,0,0,0,1,0.209824412670888,0
ood_combo,DS02,14,28,fan_flow_mod,3,1,0,-0.000117465306299301,0,0,0,0,0,1,0.209824412670888,0
ood_combo,DS02,14,28,HPC_eff_mod,4,1,0,-0,0,0,0,0,0,1,0.209824412670888,0
ood_combo,DS02,14,28,HPC_flow_mod,5,1,0,-0,0,0,0,0,0,1,0.209824412670888,0
ood_combo,DS02,14,28,LPT_eff_mod,6,1,-0.0173436821648441,-0.00976222180161333,0,0,0,0,0,1,0.209824412670888,0
ood_combo,DS02,14,28,LPT_flow_mod,7,1,-0.024201308541545,-0.0121846824389331,0,0,0,0,0,1,0.209824412670888,0
ood_combo,DS02,14,28,LPC_eff_mod,8,1,0,-0,0,0,0,0,0,1,0.209824412670888,0
ood_combo,DS02,14,28,LPC_flow_mod,9,1,0,-0,0,0,0,0,0,1,0.209824412670888,0
ood_combo,DS02,14,29,HPT_eff_mod,1,1,-0.0340447687014135,-0.0241849945708961,0,1,0,1,0,1,0.176280974613917,0
ood_combo,DS02,14,29,fan_eff_mod,2,1,0,-0,0,0,0,0,0,1,0.176280974613917,0
ood_combo,DS02,14,29,fan_flow_mod,3,1,0,-0.000117465306299301,0,0,0,0,0,1,0.176280974613917,0
ood_combo,DS02,14,29,HPC_eff_mod,4,1,0,-0,0,0,0,0,0,1,0.176280974613917,0
ood_combo,DS02,14,29,HPC_flow_mod,5,1,0,-0,0,0,0,0,0,1,0.176280974613917,0
ood_combo,DS02,14,29,LPT_eff_mod,6,1,-0.0114136253186159,-0.00976222180161333,0,0,0,0,0,1,0.176280974613917,0
ood_combo,DS02,14,29,LPT_flow_mod,7,1,-0.0236072379375621,-0.0213100339939644,0,0,0,0,0,1,0.176280974613917,0
ood_combo,DS02,14,29,LPC_eff_mod,8,1,0,-0,0,0,0,0,0,1,0.176280974613917,0
ood_combo,DS02,14,29,LPC_flow_mod,9,1,0,-0,0,0,0,0,0,1,0.176280974613917,0
ood_combo,DS02,14,30,HPT_eff_mod,1,1,-0.018016211190378,-0.0241849945708961,0,1,0,1,0,1,0.0761271818268994,0
ood_combo,DS02,14,30,fan_eff_mod,2,1,0,-0,0,0,0,0,0,1,0.0761271818268994,0
ood_combo,DS02,14,30,fan_flow_mod,3,1,0,-0.000117465306299301,0,0,0,0,0,1,0.0761271818268994,0
ood_combo,DS02,14,30,HPC_eff_mod,4,1,0,-0,0,0,0,0,0,1,0.0761271818268994,0
ood_combo,DS02,14,30,HPC_flow_mod,5,1,0,-0,0,0,0,0,0,1,0.0761271818268994,0
ood_combo,DS02,14,30,LPT_eff_mod,6,1,-0.0121152939508642,-0.00976222180161333,0,0,0,0,0,1,0.0761271818268994,0
ood_combo,DS02,14,30,LPT_flow_mod,7,1,-0.0244134004069935,-0.0213100339939644,0,0,0,0,0,1,0.0761271818268994,0
ood_combo,DS02,14,30,LPC_eff_mod,8,1,0,-0,0,0,0,0,0,1,0.0761271818268994,0
ood_combo,DS02,14,30,LPC_flow_mod,9,1,0,-0,0,0,0,0,0,1,0.0761271818268994,0
ood_combo,DS02,14,31,HPT_eff_mod,1,1,-0.0290705690569604,-0.0241849945708961,0,1,0,1,0,1,0.190616020644043,0
ood_combo,DS02,14,31,fan_eff_mod,2,1,0,-0,0,0,0,0,0,1,0.190616020644043,0
ood_combo,DS02,14,31,fan_flow_mod,3,1,0,-0.000117465306299301,0,0,0,0,0,1,0.190616020644043,0
ood_combo,DS02,14,31,HPC_eff_mod,4,1,0,-0,0,0,0,0,0,1,0.190616020644043,0
ood_combo,DS02,14,31,HPC_flow_mod,5,1,0,-0,0,0,0,0,0,1,0.190616020644043,0
ood_combo,DS02,14,31,LPT_eff_mod,6,1,-0.0132902339826358,-0.00976222180161333,0,0,0,0,0,1,0.190616020644043,0
ood_combo,DS02,14,31,LPT_flow_mod,7,1,-0.025184129480623,-0.0213100339939644,0,0,0,0,0,1,0.190616020644043,0
ood_combo,DS02,14,31,LPC_eff_mod,8,1,0,-0,0,0,0,0,0,1,0.190616020644043,0
ood_combo,DS02,14,31,LPC_flow_mod,9,1,0,-0,0,0,0,0,0,1,0.190616020644043,0
ood_combo,DS02,14,32,HPT_eff_mod,1,1,-0.0269631532484791,-0.0241849945708961,0,1,0,1,0,1,0.257893807742163,0
ood_combo,DS02,14,32,fan_eff_mod,2,1,0,-0,0,0,0,0,0,1,0.257893807742163,0
ood_combo,DS02,14,32,fan_flow_mod,3,1,0,-0.000117465306299301,0,0,0,0,0,1,0.257893807742163,0
ood_combo,DS02,14,32,HPC_eff_mod,4,1,0,-0,0,0,0,0,0,1,0.257893807742163,0
ood_combo,DS02,14,32,HPC_flow_mod,5,1,0,-0,0,0,0,0,0,1,0.257893807742163,0
ood_combo,DS02,14,32,LPT_eff_mod,6,1,-0.0160913365050784,-0.00976222180161333,0,0,0,0,0,1,0.257893807742163,0
ood_combo,DS02,14,32,LPT_flow_mod,7,1,-0.016352864947632,-0.0213100339939644,0,0,0,0,0,1,0.257893807742163,0
ood_combo,DS02,14,32,LPC_eff_mod,8,1,0,-0,0,0,0,0,0,1,0.257893807742163,0
ood_combo,DS02,14,32,LPC_flow_mod,9,1,0,-0,0,0,0,0,0,1,0.257893807742163,0
ood_combo,DS02,14,33,HPT_eff_mod,1,1,-0.0240140121682503,-0.0274584592616336,0,1,0,1,0,1,0.0700671729043617,0
ood_combo,DS02,14,33,fan_eff_mod,2,1,0,-0,0,0,0,0,0,1,0.0700671729043617,0
ood_combo,DS02,14,33,fan_flow_mod,3,1,0,-0.000117465306299301,0,0,0,0,0,1,0.0700671729043617,0
ood_combo,DS02,14,33,HPC_eff_mod,4,1,0,-0,0,0,0,0,0,1,0.0700671729043617,0
ood_combo,DS02,14,33,HPC_flow_mod,5,1,0,-0,0,0,0,0,0,1,0.0700671729043617,0
ood_combo,DS02,14,33,LPT_eff_mod,6,1,-0.0188211550591097,-0.0098670615379887,0,0,0,0,0,1,0.0700671729043617,0
ood_combo,DS02,14,33,LPT_flow_mod,7,1,-0.0254653638491842,-0.0213100339939644,0,1,0,1,0,1,0.0700671729043617,0
ood_combo,DS02,14,33,LPC_eff_mod,8,1,0,-0,0,0,0,0,0,1,0.0700671729043617,0
ood_combo,DS02,14,33,LPC_flow_mod,9,1,0,-0,0,0,0,0,0,1,0.0700671729043617,0
ood_combo,DS02,14,34,HPT_eff_mod,1,1,-0.0359969902211601,-0.0274584592616336,0,1,0,1,0,1,0.247906380204102,0
ood_combo,DS02,14,34,fan_eff_mod,2,1,0,-0,0,0,0,0,0,1,0.247906380204102,0
ood_combo,DS02,14,34,fan_flow_mod,3,1,0,-0.000117465306299301,0,0,0,0,0,1,0.247906380204102,0
ood_combo,DS02,14,34,HPC_eff_mod,4,1,0,-0,0,0,0,0,0,1,0.247906380204102,0
ood_combo,DS02,14,34,HPC_flow_mod,5,1,0,-0,0,0,0,0,0,1,0.247906380204102,0
ood_combo,DS02,14,34,LPT_eff_mod,6,1,-0.021275570384373,-0.0098670615379887,0,0,0,0,0,1,0.247906380204102,0
ood_combo,DS02,14,34,LPT_flow_mod,7,1,-0.0220800007029,-0.0213100339939644,0,1,0,1,0,1,0.247906380204102,0
ood_combo,DS02,14,34,LPC_eff_mod,8,1,0,-0,0,0,0,0,0,1,0.247906380204102,0
ood_combo,DS02,14,34,LPC_flow_mod,9,1,0,-0,0,0,0,0,0,1,0.247906380204102,0
ood_combo,DS02,14,35,HPT_eff_mod,1,1,-0.0264064026298648,-0.0274584592616336,0,1,0,1,0,1,0.173721487571786,0
ood_combo,DS02,14,35,fan_eff_mod,2,1,0,-0,0,0,0,0,0,1,0.173721487571786,0
ood_combo,DS02,14,35,fan_flow_mod,3,1,0,-0.000117465306299301,0,0,0,0,0,1,0.173721487571786,0
ood_combo,DS02,14,35,HPC_eff_mod,4,1,0,-0,0,0,0,0,0,1,0.173721487571786,0
ood_combo,DS02,14,35,HPC_flow_mod,5,1,0,-0,0,0,0,0,0,1,0.173721487571786,0
ood_combo,DS02,14,35,LPT_eff_mod,6,1,-0.0150719967152439,-0.0098670615379887,0,0,0,0,0,1,0.173721487571786,0
ood_combo,DS02,14,35,LPT_flow_mod,7,1,-0.0213335377206534,-0.0213100339939644,0,1,0,1,0,1,0.173721487571786,0
ood_combo,DS02,14,35,LPC_eff_mod,8,1,0,-0,0,0,0,0,0,1,0.173721487571786,0
ood_combo,DS02,14,35,LPC_flow_mod,9,1,0,-0,0,0,0,0,0,1,0.173721487571786,0
ood_combo,DS02,14,36,HPT_eff_mod,1,0,-0.0225301667120552,-0.0274584592616336,1,1,1,1,1,1,0.156282474450508,0
ood_combo,DS02,14,36,fan_eff_mod,2,0,0,-0,0,0,0,0,1,1,0.156282474450508,0
ood_combo,DS02,14,36,fan_flow_mod,3,0,0,-0.000117465306299301,0,0,0,0,1,1,0.156282474450508,0
ood_combo,DS02,14,36,HPC_eff_mod,4,0,0,-0,0,0,0,0,1,1,0.156282474450508,0
ood_combo,DS02,14,36,HPC_flow_mod,5,0,0,-0,0,0,0,0,1,1,0.156282474450508,0
ood_combo,DS02,14,36,LPT_eff_mod,6,0,-0.0200052492130701,-0.0098670615379887,1,0,1,0,1,1,0.156282474450508,0
ood_combo,DS02,14,36,LPT_flow_mod,7,0,-0.028147629306861,-0.0213100339939644,1,1,1,1,1,1,0.156282474450508,0
ood_combo,DS02,14,36,LPC_eff_mod,8,0,0,-0,0,0,0,0,1,1,0.156282474450508,0
ood_combo,DS02,14,36,LPC_flow_mod,9,0,0,-0,0,0,0,0,1,1,0.156282474450508,0
ood_combo,DS02,14,37,HPT_eff_mod,1,0,-0.0268669817111178,-0.027913939694914,1,1,1,1,2,1,0.13102904974661,0
ood_combo,DS02,14,37,fan_eff_mod,2,0,0,-0,0,0,0,0,2,1,0.13102904974661,0
ood_combo,DS02,14,37,fan_flow_mod,3,0,0,-0.000117465306299301,0,0,0,0,2,1,0.13102904974661,0
ood_combo,DS02,14,37,HPC_eff_mod,4,0,0,-0,0,0,0,0,2,1,0.13102904974661,0
ood_combo,DS02,14,37,HPC_flow_mod,5,0,0,-0,0,0,0,0,2,1,0.13102904974661,0
ood_combo,DS02,14,37,LPT_eff_mod,6,0,-0.0231622797711913,-0.0098670615379887,1,0,1,0,2,1,0.13102904974661,0
ood_combo,DS02,14,37,LPT_flow_mod,7,0,-0.0309375891310646,-0.0213100339939644,1,1,2,1,2,1,0.13102904974661,0
ood_combo,DS02,14,37,LPC_eff_mod,8,0,0,-0,0,0,0,0,2,1,0.13102904974661,0
ood_combo,DS02,14,37,LPC_flow_mod,9,0,0,-0,0,0,0,0,2,1,0.13102904974661,0
ood_combo,DS02,14,38,HPT_eff_mod,1,0,-0.0365352335233087,-0.0285877656454305,1,1,2,1,2,1,0.140102007448183,0
ood_combo,DS02,14,38,fan_eff_mod,2,0,0,-0,0,0,0,0,2,1,0.140102007448183,0
ood_combo,DS02,14,38,fan_flow_mod,3,0,0,-0.000117465306299301,0,0,0,0,2,1,0.140102007448183,0
ood_combo,DS02,14,38,HPC_eff_mod,4,0,0,-0,0,0,0,0,2,1,0.140102007448183,0
ood_combo,DS02,14,38,HPC_flow_mod,5,0,0,-0,0,0,0,0,2,1,0.140102007448183,0
ood_combo,DS02,14,38,LPT_eff_mod,6,0,-0.0258217993413579,-0.0140762345737579,1,0,1,0,2,1,0.140102007448183,0
ood_combo,DS02,14,38,LPT_flow_mod,7,0,-0.0164206153406876,-0.0213100339939644,1,1,2,1,2,1,0.140102007448183,0
ood_combo,DS02,14,38,LPC_eff_mod,8,0,0,-0,0,0,0,0,2,1,0.140102007448183,0
ood_combo,DS02,14,38,LPC_flow_mod,9,0,0,-0,0,0,0,0,2,1,0.140102007448183,0
ood_combo,DS02,14,39,HPT_eff_mod,1,0,-0.0315614334354128,-0.0328566088497976,1,1,2,2,2,2,0.19893048782212,0
ood_combo,DS02,14,39,fan_eff_mod,2,0,0,-0,0,0,0,0,2,2,0.19893048782212,0
ood_combo,DS02,14,39,fan_flow_mod,3,0,0,-0.000117465306299301,0,0,0,0,2,2,0.19893048782212,0
ood_combo,DS02,14,39,HPC_eff_mod,4,0,0,-0.00131557682603144,0,0,0,0,2,2,0.19893048782212,0
ood_combo,DS02,14,39,HPC_flow_mod,5,0,0,-0,0,0,0,0,2,2,0.19893048782212,0
ood_combo,DS02,14,39,LPT_eff_mod,6,0,-0.0246824735205766,-0.0209509394252599,1,0,1,0,2,2,0.19893048782212,0
ood_combo,DS02,14,39,LPT_flow_mod,7,0,-0.0258680855647998,-0.0213100339939644,1,1,2,1,2,2,0.19893048782212,0
ood_combo,DS02,14,39,LPC_eff_mod,8,0,0,-0,0,0,0,0,2,2,0.19893048782212,0
ood_combo,DS02,14,39,LPC_flow_mod,9,0,0,-0,0,0,0,0,2,2,0.19893048782212,0
ood_combo,DS02,14,40,HPT_eff_mod,1,0,-0.0331335360309683,-0.0328566088497976,1,1,2,2,2,2,0.131193508066273,0
ood_combo,DS02,14,40,fan_eff_mod,2,0,0,-0,0,0,0,0,2,2,0.131193508066273,0
ood_combo,DS02,14,40,fan_flow_mod,3,0,0,-0.000117465306299301,0,0,0,0,2,2,0.131193508066273,0
ood_combo,DS02,14,40,HPC_eff_mod,4,0,0,-0.00131557682603144,0,0,0,0,2,2,0.131193508066273,0
ood_combo,DS02,14,40,HPC_flow_mod,5,0,0,-0,0,0,0,0,2,2,0.131193508066273,0
ood_combo,DS02,14,40,LPT_eff_mod,6,0,-0.0183521971713587,-0.0209509394252599,1,0,1,0,2,2,0.131193508066273,0
ood_combo,DS02,14,40,LPT_flow_mod,7,0,-0.0383667307726007,-0.0244792663929339,1,1,2,1,2,2,0.131193508066273,0
ood_combo,DS02,14,40,LPC_eff_mod,8,0,0,-0,0,0,0,0,2,2,0.131193508066273,0
ood_combo,DS02,14,40,LPC_flow_mod,9,0,0,-0,0,0,0,0,2,2,0.131193508066273,0
ood_combo,DS02,14,41,HPT_eff_mod,1,0,-0.037775025451985,-0.0390988652142447,1,1,2,2,2,2,0.175661189516768,0
ood_combo,DS02,14,41,fan_eff_mod,2,0,0,-0,0,0,0,0,2,2,0.175661189516768,0
ood_combo,DS02,14,41,fan_flow_mod,3,0,0,-0.000117465306299301,0,0,0,0,2,2,0.175661189516768,0
ood_combo,DS02,14,41,HPC_eff_mod,4,0,0,-0.00131557682603144,0,0,0,0,2,2,0.175661189516768,0
ood_combo,DS02,14,41,HPC_flow_mod,5,0,0,-0,0,0,0,0,2,2,0.175661189516768,0
ood_combo,DS02,14,41,LPT_eff_mod,6,0,-0.0289413927640277,-0.0209509394252599,1,0,1,0,2,2,0.175661189516768,0
ood_combo,DS02,14,41,LPT_flow_mod,7,0,-0.0429151739003392,-0.0294403228843942,1,1,2,1,2,2,0.175661189516768,0
ood_combo,DS02,14,41,LPC_eff_mod,8,0,0,-0,0,0,0,0,2,2,0.175661189516768,0
ood_combo,DS02,14,41,LPC_flow_mod,9,0,0,-0,0,0,0,0,2,2,0.175661189516768,0
ood_combo,DS02,14,42,HPT_eff_mod,1,0,-0.0375806204666042,-0.0390988652142447,1,1,2,2,2,2,0.148608571286069,0
ood_combo,DS02,14,42,fan_eff_mod,2,0,0,-0,0,0,0,0,2,2,0.148608571286069,0
ood_combo,DS02,14,42,fan_flow_mod,3,0,0,-0.000117465306299301,0,0,0,0,2,2,0.148608571286069,0
ood_combo,DS02,14,42,HPC_eff_mod,4,0,0,-0.00131557682603144,0,0,0,0,2,2,0.148608571286069,0
ood_combo,DS02,14,42,HPC_flow_mod,5,0,0,-0,0,0,0,0,2,2,0.148608571286069,0
ood_combo,DS02,14,42,LPT_eff_mod,6,0,-0.0277252059349306,-0.0263875846550586,1,0,1,0,2,2,0.148608571286069,0
ood_combo,DS02,14,42,LPT_flow_mod,7,0,-0.0408584352643653,-0.0294403228843942,1,1,2,1,2,2,0.148608571286069,0
ood_combo,DS02,14,42,LPC_eff_mod,8,0,0,-0.00219066081408535,0,0,0,0,2,2,0.148608571286069,0
ood_combo,DS02,14,42,LPC_flow_mod,9,0,0,-0,0,0,0,0,2,2,0.148608571286069,0
ood_combo,DS02,14,43,HPT_eff_mod,1,0,-0.0366178577926868,-0.0402369577933974,1,1,2,2,2,2,0.200070122252679,0
ood_combo,DS02,14,43,fan_eff_mod,2,0,0,-0,0,0,0,0,2,2,0.200070122252679,0
ood_combo,DS02,14,43,fan_flow_mod,3,0,0,-0.000117465306299301,0,0,0,0,2,2,0.200070122252679,0
ood_combo,DS02,14,43,HPC_eff_mod,4,0,0,-0.00131557682603144,0,0,0,0,2,2,0.200070122252679,0
ood_combo,DS02,14,43,HPC_flow_mod,5,0,0,-0,0,0,0,0,2,2,0.200070122252679,0
ood_combo,DS02,14,43,LPT_eff_mod,6,0,-0.0304394793481256,-0.0318622606930895,1,1,2,2,2,2,0.200070122252679,0
ood_combo,DS02,14,43,LPT_flow_mod,7,0,-0.041259934437786,-0.0294403228843942,1,1,2,1,2,2,0.200070122252679,0
ood_combo,DS02,14,43,LPC_eff_mod,8,0,0,-0.00219066081408535,0,0,0,0,2,2,0.200070122252679,0
ood_combo,DS02,14,43,LPC_flow_mod,9,0,0,-0,0,0,0,0,2,2,0.200070122252679,0
ood_combo,DS02,14,44,HPT_eff_mod,1,0,-0.0372751436011408,-0.0402369577933974,1,1,2,2,2,2,0.145481213948542,0
ood_combo,DS02,14,44,fan_eff_mod,2,0,0,-0,0,0,0,0,2,2,0.145481213948542,0
ood_combo,DS02,14,44,fan_flow_mod,3,0,0,-0.000117465306299301,0,0,0,0,2,2,0.145481213948542,0
ood_combo,DS02,14,44,HPC_eff_mod,4,0,0,-0.00131557682603144,0,0,0,0,2,2,0.145481213948542,0
ood_combo,DS02,14,44,HPC_flow_mod,5,0,0,-0,0,0,0,0,2,2,0.145481213948542,0
ood_combo,DS02,14,44,LPT_eff_mod,6,0,-0.0336051368789885,-0.0318622606930895,1,1,2,2,2,2,0.145481213948542,0
ood_combo,DS02,14,44,LPT_flow_mod,7,0,-0.040923862414354,-0.0294403228843942,1,1,2,1,2,2,0.145481213948542,0
ood_combo,DS02,14,44,LPC_eff_mod,8,0,0,-0.00219066081408535,0,0,0,0,2,2,0.145481213948542,0
ood_combo,DS02,14,44,LPC_flow_mod,9,0,0,-0,0,0,0,0,2,2,0.145481213948542,0
ood_combo,DS02,14,45,HPT_eff_mod,1,0,-0.0507085022507364,-0.0560449632064372,1,1,2,2,2,2,0.216192663521402,0
ood_combo,DS02,14,45,fan_eff_mod,2,0,0,-0,0,0,0,0,2,2,0.216192663521402,0
ood_combo,DS02,14,45,fan_flow_mod,3,0,0,-0.000117465306299301,0,0,0,0,2,2,0.216192663521402,0
ood_combo,DS02,14,45,HPC_eff_mod,4,0,0,-0.00131557682603144,0,0,0,0,2,2,0.216192663521402,0
ood_combo,DS02,14,45,HPC_flow_mod,5,0,0,-0,0,0,0,0,2,2,0.216192663521402,0
ood_combo,DS02,14,45,LPT_eff_mod,6,0,-0.0317247068055857,-0.0318622606930895,1,1,2,2,2,2,0.216192663521402,0
ood_combo,DS02,14,45,LPT_flow_mod,7,0,-0.04510669516671,-0.0294403228843942,1,1,2,1,2,2,0.216192663521402,0
ood_combo,DS02,14,45,LPC_eff_mod,8,0,0,-0.00219066081408535,0,0,0,0,2,2,0.216192663521402,0
ood_combo,DS02,14,45,LPC_flow_mod,9,0,0,-0,0,0,0,0,2,2,0.216192663521402,0
ood_combo,DS02,14,46,HPT_eff_mod,1,0,-0.0527508056503882,-0.0620940798321951,1,1,2,2,2,2,0.156348071343995,0
ood_combo,DS02,14,46,fan_eff_mod,2,0,0,-0,0,0,0,0,2,2,0.156348071343995,0
ood_combo,DS02,14,46,fan_flow_mod,3,0,0,-0.000117465306299301,0,0,0,0,2,2,0.156348071343995,0
ood_combo,DS02,14,46,HPC_eff_mod,4,0,0,-0.00131557682603144,0,0,0,0,2,2,0.156348071343995,0
ood_combo,DS02,14,46,HPC_flow_mod,5,0,0,-0,0,0,0,0,2,2,0.156348071343995,0
ood_combo,DS02,14,46,LPT_eff_mod,6,0,-0.0365351300883944,-0.0318622606930895,1,1,2,2,2,2,0.156348071343995,0
ood_combo,DS02,14,46,LPT_flow_mod,7,0,-0.0570647196714271,-0.0299224379851701,1,1,2,2,2,2,0.156348071343995,0
ood_combo,DS02,14,46,LPC_eff_mod,8,0,0,-0.00219066081408535,0,0,0,0,2,2,0.156348071343995,0
ood_combo,DS02,14,46,LPC_flow_mod,9,0,0,-0,0,0,0,0,2,2,0.156348071343995,0
ood_combo,DS02,14,47,HPT_eff_mod,1,0,-0.0545773574926493,-0.0647228856658826,1,1,2,2,2,2,0.17098109755433,0
ood_combo,DS02,14,47,fan_eff_mod,2,0,0,-0,0,0,0,0,2,2,0.17098109755433,0
ood_combo,DS02,14,47,fan_flow_mod,3,0,0,-0.000117465306299301,0,0,0,0,2,2,0.17098109755433,0
ood_combo,DS02,14,47,HPC_eff_mod,4,0,0,-0.00131557682603144,0,0,0,0,2,2,0.17098109755433,0
ood_combo,DS02,14,47,HPC_flow_mod,5,0,0,-0,0,0,0,0,2,2,0.17098109755433,0
ood_combo,DS02,14,47,LPT_eff_mod,6,0,-0.0406812743245388,-0.0318622606930895,1,1,2,2,2,2,0.17098109755433,0
ood_combo,DS02,14,47,LPT_flow_mod,7,0,-0.0554272905108078,-0.0299224379851701,1,1,2,2,2,2,0.17098109755433,0
ood_combo,DS02,14,47,LPC_eff_mod,8,0,0,-0.00219066081408535,0,0,0,0,2,2,0.17098109755433,0
ood_combo,DS02,14,47,LPC_flow_mod,9,0,0,-0,0,0,0,0,2,2,0.17098109755433,0
ood_combo,DS02,14,48,HPT_eff_mod,1,0,-0.0589859989617467,-0.0660574357841842,1,1,2,2,2,2,0.290774911357633,0
ood_combo,DS02,14,48,fan_eff_mod,2,0,0,-0,0,0,0,0,2,2,0.290774911357633,0
ood_combo,DS02,14,48,fan_flow_mod,3,0,0,-0.000117465306299301,0,0,0,0,2,2,0.290774911357633,0
ood_combo,DS02,14,48,HPC_eff_mod,4,0,0,-0.00131557682603144,0,0,0,0,2,2,0.290774911357633,0
ood_combo,DS02,14,48,HPC_flow_mod,5,0,0,-0,0,0,0,0,2,2,0.290774911357633,0
ood_combo,DS02,14,48,LPT_eff_mod,6,0,-0.0410649725270608,-0.0318622606930895,1,1,2,2,2,2,0.290774911357633,0
ood_combo,DS02,14,48,LPT_flow_mod,7,0,-0.0544340901582139,-0.0299467167968514,1,1,2,2,2,2,0.290774911357633,0
ood_combo,DS02,14,48,LPC_eff_mod,8,0,0,-0.00219066081408535,0,0,0,0,2,2,0.290774911357633,0
ood_combo,DS02,14,48,LPC_flow_mod,9,0,0,-0,0,0,0,0,2,2,0.290774911357633,0
ood_combo,DS02,14,49,HPT_eff_mod,1,0,-0.0696519450559459,-0.0660574357841842,1,1,2,2,2,2,0.0723558329933623,0
ood_combo,DS02,14,49,fan_eff_mod,2,0,0,-0,0,0,0,0,2,2,0.0723558329933623,0
ood_combo,DS02,14,49,fan_flow_mod,3,0,0,-0.000117465306299301,0,0,0,0,2,2,0.0723558329933623,0
ood_combo,DS02,14,49,HPC_eff_mod,4,0,0,-0.00131557682603144,0,0,0,0,2,2,0.0723558329933623,0
ood_combo,DS02,14,49,HPC_flow_mod,5,0,0,-0,0,0,0,0,2,2,0.0723558329933623,0
ood_combo,DS02,14,49,LPT_eff_mod,6,0,-0.0406737055847806,-0.0318622606930895,1,1,2,2,2,2,0.0723558329933623,0
ood_combo,DS02,14,49,LPT_flow_mod,7,0,-0.0612599144194802,-0.0593189399975945,1,1,2,2,2,2,0.0723558329933623,0
ood_combo,DS02,14,49,LPC_eff_mod,8,0,0,-0.00219066081408535,0,0,0,0,2,2,0.0723558329933623,0
ood_combo,DS02,14,49,LPC_flow_mod,9,0,0,-0,0,0,0,0,2,2,0.0723558329933623,0
ood_combo,DS02,14,50,HPT_eff_mod,1,0,-0.0675063975996522,-0.0660574357841842,1,1,2,2,2,2,0.172546907400862,0
ood_combo,DS02,14,50,fan_eff_mod,2,0,0,-0,0,0,0,0,2,2,0.172546907400862,0
ood_combo,DS02,14,50,fan_flow_mod,3,0,0,-0.000117465306299301,0,0,0,0,2,2,0.172546907400862,0
ood_combo,DS02,14,50,HPC_eff_mod,4,0,0,-0.00131557682603144,0,0,0,0,2,2,0.172546907400862,0
ood_combo,DS02,14,50,HPC_flow_mod,5,0,0,-0,0,0,0,0,2,2,0.172546907400862,0
ood_combo,DS02,14,50,LPT_eff_mod,6,0,-0.0407176645298883,-0.0318622606930895,1,1,2,2,2,2,0.172546907400862,0
ood_combo,DS02,14,50,LPT_flow_mod,7,0,-0.0721895664082118,-0.0609897527193221,1,1,2,2,2,2,0.172546907400862,0
ood_combo,DS02,14,50,LPC_eff_mod,8,0,0,-0.00219066081408535,0,0,0,0,2,2,0.172546907400862,0
ood_combo,DS02,14,50,LPC_flow_mod,9,0,0,-0,0,0,0,0,2,2,0.172546907400862,0
ood_combo,DS02,14,51,HPT_eff_mod,1,0,-0.071609155637052,-0.0660574357841842,1,1,2,2,2,2,0.267513364713547,0
ood_combo,DS02,14,51,fan_eff_mod,2,0,0,-0,0,0,0,0,2,2,0.267513364713547,0
ood_combo,DS02,14,51,fan_flow_mod,3,0,0,-0.000117465306299301,0,0,0,0,2,2,0.267513364713547,0
ood_combo,DS02,14,51,HPC_eff_mod,4,0,0,-0.00131557682603144,0,0,0,0,2,2,0.267513364713547,0
ood_combo,DS02,14,51,HPC_flow_mod,5,0,0,-0,0,0,0,0,2,2,0.267513364713547,0
ood_combo,DS02,14,51,LPT_eff_mod,6,0,-0.0442509654485663,-0.0318622606930895,1,1,2,2,2,2,0.267513364713547,0
ood_combo,DS02,14,51,LPT_flow_mod,7,0,-0.0823199298240301,-0.0754138834272046,1,1,2,2,2,2,0.267513364713547,0
ood_combo,DS02,14,51,LPC_eff_mod,8,0,0,-0.00219066081408535,0,0,0,0,2,2,0.267513364713547,0
ood_combo,DS02,14,51,LPC_flow_mod,9,0,0,-0,0,0,0,0,2,2,0.267513364713547,0
ood_combo,DS02,14,52,HPT_eff_mod,1,0,-0.0754286078943318,-0.0764904777877652,1,1,2,2,2,2,0.169783365435632,0
ood_combo,DS02,14,52,fan_eff_mod,2,0,0,-0,0,0,0,0,2,2,0.169783365435632,0
ood_combo,DS02,14,52,fan_flow_mod,3,0,0,-0.000117465306299301,0,0,0,0,2,2,0.169783365435632,0
ood_combo,DS02,14,52,HPC_eff_mod,4,0,0,-0.00131557682603144,0,0,0,0,2,2,0.169783365435632,0
ood_combo,DS02,14,52,HPC_flow_mod,5,0,0,-0,0,0,0,0,2,2,0.169783365435632,0
ood_combo,DS02,14,52,LPT_eff_mod,6,0,-0.049268902196356,-0.033785870025275,1,1,2,2,2,2,0.169783365435632,0
ood_combo,DS02,14,52,LPT_flow_mod,7,0,-0.0883488596017851,-0.0754138834272046,1,1,2,2,2,2,0.169783365435632,0
ood_combo,DS02,14,52,LPC_eff_mod,8,0,0,-0.00219066081408535,0,0,0,0,2,2,0.169783365435632,0
ood_combo,DS02,14,52,LPC_flow_mod,9,0,0,-0,0,0,0,0,2,2,0.169783365435632,0
ood_combo,DS02,14,53,HPT_eff_mod,1,0,-0.0848042495038647,-0.090370785028243,1,1,2,2,2,2,0.120760207370012,0
ood_combo,DS02,14,53,fan_eff_mod,2,0,0,-0,0,0,0,0,2,2,0.120760207370012,0
ood_combo,DS02,14,53,fan_flow_mod,3,0,0,-0.000117465306299301,0,0,0,0,2,2,0.120760207370012,0
ood_combo,DS02,14,53,HPC_eff_mod,4,0,0,-0.00131557682603144,0,0,0,0,2,2,0.120760207370012,0
ood_combo,DS02,14,53,HPC_flow_mod,5,0,0,-0,0,0,0,0,2,2,0.120760207370012,0
ood_combo,DS02,14,53,LPT_eff_mod,6,0,-0.049464418041159,-0.033785870025275,1,1,2,2,2,2,0.120760207370012,0
ood_combo,DS02,14,53,LPT_flow_mod,7,0,-0.0914453799801314,-0.0754138834272046,1,1,2,2,2,2,0.120760207370012,0
ood_combo,DS02,14,53,LPC_eff_mod,8,0,0,-0.00219066081408535,0,0,0,0,2,2,0.120760207370012,0
ood_combo,DS02,14,53,LPC_flow_mod,9,0,0,-0,0,0,0,0,2,2,0.120760207370012,0
ood_combo,DS02,14,54,HPT_eff_mod,1,0,-0.0891348480407214,-0.0938106660172975,1,1,2,2,2,2,0.155325684552895,0
ood_combo,DS02,14,54,fan_eff_mod,2,0,0,-0,0,0,0,0,2,2,0.155325684552895,0
ood_combo,DS02,14,54,fan_flow_mod,3,0,0,-0.000117465306299301,0,0,0,0,2,2,0.155325684552895,0
ood_combo,DS02,14,54,HPC_eff_mod,4,0,0,-0.00131557682603144,0,0,0,0,2,2,0.155325684552895,0
ood_combo,DS02,14,54,HPC_flow_mod,5,0,0,-0,0,0,0,0,2,2,0.155325684552895,0
ood_combo,DS02,14,54,LPT_eff_mod,6,0,-0.0533762404609039,-0.033785870025275,1,1,2,2,2,2,0.155325684552895,0
ood_combo,DS02,14,54,LPT_flow_mod,7,0,-0.0955878494934427,-0.0754138834272046,1,1,2,2,2,2,0.155325684552895,0
ood_combo,DS02,14,54,LPC_eff_mod,8,0,0,-0.00219066081408535,0,0,0,0,2,2,0.155325684552895,0
ood_combo,DS02,14,54,LPC_flow_mod,9,0,0,-0,0,0,0,0,2,2,0.155325684552895,0
ood_combo,DS02,14,55,HPT_eff_mod,1,0,-0.0963051273769754,-0.102596846671769,1,1,2,2,2,2,0.165652323528945,0
ood_combo,DS02,14,55,fan_eff_mod,2,0,0,-0,0,0,0,0,2,2,0.165652323528945,0
ood_combo,DS02,14,55,fan_flow_mod,3,0,0,-0.000117465306299301,0,0,0,0,2,2,0.165652323528945,0
ood_combo,DS02,14,55,HPC_eff_mod,4,0,0,-0.00381740638448137,0,0,0,0,2,2,0.165652323528945,0
ood_combo,DS02,14,55,HPC_flow_mod,5,0,0,-0,0,0,0,0,2,2,0.165652323528945,0
ood_combo,DS02,14,55,LPT_eff_mod,6,0,-0.0601733647818453,-0.0385783079403413,1,1,2,2,2,2,0.165652323528945,0
ood_combo,DS02,14,55,LPT_flow_mod,7,0,-0.101973636286502,-0.0754138834272046,1,1,2,2,2,2,0.165652323528945,0
ood_combo,DS02,14,55,LPC_eff_mod,8,0,0,-0.00219066081408535,0,0,0,0,2,2,0.165652323528945,0
ood_combo,DS02,14,55,LPC_flow_mod,9,0,0,-0,0,0,0,0,2,2,0.165652323528945,0
ood_combo,DS02,14,56,HPT_eff_mod,1,0,-0.0989868204810321,-0.102596846671769,1,1,2,2,2,2,0.180388808532569,0
ood_combo,DS02,14,56,fan_eff_mod,2,0,0,-0,0,0,0,0,2,2,0.180388808532569,0
ood_combo,DS02,14,56,fan_flow_mod,3,0,0,-0.000117465306299301,0,0,0,0,2,2,0.180388808532569,0
ood_combo,DS02,14,56,HPC_eff_mod,4,0,0,-0.00381740638448137,0,0,0,0,2,2,0.180388808532569,0
ood_combo,DS02,14,56,HPC_flow_mod,5,0,0,-0,0,0,0,0,2,2,0.180388808532569,0
ood_combo,DS02,14,56,LPT_eff_mod,6,0,-0.0600057079237669,-0.0385783079403413,1,1,2,2,2,2,0.180388808532569,0
ood_combo,DS02,14,56,LPT_flow_mod,7,0,-0.115856213932594,-0.0904704944602652,1,1,2,2,2,2,0.180388808532569,0
ood_combo,DS02,14,56,LPC_eff_mod,8,0,0,-0.00219066081408535,0,0,0,0,2,2,0.180388808532569,0
ood_combo,DS02,14,56,LPC_flow_mod,9,0,0,-0,0,0,0,0,2,2,0.180388808532569,0
ood_combo,DS02,14,57,HPT_eff_mod,1,0,-0.110164653164181,-0.128332640864398,1,1,2,2,2,2,0.0872890924506854,0
ood_combo,DS02,14,57,fan_eff_mod,2,0,0,-0,0,0,0,0,2,2,0.0872890924506854,0
ood_combo,DS02,14,57,fan_flow_mod,3,0,0,-0.000117465306299301,0,0,0,0,2,2,0.0872890924506854,0
ood_combo,DS02,14,57,HPC_eff_mod,4,0,0,-0.00381740638448137,0,0,0,0,2,2,0.0872890924506854,0
ood_combo,DS02,14,57,HPC_flow_mod,5,0,0,-0,0,0,0,0,2,2,0.0872890924506854,0
ood_combo,DS02,14,57,LPT_eff_mod,6,0,-0.0664190471552848,-0.0412628461986268,1,1,2,2,2,2,0.0872890924506854,0
ood_combo,DS02,14,57,LPT_flow_mod,7,0,-0.126364162602827,-0.0904704944602652,1,1,2,2,2,2,0.0872890924506854,0
ood_combo,DS02,14,57,LPC_eff_mod,8,0,0,-0.00219066081408535,0,0,0,0,2,2,0.0872890924506854,0
ood_combo,DS02,14,57,LPC_flow_mod,9,0,0,-0,0,0,0,0,2,2,0.0872890924506854,0
ood_combo,DS02,14,58,HPT_eff_mod,1,0,-0.117254853431807,-0.131728182129942,1,1,2,2,2,2,0.205136217290255,0
ood_combo,DS02,14,58,fan_eff_mod,2,0,0,-0,0,0,0,0,2,2,0.205136217290255,0
ood_combo,DS02,14,58,fan_flow_mod,3,0,0,-0.000117465306299301,0,0,0,0,2,2,0.205136217290255,0
ood_combo,DS02,14,58,HPC_eff_mod,4,0,0,-0.00381740638448137,0,0,0,0,2,2,0.205136217290255,0
ood_combo,DS02,14,58,HPC_flow_mod,5,0,0,-0,0,0,0,0,2,2,0.205136217290255,0
ood_combo,DS02,14,58,LPT_eff_mod,6,0,-0.0745426484410134,-0.0531718651856681,1,1,2,2,2,2,0.205136217290255,0
ood_combo,DS02,14,58,LPT_flow_mod,7,0,-0.129786270014708,-0.0904704944602652,1,1,2,2,2,2,0.205136217290255,0
ood_combo,DS02,14,58,LPC_eff_mod,8,0,0,-0.00235387724619953,0,0,0,0,2,2,0.205136217290255,0
ood_combo,DS02,14,58,LPC_flow_mod,9,0,0,-0,0,0,0,0,2,2,0.205136217290255,0
ood_combo,DS02,14,59,HPT_eff_mod,1,0,-0.105633291913312,-0.131728182129942,1,1,2,2,2,2,0.275580883311629,0
ood_combo,DS02,14,59,fan_eff_mod,2,0,0,-0,0,0,0,0,2,2,0.275580883311629,0
ood_combo,DS02,14,59,fan_flow_mod,3,0,0,-0.000117465306299301,0,0,0,0,2,2,0.275580883311629,0
ood_combo,DS02,14,59,HPC_eff_mod,4,0,0,-0.00381740638448137,0,0,0,0,2,2,0.275580883311629,0
ood_combo,DS02,14,59,HPC_flow_mod,5,0,0,-0,0,0,0,0,2,2,0.275580883311629,0
ood_combo,DS02,14,59,LPT_eff_mod,6,0,-0.0792865254442208,-0.0584602341357096,1,1,2,2,2,2,0.275580883311629,0
ood_combo,DS02,14,59,LPT_flow_mod,7,0,-0.141360718418368,-0.0904704944602652,1,1,2,2,2,2,0.275580883311629,0
ood_combo,DS02,14,59,LPC_eff_mod,8,0,0,-0.00235387724619953,0,0,0,0,2,2,0.275580883311629,0
ood_combo,DS02,14,59,LPC_flow_mod,9,0,0,-0,0,0,0,0,2,2,0.275580883311629,0
ood_combo,DS02,14,60,HPT_eff_mod,1,0,-0.134831850157438,-0.154659599044607,1,1,2,2,2,2,0.252137027860642,0
ood_combo,DS02,14,60,fan_eff_mod,2,0,0,-0,0,0,0,0,2,2,0.252137027860642,0
ood_combo,DS02,14,60,fan_flow_mod,3,0,0,-0.000117465306299301,0,0,0,0,2,2,0.252137027860642,0
ood_combo,DS02,14,60,HPC_eff_mod,4,0,0,-0.00381740638448137,0,0,0,0,2,2,0.252137027860642,0
ood_combo,DS02,14,60,HPC_flow_mod,5,0,0,-0,0,0,0,0,2,2,0.252137027860642,0
ood_combo,DS02,14,60,LPT_eff_mod,6,0,-0.0838783173400433,-0.0584602341357096,1,1,2,2,2,2,0.252137027860642,0
ood_combo,DS02,14,60,LPT_flow_mod,7,0,-0.169149196513923,-0.116052370273093,1,1,2,2,2,2,0.252137027860642,0
ood_combo,DS02,14,60,LPC_eff_mod,8,0,0,-0.00235387724619953,0,0,0,0,2,2,0.252137027860642,0
ood_combo,DS02,14,60,LPC_flow_mod,9,0,0,-0,0,0,0,0,2,2,0.252137027860642,0
ood_combo,DS02,14,61,HPT_eff_mod,1,0,-0.142169490820523,-0.154659599044607,1,1,2,2,2,2,0.252614576998177,0
ood_combo,DS02,14,61,fan_eff_mod,2,0,0,-0,0,0,0,0,2,2,0.252614576998177,0
ood_combo,DS02,14,61,fan_flow_mod,3,0,0,-0.000117465306299301,0,0,0,0,2,2,0.252614576998177,0
ood_combo,DS02,14,61,HPC_eff_mod,4,0,0,-0.00381740638448137,0,0,0,0,2,2,0.252614576998177,0
ood_combo,DS02,14,61,HPC_flow_mod,5,0,0,-0,0,0,0,0,2,2,0.252614576998177,0
ood_combo,DS02,14,61,LPT_eff_mod,6,0,-0.090186221728726,-0.0584602341357096,1,1,2,2,2,2,0.252614576998177,0
ood_combo,DS02,14,61,LPT_flow_mod,7,0,-0.176690003526992,-0.140976074317624,1,1,2,2,2,2,0.252614576998177,0
ood_combo,DS02,14,61,LPC_eff_mod,8,0,0,-0.00235387724619953,0,0,0,0,2,2,0.252614576998177,0
ood_combo,DS02,14,61,LPC_flow_mod,9,0,0,-0,0,0,0,0,2,2,0.252614576998177,0
ood_combo,DS02,14,62,HPT_eff_mod,1,0,-0.162287714434393,-0.186024561125395,1,1,2,2,2,2,0.224220023435551,0
ood_combo,DS02,14,62,fan_eff_mod,2,0,0,-0,0,0,0,0,2,2,0.224220023435551,0
ood_combo,DS02,14,62,fan_flow_mod,3,0,0,-0.000117465306299301,0,0,0,0,2,2,0.224220023435551,0
ood_combo,DS02,14,62,HPC_eff_mod,4,0,0,-0.00381740638448137,0,0,0,0,2,2,0.224220023435551,0
ood_combo,DS02,14,62,HPC_flow_mod,5,0,0,-0,0,0,0,0,2,2,0.224220023435551,0
ood_combo,DS02,14,62,LPT_eff_mod,6,0,-0.0973333949145443,-0.0683869385104054,1,1,2,2,2,2,0.224220023435551,0
ood_combo,DS02,14,62,LPT_flow_mod,7,0,-0.193118428430609,-0.140976074317624,1,1,2,2,2,2,0.224220023435551,0
ood_combo,DS02,14,62,LPC_eff_mod,8,0,0,-0.00235387724619953,0,0,0,0,2,2,0.224220023435551,0
ood_combo,DS02,14,62,LPC_flow_mod,9,0,0,-0,0,0,0,0,2,2,0.224220023435551,0
ood_combo,DS02,14,63,HPT_eff_mod,1,0,-0.162208638025448,-0.192731335378744,1,1,2,2,2,2,0.20110641095673,0
ood_combo,DS02,14,63,fan_eff_mod,2,0,0,-0,0,0,0,0,2,2,0.20110641095673,0
ood_combo,DS02,14,63,fan_flow_mod,3,0,0,-0.000117465306299301,0,0,0,0,2,2,0.20110641095673,0
ood_combo,DS02,14,63,HPC_eff_mod,4,0,0,-0.00381740638448137,0,0,0,0,2,2,0.20110641095673,0
ood_combo,DS02,14,63,HPC_flow_mod,5,0,0,-0,0,0,0,0,2,2,0.20110641095673,0
ood_combo,DS02,14,63,LPT_eff_mod,6,0,-0.100210513480089,-0.0718317065902795,1,1,2,2,2,2,0.20110641095673,0
ood_combo,DS02,14,63,LPT_flow_mod,7,0,-0.205121809463188,-0.140976074317624,1,1,2,2,2,2,0.20110641095673,0
ood_combo,DS02,14,63,LPC_eff_mod,8,0,0,-0.00235387724619953,0,0,0,0,2,2,0.20110641095673,0
ood_combo,DS02,14,63,LPC_flow_mod,9,0,0,-0,0,0,0,0,2,2,0.20110641095673,0
ood_combo,DS02,14,64,HPT_eff_mod,1,0,-0.165228282727751,-0.202921958763654,1,1,2,2,3,2,0.228558070766448,0
ood_combo,DS02,14,64,fan_eff_mod,2,0,0,-0,0,0,0,0,3,2,0.228558070766448,0
ood_combo,DS02,14,64,fan_flow_mod,3,0,0,-0.000117465306299301,0,0,0,0,3,2,0.228558070766448,0
ood_combo,DS02,14,64,HPC_eff_mod,4,0,0,-0.00593566659001884,0,0,0,0,3,2,0.228558070766448,0
ood_combo,DS02,14,64,HPC_flow_mod,5,0,0,-0,0,0,0,0,3,2,0.228558070766448,0
ood_combo,DS02,14,64,LPT_eff_mod,6,0,-0.109867315442832,-0.0718317065902795,1,1,2,2,3,2,0.228558070766448,0
ood_combo,DS02,14,64,LPT_flow_mod,7,0,-0.225904908888512,-0.154548779839714,1,1,3,2,3,2,0.228558070766448,0
ood_combo,DS02,14,64,LPC_eff_mod,8,0,0,-0.00235387724619953,0,0,0,0,3,2,0.228558070766448,0
ood_combo,DS02,14,64,LPC_flow_mod,9,0,0,-0,0,0,0,0,3,2,0.228558070766448,0
ood_combo,DS02,14,65,HPT_eff_mod,1,0,-0.175253924834673,-0.223930651886872,1,1,2,3,3,3,0.238638868463734,0
ood_combo,DS02,14,65,fan_eff_mod,2,0,0,-0,0,0,0,0,3,3,0.238638868463734,0
ood_combo,DS02,14,65,fan_flow_mod,3,0,0,-0.000117465306299301,0,0,0,0,3,3,0.238638868463734,0
ood_combo,DS02,14,65,HPC_eff_mod,4,0,0,-0.00937417431426772,0,0,0,0,3,3,0.238638868463734,0
ood_combo,DS02,14,65,HPC_flow_mod,5,0,0,-0,0,0,0,0,3,3,0.238638868463734,0
ood_combo,DS02,14,65,LPT_eff_mod,6,0,-0.115967633457747,-0.0718317065902795,1,1,2,2,3,3,0.238638868463734,0
ood_combo,DS02,14,65,LPT_flow_mod,7,0,-0.257133226637376,-0.171211801494013,1,1,3,2,3,3,0.238638868463734,0
ood_combo,DS02,14,65,LPC_eff_mod,8,0,0,-0.00235387724619953,0,0,0,0,3,3,0.238638868463734,0
ood_combo,DS02,14,65,LPC_flow_mod,9,0,0,-0,0,0,0,0,3,3,0.238638868463734,0
ood_combo,DS02,14,66,HPT_eff_mod,1,0,-0.19858698332596,-0.253052968762377,1,1,2,3,3,3,0.160116583856017,0
ood_combo,DS02,14,66,fan_eff_mod,2,0,0,-0,0,0,0,0,3,3,0.160116583856017,0
ood_combo,DS02,14,66,fan_flow_mod,3,0,0,-0.000117465306299301,0,0,0,0,3,3,0.160116583856017,0
ood_combo,DS02,14,66,HPC_eff_mod,4,0,0,-0.0238458762564217,0,0,0,0,3,3,0.160116583856017,0
ood_combo,DS02,14,66,HPC_flow_mod,5,0,0,-0,0,0,0,0,3,3,0.160116583856017,0
ood_combo,DS02,14,66,LPT_eff_mod,6,0,-0.125285115961829,-0.0718317065902795,1,1,2,2,3,3,0.160116583856017,0
ood_combo,DS02,14,66,LPT_flow_mod,7,0,-0.267538771599546,-0.173871210512461,1,1,3,2,3,3,0.160116583856017,0
ood_combo,DS02,14,66,LPC_eff_mod,8,0,0,-0.00235387724619953,0,0,0,0,3,3,0.160116583856017,0
ood_combo,DS02,14,66,LPC_flow_mod,9,0,0,-0,0,0,0,0,3,3,0.160116583856017,0
ood_combo,DS02,14,67,HPT_eff_mod,1,0,-0.211447375056257,-0.253052968762377,1,1,3,3,3,3,0.213895374120913,0
ood_combo,DS02,14,67,fan_eff_mod,2,0,0,-0,0,0,0,0,3,3,0.213895374120913,0
ood_combo,DS02,14,67,fan_flow_mod,3,0,0,-0.000945209825887335,0,0,0,0,3,3,0.213895374120913,0
ood_combo,DS02,14,67,HPC_eff_mod,4,0,0,-0.0238458762564217,0,0,0,0,3,3,0.213895374120913,0
ood_combo,DS02,14,67,HPC_flow_mod,5,0,0,-0,0,0,0,0,3,3,0.213895374120913,0
ood_combo,DS02,14,67,LPT_eff_mod,6,0,-0.130589719737373,-0.0718317065902795,1,1,2,2,3,3,0.213895374120913,0
ood_combo,DS02,14,67,LPT_flow_mod,7,0,-0.300312947827186,-0.198698215328622,1,1,3,2,3,3,0.213895374120913,0
ood_combo,DS02,14,67,LPC_eff_mod,8,0,0,-0.00235387724619953,0,0,0,0,3,3,0.213895374120913,0
ood_combo,DS02,14,67,LPC_flow_mod,9,0,0,-0.000371338407424738,0,0,0,0,3,3,0.213895374120913,0
ood_combo,DS02,14,68,HPT_eff_mod,1,0,-0.214195165152019,-0.276556320789472,1,1,3,3,3,3,0.245380461642352,0
ood_combo,DS02,14,68,fan_eff_mod,2,0,0,-0,0,0,0,0,3,3,0.245380461642352,0
ood_combo,DS02,14,68,fan_flow_mod,3,0,0,-0.000945209825887335,0,0,0,0,3,3,0.245380461642352,0
ood_combo,DS02,14,68,HPC_eff_mod,4,0,0,-0.0253555887169752,0,0,0,0,3,3,0.245380461642352,0
ood_combo,DS02,14,68,HPC_flow_mod,5,0,0,-0,0,0,0,0,3,3,0.245380461642352,0
ood_combo,DS02,14,68,LPT_eff_mod,6,0,-0.144030624430443,-0.0906425978838922,1,1,2,2,3,3,0.245380461642352,0
ood_combo,DS02,14,68,LPT_flow_mod,7,0,-0.323089940079374,-0.198698215328622,1,1,3,2,3,3,0.245380461642352,0
ood_combo,DS02,14,68,LPC_eff_mod,8,0,0,-0.00235387724619953,0,0,0,0,3,3,0.245380461642352,0
ood_combo,DS02,14,68,LPC_flow_mod,9,0,0,-0.000371338407424738,0,0,0,0,3,3,0.245380461642352,0
ood_combo,DS02,14,69,HPT_eff_mod,1,0,-0.245833081628698,-0.287073890200031,1,1,3,3,3,3,0.234598427152001,0
ood_combo,DS02,14,69,fan_eff_mod,2,0,0,-0,0,0,0,0,3,3,0.234598427152001,0
ood_combo,DS02,14,69,fan_flow_mod,3,0,0,-0.00150863479803095,0,0,0,0,3,3,0.234598427152001,0
ood_combo,DS02,14,69,HPC_eff_mod,4,0,0,-0.0268275062769339,0,0,0,0,3,3,0.234598427152001,0
ood_combo,DS02,14,69,HPC_flow_mod,5,0,0,-0,0,0,0,0,3,3,0.234598427152001,0
ood_combo,DS02,14,69,LPT_eff_mod,6,0,-0.149319553364963,-0.0906425978838922,1,1,2,2,3,3,0.234598427152001,0
ood_combo,DS02,14,69,LPT_flow_mod,7,0,-0.346872131775305,-0.241209745881595,1,1,3,3,3,3,0.234598427152001,0
ood_combo,DS02,14,69,LPC_eff_mod,8,0,0,-0.00235387724619953,0,0,0,0,3,3,0.234598427152001,0
ood_combo,DS02,14,69,LPC_flow_mod,9,0,0,-0.000371338407424738,0,0,0,0,3,3,0.234598427152001,0
ood_combo,DS02,14,70,HPT_eff_mod,1,0,-0.253487820195179,-0.313962289834101,1,1,3,3,3,3,0.198211450440018,0
ood_combo,DS02,14,70,fan_eff_mod,2,0,0,-0,0,0,0,0,3,3,0.198211450440018,0
ood_combo,DS02,14,70,fan_flow_mod,3,0,0,-0.00150863479803095,0,0,0,0,3,3,0.198211450440018,0
ood_combo,DS02,14,70,HPC_eff_mod,4,0,0,-0.0268275062769339,0,1,0,1,3,3,0.198211450440018,0
ood_combo,DS02,14,70,HPC_flow_mod,5,0,0,-0,0,0,0,0,3,3,0.198211450440018,0
ood_combo,DS02,14,70,LPT_eff_mod,6,0,-0.165103280266851,-0.104014113152891,1,1,2,2,3,3,0.198211450440018,0
ood_combo,DS02,14,70,LPT_flow_mod,7,0,-0.379736828215006,-0.241209745881595,1,1,3,3,3,3,0.198211450440018,0
ood_combo,DS02,14,70,LPC_eff_mod,8,0,0,-0.00235387724619953,0,0,0,0,3,3,0.198211450440018,0
ood_combo,DS02,14,70,LPC_flow_mod,9,0,0,-0.000371338407424738,0,0,0,0,3,3,0.198211450440018,0
ood_combo,DS02,14,71,HPT_eff_mod,1,0,-0.259779064455679,-0.350278666162304,1,1,3,3,3,3,0.217694863280553,0
ood_combo,DS02,14,71,fan_eff_mod,2,0,0,-0,0,0,0,0,3,3,0.217694863280553,0
ood_combo,DS02,14,71,fan_flow_mod,3,0,0,-0.00150863479803095,0,0,0,0,3,3,0.217694863280553,0
ood_combo,DS02,14,71,HPC_eff_mod,4,0,0,-0.0380211398413233,0,1,0,2,3,3,0.217694863280553,0
ood_combo,DS02,14,71,HPC_flow_mod,5,0,0,-0,0,0,0,0,3,3,0.217694863280553,0
ood_combo,DS02,14,71,LPT_eff_mod,6,0,-0.180465713496919,-0.113210386203172,1,1,2,2,3,3,0.217694863280553,0
ood_combo,DS02,14,71,LPT_flow_mod,7,0,-0.400825016576897,-0.241209745881595,1,1,3,3,3,3,0.217694863280553,0
ood_combo,DS02,14,71,LPC_eff_mod,8,0,0,-0.00235387724619953,0,0,0,0,3,3,0.217694863280553,0
ood_combo,DS02,14,71,LPC_flow_mod,9,0,0,-0.000371338407424738,0,0,0,0,3,3,0.217694863280553,0
ood_combo,DS02,14,72,HPT_eff_mod,1,0,-0.263945490052377,-0.350278666162304,1,1,3,3,3,3,0.242058390653854,0
ood_combo,DS02,14,72,fan_eff_mod,2,0,0,-0,0,0,0,0,3,3,0.242058390653854,0
ood_combo,DS02,14,72,fan_flow_mod,3,0,0,-0.00150863479803095,0,0,0,0,3,3,0.242058390653854,0
ood_combo,DS02,14,72,HPC_eff_mod,4,0,0,-0.0380211398413233,0,1,0,2,3,3,0.242058390653854,0
ood_combo,DS02,14,72,HPC_flow_mod,5,0,0,-0,0,0,0,0,3,3,0.242058390653854,0
ood_combo,DS02,14,72,LPT_eff_mod,6,0,-0.190861120927371,-0.113210386203172,1,1,2,2,3,3,0.242058390653854,0
ood_combo,DS02,14,72,LPT_flow_mod,7,0,-0.462873477169124,-0.282342718163384,1,1,3,3,3,3,0.242058390653854,0
ood_combo,DS02,14,72,LPC_eff_mod,8,0,0,-0.00235387724619953,0,0,0,0,3,3,0.242058390653854,0
ood_combo,DS02,14,72,LPC_flow_mod,9,0,0,-0.000371338407424738,0,0,0,0,3,3,0.242058390653854,0
ood_combo,DS02,14,73,HPT_eff_mod,1,0,-0.297816739624107,-0.403194528544915,1,1,3,3,3,3,0.193251703615843,0
ood_combo,DS02,14,73,fan_eff_mod,2,0,0,-0,0,0,0,0,3,3,0.193251703615843,0
ood_combo,DS02,14,73,fan_flow_mod,3,0,0,-0.00150863479803095,0,0,0,0,3,3,0.193251703615843,0
ood_combo,DS02,14,73,HPC_eff_mod,4,0,0,-0.0513070382901319,0,1,0,2,3,3,0.193251703615843,0
ood_combo,DS02,14,73,HPC_flow_mod,5,0,0,-0,0,0,0,0,3,3,0.193251703615843,0
ood_combo,DS02,14,73,LPT_eff_mod,6,0,-0.202741959641353,-0.113210386203172,1,1,2,2,3,3,0.193251703615843,0
ood_combo,DS02,14,73,LPT_flow_mod,7,0,-0.491945508572573,-0.317228850123137,1,1,3,3,3,3,0.193251703615843,0
ood_combo,DS02,14,73,LPC_eff_mod,8,0,0,-0.00235387724619953,0,0,0,0,3,3,0.193251703615843,0
ood_combo,DS02,14,73,LPC_flow_mod,9,0,0,-0.000371338407424738,0,0,0,0,3,3,0.193251703615843,0
ood_combo,DS02,14,74,HPT_eff_mod,1,0,-0.31415090652141,-0.446639342246533,1,1,3,3,3,3,0.182762902695811,0
ood_combo,DS02,14,74,fan_eff_mod,2,0,0,-0,0,0,0,0,3,3,0.182762902695811,0
ood_combo,DS02,14,74,fan_flow_mod,3,0,0,-0.00150863479803095,0,0,0,0,3,3,0.182762902695811,0
ood_combo,DS02,14,74,HPC_eff_mod,4,0,0,-0.0553285323356116,0,1,0,2,3,3,0.182762902695811,0
ood_combo,DS02,14,74,HPC_flow_mod,5,0,0,-0,0,0,0,0,3,3,0.182762902695811,0
ood_combo,DS02,14,74,LPT_eff_mod,6,0,-0.215865487061243,-0.12079892221083,1,1,3,2,3,3,0.182762902695811,0
ood_combo,DS02,14,74,LPT_flow_mod,7,0,-0.54669554864268,-0.337258372663271,1,1,3,3,3,3,0.182762902695811,0
ood_combo,DS02,14,74,LPC_eff_mod,8,0,0,-0.00405575200675286,0,0,0,0,3,3,0.182762902695811,0
ood_combo,DS02,14,74,LPC_flow_mod,9,0,0,-0.000371338407424738,0,0,0,0,3,3,0.182762902695811,0
ood_combo,DS02,14,75,HPT_eff_mod,1,0,-0.335027162464039,-0.466028236504203,1,1,3,3,3,3,0.2917306855672,0
ood_combo,DS02,14,75,fan_eff_mod,2,0,0,-0,0,0,0,0,3,3,0.2917306855672,0
ood_combo,DS02,14,75,fan_flow_mod,3,0,0,-0.00150863479803095,0,0,0,0,3,3,0.2917306855672,0
ood_combo,DS02,14,75,HPC_eff_mod,4,0,0,-0.0553285323356116,0,1,0,2,3,3,0.2917306855672,0
ood_combo,DS02,14,75,HPC_flow_mod,5,0,0,-0,0,0,0,0,3,3,0.2917306855672,0
ood_combo,DS02,14,75,LPT_eff_mod,6,0,-0.232615662663726,-0.138192654855359,1,1,3,2,3,3,0.2917306855672,0
ood_combo,DS02,14,75,LPT_flow_mod,7,0,-0.576823763454851,-0.351125569026602,1,1,3,3,3,3,0.2917306855672,0
ood_combo,DS02,14,75,LPC_eff_mod,8,0,0,-0.00405575200675286,0,0,0,0,3,3,0.2917306855672,0
ood_combo,DS02,14,75,LPC_flow_mod,9,0,0,-0.000371338407424738,0,0,0,0,3,3,0.2917306855672,0
ood_combo,DS02,14,76,HPT_eff_mod,1,0,-0.359692704613322,-0.506099762150661,1,1,3,3,3,3,0.231497785477401,0
ood_combo,DS02,14,76,fan_eff_mod,2,0,0,-0.00207166481494345,0,0,0,0,3,3,0.231497785477401,0
ood_combo,DS02,14,76,fan_flow_mod,3,0,0,-0.00458012323358131,0,0,0,0,3,3,0.231497785477401,0
ood_combo,DS02,14,76,HPC_eff_mod,4,0,0,-0.0776821835069174,0,1,0,2,3,3,0.231497785477401,0
ood_combo,DS02,14,76,HPC_flow_mod,5,0,0,-0,0,0,0,0,3,3,0.231497785477401,0
ood_combo,DS02,14,76,LPT_eff_mod,6,0,-0.248807199989344,-0.138192654855359,1,1,3,2,3,3,0.231497785477401,0
ood_combo,DS02,14,76,LPT_flow_mod,7,0,-0.641647893363712,-0.380778584178507,1,1,3,3,3,3,0.231497785477401,0
ood_combo,DS02,14,76,LPC_eff_mod,8,0,0,-0.00405575200675286,0,0,0,0,3,3,0.231497785477401,0
ood_combo,DS02,14,76,LPC_flow_mod,9,0,0,-0.0170574345113545,0,0,0,0,3,3,0.231497785477401,0
ood_combo,DS02,15,1,HPT_eff_mod,1,1,-0.00562252585471435,-0,0,0,0,0,0,0,0.204127105924804,0
ood_combo,DS02,15,1,fan_eff_mod,2,1,0,-0,0,0,0,0,0,0,0.204127105924804,0
ood_combo,DS02,15,1,fan_flow_mod,3,1,0,-0,0,0,0,0,0,0,0.204127105924804,0
ood_combo,DS02,15,1,HPC_eff_mod,4,1,0,-0,0,0,0,0,0,0,0.204127105924804,0
ood_combo,DS02,15,1,HPC_flow_mod,5,1,0,-0,0,0,0,0,0,0,0.204127105924804,0
ood_combo,DS02,15,1,LPT_eff_mod,6,1,0.0024095855732834,-0,0,0,0,0,0,0,0.204127105924804,0
ood_combo,DS02,15,1,LPT_flow_mod,7,1,0.00329697073569559,-0,0,0,0,0,0,0,0.204127105924804,0
ood_combo,DS02,15,1,LPC_eff_mod,8,1,0,-0,0,0,0,0,0,0,0.204127105924804,0
ood_combo,DS02,15,1,LPC_flow_mod,9,1,0,-0,0,0,0,0,0,0,0.204127105924804,0
ood_combo,DS02,15,2,HPT_eff_mod,1,1,-0.0029150684956068,-0,0,0,0,0,0,0,0.105769967213691,0
ood_combo,DS02,15,2,fan_eff_mod,2,1,0,-0.000481533113433018,0,0,0,0,0,0,0.105769967213691,0
ood_combo,DS02,15,2,fan_flow_mod,3,1,0,-0,0,0,0,0,0,0,0.105769967213691,0
ood_combo,DS02,15,2,HPC_eff_mod,4,1,0,-0.000409383663982976,0,0,0,0,0,0,0.105769967213691,0
ood_combo,DS02,15,2,HPC_flow_mod,5,1,0,-0.000377942436583492,0,0,0,0,0,0,0.105769967213691,0
ood_combo,DS02,15,2,LPT_eff_mod,6,1,0.00151032441575901,-3.74094809869793e-05,0,0,0,0,0,0,0.105769967213691,0
ood_combo,DS02,15,2,LPT_flow_mod,7,1,-0.000676283223975973,-0,0,0,0,0,0,0,0.105769967213691,0
ood_combo,DS02,15,2,LPC_eff_mod,8,1,0,-0,0,0,0,0,0,0,0.105769967213691,0
ood_combo,DS02,15,2,LPC_flow_mod,9,1,0,-0,0,0,0,0,0,0,0.105769967213691,0
ood_combo,DS02,15,3,HPT_eff_mod,1,1,0.00853759435032249,-0,0,0,0,0,0,0,0.116163670193244,0
ood_combo,DS02,15,3,fan_eff_mod,2,1,0,-0.000481533113433018,0,0,0,0,0,0,0.116163670193244,0
ood_combo,DS02,15,3,fan_flow_mod,3,1,0,-0,0,0,0,0,0,0,0.116163670193244,0
ood_combo,DS02,15,3,HPC_eff_mod,4,1,0,-0.000409383663982976,0,0,0,0,0,0,0.116163670193244,0
ood_combo,DS02,15,3,HPC_flow_mod,5,1,0,-0.000377942436583492,0,0,0,0,0,0,0.116163670193244,0
ood_combo,DS02,15,3,LPT_eff_mod,6,1,-0.00391990998904187,-3.74094809869793e-05,0,0,0,0,0,0,0.116163670193244,0
ood_combo,DS02,15,3,LPT_flow_mod,7,1,-0.0026206875117192,-0,0,0,0,0,0,0,0.116163670193244,0
ood_combo,DS02,15,3,LPC_eff_mod,8,1,0,-0,0,0,0,0,0,0,0.116163670193244,0
ood_combo,DS02,15,3,LPC_flow_mod,9,1,0,-0,0,0,0,0,0,0,0.116163670193244,0
ood_combo,DS02,15,4,HPT_eff_mod,1,1,-0.00946996861824425,-0.00239946770853402,0,0,0,0,0,0,0.0962889455869025,0
ood_combo,DS02,15,4,fan_eff_mod,2,1,0,-0.000481533113433018,0,0,0,0,0,0,0.0962889455869025,0
ood_combo,DS02,15,4,fan_flow_mod,3,1,0,-0,0,0,0,0,0,0,0.0962889455869025,0
ood_combo,DS02,15,4,HPC_eff_mod,4,1,0,-0.00434986326103543,0,0,0,0,0,0,0.0962889455869025,0
ood_combo,DS02,15,4,HPC_flow_mod,5,1,0,-0.000377942436583492,0,0,0,0,0,0,0.0962889455869025,0
ood_combo,DS02,15,4,LPT_eff_mod,6,1,-0.00026907555640367,-3.74094809869793e-05,0,0,0,0,0,0,0.0962889455869025,0
ood_combo,DS02,15,4,LPT_flow_mod,7,1,-0.00317903879385893,-0,0,0,0,0,0,0,0.0962889455869025,0
ood_combo,DS02,15,4,LPC_eff_mod,8,1,0,-0,0,0,0,0,0,0,0.0962889455869025,0
ood_combo,DS02,15,4,LPC_flow_mod,9,1,0,-0,0,0,0,0,0,0,0.0962889455869025,0
ood_combo,DS02,15,5,HPT_eff_mod,1,1,-0.00901758431534105,-0.00239946770853402,0,0,0,0,0,0,0.0932384252720424,0
ood_combo,DS02,15,5,fan_eff_mod,2,1,0,-0.000487788587774502,0,0,0,0,0,0,0.0932384252720424,0
ood_combo,DS02,15,5,fan_flow_mod,3,1,0,-0,0,0,0,0,0,0,0.0932384252720424,0
ood_combo,DS02,15,5,HPC_eff_mod,4,1,0,-0.00434986326103543,0,0,0,0,0,0,0.0932384252720424,0
ood_combo,DS02,15,5,HPC_flow_mod,5,1,0,-0.000377942436583492,0,0,0,0,0,0,0.0932384252720424,0
ood_combo,DS02,15,5,LPT_eff_mod,6,1,-0.00990435169138961,-3.74094809869793e-05,0,0,0,0,0,0,0.0932384252720424,0
ood_combo,DS02,15,5,LPT_flow_mod,7,1,0.00218166228530301,-0,0,0,0,0,0,0,0.0932384252720424,0
ood_combo,DS02,15,5,LPC_eff_mod,8,1,0,-0,0,0,0,0,0,0,0.0932384252720424,0
ood_combo,DS02,15,5,LPC_flow_mod,9,1,0,-0,0,0,0,0,0,0,0.0932384252720424,0
ood_combo,DS02,15,6,HPT_eff_mod,1,1,-0.00898433130069325,-0.00597084356936217,0,0,0,0,0,0,0.139811418643746,0
ood_combo,DS02,15,6,fan_eff_mod,2,1,0,-0.000487788587774502,0,0,0,0,0,0,0.139811418643746,0
ood_combo,DS02,15,6,fan_flow_mod,3,1,0,-0,0,0,0,0,0,0,0.139811418643746,0
ood_combo,DS02,15,6,HPC_eff_mod,4,1,0,-0.00434986326103543,0,0,0,0,0,0,0.139811418643746,0
ood_combo,DS02,15,6,HPC_flow_mod,5,1,0,-0.000377942436583492,0,0,0,0,0,0,0.139811418643746,0
ood_combo,DS02,15,6,LPT_eff_mod,6,1,-0.00282312238363893,-3.74094809869793e-05,0,0,0,0,0,0,0.139811418643746,0
ood_combo,DS02,15,6,LPT_flow_mod,7,1,0.00232034680279627,-0,0,0,0,0,0,0,0.139811418643746,0
ood_combo,DS02,15,6,LPC_eff_mod,8,1,0,-0,0,0,0,0,0,0,0.139811418643746,0
ood_combo,DS02,15,6,LPC_flow_mod,9,1,0,-0,0,0,0,0,0,0,0.139811418643746,0
ood_combo,DS02,15,7,HPT_eff_mod,1,1,-0.00882378903938545,-0.00597084356936217,0,0,0,0,0,0,0.188061984864939,0
ood_combo,DS02,15,7,fan_eff_mod,2,1,0,-0.000487788587774502,0,0,0,0,0,0,0.188061984864939,0
ood_combo,DS02,15,7,fan_flow_mod,3,1,0,-0,0,0,0,0,0,0,0.188061984864939,0
ood_combo,DS02,15,7,HPC_eff_mod,4,1,0,-0.00434986326103543,0,0,0,0,0,0,0.188061984864939,0
ood_combo,DS02,15,7,HPC_flow_mod,5,1,0,-0.000377942436583492,0,0,0,0,0,0,0.188061984864939,0
ood_combo,DS02,15,7,LPT_eff_mod,6,1,-0.0085274068287955,-0.00444562308121499,0,0,0,0,0,0,0.188061984864939,0
ood_combo,DS02,15,7,LPT_flow_mod,7,1,-0.00182594959612074,-0,0,0,0,0,0,0,0.188061984864939,0
ood_combo,DS02,15,7,LPC_eff_mod,8,1,0,-0,0,0,0,0,0,0,0.188061984864939,0
ood_combo,DS02,15,7,LPC_flow_mod,9,1,0,-0,0,0,0,0,0,0,0.188061984864939,0
ood_combo,DS02,15,8,HPT_eff_mod,1,1,-0.0140566529215242,-0.00597084356936217,0,0,0,0,0,0,0.237683508550621,0
ood_combo,DS02,15,8,fan_eff_mod,2,1,0,-0.000874739795978797,0,0,0,0,0,0,0.237683508550621,0
ood_combo,DS02,15,8,fan_flow_mod,3,1,0,-0,0,0,0,0,0,0,0.237683508550621,0
ood_combo,DS02,15,8,HPC_eff_mod,4,1,0,-0.00434986326103543,0,0,0,0,0,0,0.237683508550621,0
ood_combo,DS02,15,8,HPC_flow_mod,5,1,0,-0.000377942436583492,0,0,0,0,0,0,0.237683508550621,0
ood_combo,DS02,15,8,LPT_eff_mod,6,1,-0.00267862492254941,-0.00664764482910252,0,0,0,0,0,0,0.237683508550621,0
ood_combo,DS02,15,8,LPT_flow_mod,7,1,0.00226651474562242,-0,0,0,0,0,0,0,0.237683508550621,0
ood_combo,DS02,15,8,LPC_eff_mod,8,1,0,-0,0,0,0,0,0,0,0.237683508550621,0
ood_combo,DS02,15,8,LPC_flow_mod,9,1,0,-0,0,0,0,0,0,0,0.237683508550621,0
ood_combo,DS02,15,9,HPT_eff_mod,1,1,-0.0159479792511537,-0.00597084356936217,0,0,0,0,0,0,0.179475746960765,0
ood_combo,DS02,15,9,fan_eff_mod,2,1,0,-0.000874739795978797,0,0,0,0,0,0,0.179475746960765,0
ood_combo,DS02,15,9,fan_flow_mod,3,1,0,-0,0,0,0,0,0,0,0.179475746960765,0
ood_combo,DS02,15,9,HPC_eff_mod,4,1,0,-0.00434986326103543,0,0,0,0,0,0,0.179475746960765,0
ood_combo,DS02,15,9,HPC_flow_mod,5,1,0,-0.000377942436583492,0,0,0,0,0,0,0.179475746960765,0
ood_combo,DS02,15,9,LPT_eff_mod,6,1,-0.0109205651030153,-0.00664764482910252,0,0,0,0,0,0,0.179475746960765,0
ood_combo,DS02,15,9,LPT_flow_mod,7,1,-0.00634216454542702,-0,0,0,0,0,0,0,0.179475746960765,0
ood_combo,DS02,15,9,LPC_eff_mod,8,1,0,-0,0,0,0,0,0,0,0.179475746960765,0
ood_combo,DS02,15,9,LPC_flow_mod,9,1,0,-0,0,0,0,0,0,0,0.179475746960765,0
ood_combo,DS02,15,10,HPT_eff_mod,1,1,-0.0100483610396198,-0.00597084356936217,0,0,0,0,0,0,0.0868350034975688,0
ood_combo,DS02,15,10,fan_eff_mod,2,1,0,-0.000874739795978797,0,0,0,0,0,0,0.0868350034975688,0
ood_combo,DS02,15,10,fan_flow_mod,3,1,0,-0,0,0,0,0,0,0,0.0868350034975688,0
ood_combo,DS02,15,10,HPC_eff_mod,4,1,0,-0.00434986326103543,0,0,0,0,0,0,0.0868350034975688,0
ood_combo,DS02,15,10,HPC_flow_mod,5,1,0,-0.000377942436583492,0,0,0,0,0,0,0.0868350034975688,0
ood_combo,DS02,15,10,LPT_eff_mod,6,1,-0.0121076820910706,-0.00664764482910252,0,0,0,0,0,0,0.0868350034975688,0
ood_combo,DS02,15,10,LPT_flow_mod,7,1,-0.000500821580594245,-0,0,0,0,0,0,0,0.0868350034975688,0
ood_combo,DS02,15,10,LPC_eff_mod,8,1,0,-0,0,0,0,0,0,0,0.0868350034975688,0
ood_combo,DS02,15,10,LPC_flow_mod,9,1,0,-0,0,0,0,0,0,0,0.0868350034975688,0
ood_combo,DS02,15,11,HPT_eff_mod,1,1,-0.00976598838038252,-0.00597084356936217,0,0,0,0,0,0,0.124167187777504,0
ood_combo,DS02,15,11,fan_eff_mod,2,1,0,-0.000874739795978797,0,0,0,0,0,0,0.124167187777504,0
ood_combo,DS02,15,11,fan_flow_mod,3,1,0,-0,0,0,0,0,0,0,0.124167187777504,0
ood_combo,DS02,15,11,HPC_eff_mod,4,1,0,-0.00434986326103543,0,0,0,0,0,0,0.124167187777504,0
ood_combo,DS02,15,11,HPC_flow_mod,5,1,0,-0.000377942436583492,0,0,0,0,0,0,0.124167187777504,0
ood_combo,DS02,15,11,LPT_eff_mod,6,1,-0.0100614741929313,-0.00664764482910252,0,0,0,0,0,0,0.124167187777504,0
ood_combo,DS02,15,11,LPT_flow_mod,7,1,-0.000742964983424563,-0,0,0,0,0,0,0,0.124167187777504,0
ood_combo,DS02,15,11,LPC_eff_mod,8,1,0,-0,0,0,0,0,0,0,0.124167187777504,0
ood_combo,DS02,15,11,LPC_flow_mod,9,1,0,-0,0,0,0,0,0,0,0.124167187777504,0
ood_combo,DS02,15,12,HPT_eff_mod,1,1,-0.00445233684980531,-0.00597084356936217,0,0,0,0,0,0,0.115479198025064,0
ood_combo,DS02,15,12,fan_eff_mod,2,1,0,-0.000874739795978797,0,0,0,0,0,0,0.115479198025064,0
ood_combo,DS02,15,12,fan_flow_mod,3,1,0,-0,0,0,0,0,0,0,0.115479198025064,0
ood_combo,DS02,15,12,HPC_eff_mod,4,1,0,-0.00434986326103543,0,0,0,0,0,0,0.115479198025064,0
ood_combo,DS02,15,12,HPC_flow_mod,5,1,0,-0.000377942436583492,0,0,0,0,0,0,0.115479198025064,0
ood_combo,DS02,15,12,LPT_eff_mod,6,1,-0.0111864120740992,-0.00664764482910252,0,0,0,0,0,0,0.115479198025064,0
ood_combo,DS02,15,12,LPT_flow_mod,7,1,-0.00879877386378498,-0,0,0,0,0,0,0,0.115479198025064,0
ood_combo,DS02,15,12,LPC_eff_mod,8,1,0,-0,0,0,0,0,0,0,0.115479198025064,0
ood_combo,DS02,15,12,LPC_flow_mod,9,1,0,-0,0,0,0,0,0,0,0.115479198025064,0
ood_combo,DS02,15,13,HPT_eff_mod,1,1,-0.00350794464377827,-0.00597084356936217,0,0,0,0,0,0,0.175152814618824,0
ood_combo,DS02,15,13,fan_eff_mod,2,1,0,-0.000874739795978797,0,0,0,0,0,0,0.175152814618824,0
ood_combo,DS02,15,13,fan_flow_mod,3,1,0,-0,0,0,0,0,0,0,0.175152814618824,0
ood_combo,DS02,15,13,HPC_eff_mod,4,1,0,-0.00434986326103543,0,0,0,0,0,0,0.175152814618824,0
ood_combo,DS02,15,13,HPC_flow_mod,5,1,0,-0.000377942436583492,0,0,0,0,0,0,0.175152814618824,0
ood_combo,DS02,15,13,LPT_eff_mod,6,1,-0.00538503264183393,-0.00664764482910252,0,0,0,0,0,0,0.175152814618824,0
ood_combo,DS02,15,13,LPT_flow_mod,7,1,-0.000682579444356925,-0,0,0,0,0,0,0,0.175152814618824,0
ood_combo,DS02,15,13,LPC_eff_mod,8,1,0,-0,0,0,0,0,0,0,0.175152814618824,0
ood_combo,DS02,15,13,LPC_flow_mod,9,1,0,-0,0,0,0,0,0,0,0.175152814618824,0
ood_combo,DS02,15,14,HPT_eff_mod,1,1,-0.00770445941700594,-0.00597084356936217,0,0,0,0,0,0,0.171295638962081,0
ood_combo,DS02,15,14,fan_eff_mod,2,1,0,-0.000874739795978797,0,0,0,0,0,0,0.171295638962081,0
ood_combo,DS02,15,14,fan_flow_mod,3,1,0,-0,0,0,0,0,0,0,0.171295638962081,0
ood_combo,DS02,15,14,HPC_eff_mod,4,1,0,-0.00434986326103543,0,0,0,0,0,0,0.171295638962081,0
ood_combo,DS02,15,14,HPC_flow_mod,5,1,0,-0.000377942436583492,0,0,0,0,0,0,0.171295638962081,0
ood_combo,DS02,15,14,LPT_eff_mod,6,1,-0.00536739995585762,-0.00664764482910252,0,0,0,0,0,0,0.171295638962081,0
ood_combo,DS02,15,14,LPT_flow_mod,7,1,-0.00478448979464825,-0,0,0,0,0,0,0,0.171295638962081,0
ood_combo,DS02,15,14,LPC_eff_mod,8,1,0,-0,0,0,0,0,0,0,0.171295638962081,0
ood_combo,DS02,15,14,LPC_flow_mod,9,1,0,-0,0,0,0,0,0,0,0.171295638962081,0
ood_combo,DS02,15,15,HPT_eff_mod,1,1,-0.0121775663702942,-0.00859821202050804,0,0,0,0,0,0,0.113100828429366,0
ood_combo,DS02,15,15,fan_eff_mod,2,1,0,-0.000874739795978797,0,0,0,0,0,0,0.113100828429366,0
ood_combo,DS02,15,15,fan_flow_mod,3,1,0,-0,0,0,0,0,0,0,0.113100828429366,0
ood_combo,DS02,15,15,HPC_eff_mod,4,1,0,-0.00434986326103543,0,0,0,0,0,0,0.113100828429366,0
ood_combo,DS02,15,15,HPC_flow_mod,5,1,0,-0.000377942436583492,0,0,0,0,0,0,0.113100828429366,0
ood_combo,DS02,15,15,LPT_eff_mod,6,1,-0.00987693014275528,-0.00664764482910252,0,0,0,0,0,0,0.113100828429366,0
ood_combo,DS02,15,15,LPT_flow_mod,7,1,-0.0122583255164908,-0.0082103627941934,0,0,0,0,0,0,0.113100828429366,0
ood_combo,DS02,15,15,LPC_eff_mod,8,1,0,-0,0,0,0,0,0,0,0.113100828429366,0
ood_combo,DS02,15,15,LPC_flow_mod,9,1,0,-0,0,0,0,0,0,0,0.113100828429366,0
ood_combo,DS02,15,16,HPT_eff_mod,1,1,-0.0197318845650738,-0.00859821202050804,0,0,0,0,0,0,0.0863133003521757,0
ood_combo,DS02,15,16,fan_eff_mod,2,1,0,-0.000874739795978797,0,0,0,0,0,0,0.0863133003521757,0
ood_combo,DS02,15,16,fan_flow_mod,3,1,0,-0,0,0,0,0,0,0,0.0863133003521757,0
ood_combo,DS02,15,16,HPC_eff_mod,4,1,0,-0.00434986326103543,0,0,0,0,0,0,0.0863133003521757,0
ood_combo,DS02,15,16,HPC_flow_mod,5,1,0,-0.000377942436583492,0,0,0,0,0,0,0.0863133003521757,0
ood_combo,DS02,15,16,LPT_eff_mod,6,1,-0.00620630011131112,-0.00664764482910252,0,0,0,0,0,0,0.0863133003521757,0
ood_combo,DS02,15,16,LPT_flow_mod,7,1,-0.00219823353808161,-0.0082103627941934,0,0,0,0,0,0,0.0863133003521757,0
ood_combo,DS02,15,16,LPC_eff_mod,8,1,0,-0,0,0,0,0,0,0,0.0863133003521757,0
ood_combo,DS02,15,16,LPC_flow_mod,9,1,0,-0,0,0,0,0,0,0,0.0863133003521757,0
ood_combo,DS02,15,17,HPT_eff_mod,1,1,-0.00858966476657771,-0.00859821202050804,0,0,0,0,0,0,0.267508803976688,0
ood_combo,DS02,15,17,fan_eff_mod,2,1,0,-0.000874739795978797,0,0,0,0,0,0,0.267508803976688,0
ood_combo,DS02,15,17,fan_flow_mod,3,1,0,-0,0,0,0,0,0,0,0.267508803976688,0
ood_combo,DS02,15,17,HPC_eff_mod,4,1,0,-0.00434986326103543,0,0,0,0,0,0,0.267508803976688,0
ood_combo,DS02,15,17,HPC_flow_mod,5,1,0,-0.000377942436583492,0,0,0,0,0,0,0.267508803976688,0
ood_combo,DS02,15,17,LPT_eff_mod,6,1,-0.0104124396702537,-0.00664764482910252,0,0,0,0,0,0,0.267508803976688,0
ood_combo,DS02,15,17,LPT_flow_mod,7,1,-0.00867924445242633,-0.0082103627941934,0,0,0,0,0,0,0.267508803976688,0
ood_combo,DS02,15,17,LPC_eff_mod,8,1,0,-0,0,0,0,0,0,0,0.267508803976688,0
ood_combo,DS02,15,17,LPC_flow_mod,9,1,0,-0,0,0,0,0,0,0,0.267508803976688,0
ood_combo,DS02,15,18,HPT_eff_mod,1,1,-0.0151642187674121,-0.00859821202050804,0,0,0,0,0,0,0.109113995462729,0
ood_combo,DS02,15,18,fan_eff_mod,2,1,0,-0.00113671411151592,0,0,0,0,0,0,0.109113995462729,0
ood_combo,DS02,15,18,fan_flow_mod,3,1,0,-0,0,0,0,0,0,0,0.109113995462729,0
ood_combo,DS02,15,18,HPC_eff_mod,4,1,0,-0.00777909806270144,0,0,0,0,0,0,0.109113995462729,0
ood_combo,DS02,15,18,HPC_flow_mod,5,1,0,-0.000442171684655029,0,0,0,0,0,0,0.109113995462729,0
ood_combo,DS02,15,18,LPT_eff_mod,6,1,-0.0150273744738617,-0.00819367592692387,0,0,0,0,0,0,0.109113995462729,0
ood_combo,DS02,15,18,LPT_flow_mod,7,1,-0.00393227840204988,-0.0082103627941934,0,0,0,0,0,0,0.109113995462729,0
ood_combo,DS02,15,18,LPC_eff_mod,8,1,0,-0,0,0,0,0,0,0,0.109113995462729,0
ood_combo,DS02,15,18,LPC_flow_mod,9,1,0,-0,0,0,0,0,0,0,0.109113995462729,0
ood_combo,DS02,15,19,HPT_eff_mod,1,1,-0.0127590908752954,-0.00859821202050804,0,0,0,0,0,0,0.211073137604624,0
ood_combo,DS02,15,19,fan_eff_mod,2,1,0,-0.00113671411151592,0,0,0,0,0,0,0.211073137604624,0
ood_combo,DS02,15,19,fan_flow_mod,3,1,0,-0,0,0,0,0,0,0,0.211073137604624,0
ood_combo,DS02,15,19,HPC_eff_mod,4,1,0,-0.00777909806270144,0,0,0,0,0,0,0.211073137604624,0
ood_combo,DS02,15,19,HPC_flow_mod,5,1,0,-0.000442171684655029,0,0,0,0,0,0,0.211073137604624,0
ood_combo,DS02,15,19,LPT_eff_mod,6,1,-0.0159519357791253,-0.00819367592692387,0,0,0,0,0,0,0.211073137604624,0
ood_combo,DS02,15,19,LPT_flow_mod,7,1,-0.014621566533191,-0.0082103627941934,0,0,0,0,0,0,0.211073137604624,0
ood_combo,DS02,15,19,LPC_eff_mod,8,1,0,-0,0,0,0,0,0,0,0.211073137604624,0
ood_combo,DS02,15,19,LPC_flow_mod,9,1,0,-0,0,0,0,0,0,0,0.211073137604624,0
ood_combo,DS02,15,20,HPT_eff_mod,1,1,-0.013259249663074,-0.00859821202050804,0,0,0,0,0,0,0.290466387300387,0
ood_combo,DS02,15,20,fan_eff_mod,2,1,0,-0.00113671411151592,0,0,0,0,0,0,0.290466387300387,0
ood_combo,DS02,15,20,fan_flow_mod,3,1,0,-0,0,0,0,0,0,0,0.290466387300387,0
ood_combo,DS02,15,20,HPC_eff_mod,4,1,0,-0.00777909806270144,0,0,0,0,0,0,0.290466387300387,0
ood_combo,DS02,15,20,HPC_flow_mod,5,1,0,-0.000442171684655029,0,0,0,0,0,0,0.290466387300387,0
ood_combo,DS02,15,20,LPT_eff_mod,6,1,-0.00829233480063526,-0.00819367592692387,0,0,0,0,0,0,0.290466387300387,0
ood_combo,DS02,15,20,LPT_flow_mod,7,1,-0.0141819021228859,-0.0115635927948811,0,0,0,0,0,0,0.290466387300387,0
ood_combo,DS02,15,20,LPC_eff_mod,8,1,0,-0,0,0,0,0,0,0,0.290466387300387,0
ood_combo,DS02,15,20,LPC_flow_mod,9,1,0,-0,0,0,0,0,0,0,0.290466387300387,0
ood_combo,DS02,15,21,HPT_eff_mod,1,1,-0.0177204306494042,-0.00859821202050804,0,0,0,0,0,0,0.10305226351626,0
ood_combo,DS02,15,21,fan_eff_mod,2,1,0,-0.00113671411151592,0,0,0,0,0,0,0.10305226351626,0
ood_combo,DS02,15,21,fan_flow_mod,3,1,0,-0,0,0,0,0,0,0,0.10305226351626,0
ood_combo,DS02,15,21,HPC_eff_mod,4,1,0,-0.00777909806270144,0,0,0,0,0,0,0.10305226351626,0
ood_combo,DS02,15,21,HPC_flow_mod,5,1,0,-0.000442171684655029,0,0,0,0,0,0,0.10305226351626,0
ood_combo,DS02,15,21,LPT_eff_mod,6,1,-0.00955275507098394,-0.00819367592692387,0,0,0,0,0,0,0.10305226351626,0
ood_combo,DS02,15,21,LPT_flow_mod,7,1,-0.0132668415630375,-0.0115635927948811,0,0,0,0,0,0,0.10305226351626,0
ood_combo,DS02,15,21,LPC_eff_mod,8,1,0,-0,0,0,0,0,0,0,0.10305226351626,0
ood_combo,DS02,15,21,LPC_flow_mod,9,1,0,-0,0,0,0,0,0,0,0.10305226351626,0
ood_combo,DS02,15,22,HPT_eff_mod,1,1,-0.029815206406045,-0.00859821202050804,0,0,0,0,0,0,0.249047132200773,0
ood_combo,DS02,15,22,fan_eff_mod,2,1,0,-0.00113671411151592,0,0,0,0,0,0,0.249047132200773,0
ood_combo,DS02,15,22,fan_flow_mod,3,1,0,-0,0,0,0,0,0,0,0.249047132200773,0
ood_combo,DS02,15,22,HPC_eff_mod,4,1,0,-0.00777909806270144,0,0,0,0,0,0,0.249047132200773,0
ood_combo,DS02,15,22,HPC_flow_mod,5,1,0,-0.000442171684655029,0,0,0,0,0,0,0.249047132200773,0
ood_combo,DS02,15,22,LPT_eff_mod,6,1,-0.0118954191535483,-0.0114746608927895,0,0,0,0,0,0,0.249047132200773,0
ood_combo,DS02,15,22,LPT_flow_mod,7,1,-0.0151072546386976,-0.0115635927948811,0,0,0,0,0,0,0.249047132200773,0
ood_combo,DS02,15,22,LPC_eff_mod,8,1,0,-0,0,0,0,0,0,0,0.249047132200773,0
ood_combo,DS02,15,22,LPC_flow_mod,9,1,0,-0,0,0,0,0,0,0,0.249047132200773,0
ood_combo,DS02,15,23,HPT_eff_mod,1,1,-0.0147893580057328,-0.00859821202050804,0,0,0,0,0,0,0.351363516483245,0
ood_combo,DS02,15,23,fan_eff_mod,2,1,0,-0.00113671411151592,0,0,0,0,0,0,0.351363516483245,0
ood_combo,DS02,15,23,fan_flow_mod,3,1,0,-0,0,0,0,0,0,0,0.351363516483245,0
ood_combo,DS02,15,23,HPC_eff_mod,4,1,0,-0.00777909806270144,0,0,0,0,0,0,0.351363516483245,0
ood_combo,DS02,15,23,HPC_flow_mod,5,1,0,-0.000442171684655029,0,0,0,0,0,0,0.351363516483245,0
ood_combo,DS02,15,23,LPT_eff_mod,6,1,-0.00932924118257975,-0.0114746608927895,0,0,0,0,0,0,0.351363516483245,0
ood_combo,DS02,15,23,LPT_flow_mod,7,1,-0.00883417432860953,-0.0115635927948811,0,0,0,0,0,0,0.351363516483245,0
ood_combo,DS02,15,23,LPC_eff_mod,8,1,0,-0,0,0,0,0,0,0,0.351363516483245,0
ood_combo,DS02,15,23,LPC_flow_mod,9,1,0,-0,0,0,0,0,0,0,0.351363516483245,0
ood_combo,DS02,15,24,HPT_eff_mod,1,0,-0.0329885490800427,-0.00859821202050804,1,0,2,0,2,0,0.531860653066939,1
ood_combo,DS02,15,24,fan_eff_mod,2,0,0,-0.00113671411151592,0,0,0,0,2,0,0.531860653066939,1
ood_combo,DS02,15,24,fan_flow_mod,3,0,0,-0,0,0,0,0,2,0,0.531860653066939,1
ood_combo,DS02,15,24,HPC_eff_mod,4,0,0,-0.00777909806270144,0,0,0,0,2,0,0.531860653066939,1
ood_combo,DS02,15,24,HPC_flow_mod,5,0,0,-0.000442171684655029,0,0,0,0,2,0,0.531860653066939,1
ood_combo,DS02,15,24,LPT_eff_mod,6,0,-0.0180972092337468,-0.0114746608927895,1,0,1,0,2,0,0.531860653066939,1
ood_combo,DS02,15,24,LPT_flow_mod,7,0,-0.0104250708030637,-0.0148093056323118,1,0,1,0,2,0,0.531860653066939,1
ood_combo,DS02,15,24,LPC_eff_mod,8,0,0,-0,0,0,0,0,2,0,0.531860653066939,1
ood_combo,DS02,15,24,LPC_flow_mod,9,0,0,-0,0,0,0,0,2,0,0.531860653066939,1
ood_combo,DS02,15,25,HPT_eff_mod,1,0,-0.0212037239309893,-0.0123683060971618,1,0,2,0,2,0,0.100130460554894,0
ood_combo,DS02,15,25,fan_eff_mod,2,0,0,-0.00113671411151592,0,0,0,0,2,0,0.100130460554894,0
ood_combo,DS02,15,25,fan_flow_mod,3,0,0,-0,0,0,0,0,2,0,0.100130460554894,0
ood_combo,DS02,15,25,HPC_eff_mod,4,0,0,-0.00777909806270144,0,0,0,0,2,0,0.100130460554894,0
ood_combo,DS02,15,25,HPC_flow_mod,5,0,0,-0.000442171684655029,0,0,0,0,2,0,0.100130460554894,0
ood_combo,DS02,15,25,LPT_eff_mod,6,0,-0.0152117945066519,-0.0114746608927895,1,0,1,0,2,0,0.100130460554894,0
ood_combo,DS02,15,25,LPT_flow_mod,7,0,-0.00917393329815062,-0.0148093056323118,1,0,1,0,2,0,0.100130460554894,0
ood_combo,DS02,15,25,LPC_eff_mod,8,0,0,-0,0,0,0,0,2,0,0.100130460554894,0
ood_combo,DS02,15,25,LPC_flow_mod,9,0,0,-0,0,0,0,0,2,0,0.100130460554894,0
ood_combo,DS02,15,26,HPT_eff_mod,1,0,-0.0373603499529107,-0.0327286731364063,1,0,2,0,2,0,0.237229811819703,0
ood_combo,DS02,15,26,fan_eff_mod,2,0,0,-0.00113671411151592,0,0,0,0,2,0,0.237229811819703,0
ood_combo,DS02,15,26,fan_flow_mod,3,0,0,-0,0,0,0,0,2,0,0.237229811819703,0
ood_combo,DS02,15,26,HPC_eff_mod,4,0,0,-0.00777909806270144,0,0,0,0,2,0,0.237229811819703,0
ood_combo,DS02,15,26,HPC_flow_mod,5,0,0,-0.000442171684655029,0,0,0,0,2,0,0.237229811819703,0
ood_combo,DS02,15,26,LPT_eff_mod,6,0,-0.0263485369020006,-0.0114746608927895,1,0,1,0,2,0,0.237229811819703,0
ood_combo,DS02,15,26,LPT_flow_mod,7,0,-0.0208981756313146,-0.0148093056323118,1,0,1,0,2,0,0.237229811819703,0
ood_combo,DS02,15,26,LPC_eff_mod,8,0,0,-0,0,0,0,0,2,0,0.237229811819703,0
ood_combo,DS02,15,26,LPC_flow_mod,9,0,0,-0,0,0,0,0,2,0,0.237229811819703,0
ood_combo,DS02,15,27,HPT_eff_mod,1,0,-0.0401610804492649,-0.0327286731364063,1,0,2,0,2,0,0.250577959952364,0
ood_combo,DS02,15,27,fan_eff_mod,2,0,0,-0.00113671411151592,0,0,0,0,2,0,0.250577959952364,0
ood_combo,DS02,15,27,fan_flow_mod,3,0,0,-0,0,0,0,0,2,0,0.250577959952364,0
ood_combo,DS02,15,27,HPC_eff_mod,4,0,0,-0.00777909806270144,0,0,0,0,2,0,0.250577959952364,0
ood_combo,DS02,15,27,HPC_flow_mod,5,0,0,-0.000442171684655029,0,0,0,0,2,0,0.250577959952364,0
ood_combo,DS02,15,27,LPT_eff_mod,6,0,-0.0199784291428922,-0.0114746608927895,1,0,1,0,2,0,0.250577959952364,0
ood_combo,DS02,15,27,LPT_flow_mod,7,0,-0.0250477727884697,-0.0150098159000178,1,0,1,0,2,0,0.250577959952364,0
ood_combo,DS02,15,27,LPC_eff_mod,8,0,0,-0,0,0,0,0,2,0,0.250577959952364,0
ood_combo,DS02,15,27,LPC_flow_mod,9,0,0,-0,0,0,0,0,2,0,0.250577959952364,0
ood_combo,DS02,15,28,HPT_eff_mod,1,0,-0.032434913056,-0.0327286731364063,1,0,2,0,2,0,0.189590483457859,0
ood_combo,DS02,15,28,fan_eff_mod,2,0,0,-0.00113671411151592,0,0,0,0,2,0,0.189590483457859,0
ood_combo,DS02,15,28,fan_flow_mod,3,0,0,-0,0,0,0,0,2,0,0.189590483457859,0
ood_combo,DS02,15,28,HPC_eff_mod,4,0,0,-0.00777909806270144,0,0,0,0,2,0,0.189590483457859,0
ood_combo,DS02,15,28,HPC_flow_mod,5,0,0,-0.000442171684655029,0,0,0,0,2,0,0.189590483457859,0
ood_combo,DS02,15,28,LPT_eff_mod,6,0,-0.0235760991339106,-0.0114746608927895,1,0,1,0,2,0,0.189590483457859,0
ood_combo,DS02,15,28,LPT_flow_mod,7,0,-0.0247807786454907,-0.0150098159000178,1,0,1,0,2,0,0.189590483457859,0
ood_combo,DS02,15,28,LPC_eff_mod,8,0,0,-0,0,0,0,0,2,0,0.189590483457859,0
ood_combo,DS02,15,28,LPC_flow_mod,9,0,0,-0,0,0,0,0,2,0,0.189590483457859,0
ood_combo,DS02,15,29,HPT_eff_mod,1,0,-0.0437525085458789,-0.0327286731364063,1,0,2,0,2,0,0.275793661425615,0
ood_combo,DS02,15,29,fan_eff_mod,2,0,0,-0.00113671411151592,0,0,0,0,2,0,0.275793661425615,0
ood_combo,DS02,15,29,fan_flow_mod,3,0,0,-0,0,0,0,0,2,0,0.275793661425615,0
ood_combo,DS02,15,29,HPC_eff_mod,4,0,0,-0.00777909806270144,0,0,0,0,2,0,0.275793661425615,0
ood_combo,DS02,15,29,HPC_flow_mod,5,0,0,-0.000442171684655029,0,0,0,0,2,0,0.275793661425615,0
ood_combo,DS02,15,29,LPT_eff_mod,6,0,-0.0245468575052014,-0.0207137339640034,1,0,1,0,2,0,0.275793661425615,0
ood_combo,DS02,15,29,LPT_flow_mod,7,0,-0.0314196093070882,-0.0150098159000178,1,0,2,0,2,0,0.275793661425615,0
ood_combo,DS02,15,29,LPC_eff_mod,8,0,0,-0,0,0,0,0,2,0,0.275793661425615,0
ood_combo,DS02,15,29,LPC_flow_mod,9,0,0,-0,0,0,0,0,2,0,0.275793661425615,0
ood_combo,DS02,15,30,HPT_eff_mod,1,0,-0.0373884040213905,-0.0327286731364063,1,1,2,2,2,2,0.269165421226176,0
ood_combo,DS02,15,30,fan_eff_mod,2,0,0,-0.00113671411151592,0,0,0,0,2,2,0.269165421226176,0
ood_combo,DS02,15,30,fan_flow_mod,3,0,0,-0,0,0,0,0,2,2,0.269165421226176,0
ood_combo,DS02,15,30,HPC_eff_mod,4,0,0,-0.00777909806270144,0,0,0,0,2,2,0.269165421226176,0
ood_combo,DS02,15,30,HPC_flow_mod,5,0,0,-0.000442171684655029,0,0,0,0,2,2,0.269165421226176,0
ood_combo,DS02,15,30,LPT_eff_mod,6,0,-0.0234294398821725,-0.0207137339640034,1,0,1,0,2,2,0.269165421226176,0
ood_combo,DS02,15,30,LPT_flow_mod,7,0,-0.00969716335575819,-0.0150098159000178,1,0,2,0,2,2,0.269165421226176,0
ood_combo,DS02,15,30,LPC_eff_mod,8,0,0,-0,0,0,0,0,2,2,0.269165421226176,0
ood_combo,DS02,15,30,LPC_flow_mod,9,0,0,-0,0,0,0,0,2,2,0.269165421226176,0
ood_combo,DS02,15,31,HPT_eff_mod,1,0,-0.0535714871219647,-0.0367508255419425,1,1,2,2,2,2,0.286169858482579,0
ood_combo,DS02,15,31,fan_eff_mod,2,0,0,-0.00113671411151592,0,0,0,0,2,2,0.286169858482579,0
ood_combo,DS02,15,31,fan_flow_mod,3,0,0,-0,0,0,0,0,2,2,0.286169858482579,0
ood_combo,DS02,15,31,HPC_eff_mod,4,0,0,-0.00777909806270144,0,0,0,0,2,2,0.286169858482579,0
ood_combo,DS02,15,31,HPC_flow_mod,5,0,0,-0.000442171684655029,0,0,0,0,2,2,0.286169858482579,0
ood_combo,DS02,15,31,LPT_eff_mod,6,0,-0.0211681116412922,-0.0207137339640034,1,0,1,0,2,2,0.286169858482579,0
ood_combo,DS02,15,31,LPT_flow_mod,7,0,-0.019402914330921,-0.021999640525388,1,0,2,0,2,2,0.286169858482579,0
ood_combo,DS02,15,31,LPC_eff_mod,8,0,0,-0,0,0,0,0,2,2,0.286169858482579,0
ood_combo,DS02,15,31,LPC_flow_mod,9,0,0,-0,0,0,0,0,2,2,0.286169858482579,0
ood_combo,DS02,15,32,HPT_eff_mod,1,0,-0.0494279804069503,-0.0367508255419425,1,1,2,2,2,2,0.0988341228354827,0
ood_combo,DS02,15,32,fan_eff_mod,2,0,0,-0.00113671411151592,0,0,0,0,2,2,0.0988341228354827,0
ood_combo,DS02,15,32,fan_flow_mod,3,0,0,-0,0,0,0,0,2,2,0.0988341228354827,0
ood_combo,DS02,15,32,HPC_eff_mod,4,0,0,-0.00777909806270144,0,0,0,0,2,2,0.0988341228354827,0
ood_combo,DS02,15,32,HPC_flow_mod,5,0,0,-0.000442171684655029,0,0,0,0,2,2,0.0988341228354827,0
ood_combo,DS02,15,32,LPT_eff_mod,6,0,-0.0283710991031608,-0.0207137339640034,1,0,1,0,2,2,0.0988341228354827,0
ood_combo,DS02,15,32,LPT_flow_mod,7,0,-0.0311794311926553,-0.0320923648325711,1,0,2,0,2,2,0.0988341228354827,0
ood_combo,DS02,15,32,LPC_eff_mod,8,0,0,-0,0,0,0,0,2,2,0.0988341228354827,0
ood_combo,DS02,15,32,LPC_flow_mod,9,0,0,-0,0,0,0,0,2,2,0.0988341228354827,0
ood_combo,DS02,15,33,HPT_eff_mod,1,0,-0.0475438326840142,-0.0367508255419425,1,1,2,2,2,2,0.118772322073596,0
ood_combo,DS02,15,33,fan_eff_mod,2,0,0,-0.00113671411151592,0,0,0,0,2,2,0.118772322073596,0
ood_combo,DS02,15,33,fan_flow_mod,3,0,0,-0,0,0,0,0,2,2,0.118772322073596,0
ood_combo,DS02,15,33,HPC_eff_mod,4,0,0,-0.00777909806270144,0,0,0,0,2,2,0.118772322073596,0
ood_combo,DS02,15,33,HPC_flow_mod,5,0,0,-0.000442171684655029,0,0,0,0,2,2,0.118772322073596,0
ood_combo,DS02,15,33,LPT_eff_mod,6,0,-0.0204552960833641,-0.0207137339640034,1,1,1,1,2,2,0.118772322073596,0
ood_combo,DS02,15,33,LPT_flow_mod,7,0,-0.0273301784159773,-0.0320923648325711,1,0,2,0,2,2,0.118772322073596,0
ood_combo,DS02,15,33,LPC_eff_mod,8,0,0,-0,0,0,0,0,2,2,0.118772322073596,0
ood_combo,DS02,15,33,LPC_flow_mod,9,0,0,-0,0,0,0,0,2,2,0.118772322073596,0
ood_combo,DS02,15,34,HPT_eff_mod,1,0,-0.0545083728858864,-0.0380952455813846,1,1,2,2,2,2,0.131961186645982,0
ood_combo,DS02,15,34,fan_eff_mod,2,0,0,-0.00113671411151592,0,0,0,0,2,2,0.131961186645982,0
ood_combo,DS02,15,34,fan_flow_mod,3,0,0,-0,0,0,0,0,2,2,0.131961186645982,0
ood_combo,DS02,15,34,HPC_eff_mod,4,0,0,-0.0122923975270762,0,0,0,0,2,2,0.131961186645982,0
ood_combo,DS02,15,34,HPC_flow_mod,5,0,0,-0.000442171684655029,0,0,0,0,2,2,0.131961186645982,0
ood_combo,DS02,15,34,LPT_eff_mod,6,0,-0.0305663040094367,-0.0207137339640034,1,1,2,1,2,2,0.131961186645982,0
ood_combo,DS02,15,34,LPT_flow_mod,7,0,-0.028232897805014,-0.0320923648325711,1,0,2,0,2,2,0.131961186645982,0
ood_combo,DS02,15,34,LPC_eff_mod,8,0,0,-0,0,0,0,0,2,2,0.131961186645982,0
ood_combo,DS02,15,34,LPC_flow_mod,9,0,0,-0,0,0,0,0,2,2,0.131961186645982,0
ood_combo,DS02,15,35,HPT_eff_mod,1,0,-0.0484388219708034,-0.0380952455813846,1,1,2,2,2,2,0.163356904094765,0
ood_combo,DS02,15,35,fan_eff_mod,2,0,0,-0.00113671411151592,0,0,0,0,2,2,0.163356904094765,0
ood_combo,DS02,15,35,fan_flow_mod,3,0,0,-0,0,0,0,0,2,2,0.163356904094765,0
ood_combo,DS02,15,35,HPC_eff_mod,4,0,0,-0.0122923975270762,0,0,0,0,2,2,0.163356904094765,0
ood_combo,DS02,15,35,HPC_flow_mod,5,0,0,-0.000442171684655029,0,0,0,0,2,2,0.163356904094765,0
ood_combo,DS02,15,35,LPT_eff_mod,6,0,-0.0290706829641601,-0.0207137339640034,1,1,2,1,2,2,0.163356904094765,0
ood_combo,DS02,15,35,LPT_flow_mod,7,0,-0.0289101628432439,-0.0320923648325711,1,1,2,2,2,2,0.163356904094765,0
ood_combo,DS02,15,35,LPC_eff_mod,8,0,0,-0,0,0,0,0,2,2,0.163356904094765,0
ood_combo,DS02,15,35,LPC_flow_mod,9,0,0,-0,0,0,0,0,2,2,0.163356904094765,0
ood_combo,DS02,15,36,HPT_eff_mod,1,0,-0.0535787048318871,-0.0380952455813846,1,1,2,2,2,2,0.344433113473512,0
ood_combo,DS02,15,36,fan_eff_mod,2,0,0,-0.00113671411151592,0,0,0,0,2,2,0.344433113473512,0
ood_combo,DS02,15,36,fan_flow_mod,3,0,0,-0,0,0,0,0,2,2,0.344433113473512,0
ood_combo,DS02,15,36,HPC_eff_mod,4,0,0,-0.0122923975270762,0,0,0,0,2,2,0.344433113473512,0
ood_combo,DS02,15,36,HPC_flow_mod,5,0,0,-0.000442171684655029,0,0,0,0,2,2,0.344433113473512,0
ood_combo,DS02,15,36,LPT_eff_mod,6,0,-0.0299290950003609,-0.0207137339640034,1,1,2,1,2,2,0.344433113473512,0
ood_combo,DS02,15,36,LPT_flow_mod,7,0,-0.0385262932628464,-0.0320923648325711,1,1,2,2,2,2,0.344433113473512,0
ood_combo,DS02,15,36,LPC_eff_mod,8,0,0,-0,0,0,0,0,2,2,0.344433113473512,0
ood_combo,DS02,15,36,LPC_flow_mod,9,0,0,-0,0,0,0,0,2,2,0.344433113473512,0
ood_combo,DS02,15,37,HPT_eff_mod,1,0,-0.0576456024647974,-0.0454367028816423,1,1,2,2,2,2,0.120624856564052,0
ood_combo,DS02,15,37,fan_eff_mod,2,0,0,-0.00113671411151592,0,0,0,0,2,2,0.120624856564052,0
ood_combo,DS02,15,37,fan_flow_mod,3,0,0,-0,0,0,0,0,2,2,0.120624856564052,0
ood_combo,DS02,15,37,HPC_eff_mod,4,0,0,-0.0122923975270762,0,0,0,0,2,2,0.120624856564052,0
ood_combo,DS02,15,37,HPC_flow_mod,5,0,0,-0.000442171684655029,0,0,0,0,2,2,0.120624856564052,0
ood_combo,DS02,15,37,LPT_eff_mod,6,0,-0.0344028514528806,-0.0207137339640034,1,1,2,1,2,2,0.120624856564052,0
ood_combo,DS02,15,37,LPT_flow_mod,7,0,-0.0380674017021144,-0.0320923648325711,1,1,2,2,2,2,0.120624856564052,0
ood_combo,DS02,15,37,LPC_eff_mod,8,0,0,-0,0,0,0,0,2,2,0.120624856564052,0
ood_combo,DS02,15,37,LPC_flow_mod,9,0,0,-0,0,0,0,0,2,2,0.120624856564052,0
ood_combo,DS02,15,38,HPT_eff_mod,1,0,-0.0680036648625015,-0.0576835556809365,1,1,2,2,2,2,0.238541639387414,0
ood_combo,DS02,15,38,fan_eff_mod,2,0,0,-0.00113671411151592,0,0,0,0,2,2,0.238541639387414,0
ood_combo,DS02,15,38,fan_flow_mod,3,0,0,-0,0,0,0,0,2,2,0.238541639387414,0
ood_combo,DS02,15,38,HPC_eff_mod,4,0,0,-0.0122923975270762,0,1,0,1,2,2,0.238541639387414,0
ood_combo,DS02,15,38,HPC_flow_mod,5,0,0,-0.000442171684655029,0,0,0,0,2,2,0.238541639387414,0
ood_combo,DS02,15,38,LPT_eff_mod,6,0,-0.0360031238255949,-0.034120160251828,1,1,2,2,2,2,0.238541639387414,0
ood_combo,DS02,15,38,LPT_flow_mod,7,0,-0.0402646350451759,-0.0320923648325711,1,1,2,2,2,2,0.238541639387414,0
ood_combo,DS02,15,38,LPC_eff_mod,8,0,0,-0,0,0,0,0,2,2,0.238541639387414,0
ood_combo,DS02,15,38,LPC_flow_mod,9,0,0,-0,0,0,0,0,2,2,0.238541639387414,0
ood_combo,DS02,15,39,HPT_eff_mod,1,0,-0.0667182410706335,-0.0576835556809365,1,1,2,2,2,2,0.0662822278692624,0
ood_combo,DS02,15,39,fan_eff_mod,2,0,0,-0.00113671411151592,0,0,0,0,2,2,0.0662822278692624,0
ood_combo,DS02,15,39,fan_flow_mod,3,0,0,-0,0,0,0,0,2,2,0.0662822278692624,0
ood_combo,DS02,15,39,HPC_eff_mod,4,0,0,-0.0122923975270762,0,1,0,1,2,2,0.0662822278692624,0
ood_combo,DS02,15,39,HPC_flow_mod,5,0,0,-0.000442171684655029,0,0,0,0,2,2,0.0662822278692624,0
ood_combo,DS02,15,39,LPT_eff_mod,6,0,-0.0413770728947149,-0.034120160251828,1,1,2,2,2,2,0.0662822278692624,0
ood_combo,DS02,15,39,LPT_flow_mod,7,0,-0.0437036889172782,-0.0432219626857611,1,1,2,2,2,2,0.0662822278692624,0
ood_combo,DS02,15,39,LPC_eff_mod,8,0,0,-0,0,0,0,0,2,2,0.0662822278692624,0
ood_combo,DS02,15,39,LPC_flow_mod,9,0,0,-0,0,0,0,0,2,2,0.0662822278692624,0
ood_combo,DS02,15,40,HPT_eff_mod,1,0,-0.0856852229259095,-0.0576835556809365,1,1,2,2,2,2,0.249314730073879,0
ood_combo,DS02,15,40,fan_eff_mod,2,0,0,-0.00113671411151592,0,0,0,0,2,2,0.249314730073879,0
ood_combo,DS02,15,40,fan_flow_mod,3,0,0,-0,0,0,0,0,2,2,0.249314730073879,0
ood_combo,DS02,15,40,HPC_eff_mod,4,0,0,-0.0122923975270762,0,1,0,1,2,2,0.249314730073879,0
ood_combo,DS02,15,40,HPC_flow_mod,5,0,0,-0.000442171684655029,0,0,0,0,2,2,0.249314730073879,0
ood_combo,DS02,15,40,LPT_eff_mod,6,0,-0.0413011753013588,-0.034120160251828,1,1,2,2,2,2,0.249314730073879,0
ood_combo,DS02,15,40,LPT_flow_mod,7,0,-0.0601988924725574,-0.0668812737029758,1,1,2,2,2,2,0.249314730073879,0
ood_combo,DS02,15,40,LPC_eff_mod,8,0,0,-0,0,0,0,0,2,2,0.249314730073879,0
ood_combo,DS02,15,40,LPC_flow_mod,9,0,0,-0,0,0,0,0,2,2,0.249314730073879,0
ood_combo,DS02,15,41,HPT_eff_mod,1,0,-0.0744429160566599,-0.0576835556809365,1,1,2,2,2,2,0.466310145225367,0
ood_combo,DS02,15,41,fan_eff_mod,2,0,0,-0.00113671411151592,0,0,0,0,2,2,0.466310145225367,0
ood_combo,DS02,15,41,fan_flow_mod,3,0,0,-0,0,0,0,0,2,2,0.466310145225367,0
ood_combo,DS02,15,41,HPC_eff_mod,4,0,0,-0.0122923975270762,0,1,0,1,2,2,0.466310145225367,0
ood_combo,DS02,15,41,HPC_flow_mod,5,0,0,-0.000442171684655029,0,0,0,0,2,2,0.466310145225367,0
ood_combo,DS02,15,41,LPT_eff_mod,6,0,-0.047182424487152,-0.034120160251828,1,1,2,2,2,2,0.466310145225367,0
ood_combo,DS02,15,41,LPT_flow_mod,7,0,-0.0548217164006488,-0.0668812737029758,1,1,2,2,2,2,0.466310145225367,0
ood_combo,DS02,15,41,LPC_eff_mod,8,0,0,-0,0,0,0,0,2,2,0.466310145225367,0
ood_combo,DS02,15,41,LPC_flow_mod,9,0,0,-0,0,0,0,0,2,2,0.466310145225367,0
ood_combo,DS02,15,42,HPT_eff_mod,1,0,-0.0834207100642076,-0.0576835556809365,1,1,2,2,2,2,0.07060988213838,0
ood_combo,DS02,15,42,fan_eff_mod,2,0,0,-0.00113671411151592,0,0,0,0,2,2,0.07060988213838,0
ood_combo,DS02,15,42,fan_flow_mod,3,0,0,-0,0,0,0,0,2,2,0.07060988213838,0
ood_combo,DS02,15,42,HPC_eff_mod,4,0,0,-0.0122923975270762,0,1,0,1,2,2,0.07060988213838,0
ood_combo,DS02,15,42,HPC_flow_mod,5,0,0,-0.000442171684655029,0,0,0,0,2,2,0.07060988213838,0
ood_combo,DS02,15,42,LPT_eff_mod,6,0,-0.0462173889206791,-0.0342615493875789,1,1,2,2,2,2,0.07060988213838,0
ood_combo,DS02,15,42,LPT_flow_mod,7,0,-0.0572674782502926,-0.0668812737029758,1,1,2,2,2,2,0.07060988213838,0
ood_combo,DS02,15,42,LPC_eff_mod,8,0,0,-0,0,0,0,0,2,2,0.07060988213838,0
ood_combo,DS02,15,42,LPC_flow_mod,9,0,0,-0,0,0,0,0,2,2,0.07060988213838,0
ood_combo,DS02,15,43,HPT_eff_mod,1,0,-0.102396294696953,-0.102777204114685,1,1,2,2,2,2,0.164622150138148,0
ood_combo,DS02,15,43,fan_eff_mod,2,0,0,-0.00113671411151592,0,0,0,0,2,2,0.164622150138148,0
ood_combo,DS02,15,43,fan_flow_mod,3,0,0,-0,0,0,0,0,2,2,0.164622150138148,0
ood_combo,DS02,15,43,HPC_eff_mod,4,0,0,-0.0122923975270762,0,1,0,1,2,2,0.164622150138148,0
ood_combo,DS02,15,43,HPC_flow_mod,5,0,0,-0.000442171684655029,0,0,0,0,2,2,0.164622150138148,0
ood_combo,DS02,15,43,LPT_eff_mod,6,0,-0.0565939970894632,-0.0458918502426061,1,1,2,2,2,2,0.164622150138148,0
ood_combo,DS02,15,43,LPT_flow_mod,7,0,-0.0731397017441519,-0.0668812737029758,1,1,2,2,2,2,0.164622150138148,0
ood_combo,DS02,15,43,LPC_eff_mod,8,0,0,-0,0,0,0,0,2,2,0.164622150138148,0
ood_combo,DS02,15,43,LPC_flow_mod,9,0,0,-0,0,0,0,0,2,2,0.164622150138148,0
ood_combo,DS02,15,44,HPT_eff_mod,1,0,-0.108888560359148,-0.102777204114685,1,1,2,2,2,2,0.16992399059931,0
ood_combo,DS02,15,44,fan_eff_mod,2,0,0,-0.00113671411151592,0,0,0,0,2,2,0.16992399059931,0
ood_combo,DS02,15,44,fan_flow_mod,3,0,0,-0,0,0,0,0,2,2,0.16992399059931,0
ood_combo,DS02,15,44,HPC_eff_mod,4,0,0,-0.0122923975270762,0,1,0,1,2,2,0.16992399059931,0
ood_combo,DS02,15,44,HPC_flow_mod,5,0,0,-0.000442171684655029,0,0,0,0,2,2,0.16992399059931,0
ood_combo,DS02,15,44,LPT_eff_mod,6,0,-0.0513733984695961,-0.0458918502426061,1,1,2,2,2,2,0.16992399059931,0
ood_combo,DS02,15,44,LPT_flow_mod,7,0,-0.0618756375252741,-0.0737197820828456,1,1,2,2,2,2,0.16992399059931,0
ood_combo,DS02,15,44,LPC_eff_mod,8,0,0,-0,0,0,0,0,2,2,0.16992399059931,0
ood_combo,DS02,15,44,LPC_flow_mod,9,0,0,-0,0,0,0,0,2,2,0.16992399059931,0
ood_combo,DS02,15,45,HPT_eff_mod,1,0,-0.110273157537116,-0.102777204114685,1,1,2,2,2,2,0.117439243868468,0
ood_combo,DS02,15,45,fan_eff_mod,2,0,0,-0.00113671411151592,0,0,0,0,2,2,0.117439243868468,0
ood_combo,DS02,15,45,fan_flow_mod,3,0,0,-0,0,0,0,0,2,2,0.117439243868468,0
ood_combo,DS02,15,45,HPC_eff_mod,4,0,0,-0.0122923975270762,0,1,0,1,2,2,0.117439243868468,0
ood_combo,DS02,15,45,HPC_flow_mod,5,0,0,-0.000442171684655029,0,0,0,0,2,2,0.117439243868468,0
ood_combo,DS02,15,45,LPT_eff_mod,6,0,-0.0623843042796721,-0.0458918502426061,1,1,2,2,2,2,0.117439243868468,0
ood_combo,DS02,15,45,LPT_flow_mod,7,0,-0.063098614729498,-0.0738051717284592,1,1,2,2,2,2,0.117439243868468,0
ood_combo,DS02,15,45,LPC_eff_mod,8,0,0,-0,0,0,0,0,2,2,0.117439243868468,0
ood_combo,DS02,15,45,LPC_flow_mod,9,0,0,-0,0,0,0,0,2,2,0.117439243868468,0
ood_combo,DS02,15,46,HPT_eff_mod,1,0,-0.122630790767993,-0.113082925278331,1,1,2,2,2,2,0.165149698190853,0
ood_combo,DS02,15,46,fan_eff_mod,2,0,0,-0.00113671411151592,0,0,0,0,2,2,0.165149698190853,0
ood_combo,DS02,15,46,fan_flow_mod,3,0,0,-0,0,0,0,0,2,2,0.165149698190853,0
ood_combo,DS02,15,46,HPC_eff_mod,4,0,0,-0.0130183970233331,0,1,0,1,2,2,0.165149698190853,0
ood_combo,DS02,15,46,HPC_flow_mod,5,0,0,-0.000442171684655029,0,0,0,0,2,2,0.165149698190853,0
ood_combo,DS02,15,46,LPT_eff_mod,6,0,-0.0682185200705289,-0.0606439035795086,1,1,2,2,2,2,0.165149698190853,0
ood_combo,DS02,15,46,LPT_flow_mod,7,0,-0.0801513313728096,-0.0738051717284592,1,1,2,2,2,2,0.165149698190853,0
ood_combo,DS02,15,46,LPC_eff_mod,8,0,0,-0,0,0,0,0,2,2,0.165149698190853,0
ood_combo,DS02,15,46,LPC_flow_mod,9,0,0,-0,0,0,0,0,2,2,0.165149698190853,0
ood_combo,DS02,15,47,HPT_eff_mod,1,0,-0.121111395926823,-0.113082925278331,1,1,2,2,2,2,0.164439599258606,0
ood_combo,DS02,15,47,fan_eff_mod,2,0,0,-0.00113671411151592,0,0,0,0,2,2,0.164439599258606,0
ood_combo,DS02,15,47,fan_flow_mod,3,0,0,-0,0,0,0,0,2,2,0.164439599258606,0
ood_combo,DS02,15,47,HPC_eff_mod,4,0,0,-0.0130183970233331,0,1,0,1,2,2,0.164439599258606,0
ood_combo,DS02,15,47,HPC_flow_mod,5,0,0,-0.000442171684655029,0,0,0,0,2,2,0.164439599258606,0
ood_combo,DS02,15,47,LPT_eff_mod,6,0,-0.0687637902328273,-0.0606439035795086,1,1,2,2,2,2,0.164439599258606,0
ood_combo,DS02,15,47,LPT_flow_mod,7,0,-0.0888110403663896,-0.0738051717284592,1,1,2,2,2,2,0.164439599258606,0
ood_combo,DS02,15,47,LPC_eff_mod,8,0,0,-0,0,0,0,0,2,2,0.164439599258606,0
ood_combo,DS02,15,47,LPC_flow_mod,9,0,0,-0,0,0,0,0,2,2,0.164439599258606,0
ood_combo,DS02,15,48,HPT_eff_mod,1,0,-0.132360524326733,-0.135391829194644,1,1,2,2,2,2,0.142009494878665,0
ood_combo,DS02,15,48,fan_eff_mod,2,0,0,-0.00113671411151592,0,0,0,0,2,2,0.142009494878665,0
ood_combo,DS02,15,48,fan_flow_mod,3,0,0,-0,0,0,0,0,2,2,0.142009494878665,0
ood_combo,DS02,15,48,HPC_eff_mod,4,0,0,-0.0130183970233331,0,1,0,1,2,2,0.142009494878665,0
ood_combo,DS02,15,48,HPC_flow_mod,5,0,0,-0.000442171684655029,0,0,0,0,2,2,0.142009494878665,0
ood_combo,DS02,15,48,LPT_eff_mod,6,0,-0.0799874021196301,-0.068730842533169,1,1,2,2,2,2,0.142009494878665,0
ood_combo,DS02,15,48,LPT_flow_mod,7,0,-0.0906840359488699,-0.0738051717284592,1,1,2,2,2,2,0.142009494878665,0
ood_combo,DS02,15,48,LPC_eff_mod,8,0,0,-0,0,0,0,0,2,2,0.142009494878665,0
ood_combo,DS02,15,48,LPC_flow_mod,9,0,0,-0,0,0,0,0,2,2,0.142009494878665,0
ood_combo,DS02,15,49,HPT_eff_mod,1,0,-0.143528260729186,-0.135391829194644,1,1,2,2,2,2,0.10671929300536,0
ood_combo,DS02,15,49,fan_eff_mod,2,0,0,-0.00113671411151592,0,0,0,0,2,2,0.10671929300536,0
ood_combo,DS02,15,49,fan_flow_mod,3,0,0,-0,0,0,0,0,2,2,0.10671929300536,0
ood_combo,DS02,15,49,HPC_eff_mod,4,0,0,-0.0130183970233331,0,1,0,1,2,2,0.10671929300536,0
ood_combo,DS02,15,49,HPC_flow_mod,5,0,0,-0.000442171684655029,0,0,0,0,2,2,0.10671929300536,0
ood_combo,DS02,15,49,LPT_eff_mod,6,0,-0.0791312507612044,-0.068730842533169,1,1,2,2,2,2,0.10671929300536,0
ood_combo,DS02,15,49,LPT_flow_mod,7,0,-0.0882543758919539,-0.0883434990523872,1,1,2,2,2,2,0.10671929300536,0
ood_combo,DS02,15,49,LPC_eff_mod,8,0,0,-0,0,0,0,0,2,2,0.10671929300536,0
ood_combo,DS02,15,49,LPC_flow_mod,9,0,0,-0,0,0,0,0,2,2,0.10671929300536,0
ood_combo,DS02,15,50,HPT_eff_mod,1,0,-0.159184121746407,-0.139922741956151,1,1,2,2,2,2,0.234168325972731,0
ood_combo,DS02,15,50,fan_eff_mod,2,0,0,-0.00113671411151592,0,0,0,0,2,2,0.234168325972731,0
ood_combo,DS02,15,50,fan_flow_mod,3,0,0,-0,0,0,0,0,2,2,0.234168325972731,0
ood_combo,DS02,15,50,HPC_eff_mod,4,0,0,-0.0130183970233331,0,1,0,1,2,2,0.234168325972731,0
ood_combo,DS02,15,50,HPC_flow_mod,5,0,0,-0.000442171684655029,0,0,0,0,2,2,0.234168325972731,0
ood_combo,DS02,15,50,LPT_eff_mod,6,0,-0.0886011736386863,-0.068730842533169,1,1,2,2,2,2,0.234168325972731,0
ood_combo,DS02,15,50,LPT_flow_mod,7,0,-0.114240516991087,-0.120251511173859,1,1,2,2,2,2,0.234168325972731,0
ood_combo,DS02,15,50,LPC_eff_mod,8,0,0,-0,0,0,0,0,2,2,0.234168325972731,0
ood_combo,DS02,15,50,LPC_flow_mod,9,0,0,-0,0,0,0,0,2,2,0.234168325972731,0
ood_combo,DS02,15,51,HPT_eff_mod,1,0,-0.180153230358218,-0.158538306939638,1,1,2,2,2,2,0.10461149859881,0
ood_combo,DS02,15,51,fan_eff_mod,2,0,0,-0.00113671411151592,0,0,0,0,2,2,0.10461149859881,0
ood_combo,DS02,15,51,fan_flow_mod,3,0,0,-0,0,0,0,0,2,2,0.10461149859881,0
ood_combo,DS02,15,51,HPC_eff_mod,4,0,0,-0.0130183970233331,0,1,0,1,2,2,0.10461149859881,0
ood_combo,DS02,15,51,HPC_flow_mod,5,0,0,-0.000442171684655029,0,0,0,0,2,2,0.10461149859881,0
ood_combo,DS02,15,51,LPT_eff_mod,6,0,-0.0924179962896955,-0.0768568795333102,1,1,2,2,2,2,0.10461149859881,0
ood_combo,DS02,15,51,LPT_flow_mod,7,0,-0.124154672896512,-0.120251511173859,1,1,2,2,2,2,0.10461149859881,0
ood_combo,DS02,15,51,LPC_eff_mod,8,0,0,-0,0,0,0,0,2,2,0.10461149859881,0
ood_combo,DS02,15,51,LPC_flow_mod,9,0,0,-0,0,0,0,0,2,2,0.10461149859881,0
ood_combo,DS02,15,52,HPT_eff_mod,1,0,-0.186637027442039,-0.158538306939638,1,1,2,2,2,2,0.209200437021621,0
ood_combo,DS02,15,52,fan_eff_mod,2,0,0,-0.00113671411151592,0,0,0,0,2,2,0.209200437021621,0
ood_combo,DS02,15,52,fan_flow_mod,3,0,0,-0,0,0,0,0,2,2,0.209200437021621,0
ood_combo,DS02,15,52,HPC_eff_mod,4,0,0,-0.0130183970233331,0,1,0,1,2,2,0.209200437021621,0
ood_combo,DS02,15,52,HPC_flow_mod,5,0,0,-0.000442171684655029,0,0,0,0,2,2,0.209200437021621,0
ood_combo,DS02,15,52,LPT_eff_mod,6,0,-0.101783667602723,-0.0954667270431133,1,1,2,2,2,2,0.209200437021621,0
ood_combo,DS02,15,52,LPT_flow_mod,7,0,-0.116941321434133,-0.120251511173859,1,1,2,2,2,2,0.209200437021621,0
ood_combo,DS02,15,52,LPC_eff_mod,8,0,0,-0,0,0,0,0,2,2,0.209200437021621,0
ood_combo,DS02,15,52,LPC_flow_mod,9,0,0,-0,0,0,0,0,2,2,0.209200437021621,0
ood_combo,DS02,15,53,HPT_eff_mod,1,0,-0.201391718803892,-0.189257196162743,1,1,2,2,2,2,0.125049808388821,0
ood_combo,DS02,15,53,fan_eff_mod,2,0,0,-0.00113671411151592,0,0,0,0,2,2,0.125049808388821,0
ood_combo,DS02,15,53,fan_flow_mod,3,0,0,-0,0,0,0,0,2,2,0.125049808388821,0
ood_combo,DS02,15,53,HPC_eff_mod,4,0,0,-0.0130183970233331,0,1,0,1,2,2,0.125049808388821,0
ood_combo,DS02,15,53,HPC_flow_mod,5,0,0,-0.000442171684655029,0,0,0,0,2,2,0.125049808388821,0
ood_combo,DS02,15,53,LPT_eff_mod,6,0,-0.111863206873954,-0.0967410791874644,1,1,2,2,2,2,0.125049808388821,0
ood_combo,DS02,15,53,LPT_flow_mod,7,0,-0.129377336018228,-0.125703018160349,1,1,2,2,2,2,0.125049808388821,0
ood_combo,DS02,15,53,LPC_eff_mod,8,0,0,-0,0,0,0,0,2,2,0.125049808388821,0
ood_combo,DS02,15,53,LPC_flow_mod,9,0,0,-0,0,0,0,0,2,2,0.125049808388821,0
ood_combo,DS02,15,54,HPT_eff_mod,1,0,-0.220670241026306,-0.203646329714496,1,1,3,2,3,2,0.267814626236628,0
ood_combo,DS02,15,54,fan_eff_mod,2,0,0,-0.00113671411151592,0,0,0,0,3,2,0.267814626236628,0
ood_combo,DS02,15,54,fan_flow_mod,3,0,0,-0,0,0,0,0,3,2,0.267814626236628,0
ood_combo,DS02,15,54,HPC_eff_mod,4,0,0,-0.0130183970233331,0,1,0,1,3,2,0.267814626236628,0
ood_combo,DS02,15,54,HPC_flow_mod,5,0,0,-0.000442171684655029,0,0,0,0,3,2,0.267814626236628,0
ood_combo,DS02,15,54,LPT_eff_mod,6,0,-0.117724203753064,-0.107948535482355,1,1,2,2,3,2,0.267814626236628,0
ood_combo,DS02,15,54,LPT_flow_mod,7,0,-0.139452239913643,-0.130795571816524,1,1,2,2,3,2,0.267814626236628,0
ood_combo,DS02,15,54,LPC_eff_mod,8,0,0,-0,0,0,0,0,3,2,0.267814626236628,0
ood_combo,DS02,15,54,LPC_flow_mod,9,0,0,-0,0,0,0,0,3,2,0.267814626236628,0
ood_combo,DS02,15,55,HPT_eff_mod,1,0,-0.225249368899309,-0.204759921624521,1,1,3,2,3,2,0.193149640045748,0
ood_combo,DS02,15,55,fan_eff_mod,2,0,0,-0.00113671411151592,0,0,0,0,3,2,0.193149640045748,0
ood_combo,DS02,15,55,fan_flow_mod,3,0,0,-0,0,0,0,0,3,2,0.193149640045748,0
ood_combo,DS02,15,55,HPC_eff_mod,4,0,0,-0.0130183970233331,0,1,0,1,3,2,0.193149640045748,0
ood_combo,DS02,15,55,HPC_flow_mod,5,0,0,-0.000442171684655029,0,0,0,0,3,2,0.193149640045748,0
ood_combo,DS02,15,55,LPT_eff_mod,6,0,-0.131096628288764,-0.107948535482355,1,1,2,2,3,2,0.193149640045748,0
ood_combo,DS02,15,55,LPT_flow_mod,7,0,-0.143534294690569,-0.139667964318304,1,1,2,2,3,2,0.193149640045748,0
ood_combo,DS02,15,55,LPC_eff_mod,8,0,0,-0,0,0,0,0,3,2,0.193149640045748,0
ood_combo,DS02,15,55,LPC_flow_mod,9,0,0,-0,0,0,0,0,3,2,0.193149640045748,0
ood_combo,DS02,15,56,HPT_eff_mod,1,0,-0.249463337323734,-0.231400030270179,1,1,3,3,3,3,0.310343796879193,0
ood_combo,DS02,15,56,fan_eff_mod,2,0,0,-0.00113671411151592,0,0,0,0,3,3,0.310343796879193,0
ood_combo,DS02,15,56,fan_flow_mod,3,0,0,-0,0,0,0,0,3,3,0.310343796879193,0
ood_combo,DS02,15,56,HPC_eff_mod,4,0,0,-0.0179285334221099,0,1,0,1,3,3,0.310343796879193,0
ood_combo,DS02,15,56,HPC_flow_mod,5,0,0,-0.000442171684655029,0,0,0,0,3,3,0.310343796879193,0
ood_combo,DS02,15,56,LPT_eff_mod,6,0,-0.133276655841725,-0.134031318714737,1,1,2,2,3,3,0.310343796879193,0
ood_combo,DS02,15,56,LPT_flow_mod,7,0,-0.168821324966323,-0.152563608925628,1,1,2,2,3,3,0.310343796879193,0
ood_combo,DS02,15,56,LPC_eff_mod,8,0,0,-0,0,0,0,0,3,3,0.310343796879193,0
ood_combo,DS02,15,56,LPC_flow_mod,9,0,0,-0,0,0,0,0,3,3,0.310343796879193,0
ood_combo,DS02,15,57,HPT_eff_mod,1,0,-0.260069805313046,-0.238915829759526,1,1,3,3,3,3,0.319222025255944,0
ood_combo,DS02,15,57,fan_eff_mod,2,0,0,-0.00113671411151592,0,0,0,0,3,3,0.319222025255944,0
ood_combo,DS02,15,57,fan_flow_mod,3,0,0,-0,0,0,0,0,3,3,0.319222025255944,0
ood_combo,DS02,15,57,HPC_eff_mod,4,0,0,-0.0181246225465891,0,1,0,1,3,3,0.319222025255944,0
ood_combo,DS02,15,57,HPC_flow_mod,5,0,0,-0.00131485233523357,0,0,0,0,3,3,0.319222025255944,0
ood_combo,DS02,15,57,LPT_eff_mod,6,0,-0.148780003910977,-0.152346850574291,1,1,2,2,3,3,0.319222025255944,0
ood_combo,DS02,15,57,LPT_flow_mod,7,0,-0.160540019360919,-0.152563608925628,1,1,2,2,3,3,0.319222025255944,0
ood_combo,DS02,15,57,LPC_eff_mod,8,0,0,-0,0,0,0,0,3,3,0.319222025255944,0
ood_combo,DS02,15,57,LPC_flow_mod,9,0,0,-0,0,0,0,0,3,3,0.319222025255944,0
ood_combo,DS02,15,58,HPT_eff_mod,1,0,-0.279122833545675,-0.238979124605185,1,1,3,3,3,3,0.230831788980429,0
ood_combo,DS02,15,58,fan_eff_mod,2,0,0,-0.00113671411151592,0,0,0,0,3,3,0.230831788980429,0
ood_combo,DS02,15,58,fan_flow_mod,3,0,0,-0,0,0,0,0,3,3,0.230831788980429,0
ood_combo,DS02,15,58,HPC_eff_mod,4,0,0,-0.0216613642622951,0,1,0,1,3,3,0.230831788980429,0
ood_combo,DS02,15,58,HPC_flow_mod,5,0,0,-0.00131485233523357,0,0,0,0,3,3,0.230831788980429,0
ood_combo,DS02,15,58,LPT_eff_mod,6,0,-0.162171574881276,-0.152346850574291,1,1,2,2,3,3,0.230831788980429,0
ood_combo,DS02,15,58,LPT_flow_mod,7,0,-0.176127589522394,-0.165098485185901,1,1,2,2,3,3,0.230831788980429,0
ood_combo,DS02,15,58,LPC_eff_mod,8,0,0,-0,0,0,0,0,3,3,0.230831788980429,0
ood_combo,DS02,15,58,LPC_flow_mod,9,0,0,-0,0,0,0,0,3,3,0.230831788980429,0
ood_combo,DS02,15,59,HPT_eff_mod,1,0,-0.306671711239249,-0.299215956181079,1,1,3,3,3,3,0.18662247672175,0
ood_combo,DS02,15,59,fan_eff_mod,2,0,0,-0.00113671411151592,0,0,0,0,3,3,0.18662247672175,0
ood_combo,DS02,15,59,fan_flow_mod,3,0,0,-0,0,0,0,0,3,3,0.18662247672175,0
ood_combo,DS02,15,59,HPC_eff_mod,4,0,0,-0.0216613642622951,0,1,0,1,3,3,0.18662247672175,0
ood_combo,DS02,15,59,HPC_flow_mod,5,0,0,-0.00131485233523357,0,0,0,0,3,3,0.18662247672175,0
ood_combo,DS02,15,59,LPT_eff_mod,6,0,-0.17275529191654,-0.166043217774529,1,1,2,2,3,3,0.18662247672175,0
ood_combo,DS02,15,59,LPT_flow_mod,7,0,-0.194788616298012,-0.177115349964024,1,1,2,2,3,3,0.18662247672175,0
ood_combo,DS02,15,59,LPC_eff_mod,8,0,0,-0,0,0,0,0,3,3,0.18662247672175,0
ood_combo,DS02,15,59,LPC_flow_mod,9,0,0,-0,0,0,0,0,3,3,0.18662247672175,0
ood_combo,DS02,15,60,HPT_eff_mod,1,0,-0.330189758948735,-0.299215956181079,1,1,3,3,3,3,0.168317526890845,0
ood_combo,DS02,15,60,fan_eff_mod,2,0,0,-0.00113671411151592,0,0,0,0,3,3,0.168317526890845,0
ood_combo,DS02,15,60,fan_flow_mod,3,0,0,-0,0,0,0,0,3,3,0.168317526890845,0
ood_combo,DS02,15,60,HPC_eff_mod,4,0,0,-0.0216613642622951,0,1,0,1,3,3,0.168317526890845,0
ood_combo,DS02,15,60,HPC_flow_mod,5,0,0,-0.00131485233523357,0,0,0,0,3,3,0.168317526890845,0
ood_combo,DS02,15,60,LPT_eff_mod,6,0,-0.179930529081992,-0.166043217774529,1,1,2,2,3,3,0.168317526890845,0
ood_combo,DS02,15,60,LPT_flow_mod,7,0,-0.202378818738924,-0.206772412190812,1,1,2,3,3,3,0.168317526890845,0
ood_combo,DS02,15,60,LPC_eff_mod,8,0,0,-0,0,0,0,0,3,3,0.168317526890845,0
ood_combo,DS02,15,60,LPC_flow_mod,9,0,0,-0,0,0,0,0,3,3,0.168317526890845,0
ood_combo,DS02,15,61,HPT_eff_mod,1,0,-0.363478228129932,-0.348294674497146,1,1,3,3,3,3,0.26984553616748,0
ood_combo,DS02,15,61,fan_eff_mod,2,0,0,-0.00113671411151592,0,0,0,0,3,3,0.26984553616748,0
ood_combo,DS02,15,61,fan_flow_mod,3,0,0,-0,0,0,0,0,3,3,0.26984553616748,0
ood_combo,DS02,15,61,HPC_eff_mod,4,0,0,-0.0216613642622951,0,1,0,1,3,3,0.26984553616748,0
ood_combo,DS02,15,61,HPC_flow_mod,5,0,0,-0.00131485233523357,0,0,0,0,3,3,0.26984553616748,0
ood_combo,DS02,15,61,LPT_eff_mod,6,0,-0.196797683834351,-0.201401891418369,1,1,2,2,3,3,0.26984553616748,0
ood_combo,DS02,15,61,LPT_flow_mod,7,0,-0.209436379022725,-0.214860005045288,1,1,3,3,3,3,0.26984553616748,0
ood_combo,DS02,15,61,LPC_eff_mod,8,0,0,-0,0,0,0,0,3,3,0.26984553616748,0
ood_combo,DS02,15,61,LPC_flow_mod,9,0,0,-0,0,0,0,0,3,3,0.26984553616748,0
ood_combo,DS02,15,62,HPT_eff_mod,1,0,-0.37921539067527,-0.348294674497146,1,1,3,3,3,3,0.298553927572523,0
ood_combo,DS02,15,62,fan_eff_mod,2,0,0,-0.00113671411151592,0,0,0,0,3,3,0.298553927572523,0
ood_combo,DS02,15,62,fan_flow_mod,3,0,0,-0,0,0,0,0,3,3,0.298553927572523,0
ood_combo,DS02,15,62,HPC_eff_mod,4,0,0,-0.0216613642622951,0,1,0,1,3,3,0.298553927572523,0
ood_combo,DS02,15,62,HPC_flow_mod,5,0,0,-0.00131485233523357,0,0,0,0,3,3,0.298553927572523,0
ood_combo,DS02,15,62,LPT_eff_mod,6,0,-0.207277283520703,-0.207081326000374,1,1,3,3,3,3,0.298553927572523,0
ood_combo,DS02,15,62,LPT_flow_mod,7,0,-0.212063170079107,-0.214860005045288,1,1,3,3,3,3,0.298553927572523,0
ood_combo,DS02,15,62,LPC_eff_mod,8,0,0,-0,0,0,0,0,3,3,0.298553927572523,0
ood_combo,DS02,15,62,LPC_flow_mod,9,0,0,-0.000232835518162039,0,0,0,0,3,3,0.298553927572523,0
ood_combo,DS02,15,63,HPT_eff_mod,1,0,-0.408637697385644,-0.348294674497146,1,1,3,3,3,3,0.290735114904508,0
ood_combo,DS02,15,63,fan_eff_mod,2,0,0,-0.00113671411151592,0,0,0,0,3,3,0.290735114904508,0
ood_combo,DS02,15,63,fan_flow_mod,3,0,0,-0,0,0,0,0,3,3,0.290735114904508,0
ood_combo,DS02,15,63,HPC_eff_mod,4,0,0,-0.0216613642622951,0,1,0,1,3,3,0.290735114904508,0
ood_combo,DS02,15,63,HPC_flow_mod,5,0,0,-0.00131485233523357,0,0,0,0,3,3,0.290735114904508,0
ood_combo,DS02,15,63,LPT_eff_mod,6,0,-0.227736759174216,-0.207081326000374,1,1,3,3,3,3,0.290735114904508,0
ood_combo,DS02,15,63,LPT_flow_mod,7,0,-0.244654293234916,-0.248900325007372,1,1,3,3,3,3,0.290735114904508,0
ood_combo,DS02,15,63,LPC_eff_mod,8,0,0,-0,0,0,0,0,3,3,0.290735114904508,0
ood_combo,DS02,15,63,LPC_flow_mod,9,0,0,-0.000232835518162039,0,0,0,0,3,3,0.290735114904508,0
ood_combo,DS02,15,64,HPT_eff_mod,1,0,-0.442942462790818,-0.404038070279654,1,1,3,3,3,3,0.255218968258969,0
ood_combo,DS02,15,64,fan_eff_mod,2,0,0,-0.00172031439797542,0,0,0,0,3,3,0.255218968258969,0
ood_combo,DS02,15,64,fan_flow_mod,3,0,0,-0,0,0,0,0,3,3,0.255218968258969,0
ood_combo,DS02,15,64,HPC_eff_mod,4,0,0,-0.0216613642622951,0,1,0,1,3,3,0.255218968258969,0
ood_combo,DS02,15,64,HPC_flow_mod,5,0,0,-0.00131485233523357,0,0,0,0,3,3,0.255218968258969,0
ood_combo,DS02,15,64,LPT_eff_mod,6,0,-0.246081894444997,-0.224746798217953,1,1,3,3,3,3,0.255218968258969,0
ood_combo,DS02,15,64,LPT_flow_mod,7,0,-0.253304064493808,-0.260184533208269,1,1,3,3,3,3,0.255218968258969,0
ood_combo,DS02,15,64,LPC_eff_mod,8,0,0,-0,0,0,0,0,3,3,0.255218968258969,0
ood_combo,DS02,15,64,LPC_flow_mod,9,0,0,-0.00118964428713593,0,0,0,0,3,3,0.255218968258969,0
ood_combo,DS02,15,65,HPT_eff_mod,1,0,-0.466017258714758,-0.443261261095601,1,1,3,3,3,3,0.295325808013485,0
ood_combo,DS02,15,65,fan_eff_mod,2,0,0,-0.00292925516753831,0,0,0,0,3,3,0.295325808013485,0
ood_combo,DS02,15,65,fan_flow_mod,3,0,0,-0,0,0,0,0,3,3,0.295325808013485,0
ood_combo,DS02,15,65,HPC_eff_mod,4,0,0,-0.0216613642622951,0,1,0,1,3,3,0.295325808013485,0
ood_combo,DS02,15,65,HPC_flow_mod,5,0,0,-0.00131485233523357,0,0,0,0,3,3,0.295325808013485,0
ood_combo,DS02,15,65,LPT_eff_mod,6,0,-0.258311467228099,-0.228746838966207,1,1,3,3,3,3,0.295325808013485,0
ood_combo,DS02,15,65,LPT_flow_mod,7,0,-0.273903847111142,-0.284244110457208,1,1,3,3,3,3,0.295325808013485,0
ood_combo,DS02,15,65,LPC_eff_mod,8,0,0,-0,0,0,0,0,3,3,0.295325808013485,0
ood_combo,DS02,15,65,LPC_flow_mod,9,0,0,-0.00118964428713593,0,0,0,0,3,3,0.295325808013485,0
ood_combo,DS02,15,66,HPT_eff_mod,1,0,-0.513102154800182,-0.48436422454819,1,1,3,3,3,3,0.274899714058336,0
ood_combo,DS02,15,66,fan_eff_mod,2,0,0,-0.00292925516753831,0,0,0,0,3,3,0.274899714058336,0
ood_combo,DS02,15,66,fan_flow_mod,3,0,0,-0,0,0,0,0,3,3,0.274899714058336,0
ood_combo,DS02,15,66,HPC_eff_mod,4,0,0,-0.0384769378420421,0,1,0,2,3,3,0.274899714058336,0
ood_combo,DS02,15,66,HPC_flow_mod,5,0,0,-0.00652410864714731,0,0,0,0,3,3,0.274899714058336,0
ood_combo,DS02,15,66,LPT_eff_mod,6,0,-0.282284303116589,-0.28007602020493,1,1,3,3,3,3,0.274899714058336,0
ood_combo,DS02,15,66,LPT_flow_mod,7,0,-0.286299969686178,-0.311053207550214,1,1,3,3,3,3,0.274899714058336,0
ood_combo,DS02,15,66,LPC_eff_mod,8,0,0,-0,0,0,0,0,3,3,0.274899714058336,0
ood_combo,DS02,15,66,LPC_flow_mod,9,0,0,-0.00118964428713593,0,0,0,0,3,3,0.274899714058336,0
ood_combo,DS02,15,67,HPT_eff_mod,1,0,-0.542179203589859,-0.4925742958749,1,1,3,3,3,3,0.292854284914075,0
ood_combo,DS02,15,67,fan_eff_mod,2,0,0,-0.00292925516753831,0,0,0,0,3,3,0.292854284914075,0
ood_combo,DS02,15,67,fan_flow_mod,3,0,0,-0,0,0,0,0,3,3,0.292854284914075,0
ood_combo,DS02,15,67,HPC_eff_mod,4,0,0,-0.0480942187319354,0,1,0,2,3,3,0.292854284914075,0
ood_combo,DS02,15,67,HPC_flow_mod,5,0,0,-0.00652410864714731,0,0,0,0,3,3,0.292854284914075,0
ood_combo,DS02,15,67,LPT_eff_mod,6,0,-0.302228826915884,-0.295307687839788,1,1,3,3,3,3,0.292854284914075,0
ood_combo,DS02,15,67,LPT_flow_mod,7,0,-0.31294890812343,-0.314987025720303,1,1,3,3,3,3,0.292854284914075,0
ood_combo,DS02,15,67,LPC_eff_mod,8,0,0,-0,0,0,0,0,3,3,0.292854284914075,0
ood_combo,DS02,15,67,LPC_flow_mod,9,0,0,-0.00118964428713593,0,0,0,0,3,3,0.292854284914075,0
ood_combo,DS03,10,1,HPT_eff_mod,1,1,-0.00809942791078644,-0,0,0,0,0,0,0,0.107025797275032,0
ood_combo,DS03,10,1,fan_eff_mod,2,1,0,-0,0,0,0,0,0,0,0.107025797275032,0
ood_combo,DS03,10,1,fan_flow_mod,3,1,0,-0,0,0,0,0,0,0,0.107025797275032,0
ood_combo,DS03,10,1,HPC_eff_mod,4,1,0,-0.000124844887677741,0,0,0,0,0,0,0.107025797275032,0
ood_combo,DS03,10,1,HPC_flow_mod,5,1,0,-0,0,0,0,0,0,0,0.107025797275032,0
ood_combo,DS03,10,1,LPT_eff_mod,6,1,-0.000666057654510968,-0,0,0,0,0,0,0,0.107025797275032,0
ood_combo,DS03,10,1,LPT_flow_mod,7,1,0.00051765644504034,-0,0,0,0,0,0,0,0.107025797275032,0
ood_combo,DS03,10,1,LPC_eff_mod,8,1,0,-0,0,0,0,0,0,0,0.107025797275032,0
ood_combo,DS03,10,1,LPC_flow_mod,9,1,0,-0,0,0,0,0,0,0,0.107025797275032,0
ood_combo,DS03,10,2,HPT_eff_mod,1,1,0.009038505051144,-0,0,0,0,0,0,0,0.188072168540264,0
ood_combo,DS03,10,2,fan_eff_mod,2,1,0,-0,0,0,0,0,0,0,0.188072168540264,0
ood_combo,DS03,10,2,fan_flow_mod,3,1,0,-0,0,0,0,0,0,0,0.188072168540264,0
ood_combo,DS03,10,2,HPC_eff_mod,4,1,0,-0.000124844887677741,0,0,0,0,0,0,0.188072168540264,0
ood_combo,DS03,10,2,HPC_flow_mod,5,1,0,-0,0,0,0,0,0,0,0.188072168540264,0
ood_combo,DS03,10,2,LPT_eff_mod,6,1,-2.08117885456779e-05,-0,0,0,0,0,0,0,0.188072168540264,0
ood_combo,DS03,10,2,LPT_flow_mod,7,1,-0.00279831030190964,-0,0,0,0,0,0,0,0.188072168540264,0
ood_combo,DS03,10,2,LPC_eff_mod,8,1,0,-0,0,0,0,0,0,0,0.188072168540264,0
ood_combo,DS03,10,2,LPC_flow_mod,9,1,0,-0,0,0,0,0,0,0,0.188072168540264,0
ood_combo,DS03,10,3,HPT_eff_mod,1,1,-0.00093907714035779,-0,0,0,0,0,0,0,0.0887613284854274,0
ood_combo,DS03,10,3,fan_eff_mod,2,1,0,-0,0,0,0,0,0,0,0.0887613284854274,0
ood_combo,DS03,10,3,fan_flow_mod,3,1,0,-0.000484311079326679,0,0,0,0,0,0,0.0887613284854274,0
ood_combo,DS03,10,3,HPC_eff_mod,4,1,0,-0.000124844887677741,0,0,0,0,0,0,0.0887613284854274,0
ood_combo,DS03,10,3,HPC_flow_mod,5,1,0,-0,0,0,0,0,0,0,0.0887613284854274,0
ood_combo,DS03,10,3,LPT_eff_mod,6,1,0.000686869443056599,-0,0,0,0,0,0,0,0.0887613284854274,0
ood_combo,DS03,10,3,LPT_flow_mod,7,1,0.00228065385686795,-0.00160908192638386,0,0,0,0,0,0,0.0887613284854274,0
ood_combo,DS03,10,3,LPC_eff_mod,8,1,0,-0,0,0,0,0,0,0,0.0887613284854274,0
ood_combo,DS03,10,3,LPC_flow_mod,9,1,0,-0,0,0,0,0,0,0,0.0887613284854274,0
ood_combo,DS03,10,4,HPT_eff_mod,1,1,0.00791242623016339,-0,0,0,0,0,0,0,0.0804385391106421,0
ood_combo,DS03,10,4,fan_eff_mod,2,1,0,-0,0,0,0,0,0,0,0.0804385391106421,0
ood_combo,DS03,10,4,fan_flow_mod,3,1,0,-0.000484311079326679,0,0,0,0,0,0,0.0804385391106421,0
ood_combo,DS03,10,4,HPC_eff_mod,4,1,0,-0.000124844887677741,0,0,0,0,0,0,0.0804385391106421,0
ood_combo,DS03,10,4,HPC_flow_mod,5,1,0,-0,0,0,0,0,0,0,0.0804385391106421,0
ood_combo,DS03,10,4,LPT_eff_mod,6,1,-0.00303238748252892,-0,0,0,0,0,0,0,0.0804385391106421,0
ood_combo,DS03,10,4,LPT_flow_mod,7,1,-0.00964210224577827,-0.00160908192638386,0,0,0,0,0,0,0.0804385391106421,0
ood_combo,DS03,10,4,LPC_eff_mod,8,1,0,-0,0,0,0,0,0,0,0.0804385391106421,0
ood_combo,DS03,10,4,LPC_flow_mod,9,1,0,-0,0,0,0,0,0,0,0.0804385391106421,0
ood_combo,DS03,10,5,HPT_eff_mod,1,1,0.0052098485260684,-0,0,0,0,0,0,0,0.158987388790952,0
ood_combo,DS03,10,5,fan_eff_mod,2,1,0,-0,0,0,0,0,0,0,0.158987388790952,0
ood_combo,DS03,10,5,fan_flow_mod,3,1,0,-0.00128697216383167,0,0,0,0,0,0,0.158987388790952,0
ood_combo,DS03,10,5,HPC_eff_mod,4,1,0,-0.000124844887677741,0,0,0,0,0,0,0.158987388790952,0
ood_combo,DS03,10,5,HPC_flow_mod,5,1,0,-0,0,0,0,0,0,0,0.158987388790952,0
ood_combo,DS03,10,5,LPT_eff_mod,6,1,-0.0050211185279258,-0,0,0,0,0,0,0,0.158987388790952,0
ood_combo,DS03,10,5,LPT_flow_mod,7,1,-0.0056327801941732,-0.00160908192638386,0,0,0,0,0,0,0.158987388790952,0
ood_combo,DS03,10,5,LPC_eff_mod,8,1,0,-0,0,0,0,0,0,0,0.158987388790952,0
ood_combo,DS03,10,5,LPC_flow_mod,9,1,0,-0,0,0,0,0,0,0,0.158987388790952,0
ood_combo,DS03,10,6,HPT_eff_mod,1,1,-0.0122106448933769,-0.00935202590106844,0,0,0,0,0,0,0.136077862014361,0
ood_combo,DS03,10,6,fan_eff_mod,2,1,0,-0,0,0,0,0,0,0,0.136077862014361,0
ood_combo,DS03,10,6,fan_flow_mod,3,1,0,-0.00128697216383167,0,0,0,0,0,0,0.136077862014361,0
ood_combo,DS03,10,6,HPC_eff_mod,4,1,0,-0.000124844887677741,0,0,0,0,0,0,0.136077862014361,0
ood_combo,DS03,10,6,HPC_flow_mod,5,1,0,-0,0,0,0,0,0,0,0.136077862014361,0
ood_combo,DS03,10,6,LPT_eff_mod,6,1,-0.00271861091910225,-0,0,0,0,0,0,0,0.136077862014361,0
ood_combo,DS03,10,6,LPT_flow_mod,7,1,-0.00501227534160058,-0.0035101353366884,0,0,0,0,0,0,0.136077862014361,0
ood_combo,DS03,10,6,LPC_eff_mod,8,1,0,-0,0,0,0,0,0,0,0.136077862014361,0
ood_combo,DS03,10,6,LPC_flow_mod,9,1,0,-0,0,0,0,0,0,0,0.136077862014361,0
ood_combo,DS03,10,7,HPT_eff_mod,1,1,-0.0129589136461895,-0.00935202590106844,0,0,0,0,0,0,0.124817828743401,0
ood_combo,DS03,10,7,fan_eff_mod,2,1,0,-0,0,0,0,0,0,0,0.124817828743401,0
ood_combo,DS03,10,7,fan_flow_mod,3,1,0,-0.00128697216383167,0,0,0,0,0,0,0.124817828743401,0
ood_combo,DS03,10,7,HPC_eff_mod,4,1,0,-0.000124844887677741,0,0,0,0,0,0,0.124817828743401,0
ood_combo,DS03,10,7,HPC_flow_mod,5,1,0,-0,0,0,0,0,0,0,0.124817828743401,0
ood_combo,DS03,10,7,LPT_eff_mod,6,1,-0.000378836860502588,-0,0,0,0,0,0,0,0.124817828743401,0
ood_combo,DS03,10,7,LPT_flow_mod,7,1,-0.00464679760086457,-0.0035101353366884,0,0,0,0,0,0,0.124817828743401,0
ood_combo,DS03,10,7,LPC_eff_mod,8,1,0,-0,0,0,0,0,0,0,0.124817828743401,0
ood_combo,DS03,10,7,LPC_flow_mod,9,1,0,-0,0,0,0,0,0,0,0.124817828743401,0
ood_combo,DS03,10,8,HPT_eff_mod,1,1,-0.0120795949072815,-0.00935202590106844,0,0,0,0,0,0,0.223151526671042,0
ood_combo,DS03,10,8,fan_eff_mod,2,1,0,-0,0,0,0,0,0,0,0.223151526671042,0
ood_combo,DS03,10,8,fan_flow_mod,3,1,0,-0.00128697216383167,0,0,0,0,0,0,0.223151526671042,0
ood_combo,DS03,10,8,HPC_eff_mod,4,1,0,-0.000124844887677741,0,0,0,0,0,0,0.223151526671042,0
ood_combo,DS03,10,8,HPC_flow_mod,5,1,0,-0,0,0,0,0,0,0,0.223151526671042,0
ood_combo,DS03,10,8,LPT_eff_mod,6,1,-0.00895530135938157,-0,0,0,0,0,0,0,0.223151526671042,0
ood_combo,DS03,10,8,LPT_flow_mod,7,1,-0.00381774485571386,-0.0035101353366884,0,0,0,0,0,0,0.223151526671042,0
ood_combo,DS03,10,8,LPC_eff_mod,8,1,0,-0,0,0,0,0,0,0,0.223151526671042,0
ood_combo,DS03,10,8,LPC_flow_mod,9,1,0,-0.000755963247791058,0,0,0,0,0,0,0.223151526671042,0
ood_combo,DS03,10,9,HPT_eff_mod,1,1,-0.00663901811367593,-0.00935202590106844,0,0,0,0,0,0,0.132737134249904,0
ood_combo,DS03,10,9,fan_eff_mod,2,1,0,-0,0,0,0,0,0,0,0.132737134249904,0
ood_combo,DS03,10,9,fan_flow_mod,3,1,0,-0.00128697216383167,0,0,0,0,0,0,0.132737134249904,0
ood_combo,DS03,10,9,HPC_eff_mod,4,1,0,-0.000124844887677741,0,0,0,0,0,0,0.132737134249904,0
ood_combo,DS03,10,9,HPC_flow_mod,5,1,0,-0,0,0,0,0,0,0,0.132737134249904,0
ood_combo,DS03,10,9,LPT_eff_mod,6,1,-0.00925243346973704,-0,0,0,0,0,0,0,0.132737134249904,0
ood_combo,DS03,10,9,LPT_flow_mod,7,1,-0.000850801353324469,-0.0035101353366884,0,0,0,0,0,0,0.132737134249904,0
ood_combo,DS03,10,9,LPC_eff_mod,8,1,0,-0,0,0,0,0,0,0,0.132737134249904,0
ood_combo,DS03,10,9,LPC_flow_mod,9,1,0,-0.000755963247791058,0,0,0,0,0,0,0.132737134249904,0
ood_combo,DS03,10,10,HPT_eff_mod,1,1,-0.00704256730300194,-0.00935202590106844,0,0,0,0,0,0,0.295259056359521,0
ood_combo,DS03,10,10,fan_eff_mod,2,1,0,-0,0,0,0,0,0,0,0.295259056359521,0
ood_combo,DS03,10,10,fan_flow_mod,3,1,0,-0.00128697216383167,0,0,0,0,0,0,0.295259056359521,0
ood_combo,DS03,10,10,HPC_eff_mod,4,1,0,-0.000124844887677741,0,0,0,0,0,0,0.295259056359521,0
ood_combo,DS03,10,10,HPC_flow_mod,5,1,0,-0,0,0,0,0,0,0,0.295259056359521,0
ood_combo,DS03,10,10,LPT_eff_mod,6,1,-0.0116552873952108,-0,0,0,0,0,0,0,0.295259056359521,0
ood_combo,DS03,10,10,LPT_flow_mod,7,1,-0.0121697873174283,-0.00633344929857405,0,0,0,0,0,0,0.295259056359521,0
ood_combo,DS03,10,10,LPC_eff_mod,8,1,0,-0,0,0,0,0,0,0,0.295259056359521,0
ood_combo,DS03,10,10,LPC_flow_mod,9,1,0,-0.000755963247791058,0,0,0,0,0,0,0.295259056359521,0
ood_combo,DS03,10,11,HPT_eff_mod,1,1,-0.00503405750423651,-0.00935202590106844,0,0,0,0,0,0,0.180103717457425,0
ood_combo,DS03,10,11,fan_eff_mod,2,1,0,-2.75804068129577e-05,0,0,0,0,0,0,0.180103717457425,0
ood_combo,DS03,10,11,fan_flow_mod,3,1,0,-0.00128697216383167,0,0,0,0,0,0,0.180103717457425,0
ood_combo,DS03,10,11,HPC_eff_mod,4,1,0,-0.000124844887677741,0,0,0,0,0,0,0.180103717457425,0
ood_combo,DS03,10,11,HPC_flow_mod,5,1,0,-0,0,0,0,0,0,0,0.180103717457425,0
ood_combo,DS03,10,11,LPT_eff_mod,6,1,-0.00524922924846641,-0,0,0,0,0,0,0,0.180103717457425,0
ood_combo,DS03,10,11,LPT_flow_mod,7,1,-0.0097281476404981,-0.00633344929857405,0,0,0,0,0,0,0.180103717457425,0
ood_combo,DS03,10,11,LPC_eff_mod,8,1,0,-0,0,0,0,0,0,0,0.180103717457425,0
ood_combo,DS03,10,11,LPC_flow_mod,9,1,0,-0.000755963247791058,0,0,0,0,0,0,0.180103717457425,0
ood_combo,DS03,10,12,HPT_eff_mod,1,1,-0.0181464073974941,-0.0179136248332874,0,0,0,0,0,0,0.191131553366079,0
ood_combo,DS03,10,12,fan_eff_mod,2,1,0,-8.37902153927302e-05,0,0,0,0,0,0,0.191131553366079,0
ood_combo,DS03,10,12,fan_flow_mod,3,1,0,-0.00128697216383167,0,0,0,0,0,0,0.191131553366079,0
ood_combo,DS03,10,12,HPC_eff_mod,4,1,0,-0.000560252572405805,0,0,0,0,0,0,0.191131553366079,0
ood_combo,DS03,10,12,HPC_flow_mod,5,1,0,-0,0,0,0,0,0,0,0.191131553366079,0
ood_combo,DS03,10,12,LPT_eff_mod,6,1,-0.00444300942194823,-0.000500177355112897,0,0,0,0,0,0,0.191131553366079,0
ood_combo,DS03,10,12,LPT_flow_mod,7,1,-0.00958126102922425,-0.00633344929857405,0,0,0,0,0,0,0.191131553366079,0
ood_combo,DS03,10,12,LPC_eff_mod,8,1,0,-0,0,0,0,0,0,0,0.191131553366079,0
ood_combo,DS03,10,12,LPC_flow_mod,9,1,0,-0.000755963247791058,0,0,0,0,0,0,0.191131553366079,0
ood_combo,DS03,10,13,HPT_eff_mod,1,1,-0.0159828004649724,-0.0179136248332874,0,0,0,0,0,0,0.146226170573106,0
ood_combo,DS03,10,13,fan_eff_mod,2,1,0,-8.37902153927302e-05,0,0,0,0,0,0,0.146226170573106,0
ood_combo,DS03,10,13,fan_flow_mod,3,1,0,-0.00128697216383167,0,0,0,0,0,0,0.146226170573106,0
ood_combo,DS03,10,13,HPC_eff_mod,4,1,0,-0.000560252572405805,0,0,0,0,0,0,0.146226170573106,0
ood_combo,DS03,10,13,HPC_flow_mod,5,1,0,-0,0,0,0,0,0,0,0.146226170573106,0
ood_combo,DS03,10,13,LPT_eff_mod,6,1,-0.00719453451713028,-0.000500177355112897,0,0,0,0,0,0,0.146226170573106,0
ood_combo,DS03,10,13,LPT_flow_mod,7,1,-0.0149958739020682,-0.00633344929857405,0,0,0,0,0,0,0.146226170573106,0
ood_combo,DS03,10,13,LPC_eff_mod,8,1,0,-0,0,0,0,0,0,0,0.146226170573106,0
ood_combo,DS03,10,13,LPC_flow_mod,9,1,0,-0.000755963247791058,0,0,0,0,0,0,0.146226170573106,0
ood_combo,DS03,10,14,HPT_eff_mod,1,1,-0.0118336585243178,-0.0179136248332874,0,0,0,0,0,0,0.0942295358891349,0
ood_combo,DS03,10,14,fan_eff_mod,2,1,0,-8.37902153927302e-05,0,0,0,0,0,0,0.0942295358891349,0
ood_combo,DS03,10,14,fan_flow_mod,3,1,0,-0.00128697216383167,0,0,0,0,0,0,0.0942295358891349,0
ood_combo,DS03,10,14,HPC_eff_mod,4,1,0,-0.000560252572405805,0,0,0,0,0,0,0.0942295358891349,0
ood_combo,DS03,10,14,HPC_flow_mod,5,1,0,-0,0,0,0,0,0,0,0.0942295358891349,0
ood_combo,DS03,10,14,LPT_eff_mod,6,1,-0.00805970322165139,-0.000500177355112897,0,0,0,0,0,0,0.0942295358891349,0
ood_combo,DS03,10,14,LPT_flow_mod,7,1,-0.0109793095001824,-0.00633344929857405,0,0,0,0,0,0,0.0942295358891349,0
ood_combo,DS03,10,14,LPC_eff_mod,8,1,0,-0,0,0,0,0,0,0,0.0942295358891349,0
ood_combo,DS03,10,14,LPC_flow_mod,9,1,0,-0.000755963247791058,0,0,0,0,0,0,0.0942295358891349,0
ood_combo,DS03,10,15,HPT_eff_mod,1,1,-0.00619327747495078,-0.0179136248332874,0,0,0,0,0,0,0.108946650343719,0
ood_combo,DS03,10,15,fan_eff_mod,2,1,0,-8.37902153927302e-05,0,0,0,0,0,0,0.108946650343719,0
ood_combo,DS03,10,15,fan_flow_mod,3,1,0,-0.00128697216383167,0,0,0,0,0,0,0.108946650343719,0
ood_combo,DS03,10,15,HPC_eff_mod,4,1,0,-0.000560252572405805,0,0,0,0,0,0,0.108946650343719,0
ood_combo,DS03,10,15,HPC_flow_mod,5,1,0,-0,0,0,0,0,0,0,0.108946650343719,0
ood_combo,DS03,10,15,LPT_eff_mod,6,1,-0.00880812248039723,-0.000500177355112897,0,0,0,0,0,0,0.108946650343719,0
ood_combo,DS03,10,15,LPT_flow_mod,7,1,-0.00882376205277263,-0.00633344929857405,0,0,0,0,0,0,0.108946650343719,0
ood_combo,DS03,10,15,LPC_eff_mod,8,1,0,-0,0,0,0,0,0,0,0.108946650343719,0
ood_combo,DS03,10,15,LPC_flow_mod,9,1,0,-0.000755963247791058,0,0,0,0,0,0,0.108946650343719,0
ood_combo,DS03,10,16,HPT_eff_mod,1,1,-0.0102191641555617,-0.0179136248332874,0,1,0,1,0,1,0.121984944396565,0
ood_combo,DS03,10,16,fan_eff_mod,2,1,0,-8.37902153927302e-05,0,0,0,0,0,1,0.121984944396565,0
ood_combo,DS03,10,16,fan_flow_mod,3,1,0,-0.00128697216383167,0,0,0,0,0,1,0.121984944396565,0
ood_combo,DS03,10,16,HPC_eff_mod,4,1,0,-0.000560252572405805,0,0,0,0,0,1,0.121984944396565,0
ood_combo,DS03,10,16,HPC_flow_mod,5,1,0,-0,0,0,0,0,0,1,0.121984944396565,0
ood_combo,DS03,10,16,LPT_eff_mod,6,1,-0.00725921522322748,-0.000500177355112897,0,0,0,0,0,1,0.121984944396565,0
ood_combo,DS03,10,16,LPT_flow_mod,7,1,-0.0121119243432129,-0.00633344929857405,0,0,0,0,0,1,0.121984944396565,0
ood_combo,DS03,10,16,LPC_eff_mod,8,1,0,-0,0,0,0,0,0,1,0.121984944396565,0
ood_combo,DS03,10,16,LPC_flow_mod,9,1,0,-0.000755963247791058,0,0,0,0,0,1,0.121984944396565,0
ood_combo,DS03,10,17,HPT_eff_mod,1,1,-0.0199443615928578,-0.0179136248332874,0,1,0,1,0,1,0.152354862704345,0
ood_combo,DS03,10,17,fan_eff_mod,2,1,0,-8.37902153927302e-05,0,0,0,0,0,1,0.152354862704345,0
ood_combo,DS03,10,17,fan_flow_mod,3,1,0,-0.00128697216383167,0,0,0,0,0,1,0.152354862704345,0
ood_combo,DS03,10,17,HPC_eff_mod,4,1,0,-0.000560252572405805,0,0,0,0,0,1,0.152354862704345,0
ood_combo,DS03,10,17,HPC_flow_mod,5,1,0,-0,0,0,0,0,0,1,0.152354862704345,0
ood_combo,DS03,10,17,LPT_eff_mod,6,1,-0.00658962014001819,-0.000500177355112897,0,0,0,0,0,1,0.152354862704345,0
ood_combo,DS03,10,17,LPT_flow_mod,7,1,-0.016826102953192,-0.00633344929857405,0,0,0,0,0,1,0.152354862704345,0
ood_combo,DS03,10,17,LPC_eff_mod,8,1,0,-0,0,0,0,0,0,1,0.152354862704345,0
ood_combo,DS03,10,17,LPC_flow_mod,9,1,0,-0.000755963247791058,0,0,0,0,0,1,0.152354862704345,0
ood_combo,DS03,10,18,HPT_eff_mod,1,0,-0.00699320488454576,-0.0179136248332874,1,1,1,1,1,1,0.083501108205263,0
ood_combo,DS03,10,18,fan_eff_mod,2,0,0,-8.37902153927302e-05,0,0,0,0,1,1,0.083501108205263,0
ood_combo,DS03,10,18,fan_flow_mod,3,0,0,-0.00128697216383167,0,0,0,0,1,1,0.083501108205263,0
ood_combo,DS03,10,18,HPC_eff_mod,4,0,0,-0.000560252572405805,0,0,0,0,1,1,0.083501108205263,0
ood_combo,DS03,10,18,HPC_flow_mod,5,0,0,-0,0,0,0,0,1,1,0.083501108205263,0
ood_combo,DS03,10,18,LPT_eff_mod,6,0,-0.0118264891110377,-0.00232433149525549,1,0,1,0,1,1,0.083501108205263,0
ood_combo,DS03,10,18,LPT_flow_mod,7,0,-0.0129530207529999,-0.00633344929857405,1,0,1,0,1,1,0.083501108205263,0
ood_combo,DS03,10,18,LPC_eff_mod,8,0,0,-0,0,0,0,0,1,1,0.083501108205263,0
ood_combo,DS03,10,18,LPC_flow_mod,9,0,0,-0.000755963247791058,0,0,0,0,1,1,0.083501108205263,0
ood_combo,DS03,10,19,HPT_eff_mod,1,0,-0.0158308740350522,-0.0179136248332874,1,1,1,1,1,1,0.182455300025624,0
ood_combo,DS03,10,19,fan_eff_mod,2,0,0,-0.00012057641365278,0,0,0,0,1,1,0.182455300025624,0
ood_combo,DS03,10,19,fan_flow_mod,3,0,0,-0.00128697216383167,0,0,0,0,1,1,0.182455300025624,0
ood_combo,DS03,10,19,HPC_eff_mod,4,0,0,-0.000560252572405805,0,0,0,0,1,1,0.182455300025624,0
ood_combo,DS03,10,19,HPC_flow_mod,5,0,0,-0,0,0,0,0,1,1,0.182455300025624,0
ood_combo,DS03,10,19,LPT_eff_mod,6,0,-0.0189608371678716,-0.00316525437072833,1,0,1,0,1,1,0.182455300025624,0
ood_combo,DS03,10,19,LPT_flow_mod,7,0,-0.0102456627084706,-0.00633344929857405,1,0,1,0,1,1,0.182455300025624,0
ood_combo,DS03,10,19,LPC_eff_mod,8,0,0,-0,0,0,0,0,1,1,0.182455300025624,0
ood_combo,DS03,10,19,LPC_flow_mod,9,0,0,-0.000755963247791058,0,0,0,0,1,1,0.182455300025624,0
ood_combo,DS03,10,20,HPT_eff_mod,1,0,-0.0170490834636708,-0.0179136248332874,1,1,1,1,1,1,0.0848214868269647,0
ood_combo,DS03,10,20,fan_eff_mod,2,0,0,-0.00012057641365278,0,0,0,0,1,1,0.0848214868269647,0
ood_combo,DS03,10,20,fan_flow_mod,3,0,0,-0.00128697216383167,0,0,0,0,1,1,0.0848214868269647,0
ood_combo,DS03,10,20,HPC_eff_mod,4,0,0,-0.000560252572405805,0,0,0,0,1,1,0.0848214868269647,0
ood_combo,DS03,10,20,HPC_flow_mod,5,0,0,-0,0,0,0,0,1,1,0.0848214868269647,0
ood_combo,DS03,10,20,LPT_eff_mod,6,0,-0.0144016996169364,-0.00316525437072833,1,0,1,0,1,1,0.0848214868269647,0
ood_combo,DS03,10,20,LPT_flow_mod,7,0,-0.003223067520506,-0.00633344929857405,1,0,1,0,1,1,0.0848214868269647,0
ood_combo,DS03,10,20,LPC_eff_mod,8,0,0,-0,0,0,0,0,1,1,0.0848214868269647,0
ood_combo,DS03,10,20,LPC_flow_mod,9,0,0,-0.000755963247791058,0,0,0,0,1,1,0.0848214868269647,0
ood_combo,DS03,10,21,HPT_eff_mod,1,0,-0.0305955627808622,-0.026685604367419,1,1,2,1,2,1,0.177565036874232,0
ood_combo,DS03,10,21,fan_eff_mod,2,0,0,-0.00012057641365278,0,0,0,0,2,1,0.177565036874232,0
ood_combo,DS03,10,21,fan_flow_mod,3,0,0,-0.00128697216383167,0,0,0,0,2,1,0.177565036874232,0
ood_combo,DS03,10,21,HPC_eff_mod,4,0,0,-0.000560252572405805,0,0,0,0,2,1,0.177565036874232,0
ood_combo,DS03,10,21,HPC_flow_mod,5,0,0,-0,0,0,0,0,2,1,0.177565036874232,0
ood_combo,DS03,10,21,LPT_eff_mod,6,0,-0.0209765027074106,-0.00316525437072833,1,0,1,0,2,1,0.177565036874232,0
ood_combo,DS03,10,21,LPT_flow_mod,7,0,-0.0138704995718036,-0.00737776047642013,1,0,1,0,2,1,0.177565036874232,0
ood_combo,DS03,10,21,LPC_eff_mod,8,0,0,-0,0,0,0,0,2,1,0.177565036874232,0
ood_combo,DS03,10,21,LPC_flow_mod,9,0,0,-0.000755963247791058,0,0,0,0,2,1,0.177565036874232,0
ood_combo,DS03,10,22,HPT_eff_mod,1,0,-0.0275009502777227,-0.026685604367419,1,1,2,1,2,1,0.135216991651823,0
ood_combo,DS03,10,22,fan_eff_mod,2,0,0,-0.00012057641365278,0,0,0,0,2,1,0.135216991651823,0
ood_combo,DS03,10,22,fan_flow_mod,3,0,0,-0.00128697216383167,0,0,0,0,2,1,0.135216991651823,0
ood_combo,DS03,10,22,HPC_eff_mod,4,0,0,-0.000560252572405805,0,0,0,0,2,1,0.135216991651823,0
ood_combo,DS03,10,22,HPC_flow_mod,5,0,0,-0,0,0,0,0,2,1,0.135216991651823,0
ood_combo,DS03,10,22,LPT_eff_mod,6,0,-0.0168133056339237,-0.00316525437072833,1,0,1,0,2,1,0.135216991651823,0
ood_combo,DS03,10,22,LPT_flow_mod,7,0,-0.00966709712390639,-0.00737776047642013,1,0,1,0,2,1,0.135216991651823,0
ood_combo,DS03,10,22,LPC_eff_mod,8,0,0,-0,0,0,0,0,2,1,0.135216991651823,0
ood_combo,DS03,10,22,LPC_flow_mod,9,0,0,-0.000755963247791058,0,0,0,0,2,1,0.135216991651823,0
ood_combo,DS03,10,23,HPT_eff_mod,1,0,-0.0220113271257272,-0.0275540005873272,1,1,2,1,2,1,0.158723082018867,0
ood_combo,DS03,10,23,fan_eff_mod,2,0,0,-0.00012057641365278,0,0,0,0,2,1,0.158723082018867,0
ood_combo,DS03,10,23,fan_flow_mod,3,0,0,-0.00128697216383167,0,0,0,0,2,1,0.158723082018867,0
ood_combo,DS03,10,23,HPC_eff_mod,4,0,0,-0.000560252572405805,0,0,0,0,2,1,0.158723082018867,0
ood_combo,DS03,10,23,HPC_flow_mod,5,0,0,-0,0,0,0,0,2,1,0.158723082018867,0
ood_combo,DS03,10,23,LPT_eff_mod,6,0,-0.0190441271310995,-0.0155188827033426,1,0,1,0,2,1,0.158723082018867,0
ood_combo,DS03,10,23,LPT_flow_mod,7,0,-0.0100633743930677,-0.00737776047642013,1,0,1,0,2,1,0.158723082018867,0
ood_combo,DS03,10,23,LPC_eff_mod,8,0,0,-0,0,0,0,0,2,1,0.158723082018867,0
ood_combo,DS03,10,23,LPC_flow_mod,9,0,0,-0.000755963247791058,0,0,0,0,2,1,0.158723082018867,0
ood_combo,DS03,10,24,HPT_eff_mod,1,0,-0.0390768269992976,-0.0275540005873272,1,1,2,1,2,1,0.172884789958103,0
ood_combo,DS03,10,24,fan_eff_mod,2,0,0,-0.00012057641365278,0,0,0,0,2,1,0.172884789958103,0
ood_combo,DS03,10,24,fan_flow_mod,3,0,0,-0.00128697216383167,0,0,0,0,2,1,0.172884789958103,0
ood_combo,DS03,10,24,HPC_eff_mod,4,0,0,-0.000560252572405805,0,0,0,0,2,1,0.172884789958103,0
ood_combo,DS03,10,24,HPC_flow_mod,5,0,0,-0,0,0,0,0,2,1,0.172884789958103,0
ood_combo,DS03,10,24,LPT_eff_mod,6,0,-0.0204101262178892,-0.0155188827033426,1,0,1,0,2,1,0.172884789958103,0
ood_combo,DS03,10,24,LPT_flow_mod,7,0,-0.0175905266017947,-0.0187710720678481,1,0,1,0,2,1,0.172884789958103,0
ood_combo,DS03,10,24,LPC_eff_mod,8,0,0,-0,0,0,0,0,2,1,0.172884789958103,0
ood_combo,DS03,10,24,LPC_flow_mod,9,0,0,-0.000755963247791058,0,0,0,0,2,1,0.172884789958103,0
ood_combo,DS03,10,25,HPT_eff_mod,1,0,-0.0274659474638493,-0.0275540005873272,1,1,2,1,2,1,0.270213347711809,0
ood_combo,DS03,10,25,fan_eff_mod,2,0,0,-0.00012057641365278,0,0,0,0,2,1,0.270213347711809,0
ood_combo,DS03,10,25,fan_flow_mod,3,0,0,-0.00128697216383167,0,0,0,0,2,1,0.270213347711809,0
ood_combo,DS03,10,25,HPC_eff_mod,4,0,0,-0.000560252572405805,0,0,0,0,2,1,0.270213347711809,0
ood_combo,DS03,10,25,HPC_flow_mod,5,0,0,-0,0,0,0,0,2,1,0.270213347711809,0
ood_combo,DS03,10,25,LPT_eff_mod,6,0,-0.0256256091989082,-0.0155188827033426,1,0,1,0,2,1,0.270213347711809,0
ood_combo,DS03,10,25,LPT_flow_mod,7,0,-0.0108797810883816,-0.0187710720678481,1,0,1,0,2,1,0.270213347711809,0
ood_combo,DS03,10,25,LPC_eff_mod,8,0,0,-0,0,0,0,0,2,1,0.270213347711809,0
ood_combo,DS03,10,25,LPC_flow_mod,9,0,0,-0.000755963247791058,0,0,0,0,2,1,0.270213347711809,0
ood_combo,DS03,10,26,HPT_eff_mod,1,0,-0.0396727909027252,-0.028268838965878,1,1,2,1,2,1,0.165903950124537,0
ood_combo,DS03,10,26,fan_eff_mod,2,0,0,-0.000166166327343469,0,0,0,0,2,1,0.165903950124537,0
ood_combo,DS03,10,26,fan_flow_mod,3,0,0,-0.00128697216383167,0,0,0,0,2,1,0.165903950124537,0
ood_combo,DS03,10,26,HPC_eff_mod,4,0,0,-0.00381381639075946,0,0,0,0,2,1,0.165903950124537,0
ood_combo,DS03,10,26,HPC_flow_mod,5,0,0,-0,0,0,0,0,2,1,0.165903950124537,0
ood_combo,DS03,10,26,LPT_eff_mod,6,0,-0.0268559817713619,-0.0156275966283243,1,0,1,0,2,1,0.165903950124537,0
ood_combo,DS03,10,26,LPT_flow_mod,7,0,-0.00858811577900819,-0.0187710720678481,1,0,1,0,2,1,0.165903950124537,0
ood_combo,DS03,10,26,LPC_eff_mod,8,0,0,-0,0,0,0,0,2,1,0.165903950124537,0
ood_combo,DS03,10,26,LPC_flow_mod,9,0,0,-0.000755963247791058,0,0,0,0,2,1,0.165903950124537,0
ood_combo,DS03,10,27,HPT_eff_mod,1,0,-0.0281252504079518,-0.028268838965878,1,1,2,1,2,1,0.312386987587369,0
ood_combo,DS03,10,27,fan_eff_mod,2,0,0,-0.000166166327343469,0,0,0,0,2,1,0.312386987587369,0
ood_combo,DS03,10,27,fan_flow_mod,3,0,0,-0.00128697216383167,0,0,0,0,2,1,0.312386987587369,0
ood_combo,DS03,10,27,HPC_eff_mod,4,0,0,-0.00381381639075946,0,0,0,0,2,1,0.312386987587369,0
ood_combo,DS03,10,27,HPC_flow_mod,5,0,0,-0,0,0,0,0,2,1,0.312386987587369,0
ood_combo,DS03,10,27,LPT_eff_mod,6,0,-0.02615290271916,-0.0156275966283243,1,0,1,0,2,1,0.312386987587369,0
ood_combo,DS03,10,27,LPT_flow_mod,7,0,-0.0255022568049943,-0.0270340408224906,1,0,1,0,2,1,0.312386987587369,0
ood_combo,DS03,10,27,LPC_eff_mod,8,0,0,-0,0,0,0,0,2,1,0.312386987587369,0
ood_combo,DS03,10,27,LPC_flow_mod,9,0,0,-0.000755963247791058,0,0,0,0,2,1,0.312386987587369,0
ood_combo,DS03,10,28,HPT_eff_mod,1,0,-0.0450612440379781,-0.028268838965878,1,1,2,1,2,1,0.0992903882584387,0
ood_combo,DS03,10,28,fan_eff_mod,2,0,0,-0.000418224457495168,0,0,0,0,2,1,0.0992903882584387,0
ood_combo,DS03,10,28,fan_flow_mod,3,0,0,-0.00128697216383167,0,0,0,0,2,1,0.0992903882584387,0
ood_combo,DS03,10,28,HPC_eff_mod,4,0,0,-0.00381381639075946,0,0,0,0,2,1,0.0992903882584387,0
ood_combo,DS03,10,28,HPC_flow_mod,5,0,0,-0,0,0,0,0,2,1,0.0992903882584387,0
ood_combo,DS03,10,28,LPT_eff_mod,6,0,-0.0289639087369373,-0.0359111748860917,1,0,1,0,2,1,0.0992903882584387,0
ood_combo,DS03,10,28,LPT_flow_mod,7,0,-0.0110957057860433,-0.0270340408224906,1,1,1,1,2,1,0.0992903882584387,0
ood_combo,DS03,10,28,LPC_eff_mod,8,0,0,-0,0,0,0,0,2,1,0.0992903882584387,0
ood_combo,DS03,10,28,LPC_flow_mod,9,0,0,-0.000755963247791058,0,0,0,0,2,1,0.0992903882584387,0
ood_combo,DS03,10,29,HPT_eff_mod,1,0,-0.0511270819006275,-0.0318896775958923,1,1,2,2,2,2,0.132600807493569,0
ood_combo,DS03,10,29,fan_eff_mod,2,0,0,-0.000418224457495168,0,0,0,0,2,2,0.132600807493569,0
ood_combo,DS03,10,29,fan_flow_mod,3,0,0,-0.00128697216383167,0,0,0,0,2,2,0.132600807493569,0
ood_combo,DS03,10,29,HPC_eff_mod,4,0,0,-0.00381381639075946,0,0,0,0,2,2,0.132600807493569,0
ood_combo,DS03,10,29,HPC_flow_mod,5,0,0,-0,0,0,0,0,2,2,0.132600807493569,0
ood_combo,DS03,10,29,LPT_eff_mod,6,0,-0.0374239059637236,-0.0359111748860917,1,0,2,0,2,2,0.132600807493569,0
ood_combo,DS03,10,29,LPT_flow_mod,7,0,-0.019494017627751,-0.0308792239533403,1,1,1,2,2,2,0.132600807493569,0
ood_combo,DS03,10,29,LPC_eff_mod,8,0,0,-0,0,0,0,0,2,2,0.132600807493569,0
ood_combo,DS03,10,29,LPC_flow_mod,9,0,0,-0.000755963247791058,0,0,0,0,2,2,0.132600807493569,0
ood_combo,DS03,10,30,HPT_eff_mod,1,0,-0.0432508401492283,-0.0350882692064711,1,1,2,2,2,2,0.118830526168334,0
ood_combo,DS03,10,30,fan_eff_mod,2,0,0,-0.000418224457495168,0,0,0,0,2,2,0.118830526168334,0
ood_combo,DS03,10,30,fan_flow_mod,3,0,0,-0.00128697216383167,0,0,0,0,2,2,0.118830526168334,0
ood_combo,DS03,10,30,HPC_eff_mod,4,0,0,-0.00381381639075946,0,0,0,0,2,2,0.118830526168334,0
ood_combo,DS03,10,30,HPC_flow_mod,5,0,0,-0,0,0,0,0,2,2,0.118830526168334,0
ood_combo,DS03,10,30,LPT_eff_mod,6,0,-0.0344334446710149,-0.0413197514264888,1,1,2,2,2,2,0.118830526168334,0
ood_combo,DS03,10,30,LPT_flow_mod,7,0,-0.0233547788177672,-0.0308792239533403,1,1,1,2,2,2,0.118830526168334,0
ood_combo,DS03,10,30,LPC_eff_mod,8,0,0,-0,0,0,0,0,2,2,0.118830526168334,0
ood_combo,DS03,10,30,LPC_flow_mod,9,0,0,-0.000755963247791058,0,0,0,0,2,2,0.118830526168334,0
ood_combo,DS03,10,31,HPT_eff_mod,1,0,-0.050963507064014,-0.0459167564204369,1,1,2,2,2,2,0.0961221559298731,0
ood_combo,DS03,10,31,fan_eff_mod,2,0,0,-0.000418224457495168,0,0,0,0,2,2,0.0961221559298731,0
ood_combo,DS03,10,31,fan_flow_mod,3,0,0,-0.00128697216383167,0,0,0,0,2,2,0.0961221559298731,0
ood_combo,DS03,10,31,HPC_eff_mod,4,0,0,-0.00381381639075946,0,0,0,0,2,2,0.0961221559298731,0
ood_combo,DS03,10,31,HPC_flow_mod,5,0,0,-0,0,0,0,0,2,2,0.0961221559298731,0
ood_combo,DS03,10,31,LPT_eff_mod,6,0,-0.0390196571908762,-0.0413197514264888,1,1,2,2,2,2,0.0961221559298731,0
ood_combo,DS03,10,31,LPT_flow_mod,7,0,-0.0216837349006698,-0.0308792239533403,1,1,1,2,2,2,0.0961221559298731,0
ood_combo,DS03,10,31,LPC_eff_mod,8,0,0,-0,0,0,0,0,2,2,0.0961221559298731,0
ood_combo,DS03,10,31,LPC_flow_mod,9,0,0,-0.000755963247791058,0,0,0,0,2,2,0.0961221559298731,0
ood_combo,DS03,10,32,HPT_eff_mod,1,0,-0.0507330060662778,-0.0459167564204369,1,1,2,2,2,2,0.154393901092071,0
ood_combo,DS03,10,32,fan_eff_mod,2,0,0,-0.000418224457495168,0,0,0,0,2,2,0.154393901092071,0
ood_combo,DS03,10,32,fan_flow_mod,3,0,0,-0.00128697216383167,0,0,0,0,2,2,0.154393901092071,0
ood_combo,DS03,10,32,HPC_eff_mod,4,0,0,-0.00381381639075946,0,0,0,0,2,2,0.154393901092071,0
ood_combo,DS03,10,32,HPC_flow_mod,5,0,0,-0,0,0,0,0,2,2,0.154393901092071,0
ood_combo,DS03,10,32,LPT_eff_mod,6,0,-0.0385067342897686,-0.0413197514264888,1,1,2,2,2,2,0.154393901092071,0
ood_combo,DS03,10,32,LPT_flow_mod,7,0,-0.0281188978574116,-0.0308792239533403,1,1,1,2,2,2,0.154393901092071,0
ood_combo,DS03,10,32,LPC_eff_mod,8,0,0,-0,0,0,0,0,2,2,0.154393901092071,0
ood_combo,DS03,10,32,LPC_flow_mod,9,0,0,-0.000755963247791058,0,0,0,0,2,2,0.154393901092071,0
ood_combo,DS03,10,33,HPT_eff_mod,1,0,-0.0498448960414015,-0.0459167564204369,1,1,2,2,2,2,0.104638476454541,0
ood_combo,DS03,10,33,fan_eff_mod,2,0,0,-0.000418224457495168,0,0,0,0,2,2,0.104638476454541,0
ood_combo,DS03,10,33,fan_flow_mod,3,0,0,-0.00128697216383167,0,0,0,0,2,2,0.104638476454541,0
ood_combo,DS03,10,33,HPC_eff_mod,4,0,0,-0.00381381639075946,0,0,0,0,2,2,0.104638476454541,0
ood_combo,DS03,10,33,HPC_flow_mod,5,0,0,-0,0,0,0,0,2,2,0.104638476454541,0
ood_combo,DS03,10,33,LPT_eff_mod,6,0,-0.0452246685698426,-0.0413197514264888,1,1,2,2,2,2,0.104638476454541,0
ood_combo,DS03,10,33,LPT_flow_mod,7,0,-0.0306953295150991,-0.0308792239533403,1,1,2,2,2,2,0.104638476454541,0
ood_combo,DS03,10,33,LPC_eff_mod,8,0,0,-0,0,0,0,0,2,2,0.104638476454541,0
ood_combo,DS03,10,33,LPC_flow_mod,9,0,0,-0.000755963247791058,0,0,0,0,2,2,0.104638476454541,0
ood_combo,DS03,10,34,HPT_eff_mod,1,0,-0.0632588081558894,-0.0597888761629647,1,1,2,2,2,2,0.138387282996747,0
ood_combo,DS03,10,34,fan_eff_mod,2,0,0,-0.000418224457495168,0,0,0,0,2,2,0.138387282996747,0
ood_combo,DS03,10,34,fan_flow_mod,3,0,0,-0.00128697216383167,0,0,0,0,2,2,0.138387282996747,0
ood_combo,DS03,10,34,HPC_eff_mod,4,0,0,-0.00381381639075946,0,0,0,0,2,2,0.138387282996747,0
ood_combo,DS03,10,34,HPC_flow_mod,5,0,0,-0,0,0,0,0,2,2,0.138387282996747,0
ood_combo,DS03,10,34,LPT_eff_mod,6,0,-0.0494334731316324,-0.0413197514264888,1,1,2,2,2,2,0.138387282996747,0
ood_combo,DS03,10,34,LPT_flow_mod,7,0,-0.0393101140878529,-0.0330064788334829,1,1,2,2,2,2,0.138387282996747,0
ood_combo,DS03,10,34,LPC_eff_mod,8,0,0,-0,0,0,0,0,2,2,0.138387282996747,0
ood_combo,DS03,10,34,LPC_flow_mod,9,0,0,-0.000755963247791058,0,0,0,0,2,2,0.138387282996747,0
ood_combo,DS03,10,35,HPT_eff_mod,1,0,-0.0674288284776625,-0.0597888761629647,1,1,2,2,2,2,0.0974242425884756,0
ood_combo,DS03,10,35,fan_eff_mod,2,0,0,-0.000418224457495168,0,0,0,0,2,2,0.0974242425884756,0
ood_combo,DS03,10,35,fan_flow_mod,3,0,0,-0.00128697216383167,0,0,0,0,2,2,0.0974242425884756,0
ood_combo,DS03,10,35,HPC_eff_mod,4,0,0,-0.00381381639075946,0,0,0,0,2,2,0.0974242425884756,0
ood_combo,DS03,10,35,HPC_flow_mod,5,0,0,-0,0,0,0,0,2,2,0.0974242425884756,0
ood_combo,DS03,10,35,LPT_eff_mod,6,0,-0.053166080862774,-0.0458706120496351,1,1,2,2,2,2,0.0974242425884756,0
ood_combo,DS03,10,35,LPT_flow_mod,7,0,-0.0263403788143725,-0.0330064788334829,1,1,2,2,2,2,0.0974242425884756,0
ood_combo,DS03,10,35,LPC_eff_mod,8,0,0,-0,0,0,0,0,2,2,0.0974242425884756,0
ood_combo,DS03,10,35,LPC_flow_mod,9,0,0,-0.000755963247791058,0,0,0,0,2,2,0.0974242425884756,0
ood_combo,DS03,10,36,HPT_eff_mod,1,0,-0.0650505230265901,-0.0597888761629647,1,1,2,2,2,2,0.163835813420927,0
ood_combo,DS03,10,36,fan_eff_mod,2,0,0,-0.000418224457495168,0,0,0,0,2,2,0.163835813420927,0
ood_combo,DS03,10,36,fan_flow_mod,3,0,0,-0.00128697216383167,0,0,0,0,2,2,0.163835813420927,0
ood_combo,DS03,10,36,HPC_eff_mod,4,0,0,-0.00381381639075946,0,0,0,0,2,2,0.163835813420927,0
ood_combo,DS03,10,36,HPC_flow_mod,5,0,0,-0,0,0,0,0,2,2,0.163835813420927,0
ood_combo,DS03,10,36,LPT_eff_mod,6,0,-0.0563215443385587,-0.0458706120496351,1,1,2,2,2,2,0.163835813420927,0
ood_combo,DS03,10,36,LPT_flow_mod,7,0,-0.0274596506257907,-0.0330064788334829,1,1,2,2,2,2,0.163835813420927,0
ood_combo,DS03,10,36,LPC_eff_mod,8,0,0,-0,0,0,0,0,2,2,0.163835813420927,0
ood_combo,DS03,10,36,LPC_flow_mod,9,0,0,-0.000755963247791058,0,0,0,0,2,2,0.163835813420927,0
ood_combo,DS03,10,37,HPT_eff_mod,1,0,-0.0816053659964872,-0.0743177602122098,1,1,2,2,2,2,0.126432209864003,0
ood_combo,DS03,10,37,fan_eff_mod,2,0,0,-0.000418224457495168,0,0,0,0,2,2,0.126432209864003,0
ood_combo,DS03,10,37,fan_flow_mod,3,0,0,-0.00128697216383167,0,0,0,0,2,2,0.126432209864003,0
ood_combo,DS03,10,37,HPC_eff_mod,4,0,0,-0.00381381639075946,0,0,0,0,2,2,0.126432209864003,0
ood_combo,DS03,10,37,HPC_flow_mod,5,0,0,-0,0,0,0,0,2,2,0.126432209864003,0
ood_combo,DS03,10,37,LPT_eff_mod,6,0,-0.0619041834532824,-0.0472954181888652,1,1,2,2,2,2,0.126432209864003,0
ood_combo,DS03,10,37,LPT_flow_mod,7,0,-0.0360508259555662,-0.0330064788334829,1,1,2,2,2,2,0.126432209864003,0
ood_combo,DS03,10,37,LPC_eff_mod,8,0,0,-0,0,0,0,0,2,2,0.126432209864003,0
ood_combo,DS03,10,37,LPC_flow_mod,9,0,0,-0.000755963247791058,0,0,0,0,2,2,0.126432209864003,0
ood_combo,DS03,10,38,HPT_eff_mod,1,0,-0.0766075906452209,-0.0743177602122098,1,1,2,2,2,2,0.1096104559654,0
ood_combo,DS03,10,38,fan_eff_mod,2,0,0,-0.000418224457495168,0,0,0,0,2,2,0.1096104559654,0
ood_combo,DS03,10,38,fan_flow_mod,3,0,0,-0.00128697216383167,0,0,0,0,2,2,0.1096104559654,0
ood_combo,DS03,10,38,HPC_eff_mod,4,0,0,-0.00381381639075946,0,0,0,0,2,2,0.1096104559654,0
ood_combo,DS03,10,38,HPC_flow_mod,5,0,0,-0,0,0,0,0,2,2,0.1096104559654,0
ood_combo,DS03,10,38,LPT_eff_mod,6,0,-0.0678966312945064,-0.0667224267581123,1,1,2,2,2,2,0.1096104559654,0
ood_combo,DS03,10,38,LPT_flow_mod,7,0,-0.028604823131507,-0.0330064788334829,1,1,2,2,2,2,0.1096104559654,0
ood_combo,DS03,10,38,LPC_eff_mod,8,0,0,-0,0,0,0,0,2,2,0.1096104559654,0
ood_combo,DS03,10,38,LPC_flow_mod,9,0,0,-0.000755963247791058,0,0,0,0,2,2,0.1096104559654,0
ood_combo,DS03,10,39,HPT_eff_mod,1,0,-0.080913718878548,-0.0766147402790705,1,1,2,2,2,2,0.145626608974892,0
ood_combo,DS03,10,39,fan_eff_mod,2,0,0,-0.000418224457495168,0,0,0,0,2,2,0.145626608974892,0
ood_combo,DS03,10,39,fan_flow_mod,3,0,0,-0.00128697216383167,0,0,0,0,2,2,0.145626608974892,0
ood_combo,DS03,10,39,HPC_eff_mod,4,0,0,-0.00381381639075946,0,0,0,0,2,2,0.145626608974892,0
ood_combo,DS03,10,39,HPC_flow_mod,5,0,0,-0,0,0,0,0,2,2,0.145626608974892,0
ood_combo,DS03,10,39,LPT_eff_mod,6,0,-0.0725835404270938,-0.0667224267581123,1,1,2,2,2,2,0.145626608974892,0
ood_combo,DS03,10,39,LPT_flow_mod,7,0,-0.0426957603159734,-0.0446891217889751,1,1,2,2,2,2,0.145626608974892,0
ood_combo,DS03,10,39,LPC_eff_mod,8,0,0,-0,0,0,0,0,2,2,0.145626608974892,0
ood_combo,DS03,10,39,LPC_flow_mod,9,0,0,-0.000755963247791058,0,0,0,0,2,2,0.145626608974892,0
ood_combo,DS03,10,40,HPT_eff_mod,1,0,-0.0990604621942299,-0.0913907384995867,1,1,2,2,2,2,0.0955231688238351,0
ood_combo,DS03,10,40,fan_eff_mod,2,0,0,-0.000418224457495168,0,0,0,0,2,2,0.0955231688238351,0
ood_combo,DS03,10,40,fan_flow_mod,3,0,0,-0.00128697216383167,0,0,0,0,2,2,0.0955231688238351,0
ood_combo,DS03,10,40,HPC_eff_mod,4,0,0,-0.00381381639075946,0,0,0,0,2,2,0.0955231688238351,0
ood_combo,DS03,10,40,HPC_flow_mod,5,0,0,-0,0,0,0,0,2,2,0.0955231688238351,0
ood_combo,DS03,10,40,LPT_eff_mod,6,0,-0.0764252473713583,-0.0710297038662282,1,1,2,2,2,2,0.0955231688238351,0
ood_combo,DS03,10,40,LPT_flow_mod,7,0,-0.0347869403659427,-0.0446891217889751,1,1,2,2,2,2,0.0955231688238351,0
ood_combo,DS03,10,40,LPC_eff_mod,8,0,0,-0,0,0,0,0,2,2,0.0955231688238351,0
ood_combo,DS03,10,40,LPC_flow_mod,9,0,0,-0.000755963247791058,0,0,0,0,2,2,0.0955231688238351,0
ood_combo,DS03,10,41,HPT_eff_mod,1,0,-0.0991287567630744,-0.0937297703854031,1,1,2,2,2,2,0.124205323848769,0
ood_combo,DS03,10,41,fan_eff_mod,2,0,0,-0.000418224457495168,0,0,0,0,2,2,0.124205323848769,0
ood_combo,DS03,10,41,fan_flow_mod,3,0,0,-0.00128697216383167,0,0,0,0,2,2,0.124205323848769,0
ood_combo,DS03,10,41,HPC_eff_mod,4,0,0,-0.00381381639075946,0,0,0,0,2,2,0.124205323848769,0
ood_combo,DS03,10,41,HPC_flow_mod,5,0,0,-0,0,0,0,0,2,2,0.124205323848769,0
ood_combo,DS03,10,41,LPT_eff_mod,6,0,-0.0821794298828942,-0.0722848335127941,1,1,2,2,2,2,0.124205323848769,0
ood_combo,DS03,10,41,LPT_flow_mod,7,0,-0.0392689209619704,-0.0446891217889751,1,1,2,2,2,2,0.124205323848769,0
ood_combo,DS03,10,41,LPC_eff_mod,8,0,0,-0,0,0,0,0,2,2,0.124205323848769,0
ood_combo,DS03,10,41,LPC_flow_mod,9,0,0,-0.000755963247791058,0,0,0,0,2,2,0.124205323848769,0
ood_combo,DS03,10,42,HPT_eff_mod,1,0,-0.100358917256975,-0.0998765893554602,1,1,2,2,2,2,0.113224176991004,0
ood_combo,DS03,10,42,fan_eff_mod,2,0,0,-0.000780349586359312,0,0,0,0,2,2,0.113224176991004,0
ood_combo,DS03,10,42,fan_flow_mod,3,0,0,-0.00128697216383167,0,0,0,0,2,2,0.113224176991004,0
ood_combo,DS03,10,42,HPC_eff_mod,4,0,0,-0.00381381639075946,0,0,0,0,2,2,0.113224176991004,0
ood_combo,DS03,10,42,HPC_flow_mod,5,0,0,-0,0,0,0,0,2,2,0.113224176991004,0
ood_combo,DS03,10,42,LPT_eff_mod,6,0,-0.0923404839099283,-0.0832633330875833,1,1,2,2,2,2,0.113224176991004,0
ood_combo,DS03,10,42,LPT_flow_mod,7,0,-0.0501020663389921,-0.0446891217889751,1,1,2,2,2,2,0.113224176991004,0
ood_combo,DS03,10,42,LPC_eff_mod,8,0,0,-0,0,0,0,0,2,2,0.113224176991004,0
ood_combo,DS03,10,42,LPC_flow_mod,9,0,0,-0.000755963247791058,0,0,0,0,2,2,0.113224176991004,0
ood_combo,DS03,10,43,HPT_eff_mod,1,0,-0.114722127908765,-0.11132796231539,1,1,2,2,2,2,0.122644698432415,0
ood_combo,DS03,10,43,fan_eff_mod,2,0,0,-0.000912702898413638,0,0,0,0,2,2,0.122644698432415,0
ood_combo,DS03,10,43,fan_flow_mod,3,0,0,-0.00128697216383167,0,0,0,0,2,2,0.122644698432415,0
ood_combo,DS03,10,43,HPC_eff_mod,4,0,0,-0.00610180781799362,0,0,0,0,2,2,0.122644698432415,0
ood_combo,DS03,10,43,HPC_flow_mod,5,0,0,-0,0,0,0,0,2,2,0.122644698432415,0
ood_combo,DS03,10,43,LPT_eff_mod,6,0,-0.100385216577383,-0.0881020996850992,1,1,2,2,2,2,0.122644698432415,0
ood_combo,DS03,10,43,LPT_flow_mod,7,0,-0.0572091999879729,-0.0446891217889751,1,1,2,2,2,2,0.122644698432415,0
ood_combo,DS03,10,43,LPC_eff_mod,8,0,0,-0,0,0,0,0,2,2,0.122644698432415,0
ood_combo,DS03,10,43,LPC_flow_mod,9,0,0,-0.000755963247791058,0,0,0,0,2,2,0.122644698432415,0
ood_combo,DS03,10,44,HPT_eff_mod,1,0,-0.117196047085845,-0.11132796231539,1,1,2,2,2,2,0.173359085695961,0
ood_combo,DS03,10,44,fan_eff_mod,2,0,0,-0.000912702898413638,0,0,0,0,2,2,0.173359085695961,0
ood_combo,DS03,10,44,fan_flow_mod,3,0,0,-0.00128697216383167,0,0,0,0,2,2,0.173359085695961,0
ood_combo,DS03,10,44,HPC_eff_mod,4,0,0,-0.00610180781799362,0,0,0,0,2,2,0.173359085695961,0
ood_combo,DS03,10,44,HPC_flow_mod,5,0,0,-0,0,0,0,0,2,2,0.173359085695961,0
ood_combo,DS03,10,44,LPT_eff_mod,6,0,-0.109027039979134,-0.0881020996850992,1,1,2,2,2,2,0.173359085695961,0
ood_combo,DS03,10,44,LPT_flow_mod,7,0,-0.0523020326198946,-0.0446891217889751,1,1,2,2,2,2,0.173359085695961,0
ood_combo,DS03,10,44,LPC_eff_mod,8,0,0,-0,0,0,0,0,2,2,0.173359085695961,0
ood_combo,DS03,10,44,LPC_flow_mod,9,0,0,-0.000755963247791058,0,0,0,0,2,2,0.173359085695961,0
ood_combo,DS03,10,45,HPT_eff_mod,1,0,-0.126663194776681,-0.12250346104326,1,1,2,2,2,2,0.170811051120962,0
ood_combo,DS03,10,45,fan_eff_mod,2,0,0,-0.000912702898413638,0,0,0,0,2,2,0.170811051120962,0
ood_combo,DS03,10,45,fan_flow_mod,3,0,0,-0.00128697216383167,0,0,0,0,2,2,0.170811051120962,0
ood_combo,DS03,10,45,HPC_eff_mod,4,0,0,-0.00610180781799362,0,0,0,0,2,2,0.170811051120962,0
ood_combo,DS03,10,45,HPC_flow_mod,5,0,0,-0,0,0,0,0,2,2,0.170811051120962,0
ood_combo,DS03,10,45,LPT_eff_mod,6,0,-0.115005366122738,-0.0881020996850992,1,1,2,2,2,2,0.170811051120962,0
ood_combo,DS03,10,45,LPT_flow_mod,7,0,-0.0552993855121083,-0.0446891217889751,1,1,2,2,2,2,0.170811051120962,0
ood_combo,DS03,10,45,LPC_eff_mod,8,0,0,-0,0,0,0,0,2,2,0.170811051120962,0
ood_combo,DS03,10,45,LPC_flow_mod,9,0,0,-0.000755963247791058,0,0,0,0,2,2,0.170811051120962,0
ood_combo,DS03,10,46,HPT_eff_mod,1,0,-0.133711844451468,-0.127940698800939,1,1,2,2,2,2,0.0896464902698825,0
ood_combo,DS03,10,46,fan_eff_mod,2,0,0,-0.000912702898413638,0,0,0,0,2,2,0.0896464902698825,0
ood_combo,DS03,10,46,fan_flow_mod,3,0,0,-0.00128697216383167,0,0,0,0,2,2,0.0896464902698825,0
ood_combo,DS03,10,46,HPC_eff_mod,4,0,0,-0.00610180781799362,0,0,0,0,2,2,0.0896464902698825,0
ood_combo,DS03,10,46,HPC_flow_mod,5,0,0,-0,0,0,0,0,2,2,0.0896464902698825,0
ood_combo,DS03,10,46,LPT_eff_mod,6,0,-0.129122908826677,-0.0999721055085054,1,1,2,2,2,2,0.0896464902698825,0
ood_combo,DS03,10,46,LPT_flow_mod,7,0,-0.0610060225793704,-0.0446891217889751,1,1,2,2,2,2,0.0896464902698825,0
ood_combo,DS03,10,46,LPC_eff_mod,8,0,0,-0,0,0,0,0,2,2,0.0896464902698825,0
ood_combo,DS03,10,46,LPC_flow_mod,9,0,0,-0.000755963247791058,0,0,0,0,2,2,0.0896464902698825,0
ood_combo,DS03,10,47,HPT_eff_mod,1,0,-0.13250915919219,-0.128625499002685,1,1,2,2,2,2,0.174873197359055,0
ood_combo,DS03,10,47,fan_eff_mod,2,0,0,-0.000912702898413638,0,0,0,0,2,2,0.174873197359055,0
ood_combo,DS03,10,47,fan_flow_mod,3,0,0,-0.00128697216383167,0,0,0,0,2,2,0.174873197359055,0
ood_combo,DS03,10,47,HPC_eff_mod,4,0,0,-0.00610180781799362,0,0,0,0,2,2,0.174873197359055,0
ood_combo,DS03,10,47,HPC_flow_mod,5,0,0,-0,0,0,0,0,2,2,0.174873197359055,0
ood_combo,DS03,10,47,LPT_eff_mod,6,0,-0.138588124828822,-0.131356516227857,1,1,2,2,2,2,0.174873197359055,0
ood_combo,DS03,10,47,LPT_flow_mod,7,0,-0.0503174404025438,-0.0446891217889751,1,1,2,2,2,2,0.174873197359055,0
ood_combo,DS03,10,47,LPC_eff_mod,8,0,0,-0,0,0,0,0,2,2,0.174873197359055,0
ood_combo,DS03,10,47,LPC_flow_mod,9,0,0,-0.000755963247791058,0,0,0,0,2,2,0.174873197359055,0
ood_combo,DS03,10,48,HPT_eff_mod,1,0,-0.150541670923357,-0.128625499002685,1,1,2,2,2,2,0.166961188270597,0
ood_combo,DS03,10,48,fan_eff_mod,2,0,0,-0.000912702898413638,0,0,0,0,2,2,0.166961188270597,0
ood_combo,DS03,10,48,fan_flow_mod,3,0,0,-0.00128697216383167,0,0,0,0,2,2,0.166961188270597,0
ood_combo,DS03,10,48,HPC_eff_mod,4,0,0,-0.00610180781799362,0,0,0,0,2,2,0.166961188270597,0
ood_combo,DS03,10,48,HPC_flow_mod,5,0,0,-0,0,0,0,0,2,2,0.166961188270597,0
ood_combo,DS03,10,48,LPT_eff_mod,6,0,-0.147899678906572,-0.131356516227857,1,1,2,2,2,2,0.166961188270597,0
ood_combo,DS03,10,48,LPT_flow_mod,7,0,-0.071167512816424,-0.0753781040241887,1,1,2,2,2,2,0.166961188270597,0
ood_combo,DS03,10,48,LPC_eff_mod,8,0,0,-0,0,0,0,0,2,2,0.166961188270597,0
ood_combo,DS03,10,48,LPC_flow_mod,9,0,0,-0.000755963247791058,0,0,0,0,2,2,0.166961188270597,0
ood_combo,DS03,10,49,HPT_eff_mod,1,0,-0.158617718555167,-0.141589166124601,1,1,2,2,2,2,0.154505366264401,0
ood_combo,DS03,10,49,fan_eff_mod,2,0,0,-0.000912702898413638,0,0,0,0,2,2,0.154505366264401,0
ood_combo,DS03,10,49,fan_flow_mod,3,0,0,-0.00128697216383167,0,0,0,0,2,2,0.154505366264401,0
ood_combo,DS03,10,49,HPC_eff_mod,4,0,0,-0.00610180781799362,0,0,0,0,2,2,0.154505366264401,0
ood_combo,DS03,10,49,HPC_flow_mod,5,0,0,-0,0,0,0,0,2,2,0.154505366264401,0
ood_combo,DS03,10,49,LPT_eff_mod,6,0,-0.162767727646418,-0.156171894890819,1,1,2,2,2,2,0.154505366264401,0
ood_combo,DS03,10,49,LPT_flow_mod,7,0,-0.0600843828035749,-0.0753781040241887,1,1,2,2,2,2,0.154505366264401,0
ood_combo,DS03,10,49,LPC_eff_mod,8,0,0,-0,0,0,0,0,2,2,0.154505366264401,0
ood_combo,DS03,10,49,LPC_flow_mod,9,0,0,-0.000755963247791058,0,0,0,0,2,2,0.154505366264401,0
ood_combo,DS03,10,50,HPT_eff_mod,1,0,-0.163966064594538,-0.142520772047951,1,1,2,2,2,2,0.228066162456857,0
ood_combo,DS03,10,50,fan_eff_mod,2,0,0,-0.000912702898413638,0,0,0,0,2,2,0.228066162456857,0
ood_combo,DS03,10,50,fan_flow_mod,3,0,0,-0.00128697216383167,0,0,0,0,2,2,0.228066162456857,0
ood_combo,DS03,10,50,HPC_eff_mod,4,0,0,-0.00610180781799362,0,0,0,0,2,2,0.228066162456857,0
ood_combo,DS03,10,50,HPC_flow_mod,5,0,0,-0,0,0,0,0,2,2,0.228066162456857,0
ood_combo,DS03,10,50,LPT_eff_mod,6,0,-0.170792057393373,-0.156171894890819,1,1,2,2,2,2,0.228066162456857,0
ood_combo,DS03,10,50,LPT_flow_mod,7,0,-0.0667494789495476,-0.0872542709371147,1,1,2,2,2,2,0.228066162456857,0
ood_combo,DS03,10,50,LPC_eff_mod,8,0,0,-0,0,0,0,0,2,2,0.228066162456857,0
ood_combo,DS03,10,50,LPC_flow_mod,9,0,0,-0.000755963247791058,0,0,0,0,2,2,0.228066162456857,0
ood_combo,DS03,10,51,HPT_eff_mod,1,0,-0.179907685636783,-0.150147403900659,1,1,2,2,2,2,0.205357391415084,0
ood_combo,DS03,10,51,fan_eff_mod,2,0,0,-0.00095325250308026,0,0,0,0,2,2,0.205357391415084,0
ood_combo,DS03,10,51,fan_flow_mod,3,0,0,-0.00128697216383167,0,0,0,0,2,2,0.205357391415084,0
ood_combo,DS03,10,51,HPC_eff_mod,4,0,0,-0.00610180781799362,0,0,0,0,2,2,0.205357391415084,0
ood_combo,DS03,10,51,HPC_flow_mod,5,0,0,-0,0,0,0,0,2,2,0.205357391415084,0
ood_combo,DS03,10,51,LPT_eff_mod,6,0,-0.181646321236168,-0.156171894890819,1,1,2,2,2,2,0.205357391415084,0
ood_combo,DS03,10,51,LPT_flow_mod,7,0,-0.081153616502594,-0.0872542709371147,1,1,2,2,2,2,0.205357391415084,0
ood_combo,DS03,10,51,LPC_eff_mod,8,0,0,-0,0,0,0,0,2,2,0.205357391415084,0
ood_combo,DS03,10,51,LPC_flow_mod,9,0,0,-0.000755963247791058,0,0,0,0,2,2,0.205357391415084,0
ood_combo,DS03,10,52,HPT_eff_mod,1,0,-0.172501410753035,-0.155866202866001,1,1,2,2,2,2,0.137295763557203,0
ood_combo,DS03,10,52,fan_eff_mod,2,0,0,-0.00095325250308026,0,0,0,0,2,2,0.137295763557203,0
ood_combo,DS03,10,52,fan_flow_mod,3,0,0,-0.00128697216383167,0,0,0,0,2,2,0.137295763557203,0
ood_combo,DS03,10,52,HPC_eff_mod,4,0,0,-0.00610180781799362,0,0,0,0,2,2,0.137295763557203,0
ood_combo,DS03,10,52,HPC_flow_mod,5,0,0,-0,0,0,0,0,2,2,0.137295763557203,0
ood_combo,DS03,10,52,LPT_eff_mod,6,0,-0.204768381481032,-0.193961088977825,1,1,2,2,2,2,0.137295763557203,0
ood_combo,DS03,10,52,LPT_flow_mod,7,0,-0.0738195128662517,-0.0872542709371147,1,1,2,2,2,2,0.137295763557203,0
ood_combo,DS03,10,52,LPC_eff_mod,8,0,0,-0,0,0,0,0,2,2,0.137295763557203,0
ood_combo,DS03,10,52,LPC_flow_mod,9,0,0,-0.000755963247791058,0,0,0,0,2,2,0.137295763557203,0
ood_combo,DS03,10,53,HPT_eff_mod,1,0,-0.197429915486186,-0.194171854554317,1,1,2,2,3,2,0.174738795246022,0
ood_combo,DS03,10,53,fan_eff_mod,2,0,0,-0.00095325250308026,0,0,0,0,3,2,0.174738795246022,0
ood_combo,DS03,10,53,fan_flow_mod,3,0,0,-0.00128697216383167,0,0,0,0,3,2,0.174738795246022,0
ood_combo,DS03,10,53,HPC_eff_mod,4,0,0,-0.00677706335636176,0,0,0,0,3,2,0.174738795246022,0
ood_combo,DS03,10,53,HPC_flow_mod,5,0,0,-0,0,0,0,0,3,2,0.174738795246022,0
ood_combo,DS03,10,53,LPT_eff_mod,6,0,-0.216534581665724,-0.201045548897539,1,1,3,2,3,2,0.174738795246022,0
ood_combo,DS03,10,53,LPT_flow_mod,7,0,-0.0916365967926715,-0.0872542709371147,1,1,2,2,3,2,0.174738795246022,0
ood_combo,DS03,10,53,LPC_eff_mod,8,0,0,-0,0,0,0,0,3,2,0.174738795246022,0
ood_combo,DS03,10,53,LPC_flow_mod,9,0,0,-0.000755963247791058,0,0,0,0,3,2,0.174738795246022,0
ood_combo,DS03,10,54,HPT_eff_mod,1,0,-0.205140063164313,-0.194171854554317,1,1,2,2,3,3,0.12414167808706,0
ood_combo,DS03,10,54,fan_eff_mod,2,0,0,-0.00250111374808365,0,0,0,0,3,3,0.12414167808706,0
ood_combo,DS03,10,54,fan_flow_mod,3,0,0,-0.00128697216383167,0,0,0,0,3,3,0.12414167808706,0
ood_combo,DS03,10,54,HPC_eff_mod,4,0,0,-0.00677706335636176,0,0,0,0,3,3,0.12414167808706,0
ood_combo,DS03,10,54,HPC_flow_mod,5,0,0,-0,0,0,0,0,3,3,0.12414167808706,0
ood_combo,DS03,10,54,LPT_eff_mod,6,0,-0.235463303407616,-0.220370579666228,1,1,3,3,3,3,0.12414167808706,0
ood_combo,DS03,10,54,LPT_flow_mod,7,0,-0.0875233639679926,-0.0872542709371147,1,1,2,2,3,3,0.12414167808706,0
ood_combo,DS03,10,54,LPC_eff_mod,8,0,0,-0,0,0,0,0,3,3,0.12414167808706,0
ood_combo,DS03,10,54,LPC_flow_mod,9,0,0,-0.000755963247791058,0,0,0,0,3,3,0.12414167808706,0
ood_combo,DS03,10,55,HPT_eff_mod,1,0,-0.219287913865469,-0.215003524864639,1,1,3,3,3,3,0.157414335585125,0
ood_combo,DS03,10,55,fan_eff_mod,2,0,0,-0.00250111374808365,0,0,0,0,3,3,0.157414335585125,0
ood_combo,DS03,10,55,fan_flow_mod,3,0,0,-0.00128697216383167,0,0,0,0,3,3,0.157414335585125,0
ood_combo,DS03,10,55,HPC_eff_mod,4,0,0,-0.00677706335636176,0,0,0,0,3,3,0.157414335585125,0
ood_combo,DS03,10,55,HPC_flow_mod,5,0,0,-0,0,0,0,0,3,3,0.157414335585125,0
ood_combo,DS03,10,55,LPT_eff_mod,6,0,-0.25707671333229,-0.223894041076836,1,1,3,3,3,3,0.157414335585125,0
ood_combo,DS03,10,55,LPT_flow_mod,7,0,-0.100776423855938,-0.0872542709371147,1,1,2,2,3,3,0.157414335585125,0
ood_combo,DS03,10,55,LPC_eff_mod,8,0,0,-0,0,0,0,0,3,3,0.157414335585125,0
ood_combo,DS03,10,55,LPC_flow_mod,9,0,0,-0.000755963247791058,0,0,0,0,3,3,0.157414335585125,0
ood_combo,DS03,10,56,HPT_eff_mod,1,0,-0.238619171908034,-0.229972602429814,1,1,3,3,3,3,0.165646356565079,0
ood_combo,DS03,10,56,fan_eff_mod,2,0,0,-0.00250111374808365,0,0,0,0,3,3,0.165646356565079,0
ood_combo,DS03,10,56,fan_flow_mod,3,0,0,-0.00128697216383167,0,0,0,0,3,3,0.165646356565079,0
ood_combo,DS03,10,56,HPC_eff_mod,4,0,0,-0.00677706335636176,0,0,0,0,3,3,0.165646356565079,0
ood_combo,DS03,10,56,HPC_flow_mod,5,0,0,-0,0,0,0,0,3,3,0.165646356565079,0
ood_combo,DS03,10,56,LPT_eff_mod,6,0,-0.276283310343062,-0.26513903994921,1,1,3,3,3,3,0.165646356565079,0
ood_combo,DS03,10,56,LPT_flow_mod,7,0,-0.0906817842021861,-0.0954951577239777,1,1,2,2,3,3,0.165646356565079,0
ood_combo,DS03,10,56,LPC_eff_mod,8,0,0,-0,0,0,0,0,3,3,0.165646356565079,0
ood_combo,DS03,10,56,LPC_flow_mod,9,0,0,-0.000755963247791058,0,0,0,0,3,3,0.165646356565079,0
ood_combo,DS03,10,57,HPT_eff_mod,1,0,-0.242323103715511,-0.244349544856207,1,1,3,3,3,3,0.211498907575318,0
ood_combo,DS03,10,57,fan_eff_mod,2,0,0,-0.00250111374808365,0,0,0,0,3,3,0.211498907575318,0
ood_combo,DS03,10,57,fan_flow_mod,3,0,0,-0.00128697216383167,0,0,0,0,3,3,0.211498907575318,0
ood_combo,DS03,10,57,HPC_eff_mod,4,0,0,-0.00677706335636176,0,0,0,0,3,3,0.211498907575318,0
ood_combo,DS03,10,57,HPC_flow_mod,5,0,0,-0,0,0,0,0,3,3,0.211498907575318,0
ood_combo,DS03,10,57,LPT_eff_mod,6,0,-0.303614938450736,-0.2755140167235,1,1,3,3,3,3,0.211498907575318,0
ood_combo,DS03,10,57,LPT_flow_mod,7,0,-0.115112125240914,-0.104646700597138,1,1,2,2,3,3,0.211498907575318,0
ood_combo,DS03,10,57,LPC_eff_mod,8,0,0,-0,0,0,0,0,3,3,0.211498907575318,0
ood_combo,DS03,10,57,LPC_flow_mod,9,0,0,-0.000755963247791058,0,0,0,0,3,3,0.211498907575318,0
ood_combo,DS03,10,58,HPT_eff_mod,1,0,-0.260522977961393,-0.258624239737953,1,1,3,3,3,3,0.1994065038185,0
ood_combo,DS03,10,58,fan_eff_mod,2,0,0,-0.00250111374808365,0,1,0,1,3,3,0.1994065038185,0
ood_combo,DS03,10,58,fan_flow_mod,3,0,0,-0.00128697216383167,0,0,0,0,3,3,0.1994065038185,0
ood_combo,DS03,10,58,HPC_eff_mod,4,0,0,-0.00677706335636176,0,0,0,0,3,3,0.1994065038185,0
ood_combo,DS03,10,58,HPC_flow_mod,5,0,0,-0,0,0,0,0,3,3,0.1994065038185,0
ood_combo,DS03,10,58,LPT_eff_mod,6,0,-0.330517477482391,-0.304895240436963,1,1,3,3,3,3,0.1994065038185,0
ood_combo,DS03,10,58,LPT_flow_mod,7,0,-0.112694602051378,-0.104646700597138,1,1,2,2,3,3,0.1994065038185,0
ood_combo,DS03,10,58,LPC_eff_mod,8,0,0,-0,0,0,0,0,3,3,0.1994065038185,0
ood_combo,DS03,10,58,LPC_flow_mod,9,0,0,-0.000755963247791058,0,0,0,0,3,3,0.1994065038185,0
ood_combo,DS03,10,59,HPT_eff_mod,1,0,-0.280913476091722,-0.285863584506679,1,1,3,3,3,3,0.221328651242013,0
ood_combo,DS03,10,59,fan_eff_mod,2,0,0,-0.00250111374808365,0,1,0,1,3,3,0.221328651242013,0
ood_combo,DS03,10,59,fan_flow_mod,3,0,0,-0.00128697216383167,0,0,0,0,3,3,0.221328651242013,0
ood_combo,DS03,10,59,HPC_eff_mod,4,0,0,-0.00677706335636176,0,0,0,0,3,3,0.221328651242013,0
ood_combo,DS03,10,59,HPC_flow_mod,5,0,0,-0,0,0,0,0,3,3,0.221328651242013,0
ood_combo,DS03,10,59,LPT_eff_mod,6,0,-0.360121210166554,-0.340828786498217,1,1,3,3,3,3,0.221328651242013,0
ood_combo,DS03,10,59,LPT_flow_mod,7,0,-0.122551281028528,-0.11100200403321,1,1,2,2,3,3,0.221328651242013,0
ood_combo,DS03,10,59,LPC_eff_mod,8,0,0,-0,0,0,0,0,3,3,0.221328651242013,0
ood_combo,DS03,10,59,LPC_flow_mod,9,0,0,-0.000755963247791058,0,0,0,0,3,3,0.221328651242013,0
ood_combo,DS03,10,60,HPT_eff_mod,1,0,-0.281166957365067,-0.290470303438852,1,1,3,3,3,3,0.369932626339217,0
ood_combo,DS03,10,60,fan_eff_mod,2,0,0,-0.00374900467905724,0,1,0,1,3,3,0.369932626339217,0
ood_combo,DS03,10,60,fan_flow_mod,3,0,0,-0.00128697216383167,0,0,0,0,3,3,0.369932626339217,0
ood_combo,DS03,10,60,HPC_eff_mod,4,0,0,-0.00677706335636176,0,0,0,0,3,3,0.369932626339217,0
ood_combo,DS03,10,60,HPC_flow_mod,5,0,0,-0,0,0,0,0,3,3,0.369932626339217,0
ood_combo,DS03,10,60,LPT_eff_mod,6,0,-0.381345675325832,-0.340828786498217,1,1,3,3,3,3,0.369932626339217,0
ood_combo,DS03,10,60,LPT_flow_mod,7,0,-0.129103003188509,-0.11100200403321,1,1,2,2,3,3,0.369932626339217,0
ood_combo,DS03,10,60,LPC_eff_mod,8,0,0,-0,0,0,0,0,3,3,0.369932626339217,0
ood_combo,DS03,10,60,LPC_flow_mod,9,0,0,-0.000755963247791058,0,0,0,0,3,3,0.369932626339217,0
ood_combo,DS03,10,61,HPT_eff_mod,1,0,-0.305900112280059,-0.290470303438852,1,1,3,3,3,3,0.239992422338301,0
ood_combo,DS03,10,61,fan_eff_mod,2,0,0,-0.00374900467905724,0,1,0,1,3,3,0.239992422338301,0
ood_combo,DS03,10,61,fan_flow_mod,3,0,0,-0.00128697216383167,0,0,0,0,3,3,0.239992422338301,0
ood_combo,DS03,10,61,HPC_eff_mod,4,0,0,-0.00677706335636176,0,0,0,0,3,3,0.239992422338301,0
ood_combo,DS03,10,61,HPC_flow_mod,5,0,0,-0,0,0,0,0,3,3,0.239992422338301,0
ood_combo,DS03,10,61,LPT_eff_mod,6,0,-0.418561657732683,-0.340828786498217,1,1,3,3,3,3,0.239992422338301,0
ood_combo,DS03,10,61,LPT_flow_mod,7,0,-0.134075983031598,-0.11100200403321,1,1,2,2,3,3,0.239992422338301,0
ood_combo,DS03,10,61,LPC_eff_mod,8,0,0,-0,0,0,0,0,3,3,0.239992422338301,0
ood_combo,DS03,10,61,LPC_flow_mod,9,0,0,-0.000755963247791058,0,0,0,0,3,3,0.239992422338301,0
ood_combo,DS03,10,62,HPT_eff_mod,1,0,-0.317740976939363,-0.335622236713022,1,1,3,3,3,3,0.495582410743425,0
ood_combo,DS03,10,62,fan_eff_mod,2,0,0,-0.00374900467905724,0,1,0,1,3,3,0.495582410743425,0
ood_combo,DS03,10,62,fan_flow_mod,3,0,0,-0.00128697216383167,0,0,0,0,3,3,0.495582410743425,0
ood_combo,DS03,10,62,HPC_eff_mod,4,0,0,-0.00677706335636176,0,0,0,0,3,3,0.495582410743425,0
ood_combo,DS03,10,62,HPC_flow_mod,5,0,0,-0,0,0,0,0,3,3,0.495582410743425,0
ood_combo,DS03,10,62,LPT_eff_mod,6,0,-0.457846648342088,-0.418519689490454,1,1,3,3,3,3,0.495582410743425,0
ood_combo,DS03,10,62,LPT_flow_mod,7,0,-0.154155727451505,-0.119750798331246,1,1,2,2,3,3,0.495582410743425,0
ood_combo,DS03,10,62,LPC_eff_mod,8,0,0,-0,0,0,0,0,3,3,0.495582410743425,0
ood_combo,DS03,10,62,LPC_flow_mod,9,0,0,-0.000755963247791058,0,0,0,0,3,3,0.495582410743425,0
ood_combo,DS03,10,63,HPT_eff_mod,1,0,-0.342407012707295,-0.335622236713022,1,1,3,3,3,3,0.293866247264952,0
ood_combo,DS03,10,63,fan_eff_mod,2,0,0,-0.00374900467905724,0,1,0,1,3,3,0.293866247264952,0
ood_combo,DS03,10,63,fan_flow_mod,3,0,0,-0.00128697216383167,0,0,0,0,3,3,0.293866247264952,0
ood_combo,DS03,10,63,HPC_eff_mod,4,0,0,-0.00677706335636176,0,0,0,0,3,3,0.293866247264952,0
ood_combo,DS03,10,63,HPC_flow_mod,5,0,0,-0,0,0,0,0,3,3,0.293866247264952,0
ood_combo,DS03,10,63,LPT_eff_mod,6,0,-0.497528719383612,-0.418519689490454,1,1,3,3,3,3,0.293866247264952,0
ood_combo,DS03,10,63,LPT_flow_mod,7,0,-0.150498729870734,-0.119750798331246,1,1,2,2,3,3,0.293866247264952,0
ood_combo,DS03,10,63,LPC_eff_mod,8,0,0,-0,0,0,0,0,3,3,0.293866247264952,0
ood_combo,DS03,10,63,LPC_flow_mod,9,0,0,-0.000755963247791058,0,0,0,0,3,3,0.293866247264952,0
ood_combo,DS03,10,64,HPT_eff_mod,1,0,-0.366448624987376,-0.376638586810081,1,1,3,3,3,3,0.310676526308365,0
ood_combo,DS03,10,64,fan_eff_mod,2,0,0,-0.00374900467905724,0,1,0,1,3,3,0.310676526308365,0
ood_combo,DS03,10,64,fan_flow_mod,3,0,0,-0.00128697216383167,0,0,0,0,3,3,0.310676526308365,0
ood_combo,DS03,10,64,HPC_eff_mod,4,0,0,-0.00677706335636176,0,0,0,0,3,3,0.310676526308365,0
ood_combo,DS03,10,64,HPC_flow_mod,5,0,0,-0,0,0,0,0,3,3,0.310676526308365,0
ood_combo,DS03,10,64,LPT_eff_mod,6,0,-0.536660438487673,-0.497271881934655,1,1,3,3,3,3,0.310676526308365,0
ood_combo,DS03,10,64,LPT_flow_mod,7,0,-0.154837903885139,-0.126648567659349,1,1,2,2,3,3,0.310676526308365,0
ood_combo,DS03,10,64,LPC_eff_mod,8,0,0,-0,0,0,0,0,3,3,0.310676526308365,0
ood_combo,DS03,10,64,LPC_flow_mod,9,0,0,-0.000755963247791058,0,0,0,0,3,3,0.310676526308365,0
ood_combo,DS03,10,65,HPT_eff_mod,1,0,-0.384689209295406,-0.393853737052399,1,1,3,3,3,3,0.483830234961846,0
ood_combo,DS03,10,65,fan_eff_mod,2,0,0,-0.00374900467905724,0,1,0,1,3,3,0.483830234961846,0
ood_combo,DS03,10,65,fan_flow_mod,3,0,0,-0.00128697216383167,0,0,0,0,3,3,0.483830234961846,0
ood_combo,DS03,10,65,HPC_eff_mod,4,0,0,-0.0193694828520727,0,0,0,0,3,3,0.483830234961846,0
ood_combo,DS03,10,65,HPC_flow_mod,5,0,0,-0,0,0,0,0,3,3,0.483830234961846,0
ood_combo,DS03,10,65,LPT_eff_mod,6,0,-0.590261325669632,-0.56682060274962,1,1,3,3,3,3,0.483830234961846,0
ood_combo,DS03,10,65,LPT_flow_mod,7,0,-0.161897715223118,-0.126648567659349,1,1,2,2,3,3,0.483830234961846,0
ood_combo,DS03,10,65,LPC_eff_mod,8,0,0,-0,0,0,0,0,3,3,0.483830234961846,0
ood_combo,DS03,10,65,LPC_flow_mod,9,0,0,-0.000755963247791058,0,0,0,0,3,3,0.483830234961846,0
ood_combo,DS03,10,66,HPT_eff_mod,1,0,-0.404220874790027,-0.402304177656265,1,1,3,3,3,3,0.30260969154959,0
ood_combo,DS03,10,66,fan_eff_mod,2,0,0,-0.00547884420793081,0,1,0,1,3,3,0.30260969154959,0
ood_combo,DS03,10,66,fan_flow_mod,3,0,0,-0.00128697216383167,0,0,0,0,3,3,0.30260969154959,0
ood_combo,DS03,10,66,HPC_eff_mod,4,0,0,-0.026557514049992,0,0,0,0,3,3,0.30260969154959,0
ood_combo,DS03,10,66,HPC_flow_mod,5,0,0,-0,0,0,0,0,3,3,0.30260969154959,0
ood_combo,DS03,10,66,LPT_eff_mod,6,0,-0.641913670396056,-0.579414449421148,1,1,3,3,3,3,0.30260969154959,0
ood_combo,DS03,10,66,LPT_flow_mod,7,0,-0.168591532824246,-0.126648567659349,1,1,2,2,3,3,0.30260969154959,0
ood_combo,DS03,10,66,LPC_eff_mod,8,0,0,-0,0,0,0,0,3,3,0.30260969154959,0
ood_combo,DS03,10,66,LPC_flow_mod,9,0,0,-0.0240863175661099,0,0,0,0,3,3,0.30260969154959,0
ood_combo,DS03,11,1,HPT_eff_mod,1,1,-0.00443683234291347,-0,0,0,0,0,0,0,0.116519914639707,0
ood_combo,DS03,11,1,fan_eff_mod,2,1,0,-0,0,0,0,0,0,0,0.116519914639707,0
ood_combo,DS03,11,1,fan_flow_mod,3,1,0,-0,0,0,0,0,0,0,0.116519914639707,0
ood_combo,DS03,11,1,HPC_eff_mod,4,1,0,-0,0,0,0,0,0,0,0.116519914639707,0
ood_combo,DS03,11,1,HPC_flow_mod,5,1,0,-0,0,0,0,0,0,0,0.116519914639707,0
ood_combo,DS03,11,1,LPT_eff_mod,6,1,-0.00169828788019301,-0,0,0,0,0,0,0,0.116519914639707,0
ood_combo,DS03,11,1,LPT_flow_mod,7,1,0.00142161148231883,-0,0,0,0,0,0,0,0.116519914639707,0
ood_combo,DS03,11,1,LPC_eff_mod,8,1,0,-0,0,0,0,0,0,0,0.116519914639707,0
ood_combo,DS03,11,1,LPC_flow_mod,9,1,0,-0,0,0,0,0,0,0,0.116519914639707,0
ood_combo,DS03,11,2,HPT_eff_mod,1,1,0.00779835251880203,-0,0,0,0,0,0,0,0.209237056449071,0
ood_combo,DS03,11,2,fan_eff_mod,2,1,0,-0,0,0,0,0,0,0,0.209237056449071,0
ood_combo,DS03,11,2,fan_flow_mod,3,1,0,-0,0,0,0,0,0,0,0.209237056449071,0
ood_combo,DS03,11,2,HPC_eff_mod,4,1,0,-0,0,0,0,0,0,0,0.209237056449071,0
ood_combo,DS03,11,2,HPC_flow_mod,5,1,0,-0,0,0,0,0,0,0,0.209237056449071,0
ood_combo,DS03,11,2,LPT_eff_mod,6,1,0.00305546695619007,-0,0,0,0,0,0,0,0.209237056449071,0
ood_combo,DS03,11,2,LPT_flow_mod,7,1,-0.00426735718455123,-0.00269357104578012,0,0,0,0,0,0,0.209237056449071,0
ood_combo,DS03,11,2,LPC_eff_mod,8,1,0,-0,0,0,0,0,0,0,0.209237056449071,0
ood_combo,DS03,11,2,LPC_flow_mod,9,1,0,-0,0,0,0,0,0,0,0.209237056449071,0
ood_combo,DS03,11,3,HPT_eff_mod,1,1,-0.00336152017588771,-0,0,0,0,0,0,0,0.128917724249862,0
ood_combo,DS03,11,3,fan_eff_mod,2,1,0,-0,0,0,0,0,0,0,0.128917724249862,0
ood_combo,DS03,11,3,fan_flow_mod,3,1,0,-0,0,0,0,0,0,0,0.128917724249862,0
ood_combo,DS03,11,3,HPC_eff_mod,4,1,0,-0,0,0,0,0,0,0,0.128917724249862,0
ood_combo,DS03,11,3,HPC_flow_mod,5,1,0,-0,0,0,0,0,0,0,0.128917724249862,0
ood_combo,DS03,11,3,LPT_eff_mod,6,1,-0.00135717907599673,-0,0,0,0,0,0,0,0.128917724249862,0
ood_combo,DS03,11,3,LPT_flow_mod,7,1,0.0028457457022318,-0.00269357104578012,0,0,0,0,0,0,0.128917724249862,0
ood_combo,DS03,11,3,LPC_eff_mod,8,1,0,-0,0,0,0,0,0,0,0.128917724249862,0
ood_combo,DS03,11,3,LPC_flow_mod,9,1,0,-0,0,0,0,0,0,0,0.128917724249862,0
ood_combo,DS03,11,4,HPT_eff_mod,1,1,-0.00533339064244089,-0.00211613127054878,0,0,0,0,0,0,0.116315261121138,0
ood_combo,DS03,11,4,fan_eff_mod,2,1,0,-0,0,0,0,0,0,0,0.116315261121138,0
ood_combo,DS03,11,4,fan_flow_mod,3,1,0,-0,0,0,0,0,0,0,0.116315261121138,0
ood_combo,DS03,11,4,HPC_eff_mod,4,1,0,-0,0,0,0,0,0,0,0.116315261121138,0
ood_combo,DS03,11,4,HPC_flow_mod,5,1,0,-0,0,0,0,0,0,0,0.116315261121138,0
ood_combo,DS03,11,4,LPT_eff_mod,6,1,-0.00244712083544048,-0,0,0,0,0,0,0,0.116315261121138,0
ood_combo,DS03,11,4,LPT_flow_mod,7,1,-0.00908879396050109,-0.00996729276484997,0,0,0,0,0,0,0.116315261121138,0
ood_combo,DS03,11,4,LPC_eff_mod,8,1,0,-0,0,0,0,0,0,0,0.116315261121138,0
ood_combo,DS03,11,4,LPC_flow_mod,9,1,0,-0,0,0,0,0,0,0,0.116315261121138,0
ood_combo,DS03,11,5,HPT_eff_mod,1,1,-0.0106269585910242,-0.00211613127054878,0,0,0,0,0,0,0.0886539294765829,0
ood_combo,DS03,11,5,fan_eff_mod,2,1,0,-0,0,0,0,0,0,0,0.0886539294765829,0
ood_combo,DS03,11,5,fan_flow_mod,3,1,0,-0,0,0,0,0,0,0,0.0886539294765829,0
ood_combo,DS03,11,5,HPC_eff_mod,4,1,0,-0,0,0,0,0,0,0,0.0886539294765829,0
ood_combo,DS03,11,5,HPC_flow_mod,5,1,0,-0,0,0,0,0,0,0,0.0886539294765829,0
ood_combo,DS03,11,5,LPT_eff_mod,6,1,0.0055632238440038,-0,0,0,0,0,0,0,0.0886539294765829,0
ood_combo,DS03,11,5,LPT_flow_mod,7,1,-0.00598035254951349,-0.00996729276484997,0,0,0,0,0,0,0.0886539294765829,0
ood_combo,DS03,11,5,LPC_eff_mod,8,1,0,-0,0,0,0,0,0,0,0.0886539294765829,0
ood_combo,DS03,11,5,LPC_flow_mod,9,1,0,-0,0,0,0,0,0,0,0.0886539294765829,0
ood_combo,DS03,11,6,HPT_eff_mod,1,1,2.57016340230523e-05,-0.00211613127054878,0,0,0,0,0,0,0.127179562961815,0
ood_combo,DS03,11,6,fan_eff_mod,2,1,0,-0,0,0,0,0,0,0,0.127179562961815,0
ood_combo,DS03,11,6,fan_flow_mod,3,1,0,-0,0,0,0,0,0,0,0.127179562961815,0
ood_combo,DS03,11,6,HPC_eff_mod,4,1,0,-0,0,0,0,0,0,0,0.127179562961815,0
ood_combo,DS03,11,6,HPC_flow_mod,5,1,0,-0,0,0,0,0,0,0,0.127179562961815,0
ood_combo,DS03,11,6,LPT_eff_mod,6,1,0.00445366212889056,-0,0,0,0,0,0,0,0.127179562961815,0
ood_combo,DS03,11,6,LPT_flow_mod,7,1,-0.00147936273726543,-0.00996729276484997,0,0,0,0,0,0,0.127179562961815,0
ood_combo,DS03,11,6,LPC_eff_mod,8,1,0,-0,0,0,0,0,0,0,0.127179562961815,0
ood_combo,DS03,11,6,LPC_flow_mod,9,1,0,-0,0,0,0,0,0,0,0.127179562961815,0
ood_combo,DS03,11,7,HPT_eff_mod,1,1,-0.0170178940115712,-0.00704541477576965,0,0,0,0,0,0,0.0731850649827567,0
ood_combo,DS03,11,7,fan_eff_mod,2,1,0,-0,0,0,0,0,0,0,0.0731850649827567,0
ood_combo,DS03,11,7,fan_flow_mod,3,1,0,-0,0,0,0,0,0,0,0.0731850649827567,0
ood_combo,DS03,11,7,HPC_eff_mod,4,1,0,-0,0,0,0,0,0,0,0.0731850649827567,0
ood_combo,DS03,11,7,HPC_flow_mod,5,1,0,-0,0,0,0,0,0,0,0.0731850649827567,0
ood_combo,DS03,11,7,LPT_eff_mod,6,1,-0.00103131012265579,-0,0,0,0,0,0,0,0.0731850649827567,0
ood_combo,DS03,11,7,LPT_flow_mod,7,1,-0.00946060088455968,-0.00996729276484997,0,0,0,0,0,0,0.0731850649827567,0
ood_combo,DS03,11,7,LPC_eff_mod,8,1,0,-0,0,0,0,0,0,0,0.0731850649827567,0
ood_combo,DS03,11,7,LPC_flow_mod,9,1,0,-0,0,0,0,0,0,0,0.0731850649827567,0
ood_combo,DS03,11,8,HPT_eff_mod,1,1,-0.0121704483773328,-0.00704541477576965,0,0,0,0,0,0,0.311029013149636,0
ood_combo,DS03,11,8,fan_eff_mod,2,1,0,-0,0,0,0,0,0,0,0.311029013149636,0
ood_combo,DS03,11,8,fan_flow_mod,3,1,0,-0,0,0,0,0,0,0,0.311029013149636,0
ood_combo,DS03,11,8,HPC_eff_mod,4,1,0,-0,0,0,0,0,0,0,0.311029013149636,0
ood_combo,DS03,11,8,HPC_flow_mod,5,1,0,-0,0,0,0,0,0,0,0.311029013149636,0
ood_combo,DS03,11,8,LPT_eff_mod,6,1,-0.00619404922987989,-0,0,0,0,0,0,0,0.311029013149636,0
ood_combo,DS03,11,8,LPT_flow_mod,7,1,-0.00817953682021547,-0.00996729276484997,0,0,0,0,0,0,0.311029013149636,0
ood_combo,DS03,11,8,LPC_eff_mod,8,1,0,-0,0,0,0,0,0,0,0.311029013149636,0
ood_combo,DS03,11,8,LPC_flow_mod,9,1,0,-0,0,0,0,0,0,0,0.311029013149636,0
ood_combo,DS03,11,9,HPT_eff_mod,1,1,-0.0180410731498191,-0.0141811790526848,0,0,0,0,0,0,0.279069792035722,0
ood_combo,DS03,11,9,fan_eff_mod,2,1,0,-0,0,0,0,0,0,0,0.279069792035722,0
ood_combo,DS03,11,9,fan_flow_mod,3,1,0,-0,0,0,0,0,0,0,0.279069792035722,0
ood_combo,DS03,11,9,HPC_eff_mod,4,1,0,-0,0,0,0,0,0,0,0.279069792035722,0
ood_combo,DS03,11,9,HPC_flow_mod,5,1,0,-0,0,0,0,0,0,0,0.279069792035722,0
ood_combo,DS03,11,9,LPT_eff_mod,6,1,0.000975888557650641,-8.59409710149497e-05,0,0,0,0,0,0,0.279069792035722,0
ood_combo,DS03,11,9,LPT_flow_mod,7,1,-0.00248784946456271,-0.00996729276484997,0,0,0,0,0,0,0.279069792035722,0
ood_combo,DS03,11,9,LPC_eff_mod,8,1,0,-0,0,0,0,0,0,0,0.279069792035722,0
ood_combo,DS03,11,9,LPC_flow_mod,9,1,0,-0,0,0,0,0,0,0,0.279069792035722,0
ood_combo,DS03,11,10,HPT_eff_mod,1,1,-0.00440830270879996,-0.0141811790526848,0,0,0,0,0,0,0.123507813031268,0
ood_combo,DS03,11,10,fan_eff_mod,2,1,0,-0,0,0,0,0,0,0,0.123507813031268,0
ood_combo,DS03,11,10,fan_flow_mod,3,1,0,-0,0,0,0,0,0,0,0.123507813031268,0
ood_combo,DS03,11,10,HPC_eff_mod,4,1,0,-0,0,0,0,0,0,0,0.123507813031268,0
ood_combo,DS03,11,10,HPC_flow_mod,5,1,0,-0,0,0,0,0,0,0,0.123507813031268,0
ood_combo,DS03,11,10,LPT_eff_mod,6,1,-0.00434389127774664,-8.59409710149497e-05,0,0,0,0,0,0,0.123507813031268,0
ood_combo,DS03,11,10,LPT_flow_mod,7,1,-0.0124789300412306,-0.00996729276484997,0,0,0,0,0,0,0.123507813031268,0
ood_combo,DS03,11,10,LPC_eff_mod,8,1,0,-0,0,0,0,0,0,0,0.123507813031268,0
ood_combo,DS03,11,10,LPC_flow_mod,9,1,0,-0,0,0,0,0,0,0,0.123507813031268,0
ood_combo,DS03,11,11,HPT_eff_mod,1,1,-0.0198279421705293,-0.0141811790526848,0,0,0,0,0,0,0.0975398326169688,0
ood_combo,DS03,11,11,fan_eff_mod,2,1,0,-0,0,0,0,0,0,0,0.0975398326169688,0
ood_combo,DS03,11,11,fan_flow_mod,3,1,0,-0,0,0,0,0,0,0,0.0975398326169688,0
ood_combo,DS03,11,11,HPC_eff_mod,4,1,0,-0,0,0,0,0,0,0,0.0975398326169688,0
ood_combo,DS03,11,11,HPC_flow_mod,5,1,0,-0,0,0,0,0,0,0,0.0975398326169688,0
ood_combo,DS03,11,11,LPT_eff_mod,6,1,-0.00381746411890683,-8.59409710149497e-05,0,0,0,0,0,0,0.0975398326169688,0
ood_combo,DS03,11,11,LPT_flow_mod,7,1,-0.00741683501412613,-0.0106570804318821,0,0,0,0,0,0,0.0975398326169688,0
ood_combo,DS03,11,11,LPC_eff_mod,8,1,0,-0,0,0,0,0,0,0,0.0975398326169688,0
ood_combo,DS03,11,11,LPC_flow_mod,9,1,0,-0,0,0,0,0,0,0,0.0975398326169688,0
ood_combo,DS03,11,12,HPT_eff_mod,1,1,-0.00933083729440753,-0.0141811790526848,0,0,0,0,0,0,0.197316100307313,0
ood_combo,DS03,11,12,fan_eff_mod,2,1,0,-0,0,0,0,0,0,0,0.197316100307313,0
ood_combo,DS03,11,12,fan_flow_mod,3,1,0,-0,0,0,0,0,0,0,0.197316100307313,0
ood_combo,DS03,11,12,HPC_eff_mod,4,1,0,-0,0,0,0,0,0,0,0.197316100307313,0
ood_combo,DS03,11,12,HPC_flow_mod,5,1,0,-0,0,0,0,0,0,0,0.197316100307313,0
ood_combo,DS03,11,12,LPT_eff_mod,6,1,-0.00351580549120779,-8.59409710149497e-05,0,0,0,0,0,0,0.197316100307313,0
ood_combo,DS03,11,12,LPT_flow_mod,7,1,-0.00784200948615315,-0.0106570804318821,0,0,0,0,0,0,0.197316100307313,0
ood_combo,DS03,11,12,LPC_eff_mod,8,1,0,-0,0,0,0,0,0,0,0.197316100307313,0
ood_combo,DS03,11,12,LPC_flow_mod,9,1,0,-0,0,0,0,0,0,0,0.197316100307313,0
ood_combo,DS03,11,13,HPT_eff_mod,1,1,-0.0119628214806164,-0.0141811790526848,0,1,0,1,0,1,0.171557534785606,0
ood_combo,DS03,11,13,fan_eff_mod,2,1,0,-0,0,0,0,0,0,1,0.171557534785606,0
ood_combo,DS03,11,13,fan_flow_mod,3,1,0,-0,0,0,0,0,0,1,0.171557534785606,0
ood_combo,DS03,11,13,HPC_eff_mod,4,1,0,-0,0,0,0,0,0,1,0.171557534785606,0
ood_combo,DS03,11,13,HPC_flow_mod,5,1,0,-0,0,0,0,0,0,1,0.171557534785606,0
ood_combo,DS03,11,13,LPT_eff_mod,6,1,-0.00164564316895242,-8.59409710149497e-05,0,0,0,0,0,1,0.171557534785606,0
ood_combo,DS03,11,13,LPT_flow_mod,7,1,-0.00943082340608867,-0.0106570804318821,0,0,0,0,0,1,0.171557534785606,0
ood_combo,DS03,11,13,LPC_eff_mod,8,1,0,-0,0,0,0,0,0,1,0.171557534785606,0
ood_combo,DS03,11,13,LPC_flow_mod,9,1,0,-0,0,0,0,0,0,1,0.171557534785606,0
ood_combo,DS03,11,14,HPT_eff_mod,1,1,-0.0126819635193693,-0.0141811790526848,0,1,0,1,0,1,0.0959225262943962,0
ood_combo,DS03,11,14,fan_eff_mod,2,1,0,-0,0,0,0,0,0,1,0.0959225262943962,0
ood_combo,DS03,11,14,fan_flow_mod,3,1,0,-0,0,0,0,0,0,1,0.0959225262943962,0
ood_combo,DS03,11,14,HPC_eff_mod,4,1,0,-0,0,0,0,0,0,1,0.0959225262943962,0
ood_combo,DS03,11,14,HPC_flow_mod,5,1,0,-0,0,0,0,0,0,1,0.0959225262943962,0
ood_combo,DS03,11,14,LPT_eff_mod,6,1,-0.000660926795472749,-0.00734216754230563,0,0,0,0,0,1,0.0959225262943962,0
ood_combo,DS03,11,14,LPT_flow_mod,7,1,-0.00616954987752631,-0.0106570804318821,0,0,0,0,0,1,0.0959225262943962,0
ood_combo,DS03,11,14,LPC_eff_mod,8,1,0,-0.000594067932309602,0,0,0,0,0,1,0.0959225262943962,0
ood_combo,DS03,11,14,LPC_flow_mod,9,1,0,-0,0,0,0,0,0,1,0.0959225262943962,0
ood_combo,DS03,11,15,HPT_eff_mod,1,1,-0.0109376792147226,-0.0141811790526848,0,1,0,1,0,1,0.11114766848638,0
ood_combo,DS03,11,15,fan_eff_mod,2,1,0,-0,0,0,0,0,0,1,0.11114766848638,0
ood_combo,DS03,11,15,fan_flow_mod,3,1,0,-0,0,0,0,0,0,1,0.11114766848638,0
ood_combo,DS03,11,15,HPC_eff_mod,4,1,0,-0,0,0,0,0,0,1,0.11114766848638,0
ood_combo,DS03,11,15,HPC_flow_mod,5,1,0,-0,0,0,0,0,0,1,0.11114766848638,0
ood_combo,DS03,11,15,LPT_eff_mod,6,1,-0.00950334039418842,-0.00872960042088366,0,0,0,0,0,1,0.11114766848638,0
ood_combo,DS03,11,15,LPT_flow_mod,7,1,-0.013457798955717,-0.0106570804318821,0,0,0,0,0,1,0.11114766848638,0
ood_combo,DS03,11,15,LPC_eff_mod,8,1,0,-0.000594067932309602,0,0,0,0,0,1,0.11114766848638,0
ood_combo,DS03,11,15,LPC_flow_mod,9,1,0,-0,0,0,0,0,0,1,0.11114766848638,0
ood_combo,DS03,11,16,HPT_eff_mod,1,1,-0.0260877053736371,-0.0168909405646158,0,1,0,1,0,1,0.254575221126675,0
ood_combo,DS03,11,16,fan_eff_mod,2,1,0,-0,0,0,0,0,0,1,0.254575221126675,0
ood_combo,DS03,11,16,fan_flow_mod,3,1,0,-0,0,0,0,0,0,1,0.254575221126675,0
ood_combo,DS03,11,16,HPC_eff_mod,4,1,0,-0,0,0,0,0,0,1,0.254575221126675,0
ood_combo,DS03,11,16,HPC_flow_mod,5,1,0,-0,0,0,0,0,0,1,0.254575221126675,0
ood_combo,DS03,11,16,LPT_eff_mod,6,1,-0.0111927484254285,-0.00872960042088366,0,0,0,0,0,1,0.254575221126675,0
ood_combo,DS03,11,16,LPT_flow_mod,7,1,-0.0142404767084475,-0.0106570804318821,0,0,0,0,0,1,0.254575221126675,0
ood_combo,DS03,11,16,LPC_eff_mod,8,1,0,-0.000594067932309602,0,0,0,0,0,1,0.254575221126675,0
ood_combo,DS03,11,16,LPC_flow_mod,9,1,0,-0,0,0,0,0,0,1,0.254575221126675,0
ood_combo,DS03,11,17,HPT_eff_mod,1,1,-0.0116424359894976,-0.0168909405646158,0,1,0,1,0,1,0.227057903017601,0
ood_combo,DS03,11,17,fan_eff_mod,2,1,0,-0,0,0,0,0,0,1,0.227057903017601,0
ood_combo,DS03,11,17,fan_flow_mod,3,1,0,-0,0,0,0,0,0,1,0.227057903017601,0
ood_combo,DS03,11,17,HPC_eff_mod,4,1,0,-0,0,0,0,0,0,1,0.227057903017601,0
ood_combo,DS03,11,17,HPC_flow_mod,5,1,0,-0,0,0,0,0,0,1,0.227057903017601,0
ood_combo,DS03,11,17,LPT_eff_mod,6,1,-0.00768001827401154,-0.00872960042088366,0,0,0,0,0,1,0.227057903017601,0
ood_combo,DS03,11,17,LPT_flow_mod,7,1,-0.00561208072973286,-0.0106570804318821,0,0,0,0,0,1,0.227057903017601,0
ood_combo,DS03,11,17,LPC_eff_mod,8,1,0,-0.000594067932309602,0,0,0,0,0,1,0.227057903017601,0
ood_combo,DS03,11,17,LPC_flow_mod,9,1,0,-0,0,0,0,0,0,1,0.227057903017601,0
ood_combo,DS03,11,18,HPT_eff_mod,1,1,-0.00901657615141224,-0.0168909405646158,0,1,0,1,0,1,0.100735915116533,0
ood_combo,DS03,11,18,fan_eff_mod,2,1,0,-0,0,0,0,0,0,1,0.100735915116533,0
ood_combo,DS03,11,18,fan_flow_mod,3,1,0,-0,0,0,0,0,0,1,0.100735915116533,0
ood_combo,DS03,11,18,HPC_eff_mod,4,1,0,-0,0,0,0,0,0,1,0.100735915116533,0
ood_combo,DS03,11,18,HPC_flow_mod,5,1,0,-0,0,0,0,0,0,1,0.100735915116533,0
ood_combo,DS03,11,18,LPT_eff_mod,6,1,-0.00664322183439749,-0.00872960042088366,0,0,0,0,0,1,0.100735915116533,0
ood_combo,DS03,11,18,LPT_flow_mod,7,1,-0.0105317012967368,-0.0106570804318821,0,0,0,0,0,1,0.100735915116533,0
ood_combo,DS03,11,18,LPC_eff_mod,8,1,0,-0.000594067932309602,0,0,0,0,0,1,0.100735915116533,0
ood_combo,DS03,11,18,LPC_flow_mod,9,1,0,-0,0,0,0,0,0,1,0.100735915116533,0
ood_combo,DS03,11,19,HPT_eff_mod,1,0,-0.0144140751191917,-0.0168909405646158,1,1,1,1,1,1,0.118325563795895,0
ood_combo,DS03,11,19,fan_eff_mod,2,0,0,-0,0,0,0,0,1,1,0.118325563795895,0
ood_combo,DS03,11,19,fan_flow_mod,3,0,0,-0,0,0,0,0,1,1,0.118325563795895,0
ood_combo,DS03,11,19,HPC_eff_mod,4,0,0,-0,0,0,0,0,1,1,0.118325563795895,0
ood_combo,DS03,11,19,HPC_flow_mod,5,0,0,-0,0,0,0,0,1,1,0.118325563795895,0
ood_combo,DS03,11,19,LPT_eff_mod,6,0,-0.00722527295134372,-0.00872960042088366,1,0,1,0,1,1,0.118325563795895,0
ood_combo,DS03,11,19,LPT_flow_mod,7,0,-0.0133725297197665,-0.0106570804318821,1,0,1,0,1,1,0.118325563795895,0
ood_combo,DS03,11,19,LPC_eff_mod,8,0,0,-0.000594067932309602,0,0,0,0,1,1,0.118325563795895,0
ood_combo,DS03,11,19,LPC_flow_mod,9,0,0,-0,0,0,0,0,1,1,0.118325563795895,0
ood_combo,DS03,11,20,HPT_eff_mod,1,0,-0.0329914482987715,-0.0168909405646158,1,1,2,1,2,1,0.245428924869739,0
ood_combo,DS03,11,20,fan_eff_mod,2,0,0,-0,0,0,0,0,2,1,0.245428924869739,0
ood_combo,DS03,11,20,fan_flow_mod,3,0,0,-0,0,0,0,0,2,1,0.245428924869739,0
ood_combo,DS03,11,20,HPC_eff_mod,4,0,0,-0,0,0,0,0,2,1,0.245428924869739,0
ood_combo,DS03,11,20,HPC_flow_mod,5,0,0,-0,0,0,0,0,2,1,0.245428924869739,0
ood_combo,DS03,11,20,LPT_eff_mod,6,0,2.17813308918402e-05,-0.00872960042088366,1,0,1,0,2,1,0.245428924869739,0
ood_combo,DS03,11,20,LPT_flow_mod,7,0,-0.016214273628652,-0.0256570192944691,1,0,1,0,2,1,0.245428924869739,0
ood_combo,DS03,11,20,LPC_eff_mod,8,0,0,-0.000594067932309602,0,0,0,0,2,1,0.245428924869739,0
ood_combo,DS03,11,20,LPC_flow_mod,9,0,0,-0,0,0,0,0,2,1,0.245428924869739,0
ood_combo,DS03,11,21,HPT_eff_mod,1,0,-0.0318110873515918,-0.0239419959715795,1,1,2,1,2,1,0.158235747316668,0
ood_combo,DS03,11,21,fan_eff_mod,2,0,0,-0,0,0,0,0,2,1,0.158235747316668,0
ood_combo,DS03,11,21,fan_flow_mod,3,0,0,-0,0,0,0,0,2,1,0.158235747316668,0
ood_combo,DS03,11,21,HPC_eff_mod,4,0,0,-0,0,0,0,0,2,1,0.158235747316668,0
ood_combo,DS03,11,21,HPC_flow_mod,5,0,0,-0,0,0,0,0,2,1,0.158235747316668,0
ood_combo,DS03,11,21,LPT_eff_mod,6,0,-0.00737622790196955,-0.00872960042088366,1,0,1,0,2,1,0.158235747316668,0
ood_combo,DS03,11,21,LPT_flow_mod,7,0,-0.0209927806428288,-0.0256570192944691,1,0,1,0,2,1,0.158235747316668,0
ood_combo,DS03,11,21,LPC_eff_mod,8,0,0,-0.000594067932309602,0,0,0,0,2,1,0.158235747316668,0
ood_combo,DS03,11,21,LPC_flow_mod,9,0,0,-0,0,0,0,0,2,1,0.158235747316668,0
ood_combo,DS03,11,22,HPT_eff_mod,1,0,-0.0335366365228839,-0.0239419959715795,1,1,2,1,2,1,0.28375992014058,0
ood_combo,DS03,11,22,fan_eff_mod,2,0,0,-0,0,0,0,0,2,1,0.28375992014058,0
ood_combo,DS03,11,22,fan_flow_mod,3,0,0,-0,0,0,0,0,2,1,0.28375992014058,0
ood_combo,DS03,11,22,HPC_eff_mod,4,0,0,-0,0,0,0,0,2,1,0.28375992014058,0
ood_combo,DS03,11,22,HPC_flow_mod,5,0,0,-0,0,0,0,0,2,1,0.28375992014058,0
ood_combo,DS03,11,22,LPT_eff_mod,6,0,-0.00587492998906017,-0.00872960042088366,1,0,1,0,2,1,0.28375992014058,0
ood_combo,DS03,11,22,LPT_flow_mod,7,0,-0.0282192745737173,-0.0256570192944691,1,0,1,0,2,1,0.28375992014058,0
ood_combo,DS03,11,22,LPC_eff_mod,8,0,0,-0.000594067932309602,0,0,0,0,2,1,0.28375992014058,0
ood_combo,DS03,11,22,LPC_flow_mod,9,0,0,-0,0,0,0,0,2,1,0.28375992014058,0
ood_combo,DS03,11,23,HPT_eff_mod,1,0,-0.0333877075100009,-0.0239419959715795,1,1,2,1,2,1,0.10065655842248,0
ood_combo,DS03,11,23,fan_eff_mod,2,0,0,-0,0,0,0,0,2,1,0.10065655842248,0
ood_combo,DS03,11,23,fan_flow_mod,3,0,0,-0,0,0,0,0,2,1,0.10065655842248,0
ood_combo,DS03,11,23,HPC_eff_mod,4,0,0,-0,0,0,0,0,2,1,0.10065655842248,0
ood_combo,DS03,11,23,HPC_flow_mod,5,0,0,-0,0,0,0,0,2,1,0.10065655842248,0
ood_combo,DS03,11,23,LPT_eff_mod,6,0,-0.00689852651704149,-0.0119296078043104,1,0,1,0,2,1,0.10065655842248,0
ood_combo,DS03,11,23,LPT_flow_mod,7,0,-0.014974929441647,-0.0256570192944691,1,0,1,0,2,1,0.10065655842248,0
ood_combo,DS03,11,23,LPC_eff_mod,8,0,0,-0.000594067932309602,0,0,0,0,2,1,0.10065655842248,0
ood_combo,DS03,11,23,LPC_flow_mod,9,0,0,-0,0,0,0,0,2,1,0.10065655842248,0
ood_combo,DS03,11,24,HPT_eff_mod,1,0,-0.0390477235086665,-0.0263871658274977,1,1,2,1,2,1,0.110836849356701,0
ood_combo,DS03,11,24,fan_eff_mod,2,0,0,-0,0,0,0,0,2,1,0.110836849356701,0
ood_combo,DS03,11,24,fan_flow_mod,3,0,0,-0,0,0,0,0,2,1,0.110836849356701,0
ood_combo,DS03,11,24,HPC_eff_mod,4,0,0,-0,0,0,0,0,2,1,0.110836849356701,0
ood_combo,DS03,11,24,HPC_flow_mod,5,0,0,-0,0,0,0,0,2,1,0.110836849356701,0
ood_combo,DS03,11,24,LPT_eff_mod,6,0,-0.00858739164918135,-0.0119296078043104,1,0,1,0,2,1,0.110836849356701,0
ood_combo,DS03,11,24,LPT_flow_mod,7,0,-0.0121961593477769,-0.0256570192944691,1,1,1,1,2,1,0.110836849356701,0
ood_combo,DS03,11,24,LPC_eff_mod,8,0,0,-0.000594067932309602,0,0,0,0,2,1,0.110836849356701,0
ood_combo,DS03,11,24,LPC_flow_mod,9,0,0,-0,0,0,0,0,2,1,0.110836849356701,0
ood_combo,DS03,11,25,HPT_eff_mod,1,0,-0.0432404313718158,-0.0311944260481188,1,1,2,2,2,2,0.131223362917434,0
ood_combo,DS03,11,25,fan_eff_mod,2,0,0,-0,0,0,0,0,2,2,0.131223362917434,0
ood_combo,DS03,11,25,fan_flow_mod,3,0,0,-0,0,0,0,0,2,2,0.131223362917434,0
ood_combo,DS03,11,25,HPC_eff_mod,4,0,0,-0,0,0,0,0,2,2,0.131223362917434,0
ood_combo,DS03,11,25,HPC_flow_mod,5,0,0,-0,0,0,0,0,2,2,0.131223362917434,0
ood_combo,DS03,11,25,LPT_eff_mod,6,0,-0.00456357152486547,-0.0119296078043104,1,0,1,0,2,2,0.131223362917434,0
ood_combo,DS03,11,25,LPT_flow_mod,7,0,-0.0222203567542865,-0.027460223378608,1,1,1,1,2,2,0.131223362917434,0
ood_combo,DS03,11,25,LPC_eff_mod,8,0,0,-0.000594067932309602,0,0,0,0,2,2,0.131223362917434,0
ood_combo,DS03,11,25,LPC_flow_mod,9,0,0,-0,0,0,0,0,2,2,0.131223362917434,0
ood_combo,DS03,11,26,HPT_eff_mod,1,0,-0.0471720854827521,-0.0379001931688173,1,1,2,2,2,2,0.305111414539795,0
ood_combo,DS03,11,26,fan_eff_mod,2,0,0,-0,0,0,0,0,2,2,0.305111414539795,0
ood_combo,DS03,11,26,fan_flow_mod,3,0,0,-0,0,0,0,0,2,2,0.305111414539795,0
ood_combo,DS03,11,26,HPC_eff_mod,4,0,0,-0,0,0,0,0,2,2,0.305111414539795,0
ood_combo,DS03,11,26,HPC_flow_mod,5,0,0,-0,0,0,0,0,2,2,0.305111414539795,0
ood_combo,DS03,11,26,LPT_eff_mod,6,0,-0.0119577132839259,-0.0181964972358442,1,0,1,0,2,2,0.305111414539795,0
ood_combo,DS03,11,26,LPT_flow_mod,7,0,-0.0274298208633141,-0.027460223378608,1,1,1,1,2,2,0.305111414539795,0
ood_combo,DS03,11,26,LPC_eff_mod,8,0,0,-0.000594067932309602,0,0,0,0,2,2,0.305111414539795,0
ood_combo,DS03,11,26,LPC_flow_mod,9,0,0,-0,0,0,0,0,2,2,0.305111414539795,0
ood_combo,DS03,11,27,HPT_eff_mod,1,0,-0.0496706003624977,-0.0379001931688173,1,1,2,2,2,2,0.115726906733359,0
ood_combo,DS03,11,27,fan_eff_mod,2,0,0,-0,0,0,0,0,2,2,0.115726906733359,0
ood_combo,DS03,11,27,fan_flow_mod,3,0,0,-0,0,0,0,0,2,2,0.115726906733359,0
ood_combo,DS03,11,27,HPC_eff_mod,4,0,0,-0,0,0,0,0,2,2,0.115726906733359,0
ood_combo,DS03,11,27,HPC_flow_mod,5,0,0,-0,0,0,0,0,2,2,0.115726906733359,0
ood_combo,DS03,11,27,LPT_eff_mod,6,0,-0.0124638976024284,-0.0181964972358442,1,0,1,0,2,2,0.115726906733359,0
ood_combo,DS03,11,27,LPT_flow_mod,7,0,-0.0340669115615078,-0.0425747165372024,1,1,2,2,2,2,0.115726906733359,0
ood_combo,DS03,11,27,LPC_eff_mod,8,0,0,-0.000594067932309602,0,0,0,0,2,2,0.115726906733359,0
ood_combo,DS03,11,27,LPC_flow_mod,9,0,0,-0,0,0,0,0,2,2,0.115726906733359,0
ood_combo,DS03,11,28,HPT_eff_mod,1,0,-0.0517877746647384,-0.0379001931688173,1,1,2,2,2,2,0.121687186315997,0
ood_combo,DS03,11,28,fan_eff_mod,2,0,0,-0,0,0,0,0,2,2,0.121687186315997,0
ood_combo,DS03,11,28,fan_flow_mod,3,0,0,-0,0,0,0,0,2,2,0.121687186315997,0
ood_combo,DS03,11,28,HPC_eff_mod,4,0,0,-0,0,0,0,0,2,2,0.121687186315997,0
ood_combo,DS03,11,28,HPC_flow_mod,5,0,0,-0,0,0,0,0,2,2,0.121687186315997,0
ood_combo,DS03,11,28,LPT_eff_mod,6,0,-0.0147076219611225,-0.0181964972358442,1,0,1,0,2,2,0.121687186315997,0
ood_combo,DS03,11,28,LPT_flow_mod,7,0,-0.0203287147405345,-0.0425747165372024,1,1,2,2,2,2,0.121687186315997,0
ood_combo,DS03,11,28,LPC_eff_mod,8,0,0,-0.000594067932309602,0,0,0,0,2,2,0.121687186315997,0
ood_combo,DS03,11,28,LPC_flow_mod,9,0,0,-0,0,0,0,0,2,2,0.121687186315997,0
ood_combo,DS03,11,29,HPT_eff_mod,1,0,-0.0520592217038519,-0.0542708802832709,1,1,2,2,2,2,0.125512729738118,0
ood_combo,DS03,11,29,fan_eff_mod,2,0,0,-0,0,0,0,0,2,2,0.125512729738118,0
ood_combo,DS03,11,29,fan_flow_mod,3,0,0,-0,0,0,0,0,2,2,0.125512729738118,0
ood_combo,DS03,11,29,HPC_eff_mod,4,0,0,-0,0,0,0,0,2,2,0.125512729738118,0
ood_combo,DS03,11,29,HPC_flow_mod,5,0,0,-0,0,0,0,0,2,2,0.125512729738118,0
ood_combo,DS03,11,29,LPT_eff_mod,6,0,-0.00954914066519572,-0.0181964972358442,1,0,1,0,2,2,0.125512729738118,0
ood_combo,DS03,11,29,LPT_flow_mod,7,0,-0.0401963025171192,-0.0425747165372024,1,1,2,2,2,2,0.125512729738118,0
ood_combo,DS03,11,29,LPC_eff_mod,8,0,0,-0.000594067932309602,0,0,0,0,2,2,0.125512729738118,0
ood_combo,DS03,11,29,LPC_flow_mod,9,0,0,-0,0,0,0,0,2,2,0.125512729738118,0
ood_combo,DS03,11,30,HPT_eff_mod,1,0,-0.0572259771203459,-0.0577344588511209,1,1,2,2,2,2,0.229831318640035,0
ood_combo,DS03,11,30,fan_eff_mod,2,0,0,-0,0,0,0,0,2,2,0.229831318640035,0
ood_combo,DS03,11,30,fan_flow_mod,3,0,0,-0,0,0,0,0,2,2,0.229831318640035,0
ood_combo,DS03,11,30,HPC_eff_mod,4,0,0,-0,0,0,0,0,2,2,0.229831318640035,0
ood_combo,DS03,11,30,HPC_flow_mod,5,0,0,-0,0,0,0,0,2,2,0.229831318640035,0
ood_combo,DS03,11,30,LPT_eff_mod,6,0,-0.0199487685352499,-0.0189662241996723,1,1,1,1,2,2,0.229831318640035,0
ood_combo,DS03,11,30,LPT_flow_mod,7,0,-0.0416090517923517,-0.0425747165372024,1,1,2,2,2,2,0.229831318640035,0
ood_combo,DS03,11,30,LPC_eff_mod,8,0,0,-0.000594067932309602,0,0,0,0,2,2,0.229831318640035,0
ood_combo,DS03,11,30,LPC_flow_mod,9,0,0,-0,0,0,0,0,2,2,0.229831318640035,0
ood_combo,DS03,11,31,HPT_eff_mod,1,0,-0.0687269152289521,-0.0577344588511209,1,1,2,2,2,2,0.344736227624561,0
ood_combo,DS03,11,31,fan_eff_mod,2,0,0,-0,0,0,0,0,2,2,0.344736227624561,0
ood_combo,DS03,11,31,fan_flow_mod,3,0,0,-0,0,0,0,0,2,2,0.344736227624561,0
ood_combo,DS03,11,31,HPC_eff_mod,4,0,0,-0,0,0,0,0,2,2,0.344736227624561,0
ood_combo,DS03,11,31,HPC_flow_mod,5,0,0,-0,0,0,0,0,2,2,0.344736227624561,0
ood_combo,DS03,11,31,LPT_eff_mod,6,0,-0.0224533891797836,-0.0249128202962264,1,1,1,1,2,2,0.344736227624561,0
ood_combo,DS03,11,31,LPT_flow_mod,7,0,-0.0342880536222921,-0.0425747165372024,1,1,2,2,2,2,0.344736227624561,0
ood_combo,DS03,11,31,LPC_eff_mod,8,0,0,-0.000594067932309602,0,0,0,0,2,2,0.344736227624561,0
ood_combo,DS03,11,31,LPC_flow_mod,9,0,0,-0,0,0,0,0,2,2,0.344736227624561,0
ood_combo,DS03,11,32,HPT_eff_mod,1,0,-0.0799270933975871,-0.0577344588511209,1,1,2,2,2,2,0.143030103932553,0
ood_combo,DS03,11,32,fan_eff_mod,2,0,0,-0,0,0,0,0,2,2,0.143030103932553,0
ood_combo,DS03,11,32,fan_flow_mod,3,0,0,-0,0,0,0,0,2,2,0.143030103932553,0
ood_combo,DS03,11,32,HPC_eff_mod,4,0,0,-0,0,0,0,0,2,2,0.143030103932553,0
ood_combo,DS03,11,32,HPC_flow_mod,5,0,0,-0,0,0,0,0,2,2,0.143030103932553,0
ood_combo,DS03,11,32,LPT_eff_mod,6,0,-0.0163171375557829,-0.0249128202962264,1,1,1,1,2,2,0.143030103932553,0
ood_combo,DS03,11,32,LPT_flow_mod,7,0,-0.0509300563491351,-0.0694080161707475,1,1,2,2,2,2,0.143030103932553,0
ood_combo,DS03,11,32,LPC_eff_mod,8,0,0,-0.000594067932309602,0,0,0,0,2,2,0.143030103932553,0
ood_combo,DS03,11,32,LPC_flow_mod,9,0,0,-0,0,0,0,0,2,2,0.143030103932553,0
ood_combo,DS03,11,33,HPT_eff_mod,1,0,-0.0779840998048252,-0.0577344588511209,1,1,2,2,2,2,0.284151475949231,0
ood_combo,DS03,11,33,fan_eff_mod,2,0,0,-0,0,0,0,0,2,2,0.284151475949231,0
ood_combo,DS03,11,33,fan_flow_mod,3,0,0,-0,0,0,0,0,2,2,0.284151475949231,0
ood_combo,DS03,11,33,HPC_eff_mod,4,0,0,-0,0,0,0,0,2,2,0.284151475949231,0
ood_combo,DS03,11,33,HPC_flow_mod,5,0,0,-0,0,0,0,0,2,2,0.284151475949231,0
ood_combo,DS03,11,33,LPT_eff_mod,6,0,-0.0196385432908366,-0.0249128202962264,1,1,1,1,2,2,0.284151475949231,0
ood_combo,DS03,11,33,LPT_flow_mod,7,0,-0.0473583081914686,-0.0694080161707475,1,1,2,2,2,2,0.284151475949231,0
ood_combo,DS03,11,33,LPC_eff_mod,8,0,0,-0.000594067932309602,0,0,0,0,2,2,0.284151475949231,0
ood_combo,DS03,11,33,LPC_flow_mod,9,0,0,-0,0,0,0,0,2,2,0.284151475949231,0
ood_combo,DS03,11,34,HPT_eff_mod,1,0,-0.085731592954176,-0.0703042322798636,1,1,2,2,2,2,0.100672593688479,0
ood_combo,DS03,11,34,fan_eff_mod,2,0,0,-0,0,0,0,0,2,2,0.100672593688479,0
ood_combo,DS03,11,34,fan_flow_mod,3,0,0,-0,0,0,0,0,2,2,0.100672593688479,0
ood_combo,DS03,11,34,HPC_eff_mod,4,0,0,-0,0,0,0,0,2,2,0.100672593688479,0
ood_combo,DS03,11,34,HPC_flow_mod,5,0,0,-0,0,0,0,0,2,2,0.100672593688479,0
ood_combo,DS03,11,34,LPT_eff_mod,6,0,-0.016339859540774,-0.0250879717768917,1,1,1,1,2,2,0.100672593688479,0
ood_combo,DS03,11,34,LPT_flow_mod,7,0,-0.0483928870206655,-0.0694080161707475,1,1,2,2,2,2,0.100672593688479,0
ood_combo,DS03,11,34,LPC_eff_mod,8,0,0,-0.000594067932309602,0,0,0,0,2,2,0.100672593688479,0
ood_combo,DS03,11,34,LPC_flow_mod,9,0,0,-0,0,0,0,0,2,2,0.100672593688479,0
ood_combo,DS03,11,35,HPT_eff_mod,1,0,-0.0865878293178625,-0.0703042322798636,1,1,2,2,2,2,0.074387103043655,0
ood_combo,DS03,11,35,fan_eff_mod,2,0,0,-0,0,0,0,0,2,2,0.074387103043655,0
ood_combo,DS03,11,35,fan_flow_mod,3,0,0,-0,0,0,0,0,2,2,0.074387103043655,0
ood_combo,DS03,11,35,HPC_eff_mod,4,0,0,-0,0,0,0,0,2,2,0.074387103043655,0
ood_combo,DS03,11,35,HPC_flow_mod,5,0,0,-0,0,0,0,0,2,2,0.074387103043655,0
ood_combo,DS03,11,35,LPT_eff_mod,6,0,-0.0218309139843484,-0.0250879717768917,1,1,1,1,2,2,0.074387103043655,0
ood_combo,DS03,11,35,LPT_flow_mod,7,0,-0.051405472164497,-0.0694080161707475,1,1,2,2,2,2,0.074387103043655,0
ood_combo,DS03,11,35,LPC_eff_mod,8,0,0,-0.000594067932309602,0,0,0,0,2,2,0.074387103043655,0
ood_combo,DS03,11,35,LPC_flow_mod,9,0,0,-0,0,0,0,0,2,2,0.074387103043655,0
ood_combo,DS03,11,36,HPT_eff_mod,1,0,-0.0980042979293088,-0.0934137091665899,1,1,2,2,2,2,0.160705711119581,0
ood_combo,DS03,11,36,fan_eff_mod,2,0,0,-0,0,0,0,0,2,2,0.160705711119581,0
ood_combo,DS03,11,36,fan_flow_mod,3,0,0,-0,0,0,0,0,2,2,0.160705711119581,0
ood_combo,DS03,11,36,HPC_eff_mod,4,0,0,-0,0,0,0,0,2,2,0.160705711119581,0
ood_combo,DS03,11,36,HPC_flow_mod,5,0,0,-0,0,0,0,0,2,2,0.160705711119581,0
ood_combo,DS03,11,36,LPT_eff_mod,6,0,-0.0246907573590699,-0.0250879717768917,1,1,1,1,2,2,0.160705711119581,0
ood_combo,DS03,11,36,LPT_flow_mod,7,0,-0.0695996548337419,-0.0821317784350204,1,1,2,2,2,2,0.160705711119581,0
ood_combo,DS03,11,36,LPC_eff_mod,8,0,0,-0.000594067932309602,0,0,0,0,2,2,0.160705711119581,0
ood_combo,DS03,11,36,LPC_flow_mod,9,0,0,-0,0,0,0,0,2,2,0.160705711119581,0
ood_combo,DS03,11,37,HPT_eff_mod,1,0,-0.107580830763497,-0.0934137091665899,1,1,2,2,2,2,0.0995023350109455,0
ood_combo,DS03,11,37,fan_eff_mod,2,0,0,-0,0,0,0,0,2,2,0.0995023350109455,0
ood_combo,DS03,11,37,fan_flow_mod,3,0,0,-0,0,0,0,0,2,2,0.0995023350109455,0
ood_combo,DS03,11,37,HPC_eff_mod,4,0,0,-0,0,0,0,0,2,2,0.0995023350109455,0
ood_combo,DS03,11,37,HPC_flow_mod,5,0,0,-0,0,0,0,0,2,2,0.0995023350109455,0
ood_combo,DS03,11,37,LPT_eff_mod,6,0,-0.025738730951104,-0.0261064078327706,1,1,1,1,2,2,0.0995023350109455,0
ood_combo,DS03,11,37,LPT_flow_mod,7,0,-0.0692531519609465,-0.0821317784350204,1,1,2,2,2,2,0.0995023350109455,0
ood_combo,DS03,11,37,LPC_eff_mod,8,0,0,-0.000594067932309602,0,0,0,0,2,2,0.0995023350109455,0
ood_combo,DS03,11,37,LPC_flow_mod,9,0,0,-0,0,0,0,0,2,2,0.0995023350109455,0
ood_combo,DS03,11,38,HPT_eff_mod,1,0,-0.116021214992828,-0.0934137091665899,1,1,2,2,2,2,0.112235613065005,0
ood_combo,DS03,11,38,fan_eff_mod,2,0,0,-0,0,0,0,0,2,2,0.112235613065005,0
ood_combo,DS03,11,38,fan_flow_mod,3,0,0,-0,0,0,0,0,2,2,0.112235613065005,0
ood_combo,DS03,11,38,HPC_eff_mod,4,0,0,-0,0,0,0,0,2,2,0.112235613065005,0
ood_combo,DS03,11,38,HPC_flow_mod,5,0,0,-0,0,0,0,0,2,2,0.112235613065005,0
ood_combo,DS03,11,38,LPT_eff_mod,6,0,-0.0292854935938597,-0.0261064078327706,1,1,1,1,2,2,0.112235613065005,0
ood_combo,DS03,11,38,LPT_flow_mod,7,0,-0.081047057408648,-0.0916103538174752,1,1,2,2,2,2,0.112235613065005,0
ood_combo,DS03,11,38,LPC_eff_mod,8,0,0,-0.000594067932309602,0,0,0,0,2,2,0.112235613065005,0
ood_combo,DS03,11,38,LPC_flow_mod,9,0,0,-0,0,0,0,0,2,2,0.112235613065005,0
ood_combo,DS03,11,39,HPT_eff_mod,1,0,-0.129241159771123,-0.124526424098568,1,1,2,2,2,2,0.119439123456036,0
ood_combo,DS03,11,39,fan_eff_mod,2,0,0,-0,0,0,0,0,2,2,0.119439123456036,0
ood_combo,DS03,11,39,fan_flow_mod,3,0,0,-0,0,0,0,0,2,2,0.119439123456036,0
ood_combo,DS03,11,39,HPC_eff_mod,4,0,0,-0,0,0,0,0,2,2,0.119439123456036,0
ood_combo,DS03,11,39,HPC_flow_mod,5,0,0,-0,0,0,0,0,2,2,0.119439123456036,0
ood_combo,DS03,11,39,LPT_eff_mod,6,0,-0.0332676744383402,-0.0261064078327706,1,1,2,1,2,2,0.119439123456036,0
ood_combo,DS03,11,39,LPT_flow_mod,7,0,-0.0887776212111106,-0.0968518175653582,1,1,2,2,2,2,0.119439123456036,0
ood_combo,DS03,11,39,LPC_eff_mod,8,0,0,-0.000594067932309602,0,0,0,0,2,2,0.119439123456036,0
ood_combo,DS03,11,39,LPC_flow_mod,9,0,0,-0,0,0,0,0,2,2,0.119439123456036,0
ood_combo,DS03,11,40,HPT_eff_mod,1,0,-0.139629132903844,-0.124526424098568,1,1,2,2,2,2,0.091663787951718,0
ood_combo,DS03,11,40,fan_eff_mod,2,0,0,-0,0,0,0,0,2,2,0.091663787951718,0
ood_combo,DS03,11,40,fan_flow_mod,3,0,0,-0,0,0,0,0,2,2,0.091663787951718,0
ood_combo,DS03,11,40,HPC_eff_mod,4,0,0,-7.71143661390337e-05,0,0,0,0,2,2,0.091663787951718,0
ood_combo,DS03,11,40,HPC_flow_mod,5,0,0,-0,0,0,0,0,2,2,0.091663787951718,0
ood_combo,DS03,11,40,LPT_eff_mod,6,0,-0.0263851125840243,-0.0261064078327706,1,1,2,1,2,2,0.091663787951718,0
ood_combo,DS03,11,40,LPT_flow_mod,7,0,-0.0893167416242117,-0.112504354351782,1,1,2,2,2,2,0.091663787951718,0
ood_combo,DS03,11,40,LPC_eff_mod,8,0,0,-0.00239831387437661,0,0,0,0,2,2,0.091663787951718,0
ood_combo,DS03,11,40,LPC_flow_mod,9,0,0,-0,0,0,0,0,2,2,0.091663787951718,0
ood_combo,DS03,11,41,HPT_eff_mod,1,0,-0.149935875625837,-0.134709094695866,1,1,2,2,2,2,0.117856887272488,0
ood_combo,DS03,11,41,fan_eff_mod,2,0,0,-0,0,0,0,0,2,2,0.117856887272488,0
ood_combo,DS03,11,41,fan_flow_mod,3,0,0,-0,0,0,0,0,2,2,0.117856887272488,0
ood_combo,DS03,11,41,HPC_eff_mod,4,0,0,-0.00249316784958291,0,0,0,0,2,2,0.117856887272488,0
ood_combo,DS03,11,41,HPC_flow_mod,5,0,0,-0,0,0,0,0,2,2,0.117856887272488,0
ood_combo,DS03,11,41,LPT_eff_mod,6,0,-0.0363488595470536,-0.040381864369388,1,1,2,2,2,2,0.117856887272488,0
ood_combo,DS03,11,41,LPT_flow_mod,7,0,-0.0939860017550744,-0.112504354351782,1,1,2,2,2,2,0.117856887272488,0
ood_combo,DS03,11,41,LPC_eff_mod,8,0,0,-0.00595180044436105,0,0,0,0,2,2,0.117856887272488,0
ood_combo,DS03,11,41,LPC_flow_mod,9,0,0,-0,0,0,0,0,2,2,0.117856887272488,0
ood_combo,DS03,11,42,HPT_eff_mod,1,0,-0.157210185751311,-0.143763078398954,1,1,2,2,2,2,0.113947672582251,0
ood_combo,DS03,11,42,fan_eff_mod,2,0,0,-0,0,0,0,0,2,2,0.113947672582251,0
ood_combo,DS03,11,42,fan_flow_mod,3,0,0,-0,0,0,0,0,2,2,0.113947672582251,0
ood_combo,DS03,11,42,HPC_eff_mod,4,0,0,-0.00249316784958291,0,0,0,0,2,2,0.113947672582251,0
ood_combo,DS03,11,42,HPC_flow_mod,5,0,0,-0,0,0,0,0,2,2,0.113947672582251,0
ood_combo,DS03,11,42,LPT_eff_mod,6,0,-0.0382911030393703,-0.0453582394075841,1,1,2,2,2,2,0.113947672582251,0
ood_combo,DS03,11,42,LPT_flow_mod,7,0,-0.098754480837139,-0.112504354351782,1,1,2,2,2,2,0.113947672582251,0
ood_combo,DS03,11,42,LPC_eff_mod,8,0,0,-0.00595180044436105,0,0,0,0,2,2,0.113947672582251,0
ood_combo,DS03,11,42,LPC_flow_mod,9,0,0,-0,0,0,0,0,2,2,0.113947672582251,0
ood_combo,DS03,11,43,HPT_eff_mod,1,0,-0.179825859966429,-0.16443587408482,1,1,2,2,2,2,0.196405033377856,0
ood_combo,DS03,11,43,fan_eff_mod,2,0,0,-0,0,0,0,0,2,2,0.196405033377856,0
ood_combo,DS03,11,43,fan_flow_mod,3,0,0,-0,0,0,0,0,2,2,0.196405033377856,0
ood_combo,DS03,11,43,HPC_eff_mod,4,0,0,-0.00249316784958291,0,0,0,0,2,2,0.196405033377856,0
ood_combo,DS03,11,43,HPC_flow_mod,5,0,0,-0,0,0,0,0,2,2,0.196405033377856,0
ood_combo,DS03,11,43,LPT_eff_mod,6,0,-0.0472051703152243,-0.0453582394075841,1,1,2,2,2,2,0.196405033377856,0
ood_combo,DS03,11,43,LPT_flow_mod,7,0,-0.116703127153838,-0.131008436986894,1,1,2,2,2,2,0.196405033377856,0
ood_combo,DS03,11,43,LPC_eff_mod,8,0,0,-0.00595180044436105,0,0,0,0,2,2,0.196405033377856,0
ood_combo,DS03,11,43,LPC_flow_mod,9,0,0,-0,0,0,0,0,2,2,0.196405033377856,0
ood_combo,DS03,11,44,HPT_eff_mod,1,0,-0.192553830619329,-0.16443587408482,1,1,2,2,2,2,0.144864821560883,0
ood_combo,DS03,11,44,fan_eff_mod,2,0,0,-0,0,0,0,0,2,2,0.144864821560883,0
ood_combo,DS03,11,44,fan_flow_mod,3,0,0,-0,0,0,0,0,2,2,0.144864821560883,0
ood_combo,DS03,11,44,HPC_eff_mod,4,0,0,-0.00249316784958291,0,0,0,0,2,2,0.144864821560883,0
ood_combo,DS03,11,44,HPC_flow_mod,5,0,0,-0,0,0,0,0,2,2,0.144864821560883,0
ood_combo,DS03,11,44,LPT_eff_mod,6,0,-0.043021955556885,-0.0453582394075841,1,1,2,2,2,2,0.144864821560883,0
ood_combo,DS03,11,44,LPT_flow_mod,7,0,-0.115020660698305,-0.131008436986894,1,1,2,2,2,2,0.144864821560883,0
ood_combo,DS03,11,44,LPC_eff_mod,8,0,0,-0.00595180044436105,0,0,0,0,2,2,0.144864821560883,0
ood_combo,DS03,11,44,LPC_flow_mod,9,0,0,-0,0,0,0,0,2,2,0.144864821560883,0
ood_combo,DS03,11,45,HPT_eff_mod,1,0,-0.206672785422448,-0.190829024158178,1,1,3,2,3,2,0.162008357501098,0
ood_combo,DS03,11,45,fan_eff_mod,2,0,0,-0,0,0,0,0,3,2,0.162008357501098,0
ood_combo,DS03,11,45,fan_flow_mod,3,0,0,-0,0,0,0,0,3,2,0.162008357501098,0
ood_combo,DS03,11,45,HPC_eff_mod,4,0,0,-0.00249316784958291,0,0,0,0,3,2,0.162008357501098,0
ood_combo,DS03,11,45,HPC_flow_mod,5,0,0,-0,0,0,0,0,3,2,0.162008357501098,0
ood_combo,DS03,11,45,LPT_eff_mod,6,0,-0.0510047070685157,-0.0588871204422511,1,1,2,2,3,2,0.162008357501098,0
ood_combo,DS03,11,45,LPT_flow_mod,7,0,-0.12268061638929,-0.143817906105691,1,1,2,2,3,2,0.162008357501098,0
ood_combo,DS03,11,45,LPC_eff_mod,8,0,0,-0.00595180044436105,0,1,0,1,3,2,0.162008357501098,0
ood_combo,DS03,11,45,LPC_flow_mod,9,0,0,-0,0,0,0,0,3,2,0.162008357501098,0
ood_combo,DS03,11,46,HPT_eff_mod,1,0,-0.222025698635169,-0.206417973034909,1,1,3,3,3,3,0.1294036096264,0
ood_combo,DS03,11,46,fan_eff_mod,2,0,0,-0,0,0,0,0,3,3,0.1294036096264,0
ood_combo,DS03,11,46,fan_flow_mod,3,0,0,-0,0,0,0,0,3,3,0.1294036096264,0
ood_combo,DS03,11,46,HPC_eff_mod,4,0,0,-0.00412682262860866,0,0,0,0,3,3,0.1294036096264,0
ood_combo,DS03,11,46,HPC_flow_mod,5,0,0,-0,0,0,0,0,3,3,0.1294036096264,0
ood_combo,DS03,11,46,LPT_eff_mod,6,0,-0.0537588871435671,-0.0588871204422511,1,1,2,2,3,3,0.1294036096264,0
ood_combo,DS03,11,46,LPT_flow_mod,7,0,-0.136163843296056,-0.159873681061733,1,1,2,2,3,3,0.1294036096264,0
ood_combo,DS03,11,46,LPC_eff_mod,8,0,0,-0.00595180044436105,0,1,0,1,3,3,0.1294036096264,0
ood_combo,DS03,11,46,LPC_flow_mod,9,0,0,-0,0,0,0,0,3,3,0.1294036096264,0
ood_combo,DS03,11,47,HPT_eff_mod,1,0,-0.238716898498371,-0.232467564619049,1,1,3,3,3,3,0.170222259422898,0
ood_combo,DS03,11,47,fan_eff_mod,2,0,0,-0,0,0,0,0,3,3,0.170222259422898,0
ood_combo,DS03,11,47,fan_flow_mod,3,0,0,-0,0,0,0,0,3,3,0.170222259422898,0
ood_combo,DS03,11,47,HPC_eff_mod,4,0,0,-0.00502898217382431,0,0,0,0,3,3,0.170222259422898,0
ood_combo,DS03,11,47,HPC_flow_mod,5,0,0,-0,0,0,0,0,3,3,0.170222259422898,0
ood_combo,DS03,11,47,LPT_eff_mod,6,0,-0.0598311217729753,-0.0652968093206175,1,1,2,2,3,3,0.170222259422898,0
ood_combo,DS03,11,47,LPT_flow_mod,7,0,-0.150440821961287,-0.159873681061733,1,1,2,2,3,3,0.170222259422898,0
ood_combo,DS03,11,47,LPC_eff_mod,8,0,0,-0.00595180044436105,0,1,0,1,3,3,0.170222259422898,0
ood_combo,DS03,11,47,LPC_flow_mod,9,0,0,-0,0,0,0,0,3,3,0.170222259422898,0
ood_combo,DS03,11,48,HPT_eff_mod,1,0,-0.258938870864051,-0.24498405491632,1,1,3,3,3,3,0.133846109691048,0
ood_combo,DS03,11,48,fan_eff_mod,2,0,0,-0,0,0,0,0,3,3,0.133846109691048,0
ood_combo,DS03,11,48,fan_flow_mod,3,0,0,-0,0,0,0,0,3,3,0.133846109691048,0
ood_combo,DS03,11,48,HPC_eff_mod,4,0,0,-0.00502898217382431,0,0,0,0,3,3,0.133846109691048,0
ood_combo,DS03,11,48,HPC_flow_mod,5,0,0,-0,0,0,0,0,3,3,0.133846109691048,0
ood_combo,DS03,11,48,LPT_eff_mod,6,0,-0.058631067146969,-0.0652968093206175,1,1,2,2,3,3,0.133846109691048,0
ood_combo,DS03,11,48,LPT_flow_mod,7,0,-0.150284161514574,-0.169917709083498,1,1,2,2,3,3,0.133846109691048,0
ood_combo,DS03,11,48,LPC_eff_mod,8,0,0,-0.00595180044436105,0,1,0,1,3,3,0.133846109691048,0
ood_combo,DS03,11,48,LPC_flow_mod,9,0,0,-0,0,0,0,0,3,3,0.133846109691048,0
ood_combo,DS03,11,49,HPT_eff_mod,1,0,-0.291942507620674,-0.28205816184966,1,1,3,3,3,3,0.200409189817728,0
ood_combo,DS03,11,49,fan_eff_mod,2,0,0,-0,0,0,0,0,3,3,0.200409189817728,0
ood_combo,DS03,11,49,fan_flow_mod,3,0,0,-0,0,0,0,0,3,3,0.200409189817728,0
ood_combo,DS03,11,49,HPC_eff_mod,4,0,0,-0.00502898217382431,0,0,0,0,3,3,0.200409189817728,0
ood_combo,DS03,11,49,HPC_flow_mod,5,0,0,-0,0,0,0,0,3,3,0.200409189817728,0
ood_combo,DS03,11,49,LPT_eff_mod,6,0,-0.061741481904488,-0.0652968093206175,1,1,2,2,3,3,0.200409189817728,0
ood_combo,DS03,11,49,LPT_flow_mod,7,0,-0.168911947135404,-0.191321967148677,1,1,2,2,3,3,0.200409189817728,0
ood_combo,DS03,11,49,LPC_eff_mod,8,0,0,-0.00595180044436105,0,1,0,1,3,3,0.200409189817728,0
ood_combo,DS03,11,49,LPC_flow_mod,9,0,0,-0,0,0,0,0,3,3,0.200409189817728,0
ood_combo,DS03,11,50,HPT_eff_mod,1,0,-0.317077767661756,-0.28205816184966,1,1,3,3,3,3,0.252955271940486,0
ood_combo,DS03,11,50,fan_eff_mod,2,0,0,-0,0,0,0,0,3,3,0.252955271940486,0
ood_combo,DS03,11,50,fan_flow_mod,3,0,0,-0.000469839436053525,0,0,0,0,3,3,0.252955271940486,0
ood_combo,DS03,11,50,HPC_eff_mod,4,0,0,-0.00502898217382431,0,0,0,0,3,3,0.252955271940486,0
ood_combo,DS03,11,50,HPC_flow_mod,5,0,0,-0,0,0,0,0,3,3,0.252955271940486,0
ood_combo,DS03,11,50,LPT_eff_mod,6,0,-0.0638980609839285,-0.0652968093206175,1,1,2,2,3,3,0.252955271940486,0
ood_combo,DS03,11,50,LPT_flow_mod,7,0,-0.186013394497328,-0.240266918655842,1,1,2,3,3,3,0.252955271940486,0
ood_combo,DS03,11,50,LPC_eff_mod,8,0,0,-0.00595180044436105,0,1,0,1,3,3,0.252955271940486,0
ood_combo,DS03,11,50,LPC_flow_mod,9,0,0,-0,0,0,0,0,3,3,0.252955271940486,0
ood_combo,DS03,11,51,HPT_eff_mod,1,0,-0.333764204367177,-0.295706007267184,1,1,3,3,3,3,0.192793731740278,0
ood_combo,DS03,11,51,fan_eff_mod,2,0,0,-0,0,0,0,0,3,3,0.192793731740278,0
ood_combo,DS03,11,51,fan_flow_mod,3,0,0,-0.000469839436053525,0,0,0,0,3,3,0.192793731740278,0
ood_combo,DS03,11,51,HPC_eff_mod,4,0,0,-0.00502898217382431,0,0,0,0,3,3,0.192793731740278,0
ood_combo,DS03,11,51,HPC_flow_mod,5,0,0,-0,0,0,0,0,3,3,0.192793731740278,0
ood_combo,DS03,11,51,LPT_eff_mod,6,0,-0.0733147783532109,-0.0820530908904243,1,1,2,2,3,3,0.192793731740278,0
ood_combo,DS03,11,51,LPT_flow_mod,7,0,-0.199835072945806,-0.240266918655842,1,1,2,3,3,3,0.192793731740278,0
ood_combo,DS03,11,51,LPC_eff_mod,8,0,0,-0.00595180044436105,0,1,0,1,3,3,0.192793731740278,0
ood_combo,DS03,11,51,LPC_flow_mod,9,0,0,-0,0,0,0,0,3,3,0.192793731740278,0
ood_combo,DS03,11,52,HPT_eff_mod,1,0,-0.359199361763858,-0.295706007267184,1,1,3,3,3,3,0.225738042193012,0
ood_combo,DS03,11,52,fan_eff_mod,2,0,0,-0,0,0,0,0,3,3,0.225738042193012,0
ood_combo,DS03,11,52,fan_flow_mod,3,0,0,-0.000469839436053525,0,0,0,0,3,3,0.225738042193012,0
ood_combo,DS03,11,52,HPC_eff_mod,4,0,0,-0.00502898217382431,0,0,0,0,3,3,0.225738042193012,0
ood_combo,DS03,11,52,HPC_flow_mod,5,0,0,-0,0,0,0,0,3,3,0.225738042193012,0
ood_combo,DS03,11,52,LPT_eff_mod,6,0,-0.0790640105648825,-0.0820530908904243,1,1,2,2,3,3,0.225738042193012,0
ood_combo,DS03,11,52,LPT_flow_mod,7,0,-0.201130274139069,-0.240266918655842,1,1,2,3,3,3,0.225738042193012,0
ood_combo,DS03,11,52,LPC_eff_mod,8,0,0,-0.00595180044436105,0,1,0,1,3,3,0.225738042193012,0
ood_combo,DS03,11,52,LPC_flow_mod,9,0,0,-0,0,0,0,0,3,3,0.225738042193012,0
ood_combo,DS03,11,53,HPT_eff_mod,1,0,-0.385147253792971,-0.361299488083276,1,1,3,3,3,3,0.285860613910099,0
ood_combo,DS03,11,53,fan_eff_mod,2,0,0,-0,0,0,0,0,3,3,0.285860613910099,0
ood_combo,DS03,11,53,fan_flow_mod,3,0,0,-0.000469839436053525,0,0,0,0,3,3,0.285860613910099,0
ood_combo,DS03,11,53,HPC_eff_mod,4,0,0,-0.00502898217382431,0,0,0,0,3,3,0.285860613910099,0
ood_combo,DS03,11,53,HPC_flow_mod,5,0,0,-0.00284359788344392,0,0,0,0,3,3,0.285860613910099,0
ood_combo,DS03,11,53,LPT_eff_mod,6,0,-0.0793667601782154,-0.0930734001504787,1,1,2,2,3,3,0.285860613910099,0
ood_combo,DS03,11,53,LPT_flow_mod,7,0,-0.226526459228174,-0.282352116270356,1,1,3,3,3,3,0.285860613910099,0
ood_combo,DS03,11,53,LPC_eff_mod,8,0,0,-0.00595180044436105,0,1,0,1,3,3,0.285860613910099,0
ood_combo,DS03,11,53,LPC_flow_mod,9,0,0,-0,0,0,0,0,3,3,0.285860613910099,0
ood_combo,DS03,11,54,HPT_eff_mod,1,0,-0.4080183137408,-0.375197822879656,1,1,3,3,3,3,0.136030653503018,0
ood_combo,DS03,11,54,fan_eff_mod,2,0,0,-0,0,0,0,0,3,3,0.136030653503018,0
ood_combo,DS03,11,54,fan_flow_mod,3,0,0,-0.000469839436053525,0,0,0,0,3,3,0.136030653503018,0
ood_combo,DS03,11,54,HPC_eff_mod,4,0,0,-0.0233802277343168,0,0,0,0,3,3,0.136030653503018,0
ood_combo,DS03,11,54,HPC_flow_mod,5,0,0,-0.00284359788344392,0,0,0,0,3,3,0.136030653503018,0
ood_combo,DS03,11,54,LPT_eff_mod,6,0,-0.0933215564946847,-0.0996033134272006,1,1,2,2,3,3,0.136030653503018,0
ood_combo,DS03,11,54,LPT_flow_mod,7,0,-0.256733254782167,-0.28335586450908,1,1,3,3,3,3,0.136030653503018,0
ood_combo,DS03,11,54,LPC_eff_mod,8,0,0,-0.00595180044436105,0,1,0,1,3,3,0.136030653503018,0
ood_combo,DS03,11,54,LPC_flow_mod,9,0,0,-0,0,0,0,0,3,3,0.136030653503018,0
ood_combo,DS03,11,55,HPT_eff_mod,1,0,-0.459781839373904,-0.414140837057653,1,1,3,3,3,3,0.241120858362465,0
ood_combo,DS03,11,55,fan_eff_mod,2,0,0,-0,0,0,0,0,3,3,0.241120858362465,0
ood_combo,DS03,11,55,fan_flow_mod,3,0,0,-0.000469839436053525,0,0,0,0,3,3,0.241120858362465,0
ood_combo,DS03,11,55,HPC_eff_mod,4,0,0,-0.0233802277343168,0,0,0,0,3,3,0.241120858362465,0
ood_combo,DS03,11,55,HPC_flow_mod,5,0,0,-0.00284359788344392,0,0,0,0,3,3,0.241120858362465,0
ood_combo,DS03,11,55,LPT_eff_mod,6,0,-0.0910551747786704,-0.101654816759863,1,1,2,2,3,3,0.241120858362465,0
ood_combo,DS03,11,55,LPT_flow_mod,7,0,-0.260122547287119,-0.318828757763194,1,1,3,3,3,3,0.241120858362465,0
ood_combo,DS03,11,55,LPC_eff_mod,8,0,0,-0.00595180044436105,0,1,0,1,3,3,0.241120858362465,0
ood_combo,DS03,11,55,LPC_flow_mod,9,0,0,-0,0,0,0,0,3,3,0.241120858362465,0
ood_combo,DS03,11,56,HPT_eff_mod,1,0,-0.493718571774099,-0.429232398831507,1,1,3,3,3,3,0.206308609183359,0
ood_combo,DS03,11,56,fan_eff_mod,2,0,0,-0,0,0,0,0,3,3,0.206308609183359,0
ood_combo,DS03,11,56,fan_flow_mod,3,0,0,-0.000469839436053525,0,0,0,0,3,3,0.206308609183359,0
ood_combo,DS03,11,56,HPC_eff_mod,4,0,0,-0.0233802277343168,0,0,0,0,3,3,0.206308609183359,0
ood_combo,DS03,11,56,HPC_flow_mod,5,0,0,-0.00284359788344392,0,0,0,0,3,3,0.206308609183359,0
ood_combo,DS03,11,56,LPT_eff_mod,6,0,-0.10155041008764,-0.115461072236648,1,1,2,2,3,3,0.206308609183359,0
ood_combo,DS03,11,56,LPT_flow_mod,7,0,-0.273343771096757,-0.322194606629283,1,1,3,3,3,3,0.206308609183359,0
ood_combo,DS03,11,56,LPC_eff_mod,8,0,0,-0.00595180044436105,0,1,0,1,3,3,0.206308609183359,0
ood_combo,DS03,11,56,LPC_flow_mod,9,0,0,-0,0,0,0,0,3,3,0.206308609183359,0
ood_combo,DS03,11,57,HPT_eff_mod,1,0,-0.534082891915378,-0.487832434054408,1,1,3,3,3,3,0.149017275134071,0
ood_combo,DS03,11,57,fan_eff_mod,2,0,0,-0,0,0,0,0,3,3,0.149017275134071,0
ood_combo,DS03,11,57,fan_flow_mod,3,0,0,-0.000469839436053525,0,0,0,0,3,3,0.149017275134071,0
ood_combo,DS03,11,57,HPC_eff_mod,4,0,0,-0.0261402859263273,0,0,0,0,3,3,0.149017275134071,0
ood_combo,DS03,11,57,HPC_flow_mod,5,0,0,-0.00284359788344392,0,0,0,0,3,3,0.149017275134071,0
ood_combo,DS03,11,57,LPT_eff_mod,6,0,-0.108013424821375,-0.122482063546592,1,1,2,2,3,3,0.149017275134071,0
ood_combo,DS03,11,57,LPT_flow_mod,7,0,-0.306119078043672,-0.329305396113773,1,1,3,3,3,3,0.149017275134071,0
ood_combo,DS03,11,57,LPC_eff_mod,8,0,0,-0.00620011456249707,0,1,0,1,3,3,0.149017275134071,0
ood_combo,DS03,11,57,LPC_flow_mod,9,0,0,-0,0,0,0,0,3,3,0.149017275134071,0
ood_combo,DS03,11,58,HPT_eff_mod,1,0,-0.579716646843228,-0.523128595030593,1,1,3,3,3,3,0.464231801994707,0
ood_combo,DS03,11,58,fan_eff_mod,2,0,0,-0,0,0,0,0,3,3,0.464231801994707,0
ood_combo,DS03,11,58,fan_flow_mod,3,0,0,-0.000598198579534028,0,0,0,0,3,3,0.464231801994707,0
ood_combo,DS03,11,58,HPC_eff_mod,4,0,0,-0.0261402859263273,0,1,0,1,3,3,0.464231801994707,0
ood_combo,DS03,11,58,HPC_flow_mod,5,0,0,-0.00284359788344392,0,0,0,0,3,3,0.464231801994707,0
ood_combo,DS03,11,58,LPT_eff_mod,6,0,-0.114079350336754,-0.122482063546592,1,1,2,2,3,3,0.464231801994707,0
ood_combo,DS03,11,58,LPT_flow_mod,7,0,-0.320106596344902,-0.415222290897608,1,1,3,3,3,3,0.464231801994707,0
ood_combo,DS03,11,58,LPC_eff_mod,8,0,0,-0.00620011456249707,0,1,0,1,3,3,0.464231801994707,0
ood_combo,DS03,11,58,LPC_flow_mod,9,0,0,-0,0,0,0,0,3,3,0.464231801994707,0
ood_combo,DS03,11,59,HPT_eff_mod,1,0,-0.633325864533655,-0.523128595030593,1,1,3,3,3,3,0.214905274427523,0
ood_combo,DS03,11,59,fan_eff_mod,2,0,0,-0.00207759382816189,0,0,0,0,3,3,0.214905274427523,0
ood_combo,DS03,11,59,fan_flow_mod,3,0,0,-0.00649245895462881,0,0,0,0,3,3,0.214905274427523,0
ood_combo,DS03,11,59,HPC_eff_mod,4,0,0,-0.0278194413252967,0,1,0,1,3,3,0.214905274427523,0
ood_combo,DS03,11,59,HPC_flow_mod,5,0,0,-0.00284359788344392,0,0,0,0,3,3,0.214905274427523,0
ood_combo,DS03,11,59,LPT_eff_mod,6,0,-0.121719777852029,-0.141850448705761,1,1,2,2,3,3,0.214905274427523,0
ood_combo,DS03,11,59,LPT_flow_mod,7,0,-0.351087939350381,-0.415222290897608,1,1,3,3,3,3,0.214905274427523,0
ood_combo,DS03,11,59,LPC_eff_mod,8,0,0,-0.00620011456249707,0,1,0,1,3,3,0.214905274427523,0
ood_combo,DS03,11,59,LPC_flow_mod,9,0,0,-0.0167537180023318,0,0,0,0,3,3,0.214905274427523,0
ood_combo,DS03,12,1,HPT_eff_mod,1,1,-0.00112136820954058,-0,0,0,0,0,0,0,0.0589422098295731,0
ood_combo,DS03,12,1,fan_eff_mod,2,1,0,-0,0,0,0,0,0,0,0.0589422098295731,0
ood_combo,DS03,12,1,fan_flow_mod,3,1,0,-0,0,0,0,0,0,0,0.0589422098295731,0
ood_combo,DS03,12,1,HPC_eff_mod,4,1,0,-0,0,0,0,0,0,0,0.0589422098295731,0
ood_combo,DS03,12,1,HPC_flow_mod,5,1,0,-0,0,0,0,0,0,0,0.0589422098295731,0
ood_combo,DS03,12,1,LPT_eff_mod,6,1,0.000139262101247505,-0,0,0,0,0,0,0,0.0589422098295731,0
ood_combo,DS03,12,1,LPT_flow_mod,7,1,-0.00169150239000154,-0,0,0,0,0,0,0,0.0589422098295731,0
ood_combo,DS03,12,1,LPC_eff_mod,8,1,0,-0,0,0,0,0,0,0,0.0589422098295731,0
ood_combo,DS03,12,1,LPC_flow_mod,9,1,0,-0,0,0,0,0,0,0,0.0589422098295731,0
ood_combo,DS03,12,2,HPT_eff_mod,1,1,0.00259064435749483,-0,0,0,0,0,0,0,0.0830484823511553,0
ood_combo,DS03,12,2,fan_eff_mod,2,1,0,-0,0,0,0,0,0,0,0.0830484823511553,0
ood_combo,DS03,12,2,fan_flow_mod,3,1,0,-0,0,0,0,0,0,0,0.0830484823511553,0
ood_combo,DS03,12,2,HPC_eff_mod,4,1,0,-0,0,0,0,0,0,0,0.0830484823511553,0
ood_combo,DS03,12,2,HPC_flow_mod,5,1,0,-0,0,0,0,0,0,0,0.0830484823511553,0
ood_combo,DS03,12,2,LPT_eff_mod,6,1,0.00149199162458399,-0,0,0,0,0,0,0,0.0830484823511553,0
ood_combo,DS03,12,2,LPT_flow_mod,7,1,-0.00127565845189488,-0,0,0,0,0,0,0,0.0830484823511553,0
ood_combo,DS03,12,2,LPC_eff_mod,8,1,0,-0,0,0,0,0,0,0,0.0830484823511553,0
ood_combo,DS03,12,2,LPC_flow_mod,9,1,0,-0,0,0,0,0,0,0,0.0830484823511553,0
ood_combo,DS03,12,3,HPT_eff_mod,1,1,-0.00146927614795316,-0,0,0,0,0,0,0,0.063868287619776,0
ood_combo,DS03,12,3,fan_eff_mod,2,1,0,-0,0,0,0,0,0,0,0.063868287619776,0
ood_combo,DS03,12,3,fan_flow_mod,3,1,0,-0,0,0,0,0,0,0,0.063868287619776,0
ood_combo,DS03,12,3,HPC_eff_mod,4,1,0,-0,0,0,0,0,0,0,0.063868287619776,0
ood_combo,DS03,12,3,HPC_flow_mod,5,1,0,-0,0,0,0,0,0,0,0.063868287619776,0
ood_combo,DS03,12,3,LPT_eff_mod,6,1,-0.00163125372583154,-0,0,0,0,0,0,0,0.063868287619776,0
ood_combo,DS03,12,3,LPT_flow_mod,7,1,0.00296716084189614,-0,0,0,0,0,0,0,0.063868287619776,0
ood_combo,DS03,12,3,LPC_eff_mod,8,1,0,-0,0,0,0,0,0,0,0.063868287619776,0
ood_combo,DS03,12,3,LPC_flow_mod,9,1,0,-0,0,0,0,0,0,0,0.063868287619776,0
ood_combo,DS03,12,4,HPT_eff_mod,1,1,0.00182148257909596,-0,0,0,0,0,0,0,0.156610125198301,0
ood_combo,DS03,12,4,fan_eff_mod,2,1,0,-0.000322596196831191,0,0,0,0,0,0,0.156610125198301,0
ood_combo,DS03,12,4,fan_flow_mod,3,1,0,-0,0,0,0,0,0,0,0.156610125198301,0
ood_combo,DS03,12,4,HPC_eff_mod,4,1,0,-0,0,0,0,0,0,0,0.156610125198301,0
ood_combo,DS03,12,4,HPC_flow_mod,5,1,0,-0,0,0,0,0,0,0,0.156610125198301,0
ood_combo,DS03,12,4,LPT_eff_mod,6,1,-0.00313845217689885,-0,0,0,0,0,0,0,0.156610125198301,0
ood_combo,DS03,12,4,LPT_flow_mod,7,1,4.56722442964425e-05,-0,0,0,0,0,0,0,0.156610125198301,0
ood_combo,DS03,12,4,LPC_eff_mod,8,1,0,-0,0,0,0,0,0,0,0.156610125198301,0
ood_combo,DS03,12,4,LPC_flow_mod,9,1,0,-0.00186320134344779,0,0,0,0,0,0,0.156610125198301,0
ood_combo,DS03,12,5,HPT_eff_mod,1,1,-0.00525704348204749,-0.00259143806595395,0,0,0,0,0,0,0.0673971320934808,0
ood_combo,DS03,12,5,fan_eff_mod,2,1,0,-0.000322596196831191,0,0,0,0,0,0,0.0673971320934808,0
ood_combo,DS03,12,5,fan_flow_mod,3,1,0,-0,0,0,0,0,0,0,0.0673971320934808,0
ood_combo,DS03,12,5,HPC_eff_mod,4,1,0,-0,0,0,0,0,0,0,0.0673971320934808,0
ood_combo,DS03,12,5,HPC_flow_mod,5,1,0,-0,0,0,0,0,0,0,0.0673971320934808,0
ood_combo,DS03,12,5,LPT_eff_mod,6,1,0.000753904624048656,-0,0,0,0,0,0,0,0.0673971320934808,0
ood_combo,DS03,12,5,LPT_flow_mod,7,1,0.000243180526779152,-0,0,0,0,0,0,0,0.0673971320934808,0
ood_combo,DS03,12,5,LPC_eff_mod,8,1,0,-0,0,0,0,0,0,0,0.0673971320934808,0
ood_combo,DS03,12,5,LPC_flow_mod,9,1,0,-0.00186320134344779,0,0,0,0,0,0,0.0673971320934808,0
ood_combo,DS03,12,6,HPT_eff_mod,1,1,-0.00398527460567295,-0.00259143806595395,0,0,0,0,0,0,0.088195537097188,0
ood_combo,DS03,12,6,fan_eff_mod,2,1,0,-0.000322596196831191,0,0,0,0,0,0,0.088195537097188,0
ood_combo,DS03,12,6,fan_flow_mod,3,1,0,-0,0,0,0,0,0,0,0.088195537097188,0
ood_combo,DS03,12,6,HPC_eff_mod,4,1,0,-0,0,0,0,0,0,0,0.088195537097188,0
ood_combo,DS03,12,6,HPC_flow_mod,5,1,0,-0,0,0,0,0,0,0,0.088195537097188,0
ood_combo,DS03,12,6,LPT_eff_mod,6,1,-0.00499487751864295,-0,0,0,0,0,0,0,0.088195537097188,0
ood_combo,DS03,12,6,LPT_flow_mod,7,1,-0.00471989171244718,-0,0,0,0,0,0,0,0.088195537097188,0
ood_combo,DS03,12,6,LPC_eff_mod,8,1,0,-0,0,0,0,0,0,0,0.088195537097188,0
ood_combo,DS03,12,6,LPC_flow_mod,9,1,0,-0.00186320134344779,0,0,0,0,0,0,0.088195537097188,0
ood_combo,DS03,12,7,HPT_eff_mod,1,1,-0.0143921207276164,-0.00835208581692259,0,0,0,0,0,0,0.089773782465997,0
ood_combo,DS03,12,7,fan_eff_mod,2,1,0,-0.000322596196831191,0,0,0,0,0,0,0.089773782465997,0
ood_combo,DS03,12,7,fan_flow_mod,3,1,0,-0,0,0,0,0,0,0,0.089773782465997,0
ood_combo,DS03,12,7,HPC_eff_mod,4,1,0,-0,0,0,0,0,0,0,0.089773782465997,0
ood_combo,DS03,12,7,HPC_flow_mod,5,1,0,-0,0,0,0,0,0,0,0.089773782465997,0
ood_combo,DS03,12,7,LPT_eff_mod,6,1,-0.00519864164926314,-0,0,0,0,0,0,0,0.089773782465997,0
ood_combo,DS03,12,7,LPT_flow_mod,7,1,-0.000151399243787367,-0,0,0,0,0,0,0,0.089773782465997,0
ood_combo,DS03,12,7,LPC_eff_mod,8,1,0,-0,0,0,0,0,0,0,0.089773782465997,0
ood_combo,DS03,12,7,LPC_flow_mod,9,1,0,-0.00186320134344779,0,0,0,0,0,0,0.089773782465997,0
ood_combo,DS03,12,8,HPT_eff_mod,1,1,-0.0157790644913468,-0.00899964482024395,0,0,0,0,0,0,0.105045521031006,0
ood_combo,DS03,12,8,fan_eff_mod,2,1,0,-0.000322596196831191,0,0,0,0,0,0,0.105045521031006,0
ood_combo,DS03,12,8,fan_flow_mod,3,1,0,-0,0,0,0,0,0,0,0.105045521031006,0
ood_combo,DS03,12,8,HPC_eff_mod,4,1,0,-0,0,0,0,0,0,0,0.105045521031006,0
ood_combo,DS03,12,8,HPC_flow_mod,5,1,0,-0,0,0,0,0,0,0,0.105045521031006,0
ood_combo,DS03,12,8,LPT_eff_mod,6,1,0.00146920245935398,-0,0,0,0,0,0,0,0.105045521031006,0
ood_combo,DS03,12,8,LPT_flow_mod,7,1,-0.00724712431942918,-0.000673396196577521,0,0,0,0,0,0,0.105045521031006,0
ood_combo,DS03,12,8,LPC_eff_mod,8,1,0,-0,0,0,0,0,0,0,0.105045521031006,0
ood_combo,DS03,12,8,LPC_flow_mod,9,1,0,-0.00186320134344779,0,0,0,0,0,0,0.105045521031006,0
ood_combo,DS03,12,9,HPT_eff_mod,1,1,-0.00489825454233354,-0.00899964482024395,0,0,0,0,0,0,0.0880465901574122,0
ood_combo,DS03,12,9,fan_eff_mod,2,1,0,-0.000322596196831191,0,0,0,0,0,0,0.0880465901574122,0
ood_combo,DS03,12,9,fan_flow_mod,3,1,0,-0,0,0,0,0,0,0,0.0880465901574122,0
ood_combo,DS03,12,9,HPC_eff_mod,4,1,0,-0,0,0,0,0,0,0,0.0880465901574122,0
ood_combo,DS03,12,9,HPC_flow_mod,5,1,0,-0,0,0,0,0,0,0,0.0880465901574122,0
ood_combo,DS03,12,9,LPT_eff_mod,6,1,6.8742890284277e-05,-0,0,0,0,0,0,0,0.0880465901574122,0
ood_combo,DS03,12,9,LPT_flow_mod,7,1,-0.00207748611054432,-0.000673396196577521,0,0,0,0,0,0,0.0880465901574122,0
ood_combo,DS03,12,9,LPC_eff_mod,8,1,0,-0,0,0,0,0,0,0,0.0880465901574122,0
ood_combo,DS03,12,9,LPC_flow_mod,9,1,0,-0.00186320134344779,0,0,0,0,0,0,0.0880465901574122,0
ood_combo,DS03,12,10,HPT_eff_mod,1,1,-0.0133769846216323,-0.00899964482024395,0,0,0,0,0,0,0.0797378581636061,0
ood_combo,DS03,12,10,fan_eff_mod,2,1,0,-0.000322596196831191,0,0,0,0,0,0,0.0797378581636061,0
ood_combo,DS03,12,10,fan_flow_mod,3,1,0,-0,0,0,0,0,0,0,0.0797378581636061,0
ood_combo,DS03,12,10,HPC_eff_mod,4,1,0,-0,0,0,0,0,0,0,0.0797378581636061,0
ood_combo,DS03,12,10,HPC_flow_mod,5,1,0,-0,0,0,0,0,0,0,0.0797378581636061,0
ood_combo,DS03,12,10,LPT_eff_mod,6,1,-0.000878995610427882,-0,0,0,0,0,0,0,0.0797378581636061,0
ood_combo,DS03,12,10,LPT_flow_mod,7,1,-0.00338578007890184,-0.000673396196577521,0,0,0,0,0,0,0.0797378581636061,0
ood_combo,DS03,12,10,LPC_eff_mod,8,1,0,-0,0,0,0,0,0,0,0.0797378581636061,0
ood_combo,DS03,12,10,LPC_flow_mod,9,1,0,-0.00186320134344779,0,0,0,0,0,0,0.0797378581636061,0
ood_combo,DS03,12,11,HPT_eff_mod,1,1,-0.00422327059486836,-0.00899964482024395,0,0,0,0,0,0,0.0981027489530594,0
ood_combo,DS03,12,11,fan_eff_mod,2,1,0,-0.000322596196831191,0,0,0,0,0,0,0.0981027489530594,0
ood_combo,DS03,12,11,fan_flow_mod,3,1,0,-0,0,0,0,0,0,0,0.0981027489530594,0
ood_combo,DS03,12,11,HPC_eff_mod,4,1,0,-0,0,0,0,0,0,0,0.0981027489530594,0
ood_combo,DS03,12,11,HPC_flow_mod,5,1,0,-0,0,0,0,0,0,0,0.0981027489530594,0
ood_combo,DS03,12,11,LPT_eff_mod,6,1,-0.00127688592978129,-0.00291551854251561,0,0,0,0,0,0,0.0981027489530594,0
ood_combo,DS03,12,11,LPT_flow_mod,7,1,-0.00258225640940469,-0.000673396196577521,0,0,0,0,0,0,0.0981027489530594,0
ood_combo,DS03,12,11,LPC_eff_mod,8,1,0,-0,0,0,0,0,0,0,0.0981027489530594,0
ood_combo,DS03,12,11,LPC_flow_mod,9,1,0,-0.00186320134344779,0,0,0,0,0,0,0.0981027489530594,0
ood_combo,DS03,12,12,HPT_eff_mod,1,1,-0.0211035009905063,-0.00907398933557767,0,0,0,0,0,0,0.289715980061437,0
ood_combo,DS03,12,12,fan_eff_mod,2,1,0,-0.000368842951510612,0,0,0,0,0,0,0.289715980061437,0
ood_combo,DS03,12,12,fan_flow_mod,3,1,0,-0,0,0,0,0,0,0,0.289715980061437,0
ood_combo,DS03,12,12,HPC_eff_mod,4,1,0,-0,0,0,0,0,0,0,0.289715980061437,0
ood_combo,DS03,12,12,HPC_flow_mod,5,1,0,-0,0,0,0,0,0,0,0.289715980061437,0
ood_combo,DS03,12,12,LPT_eff_mod,6,1,-0.00827807629421625,-0.00925462176220331,0,0,0,0,0,0,0.289715980061437,0
ood_combo,DS03,12,12,LPT_flow_mod,7,1,0.000835431627996911,-0.000673396196577521,0,0,0,0,0,0,0.289715980061437,0
ood_combo,DS03,12,12,LPC_eff_mod,8,1,0,-0,0,0,0,0,0,0,0.289715980061437,0
ood_combo,DS03,12,12,LPC_flow_mod,9,1,0,-0.00186320134344779,0,0,0,0,0,0,0.289715980061437,0
ood_combo,DS03,12,13,HPT_eff_mod,1,1,-0.0186366580734922,-0.00907398933557767,0,0,0,0,0,0,0.0982993653951708,0
ood_combo,DS03,12,13,fan_eff_mod,2,1,0,-0.000368842951510612,0,0,0,0,0,0,0.0982993653951708,0
ood_combo,DS03,12,13,fan_flow_mod,3,1,0,-0.000213128045109617,0,0,0,0,0,0,0.0982993653951708,0
ood_combo,DS03,12,13,HPC_eff_mod,4,1,0,-0,0,0,0,0,0,0,0.0982993653951708,0
ood_combo,DS03,12,13,HPC_flow_mod,5,1,0,-0,0,0,0,0,0,0,0.0982993653951708,0
ood_combo,DS03,12,13,LPT_eff_mod,6,1,-0.00242407205042844,-0.00925462176220331,0,0,0,0,0,0,0.0982993653951708,0
ood_combo,DS03,12,13,LPT_flow_mod,7,1,0.00024298387550846,-0.000673396196577521,0,0,0,0,0,0,0.0982993653951708,0
ood_combo,DS03,12,13,LPC_eff_mod,8,1,0,-0,0,0,0,0,0,0,0.0982993653951708,0
ood_combo,DS03,12,13,LPC_flow_mod,9,1,0,-0.00205991461867766,0,0,0,0,0,0,0.0982993653951708,0
ood_combo,DS03,12,14,HPT_eff_mod,1,1,-0.00623887872037084,-0.00907398933557767,0,0,0,0,0,0,0.0784496257309461,0
ood_combo,DS03,12,14,fan_eff_mod,2,1,0,-0.000368842951510612,0,0,0,0,0,0,0.0784496257309461,0
ood_combo,DS03,12,14,fan_flow_mod,3,1,0,-0.000213128045109617,0,0,0,0,0,0,0.0784496257309461,0
ood_combo,DS03,12,14,HPC_eff_mod,4,1,0,-0,0,0,0,0,0,0,0.0784496257309461,0
ood_combo,DS03,12,14,HPC_flow_mod,5,1,0,-0,0,0,0,0,0,0,0.0784496257309461,0
ood_combo,DS03,12,14,LPT_eff_mod,6,1,-0.00664561849185785,-0.00925462176220331,0,0,0,0,0,0,0.0784496257309461,0
ood_combo,DS03,12,14,LPT_flow_mod,7,1,0.000291909239398638,-0.000673396196577521,0,0,0,0,0,0,0.0784496257309461,0
ood_combo,DS03,12,14,LPC_eff_mod,8,1,0,-0,0,0,0,0,0,0,0.0784496257309461,0
ood_combo,DS03,12,14,LPC_flow_mod,9,1,0,-0.00205991461867766,0,0,0,0,0,0,0.0784496257309461,0
ood_combo,DS03,12,15,HPT_eff_mod,1,1,-0.0204080238210549,-0.00907398933557767,0,0,0,0,0,0,0.187654268486229,0
ood_combo,DS03,12,15,fan_eff_mod,2,1,0,-0.000368842951510612,0,0,0,0,0,0,0.187654268486229,0
ood_combo,DS03,12,15,fan_flow_mod,3,1,0,-0.000213128045109617,0,0,0,0,0,0,0.187654268486229,0
ood_combo,DS03,12,15,HPC_eff_mod,4,1,0,-0,0,0,0,0,0,0,0.187654268486229,0
ood_combo,DS03,12,15,HPC_flow_mod,5,1,0,-0,0,0,0,0,0,0,0.187654268486229,0
ood_combo,DS03,12,15,LPT_eff_mod,6,1,-0.0052530410323747,-0.00925462176220331,0,0,0,0,0,0,0.187654268486229,0
ood_combo,DS03,12,15,LPT_flow_mod,7,1,-0.00616015434878788,-0.0132937247148065,0,0,0,0,0,0,0.187654268486229,0
ood_combo,DS03,12,15,LPC_eff_mod,8,1,0,-0,0,0,0,0,0,0,0.187654268486229,0
ood_combo,DS03,12,15,LPC_flow_mod,9,1,0,-0.00205991461867766,0,0,0,0,0,0,0.187654268486229,0
ood_combo,DS03,12,16,HPT_eff_mod,1,1,-0.0154813139473196,-0.00907398933557767,0,0,0,0,0,0,0.0424903737748794,0
ood_combo,DS03,12,16,fan_eff_mod,2,1,0,-0.000368842951510612,0,0,0,0,0,0,0.0424903737748794,0
ood_combo,DS03,12,16,fan_flow_mod,3,1,0,-0.000213128045109617,0,0,0,0,0,0,0.0424903737748794,0
ood_combo,DS03,12,16,HPC_eff_mod,4,1,0,-0,0,0,0,0,0,0,0.0424903737748794,0
ood_combo,DS03,12,16,HPC_flow_mod,5,1,0,-0,0,0,0,0,0,0,0.0424903737748794,0
ood_combo,DS03,12,16,LPT_eff_mod,6,1,-0.00441591648479648,-0.00925462176220331,0,0,0,0,0,0,0.0424903737748794,0
ood_combo,DS03,12,16,LPT_flow_mod,7,1,-0.00985832932307593,-0.0132937247148065,0,0,0,0,0,0,0.0424903737748794,0
ood_combo,DS03,12,16,LPC_eff_mod,8,1,0,-0,0,0,0,0,0,0,0.0424903737748794,0
ood_combo,DS03,12,16,LPC_flow_mod,9,1,0,-0.00205991461867766,0,0,0,0,0,0,0.0424903737748794,0
ood_combo,DS03,12,17,HPT_eff_mod,1,1,-0.0271581786379153,-0.00929160585063976,0,0,0,0,0,0,0.103018963058028,0
ood_combo,DS03,12,17,fan_eff_mod,2,1,0,-0.000368842951510612,0,0,0,0,0,0,0.103018963058028,0
ood_combo,DS03,12,17,fan_flow_mod,3,1,0,-0.000213128045109617,0,0,0,0,0,0,0.103018963058028,0
ood_combo,DS03,12,17,HPC_eff_mod,4,1,0,-0,0,0,0,0,0,0,0.103018963058028,0
ood_combo,DS03,12,17,HPC_flow_mod,5,1,0,-0,0,0,0,0,0,0,0.103018963058028,0
ood_combo,DS03,12,17,LPT_eff_mod,6,1,-0.00151530625042542,-0.00955638336752288,0,0,0,0,0,0,0.103018963058028,0
ood_combo,DS03,12,17,LPT_flow_mod,7,1,-0.00290273945541077,-0.0132937247148065,0,0,0,0,0,0,0.103018963058028,0
ood_combo,DS03,12,17,LPC_eff_mod,8,1,0,-0,0,0,0,0,0,0,0.103018963058028,0
ood_combo,DS03,12,17,LPC_flow_mod,9,1,0,-0.00205991461867766,0,0,0,0,0,0,0.103018963058028,0
ood_combo,DS03,12,18,HPT_eff_mod,1,1,-0.0245162976320839,-0.00953042485594071,0,0,0,0,0,0,0.131681982392672,0
ood_combo,DS03,12,18,fan_eff_mod,2,1,0,-0.000368842951510612,0,0,0,0,0,0,0.131681982392672,0
ood_combo,DS03,12,18,fan_flow_mod,3,1,0,-0.000213128045109617,0,0,0,0,0,0,0.131681982392672,0
ood_combo,DS03,12,18,HPC_eff_mod,4,1,0,-0,0,0,0,0,0,0,0.131681982392672,0
ood_combo,DS03,12,18,HPC_flow_mod,5,1,0,-0,0,0,0,0,0,0,0.131681982392672,0
ood_combo,DS03,12,18,LPT_eff_mod,6,1,-0.00796936650487602,-0.0109952126951255,0,0,0,0,0,0,0.131681982392672,0
ood_combo,DS03,12,18,LPT_flow_mod,7,1,-0.00902131239669322,-0.0132937247148065,0,0,0,0,0,0,0.131681982392672,0
ood_combo,DS03,12,18,LPC_eff_mod,8,1,0,-0,0,0,0,0,0,0,0.131681982392672,0
ood_combo,DS03,12,18,LPC_flow_mod,9,1,0,-0.00205991461867766,0,0,0,0,0,0,0.131681982392672,0
ood_combo,DS03,12,19,HPT_eff_mod,1,1,-0.0200343960694243,-0.00953042485594071,0,0,0,0,0,0,0.0916550894361073,0
ood_combo,DS03,12,19,fan_eff_mod,2,1,0,-0.000368842951510612,0,0,0,0,0,0,0.0916550894361073,0
ood_combo,DS03,12,19,fan_flow_mod,3,1,0,-0.000213128045109617,0,0,0,0,0,0,0.0916550894361073,0
ood_combo,DS03,12,19,HPC_eff_mod,4,1,0,-0,0,0,0,0,0,0,0.0916550894361073,0
ood_combo,DS03,12,19,HPC_flow_mod,5,1,0,-0,0,0,0,0,0,0,0.0916550894361073,0
ood_combo,DS03,12,19,LPT_eff_mod,6,1,-0.0112498376781744,-0.0109952126951255,0,0,0,0,0,0,0.0916550894361073,0
ood_combo,DS03,12,19,LPT_flow_mod,7,1,-0.0107047589525287,-0.0132937247148065,0,0,0,0,0,0,0.0916550894361073,0
ood_combo,DS03,12,19,LPC_eff_mod,8,1,0,-0,0,0,0,0,0,0,0.0916550894361073,0
ood_combo,DS03,12,19,LPC_flow_mod,9,1,0,-0.00205991461867766,0,0,0,0,0,0,0.0916550894361073,0
ood_combo,DS03,12,20,HPT_eff_mod,1,1,-0.0114549886161513,-0.00953042485594071,0,0,0,0,0,0,0.146323358238129,0
ood_combo,DS03,12,20,fan_eff_mod,2,1,0,-0.000368842951510612,0,0,0,0,0,0,0.146323358238129,0
ood_combo,DS03,12,20,fan_flow_mod,3,1,0,-0.000213128045109617,0,0,0,0,0,0,0.146323358238129,0
ood_combo,DS03,12,20,HPC_eff_mod,4,1,0,-0,0,0,0,0,0,0,0.146323358238129,0
ood_combo,DS03,12,20,HPC_flow_mod,5,1,0,-0,0,0,0,0,0,0,0.146323358238129,0
ood_combo,DS03,12,20,LPT_eff_mod,6,1,-0.00568088448493551,-0.0109952126951255,0,0,0,0,0,0,0.146323358238129,0
ood_combo,DS03,12,20,LPT_flow_mod,7,1,-0.00408159108046866,-0.0132937247148065,0,0,0,0,0,0,0.146323358238129,0
ood_combo,DS03,12,20,LPC_eff_mod,8,1,0,-0,0,0,0,0,0,0,0.146323358238129,0
ood_combo,DS03,12,20,LPC_flow_mod,9,1,0,-0.00205991461867766,0,0,0,0,0,0,0.146323358238129,0
ood_combo,DS03,12,21,HPT_eff_mod,1,1,-0.0231223893523309,-0.0143653760382201,0,0,0,0,0,0,0.112058072111651,0
ood_combo,DS03,12,21,fan_eff_mod,2,1,0,-0.000368842951510612,0,0,0,0,0,0,0.112058072111651,0
ood_combo,DS03,12,21,fan_flow_mod,3,1,0,-0.000213128045109617,0,0,0,0,0,0,0.112058072111651,0
ood_combo,DS03,12,21,HPC_eff_mod,4,1,0,-0,0,0,0,0,0,0,0.112058072111651,0
ood_combo,DS03,12,21,HPC_flow_mod,5,1,0,-0,0,0,0,0,0,0,0.112058072111651,0
ood_combo,DS03,12,21,LPT_eff_mod,6,1,-0.00604966378297046,-0.0109952126951255,0,0,0,0,0,0,0.112058072111651,0
ood_combo,DS03,12,21,LPT_flow_mod,7,1,-0.011336647257083,-0.0132937247148065,0,0,0,0,0,0,0.112058072111651,0
ood_combo,DS03,12,21,LPC_eff_mod,8,1,0,-0,0,0,0,0,0,0,0.112058072111651,0
ood_combo,DS03,12,21,LPC_flow_mod,9,1,0,-0.00205991461867766,0,0,0,0,0,0,0.112058072111651,0
ood_combo,DS03,12,22,HPT_eff_mod,1,1,-0.0160372939294104,-0.0143653760382201,0,0,0,0,0,0,0.0832871174717846,0
ood_combo,DS03,12,22,fan_eff_mod,2,1,0,-0.000368842951510612,0,0,0,0,0,0,0.0832871174717846,0
ood_combo,DS03,12,22,fan_flow_mod,3,1,0,-0.000213128045109617,0,0,0,0,0,0,0.0832871174717846,0
ood_combo,DS03,12,22,HPC_eff_mod,4,1,0,-0,0,0,0,0,0,0,0.0832871174717846,0
ood_combo,DS03,12,22,HPC_flow_mod,5,1,0,-0,0,0,0,0,0,0,0.0832871174717846,0
ood_combo,DS03,12,22,LPT_eff_mod,6,1,-0.0114047204301142,-0.0120039078676037,0,0,0,0,0,0,0.0832871174717846,0
ood_combo,DS03,12,22,LPT_flow_mod,7,1,-0.0141147284436228,-0.0132937247148065,0,0,0,0,0,0,0.0832871174717846,0
ood_combo,DS03,12,22,LPC_eff_mod,8,1,0,-0,0,0,0,0,0,0,0.0832871174717846,0
ood_combo,DS03,12,22,LPC_flow_mod,9,1,0,-0.00205991461867766,0,0,0,0,0,0,0.0832871174717846,0
ood_combo,DS03,12,23,HPT_eff_mod,1,1,-0.0278938569781258,-0.0143653760382201,0,0,0,0,0,0,0.0935182471144686,0
ood_combo,DS03,12,23,fan_eff_mod,2,1,0,-0.000368842951510612,0,0,0,0,0,0,0.0935182471144686,0
ood_combo,DS03,12,23,fan_flow_mod,3,1,0,-0.000213128045109617,0,0,0,0,0,0,0.0935182471144686,0
ood_combo,DS03,12,23,HPC_eff_mod,4,1,0,-0,0,0,0,0,0,0,0.0935182471144686,0
ood_combo,DS03,12,23,HPC_flow_mod,5,1,0,-0,0,0,0,0,0,0,0.0935182471144686,0
ood_combo,DS03,12,23,LPT_eff_mod,6,1,-0.0132727139020783,-0.0120039078676037,0,0,0,0,0,0,0.0935182471144686,0
ood_combo,DS03,12,23,LPT_flow_mod,7,1,-0.0132260828860841,-0.0132937247148065,0,0,0,0,0,0,0.0935182471144686,0
ood_combo,DS03,12,23,LPC_eff_mod,8,1,0,-0,0,0,0,0,0,0,0.0935182471144686,0
ood_combo,DS03,12,23,LPC_flow_mod,9,1,0,-0.00205991461867766,0,0,0,0,0,0,0.0935182471144686,0
ood_combo,DS03,12,24,HPT_eff_mod,1,1,-0.0142700197136401,-0.0143653760382201,0,0,0,0,0,0,0.0836765385126543,0
ood_combo,DS03,12,24,fan_eff_mod,2,1,0,-0.000368842951510612,0,0,0,0,0,0,0.0836765385126543,0
ood_combo,DS03,12,24,fan_flow_mod,3,1,0,-0.000213128045109617,0,0,0,0,0,0,0.0836765385126543,0
ood_combo,DS03,12,24,HPC_eff_mod,4,1,0,-0,0,0,0,0,0,0,0.0836765385126543,0
ood_combo,DS03,12,24,HPC_flow_mod,5,1,0,-0,0,0,0,0,0,0,0.0836765385126543,0
ood_combo,DS03,12,24,LPT_eff_mod,6,1,-0.012991052929353,-0.0120039078676037,0,0,0,0,0,0,0.0836765385126543,0
ood_combo,DS03,12,24,LPT_flow_mod,7,1,-0.00628255262971009,-0.0132937247148065,0,0,0,0,0,0,0.0836765385126543,0
ood_combo,DS03,12,24,LPC_eff_mod,8,1,0,-0,0,0,0,0,0,0,0.0836765385126543,0
ood_combo,DS03,12,24,LPC_flow_mod,9,1,0,-0.00205991461867766,0,0,0,0,0,0,0.0836765385126543,0
ood_combo,DS03,12,25,HPT_eff_mod,1,1,-0.0292944337850441,-0.0168532273932765,0,1,0,1,0,1,0.0990943445586474,0
ood_combo,DS03,12,25,fan_eff_mod,2,1,0,-0.000368842951510612,0,0,0,0,0,1,0.0990943445586474,0
ood_combo,DS03,12,25,fan_flow_mod,3,1,0,-0.000213128045109617,0,0,0,0,0,1,0.0990943445586474,0
ood_combo,DS03,12,25,HPC_eff_mod,4,1,0,-0,0,0,0,0,0,1,0.0990943445586474,0
ood_combo,DS03,12,25,HPC_flow_mod,5,1,0,-0,0,0,0,0,0,1,0.0990943445586474,0
ood_combo,DS03,12,25,LPT_eff_mod,6,1,-0.00747221819220984,-0.0120039078676037,0,0,0,0,0,1,0.0990943445586474,0
ood_combo,DS03,12,25,LPT_flow_mod,7,1,-0.00927866468353813,-0.0132937247148065,0,0,0,0,0,1,0.0990943445586474,0
ood_combo,DS03,12,25,LPC_eff_mod,8,1,0,-0,0,0,0,0,0,1,0.0990943445586474,0
ood_combo,DS03,12,25,LPC_flow_mod,9,1,0,-0.00205991461867766,0,0,0,0,0,1,0.0990943445586474,0
ood_combo,DS03,12,26,HPT_eff_mod,1,1,-0.0173163269815606,-0.0168532273932765,0,1,0,1,0,1,0.0747341440899748,0
ood_combo,DS03,12,26,fan_eff_mod,2,1,0,-0.000368842951510612,0,0,0,0,0,1,0.0747341440899748,0
ood_combo,DS03,12,26,fan_flow_mod,3,1,0,-0.000213128045109617,0,0,0,0,0,1,0.0747341440899748,0
ood_combo,DS03,12,26,HPC_eff_mod,4,1,0,-0,0,0,0,0,0,1,0.0747341440899748,0
ood_combo,DS03,12,26,HPC_flow_mod,5,1,0,-0,0,0,0,0,0,1,0.0747341440899748,0
ood_combo,DS03,12,26,LPT_eff_mod,6,1,-0.0149881370189612,-0.0120039078676037,0,0,0,0,0,1,0.0747341440899748,0
ood_combo,DS03,12,26,LPT_flow_mod,7,1,-0.0142243377876381,-0.0132937247148065,0,0,0,0,0,1,0.0747341440899748,0
ood_combo,DS03,12,26,LPC_eff_mod,8,1,0,-0,0,0,0,0,0,1,0.0747341440899748,0
ood_combo,DS03,12,26,LPC_flow_mod,9,1,0,-0.00205991461867766,0,0,0,0,0,1,0.0747341440899748,0
ood_combo,DS03,12,27,HPT_eff_mod,1,1,-0.0360838868814331,-0.0250497359389741,0,1,0,1,0,1,0.0906596643963745,0
ood_combo,DS03,12,27,fan_eff_mod,2,1,0,-0.000368842951510612,0,0,0,0,0,1,0.0906596643963745,0
ood_combo,DS03,12,27,fan_flow_mod,3,1,0,-0.000213128045109617,0,0,0,0,0,1,0.0906596643963745,0
ood_combo,DS03,12,27,HPC_eff_mod,4,1,0,-0.0023702398107145,0,0,0,0,0,1,0.0906596643963745,0
ood_combo,DS03,12,27,HPC_flow_mod,5,1,0,-0,0,0,0,0,0,1,0.0906596643963745,0
ood_combo,DS03,12,27,LPT_eff_mod,6,1,-0.0144232942520559,-0.0120039078676037,0,0,0,0,0,1,0.0906596643963745,0
ood_combo,DS03,12,27,LPT_flow_mod,7,1,-0.0170416891020811,-0.0152743998459751,0,0,0,0,0,1,0.0906596643963745,0
ood_combo,DS03,12,27,LPC_eff_mod,8,1,0,-0,0,0,0,0,0,1,0.0906596643963745,0
ood_combo,DS03,12,27,LPC_flow_mod,9,1,0,-0.00205991461867766,0,0,0,0,0,1,0.0906596643963745,0
ood_combo,DS03,12,28,HPT_eff_mod,1,1,-0.0273248664229142,-0.0250497359389741,0,1,0,1,0,1,0.101139255640221,0
ood_combo,DS03,12,28,fan_eff_mod,2,1,0,-0.000368842951510612,0,0,0,0,0,1,0.101139255640221,0
ood_combo,DS03,12,28,fan_flow_mod,3,1,0,-0.000213128045109617,0,0,0,0,0,1,0.101139255640221,0
ood_combo,DS03,12,28,HPC_eff_mod,4,1,0,-0.0023702398107145,0,0,0,0,0,1,0.101139255640221,0
ood_combo,DS03,12,28,HPC_flow_mod,5,1,0,-0,0,0,0,0,0,1,0.101139255640221,0
ood_combo,DS03,12,28,LPT_eff_mod,6,1,-0.015072455203373,-0.0120039078676037,0,0,0,0,0,1,0.101139255640221,0
ood_combo,DS03,12,28,LPT_flow_mod,7,1,-0.015015623599624,-0.0152743998459751,0,0,0,0,0,1,0.101139255640221,0
ood_combo,DS03,12,28,LPC_eff_mod,8,1,0,-0,0,0,0,0,0,1,0.101139255640221,0
ood_combo,DS03,12,28,LPC_flow_mod,9,1,0,-0.00205991461867766,0,0,0,0,0,1,0.101139255640221,0
ood_combo,DS03,12,29,HPT_eff_mod,1,1,-0.0375190623583406,-0.025241383427021,0,1,0,1,0,1,0.144279603542012,0
ood_combo,DS03,12,29,fan_eff_mod,2,1,0,-0.000368842951510612,0,0,0,0,0,1,0.144279603542012,0
ood_combo,DS03,12,29,fan_flow_mod,3,1,0,-0.000213128045109617,0,0,0,0,0,1,0.144279603542012,0
ood_combo,DS03,12,29,HPC_eff_mod,4,1,0,-0.0023702398107145,0,0,0,0,0,1,0.144279603542012,0
ood_combo,DS03,12,29,HPC_flow_mod,5,1,0,-0,0,0,0,0,0,1,0.144279603542012,0
ood_combo,DS03,12,29,LPT_eff_mod,6,1,-0.0181343874995624,-0.0168425373749955,0,0,0,0,0,1,0.144279603542012,0
ood_combo,DS03,12,29,LPT_flow_mod,7,1,-0.011526709232147,-0.0152743998459751,0,0,0,0,0,1,0.144279603542012,0
ood_combo,DS03,12,29,LPC_eff_mod,8,1,0,-0,0,0,0,0,0,1,0.144279603542012,0
ood_combo,DS03,12,29,LPC_flow_mod,9,1,0,-0.00205991461867766,0,0,0,0,0,1,0.144279603542012,0
ood_combo,DS03,12,30,HPT_eff_mod,1,1,-0.035699398781822,-0.025241383427021,0,1,0,1,0,1,0.108568048955316,0
ood_combo,DS03,12,30,fan_eff_mod,2,1,0,-0.000368842951510612,0,0,0,0,0,1,0.108568048955316,0
ood_combo,DS03,12,30,fan_flow_mod,3,1,0,-0.000213128045109617,0,0,0,0,0,1,0.108568048955316,0
ood_combo,DS03,12,30,HPC_eff_mod,4,1,0,-0.0023702398107145,0,0,0,0,0,1,0.108568048955316,0
ood_combo,DS03,12,30,HPC_flow_mod,5,1,0,-0,0,0,0,0,0,1,0.108568048955316,0
ood_combo,DS03,12,30,LPT_eff_mod,6,1,-0.0159157192794489,-0.0168425373749955,0,0,0,0,0,1,0.108568048955316,0
ood_combo,DS03,12,30,LPT_flow_mod,7,1,-0.0192394484173252,-0.0152743998459751,0,0,0,0,0,1,0.108568048955316,0
ood_combo,DS03,12,30,LPC_eff_mod,8,1,0,-0,0,0,0,0,0,1,0.108568048955316,0
ood_combo,DS03,12,30,LPC_flow_mod,9,1,0,-0.00205991461867766,0,0,0,0,0,1,0.108568048955316,0
ood_combo,DS03,12,31,HPT_eff_mod,1,1,-0.0336112989999198,-0.025241383427021,0,1,0,1,0,1,0.110455798705324,0
ood_combo,DS03,12,31,fan_eff_mod,2,1,0,-0.000368842951510612,0,0,0,0,0,1,0.110455798705324,0
ood_combo,DS03,12,31,fan_flow_mod,3,1,0,-0.000213128045109617,0,0,0,0,0,1,0.110455798705324,0
ood_combo,DS03,12,31,HPC_eff_mod,4,1,0,-0.0023702398107145,0,0,0,0,0,1,0.110455798705324,0
ood_combo,DS03,12,31,HPC_flow_mod,5,1,0,-0,0,0,0,0,0,1,0.110455798705324,0
ood_combo,DS03,12,31,LPT_eff_mod,6,1,-0.0128835049588026,-0.0168425373749955,0,0,0,0,0,1,0.110455798705324,0
ood_combo,DS03,12,31,LPT_flow_mod,7,1,-0.0101933643666837,-0.0152743998459751,0,0,0,0,0,1,0.110455798705324,0
ood_combo,DS03,12,31,LPC_eff_mod,8,1,0,-0,0,0,0,0,0,1,0.110455798705324,0
ood_combo,DS03,12,31,LPC_flow_mod,9,1,0,-0.00205991461867766,0,0,0,0,0,1,0.110455798705324,0
ood_combo,DS03,12,32,HPT_eff_mod,1,1,-0.0319567640260217,-0.025241383427021,0,1,0,1,0,1,0.0903716762718798,0
ood_combo,DS03,12,32,fan_eff_mod,2,1,0,-0.000368842951510612,0,0,0,0,0,1,0.0903716762718798,0
ood_combo,DS03,12,32,fan_flow_mod,3,1,0,-0.000213128045109617,0,0,0,0,0,1,0.0903716762718798,0
ood_combo,DS03,12,32,HPC_eff_mod,4,1,0,-0.0023702398107145,0,0,0,0,0,1,0.0903716762718798,0
ood_combo,DS03,12,32,HPC_flow_mod,5,1,0,-0,0,0,0,0,0,1,0.0903716762718798,0
ood_combo,DS03,12,32,LPT_eff_mod,6,1,-0.013277650401833,-0.0168425373749955,0,0,0,0,0,1,0.0903716762718798,0
ood_combo,DS03,12,32,LPT_flow_mod,7,1,-0.0105881209390302,-0.0152743998459751,0,0,0,0,0,1,0.0903716762718798,0
ood_combo,DS03,12,32,LPC_eff_mod,8,1,0,-0,0,0,0,0,0,1,0.0903716762718798,0
ood_combo,DS03,12,32,LPC_flow_mod,9,1,0,-0.00205991461867766,0,0,0,0,0,1,0.0903716762718798,0
ood_combo,DS03,12,33,HPT_eff_mod,1,1,-0.0337182982915423,-0.025241383427021,0,1,0,1,0,1,0.109621800507841,0
ood_combo,DS03,12,33,fan_eff_mod,2,1,0,-0.000368842951510612,0,0,0,0,0,1,0.109621800507841,0
ood_combo,DS03,12,33,fan_flow_mod,3,1,0,-0.000213128045109617,0,0,0,0,0,1,0.109621800507841,0
ood_combo,DS03,12,33,HPC_eff_mod,4,1,0,-0.0023702398107145,0,0,0,0,0,1,0.109621800507841,0
ood_combo,DS03,12,33,HPC_flow_mod,5,1,0,-0,0,0,0,0,0,1,0.109621800507841,0
ood_combo,DS03,12,33,LPT_eff_mod,6,1,-0.0133246596046003,-0.0168425373749955,0,1,0,1,0,1,0.109621800507841,0
ood_combo,DS03,12,33,LPT_flow_mod,7,1,-0.018187472384036,-0.0152743998459751,0,0,0,0,0,1,0.109621800507841,0
ood_combo,DS03,12,33,LPC_eff_mod,8,1,0,-0,0,0,0,0,0,1,0.109621800507841,0
ood_combo,DS03,12,33,LPC_flow_mod,9,1,0,-0.00205991461867766,0,0,0,0,0,1,0.109621800507841,0
ood_combo,DS03,12,34,HPT_eff_mod,1,1,-0.0254200057777974,-0.025241383427021,0,1,0,1,0,1,0.0769796306408833,0
ood_combo,DS03,12,34,fan_eff_mod,2,1,0,-0.000368842951510612,0,0,0,0,0,1,0.0769796306408833,0
ood_combo,DS03,12,34,fan_flow_mod,3,1,0,-0.000213128045109617,0,0,0,0,0,1,0.0769796306408833,0
ood_combo,DS03,12,34,HPC_eff_mod,4,1,0,-0.0023702398107145,0,0,0,0,0,1,0.0769796306408833,0
ood_combo,DS03,12,34,HPC_flow_mod,5,1,0,-0,0,0,0,0,0,1,0.0769796306408833,0
ood_combo,DS03,12,34,LPT_eff_mod,6,1,-0.0129309227663835,-0.0168425373749955,0,1,0,1,0,1,0.0769796306408833,0
ood_combo,DS03,12,34,LPT_flow_mod,7,1,-0.0155056882124562,-0.0152743998459751,0,0,0,0,0,1,0.0769796306408833,0
ood_combo,DS03,12,34,LPC_eff_mod,8,1,0,-0,0,0,0,0,0,1,0.0769796306408833,0
ood_combo,DS03,12,34,LPC_flow_mod,9,1,0,-0.00205991461867766,0,0,0,0,0,1,0.0769796306408833,0
ood_combo,DS03,12,35,HPT_eff_mod,1,1,-0.0333788509888452,-0.0302878172460694,0,1,0,2,0,2,0.0855264365374916,0
ood_combo,DS03,12,35,fan_eff_mod,2,1,0,-0.000439178949346219,0,0,0,0,0,2,0.0855264365374916,0
ood_combo,DS03,12,35,fan_flow_mod,3,1,0,-0.000213128045109617,0,0,0,0,0,2,0.0855264365374916,0
ood_combo,DS03,12,35,HPC_eff_mod,4,1,0,-0.00268558734193408,0,0,0,0,0,2,0.0855264365374916,0
ood_combo,DS03,12,35,HPC_flow_mod,5,1,0,-0,0,0,0,0,0,2,0.0855264365374916,0
ood_combo,DS03,12,35,LPT_eff_mod,6,1,-0.0188365617555518,-0.019131352066194,0,1,0,1,0,2,0.0855264365374916,0
ood_combo,DS03,12,35,LPT_flow_mod,7,1,-0.016560850988188,-0.0152743998459751,0,0,0,0,0,2,0.0855264365374916,0
ood_combo,DS03,12,35,LPC_eff_mod,8,1,0,-0,0,0,0,0,0,2,0.0855264365374916,0
ood_combo,DS03,12,35,LPC_flow_mod,9,1,0,-0.00205991461867766,0,0,0,0,0,2,0.0855264365374916,0
ood_combo,DS03,12,36,HPT_eff_mod,1,1,-0.0407012225330342,-0.0302878172460694,0,1,0,2,0,2,0.108884519046757,0
ood_combo,DS03,12,36,fan_eff_mod,2,1,0,-0.000439178949346219,0,0,0,0,0,2,0.108884519046757,0
ood_combo,DS03,12,36,fan_flow_mod,3,1,0,-0.000213128045109617,0,0,0,0,0,2,0.108884519046757,0
ood_combo,DS03,12,36,HPC_eff_mod,4,1,0,-0.00268558734193408,0,0,0,0,0,2,0.108884519046757,0
ood_combo,DS03,12,36,HPC_flow_mod,5,1,0,-0,0,0,0,0,0,2,0.108884519046757,0
ood_combo,DS03,12,36,LPT_eff_mod,6,1,-0.0184287186704546,-0.019131352066194,0,1,0,1,0,2,0.108884519046757,0
ood_combo,DS03,12,36,LPT_flow_mod,7,1,-0.0233752423635052,-0.0185750958234081,0,0,0,0,0,2,0.108884519046757,0
ood_combo,DS03,12,36,LPC_eff_mod,8,1,0,-0,0,0,0,0,0,2,0.108884519046757,0
ood_combo,DS03,12,36,LPC_flow_mod,9,1,0,-0.00205991461867766,0,0,0,0,0,2,0.108884519046757,0
ood_combo,DS03,12,37,HPT_eff_mod,1,0,-0.0381683594828007,-0.0302878172460694,1,1,2,2,2,2,0.102909991972329,0
ood_combo,DS03,12,37,fan_eff_mod,2,0,0,-0.000439178949346219,0,0,0,0,2,2,0.102909991972329,0
ood_combo,DS03,12,37,fan_flow_mod,3,0,0,-0.000213128045109617,0,0,0,0,2,2,0.102909991972329,0
ood_combo,DS03,12,37,HPC_eff_mod,4,0,0,-0.00268558734193408,0,0,0,0,2,2,0.102909991972329,0
ood_combo,DS03,12,37,HPC_flow_mod,5,0,0,-0,0,0,0,0,2,2,0.102909991972329,0
ood_combo,DS03,12,37,LPT_eff_mod,6,0,-0.0171793689451595,-0.019131352066194,1,1,1,1,2,2,0.102909991972329,0
ood_combo,DS03,12,37,LPT_flow_mod,7,0,-0.0225426122803567,-0.0189868331399005,1,0,1,0,2,2,0.102909991972329,0
ood_combo,DS03,12,37,LPC_eff_mod,8,0,0,-0,0,0,0,0,2,2,0.102909991972329,0
ood_combo,DS03,12,37,LPC_flow_mod,9,0,0,-0.00205991461867766,0,0,0,0,2,2,0.102909991972329,0
ood_combo,DS03,12,38,HPT_eff_mod,1,0,-0.0444311265592556,-0.0302878172460694,1,1,2,2,2,2,0.0890692038267381,0
ood_combo,DS03,12,38,fan_eff_mod,2,0,0,-0.000439178949346219,0,0,0,0,2,2,0.0890692038267381,0
ood_combo,DS03,12,38,fan_flow_mod,3,0,0,-0.000213128045109617,0,0,0,0,2,2,0.0890692038267381,0
ood_combo,DS03,12,38,HPC_eff_mod,4,0,0,-0.00268558734193408,0,0,0,0,2,2,0.0890692038267381,0
ood_combo,DS03,12,38,HPC_flow_mod,5,0,0,-0,0,0,0,0,2,2,0.0890692038267381,0
ood_combo,DS03,12,38,LPT_eff_mod,6,0,-0.0149580093832733,-0.019131352066194,1,1,1,1,2,2,0.0890692038267381,0
ood_combo,DS03,12,38,LPT_flow_mod,7,0,-0.0146735473559006,-0.0189868331399005,1,0,1,0,2,2,0.0890692038267381,0
ood_combo,DS03,12,38,LPC_eff_mod,8,0,0,-0,0,0,0,0,2,2,0.0890692038267381,0
ood_combo,DS03,12,38,LPC_flow_mod,9,0,0,-0.00205991461867766,0,0,0,0,2,2,0.0890692038267381,0
ood_combo,DS03,12,39,HPT_eff_mod,1,0,-0.0364777678180738,-0.0302878172460694,1,1,2,2,2,2,0.144286998543941,0
ood_combo,DS03,12,39,fan_eff_mod,2,0,0,-0.000439178949346219,0,0,0,0,2,2,0.144286998543941,0
ood_combo,DS03,12,39,fan_flow_mod,3,0,0,-0.000213128045109617,0,0,0,0,2,2,0.144286998543941,0
ood_combo,DS03,12,39,HPC_eff_mod,4,0,0,-0.00268558734193408,0,0,0,0,2,2,0.144286998543941,0
ood_combo,DS03,12,39,HPC_flow_mod,5,0,0,-0,0,0,0,0,2,2,0.144286998543941,0
ood_combo,DS03,12,39,LPT_eff_mod,6,0,-0.0167864790265921,-0.019131352066194,1,1,1,1,2,2,0.144286998543941,0
ood_combo,DS03,12,39,LPT_flow_mod,7,0,-0.0105993064918154,-0.0189868331399005,1,0,1,0,2,2,0.144286998543941,0
ood_combo,DS03,12,39,LPC_eff_mod,8,0,0,-0,0,0,0,0,2,2,0.144286998543941,0
ood_combo,DS03,12,39,LPC_flow_mod,9,0,0,-0.00205991461867766,0,0,0,0,2,2,0.144286998543941,0
ood_combo,DS03,12,40,HPT_eff_mod,1,0,-0.0487944579708385,-0.0336756606417382,1,1,2,2,2,2,0.0714407688618395,0
ood_combo,DS03,12,40,fan_eff_mod,2,0,0,-0.000439178949346219,0,0,0,0,2,2,0.0714407688618395,0
ood_combo,DS03,12,40,fan_flow_mod,3,0,0,-0.000213128045109617,0,0,0,0,2,2,0.0714407688618395,0
ood_combo,DS03,12,40,HPC_eff_mod,4,0,0,-0.00268558734193408,0,0,0,0,2,2,0.0714407688618395,0
ood_combo,DS03,12,40,HPC_flow_mod,5,0,0,-0,0,0,0,0,2,2,0.0714407688618395,0
ood_combo,DS03,12,40,LPT_eff_mod,6,0,-0.0180452313327646,-0.019131352066194,1,1,1,1,2,2,0.0714407688618395,0
ood_combo,DS03,12,40,LPT_flow_mod,7,0,-0.0122845352011792,-0.0189868331399005,1,1,1,1,2,2,0.0714407688618395,0
ood_combo,DS03,12,40,LPC_eff_mod,8,0,0,-0,0,0,0,0,2,2,0.0714407688618395,0
ood_combo,DS03,12,40,LPC_flow_mod,9,0,0,-0.00205991461867766,0,0,0,0,2,2,0.0714407688618395,0
ood_combo,DS03,12,41,HPT_eff_mod,1,0,-0.0462841073008904,-0.0336756606417382,1,1,2,2,2,2,0.146365962934866,0
ood_combo,DS03,12,41,fan_eff_mod,2,0,0,-0.000439178949346219,0,0,0,0,2,2,0.146365962934866,0
ood_combo,DS03,12,41,fan_flow_mod,3,0,0,-0.000213128045109617,0,0,0,0,2,2,0.146365962934866,0
ood_combo,DS03,12,41,HPC_eff_mod,4,0,0,-0.00268558734193408,0,0,0,0,2,2,0.146365962934866,0
ood_combo,DS03,12,41,HPC_flow_mod,5,0,0,-0,0,0,0,0,2,2,0.146365962934866,0
ood_combo,DS03,12,41,LPT_eff_mod,6,0,-0.0218290104034957,-0.019131352066194,1,1,1,1,2,2,0.146365962934866,0
ood_combo,DS03,12,41,LPT_flow_mod,7,0,-0.023447073123988,-0.0189868331399005,1,1,1,1,2,2,0.146365962934866,0
ood_combo,DS03,12,41,LPC_eff_mod,8,0,0,-0,0,0,0,0,2,2,0.146365962934866,0
ood_combo,DS03,12,41,LPC_flow_mod,9,0,0,-0.00205991461867766,0,0,0,0,2,2,0.146365962934866,0
ood_combo,DS03,12,42,HPT_eff_mod,1,0,-0.0379766572343273,-0.0336756606417382,1,1,2,2,2,2,0.137113497763538,0
ood_combo,DS03,12,42,fan_eff_mod,2,0,0,-0.000439178949346219,0,0,0,0,2,2,0.137113497763538,0
ood_combo,DS03,12,42,fan_flow_mod,3,0,0,-0.000320315662904728,0,0,0,0,2,2,0.137113497763538,0
ood_combo,DS03,12,42,HPC_eff_mod,4,0,0,-0.00268558734193408,0,0,0,0,2,2,0.137113497763538,0
ood_combo,DS03,12,42,HPC_flow_mod,5,0,0,-0,0,0,0,0,2,2,0.137113497763538,0
ood_combo,DS03,12,42,LPT_eff_mod,6,0,-0.0190422590878063,-0.019131352066194,1,1,1,1,2,2,0.137113497763538,0
ood_combo,DS03,12,42,LPT_flow_mod,7,0,-0.0149173661542833,-0.0189868331399005,1,1,1,1,2,2,0.137113497763538,0
ood_combo,DS03,12,42,LPC_eff_mod,8,0,0,-0,0,0,0,0,2,2,0.137113497763538,0
ood_combo,DS03,12,42,LPC_flow_mod,9,0,0,-0.00205991461867766,0,0,0,0,2,2,0.137113497763538,0
ood_combo,DS03,12,43,HPT_eff_mod,1,0,-0.059233293887595,-0.0339614741529146,1,1,2,2,2,2,0.183402430870349,0
ood_combo,DS03,12,43,fan_eff_mod,2,0,0,-0.000439178949346219,0,0,0,0,2,2,0.183402430870349,0
ood_combo,DS03,12,43,fan_flow_mod,3,0,0,-0.000320315662904728,0,0,0,0,2,2,0.183402430870349,0
ood_combo,DS03,12,43,HPC_eff_mod,4,0,0,-0.00268558734193408,0,0,0,0,2,2,0.183402430870349,0
ood_combo,DS03,12,43,HPC_flow_mod,5,0,0,-0,0,0,0,0,2,2,0.183402430870349,0
ood_combo,DS03,12,43,LPT_eff_mod,6,0,-0.0223875524375922,-0.019131352066194,1,1,1,1,2,2,0.183402430870349,0
ood_combo,DS03,12,43,LPT_flow_mod,7,0,-0.0195354798931171,-0.0236981391422774,1,1,1,1,2,2,0.183402430870349,0
ood_combo,DS03,12,43,LPC_eff_mod,8,0,0,-0,0,0,0,0,2,2,0.183402430870349,0
ood_combo,DS03,12,43,LPC_flow_mod,9,0,0,-0.00205991461867766,0,0,0,0,2,2,0.183402430870349,0
ood_combo,DS03,12,44,HPT_eff_mod,1,0,-0.0428204392698335,-0.0339614741529146,1,1,2,2,2,2,0.114324046792242,0
ood_combo,DS03,12,44,fan_eff_mod,2,0,0,-0.000439178949346219,0,0,0,0,2,2,0.114324046792242,0
ood_combo,DS03,12,44,fan_flow_mod,3,0,0,-0.000320315662904728,0,0,0,0,2,2,0.114324046792242,0
ood_combo,DS03,12,44,HPC_eff_mod,4,0,0,-0.00268558734193408,0,0,0,0,2,2,0.114324046792242,0
ood_combo,DS03,12,44,HPC_flow_mod,5,0,0,-0,0,0,0,0,2,2,0.114324046792242,0
ood_combo,DS03,12,44,LPT_eff_mod,6,0,-0.0186119292033636,-0.019131352066194,1,1,1,1,2,2,0.114324046792242,0
ood_combo,DS03,12,44,LPT_flow_mod,7,0,-0.0146696686469055,-0.0236981391422774,1,1,1,1,2,2,0.114324046792242,0
ood_combo,DS03,12,44,LPC_eff_mod,8,0,0,-0,0,0,0,0,2,2,0.114324046792242,0
ood_combo,DS03,12,44,LPC_flow_mod,9,0,0,-0.00205991461867766,0,0,0,0,2,2,0.114324046792242,0
ood_combo,DS03,12,45,HPT_eff_mod,1,0,-0.0508282667470448,-0.0339614741529146,1,1,2,2,2,2,0.115495895888229,0
ood_combo,DS03,12,45,fan_eff_mod,2,0,0,-0.000439178949346219,0,0,0,0,2,2,0.115495895888229,0
ood_combo,DS03,12,45,fan_flow_mod,3,0,0,-0.000320315662904728,0,0,0,0,2,2,0.115495895888229,0
ood_combo,DS03,12,45,HPC_eff_mod,4,0,0,-0.00268558734193408,0,0,0,0,2,2,0.115495895888229,0
ood_combo,DS03,12,45,HPC_flow_mod,5,0,0,-0,0,0,0,0,2,2,0.115495895888229,0
ood_combo,DS03,12,45,LPT_eff_mod,6,0,-0.0260912352670493,-0.0241766692065631,1,1,1,1,2,2,0.115495895888229,0
ood_combo,DS03,12,45,LPT_flow_mod,7,0,-0.0149350534346145,-0.0236981391422774,1,1,1,1,2,2,0.115495895888229,0
ood_combo,DS03,12,45,LPC_eff_mod,8,0,0,-0,0,0,0,0,2,2,0.115495895888229,0
ood_combo,DS03,12,45,LPC_flow_mod,9,0,0,-0.00205991461867766,0,0,0,0,2,2,0.115495895888229,0
ood_combo,DS03,12,46,HPT_eff_mod,1,0,-0.0554140974165965,-0.0339614741529146,1,1,2,2,2,2,0.0939499273396229,0
ood_combo,DS03,12,46,fan_eff_mod,2,0,0,-0.000439178949346219,0,0,0,0,2,2,0.0939499273396229,0
ood_combo,DS03,12,46,fan_flow_mod,3,0,0,-0.000320315662904728,0,0,0,0,2,2,0.0939499273396229,0
ood_combo,DS03,12,46,HPC_eff_mod,4,0,0,-0.00268558734193408,0,0,0,0,2,2,0.0939499273396229,0
ood_combo,DS03,12,46,HPC_flow_mod,5,0,0,-0,0,0,0,0,2,2,0.0939499273396229,0
ood_combo,DS03,12,46,LPT_eff_mod,6,0,-0.0201391888216067,-0.0241766692065631,1,1,1,1,2,2,0.0939499273396229,0
ood_combo,DS03,12,46,LPT_flow_mod,7,0,-0.0184785153937762,-0.0289064436574254,1,1,1,1,2,2,0.0939499273396229,0
ood_combo,DS03,12,46,LPC_eff_mod,8,0,0,-0,0,0,0,0,2,2,0.0939499273396229,0
ood_combo,DS03,12,46,LPC_flow_mod,9,0,0,-0.00205991461867766,0,0,0,0,2,2,0.0939499273396229,0
ood_combo,DS03,12,47,HPT_eff_mod,1,0,-0.0570194493378392,-0.0420774402329999,1,1,2,2,2,2,0.0864132343411247,0
ood_combo,DS03,12,47,fan_eff_mod,2,0,0,-0.000439178949346219,0,0,0,0,2,2,0.0864132343411247,0
ood_combo,DS03,12,47,fan_flow_mod,3,0,0,-0.000320315662904728,0,0,0,0,2,2,0.0864132343411247,0
ood_combo,DS03,12,47,HPC_eff_mod,4,0,0,-0.00268558734193408,0,0,0,0,2,2,0.0864132343411247,0
ood_combo,DS03,12,47,HPC_flow_mod,5,0,0,-0,0,0,0,0,2,2,0.0864132343411247,0
ood_combo,DS03,12,47,LPT_eff_mod,6,0,-0.0293688990298617,-0.0241766692065631,1,1,1,1,2,2,0.0864132343411247,0
ood_combo,DS03,12,47,LPT_flow_mod,7,0,-0.0271265784571511,-0.0298947571673715,1,1,1,2,2,2,0.0864132343411247,0
ood_combo,DS03,12,47,LPC_eff_mod,8,0,0,-0,0,0,0,0,2,2,0.0864132343411247,0
ood_combo,DS03,12,47,LPC_flow_mod,9,0,0,-0.00205991461867766,0,0,0,0,2,2,0.0864132343411247,0
ood_combo,DS03,12,48,HPT_eff_mod,1,0,-0.0521205815729555,-0.0420774402329999,1,1,2,2,2,2,0.0660524691384241,0
ood_combo,DS03,12,48,fan_eff_mod,2,0,0,-0.000439178949346219,0,0,0,0,2,2,0.0660524691384241,0
ood_combo,DS03,12,48,fan_flow_mod,3,0,0,-0.000320315662904728,0,0,0,0,2,2,0.0660524691384241,0
ood_combo,DS03,12,48,HPC_eff_mod,4,0,0,-0.00268558734193408,0,0,0,0,2,2,0.0660524691384241,0
ood_combo,DS03,12,48,HPC_flow_mod,5,0,0,-0,0,0,0,0,2,2,0.0660524691384241,0
ood_combo,DS03,12,48,LPT_eff_mod,6,0,-0.022624261007506,-0.0241766692065631,1,1,1,1,2,2,0.0660524691384241,0
ood_combo,DS03,12,48,LPT_flow_mod,7,0,-0.0293199999590379,-0.0298947571673715,1,1,1,2,2,2,0.0660524691384241,0
ood_combo,DS03,12,48,LPC_eff_mod,8,0,0,-0,0,0,0,0,2,2,0.0660524691384241,0
ood_combo,DS03,12,48,LPC_flow_mod,9,0,0,-0.00205991461867766,0,0,0,0,2,2,0.0660524691384241,0
ood_combo,DS03,12,49,HPT_eff_mod,1,0,-0.0626549633673973,-0.0424431500047241,1,1,2,2,2,2,0.0912895283500699,0
ood_combo,DS03,12,49,fan_eff_mod,2,0,0,-0.000439178949346219,0,0,0,0,2,2,0.0912895283500699,0
ood_combo,DS03,12,49,fan_flow_mod,3,0,0,-0.000320315662904728,0,0,0,0,2,2,0.0912895283500699,0
ood_combo,DS03,12,49,HPC_eff_mod,4,0,0,-0.00421807597976616,0,0,0,0,2,2,0.0912895283500699,0
ood_combo,DS03,12,49,HPC_flow_mod,5,0,0,-0,0,0,0,0,2,2,0.0912895283500699,0
ood_combo,DS03,12,49,LPT_eff_mod,6,0,-0.0265528543233136,-0.0241766692065631,1,1,1,1,2,2,0.0912895283500699,0
ood_combo,DS03,12,49,LPT_flow_mod,7,0,-0.030960041118624,-0.0352160040860922,1,1,2,2,2,2,0.0912895283500699,0
ood_combo,DS03,12,49,LPC_eff_mod,8,0,0,-0,0,0,0,0,2,2,0.0912895283500699,0
ood_combo,DS03,12,49,LPC_flow_mod,9,0,0,-0.00205991461867766,0,0,0,0,2,2,0.0912895283500699,0
ood_combo,DS03,12,50,HPT_eff_mod,1,0,-0.0664321566166731,-0.0506139205091916,1,1,2,2,2,2,0.146277426067949,0
ood_combo,DS03,12,50,fan_eff_mod,2,0,0,-0.000439178949346219,0,0,0,0,2,2,0.146277426067949,0
ood_combo,DS03,12,50,fan_flow_mod,3,0,0,-0.000320315662904728,0,0,0,0,2,2,0.146277426067949,0
ood_combo,DS03,12,50,HPC_eff_mod,4,0,0,-0.00546515246525562,0,0,0,0,2,2,0.146277426067949,0
ood_combo,DS03,12,50,HPC_flow_mod,5,0,0,-0,0,0,0,0,2,2,0.146277426067949,0
ood_combo,DS03,12,50,LPT_eff_mod,6,0,-0.024385309777246,-0.0251794533702165,1,1,1,1,2,2,0.146277426067949,0
ood_combo,DS03,12,50,LPT_flow_mod,7,0,-0.0352564407819903,-0.0352160040860922,1,1,2,2,2,2,0.146277426067949,0
ood_combo,DS03,12,50,LPC_eff_mod,8,0,0,-0,0,0,0,0,2,2,0.146277426067949,0
ood_combo,DS03,12,50,LPC_flow_mod,9,0,0,-0.00205991461867766,0,0,0,0,2,2,0.146277426067949,0
ood_combo,DS03,12,51,HPT_eff_mod,1,0,-0.0686032818133283,-0.0506139205091916,1,1,2,2,2,2,0.147619072512939,0
ood_combo,DS03,12,51,fan_eff_mod,2,0,0,-0.000439178949346219,0,0,0,0,2,2,0.147619072512939,0
ood_combo,DS03,12,51,fan_flow_mod,3,0,0,-0.000320315662904728,0,0,0,0,2,2,0.147619072512939,0
ood_combo,DS03,12,51,HPC_eff_mod,4,0,0,-0.00546515246525562,0,0,0,0,2,2,0.147619072512939,0
ood_combo,DS03,12,51,HPC_flow_mod,5,0,0,-0,0,0,0,0,2,2,0.147619072512939,0
ood_combo,DS03,12,51,LPT_eff_mod,6,0,-0.0276487301808519,-0.0251794533702165,1,1,1,1,2,2,0.147619072512939,0
ood_combo,DS03,12,51,LPT_flow_mod,7,0,-0.0272986779829588,-0.0352160040860922,1,1,2,2,2,2,0.147619072512939,0
ood_combo,DS03,12,51,LPC_eff_mod,8,0,0,-0,0,0,0,0,2,2,0.147619072512939,0
ood_combo,DS03,12,51,LPC_flow_mod,9,0,0,-0.00205991461867766,0,0,0,0,2,2,0.147619072512939,0
ood_combo,DS03,12,52,HPT_eff_mod,1,0,-0.0808608115295019,-0.0590537142755288,1,1,2,2,2,2,0.0759551039406135,0
ood_combo,DS03,12,52,fan_eff_mod,2,0,0,-0.000439178949346219,0,0,0,0,2,2,0.0759551039406135,0
ood_combo,DS03,12,52,fan_flow_mod,3,0,0,-0.000320315662904728,0,0,0,0,2,2,0.0759551039406135,0
ood_combo,DS03,12,52,HPC_eff_mod,4,0,0,-0.00621499737350158,0,0,0,0,2,2,0.0759551039406135,0
ood_combo,DS03,12,52,HPC_flow_mod,5,0,0,-0,0,0,0,0,2,2,0.0759551039406135,0
ood_combo,DS03,12,52,LPT_eff_mod,6,0,-0.0297196893125958,-0.0260360275652128,1,1,1,1,2,2,0.0759551039406135,0
ood_combo,DS03,12,52,LPT_flow_mod,7,0,-0.0294142053072924,-0.036361234670628,1,1,2,2,2,2,0.0759551039406135,0
ood_combo,DS03,12,52,LPC_eff_mod,8,0,0,-0,0,0,0,0,2,2,0.0759551039406135,0
ood_combo,DS03,12,52,LPC_flow_mod,9,0,0,-0.00205991461867766,0,0,0,0,2,2,0.0759551039406135,0
ood_combo,DS03,12,53,HPT_eff_mod,1,0,-0.0725437999331612,-0.0590537142755288,1,1,2,2,2,2,0.0946729813589898,0
ood_combo,DS03,12,53,fan_eff_mod,2,0,0,-0.000439178949346219,0,0,0,0,2,2,0.0946729813589898,0
ood_combo,DS03,12,53,fan_flow_mod,3,0,0,-0.000320315662904728,0,0,0,0,2,2,0.0946729813589898,0
ood_combo,DS03,12,53,HPC_eff_mod,4,0,0,-0.00621499737350158,0,0,0,0,2,2,0.0946729813589898,0
ood_combo,DS03,12,53,HPC_flow_mod,5,0,0,-0,0,0,0,0,2,2,0.0946729813589898,0
ood_combo,DS03,12,53,LPT_eff_mod,6,0,-0.0320202645606383,-0.0270241998653858,1,1,2,1,2,2,0.0946729813589898,0
ood_combo,DS03,12,53,LPT_flow_mod,7,0,-0.0357605354729995,-0.036361234670628,1,1,2,2,2,2,0.0946729813589898,0
ood_combo,DS03,12,53,LPC_eff_mod,8,0,0,-0,0,0,0,0,2,2,0.0946729813589898,0
ood_combo,DS03,12,53,LPC_flow_mod,9,0,0,-0.00205991461867766,0,0,0,0,2,2,0.0946729813589898,0
ood_combo,DS03,12,54,HPT_eff_mod,1,0,-0.074574782853421,-0.0590537142755288,1,1,2,2,2,2,0.0668153677111103,0
ood_combo,DS03,12,54,fan_eff_mod,2,0,0,-0.000439178949346219,0,0,0,0,2,2,0.0668153677111103,0
ood_combo,DS03,12,54,fan_flow_mod,3,0,0,-0.000320315662904728,0,0,0,0,2,2,0.0668153677111103,0
ood_combo,DS03,12,54,HPC_eff_mod,4,0,0,-0.00621499737350158,0,0,0,0,2,2,0.0668153677111103,0
ood_combo,DS03,12,54,HPC_flow_mod,5,0,0,-0,0,0,0,0,2,2,0.0668153677111103,0
ood_combo,DS03,12,54,LPT_eff_mod,6,0,-0.0332171039484098,-0.0270241998653858,1,1,2,1,2,2,0.0668153677111103,0
ood_combo,DS03,12,54,LPT_flow_mod,7,0,-0.038139977455542,-0.0413260382488589,1,1,2,2,2,2,0.0668153677111103,0
ood_combo,DS03,12,54,LPC_eff_mod,8,0,0,-0,0,0,0,0,2,2,0.0668153677111103,0
ood_combo,DS03,12,54,LPC_flow_mod,9,0,0,-0.00205991461867766,0,0,0,0,2,2,0.0668153677111103,0
ood_combo,DS03,12,55,HPT_eff_mod,1,0,-0.0770741707654715,-0.0655952505921509,1,1,2,2,2,2,0.102039509593357,0
ood_combo,DS03,12,55,fan_eff_mod,2,0,0,-0.000439178949346219,0,0,0,0,2,2,0.102039509593357,0
ood_combo,DS03,12,55,fan_flow_mod,3,0,0,-0.000320315662904728,0,0,0,0,2,2,0.102039509593357,0
ood_combo,DS03,12,55,HPC_eff_mod,4,0,0,-0.00621499737350158,0,0,0,0,2,2,0.102039509593357,0
ood_combo,DS03,12,55,HPC_flow_mod,5,0,0,-0,0,0,0,0,2,2,0.102039509593357,0
ood_combo,DS03,12,55,LPT_eff_mod,6,0,-0.0384367763116526,-0.0270241998653858,1,1,2,1,2,2,0.102039509593357,0
ood_combo,DS03,12,55,LPT_flow_mod,7,0,-0.0510242196533061,-0.0413424781560261,1,1,2,2,2,2,0.102039509593357,0
ood_combo,DS03,12,55,LPC_eff_mod,8,0,0,-0,0,0,0,0,2,2,0.102039509593357,0
ood_combo,DS03,12,55,LPC_flow_mod,9,0,0,-0.00205991461867766,0,0,0,0,2,2,0.102039509593357,0
ood_combo,DS03,12,56,HPT_eff_mod,1,0,-0.0918181299500259,-0.0717226187793072,1,1,2,2,2,2,0.259159771981456,0
ood_combo,DS03,12,56,fan_eff_mod,2,0,0,-0.000439178949346219,0,0,0,0,2,2,0.259159771981456,0
ood_combo,DS03,12,56,fan_flow_mod,3,0,0,-0.000320315662904728,0,0,0,0,2,2,0.259159771981456,0
ood_combo,DS03,12,56,HPC_eff_mod,4,0,0,-0.00621499737350158,0,0,0,0,2,2,0.259159771981456,0
ood_combo,DS03,12,56,HPC_flow_mod,5,0,0,-0,0,0,0,0,2,2,0.259159771981456,0
ood_combo,DS03,12,56,LPT_eff_mod,6,0,-0.0379648420467777,-0.0415912193359113,1,1,2,2,2,2,0.259159771981456,0
ood_combo,DS03,12,56,LPT_flow_mod,7,0,-0.0447918962961228,-0.0433387067824814,1,1,2,2,2,2,0.259159771981456,0
ood_combo,DS03,12,56,LPC_eff_mod,8,0,0,-0,0,0,0,0,2,2,0.259159771981456,0
ood_combo,DS03,12,56,LPC_flow_mod,9,0,0,-0.00205991461867766,0,0,0,0,2,2,0.259159771981456,0
ood_combo,DS03,12,57,HPT_eff_mod,1,0,-0.0878925977752016,-0.0717226187793072,1,1,2,2,2,2,0.135603141114764,0
ood_combo,DS03,12,57,fan_eff_mod,2,0,0,-0.000439178949346219,0,0,0,0,2,2,0.135603141114764,0
ood_combo,DS03,12,57,fan_flow_mod,3,0,0,-0.000819781225386996,0,0,0,0,2,2,0.135603141114764,0
ood_combo,DS03,12,57,HPC_eff_mod,4,0,0,-0.00621499737350158,0,0,0,0,2,2,0.135603141114764,0
ood_combo,DS03,12,57,HPC_flow_mod,5,0,0,-0,0,0,0,0,2,2,0.135603141114764,0
ood_combo,DS03,12,57,LPT_eff_mod,6,0,-0.0368826222379696,-0.0415912193359113,1,1,2,2,2,2,0.135603141114764,0
ood_combo,DS03,12,57,LPT_flow_mod,7,0,-0.0527168622336431,-0.0433387067824814,1,1,2,2,2,2,0.135603141114764,0
ood_combo,DS03,12,57,LPC_eff_mod,8,0,0,-0,0,0,0,0,2,2,0.135603141114764,0
ood_combo,DS03,12,57,LPC_flow_mod,9,0,0,-0.00205991461867766,0,0,0,0,2,2,0.135603141114764,0
ood_combo,DS03,12,58,HPT_eff_mod,1,0,-0.0856631649172992,-0.0717226187793072,1,1,2,2,2,2,0.112848351926166,0
ood_combo,DS03,12,58,fan_eff_mod,2,0,0,-0.000439178949346219,0,0,0,0,2,2,0.112848351926166,0
ood_combo,DS03,12,58,fan_flow_mod,3,0,0,-0.000819781225386996,0,0,0,0,2,2,0.112848351926166,0
ood_combo,DS03,12,58,HPC_eff_mod,4,0,0,-0.00621499737350158,0,0,0,0,2,2,0.112848351926166,0
ood_combo,DS03,12,58,HPC_flow_mod,5,0,0,-0,0,0,0,0,2,2,0.112848351926166,0
ood_combo,DS03,12,58,LPT_eff_mod,6,0,-0.0400586010774425,-0.0415912193359113,1,1,2,2,2,2,0.112848351926166,0
ood_combo,DS03,12,58,LPT_flow_mod,7,0,-0.0470220091583353,-0.0433387067824814,1,1,2,2,2,2,0.112848351926166,0
ood_combo,DS03,12,58,LPC_eff_mod,8,0,0,-0,0,0,0,0,2,2,0.112848351926166,0
ood_combo,DS03,12,58,LPC_flow_mod,9,0,0,-0.00205991461867766,0,0,0,0,2,2,0.112848351926166,0
ood_combo,DS03,12,59,HPT_eff_mod,1,0,-0.0967092081347612,-0.0723204488175768,1,1,2,2,2,2,0.059817566585664,0
ood_combo,DS03,12,59,fan_eff_mod,2,0,0,-0.000439178949346219,0,0,0,0,2,2,0.059817566585664,0
ood_combo,DS03,12,59,fan_flow_mod,3,0,0,-0.000819781225386996,0,0,0,0,2,2,0.059817566585664,0
ood_combo,DS03,12,59,HPC_eff_mod,4,0,0,-0.00621499737350158,0,0,0,0,2,2,0.059817566585664,0
ood_combo,DS03,12,59,HPC_flow_mod,5,0,0,-0,0,0,0,0,2,2,0.059817566585664,0
ood_combo,DS03,12,59,LPT_eff_mod,6,0,-0.0414341473733001,-0.0415912193359113,1,1,2,2,2,2,0.059817566585664,0
ood_combo,DS03,12,59,LPT_flow_mod,7,0,-0.0443988735524863,-0.0505587727997413,1,1,2,2,2,2,0.059817566585664,0
ood_combo,DS03,12,59,LPC_eff_mod,8,0,0,-0,0,0,0,0,2,2,0.059817566585664,0
ood_combo,DS03,12,59,LPC_flow_mod,9,0,0,-0.00205991461867766,0,0,0,0,2,2,0.059817566585664,0
ood_combo,DS03,12,60,HPT_eff_mod,1,0,-0.108235054700182,-0.0867835720471458,1,1,2,2,2,2,0.080502912090863,0
ood_combo,DS03,12,60,fan_eff_mod,2,0,0,-0.000439178949346219,0,0,0,0,2,2,0.080502912090863,0
ood_combo,DS03,12,60,fan_flow_mod,3,0,0,-0.000819781225386996,0,0,0,0,2,2,0.080502912090863,0
ood_combo,DS03,12,60,HPC_eff_mod,4,0,0,-0.00621499737350158,0,0,0,0,2,2,0.080502912090863,0
ood_combo,DS03,12,60,HPC_flow_mod,5,0,0,-0,0,0,0,0,2,2,0.080502912090863,0
ood_combo,DS03,12,60,LPT_eff_mod,6,0,-0.0511842560429882,-0.0437318567630415,1,1,2,2,2,2,0.080502912090863,0
ood_combo,DS03,12,60,LPT_flow_mod,7,0,-0.044582116209215,-0.0505587727997413,1,1,2,2,2,2,0.080502912090863,0
ood_combo,DS03,12,60,LPC_eff_mod,8,0,0,-0,0,0,0,0,2,2,0.080502912090863,0
ood_combo,DS03,12,60,LPC_flow_mod,9,0,0,-0.00205991461867766,0,0,0,0,2,2,0.080502912090863,0
ood_combo,DS03,12,61,HPT_eff_mod,1,0,-0.112408114334124,-0.0929128679777498,1,1,2,2,2,2,0.0868163198974761,0
ood_combo,DS03,12,61,fan_eff_mod,2,0,0,-0.000439178949346219,0,0,0,0,2,2,0.0868163198974761,0
ood_combo,DS03,12,61,fan_flow_mod,3,0,0,-0.000819781225386996,0,0,0,0,2,2,0.0868163198974761,0
ood_combo,DS03,12,61,HPC_eff_mod,4,0,0,-0.00621499737350158,0,0,0,0,2,2,0.0868163198974761,0
ood_combo,DS03,12,61,HPC_flow_mod,5,0,0,-0,0,0,0,0,2,2,0.0868163198974761,0
ood_combo,DS03,12,61,LPT_eff_mod,6,0,-0.0499867725077707,-0.0484620277453906,1,1,2,2,2,2,0.0868163198974761,0
ood_combo,DS03,12,61,LPT_flow_mod,7,0,-0.0487078067522103,-0.0505587727997413,1,1,2,2,2,2,0.0868163198974761,0
ood_combo,DS03,12,61,LPC_eff_mod,8,0,0,-0,0,0,0,0,2,2,0.0868163198974761,0
ood_combo,DS03,12,61,LPC_flow_mod,9,0,0,-0.00205991461867766,0,0,0,0,2,2,0.0868163198974761,0
ood_combo,DS03,12,62,HPT_eff_mod,1,0,-0.110598696942599,-0.100605613080078,1,1,2,2,2,2,0.108137967541289,0
ood_combo,DS03,12,62,fan_eff_mod,2,0,0,-0.000439178949346219,0,0,0,0,2,2,0.108137967541289,0
ood_combo,DS03,12,62,fan_flow_mod,3,0,0,-0.000819781225386996,0,0,0,0,2,2,0.108137967541289,0
ood_combo,DS03,12,62,HPC_eff_mod,4,0,0,-0.00621499737350158,0,0,0,0,2,2,0.108137967541289,0
ood_combo,DS03,12,62,HPC_flow_mod,5,0,0,-0,0,0,0,0,2,2,0.108137967541289,0
ood_combo,DS03,12,62,LPT_eff_mod,6,0,-0.051415890019587,-0.0497376558033966,1,1,2,2,2,2,0.108137967541289,0
ood_combo,DS03,12,62,LPT_flow_mod,7,0,-0.0582270241490834,-0.0505587727997413,1,1,2,2,2,2,0.108137967541289,0
ood_combo,DS03,12,62,LPC_eff_mod,8,0,0,-0,0,0,0,0,2,2,0.108137967541289,0
ood_combo,DS03,12,62,LPC_flow_mod,9,0,0,-0.00205991461867766,0,0,0,0,2,2,0.108137967541289,0
ood_combo,DS03,12,63,HPT_eff_mod,1,0,-0.126599989757137,-0.100605613080078,1,1,2,2,2,2,0.0953323228690895,0
ood_combo,DS03,12,63,fan_eff_mod,2,0,0,-0.000439178949346219,0,0,0,0,2,2,0.0953323228690895,0
ood_combo,DS03,12,63,fan_flow_mod,3,0,0,-0.000819781225386996,0,0,0,0,2,2,0.0953323228690895,0
ood_combo,DS03,12,63,HPC_eff_mod,4,0,0,-0.00621499737350158,0,0,0,0,2,2,0.0953323228690895,0
ood_combo,DS03,12,63,HPC_flow_mod,5,0,0,-0,0,0,0,0,2,2,0.0953323228690895,0
ood_combo,DS03,12,63,LPT_eff_mod,6,0,-0.0493452833808397,-0.0497376558033966,1,1,2,2,2,2,0.0953323228690895,0
ood_combo,DS03,12,63,LPT_flow_mod,7,0,-0.0635645847592934,-0.0730267108859311,1,1,2,2,2,2,0.0953323228690895,0
ood_combo,DS03,12,63,LPC_eff_mod,8,0,0,-0,0,0,0,0,2,2,0.0953323228690895,0
ood_combo,DS03,12,63,LPC_flow_mod,9,0,0,-0.00205991461867766,0,0,0,0,2,2,0.0953323228690895,0
ood_combo,DS03,12,64,HPT_eff_mod,1,0,-0.128933347207887,-0.100605613080078,1,1,2,2,2,2,0.0970040438824498,0
ood_combo,DS03,12,64,fan_eff_mod,2,0,0,-0.000439178949346219,0,0,0,0,2,2,0.0970040438824498,0
ood_combo,DS03,12,64,fan_flow_mod,3,0,0,-0.000819781225386996,0,0,0,0,2,2,0.0970040438824498,0
ood_combo,DS03,12,64,HPC_eff_mod,4,0,0,-0.00621499737350158,0,0,0,0,2,2,0.0970040438824498,0
ood_combo,DS03,12,64,HPC_flow_mod,5,0,0,-0,0,0,0,0,2,2,0.0970040438824498,0
ood_combo,DS03,12,64,LPT_eff_mod,6,0,-0.0540531104078309,-0.0559488511812646,1,1,2,2,2,2,0.0970040438824498,0
ood_combo,DS03,12,64,LPT_flow_mod,7,0,-0.0657236025627993,-0.0730267108859311,1,1,2,2,2,2,0.0970040438824498,0
ood_combo,DS03,12,64,LPC_eff_mod,8,0,0,-0,0,0,0,0,2,2,0.0970040438824498,0
ood_combo,DS03,12,64,LPC_flow_mod,9,0,0,-0.00205991461867766,0,0,0,0,2,2,0.0970040438824498,0
ood_combo,DS03,12,65,HPT_eff_mod,1,0,-0.133096553148086,-0.100605613080078,1,1,2,2,2,2,0.0898810458538147,0
ood_combo,DS03,12,65,fan_eff_mod,2,0,0,-0.000439178949346219,0,0,0,0,2,2,0.0898810458538147,0
ood_combo,DS03,12,65,fan_flow_mod,3,0,0,-0.000819781225386996,0,0,0,0,2,2,0.0898810458538147,0
ood_combo,DS03,12,65,HPC_eff_mod,4,0,0,-0.00621499737350158,0,0,0,0,2,2,0.0898810458538147,0
ood_combo,DS03,12,65,HPC_flow_mod,5,0,0,-0,0,0,0,0,2,2,0.0898810458538147,0
ood_combo,DS03,12,65,LPT_eff_mod,6,0,-0.058231260226426,-0.0591242269761652,1,1,2,2,2,2,0.0898810458538147,0
ood_combo,DS03,12,65,LPT_flow_mod,7,0,-0.0573358263668265,-0.0730267108859311,1,1,2,2,2,2,0.0898810458538147,0
ood_combo,DS03,12,65,LPC_eff_mod,8,0,0,-0,0,0,0,0,2,2,0.0898810458538147,0
ood_combo,DS03,12,65,LPC_flow_mod,9,0,0,-0.00205991461867766,0,0,0,0,2,2,0.0898810458538147,0
ood_combo,DS03,12,66,HPT_eff_mod,1,0,-0.141391552954921,-0.1094490778346,1,1,2,2,2,2,0.100764286158467,0
ood_combo,DS03,12,66,fan_eff_mod,2,0,0,-0.000439178949346219,0,0,0,0,2,2,0.100764286158467,0
ood_combo,DS03,12,66,fan_flow_mod,3,0,0,-0.000833593877978362,0,0,0,0,2,2,0.100764286158467,0
ood_combo,DS03,12,66,HPC_eff_mod,4,0,0,-0.00621499737350158,0,0,0,0,2,2,0.100764286158467,0
ood_combo,DS03,12,66,HPC_flow_mod,5,0,0,-0,0,0,0,0,2,2,0.100764286158467,0
ood_combo,DS03,12,66,LPT_eff_mod,6,0,-0.0557830639008226,-0.0591242269761652,1,1,2,2,2,2,0.100764286158467,0
ood_combo,DS03,12,66,LPT_flow_mod,7,0,-0.0692280713460924,-0.0824035649751255,1,1,2,2,2,2,0.100764286158467,0
ood_combo,DS03,12,66,LPC_eff_mod,8,0,0,-0,0,0,0,0,2,2,0.100764286158467,0
ood_combo,DS03,12,66,LPC_flow_mod,9,0,0,-0.00205991461867766,0,0,0,0,2,2,0.100764286158467,0
ood_combo,DS03,12,67,HPT_eff_mod,1,0,-0.145165404667287,-0.116657636672564,1,1,2,2,2,2,0.0838165205612107,0
ood_combo,DS03,12,67,fan_eff_mod,2,0,0,-0.000439178949346219,0,0,0,0,2,2,0.0838165205612107,0
ood_combo,DS03,12,67,fan_flow_mod,3,0,0,-0.000833593877978362,0,0,0,0,2,2,0.0838165205612107,0
ood_combo,DS03,12,67,HPC_eff_mod,4,0,0,-0.00892822280462289,0,0,0,0,2,2,0.0838165205612107,0
ood_combo,DS03,12,67,HPC_flow_mod,5,0,0,-0,0,0,0,0,2,2,0.0838165205612107,0
ood_combo,DS03,12,67,LPT_eff_mod,6,0,-0.0606861534252305,-0.0618697162765138,1,1,2,2,2,2,0.0838165205612107,0
ood_combo,DS03,12,67,LPT_flow_mod,7,0,-0.0754914827875057,-0.0824035649751255,1,1,2,2,2,2,0.0838165205612107,0
ood_combo,DS03,12,67,LPC_eff_mod,8,0,0,-0,0,0,0,0,2,2,0.0838165205612107,0
ood_combo,DS03,12,67,LPC_flow_mod,9,0,0,-0.00211351407675832,0,0,0,0,2,2,0.0838165205612107,0
ood_combo,DS03,12,68,HPT_eff_mod,1,0,-0.157000830414315,-0.13106721946019,1,1,2,2,2,2,0.0960927285199382,0
ood_combo,DS03,12,68,fan_eff_mod,2,0,0,-0.000672811834989404,0,0,0,0,2,2,0.0960927285199382,0
ood_combo,DS03,12,68,fan_flow_mod,3,0,0,-0.000833593877978362,0,0,0,0,2,2,0.0960927285199382,0
ood_combo,DS03,12,68,HPC_eff_mod,4,0,0,-0.00932566142699557,0,0,0,0,2,2,0.0960927285199382,0
ood_combo,DS03,12,68,HPC_flow_mod,5,0,0,-0,0,0,0,0,2,2,0.0960927285199382,0
ood_combo,DS03,12,68,LPT_eff_mod,6,0,-0.0662273922483678,-0.0621412280316028,1,1,2,2,2,2,0.0960927285199382,0
ood_combo,DS03,12,68,LPT_flow_mod,7,0,-0.085722311960357,-0.0828580975100551,1,1,2,2,2,2,0.0960927285199382,0
ood_combo,DS03,12,68,LPC_eff_mod,8,0,0,-0,0,0,0,0,2,2,0.0960927285199382,0
ood_combo,DS03,12,68,LPC_flow_mod,9,0,0,-0.00428979354444089,0,0,0,0,2,2,0.0960927285199382,0
ood_combo,DS03,12,69,HPT_eff_mod,1,0,-0.169173949575356,-0.13106721946019,1,1,2,2,2,2,0.102425743090098,0
ood_combo,DS03,12,69,fan_eff_mod,2,0,0,-0.000672811834989404,0,0,0,0,2,2,0.102425743090098,0
ood_combo,DS03,12,69,fan_flow_mod,3,0,0,-0.000833593877978362,0,0,0,0,2,2,0.102425743090098,0
ood_combo,DS03,12,69,HPC_eff_mod,4,0,0,-0.00932566142699557,0,0,0,0,2,2,0.102425743090098,0
ood_combo,DS03,12,69,HPC_flow_mod,5,0,0,-0,0,0,0,0,2,2,0.102425743090098,0
ood_combo,DS03,12,69,LPT_eff_mod,6,0,-0.0687260619457781,-0.0694611388963272,1,1,2,2,2,2,0.102425743090098,0
ood_combo,DS03,12,69,LPT_flow_mod,7,0,-0.0686510632062385,-0.0828580975100551,1,1,2,2,2,2,0.102425743090098,0
ood_combo,DS03,12,69,LPC_eff_mod,8,0,0,-0,0,0,0,0,2,2,0.102425743090098,0
ood_combo,DS03,12,69,LPC_flow_mod,9,0,0,-0.00428979354444089,0,0,0,0,2,2,0.102425743090098,0
ood_combo,DS03,12,70,HPT_eff_mod,1,0,-0.180796426074358,-0.141446861887442,1,1,2,2,2,2,0.113537412913428,0
ood_combo,DS03,12,70,fan_eff_mod,2,0,0,-0.000672811834989404,0,0,0,0,2,2,0.113537412913428,0
ood_combo,DS03,12,70,fan_flow_mod,3,0,0,-0.00125894591573,0,0,0,0,2,2,0.113537412913428,0
ood_combo,DS03,12,70,HPC_eff_mod,4,0,0,-0.0130611067459014,0,0,0,0,2,2,0.113537412913428,0
ood_combo,DS03,12,70,HPC_flow_mod,5,0,0,-0,0,0,0,0,2,2,0.113537412913428,0
ood_combo,DS03,12,70,LPT_eff_mod,6,0,-0.0717791515373919,-0.0694611388963272,1,1,2,2,2,2,0.113537412913428,0
ood_combo,DS03,12,70,LPT_flow_mod,7,0,-0.083673523656113,-0.0911807910109778,1,1,2,2,2,2,0.113537412913428,0
ood_combo,DS03,12,70,LPC_eff_mod,8,0,0,-0,0,0,0,0,2,2,0.113537412913428,0
ood_combo,DS03,12,70,LPC_flow_mod,9,0,0,-0.00428979354444089,0,0,0,0,2,2,0.113537412913428,0
ood_combo,DS03,12,71,HPT_eff_mod,1,0,-0.186192248107221,-0.142271886743038,1,1,2,2,2,2,0.126761060133601,0
ood_combo,DS03,12,71,fan_eff_mod,2,0,0,-0.000672811834989404,0,0,0,0,2,2,0.126761060133601,0
ood_combo,DS03,12,71,fan_flow_mod,3,0,0,-0.00125894591573,0,0,0,0,2,2,0.126761060133601,0
ood_combo,DS03,12,71,HPC_eff_mod,4,0,0,-0.0130611067459014,0,0,0,0,2,2,0.126761060133601,0
ood_combo,DS03,12,71,HPC_flow_mod,5,0,0,-0,0,0,0,0,2,2,0.126761060133601,0
ood_combo,DS03,12,71,LPT_eff_mod,6,0,-0.0741858323429948,-0.0694611388963272,1,1,2,2,2,2,0.126761060133601,0
ood_combo,DS03,12,71,LPT_flow_mod,7,0,-0.0841670001112744,-0.0919944212152018,1,1,2,2,2,2,0.126761060133601,0
ood_combo,DS03,12,71,LPC_eff_mod,8,0,0,-0,0,0,0,0,2,2,0.126761060133601,0
ood_combo,DS03,12,71,LPC_flow_mod,9,0,0,-0.00428979354444089,0,0,0,0,2,2,0.126761060133601,0
ood_combo,DS03,12,72,HPT_eff_mod,1,0,-0.188546465708909,-0.153333810675856,1,1,2,2,2,2,0.111315545515843,0
ood_combo,DS03,12,72,fan_eff_mod,2,0,0,-0.000672811834989404,0,0,0,0,2,2,0.111315545515843,0
ood_combo,DS03,12,72,fan_flow_mod,3,0,0,-0.00125894591573,0,0,0,0,2,2,0.111315545515843,0
ood_combo,DS03,12,72,HPC_eff_mod,4,0,0,-0.0130611067459014,0,0,0,0,2,2,0.111315545515843,0
ood_combo,DS03,12,72,HPC_flow_mod,5,0,0,-0,0,0,0,0,2,2,0.111315545515843,0
ood_combo,DS03,12,72,LPT_eff_mod,6,0,-0.079070514258128,-0.0747416021915971,1,1,2,2,2,2,0.111315545515843,0
ood_combo,DS03,12,72,LPT_flow_mod,7,0,-0.093381644283105,-0.0956818720274483,1,1,2,2,2,2,0.111315545515843,0
ood_combo,DS03,12,72,LPC_eff_mod,8,0,0,-0,0,0,0,0,2,2,0.111315545515843,0
ood_combo,DS03,12,72,LPC_flow_mod,9,0,0,-0.00428979354444089,0,0,0,0,2,2,0.111315545515843,0
ood_combo,DS03,12,73,HPT_eff_mod,1,0,-0.196638380319263,-0.15938602745437,1,1,2,2,2,2,0.0958976223585433,0
ood_combo,DS03,12,73,fan_eff_mod,2,0,0,-0.000672811834989404,0,0,0,0,2,2,0.0958976223585433,0
ood_combo,DS03,12,73,fan_flow_mod,3,0,0,-0.00125894591573,0,0,0,0,2,2,0.0958976223585433,0
ood_combo,DS03,12,73,HPC_eff_mod,4,0,0,-0.0130611067459014,0,0,0,0,2,2,0.0958976223585433,0
ood_combo,DS03,12,73,HPC_flow_mod,5,0,0,-0,0,0,0,0,2,2,0.0958976223585433,0
ood_combo,DS03,12,73,LPT_eff_mod,6,0,-0.0788697940984346,-0.0747416021915971,1,1,2,2,2,2,0.0958976223585433,0
ood_combo,DS03,12,73,LPT_flow_mod,7,0,-0.101208547976524,-0.106799317072246,1,1,2,2,2,2,0.0958976223585433,0
ood_combo,DS03,12,73,LPC_eff_mod,8,0,0,-0,0,0,0,0,2,2,0.0958976223585433,0
ood_combo,DS03,12,73,LPC_flow_mod,9,0,0,-0.00428979354444089,0,0,0,0,2,2,0.0958976223585433,0
ood_combo,DS03,12,74,HPT_eff_mod,1,0,-0.22205966148286,-0.170113999148398,1,1,3,2,3,2,0.133240338244143,0
ood_combo,DS03,12,74,fan_eff_mod,2,0,0,-0.000672811834989404,0,0,0,0,3,2,0.133240338244143,0
ood_combo,DS03,12,74,fan_flow_mod,3,0,0,-0.00125894591573,0,0,0,0,3,2,0.133240338244143,0
ood_combo,DS03,12,74,HPC_eff_mod,4,0,0,-0.0130611067459014,0,1,0,1,3,2,0.133240338244143,0
ood_combo,DS03,12,74,HPC_flow_mod,5,0,0,-0,0,0,0,0,3,2,0.133240338244143,0
ood_combo,DS03,12,74,LPT_eff_mod,6,0,-0.0867500882636153,-0.0843196442517324,1,1,2,2,3,2,0.133240338244143,0
ood_combo,DS03,12,74,LPT_flow_mod,7,0,-0.0938868408027743,-0.108067236766551,1,1,2,2,3,2,0.133240338244143,0
ood_combo,DS03,12,74,LPC_eff_mod,8,0,0,-0,0,0,0,0,3,2,0.133240338244143,0
ood_combo,DS03,12,74,LPC_flow_mod,9,0,0,-0.00428979354444089,0,0,0,0,3,2,0.133240338244143,0
ood_combo,DS03,12,75,HPT_eff_mod,1,0,-0.233974322506021,-0.185522281884409,1,1,3,2,3,2,0.171125506671371,0
ood_combo,DS03,12,75,fan_eff_mod,2,0,0,-0.000672811834989404,0,0,0,0,3,2,0.171125506671371,0
ood_combo,DS03,12,75,fan_flow_mod,3,0,0,-0.00125894591573,0,0,0,0,3,2,0.171125506671371,0
ood_combo,DS03,12,75,HPC_eff_mod,4,0,0,-0.0130611067459014,0,1,0,1,3,2,0.171125506671371,0
ood_combo,DS03,12,75,HPC_flow_mod,5,0,0,-0,0,0,0,0,3,2,0.171125506671371,0
ood_combo,DS03,12,75,LPT_eff_mod,6,0,-0.0875024294110428,-0.0871064357675293,1,1,2,2,3,2,0.171125506671371,0
ood_combo,DS03,12,75,LPT_flow_mod,7,0,-0.113815117902912,-0.120440715397604,1,1,2,2,3,2,0.171125506671371,0
ood_combo,DS03,12,75,LPC_eff_mod,8,0,0,-0,0,0,0,0,3,2,0.171125506671371,0
ood_combo,DS03,12,75,LPC_flow_mod,9,0,0,-0.00487624112879309,0,0,0,0,3,2,0.171125506671371,0
ood_combo,DS03,12,76,HPT_eff_mod,1,0,-0.235166082200984,-0.185522281884409,1,1,3,2,3,2,0.135830349102949,0
ood_combo,DS03,12,76,fan_eff_mod,2,0,0,-0.000672811834989404,0,0,0,0,3,2,0.135830349102949,0
ood_combo,DS03,12,76,fan_flow_mod,3,0,0,-0.00125894591573,0,0,0,0,3,2,0.135830349102949,0
ood_combo,DS03,12,76,HPC_eff_mod,4,0,0,-0.0130611067459014,0,1,0,1,3,2,0.135830349102949,0
ood_combo,DS03,12,76,HPC_flow_mod,5,0,0,-0,0,0,0,0,3,2,0.135830349102949,0
ood_combo,DS03,12,76,LPT_eff_mod,6,0,-0.0933231255673436,-0.0886811059081394,1,1,2,2,3,2,0.135830349102949,0
ood_combo,DS03,12,76,LPT_flow_mod,7,0,-0.100530188845326,-0.120440715397604,1,1,2,2,3,2,0.135830349102949,0
ood_combo,DS03,12,76,LPC_eff_mod,8,0,0,-0,0,0,0,0,3,2,0.135830349102949,0
ood_combo,DS03,12,76,LPC_flow_mod,9,0,0,-0.00487624112879309,0,0,0,0,3,2,0.135830349102949,0
ood_combo,DS03,12,77,HPT_eff_mod,1,0,-0.251273135648836,-0.197841136451357,1,1,3,2,3,2,0.113002980518558,0
ood_combo,DS03,12,77,fan_eff_mod,2,0,0,-0.000672811834989404,0,0,0,0,3,2,0.113002980518558,0
ood_combo,DS03,12,77,fan_flow_mod,3,0,0,-0.00125894591573,0,0,0,0,3,2,0.113002980518558,0
ood_combo,DS03,12,77,HPC_eff_mod,4,0,0,-0.0130611067459014,0,1,0,1,3,2,0.113002980518558,0
ood_combo,DS03,12,77,HPC_flow_mod,5,0,0,-0,0,0,0,0,3,2,0.113002980518558,0
ood_combo,DS03,12,77,LPT_eff_mod,6,0,-0.0983025949082349,-0.098244599400906,1,1,2,2,3,2,0.113002980518558,0
ood_combo,DS03,12,77,LPT_flow_mod,7,0,-0.101602219124268,-0.122907438785996,1,1,2,2,3,2,0.113002980518558,0
ood_combo,DS03,12,77,LPC_eff_mod,8,0,0,-0,0,0,0,0,3,2,0.113002980518558,0
ood_combo,DS03,12,77,LPC_flow_mod,9,0,0,-0.00487624112879309,0,0,0,0,3,2,0.113002980518558,0
ood_combo,DS03,12,78,HPT_eff_mod,1,0,-0.266006486341893,-0.214086085402113,1,1,3,3,3,3,0.187875566682765,0
ood_combo,DS03,12,78,fan_eff_mod,2,0,0,-0.000672811834989404,0,0,0,0,3,3,0.187875566682765,0
ood_combo,DS03,12,78,fan_flow_mod,3,0,0,-0.00125894591573,0,0,0,0,3,3,0.187875566682765,0
ood_combo,DS03,12,78,HPC_eff_mod,4,0,0,-0.0161211797020715,0,1,0,1,3,3,0.187875566682765,0
ood_combo,DS03,12,78,HPC_flow_mod,5,0,0,-0,0,0,0,0,3,3,0.187875566682765,0
ood_combo,DS03,12,78,LPT_eff_mod,6,0,-0.108431509452646,-0.098244599400906,1,1,2,2,3,3,0.187875566682765,0
ood_combo,DS03,12,78,LPT_flow_mod,7,0,-0.121356038198042,-0.138321837631604,1,1,2,2,3,3,0.187875566682765,0
ood_combo,DS03,12,78,LPC_eff_mod,8,0,0,-0,0,0,0,0,3,3,0.187875566682765,0
ood_combo,DS03,12,78,LPC_flow_mod,9,0,0,-0.00487624112879309,0,0,0,0,3,3,0.187875566682765,0
ood_combo,DS03,12,79,HPT_eff_mod,1,0,-0.280075745846054,-0.214086085402113,1,1,3,3,3,3,0.172040150717392,0
ood_combo,DS03,12,79,fan_eff_mod,2,0,0,-0.000672811834989404,0,0,0,0,3,3,0.172040150717392,0
ood_combo,DS03,12,79,fan_flow_mod,3,0,0,-0.00125894591573,0,0,0,0,3,3,0.172040150717392,0
ood_combo,DS03,12,79,HPC_eff_mod,4,0,0,-0.0161211797020715,0,1,0,1,3,3,0.172040150717392,0
ood_combo,DS03,12,79,HPC_flow_mod,5,0,0,-0,0,0,0,0,3,3,0.172040150717392,0
ood_combo,DS03,12,79,LPT_eff_mod,6,0,-0.105673207491876,-0.104585735940228,1,1,2,2,3,3,0.172040150717392,0
ood_combo,DS03,12,79,LPT_flow_mod,7,0,-0.117047382719906,-0.138321837631604,1,1,2,2,3,3,0.172040150717392,0
ood_combo,DS03,12,79,LPC_eff_mod,8,0,0,-0,0,0,0,0,3,3,0.172040150717392,0
ood_combo,DS03,12,79,LPC_flow_mod,9,0,0,-0.00487624112879309,0,0,0,0,3,3,0.172040150717392,0
ood_combo,DS03,12,80,HPT_eff_mod,1,0,-0.289983091596294,-0.233480261135421,1,1,3,3,3,3,0.134315898431339,0
ood_combo,DS03,12,80,fan_eff_mod,2,0,0,-0.000672811834989404,0,0,0,0,3,3,0.134315898431339,0
ood_combo,DS03,12,80,fan_flow_mod,3,0,0,-0.00125894591573,0,0,0,0,3,3,0.134315898431339,0
ood_combo,DS03,12,80,HPC_eff_mod,4,0,0,-0.0188195512804691,0,1,0,1,3,3,0.134315898431339,0
ood_combo,DS03,12,80,HPC_flow_mod,5,0,0,-0,0,0,0,0,3,3,0.134315898431339,0
ood_combo,DS03,12,80,LPT_eff_mod,6,0,-0.112594251134938,-0.108538148132807,1,1,2,2,3,3,0.134315898431339,0
ood_combo,DS03,12,80,LPT_flow_mod,7,0,-0.128637067114875,-0.150958916044585,1,1,2,2,3,3,0.134315898431339,0
ood_combo,DS03,12,80,LPC_eff_mod,8,0,0,-0,0,0,0,0,3,3,0.134315898431339,0
ood_combo,DS03,12,80,LPC_flow_mod,9,0,0,-0.00487624112879309,0,0,0,0,3,3,0.134315898431339,0
ood_combo,DS03,12,81,HPT_eff_mod,1,0,-0.313533904861202,-0.249251828303285,1,1,3,3,3,3,0.146202600796569,0
ood_combo,DS03,12,81,fan_eff_mod,2,0,0,-0.000672811834989404,0,0,0,0,3,3,0.146202600796569,0
ood_combo,DS03,12,81,fan_flow_mod,3,0,0,-0.00125894591573,0,0,0,0,3,3,0.146202600796569,0
ood_combo,DS03,12,81,HPC_eff_mod,4,0,0,-0.0188195512804691,0,1,0,1,3,3,0.146202600796569,0
ood_combo,DS03,12,81,HPC_flow_mod,5,0,0,-0,0,0,0,0,3,3,0.146202600796569,0
ood_combo,DS03,12,81,LPT_eff_mod,6,0,-0.118149300611271,-0.118442016954854,1,1,2,2,3,3,0.146202600796569,0
ood_combo,DS03,12,81,LPT_flow_mod,7,0,-0.138495394701793,-0.165439834621966,1,1,2,2,3,3,0.146202600796569,0
ood_combo,DS03,12,81,LPC_eff_mod,8,0,0,-0,0,0,0,0,3,3,0.146202600796569,0
ood_combo,DS03,12,81,LPC_flow_mod,9,0,0,-0.00487624112879309,0,0,0,0,3,3,0.146202600796569,0
ood_combo,DS03,12,82,HPT_eff_mod,1,0,-0.334378853263132,-0.254672035531652,1,1,3,3,3,3,0.128478548018849,0
ood_combo,DS03,12,82,fan_eff_mod,2,0,0,-0.000672811834989404,0,0,0,0,3,3,0.128478548018849,0
ood_combo,DS03,12,82,fan_flow_mod,3,0,0,-0.00125894591573,0,0,0,0,3,3,0.128478548018849,0
ood_combo,DS03,12,82,HPC_eff_mod,4,0,0,-0.0193347959221592,0,1,0,1,3,3,0.128478548018849,0
ood_combo,DS03,12,82,HPC_flow_mod,5,0,0,-0,0,0,0,0,3,3,0.128478548018849,0
ood_combo,DS03,12,82,LPT_eff_mod,6,0,-0.119443058460526,-0.128113876476398,1,1,2,2,3,3,0.128478548018849,0
ood_combo,DS03,12,82,LPT_flow_mod,7,0,-0.124382675947669,-0.165439834621966,1,1,2,2,3,3,0.128478548018849,0
ood_combo,DS03,12,82,LPC_eff_mod,8,0,0,-0,0,0,0,0,3,3,0.128478548018849,0
ood_combo,DS03,12,82,LPC_flow_mod,9,0,0,-0.00487624112879309,0,0,0,0,3,3,0.128478548018849,0
ood_combo,DS03,12,83,HPT_eff_mod,1,0,-0.35258666894747,-0.269880667320745,1,1,3,3,3,3,0.169896758427097,0
ood_combo,DS03,12,83,fan_eff_mod,2,0,0,-0.000672811834989404,0,0,0,0,3,3,0.169896758427097,0
ood_combo,DS03,12,83,fan_flow_mod,3,0,0,-0.00125894591573,0,0,0,0,3,3,0.169896758427097,0
ood_combo,DS03,12,83,HPC_eff_mod,4,0,0,-0.0193347959221592,0,1,0,1,3,3,0.169896758427097,0
ood_combo,DS03,12,83,HPC_flow_mod,5,0,0,-0,0,0,0,0,3,3,0.169896758427097,0
ood_combo,DS03,12,83,LPT_eff_mod,6,0,-0.127455069702252,-0.135352701299193,1,1,2,2,3,3,0.169896758427097,0
ood_combo,DS03,12,83,LPT_flow_mod,7,0,-0.139198727523672,-0.175851581605338,1,1,2,2,3,3,0.169896758427097,0
ood_combo,DS03,12,83,LPC_eff_mod,8,0,0,-0,0,0,0,0,3,3,0.169896758427097,0
ood_combo,DS03,12,83,LPC_flow_mod,9,0,0,-0.00487624112879309,0,0,0,0,3,3,0.169896758427097,0
ood_combo,DS03,12,84,HPT_eff_mod,1,0,-0.367666800014287,-0.299788982851103,1,1,3,3,3,3,0.154577877684695,0
ood_combo,DS03,12,84,fan_eff_mod,2,0,0,-0.000672811834989404,0,0,0,0,3,3,0.154577877684695,0
ood_combo,DS03,12,84,fan_flow_mod,3,0,0,-0.00125894591573,0,0,0,0,3,3,0.154577877684695,0
ood_combo,DS03,12,84,HPC_eff_mod,4,0,0,-0.022508167575592,0,1,0,1,3,3,0.154577877684695,0
ood_combo,DS03,12,84,HPC_flow_mod,5,0,0,-0,0,0,0,0,3,3,0.154577877684695,0
ood_combo,DS03,12,84,LPT_eff_mod,6,0,-0.135900737408961,-0.139850814299168,1,1,2,2,3,3,0.154577877684695,0
ood_combo,DS03,12,84,LPT_flow_mod,7,0,-0.158273276100864,-0.18779849252911,1,1,2,2,3,3,0.154577877684695,0
ood_combo,DS03,12,84,LPC_eff_mod,8,0,0,-0,0,0,0,0,3,3,0.154577877684695,0
ood_combo,DS03,12,84,LPC_flow_mod,9,0,0,-0.00487624112879309,0,0,0,0,3,3,0.154577877684695,0
ood_combo,DS03,12,85,HPT_eff_mod,1,0,-0.386289785741422,-0.306892841157233,1,1,3,3,3,3,0.193409830352363,0
ood_combo,DS03,12,85,fan_eff_mod,2,0,0,-0.000672811834989404,0,0,0,0,3,3,0.193409830352363,0
ood_combo,DS03,12,85,fan_flow_mod,3,0,0,-0.00125894591573,0,0,0,0,3,3,0.193409830352363,0
ood_combo,DS03,12,85,HPC_eff_mod,4,0,0,-0.022508167575592,0,1,0,1,3,3,0.193409830352363,0
ood_combo,DS03,12,85,HPC_flow_mod,5,0,0,-0,0,0,0,0,3,3,0.193409830352363,0
ood_combo,DS03,12,85,LPT_eff_mod,6,0,-0.136038159678384,-0.139850814299168,1,1,2,2,3,3,0.193409830352363,0
ood_combo,DS03,12,85,LPT_flow_mod,7,0,-0.16057464851972,-0.187981533955397,1,1,2,2,3,3,0.193409830352363,0
ood_combo,DS03,12,85,LPC_eff_mod,8,0,0,-0,0,0,0,0,3,3,0.193409830352363,0
ood_combo,DS03,12,85,LPC_flow_mod,9,0,0,-0.00487624112879309,0,0,0,0,3,3,0.193409830352363,0
ood_combo,DS03,12,86,HPT_eff_mod,1,0,-0.410085238405015,-0.319963478187008,1,1,3,3,3,3,0.238831637165212,0
ood_combo,DS03,12,86,fan_eff_mod,2,0,0,-0.000672811834989404,0,0,0,0,3,3,0.238831637165212,0
ood_combo,DS03,12,86,fan_flow_mod,3,0,0,-0.00125894591573,0,0,0,0,3,3,0.238831637165212,0
ood_combo,DS03,12,86,HPC_eff_mod,4,0,0,-0.0300685658148067,0,1,0,2,3,3,0.238831637165212,0
ood_combo,DS03,12,86,HPC_flow_mod,5,0,0,-0,0,0,0,0,3,3,0.238831637165212,0
ood_combo,DS03,12,86,LPT_eff_mod,6,0,-0.143155868907008,-0.139850814299168,1,1,2,2,3,3,0.238831637165212,0
ood_combo,DS03,12,86,LPT_flow_mod,7,0,-0.175390957131044,-0.219998035621423,1,1,2,3,3,3,0.238831637165212,0
ood_combo,DS03,12,86,LPC_eff_mod,8,0,0,-0,0,0,0,0,3,3,0.238831637165212,0
ood_combo,DS03,12,86,LPC_flow_mod,9,0,0,-0.00487624112879309,0,0,0,0,3,3,0.238831637165212,0
ood_combo,DS03,12,87,HPT_eff_mod,1,0,-0.436826657197074,-0.33502694579642,1,1,3,3,3,3,0.290600413862129,0
ood_combo,DS03,12,87,fan_eff_mod,2,0,0,-0.000672811834989404,0,0,0,0,3,3,0.290600413862129,0
ood_combo,DS03,12,87,fan_flow_mod,3,0,0,-0.00125894591573,0,0,0,0,3,3,0.290600413862129,0
ood_combo,DS03,12,87,HPC_eff_mod,4,0,0,-0.0368177731562361,0,1,0,2,3,3,0.290600413862129,0
ood_combo,DS03,12,87,HPC_flow_mod,5,0,0,-0.00141044337904583,0,0,0,0,3,3,0.290600413862129,0
ood_combo,DS03,12,87,LPT_eff_mod,6,0,-0.155344001520171,-0.171736921944227,1,1,2,2,3,3,0.290600413862129,0
ood_combo,DS03,12,87,LPT_flow_mod,7,0,-0.172064654100316,-0.219998035621423,1,1,2,3,3,3,0.290600413862129,0
ood_combo,DS03,12,87,LPC_eff_mod,8,0,0,-0,0,0,0,0,3,3,0.290600413862129,0
ood_combo,DS03,12,87,LPC_flow_mod,9,0,0,-0.00487624112879309,0,0,0,0,3,3,0.290600413862129,0
ood_combo,DS03,12,88,HPT_eff_mod,1,0,-0.45715569044767,-0.340842827371802,1,1,3,3,3,3,0.184323452218879,0
ood_combo,DS03,12,88,fan_eff_mod,2,0,0,-0.000672811834989404,0,0,0,0,3,3,0.184323452218879,0
ood_combo,DS03,12,88,fan_flow_mod,3,0,0,-0.00125894591573,0,0,0,0,3,3,0.184323452218879,0
ood_combo,DS03,12,88,HPC_eff_mod,4,0,0,-0.0368177731562361,0,1,0,2,3,3,0.184323452218879,0
ood_combo,DS03,12,88,HPC_flow_mod,5,0,0,-0.00141044337904583,0,0,0,0,3,3,0.184323452218879,0
ood_combo,DS03,12,88,LPT_eff_mod,6,0,-0.157498719037227,-0.171736921944227,1,1,2,2,3,3,0.184323452218879,0
ood_combo,DS03,12,88,LPT_flow_mod,7,0,-0.183753944077126,-0.24494073515235,1,1,2,3,3,3,0.184323452218879,0
ood_combo,DS03,12,88,LPC_eff_mod,8,0,0,-0,0,0,0,0,3,3,0.184323452218879,0
ood_combo,DS03,12,88,LPC_flow_mod,9,0,0,-0.00650755569437489,0,0,0,0,3,3,0.184323452218879,0
ood_combo,DS03,12,89,HPT_eff_mod,1,0,-0.4848812970519,-0.37354304619269,1,1,3,3,3,3,0.209022844641403,0
ood_combo,DS03,12,89,fan_eff_mod,2,0,0,-0.000672811834989404,0,0,0,0,3,3,0.209022844641403,0
ood_combo,DS03,12,89,fan_flow_mod,3,0,0,-0.00125894591573,0,0,0,0,3,3,0.209022844641403,0
ood_combo,DS03,12,89,HPC_eff_mod,4,0,0,-0.0368177731562361,0,1,0,2,3,3,0.209022844641403,0
ood_combo,DS03,12,89,HPC_flow_mod,5,0,0,-0.00141044337904583,0,0,0,0,3,3,0.209022844641403,0
ood_combo,DS03,12,89,LPT_eff_mod,6,0,-0.167852601891362,-0.177401593949454,1,1,2,2,3,3,0.209022844641403,0
ood_combo,DS03,12,89,LPT_flow_mod,7,0,-0.193089239550393,-0.24494073515235,1,1,2,3,3,3,0.209022844641403,0
ood_combo,DS03,12,89,LPC_eff_mod,8,0,0,-0,0,0,0,0,3,3,0.209022844641403,0
ood_combo,DS03,12,89,LPC_flow_mod,9,0,0,-0.00650755569437489,0,0,0,0,3,3,0.209022844641403,0
ood_combo,DS03,12,90,HPT_eff_mod,1,0,-0.517699021754315,-0.394291602572427,1,1,3,3,3,3,0.235117422345722,0
ood_combo,DS03,12,90,fan_eff_mod,2,0,0,-0.000672811834989404,0,0,0,0,3,3,0.235117422345722,0
ood_combo,DS03,12,90,fan_flow_mod,3,0,0,-0.00125894591573,0,0,0,0,3,3,0.235117422345722,0
ood_combo,DS03,12,90,HPC_eff_mod,4,0,0,-0.0368177731562361,0,1,0,2,3,3,0.235117422345722,0
ood_combo,DS03,12,90,HPC_flow_mod,5,0,0,-0.00141044337904583,0,0,0,0,3,3,0.235117422345722,0
ood_combo,DS03,12,90,LPT_eff_mod,6,0,-0.1710775018486,-0.183547717279767,1,1,2,2,3,3,0.235117422345722,0
ood_combo,DS03,12,90,LPT_flow_mod,7,0,-0.195828441979062,-0.261635346834956,1,1,2,3,3,3,0.235117422345722,0
ood_combo,DS03,12,90,LPC_eff_mod,8,0,0,-0,0,0,0,0,3,3,0.235117422345722,0
ood_combo,DS03,12,90,LPC_flow_mod,9,0,0,-0.00650755569437489,0,0,0,0,3,3,0.235117422345722,0
ood_combo,DS03,12,91,HPT_eff_mod,1,0,-0.541863391005204,-0.414855088386694,1,1,3,3,3,3,0.20732006339231,0
ood_combo,DS03,12,91,fan_eff_mod,2,0,0,-0.000672811834989404,0,0,0,0,3,3,0.20732006339231,0
ood_combo,DS03,12,91,fan_flow_mod,3,0,0,-0.00125894591573,0,0,0,0,3,3,0.20732006339231,0
ood_combo,DS03,12,91,HPC_eff_mod,4,0,0,-0.0489265078311331,0,1,0,2,3,3,0.20732006339231,0
ood_combo,DS03,12,91,HPC_flow_mod,5,0,0,-0.0027372374982977,0,0,0,0,3,3,0.20732006339231,0
ood_combo,DS03,12,91,LPT_eff_mod,6,0,-0.186014420476335,-0.202741693239827,1,1,2,2,3,3,0.20732006339231,0
ood_combo,DS03,12,91,LPT_flow_mod,7,0,-0.200222291566302,-0.269888681475255,1,1,2,3,3,3,0.20732006339231,0
ood_combo,DS03,12,91,LPC_eff_mod,8,0,0,-0,0,0,0,0,3,3,0.20732006339231,0
ood_combo,DS03,12,91,LPC_flow_mod,9,0,0,-0.00650755569437489,0,0,0,0,3,3,0.20732006339231,0
ood_combo,DS03,12,92,HPT_eff_mod,1,0,-0.56929697617534,-0.436552262472217,1,1,3,3,3,3,0.221999366413051,0
ood_combo,DS03,12,92,fan_eff_mod,2,0,0,-0.000672811834989404,0,0,0,0,3,3,0.221999366413051,0
ood_combo,DS03,12,92,fan_flow_mod,3,0,0,-0.00125894591573,0,0,0,0,3,3,0.221999366413051,0
ood_combo,DS03,12,92,HPC_eff_mod,4,0,0,-0.0489265078311331,0,1,0,2,3,3,0.221999366413051,0
ood_combo,DS03,12,92,HPC_flow_mod,5,0,0,-0.0027372374982977,0,0,0,0,3,3,0.221999366413051,0
ood_combo,DS03,12,92,LPT_eff_mod,6,0,-0.193252342074056,-0.211757016128599,1,1,2,3,3,3,0.221999366413051,0
ood_combo,DS03,12,92,LPT_flow_mod,7,0,-0.211383346668997,-0.285016816811121,1,1,3,3,3,3,0.221999366413051,0
ood_combo,DS03,12,92,LPC_eff_mod,8,0,0,-0,0,0,0,0,3,3,0.221999366413051,0
ood_combo,DS03,12,92,LPC_flow_mod,9,0,0,-0.00650755569437489,0,0,0,0,3,3,0.221999366413051,0
ood_combo,DS03,12,93,HPT_eff_mod,1,0,-0.598486837375174,-0.459209134614301,1,1,3,3,3,3,0.267481119244865,0
ood_combo,DS03,12,93,fan_eff_mod,2,0,0,-0.000672811834989404,0,0,0,0,3,3,0.267481119244865,0
ood_combo,DS03,12,93,fan_flow_mod,3,0,0,-0.00125894591573,0,0,0,0,3,3,0.267481119244865,0
ood_combo,DS03,12,93,HPC_eff_mod,4,0,0,-0.0489265078311331,0,1,0,2,3,3,0.267481119244865,0
ood_combo,DS03,12,93,HPC_flow_mod,5,0,0,-0.0027372374982977,0,0,0,0,3,3,0.267481119244865,0
ood_combo,DS03,12,93,LPT_eff_mod,6,0,-0.198052277923237,-0.222156983472044,1,1,2,3,3,3,0.267481119244865,0
ood_combo,DS03,12,93,LPT_flow_mod,7,0,-0.233906333596091,-0.313335395181875,1,1,3,3,3,3,0.267481119244865,0
ood_combo,DS03,12,93,LPC_eff_mod,8,0,0,-0.0107307071599618,0,0,0,0,3,3,0.267481119244865,0
ood_combo,DS03,12,93,LPC_flow_mod,9,0,0,-0.00650755569437489,0,0,0,0,3,3,0.267481119244865,0
ood_combo,DS03,13,1,HPT_eff_mod,1,1,-0.00787697763759579,-0,0,0,0,0,0,0,0.122194920118341,0
ood_combo,DS03,13,1,fan_eff_mod,2,1,0,-0,0,0,0,0,0,0,0.122194920118341,0
ood_combo,DS03,13,1,fan_flow_mod,3,1,0,-0,0,0,0,0,0,0,0.122194920118341,0
ood_combo,DS03,13,1,HPC_eff_mod,4,1,0,-0,0,0,0,0,0,0,0.122194920118341,0
ood_combo,DS03,13,1,HPC_flow_mod,5,1,0,-0,0,0,0,0,0,0,0.122194920118341,0
ood_combo,DS03,13,1,LPT_eff_mod,6,1,-0.000601613849059789,-0,0,0,0,0,0,0,0.122194920118341,0
ood_combo,DS03,13,1,LPT_flow_mod,7,1,-0.00177274106531826,-0,0,0,0,0,0,0,0.122194920118341,0
ood_combo,DS03,13,1,LPC_eff_mod,8,1,0,-0,0,0,0,0,0,0,0.122194920118341,0
ood_combo,DS03,13,1,LPC_flow_mod,9,1,0,-0,0,0,0,0,0,0,0.122194920118341,0
ood_combo,DS03,13,2,HPT_eff_mod,1,1,0.00482449849422166,-0,0,0,0,0,0,0,0.127709826693128,0
ood_combo,DS03,13,2,fan_eff_mod,2,1,0,-0,0,0,0,0,0,0,0.127709826693128,0
ood_combo,DS03,13,2,fan_flow_mod,3,1,0,-0,0,0,0,0,0,0,0.127709826693128,0
ood_combo,DS03,13,2,HPC_eff_mod,4,1,0,-0,0,0,0,0,0,0,0.127709826693128,0
ood_combo,DS03,13,2,HPC_flow_mod,5,1,0,-0,0,0,0,0,0,0,0.127709826693128,0
ood_combo,DS03,13,2,LPT_eff_mod,6,1,0.00230269949119492,-0,0,0,0,0,0,0,0.127709826693128,0
ood_combo,DS03,13,2,LPT_flow_mod,7,1,0.00345758124289185,-0,0,0,0,0,0,0,0.127709826693128,0
ood_combo,DS03,13,2,LPC_eff_mod,8,1,0,-0,0,0,0,0,0,0,0.127709826693128,0
ood_combo,DS03,13,2,LPC_flow_mod,9,1,0,-0,0,0,0,0,0,0,0.127709826693128,0
ood_combo,DS03,13,3,HPT_eff_mod,1,1,0.00305247914337272,-0,0,0,0,0,0,0,0.0991931960765441,0
ood_combo,DS03,13,3,fan_eff_mod,2,1,0,-0,0,0,0,0,0,0,0.0991931960765441,0
ood_combo,DS03,13,3,fan_flow_mod,3,1,0,-0,0,0,0,0,0,0,0.0991931960765441,0
ood_combo,DS03,13,3,HPC_eff_mod,4,1,0,-0,0,0,0,0,0,0,0.0991931960765441,0
ood_combo,DS03,13,3,HPC_flow_mod,5,1,0,-0,0,0,0,0,0,0,0.0991931960765441,0
ood_combo,DS03,13,3,LPT_eff_mod,6,1,-0.00170108564213491,-0.00139232054814003,0,0,0,0,0,0,0.0991931960765441,0
ood_combo,DS03,13,3,LPT_flow_mod,7,1,-0.00168484017757427,-0,0,0,0,0,0,0,0.0991931960765441,0
ood_combo,DS03,13,3,LPC_eff_mod,8,1,0,-0,0,0,0,0,0,0,0.0991931960765441,0
ood_combo,DS03,13,3,LPC_flow_mod,9,1,0,-0,0,0,0,0,0,0,0.0991931960765441,0
ood_combo,DS03,13,4,HPT_eff_mod,1,1,0.00323988128768384,-0,0,0,0,0,0,0,0.207125510827122,0
ood_combo,DS03,13,4,fan_eff_mod,2,1,0,-0,0,0,0,0,0,0,0.207125510827122,0
ood_combo,DS03,13,4,fan_flow_mod,3,1,0,-0,0,0,0,0,0,0,0.207125510827122,0
ood_combo,DS03,13,4,HPC_eff_mod,4,1,0,-0,0,0,0,0,0,0,0.207125510827122,0
ood_combo,DS03,13,4,HPC_flow_mod,5,1,0,-0,0,0,0,0,0,0,0.207125510827122,0
ood_combo,DS03,13,4,LPT_eff_mod,6,1,-0.00785991544674037,-0.00139232054814003,0,0,0,0,0,0,0.207125510827122,0
ood_combo,DS03,13,4,LPT_flow_mod,7,1,-0.00436695166516698,-0,0,0,0,0,0,0,0.207125510827122,0
ood_combo,DS03,13,4,LPC_eff_mod,8,1,0,-0,0,0,0,0,0,0,0.207125510827122,0
ood_combo,DS03,13,4,LPC_flow_mod,9,1,0,-0,0,0,0,0,0,0,0.207125510827122,0
ood_combo,DS03,13,5,HPT_eff_mod,1,1,-0.00980498289100976,-0,0,0,0,0,0,0,0.218826265729937,0
ood_combo,DS03,13,5,fan_eff_mod,2,1,0,-0,0,0,0,0,0,0,0.218826265729937,0
ood_combo,DS03,13,5,fan_flow_mod,3,1,0,-0,0,0,0,0,0,0,0.218826265729937,0
ood_combo,DS03,13,5,HPC_eff_mod,4,1,0,-0,0,0,0,0,0,0,0.218826265729937,0
ood_combo,DS03,13,5,HPC_flow_mod,5,1,0,-0,0,0,0,0,0,0,0.218826265729937,0
ood_combo,DS03,13,5,LPT_eff_mod,6,1,-0.00169902583579839,-0.00139232054814003,0,0,0,0,0,0,0.218826265729937,0
ood_combo,DS03,13,5,LPT_flow_mod,7,1,-0.00160963002945822,-0.00239086306949493,0,0,0,0,0,0,0.218826265729937,0
ood_combo,DS03,13,5,LPC_eff_mod,8,1,0,-0,0,0,0,0,0,0,0.218826265729937,0
ood_combo,DS03,13,5,LPC_flow_mod,9,1,0,-0,0,0,0,0,0,0,0.218826265729937,0
ood_combo,DS03,13,6,HPT_eff_mod,1,1,0.00373973239082729,-0,0,0,0,0,0,0,0.201394335299431,0
ood_combo,DS03,13,6,fan_eff_mod,2,1,0,-0,0,0,0,0,0,0,0.201394335299431,0
ood_combo,DS03,13,6,fan_flow_mod,3,1,0,-0,0,0,0,0,0,0,0.201394335299431,0
ood_combo,DS03,13,6,HPC_eff_mod,4,1,0,-0,0,0,0,0,0,0,0.201394335299431,0
ood_combo,DS03,13,6,HPC_flow_mod,5,1,0,-0,0,0,0,0,0,0,0.201394335299431,0
ood_combo,DS03,13,6,LPT_eff_mod,6,1,-0.0087019757422759,-0.00139232054814003,0,0,0,0,0,0,0.201394335299431,0
ood_combo,DS03,13,6,LPT_flow_mod,7,1,-0.00126663054110019,-0.00239086306949493,0,0,0,0,0,0,0.201394335299431,0
ood_combo,DS03,13,6,LPC_eff_mod,8,1,0,-0,0,0,0,0,0,0,0.201394335299431,0
ood_combo,DS03,13,6,LPC_flow_mod,9,1,0,-0.000400968862066233,0,0,0,0,0,0,0.201394335299431,0
ood_combo,DS03,13,7,HPT_eff_mod,1,1,-0.0129420044731295,-0.00148598690865426,0,0,0,0,0,0,0.157946433388297,0
ood_combo,DS03,13,7,fan_eff_mod,2,1,0,-0,0,0,0,0,0,0,0.157946433388297,0
ood_combo,DS03,13,7,fan_flow_mod,3,1,0,-0,0,0,0,0,0,0,0.157946433388297,0
ood_combo,DS03,13,7,HPC_eff_mod,4,1,0,-0,0,0,0,0,0,0,0.157946433388297,0
ood_combo,DS03,13,7,HPC_flow_mod,5,1,0,-0,0,0,0,0,0,0,0.157946433388297,0
ood_combo,DS03,13,7,LPT_eff_mod,6,1,-0.00162564905168191,-0.00139232054814003,0,0,0,0,0,0,0.157946433388297,0
ood_combo,DS03,13,7,LPT_flow_mod,7,1,-0.000132223897699256,-0.0057673017125594,0,0,0,0,0,0,0.157946433388297,0
ood_combo,DS03,13,7,LPC_eff_mod,8,1,0,-0,0,0,0,0,0,0,0.157946433388297,0
ood_combo,DS03,13,7,LPC_flow_mod,9,1,0,-0.000400968862066233,0,0,0,0,0,0,0.157946433388297,0
ood_combo,DS03,13,8,HPT_eff_mod,1,1,-0.0112074617731124,-0.00148598690865426,0,0,0,0,0,0,0.136528862861691,0
ood_combo,DS03,13,8,fan_eff_mod,2,1,0,-0,0,0,0,0,0,0,0.136528862861691,0
ood_combo,DS03,13,8,fan_flow_mod,3,1,0,-0,0,0,0,0,0,0,0.136528862861691,0
ood_combo,DS03,13,8,HPC_eff_mod,4,1,0,-0,0,0,0,0,0,0,0.136528862861691,0
ood_combo,DS03,13,8,HPC_flow_mod,5,1,0,-0,0,0,0,0,0,0,0.136528862861691,0
ood_combo,DS03,13,8,LPT_eff_mod,6,1,-0.00919571750648221,-0.00139232054814003,0,0,0,0,0,0,0.136528862861691,0
ood_combo,DS03,13,8,LPT_flow_mod,7,1,-0.00636702283103838,-0.0057673017125594,0,0,0,0,0,0,0.136528862861691,0
ood_combo,DS03,13,8,LPC_eff_mod,8,1,0,-0,0,0,0,0,0,0,0.136528862861691,0
ood_combo,DS03,13,8,LPC_flow_mod,9,1,0,-0.000400968862066233,0,0,0,0,0,0,0.136528862861691,0
ood_combo,DS03,13,9,HPT_eff_mod,1,1,0.000534113773950119,-0.00367812321287251,0,0,0,0,0,0,0.118584154257339,0
ood_combo,DS03,13,9,fan_eff_mod,2,1,0,-0,0,0,0,0,0,0,0.118584154257339,0
ood_combo,DS03,13,9,fan_flow_mod,3,1,0,-0,0,0,0,0,0,0,0.118584154257339,0
ood_combo,DS03,13,9,HPC_eff_mod,4,1,0,-0,0,0,0,0,0,0,0.118584154257339,0
ood_combo,DS03,13,9,HPC_flow_mod,5,1,0,-0,0,0,0,0,0,0,0.118584154257339,0
ood_combo,DS03,13,9,LPT_eff_mod,6,1,-0.000345241352039949,-0.00227944232297747,0,0,0,0,0,0,0.118584154257339,0
ood_combo,DS03,13,9,LPT_flow_mod,7,1,-0.00645558060050645,-0.0057673017125594,0,0,0,0,0,0,0.118584154257339,0
ood_combo,DS03,13,9,LPC_eff_mod,8,1,0,-0,0,0,0,0,0,0,0.118584154257339,0
ood_combo,DS03,13,9,LPC_flow_mod,9,1,0,-0.000400968862066233,0,0,0,0,0,0,0.118584154257339,0
ood_combo,DS03,13,10,HPT_eff_mod,1,1,-0.014147713600201,-0.0103885750613101,0,0,0,0,0,0,0.0876483237390481,0
ood_combo,DS03,13,10,fan_eff_mod,2,1,0,-0,0,0,0,0,0,0,0.0876483237390481,0
ood_combo,DS03,13,10,fan_flow_mod,3,1,0,-0,0,0,0,0,0,0,0.0876483237390481,0
ood_combo,DS03,13,10,HPC_eff_mod,4,1,0,-0,0,0,0,0,0,0,0.0876483237390481,0
ood_combo,DS03,13,10,HPC_flow_mod,5,1,0,-0,0,0,0,0,0,0,0.0876483237390481,0
ood_combo,DS03,13,10,LPT_eff_mod,6,1,-0.00120125341401434,-0.00227944232297747,0,0,0,0,0,0,0.0876483237390481,0
ood_combo,DS03,13,10,LPT_flow_mod,7,1,-0.0033280497806204,-0.0057673017125594,0,0,0,0,0,0,0.0876483237390481,0
ood_combo,DS03,13,10,LPC_eff_mod,8,1,0,-0,0,0,0,0,0,0,0.0876483237390481,0
ood_combo,DS03,13,10,LPC_flow_mod,9,1,0,-0.000400968862066233,0,0,0,0,0,0,0.0876483237390481,0
ood_combo,DS03,13,11,HPT_eff_mod,1,1,-0.00108095868959964,-0.0103885750613101,0,0,0,0,0,0,0.0857676474590282,0
ood_combo,DS03,13,11,fan_eff_mod,2,1,0,-0,0,0,0,0,0,0,0.0857676474590282,0
ood_combo,DS03,13,11,fan_flow_mod,3,1,0,-0,0,0,0,0,0,0,0.0857676474590282,0
ood_combo,DS03,13,11,HPC_eff_mod,4,1,0,-0,0,0,0,0,0,0,0.0857676474590282,0
ood_combo,DS03,13,11,HPC_flow_mod,5,1,0,-0,0,0,0,0,0,0,0.0857676474590282,0
ood_combo,DS03,13,11,LPT_eff_mod,6,1,-0.00635276896879613,-0.00227944232297747,0,0,0,0,0,0,0.0857676474590282,0
ood_combo,DS03,13,11,LPT_flow_mod,7,1,-0.00988547418740617,-0.0057673017125594,0,0,0,0,0,0,0.0857676474590282,0
ood_combo,DS03,13,11,LPC_eff_mod,8,1,0,-0,0,0,0,0,0,0,0.0857676474590282,0
ood_combo,DS03,13,11,LPC_flow_mod,9,1,0,-0.000400968862066233,0,0,0,0,0,0,0.0857676474590282,0
ood_combo,DS03,13,12,HPT_eff_mod,1,1,-0.0197615913112491,-0.0119218300526779,0,0,0,0,0,0,0.186172367303406,0
ood_combo,DS03,13,12,fan_eff_mod,2,1,0,-0,0,0,0,0,0,0,0.186172367303406,0
ood_combo,DS03,13,12,fan_flow_mod,3,1,0,-0,0,0,0,0,0,0,0.186172367303406,0
ood_combo,DS03,13,12,HPC_eff_mod,4,1,0,-0,0,0,0,0,0,0,0.186172367303406,0
ood_combo,DS03,13,12,HPC_flow_mod,5,1,0,-0,0,0,0,0,0,0,0.186172367303406,0
ood_combo,DS03,13,12,LPT_eff_mod,6,1,-0.0123637044091028,-0.00356111868778647,0,0,0,0,0,0,0.186172367303406,0
ood_combo,DS03,13,12,LPT_flow_mod,7,1,-0.0100868276465842,-0.0057673017125594,0,0,0,0,0,0,0.186172367303406,0
ood_combo,DS03,13,12,LPC_eff_mod,8,1,0,-0,0,0,0,0,0,0,0.186172367303406,0
ood_combo,DS03,13,12,LPC_flow_mod,9,1,0,-0.000400968862066233,0,0,0,0,0,0,0.186172367303406,0
ood_combo,DS03,13,13,HPT_eff_mod,1,1,-0.0116035990344266,-0.0119218300526779,0,0,0,0,0,0,0.151414739235574,0
ood_combo,DS03,13,13,fan_eff_mod,2,1,0,-0,0,0,0,0,0,0,0.151414739235574,0
ood_combo,DS03,13,13,fan_flow_mod,3,1,0,-0,0,0,0,0,0,0,0.151414739235574,0
ood_combo,DS03,13,13,HPC_eff_mod,4,1,0,-0,0,0,0,0,0,0,0.151414739235574,0
ood_combo,DS03,13,13,HPC_flow_mod,5,1,0,-0,0,0,0,0,0,0,0.151414739235574,0
ood_combo,DS03,13,13,LPT_eff_mod,6,1,-0.0125425685894763,-0.00356111868778647,0,0,0,0,0,0,0.151414739235574,0
ood_combo,DS03,13,13,LPT_flow_mod,7,1,-0.00250420674905759,-0.0057673017125594,0,0,0,0,0,0,0.151414739235574,0
ood_combo,DS03,13,13,LPC_eff_mod,8,1,0,-0,0,0,0,0,0,0,0.151414739235574,0
ood_combo,DS03,13,13,LPC_flow_mod,9,1,0,-0.000400968862066233,0,0,0,0,0,0,0.151414739235574,0
ood_combo,DS03,13,14,HPT_eff_mod,1,1,-0.0150094414146202,-0.0119218300526779,0,0,0,0,0,0,0.0995453879945864,0
ood_combo,DS03,13,14,fan_eff_mod,2,1,0,-0,0,0,0,0,0,0,0.0995453879945864,0
ood_combo,DS03,13,14,fan_flow_mod,3,1,0,-0,0,0,0,0,0,0,0.0995453879945864,0
ood_combo,DS03,13,14,HPC_eff_mod,4,1,0,-0,0,0,0,0,0,0,0.0995453879945864,0
ood_combo,DS03,13,14,HPC_flow_mod,5,1,0,-0,0,0,0,0,0,0,0.0995453879945864,0
ood_combo,DS03,13,14,LPT_eff_mod,6,1,-0.00884533628589705,-0.00356111868778647,0,0,0,0,0,0,0.0995453879945864,0
ood_combo,DS03,13,14,LPT_flow_mod,7,1,-0.00465325240865261,-0.0057673017125594,0,0,0,0,0,0,0.0995453879945864,0
ood_combo,DS03,13,14,LPC_eff_mod,8,1,0,-0,0,0,0,0,0,0,0.0995453879945864,0
ood_combo,DS03,13,14,LPC_flow_mod,9,1,0,-0.000400968862066233,0,0,0,0,0,0,0.0995453879945864,0
ood_combo,DS03,13,15,HPT_eff_mod,1,1,-0.00930536785612091,-0.0119218300526779,0,0,0,0,0,0,0.300012575713952,0
ood_combo,DS03,13,15,fan_eff_mod,2,1,0,-0,0,0,0,0,0,0,0.300012575713952,0
ood_combo,DS03,13,15,fan_flow_mod,3,1,0,-0,0,0,0,0,0,0,0.300012575713952,0
ood_combo,DS03,13,15,HPC_eff_mod,4,1,0,-0,0,0,0,0,0,0,0.300012575713952,0
ood_combo,DS03,13,15,HPC_flow_mod,5,1,0,-0,0,0,0,0,0,0,0.300012575713952,0
ood_combo,DS03,13,15,LPT_eff_mod,6,1,-0.0127796946264813,-0.00356111868778647,0,0,0,0,0,0,0.300012575713952,0
ood_combo,DS03,13,15,LPT_flow_mod,7,1,-0.00921142234395008,-0.00652208967558843,0,0,0,0,0,0,0.300012575713952,0
ood_combo,DS03,13,15,LPC_eff_mod,8,1,0,-0,0,0,0,0,0,0,0.300012575713952,0
ood_combo,DS03,13,15,LPC_flow_mod,9,1,0,-0.000400968862066233,0,0,0,0,0,0,0.300012575713952,0
ood_combo,DS03,13,16,HPT_eff_mod,1,1,-0.00543900584757811,-0.0150718710877864,0,0,0,0,0,0,0.182299040376946,0
ood_combo,DS03,13,16,fan_eff_mod,2,1,0,-0,0,0,0,0,0,0,0.182299040376946,0
ood_combo,DS03,13,16,fan_flow_mod,3,1,0,-0,0,0,0,0,0,0,0.182299040376946,0
ood_combo,DS03,13,16,HPC_eff_mod,4,1,0,-0,0,0,0,0,0,0,0.182299040376946,0
ood_combo,DS03,13,16,HPC_flow_mod,5,1,0,-0,0,0,0,0,0,0,0.182299040376946,0
ood_combo,DS03,13,16,LPT_eff_mod,6,1,-0.00801362888526251,-0.00356111868778647,0,0,0,0,0,0,0.182299040376946,0
ood_combo,DS03,13,16,LPT_flow_mod,7,1,-0.0142851660084508,-0.00652208967558843,0,0,0,0,0,0,0.182299040376946,0
ood_combo,DS03,13,16,LPC_eff_mod,8,1,0,-0,0,0,0,0,0,0,0.182299040376946,0
ood_combo,DS03,13,16,LPC_flow_mod,9,1,0,-0.000400968862066233,0,0,0,0,0,0,0.182299040376946,0
ood_combo,DS03,13,17,HPT_eff_mod,1,1,-0.0104911638947204,-0.0150718710877864,0,0,0,0,0,0,0.12672361231351,0
ood_combo,DS03,13,17,fan_eff_mod,2,1,0,-0,0,0,0,0,0,0,0.12672361231351,0
ood_combo,DS03,13,17,fan_flow_mod,3,1,0,-0,0,0,0,0,0,0,0.12672361231351,0
ood_combo,DS03,13,17,HPC_eff_mod,4,1,0,-0,0,0,0,0,0,0,0.12672361231351,0
ood_combo,DS03,13,17,HPC_flow_mod,5,1,0,-0,0,0,0,0,0,0,0.12672361231351,0
ood_combo,DS03,13,17,LPT_eff_mod,6,1,-0.0108773593907359,-0.00356111868778647,0,0,0,0,0,0,0.12672361231351,0
ood_combo,DS03,13,17,LPT_flow_mod,7,1,-0.00330830825835733,-0.00652208967558843,0,0,0,0,0,0,0.12672361231351,0
ood_combo,DS03,13,17,LPC_eff_mod,8,1,0,-0,0,0,0,0,0,0,0.12672361231351,0
ood_combo,DS03,13,17,LPC_flow_mod,9,1,0,-0.000400968862066233,0,0,0,0,0,0,0.12672361231351,0
ood_combo,DS03,13,18,HPT_eff_mod,1,1,-0.0135615176450949,-0.02069216436248,0,0,0,0,0,0,0.126493100406227,0
ood_combo,DS03,13,18,fan_eff_mod,2,1,0,-0,0,0,0,0,0,0,0.126493100406227,0
ood_combo,DS03,13,18,fan_flow_mod,3,1,0,-0,0,0,0,0,0,0,0.126493100406227,0
ood_combo,DS03,13,18,HPC_eff_mod,4,1,0,-0,0,0,0,0,0,0,0.126493100406227,0
ood_combo,DS03,13,18,HPC_flow_mod,5,1,0,-0,0,0,0,0,0,0,0.126493100406227,0
ood_combo,DS03,13,18,LPT_eff_mod,6,1,-0.00641930379709587,-0.00614510586845577,0,0,0,0,0,0,0.126493100406227,0
ood_combo,DS03,13,18,LPT_flow_mod,7,1,-0.0128942454599471,-0.00652208967558843,0,0,0,0,0,0,0.126493100406227,0
ood_combo,DS03,13,18,LPC_eff_mod,8,1,0,-0,0,0,0,0,0,0,0.126493100406227,0
ood_combo,DS03,13,18,LPC_flow_mod,9,1,0,-0.000400968862066233,0,0,0,0,0,0,0.126493100406227,0
ood_combo,DS03,13,19,HPT_eff_mod,1,0,-0.0273811612468582,-0.0210148943922032,1,0,1,0,1,0,0.111354094556551,0
ood_combo,DS03,13,19,fan_eff_mod,2,0,0,-0,0,0,0,0,1,0,0.111354094556551,0
ood_combo,DS03,13,19,fan_flow_mod,3,0,0,-0,0,0,0,0,1,0,0.111354094556551,0
ood_combo,DS03,13,19,HPC_eff_mod,4,0,0,-0,0,0,0,0,1,0,0.111354094556551,0
ood_combo,DS03,13,19,HPC_flow_mod,5,0,0,-0,0,0,0,0,1,0,0.111354094556551,0
ood_combo,DS03,13,19,LPT_eff_mod,6,0,-0.0178631712887875,-0.00614510586845577,1,0,1,0,1,0,0.111354094556551,0
ood_combo,DS03,13,19,LPT_flow_mod,7,0,-0.0164827954268305,-0.00787005967559906,1,0,1,0,1,0,0.111354094556551,0
ood_combo,DS03,13,19,LPC_eff_mod,8,0,0,-0,0,0,0,0,1,0,0.111354094556551,0
ood_combo,DS03,13,19,LPC_flow_mod,9,0,0,-0.000400968862066233,0,0,0,0,1,0,0.111354094556551,0
ood_combo,DS03,13,20,HPT_eff_mod,1,0,-0.0158409256431996,-0.0210148943922032,1,1,1,1,1,1,0.190332594823789,0
ood_combo,DS03,13,20,fan_eff_mod,2,0,0,-0,0,0,0,0,1,1,0.190332594823789,0
ood_combo,DS03,13,20,fan_flow_mod,3,0,0,-0,0,0,0,0,1,1,0.190332594823789,0
ood_combo,DS03,13,20,HPC_eff_mod,4,0,0,-0,0,0,0,0,1,1,0.190332594823789,0
ood_combo,DS03,13,20,HPC_flow_mod,5,0,0,-0,0,0,0,0,1,1,0.190332594823789,0
ood_combo,DS03,13,20,LPT_eff_mod,6,0,-0.0149044347341787,-0.00614510586845577,1,0,1,0,1,1,0.190332594823789,0
ood_combo,DS03,13,20,LPT_flow_mod,7,0,-0.012157736448731,-0.00787005967559906,1,0,1,0,1,1,0.190332594823789,0
ood_combo,DS03,13,20,LPC_eff_mod,8,0,0,-0,0,0,0,0,1,1,0.190332594823789,0
ood_combo,DS03,13,20,LPC_flow_mod,9,0,0,-0.000400968862066233,0,0,0,0,1,1,0.190332594823789,0
ood_combo,DS03,13,21,HPT_eff_mod,1,0,-0.0185489375056317,-0.0210148943922032,1,1,1,1,1,1,0.13388184526293,0
ood_combo,DS03,13,21,fan_eff_mod,2,0,0,-0,0,0,0,0,1,1,0.13388184526293,0
ood_combo,DS03,13,21,fan_flow_mod,3,0,0,-0,0,0,0,0,1,1,0.13388184526293,0
ood_combo,DS03,13,21,HPC_eff_mod,4,0,0,-0,0,0,0,0,1,1,0.13388184526293,0
ood_combo,DS03,13,21,HPC_flow_mod,5,0,0,-0,0,0,0,0,1,1,0.13388184526293,0
ood_combo,DS03,13,21,LPT_eff_mod,6,0,-0.0210127536971314,-0.00975455571211243,1,0,1,0,1,1,0.13388184526293,0
ood_combo,DS03,13,21,LPT_flow_mod,7,0,-0.00378511292044913,-0.00787005967559906,1,0,1,0,1,1,0.13388184526293,0
ood_combo,DS03,13,21,LPC_eff_mod,8,0,0,-0,0,0,0,0,1,1,0.13388184526293,0
ood_combo,DS03,13,21,LPC_flow_mod,9,0,0,-0.000400968862066233,0,0,0,0,1,1,0.13388184526293,0
ood_combo,DS03,13,22,HPT_eff_mod,1,0,-0.024028073393725,-0.0218078964331889,1,1,1,1,1,1,0.074910282659148,0
ood_combo,DS03,13,22,fan_eff_mod,2,0,0,-0,0,0,0,0,1,1,0.074910282659148,0
ood_combo,DS03,13,22,fan_flow_mod,3,0,0,-0,0,0,0,0,1,1,0.074910282659148,0
ood_combo,DS03,13,22,HPC_eff_mod,4,0,0,-0,0,0,0,0,1,1,0.074910282659148,0
ood_combo,DS03,13,22,HPC_flow_mod,5,0,0,-0,0,0,0,0,1,1,0.074910282659148,0
ood_combo,DS03,13,22,LPT_eff_mod,6,0,-0.0153049215256635,-0.00975455571211243,1,0,1,0,1,1,0.074910282659148,0
ood_combo,DS03,13,22,LPT_flow_mod,7,0,-0.0169919768032955,-0.00787005967559906,1,0,1,0,1,1,0.074910282659148,0
ood_combo,DS03,13,22,LPC_eff_mod,8,0,0,-0,0,0,0,0,1,1,0.074910282659148,0
ood_combo,DS03,13,22,LPC_flow_mod,9,0,0,-0.000400968862066233,0,0,0,0,1,1,0.074910282659148,0
ood_combo,DS03,13,23,HPT_eff_mod,1,0,-0.0208689398161199,-0.0218078964331889,1,1,1,1,1,1,0.103247760225881,0
ood_combo,DS03,13,23,fan_eff_mod,2,0,0,-0,0,0,0,0,1,1,0.103247760225881,0
ood_combo,DS03,13,23,fan_flow_mod,3,0,0,-0,0,0,0,0,1,1,0.103247760225881,0
ood_combo,DS03,13,23,HPC_eff_mod,4,0,0,-0,0,0,0,0,1,1,0.103247760225881,0
ood_combo,DS03,13,23,HPC_flow_mod,5,0,0,-0,0,0,0,0,1,1,0.103247760225881,0
ood_combo,DS03,13,23,LPT_eff_mod,6,0,-0.0197313854080399,-0.00975455571211243,1,0,1,0,1,1,0.103247760225881,0
ood_combo,DS03,13,23,LPT_flow_mod,7,0,-0.0111175543337094,-0.00787005967559906,1,0,1,0,1,1,0.103247760225881,0
ood_combo,DS03,13,23,LPC_eff_mod,8,0,0,-0,0,0,0,0,1,1,0.103247760225881,0
ood_combo,DS03,13,23,LPC_flow_mod,9,0,0,-0.000400968862066233,0,0,0,0,1,1,0.103247760225881,0
ood_combo,DS03,13,24,HPT_eff_mod,1,0,-0.0178153599198494,-0.0267454920404115,1,1,1,1,1,1,0.128802834332626,0
ood_combo,DS03,13,24,fan_eff_mod,2,0,0,-0,0,0,0,0,1,1,0.128802834332626,0
ood_combo,DS03,13,24,fan_flow_mod,3,0,0,-0,0,0,0,0,1,1,0.128802834332626,0
ood_combo,DS03,13,24,HPC_eff_mod,4,0,0,-0,0,0,0,0,1,1,0.128802834332626,0
ood_combo,DS03,13,24,HPC_flow_mod,5,0,0,-0,0,0,0,0,1,1,0.128802834332626,0
ood_combo,DS03,13,24,LPT_eff_mod,6,0,-0.0204889585630048,-0.00975455571211243,1,0,1,0,1,1,0.128802834332626,0
ood_combo,DS03,13,24,LPT_flow_mod,7,0,-0.0234417248283244,-0.0128314393017699,1,0,1,0,1,1,0.128802834332626,0
ood_combo,DS03,13,24,LPC_eff_mod,8,0,0,-0,0,0,0,0,1,1,0.128802834332626,0
ood_combo,DS03,13,24,LPC_flow_mod,9,0,0,-0.000400968862066233,0,0,0,0,1,1,0.128802834332626,0
ood_combo,DS03,13,25,HPT_eff_mod,1,0,-0.0170995962925804,-0.0267454920404115,1,1,1,1,1,1,0.203926436306622,0
ood_combo,DS03,13,25,fan_eff_mod,2,0,0,-0,0,0,0,0,1,1,0.203926436306622,0
ood_combo,DS03,13,25,fan_flow_mod,3,0,0,-0,0,0,0,0,1,1,0.203926436306622,0
ood_combo,DS03,13,25,HPC_eff_mod,4,0,0,-0,0,0,0,0,1,1,0.203926436306622,0
ood_combo,DS03,13,25,HPC_flow_mod,5,0,0,-0,0,0,0,0,1,1,0.203926436306622,0
ood_combo,DS03,13,25,LPT_eff_mod,6,0,-0.0245238516015391,-0.00975455571211243,1,0,1,0,1,1,0.203926436306622,0
ood_combo,DS03,13,25,LPT_flow_mod,7,0,-0.0175111419642676,-0.0128314393017699,1,0,1,0,1,1,0.203926436306622,0
ood_combo,DS03,13,25,LPC_eff_mod,8,0,0,-0,0,0,0,0,1,1,0.203926436306622,0
ood_combo,DS03,13,25,LPC_flow_mod,9,0,0,-0.000400968862066233,0,0,0,0,1,1,0.203926436306622,0
ood_combo,DS03,13,26,HPT_eff_mod,1,0,-0.023576162237803,-0.0293645733016374,1,1,1,1,1,1,0.138040088097921,0
ood_combo,DS03,13,26,fan_eff_mod,2,0,0,-0,0,0,0,0,1,1,0.138040088097921,0
ood_combo,DS03,13,26,fan_flow_mod,3,0,0,-0,0,0,0,0,1,1,0.138040088097921,0
ood_combo,DS03,13,26,HPC_eff_mod,4,0,0,-0,0,0,0,0,1,1,0.138040088097921,0
ood_combo,DS03,13,26,HPC_flow_mod,5,0,0,-0,0,0,0,0,1,1,0.138040088097921,0
ood_combo,DS03,13,26,LPT_eff_mod,6,0,-0.0271354998254776,-0.00975455571211243,1,0,1,0,1,1,0.138040088097921,0
ood_combo,DS03,13,26,LPT_flow_mod,7,0,-0.0268304808516014,-0.0128314393017699,1,0,1,0,1,1,0.138040088097921,0
ood_combo,DS03,13,26,LPC_eff_mod,8,0,0,-0,0,0,0,0,1,1,0.138040088097921,0
ood_combo,DS03,13,26,LPC_flow_mod,9,0,0,-0.000400968862066233,0,0,0,0,1,1,0.138040088097921,0
ood_combo,DS03,13,27,HPT_eff_mod,1,0,-0.021240704705917,-0.0293645733016374,1,1,1,1,1,1,0.208541923117813,0
ood_combo,DS03,13,27,fan_eff_mod,2,0,0,-0,0,0,0,0,1,1,0.208541923117813,0
ood_combo,DS03,13,27,fan_flow_mod,3,0,0,-0,0,0,0,0,1,1,0.208541923117813,0
ood_combo,DS03,13,27,HPC_eff_mod,4,0,0,-0,0,0,0,0,1,1,0.208541923117813,0
ood_combo,DS03,13,27,HPC_flow_mod,5,0,0,-0,0,0,0,0,1,1,0.208541923117813,0
ood_combo,DS03,13,27,LPT_eff_mod,6,0,-0.0282253881530899,-0.0201260682518266,1,0,1,0,1,1,0.208541923117813,0
ood_combo,DS03,13,27,LPT_flow_mod,7,0,-0.0223674644012197,-0.0128314393017699,1,0,1,0,1,1,0.208541923117813,0
ood_combo,DS03,13,27,LPC_eff_mod,8,0,0,-0,0,0,0,0,1,1,0.208541923117813,0
ood_combo,DS03,13,27,LPC_flow_mod,9,0,0,-0.000400968862066233,0,0,0,0,1,1,0.208541923117813,0
ood_combo,DS03,13,28,HPT_eff_mod,1,0,-0.0246028088657236,-0.0293645733016374,1,1,1,1,1,1,0.0885654955036894,0
ood_combo,DS03,13,28,fan_eff_mod,2,0,0,-0,0,0,0,0,1,1,0.0885654955036894,0
ood_combo,DS03,13,28,fan_flow_mod,3,0,0,-0,0,0,0,0,1,1,0.0885654955036894,0
ood_combo,DS03,13,28,HPC_eff_mod,4,0,0,-0,0,0,0,0,1,1,0.0885654955036894,0
ood_combo,DS03,13,28,HPC_flow_mod,5,0,0,-0,0,0,0,0,1,1,0.0885654955036894,0
ood_combo,DS03,13,28,LPT_eff_mod,6,0,-0.0284758885990826,-0.0201260682518266,1,0,1,0,1,1,0.0885654955036894,0
ood_combo,DS03,13,28,LPT_flow_mod,7,0,-0.0179963501089309,-0.0128314393017699,1,0,1,0,1,1,0.0885654955036894,0
ood_combo,DS03,13,28,LPC_eff_mod,8,0,0,-0,0,0,0,0,1,1,0.0885654955036894,0
ood_combo,DS03,13,28,LPC_flow_mod,9,0,0,-0.000400968862066233,0,0,0,0,1,1,0.0885654955036894,0
ood_combo,DS03,13,29,HPT_eff_mod,1,0,-0.0293255530070489,-0.0293645733016374,1,1,1,1,1,1,0.142597744033928,0
ood_combo,DS03,13,29,fan_eff_mod,2,0,0,-0,0,0,0,0,1,1,0.142597744033928,0
ood_combo,DS03,13,29,fan_flow_mod,3,0,0,-0,0,0,0,0,1,1,0.142597744033928,0
ood_combo,DS03,13,29,HPC_eff_mod,4,0,0,-0,0,0,0,0,1,1,0.142597744033928,0
ood_combo,DS03,13,29,HPC_flow_mod,5,0,0,-0,0,0,0,0,1,1,0.142597744033928,0
ood_combo,DS03,13,29,LPT_eff_mod,6,0,-0.0292346263932164,-0.0201260682518266,1,0,1,0,1,1,0.142597744033928,0
ood_combo,DS03,13,29,LPT_flow_mod,7,0,-0.0295338039417946,-0.0187913594930657,1,0,1,0,1,1,0.142597744033928,0
ood_combo,DS03,13,29,LPC_eff_mod,8,0,0,-0,0,0,0,0,1,1,0.142597744033928,0
ood_combo,DS03,13,29,LPC_flow_mod,9,0,0,-0.000400968862066233,0,0,0,0,1,1,0.142597744033928,0
ood_combo,DS03,13,30,HPT_eff_mod,1,0,-0.033632105798042,-0.0293645733016374,1,1,2,1,2,1,0.131403015070819,0
ood_combo,DS03,13,30,fan_eff_mod,2,0,0,-0,0,0,0,0,2,1,0.131403015070819,0
ood_combo,DS03,13,30,fan_flow_mod,3,0,0,-0,0,0,0,0,2,1,0.131403015070819,0
ood_combo,DS03,13,30,HPC_eff_mod,4,0,0,-0,0,0,0,0,2,1,0.131403015070819,0
ood_combo,DS03,13,30,HPC_flow_mod,5,0,0,-0,0,0,0,0,2,1,0.131403015070819,0
ood_combo,DS03,13,30,LPT_eff_mod,6,0,-0.0309939549437568,-0.0201260682518266,1,0,2,0,2,1,0.131403015070819,0
ood_combo,DS03,13,30,LPT_flow_mod,7,0,-0.0216386799839099,-0.0187913594930657,1,0,1,0,2,1,0.131403015070819,0
ood_combo,DS03,13,30,LPC_eff_mod,8,0,0,-0,0,0,0,0,2,1,0.131403015070819,0
ood_combo,DS03,13,30,LPC_flow_mod,9,0,0,-0.000400968862066233,0,0,0,0,2,1,0.131403015070819,0
ood_combo,DS03,13,31,HPT_eff_mod,1,0,-0.0382457459568892,-0.0360827581631214,1,1,2,2,2,2,0.0554707282226125,0
ood_combo,DS03,13,31,fan_eff_mod,2,0,0,-0,0,0,0,0,2,2,0.0554707282226125,0
ood_combo,DS03,13,31,fan_flow_mod,3,0,0,-0,0,0,0,0,2,2,0.0554707282226125,0
ood_combo,DS03,13,31,HPC_eff_mod,4,0,0,-0,0,0,0,0,2,2,0.0554707282226125,0
ood_combo,DS03,13,31,HPC_flow_mod,5,0,0,-0,0,0,0,0,2,2,0.0554707282226125,0
ood_combo,DS03,13,31,LPT_eff_mod,6,0,-0.0317256177715139,-0.0263245056542249,1,1,2,1,2,2,0.0554707282226125,0
ood_combo,DS03,13,31,LPT_flow_mod,7,0,-0.02041401208383,-0.0187913594930657,1,0,1,0,2,2,0.0554707282226125,0
ood_combo,DS03,13,31,LPC_eff_mod,8,0,0,-0,0,0,0,0,2,2,0.0554707282226125,0
ood_combo,DS03,13,31,LPC_flow_mod,9,0,0,-0.000400968862066233,0,0,0,0,2,2,0.0554707282226125,0
ood_combo,DS03,13,32,HPT_eff_mod,1,0,-0.0400225336242039,-0.0360827581631214,1,1,2,2,2,2,0.256332427262414,0
ood_combo,DS03,13,32,fan_eff_mod,2,0,0,-0,0,0,0,0,2,2,0.256332427262414,0
ood_combo,DS03,13,32,fan_flow_mod,3,0,0,-0,0,0,0,0,2,2,0.256332427262414,0
ood_combo,DS03,13,32,HPC_eff_mod,4,0,0,-0,0,0,0,0,2,2,0.256332427262414,0
ood_combo,DS03,13,32,HPC_flow_mod,5,0,0,-0,0,0,0,0,2,2,0.256332427262414,0
ood_combo,DS03,13,32,LPT_eff_mod,6,0,-0.0330268252495774,-0.0263245056542249,1,1,2,1,2,2,0.256332427262414,0
ood_combo,DS03,13,32,LPT_flow_mod,7,0,-0.0248528145000154,-0.0187913594930657,1,0,1,0,2,2,0.256332427262414,0
ood_combo,DS03,13,32,LPC_eff_mod,8,0,0,-0,0,0,0,0,2,2,0.256332427262414,0
ood_combo,DS03,13,32,LPC_flow_mod,9,0,0,-0.000400968862066233,0,0,0,0,2,2,0.256332427262414,0
ood_combo,DS03,13,33,HPT_eff_mod,1,0,-0.0425629078714644,-0.0429203267527278,1,1,2,2,2,2,0.230504184090272,0
ood_combo,DS03,13,33,fan_eff_mod,2,0,0,-0,0,0,0,0,2,2,0.230504184090272,0
ood_combo,DS03,13,33,fan_flow_mod,3,0,0,-0,0,0,0,0,2,2,0.230504184090272,0
ood_combo,DS03,13,33,HPC_eff_mod,4,0,0,-0,0,0,0,0,2,2,0.230504184090272,0
ood_combo,DS03,13,33,HPC_flow_mod,5,0,0,-0,0,0,0,0,2,2,0.230504184090272,0
ood_combo,DS03,13,33,LPT_eff_mod,6,0,-0.0400543673826696,-0.0263245056542249,1,1,2,1,2,2,0.230504184090272,0
ood_combo,DS03,13,33,LPT_flow_mod,7,0,-0.0360201653744685,-0.0240515971709536,1,1,2,1,2,2,0.230504184090272,0
ood_combo,DS03,13,33,LPC_eff_mod,8,0,0,-0,0,0,0,0,2,2,0.230504184090272,0
ood_combo,DS03,13,33,LPC_flow_mod,9,0,0,-0.000400968862066233,0,0,0,0,2,2,0.230504184090272,0
ood_combo,DS03,13,34,HPT_eff_mod,1,0,-0.0488805575539596,-0.0447426548500178,1,1,2,2,2,2,0.1220041160836,0
ood_combo,DS03,13,34,fan_eff_mod,2,0,0,-0,0,0,0,0,2,2,0.1220041160836,0
ood_combo,DS03,13,34,fan_flow_mod,3,0,0,-0,0,0,0,0,2,2,0.1220041160836,0
ood_combo,DS03,13,34,HPC_eff_mod,4,0,0,-0,0,0,0,0,2,2,0.1220041160836,0
ood_combo,DS03,13,34,HPC_flow_mod,5,0,0,-0,0,0,0,0,2,2,0.1220041160836,0
ood_combo,DS03,13,34,LPT_eff_mod,6,0,-0.046185757510826,-0.0437228595455215,1,1,2,2,2,2,0.1220041160836,0
ood_combo,DS03,13,34,LPT_flow_mod,7,0,-0.0328985576889188,-0.0240515971709536,1,1,2,1,2,2,0.1220041160836,0
ood_combo,DS03,13,34,LPC_eff_mod,8,0,0,-0,0,0,0,0,2,2,0.1220041160836,0
ood_combo,DS03,13,34,LPC_flow_mod,9,0,0,-0.000400968862066233,0,0,0,0,2,2,0.1220041160836,0
ood_combo,DS03,13,35,HPT_eff_mod,1,0,-0.0473986526839993,-0.0447426548500178,1,1,2,2,2,2,0.0843249710404347,0
ood_combo,DS03,13,35,fan_eff_mod,2,0,0,-0,0,0,0,0,2,2,0.0843249710404347,0
ood_combo,DS03,13,35,fan_flow_mod,3,0,0,-0,0,0,0,0,2,2,0.0843249710404347,0
ood_combo,DS03,13,35,HPC_eff_mod,4,0,0,-0,0,0,0,0,2,2,0.0843249710404347,0
ood_combo,DS03,13,35,HPC_flow_mod,5,0,0,-0,0,0,0,0,2,2,0.0843249710404347,0
ood_combo,DS03,13,35,LPT_eff_mod,6,0,-0.0472647495818822,-0.0437228595455215,1,1,2,2,2,2,0.0843249710404347,0
ood_combo,DS03,13,35,LPT_flow_mod,7,0,-0.0245708193349419,-0.0240515971709536,1,1,2,1,2,2,0.0843249710404347,0
ood_combo,DS03,13,35,LPC_eff_mod,8,0,0,-0,0,0,0,0,2,2,0.0843249710404347,0
ood_combo,DS03,13,35,LPC_flow_mod,9,0,0,-0.000400968862066233,0,0,0,0,2,2,0.0843249710404347,0
ood_combo,DS03,13,36,HPT_eff_mod,1,0,-0.0428424156844696,-0.0447426548500178,1,1,2,2,2,2,0.0961124490059251,0
ood_combo,DS03,13,36,fan_eff_mod,2,0,0,-0.00034860183704486,0,0,0,0,2,2,0.0961124490059251,0
ood_combo,DS03,13,36,fan_flow_mod,3,0,0,-0,0,0,0,0,2,2,0.0961124490059251,0
ood_combo,DS03,13,36,HPC_eff_mod,4,0,0,-0,0,0,0,0,2,2,0.0961124490059251,0
ood_combo,DS03,13,36,HPC_flow_mod,5,0,0,-0,0,0,0,0,2,2,0.0961124490059251,0
ood_combo,DS03,13,36,LPT_eff_mod,6,0,-0.0492417330769104,-0.0441511525911036,1,1,2,2,2,2,0.0961124490059251,0
ood_combo,DS03,13,36,LPT_flow_mod,7,0,-0.0239647159993949,-0.0240515971709536,1,1,2,1,2,2,0.0961124490059251,0
ood_combo,DS03,13,36,LPC_eff_mod,8,0,0,-0,0,0,0,0,2,2,0.0961124490059251,0
ood_combo,DS03,13,36,LPC_flow_mod,9,0,0,-0.000400968862066233,0,0,0,0,2,2,0.0961124490059251,0
ood_combo,DS03,13,37,HPT_eff_mod,1,0,-0.0546410843684861,-0.048302675246779,1,1,2,2,2,2,0.0903279951127533,0
ood_combo,DS03,13,37,fan_eff_mod,2,0,0,-0.00034860183704486,0,0,0,0,2,2,0.0903279951127533,0
ood_combo,DS03,13,37,fan_flow_mod,3,0,0,-0,0,0,0,0,2,2,0.0903279951127533,0
ood_combo,DS03,13,37,HPC_eff_mod,4,0,0,-0.000265772427503451,0,0,0,0,2,2,0.0903279951127533,0
ood_combo,DS03,13,37,HPC_flow_mod,5,0,0,-0,0,0,0,0,2,2,0.0903279951127533,0
ood_combo,DS03,13,37,LPT_eff_mod,6,0,-0.0510566548097764,-0.0452189445408938,1,1,2,2,2,2,0.0903279951127533,0
ood_combo,DS03,13,37,LPT_flow_mod,7,0,-0.0228112492932414,-0.0240515971709536,1,1,2,1,2,2,0.0903279951127533,0
ood_combo,DS03,13,37,LPC_eff_mod,8,0,0,-0,0,0,0,0,2,2,0.0903279951127533,0
ood_combo,DS03,13,37,LPC_flow_mod,9,0,0,-0.000400968862066233,0,0,0,0,2,2,0.0903279951127533,0
ood_combo,DS03,13,38,HPT_eff_mod,1,0,-0.0465406360455227,-0.048302675246779,1,1,2,2,2,2,0.0932212797844612,0
ood_combo,DS03,13,38,fan_eff_mod,2,0,0,-0.00034860183704486,0,0,0,0,2,2,0.0932212797844612,0
ood_combo,DS03,13,38,fan_flow_mod,3,0,0,-0,0,0,0,0,2,2,0.0932212797844612,0
ood_combo,DS03,13,38,HPC_eff_mod,4,0,0,-0.000265772427503451,0,0,0,0,2,2,0.0932212797844612,0
ood_combo,DS03,13,38,HPC_flow_mod,5,0,0,-0,0,0,0,0,2,2,0.0932212797844612,0
ood_combo,DS03,13,38,LPT_eff_mod,6,0,-0.0505924949989591,-0.0452189445408938,1,1,2,2,2,2,0.0932212797844612,0
ood_combo,DS03,13,38,LPT_flow_mod,7,0,-0.0324145334282204,-0.0240515971709536,1,1,2,1,2,2,0.0932212797844612,0
ood_combo,DS03,13,38,LPC_eff_mod,8,0,0,-0,0,0,0,0,2,2,0.0932212797844612,0
ood_combo,DS03,13,38,LPC_flow_mod,9,0,0,-0.000400968862066233,0,0,0,0,2,2,0.0932212797844612,0
ood_combo,DS03,13,39,HPT_eff_mod,1,0,-0.0529709809421657,-0.048302675246779,1,1,2,2,2,2,0.133733992848354,0
ood_combo,DS03,13,39,fan_eff_mod,2,0,0,-0.00034860183704486,0,0,0,0,2,2,0.133733992848354,0
ood_combo,DS03,13,39,fan_flow_mod,3,0,0,-0,0,0,0,0,2,2,0.133733992848354,0
ood_combo,DS03,13,39,HPC_eff_mod,4,0,0,-0.00186184984155331,0,0,0,0,2,2,0.133733992848354,0
ood_combo,DS03,13,39,HPC_flow_mod,5,0,0,-0,0,0,0,0,2,2,0.133733992848354,0
ood_combo,DS03,13,39,LPT_eff_mod,6,0,-0.059102592940075,-0.0525638501866078,1,1,2,2,2,2,0.133733992848354,0
ood_combo,DS03,13,39,LPT_flow_mod,7,0,-0.0221258317422848,-0.0240515971709536,1,1,2,1,2,2,0.133733992848354,0
ood_combo,DS03,13,39,LPC_eff_mod,8,0,0,-0,0,0,0,0,2,2,0.133733992848354,0
ood_combo,DS03,13,39,LPC_flow_mod,9,0,0,-0.000400968862066233,0,0,0,0,2,2,0.133733992848354,0
ood_combo,DS03,13,40,HPT_eff_mod,1,0,-0.0601430081765507,-0.0510659957871771,1,1,2,2,2,2,0.0829063124823173,0
ood_combo,DS03,13,40,fan_eff_mod,2,0,0,-0.00034860183704486,0,0,0,0,2,2,0.0829063124823173,0
ood_combo,DS03,13,40,fan_flow_mod,3,0,0,-0,0,0,0,0,2,2,0.0829063124823173,0
ood_combo,DS03,13,40,HPC_eff_mod,4,0,0,-0.00186184984155331,0,0,0,0,2,2,0.0829063124823173,0
ood_combo,DS03,13,40,HPC_flow_mod,5,0,0,-0,0,0,0,0,2,2,0.0829063124823173,0
ood_combo,DS03,13,40,LPT_eff_mod,6,0,-0.0574606241003038,-0.0525638501866078,1,1,2,2,2,2,0.0829063124823173,0
ood_combo,DS03,13,40,LPT_flow_mod,7,0,-0.0427899096367761,-0.042682722786086,1,1,2,2,2,2,0.0829063124823173,0
ood_combo,DS03,13,40,LPC_eff_mod,8,0,0,-0,0,0,0,0,2,2,0.0829063124823173,0
ood_combo,DS03,13,40,LPC_flow_mod,9,0,0,-0.000400968862066233,0,0,0,0,2,2,0.0829063124823173,0
ood_combo,DS03,13,41,HPT_eff_mod,1,0,-0.0666572024719508,-0.0510659957871771,1,1,2,2,2,2,0.163422836650489,0
ood_combo,DS03,13,41,fan_eff_mod,2,0,0,-0.00034860183704486,0,0,0,0,2,2,0.163422836650489,0
ood_combo,DS03,13,41,fan_flow_mod,3,0,0,-0,0,0,0,0,2,2,0.163422836650489,0
ood_combo,DS03,13,41,HPC_eff_mod,4,0,0,-0.00186184984155331,0,0,0,0,2,2,0.163422836650489,0
ood_combo,DS03,13,41,HPC_flow_mod,5,0,0,-0,0,0,0,0,2,2,0.163422836650489,0
ood_combo,DS03,13,41,LPT_eff_mod,6,0,-0.0657704336918165,-0.0525638501866078,1,1,2,2,2,2,0.163422836650489,0
ood_combo,DS03,13,41,LPT_flow_mod,7,0,-0.031666818174546,-0.042682722786086,1,1,2,2,2,2,0.163422836650489,0
ood_combo,DS03,13,41,LPC_eff_mod,8,0,0,-0,0,0,0,0,2,2,0.163422836650489,0
ood_combo,DS03,13,41,LPC_flow_mod,9,0,0,-0.000400968862066233,0,0,0,0,2,2,0.163422836650489,0
ood_combo,DS03,13,42,HPT_eff_mod,1,0,-0.0697600222712957,-0.0699590638500281,1,1,2,2,2,2,0.0905600156011948,0
ood_combo,DS03,13,42,fan_eff_mod,2,0,0,-0.00034860183704486,0,0,0,0,2,2,0.0905600156011948,0
ood_combo,DS03,13,42,fan_flow_mod,3,0,0,-0,0,0,0,0,2,2,0.0905600156011948,0
ood_combo,DS03,13,42,HPC_eff_mod,4,0,0,-0.00186184984155331,0,0,0,0,2,2,0.0905600156011948,0
ood_combo,DS03,13,42,HPC_flow_mod,5,0,0,-0,0,0,0,0,2,2,0.0905600156011948,0
ood_combo,DS03,13,42,LPT_eff_mod,6,0,-0.0662800835626484,-0.0580437824784813,1,1,2,2,2,2,0.0905600156011948,0
ood_combo,DS03,13,42,LPT_flow_mod,7,0,-0.0424311941149784,-0.042682722786086,1,1,2,2,2,2,0.0905600156011948,0
ood_combo,DS03,13,42,LPC_eff_mod,8,0,0,-0,0,0,0,0,2,2,0.0905600156011948,0
ood_combo,DS03,13,42,LPC_flow_mod,9,0,0,-0.000400968862066233,0,0,0,0,2,2,0.0905600156011948,0
ood_combo,DS03,13,43,HPT_eff_mod,1,0,-0.0782356470383259,-0.0732542504443305,1,1,2,2,2,2,0.153389534799719,0
ood_combo,DS03,13,43,fan_eff_mod,2,0,0,-0.00034860183704486,0,0,0,0,2,2,0.153389534799719,0
ood_combo,DS03,13,43,fan_flow_mod,3,0,0,-0,0,0,0,0,2,2,0.153389534799719,0
ood_combo,DS03,13,43,HPC_eff_mod,4,0,0,-0.00186184984155331,0,0,0,0,2,2,0.153389534799719,0
ood_combo,DS03,13,43,HPC_flow_mod,5,0,0,-0,0,0,0,0,2,2,0.153389534799719,0
ood_combo,DS03,13,43,LPT_eff_mod,6,0,-0.0773221173258633,-0.0580437824784813,1,1,2,2,2,2,0.153389534799719,0
ood_combo,DS03,13,43,LPT_flow_mod,7,0,-0.0519977125946265,-0.042682722786086,1,1,2,2,2,2,0.153389534799719,0
ood_combo,DS03,13,43,LPC_eff_mod,8,0,0,-0,0,0,0,0,2,2,0.153389534799719,0
ood_combo,DS03,13,43,LPC_flow_mod,9,0,0,-0.000400968862066233,0,0,0,0,2,2,0.153389534799719,0
ood_combo,DS03,13,44,HPT_eff_mod,1,0,-0.0728633382248997,-0.0764381414436699,1,1,2,2,2,2,0.123643112271424,0
ood_combo,DS03,13,44,fan_eff_mod,2,0,0,-0.00034860183704486,0,0,0,0,2,2,0.123643112271424,0
ood_combo,DS03,13,44,fan_flow_mod,3,0,0,-0,0,0,0,0,2,2,0.123643112271424,0
ood_combo,DS03,13,44,HPC_eff_mod,4,0,0,-0.00186184984155331,0,0,0,0,2,2,0.123643112271424,0
ood_combo,DS03,13,44,HPC_flow_mod,5,0,0,-0,0,0,0,0,2,2,0.123643112271424,0
ood_combo,DS03,13,44,LPT_eff_mod,6,0,-0.084147256645409,-0.0786786329420768,1,1,2,2,2,2,0.123643112271424,0
ood_combo,DS03,13,44,LPT_flow_mod,7,0,-0.0495971958190531,-0.042682722786086,1,1,2,2,2,2,0.123643112271424,0
ood_combo,DS03,13,44,LPC_eff_mod,8,0,0,-0,0,0,0,0,2,2,0.123643112271424,0
ood_combo,DS03,13,44,LPC_flow_mod,9,0,0,-0.000400968862066233,0,0,0,0,2,2,0.123643112271424,0
ood_combo,DS03,13,45,HPT_eff_mod,1,0,-0.0780230059573563,-0.0799993125572627,1,1,2,2,2,2,0.105644732695044,0
ood_combo,DS03,13,45,fan_eff_mod,2,0,0,-0.00034860183704486,0,0,0,0,2,2,0.105644732695044,0
ood_combo,DS03,13,45,fan_flow_mod,3,0,0,-0,0,0,0,0,2,2,0.105644732695044,0
ood_combo,DS03,13,45,HPC_eff_mod,4,0,0,-0.00186184984155331,0,0,0,0,2,2,0.105644732695044,0
ood_combo,DS03,13,45,HPC_flow_mod,5,0,0,-0,0,0,0,0,2,2,0.105644732695044,0
ood_combo,DS03,13,45,LPT_eff_mod,6,0,-0.0796341799726442,-0.0786786329420768,1,1,2,2,2,2,0.105644732695044,0
ood_combo,DS03,13,45,LPT_flow_mod,7,0,-0.0464575684980208,-0.042682722786086,1,1,2,2,2,2,0.105644732695044,0
ood_combo,DS03,13,45,LPC_eff_mod,8,0,0,-0,0,0,0,0,2,2,0.105644732695044,0
ood_combo,DS03,13,45,LPC_flow_mod,9,0,0,-0.000400968862066233,0,0,0,0,2,2,0.105644732695044,0
ood_combo,DS03,13,46,HPT_eff_mod,1,0,-0.0809010688653791,-0.082049955305813,1,1,2,2,2,2,0.150809813390497,0
ood_combo,DS03,13,46,fan_eff_mod,2,0,0,-0.00034860183704486,0,0,0,0,2,2,0.150809813390497,0
ood_combo,DS03,13,46,fan_flow_mod,3,0,0,-0,0,0,0,0,2,2,0.150809813390497,0
ood_combo,DS03,13,46,HPC_eff_mod,4,0,0,-0.00186184984155331,0,0,0,0,2,2,0.150809813390497,0
ood_combo,DS03,13,46,HPC_flow_mod,5,0,0,-0,0,0,0,0,2,2,0.150809813390497,0
ood_combo,DS03,13,46,LPT_eff_mod,6,0,-0.0912645591239577,-0.0786786329420768,1,1,2,2,2,2,0.150809813390497,0
ood_combo,DS03,13,46,LPT_flow_mod,7,0,-0.0440770785514461,-0.042682722786086,1,1,2,2,2,2,0.150809813390497,0
ood_combo,DS03,13,46,LPC_eff_mod,8,0,0,-0,0,0,0,0,2,2,0.150809813390497,0
ood_combo,DS03,13,46,LPC_flow_mod,9,0,0,-0.000400968862066233,0,0,0,0,2,2,0.150809813390497,0
ood_combo,DS03,13,47,HPT_eff_mod,1,0,-0.0974936220850797,-0.0870187732645327,1,1,2,2,2,2,0.139569988692469,0
ood_combo,DS03,13,47,fan_eff_mod,2,0,0,-0.00034860183704486,0,0,0,0,2,2,0.139569988692469,0
ood_combo,DS03,13,47,fan_flow_mod,3,0,0,-0,0,0,0,0,2,2,0.139569988692469,0
ood_combo,DS03,13,47,HPC_eff_mod,4,0,0,-0.00186184984155331,0,0,0,0,2,2,0.139569988692469,0
ood_combo,DS03,13,47,HPC_flow_mod,5,0,0,-0,0,0,0,0,2,2,0.139569988692469,0
ood_combo,DS03,13,47,LPT_eff_mod,6,0,-0.089231462127145,-0.0786786329420768,1,1,2,2,2,2,0.139569988692469,0
ood_combo,DS03,13,47,LPT_flow_mod,7,0,-0.0653511675444159,-0.0495851095386073,1,1,2,2,2,2,0.139569988692469,0
ood_combo,DS03,13,47,LPC_eff_mod,8,0,0,-0,0,0,0,0,2,2,0.139569988692469,0
ood_combo,DS03,13,47,LPC_flow_mod,9,0,0,-0.000400968862066233,0,0,0,0,2,2,0.139569988692469,0
ood_combo,DS03,13,48,HPT_eff_mod,1,0,-0.105095108633189,-0.109524235639209,1,1,2,2,2,2,0.195450906948955,0
ood_combo,DS03,13,48,fan_eff_mod,2,0,0,-0.00034860183704486,0,0,0,0,2,2,0.195450906948955,0
ood_combo,DS03,13,48,fan_flow_mod,3,0,0,-0,0,0,0,0,2,2,0.195450906948955,0
ood_combo,DS03,13,48,HPC_eff_mod,4,0,0,-0.00186184984155331,0,0,0,0,2,2,0.195450906948955,0
ood_combo,DS03,13,48,HPC_flow_mod,5,0,0,-0,0,0,0,0,2,2,0.195450906948955,0
ood_combo,DS03,13,48,LPT_eff_mod,6,0,-0.10048584003673,-0.0988854689243356,1,1,2,2,2,2,0.195450906948955,0
ood_combo,DS03,13,48,LPT_flow_mod,7,0,-0.0626570767492819,-0.0495851095386073,1,1,2,2,2,2,0.195450906948955,0
ood_combo,DS03,13,48,LPC_eff_mod,8,0,0,-0,0,0,0,0,2,2,0.195450906948955,0
ood_combo,DS03,13,48,LPC_flow_mod,9,0,0,-0.000400968862066233,0,0,0,0,2,2,0.195450906948955,0
ood_combo,DS03,13,49,HPT_eff_mod,1,0,-0.107666597696355,-0.109524235639209,1,1,2,2,2,2,0.109254246822858,0
ood_combo,DS03,13,49,fan_eff_mod,2,0,0,-0.00034860183704486,0,0,0,0,2,2,0.109254246822858,0
ood_combo,DS03,13,49,fan_flow_mod,3,0,0,-0,0,0,0,0,2,2,0.109254246822858,0
ood_combo,DS03,13,49,HPC_eff_mod,4,0,0,-0.00186184984155331,0,0,0,0,2,2,0.109254246822858,0
ood_combo,DS03,13,49,HPC_flow_mod,5,0,0,-0,0,0,0,0,2,2,0.109254246822858,0
ood_combo,DS03,13,49,LPT_eff_mod,6,0,-0.109014349739732,-0.0988854689243356,1,1,2,2,2,2,0.109254246822858,0
ood_combo,DS03,13,49,LPT_flow_mod,7,0,-0.0460518176591585,-0.0495851095386073,1,1,2,2,2,2,0.109254246822858,0
ood_combo,DS03,13,49,LPC_eff_mod,8,0,0,-0,0,0,0,0,2,2,0.109254246822858,0
ood_combo,DS03,13,49,LPC_flow_mod,9,0,0,-0.000400968862066233,0,0,0,0,2,2,0.109254246822858,0
ood_combo,DS03,13,50,HPT_eff_mod,1,0,-0.114493385375549,-0.117641531140747,1,1,2,2,2,2,0.347227534494379,0
ood_combo,DS03,13,50,fan_eff_mod,2,0,0,-0.00034860183704486,0,0,0,0,2,2,0.347227534494379,0
ood_combo,DS03,13,50,fan_flow_mod,3,0,0,-0,0,0,0,0,2,2,0.347227534494379,0
ood_combo,DS03,13,50,HPC_eff_mod,4,0,0,-0.00186184984155331,0,0,0,0,2,2,0.347227534494379,0
ood_combo,DS03,13,50,HPC_flow_mod,5,0,0,-0,0,0,0,0,2,2,0.347227534494379,0
ood_combo,DS03,13,50,LPT_eff_mod,6,0,-0.113910950176776,-0.0988854689243356,1,1,2,2,2,2,0.347227534494379,0
ood_combo,DS03,13,50,LPT_flow_mod,7,0,-0.0773733350355232,-0.0598734132088419,1,1,2,2,2,2,0.347227534494379,0
ood_combo,DS03,13,50,LPC_eff_mod,8,0,0,-0,0,0,0,0,2,2,0.347227534494379,0
ood_combo,DS03,13,50,LPC_flow_mod,9,0,0,-0.000400968862066233,0,0,0,0,2,2,0.347227534494379,0
ood_combo,DS03,13,51,HPT_eff_mod,1,0,-0.117096749387093,-0.117641531140747,1,1,2,2,2,2,0.171254835557535,0
ood_combo,DS03,13,51,fan_eff_mod,2,0,0,-0.000436024757533675,0,0,0,0,2,2,0.171254835557535,0
ood_combo,DS03,13,51,fan_flow_mod,3,0,0,-0,0,0,0,0,2,2,0.171254835557535,0
ood_combo,DS03,13,51,HPC_eff_mod,4,0,0,-0.00186184984155331,0,0,0,0,2,2,0.171254835557535,0
ood_combo,DS03,13,51,HPC_flow_mod,5,0,0,-0,0,0,0,0,2,2,0.171254835557535,0
ood_combo,DS03,13,51,LPT_eff_mod,6,0,-0.118980359708458,-0.102224034317758,1,1,2,2,2,2,0.171254835557535,0
ood_combo,DS03,13,51,LPT_flow_mod,7,0,-0.0647268511294235,-0.0598734132088419,1,1,2,2,2,2,0.171254835557535,0
ood_combo,DS03,13,51,LPC_eff_mod,8,0,0,-0,0,0,0,0,2,2,0.171254835557535,0
ood_combo,DS03,13,51,LPC_flow_mod,9,0,0,-0.000400968862066233,0,0,0,0,2,2,0.171254835557535,0
ood_combo,DS03,13,52,HPT_eff_mod,1,0,-0.11358666552487,-0.117641531140747,1,1,2,2,2,2,0.198908097643269,0
ood_combo,DS03,13,52,fan_eff_mod,2,0,0,-0.000436024757533675,0,0,0,0,2,2,0.198908097643269,0
ood_combo,DS03,13,52,fan_flow_mod,3,0,0,-0,0,0,0,0,2,2,0.198908097643269,0
ood_combo,DS03,13,52,HPC_eff_mod,4,0,0,-0.00186184984155331,0,0,0,0,2,2,0.198908097643269,0
ood_combo,DS03,13,52,HPC_flow_mod,5,0,0,-0,0,0,0,0,2,2,0.198908097643269,0
ood_combo,DS03,13,52,LPT_eff_mod,6,0,-0.124487789981143,-0.102224034317758,1,1,2,2,2,2,0.198908097643269,0
ood_combo,DS03,13,52,LPT_flow_mod,7,0,-0.0605690319560167,-0.0598734132088419,1,1,2,2,2,2,0.198908097643269,0
ood_combo,DS03,13,52,LPC_eff_mod,8,0,0,-0,0,0,0,0,2,2,0.198908097643269,0
ood_combo,DS03,13,52,LPC_flow_mod,9,0,0,-0.000400968862066233,0,0,0,0,2,2,0.198908097643269,0
ood_combo,DS03,13,53,HPT_eff_mod,1,0,-0.126644163143442,-0.124164852927815,1,1,2,2,2,2,0.187647866339388,0
ood_combo,DS03,13,53,fan_eff_mod,2,0,0,-0.000436024757533675,0,0,0,0,2,2,0.187647866339388,0
ood_combo,DS03,13,53,fan_flow_mod,3,0,0,-0,0,0,0,0,2,2,0.187647866339388,0
ood_combo,DS03,13,53,HPC_eff_mod,4,0,0,-0.00186184984155331,0,0,0,0,2,2,0.187647866339388,0
ood_combo,DS03,13,53,HPC_flow_mod,5,0,0,-0,0,0,0,0,2,2,0.187647866339388,0
ood_combo,DS03,13,53,LPT_eff_mod,6,0,-0.132919342865938,-0.107805692474282,1,1,2,2,2,2,0.187647866339388,0
ood_combo,DS03,13,53,LPT_flow_mod,7,0,-0.0623858140453722,-0.0598734132088419,1,1,2,2,2,2,0.187647866339388,0
ood_combo,DS03,13,53,LPC_eff_mod,8,0,0,-0,0,0,0,0,2,2,0.187647866339388,0
ood_combo,DS03,13,53,LPC_flow_mod,9,0,0,-0.000400968862066233,0,0,0,0,2,2,0.187647866339388,0
ood_combo,DS03,13,54,HPT_eff_mod,1,0,-0.126223330837229,-0.124164852927815,1,1,2,2,2,2,0.157474160227581,0
ood_combo,DS03,13,54,fan_eff_mod,2,0,0,-0.000759901067183637,0,0,0,0,2,2,0.157474160227581,0
ood_combo,DS03,13,54,fan_flow_mod,3,0,0,-0,0,0,0,0,2,2,0.157474160227581,0
ood_combo,DS03,13,54,HPC_eff_mod,4,0,0,-0.00273987215391412,0,0,0,0,2,2,0.157474160227581,0
ood_combo,DS03,13,54,HPC_flow_mod,5,0,0,-0,0,0,0,0,2,2,0.157474160227581,0
ood_combo,DS03,13,54,LPT_eff_mod,6,0,-0.145411377373281,-0.139170122089331,1,1,2,2,2,2,0.157474160227581,0
ood_combo,DS03,13,54,LPT_flow_mod,7,0,-0.0614013358561577,-0.0598734132088419,1,1,2,2,2,2,0.157474160227581,0
ood_combo,DS03,13,54,LPC_eff_mod,8,0,0,-0,0,0,0,0,2,2,0.157474160227581,0
ood_combo,DS03,13,54,LPC_flow_mod,9,0,0,-0.000400968862066233,0,0,0,0,2,2,0.157474160227581,0
ood_combo,DS03,13,55,HPT_eff_mod,1,0,-0.151830013196298,-0.132159305654901,1,1,2,2,2,2,0.19805967788748,0
ood_combo,DS03,13,55,fan_eff_mod,2,0,0,-0.000759901067183637,0,0,0,0,2,2,0.19805967788748,0
ood_combo,DS03,13,55,fan_flow_mod,3,0,0,-0,0,0,0,0,2,2,0.19805967788748,0
ood_combo,DS03,13,55,HPC_eff_mod,4,0,0,-0.00273987215391412,0,0,0,0,2,2,0.19805967788748,0
ood_combo,DS03,13,55,HPC_flow_mod,5,0,0,-0,0,0,0,0,2,2,0.19805967788748,0
ood_combo,DS03,13,55,LPT_eff_mod,6,0,-0.146078893025963,-0.139170122089331,1,1,2,2,2,2,0.19805967788748,0
ood_combo,DS03,13,55,LPT_flow_mod,7,0,-0.0839957637539807,-0.0784931576815992,1,1,2,2,2,2,0.19805967788748,0
ood_combo,DS03,13,55,LPC_eff_mod,8,0,0,-0,0,0,0,0,2,2,0.19805967788748,0
ood_combo,DS03,13,55,LPC_flow_mod,9,0,0,-0.000400968862066233,0,0,0,0,2,2,0.19805967788748,0
ood_combo,DS03,13,56,HPT_eff_mod,1,0,-0.142573991785972,-0.132159305654901,1,1,2,2,2,2,0.100486978894653,0
ood_combo,DS03,13,56,fan_eff_mod,2,0,0,-0.000795776207637674,0,0,0,0,2,2,0.100486978894653,0
ood_combo,DS03,13,56,fan_flow_mod,3,0,0,-0,0,0,0,0,2,2,0.100486978894653,0
ood_combo,DS03,13,56,HPC_eff_mod,4,0,0,-0.00273987215391412,0,0,0,0,2,2,0.100486978894653,0
ood_combo,DS03,13,56,HPC_flow_mod,5,0,0,-0,0,0,0,0,2,2,0.100486978894653,0
ood_combo,DS03,13,56,LPT_eff_mod,6,0,-0.165596752660128,-0.144266232167196,1,1,2,2,2,2,0.100486978894653,0
ood_combo,DS03,13,56,LPT_flow_mod,7,0,-0.0729152410398647,-0.0784931576815992,1,1,2,2,2,2,0.100486978894653,0
ood_combo,DS03,13,56,LPC_eff_mod,8,0,0,-0,0,0,0,0,2,2,0.100486978894653,0
ood_combo,DS03,13,56,LPC_flow_mod,9,0,0,-0.000400968862066233,0,0,0,0,2,2,0.100486978894653,0
ood_combo,DS03,13,57,HPT_eff_mod,1,0,-0.159504070836647,-0.157632724723423,1,1,2,2,2,2,0.166238097210942,0
ood_combo,DS03,13,57,fan_eff_mod,2,0,0,-0.000795776207637674,0,0,0,0,2,2,0.166238097210942,0
ood_combo,DS03,13,57,fan_flow_mod,3,0,0,-0,0,0,0,0,2,2,0.166238097210942,0
ood_combo,DS03,13,57,HPC_eff_mod,4,0,0,-0.00476510939442771,0,0,0,0,2,2,0.166238097210942,0
ood_combo,DS03,13,57,HPC_flow_mod,5,0,0,-0,0,0,0,0,2,2,0.166238097210942,0
ood_combo,DS03,13,57,LPT_eff_mod,6,0,-0.168813701598812,-0.165893898697142,1,1,2,2,2,2,0.166238097210942,0
ood_combo,DS03,13,57,LPT_flow_mod,7,0,-0.081838008485842,-0.0784931576815992,1,1,2,2,2,2,0.166238097210942,0
ood_combo,DS03,13,57,LPC_eff_mod,8,0,0,-0,0,0,0,0,2,2,0.166238097210942,0
ood_combo,DS03,13,57,LPC_flow_mod,9,0,0,-0.000400968862066233,0,0,0,0,2,2,0.166238097210942,0
ood_combo,DS03,13,58,HPT_eff_mod,1,0,-0.160270439793005,-0.157632724723423,1,1,2,2,2,2,0.161802270858788,0
ood_combo,DS03,13,58,fan_eff_mod,2,0,0,-0.000795776207637674,0,0,0,0,2,2,0.161802270858788,0
ood_combo,DS03,13,58,fan_flow_mod,3,0,0,-0,0,0,0,0,2,2,0.161802270858788,0
ood_combo,DS03,13,58,HPC_eff_mod,4,0,0,-0.00476510939442771,0,0,0,0,2,2,0.161802270858788,0
ood_combo,DS03,13,58,HPC_flow_mod,5,0,0,-0,0,0,0,0,2,2,0.161802270858788,0
ood_combo,DS03,13,58,LPT_eff_mod,6,0,-0.182253567484993,-0.175989245877695,1,1,2,2,2,2,0.161802270858788,0
ood_combo,DS03,13,58,LPT_flow_mod,7,0,-0.0874170615404044,-0.0784931576815992,1,1,2,2,2,2,0.161802270858788,0
ood_combo,DS03,13,58,LPC_eff_mod,8,0,0,-0,0,0,0,0,2,2,0.161802270858788,0
ood_combo,DS03,13,58,LPC_flow_mod,9,0,0,-0.000400968862066233,0,0,0,0,2,2,0.161802270858788,0
ood_combo,DS03,13,59,HPT_eff_mod,1,0,-0.17006228748946,-0.157632724723423,1,1,2,2,2,2,0.102712121459101,0
ood_combo,DS03,13,59,fan_eff_mod,2,0,0,-0.000795776207637674,0,0,0,0,2,2,0.102712121459101,0
ood_combo,DS03,13,59,fan_flow_mod,3,0,0,-0,0,0,0,0,2,2,0.102712121459101,0
ood_combo,DS03,13,59,HPC_eff_mod,4,0,0,-0.00476510939442771,0,0,0,0,2,2,0.102712121459101,0
ood_combo,DS03,13,59,HPC_flow_mod,5,0,0,-0,0,0,0,0,2,2,0.102712121459101,0
ood_combo,DS03,13,59,LPT_eff_mod,6,0,-0.198755472287799,-0.175989245877695,1,1,2,2,2,2,0.102712121459101,0
ood_combo,DS03,13,59,LPT_flow_mod,7,0,-0.0806424533821307,-0.0784931576815992,1,1,2,2,2,2,0.102712121459101,0
ood_combo,DS03,13,59,LPC_eff_mod,8,0,0,-0,0,0,0,0,2,2,0.102712121459101,0
ood_combo,DS03,13,59,LPC_flow_mod,9,0,0,-0.000400968862066233,0,0,0,0,2,2,0.102712121459101,0
ood_combo,DS03,13,60,HPT_eff_mod,1,0,-0.188444114710804,-0.157632724723423,1,1,2,2,3,2,0.250229915080063,0
ood_combo,DS03,13,60,fan_eff_mod,2,0,0,-0.000795776207637674,0,0,0,0,3,2,0.250229915080063,0
ood_combo,DS03,13,60,fan_flow_mod,3,0,0,-0,0,0,0,0,3,2,0.250229915080063,0
ood_combo,DS03,13,60,HPC_eff_mod,4,0,0,-0.00476510939442771,0,0,0,0,3,2,0.250229915080063,0
ood_combo,DS03,13,60,HPC_flow_mod,5,0,0,-0,0,0,0,0,3,2,0.250229915080063,0
ood_combo,DS03,13,60,LPT_eff_mod,6,0,-0.209799551880258,-0.194385257344158,1,1,3,2,3,2,0.250229915080063,0
ood_combo,DS03,13,60,LPT_flow_mod,7,0,-0.0777276597311355,-0.0784931576815992,1,1,2,2,3,2,0.250229915080063,0
ood_combo,DS03,13,60,LPC_eff_mod,8,0,0,-0,0,0,0,0,3,2,0.250229915080063,0
ood_combo,DS03,13,60,LPC_flow_mod,9,0,0,-0.000400968862066233,0,0,0,0,3,2,0.250229915080063,0
ood_combo,DS03,13,61,HPT_eff_mod,1,0,-0.188071759848739,-0.176134194285795,1,1,2,2,3,2,0.179823556761245,0
ood_combo,DS03,13,61,fan_eff_mod,2,0,0,-0.000795776207637674,0,0,0,0,3,2,0.179823556761245,0
ood_combo,DS03,13,61,fan_flow_mod,3,0,0,-0,0,0,0,0,3,2,0.179823556761245,0
ood_combo,DS03,13,61,HPC_eff_mod,4,0,0,-0.00476510939442771,0,0,0,0,3,2,0.179823556761245,0
ood_combo,DS03,13,61,HPC_flow_mod,5,0,0,-0,0,0,0,0,3,2,0.179823556761245,0
ood_combo,DS03,13,61,LPT_eff_mod,6,0,-0.223330029953556,-0.194385257344158,1,1,3,2,3,2,0.179823556761245,0
ood_combo,DS03,13,61,LPT_flow_mod,7,0,-0.0854735882139482,-0.0867756117473187,1,1,2,2,3,2,0.179823556761245,0
ood_combo,DS03,13,61,LPC_eff_mod,8,0,0,-0,0,0,0,0,3,2,0.179823556761245,0
ood_combo,DS03,13,61,LPC_flow_mod,9,0,0,-0.000400968862066233,0,0,0,0,3,2,0.179823556761245,0
ood_combo,DS03,13,62,HPT_eff_mod,1,0,-0.205742751762687,-0.187658035252337,1,1,2,2,3,3,0.0957131160495164,0
ood_combo,DS03,13,62,fan_eff_mod,2,0,0,-0.00169841035982633,0,0,0,0,3,3,0.0957131160495164,0
ood_combo,DS03,13,62,fan_flow_mod,3,0,0,-0,0,0,0,0,3,3,0.0957131160495164,0
ood_combo,DS03,13,62,HPC_eff_mod,4,0,0,-0.00533710170805203,0,0,0,0,3,3,0.0957131160495164,0
ood_combo,DS03,13,62,HPC_flow_mod,5,0,0,-0,0,0,0,0,3,3,0.0957131160495164,0
ood_combo,DS03,13,62,LPT_eff_mod,6,0,-0.237519280354201,-0.2212156819537,1,1,3,3,3,3,0.0957131160495164,0
ood_combo,DS03,13,62,LPT_flow_mod,7,0,-0.0841561374723659,-0.0867756117473187,1,1,2,2,3,3,0.0957131160495164,0
ood_combo,DS03,13,62,LPC_eff_mod,8,0,0,-0,0,0,0,0,3,3,0.0957131160495164,0
ood_combo,DS03,13,62,LPC_flow_mod,9,0,0,-0.000400968862066233,0,0,0,0,3,3,0.0957131160495164,0
ood_combo,DS03,13,63,HPT_eff_mod,1,0,-0.204250428568835,-0.19664813999436,1,1,2,2,3,3,0.210106906719959,0
ood_combo,DS03,13,63,fan_eff_mod,2,0,0,-0.00169841035982633,0,0,0,0,3,3,0.210106906719959,0
ood_combo,DS03,13,63,fan_flow_mod,3,0,0,-0,0,0,0,0,3,3,0.210106906719959,0
ood_combo,DS03,13,63,HPC_eff_mod,4,0,0,-0.00533710170805203,0,0,0,0,3,3,0.210106906719959,0
ood_combo,DS03,13,63,HPC_flow_mod,5,0,0,-0,0,0,0,0,3,3,0.210106906719959,0
ood_combo,DS03,13,63,LPT_eff_mod,6,0,-0.255843724577629,-0.225538021945995,1,1,3,3,3,3,0.210106906719959,0
ood_combo,DS03,13,63,LPT_flow_mod,7,0,-0.101490702305041,-0.0867756117473187,1,1,2,2,3,3,0.210106906719959,0
ood_combo,DS03,13,63,LPC_eff_mod,8,0,0,-0,0,0,0,0,3,3,0.210106906719959,0
ood_combo,DS03,13,63,LPC_flow_mod,9,0,0,-0.000400968862066233,0,0,0,0,3,3,0.210106906719959,0
ood_combo,DS03,13,64,HPT_eff_mod,1,0,-0.220880765278113,-0.19664813999436,1,1,3,2,3,3,0.191703703202846,0
ood_combo,DS03,13,64,fan_eff_mod,2,0,0,-0.00169841035982633,0,0,0,0,3,3,0.191703703202846,0
ood_combo,DS03,13,64,fan_flow_mod,3,0,0,-0,0,0,0,0,3,3,0.191703703202846,0
ood_combo,DS03,13,64,HPC_eff_mod,4,0,0,-0.00533710170805203,0,0,0,0,3,3,0.191703703202846,0
ood_combo,DS03,13,64,HPC_flow_mod,5,0,0,-0,0,0,0,0,3,3,0.191703703202846,0
ood_combo,DS03,13,64,LPT_eff_mod,6,0,-0.262997141444644,-0.225538021945995,1,1,3,3,3,3,0.191703703202846,0
ood_combo,DS03,13,64,LPT_flow_mod,7,0,-0.0990805995346456,-0.0907420606102556,1,1,2,2,3,3,0.191703703202846,0
ood_combo,DS03,13,64,LPC_eff_mod,8,0,0,-0,0,0,0,0,3,3,0.191703703202846,0
ood_combo,DS03,13,64,LPC_flow_mod,9,0,0,-0.000400968862066233,0,0,0,0,3,3,0.191703703202846,0
ood_combo,DS03,13,65,HPT_eff_mod,1,0,-0.233062003915944,-0.231181166945986,1,1,3,3,3,3,0.258850554167176,0
ood_combo,DS03,13,65,fan_eff_mod,2,0,0,-0.00169841035982633,0,0,0,0,3,3,0.258850554167176,0
ood_combo,DS03,13,65,fan_flow_mod,3,0,0,-0,0,0,0,0,3,3,0.258850554167176,0
ood_combo,DS03,13,65,HPC_eff_mod,4,0,0,-0.00654908912768366,0,0,0,0,3,3,0.258850554167176,0
ood_combo,DS03,13,65,HPC_flow_mod,5,0,0,-0,0,0,0,0,3,3,0.258850554167176,0
ood_combo,DS03,13,65,LPT_eff_mod,6,0,-0.283994023550485,-0.264600431127828,1,1,3,3,3,3,0.258850554167176,0
ood_combo,DS03,13,65,LPT_flow_mod,7,0,-0.110299742999214,-0.0961743012203323,1,1,2,2,3,3,0.258850554167176,0
ood_combo,DS03,13,65,LPC_eff_mod,8,0,0,-0,0,0,0,0,3,3,0.258850554167176,0
ood_combo,DS03,13,65,LPC_flow_mod,9,0,0,-0.000400968862066233,0,0,0,0,3,3,0.258850554167176,0
ood_combo,DS03,13,66,HPT_eff_mod,1,0,-0.240169018221643,-0.231181166945986,1,1,3,3,3,3,0.158802705448818,0
ood_combo,DS03,13,66,fan_eff_mod,2,0,0,-0.00169841035982633,0,0,0,0,3,3,0.158802705448818,0
ood_combo,DS03,13,66,fan_flow_mod,3,0,0,-0,0,0,0,0,3,3,0.158802705448818,0
ood_combo,DS03,13,66,HPC_eff_mod,4,0,0,-0.00654908912768366,0,0,0,0,3,3,0.158802705448818,0
ood_combo,DS03,13,66,HPC_flow_mod,5,0,0,-0,0,0,0,0,3,3,0.158802705448818,0
ood_combo,DS03,13,66,LPT_eff_mod,6,0,-0.301065379815813,-0.264600431127828,1,1,3,3,3,3,0.158802705448818,0
ood_combo,DS03,13,66,LPT_flow_mod,7,0,-0.116375439243545,-0.0961743012203323,1,1,2,2,3,3,0.158802705448818,0
ood_combo,DS03,13,66,LPC_eff_mod,8,0,0,-0,0,0,0,0,3,3,0.158802705448818,0
ood_combo,DS03,13,66,LPC_flow_mod,9,0,0,-0.000400968862066233,0,0,0,0,3,3,0.158802705448818,0
ood_combo,DS03,13,67,HPT_eff_mod,1,0,-0.257124651669645,-0.259346956840014,1,1,3,3,3,3,0.418552270934394,0
ood_combo,DS03,13,67,fan_eff_mod,2,0,0,-0.00214918192652902,0,0,0,0,3,3,0.418552270934394,0
ood_combo,DS03,13,67,fan_flow_mod,3,0,0,-0,0,0,0,0,3,3,0.418552270934394,0
ood_combo,DS03,13,67,HPC_eff_mod,4,0,0,-0.0121904570420711,0,0,0,0,3,3,0.418552270934394,0
ood_combo,DS03,13,67,HPC_flow_mod,5,0,0,-0,0,0,0,0,3,3,0.418552270934394,0
ood_combo,DS03,13,67,LPT_eff_mod,6,0,-0.318769150358414,-0.304068853211451,1,1,3,3,3,3,0.418552270934394,0
ood_combo,DS03,13,67,LPT_flow_mod,7,0,-0.118267468891564,-0.0988813491841736,1,1,2,2,3,3,0.418552270934394,0
ood_combo,DS03,13,67,LPC_eff_mod,8,0,0,-0,0,0,0,0,3,3,0.418552270934394,0
ood_combo,DS03,13,67,LPC_flow_mod,9,0,0,-0.000400968862066233,0,0,0,0,3,3,0.418552270934394,0
ood_combo,DS03,13,68,HPT_eff_mod,1,0,-0.264826027507172,-0.259346956840014,1,1,3,3,3,3,0.189939635320782,0
ood_combo,DS03,13,68,fan_eff_mod,2,0,0,-0.00214918192652902,0,0,0,0,3,3,0.189939635320782,0
ood_combo,DS03,13,68,fan_flow_mod,3,0,0,-0,0,0,0,0,3,3,0.189939635320782,0
ood_combo,DS03,13,68,HPC_eff_mod,4,0,0,-0.0121904570420711,0,0,0,0,3,3,0.189939635320782,0
ood_combo,DS03,13,68,HPC_flow_mod,5,0,0,-0,0,0,0,0,3,3,0.189939635320782,0
ood_combo,DS03,13,68,LPT_eff_mod,6,0,-0.33824488672558,-0.304068853211451,1,1,3,3,3,3,0.189939635320782,0
ood_combo,DS03,13,68,LPT_flow_mod,7,0,-0.130246984003383,-0.104534141640328,1,1,2,2,3,3,0.189939635320782,0
ood_combo,DS03,13,68,LPC_eff_mod,8,0,0,-0,0,0,0,0,3,3,0.189939635320782,0
ood_combo,DS03,13,68,LPC_flow_mod,9,0,0,-0.000400968862066233,0,0,0,0,3,3,0.189939635320782,0
ood_combo,DS03,13,69,HPT_eff_mod,1,0,-0.279679752866153,-0.277608131795897,1,1,3,3,3,3,0.265787411177758,0
ood_combo,DS03,13,69,fan_eff_mod,2,0,0,-0.00236921710811152,0,0,0,0,3,3,0.265787411177758,0
ood_combo,DS03,13,69,fan_flow_mod,3,0,0,-0,0,0,0,0,3,3,0.265787411177758,0
ood_combo,DS03,13,69,HPC_eff_mod,4,0,0,-0.0121904570420711,0,0,0,0,3,3,0.265787411177758,0
ood_combo,DS03,13,69,HPC_flow_mod,5,0,0,-0,0,0,0,0,3,3,0.265787411177758,0
ood_combo,DS03,13,69,LPT_eff_mod,6,0,-0.35953266909418,-0.343014393558626,1,1,3,3,3,3,0.265787411177758,0
ood_combo,DS03,13,69,LPT_flow_mod,7,0,-0.120050198035654,-0.104534141640328,1,1,2,2,3,3,0.265787411177758,0
ood_combo,DS03,13,69,LPC_eff_mod,8,0,0,-0,0,0,0,0,3,3,0.265787411177758,0
ood_combo,DS03,13,69,LPC_flow_mod,9,0,0,-0.000400968862066233,0,0,0,0,3,3,0.265787411177758,0
ood_combo,DS03,13,70,HPT_eff_mod,1,0,-0.306079280525232,-0.289656004684587,1,1,3,3,3,3,0.364008573133794,0
ood_combo,DS03,13,70,fan_eff_mod,2,0,0,-0.00307510983248339,0,0,0,0,3,3,0.364008573133794,0
ood_combo,DS03,13,70,fan_flow_mod,3,0,0,-0,0,0,0,0,3,3,0.364008573133794,0
ood_combo,DS03,13,70,HPC_eff_mod,4,0,0,-0.0149704426321595,0,0,0,0,3,3,0.364008573133794,0
ood_combo,DS03,13,70,HPC_flow_mod,5,0,0,-0,0,0,0,0,3,3,0.364008573133794,0
ood_combo,DS03,13,70,LPT_eff_mod,6,0,-0.382341782024315,-0.343014393558626,1,1,3,3,3,3,0.364008573133794,0
ood_combo,DS03,13,70,LPT_flow_mod,7,0,-0.141090878415833,-0.114534790887806,1,1,2,2,3,3,0.364008573133794,0
ood_combo,DS03,13,70,LPC_eff_mod,8,0,0,-0,0,0,0,0,3,3,0.364008573133794,0
ood_combo,DS03,13,70,LPC_flow_mod,9,0,0,-0.00820079482884368,0,0,0,0,3,3,0.364008573133794,0
ood_combo,DS03,13,71,HPT_eff_mod,1,0,-0.307045503943274,-0.289656004684587,1,1,3,3,3,3,0.246253013001552,0
ood_combo,DS03,13,71,fan_eff_mod,2,0,0,-0.00307510983248339,0,1,0,1,3,3,0.246253013001552,0
ood_combo,DS03,13,71,fan_flow_mod,3,0,0,-0,0,0,0,0,3,3,0.246253013001552,0
ood_combo,DS03,13,71,HPC_eff_mod,4,0,0,-0.0149704426321595,0,1,0,1,3,3,0.246253013001552,0
ood_combo,DS03,13,71,HPC_flow_mod,5,0,0,-0,0,0,0,0,3,3,0.246253013001552,0
ood_combo,DS03,13,71,LPT_eff_mod,6,0,-0.406718249315587,-0.343014393558626,1,1,3,3,3,3,0.246253013001552,0
ood_combo,DS03,13,71,LPT_flow_mod,7,0,-0.130060692782696,-0.114534790887806,1,1,2,2,3,3,0.246253013001552,0
ood_combo,DS03,13,71,LPC_eff_mod,8,0,0,-0,0,0,0,0,3,3,0.246253013001552,0
ood_combo,DS03,13,71,LPC_flow_mod,9,0,0,-0.00820079482884368,0,0,0,0,3,3,0.246253013001552,0
ood_combo,DS03,13,72,HPT_eff_mod,1,0,-0.329462903218569,-0.305178803014228,1,1,3,3,3,3,0.254234873010034,0
ood_combo,DS03,13,72,fan_eff_mod,2,0,0,-0.00377538134454628,0,1,0,1,3,3,0.254234873010034,0
ood_combo,DS03,13,72,fan_flow_mod,3,0,0,-0,0,0,0,0,3,3,0.254234873010034,0
ood_combo,DS03,13,72,HPC_eff_mod,4,0,0,-0.0149704426321595,0,1,0,1,3,3,0.254234873010034,0
ood_combo,DS03,13,72,HPC_flow_mod,5,0,0,-0,0,0,0,0,3,3,0.254234873010034,0
ood_combo,DS03,13,72,LPT_eff_mod,6,0,-0.434463174479092,-0.343014393558626,1,1,3,3,3,3,0.254234873010034,0
ood_combo,DS03,13,72,LPT_flow_mod,7,0,-0.138496910841689,-0.118200754297392,1,1,2,2,3,3,0.254234873010034,0
ood_combo,DS03,13,72,LPC_eff_mod,8,0,0,-0,0,0,0,0,3,3,0.254234873010034,0
ood_combo,DS03,13,72,LPC_flow_mod,9,0,0,-0.00820079482884368,0,0,0,0,3,3,0.254234873010034,0
ood_combo,DS03,13,73,HPT_eff_mod,1,0,-0.342471703797115,-0.341482751178623,1,1,3,3,3,3,0.329202267868695,0
ood_combo,DS03,13,73,fan_eff_mod,2,0,0,-0.00377538134454628,0,1,0,1,3,3,0.329202267868695,0
ood_combo,DS03,13,73,fan_flow_mod,3,0,0,-0,0,0,0,0,3,3,0.329202267868695,0
ood_combo,DS03,13,73,HPC_eff_mod,4,0,0,-0.0149704426321595,0,1,0,1,3,3,0.329202267868695,0
ood_combo,DS03,13,73,HPC_flow_mod,5,0,0,-0,0,0,0,0,3,3,0.329202267868695,0
ood_combo,DS03,13,73,LPT_eff_mod,6,0,-0.457972724616529,-0.442886450477811,1,1,3,3,3,3,0.329202267868695,0
ood_combo,DS03,13,73,LPT_flow_mod,7,0,-0.135867765261282,-0.123068342633493,1,1,2,2,3,3,0.329202267868695,0
ood_combo,DS03,13,73,LPC_eff_mod,8,0,0,-0,0,0,0,0,3,3,0.329202267868695,0
ood_combo,DS03,13,73,LPC_flow_mod,9,0,0,-0.00820079482884368,0,0,0,0,3,3,0.329202267868695,0
ood_combo,DS03,13,74,HPT_eff_mod,1,0,-0.353575271211188,-0.363490466865138,1,1,3,3,3,3,0.286553834439866,0
ood_combo,DS03,13,74,fan_eff_mod,2,0,0,-0.00377538134454628,0,1,0,1,3,3,0.286553834439866,0
ood_combo,DS03,13,74,fan_flow_mod,3,0,0,-0,0,0,0,0,3,3,0.286553834439866,0
ood_combo,DS03,13,74,HPC_eff_mod,4,0,0,-0.0149704426321595,0,1,0,1,3,3,0.286553834439866,0
ood_combo,DS03,13,74,HPC_flow_mod,5,0,0,-0,0,0,0,0,3,3,0.286553834439866,0
ood_combo,DS03,13,74,LPT_eff_mod,6,0,-0.491627218363816,-0.467868919138895,1,1,3,3,3,3,0.286553834439866,0
ood_combo,DS03,13,74,LPT_flow_mod,7,0,-0.152208181056541,-0.123068342633493,1,1,2,2,3,3,0.286553834439866,0
ood_combo,DS03,13,74,LPC_eff_mod,8,0,0,-0,0,0,0,0,3,3,0.286553834439866,0
ood_combo,DS03,13,74,LPC_flow_mod,9,0,0,-0.00820079482884368,0,1,0,1,3,3,0.286553834439866,0
ood_combo,DS03,13,75,HPT_eff_mod,1,0,-0.370938380241049,-0.382929594009936,1,1,3,3,3,3,0.38208234081583,0
ood_combo,DS03,13,75,fan_eff_mod,2,0,0,-0.00432930228696769,0,1,0,1,3,3,0.38208234081583,0
ood_combo,DS03,13,75,fan_flow_mod,3,0,0,-0,0,0,0,0,3,3,0.38208234081583,0
ood_combo,DS03,13,75,HPC_eff_mod,4,0,0,-0.0149704426321595,0,1,0,1,3,3,0.38208234081583,0
ood_combo,DS03,13,75,HPC_flow_mod,5,0,0,-0,0,0,0,0,3,3,0.38208234081583,0
ood_combo,DS03,13,75,LPT_eff_mod,6,0,-0.52542564069602,-0.504380359893685,1,1,3,3,3,3,0.38208234081583,0
ood_combo,DS03,13,75,LPT_flow_mod,7,0,-0.151886203050501,-0.123068342633493,1,1,2,2,3,3,0.38208234081583,0
ood_combo,DS03,13,75,LPC_eff_mod,8,0,0,-0,0,0,0,0,3,3,0.38208234081583,0
ood_combo,DS03,13,75,LPC_flow_mod,9,0,0,-0.00820079482884368,0,1,0,1,3,3,0.38208234081583,0
ood_combo,DS03,13,76,HPT_eff_mod,1,0,-0.393316595495088,-0.382929594009936,1,1,3,3,3,3,0.219694217888352,0
ood_combo,DS03,13,76,fan_eff_mod,2,0,0,-0.00432930228696769,0,1,0,1,3,3,0.219694217888352,0
ood_combo,DS03,13,76,fan_flow_mod,3,0,0,-0,0,0,0,0,3,3,0.219694217888352,0
ood_combo,DS03,13,76,HPC_eff_mod,4,0,0,-0.0149704426321595,0,1,0,1,3,3,0.219694217888352,0
ood_combo,DS03,13,76,HPC_flow_mod,5,0,0,-0,0,0,0,0,3,3,0.219694217888352,0
ood_combo,DS03,13,76,LPT_eff_mod,6,0,-0.555393251236657,-0.504380359893685,1,1,3,3,3,3,0.219694217888352,0
ood_combo,DS03,13,76,LPT_flow_mod,7,0,-0.170173911205978,-0.146269675900162,1,1,2,2,3,3,0.219694217888352,0
ood_combo,DS03,13,76,LPC_eff_mod,8,0,0,-0,0,0,0,0,3,3,0.219694217888352,0
ood_combo,DS03,13,76,LPC_flow_mod,9,0,0,-0.00820079482884368,0,1,0,1,3,3,0.219694217888352,0
ood_combo,DS03,13,77,HPT_eff_mod,1,0,-0.415138802530215,-0.402493124087807,1,1,3,3,3,3,0.319329650025297,0
ood_combo,DS03,13,77,fan_eff_mod,2,0,0,-0.00432930228696769,0,1,0,1,3,3,0.319329650025297,0
ood_combo,DS03,13,77,fan_flow_mod,3,0,0,-0,0,0,0,0,3,3,0.319329650025297,0
ood_combo,DS03,13,77,HPC_eff_mod,4,0,0,-0.0203486737662866,0,1,0,1,3,3,0.319329650025297,0
ood_combo,DS03,13,77,HPC_flow_mod,5,0,0,-0,0,0,0,0,3,3,0.319329650025297,0
ood_combo,DS03,13,77,LPT_eff_mod,6,0,-0.589685010014352,-0.556853340481251,1,1,3,3,3,3,0.319329650025297,0
ood_combo,DS03,13,77,LPT_flow_mod,7,0,-0.158137492590228,-0.146269675900162,1,1,2,2,3,3,0.319329650025297,0
ood_combo,DS03,13,77,LPC_eff_mod,8,0,0,-0,0,0,0,0,3,3,0.319329650025297,0
ood_combo,DS03,13,77,LPC_flow_mod,9,0,0,-0.00820079482884368,0,1,0,1,3,3,0.319329650025297,0
ood_combo,DS03,14,1,HPT_eff_mod,1,1,-0.00124471493296571,-0,0,0,0,0,0,0,0.051357534846914,0
ood_combo,DS03,14,1,fan_eff_mod,2,1,0,-0,0,0,0,0,0,0,0.051357534846914,0
ood_combo,DS03,14,1,fan_flow_mod,3,1,0,-0,0,0,0,0,0,0,0.051357534846914,0
ood_combo,DS03,14,1,HPC_eff_mod,4,1,0,-0,0,0,0,0,0,0,0.051357534846914,0
ood_combo,DS03,14,1,HPC_flow_mod,5,1,0,-0,0,0,0,0,0,0,0.051357534846914,0
ood_combo,DS03,14,1,LPT_eff_mod,6,1,0.00108970190566666,-0,0,0,0,0,0,0,0.051357534846914,0
ood_combo,DS03,14,1,LPT_flow_mod,7,1,-0.00370688783967513,-0,0,0,0,0,0,0,0.051357534846914,0
ood_combo,DS03,14,1,LPC_eff_mod,8,1,0,-0,0,0,0,0,0,0,0.051357534846914,0
ood_combo,DS03,14,1,LPC_flow_mod,9,1,0,-0,0,0,0,0,0,0,0.051357534846914,0
ood_combo,DS03,14,2,HPT_eff_mod,1,1,-0.00460150648652801,-0,0,0,0,0,0,0,0.0756503174235513,0
ood_combo,DS03,14,2,fan_eff_mod,2,1,0,-0,0,0,0,0,0,0,0.0756503174235513,0
ood_combo,DS03,14,2,fan_flow_mod,3,1,0,-0,0,0,0,0,0,0,0.0756503174235513,0
ood_combo,DS03,14,2,HPC_eff_mod,4,1,0,-0,0,0,0,0,0,0,0.0756503174235513,0
ood_combo,DS03,14,2,HPC_flow_mod,5,1,0,-0,0,0,0,0,0,0,0.0756503174235513,0
ood_combo,DS03,14,2,LPT_eff_mod,6,1,-0.00253798751690675,-0,0,0,0,0,0,0,0.0756503174235513,0
ood_combo,DS03,14,2,LPT_flow_mod,7,1,0.00275207771038021,-0,0,0,0,0,0,0,0.0756503174235513,0
ood_combo,DS03,14,2,LPC_eff_mod,8,1,0,-0,0,0,0,0,0,0,0.0756503174235513,0
ood_combo,DS03,14,2,LPC_flow_mod,9,1,0,-0,0,0,0,0,0,0,0.0756503174235513,0
ood_combo,DS03,14,3,HPT_eff_mod,1,1,0.00584622141949299,-0,0,0,0,0,0,0,0.0931843373441258,0
ood_combo,DS03,14,3,fan_eff_mod,2,1,0,-0,0,0,0,0,0,0,0.0931843373441258,0
ood_combo,DS03,14,3,fan_flow_mod,3,1,0,-0,0,0,0,0,0,0,0.0931843373441258,0
ood_combo,DS03,14,3,HPC_eff_mod,4,1,0,-0,0,0,0,0,0,0,0.0931843373441258,0
ood_combo,DS03,14,3,HPC_flow_mod,5,1,0,-0,0,0,0,0,0,0,0.0931843373441258,0
ood_combo,DS03,14,3,LPT_eff_mod,6,1,0.0014482856112409,-0,0,0,0,0,0,0,0.0931843373441258,0
ood_combo,DS03,14,3,LPT_flow_mod,7,1,0.000954810129294695,-0,0,0,0,0,0,0,0.0931843373441258,0
ood_combo,DS03,14,3,LPC_eff_mod,8,1,0,-0,0,0,0,0,0,0,0.0931843373441258,0
ood_combo,DS03,14,3,LPC_flow_mod,9,1,0,-0,0,0,0,0,0,0,0.0931843373441258,0
ood_combo,DS03,14,4,HPT_eff_mod,1,1,0.0023901841496012,-0,0,0,0,0,0,0,0.175390313091156,0
ood_combo,DS03,14,4,fan_eff_mod,2,1,0,-0,0,0,0,0,0,0,0.175390313091156,0
ood_combo,DS03,14,4,fan_flow_mod,3,1,0,-0,0,0,0,0,0,0,0.175390313091156,0
ood_combo,DS03,14,4,HPC_eff_mod,4,1,0,-0,0,0,0,0,0,0,0.175390313091156,0
ood_combo,DS03,14,4,HPC_flow_mod,5,1,0,-0,0,0,0,0,0,0,0.175390313091156,0
ood_combo,DS03,14,4,LPT_eff_mod,6,1,-0.00343800969460278,-0,0,0,0,0,0,0,0.175390313091156,0
ood_combo,DS03,14,4,LPT_flow_mod,7,1,-0.00933017338640988,-0.00248092853207128,0,0,0,0,0,0,0.175390313091156,0
ood_combo,DS03,14,4,LPC_eff_mod,8,1,0,-0,0,0,0,0,0,0,0.175390313091156,0
ood_combo,DS03,14,4,LPC_flow_mod,9,1,0,-0,0,0,0,0,0,0,0.175390313091156,0
ood_combo,DS03,14,5,HPT_eff_mod,1,1,0.00533653718662707,-0,0,0,0,0,0,0,0.132278493026538,0
ood_combo,DS03,14,5,fan_eff_mod,2,1,0,-0,0,0,0,0,0,0,0.132278493026538,0
ood_combo,DS03,14,5,fan_flow_mod,3,1,0,-0,0,0,0,0,0,0,0.132278493026538,0
ood_combo,DS03,14,5,HPC_eff_mod,4,1,0,-0,0,0,0,0,0,0,0.132278493026538,0
ood_combo,DS03,14,5,HPC_flow_mod,5,1,0,-0,0,0,0,0,0,0,0.132278493026538,0
ood_combo,DS03,14,5,LPT_eff_mod,6,1,-0.00434663472556904,-0,0,0,0,0,0,0,0.132278493026538,0
ood_combo,DS03,14,5,LPT_flow_mod,7,1,-0.00937983150402389,-0.00248092853207128,0,0,0,0,0,0,0.132278493026538,0
ood_combo,DS03,14,5,LPC_eff_mod,8,1,0,-0,0,0,0,0,0,0,0.132278493026538,0
ood_combo,DS03,14,5,LPC_flow_mod,9,1,0,-0,0,0,0,0,0,0,0.132278493026538,0
ood_combo,DS03,14,6,HPT_eff_mod,1,1,-0.0083049316727261,-0,0,0,0,0,0,0,0.119080497142913,0
ood_combo,DS03,14,6,fan_eff_mod,2,1,0,-0,0,0,0,0,0,0,0.119080497142913,0
ood_combo,DS03,14,6,fan_flow_mod,3,1,0,-0,0,0,0,0,0,0,0.119080497142913,0
ood_combo,DS03,14,6,HPC_eff_mod,4,1,0,-0,0,0,0,0,0,0,0.119080497142913,0
ood_combo,DS03,14,6,HPC_flow_mod,5,1,0,-0,0,0,0,0,0,0,0.119080497142913,0
ood_combo,DS03,14,6,LPT_eff_mod,6,1,-0.000395024311490378,-0,0,0,0,0,0,0,0.119080497142913,0
ood_combo,DS03,14,6,LPT_flow_mod,7,1,-0.00586665617947873,-0.00472823000646958,0,0,0,0,0,0,0.119080497142913,0
ood_combo,DS03,14,6,LPC_eff_mod,8,1,0,-0,0,0,0,0,0,0,0.119080497142913,0
ood_combo,DS03,14,6,LPC_flow_mod,9,1,0,-0,0,0,0,0,0,0,0.119080497142913,0
ood_combo,DS03,14,7,HPT_eff_mod,1,1,-0.000778805186035188,-0,0,0,0,0,0,0,0.203856645368774,0
ood_combo,DS03,14,7,fan_eff_mod,2,1,0,-0,0,0,0,0,0,0,0.203856645368774,0
ood_combo,DS03,14,7,fan_flow_mod,3,1,0,-0,0,0,0,0,0,0,0.203856645368774,0
ood_combo,DS03,14,7,HPC_eff_mod,4,1,0,-0,0,0,0,0,0,0,0.203856645368774,0
ood_combo,DS03,14,7,HPC_flow_mod,5,1,0,-0,0,0,0,0,0,0,0.203856645368774,0
ood_combo,DS03,14,7,LPT_eff_mod,6,1,-0.000392777688461174,-0,0,0,0,0,0,0,0.203856645368774,0
ood_combo,DS03,14,7,LPT_flow_mod,7,1,-0.00733562805419397,-0.00472823000646958,0,0,0,0,0,0,0.203856645368774,0
ood_combo,DS03,14,7,LPC_eff_mod,8,1,0,-0,0,0,0,0,0,0,0.203856645368774,0
ood_combo,DS03,14,7,LPC_flow_mod,9,1,0,-0,0,0,0,0,0,0,0.203856645368774,0
ood_combo,DS03,14,8,HPT_eff_mod,1,1,0.00568199188357565,-0,0,0,0,0,0,0,0.0678526051751011,0
ood_combo,DS03,14,8,fan_eff_mod,2,1,0,-0,0,0,0,0,0,0,0.0678526051751011,0
ood_combo,DS03,14,8,fan_flow_mod,3,1,0,-0,0,0,0,0,0,0,0.0678526051751011,0
ood_combo,DS03,14,8,HPC_eff_mod,4,1,0,-0,0,0,0,0,0,0,0.0678526051751011,0
ood_combo,DS03,14,8,HPC_flow_mod,5,1,0,-0,0,0,0,0,0,0,0.0678526051751011,0
ood_combo,DS03,14,8,LPT_eff_mod,6,1,-0.00102726190000118,-0,0,0,0,0,0,0,0.0678526051751011,0
ood_combo,DS03,14,8,LPT_flow_mod,7,1,-0.00634570663464398,-0.00472823000646958,0,0,0,0,0,0,0.0678526051751011,0
ood_combo,DS03,14,8,LPC_eff_mod,8,1,0,-0,0,0,0,0,0,0,0.0678526051751011,0
ood_combo,DS03,14,8,LPC_flow_mod,9,1,0,-0,0,0,0,0,0,0,0.0678526051751011,0
ood_combo,DS03,14,9,HPT_eff_mod,1,1,-0.00326143736612379,-0.00575604647193411,0,0,0,0,0,0,0.0712426487547381,0
ood_combo,DS03,14,9,fan_eff_mod,2,1,0,-0,0,0,0,0,0,0,0.0712426487547381,0
ood_combo,DS03,14,9,fan_flow_mod,3,1,0,-0,0,0,0,0,0,0,0.0712426487547381,0
ood_combo,DS03,14,9,HPC_eff_mod,4,1,0,-0,0,0,0,0,0,0,0.0712426487547381,0
ood_combo,DS03,14,9,HPC_flow_mod,5,1,0,-0,0,0,0,0,0,0,0.0712426487547381,0
ood_combo,DS03,14,9,LPT_eff_mod,6,1,0.000997804774404493,-0,0,0,0,0,0,0,0.0712426487547381,0
ood_combo,DS03,14,9,LPT_flow_mod,7,1,-0.00904147562283376,-0.00472823000646958,0,0,0,0,0,0,0.0712426487547381,0
ood_combo,DS03,14,9,LPC_eff_mod,8,1,0,-0,0,0,0,0,0,0,0.0712426487547381,0
ood_combo,DS03,14,9,LPC_flow_mod,9,1,0,-0,0,0,0,0,0,0,0.0712426487547381,0
ood_combo,DS03,14,10,HPT_eff_mod,1,1,-0.00986623039643919,-0.00587350683118325,0,0,0,0,0,0,0.0687852552345763,0
ood_combo,DS03,14,10,fan_eff_mod,2,1,0,-0,0,0,0,0,0,0,0.0687852552345763,0
ood_combo,DS03,14,10,fan_flow_mod,3,1,0,-0,0,0,0,0,0,0,0.0687852552345763,0
ood_combo,DS03,14,10,HPC_eff_mod,4,1,0,-0,0,0,0,0,0,0,0.0687852552345763,0
ood_combo,DS03,14,10,HPC_flow_mod,5,1,0,-0,0,0,0,0,0,0,0.0687852552345763,0
ood_combo,DS03,14,10,LPT_eff_mod,6,1,-0.0055700466592523,-0.00118731996069072,0,0,0,0,0,0,0.0687852552345763,0
ood_combo,DS03,14,10,LPT_flow_mod,7,1,-0.00326289998337946,-0.00472823000646958,0,0,0,0,0,0,0.0687852552345763,0
ood_combo,DS03,14,10,LPC_eff_mod,8,1,0,-0,0,0,0,0,0,0,0.0687852552345763,0
ood_combo,DS03,14,10,LPC_flow_mod,9,1,0,-0,0,0,0,0,0,0,0.0687852552345763,0
ood_combo,DS03,14,11,HPT_eff_mod,1,1,-0.00370130368309186,-0.00587350683118325,0,0,0,0,0,0,0.0842857063700866,0
ood_combo,DS03,14,11,fan_eff_mod,2,1,0,-0,0,0,0,0,0,0,0.0842857063700866,0
ood_combo,DS03,14,11,fan_flow_mod,3,1,0,-0,0,0,0,0,0,0,0.0842857063700866,0
ood_combo,DS03,14,11,HPC_eff_mod,4,1,0,-0,0,0,0,0,0,0,0.0842857063700866,0
ood_combo,DS03,14,11,HPC_flow_mod,5,1,0,-0,0,0,0,0,0,0,0.0842857063700866,0
ood_combo,DS03,14,11,LPT_eff_mod,6,1,-0.00482504269598383,-0.00118731996069072,0,0,0,0,0,0,0.0842857063700866,0
ood_combo,DS03,14,11,LPT_flow_mod,7,1,-0.00632837218381425,-0.00472823000646958,0,0,0,0,0,0,0.0842857063700866,0
ood_combo,DS03,14,11,LPC_eff_mod,8,1,0,-0,0,0,0,0,0,0,0.0842857063700866,0
ood_combo,DS03,14,11,LPC_flow_mod,9,1,0,-0,0,0,0,0,0,0,0.0842857063700866,0
ood_combo,DS03,14,12,HPT_eff_mod,1,1,-0.00362569653738782,-0.00587350683118325,0,0,0,0,0,0,0.136432257711697,0
ood_combo,DS03,14,12,fan_eff_mod,2,1,0,-0,0,0,0,0,0,0,0.136432257711697,0
ood_combo,DS03,14,12,fan_flow_mod,3,1,0,-0,0,0,0,0,0,0,0.136432257711697,0
ood_combo,DS03,14,12,HPC_eff_mod,4,1,0,-0,0,0,0,0,0,0,0.136432257711697,0
ood_combo,DS03,14,12,HPC_flow_mod,5,1,0,-0,0,0,0,0,0,0,0.136432257711697,0
ood_combo,DS03,14,12,LPT_eff_mod,6,1,-0.00596022581411427,-0.00118731996069072,0,0,0,0,0,0,0.136432257711697,0
ood_combo,DS03,14,12,LPT_flow_mod,7,1,-0.00876468154472454,-0.00472823000646958,0,0,0,0,0,0,0.136432257711697,0
ood_combo,DS03,14,12,LPC_eff_mod,8,1,0,-0,0,0,0,0,0,0,0.136432257711697,0
ood_combo,DS03,14,12,LPC_flow_mod,9,1,0,-0,0,0,0,0,0,0,0.136432257711697,0
ood_combo,DS03,14,13,HPT_eff_mod,1,1,-0.0180482525181469,-0.0114503928417005,0,0,0,0,0,0,0.171079848346536,0
ood_combo,DS03,14,13,fan_eff_mod,2,1,0,-0,0,0,0,0,0,0,0.171079848346536,0
ood_combo,DS03,14,13,fan_flow_mod,3,1,0,-0,0,0,0,0,0,0,0.171079848346536,0
ood_combo,DS03,14,13,HPC_eff_mod,4,1,0,-0,0,0,0,0,0,0,0.171079848346536,0
ood_combo,DS03,14,13,HPC_flow_mod,5,1,0,-0,0,0,0,0,0,0,0.171079848346536,0
ood_combo,DS03,14,13,LPT_eff_mod,6,1,-0.00677226992623382,-0.00118731996069072,0,0,0,0,0,0,0.171079848346536,0
ood_combo,DS03,14,13,LPT_flow_mod,7,1,-0.00929559644088505,-0.00923959694609195,0,0,0,0,0,0,0.171079848346536,0
ood_combo,DS03,14,13,LPC_eff_mod,8,1,0,-0,0,0,0,0,0,0,0.171079848346536,0
ood_combo,DS03,14,13,LPC_flow_mod,9,1,0,-0,0,0,0,0,0,0,0.171079848346536,0
ood_combo,DS03,14,14,HPT_eff_mod,1,1,-0.0163742732151059,-0.0114503928417005,0,0,0,0,0,0,0.0845433182980507,0
ood_combo,DS03,14,14,fan_eff_mod,2,1,0,-0,0,0,0,0,0,0,0.0845433182980507,0
ood_combo,DS03,14,14,fan_flow_mod,3,1,0,-0,0,0,0,0,0,0,0.0845433182980507,0
ood_combo,DS03,14,14,HPC_eff_mod,4,1,0,-0,0,0,0,0,0,0,0.0845433182980507,0
ood_combo,DS03,14,14,HPC_flow_mod,5,1,0,-0,0,0,0,0,0,0,0.0845433182980507,0
ood_combo,DS03,14,14,LPT_eff_mod,6,1,-0.00777974715421744,-0.00707155773966795,0,0,0,0,0,0,0.0845433182980507,0
ood_combo,DS03,14,14,LPT_flow_mod,7,1,-0.0131708954643859,-0.00923959694609195,0,0,0,0,0,0,0.0845433182980507,0
ood_combo,DS03,14,14,LPC_eff_mod,8,1,0,-0,0,0,0,0,0,0,0.0845433182980507,0
ood_combo,DS03,14,14,LPC_flow_mod,9,1,0,-0,0,0,0,0,0,0,0.0845433182980507,0
ood_combo,DS03,14,15,HPT_eff_mod,1,1,-0.0173701957335005,-0.0114503928417005,0,0,0,0,0,0,0.155953406524606,0
ood_combo,DS03,14,15,fan_eff_mod,2,1,0,-0,0,0,0,0,0,0,0.155953406524606,0
ood_combo,DS03,14,15,fan_flow_mod,3,1,0,-0,0,0,0,0,0,0,0.155953406524606,0
ood_combo,DS03,14,15,HPC_eff_mod,4,1,0,-0,0,0,0,0,0,0,0.155953406524606,0
ood_combo,DS03,14,15,HPC_flow_mod,5,1,0,-0,0,0,0,0,0,0,0.155953406524606,0
ood_combo,DS03,14,15,LPT_eff_mod,6,1,-0.00599931618537318,-0.00707155773966795,0,0,0,0,0,0,0.155953406524606,0
ood_combo,DS03,14,15,LPT_flow_mod,7,1,-0.0152738368553827,-0.00923959694609195,0,0,0,0,0,0,0.155953406524606,0
ood_combo,DS03,14,15,LPC_eff_mod,8,1,0,-0,0,0,0,0,0,0,0.155953406524606,0
ood_combo,DS03,14,15,LPC_flow_mod,9,1,0,-0,0,0,0,0,0,0,0.155953406524606,0
ood_combo,DS03,14,16,HPT_eff_mod,1,1,-0.000720363288097589,-0.0114503928417005,0,0,0,0,0,0,0.0983544279329777,0
ood_combo,DS03,14,16,fan_eff_mod,2,1,0,-0,0,0,0,0,0,0,0.0983544279329777,0
ood_combo,DS03,14,16,fan_flow_mod,3,1,0,-0,0,0,0,0,0,0,0.0983544279329777,0
ood_combo,DS03,14,16,HPC_eff_mod,4,1,0,-0,0,0,0,0,0,0,0.0983544279329777,0
ood_combo,DS03,14,16,HPC_flow_mod,5,1,0,-0,0,0,0,0,0,0,0.0983544279329777,0
ood_combo,DS03,14,16,LPT_eff_mod,6,1,-0.00942429965840067,-0.00707155773966795,0,0,0,0,0,0,0.0983544279329777,0
ood_combo,DS03,14,16,LPT_flow_mod,7,1,-0.013908050987317,-0.00923959694609195,0,0,0,0,0,0,0.0983544279329777,0
ood_combo,DS03,14,16,LPC_eff_mod,8,1,0,-0,0,0,0,0,0,0,0.0983544279329777,0
ood_combo,DS03,14,16,LPC_flow_mod,9,1,0,-0,0,0,0,0,0,0,0.0983544279329777,0
ood_combo,DS03,14,17,HPT_eff_mod,1,1,-0.00854228725534679,-0.0114503928417005,0,0,0,0,0,0,0.162666266955279,0
ood_combo,DS03,14,17,fan_eff_mod,2,1,0,-0,0,0,0,0,0,0,0.162666266955279,0
ood_combo,DS03,14,17,fan_flow_mod,3,1,0,-0,0,0,0,0,0,0,0.162666266955279,0
ood_combo,DS03,14,17,HPC_eff_mod,4,1,0,-0,0,0,0,0,0,0,0.162666266955279,0
ood_combo,DS03,14,17,HPC_flow_mod,5,1,0,-0,0,0,0,0,0,0,0.162666266955279,0
ood_combo,DS03,14,17,LPT_eff_mod,6,1,-0.0054069188722286,-0.00707155773966795,0,0,0,0,0,0,0.162666266955279,0
ood_combo,DS03,14,17,LPT_flow_mod,7,1,-0.0156977578616591,-0.00923959694609195,0,0,0,0,0,0,0.162666266955279,0
ood_combo,DS03,14,17,LPC_eff_mod,8,1,0,-0,0,0,0,0,0,0,0.162666266955279,0
ood_combo,DS03,14,17,LPC_flow_mod,9,1,0,-0,0,0,0,0,0,0,0.162666266955279,0
ood_combo,DS03,14,18,HPT_eff_mod,1,1,-0.0189029774291353,-0.0131241031558346,0,0,0,0,0,0,0.124447065498948,0
ood_combo,DS03,14,18,fan_eff_mod,2,1,0,-0,0,0,0,0,0,0,0.124447065498948,0
ood_combo,DS03,14,18,fan_flow_mod,3,1,0,-0,0,0,0,0,0,0,0.124447065498948,0
ood_combo,DS03,14,18,HPC_eff_mod,4,1,0,-0,0,0,0,0,0,0,0.124447065498948,0
ood_combo,DS03,14,18,HPC_flow_mod,5,1,0,-0,0,0,0,0,0,0,0.124447065498948,0
ood_combo,DS03,14,18,LPT_eff_mod,6,1,-0.0135256731597075,-0.0102080678174969,0,0,0,0,0,0,0.124447065498948,0
ood_combo,DS03,14,18,LPT_flow_mod,7,1,-0.00775106861749539,-0.00923959694609195,0,0,0,0,0,0,0.124447065498948,0
ood_combo,DS03,14,18,LPC_eff_mod,8,1,0,-0,0,0,0,0,0,0,0.124447065498948,0
ood_combo,DS03,14,18,LPC_flow_mod,9,1,0,-0,0,0,0,0,0,0,0.124447065498948,0
ood_combo,DS03,14,19,HPT_eff_mod,1,1,-0.0175829948621013,-0.0131241031558346,0,0,0,0,0,0,0.0654867040612386,0
ood_combo,DS03,14,19,fan_eff_mod,2,1,0,-0,0,0,0,0,0,0,0.0654867040612386,0
ood_combo,DS03,14,19,fan_flow_mod,3,1,0,-0,0,0,0,0,0,0,0.0654867040612386,0
ood_combo,DS03,14,19,HPC_eff_mod,4,1,0,-0,0,0,0,0,0,0,0.0654867040612386,0
ood_combo,DS03,14,19,HPC_flow_mod,5,1,0,-0,0,0,0,0,0,0,0.0654867040612386,0
ood_combo,DS03,14,19,LPT_eff_mod,6,1,-0.00583703428771873,-0.0102080678174969,0,0,0,0,0,0,0.0654867040612386,0
ood_combo,DS03,14,19,LPT_flow_mod,7,1,-0.00814199675235794,-0.011984118413851,0,0,0,0,0,0,0.0654867040612386,0
ood_combo,DS03,14,19,LPC_eff_mod,8,1,0,-0,0,0,0,0,0,0,0.0654867040612386,0
ood_combo,DS03,14,19,LPC_flow_mod,9,1,0,-0,0,0,0,0,0,0,0.0654867040612386,0
ood_combo,DS03,14,20,HPT_eff_mod,1,1,-0.0168936331461585,-0.0137211116087877,0,0,0,0,0,0,0.108957845824653,0
ood_combo,DS03,14,20,fan_eff_mod,2,1,0,-0,0,0,0,0,0,0,0.108957845824653,0
ood_combo,DS03,14,20,fan_flow_mod,3,1,0,-0,0,0,0,0,0,0,0.108957845824653,0
ood_combo,DS03,14,20,HPC_eff_mod,4,1,0,-0,0,0,0,0,0,0,0.108957845824653,0
ood_combo,DS03,14,20,HPC_flow_mod,5,1,0,-0,0,0,0,0,0,0,0.108957845824653,0
ood_combo,DS03,14,20,LPT_eff_mod,6,1,-0.0138386807772064,-0.0102080678174969,0,0,0,0,0,0,0.108957845824653,0
ood_combo,DS03,14,20,LPT_flow_mod,7,1,-0.0161833701523215,-0.011984118413851,0,0,0,0,0,0,0.108957845824653,0
ood_combo,DS03,14,20,LPC_eff_mod,8,1,0,-0,0,0,0,0,0,0,0.108957845824653,0
ood_combo,DS03,14,20,LPC_flow_mod,9,1,0,-0,0,0,0,0,0,0,0.108957845824653,0
ood_combo,DS03,14,21,HPT_eff_mod,1,1,-0.0202325249759994,-0.0137211116087877,0,0,0,0,0,0,0.0531528963575466,0
ood_combo,DS03,14,21,fan_eff_mod,2,1,0,-0,0,0,0,0,0,0,0.0531528963575466,0
ood_combo,DS03,14,21,fan_flow_mod,3,1,0,-0,0,0,0,0,0,0,0.0531528963575466,0
ood_combo,DS03,14,21,HPC_eff_mod,4,1,0,-0,0,0,0,0,0,0,0.0531528963575466,0
ood_combo,DS03,14,21,HPC_flow_mod,5,1,0,-0,0,0,0,0,0,0,0.0531528963575466,0
ood_combo,DS03,14,21,LPT_eff_mod,6,1,-0.0072685809449888,-0.0102080678174969,0,0,0,0,0,0,0.0531528963575466,0
ood_combo,DS03,14,21,LPT_flow_mod,7,1,-0.00989445425926571,-0.0140302825889459,0,0,0,0,0,0,0.0531528963575466,0
ood_combo,DS03,14,21,LPC_eff_mod,8,1,0,-0,0,0,0,0,0,0,0.0531528963575466,0
ood_combo,DS03,14,21,LPC_flow_mod,9,1,0,-0,0,0,0,0,0,0,0.0531528963575466,0
ood_combo,DS03,14,22,HPT_eff_mod,1,1,-0.020663720087885,-0.0137211116087877,0,1,0,1,0,1,0.0875050284381775,0
ood_combo,DS03,14,22,fan_eff_mod,2,1,0,-0,0,0,0,0,0,1,0.0875050284381775,0
ood_combo,DS03,14,22,fan_flow_mod,3,1,0,-0,0,0,0,0,0,1,0.0875050284381775,0
ood_combo,DS03,14,22,HPC_eff_mod,4,1,0,-0,0,0,0,0,0,1,0.0875050284381775,0
ood_combo,DS03,14,22,HPC_flow_mod,5,1,0,-0,0,0,0,0,0,1,0.0875050284381775,0
ood_combo,DS03,14,22,LPT_eff_mod,6,1,-0.0118466456377351,-0.0102080678174969,0,0,0,0,0,1,0.0875050284381775,0
ood_combo,DS03,14,22,LPT_flow_mod,7,1,-0.0142182041024512,-0.0140302825889459,0,0,0,0,0,1,0.0875050284381775,0
ood_combo,DS03,14,22,LPC_eff_mod,8,1,0,-0,0,0,0,0,0,1,0.0875050284381775,0
ood_combo,DS03,14,22,LPC_flow_mod,9,1,0,-0,0,0,0,0,0,1,0.0875050284381775,0
ood_combo,DS03,14,23,HPT_eff_mod,1,1,-0.00884931817766112,-0.0137211116087877,0,1,0,1,0,1,0.110851127648832,0
ood_combo,DS03,14,23,fan_eff_mod,2,1,0,-0,0,0,0,0,0,1,0.110851127648832,0
ood_combo,DS03,14,23,fan_flow_mod,3,1,0,-0,0,0,0,0,0,1,0.110851127648832,0
ood_combo,DS03,14,23,HPC_eff_mod,4,1,0,-0,0,0,0,0,0,1,0.110851127648832,0
ood_combo,DS03,14,23,HPC_flow_mod,5,1,0,-0,0,0,0,0,0,1,0.110851127648832,0
ood_combo,DS03,14,23,LPT_eff_mod,6,1,-0.00846439503975639,-0.0102080678174969,0,0,0,0,0,1,0.110851127648832,0
ood_combo,DS03,14,23,LPT_flow_mod,7,1,-0.0164750863665394,-0.0140302825889459,0,0,0,0,0,1,0.110851127648832,0
ood_combo,DS03,14,23,LPC_eff_mod,8,1,0,-0,0,0,0,0,0,1,0.110851127648832,0
ood_combo,DS03,14,23,LPC_flow_mod,9,1,0,-0,0,0,0,0,0,1,0.110851127648832,0
ood_combo,DS03,14,24,HPT_eff_mod,1,1,-0.0243016867984576,-0.0137211116087877,0,1,0,1,0,1,0.153223096643932,0
ood_combo,DS03,14,24,fan_eff_mod,2,1,0,-0,0,0,0,0,0,1,0.153223096643932,0
ood_combo,DS03,14,24,fan_flow_mod,3,1,0,-0,0,0,0,0,0,1,0.153223096643932,0
ood_combo,DS03,14,24,HPC_eff_mod,4,1,0,-0,0,0,0,0,0,1,0.153223096643932,0
ood_combo,DS03,14,24,HPC_flow_mod,5,1,0,-0,0,0,0,0,0,1,0.153223096643932,0
ood_combo,DS03,14,24,LPT_eff_mod,6,1,-0.00679767642615817,-0.0102080678174969,0,0,0,0,0,1,0.153223096643932,0
ood_combo,DS03,14,24,LPT_flow_mod,7,1,-0.010138063687865,-0.0142289765128745,0,0,0,0,0,1,0.153223096643932,0
ood_combo,DS03,14,24,LPC_eff_mod,8,1,0,-0,0,0,0,0,0,1,0.153223096643932,0
ood_combo,DS03,14,24,LPC_flow_mod,9,1,0,-0,0,0,0,0,0,1,0.153223096643932,0
ood_combo,DS03,14,25,HPT_eff_mod,1,1,-0.0311807102249393,-0.021917817288034,0,1,0,1,0,1,0.0837808902833336,0
ood_combo,DS03,14,25,fan_eff_mod,2,1,0,-0,0,0,0,0,0,1,0.0837808902833336,0
ood_combo,DS03,14,25,fan_flow_mod,3,1,0,-0,0,0,0,0,0,1,0.0837808902833336,0
ood_combo,DS03,14,25,HPC_eff_mod,4,1,0,-9.16689306793979e-05,0,0,0,0,0,1,0.0837808902833336,0
ood_combo,DS03,14,25,HPC_flow_mod,5,1,0,-0,0,0,0,0,0,1,0.0837808902833336,0
ood_combo,DS03,14,25,LPT_eff_mod,6,1,-0.00676015578359918,-0.0102080678174969,0,0,0,0,0,1,0.0837808902833336,0
ood_combo,DS03,14,25,LPT_flow_mod,7,1,-0.0174207908693515,-0.0142289765128745,0,0,0,0,0,1,0.0837808902833336,0
ood_combo,DS03,14,25,LPC_eff_mod,8,1,0,-0,0,0,0,0,0,1,0.0837808902833336,0
ood_combo,DS03,14,25,LPC_flow_mod,9,1,0,-0,0,0,0,0,0,1,0.0837808902833336,0
ood_combo,DS03,14,26,HPT_eff_mod,1,1,-0.0230612348067001,-0.021917817288034,0,1,0,1,0,1,0.133728440547741,0
ood_combo,DS03,14,26,fan_eff_mod,2,1,0,-0,0,0,0,0,0,1,0.133728440547741,0
ood_combo,DS03,14,26,fan_flow_mod,3,1,0,-0,0,0,0,0,0,1,0.133728440547741,0
ood_combo,DS03,14,26,HPC_eff_mod,4,1,0,-9.16689306793979e-05,0,0,0,0,0,1,0.133728440547741,0
ood_combo,DS03,14,26,HPC_flow_mod,5,1,0,-0,0,0,0,0,0,1,0.133728440547741,0
ood_combo,DS03,14,26,LPT_eff_mod,6,1,-0.0121703534335944,-0.0117190057415405,0,0,0,0,0,1,0.133728440547741,0
ood_combo,DS03,14,26,LPT_flow_mod,7,1,-0.0148955589324262,-0.0142289765128745,0,0,0,0,0,1,0.133728440547741,0
ood_combo,DS03,14,26,LPC_eff_mod,8,1,0,-0.000905256053192772,0,0,0,0,0,1,0.133728440547741,0
ood_combo,DS03,14,26,LPC_flow_mod,9,1,0,-0,0,0,0,0,0,1,0.133728440547741,0
ood_combo,DS03,14,27,HPT_eff_mod,1,1,-0.019749223143801,-0.021917817288034,0,1,0,1,0,1,0.0935148592601006,0
ood_combo,DS03,14,27,fan_eff_mod,2,1,0,-0,0,0,0,0,0,1,0.0935148592601006,0
ood_combo,DS03,14,27,fan_flow_mod,3,1,0,-0,0,0,0,0,0,1,0.0935148592601006,0
ood_combo,DS03,14,27,HPC_eff_mod,4,1,0,-9.16689306793979e-05,0,0,0,0,0,1,0.0935148592601006,0
ood_combo,DS03,14,27,HPC_flow_mod,5,1,0,-0,0,0,0,0,0,1,0.0935148592601006,0
ood_combo,DS03,14,27,LPT_eff_mod,6,1,-0.0186084681362275,-0.0117190057415405,0,0,0,0,0,1,0.0935148592601006,0
ood_combo,DS03,14,27,LPT_flow_mod,7,1,-0.012026964684104,-0.0142289765128745,0,0,0,0,0,1,0.0935148592601006,0
ood_combo,DS03,14,27,LPC_eff_mod,8,1,0,-0.000905256053192772,0,0,0,0,0,1,0.0935148592601006,0
ood_combo,DS03,14,27,LPC_flow_mod,9,1,0,-0,0,0,0,0,0,1,0.0935148592601006,0
ood_combo,DS03,14,28,HPT_eff_mod,1,1,-0.0247884466440313,-0.0249606501591411,0,1,0,1,0,1,0.10157053714606,0
ood_combo,DS03,14,28,fan_eff_mod,2,1,0,-0,0,0,0,0,0,1,0.10157053714606,0
ood_combo,DS03,14,28,fan_flow_mod,3,1,0,-0,0,0,0,0,0,1,0.10157053714606,0
ood_combo,DS03,14,28,HPC_eff_mod,4,1,0,-9.16689306793979e-05,0,0,0,0,0,1,0.10157053714606,0
ood_combo,DS03,14,28,HPC_flow_mod,5,1,0,-0,0,0,0,0,0,1,0.10157053714606,0
ood_combo,DS03,14,28,LPT_eff_mod,6,1,-0.0173436821648441,-0.0117190057415405,0,0,0,0,0,1,0.10157053714606,0
ood_combo,DS03,14,28,LPT_flow_mod,7,1,-0.024201308541545,-0.0142289765128745,0,0,0,0,0,1,0.10157053714606,0
ood_combo,DS03,14,28,LPC_eff_mod,8,1,0,-0.000905256053192772,0,0,0,0,0,1,0.10157053714606,0
ood_combo,DS03,14,28,LPC_flow_mod,9,1,0,-0,0,0,0,0,0,1,0.10157053714606,0
ood_combo,DS03,14,29,HPT_eff_mod,1,1,-0.0340447687014135,-0.0249606501591411,0,1,0,1,0,1,0.13635740426957,0
ood_combo,DS03,14,29,fan_eff_mod,2,1,0,-0,0,0,0,0,0,1,0.13635740426957,0
ood_combo,DS03,14,29,fan_flow_mod,3,1,0,-0,0,0,0,0,0,1,0.13635740426957,0
ood_combo,DS03,14,29,HPC_eff_mod,4,1,0,-9.16689306793979e-05,0,0,0,0,0,1,0.13635740426957,0
ood_combo,DS03,14,29,HPC_flow_mod,5,1,0,-0,0,0,0,0,0,1,0.13635740426957,0
ood_combo,DS03,14,29,LPT_eff_mod,6,1,-0.0114136253186159,-0.0117190057415405,0,0,0,0,0,1,0.13635740426957,0
ood_combo,DS03,14,29,LPT_flow_mod,7,1,-0.0236072379375621,-0.0179952502019129,0,0,0,0,0,1,0.13635740426957,0
ood_combo,DS03,14,29,LPC_eff_mod,8,1,0,-0.000905256053192772,0,0,0,0,0,1,0.13635740426957,0
ood_combo,DS03,14,29,LPC_flow_mod,9,1,0,-0,0,0,0,0,0,1,0.13635740426957,0
ood_combo,DS03,14,30,HPT_eff_mod,1,1,-0.018016211190378,-0.0249606501591411,0,1,0,1,0,1,0.0831465469943969,0
ood_combo,DS03,14,30,fan_eff_mod,2,1,0,-0,0,0,0,0,0,1,0.0831465469943969,0
ood_combo,DS03,14,30,fan_flow_mod,3,1,0,-0,0,0,0,0,0,1,0.0831465469943969,0
ood_combo,DS03,14,30,HPC_eff_mod,4,1,0,-9.16689306793979e-05,0,0,0,0,0,1,0.0831465469943969,0
ood_combo,DS03,14,30,HPC_flow_mod,5,1,0,-0,0,0,0,0,0,1,0.0831465469943969,0
ood_combo,DS03,14,30,LPT_eff_mod,6,1,-0.0121152939508643,-0.0117190057415405,0,0,0,0,0,1,0.0831465469943969,0
ood_combo,DS03,14,30,LPT_flow_mod,7,1,-0.0244134004069935,-0.0179952502019129,0,0,0,0,0,1,0.0831465469943969,0
ood_combo,DS03,14,30,LPC_eff_mod,8,1,0,-0.000905256053192772,0,0,0,0,0,1,0.0831465469943969,0
ood_combo,DS03,14,30,LPC_flow_mod,9,1,0,-0,0,0,0,0,0,1,0.0831465469943969,0
ood_combo,DS03,14,31,HPT_eff_mod,1,1,-0.0290705690569604,-0.0249606501591411,0,1,0,1,0,1,0.0924050776114592,0
ood_combo,DS03,14,31,fan_eff_mod,2,1,0,-0,0,0,0,0,0,1,0.0924050776114592,0
ood_combo,DS03,14,31,fan_flow_mod,3,1,0,-0,0,0,0,0,0,1,0.0924050776114592,0
ood_combo,DS03,14,31,HPC_eff_mod,4,1,0,-9.16689306793979e-05,0,0,0,0,0,1,0.0924050776114592,0
ood_combo,DS03,14,31,HPC_flow_mod,5,1,0,-0,0,0,0,0,0,1,0.0924050776114592,0
ood_combo,DS03,14,31,LPT_eff_mod,6,1,-0.0132902339826358,-0.0120871671256477,0,0,0,0,0,1,0.0924050776114592,0
ood_combo,DS03,14,31,LPT_flow_mod,7,1,-0.025184129480623,-0.0179952502019129,0,0,0,0,0,1,0.0924050776114592,0
ood_combo,DS03,14,31,LPC_eff_mod,8,1,0,-0.000905256053192772,0,0,0,0,0,1,0.0924050776114592,0
ood_combo,DS03,14,31,LPC_flow_mod,9,1,0,-0,0,0,0,0,0,1,0.0924050776114592,0
ood_combo,DS03,14,32,HPT_eff_mod,1,1,-0.0269631532484791,-0.0249606501591411,0,1,0,1,0,1,0.108882701908104,0
ood_combo,DS03,14,32,fan_eff_mod,2,1,0,-0,0,0,0,0,0,1,0.108882701908104,0
ood_combo,DS03,14,32,fan_flow_mod,3,1,0,-0,0,0,0,0,0,1,0.108882701908104,0
ood_combo,DS03,14,32,HPC_eff_mod,4,1,0,-9.16689306793979e-05,0,0,0,0,0,1,0.108882701908104,0
ood_combo,DS03,14,32,HPC_flow_mod,5,1,0,-0,0,0,0,0,0,1,0.108882701908104,0
ood_combo,DS03,14,32,LPT_eff_mod,6,1,-0.0160913365050784,-0.0120871671256477,0,0,0,0,0,1,0.108882701908104,0
ood_combo,DS03,14,32,LPT_flow_mod,7,1,-0.016352864947632,-0.0179952502019129,0,0,0,0,0,1,0.108882701908104,0
ood_combo,DS03,14,32,LPC_eff_mod,8,1,0,-0.000905256053192772,0,0,0,0,0,1,0.108882701908104,0
ood_combo,DS03,14,32,LPC_flow_mod,9,1,0,-0,0,0,0,0,0,1,0.108882701908104,0
ood_combo,DS03,14,33,HPT_eff_mod,1,1,-0.0240140121682503,-0.0266560674781511,0,1,0,1,0,1,0.0737747685926539,0
ood_combo,DS03,14,33,fan_eff_mod,2,1,0,-0,0,0,0,0,0,1,0.0737747685926539,0
ood_combo,DS03,14,33,fan_flow_mod,3,1,0,-0,0,0,0,0,0,1,0.0737747685926539,0
ood_combo,DS03,14,33,HPC_eff_mod,4,1,0,-9.16689306793979e-05,0,0,0,0,0,1,0.0737747685926539,0
ood_combo,DS03,14,33,HPC_flow_mod,5,1,0,-0,0,0,0,0,0,1,0.0737747685926539,0
ood_combo,DS03,14,33,LPT_eff_mod,6,1,-0.0188211550591097,-0.0141279520068596,0,0,0,0,0,1,0.0737747685926539,0
ood_combo,DS03,14,33,LPT_flow_mod,7,1,-0.0254653638491842,-0.0179952502019129,0,0,0,0,0,1,0.0737747685926539,0
ood_combo,DS03,14,33,LPC_eff_mod,8,1,0,-0.000905256053192772,0,0,0,0,0,1,0.0737747685926539,0
ood_combo,DS03,14,33,LPC_flow_mod,9,1,0,-0,0,0,0,0,0,1,0.0737747685926539,0
ood_combo,DS03,14,34,HPT_eff_mod,1,1,-0.0359969902211601,-0.0281593543023955,0,1,0,1,0,1,0.0865477394158299,0
ood_combo,DS03,14,34,fan_eff_mod,2,1,0,-0,0,0,0,0,0,1,0.0865477394158299,0
ood_combo,DS03,14,34,fan_flow_mod,3,1,0,-0,0,0,0,0,0,1,0.0865477394158299,0
ood_combo,DS03,14,34,HPC_eff_mod,4,1,0,-9.16689306793979e-05,0,0,0,0,0,1,0.0865477394158299,0
ood_combo,DS03,14,34,HPC_flow_mod,5,1,0,-0,0,0,0,0,0,1,0.0865477394158299,0
ood_combo,DS03,14,34,LPT_eff_mod,6,1,-0.021275570384373,-0.0141279520068596,0,0,0,0,0,1,0.0865477394158299,0
ood_combo,DS03,14,34,LPT_flow_mod,7,1,-0.0220800007029,-0.0179952502019129,0,0,0,0,0,1,0.0865477394158299,0
ood_combo,DS03,14,34,LPC_eff_mod,8,1,0,-0.000905256053192772,0,0,0,0,0,1,0.0865477394158299,0
ood_combo,DS03,14,34,LPC_flow_mod,9,1,0,-0,0,0,0,0,0,1,0.0865477394158299,0
ood_combo,DS03,14,35,HPT_eff_mod,1,1,-0.0264064026298648,-0.0281593543023955,0,1,0,1,0,1,0.0751258879789344,0
ood_combo,DS03,14,35,fan_eff_mod,2,1,0,-0,0,0,0,0,0,1,0.0751258879789344,0
ood_combo,DS03,14,35,fan_flow_mod,3,1,0,-0,0,0,0,0,0,1,0.0751258879789344,0
ood_combo,DS03,14,35,HPC_eff_mod,4,1,0,-9.16689306793979e-05,0,0,0,0,0,1,0.0751258879789344,0
ood_combo,DS03,14,35,HPC_flow_mod,5,1,0,-0,0,0,0,0,0,1,0.0751258879789344,0
ood_combo,DS03,14,35,LPT_eff_mod,6,1,-0.0150719967152439,-0.0141279520068596,0,0,0,0,0,1,0.0751258879789344,0
ood_combo,DS03,14,35,LPT_flow_mod,7,1,-0.0213335377206534,-0.0179952502019129,0,0,0,0,0,1,0.0751258879789344,0
ood_combo,DS03,14,35,LPC_eff_mod,8,1,0,-0.000905256053192772,0,0,0,0,0,1,0.0751258879789344,0
ood_combo,DS03,14,35,LPC_flow_mod,9,1,0,-0,0,0,0,0,0,1,0.0751258879789344,0
ood_combo,DS03,14,36,HPT_eff_mod,1,0,-0.0225301667120552,-0.0281593543023955,1,1,1,1,1,1,0.0516840907758469,0
ood_combo,DS03,14,36,fan_eff_mod,2,0,0,-0,0,0,0,0,1,1,0.0516840907758469,0
ood_combo,DS03,14,36,fan_flow_mod,3,0,0,-0,0,0,0,0,1,1,0.0516840907758469,0
ood_combo,DS03,14,36,HPC_eff_mod,4,0,0,-9.16689306793979e-05,0,0,0,0,1,1,0.0516840907758469,0
ood_combo,DS03,14,36,HPC_flow_mod,5,0,0,-0,0,0,0,0,1,1,0.0516840907758469,0
ood_combo,DS03,14,36,LPT_eff_mod,6,0,-0.0200052492130701,-0.0141279520068596,1,0,1,0,1,1,0.0516840907758469,0
ood_combo,DS03,14,36,LPT_flow_mod,7,0,-0.028147629306861,-0.0179952502019129,1,0,1,0,1,1,0.0516840907758469,0
ood_combo,DS03,14,36,LPC_eff_mod,8,0,0,-0.000905256053192772,0,0,0,0,1,1,0.0516840907758469,0
ood_combo,DS03,14,36,LPC_flow_mod,9,0,0,-0,0,0,0,0,1,1,0.0516840907758469,0
ood_combo,DS03,14,37,HPT_eff_mod,1,0,-0.0268669817111178,-0.0288834704127055,1,1,1,1,2,1,0.0579392689486285,0
ood_combo,DS03,14,37,fan_eff_mod,2,0,0,-0,0,0,0,0,2,1,0.0579392689486285,0
ood_combo,DS03,14,37,fan_flow_mod,3,0,0,-0,0,0,0,0,2,1,0.0579392689486285,0
ood_combo,DS03,14,37,HPC_eff_mod,4,0,0,-0.00450736755169548,0,0,0,0,2,1,0.0579392689486285,0
ood_combo,DS03,14,37,HPC_flow_mod,5,0,0,-0,0,0,0,0,2,1,0.0579392689486285,0
ood_combo,DS03,14,37,LPT_eff_mod,6,0,-0.0231622797711913,-0.0141279520068596,1,0,1,0,2,1,0.0579392689486285,0
ood_combo,DS03,14,37,LPT_flow_mod,7,0,-0.0309375891310646,-0.0179952502019129,1,0,2,0,2,1,0.0579392689486285,0
ood_combo,DS03,14,37,LPC_eff_mod,8,0,0,-0.000905256053192772,0,0,0,0,2,1,0.0579392689486285,0
ood_combo,DS03,14,37,LPC_flow_mod,9,0,0,-0,0,0,0,0,2,1,0.0579392689486285,0
ood_combo,DS03,14,38,HPT_eff_mod,1,0,-0.0365352335233087,-0.0288834704127055,1,1,2,1,2,1,0.0593685226131259,0
ood_combo,DS03,14,38,fan_eff_mod,2,0,0,-0,0,0,0,0,2,1,0.0593685226131259,0
ood_combo,DS03,14,38,fan_flow_mod,3,0,0,-0,0,0,0,0,2,1,0.0593685226131259,0
ood_combo,DS03,14,38,HPC_eff_mod,4,0,0,-0.00450736755169548,0,0,0,0,2,1,0.0593685226131259,0
ood_combo,DS03,14,38,HPC_flow_mod,5,0,0,-0,0,0,0,0,2,1,0.0593685226131259,0
ood_combo,DS03,14,38,LPT_eff_mod,6,0,-0.0258217993413579,-0.019952320648967,1,0,1,0,2,1,0.0593685226131259,0
ood_combo,DS03,14,38,LPT_flow_mod,7,0,-0.0164206153406876,-0.0179952502019129,1,0,2,0,2,1,0.0593685226131259,0
ood_combo,DS03,14,38,LPC_eff_mod,8,0,0,-0.000905256053192772,0,0,0,0,2,1,0.0593685226131259,0
ood_combo,DS03,14,38,LPC_flow_mod,9,0,0,-0,0,0,0,0,2,1,0.0593685226131259,0
ood_combo,DS03,14,39,HPT_eff_mod,1,0,-0.0315614334354128,-0.0306623365422503,1,1,2,2,2,2,0.100861389765112,0
ood_combo,DS03,14,39,fan_eff_mod,2,0,0,-0,0,0,0,0,2,2,0.100861389765112,0
ood_combo,DS03,14,39,fan_flow_mod,3,0,0,-0,0,0,0,0,2,2,0.100861389765112,0
ood_combo,DS03,14,39,HPC_eff_mod,4,0,0,-0.00450736755169548,0,0,0,0,2,2,0.100861389765112,0
ood_combo,DS03,14,39,HPC_flow_mod,5,0,0,-0,0,0,0,0,2,2,0.100861389765112,0
ood_combo,DS03,14,39,LPT_eff_mod,6,0,-0.0246824735205766,-0.019952320648967,1,0,1,0,2,2,0.100861389765112,0
ood_combo,DS03,14,39,LPT_flow_mod,7,0,-0.0258680855647998,-0.0179952502019129,1,0,2,0,2,2,0.100861389765112,0
ood_combo,DS03,14,39,LPC_eff_mod,8,0,0,-0.000905256053192772,0,0,0,0,2,2,0.100861389765112,0
ood_combo,DS03,14,39,LPC_flow_mod,9,0,0,-0,0,0,0,0,2,2,0.100861389765112,0
ood_combo,DS03,14,40,HPT_eff_mod,1,0,-0.0331335360309683,-0.0306623365422503,1,1,2,2,2,2,0.0976167753073073,0
ood_combo,DS03,14,40,fan_eff_mod,2,0,0,-0,0,0,0,0,2,2,0.0976167753073073,0
ood_combo,DS03,14,40,fan_flow_mod,3,0,0,-0,0,0,0,0,2,2,0.0976167753073073,0
ood_combo,DS03,14,40,HPC_eff_mod,4,0,0,-0.00450736755169548,0,0,0,0,2,2,0.0976167753073073,0
ood_combo,DS03,14,40,HPC_flow_mod,5,0,0,-0,0,0,0,0,2,2,0.0976167753073073,0
ood_combo,DS03,14,40,LPT_eff_mod,6,0,-0.0183521971713587,-0.019952320648967,1,0,1,0,2,2,0.0976167753073073,0
ood_combo,DS03,14,40,LPT_flow_mod,7,0,-0.0383667307726007,-0.0242456737960488,1,0,2,0,2,2,0.0976167753073073,0
ood_combo,DS03,14,40,LPC_eff_mod,8,0,0,-0.000905256053192772,0,0,0,0,2,2,0.0976167753073073,0
ood_combo,DS03,14,40,LPC_flow_mod,9,0,0,-0,0,0,0,0,2,2,0.0976167753073073,0
ood_combo,DS03,14,41,HPT_eff_mod,1,0,-0.037775025451985,-0.0397343317428706,1,1,2,2,2,2,0.0727297993391467,0
ood_combo,DS03,14,41,fan_eff_mod,2,0,0,-0,0,0,0,0,2,2,0.0727297993391467,0
ood_combo,DS03,14,41,fan_flow_mod,3,0,0,-0,0,0,0,0,2,2,0.0727297993391467,0
ood_combo,DS03,14,41,HPC_eff_mod,4,0,0,-0.00450736755169548,0,0,0,0,2,2,0.0727297993391467,0
ood_combo,DS03,14,41,HPC_flow_mod,5,0,0,-0,0,0,0,0,2,2,0.0727297993391467,0
ood_combo,DS03,14,41,LPT_eff_mod,6,0,-0.0289413927640277,-0.019952320648967,1,0,1,0,2,2,0.0727297993391467,0
ood_combo,DS03,14,41,LPT_flow_mod,7,0,-0.0429151739003392,-0.0274079707718281,1,0,2,0,2,2,0.0727297993391467,0
ood_combo,DS03,14,41,LPC_eff_mod,8,0,0,-0.000905256053192772,0,0,0,0,2,2,0.0727297993391467,0
ood_combo,DS03,14,41,LPC_flow_mod,9,0,0,-0,0,0,0,0,2,2,0.0727297993391467,0
ood_combo,DS03,14,42,HPT_eff_mod,1,0,-0.0375806204666042,-0.0397343317428706,1,1,2,2,2,2,0.0592208687542986,0
ood_combo,DS03,14,42,fan_eff_mod,2,0,0,-0,0,0,0,0,2,2,0.0592208687542986,0
ood_combo,DS03,14,42,fan_flow_mod,3,0,0,-0,0,0,0,0,2,2,0.0592208687542986,0
ood_combo,DS03,14,42,HPC_eff_mod,4,0,0,-0.00450736755169548,0,0,0,0,2,2,0.0592208687542986,0
ood_combo,DS03,14,42,HPC_flow_mod,5,0,0,-0,0,0,0,0,2,2,0.0592208687542986,0
ood_combo,DS03,14,42,LPT_eff_mod,6,0,-0.0277252059349306,-0.0212222018365156,1,1,1,1,2,2,0.0592208687542986,0
ood_combo,DS03,14,42,LPT_flow_mod,7,0,-0.0408584352643653,-0.0274079707718281,1,0,2,0,2,2,0.0592208687542986,0
ood_combo,DS03,14,42,LPC_eff_mod,8,0,0,-0.000905256053192772,0,0,0,0,2,2,0.0592208687542986,0
ood_combo,DS03,14,42,LPC_flow_mod,9,0,0,-0,0,0,0,0,2,2,0.0592208687542986,0
ood_combo,DS03,14,43,HPT_eff_mod,1,0,-0.0366178577926868,-0.0397343317428706,1,1,2,2,2,2,0.145743662261153,0
ood_combo,DS03,14,43,fan_eff_mod,2,0,0,-0,0,0,0,0,2,2,0.145743662261153,0
ood_combo,DS03,14,43,fan_flow_mod,3,0,0,-0,0,0,0,0,2,2,0.145743662261153,0
ood_combo,DS03,14,43,HPC_eff_mod,4,0,0,-0.00450736755169548,0,0,0,0,2,2,0.145743662261153,0
ood_combo,DS03,14,43,HPC_flow_mod,5,0,0,-0,0,0,0,0,2,2,0.145743662261153,0
ood_combo,DS03,14,43,LPT_eff_mod,6,0,-0.0304394793481256,-0.0252742101036286,1,1,2,1,2,2,0.145743662261153,0
ood_combo,DS03,14,43,LPT_flow_mod,7,0,-0.041259934437786,-0.0274079707718281,1,0,2,0,2,2,0.145743662261153,0
ood_combo,DS03,14,43,LPC_eff_mod,8,0,0,-0.000905256053192772,0,0,0,0,2,2,0.145743662261153,0
ood_combo,DS03,14,43,LPC_flow_mod,9,0,0,-0,0,0,0,0,2,2,0.145743662261153,0
ood_combo,DS03,14,44,HPT_eff_mod,1,0,-0.0372751436011408,-0.0397343317428706,1,1,2,2,2,2,0.0592757263775714,0
ood_combo,DS03,14,44,fan_eff_mod,2,0,0,-0,0,0,0,0,2,2,0.0592757263775714,0
ood_combo,DS03,14,44,fan_flow_mod,3,0,0,-0,0,0,0,0,2,2,0.0592757263775714,0
ood_combo,DS03,14,44,HPC_eff_mod,4,0,0,-0.00450736755169548,0,0,0,0,2,2,0.0592757263775714,0
ood_combo,DS03,14,44,HPC_flow_mod,5,0,0,-0,0,0,0,0,2,2,0.0592757263775714,0
ood_combo,DS03,14,44,LPT_eff_mod,6,0,-0.0336051368789885,-0.0252742101036286,1,1,2,1,2,2,0.0592757263775714,0
ood_combo,DS03,14,44,LPT_flow_mod,7,0,-0.040923862414354,-0.0274079707718281,1,1,2,1,2,2,0.0592757263775714,0
ood_combo,DS03,14,44,LPC_eff_mod,8,0,0,-0.000905256053192772,0,0,0,0,2,2,0.0592757263775714,0
ood_combo,DS03,14,44,LPC_flow_mod,9,0,0,-0,0,0,0,0,2,2,0.0592757263775714,0
ood_combo,DS03,14,45,HPT_eff_mod,1,0,-0.0507085022507364,-0.0553528484969484,1,1,2,2,2,2,0.149842856048155,0
ood_combo,DS03,14,45,fan_eff_mod,2,0,0,-0,0,0,0,0,2,2,0.149842856048155,0
ood_combo,DS03,14,45,fan_flow_mod,3,0,0,-0,0,0,0,0,2,2,0.149842856048155,0
ood_combo,DS03,14,45,HPC_eff_mod,4,0,0,-0.00450736755169548,0,0,0,0,2,2,0.149842856048155,0
ood_combo,DS03,14,45,HPC_flow_mod,5,0,0,-0,0,0,0,0,2,2,0.149842856048155,0
ood_combo,DS03,14,45,LPT_eff_mod,6,0,-0.0317247068055857,-0.0252742101036286,1,1,2,1,2,2,0.149842856048155,0
ood_combo,DS03,14,45,LPT_flow_mod,7,0,-0.04510669516671,-0.0274079707718281,1,1,2,1,2,2,0.149842856048155,0
ood_combo,DS03,14,45,LPC_eff_mod,8,0,0,-0.000905256053192772,0,0,0,0,2,2,0.149842856048155,0
ood_combo,DS03,14,45,LPC_flow_mod,9,0,0,-0,0,0,0,0,2,2,0.149842856048155,0
ood_combo,DS03,14,46,HPT_eff_mod,1,0,-0.0527508056503882,-0.0646306779465533,1,1,2,2,2,2,0.0694237020477275,0
ood_combo,DS03,14,46,fan_eff_mod,2,0,0,-0,0,0,0,0,2,2,0.0694237020477275,0
ood_combo,DS03,14,46,fan_flow_mod,3,0,0,-0,0,0,0,0,2,2,0.0694237020477275,0
ood_combo,DS03,14,46,HPC_eff_mod,4,0,0,-0.00450736755169548,0,0,0,0,2,2,0.0694237020477275,0
ood_combo,DS03,14,46,HPC_flow_mod,5,0,0,-0,0,0,0,0,2,2,0.0694237020477275,0
ood_combo,DS03,14,46,LPT_eff_mod,6,0,-0.0365351300883944,-0.0252742101036286,1,1,2,1,2,2,0.0694237020477275,0
ood_combo,DS03,14,46,LPT_flow_mod,7,0,-0.0570647196714271,-0.0276651286691964,1,1,2,1,2,2,0.0694237020477275,0
ood_combo,DS03,14,46,LPC_eff_mod,8,0,0,-0.000905256053192772,0,0,0,0,2,2,0.0694237020477275,0
ood_combo,DS03,14,46,LPC_flow_mod,9,0,0,-0,0,0,0,0,2,2,0.0694237020477275,0
ood_combo,DS03,14,47,HPT_eff_mod,1,0,-0.0545773574926493,-0.064702990377928,1,1,2,2,2,2,0.259108854409611,0
ood_combo,DS03,14,47,fan_eff_mod,2,0,0,-0,0,0,0,0,2,2,0.259108854409611,0
ood_combo,DS03,14,47,fan_flow_mod,3,0,0,-0,0,0,0,0,2,2,0.259108854409611,0
ood_combo,DS03,14,47,HPC_eff_mod,4,0,0,-0.00497296222045499,0,0,0,0,2,2,0.259108854409611,0
ood_combo,DS03,14,47,HPC_flow_mod,5,0,0,-0,0,0,0,0,2,2,0.259108854409611,0
ood_combo,DS03,14,47,LPT_eff_mod,6,0,-0.0406812743245388,-0.0346132659921867,1,1,2,2,2,2,0.259108854409611,0
ood_combo,DS03,14,47,LPT_flow_mod,7,0,-0.0554272905108078,-0.0276651286691964,1,1,2,1,2,2,0.259108854409611,0
ood_combo,DS03,14,47,LPC_eff_mod,8,0,0,-0.000905256053192772,0,0,0,0,2,2,0.259108854409611,0
ood_combo,DS03,14,47,LPC_flow_mod,9,0,0,-0,0,0,0,0,2,2,0.259108854409611,0
ood_combo,DS03,14,48,HPT_eff_mod,1,0,-0.0589859989617467,-0.064702990377928,1,1,2,2,2,2,0.0919884410468379,0
ood_combo,DS03,14,48,fan_eff_mod,2,0,0,-0,0,0,0,0,2,2,0.0919884410468379,0
ood_combo,DS03,14,48,fan_flow_mod,3,0,0,-0,0,0,0,0,2,2,0.0919884410468379,0
ood_combo,DS03,14,48,HPC_eff_mod,4,0,0,-0.00497296222045499,0,0,0,0,2,2,0.0919884410468379,0
ood_combo,DS03,14,48,HPC_flow_mod,5,0,0,-0,0,0,0,0,2,2,0.0919884410468379,0
ood_combo,DS03,14,48,LPT_eff_mod,6,0,-0.0410649725270608,-0.0346132659921867,1,1,2,2,2,2,0.0919884410468379,0
ood_combo,DS03,14,48,LPT_flow_mod,7,0,-0.0544340901582139,-0.0345771423270878,1,1,2,2,2,2,0.0919884410468379,0
ood_combo,DS03,14,48,LPC_eff_mod,8,0,0,-0.000905256053192772,0,0,0,0,2,2,0.0919884410468379,0
ood_combo,DS03,14,48,LPC_flow_mod,9,0,0,-0,0,0,0,0,2,2,0.0919884410468379,0
ood_combo,DS03,14,49,HPT_eff_mod,1,0,-0.0696519450559459,-0.064702990377928,1,1,2,2,2,2,0.0787580470501588,0
ood_combo,DS03,14,49,fan_eff_mod,2,0,0,-0,0,0,0,0,2,2,0.0787580470501588,0
ood_combo,DS03,14,49,fan_flow_mod,3,0,0,-0,0,0,0,0,2,2,0.0787580470501588,0
ood_combo,DS03,14,49,HPC_eff_mod,4,0,0,-0.00497296222045499,0,0,0,0,2,2,0.0787580470501588,0
ood_combo,DS03,14,49,HPC_flow_mod,5,0,0,-0,0,0,0,0,2,2,0.0787580470501588,0
ood_combo,DS03,14,49,LPT_eff_mod,6,0,-0.0406737055847806,-0.0346132659921867,1,1,2,2,2,2,0.0787580470501588,0
ood_combo,DS03,14,49,LPT_flow_mod,7,0,-0.0612599144194802,-0.0513224222431902,1,1,2,2,2,2,0.0787580470501588,0
ood_combo,DS03,14,49,LPC_eff_mod,8,0,0,-0.000905256053192772,0,0,0,0,2,2,0.0787580470501588,0
ood_combo,DS03,14,49,LPC_flow_mod,9,0,0,-0,0,0,0,0,2,2,0.0787580470501588,0
ood_combo,DS03,14,50,HPT_eff_mod,1,0,-0.0675063975996522,-0.064702990377928,1,1,2,2,2,2,0.145122047139715,0
ood_combo,DS03,14,50,fan_eff_mod,2,0,0,-0,0,0,0,0,2,2,0.145122047139715,0
ood_combo,DS03,14,50,fan_flow_mod,3,0,0,-0,0,0,0,0,2,2,0.145122047139715,0
ood_combo,DS03,14,50,HPC_eff_mod,4,0,0,-0.00497296222045499,0,0,0,0,2,2,0.145122047139715,0
ood_combo,DS03,14,50,HPC_flow_mod,5,0,0,-0,0,0,0,0,2,2,0.145122047139715,0
ood_combo,DS03,14,50,LPT_eff_mod,6,0,-0.0407176645298883,-0.0346132659921867,1,1,2,2,2,2,0.145122047139715,0
ood_combo,DS03,14,50,LPT_flow_mod,7,0,-0.0721895664082118,-0.0561958612257669,1,1,2,2,2,2,0.145122047139715,0
ood_combo,DS03,14,50,LPC_eff_mod,8,0,0,-0.000905256053192772,0,0,0,0,2,2,0.145122047139715,0
ood_combo,DS03,14,50,LPC_flow_mod,9,0,0,-0,0,0,0,0,2,2,0.145122047139715,0
ood_combo,DS03,14,51,HPT_eff_mod,1,0,-0.071609155637052,-0.064702990377928,1,1,2,2,2,2,0.112124113679474,0
ood_combo,DS03,14,51,fan_eff_mod,2,0,0,-0,0,0,0,0,2,2,0.112124113679474,0
ood_combo,DS03,14,51,fan_flow_mod,3,0,0,-0,0,0,0,0,2,2,0.112124113679474,0
ood_combo,DS03,14,51,HPC_eff_mod,4,0,0,-0.00497296222045499,0,0,0,0,2,2,0.112124113679474,0
ood_combo,DS03,14,51,HPC_flow_mod,5,0,0,-0,0,0,0,0,2,2,0.112124113679474,0
ood_combo,DS03,14,51,LPT_eff_mod,6,0,-0.0442509654485663,-0.0346132659921867,1,1,2,2,2,2,0.112124113679474,0
ood_combo,DS03,14,51,LPT_flow_mod,7,0,-0.0823199298240301,-0.0660431454551582,1,1,2,2,2,2,0.112124113679474,0
ood_combo,DS03,14,51,LPC_eff_mod,8,0,0,-0.000905256053192772,0,0,0,0,2,2,0.112124113679474,0
ood_combo,DS03,14,51,LPC_flow_mod,9,0,0,-0,0,0,0,0,2,2,0.112124113679474,0
ood_combo,DS03,14,52,HPT_eff_mod,1,0,-0.0754286078943318,-0.0756575560727972,1,1,2,2,2,2,0.136101482397482,0
ood_combo,DS03,14,52,fan_eff_mod,2,0,0,-0,0,0,0,0,2,2,0.136101482397482,0
ood_combo,DS03,14,52,fan_flow_mod,3,0,0,-0,0,0,0,0,2,2,0.136101482397482,0
ood_combo,DS03,14,52,HPC_eff_mod,4,0,0,-0.00497296222045499,0,0,0,0,2,2,0.136101482397482,0
ood_combo,DS03,14,52,HPC_flow_mod,5,0,0,-0,0,0,0,0,2,2,0.136101482397482,0
ood_combo,DS03,14,52,LPT_eff_mod,6,0,-0.049268902196356,-0.0346132659921867,1,1,2,2,2,2,0.136101482397482,0
ood_combo,DS03,14,52,LPT_flow_mod,7,0,-0.0883488596017851,-0.0660431454551582,1,1,2,2,2,2,0.136101482397482,0
ood_combo,DS03,14,52,LPC_eff_mod,8,0,0,-0.000905256053192772,0,0,0,0,2,2,0.136101482397482,0
ood_combo,DS03,14,52,LPC_flow_mod,9,0,0,-0,0,0,0,0,2,2,0.136101482397482,0
ood_combo,DS03,14,53,HPT_eff_mod,1,0,-0.0848042495038647,-0.0885806315817714,1,1,2,2,2,2,0.109357317247258,0
ood_combo,DS03,14,53,fan_eff_mod,2,0,0,-0,0,0,0,0,2,2,0.109357317247258,0
ood_combo,DS03,14,53,fan_flow_mod,3,0,0,-0,0,0,0,0,2,2,0.109357317247258,0
ood_combo,DS03,14,53,HPC_eff_mod,4,0,0,-0.00497296222045499,0,0,0,0,2,2,0.109357317247258,0
ood_combo,DS03,14,53,HPC_flow_mod,5,0,0,-0,0,0,0,0,2,2,0.109357317247258,0
ood_combo,DS03,14,53,LPT_eff_mod,6,0,-0.049464418041159,-0.0346132659921867,1,1,2,2,2,2,0.109357317247258,0
ood_combo,DS03,14,53,LPT_flow_mod,7,0,-0.0914453799801314,-0.0698001770028049,1,1,2,2,2,2,0.109357317247258,0
ood_combo,DS03,14,53,LPC_eff_mod,8,0,0,-0.000905256053192772,0,0,0,0,2,2,0.109357317247258,0
ood_combo,DS03,14,53,LPC_flow_mod,9,0,0,-0,0,0,0,0,2,2,0.109357317247258,0
ood_combo,DS03,14,54,HPT_eff_mod,1,0,-0.0891348480407214,-0.0948276992643857,1,1,2,2,2,2,0.0783105541880335,0
ood_combo,DS03,14,54,fan_eff_mod,2,0,0,-0,0,0,0,0,2,2,0.0783105541880335,0
ood_combo,DS03,14,54,fan_flow_mod,3,0,0,-0,0,0,0,0,2,2,0.0783105541880335,0
ood_combo,DS03,14,54,HPC_eff_mod,4,0,0,-0.00692720875986437,0,0,0,0,2,2,0.0783105541880335,0
ood_combo,DS03,14,54,HPC_flow_mod,5,0,0,-0,0,0,0,0,2,2,0.0783105541880335,0
ood_combo,DS03,14,54,LPT_eff_mod,6,0,-0.053376240460904,-0.034992206068975,1,1,2,2,2,2,0.0783105541880335,0
ood_combo,DS03,14,54,LPT_flow_mod,7,0,-0.0955878494934427,-0.0698001770028049,1,1,2,2,2,2,0.0783105541880335,0
ood_combo,DS03,14,54,LPC_eff_mod,8,0,0,-0.000905256053192772,0,0,0,0,2,2,0.0783105541880335,0
ood_combo,DS03,14,54,LPC_flow_mod,9,0,0,-0,0,0,0,0,2,2,0.0783105541880335,0
ood_combo,DS03,14,55,HPT_eff_mod,1,0,-0.0963051273769754,-0.101378840095418,1,1,2,2,2,2,0.12256276572524,0
ood_combo,DS03,14,55,fan_eff_mod,2,0,0,-0,0,0,0,0,2,2,0.12256276572524,0
ood_combo,DS03,14,55,fan_flow_mod,3,0,0,-0,0,0,0,0,2,2,0.12256276572524,0
ood_combo,DS03,14,55,HPC_eff_mod,4,0,0,-0.00906970393924622,0,0,0,0,2,2,0.12256276572524,0
ood_combo,DS03,14,55,HPC_flow_mod,5,0,0,-0,0,0,0,0,2,2,0.12256276572524,0
ood_combo,DS03,14,55,LPT_eff_mod,6,0,-0.0601733647818453,-0.0388724644396948,1,1,2,2,2,2,0.12256276572524,0
ood_combo,DS03,14,55,LPT_flow_mod,7,0,-0.101973636286502,-0.0698001770028049,1,1,2,2,2,2,0.12256276572524,0
ood_combo,DS03,14,55,LPC_eff_mod,8,0,0,-0.000905256053192772,0,0,0,0,2,2,0.12256276572524,0
ood_combo,DS03,14,55,LPC_flow_mod,9,0,0,-0,0,0,0,0,2,2,0.12256276572524,0
ood_combo,DS03,14,56,HPT_eff_mod,1,0,-0.0989868204810321,-0.101378840095418,1,1,2,2,2,2,0.064601473926776,0
ood_combo,DS03,14,56,fan_eff_mod,2,0,0,-0,0,0,0,0,2,2,0.064601473926776,0
ood_combo,DS03,14,56,fan_flow_mod,3,0,0,-0,0,0,0,0,2,2,0.064601473926776,0
ood_combo,DS03,14,56,HPC_eff_mod,4,0,0,-0.00906970393924622,0,0,0,0,2,2,0.064601473926776,0
ood_combo,DS03,14,56,HPC_flow_mod,5,0,0,-0,0,0,0,0,2,2,0.064601473926776,0
ood_combo,DS03,14,56,LPT_eff_mod,6,0,-0.0600057079237669,-0.0388724644396948,1,1,2,2,2,2,0.064601473926776,0
ood_combo,DS03,14,56,LPT_flow_mod,7,0,-0.115856213932594,-0.0907283979912133,1,1,2,2,2,2,0.064601473926776,0
ood_combo,DS03,14,56,LPC_eff_mod,8,0,0,-0.000905256053192772,0,0,0,0,2,2,0.064601473926776,0
ood_combo,DS03,14,56,LPC_flow_mod,9,0,0,-0,0,0,0,0,2,2,0.064601473926776,0
ood_combo,DS03,14,57,HPT_eff_mod,1,0,-0.110164653164181,-0.118065454243572,1,1,2,2,2,2,0.0953877104975114,0
ood_combo,DS03,14,57,fan_eff_mod,2,0,0,-0,0,0,0,0,2,2,0.0953877104975114,0
ood_combo,DS03,14,57,fan_flow_mod,3,0,0,-0,0,0,0,0,2,2,0.0953877104975114,0
ood_combo,DS03,14,57,HPC_eff_mod,4,0,0,-0.00906970393924622,0,0,0,0,2,2,0.0953877104975114,0
ood_combo,DS03,14,57,HPC_flow_mod,5,0,0,-0,0,0,0,0,2,2,0.0953877104975114,0
ood_combo,DS03,14,57,LPT_eff_mod,6,0,-0.0664190471552848,-0.0446612292637598,1,1,2,2,2,2,0.0953877104975114,0
ood_combo,DS03,14,57,LPT_flow_mod,7,0,-0.126364162602827,-0.0907283979912133,1,1,2,2,2,2,0.0953877104975114,0
ood_combo,DS03,14,57,LPC_eff_mod,8,0,0,-0.000905256053192772,0,0,0,0,2,2,0.0953877104975114,0
ood_combo,DS03,14,57,LPC_flow_mod,9,0,0,-0,0,0,0,0,2,2,0.0953877104975114,0
ood_combo,DS03,14,58,HPT_eff_mod,1,0,-0.117254853431807,-0.126961842332558,1,1,2,2,2,2,0.12534112969937,0
ood_combo,DS03,14,58,fan_eff_mod,2,0,0,-0,0,0,0,0,2,2,0.12534112969937,0
ood_combo,DS03,14,58,fan_flow_mod,3,0,0,-0,0,0,0,0,2,2,0.12534112969937,0
ood_combo,DS03,14,58,HPC_eff_mod,4,0,0,-0.0093031882177015,0,0,0,0,2,2,0.12534112969937,0
ood_combo,DS03,14,58,HPC_flow_mod,5,0,0,-0,0,0,0,0,2,2,0.12534112969937,0
ood_combo,DS03,14,58,LPT_eff_mod,6,0,-0.0745426484410134,-0.0534285574573807,1,1,2,2,2,2,0.12534112969937,0
ood_combo,DS03,14,58,LPT_flow_mod,7,0,-0.129786270014708,-0.0907283979912133,1,1,2,2,2,2,0.12534112969937,0
ood_combo,DS03,14,58,LPC_eff_mod,8,0,0,-0.000905256053192772,0,0,0,0,2,2,0.12534112969937,0
ood_combo,DS03,14,58,LPC_flow_mod,9,0,0,-0,0,0,0,0,2,2,0.12534112969937,0
ood_combo,DS03,14,59,HPT_eff_mod,1,0,-0.105633291913312,-0.126961842332558,1,1,2,2,2,2,0.091358678374336,0
ood_combo,DS03,14,59,fan_eff_mod,2,0,0,-0,0,0,0,0,2,2,0.091358678374336,0
ood_combo,DS03,14,59,fan_flow_mod,3,0,0,-0,0,0,0,0,2,2,0.091358678374336,0
ood_combo,DS03,14,59,HPC_eff_mod,4,0,0,-0.0093031882177015,0,0,0,0,2,2,0.091358678374336,0
ood_combo,DS03,14,59,HPC_flow_mod,5,0,0,-0,0,0,0,0,2,2,0.091358678374336,0
ood_combo,DS03,14,59,LPT_eff_mod,6,0,-0.0792865254442208,-0.0564361013346855,1,1,2,2,2,2,0.091358678374336,0
ood_combo,DS03,14,59,LPT_flow_mod,7,0,-0.141360718418368,-0.0907283979912133,1,1,2,2,2,2,0.091358678374336,0
ood_combo,DS03,14,59,LPC_eff_mod,8,0,0,-0.000905256053192772,0,0,0,0,2,2,0.091358678374336,0
ood_combo,DS03,14,59,LPC_flow_mod,9,0,0,-0,0,0,0,0,2,2,0.091358678374336,0
ood_combo,DS03,14,60,HPT_eff_mod,1,0,-0.134831850157438,-0.15839008344645,1,1,2,2,2,2,0.144793840050275,0
ood_combo,DS03,14,60,fan_eff_mod,2,0,0,-0,0,0,0,0,2,2,0.144793840050275,0
ood_combo,DS03,14,60,fan_flow_mod,3,0,0,-0,0,0,0,0,2,2,0.144793840050275,0
ood_combo,DS03,14,60,HPC_eff_mod,4,0,0,-0.0114294681514498,0,0,0,0,2,2,0.144793840050275,0
ood_combo,DS03,14,60,HPC_flow_mod,5,0,0,-0,0,0,0,0,2,2,0.144793840050275,0
ood_combo,DS03,14,60,LPT_eff_mod,6,0,-0.0838783173400433,-0.0570087804174144,1,1,2,2,2,2,0.144793840050275,0
ood_combo,DS03,14,60,LPT_flow_mod,7,0,-0.169149196513923,-0.110282037040008,1,1,2,2,2,2,0.144793840050275,0
ood_combo,DS03,14,60,LPC_eff_mod,8,0,0,-0.000905256053192772,0,0,0,0,2,2,0.144793840050275,0
ood_combo,DS03,14,60,LPC_flow_mod,9,0,0,-0,0,0,0,0,2,2,0.144793840050275,0
ood_combo,DS03,14,61,HPT_eff_mod,1,0,-0.142169490820523,-0.15839008344645,1,1,2,2,2,2,0.129605521096533,0
ood_combo,DS03,14,61,fan_eff_mod,2,0,0,-0,0,0,0,0,2,2,0.129605521096533,0
ood_combo,DS03,14,61,fan_flow_mod,3,0,0,-0,0,0,0,0,2,2,0.129605521096533,0
ood_combo,DS03,14,61,HPC_eff_mod,4,0,0,-0.0114294681514498,0,0,0,0,2,2,0.129605521096533,0
ood_combo,DS03,14,61,HPC_flow_mod,5,0,0,-0,0,0,0,0,2,2,0.129605521096533,0
ood_combo,DS03,14,61,LPT_eff_mod,6,0,-0.090186221728726,-0.0570087804174144,1,1,2,2,2,2,0.129605521096533,0
ood_combo,DS03,14,61,LPT_flow_mod,7,0,-0.176690003526992,-0.116630984020322,1,1,2,2,2,2,0.129605521096533,0
ood_combo,DS03,14,61,LPC_eff_mod,8,0,0,-0.000905256053192772,0,0,0,0,2,2,0.129605521096533,0
ood_combo,DS03,14,61,LPC_flow_mod,9,0,0,-0,0,0,0,0,2,2,0.129605521096533,0
ood_combo,DS03,14,62,HPT_eff_mod,1,0,-0.162287714434393,-0.184995114098274,1,1,2,2,2,2,0.143259280969924,0
ood_combo,DS03,14,62,fan_eff_mod,2,0,0,-0,0,0,0,0,2,2,0.143259280969924,0
ood_combo,DS03,14,62,fan_flow_mod,3,0,0,-0,0,0,0,0,2,2,0.143259280969924,0
ood_combo,DS03,14,62,HPC_eff_mod,4,0,0,-0.0114294681514498,0,0,0,0,2,2,0.143259280969924,0
ood_combo,DS03,14,62,HPC_flow_mod,5,0,0,-0,0,0,0,0,2,2,0.143259280969924,0
ood_combo,DS03,14,62,LPT_eff_mod,6,0,-0.0973333949145443,-0.0671088886906313,1,1,2,2,2,2,0.143259280969924,0
ood_combo,DS03,14,62,LPT_flow_mod,7,0,-0.193118428430609,-0.133323995252463,1,1,2,2,2,2,0.143259280969924,0
ood_combo,DS03,14,62,LPC_eff_mod,8,0,0,-0.000905256053192772,0,0,0,0,2,2,0.143259280969924,0
ood_combo,DS03,14,62,LPC_flow_mod,9,0,0,-0,0,0,0,0,2,2,0.143259280969924,0
ood_combo,DS03,14,63,HPT_eff_mod,1,0,-0.162208638025448,-0.184995114098274,1,1,2,2,2,2,0.158237006403227,0
ood_combo,DS03,14,63,fan_eff_mod,2,0,0,-0,0,0,0,0,2,2,0.158237006403227,0
ood_combo,DS03,14,63,fan_flow_mod,3,0,0,-0,0,0,0,0,2,2,0.158237006403227,0
ood_combo,DS03,14,63,HPC_eff_mod,4,0,0,-0.0114294681514498,0,0,0,0,2,2,0.158237006403227,0
ood_combo,DS03,14,63,HPC_flow_mod,5,0,0,-0,0,0,0,0,2,2,0.158237006403227,0
ood_combo,DS03,14,63,LPT_eff_mod,6,0,-0.100210513480089,-0.0671088886906313,1,1,2,2,2,2,0.158237006403227,0
ood_combo,DS03,14,63,LPT_flow_mod,7,0,-0.205121809463188,-0.135307250050349,1,1,2,2,2,2,0.158237006403227,0
ood_combo,DS03,14,63,LPC_eff_mod,8,0,0,-0.000905256053192772,0,0,0,0,2,2,0.158237006403227,0
ood_combo,DS03,14,63,LPC_flow_mod,9,0,0,-0,0,0,0,0,2,2,0.158237006403227,0
ood_combo,DS03,14,64,HPT_eff_mod,1,0,-0.165228282727751,-0.201000921161088,1,1,2,2,3,2,0.142259455460927,0
ood_combo,DS03,14,64,fan_eff_mod,2,0,0,-0,0,0,0,0,3,2,0.142259455460927,0
ood_combo,DS03,14,64,fan_flow_mod,3,0,0,-0,0,0,0,0,3,2,0.142259455460927,0
ood_combo,DS03,14,64,HPC_eff_mod,4,0,0,-0.017152482207282,0,1,0,1,3,2,0.142259455460927,0
ood_combo,DS03,14,64,HPC_flow_mod,5,0,0,-0,0,0,0,0,3,2,0.142259455460927,0
ood_combo,DS03,14,64,LPT_eff_mod,6,0,-0.109867315442832,-0.0702742490681034,1,1,2,2,3,2,0.142259455460927,0
ood_combo,DS03,14,64,LPT_flow_mod,7,0,-0.225904908888512,-0.148199405285023,1,1,3,2,3,2,0.142259455460927,0
ood_combo,DS03,14,64,LPC_eff_mod,8,0,0,-0.000905256053192772,0,0,0,0,3,2,0.142259455460927,0
ood_combo,DS03,14,64,LPC_flow_mod,9,0,0,-0,0,0,0,0,3,2,0.142259455460927,0
ood_combo,DS03,14,65,HPT_eff_mod,1,0,-0.175253924834673,-0.219510299898859,1,1,2,3,3,3,0.125428132568912,0
ood_combo,DS03,14,65,fan_eff_mod,2,0,0,-0,0,0,0,0,3,3,0.125428132568912,0
ood_combo,DS03,14,65,fan_flow_mod,3,0,0,-0,0,0,0,0,3,3,0.125428132568912,0
ood_combo,DS03,14,65,HPC_eff_mod,4,0,0,-0.0202515507845208,0,1,0,1,3,3,0.125428132568912,0
ood_combo,DS03,14,65,HPC_flow_mod,5,0,0,-0,0,0,0,0,3,3,0.125428132568912,0
ood_combo,DS03,14,65,LPT_eff_mod,6,0,-0.115967633457747,-0.0702742490681034,1,1,2,2,3,3,0.125428132568912,0
ood_combo,DS03,14,65,LPT_flow_mod,7,0,-0.257133226637376,-0.164317654774638,1,1,3,2,3,3,0.125428132568912,0
ood_combo,DS03,14,65,LPC_eff_mod,8,0,0,-0.000905256053192772,0,0,0,0,3,3,0.125428132568912,0
ood_combo,DS03,14,65,LPC_flow_mod,9,0,0,-0,0,0,0,0,3,3,0.125428132568912,0
ood_combo,DS03,14,66,HPT_eff_mod,1,0,-0.19858698332596,-0.251122642020146,1,1,2,3,3,3,0.152070799040263,0
ood_combo,DS03,14,66,fan_eff_mod,2,0,0,-0,0,0,0,0,3,3,0.152070799040263,0
ood_combo,DS03,14,66,fan_flow_mod,3,0,0,-0,0,0,0,0,3,3,0.152070799040263,0
ood_combo,DS03,14,66,HPC_eff_mod,4,0,0,-0.0202515507845208,0,1,0,1,3,3,0.152070799040263,0
ood_combo,DS03,14,66,HPC_flow_mod,5,0,0,-0,0,0,0,0,3,3,0.152070799040263,0
ood_combo,DS03,14,66,LPT_eff_mod,6,0,-0.125285115961829,-0.0709030037972912,1,1,2,2,3,3,0.152070799040263,0
ood_combo,DS03,14,66,LPT_flow_mod,7,0,-0.267538771599546,-0.166388705171985,1,1,3,2,3,3,0.152070799040263,0
ood_combo,DS03,14,66,LPC_eff_mod,8,0,0,-0.000905256053192772,0,0,0,0,3,3,0.152070799040263,0
ood_combo,DS03,14,66,LPC_flow_mod,9,0,0,-0,0,0,0,0,3,3,0.152070799040263,0
ood_combo,DS03,14,67,HPT_eff_mod,1,0,-0.211447375056257,-0.251122642020146,1,1,3,3,3,3,0.162005011721924,0
ood_combo,DS03,14,67,fan_eff_mod,2,0,0,-0,0,0,0,0,3,3,0.162005011721924,0
ood_combo,DS03,14,67,fan_flow_mod,3,0,0,-0,0,0,0,0,3,3,0.162005011721924,0
ood_combo,DS03,14,67,HPC_eff_mod,4,0,0,-0.0290280362651367,0,1,0,1,3,3,0.162005011721924,0
ood_combo,DS03,14,67,HPC_flow_mod,5,0,0,-0,0,0,0,0,3,3,0.162005011721924,0
ood_combo,DS03,14,67,LPT_eff_mod,6,0,-0.130589719737373,-0.0709030037972912,1,1,2,2,3,3,0.162005011721924,0
ood_combo,DS03,14,67,LPT_flow_mod,7,0,-0.300312947827186,-0.199436498253917,1,1,3,2,3,3,0.162005011721924,0
ood_combo,DS03,14,67,LPC_eff_mod,8,0,0,-0.000905256053192772,0,0,0,0,3,3,0.162005011721924,0
ood_combo,DS03,14,67,LPC_flow_mod,9,0,0,-0,0,0,0,0,3,3,0.162005011721924,0
ood_combo,DS03,14,68,HPT_eff_mod,1,0,-0.214195165152019,-0.273799451530667,1,1,3,3,3,3,0.271435293616707,0
ood_combo,DS03,14,68,fan_eff_mod,2,0,0,-0,0,0,0,0,3,3,0.271435293616707,0
ood_combo,DS03,14,68,fan_flow_mod,3,0,0,-0,0,0,0,0,3,3,0.271435293616707,0
ood_combo,DS03,14,68,HPC_eff_mod,4,0,0,-0.0290280362651367,0,1,0,1,3,3,0.271435293616707,0
ood_combo,DS03,14,68,HPC_flow_mod,5,0,0,-0,0,0,0,0,3,3,0.271435293616707,0
ood_combo,DS03,14,68,LPT_eff_mod,6,0,-0.144030624430443,-0.0941762263237104,1,1,2,2,3,3,0.271435293616707,0
ood_combo,DS03,14,68,LPT_flow_mod,7,0,-0.323089940079374,-0.199436498253917,1,1,3,2,3,3,0.271435293616707,0
ood_combo,DS03,14,68,LPC_eff_mod,8,0,0,-0.000905256053192772,0,0,0,0,3,3,0.271435293616707,0
ood_combo,DS03,14,68,LPC_flow_mod,9,0,0,-0,0,0,0,0,3,3,0.271435293616707,0
ood_combo,DS03,14,69,HPT_eff_mod,1,0,-0.245833081628698,-0.297860568053171,1,1,3,3,3,3,0.136133892138181,0
ood_combo,DS03,14,69,fan_eff_mod,2,0,0,-0,0,0,0,0,3,3,0.136133892138181,0
ood_combo,DS03,14,69,fan_flow_mod,3,0,0,-0.00248244661541714,0,0,0,0,3,3,0.136133892138181,0
ood_combo,DS03,14,69,HPC_eff_mod,4,0,0,-0.0313627504984038,0,1,0,2,3,3,0.136133892138181,0
ood_combo,DS03,14,69,HPC_flow_mod,5,0,0,-0,0,0,0,0,3,3,0.136133892138181,0
ood_combo,DS03,14,69,LPT_eff_mod,6,0,-0.149319553364963,-0.0941762263237104,1,1,2,2,3,3,0.136133892138181,0
ood_combo,DS03,14,69,LPT_flow_mod,7,0,-0.346872131775305,-0.226960082913909,1,1,3,3,3,3,0.136133892138181,0
ood_combo,DS03,14,69,LPC_eff_mod,8,0,0,-0.000905256053192772,0,0,0,0,3,3,0.136133892138181,0
ood_combo,DS03,14,69,LPC_flow_mod,9,0,0,-0.00136408722056034,0,0,0,0,3,3,0.136133892138181,0
ood_combo,DS03,14,70,HPT_eff_mod,1,0,-0.253487820195179,-0.313115123297973,1,1,3,3,3,3,0.222153476975584,0
ood_combo,DS03,14,70,fan_eff_mod,2,0,0,-0,0,0,0,0,3,3,0.222153476975584,0
ood_combo,DS03,14,70,fan_flow_mod,3,0,0,-0.00248244661541714,0,0,0,0,3,3,0.222153476975584,0
ood_combo,DS03,14,70,HPC_eff_mod,4,0,0,-0.0313627504984038,0,1,0,2,3,3,0.222153476975584,0
ood_combo,DS03,14,70,HPC_flow_mod,5,0,0,-0,0,0,0,0,3,3,0.222153476975584,0
ood_combo,DS03,14,70,LPT_eff_mod,6,0,-0.165103280266851,-0.0997318754327848,1,1,2,2,3,3,0.222153476975584,0
ood_combo,DS03,14,70,LPT_flow_mod,7,0,-0.379736828215006,-0.226960082913909,1,1,3,3,3,3,0.222153476975584,0
ood_combo,DS03,14,70,LPC_eff_mod,8,0,0,-0.000905256053192772,0,0,0,0,3,3,0.222153476975584,0
ood_combo,DS03,14,70,LPC_flow_mod,9,0,0,-0.00136408722056034,0,0,0,0,3,3,0.222153476975584,0
ood_combo,DS03,14,71,HPT_eff_mod,1,0,-0.259779064455679,-0.343805502189721,1,1,3,3,3,3,0.14302329461366,0
ood_combo,DS03,14,71,fan_eff_mod,2,0,0,-0,0,0,0,0,3,3,0.14302329461366,0
ood_combo,DS03,14,71,fan_flow_mod,3,0,0,-0.00248244661541714,0,0,0,0,3,3,0.14302329461366,0
ood_combo,DS03,14,71,HPC_eff_mod,4,0,0,-0.0313627504984038,0,1,0,2,3,3,0.14302329461366,0
ood_combo,DS03,14,71,HPC_flow_mod,5,0,0,-0,0,0,0,0,3,3,0.14302329461366,0
ood_combo,DS03,14,71,LPT_eff_mod,6,0,-0.180465713496919,-0.110069324697739,1,1,2,2,3,3,0.14302329461366,0
ood_combo,DS03,14,71,LPT_flow_mod,7,0,-0.400825016576897,-0.241001882987093,1,1,3,3,3,3,0.14302329461366,0
ood_combo,DS03,14,71,LPC_eff_mod,8,0,0,-0.000905256053192772,0,0,0,0,3,3,0.14302329461366,0
ood_combo,DS03,14,71,LPC_flow_mod,9,0,0,-0.00136408722056034,0,0,0,0,3,3,0.14302329461366,0
ood_combo,DS03,14,72,HPT_eff_mod,1,0,-0.263945490052377,-0.356600130623254,1,1,3,3,3,3,0.237878764007163,0
ood_combo,DS03,14,72,fan_eff_mod,2,0,0,-0,0,0,0,0,3,3,0.237878764007163,0
ood_combo,DS03,14,72,fan_flow_mod,3,0,0,-0.00248244661541714,0,0,0,0,3,3,0.237878764007163,0
ood_combo,DS03,14,72,HPC_eff_mod,4,0,0,-0.0313627504984038,0,1,0,2,3,3,0.237878764007163,0
ood_combo,DS03,14,72,HPC_flow_mod,5,0,0,-0,0,0,0,0,3,3,0.237878764007163,0
ood_combo,DS03,14,72,LPT_eff_mod,6,0,-0.190861120927371,-0.110069324697739,1,1,2,2,3,3,0.237878764007163,0
ood_combo,DS03,14,72,LPT_flow_mod,7,0,-0.462873477169124,-0.265295871463273,1,1,3,3,3,3,0.237878764007163,0
ood_combo,DS03,14,72,LPC_eff_mod,8,0,0,-0.000905256053192772,0,0,0,0,3,3,0.237878764007163,0
ood_combo,DS03,14,72,LPC_flow_mod,9,0,0,-0.00136408722056034,0,0,0,0,3,3,0.237878764007163,0
ood_combo,DS03,14,73,HPT_eff_mod,1,0,-0.297816739624107,-0.400998658003076,1,1,3,3,3,3,0.199304902608735,0
ood_combo,DS03,14,73,fan_eff_mod,2,0,0,-0,0,0,0,0,3,3,0.199304902608735,0
ood_combo,DS03,14,73,fan_flow_mod,3,0,0,-0.00248244661541714,0,1,0,1,3,3,0.199304902608735,0
ood_combo,DS03,14,73,HPC_eff_mod,4,0,0,-0.048241308958655,0,1,0,2,3,3,0.199304902608735,0
ood_combo,DS03,14,73,HPC_flow_mod,5,0,0,-0,0,0,0,0,3,3,0.199304902608735,0
ood_combo,DS03,14,73,LPT_eff_mod,6,0,-0.202741959641353,-0.114560518026868,1,1,2,2,3,3,0.199304902608735,0
ood_combo,DS03,14,73,LPT_flow_mod,7,0,-0.491945508572573,-0.292706852546285,1,1,3,3,3,3,0.199304902608735,0
ood_combo,DS03,14,73,LPC_eff_mod,8,0,0,-0.000905256053192772,0,0,0,0,3,3,0.199304902608735,0
ood_combo,DS03,14,73,LPC_flow_mod,9,0,0,-0.00136408722056034,0,0,0,0,3,3,0.199304902608735,0
ood_combo,DS03,14,74,HPT_eff_mod,1,0,-0.31415090652141,-0.437903624473091,1,1,3,3,3,3,0.208518250174938,0
ood_combo,DS03,14,74,fan_eff_mod,2,0,0,-0,0,0,0,0,3,3,0.208518250174938,0
ood_combo,DS03,14,74,fan_flow_mod,3,0,0,-0.00248244661541714,0,1,0,1,3,3,0.208518250174938,0
ood_combo,DS03,14,74,HPC_eff_mod,4,0,0,-0.048241308958655,0,1,0,2,3,3,0.208518250174938,0
ood_combo,DS03,14,74,HPC_flow_mod,5,0,0,-0,0,0,0,0,3,3,0.208518250174938,0
ood_combo,DS03,14,74,LPT_eff_mod,6,0,-0.215865487061243,-0.120117773181952,1,1,3,2,3,3,0.208518250174938,0
ood_combo,DS03,14,74,LPT_flow_mod,7,0,-0.54669554864268,-0.328316151719554,1,1,3,3,3,3,0.208518250174938,0
ood_combo,DS03,14,74,LPC_eff_mod,8,0,0,-0.000905256053192772,0,0,0,0,3,3,0.208518250174938,0
ood_combo,DS03,14,74,LPC_flow_mod,9,0,0,-0.00136408722056034,0,0,0,0,3,3,0.208518250174938,0
ood_combo,DS03,14,75,HPT_eff_mod,1,0,-0.335027162464039,-0.463031309525826,1,1,3,3,3,3,0.3056803073223,0
ood_combo,DS03,14,75,fan_eff_mod,2,0,0,-0,0,0,0,0,3,3,0.3056803073223,0
ood_combo,DS03,14,75,fan_flow_mod,3,0,0,-0.00248244661541714,0,1,0,1,3,3,0.3056803073223,0
ood_combo,DS03,14,75,HPC_eff_mod,4,0,0,-0.0512726613284801,0,1,0,2,3,3,0.3056803073223,0
ood_combo,DS03,14,75,HPC_flow_mod,5,0,0,-0,0,0,0,0,3,3,0.3056803073223,0
ood_combo,DS03,14,75,LPT_eff_mod,6,0,-0.232615662663726,-0.14388375786186,1,1,3,2,3,3,0.3056803073223,0
ood_combo,DS03,14,75,LPT_flow_mod,7,0,-0.576823763454851,-0.352559830849131,1,1,3,3,3,3,0.3056803073223,0
ood_combo,DS03,14,75,LPC_eff_mod,8,0,0,-0.0110823509125093,0,0,0,0,3,3,0.3056803073223,0
ood_combo,DS03,14,75,LPC_flow_mod,9,0,0,-0.00136408722056034,0,0,0,0,3,3,0.3056803073223,0
ood_combo,DS03,14,76,HPT_eff_mod,1,0,-0.359692704613322,-0.504341370393782,1,1,3,3,3,3,0.245257255772124,0
ood_combo,DS03,14,76,fan_eff_mod,2,0,0,-0,0,0,0,0,3,3,0.245257255772124,0
ood_combo,DS03,14,76,fan_flow_mod,3,0,0,-0.00574897333623704,0,1,0,1,3,3,0.245257255772124,0
ood_combo,DS03,14,76,HPC_eff_mod,4,0,0,-0.0640777150606954,0,1,0,2,3,3,0.245257255772124,0
ood_combo,DS03,14,76,HPC_flow_mod,5,0,0,-0,0,0,0,0,3,3,0.245257255772124,0
ood_combo,DS03,14,76,LPT_eff_mod,6,0,-0.248807199989344,-0.144873983222772,1,1,3,2,3,3,0.245257255772124,0
ood_combo,DS03,14,76,LPT_flow_mod,7,0,-0.641647893363712,-0.371234311787996,1,1,3,3,3,3,0.245257255772124,0
ood_combo,DS03,14,76,LPC_eff_mod,8,0,0,-0.0110823509125093,0,0,0,0,3,3,0.245257255772124,0
ood_combo,DS03,14,76,LPC_flow_mod,9,0,0,-0.0201823180985336,0,0,0,0,3,3,0.245257255772124,0
ood_combo,DS03,15,1,HPT_eff_mod,1,1,-0.00562252585471436,-0,0,0,0,0,0,0,0.156242253307729,0
ood_combo,DS03,15,1,fan_eff_mod,2,1,0,-0,0,0,0,0,0,0,0.156242253307729,0
ood_combo,DS03,15,1,fan_flow_mod,3,1,0,-0,0,0,0,0,0,0,0.156242253307729,0
ood_combo,DS03,15,1,HPC_eff_mod,4,1,0,-0,0,0,0,0,0,0,0.156242253307729,0
ood_combo,DS03,15,1,HPC_flow_mod,5,1,0,-0,0,0,0,0,0,0,0.156242253307729,0
ood_combo,DS03,15,1,LPT_eff_mod,6,1,0.00240958557328336,-0,0,0,0,0,0,0,0.156242253307729,0
ood_combo,DS03,15,1,LPT_flow_mod,7,1,0.00329697073569559,-0,0,0,0,0,0,0,0.156242253307729,0
ood_combo,DS03,15,1,LPC_eff_mod,8,1,0,-0,0,0,0,0,0,0,0.156242253307729,0
ood_combo,DS03,15,1,LPC_flow_mod,9,1,0,-0,0,0,0,0,0,0,0.156242253307729,0
ood_combo,DS03,15,2,HPT_eff_mod,1,1,-0.0029150684956068,-0,0,0,0,0,0,0,0.0921726780515129,0
ood_combo,DS03,15,2,fan_eff_mod,2,1,0,-0,0,0,0,0,0,0,0.0921726780515129,0
ood_combo,DS03,15,2,fan_flow_mod,3,1,0,-0,0,0,0,0,0,0,0.0921726780515129,0
ood_combo,DS03,15,2,HPC_eff_mod,4,1,0,-0,0,0,0,0,0,0,0.0921726780515129,0
ood_combo,DS03,15,2,HPC_flow_mod,5,1,0,-0.000199211126830957,0,0,0,0,0,0,0.0921726780515129,0
ood_combo,DS03,15,2,LPT_eff_mod,6,1,0.00151032441575897,-0.00202151155905862,0,0,0,0,0,0,0.0921726780515129,0
ood_combo,DS03,15,2,LPT_flow_mod,7,1,-0.000676283223975976,-0,0,0,0,0,0,0,0.0921726780515129,0
ood_combo,DS03,15,2,LPC_eff_mod,8,1,0,-0.00112891144456454,0,0,0,0,0,0,0.0921726780515129,0
ood_combo,DS03,15,2,LPC_flow_mod,9,1,0,-0,0,0,0,0,0,0,0.0921726780515129,0
ood_combo,DS03,15,3,HPT_eff_mod,1,1,0.00853759435032249,-0,0,0,0,0,0,0,0.0966698536012721,0
ood_combo,DS03,15,3,fan_eff_mod,2,1,0,-0,0,0,0,0,0,0,0.0966698536012721,0
ood_combo,DS03,15,3,fan_flow_mod,3,1,0,-0,0,0,0,0,0,0,0.0966698536012721,0
ood_combo,DS03,15,3,HPC_eff_mod,4,1,0,-0,0,0,0,0,0,0,0.0966698536012721,0
ood_combo,DS03,15,3,HPC_flow_mod,5,1,0,-0.000199211126830957,0,0,0,0,0,0,0.0966698536012721,0
ood_combo,DS03,15,3,LPT_eff_mod,6,1,-0.00391990998904191,-0.00202151155905862,0,0,0,0,0,0,0.0966698536012721,0
ood_combo,DS03,15,3,LPT_flow_mod,7,1,-0.0026206875117192,-0,0,0,0,0,0,0,0.0966698536012721,0
ood_combo,DS03,15,3,LPC_eff_mod,8,1,0,-0.00112891144456454,0,0,0,0,0,0,0.0966698536012721,0
ood_combo,DS03,15,3,LPC_flow_mod,9,1,0,-0,0,0,0,0,0,0,0.0966698536012721,0
ood_combo,DS03,15,4,HPT_eff_mod,1,1,-0.00946996861824425,-0.00498633373699662,0,0,0,0,0,0,0.0948363878920007,0
ood_combo,DS03,15,4,fan_eff_mod,2,1,0,-0.000130943243793966,0,0,0,0,0,0,0.0948363878920007,0
ood_combo,DS03,15,4,fan_flow_mod,3,1,0,-0,0,0,0,0,0,0,0.0948363878920007,0
ood_combo,DS03,15,4,HPC_eff_mod,4,1,0,-0.00220982581144056,0,0,0,0,0,0,0.0948363878920007,0
ood_combo,DS03,15,4,HPC_flow_mod,5,1,0,-0.000199211126830957,0,0,0,0,0,0,0.0948363878920007,0
ood_combo,DS03,15,4,LPT_eff_mod,6,1,-0.000269075556403708,-0.00202151155905862,0,0,0,0,0,0,0.0948363878920007,0
ood_combo,DS03,15,4,LPT_flow_mod,7,1,-0.00317903879385893,-0,0,0,0,0,0,0,0.0948363878920007,0
ood_combo,DS03,15,4,LPC_eff_mod,8,1,0,-0.00112891144456454,0,0,0,0,0,0,0.0948363878920007,0
ood_combo,DS03,15,4,LPC_flow_mod,9,1,0,-0,0,0,0,0,0,0,0.0948363878920007,0
ood_combo,DS03,15,5,HPT_eff_mod,1,1,-0.00901758431534105,-0.00498633373699662,0,0,0,0,0,0,0.0878600739221878,0
ood_combo,DS03,15,5,fan_eff_mod,2,1,0,-0.00021062109925526,0,0,0,0,0,0,0.0878600739221878,0
ood_combo,DS03,15,5,fan_flow_mod,3,1,0,-0,0,0,0,0,0,0,0.0878600739221878,0
ood_combo,DS03,15,5,HPC_eff_mod,4,1,0,-0.00220982581144056,0,0,0,0,0,0,0.0878600739221878,0
ood_combo,DS03,15,5,HPC_flow_mod,5,1,0,-0.000199211126830957,0,0,0,0,0,0,0.0878600739221878,0
ood_combo,DS03,15,5,LPT_eff_mod,6,1,-0.00990435169138965,-0.00238786097788613,0,0,0,0,0,0,0.0878600739221878,0
ood_combo,DS03,15,5,LPT_flow_mod,7,1,0.00218166228530301,-0,0,0,0,0,0,0,0.0878600739221878,0
ood_combo,DS03,15,5,LPC_eff_mod,8,1,0,-0.00112891144456454,0,0,0,0,0,0,0.0878600739221878,0
ood_combo,DS03,15,5,LPC_flow_mod,9,1,0,-0,0,0,0,0,0,0,0.0878600739221878,0
ood_combo,DS03,15,6,HPT_eff_mod,1,1,-0.00898433130069325,-0.00677370586267281,0,0,0,0,0,0,0.103305581674942,0
ood_combo,DS03,15,6,fan_eff_mod,2,1,0,-0.00021062109925526,0,0,0,0,0,0,0.103305581674942,0
ood_combo,DS03,15,6,fan_flow_mod,3,1,0,-0,0,0,0,0,0,0,0.103305581674942,0
ood_combo,DS03,15,6,HPC_eff_mod,4,1,0,-0.00220982581144056,0,0,0,0,0,0,0.103305581674942,0
ood_combo,DS03,15,6,HPC_flow_mod,5,1,0,-0.000199211126830957,0,0,0,0,0,0,0.103305581674942,0
ood_combo,DS03,15,6,LPT_eff_mod,6,1,-0.00282312238363897,-0.00238786097788613,0,0,0,0,0,0,0.103305581674942,0
ood_combo,DS03,15,6,LPT_flow_mod,7,1,0.00232034680279627,-0.00206656055961081,0,0,0,0,0,0,0.103305581674942,0
ood_combo,DS03,15,6,LPC_eff_mod,8,1,0,-0.00112891144456454,0,0,0,0,0,0,0.103305581674942,0
ood_combo,DS03,15,6,LPC_flow_mod,9,1,0,-0,0,0,0,0,0,0,0.103305581674942,0
ood_combo,DS03,15,7,HPT_eff_mod,1,1,-0.00882378903938545,-0.00677370586267281,0,0,0,0,0,0,0.162299020316204,0
ood_combo,DS03,15,7,fan_eff_mod,2,1,0,-0.00021062109925526,0,0,0,0,0,0,0.162299020316204,0
ood_combo,DS03,15,7,fan_flow_mod,3,1,0,-0,0,0,0,0,0,0,0.162299020316204,0
ood_combo,DS03,15,7,HPC_eff_mod,4,1,0,-0.00220982581144056,0,0,0,0,0,0,0.162299020316204,0
ood_combo,DS03,15,7,HPC_flow_mod,5,1,0,-0.000199211126830957,0,0,0,0,0,0,0.162299020316204,0
ood_combo,DS03,15,7,LPT_eff_mod,6,1,-0.00852740682879554,-0.0063908585866226,0,0,0,0,0,0,0.162299020316204,0
ood_combo,DS03,15,7,LPT_flow_mod,7,1,-0.00182594959612074,-0.00206656055961081,0,0,0,0,0,0,0.162299020316204,0
ood_combo,DS03,15,7,LPC_eff_mod,8,1,0,-0.00112891144456454,0,0,0,0,0,0,0.162299020316204,0
ood_combo,DS03,15,7,LPC_flow_mod,9,1,0,-0,0,0,0,0,0,0,0.162299020316204,0
ood_combo,DS03,15,8,HPT_eff_mod,1,1,-0.0140566529215242,-0.00677370586267281,0,0,0,0,0,0,0.103417304597477,0
ood_combo,DS03,15,8,fan_eff_mod,2,1,0,-0.00021062109925526,0,0,0,0,0,0,0.103417304597477,0
ood_combo,DS03,15,8,fan_flow_mod,3,1,0,-0,0,0,0,0,0,0,0.103417304597477,0
ood_combo,DS03,15,8,HPC_eff_mod,4,1,0,-0.00220982581144056,0,0,0,0,0,0,0.103417304597477,0
ood_combo,DS03,15,8,HPC_flow_mod,5,1,0,-0.000199211126830957,0,0,0,0,0,0,0.103417304597477,0
ood_combo,DS03,15,8,LPT_eff_mod,6,1,-0.00267862492254945,-0.0063908585866226,0,0,0,0,0,0,0.103417304597477,0
ood_combo,DS03,15,8,LPT_flow_mod,7,1,0.00226651474562242,-0.00206656055961081,0,0,0,0,0,0,0.103417304597477,0
ood_combo,DS03,15,8,LPC_eff_mod,8,1,0,-0.00112891144456454,0,0,0,0,0,0,0.103417304597477,0
ood_combo,DS03,15,8,LPC_flow_mod,9,1,0,-0,0,0,0,0,0,0,0.103417304597477,0
ood_combo,DS03,15,9,HPT_eff_mod,1,1,-0.0159479792511537,-0.00677370586267281,0,0,0,0,0,0,0.203599547603842,0
ood_combo,DS03,15,9,fan_eff_mod,2,1,0,-0.00021062109925526,0,0,0,0,0,0,0.203599547603842,0
ood_combo,DS03,15,9,fan_flow_mod,3,1,0,-0,0,0,0,0,0,0,0.203599547603842,0
ood_combo,DS03,15,9,HPC_eff_mod,4,1,0,-0.00220982581144056,0,0,0,0,0,0,0.203599547603842,0
ood_combo,DS03,15,9,HPC_flow_mod,5,1,0,-0.000233953609587409,0,0,0,0,0,0,0.203599547603842,0
ood_combo,DS03,15,9,LPT_eff_mod,6,1,-0.0109205651030153,-0.00959414178694198,0,0,0,0,0,0,0.203599547603842,0
ood_combo,DS03,15,9,LPT_flow_mod,7,1,-0.00634216454542702,-0.00206656055961081,0,0,0,0,0,0,0.203599547603842,0
ood_combo,DS03,15,9,LPC_eff_mod,8,1,0,-0.00112891144456454,0,0,0,0,0,0,0.203599547603842,0
ood_combo,DS03,15,9,LPC_flow_mod,9,1,0,-0,0,0,0,0,0,0,0.203599547603842,0
ood_combo,DS03,15,10,HPT_eff_mod,1,1,-0.0100483610396198,-0.00677370586267281,0,0,0,0,0,0,0.150893072614582,0
ood_combo,DS03,15,10,fan_eff_mod,2,1,0,-0.00021062109925526,0,0,0,0,0,0,0.150893072614582,0
ood_combo,DS03,15,10,fan_flow_mod,3,1,0,-0,0,0,0,0,0,0,0.150893072614582,0
ood_combo,DS03,15,10,HPC_eff_mod,4,1,0,-0.00220982581144056,0,0,0,0,0,0,0.150893072614582,0
ood_combo,DS03,15,10,HPC_flow_mod,5,1,0,-0.000233953609587409,0,0,0,0,0,0,0.150893072614582,0
ood_combo,DS03,15,10,LPT_eff_mod,6,1,-0.0121076820910706,-0.00959414178694198,0,0,0,0,0,0,0.150893072614582,0
ood_combo,DS03,15,10,LPT_flow_mod,7,1,-0.000500821580594245,-0.00206656055961081,0,0,0,0,0,0,0.150893072614582,0
ood_combo,DS03,15,10,LPC_eff_mod,8,1,0,-0.00112891144456454,0,0,0,0,0,0,0.150893072614582,0
ood_combo,DS03,15,10,LPC_flow_mod,9,1,0,-0,0,0,0,0,0,0,0.150893072614582,0
ood_combo,DS03,15,11,HPT_eff_mod,1,1,-0.00976598838038251,-0.00677370586267281,0,0,0,0,0,0,0.106262276800996,0
ood_combo,DS03,15,11,fan_eff_mod,2,1,0,-0.00021062109925526,0,0,0,0,0,0,0.106262276800996,0
ood_combo,DS03,15,11,fan_flow_mod,3,1,0,-0,0,0,0,0,0,0,0.106262276800996,0
ood_combo,DS03,15,11,HPC_eff_mod,4,1,0,-0.00220982581144056,0,0,0,0,0,0,0.106262276800996,0
ood_combo,DS03,15,11,HPC_flow_mod,5,1,0,-0.000233953609587409,0,0,0,0,0,0,0.106262276800996,0
ood_combo,DS03,15,11,LPT_eff_mod,6,1,-0.0100614741929314,-0.00959414178694198,0,0,0,0,0,0,0.106262276800996,0
ood_combo,DS03,15,11,LPT_flow_mod,7,1,-0.000742964983424563,-0.00206656055961081,0,0,0,0,0,0,0.106262276800996,0
ood_combo,DS03,15,11,LPC_eff_mod,8,1,0,-0.00112891144456454,0,0,0,0,0,0,0.106262276800996,0
ood_combo,DS03,15,11,LPC_flow_mod,9,1,0,-0,0,0,0,0,0,0,0.106262276800996,0
ood_combo,DS03,15,12,HPT_eff_mod,1,1,-0.00445233684980531,-0.00677370586267281,0,0,0,0,0,0,0.0988076740717687,0
ood_combo,DS03,15,12,fan_eff_mod,2,1,0,-0.00021062109925526,0,0,0,0,0,0,0.0988076740717687,0
ood_combo,DS03,15,12,fan_flow_mod,3,1,0,-0,0,0,0,0,0,0,0.0988076740717687,0
ood_combo,DS03,15,12,HPC_eff_mod,4,1,0,-0.00220982581144056,0,0,0,0,0,0,0.0988076740717687,0
ood_combo,DS03,15,12,HPC_flow_mod,5,1,0,-0.000233953609587409,0,0,0,0,0,0,0.0988076740717687,0
ood_combo,DS03,15,12,LPT_eff_mod,6,1,-0.0111864120740992,-0.00959414178694198,0,0,0,0,0,0,0.0988076740717687,0
ood_combo,DS03,15,12,LPT_flow_mod,7,1,-0.00879877386378499,-0.00206656055961081,0,0,0,0,0,0,0.0988076740717687,0
ood_combo,DS03,15,12,LPC_eff_mod,8,1,0,-0.00112891144456454,0,0,0,0,0,0,0.0988076740717687,0
ood_combo,DS03,15,12,LPC_flow_mod,9,1,0,-0,0,0,0,0,0,0,0.0988076740717687,0
ood_combo,DS03,15,13,HPT_eff_mod,1,1,-0.00350794464377827,-0.00677370586267281,0,0,0,0,0,0,0.178351551241263,0
ood_combo,DS03,15,13,fan_eff_mod,2,1,0,-0.00021062109925526,0,0,0,0,0,0,0.178351551241263,0
ood_combo,DS03,15,13,fan_flow_mod,3,1,0,-0,0,0,0,0,0,0,0.178351551241263,0
ood_combo,DS03,15,13,HPC_eff_mod,4,1,0,-0.00220982581144056,0,0,0,0,0,0,0.178351551241263,0
ood_combo,DS03,15,13,HPC_flow_mod,5,1,0,-0.000233953609587409,0,0,0,0,0,0,0.178351551241263,0
ood_combo,DS03,15,13,LPT_eff_mod,6,1,-0.00538503264183397,-0.00959414178694198,0,0,0,0,0,0,0.178351551241263,0
ood_combo,DS03,15,13,LPT_flow_mod,7,1,-0.000682579444356922,-0.00206656055961081,0,0,0,0,0,0,0.178351551241263,0
ood_combo,DS03,15,13,LPC_eff_mod,8,1,0,-0.00112891144456454,0,0,0,0,0,0,0.178351551241263,0
ood_combo,DS03,15,13,LPC_flow_mod,9,1,0,-0,0,0,0,0,0,0,0.178351551241263,0
ood_combo,DS03,15,14,HPT_eff_mod,1,1,-0.00770445941700593,-0.00677370586267281,0,0,0,0,0,0,0.135130896858121,0
ood_combo,DS03,15,14,fan_eff_mod,2,1,0,-0.00021062109925526,0,0,0,0,0,0,0.135130896858121,0
ood_combo,DS03,15,14,fan_flow_mod,3,1,0,-0,0,0,0,0,0,0,0.135130896858121,0
ood_combo,DS03,15,14,HPC_eff_mod,4,1,0,-0.00220982581144056,0,0,0,0,0,0,0.135130896858121,0
ood_combo,DS03,15,14,HPC_flow_mod,5,1,0,-0.000233953609587409,0,0,0,0,0,0,0.135130896858121,0
ood_combo,DS03,15,14,LPT_eff_mod,6,1,-0.00536739995585765,-0.00959414178694198,0,0,0,0,0,0,0.135130896858121,0
ood_combo,DS03,15,14,LPT_flow_mod,7,1,-0.00478448979464825,-0.00206656055961081,0,0,0,0,0,0,0.135130896858121,0
ood_combo,DS03,15,14,LPC_eff_mod,8,1,0,-0.00112891144456454,0,0,0,0,0,0,0.135130896858121,0
ood_combo,DS03,15,14,LPC_flow_mod,9,1,0,-0,0,0,0,0,0,0,0.135130896858121,0
ood_combo,DS03,15,15,HPT_eff_mod,1,1,-0.0121775663702942,-0.0119945447897803,0,0,0,0,0,0,0.109293665194871,0
ood_combo,DS03,15,15,fan_eff_mod,2,1,0,-0.00021062109925526,0,0,0,0,0,0,0.109293665194871,0
ood_combo,DS03,15,15,fan_flow_mod,3,1,0,-0,0,0,0,0,0,0,0.109293665194871,0
ood_combo,DS03,15,15,HPC_eff_mod,4,1,0,-0.00346800345652295,0,0,0,0,0,0,0.109293665194871,0
ood_combo,DS03,15,15,HPC_flow_mod,5,1,0,-0.000233953609587409,0,0,0,0,0,0,0.109293665194871,0
ood_combo,DS03,15,15,LPT_eff_mod,6,1,-0.00987693014275532,-0.00959414178694198,0,0,0,0,0,0,0.109293665194871,0
ood_combo,DS03,15,15,LPT_flow_mod,7,1,-0.0122583255164908,-0.0049151466823885,0,0,0,0,0,0,0.109293665194871,0
ood_combo,DS03,15,15,LPC_eff_mod,8,1,0,-0.00112891144456454,0,0,0,0,0,0,0.109293665194871,0
ood_combo,DS03,15,15,LPC_flow_mod,9,1,0,-0,0,0,0,0,0,0,0.109293665194871,0
ood_combo,DS03,15,16,HPT_eff_mod,1,1,-0.0197318845650738,-0.0119945447897803,0,0,0,0,0,0,0.18510654650789,0
ood_combo,DS03,15,16,fan_eff_mod,2,1,0,-0.00021062109925526,0,0,0,0,0,0,0.18510654650789,0
ood_combo,DS03,15,16,fan_flow_mod,3,1,0,-0,0,0,0,0,0,0,0.18510654650789,0
ood_combo,DS03,15,16,HPC_eff_mod,4,1,0,-0.00346800345652295,0,0,0,0,0,0,0.18510654650789,0
ood_combo,DS03,15,16,HPC_flow_mod,5,1,0,-0.000233953609587409,0,0,0,0,0,0,0.18510654650789,0
ood_combo,DS03,15,16,LPT_eff_mod,6,1,-0.00620630011131115,-0.00959414178694198,0,0,0,0,0,0,0.18510654650789,0
ood_combo,DS03,15,16,LPT_flow_mod,7,1,-0.00219823353808161,-0.0049151466823885,0,0,0,0,0,0,0.18510654650789,0
ood_combo,DS03,15,16,LPC_eff_mod,8,1,0,-0.00112891144456454,0,0,0,0,0,0,0.18510654650789,0
ood_combo,DS03,15,16,LPC_flow_mod,9,1,0,-0,0,0,0,0,0,0,0.18510654650789,0
ood_combo,DS03,15,17,HPT_eff_mod,1,1,-0.00858966476657771,-0.0119945447897803,0,0,0,0,0,0,0.193542806423166,0
ood_combo,DS03,15,17,fan_eff_mod,2,1,0,-0.00021062109925526,0,0,0,0,0,0,0.193542806423166,0
ood_combo,DS03,15,17,fan_flow_mod,3,1,0,-0,0,0,0,0,0,0,0.193542806423166,0
ood_combo,DS03,15,17,HPC_eff_mod,4,1,0,-0.00346800345652295,0,0,0,0,0,0,0.193542806423166,0
ood_combo,DS03,15,17,HPC_flow_mod,5,1,0,-0.000233953609587409,0,0,0,0,0,0,0.193542806423166,0
ood_combo,DS03,15,17,LPT_eff_mod,6,1,-0.0104124396702538,-0.00959414178694198,0,0,0,0,0,0,0.193542806423166,0
ood_combo,DS03,15,17,LPT_flow_mod,7,1,-0.00867924445242633,-0.0049151466823885,0,0,0,0,0,0,0.193542806423166,0
ood_combo,DS03,15,17,LPC_eff_mod,8,1,0,-0.00112891144456454,0,0,0,0,0,0,0.193542806423166,0
ood_combo,DS03,15,17,LPC_flow_mod,9,1,0,-0,0,0,0,0,0,0,0.193542806423166,0
ood_combo,DS03,15,18,HPT_eff_mod,1,1,-0.0151642187674121,-0.0119945447897803,0,0,0,0,0,0,0.115307895364281,0
ood_combo,DS03,15,18,fan_eff_mod,2,1,0,-0.000469512320248114,0,0,0,0,0,0,0.115307895364281,0
ood_combo,DS03,15,18,fan_flow_mod,3,1,0,-0,0,0,0,0,0,0,0.115307895364281,0
ood_combo,DS03,15,18,HPC_eff_mod,4,1,0,-0.00633229467976845,0,0,0,0,0,0,0.115307895364281,0
ood_combo,DS03,15,18,HPC_flow_mod,5,1,0,-0.000366803788963479,0,0,0,0,0,0,0.115307895364281,0
ood_combo,DS03,15,18,LPT_eff_mod,6,1,-0.0150273744738617,-0.00959414178694198,0,0,0,0,0,0,0.115307895364281,0
ood_combo,DS03,15,18,LPT_flow_mod,7,1,-0.00393227840204988,-0.0049151466823885,0,0,0,0,0,0,0.115307895364281,0
ood_combo,DS03,15,18,LPC_eff_mod,8,1,0,-0.00112891144456454,0,0,0,0,0,0,0.115307895364281,0
ood_combo,DS03,15,18,LPC_flow_mod,9,1,0,-0,0,0,0,0,0,0,0.115307895364281,0
ood_combo,DS03,15,19,HPT_eff_mod,1,1,-0.0127590908752954,-0.0119945447897803,0,0,0,0,0,0,0.150559144738171,0
ood_combo,DS03,15,19,fan_eff_mod,2,1,0,-0.000469512320248114,0,0,0,0,0,0,0.150559144738171,0
ood_combo,DS03,15,19,fan_flow_mod,3,1,0,-0,0,0,0,0,0,0,0.150559144738171,0
ood_combo,DS03,15,19,HPC_eff_mod,4,1,0,-0.00633229467976845,0,0,0,0,0,0,0.150559144738171,0
ood_combo,DS03,15,19,HPC_flow_mod,5,1,0,-0.000366803788963479,0,0,0,0,0,0,0.150559144738171,0
ood_combo,DS03,15,19,LPT_eff_mod,6,1,-0.0159519357791253,-0.00959414178694198,0,0,0,0,0,0,0.150559144738171,0
ood_combo,DS03,15,19,LPT_flow_mod,7,1,-0.014621566533191,-0.0049151466823885,0,0,0,0,0,0,0.150559144738171,0
ood_combo,DS03,15,19,LPC_eff_mod,8,1,0,-0.00112891144456454,0,0,0,0,0,0,0.150559144738171,0
ood_combo,DS03,15,19,LPC_flow_mod,9,1,0,-0,0,0,0,0,0,0,0.150559144738171,0
ood_combo,DS03,15,20,HPT_eff_mod,1,1,-0.013259249663074,-0.0119945447897803,0,0,0,0,0,0,0.173993499606026,0
ood_combo,DS03,15,20,fan_eff_mod,2,1,0,-0.000469512320248114,0,0,0,0,0,0,0.173993499606026,0
ood_combo,DS03,15,20,fan_flow_mod,3,1,0,-0,0,0,0,0,0,0,0.173993499606026,0
ood_combo,DS03,15,20,HPC_eff_mod,4,1,0,-0.00633229467976845,0,0,0,0,0,0,0.173993499606026,0
ood_combo,DS03,15,20,HPC_flow_mod,5,1,0,-0.000366803788963479,0,0,0,0,0,0,0.173993499606026,0
ood_combo,DS03,15,20,LPT_eff_mod,6,1,-0.0082923348006353,-0.00959414178694198,0,0,0,0,0,0,0.173993499606026,0
ood_combo,DS03,15,20,LPT_flow_mod,7,1,-0.0141819021228859,-0.0105923775166335,0,0,0,0,0,0,0.173993499606026,0
ood_combo,DS03,15,20,LPC_eff_mod,8,1,0,-0.00112891144456454,0,0,0,0,0,0,0.173993499606026,0
ood_combo,DS03,15,20,LPC_flow_mod,9,1,0,-0,0,0,0,0,0,0,0.173993499606026,0
ood_combo,DS03,15,21,HPT_eff_mod,1,1,-0.0177204306494042,-0.0119945447897803,0,0,0,0,0,0,0.119643085642612,0
ood_combo,DS03,15,21,fan_eff_mod,2,1,0,-0.000469512320248114,0,0,0,0,0,0,0.119643085642612,0
ood_combo,DS03,15,21,fan_flow_mod,3,1,0,-0,0,0,0,0,0,0,0.119643085642612,0
ood_combo,DS03,15,21,HPC_eff_mod,4,1,0,-0.00633229467976845,0,0,0,0,0,0,0.119643085642612,0
ood_combo,DS03,15,21,HPC_flow_mod,5,1,0,-0.000366803788963479,0,0,0,0,0,0,0.119643085642612,0
ood_combo,DS03,15,21,LPT_eff_mod,6,1,-0.00955275507098397,-0.00959414178694198,0,0,0,0,0,0,0.119643085642612,0
ood_combo,DS03,15,21,LPT_flow_mod,7,1,-0.0132668415630375,-0.0105923775166335,0,0,0,0,0,0,0.119643085642612,0
ood_combo,DS03,15,21,LPC_eff_mod,8,1,0,-0.00112891144456454,0,0,0,0,0,0,0.119643085642612,0
ood_combo,DS03,15,21,LPC_flow_mod,9,1,0,-0,0,0,0,0,0,0,0.119643085642612,0
ood_combo,DS03,15,22,HPT_eff_mod,1,1,-0.029815206406045,-0.0119945447897803,0,0,0,0,0,0,0.253125967906178,0
ood_combo,DS03,15,22,fan_eff_mod,2,1,0,-0.000485912715929225,0,0,0,0,0,0,0.253125967906178,0
ood_combo,DS03,15,22,fan_flow_mod,3,1,0,-0,0,0,0,0,0,0,0.253125967906178,0
ood_combo,DS03,15,22,HPC_eff_mod,4,1,0,-0.00633229467976845,0,0,0,0,0,0,0.253125967906178,0
ood_combo,DS03,15,22,HPC_flow_mod,5,1,0,-0.000366803788963479,0,0,0,0,0,0,0.253125967906178,0
ood_combo,DS03,15,22,LPT_eff_mod,6,1,-0.0118954191535484,-0.0161165661401379,0,0,0,0,0,0,0.253125967906178,0
ood_combo,DS03,15,22,LPT_flow_mod,7,1,-0.0151072546386976,-0.0105923775166335,0,0,0,0,0,0,0.253125967906178,0
ood_combo,DS03,15,22,LPC_eff_mod,8,1,0,-0.00112891144456454,0,0,0,0,0,0,0.253125967906178,0
ood_combo,DS03,15,22,LPC_flow_mod,9,1,0,-0,0,0,0,0,0,0,0.253125967906178,0
ood_combo,DS03,15,23,HPT_eff_mod,1,1,-0.0147893580057328,-0.0119945447897803,0,0,0,0,0,0,0.271498598889488,0
ood_combo,DS03,15,23,fan_eff_mod,2,1,0,-0.000485912715929225,0,0,0,0,0,0,0.271498598889488,0
ood_combo,DS03,15,23,fan_flow_mod,3,1,0,-0,0,0,0,0,0,0,0.271498598889488,0
ood_combo,DS03,15,23,HPC_eff_mod,4,1,0,-0.00633229467976845,0,0,0,0,0,0,0.271498598889488,0
ood_combo,DS03,15,23,HPC_flow_mod,5,1,0,-0.000366803788963479,0,0,0,0,0,0,0.271498598889488,0
ood_combo,DS03,15,23,LPT_eff_mod,6,1,-0.00932924118257979,-0.0161165661401379,0,0,0,0,0,0,0.271498598889488,0
ood_combo,DS03,15,23,LPT_flow_mod,7,1,-0.00883417432860953,-0.0105923775166335,0,0,0,0,0,0,0.271498598889488,0
ood_combo,DS03,15,23,LPC_eff_mod,8,1,0,-0.00112891144456454,0,0,0,0,0,0,0.271498598889488,0
ood_combo,DS03,15,23,LPC_flow_mod,9,1,0,-0,0,0,0,0,0,0,0.271498598889488,0
ood_combo,DS03,15,24,HPT_eff_mod,1,1,-0.0329885490800427,-0.0119945447897803,0,0,0,0,0,0,0.373857942353969,0
ood_combo,DS03,15,24,fan_eff_mod,2,1,0,-0.000485912715929225,0,0,0,0,0,0,0.373857942353969,0
ood_combo,DS03,15,24,fan_flow_mod,3,1,0,-0,0,0,0,0,0,0,0.373857942353969,0
ood_combo,DS03,15,24,HPC_eff_mod,4,1,0,-0.00633229467976845,0,0,0,0,0,0,0.373857942353969,0
ood_combo,DS03,15,24,HPC_flow_mod,5,1,0,-0.000366803788963479,0,0,0,0,0,0,0.373857942353969,0
ood_combo,DS03,15,24,LPT_eff_mod,6,1,-0.0180972092337468,-0.0161165661401379,0,0,0,0,0,0,0.373857942353969,0
ood_combo,DS03,15,24,LPT_flow_mod,7,1,-0.0104250708030637,-0.0145484652523973,0,0,0,0,0,0,0.373857942353969,0
ood_combo,DS03,15,24,LPC_eff_mod,8,1,0,-0.00112891144456454,0,0,0,0,0,0,0.373857942353969,0
ood_combo,DS03,15,24,LPC_flow_mod,9,1,0,-0,0,0,0,0,0,0,0.373857942353969,0
ood_combo,DS03,15,25,HPT_eff_mod,1,0,-0.0212037239309893,-0.0129118663708429,1,0,1,0,1,0,0.0758030617249243,0
ood_combo,DS03,15,25,fan_eff_mod,2,0,0,-0.000485912715929225,0,0,0,0,1,0,0.0758030617249243,0
ood_combo,DS03,15,25,fan_flow_mod,3,0,0,-0,0,0,0,0,1,0,0.0758030617249243,0
ood_combo,DS03,15,25,HPC_eff_mod,4,0,0,-0.00633229467976845,0,0,0,0,1,0,0.0758030617249243,0
ood_combo,DS03,15,25,HPC_flow_mod,5,0,0,-0.000366803788963479,0,0,0,0,1,0,0.0758030617249243,0
ood_combo,DS03,15,25,LPT_eff_mod,6,0,-0.015211794506652,-0.0161165661401379,1,0,1,0,1,0,0.0758030617249243,0
ood_combo,DS03,15,25,LPT_flow_mod,7,0,-0.00917393329815062,-0.0145484652523973,1,0,1,0,1,0,0.0758030617249243,0
ood_combo,DS03,15,25,LPC_eff_mod,8,0,0,-0.00112891144456454,0,0,0,0,1,0,0.0758030617249243,0
ood_combo,DS03,15,25,LPC_flow_mod,9,0,0,-0,0,0,0,0,1,0,0.0758030617249243,0
ood_combo,DS03,15,26,HPT_eff_mod,1,0,-0.0373603499529107,-0.0326056658756504,1,0,2,0,2,1,0.181445833532243,0
ood_combo,DS03,15,26,fan_eff_mod,2,0,0,-0.000485912715929225,0,0,0,0,2,1,0.181445833532243,0
ood_combo,DS03,15,26,fan_flow_mod,3,0,0,-0,0,0,0,0,2,1,0.181445833532243,0
ood_combo,DS03,15,26,HPC_eff_mod,4,0,0,-0.00633229467976845,0,0,0,0,2,1,0.181445833532243,0
ood_combo,DS03,15,26,HPC_flow_mod,5,0,0,-0.000366803788963479,0,0,0,0,2,1,0.181445833532243,0
ood_combo,DS03,15,26,LPT_eff_mod,6,0,-0.0263485369020007,-0.0173280565640091,1,1,1,1,2,1,0.181445833532243,0
ood_combo,DS03,15,26,LPT_flow_mod,7,0,-0.0208981756313146,-0.0145484652523973,1,0,1,0,2,1,0.181445833532243,0
ood_combo,DS03,15,26,LPC_eff_mod,8,0,0,-0.00112891144456454,0,0,0,0,2,1,0.181445833532243,0
ood_combo,DS03,15,26,LPC_flow_mod,9,0,0,-0,0,0,0,0,2,1,0.181445833532243,0
ood_combo,DS03,15,27,HPT_eff_mod,1,0,-0.0401610804492649,-0.0326056658756504,1,0,2,0,2,1,0.205377419472252,0
ood_combo,DS03,15,27,fan_eff_mod,2,0,0,-0.000485912715929225,0,0,0,0,2,1,0.205377419472252,0
ood_combo,DS03,15,27,fan_flow_mod,3,0,0,-0,0,0,0,0,2,1,0.205377419472252,0
ood_combo,DS03,15,27,HPC_eff_mod,4,0,0,-0.00633229467976845,0,0,0,0,2,1,0.205377419472252,0
ood_combo,DS03,15,27,HPC_flow_mod,5,0,0,-0.000366803788963479,0,0,0,0,2,1,0.205377419472252,0
ood_combo,DS03,15,27,LPT_eff_mod,6,0,-0.0199784291428922,-0.0173280565640091,1,1,1,1,2,1,0.205377419472252,0
ood_combo,DS03,15,27,LPT_flow_mod,7,0,-0.0250477727884697,-0.0161643465921438,1,0,1,0,2,1,0.205377419472252,0
ood_combo,DS03,15,27,LPC_eff_mod,8,0,0,-0.00112891144456454,0,0,0,0,2,1,0.205377419472252,0
ood_combo,DS03,15,27,LPC_flow_mod,9,0,0,-0,0,0,0,0,2,1,0.205377419472252,0
ood_combo,DS03,15,28,HPT_eff_mod,1,0,-0.032434913056,-0.0326056658756504,1,0,2,0,2,1,0.14426892321648,0
ood_combo,DS03,15,28,fan_eff_mod,2,0,0,-0.000485912715929225,0,0,0,0,2,1,0.14426892321648,0
ood_combo,DS03,15,28,fan_flow_mod,3,0,0,-0,0,0,0,0,2,1,0.14426892321648,0
ood_combo,DS03,15,28,HPC_eff_mod,4,0,0,-0.00633229467976845,0,0,0,0,2,1,0.14426892321648,0
ood_combo,DS03,15,28,HPC_flow_mod,5,0,0,-0.000366803788963479,0,0,0,0,2,1,0.14426892321648,0
ood_combo,DS03,15,28,LPT_eff_mod,6,0,-0.0235760991339106,-0.0173280565640091,1,1,1,1,2,1,0.14426892321648,0
ood_combo,DS03,15,28,LPT_flow_mod,7,0,-0.0247807786454907,-0.0161643465921438,1,0,1,0,2,1,0.14426892321648,0
ood_combo,DS03,15,28,LPC_eff_mod,8,0,0,-0.00112891144456454,0,0,0,0,2,1,0.14426892321648,0
ood_combo,DS03,15,28,LPC_flow_mod,9,0,0,-0,0,0,0,0,2,1,0.14426892321648,0
ood_combo,DS03,15,29,HPT_eff_mod,1,0,-0.0437525085458789,-0.0326056658756504,1,1,2,2,2,2,0.285499713148222,0
ood_combo,DS03,15,29,fan_eff_mod,2,0,0,-0.000485912715929225,0,0,0,0,2,2,0.285499713148222,0
ood_combo,DS03,15,29,fan_flow_mod,3,0,0,-0,0,0,0,0,2,2,0.285499713148222,0
ood_combo,DS03,15,29,HPC_eff_mod,4,0,0,-0.00633229467976845,0,0,0,0,2,2,0.285499713148222,0
ood_combo,DS03,15,29,HPC_flow_mod,5,0,0,-0.000366803788963479,0,0,0,0,2,2,0.285499713148222,0
ood_combo,DS03,15,29,LPT_eff_mod,6,0,-0.0245468575052015,-0.0262879587653433,1,1,1,1,2,2,0.285499713148222,0
ood_combo,DS03,15,29,LPT_flow_mod,7,0,-0.0314196093070882,-0.0161643465921438,1,0,2,0,2,2,0.285499713148222,0
ood_combo,DS03,15,29,LPC_eff_mod,8,0,0,-0.00112891144456454,0,0,0,0,2,2,0.285499713148222,0
ood_combo,DS03,15,29,LPC_flow_mod,9,0,0,-0,0,0,0,0,2,2,0.285499713148222,0
ood_combo,DS03,15,30,HPT_eff_mod,1,0,-0.0373884040213905,-0.0326056658756504,1,1,2,2,2,2,0.226988885493617,0
ood_combo,DS03,15,30,fan_eff_mod,2,0,0,-0.000485912715929225,0,0,0,0,2,2,0.226988885493617,0
ood_combo,DS03,15,30,fan_flow_mod,3,0,0,-0,0,0,0,0,2,2,0.226988885493617,0
ood_combo,DS03,15,30,HPC_eff_mod,4,0,0,-0.00633229467976845,0,0,0,0,2,2,0.226988885493617,0
ood_combo,DS03,15,30,HPC_flow_mod,5,0,0,-0.000366803788963479,0,0,0,0,2,2,0.226988885493617,0
ood_combo,DS03,15,30,LPT_eff_mod,6,0,-0.0234294398821725,-0.0262879587653433,1,1,1,1,2,2,0.226988885493617,0
ood_combo,DS03,15,30,LPT_flow_mod,7,0,-0.00969716335575819,-0.0161643465921438,1,0,2,0,2,2,0.226988885493617,0
ood_combo,DS03,15,30,LPC_eff_mod,8,0,0,-0.00112891144456454,0,0,0,0,2,2,0.226988885493617,0
ood_combo,DS03,15,30,LPC_flow_mod,9,0,0,-0,0,0,0,0,2,2,0.226988885493617,0
ood_combo,DS03,15,31,HPT_eff_mod,1,0,-0.0535714871219647,-0.0326056658756504,1,1,2,2,2,2,0.17844825612703,0
ood_combo,DS03,15,31,fan_eff_mod,2,0,0,-0.000485912715929225,0,0,0,0,2,2,0.17844825612703,0
ood_combo,DS03,15,31,fan_flow_mod,3,0,0,-0,0,0,0,0,2,2,0.17844825612703,0
ood_combo,DS03,15,31,HPC_eff_mod,4,0,0,-0.00633229467976845,0,0,0,0,2,2,0.17844825612703,0
ood_combo,DS03,15,31,HPC_flow_mod,5,0,0,-0.000366803788963479,0,0,0,0,2,2,0.17844825612703,0
ood_combo,DS03,15,31,LPT_eff_mod,6,0,-0.0211681116412923,-0.0262879587653433,1,1,1,1,2,2,0.17844825612703,0
ood_combo,DS03,15,31,LPT_flow_mod,7,0,-0.019402914330921,-0.0287360745733622,1,0,2,0,2,2,0.17844825612703,0
ood_combo,DS03,15,31,LPC_eff_mod,8,0,0,-0.00112891144456454,0,0,0,0,2,2,0.17844825612703,0
ood_combo,DS03,15,31,LPC_flow_mod,9,0,0,-0,0,0,0,0,2,2,0.17844825612703,0
ood_combo,DS03,15,32,HPT_eff_mod,1,0,-0.0494279804069503,-0.0375040274054415,1,1,2,2,2,2,0.094780372802687,0
ood_combo,DS03,15,32,fan_eff_mod,2,0,0,-0.000485912715929225,0,0,0,0,2,2,0.094780372802687,0
ood_combo,DS03,15,32,fan_flow_mod,3,0,0,-0,0,0,0,0,2,2,0.094780372802687,0
ood_combo,DS03,15,32,HPC_eff_mod,4,0,0,-0.00773509906448808,0,0,0,0,2,2,0.094780372802687,0
ood_combo,DS03,15,32,HPC_flow_mod,5,0,0,-0.000366803788963479,0,0,0,0,2,2,0.094780372802687,0
ood_combo,DS03,15,32,LPT_eff_mod,6,0,-0.0283710991031608,-0.0262879587653433,1,1,1,1,2,2,0.094780372802687,0
ood_combo,DS03,15,32,LPT_flow_mod,7,0,-0.0311794311926553,-0.0309270813436988,1,0,2,0,2,2,0.094780372802687,0
ood_combo,DS03,15,32,LPC_eff_mod,8,0,0,-0.00112891144456454,0,0,0,0,2,2,0.094780372802687,0
ood_combo,DS03,15,32,LPC_flow_mod,9,0,0,-0,0,0,0,0,2,2,0.094780372802687,0
ood_combo,DS03,15,33,HPT_eff_mod,1,0,-0.0475438326840142,-0.0375040274054415,1,1,2,2,2,2,0.0970515582966504,0
ood_combo,DS03,15,33,fan_eff_mod,2,0,0,-0.000485912715929225,0,0,0,0,2,2,0.0970515582966504,0
ood_combo,DS03,15,33,fan_flow_mod,3,0,0,-0,0,0,0,0,2,2,0.0970515582966504,0
ood_combo,DS03,15,33,HPC_eff_mod,4,0,0,-0.00773509906448808,0,0,0,0,2,2,0.0970515582966504,0
ood_combo,DS03,15,33,HPC_flow_mod,5,0,0,-0.000366803788963479,0,0,0,0,2,2,0.0970515582966504,0
ood_combo,DS03,15,33,LPT_eff_mod,6,0,-0.0204552960833641,-0.0262879587653433,1,1,1,1,2,2,0.0970515582966504,0
ood_combo,DS03,15,33,LPT_flow_mod,7,0,-0.0273301784159773,-0.0309270813436988,1,0,2,0,2,2,0.0970515582966504,0
ood_combo,DS03,15,33,LPC_eff_mod,8,0,0,-0.00112891144456454,0,0,0,0,2,2,0.0970515582966504,0
ood_combo,DS03,15,33,LPC_flow_mod,9,0,0,-0,0,0,0,0,2,2,0.0970515582966504,0
ood_combo,DS03,15,34,HPT_eff_mod,1,0,-0.0545083728858864,-0.0375040274054415,1,1,2,2,2,2,0.0849948996019397,0
ood_combo,DS03,15,34,fan_eff_mod,2,0,0,-0.000485912715929225,0,0,0,0,2,2,0.0849948996019397,0
ood_combo,DS03,15,34,fan_flow_mod,3,0,0,-0,0,0,0,0,2,2,0.0849948996019397,0
ood_combo,DS03,15,34,HPC_eff_mod,4,0,0,-0.0109293128559396,0,0,0,0,2,2,0.0849948996019397,0
ood_combo,DS03,15,34,HPC_flow_mod,5,0,0,-0.000366803788963479,0,0,0,0,2,2,0.0849948996019397,0
ood_combo,DS03,15,34,LPT_eff_mod,6,0,-0.0305663040094367,-0.0262879587653433,1,1,2,1,2,2,0.0849948996019397,0
ood_combo,DS03,15,34,LPT_flow_mod,7,0,-0.028232897805014,-0.0320436241807278,1,0,2,0,2,2,0.0849948996019397,0
ood_combo,DS03,15,34,LPC_eff_mod,8,0,0,-0.00112891144456454,0,0,0,0,2,2,0.0849948996019397,0
ood_combo,DS03,15,34,LPC_flow_mod,9,0,0,-0,0,0,0,0,2,2,0.0849948996019397,0
ood_combo,DS03,15,35,HPT_eff_mod,1,0,-0.0484388219708034,-0.0375040274054415,1,1,2,2,2,2,0.126989400278523,0
ood_combo,DS03,15,35,fan_eff_mod,2,0,0,-0.000485912715929225,0,0,0,0,2,2,0.126989400278523,0
ood_combo,DS03,15,35,fan_flow_mod,3,0,0,-0,0,0,0,0,2,2,0.126989400278523,0
ood_combo,DS03,15,35,HPC_eff_mod,4,0,0,-0.0109293128559396,0,0,0,0,2,2,0.126989400278523,0
ood_combo,DS03,15,35,HPC_flow_mod,5,0,0,-0.000366803788963479,0,0,0,0,2,2,0.126989400278523,0
ood_combo,DS03,15,35,LPT_eff_mod,6,0,-0.0290706829641601,-0.0262879587653433,1,1,2,1,2,2,0.126989400278523,0
ood_combo,DS03,15,35,LPT_flow_mod,7,0,-0.0289101628432439,-0.0320436241807278,1,1,2,2,2,2,0.126989400278523,0
ood_combo,DS03,15,35,LPC_eff_mod,8,0,0,-0.00112891144456454,0,0,0,0,2,2,0.126989400278523,0
ood_combo,DS03,15,35,LPC_flow_mod,9,0,0,-0,0,0,0,0,2,2,0.126989400278523,0
ood_combo,DS03,15,36,HPT_eff_mod,1,0,-0.0535787048318871,-0.0375040274054415,1,1,2,2,2,2,0.216720512350605,0
ood_combo,DS03,15,36,fan_eff_mod,2,0,0,-0.000485912715929225,0,0,0,0,2,2,0.216720512350605,0
ood_combo,DS03,15,36,fan_flow_mod,3,0,0,-0,0,0,0,0,2,2,0.216720512350605,0
ood_combo,DS03,15,36,HPC_eff_mod,4,0,0,-0.0109293128559396,0,0,0,0,2,2,0.216720512350605,0
ood_combo,DS03,15,36,HPC_flow_mod,5,0,0,-0.000366803788963479,0,0,0,0,2,2,0.216720512350605,0
ood_combo,DS03,15,36,LPT_eff_mod,6,0,-0.0299290950003609,-0.0262879587653433,1,1,2,1,2,2,0.216720512350605,0
ood_combo,DS03,15,36,LPT_flow_mod,7,0,-0.0385262932628464,-0.0320436241807278,1,1,2,2,2,2,0.216720512350605,0
ood_combo,DS03,15,36,LPC_eff_mod,8,0,0,-0.00112891144456454,0,0,0,0,2,2,0.216720512350605,0
ood_combo,DS03,15,36,LPC_flow_mod,9,0,0,-0,0,0,0,0,2,2,0.216720512350605,0
ood_combo,DS03,15,37,HPT_eff_mod,1,0,-0.0576456024647974,-0.0482720913484482,1,1,2,2,2,2,0.144062764828357,0
ood_combo,DS03,15,37,fan_eff_mod,2,0,0,-0.000485912715929225,0,0,0,0,2,2,0.144062764828357,0
ood_combo,DS03,15,37,fan_flow_mod,3,0,0,-0,0,0,0,0,2,2,0.144062764828357,0
ood_combo,DS03,15,37,HPC_eff_mod,4,0,0,-0.0109293128559396,0,0,0,0,2,2,0.144062764828357,0
ood_combo,DS03,15,37,HPC_flow_mod,5,0,0,-0.000366803788963479,0,0,0,0,2,2,0.144062764828357,0
ood_combo,DS03,15,37,LPT_eff_mod,6,0,-0.0344028514528806,-0.0305563708480132,1,1,2,2,2,2,0.144062764828357,0
ood_combo,DS03,15,37,LPT_flow_mod,7,0,-0.0380674017021144,-0.0320436241807278,1,1,2,2,2,2,0.144062764828357,0
ood_combo,DS03,15,37,LPC_eff_mod,8,0,0,-0.00112891144456454,0,0,0,0,2,2,0.144062764828357,0
ood_combo,DS03,15,37,LPC_flow_mod,9,0,0,-0,0,0,0,0,2,2,0.144062764828357,0
ood_combo,DS03,15,38,HPT_eff_mod,1,0,-0.0680036648625015,-0.0574795070189926,1,1,2,2,2,2,0.220235940507404,0
ood_combo,DS03,15,38,fan_eff_mod,2,0,0,-0.000485912715929225,0,0,0,0,2,2,0.220235940507404,0
ood_combo,DS03,15,38,fan_flow_mod,3,0,0,-0,0,0,0,0,2,2,0.220235940507404,0
ood_combo,DS03,15,38,HPC_eff_mod,4,0,0,-0.0109293128559396,0,0,0,0,2,2,0.220235940507404,0
ood_combo,DS03,15,38,HPC_flow_mod,5,0,0,-0.000366803788963479,0,0,0,0,2,2,0.220235940507404,0
ood_combo,DS03,15,38,LPT_eff_mod,6,0,-0.0360031238255949,-0.0369394110557474,1,1,2,2,2,2,0.220235940507404,0
ood_combo,DS03,15,38,LPT_flow_mod,7,0,-0.0402646350451759,-0.0320436241807278,1,1,2,2,2,2,0.220235940507404,0
ood_combo,DS03,15,38,LPC_eff_mod,8,0,0,-0.00112891144456454,0,0,0,0,2,2,0.220235940507404,0
ood_combo,DS03,15,38,LPC_flow_mod,9,0,0,-0,0,0,0,0,2,2,0.220235940507404,0
ood_combo,DS03,15,39,HPT_eff_mod,1,0,-0.0667182410706336,-0.0589661498240426,1,1,2,2,2,2,0.112404708832114,0
ood_combo,DS03,15,39,fan_eff_mod,2,0,0,-0.000485912715929225,0,0,0,0,2,2,0.112404708832114,0
ood_combo,DS03,15,39,fan_flow_mod,3,0,0,-0,0,0,0,0,2,2,0.112404708832114,0
ood_combo,DS03,15,39,HPC_eff_mod,4,0,0,-0.0109293128559396,0,0,0,0,2,2,0.112404708832114,0
ood_combo,DS03,15,39,HPC_flow_mod,5,0,0,-0.000366803788963479,0,0,0,0,2,2,0.112404708832114,0
ood_combo,DS03,15,39,LPT_eff_mod,6,0,-0.0413770728947149,-0.0369394110557474,1,1,2,2,2,2,0.112404708832114,0
ood_combo,DS03,15,39,LPT_flow_mod,7,0,-0.0437036889172782,-0.0385648734815975,1,1,2,2,2,2,0.112404708832114,0
ood_combo,DS03,15,39,LPC_eff_mod,8,0,0,-0.00112891144456454,0,0,0,0,2,2,0.112404708832114,0
ood_combo,DS03,15,39,LPC_flow_mod,9,0,0,-0,0,0,0,0,2,2,0.112404708832114,0
ood_combo,DS03,15,40,HPT_eff_mod,1,0,-0.0856852229259095,-0.0589661498240426,1,1,2,2,2,2,0.156613882390278,0
ood_combo,DS03,15,40,fan_eff_mod,2,0,0,-0.000485912715929225,0,0,0,0,2,2,0.156613882390278,0
ood_combo,DS03,15,40,fan_flow_mod,3,0,0,-0,0,0,0,0,2,2,0.156613882390278,0
ood_combo,DS03,15,40,HPC_eff_mod,4,0,0,-0.0109293128559396,0,0,0,0,2,2,0.156613882390278,0
ood_combo,DS03,15,40,HPC_flow_mod,5,0,0,-0.000366803788963479,0,0,0,0,2,2,0.156613882390278,0
ood_combo,DS03,15,40,LPT_eff_mod,6,0,-0.0413011753013588,-0.0369394110557474,1,1,2,2,2,2,0.156613882390278,0
ood_combo,DS03,15,40,LPT_flow_mod,7,0,-0.0601988924725574,-0.0652825595187051,1,1,2,2,2,2,0.156613882390278,0
ood_combo,DS03,15,40,LPC_eff_mod,8,0,0,-0.00112891144456454,0,0,0,0,2,2,0.156613882390278,0
ood_combo,DS03,15,40,LPC_flow_mod,9,0,0,-0,0,0,0,0,2,2,0.156613882390278,0
ood_combo,DS03,15,41,HPT_eff_mod,1,0,-0.0744429160566599,-0.0589661498240426,1,1,2,2,2,2,0.266464372963616,0
ood_combo,DS03,15,41,fan_eff_mod,2,0,0,-0.000485912715929225,0,0,0,0,2,2,0.266464372963616,0
ood_combo,DS03,15,41,fan_flow_mod,3,0,0,-0,0,0,0,0,2,2,0.266464372963616,0
ood_combo,DS03,15,41,HPC_eff_mod,4,0,0,-0.0109293128559396,0,0,0,0,2,2,0.266464372963616,0
ood_combo,DS03,15,41,HPC_flow_mod,5,0,0,-0.000366803788963479,0,0,0,0,2,2,0.266464372963616,0
ood_combo,DS03,15,41,LPT_eff_mod,6,0,-0.0471824244871521,-0.0369394110557474,1,1,2,2,2,2,0.266464372963616,0
ood_combo,DS03,15,41,LPT_flow_mod,7,0,-0.0548217164006488,-0.0652825595187051,1,1,2,2,2,2,0.266464372963616,0
ood_combo,DS03,15,41,LPC_eff_mod,8,0,0,-0.00112891144456454,0,0,0,0,2,2,0.266464372963616,0
ood_combo,DS03,15,41,LPC_flow_mod,9,0,0,-0,0,0,0,0,2,2,0.266464372963616,0
ood_combo,DS03,15,42,HPT_eff_mod,1,0,-0.0834207100642076,-0.0589661498240426,1,1,2,2,2,2,0.0914297896983012,0
ood_combo,DS03,15,42,fan_eff_mod,2,0,0,-0.000485912715929225,0,0,0,0,2,2,0.0914297896983012,0
ood_combo,DS03,15,42,fan_flow_mod,3,0,0,-0,0,0,0,0,2,2,0.0914297896983012,0
ood_combo,DS03,15,42,HPC_eff_mod,4,0,0,-0.0109293128559396,0,0,0,0,2,2,0.0914297896983012,0
ood_combo,DS03,15,42,HPC_flow_mod,5,0,0,-0.000366803788963479,0,0,0,0,2,2,0.0914297896983012,0
ood_combo,DS03,15,42,LPT_eff_mod,6,0,-0.0462173889206792,-0.039496215742758,1,1,2,2,2,2,0.0914297896983012,0
ood_combo,DS03,15,42,LPT_flow_mod,7,0,-0.0572674782502926,-0.0652825595187051,1,1,2,2,2,2,0.0914297896983012,0
ood_combo,DS03,15,42,LPC_eff_mod,8,0,0,-0.00112891144456454,0,0,0,0,2,2,0.0914297896983012,0
ood_combo,DS03,15,42,LPC_flow_mod,9,0,0,-0,0,0,0,0,2,2,0.0914297896983012,0
ood_combo,DS03,15,43,HPT_eff_mod,1,0,-0.102396294696953,-0.0997496097703608,1,1,2,2,2,2,0.194244519577164,0
ood_combo,DS03,15,43,fan_eff_mod,2,0,0,-0.000485912715929225,0,0,0,0,2,2,0.194244519577164,0
ood_combo,DS03,15,43,fan_flow_mod,3,0,0,-0,0,0,0,0,2,2,0.194244519577164,0
ood_combo,DS03,15,43,HPC_eff_mod,4,0,0,-0.0109293128559396,0,0,0,0,2,2,0.194244519577164,0
ood_combo,DS03,15,43,HPC_flow_mod,5,0,0,-0.000366803788963479,0,0,0,0,2,2,0.194244519577164,0
ood_combo,DS03,15,43,LPT_eff_mod,6,0,-0.0565939970894632,-0.0516193111216314,1,1,2,2,2,2,0.194244519577164,0
ood_combo,DS03,15,43,LPT_flow_mod,7,0,-0.0731397017441519,-0.0652825595187051,1,1,2,2,2,2,0.194244519577164,0
ood_combo,DS03,15,43,LPC_eff_mod,8,0,0,-0.00112891144456454,0,0,0,0,2,2,0.194244519577164,0
ood_combo,DS03,15,43,LPC_flow_mod,9,0,0,-0,0,0,0,0,2,2,0.194244519577164,0
ood_combo,DS03,15,44,HPT_eff_mod,1,0,-0.108888560359148,-0.0997496097703608,1,1,2,2,2,2,0.15265378486717,0
ood_combo,DS03,15,44,fan_eff_mod,2,0,0,-0.000485912715929225,0,0,0,0,2,2,0.15265378486717,0
ood_combo,DS03,15,44,fan_flow_mod,3,0,0,-0,0,0,0,0,2,2,0.15265378486717,0
ood_combo,DS03,15,44,HPC_eff_mod,4,0,0,-0.0109293128559396,0,0,0,0,2,2,0.15265378486717,0
ood_combo,DS03,15,44,HPC_flow_mod,5,0,0,-0.000366803788963479,0,0,0,0,2,2,0.15265378486717,0
ood_combo,DS03,15,44,LPT_eff_mod,6,0,-0.0513733984695961,-0.0516193111216314,1,1,2,2,2,2,0.15265378486717,0
ood_combo,DS03,15,44,LPT_flow_mod,7,0,-0.0618756375252741,-0.0688942074023005,1,1,2,2,2,2,0.15265378486717,0
ood_combo,DS03,15,44,LPC_eff_mod,8,0,0,-0.00112891144456454,0,0,0,0,2,2,0.15265378486717,0
ood_combo,DS03,15,44,LPC_flow_mod,9,0,0,-0,0,0,0,0,2,2,0.15265378486717,0
ood_combo,DS03,15,45,HPT_eff_mod,1,0,-0.110273157537116,-0.0997496097703608,1,1,2,2,2,2,0.0961919360233083,0
ood_combo,DS03,15,45,fan_eff_mod,2,0,0,-0.000485912715929225,0,0,0,0,2,2,0.0961919360233083,0
ood_combo,DS03,15,45,fan_flow_mod,3,0,0,-0,0,0,0,0,2,2,0.0961919360233083,0
ood_combo,DS03,15,45,HPC_eff_mod,4,0,0,-0.0109293128559396,0,0,0,0,2,2,0.0961919360233083,0
ood_combo,DS03,15,45,HPC_flow_mod,5,0,0,-0.000366803788963479,0,0,0,0,2,2,0.0961919360233083,0
ood_combo,DS03,15,45,LPT_eff_mod,6,0,-0.0623843042796721,-0.0516193111216314,1,1,2,2,2,2,0.0961919360233083,0
ood_combo,DS03,15,45,LPT_flow_mod,7,0,-0.063098614729498,-0.0712853027251001,1,1,2,2,2,2,0.0961919360233083,0
ood_combo,DS03,15,45,LPC_eff_mod,8,0,0,-0.00112891144456454,0,0,0,0,2,2,0.0961919360233083,0
ood_combo,DS03,15,45,LPC_flow_mod,9,0,0,-0,0,0,0,0,2,2,0.0961919360233083,0
ood_combo,DS03,15,46,HPT_eff_mod,1,0,-0.122630790767993,-0.1126580219222,1,1,2,2,2,2,0.13199154229533,0
ood_combo,DS03,15,46,fan_eff_mod,2,0,0,-0.000485912715929225,0,0,0,0,2,2,0.13199154229533,0
ood_combo,DS03,15,46,fan_flow_mod,3,0,0,-0,0,0,0,0,2,2,0.13199154229533,0
ood_combo,DS03,15,46,HPC_eff_mod,4,0,0,-0.0126520126265131,0,0,0,0,2,2,0.13199154229533,0
ood_combo,DS03,15,46,HPC_flow_mod,5,0,0,-0.000366803788963479,0,0,0,0,2,2,0.13199154229533,0
ood_combo,DS03,15,46,LPT_eff_mod,6,0,-0.0682185200705289,-0.0588482843707526,1,1,2,2,2,2,0.13199154229533,0
ood_combo,DS03,15,46,LPT_flow_mod,7,0,-0.0801513313728096,-0.0712853027251001,1,1,2,2,2,2,0.13199154229533,0
ood_combo,DS03,15,46,LPC_eff_mod,8,0,0,-0.00112891144456454,0,0,0,0,2,2,0.13199154229533,0
ood_combo,DS03,15,46,LPC_flow_mod,9,0,0,-0,0,0,0,0,2,2,0.13199154229533,0
ood_combo,DS03,15,47,HPT_eff_mod,1,0,-0.121111395926823,-0.1126580219222,1,1,2,2,2,2,0.137067652915436,0
ood_combo,DS03,15,47,fan_eff_mod,2,0,0,-0.000485912715929225,0,0,0,0,2,2,0.137067652915436,0
ood_combo,DS03,15,47,fan_flow_mod,3,0,0,-0,0,0,0,0,2,2,0.137067652915436,0
ood_combo,DS03,15,47,HPC_eff_mod,4,0,0,-0.0126520126265131,0,0,0,0,2,2,0.137067652915436,0
ood_combo,DS03,15,47,HPC_flow_mod,5,0,0,-0.000366803788963479,0,0,0,0,2,2,0.137067652915436,0
ood_combo,DS03,15,47,LPT_eff_mod,6,0,-0.0687637902328273,-0.0588482843707526,1,1,2,2,2,2,0.137067652915436,0
ood_combo,DS03,15,47,LPT_flow_mod,7,0,-0.0888110403663896,-0.0740391707673207,1,1,2,2,2,2,0.137067652915436,0
ood_combo,DS03,15,47,LPC_eff_mod,8,0,0,-0.00112891144456454,0,0,0,0,2,2,0.137067652915436,0
ood_combo,DS03,15,47,LPC_flow_mod,9,0,0,-0,0,0,0,0,2,2,0.137067652915436,0
ood_combo,DS03,15,48,HPT_eff_mod,1,0,-0.132360524326733,-0.130473625915468,1,1,2,2,2,2,0.12074033763953,0
ood_combo,DS03,15,48,fan_eff_mod,2,0,0,-0.000485912715929225,0,0,0,0,2,2,0.12074033763953,0
ood_combo,DS03,15,48,fan_flow_mod,3,0,0,-0,0,0,0,0,2,2,0.12074033763953,0
ood_combo,DS03,15,48,HPC_eff_mod,4,0,0,-0.0126520126265131,0,0,0,0,2,2,0.12074033763953,0
ood_combo,DS03,15,48,HPC_flow_mod,5,0,0,-0.000366803788963479,0,0,0,0,2,2,0.12074033763953,0
ood_combo,DS03,15,48,LPT_eff_mod,6,0,-0.0799874021196301,-0.0698755066632794,1,1,2,2,2,2,0.12074033763953,0
ood_combo,DS03,15,48,LPT_flow_mod,7,0,-0.0906840359488699,-0.0740391707673207,1,1,2,2,2,2,0.12074033763953,0
ood_combo,DS03,15,48,LPC_eff_mod,8,0,0,-0.00112891144456454,0,0,0,0,2,2,0.12074033763953,0
ood_combo,DS03,15,48,LPC_flow_mod,9,0,0,-0,0,0,0,0,2,2,0.12074033763953,0
ood_combo,DS03,15,49,HPT_eff_mod,1,0,-0.143528260729186,-0.130473625915468,1,1,2,2,2,2,0.080443842516758,0
ood_combo,DS03,15,49,fan_eff_mod,2,0,0,-0.000485912715929225,0,0,0,0,2,2,0.080443842516758,0
ood_combo,DS03,15,49,fan_flow_mod,3,0,0,-0,0,0,0,0,2,2,0.080443842516758,0
ood_combo,DS03,15,49,HPC_eff_mod,4,0,0,-0.0126520126265131,0,0,0,0,2,2,0.080443842516758,0
ood_combo,DS03,15,49,HPC_flow_mod,5,0,0,-0.000366803788963479,0,0,0,0,2,2,0.080443842516758,0
ood_combo,DS03,15,49,LPT_eff_mod,6,0,-0.0791312507612044,-0.0698755066632794,1,1,2,2,2,2,0.080443842516758,0
ood_combo,DS03,15,49,LPT_flow_mod,7,0,-0.0882543758919539,-0.0887611172325525,1,1,2,2,2,2,0.080443842516758,0
ood_combo,DS03,15,49,LPC_eff_mod,8,0,0,-0.00112891144456454,0,0,0,0,2,2,0.080443842516758,0
ood_combo,DS03,15,49,LPC_flow_mod,9,0,0,-0,0,0,0,0,2,2,0.080443842516758,0
ood_combo,DS03,15,50,HPT_eff_mod,1,0,-0.159184121746407,-0.146000077918766,1,1,2,2,2,2,0.168288042399374,0
ood_combo,DS03,15,50,fan_eff_mod,2,0,0,-0.000485912715929225,0,0,0,0,2,2,0.168288042399374,0
ood_combo,DS03,15,50,fan_flow_mod,3,0,0,-0,0,0,0,0,2,2,0.168288042399374,0
ood_combo,DS03,15,50,HPC_eff_mod,4,0,0,-0.0126520126265131,0,1,0,1,2,2,0.168288042399374,0
ood_combo,DS03,15,50,HPC_flow_mod,5,0,0,-0.000366803788963479,0,0,0,0,2,2,0.168288042399374,0
ood_combo,DS03,15,50,LPT_eff_mod,6,0,-0.0886011736386863,-0.0698755066632794,1,1,2,2,2,2,0.168288042399374,0
ood_combo,DS03,15,50,LPT_flow_mod,7,0,-0.114240516991087,-0.109761048494351,1,1,2,2,2,2,0.168288042399374,0
ood_combo,DS03,15,50,LPC_eff_mod,8,0,0,-0.00112891144456454,0,0,0,0,2,2,0.168288042399374,0
ood_combo,DS03,15,50,LPC_flow_mod,9,0,0,-0,0,0,0,0,2,2,0.168288042399374,0
ood_combo,DS03,15,51,HPT_eff_mod,1,0,-0.180153230358218,-0.163558900260762,1,1,2,2,2,2,0.0793145626288311,0
ood_combo,DS03,15,51,fan_eff_mod,2,0,0,-0.000485912715929225,0,0,0,0,2,2,0.0793145626288311,0
ood_combo,DS03,15,51,fan_flow_mod,3,0,0,-0,0,0,0,0,2,2,0.0793145626288311,0
ood_combo,DS03,15,51,HPC_eff_mod,4,0,0,-0.0126520126265131,0,1,0,1,2,2,0.0793145626288311,0
ood_combo,DS03,15,51,HPC_flow_mod,5,0,0,-0.000366803788963479,0,0,0,0,2,2,0.0793145626288311,0
ood_combo,DS03,15,51,LPT_eff_mod,6,0,-0.0924179962896956,-0.0777348829732246,1,1,2,2,2,2,0.0793145626288311,0
ood_combo,DS03,15,51,LPT_flow_mod,7,0,-0.124154672896512,-0.109761048494351,1,1,2,2,2,2,0.0793145626288311,0
ood_combo,DS03,15,51,LPC_eff_mod,8,0,0,-0.00112891144456454,0,0,0,0,2,2,0.0793145626288311,0
ood_combo,DS03,15,51,LPC_flow_mod,9,0,0,-0,0,0,0,0,2,2,0.0793145626288311,0
ood_combo,DS03,15,52,HPT_eff_mod,1,0,-0.186637027442039,-0.163558900260762,1,1,2,2,2,2,0.142830317236183,0
ood_combo,DS03,15,52,fan_eff_mod,2,0,0,-0.000485912715929225,0,0,0,0,2,2,0.142830317236183,0
ood_combo,DS03,15,52,fan_flow_mod,3,0,0,-0,0,0,0,0,2,2,0.142830317236183,0
ood_combo,DS03,15,52,HPC_eff_mod,4,0,0,-0.0126520126265131,0,1,0,1,2,2,0.142830317236183,0
ood_combo,DS03,15,52,HPC_flow_mod,5,0,0,-0.000366803788963479,0,0,0,0,2,2,0.142830317236183,0
ood_combo,DS03,15,52,LPT_eff_mod,6,0,-0.101783667602723,-0.0903797177532649,1,1,2,2,2,2,0.142830317236183,0
ood_combo,DS03,15,52,LPT_flow_mod,7,0,-0.116941321434133,-0.109761048494351,1,1,2,2,2,2,0.142830317236183,0
ood_combo,DS03,15,52,LPC_eff_mod,8,0,0,-0.00112891144456454,0,0,0,0,2,2,0.142830317236183,0
ood_combo,DS03,15,52,LPC_flow_mod,9,0,0,-0,0,0,0,0,2,2,0.142830317236183,0
ood_combo,DS03,15,53,HPT_eff_mod,1,0,-0.201391718803892,-0.186454815274578,1,1,2,2,2,2,0.11221030886302,0
ood_combo,DS03,15,53,fan_eff_mod,2,0,0,-0.000485912715929225,0,0,0,0,2,2,0.11221030886302,0
ood_combo,DS03,15,53,fan_flow_mod,3,0,0,-0,0,0,0,0,2,2,0.11221030886302,0
ood_combo,DS03,15,53,HPC_eff_mod,4,0,0,-0.0126520126265131,0,1,0,1,2,2,0.11221030886302,0
ood_combo,DS03,15,53,HPC_flow_mod,5,0,0,-0.000366803788963479,0,0,0,0,2,2,0.11221030886302,0
ood_combo,DS03,15,53,LPT_eff_mod,6,0,-0.111863206873954,-0.0950665436256523,1,1,2,2,2,2,0.11221030886302,0
ood_combo,DS03,15,53,LPT_flow_mod,7,0,-0.129377336018228,-0.122348015273749,1,1,2,2,2,2,0.11221030886302,0
ood_combo,DS03,15,53,LPC_eff_mod,8,0,0,-0.00112891144456454,0,0,0,0,2,2,0.11221030886302,0
ood_combo,DS03,15,53,LPC_flow_mod,9,0,0,-0,0,0,0,0,2,2,0.11221030886302,0
ood_combo,DS03,15,54,HPT_eff_mod,1,0,-0.220670241026306,-0.202028854194052,1,1,3,2,3,2,0.20502237762407,0
ood_combo,DS03,15,54,fan_eff_mod,2,0,0,-0.000485912715929225,0,0,0,0,3,2,0.20502237762407,0
ood_combo,DS03,15,54,fan_flow_mod,3,0,0,-0,0,0,0,0,3,2,0.20502237762407,0
ood_combo,DS03,15,54,HPC_eff_mod,4,0,0,-0.0126520126265131,0,1,0,1,3,2,0.20502237762407,0
ood_combo,DS03,15,54,HPC_flow_mod,5,0,0,-0.000366803788963479,0,0,0,0,3,2,0.20502237762407,0
ood_combo,DS03,15,54,LPT_eff_mod,6,0,-0.117724203753064,-0.10651862946801,1,1,2,2,3,2,0.20502237762407,0
ood_combo,DS03,15,54,LPT_flow_mod,7,0,-0.139452239913643,-0.129049916090772,1,1,2,2,3,2,0.20502237762407,0
ood_combo,DS03,15,54,LPC_eff_mod,8,0,0,-0.00112891144456454,0,0,0,0,3,2,0.20502237762407,0
ood_combo,DS03,15,54,LPC_flow_mod,9,0,0,-0,0,0,0,0,3,2,0.20502237762407,0
ood_combo,DS03,15,55,HPT_eff_mod,1,0,-0.225249368899309,-0.20655249286818,1,1,3,3,3,3,0.169493762963241,0
ood_combo,DS03,15,55,fan_eff_mod,2,0,0,-0.000699512508698788,0,0,0,0,3,3,0.169493762963241,0
ood_combo,DS03,15,55,fan_flow_mod,3,0,0,-0,0,0,0,0,3,3,0.169493762963241,0
ood_combo,DS03,15,55,HPC_eff_mod,4,0,0,-0.0126520126265131,0,1,0,1,3,3,0.169493762963241,0
ood_combo,DS03,15,55,HPC_flow_mod,5,0,0,-0.000366803788963479,0,0,0,0,3,3,0.169493762963241,0
ood_combo,DS03,15,55,LPT_eff_mod,6,0,-0.131096628288764,-0.10651862946801,1,1,2,2,3,3,0.169493762963241,0
ood_combo,DS03,15,55,LPT_flow_mod,7,0,-0.143534294690569,-0.138846134769143,1,1,2,2,3,3,0.169493762963241,0
ood_combo,DS03,15,55,LPC_eff_mod,8,0,0,-0.00112891144456454,0,0,0,0,3,3,0.169493762963241,0
ood_combo,DS03,15,55,LPC_flow_mod,9,0,0,-0,0,0,0,0,3,3,0.169493762963241,0
ood_combo,DS03,15,56,HPT_eff_mod,1,0,-0.249463337323734,-0.235363850758481,1,1,3,3,3,3,0.269613283100865,0
ood_combo,DS03,15,56,fan_eff_mod,2,0,0,-0.000699512508698788,0,0,0,0,3,3,0.269613283100865,0
ood_combo,DS03,15,56,fan_flow_mod,3,0,0,-0,0,0,0,0,3,3,0.269613283100865,0
ood_combo,DS03,15,56,HPC_eff_mod,4,0,0,-0.0240449291807616,0,1,0,1,3,3,0.269613283100865,0
ood_combo,DS03,15,56,HPC_flow_mod,5,0,0,-0.000366803788963479,0,0,0,0,3,3,0.269613283100865,0
ood_combo,DS03,15,56,LPT_eff_mod,6,0,-0.133276655841725,-0.120360327894327,1,1,2,2,3,3,0.269613283100865,0
ood_combo,DS03,15,56,LPT_flow_mod,7,0,-0.168821324966323,-0.146213190414797,1,1,2,2,3,3,0.269613283100865,0
ood_combo,DS03,15,56,LPC_eff_mod,8,0,0,-0.00112891144456454,0,0,0,0,3,3,0.269613283100865,0
ood_combo,DS03,15,56,LPC_flow_mod,9,0,0,-0,0,0,0,0,3,3,0.269613283100865,0
ood_combo,DS03,15,57,HPT_eff_mod,1,0,-0.260069805313046,-0.235363850758481,1,1,3,3,3,3,0.291054710308025,0
ood_combo,DS03,15,57,fan_eff_mod,2,0,0,-0.000699512508698788,0,0,0,0,3,3,0.291054710308025,0
ood_combo,DS03,15,57,fan_flow_mod,3,0,0,-0,0,0,0,0,3,3,0.291054710308025,0
ood_combo,DS03,15,57,HPC_eff_mod,4,0,0,-0.0240449291807616,0,1,0,1,3,3,0.291054710308025,0
ood_combo,DS03,15,57,HPC_flow_mod,5,0,0,-0.000366803788963479,0,0,0,0,3,3,0.291054710308025,0
ood_combo,DS03,15,57,LPT_eff_mod,6,0,-0.148780003910977,-0.140847942779434,1,1,2,2,3,3,0.291054710308025,0
ood_combo,DS03,15,57,LPT_flow_mod,7,0,-0.160540019360919,-0.146213190414797,1,1,2,2,3,3,0.291054710308025,0
ood_combo,DS03,15,57,LPC_eff_mod,8,0,0,-0.00112891144456454,0,0,0,0,3,3,0.291054710308025,0
ood_combo,DS03,15,57,LPC_flow_mod,9,0,0,-0,0,0,0,0,3,3,0.291054710308025,0
ood_combo,DS03,15,58,HPT_eff_mod,1,0,-0.279122833545675,-0.235363850758481,1,1,3,3,3,3,0.13386155318302,0
ood_combo,DS03,15,58,fan_eff_mod,2,0,0,-0.000699512508698788,0,0,0,0,3,3,0.13386155318302,0
ood_combo,DS03,15,58,fan_flow_mod,3,0,0,-0,0,0,0,0,3,3,0.13386155318302,0
ood_combo,DS03,15,58,HPC_eff_mod,4,0,0,-0.0240449291807616,0,1,0,1,3,3,0.13386155318302,0
ood_combo,DS03,15,58,HPC_flow_mod,5,0,0,-0.000366803788963479,0,0,0,0,3,3,0.13386155318302,0
ood_combo,DS03,15,58,LPT_eff_mod,6,0,-0.162171574881277,-0.140847942779434,1,1,2,2,3,3,0.13386155318302,0
ood_combo,DS03,15,58,LPT_flow_mod,7,0,-0.176127589522394,-0.16894360391772,1,1,2,2,3,3,0.13386155318302,0
ood_combo,DS03,15,58,LPC_eff_mod,8,0,0,-0.00112891144456454,0,0,0,0,3,3,0.13386155318302,0
ood_combo,DS03,15,58,LPC_flow_mod,9,0,0,-0,0,0,0,0,3,3,0.13386155318302,0
ood_combo,DS03,15,59,HPT_eff_mod,1,0,-0.306671711239249,-0.291620607509391,1,1,3,3,3,3,0.156121459481067,0
ood_combo,DS03,15,59,fan_eff_mod,2,0,0,-0.000699512508698788,0,0,0,0,3,3,0.156121459481067,0
ood_combo,DS03,15,59,fan_flow_mod,3,0,0,-0,0,0,0,0,3,3,0.156121459481067,0
ood_combo,DS03,15,59,HPC_eff_mod,4,0,0,-0.0240449291807616,0,1,0,1,3,3,0.156121459481067,0
ood_combo,DS03,15,59,HPC_flow_mod,5,0,0,-0.000366803788963479,0,0,0,0,3,3,0.156121459481067,0
ood_combo,DS03,15,59,LPT_eff_mod,6,0,-0.17275529191654,-0.160558332620778,1,1,2,2,3,3,0.156121459481067,0
ood_combo,DS03,15,59,LPT_flow_mod,7,0,-0.194788616298012,-0.176190880982412,1,1,2,2,3,3,0.156121459481067,0
ood_combo,DS03,15,59,LPC_eff_mod,8,0,0,-0.00112891144456454,0,0,0,0,3,3,0.156121459481067,0
ood_combo,DS03,15,59,LPC_flow_mod,9,0,0,-0,0,0,0,0,3,3,0.156121459481067,0
ood_combo,DS03,15,60,HPT_eff_mod,1,0,-0.330189758948735,-0.299478119280977,1,1,3,3,3,3,0.139003711463098,0
ood_combo,DS03,15,60,fan_eff_mod,2,0,0,-0.000699512508698788,0,0,0,0,3,3,0.139003711463098,0
ood_combo,DS03,15,60,fan_flow_mod,3,0,0,-0,0,0,0,0,3,3,0.139003711463098,0
ood_combo,DS03,15,60,HPC_eff_mod,4,0,0,-0.0240449291807616,0,1,0,1,3,3,0.139003711463098,0
ood_combo,DS03,15,60,HPC_flow_mod,5,0,0,-0.000366803788963479,0,0,0,0,3,3,0.139003711463098,0
ood_combo,DS03,15,60,LPT_eff_mod,6,0,-0.179930529081992,-0.160558332620778,1,1,2,2,3,3,0.139003711463098,0
ood_combo,DS03,15,60,LPT_flow_mod,7,0,-0.202378818738924,-0.202288083427324,1,1,2,2,3,3,0.139003711463098,0
ood_combo,DS03,15,60,LPC_eff_mod,8,0,0,-0.00112891144456454,0,0,0,0,3,3,0.139003711463098,0
ood_combo,DS03,15,60,LPC_flow_mod,9,0,0,-0,0,0,0,0,3,3,0.139003711463098,0
ood_combo,DS03,15,61,HPT_eff_mod,1,0,-0.363478228129932,-0.341156849018951,1,1,3,3,3,3,0.250879937949318,0
ood_combo,DS03,15,61,fan_eff_mod,2,0,0,-0.000699512508698788,0,0,0,0,3,3,0.250879937949318,0
ood_combo,DS03,15,61,fan_flow_mod,3,0,0,-0,0,0,0,0,3,3,0.250879937949318,0
ood_combo,DS03,15,61,HPC_eff_mod,4,0,0,-0.0246051436459704,0,1,0,1,3,3,0.250879937949318,0
ood_combo,DS03,15,61,HPC_flow_mod,5,0,0,-0.000366803788963479,0,0,0,0,3,3,0.250879937949318,0
ood_combo,DS03,15,61,LPT_eff_mod,6,0,-0.196797683834351,-0.192368678557393,1,1,2,2,3,3,0.250879937949318,0
ood_combo,DS03,15,61,LPT_flow_mod,7,0,-0.209436379022725,-0.214425882261519,1,1,3,3,3,3,0.250879937949318,0
ood_combo,DS03,15,61,LPC_eff_mod,8,0,0,-0.00112891144456454,0,0,0,0,3,3,0.250879937949318,0
ood_combo,DS03,15,61,LPC_flow_mod,9,0,0,-0,0,0,0,0,3,3,0.250879937949318,0
ood_combo,DS03,15,62,HPT_eff_mod,1,0,-0.37921539067527,-0.341233485248026,1,1,3,3,3,3,0.277748441786053,0
ood_combo,DS03,15,62,fan_eff_mod,2,0,0,-0.00152602293930003,0,0,0,0,3,3,0.277748441786053,0
ood_combo,DS03,15,62,fan_flow_mod,3,0,0,-0,0,0,0,0,3,3,0.277748441786053,0
ood_combo,DS03,15,62,HPC_eff_mod,4,0,0,-0.025719788198779,0,1,0,1,3,3,0.277748441786053,0
ood_combo,DS03,15,62,HPC_flow_mod,5,0,0,-0.000366803788963479,0,0,0,0,3,3,0.277748441786053,0
ood_combo,DS03,15,62,LPT_eff_mod,6,0,-0.207277283520703,-0.195183688034731,1,1,3,2,3,3,0.277748441786053,0
ood_combo,DS03,15,62,LPT_flow_mod,7,0,-0.212063170079108,-0.214425882261519,1,1,3,3,3,3,0.277748441786053,0
ood_combo,DS03,15,62,LPC_eff_mod,8,0,0,-0.00112891144456454,0,0,0,0,3,3,0.277748441786053,0
ood_combo,DS03,15,62,LPC_flow_mod,9,0,0,-0,0,0,0,0,3,3,0.277748441786053,0
ood_combo,DS03,15,63,HPT_eff_mod,1,0,-0.408637697385644,-0.350460868694257,1,1,3,3,3,3,0.206852356770987,0
ood_combo,DS03,15,63,fan_eff_mod,2,0,0,-0.00152602293930003,0,0,0,0,3,3,0.206852356770987,0
ood_combo,DS03,15,63,fan_flow_mod,3,0,0,-0,0,0,0,0,3,3,0.206852356770987,0
ood_combo,DS03,15,63,HPC_eff_mod,4,0,0,-0.025719788198779,0,1,0,1,3,3,0.206852356770987,0
ood_combo,DS03,15,63,HPC_flow_mod,5,0,0,-0.000366803788963479,0,0,0,0,3,3,0.206852356770987,0
ood_combo,DS03,15,63,LPT_eff_mod,6,0,-0.227736759174217,-0.195183688034731,1,1,3,2,3,3,0.206852356770987,0
ood_combo,DS03,15,63,LPT_flow_mod,7,0,-0.244654293234916,-0.239713227740502,1,1,3,3,3,3,0.206852356770987,0
ood_combo,DS03,15,63,LPC_eff_mod,8,0,0,-0.00112891144456454,0,0,0,0,3,3,0.206852356770987,0
ood_combo,DS03,15,63,LPC_flow_mod,9,0,0,-0.002676821092591,0,0,0,0,3,3,0.206852356770987,0
ood_combo,DS03,15,64,HPT_eff_mod,1,0,-0.442942462790818,-0.398658284472869,1,1,3,3,3,3,0.223251882473511,0
ood_combo,DS03,15,64,fan_eff_mod,2,0,0,-0.00152602293930003,0,0,0,0,3,3,0.223251882473511,0
ood_combo,DS03,15,64,fan_flow_mod,3,0,0,-0,0,0,0,0,3,3,0.223251882473511,0
ood_combo,DS03,15,64,HPC_eff_mod,4,0,0,-0.025719788198779,0,1,0,1,3,3,0.223251882473511,0
ood_combo,DS03,15,64,HPC_flow_mod,5,0,0,-0.000366803788963479,0,0,0,0,3,3,0.223251882473511,0
ood_combo,DS03,15,64,LPT_eff_mod,6,0,-0.246081894444997,-0.211416315077213,1,1,3,3,3,3,0.223251882473511,0
ood_combo,DS03,15,64,LPT_flow_mod,7,0,-0.253304064493808,-0.252377317496615,1,1,3,3,3,3,0.223251882473511,0
ood_combo,DS03,15,64,LPC_eff_mod,8,0,0,-0.00112891144456454,0,0,0,0,3,3,0.223251882473511,0
ood_combo,DS03,15,64,LPC_flow_mod,9,0,0,-0.00656369764283424,0,0,0,0,3,3,0.223251882473511,0
ood_combo,DS03,15,65,HPT_eff_mod,1,0,-0.466017258714758,-0.433729109564221,1,1,3,3,3,3,0.257398449498813,0
ood_combo,DS03,15,65,fan_eff_mod,2,0,0,-0.00170638280413405,0,0,0,0,3,3,0.257398449498813,0
ood_combo,DS03,15,65,fan_flow_mod,3,0,0,-0,0,0,0,0,3,3,0.257398449498813,0
ood_combo,DS03,15,65,HPC_eff_mod,4,0,0,-0.025719788198779,0,1,0,1,3,3,0.257398449498813,0
ood_combo,DS03,15,65,HPC_flow_mod,5,0,0,-0.000366803788963479,0,0,0,0,3,3,0.257398449498813,0
ood_combo,DS03,15,65,LPT_eff_mod,6,0,-0.258311467228099,-0.22849576709767,1,1,3,3,3,3,0.257398449498813,0
ood_combo,DS03,15,65,LPT_flow_mod,7,0,-0.273903847111142,-0.277857960053094,1,1,3,3,3,3,0.257398449498813,0
ood_combo,DS03,15,65,LPC_eff_mod,8,0,0,-0.00112891144456454,0,0,0,0,3,3,0.257398449498813,0
ood_combo,DS03,15,65,LPC_flow_mod,9,0,0,-0.00656369764283424,0,0,0,0,3,3,0.257398449498813,0
ood_combo,DS03,15,66,HPT_eff_mod,1,0,-0.513102154800182,-0.477759533704641,1,1,3,3,3,3,0.244204015986849,0
ood_combo,DS03,15,66,fan_eff_mod,2,0,0,-0.00170638280413405,0,0,0,0,3,3,0.244204015986849,0
ood_combo,DS03,15,66,fan_flow_mod,3,0,0,-0,0,0,0,0,3,3,0.244204015986849,0
ood_combo,DS03,15,66,HPC_eff_mod,4,0,0,-0.0376482406251866,0,1,0,2,3,3,0.244204015986849,0
ood_combo,DS03,15,66,HPC_flow_mod,5,0,0,-0.00586595978400281,0,0,0,0,3,3,0.244204015986849,0
ood_combo,DS03,15,66,LPT_eff_mod,6,0,-0.282284303116589,-0.274833359939988,1,1,3,3,3,3,0.244204015986849,0
ood_combo,DS03,15,66,LPT_flow_mod,7,0,-0.286299969686178,-0.305099147759086,1,1,3,3,3,3,0.244204015986849,0
ood_combo,DS03,15,66,LPC_eff_mod,8,0,0,-0.00268575101564186,0,0,0,0,3,3,0.244204015986849,0
ood_combo,DS03,15,66,LPC_flow_mod,9,0,0,-0.00656369764283424,0,0,0,0,3,3,0.244204015986849,0
ood_combo,DS03,15,67,HPT_eff_mod,1,0,-0.542179203589859,-0.491751584635635,1,1,3,3,3,3,0.294599449712476,0
ood_combo,DS03,15,67,fan_eff_mod,2,0,0,-0.00170638280413405,0,0,0,0,3,3,0.294599449712476,0
ood_combo,DS03,15,67,fan_flow_mod,3,0,0,-0,0,0,0,0,3,3,0.294599449712476,0
ood_combo,DS03,15,67,HPC_eff_mod,4,0,0,-0.045064727774608,0,1,0,2,3,3,0.294599449712476,0
ood_combo,DS03,15,67,HPC_flow_mod,5,0,0,-0.00586595978400281,0,0,0,0,3,3,0.294599449712476,0
ood_combo,DS03,15,67,LPT_eff_mod,6,0,-0.302228826915884,-0.295011616215749,1,1,3,3,3,3,0.294599449712476,0
ood_combo,DS03,15,67,LPT_flow_mod,7,0,-0.31294890812343,-0.31431736300006,1,1,3,3,3,3,0.294599449712476,0
ood_combo,DS03,15,67,LPC_eff_mod,8,0,0,-0.00574998639776267,0,0,0,0,3,3,0.294599449712476,0
ood_combo,DS03,15,67,LPC_flow_mod,9,0,0,-0.00656369764283424,0,0,0,0,3,3,0.294599449712476,0
